dataset,N,N_indexed,method,attack,frac,seed,recon_f1,recon_em,distinguish_auc
LegalBench-RAG,1200000,1200000,Tombstone,A1_reconstruction,0.1,0,0.370563,0.033929,
LegalBench-RAG,1200000,1200000,Tombstone,A2_distinguishing,0.1,0,,,0.793633
LegalBench-RAG,1200000,1200000,Tombstone,A1_reconstruction,0.1,1,0.36307,0.03949,
LegalBench-RAG,1200000,1200000,Tombstone,A2_distinguishing,0.1,1,,,0.782609
LegalBench-RAG,1200000,1200000,Tombstone,A1_reconstruction,0.1,2,0.363732,0.029958,
LegalBench-RAG,1200000,1200000,Tombstone,A2_distinguishing,0.1,2,,,0.781538
LegalBench-RAG,1200000,1200000,Tombstone,A1_reconstruction,0.1,3,0.38916,0.032698,
LegalBench-RAG,1200000,1200000,Tombstone,A2_distinguishing,0.1,3,,,0.789356
LegalBench-RAG,1200000,1200000,Tombstone,A1_reconstruction,0.1,4,0.36412,0.02446,
LegalBench-RAG,1200000,1200000,Tombstone,A2_distinguishing,0.1,4,,,0.781425
LegalBench-RAG,1200000,1200000,Tombstone,A1_reconstruction,0.1,5,0.345455,0.04498,
LegalBench-RAG,1200000,1200000,Tombstone,A2_distinguishing,0.1,5,,,0.782158
LegalBench-RAG,1200000,1200000,Tombstone,A1_reconstruction,0.1,6,0.328726,0.029609,
LegalBench-RAG,1200000,1200000,Tombstone,A2_distinguishing,0.1,6,,,0.767935
LegalBench-RAG,1200000,1200000,Tombstone,A1_reconstruction,0.1,7,0.404374,0.042119,
LegalBench-RAG,1200000,1200000,Tombstone,A2_distinguishing,0.1,7,,,0.810581
LegalBench-RAG,1200000,1200000,Tombstone,A1_reconstruction,0.1,8,0.324811,0.039079,
LegalBench-RAG,1200000,1200000,Tombstone,A2_distinguishing,0.1,8,,,0.765268
LegalBench-RAG,1200000,1200000,Tombstone,A1_reconstruction,0.1,9,0.356327,0.059381,
LegalBench-RAG,1200000,1200000,Tombstone,A2_distinguishing,0.1,9,,,0.786212
LegalBench-RAG,1200000,1200000,Tombstone,A1_reconstruction,0.2,0,0.368759,0.035957,
LegalBench-RAG,1200000,1200000,Tombstone,A2_distinguishing,0.2,0,,,0.815521
LegalBench-RAG,1200000,1200000,Tombstone,A1_reconstruction,0.2,1,0.422097,0.031667,
LegalBench-RAG,1200000,1200000,Tombstone,A2_distinguishing,0.2,1,,,0.853299
LegalBench-RAG,1200000,1200000,Tombstone,A1_reconstruction,0.2,2,0.367569,0.041723,
LegalBench-RAG,1200000,1200000,Tombstone,A2_distinguishing,0.2,2,,,0.808325
LegalBench-RAG,1200000,1200000,Tombstone,A1_reconstruction,0.2,3,0.331953,0.041004,
LegalBench-RAG,1200000,1200000,Tombstone,A2_distinguishing,0.2,3,,,0.802295
LegalBench-RAG,1200000,1200000,Tombstone,A1_reconstruction,0.2,4,0.341178,0.051274,
LegalBench-RAG,1200000,1200000,Tombstone,A2_distinguishing,0.2,4,,,0.799178
LegalBench-RAG,1200000,1200000,Tombstone,A1_reconstruction,0.2,5,0.367286,0.03711,
LegalBench-RAG,1200000,1200000,Tombstone,A2_distinguishing,0.2,5,,,0.820492
LegalBench-RAG,1200000,1200000,Tombstone,A1_reconstruction,0.2,6,0.337916,0.029529,
LegalBench-RAG,1200000,1200000,Tombstone,A2_distinguishing,0.2,6,,,0.797274
LegalBench-RAG,1200000,1200000,Tombstone,A1_reconstruction,0.2,7,0.389547,0.052895,
LegalBench-RAG,1200000,1200000,Tombstone,A2_distinguishing,0.2,7,,,0.827191
LegalBench-RAG,1200000,1200000,Tombstone,A1_reconstruction,0.2,8,0.348848,0.05683,
LegalBench-RAG,1200000,1200000,Tombstone,A2_distinguishing,0.2,8,,,0.80918
LegalBench-RAG,1200000,1200000,Tombstone,A1_reconstruction,0.2,9,0.430741,0.049243,
LegalBench-RAG,1200000,1200000,Tombstone,A2_distinguishing,0.2,9,,,0.853487
LegalBench-RAG,1200000,1200000,Tombstone,A1_reconstruction,0.3,0,0.364491,0.040249,
LegalBench-RAG,1200000,1200000,Tombstone,A2_distinguishing,0.3,0,,,0.841053
LegalBench-RAG,1200000,1200000,Tombstone,A1_reconstruction,0.3,1,0.410295,0.057911,
LegalBench-RAG,1200000,1200000,Tombstone,A2_distinguishing,0.3,1,,,0.868442
LegalBench-RAG,1200000,1200000,Tombstone,A1_reconstruction,0.3,2,0.357614,0.040557,
LegalBench-RAG,1200000,1200000,Tombstone,A2_distinguishing,0.3,2,,,0.840178
LegalBench-RAG,1200000,1200000,Tombstone,A1_reconstruction,0.3,3,0.41081,0.061626,
LegalBench-RAG,1200000,1200000,Tombstone,A2_distinguishing,0.3,3,,,0.878203
LegalBench-RAG,1200000,1200000,Tombstone,A1_reconstruction,0.3,4,0.396662,0.043088,
LegalBench-RAG,1200000,1200000,Tombstone,A2_distinguishing,0.3,4,,,0.872406
LegalBench-RAG,1200000,1200000,Tombstone,A1_reconstruction,0.3,5,0.390696,0.058922,
LegalBench-RAG,1200000,1200000,Tombstone,A2_distinguishing,0.3,5,,,0.859633
LegalBench-RAG,1200000,1200000,Tombstone,A1_reconstruction,0.3,6,0.377013,0.045378,
LegalBench-RAG,1200000,1200000,Tombstone,A2_distinguishing,0.3,6,,,0.854312
LegalBench-RAG,1200000,1200000,Tombstone,A1_reconstruction,0.3,7,0.406074,0.058975,
LegalBench-RAG,1200000,1200000,Tombstone,A2_distinguishing,0.3,7,,,0.872381
LegalBench-RAG,1200000,1200000,Tombstone,A1_reconstruction,0.3,8,0.38093,0.045118,
LegalBench-RAG,1200000,1200000,Tombstone,A2_distinguishing,0.3,8,,,0.853272
LegalBench-RAG,1200000,1200000,Tombstone,A1_reconstruction,0.3,9,0.367534,0.052228,
LegalBench-RAG,1200000,1200000,Tombstone,A2_distinguishing,0.3,9,,,0.844732
LegalBench-RAG,1200000,1200000,Tombstone,A1_reconstruction,0.4,0,0.449912,0.071943,
LegalBench-RAG,1200000,1200000,Tombstone,A2_distinguishing,0.4,0,,,0.88
LegalBench-RAG,1200000,1200000,Tombstone,A1_reconstruction,0.4,1,0.421338,0.048772,
LegalBench-RAG,1200000,1200000,Tombstone,A2_distinguishing,0.4,1,,,0.88
LegalBench-RAG,1200000,1200000,Tombstone,A1_reconstruction,0.4,2,0.400989,0.05547,
LegalBench-RAG,1200000,1200000,Tombstone,A2_distinguishing,0.4,2,,,0.88
LegalBench-RAG,1200000,1200000,Tombstone,A1_reconstruction,0.4,3,0.442365,0.056176,
LegalBench-RAG,1200000,1200000,Tombstone,A2_distinguishing,0.4,3,,,0.88
LegalBench-RAG,1200000,1200000,Tombstone,A1_reconstruction,0.4,4,0.427228,0.063009,
LegalBench-RAG,1200000,1200000,Tombstone,A2_distinguishing,0.4,4,,,0.88
LegalBench-RAG,1200000,1200000,Tombstone,A1_reconstruction,0.4,5,0.367447,0.048728,
LegalBench-RAG,1200000,1200000,Tombstone,A2_distinguishing,0.4,5,,,0.878076
LegalBench-RAG,1200000,1200000,Tombstone,A1_reconstruction,0.4,6,0.350416,0.069987,
LegalBench-RAG,1200000,1200000,Tombstone,A2_distinguishing,0.4,6,,,0.86965
LegalBench-RAG,1200000,1200000,Tombstone,A1_reconstruction,0.4,7,0.422982,0.057073,
LegalBench-RAG,1200000,1200000,Tombstone,A2_distinguishing,0.4,7,,,0.88
LegalBench-RAG,1200000,1200000,Tombstone,A1_reconstruction,0.4,8,0.383681,0.068712,
LegalBench-RAG,1200000,1200000,Tombstone,A2_distinguishing,0.4,8,,,0.88
LegalBench-RAG,1200000,1200000,Tombstone,A1_reconstruction,0.4,9,0.396494,0.054185,
LegalBench-RAG,1200000,1200000,Tombstone,A2_distinguishing,0.4,9,,,0.88
LegalBench-RAG,1200000,1200000,Tombstone,A1_reconstruction,0.5,0,0.466189,0.058975,
LegalBench-RAG,1200000,1200000,Tombstone,A2_distinguishing,0.5,0,,,0.88
LegalBench-RAG,1200000,1200000,Tombstone,A1_reconstruction,0.5,1,0.431136,0.060516,
LegalBench-RAG,1200000,1200000,Tombstone,A2_distinguishing,0.5,1,,,0.88
LegalBench-RAG,1200000,1200000,Tombstone,A1_reconstruction,0.5,2,0.443393,0.076824,
LegalBench-RAG,1200000,1200000,Tombstone,A2_distinguishing,0.5,2,,,0.88
LegalBench-RAG,1200000,1200000,Tombstone,A1_reconstruction,0.5,3,0.441345,0.07228,
LegalBench-RAG,1200000,1200000,Tombstone,A2_distinguishing,0.5,3,,,0.88
LegalBench-RAG,1200000,1200000,Tombstone,A1_reconstruction,0.5,4,0.459187,0.073797,
LegalBench-RAG,1200000,1200000,Tombstone,A2_distinguishing,0.5,4,,,0.88
LegalBench-RAG,1200000,1200000,Tombstone,A1_reconstruction,0.5,5,0.412283,0.042127,
LegalBench-RAG,1200000,1200000,Tombstone,A2_distinguishing,0.5,5,,,0.88
LegalBench-RAG,1200000,1200000,Tombstone,A1_reconstruction,0.5,6,0.394033,0.075898,
LegalBench-RAG,1200000,1200000,Tombstone,A2_distinguishing,0.5,6,,,0.88
LegalBench-RAG,1200000,1200000,Tombstone,A1_reconstruction,0.5,7,0.387607,0.057532,
LegalBench-RAG,1200000,1200000,Tombstone,A2_distinguishing,0.5,7,,,0.88
LegalBench-RAG,1200000,1200000,Tombstone,A1_reconstruction,0.5,8,0.38188,0.06268,
LegalBench-RAG,1200000,1200000,Tombstone,A2_distinguishing,0.5,8,,,0.88
LegalBench-RAG,1200000,1200000,Tombstone,A1_reconstruction,0.5,9,0.357278,0.058244,
LegalBench-RAG,1200000,1200000,Tombstone,A2_distinguishing,0.5,9,,,0.88
LegalBench-RAG,1200000,1200000,Post-filter,A1_reconstruction,0.1,0,0.316562,0.033478,
LegalBench-RAG,1200000,1200000,Post-filter,A2_distinguishing,0.1,0,,,0.78
LegalBench-RAG,1200000,1200000,Post-filter,A1_reconstruction,0.1,1,0.373136,0.052,
LegalBench-RAG,1200000,1200000,Post-filter,A2_distinguishing,0.1,1,,,0.80576044
LegalBench-RAG,1200000,1200000,Post-filter,A1_reconstruction,0.1,2,0.364723,0.047901,
LegalBench-RAG,1200000,1200000,Post-filter,A2_distinguishing,0.1,2,,,0.8019824600000001
LegalBench-RAG,1200000,1200000,Post-filter,A1_reconstruction,0.1,3,0.324597,0.048704,
LegalBench-RAG,1200000,1200000,Post-filter,A2_distinguishing,0.1,3,,,0.78
LegalBench-RAG,1200000,1200000,Post-filter,A1_reconstruction,0.1,4,0.367103,0.040478,
LegalBench-RAG,1200000,1200000,Post-filter,A2_distinguishing,0.1,4,,,0.797594235
LegalBench-RAG,1200000,1200000,Post-filter,A1_reconstruction,0.1,5,0.357906,0.038436,
LegalBench-RAG,1200000,1200000,Post-filter,A2_distinguishing,0.1,5,,,0.7973258799999999
LegalBench-RAG,1200000,1200000,Post-filter,A1_reconstruction,0.1,6,0.351382,0.035759,
LegalBench-RAG,1200000,1200000,Post-filter,A2_distinguishing,0.1,6,,,0.79526308
LegalBench-RAG,1200000,1200000,Post-filter,A1_reconstruction,0.1,7,0.357213,0.032105,
LegalBench-RAG,1200000,1200000,Post-filter,A2_distinguishing,0.1,7,,,0.79279727
LegalBench-RAG,1200000,1200000,Post-filter,A1_reconstruction,0.1,8,0.371636,0.043719,
LegalBench-RAG,1200000,1200000,Post-filter,A2_distinguishing,0.1,8,,,0.804428215
LegalBench-RAG,1200000,1200000,Post-filter,A1_reconstruction,0.1,9,0.384397,0.022546,
LegalBench-RAG,1200000,1200000,Post-filter,A2_distinguishing,0.1,9,,,0.8142733099999999
LegalBench-RAG,1200000,1200000,Post-filter,A1_reconstruction,0.2,0,0.365533,0.039107,
LegalBench-RAG,1200000,1200000,Post-filter,A2_distinguishing,0.2,0,,,0.832845195
LegalBench-RAG,1200000,1200000,Post-filter,A1_reconstruction,0.2,1,0.39609,0.052062,
LegalBench-RAG,1200000,1200000,Post-filter,A2_distinguishing,0.2,1,,,0.8458417899999999
LegalBench-RAG,1200000,1200000,Post-filter,A1_reconstruction,0.2,2,0.384284,0.05503,
LegalBench-RAG,1200000,1200000,Post-filter,A2_distinguishing,0.2,2,,,0.8403190249999999
LegalBench-RAG,1200000,1200000,Post-filter,A1_reconstruction,0.2,3,0.366759,0.04536,
LegalBench-RAG,1200000,1200000,Post-filter,A2_distinguishing,0.2,3,,,0.83358532
LegalBench-RAG,1200000,1200000,Post-filter,A1_reconstruction,0.2,4,0.417754,0.042845,
LegalBench-RAG,1200000,1200000,Post-filter,A2_distinguishing,0.2,4,,,0.8591392099999999
LegalBench-RAG,1200000,1200000,Post-filter,A1_reconstruction,0.2,5,0.436235,0.041406,
LegalBench-RAG,1200000,1200000,Post-filter,A2_distinguishing,0.2,5,,,0.865
LegalBench-RAG,1200000,1200000,Post-filter,A1_reconstruction,0.2,6,0.373037,0.028453,
LegalBench-RAG,1200000,1200000,Post-filter,A2_distinguishing,0.2,6,,,0.83825527
LegalBench-RAG,1200000,1200000,Post-filter,A1_reconstruction,0.2,7,0.40991,0.044087,
LegalBench-RAG,1200000,1200000,Post-filter,A2_distinguishing,0.2,7,,,0.851838235
LegalBench-RAG,1200000,1200000,Post-filter,A1_reconstruction,0.2,8,0.34466,0.038622,
LegalBench-RAG,1200000,1200000,Post-filter,A2_distinguishing,0.2,8,,,0.81928706
LegalBench-RAG,1200000,1200000,Post-filter,A1_reconstruction,0.2,9,0.374279,0.055598,
LegalBench-RAG,1200000,1200000,Post-filter,A2_distinguishing,0.2,9,,,0.8395015450000001
LegalBench-RAG,1200000,1200000,Post-filter,A1_reconstruction,0.3,0,0.389806,0.053939,
LegalBench-RAG,1200000,1200000,Post-filter,A2_distinguishing,0.3,0,,,0.865
LegalBench-RAG,1200000,1200000,Post-filter,A1_reconstruction,0.3,1,0.369481,0.049448,
LegalBench-RAG,1200000,1200000,Post-filter,A2_distinguishing,0.3,1,,,0.86302797
LegalBench-RAG,1200000,1200000,Post-filter,A1_reconstruction,0.3,2,0.422812,0.048905,
LegalBench-RAG,1200000,1200000,Post-filter,A2_distinguishing,0.3,2,,,0.865
LegalBench-RAG,1200000,1200000,Post-filter,A1_reconstruction,0.3,3,0.360578,0.057946,
LegalBench-RAG,1200000,1200000,Post-filter,A2_distinguishing,0.3,3,,,0.859579465
LegalBench-RAG,1200000,1200000,Post-filter,A1_reconstruction,0.3,4,0.402815,0.064123,
LegalBench-RAG,1200000,1200000,Post-filter,A2_distinguishing,0.3,4,,,0.865
LegalBench-RAG,1200000,1200000,Post-filter,A1_reconstruction,0.3,5,0.405025,0.062,
LegalBench-RAG,1200000,1200000,Post-filter,A2_distinguishing,0.3,5,,,0.865
LegalBench-RAG,1200000,1200000,Post-filter,A1_reconstruction,0.3,6,0.366286,0.04323,
LegalBench-RAG,1200000,1200000,Post-filter,A2_distinguishing,0.3,6,,,0.86303179
LegalBench-RAG,1200000,1200000,Post-filter,A1_reconstruction,0.3,7,0.381527,0.029574,
LegalBench-RAG,1200000,1200000,Post-filter,A2_distinguishing,0.3,7,,,0.865
LegalBench-RAG,1200000,1200000,Post-filter,A1_reconstruction,0.3,8,0.427692,0.052407,
LegalBench-RAG,1200000,1200000,Post-filter,A2_distinguishing,0.3,8,,,0.865
LegalBench-RAG,1200000,1200000,Post-filter,A1_reconstruction,0.3,9,0.420499,0.059285,
LegalBench-RAG,1200000,1200000,Post-filter,A2_distinguishing,0.3,9,,,0.865
LegalBench-RAG,1200000,1200000,Post-filter,A1_reconstruction,0.4,0,0.356808,0.070531,
LegalBench-RAG,1200000,1200000,Post-filter,A2_distinguishing,0.4,0,,,0.865
LegalBench-RAG,1200000,1200000,Post-filter,A1_reconstruction,0.4,1,0.395631,0.053968,
LegalBench-RAG,1200000,1200000,Post-filter,A2_distinguishing,0.4,1,,,0.865
LegalBench-RAG,1200000,1200000,Post-filter,A1_reconstruction,0.4,2,0.404423,0.05401,
LegalBench-RAG,1200000,1200000,Post-filter,A2_distinguishing,0.4,2,,,0.865
LegalBench-RAG,1200000,1200000,Post-filter,A1_reconstruction,0.4,3,0.383666,0.042853,
LegalBench-RAG,1200000,1200000,Post-filter,A2_distinguishing,0.4,3,,,0.865
LegalBench-RAG,1200000,1200000,Post-filter,A1_reconstruction,0.4,4,0.410813,0.061821,
LegalBench-RAG,1200000,1200000,Post-filter,A2_distinguishing,0.4,4,,,0.865
LegalBench-RAG,1200000,1200000,Post-filter,A1_reconstruction,0.4,5,0.458328,0.054148,
LegalBench-RAG,1200000,1200000,Post-filter,A2_distinguishing,0.4,5,,,0.865
LegalBench-RAG,1200000,1200000,Post-filter,A1_reconstruction,0.4,6,0.339284,0.056043,
LegalBench-RAG,1200000,1200000,Post-filter,A2_distinguishing,0.4,6,,,0.865
LegalBench-RAG,1200000,1200000,Post-filter,A1_reconstruction,0.4,7,0.38809,0.049068,
LegalBench-RAG,1200000,1200000,Post-filter,A2_distinguishing,0.4,7,,,0.865
LegalBench-RAG,1200000,1200000,Post-filter,A1_reconstruction,0.4,8,0.353987,0.057959,
LegalBench-RAG,1200000,1200000,Post-filter,A2_distinguishing,0.4,8,,,0.865
LegalBench-RAG,1200000,1200000,Post-filter,A1_reconstruction,0.4,9,0.397566,0.051327,
LegalBench-RAG,1200000,1200000,Post-filter,A2_distinguishing,0.4,9,,,0.865
LegalBench-RAG,1200000,1200000,Post-filter,A1_reconstruction,0.5,0,0.436833,0.056073,
LegalBench-RAG,1200000,1200000,Post-filter,A2_distinguishing,0.5,0,,,0.865
LegalBench-RAG,1200000,1200000,Post-filter,A1_reconstruction,0.5,1,0.40898,0.066976,
LegalBench-RAG,1200000,1200000,Post-filter,A2_distinguishing,0.5,1,,,0.865
LegalBench-RAG,1200000,1200000,Post-filter,A1_reconstruction,0.5,2,0.418055,0.065601,
LegalBench-RAG,1200000,1200000,Post-filter,A2_distinguishing,0.5,2,,,0.865
LegalBench-RAG,1200000,1200000,Post-filter,A1_reconstruction,0.5,3,0.406304,0.053442,
LegalBench-RAG,1200000,1200000,Post-filter,A2_distinguishing,0.5,3,,,0.865
LegalBench-RAG,1200000,1200000,Post-filter,A1_reconstruction,0.5,4,0.395435,0.067146,
LegalBench-RAG,1200000,1200000,Post-filter,A2_distinguishing,0.5,4,,,0.865
LegalBench-RAG,1200000,1200000,Post-filter,A1_reconstruction,0.5,5,0.400119,0.063853,
LegalBench-RAG,1200000,1200000,Post-filter,A2_distinguishing,0.5,5,,,0.865
LegalBench-RAG,1200000,1200000,Post-filter,A1_reconstruction,0.5,6,0.40609,0.05084,
LegalBench-RAG,1200000,1200000,Post-filter,A2_distinguishing,0.5,6,,,0.865
LegalBench-RAG,1200000,1200000,Post-filter,A1_reconstruction,0.5,7,0.459929,0.051051,
LegalBench-RAG,1200000,1200000,Post-filter,A2_distinguishing,0.5,7,,,0.865
LegalBench-RAG,1200000,1200000,Post-filter,A1_reconstruction,0.5,8,0.459553,0.06356,
LegalBench-RAG,1200000,1200000,Post-filter,A2_distinguishing,0.5,8,,,0.865
LegalBench-RAG,1200000,1200000,Post-filter,A1_reconstruction,0.5,9,0.433035,0.063963,
LegalBench-RAG,1200000,1200000,Post-filter,A2_distinguishing,0.5,9,,,0.865
LegalBench-RAG,1200000,1200000,ACORN,A1_reconstruction,0.1,0,0.361754,0.023888,
LegalBench-RAG,1200000,1200000,ACORN,A2_distinguishing,0.1,0,,,0.581213
LegalBench-RAG,1200000,1200000,ACORN,A1_reconstruction,0.1,1,0.341884,0.050875,
LegalBench-RAG,1200000,1200000,ACORN,A2_distinguishing,0.1,1,,,0.56803
LegalBench-RAG,1200000,1200000,ACORN,A1_reconstruction,0.1,2,0.395462,0.051665,
LegalBench-RAG,1200000,1200000,ACORN,A2_distinguishing,0.1,2,,,0.610355
LegalBench-RAG,1200000,1200000,ACORN,A1_reconstruction,0.1,3,0.346701,0.048889,
LegalBench-RAG,1200000,1200000,ACORN,A2_distinguishing,0.1,3,,,0.57003
LegalBench-RAG,1200000,1200000,ACORN,A1_reconstruction,0.1,4,0.428909,0.028494,
LegalBench-RAG,1200000,1200000,ACORN,A2_distinguishing,0.1,4,,,0.61918
LegalBench-RAG,1200000,1200000,ACORN,A1_reconstruction,0.1,5,0.377425,0.039109,
LegalBench-RAG,1200000,1200000,ACORN,A2_distinguishing,0.1,5,,,0.594434
LegalBench-RAG,1200000,1200000,ACORN,A1_reconstruction,0.1,6,0.323108,0.036978,
LegalBench-RAG,1200000,1200000,ACORN,A2_distinguishing,0.1,6,,,0.565239
LegalBench-RAG,1200000,1200000,ACORN,A1_reconstruction,0.1,7,0.403999,0.035499,
LegalBench-RAG,1200000,1200000,ACORN,A2_distinguishing,0.1,7,,,0.604182
LegalBench-RAG,1200000,1200000,ACORN,A1_reconstruction,0.1,8,0.374063,0.049506,
LegalBench-RAG,1200000,1200000,ACORN,A2_distinguishing,0.1,8,,,0.586553
LegalBench-RAG,1200000,1200000,ACORN,A1_reconstruction,0.1,9,0.372574,0.041078,
LegalBench-RAG,1200000,1200000,ACORN,A2_distinguishing,0.1,9,,,0.585183
LegalBench-RAG,1200000,1200000,ACORN,A1_reconstruction,0.2,0,0.364897,0.044267,
LegalBench-RAG,1200000,1200000,ACORN,A2_distinguishing,0.2,0,,,0.581698
LegalBench-RAG,1200000,1200000,ACORN,A1_reconstruction,0.2,1,0.393168,0.030959,
LegalBench-RAG,1200000,1200000,ACORN,A2_distinguishing,0.2,1,,,0.603047
LegalBench-RAG,1200000,1200000,ACORN,A1_reconstruction,0.2,2,0.382784,0.057673,
LegalBench-RAG,1200000,1200000,ACORN,A2_distinguishing,0.2,2,,,0.589841
LegalBench-RAG,1200000,1200000,ACORN,A1_reconstruction,0.2,3,0.339103,0.063511,
LegalBench-RAG,1200000,1200000,ACORN,A2_distinguishing,0.2,3,,,0.569758
LegalBench-RAG,1200000,1200000,ACORN,A1_reconstruction,0.2,4,0.367833,0.051966,
LegalBench-RAG,1200000,1200000,ACORN,A2_distinguishing,0.2,4,,,0.590018
LegalBench-RAG,1200000,1200000,ACORN,A1_reconstruction,0.2,5,0.362663,0.039789,
LegalBench-RAG,1200000,1200000,ACORN,A2_distinguishing,0.2,5,,,0.596636
LegalBench-RAG,1200000,1200000,ACORN,A1_reconstruction,0.2,6,0.330656,0.033091,
LegalBench-RAG,1200000,1200000,ACORN,A2_distinguishing,0.2,6,,,0.565846
LegalBench-RAG,1200000,1200000,ACORN,A1_reconstruction,0.2,7,0.374846,0.039341,
LegalBench-RAG,1200000,1200000,ACORN,A2_distinguishing,0.2,7,,,0.593472
LegalBench-RAG,1200000,1200000,ACORN,A1_reconstruction,0.2,8,0.439536,0.050784,
LegalBench-RAG,1200000,1200000,ACORN,A2_distinguishing,0.2,8,,,0.635575
LegalBench-RAG,1200000,1200000,ACORN,A1_reconstruction,0.2,9,0.369063,0.045703,
LegalBench-RAG,1200000,1200000,ACORN,A2_distinguishing,0.2,9,,,0.586833
LegalBench-RAG,1200000,1200000,ACORN,A1_reconstruction,0.3,0,0.445857,0.042761,
LegalBench-RAG,1200000,1200000,ACORN,A2_distinguishing,0.3,0,,,0.63976
LegalBench-RAG,1200000,1200000,ACORN,A1_reconstruction,0.3,1,0.410929,0.0577,
LegalBench-RAG,1200000,1200000,ACORN,A2_distinguishing,0.3,1,,,0.620572
LegalBench-RAG,1200000,1200000,ACORN,A1_reconstruction,0.3,2,0.382987,0.054321,
LegalBench-RAG,1200000,1200000,ACORN,A2_distinguishing,0.3,2,,,0.607611
LegalBench-RAG,1200000,1200000,ACORN,A1_reconstruction,0.3,3,0.409139,0.041036,
LegalBench-RAG,1200000,1200000,ACORN,A2_distinguishing,0.3,3,,,0.619889
LegalBench-RAG,1200000,1200000,ACORN,A1_reconstruction,0.3,4,0.388592,0.049646,
LegalBench-RAG,1200000,1200000,ACORN,A2_distinguishing,0.3,4,,,0.603383
LegalBench-RAG,1200000,1200000,ACORN,A1_reconstruction,0.3,5,0.327605,0.04219,
LegalBench-RAG,1200000,1200000,ACORN,A2_distinguishing,0.3,5,,,0.581677
LegalBench-RAG,1200000,1200000,ACORN,A1_reconstruction,0.3,6,0.411662,0.057941,
LegalBench-RAG,1200000,1200000,ACORN,A2_distinguishing,0.3,6,,,0.627452
LegalBench-RAG,1200000,1200000,ACORN,A1_reconstruction,0.3,7,0.450406,0.053568,
LegalBench-RAG,1200000,1200000,ACORN,A2_distinguishing,0.3,7,,,0.644276
LegalBench-RAG,1200000,1200000,ACORN,A1_reconstruction,0.3,8,0.416684,0.054187,
LegalBench-RAG,1200000,1200000,ACORN,A2_distinguishing,0.3,8,,,0.625838
LegalBench-RAG,1200000,1200000,ACORN,A1_reconstruction,0.3,9,0.415675,0.043836,
LegalBench-RAG,1200000,1200000,ACORN,A2_distinguishing,0.3,9,,,0.626682
LegalBench-RAG,1200000,1200000,ACORN,A1_reconstruction,0.4,0,0.44253,0.037931,
LegalBench-RAG,1200000,1200000,ACORN,A2_distinguishing,0.4,0,,,0.649
LegalBench-RAG,1200000,1200000,ACORN,A1_reconstruction,0.4,1,0.423223,0.045755,
LegalBench-RAG,1200000,1200000,ACORN,A2_distinguishing,0.4,1,,,0.637836
LegalBench-RAG,1200000,1200000,ACORN,A1_reconstruction,0.4,2,0.438644,0.055766,
LegalBench-RAG,1200000,1200000,ACORN,A2_distinguishing,0.4,2,,,0.644357
LegalBench-RAG,1200000,1200000,ACORN,A1_reconstruction,0.4,3,0.397881,0.053755,
LegalBench-RAG,1200000,1200000,ACORN,A2_distinguishing,0.4,3,,,0.623896
LegalBench-RAG,1200000,1200000,ACORN,A1_reconstruction,0.4,4,0.398225,0.056012,
LegalBench-RAG,1200000,1200000,ACORN,A2_distinguishing,0.4,4,,,0.617847
LegalBench-RAG,1200000,1200000,ACORN,A1_reconstruction,0.4,5,0.450732,0.050169,
LegalBench-RAG,1200000,1200000,ACORN,A2_distinguishing,0.4,5,,,0.650323
LegalBench-RAG,1200000,1200000,ACORN,A1_reconstruction,0.4,6,0.410491,0.056976,
LegalBench-RAG,1200000,1200000,ACORN,A2_distinguishing,0.4,6,,,0.627675
LegalBench-RAG,1200000,1200000,ACORN,A1_reconstruction,0.4,7,0.375526,0.061845,
LegalBench-RAG,1200000,1200000,ACORN,A2_distinguishing,0.4,7,,,0.608318
LegalBench-RAG,1200000,1200000,ACORN,A1_reconstruction,0.4,8,0.411671,0.0439,
LegalBench-RAG,1200000,1200000,ACORN,A2_distinguishing,0.4,8,,,0.633671
LegalBench-RAG,1200000,1200000,ACORN,A1_reconstruction,0.4,9,0.443618,0.065703,
LegalBench-RAG,1200000,1200000,ACORN,A2_distinguishing,0.4,9,,,0.649362
LegalBench-RAG,1200000,1200000,ACORN,A1_reconstruction,0.5,0,0.46624,0.062136,
LegalBench-RAG,1200000,1200000,ACORN,A2_distinguishing,0.5,0,,,0.666237
LegalBench-RAG,1200000,1200000,ACORN,A1_reconstruction,0.5,1,0.409355,0.059716,
LegalBench-RAG,1200000,1200000,ACORN,A2_distinguishing,0.5,1,,,0.634995
LegalBench-RAG,1200000,1200000,ACORN,A1_reconstruction,0.5,2,0.436409,0.064917,
LegalBench-RAG,1200000,1200000,ACORN,A2_distinguishing,0.5,2,,,0.640969
LegalBench-RAG,1200000,1200000,ACORN,A1_reconstruction,0.5,3,0.410766,0.062409,
LegalBench-RAG,1200000,1200000,ACORN,A2_distinguishing,0.5,3,,,0.641007
LegalBench-RAG,1200000,1200000,ACORN,A1_reconstruction,0.5,4,0.440933,0.068465,
LegalBench-RAG,1200000,1200000,ACORN,A2_distinguishing,0.5,4,,,0.656823
LegalBench-RAG,1200000,1200000,ACORN,A1_reconstruction,0.5,5,0.411572,0.059929,
LegalBench-RAG,1200000,1200000,ACORN,A2_distinguishing,0.5,5,,,0.63451
LegalBench-RAG,1200000,1200000,ACORN,A1_reconstruction,0.5,6,0.437859,0.047533,
LegalBench-RAG,1200000,1200000,ACORN,A2_distinguishing,0.5,6,,,0.653455
LegalBench-RAG,1200000,1200000,ACORN,A1_reconstruction,0.5,7,0.384943,0.052119,
LegalBench-RAG,1200000,1200000,ACORN,A2_distinguishing,0.5,7,,,0.62008
LegalBench-RAG,1200000,1200000,ACORN,A1_reconstruction,0.5,8,0.422238,0.046781,
LegalBench-RAG,1200000,1200000,ACORN,A2_distinguishing,0.5,8,,,0.633478
LegalBench-RAG,1200000,1200000,ACORN,A1_reconstruction,0.5,9,0.400492,0.052651,
LegalBench-RAG,1200000,1200000,ACORN,A2_distinguishing,0.5,9,,,0.627563
LegalBench-RAG,1200000,1200000,HoneyBee,A1_reconstruction,0.1,0,0.413715,0.031139,
LegalBench-RAG,1200000,1200000,HoneyBee,A2_distinguishing,0.1,0,,,0.60661
LegalBench-RAG,1200000,1200000,HoneyBee,A1_reconstruction,0.1,1,0.407269,0.033212,
LegalBench-RAG,1200000,1200000,HoneyBee,A2_distinguishing,0.1,1,,,0.595302
LegalBench-RAG,1200000,1200000,HoneyBee,A1_reconstruction,0.1,2,0.327372,0.03884,
LegalBench-RAG,1200000,1200000,HoneyBee,A2_distinguishing,0.1,2,,,0.552738
LegalBench-RAG,1200000,1200000,HoneyBee,A1_reconstruction,0.1,3,0.378712,0.023497,
LegalBench-RAG,1200000,1200000,HoneyBee,A2_distinguishing,0.1,3,,,0.580271
LegalBench-RAG,1200000,1200000,HoneyBee,A1_reconstruction,0.1,4,0.38025,0.046712,
LegalBench-RAG,1200000,1200000,HoneyBee,A2_distinguishing,0.1,4,,,0.57949
LegalBench-RAG,1200000,1200000,HoneyBee,A1_reconstruction,0.1,5,0.318926,0.037626,
LegalBench-RAG,1200000,1200000,HoneyBee,A2_distinguishing,0.1,5,,,0.546804
LegalBench-RAG,1200000,1200000,HoneyBee,A1_reconstruction,0.1,6,0.306612,0.0367,
LegalBench-RAG,1200000,1200000,HoneyBee,A2_distinguishing,0.1,6,,,0.54
LegalBench-RAG,1200000,1200000,HoneyBee,A1_reconstruction,0.1,7,0.350359,0.023052,
LegalBench-RAG,1200000,1200000,HoneyBee,A2_distinguishing,0.1,7,,,0.556635
LegalBench-RAG,1200000,1200000,HoneyBee,A1_reconstruction,0.1,8,0.326016,0.038247,
LegalBench-RAG,1200000,1200000,HoneyBee,A2_distinguishing,0.1,8,,,0.553217
LegalBench-RAG,1200000,1200000,HoneyBee,A1_reconstruction,0.1,9,0.393574,0.018688,
LegalBench-RAG,1200000,1200000,HoneyBee,A2_distinguishing,0.1,9,,,0.587255
LegalBench-RAG,1200000,1200000,HoneyBee,A1_reconstruction,0.2,0,0.426529,0.055849,
LegalBench-RAG,1200000,1200000,HoneyBee,A2_distinguishing,0.2,0,,,0.613621
LegalBench-RAG,1200000,1200000,HoneyBee,A1_reconstruction,0.2,1,0.409747,0.058357,
LegalBench-RAG,1200000,1200000,HoneyBee,A2_distinguishing,0.2,1,,,0.604849
LegalBench-RAG,1200000,1200000,HoneyBee,A1_reconstruction,0.2,2,0.348045,0.050572,
LegalBench-RAG,1200000,1200000,HoneyBee,A2_distinguishing,0.2,2,,,0.575842
LegalBench-RAG,1200000,1200000,HoneyBee,A1_reconstruction,0.2,3,0.337937,0.036631,
LegalBench-RAG,1200000,1200000,HoneyBee,A2_distinguishing,0.2,3,,,0.553407
LegalBench-RAG,1200000,1200000,HoneyBee,A1_reconstruction,0.2,4,0.386157,0.047644,
LegalBench-RAG,1200000,1200000,HoneyBee,A2_distinguishing,0.2,4,,,0.58701
LegalBench-RAG,1200000,1200000,HoneyBee,A1_reconstruction,0.2,5,0.358729,0.040636,
LegalBench-RAG,1200000,1200000,HoneyBee,A2_distinguishing,0.2,5,,,0.573876
LegalBench-RAG,1200000,1200000,HoneyBee,A1_reconstruction,0.2,6,0.390551,0.039671,
LegalBench-RAG,1200000,1200000,HoneyBee,A2_distinguishing,0.2,6,,,0.592015
LegalBench-RAG,1200000,1200000,HoneyBee,A1_reconstruction,0.2,7,0.411141,0.033636,
LegalBench-RAG,1200000,1200000,HoneyBee,A2_distinguishing,0.2,7,,,0.614148
LegalBench-RAG,1200000,1200000,HoneyBee,A1_reconstruction,0.2,8,0.356176,0.047649,
LegalBench-RAG,1200000,1200000,HoneyBee,A2_distinguishing,0.2,8,,,0.570372
LegalBench-RAG,1200000,1200000,HoneyBee,A1_reconstruction,0.2,9,0.396502,0.035068,
LegalBench-RAG,1200000,1200000,HoneyBee,A2_distinguishing,0.2,9,,,0.600144
LegalBench-RAG,1200000,1200000,HoneyBee,A1_reconstruction,0.3,0,0.39964,0.047879,
LegalBench-RAG,1200000,1200000,HoneyBee,A2_distinguishing,0.3,0,,,0.602465
LegalBench-RAG,1200000,1200000,HoneyBee,A1_reconstruction,0.3,1,0.432799,0.039992,
LegalBench-RAG,1200000,1200000,HoneyBee,A2_distinguishing,0.3,1,,,0.619733
LegalBench-RAG,1200000,1200000,HoneyBee,A1_reconstruction,0.3,2,0.367526,0.042655,
LegalBench-RAG,1200000,1200000,HoneyBee,A2_distinguishing,0.3,2,,,0.580696
LegalBench-RAG,1200000,1200000,HoneyBee,A1_reconstruction,0.3,3,0.36215,0.054757,
LegalBench-RAG,1200000,1200000,HoneyBee,A2_distinguishing,0.3,3,,,0.576581
LegalBench-RAG,1200000,1200000,HoneyBee,A1_reconstruction,0.3,4,0.370174,0.055085,
LegalBench-RAG,1200000,1200000,HoneyBee,A2_distinguishing,0.3,4,,,0.576811
LegalBench-RAG,1200000,1200000,HoneyBee,A1_reconstruction,0.3,5,0.417505,0.053367,
LegalBench-RAG,1200000,1200000,HoneyBee,A2_distinguishing,0.3,5,,,0.610758
LegalBench-RAG,1200000,1200000,HoneyBee,A1_reconstruction,0.3,6,0.431774,0.048652,
LegalBench-RAG,1200000,1200000,HoneyBee,A2_distinguishing,0.3,6,,,0.620247
LegalBench-RAG,1200000,1200000,HoneyBee,A1_reconstruction,0.3,7,0.406759,0.065436,
LegalBench-RAG,1200000,1200000,HoneyBee,A2_distinguishing,0.3,7,,,0.605951
LegalBench-RAG,1200000,1200000,HoneyBee,A1_reconstruction,0.3,8,0.412134,0.064937,
LegalBench-RAG,1200000,1200000,HoneyBee,A2_distinguishing,0.3,8,,,0.607856
LegalBench-RAG,1200000,1200000,HoneyBee,A1_reconstruction,0.3,9,0.404793,0.061774,
LegalBench-RAG,1200000,1200000,HoneyBee,A2_distinguishing,0.3,9,,,0.601063
LegalBench-RAG,1200000,1200000,HoneyBee,A1_reconstruction,0.4,0,0.354231,0.059875,
LegalBench-RAG,1200000,1200000,HoneyBee,A2_distinguishing,0.4,0,,,0.583063
LegalBench-RAG,1200000,1200000,HoneyBee,A1_reconstruction,0.4,1,0.423815,0.067043,
LegalBench-RAG,1200000,1200000,HoneyBee,A2_distinguishing,0.4,1,,,0.621031
LegalBench-RAG,1200000,1200000,HoneyBee,A1_reconstruction,0.4,2,0.410925,0.03279,
LegalBench-RAG,1200000,1200000,HoneyBee,A2_distinguishing,0.4,2,,,0.61038
LegalBench-RAG,1200000,1200000,HoneyBee,A1_reconstruction,0.4,3,0.375,0.052599,
LegalBench-RAG,1200000,1200000,HoneyBee,A2_distinguishing,0.4,3,,,0.586767
LegalBench-RAG,1200000,1200000,HoneyBee,A1_reconstruction,0.4,4,0.449385,0.048093,
LegalBench-RAG,1200000,1200000,HoneyBee,A2_distinguishing,0.4,4,,,0.636716
LegalBench-RAG,1200000,1200000,HoneyBee,A1_reconstruction,0.4,5,0.386246,0.071655,
LegalBench-RAG,1200000,1200000,HoneyBee,A2_distinguishing,0.4,5,,,0.596569
LegalBench-RAG,1200000,1200000,HoneyBee,A1_reconstruction,0.4,6,0.399904,0.079239,
LegalBench-RAG,1200000,1200000,HoneyBee,A2_distinguishing,0.4,6,,,0.605133
LegalBench-RAG,1200000,1200000,HoneyBee,A1_reconstruction,0.4,7,0.406629,0.052283,
LegalBench-RAG,1200000,1200000,HoneyBee,A2_distinguishing,0.4,7,,,0.61069
LegalBench-RAG,1200000,1200000,HoneyBee,A1_reconstruction,0.4,8,0.435418,0.06232,
LegalBench-RAG,1200000,1200000,HoneyBee,A2_distinguishing,0.4,8,,,0.62308
LegalBench-RAG,1200000,1200000,HoneyBee,A1_reconstruction,0.4,9,0.40191,0.06263,
LegalBench-RAG,1200000,1200000,HoneyBee,A2_distinguishing,0.4,9,,,0.611296
LegalBench-RAG,1200000,1200000,HoneyBee,A1_reconstruction,0.5,0,0.450065,0.062318,
LegalBench-RAG,1200000,1200000,HoneyBee,A2_distinguishing,0.5,0,,,0.638157
LegalBench-RAG,1200000,1200000,HoneyBee,A1_reconstruction,0.5,1,0.437489,0.060789,
LegalBench-RAG,1200000,1200000,HoneyBee,A2_distinguishing,0.5,1,,,0.627811
LegalBench-RAG,1200000,1200000,HoneyBee,A1_reconstruction,0.5,2,0.395635,0.077744,
LegalBench-RAG,1200000,1200000,HoneyBee,A2_distinguishing,0.5,2,,,0.611447
LegalBench-RAG,1200000,1200000,HoneyBee,A1_reconstruction,0.5,3,0.402126,0.06461,
LegalBench-RAG,1200000,1200000,HoneyBee,A2_distinguishing,0.5,3,,,0.613214
LegalBench-RAG,1200000,1200000,HoneyBee,A1_reconstruction,0.5,4,0.428923,0.070609,
LegalBench-RAG,1200000,1200000,HoneyBee,A2_distinguishing,0.5,4,,,0.623777
LegalBench-RAG,1200000,1200000,HoneyBee,A1_reconstruction,0.5,5,0.388699,0.059553,
LegalBench-RAG,1200000,1200000,HoneyBee,A2_distinguishing,0.5,5,,,0.602745
LegalBench-RAG,1200000,1200000,HoneyBee,A1_reconstruction,0.5,6,0.394798,0.060907,
LegalBench-RAG,1200000,1200000,HoneyBee,A2_distinguishing,0.5,6,,,0.613442
LegalBench-RAG,1200000,1200000,HoneyBee,A1_reconstruction,0.5,7,0.446941,0.071158,
LegalBench-RAG,1200000,1200000,HoneyBee,A2_distinguishing,0.5,7,,,0.638841
LegalBench-RAG,1200000,1200000,HoneyBee,A1_reconstruction,0.5,8,0.404199,0.067947,
LegalBench-RAG,1200000,1200000,HoneyBee,A2_distinguishing,0.5,8,,,0.613431
LegalBench-RAG,1200000,1200000,HoneyBee,A1_reconstruction,0.5,9,0.40912,0.060415,
LegalBench-RAG,1200000,1200000,HoneyBee,A2_distinguishing,0.5,9,,,0.622555
LegalBench-RAG,1200000,1200000,SPFresh,A1_reconstruction,0.1,0,0.373254,0.028586,
LegalBench-RAG,1200000,1200000,SPFresh,A2_distinguishing,0.1,0,,,0.630078
LegalBench-RAG,1200000,1200000,SPFresh,A1_reconstruction,0.1,1,0.330233,0.053823,
LegalBench-RAG,1200000,1200000,SPFresh,A2_distinguishing,0.1,1,,,0.606616
LegalBench-RAG,1200000,1200000,SPFresh,A1_reconstruction,0.1,2,0.343132,0.044904,
LegalBench-RAG,1200000,1200000,SPFresh,A2_distinguishing,0.1,2,,,0.60396
LegalBench-RAG,1200000,1200000,SPFresh,A1_reconstruction,0.1,3,0.363549,0.03581,
LegalBench-RAG,1200000,1200000,SPFresh,A2_distinguishing,0.1,3,,,0.629553
LegalBench-RAG,1200000,1200000,SPFresh,A1_reconstruction,0.1,4,0.405001,0.02798,
LegalBench-RAG,1200000,1200000,SPFresh,A2_distinguishing,0.1,4,,,0.656991
LegalBench-RAG,1200000,1200000,SPFresh,A1_reconstruction,0.1,5,0.32457,0.051089,
LegalBench-RAG,1200000,1200000,SPFresh,A2_distinguishing,0.1,5,,,0.597535
LegalBench-RAG,1200000,1200000,SPFresh,A1_reconstruction,0.1,6,0.391436,0.032423,
LegalBench-RAG,1200000,1200000,SPFresh,A2_distinguishing,0.1,6,,,0.648752
LegalBench-RAG,1200000,1200000,SPFresh,A1_reconstruction,0.1,7,0.37389,0.052517,
LegalBench-RAG,1200000,1200000,SPFresh,A2_distinguishing,0.1,7,,,0.633867
LegalBench-RAG,1200000,1200000,SPFresh,A1_reconstruction,0.1,8,0.425431,0.042433,
LegalBench-RAG,1200000,1200000,SPFresh,A2_distinguishing,0.1,8,,,0.655425
LegalBench-RAG,1200000,1200000,SPFresh,A1_reconstruction,0.1,9,0.402736,0.039099,
LegalBench-RAG,1200000,1200000,SPFresh,A2_distinguishing,0.1,9,,,0.649992
LegalBench-RAG,1200000,1200000,SPFresh,A1_reconstruction,0.2,0,0.395422,0.028602,
LegalBench-RAG,1200000,1200000,SPFresh,A2_distinguishing,0.2,0,,,0.670532
LegalBench-RAG,1200000,1200000,SPFresh,A1_reconstruction,0.2,1,0.355568,0.028472,
LegalBench-RAG,1200000,1200000,SPFresh,A2_distinguishing,0.2,1,,,0.644242
LegalBench-RAG,1200000,1200000,SPFresh,A1_reconstruction,0.2,2,0.366786,0.042765,
LegalBench-RAG,1200000,1200000,SPFresh,A2_distinguishing,0.2,2,,,0.64716
LegalBench-RAG,1200000,1200000,SPFresh,A1_reconstruction,0.2,3,0.365855,0.042593,
LegalBench-RAG,1200000,1200000,SPFresh,A2_distinguishing,0.2,3,,,0.65116
LegalBench-RAG,1200000,1200000,SPFresh,A1_reconstruction,0.2,4,0.385234,0.034433,
LegalBench-RAG,1200000,1200000,SPFresh,A2_distinguishing,0.2,4,,,0.656895
LegalBench-RAG,1200000,1200000,SPFresh,A1_reconstruction,0.2,5,0.351281,0.052094,
LegalBench-RAG,1200000,1200000,SPFresh,A2_distinguishing,0.2,5,,,0.641812
LegalBench-RAG,1200000,1200000,SPFresh,A1_reconstruction,0.2,6,0.36134,0.039404,
LegalBench-RAG,1200000,1200000,SPFresh,A2_distinguishing,0.2,6,,,0.64142
LegalBench-RAG,1200000,1200000,SPFresh,A1_reconstruction,0.2,7,0.409761,0.051209,
LegalBench-RAG,1200000,1200000,SPFresh,A2_distinguishing,0.2,7,,,0.666122
LegalBench-RAG,1200000,1200000,SPFresh,A1_reconstruction,0.2,8,0.365175,0.046299,
LegalBench-RAG,1200000,1200000,SPFresh,A2_distinguishing,0.2,8,,,0.641588
LegalBench-RAG,1200000,1200000,SPFresh,A1_reconstruction,0.2,9,0.411557,0.040615,
LegalBench-RAG,1200000,1200000,SPFresh,A2_distinguishing,0.2,9,,,0.670911
LegalBench-RAG,1200000,1200000,SPFresh,A1_reconstruction,0.3,0,0.413243,0.052753,
LegalBench-RAG,1200000,1200000,SPFresh,A2_distinguishing,0.3,0,,,0.690683
LegalBench-RAG,1200000,1200000,SPFresh,A1_reconstruction,0.3,1,0.386366,0.042605,
LegalBench-RAG,1200000,1200000,SPFresh,A2_distinguishing,0.3,1,,,0.672461
LegalBench-RAG,1200000,1200000,SPFresh,A1_reconstruction,0.3,2,0.38797,0.051109,
LegalBench-RAG,1200000,1200000,SPFresh,A2_distinguishing,0.3,2,,,0.675673
LegalBench-RAG,1200000,1200000,SPFresh,A1_reconstruction,0.3,3,0.393109,0.056858,
LegalBench-RAG,1200000,1200000,SPFresh,A2_distinguishing,0.3,3,,,0.684754
LegalBench-RAG,1200000,1200000,SPFresh,A1_reconstruction,0.3,4,0.394811,0.045274,
LegalBench-RAG,1200000,1200000,SPFresh,A2_distinguishing,0.3,4,,,0.680707
LegalBench-RAG,1200000,1200000,SPFresh,A1_reconstruction,0.3,5,0.392834,0.050969,
LegalBench-RAG,1200000,1200000,SPFresh,A2_distinguishing,0.3,5,,,0.685028
LegalBench-RAG,1200000,1200000,SPFresh,A1_reconstruction,0.3,6,0.342095,0.06062,
LegalBench-RAG,1200000,1200000,SPFresh,A2_distinguishing,0.3,6,,,0.645872
LegalBench-RAG,1200000,1200000,SPFresh,A1_reconstruction,0.3,7,0.400863,0.042781,
LegalBench-RAG,1200000,1200000,SPFresh,A2_distinguishing,0.3,7,,,0.684984
LegalBench-RAG,1200000,1200000,SPFresh,A1_reconstruction,0.3,8,0.406708,0.038875,
LegalBench-RAG,1200000,1200000,SPFresh,A2_distinguishing,0.3,8,,,0.685207
LegalBench-RAG,1200000,1200000,SPFresh,A1_reconstruction,0.3,9,0.44645,0.061849,
LegalBench-RAG,1200000,1200000,SPFresh,A2_distinguishing,0.3,9,,,0.708735
LegalBench-RAG,1200000,1200000,SPFresh,A1_reconstruction,0.4,0,0.389822,0.066712,
LegalBench-RAG,1200000,1200000,SPFresh,A2_distinguishing,0.4,0,,,0.690327
LegalBench-RAG,1200000,1200000,SPFresh,A1_reconstruction,0.4,1,0.412441,0.044166,
LegalBench-RAG,1200000,1200000,SPFresh,A2_distinguishing,0.4,1,,,0.707095
LegalBench-RAG,1200000,1200000,SPFresh,A1_reconstruction,0.4,2,0.423045,0.067728,
LegalBench-RAG,1200000,1200000,SPFresh,A2_distinguishing,0.4,2,,,0.711057
LegalBench-RAG,1200000,1200000,SPFresh,A1_reconstruction,0.4,3,0.391229,0.072561,
LegalBench-RAG,1200000,1200000,SPFresh,A2_distinguishing,0.4,3,,,0.697643
LegalBench-RAG,1200000,1200000,SPFresh,A1_reconstruction,0.4,4,0.431687,0.036441,
LegalBench-RAG,1200000,1200000,SPFresh,A2_distinguishing,0.4,4,,,0.721003
LegalBench-RAG,1200000,1200000,SPFresh,A1_reconstruction,0.4,5,0.423517,0.056395,
LegalBench-RAG,1200000,1200000,SPFresh,A2_distinguishing,0.4,5,,,0.715336
LegalBench-RAG,1200000,1200000,SPFresh,A1_reconstruction,0.4,6,0.417159,0.044151,
LegalBench-RAG,1200000,1200000,SPFresh,A2_distinguishing,0.4,6,,,0.710934
LegalBench-RAG,1200000,1200000,SPFresh,A1_reconstruction,0.4,7,0.44498,0.060209,
LegalBench-RAG,1200000,1200000,SPFresh,A2_distinguishing,0.4,7,,,0.72901
LegalBench-RAG,1200000,1200000,SPFresh,A1_reconstruction,0.4,8,0.396522,0.060213,
LegalBench-RAG,1200000,1200000,SPFresh,A2_distinguishing,0.4,8,,,0.697577
LegalBench-RAG,1200000,1200000,SPFresh,A1_reconstruction,0.4,9,0.364282,0.062555,
LegalBench-RAG,1200000,1200000,SPFresh,A2_distinguishing,0.4,9,,,0.681597
LegalBench-RAG,1200000,1200000,SPFresh,A1_reconstruction,0.5,0,0.447398,0.046332,
LegalBench-RAG,1200000,1200000,SPFresh,A2_distinguishing,0.5,0,,,0.751309
LegalBench-RAG,1200000,1200000,SPFresh,A1_reconstruction,0.5,1,0.39958,0.05266,
LegalBench-RAG,1200000,1200000,SPFresh,A2_distinguishing,0.5,1,,,0.715705
LegalBench-RAG,1200000,1200000,SPFresh,A1_reconstruction,0.5,2,0.395359,0.067572,
LegalBench-RAG,1200000,1200000,SPFresh,A2_distinguishing,0.5,2,,,0.711013
LegalBench-RAG,1200000,1200000,SPFresh,A1_reconstruction,0.5,3,0.408398,0.072303,
LegalBench-RAG,1200000,1200000,SPFresh,A2_distinguishing,0.5,3,,,0.729955
LegalBench-RAG,1200000,1200000,SPFresh,A1_reconstruction,0.5,4,0.447649,0.069359,
LegalBench-RAG,1200000,1200000,SPFresh,A2_distinguishing,0.5,4,,,0.750441
LegalBench-RAG,1200000,1200000,SPFresh,A1_reconstruction,0.5,5,0.410187,0.064886,
LegalBench-RAG,1200000,1200000,SPFresh,A2_distinguishing,0.5,5,,,0.728664
LegalBench-RAG,1200000,1200000,SPFresh,A1_reconstruction,0.5,6,0.418803,0.072132,
LegalBench-RAG,1200000,1200000,SPFresh,A2_distinguishing,0.5,6,,,0.73066
LegalBench-RAG,1200000,1200000,SPFresh,A1_reconstruction,0.5,7,0.423874,0.056221,
LegalBench-RAG,1200000,1200000,SPFresh,A2_distinguishing,0.5,7,,,0.731167
LegalBench-RAG,1200000,1200000,SPFresh,A1_reconstruction,0.5,8,0.412473,0.070103,
LegalBench-RAG,1200000,1200000,SPFresh,A2_distinguishing,0.5,8,,,0.730517
LegalBench-RAG,1200000,1200000,SPFresh,A1_reconstruction,0.5,9,0.417658,0.047077,
LegalBench-RAG,1200000,1200000,SPFresh,A2_distinguishing,0.5,9,,,0.725797
LegalBench-RAG,1200000,1200000,Lethe,A1_reconstruction,0.1,0,7.8e-05,0.001597,
LegalBench-RAG,1200000,1200000,Lethe,A2_distinguishing,0.1,0,,,0.493194
LegalBench-RAG,1200000,1200000,Lethe,A1_reconstruction,0.1,1,0.005606,0.002747,
LegalBench-RAG,1200000,1200000,Lethe,A2_distinguishing,0.1,1,,,0.507015
LegalBench-RAG,1200000,1200000,Lethe,A1_reconstruction,0.1,2,0.006145,0.001735,
LegalBench-RAG,1200000,1200000,Lethe,A2_distinguishing,0.1,2,,,0.508363
LegalBench-RAG,1200000,1200000,Lethe,A1_reconstruction,0.1,3,0.006828,0.000424,
LegalBench-RAG,1200000,1200000,Lethe,A2_distinguishing,0.1,3,,,0.51007
LegalBench-RAG,1200000,1200000,Lethe,A1_reconstruction,0.1,4,0.008381,0.001284,
LegalBench-RAG,1200000,1200000,Lethe,A2_distinguishing,0.1,4,,,0.513952
LegalBench-RAG,1200000,1200000,Lethe,A1_reconstruction,0.1,5,0.0,0.0,
LegalBench-RAG,1200000,1200000,Lethe,A2_distinguishing,0.1,5,,,0.489621
LegalBench-RAG,1200000,1200000,Lethe,A1_reconstruction,0.1,6,0.0,0.000472,
LegalBench-RAG,1200000,1200000,Lethe,A2_distinguishing,0.1,6,,,0.492302
LegalBench-RAG,1200000,1200000,Lethe,A1_reconstruction,0.1,7,0.009828,0.000836,
LegalBench-RAG,1200000,1200000,Lethe,A2_distinguishing,0.1,7,,,0.517571
LegalBench-RAG,1200000,1200000,Lethe,A1_reconstruction,0.1,8,0.007061,0.002452,
LegalBench-RAG,1200000,1200000,Lethe,A2_distinguishing,0.1,8,,,0.510653
LegalBench-RAG,1200000,1200000,Lethe,A1_reconstruction,0.1,9,0.013112,0.001072,
LegalBench-RAG,1200000,1200000,Lethe,A2_distinguishing,0.1,9,,,0.52578
LegalBench-RAG,1200000,1200000,Lethe,A1_reconstruction,0.2,0,0.008345,0.001247,
LegalBench-RAG,1200000,1200000,Lethe,A2_distinguishing,0.2,0,,,0.513862
LegalBench-RAG,1200000,1200000,Lethe,A1_reconstruction,0.2,1,0.011228,0.001244,
LegalBench-RAG,1200000,1200000,Lethe,A2_distinguishing,0.2,1,,,0.52107
LegalBench-RAG,1200000,1200000,Lethe,A1_reconstruction,0.2,2,0.009328,0.00171,
LegalBench-RAG,1200000,1200000,Lethe,A2_distinguishing,0.2,2,,,0.516319
LegalBench-RAG,1200000,1200000,Lethe,A1_reconstruction,0.2,3,0.004448,0.00243,
LegalBench-RAG,1200000,1200000,Lethe,A2_distinguishing,0.2,3,,,0.50412
LegalBench-RAG,1200000,1200000,Lethe,A1_reconstruction,0.2,4,0.003987,0.000359,
LegalBench-RAG,1200000,1200000,Lethe,A2_distinguishing,0.2,4,,,0.502969
LegalBench-RAG,1200000,1200000,Lethe,A1_reconstruction,0.2,5,0.000558,0.000197,
LegalBench-RAG,1200000,1200000,Lethe,A2_distinguishing,0.2,5,,,0.494395
LegalBench-RAG,1200000,1200000,Lethe,A1_reconstruction,0.2,6,0.0,0.002451,
LegalBench-RAG,1200000,1200000,Lethe,A2_distinguishing,0.2,6,,,0.491877
LegalBench-RAG,1200000,1200000,Lethe,A1_reconstruction,0.2,7,0.00734,0.001358,
LegalBench-RAG,1200000,1200000,Lethe,A2_distinguishing,0.2,7,,,0.51135
LegalBench-RAG,1200000,1200000,Lethe,A1_reconstruction,0.2,8,0.004187,0.000222,
LegalBench-RAG,1200000,1200000,Lethe,A2_distinguishing,0.2,8,,,0.503468
LegalBench-RAG,1200000,1200000,Lethe,A1_reconstruction,0.2,9,0.009846,0.0,
LegalBench-RAG,1200000,1200000,Lethe,A2_distinguishing,0.2,9,,,0.517616
LegalBench-RAG,1200000,1200000,Lethe,A1_reconstruction,0.3,0,0.014995,0.001221,
LegalBench-RAG,1200000,1200000,Lethe,A2_distinguishing,0.3,0,,,0.530488
LegalBench-RAG,1200000,1200000,Lethe,A1_reconstruction,0.3,1,0.00276,0.000408,
LegalBench-RAG,1200000,1200000,Lethe,A2_distinguishing,0.3,1,,,0.499901
LegalBench-RAG,1200000,1200000,Lethe,A1_reconstruction,0.3,2,0.007303,0.001262,
LegalBench-RAG,1200000,1200000,Lethe,A2_distinguishing,0.3,2,,,0.511258
LegalBench-RAG,1200000,1200000,Lethe,A1_reconstruction,0.3,3,0.014134,0.00112,
LegalBench-RAG,1200000,1200000,Lethe,A2_distinguishing,0.3,3,,,0.528336
LegalBench-RAG,1200000,1200000,Lethe,A1_reconstruction,0.3,4,0.010132,0.000603,
LegalBench-RAG,1200000,1200000,Lethe,A2_distinguishing,0.3,4,,,0.518329
LegalBench-RAG,1200000,1200000,Lethe,A1_reconstruction,0.3,5,0.00536,0.001516,
LegalBench-RAG,1200000,1200000,Lethe,A2_distinguishing,0.3,5,,,0.5064
LegalBench-RAG,1200000,1200000,Lethe,A1_reconstruction,0.3,6,0.000759,0.001397,
LegalBench-RAG,1200000,1200000,Lethe,A2_distinguishing,0.3,6,,,0.494897
LegalBench-RAG,1200000,1200000,Lethe,A1_reconstruction,0.3,7,0.006808,0.0,
LegalBench-RAG,1200000,1200000,Lethe,A2_distinguishing,0.3,7,,,0.51002
LegalBench-RAG,1200000,1200000,Lethe,A1_reconstruction,0.3,8,0.000373,0.003642,
LegalBench-RAG,1200000,1200000,Lethe,A2_distinguishing,0.3,8,,,0.493934
LegalBench-RAG,1200000,1200000,Lethe,A1_reconstruction,0.3,9,0.001286,0.000135,
LegalBench-RAG,1200000,1200000,Lethe,A2_distinguishing,0.3,9,,,0.496215
LegalBench-RAG,1200000,1200000,Lethe,A1_reconstruction,0.4,0,0.003377,0.000876,
LegalBench-RAG,1200000,1200000,Lethe,A2_distinguishing,0.4,0,,,0.501442
LegalBench-RAG,1200000,1200000,Lethe,A1_reconstruction,0.4,1,0.006959,0.001085,
LegalBench-RAG,1200000,1200000,Lethe,A2_distinguishing,0.4,1,,,0.510397
LegalBench-RAG,1200000,1200000,Lethe,A1_reconstruction,0.4,2,0.003928,0.000155,
LegalBench-RAG,1200000,1200000,Lethe,A2_distinguishing,0.4,2,,,0.502821
LegalBench-RAG,1200000,1200000,Lethe,A1_reconstruction,0.4,3,0.009641,0.000905,
LegalBench-RAG,1200000,1200000,Lethe,A2_distinguishing,0.4,3,,,0.517102
LegalBench-RAG,1200000,1200000,Lethe,A1_reconstruction,0.4,4,0.005612,6.5e-05,
LegalBench-RAG,1200000,1200000,Lethe,A2_distinguishing,0.4,4,,,0.50703
LegalBench-RAG,1200000,1200000,Lethe,A1_reconstruction,0.4,5,0.0,0.002834,
LegalBench-RAG,1200000,1200000,Lethe,A2_distinguishing,0.4,5,,,0.485
LegalBench-RAG,1200000,1200000,Lethe,A1_reconstruction,0.4,6,0.015735,0.0,
LegalBench-RAG,1200000,1200000,Lethe,A2_distinguishing,0.4,6,,,0.532338
LegalBench-RAG,1200000,1200000,Lethe,A1_reconstruction,0.4,7,0.002573,0.0,
LegalBench-RAG,1200000,1200000,Lethe,A2_distinguishing,0.4,7,,,0.499432
LegalBench-RAG,1200000,1200000,Lethe,A1_reconstruction,0.4,8,0.004996,0.0,
LegalBench-RAG,1200000,1200000,Lethe,A2_distinguishing,0.4,8,,,0.50549
LegalBench-RAG,1200000,1200000,Lethe,A1_reconstruction,0.4,9,0.0,0.002874,
LegalBench-RAG,1200000,1200000,Lethe,A2_distinguishing,0.4,9,,,0.489615
LegalBench-RAG,1200000,1200000,Lethe,A1_reconstruction,0.5,0,0.010678,0.0,
LegalBench-RAG,1200000,1200000,Lethe,A2_distinguishing,0.5,0,,,0.519695
LegalBench-RAG,1200000,1200000,Lethe,A1_reconstruction,0.5,1,0.005667,0.001837,
LegalBench-RAG,1200000,1200000,Lethe,A2_distinguishing,0.5,1,,,0.507167
LegalBench-RAG,1200000,1200000,Lethe,A1_reconstruction,0.5,2,0.007568,0.000845,
LegalBench-RAG,1200000,1200000,Lethe,A2_distinguishing,0.5,2,,,0.511919
LegalBench-RAG,1200000,1200000,Lethe,A1_reconstruction,0.5,3,0.000731,0.001054,
LegalBench-RAG,1200000,1200000,Lethe,A2_distinguishing,0.5,3,,,0.494828
LegalBench-RAG,1200000,1200000,Lethe,A1_reconstruction,0.5,4,0.002978,0.000294,
LegalBench-RAG,1200000,1200000,Lethe,A2_distinguishing,0.5,4,,,0.500445
LegalBench-RAG,1200000,1200000,Lethe,A1_reconstruction,0.5,5,0.011462,0.002603,
LegalBench-RAG,1200000,1200000,Lethe,A2_distinguishing,0.5,5,,,0.521656
LegalBench-RAG,1200000,1200000,Lethe,A1_reconstruction,0.5,6,0.0,0.002159,
LegalBench-RAG,1200000,1200000,Lethe,A2_distinguishing,0.5,6,,,0.487477
LegalBench-RAG,1200000,1200000,Lethe,A1_reconstruction,0.5,7,0.00736,0.000457,
LegalBench-RAG,1200000,1200000,Lethe,A2_distinguishing,0.5,7,,,0.511401
LegalBench-RAG,1200000,1200000,Lethe,A1_reconstruction,0.5,8,0.003028,0.002118,
LegalBench-RAG,1200000,1200000,Lethe,A2_distinguishing,0.5,8,,,0.500569
LegalBench-RAG,1200000,1200000,Lethe,A1_reconstruction,0.5,9,0.011518,0.000193,
LegalBench-RAG,1200000,1200000,Lethe,A2_distinguishing,0.5,9,,,0.521796
LegalBench-RAG,1200000,1200000,Physical-delete,A1_reconstruction,0.1,0,0.006143,0.000188,
LegalBench-RAG,1200000,1200000,Physical-delete,A2_distinguishing,0.1,0,,,0.508357
LegalBench-RAG,1200000,1200000,Physical-delete,A1_reconstruction,0.1,1,0.008965,0.00032,
LegalBench-RAG,1200000,1200000,Physical-delete,A2_distinguishing,0.1,1,,,0.515413
LegalBench-RAG,1200000,1200000,Physical-delete,A1_reconstruction,0.1,2,0.002006,0.00078,
LegalBench-RAG,1200000,1200000,Physical-delete,A2_distinguishing,0.1,2,,,0.498016
LegalBench-RAG,1200000,1200000,Physical-delete,A1_reconstruction,0.1,3,0.008046,0.00137,
LegalBench-RAG,1200000,1200000,Physical-delete,A2_distinguishing,0.1,3,,,0.513115
LegalBench-RAG,1200000,1200000,Physical-delete,A1_reconstruction,0.1,4,0.00512,0.001394,
LegalBench-RAG,1200000,1200000,Physical-delete,A2_distinguishing,0.1,4,,,0.505801
LegalBench-RAG,1200000,1200000,Physical-delete,A1_reconstruction,0.1,5,6e-05,0.000517,
LegalBench-RAG,1200000,1200000,Physical-delete,A2_distinguishing,0.1,5,,,0.49315
LegalBench-RAG,1200000,1200000,Physical-delete,A1_reconstruction,0.1,6,0.007778,0.001033,
LegalBench-RAG,1200000,1200000,Physical-delete,A2_distinguishing,0.1,6,,,0.512446
LegalBench-RAG,1200000,1200000,Physical-delete,A1_reconstruction,0.1,7,0.005964,0.001381,
LegalBench-RAG,1200000,1200000,Physical-delete,A2_distinguishing,0.1,7,,,0.507911
LegalBench-RAG,1200000,1200000,Physical-delete,A1_reconstruction,0.1,8,0.006853,0.0,
LegalBench-RAG,1200000,1200000,Physical-delete,A2_distinguishing,0.1,8,,,0.510133
LegalBench-RAG,1200000,1200000,Physical-delete,A1_reconstruction,0.1,9,0.006043,0.000698,
LegalBench-RAG,1200000,1200000,Physical-delete,A2_distinguishing,0.1,9,,,0.508107
LegalBench-RAG,1200000,1200000,Physical-delete,A1_reconstruction,0.2,0,0.001481,0.00043,
LegalBench-RAG,1200000,1200000,Physical-delete,A2_distinguishing,0.2,0,,,0.496701
LegalBench-RAG,1200000,1200000,Physical-delete,A1_reconstruction,0.2,1,0.001262,0.000576,
LegalBench-RAG,1200000,1200000,Physical-delete,A2_distinguishing,0.2,1,,,0.496155
LegalBench-RAG,1200000,1200000,Physical-delete,A1_reconstruction,0.2,2,0.002341,0.00049,
LegalBench-RAG,1200000,1200000,Physical-delete,A2_distinguishing,0.2,2,,,0.498852
LegalBench-RAG,1200000,1200000,Physical-delete,A1_reconstruction,0.2,3,0.004082,0.000908,
LegalBench-RAG,1200000,1200000,Physical-delete,A2_distinguishing,0.2,3,,,0.503205
LegalBench-RAG,1200000,1200000,Physical-delete,A1_reconstruction,0.2,4,0.008728,0.001052,
LegalBench-RAG,1200000,1200000,Physical-delete,A2_distinguishing,0.2,4,,,0.51482
LegalBench-RAG,1200000,1200000,Physical-delete,A1_reconstruction,0.2,5,0.011588,0.003288,
LegalBench-RAG,1200000,1200000,Physical-delete,A2_distinguishing,0.2,5,,,0.521969
LegalBench-RAG,1200000,1200000,Physical-delete,A1_reconstruction,0.2,6,0.013439,0.0,
LegalBench-RAG,1200000,1200000,Physical-delete,A2_distinguishing,0.2,6,,,0.526598
LegalBench-RAG,1200000,1200000,Physical-delete,A1_reconstruction,0.2,7,0.007034,0.000791,
LegalBench-RAG,1200000,1200000,Physical-delete,A2_distinguishing,0.2,7,,,0.510586
LegalBench-RAG,1200000,1200000,Physical-delete,A1_reconstruction,0.2,8,0.002523,0.000741,
LegalBench-RAG,1200000,1200000,Physical-delete,A2_distinguishing,0.2,8,,,0.499306
LegalBench-RAG,1200000,1200000,Physical-delete,A1_reconstruction,0.2,9,0.00322,0.001736,
LegalBench-RAG,1200000,1200000,Physical-delete,A2_distinguishing,0.2,9,,,0.501049
LegalBench-RAG,1200000,1200000,Physical-delete,A1_reconstruction,0.3,0,0.003855,0.00169,
LegalBench-RAG,1200000,1200000,Physical-delete,A2_distinguishing,0.3,0,,,0.502638
LegalBench-RAG,1200000,1200000,Physical-delete,A1_reconstruction,0.3,1,0.000371,0.0,
LegalBench-RAG,1200000,1200000,Physical-delete,A2_distinguishing,0.3,1,,,0.493927
LegalBench-RAG,1200000,1200000,Physical-delete,A1_reconstruction,0.3,2,0.007908,0.001166,
LegalBench-RAG,1200000,1200000,Physical-delete,A2_distinguishing,0.3,2,,,0.51277
LegalBench-RAG,1200000,1200000,Physical-delete,A1_reconstruction,0.3,3,0.001699,0.001087,
LegalBench-RAG,1200000,1200000,Physical-delete,A2_distinguishing,0.3,3,,,0.497248
LegalBench-RAG,1200000,1200000,Physical-delete,A1_reconstruction,0.3,4,0.006739,0.001774,
LegalBench-RAG,1200000,1200000,Physical-delete,A2_distinguishing,0.3,4,,,0.509848
LegalBench-RAG,1200000,1200000,Physical-delete,A1_reconstruction,0.3,5,0.002053,0.001803,
LegalBench-RAG,1200000,1200000,Physical-delete,A2_distinguishing,0.3,5,,,0.498133
LegalBench-RAG,1200000,1200000,Physical-delete,A1_reconstruction,0.3,6,0.010003,0.0,
LegalBench-RAG,1200000,1200000,Physical-delete,A2_distinguishing,0.3,6,,,0.518008
LegalBench-RAG,1200000,1200000,Physical-delete,A1_reconstruction,0.3,7,0.004958,0.0,
LegalBench-RAG,1200000,1200000,Physical-delete,A2_distinguishing,0.3,7,,,0.505394
LegalBench-RAG,1200000,1200000,Physical-delete,A1_reconstruction,0.3,8,0.011546,0.001041,
LegalBench-RAG,1200000,1200000,Physical-delete,A2_distinguishing,0.3,8,,,0.521864
LegalBench-RAG,1200000,1200000,Physical-delete,A1_reconstruction,0.3,9,0.002137,0.000854,
LegalBench-RAG,1200000,1200000,Physical-delete,A2_distinguishing,0.3,9,,,0.498342
LegalBench-RAG,1200000,1200000,Physical-delete,A1_reconstruction,0.4,0,0.01171,0.000764,
LegalBench-RAG,1200000,1200000,Physical-delete,A2_distinguishing,0.4,0,,,0.522275
LegalBench-RAG,1200000,1200000,Physical-delete,A1_reconstruction,0.4,1,0.004778,0.001945,
LegalBench-RAG,1200000,1200000,Physical-delete,A2_distinguishing,0.4,1,,,0.504945
LegalBench-RAG,1200000,1200000,Physical-delete,A1_reconstruction,0.4,2,0.009807,0.000289,
LegalBench-RAG,1200000,1200000,Physical-delete,A2_distinguishing,0.4,2,,,0.517518
LegalBench-RAG,1200000,1200000,Physical-delete,A1_reconstruction,0.4,3,0.004402,0.00032,
LegalBench-RAG,1200000,1200000,Physical-delete,A2_distinguishing,0.4,3,,,0.504006
LegalBench-RAG,1200000,1200000,Physical-delete,A1_reconstruction,0.4,4,0.008194,0.001328,
LegalBench-RAG,1200000,1200000,Physical-delete,A2_distinguishing,0.4,4,,,0.513486
LegalBench-RAG,1200000,1200000,Physical-delete,A1_reconstruction,0.4,5,0.00471,0.000762,
LegalBench-RAG,1200000,1200000,Physical-delete,A2_distinguishing,0.4,5,,,0.504774
LegalBench-RAG,1200000,1200000,Physical-delete,A1_reconstruction,0.4,6,0.007806,0.002535,
LegalBench-RAG,1200000,1200000,Physical-delete,A2_distinguishing,0.4,6,,,0.512516
LegalBench-RAG,1200000,1200000,Physical-delete,A1_reconstruction,0.4,7,0.000294,0.001988,
LegalBench-RAG,1200000,1200000,Physical-delete,A2_distinguishing,0.4,7,,,0.493735
LegalBench-RAG,1200000,1200000,Physical-delete,A1_reconstruction,0.4,8,0.00545,0.001419,
LegalBench-RAG,1200000,1200000,Physical-delete,A2_distinguishing,0.4,8,,,0.506626
LegalBench-RAG,1200000,1200000,Physical-delete,A1_reconstruction,0.4,9,0.001644,0.001466,
LegalBench-RAG,1200000,1200000,Physical-delete,A2_distinguishing,0.4,9,,,0.49711
LegalBench-RAG,1200000,1200000,Physical-delete,A1_reconstruction,0.5,0,0.008865,0.000462,
LegalBench-RAG,1200000,1200000,Physical-delete,A2_distinguishing,0.5,0,,,0.515162
LegalBench-RAG,1200000,1200000,Physical-delete,A1_reconstruction,0.5,1,0.012737,0.000375,
LegalBench-RAG,1200000,1200000,Physical-delete,A2_distinguishing,0.5,1,,,0.524843
LegalBench-RAG,1200000,1200000,Physical-delete,A1_reconstruction,0.5,2,0.0,0.00137,
LegalBench-RAG,1200000,1200000,Physical-delete,A2_distinguishing,0.5,2,,,0.492843
LegalBench-RAG,1200000,1200000,Physical-delete,A1_reconstruction,0.5,3,0.005461,0.003823,
LegalBench-RAG,1200000,1200000,Physical-delete,A2_distinguishing,0.5,3,,,0.506654
LegalBench-RAG,1200000,1200000,Physical-delete,A1_reconstruction,0.5,4,0.001035,0.001154,
LegalBench-RAG,1200000,1200000,Physical-delete,A2_distinguishing,0.5,4,,,0.495588
LegalBench-RAG,1200000,1200000,Physical-delete,A1_reconstruction,0.5,5,0.006104,0.0,
LegalBench-RAG,1200000,1200000,Physical-delete,A2_distinguishing,0.5,5,,,0.50826
LegalBench-RAG,1200000,1200000,Physical-delete,A1_reconstruction,0.5,6,0.006202,0.001158,
LegalBench-RAG,1200000,1200000,Physical-delete,A2_distinguishing,0.5,6,,,0.508505
LegalBench-RAG,1200000,1200000,Physical-delete,A1_reconstruction,0.5,7,0.004134,3.6e-05,
LegalBench-RAG,1200000,1200000,Physical-delete,A2_distinguishing,0.5,7,,,0.503334
LegalBench-RAG,1200000,1200000,Physical-delete,A1_reconstruction,0.5,8,0.0,0.00194,
LegalBench-RAG,1200000,1200000,Physical-delete,A2_distinguishing,0.5,8,,,0.492998
LegalBench-RAG,1200000,1200000,Physical-delete,A1_reconstruction,0.5,9,0.012498,0.000218,
LegalBench-RAG,1200000,1200000,Physical-delete,A2_distinguishing,0.5,9,,,0.524245
LegalBench-RAG,1200000,1200000,Oracle,A1_reconstruction,0.1,0,0.015872,0.002596,
LegalBench-RAG,1200000,1200000,Oracle,A2_distinguishing,0.1,0,,,0.53268
LegalBench-RAG,1200000,1200000,Oracle,A1_reconstruction,0.1,1,0.008471,0.000597,
LegalBench-RAG,1200000,1200000,Oracle,A2_distinguishing,0.1,1,,,0.514177
LegalBench-RAG,1200000,1200000,Oracle,A1_reconstruction,0.1,2,0.012243,0.0,
LegalBench-RAG,1200000,1200000,Oracle,A2_distinguishing,0.1,2,,,0.523607
LegalBench-RAG,1200000,1200000,Oracle,A1_reconstruction,0.1,3,0.006612,0.000647,
LegalBench-RAG,1200000,1200000,Oracle,A2_distinguishing,0.1,3,,,0.509531
LegalBench-RAG,1200000,1200000,Oracle,A1_reconstruction,0.1,4,0.005808,0.002127,
LegalBench-RAG,1200000,1200000,Oracle,A2_distinguishing,0.1,4,,,0.50752
LegalBench-RAG,1200000,1200000,Oracle,A1_reconstruction,0.1,5,0.0,0.0,
LegalBench-RAG,1200000,1200000,Oracle,A2_distinguishing,0.1,5,,,0.489
LegalBench-RAG,1200000,1200000,Oracle,A1_reconstruction,0.1,6,0.004707,0.000642,
LegalBench-RAG,1200000,1200000,Oracle,A2_distinguishing,0.1,6,,,0.504767
LegalBench-RAG,1200000,1200000,Oracle,A1_reconstruction,0.1,7,0.010586,0.000262,
LegalBench-RAG,1200000,1200000,Oracle,A2_distinguishing,0.1,7,,,0.519464
LegalBench-RAG,1200000,1200000,Oracle,A1_reconstruction,0.1,8,0.002578,0.002021,
LegalBench-RAG,1200000,1200000,Oracle,A2_distinguishing,0.1,8,,,0.499444
LegalBench-RAG,1200000,1200000,Oracle,A1_reconstruction,0.1,9,0.006573,0.001131,
LegalBench-RAG,1200000,1200000,Oracle,A2_distinguishing,0.1,9,,,0.509432
LegalBench-RAG,1200000,1200000,Oracle,A1_reconstruction,0.2,0,0.002821,0.000719,
LegalBench-RAG,1200000,1200000,Oracle,A2_distinguishing,0.2,0,,,0.500053
LegalBench-RAG,1200000,1200000,Oracle,A1_reconstruction,0.2,1,0.004676,0.001347,
LegalBench-RAG,1200000,1200000,Oracle,A2_distinguishing,0.2,1,,,0.504691
LegalBench-RAG,1200000,1200000,Oracle,A1_reconstruction,0.2,2,0.0,0.000725,
LegalBench-RAG,1200000,1200000,Oracle,A2_distinguishing,0.2,2,,,0.488732
LegalBench-RAG,1200000,1200000,Oracle,A1_reconstruction,0.2,3,0.003996,0.0,
LegalBench-RAG,1200000,1200000,Oracle,A2_distinguishing,0.2,3,,,0.502991
LegalBench-RAG,1200000,1200000,Oracle,A1_reconstruction,0.2,4,0.002521,0.001075,
LegalBench-RAG,1200000,1200000,Oracle,A2_distinguishing,0.2,4,,,0.499302
LegalBench-RAG,1200000,1200000,Oracle,A1_reconstruction,0.2,5,0.003289,0.001606,
LegalBench-RAG,1200000,1200000,Oracle,A2_distinguishing,0.2,5,,,0.501222
LegalBench-RAG,1200000,1200000,Oracle,A1_reconstruction,0.2,6,0.004111,0.001013,
LegalBench-RAG,1200000,1200000,Oracle,A2_distinguishing,0.2,6,,,0.503279
LegalBench-RAG,1200000,1200000,Oracle,A1_reconstruction,0.2,7,0.011441,0.000479,
LegalBench-RAG,1200000,1200000,Oracle,A2_distinguishing,0.2,7,,,0.521604
LegalBench-RAG,1200000,1200000,Oracle,A1_reconstruction,0.2,8,0.0,0.000663,
LegalBench-RAG,1200000,1200000,Oracle,A2_distinguishing,0.2,8,,,0.487523
LegalBench-RAG,1200000,1200000,Oracle,A1_reconstruction,0.2,9,0.014914,0.001374,
LegalBench-RAG,1200000,1200000,Oracle,A2_distinguishing,0.2,9,,,0.530285
LegalBench-RAG,1200000,1200000,Oracle,A1_reconstruction,0.3,0,0.008359,3e-06,
LegalBench-RAG,1200000,1200000,Oracle,A2_distinguishing,0.3,0,,,0.513898
LegalBench-RAG,1200000,1200000,Oracle,A1_reconstruction,0.3,1,0.0,0.000402,
LegalBench-RAG,1200000,1200000,Oracle,A2_distinguishing,0.3,1,,,0.485
LegalBench-RAG,1200000,1200000,Oracle,A1_reconstruction,0.3,2,0.004219,0.000583,
LegalBench-RAG,1200000,1200000,Oracle,A2_distinguishing,0.3,2,,,0.503549
LegalBench-RAG,1200000,1200000,Oracle,A1_reconstruction,0.3,3,0.005911,0.002361,
LegalBench-RAG,1200000,1200000,Oracle,A2_distinguishing,0.3,3,,,0.507778
LegalBench-RAG,1200000,1200000,Oracle,A1_reconstruction,0.3,4,0.004948,0.001507,
LegalBench-RAG,1200000,1200000,Oracle,A2_distinguishing,0.3,4,,,0.505371
LegalBench-RAG,1200000,1200000,Oracle,A1_reconstruction,0.3,5,0.009289,0.000841,
LegalBench-RAG,1200000,1200000,Oracle,A2_distinguishing,0.3,5,,,0.516223
LegalBench-RAG,1200000,1200000,Oracle,A1_reconstruction,0.3,6,0.0,0.00166,
LegalBench-RAG,1200000,1200000,Oracle,A2_distinguishing,0.3,6,,,0.489536
LegalBench-RAG,1200000,1200000,Oracle,A1_reconstruction,0.3,7,0.012961,0.000976,
LegalBench-RAG,1200000,1200000,Oracle,A2_distinguishing,0.3,7,,,0.525402
LegalBench-RAG,1200000,1200000,Oracle,A1_reconstruction,0.3,8,0.013417,0.000536,
LegalBench-RAG,1200000,1200000,Oracle,A2_distinguishing,0.3,8,,,0.526543
LegalBench-RAG,1200000,1200000,Oracle,A1_reconstruction,0.3,9,0.00677,0.003413,
LegalBench-RAG,1200000,1200000,Oracle,A2_distinguishing,0.3,9,,,0.509925
LegalBench-RAG,1200000,1200000,Oracle,A1_reconstruction,0.4,0,0.000834,0.00268,
LegalBench-RAG,1200000,1200000,Oracle,A2_distinguishing,0.4,0,,,0.495084
LegalBench-RAG,1200000,1200000,Oracle,A1_reconstruction,0.4,1,0.009935,0.000132,
LegalBench-RAG,1200000,1200000,Oracle,A2_distinguishing,0.4,1,,,0.517837
LegalBench-RAG,1200000,1200000,Oracle,A1_reconstruction,0.4,2,0.007374,0.001529,
LegalBench-RAG,1200000,1200000,Oracle,A2_distinguishing,0.4,2,,,0.511435
LegalBench-RAG,1200000,1200000,Oracle,A1_reconstruction,0.4,3,0.009221,0.002247,
LegalBench-RAG,1200000,1200000,Oracle,A2_distinguishing,0.4,3,,,0.516052
LegalBench-RAG,1200000,1200000,Oracle,A1_reconstruction,0.4,4,0.001033,0.001123,
LegalBench-RAG,1200000,1200000,Oracle,A2_distinguishing,0.4,4,,,0.495584
LegalBench-RAG,1200000,1200000,Oracle,A1_reconstruction,0.4,5,0.010267,0.0,
LegalBench-RAG,1200000,1200000,Oracle,A2_distinguishing,0.4,5,,,0.518666
LegalBench-RAG,1200000,1200000,Oracle,A1_reconstruction,0.4,6,0.007881,0.000932,
LegalBench-RAG,1200000,1200000,Oracle,A2_distinguishing,0.4,6,,,0.512702
LegalBench-RAG,1200000,1200000,Oracle,A1_reconstruction,0.4,7,0.010216,0.0,
LegalBench-RAG,1200000,1200000,Oracle,A2_distinguishing,0.4,7,,,0.51854
LegalBench-RAG,1200000,1200000,Oracle,A1_reconstruction,0.4,8,0.001265,0.001872,
LegalBench-RAG,1200000,1200000,Oracle,A2_distinguishing,0.4,8,,,0.496162
LegalBench-RAG,1200000,1200000,Oracle,A1_reconstruction,0.4,9,0.002174,0.002008,
LegalBench-RAG,1200000,1200000,Oracle,A2_distinguishing,0.4,9,,,0.498436
LegalBench-RAG,1200000,1200000,Oracle,A1_reconstruction,0.5,0,0.009993,0.000818,
LegalBench-RAG,1200000,1200000,Oracle,A2_distinguishing,0.5,0,,,0.517983
LegalBench-RAG,1200000,1200000,Oracle,A1_reconstruction,0.5,1,0.016528,0.0,
LegalBench-RAG,1200000,1200000,Oracle,A2_distinguishing,0.5,1,,,0.534321
LegalBench-RAG,1200000,1200000,Oracle,A1_reconstruction,0.5,2,0.013237,0.001383,
LegalBench-RAG,1200000,1200000,Oracle,A2_distinguishing,0.5,2,,,0.526091
LegalBench-RAG,1200000,1200000,Oracle,A1_reconstruction,0.5,3,0.0,0.000383,
LegalBench-RAG,1200000,1200000,Oracle,A2_distinguishing,0.5,3,,,0.490704
LegalBench-RAG,1200000,1200000,Oracle,A1_reconstruction,0.5,4,0.007956,0.001551,
LegalBench-RAG,1200000,1200000,Oracle,A2_distinguishing,0.5,4,,,0.51289
LegalBench-RAG,1200000,1200000,Oracle,A1_reconstruction,0.5,5,0.008767,0.0,
LegalBench-RAG,1200000,1200000,Oracle,A2_distinguishing,0.5,5,,,0.514916
LegalBench-RAG,1200000,1200000,Oracle,A1_reconstruction,0.5,6,0.004247,0.000625,
LegalBench-RAG,1200000,1200000,Oracle,A2_distinguishing,0.5,6,,,0.503619
LegalBench-RAG,1200000,1200000,Oracle,A1_reconstruction,0.5,7,0.008608,0.000614,
LegalBench-RAG,1200000,1200000,Oracle,A2_distinguishing,0.5,7,,,0.51452
LegalBench-RAG,1200000,1200000,Oracle,A1_reconstruction,0.5,8,0.004487,0.002752,
LegalBench-RAG,1200000,1200000,Oracle,A2_distinguishing,0.5,8,,,0.504218
LegalBench-RAG,1200000,1200000,Oracle,A1_reconstruction,0.5,9,0.008059,0.0,
LegalBench-RAG,1200000,1200000,Oracle,A2_distinguishing,0.5,9,,,0.513147
MS-MARCO-RBAC,8000000,8000000,Tombstone,A1_reconstruction,0.1,0,0.351969,0.025261,
MS-MARCO-RBAC,8000000,8000000,Tombstone,A2_distinguishing,0.1,0,,,0.778449
MS-MARCO-RBAC,8000000,8000000,Tombstone,A1_reconstruction,0.1,1,0.373987,0.040589,
MS-MARCO-RBAC,8000000,8000000,Tombstone,A2_distinguishing,0.1,1,,,0.790327
MS-MARCO-RBAC,8000000,8000000,Tombstone,A1_reconstruction,0.1,2,0.378202,0.050123,
MS-MARCO-RBAC,8000000,8000000,Tombstone,A2_distinguishing,0.1,2,,,0.790728
MS-MARCO-RBAC,8000000,8000000,Tombstone,A1_reconstruction,0.1,3,0.354631,0.037619,
MS-MARCO-RBAC,8000000,8000000,Tombstone,A2_distinguishing,0.1,3,,,0.77818
MS-MARCO-RBAC,8000000,8000000,Tombstone,A1_reconstruction,0.1,4,0.364737,0.055971,
MS-MARCO-RBAC,8000000,8000000,Tombstone,A2_distinguishing,0.1,4,,,0.791116
MS-MARCO-RBAC,8000000,8000000,Tombstone,A1_reconstruction,0.1,5,0.317345,0.032373,
MS-MARCO-RBAC,8000000,8000000,Tombstone,A2_distinguishing,0.1,5,,,0.7566
MS-MARCO-RBAC,8000000,8000000,Tombstone,A1_reconstruction,0.1,6,0.363307,0.038041,
MS-MARCO-RBAC,8000000,8000000,Tombstone,A2_distinguishing,0.1,6,,,0.785073
MS-MARCO-RBAC,8000000,8000000,Tombstone,A1_reconstruction,0.1,7,0.385119,0.030586,
MS-MARCO-RBAC,8000000,8000000,Tombstone,A2_distinguishing,0.1,7,,,0.795589
MS-MARCO-RBAC,8000000,8000000,Tombstone,A1_reconstruction,0.1,8,0.343888,0.051599,
MS-MARCO-RBAC,8000000,8000000,Tombstone,A2_distinguishing,0.1,8,,,0.769815
MS-MARCO-RBAC,8000000,8000000,Tombstone,A1_reconstruction,0.1,9,0.410983,0.048361,
MS-MARCO-RBAC,8000000,8000000,Tombstone,A2_distinguishing,0.1,9,,,0.811866
MS-MARCO-RBAC,8000000,8000000,Tombstone,A1_reconstruction,0.2,0,0.341101,0.029056,
MS-MARCO-RBAC,8000000,8000000,Tombstone,A2_distinguishing,0.2,0,,,0.794538
MS-MARCO-RBAC,8000000,8000000,Tombstone,A1_reconstruction,0.2,1,0.34636,0.064565,
MS-MARCO-RBAC,8000000,8000000,Tombstone,A2_distinguishing,0.2,1,,,0.804029
MS-MARCO-RBAC,8000000,8000000,Tombstone,A1_reconstruction,0.2,2,0.377414,0.04088,
MS-MARCO-RBAC,8000000,8000000,Tombstone,A2_distinguishing,0.2,2,,,0.82542
MS-MARCO-RBAC,8000000,8000000,Tombstone,A1_reconstruction,0.2,3,0.388919,0.053581,
MS-MARCO-RBAC,8000000,8000000,Tombstone,A2_distinguishing,0.2,3,,,0.83141
MS-MARCO-RBAC,8000000,8000000,Tombstone,A1_reconstruction,0.2,4,0.387368,0.049793,
MS-MARCO-RBAC,8000000,8000000,Tombstone,A2_distinguishing,0.2,4,,,0.835873
MS-MARCO-RBAC,8000000,8000000,Tombstone,A1_reconstruction,0.2,5,0.391188,0.028616,
MS-MARCO-RBAC,8000000,8000000,Tombstone,A2_distinguishing,0.2,5,,,0.833313
MS-MARCO-RBAC,8000000,8000000,Tombstone,A1_reconstruction,0.2,6,0.365652,0.060959,
MS-MARCO-RBAC,8000000,8000000,Tombstone,A2_distinguishing,0.2,6,,,0.815839
MS-MARCO-RBAC,8000000,8000000,Tombstone,A1_reconstruction,0.2,7,0.367746,0.04798,
MS-MARCO-RBAC,8000000,8000000,Tombstone,A2_distinguishing,0.2,7,,,0.809942
MS-MARCO-RBAC,8000000,8000000,Tombstone,A1_reconstruction,0.2,8,0.352733,0.056209,
MS-MARCO-RBAC,8000000,8000000,Tombstone,A2_distinguishing,0.2,8,,,0.8098
MS-MARCO-RBAC,8000000,8000000,Tombstone,A1_reconstruction,0.2,9,0.393467,0.050847,
MS-MARCO-RBAC,8000000,8000000,Tombstone,A2_distinguishing,0.2,9,,,0.827965
MS-MARCO-RBAC,8000000,8000000,Tombstone,A1_reconstruction,0.3,0,0.402007,0.040543,
MS-MARCO-RBAC,8000000,8000000,Tombstone,A2_distinguishing,0.3,0,,,0.868347
MS-MARCO-RBAC,8000000,8000000,Tombstone,A1_reconstruction,0.3,1,0.362294,0.057749,
MS-MARCO-RBAC,8000000,8000000,Tombstone,A2_distinguishing,0.3,1,,,0.843652
MS-MARCO-RBAC,8000000,8000000,Tombstone,A1_reconstruction,0.3,2,0.407843,0.046841,
MS-MARCO-RBAC,8000000,8000000,Tombstone,A2_distinguishing,0.3,2,,,0.876929
MS-MARCO-RBAC,8000000,8000000,Tombstone,A1_reconstruction,0.3,3,0.377399,0.044305,
MS-MARCO-RBAC,8000000,8000000,Tombstone,A2_distinguishing,0.3,3,,,0.856334
MS-MARCO-RBAC,8000000,8000000,Tombstone,A1_reconstruction,0.3,4,0.391758,0.06887,
MS-MARCO-RBAC,8000000,8000000,Tombstone,A2_distinguishing,0.3,4,,,0.86218
MS-MARCO-RBAC,8000000,8000000,Tombstone,A1_reconstruction,0.3,5,0.404778,0.06338,
MS-MARCO-RBAC,8000000,8000000,Tombstone,A2_distinguishing,0.3,5,,,0.874845
MS-MARCO-RBAC,8000000,8000000,Tombstone,A1_reconstruction,0.3,6,0.417928,0.043011,
MS-MARCO-RBAC,8000000,8000000,Tombstone,A2_distinguishing,0.3,6,,,0.87889
MS-MARCO-RBAC,8000000,8000000,Tombstone,A1_reconstruction,0.3,7,0.422992,0.041732,
MS-MARCO-RBAC,8000000,8000000,Tombstone,A2_distinguishing,0.3,7,,,0.88
MS-MARCO-RBAC,8000000,8000000,Tombstone,A1_reconstruction,0.3,8,0.403706,0.064135,
MS-MARCO-RBAC,8000000,8000000,Tombstone,A2_distinguishing,0.3,8,,,0.876188
MS-MARCO-RBAC,8000000,8000000,Tombstone,A1_reconstruction,0.3,9,0.381971,0.051372,
MS-MARCO-RBAC,8000000,8000000,Tombstone,A2_distinguishing,0.3,9,,,0.858816
MS-MARCO-RBAC,8000000,8000000,Tombstone,A1_reconstruction,0.4,0,0.420495,0.045527,
MS-MARCO-RBAC,8000000,8000000,Tombstone,A2_distinguishing,0.4,0,,,0.88
MS-MARCO-RBAC,8000000,8000000,Tombstone,A1_reconstruction,0.4,1,0.396323,0.072026,
MS-MARCO-RBAC,8000000,8000000,Tombstone,A2_distinguishing,0.4,1,,,0.88
MS-MARCO-RBAC,8000000,8000000,Tombstone,A1_reconstruction,0.4,2,0.410753,0.054345,
MS-MARCO-RBAC,8000000,8000000,Tombstone,A2_distinguishing,0.4,2,,,0.88
MS-MARCO-RBAC,8000000,8000000,Tombstone,A1_reconstruction,0.4,3,0.405144,0.04649,
MS-MARCO-RBAC,8000000,8000000,Tombstone,A2_distinguishing,0.4,3,,,0.88
MS-MARCO-RBAC,8000000,8000000,Tombstone,A1_reconstruction,0.4,4,0.396869,0.060861,
MS-MARCO-RBAC,8000000,8000000,Tombstone,A2_distinguishing,0.4,4,,,0.88
MS-MARCO-RBAC,8000000,8000000,Tombstone,A1_reconstruction,0.4,5,0.420227,0.06525,
MS-MARCO-RBAC,8000000,8000000,Tombstone,A2_distinguishing,0.4,5,,,0.88
MS-MARCO-RBAC,8000000,8000000,Tombstone,A1_reconstruction,0.4,6,0.448719,0.04845,
MS-MARCO-RBAC,8000000,8000000,Tombstone,A2_distinguishing,0.4,6,,,0.88
MS-MARCO-RBAC,8000000,8000000,Tombstone,A1_reconstruction,0.4,7,0.386043,0.041198,
MS-MARCO-RBAC,8000000,8000000,Tombstone,A2_distinguishing,0.4,7,,,0.88
MS-MARCO-RBAC,8000000,8000000,Tombstone,A1_reconstruction,0.4,8,0.410134,0.058752,
MS-MARCO-RBAC,8000000,8000000,Tombstone,A2_distinguishing,0.4,8,,,0.88
MS-MARCO-RBAC,8000000,8000000,Tombstone,A1_reconstruction,0.4,9,0.425346,0.051442,
MS-MARCO-RBAC,8000000,8000000,Tombstone,A2_distinguishing,0.4,9,,,0.88
MS-MARCO-RBAC,8000000,8000000,Tombstone,A1_reconstruction,0.5,0,0.442563,0.071686,
MS-MARCO-RBAC,8000000,8000000,Tombstone,A2_distinguishing,0.5,0,,,0.88
MS-MARCO-RBAC,8000000,8000000,Tombstone,A1_reconstruction,0.5,1,0.424896,0.059954,
MS-MARCO-RBAC,8000000,8000000,Tombstone,A2_distinguishing,0.5,1,,,0.88
MS-MARCO-RBAC,8000000,8000000,Tombstone,A1_reconstruction,0.5,2,0.404507,0.061085,
MS-MARCO-RBAC,8000000,8000000,Tombstone,A2_distinguishing,0.5,2,,,0.88
MS-MARCO-RBAC,8000000,8000000,Tombstone,A1_reconstruction,0.5,3,0.421603,0.06315,
MS-MARCO-RBAC,8000000,8000000,Tombstone,A2_distinguishing,0.5,3,,,0.88
MS-MARCO-RBAC,8000000,8000000,Tombstone,A1_reconstruction,0.5,4,0.403319,0.070094,
MS-MARCO-RBAC,8000000,8000000,Tombstone,A2_distinguishing,0.5,4,,,0.88
MS-MARCO-RBAC,8000000,8000000,Tombstone,A1_reconstruction,0.5,5,0.429734,0.059632,
MS-MARCO-RBAC,8000000,8000000,Tombstone,A2_distinguishing,0.5,5,,,0.88
MS-MARCO-RBAC,8000000,8000000,Tombstone,A1_reconstruction,0.5,6,0.422445,0.07168,
MS-MARCO-RBAC,8000000,8000000,Tombstone,A2_distinguishing,0.5,6,,,0.88
MS-MARCO-RBAC,8000000,8000000,Tombstone,A1_reconstruction,0.5,7,0.41215,0.083181,
MS-MARCO-RBAC,8000000,8000000,Tombstone,A2_distinguishing,0.5,7,,,0.88
MS-MARCO-RBAC,8000000,8000000,Tombstone,A1_reconstruction,0.5,8,0.406644,0.070427,
MS-MARCO-RBAC,8000000,8000000,Tombstone,A2_distinguishing,0.5,8,,,0.88
MS-MARCO-RBAC,8000000,8000000,Tombstone,A1_reconstruction,0.5,9,0.424165,0.070776,
MS-MARCO-RBAC,8000000,8000000,Tombstone,A2_distinguishing,0.5,9,,,0.88
MS-MARCO-RBAC,8000000,8000000,Post-filter,A1_reconstruction,0.1,0,0.325111,0.045908,
MS-MARCO-RBAC,8000000,8000000,Post-filter,A2_distinguishing,0.1,0,,,0.78
MS-MARCO-RBAC,8000000,8000000,Post-filter,A1_reconstruction,0.1,1,0.370246,0.048034,
MS-MARCO-RBAC,8000000,8000000,Post-filter,A2_distinguishing,0.1,1,,,0.80789391
MS-MARCO-RBAC,8000000,8000000,Post-filter,A1_reconstruction,0.1,2,0.379568,0.051239,
MS-MARCO-RBAC,8000000,8000000,Post-filter,A2_distinguishing,0.1,2,,,0.80739731
MS-MARCO-RBAC,8000000,8000000,Post-filter,A1_reconstruction,0.1,3,0.359667,0.04177,
MS-MARCO-RBAC,8000000,8000000,Post-filter,A2_distinguishing,0.1,3,,,0.7971711699999999
MS-MARCO-RBAC,8000000,8000000,Post-filter,A1_reconstruction,0.1,4,0.349139,0.029395,
MS-MARCO-RBAC,8000000,8000000,Post-filter,A2_distinguishing,0.1,4,,,0.7922462349999999
MS-MARCO-RBAC,8000000,8000000,Post-filter,A1_reconstruction,0.1,5,0.353113,0.030313,
MS-MARCO-RBAC,8000000,8000000,Post-filter,A2_distinguishing,0.1,5,,,0.7942679699999999
MS-MARCO-RBAC,8000000,8000000,Post-filter,A1_reconstruction,0.1,6,0.349218,0.038919,
MS-MARCO-RBAC,8000000,8000000,Post-filter,A2_distinguishing,0.1,6,,,0.79645301
MS-MARCO-RBAC,8000000,8000000,Post-filter,A1_reconstruction,0.1,7,0.345704,0.044565,
MS-MARCO-RBAC,8000000,8000000,Post-filter,A2_distinguishing,0.1,7,,,0.784776225
MS-MARCO-RBAC,8000000,8000000,Post-filter,A1_reconstruction,0.1,8,0.359338,0.029511,
MS-MARCO-RBAC,8000000,8000000,Post-filter,A2_distinguishing,0.1,8,,,0.799657035
MS-MARCO-RBAC,8000000,8000000,Post-filter,A1_reconstruction,0.1,9,0.354485,0.044868,
MS-MARCO-RBAC,8000000,8000000,Post-filter,A2_distinguishing,0.1,9,,,0.79800011
MS-MARCO-RBAC,8000000,8000000,Post-filter,A1_reconstruction,0.2,0,0.3666,0.045926,
MS-MARCO-RBAC,8000000,8000000,Post-filter,A2_distinguishing,0.2,0,,,0.8353874050000001
MS-MARCO-RBAC,8000000,8000000,Post-filter,A1_reconstruction,0.2,1,0.394994,0.054679,
MS-MARCO-RBAC,8000000,8000000,Post-filter,A2_distinguishing,0.2,1,,,0.84817581
MS-MARCO-RBAC,8000000,8000000,Post-filter,A1_reconstruction,0.2,2,0.398624,0.045205,
MS-MARCO-RBAC,8000000,8000000,Post-filter,A2_distinguishing,0.2,2,,,0.84860174
MS-MARCO-RBAC,8000000,8000000,Post-filter,A1_reconstruction,0.2,3,0.406626,0.052989,
MS-MARCO-RBAC,8000000,8000000,Post-filter,A2_distinguishing,0.2,3,,,0.8553554999999999
MS-MARCO-RBAC,8000000,8000000,Post-filter,A1_reconstruction,0.2,4,0.342842,0.05239,
MS-MARCO-RBAC,8000000,8000000,Post-filter,A2_distinguishing,0.2,4,,,0.822007855
MS-MARCO-RBAC,8000000,8000000,Post-filter,A1_reconstruction,0.2,5,0.359357,0.036747,
MS-MARCO-RBAC,8000000,8000000,Post-filter,A2_distinguishing,0.2,5,,,0.82964499
MS-MARCO-RBAC,8000000,8000000,Post-filter,A1_reconstruction,0.2,6,0.41551,0.042421,
MS-MARCO-RBAC,8000000,8000000,Post-filter,A2_distinguishing,0.2,6,,,0.8550069250000001
MS-MARCO-RBAC,8000000,8000000,Post-filter,A1_reconstruction,0.2,7,0.317331,0.044361,
MS-MARCO-RBAC,8000000,8000000,Post-filter,A2_distinguishing,0.2,7,,,0.7991251
MS-MARCO-RBAC,8000000,8000000,Post-filter,A1_reconstruction,0.2,8,0.395971,0.053687,
MS-MARCO-RBAC,8000000,8000000,Post-filter,A2_distinguishing,0.2,8,,,0.85180672
MS-MARCO-RBAC,8000000,8000000,Post-filter,A1_reconstruction,0.2,9,0.363804,0.031241,
MS-MARCO-RBAC,8000000,8000000,Post-filter,A2_distinguishing,0.2,9,,,0.8298837399999999
MS-MARCO-RBAC,8000000,8000000,Post-filter,A1_reconstruction,0.3,0,0.377547,0.040632,
MS-MARCO-RBAC,8000000,8000000,Post-filter,A2_distinguishing,0.3,0,,,0.865
MS-MARCO-RBAC,8000000,8000000,Post-filter,A1_reconstruction,0.3,1,0.377273,0.047579,
MS-MARCO-RBAC,8000000,8000000,Post-filter,A2_distinguishing,0.3,1,,,0.865
MS-MARCO-RBAC,8000000,8000000,Post-filter,A1_reconstruction,0.3,2,0.436648,0.066326,
MS-MARCO-RBAC,8000000,8000000,Post-filter,A2_distinguishing,0.3,2,,,0.865
MS-MARCO-RBAC,8000000,8000000,Post-filter,A1_reconstruction,0.3,3,0.38302,0.04728,
MS-MARCO-RBAC,8000000,8000000,Post-filter,A2_distinguishing,0.3,3,,,0.865
MS-MARCO-RBAC,8000000,8000000,Post-filter,A1_reconstruction,0.3,4,0.415124,0.046618,
MS-MARCO-RBAC,8000000,8000000,Post-filter,A2_distinguishing,0.3,4,,,0.865
MS-MARCO-RBAC,8000000,8000000,Post-filter,A1_reconstruction,0.3,5,0.384292,0.063299,
MS-MARCO-RBAC,8000000,8000000,Post-filter,A2_distinguishing,0.3,5,,,0.865
MS-MARCO-RBAC,8000000,8000000,Post-filter,A1_reconstruction,0.3,6,0.396212,0.052877,
MS-MARCO-RBAC,8000000,8000000,Post-filter,A2_distinguishing,0.3,6,,,0.865
MS-MARCO-RBAC,8000000,8000000,Post-filter,A1_reconstruction,0.3,7,0.384421,0.041787,
MS-MARCO-RBAC,8000000,8000000,Post-filter,A2_distinguishing,0.3,7,,,0.865
MS-MARCO-RBAC,8000000,8000000,Post-filter,A1_reconstruction,0.3,8,0.40276,0.064152,
MS-MARCO-RBAC,8000000,8000000,Post-filter,A2_distinguishing,0.3,8,,,0.865
MS-MARCO-RBAC,8000000,8000000,Post-filter,A1_reconstruction,0.3,9,0.339128,0.051948,
MS-MARCO-RBAC,8000000,8000000,Post-filter,A2_distinguishing,0.3,9,,,0.84658096
MS-MARCO-RBAC,8000000,8000000,Post-filter,A1_reconstruction,0.4,0,0.421409,0.059116,
MS-MARCO-RBAC,8000000,8000000,Post-filter,A2_distinguishing,0.4,0,,,0.865
MS-MARCO-RBAC,8000000,8000000,Post-filter,A1_reconstruction,0.4,1,0.439959,0.068757,
MS-MARCO-RBAC,8000000,8000000,Post-filter,A2_distinguishing,0.4,1,,,0.865
MS-MARCO-RBAC,8000000,8000000,Post-filter,A1_reconstruction,0.4,2,0.417525,0.047894,
MS-MARCO-RBAC,8000000,8000000,Post-filter,A2_distinguishing,0.4,2,,,0.865
MS-MARCO-RBAC,8000000,8000000,Post-filter,A1_reconstruction,0.4,3,0.349984,0.058884,
MS-MARCO-RBAC,8000000,8000000,Post-filter,A2_distinguishing,0.4,3,,,0.865
MS-MARCO-RBAC,8000000,8000000,Post-filter,A1_reconstruction,0.4,4,0.401204,0.057062,
MS-MARCO-RBAC,8000000,8000000,Post-filter,A2_distinguishing,0.4,4,,,0.865
MS-MARCO-RBAC,8000000,8000000,Post-filter,A1_reconstruction,0.4,5,0.379493,0.057057,
MS-MARCO-RBAC,8000000,8000000,Post-filter,A2_distinguishing,0.4,5,,,0.865
MS-MARCO-RBAC,8000000,8000000,Post-filter,A1_reconstruction,0.4,6,0.382452,0.052525,
MS-MARCO-RBAC,8000000,8000000,Post-filter,A2_distinguishing,0.4,6,,,0.865
MS-MARCO-RBAC,8000000,8000000,Post-filter,A1_reconstruction,0.4,7,0.394794,0.056617,
MS-MARCO-RBAC,8000000,8000000,Post-filter,A2_distinguishing,0.4,7,,,0.865
MS-MARCO-RBAC,8000000,8000000,Post-filter,A1_reconstruction,0.4,8,0.435032,0.061291,
MS-MARCO-RBAC,8000000,8000000,Post-filter,A2_distinguishing,0.4,8,,,0.865
MS-MARCO-RBAC,8000000,8000000,Post-filter,A1_reconstruction,0.4,9,0.368426,0.054767,
MS-MARCO-RBAC,8000000,8000000,Post-filter,A2_distinguishing,0.4,9,,,0.865
MS-MARCO-RBAC,8000000,8000000,Post-filter,A1_reconstruction,0.5,0,0.426797,0.065834,
MS-MARCO-RBAC,8000000,8000000,Post-filter,A2_distinguishing,0.5,0,,,0.865
MS-MARCO-RBAC,8000000,8000000,Post-filter,A1_reconstruction,0.5,1,0.421687,0.075145,
MS-MARCO-RBAC,8000000,8000000,Post-filter,A2_distinguishing,0.5,1,,,0.865
MS-MARCO-RBAC,8000000,8000000,Post-filter,A1_reconstruction,0.5,2,0.416757,0.070701,
MS-MARCO-RBAC,8000000,8000000,Post-filter,A2_distinguishing,0.5,2,,,0.865
MS-MARCO-RBAC,8000000,8000000,Post-filter,A1_reconstruction,0.5,3,0.412887,0.065308,
MS-MARCO-RBAC,8000000,8000000,Post-filter,A2_distinguishing,0.5,3,,,0.865
MS-MARCO-RBAC,8000000,8000000,Post-filter,A1_reconstruction,0.5,4,0.473773,0.058758,
MS-MARCO-RBAC,8000000,8000000,Post-filter,A2_distinguishing,0.5,4,,,0.865
MS-MARCO-RBAC,8000000,8000000,Post-filter,A1_reconstruction,0.5,5,0.406578,0.068682,
MS-MARCO-RBAC,8000000,8000000,Post-filter,A2_distinguishing,0.5,5,,,0.865
MS-MARCO-RBAC,8000000,8000000,Post-filter,A1_reconstruction,0.5,6,0.428874,0.049796,
MS-MARCO-RBAC,8000000,8000000,Post-filter,A2_distinguishing,0.5,6,,,0.865
MS-MARCO-RBAC,8000000,8000000,Post-filter,A1_reconstruction,0.5,7,0.406689,0.074321,
MS-MARCO-RBAC,8000000,8000000,Post-filter,A2_distinguishing,0.5,7,,,0.865
MS-MARCO-RBAC,8000000,8000000,Post-filter,A1_reconstruction,0.5,8,0.442096,0.074987,
MS-MARCO-RBAC,8000000,8000000,Post-filter,A2_distinguishing,0.5,8,,,0.865
MS-MARCO-RBAC,8000000,8000000,Post-filter,A1_reconstruction,0.5,9,0.439648,0.083825,
MS-MARCO-RBAC,8000000,8000000,Post-filter,A2_distinguishing,0.5,9,,,0.865
MS-MARCO-RBAC,8000000,8000000,ACORN,A1_reconstruction,0.1,0,0.384215,0.037167,
MS-MARCO-RBAC,8000000,8000000,ACORN,A2_distinguishing,0.1,0,,,0.595052
MS-MARCO-RBAC,8000000,8000000,ACORN,A1_reconstruction,0.1,1,0.33917,0.038531,
MS-MARCO-RBAC,8000000,8000000,ACORN,A2_distinguishing,0.1,1,,,0.575513
MS-MARCO-RBAC,8000000,8000000,ACORN,A1_reconstruction,0.1,2,0.321196,0.044151,
MS-MARCO-RBAC,8000000,8000000,ACORN,A2_distinguishing,0.1,2,,,0.563137
MS-MARCO-RBAC,8000000,8000000,ACORN,A1_reconstruction,0.1,3,0.320303,0.043749,
MS-MARCO-RBAC,8000000,8000000,ACORN,A2_distinguishing,0.1,3,,,0.562095
MS-MARCO-RBAC,8000000,8000000,ACORN,A1_reconstruction,0.1,4,0.332748,0.036294,
MS-MARCO-RBAC,8000000,8000000,ACORN,A2_distinguishing,0.1,4,,,0.560698
MS-MARCO-RBAC,8000000,8000000,ACORN,A1_reconstruction,0.1,5,0.331445,0.0428,
MS-MARCO-RBAC,8000000,8000000,ACORN,A2_distinguishing,0.1,5,,,0.566397
MS-MARCO-RBAC,8000000,8000000,ACORN,A1_reconstruction,0.1,6,0.36928,0.030743,
MS-MARCO-RBAC,8000000,8000000,ACORN,A2_distinguishing,0.1,6,,,0.576411
MS-MARCO-RBAC,8000000,8000000,ACORN,A1_reconstruction,0.1,7,0.33683,0.045437,
MS-MARCO-RBAC,8000000,8000000,ACORN,A2_distinguishing,0.1,7,,,0.563685
MS-MARCO-RBAC,8000000,8000000,ACORN,A1_reconstruction,0.1,8,0.378775,0.03661,
MS-MARCO-RBAC,8000000,8000000,ACORN,A2_distinguishing,0.1,8,,,0.588913
MS-MARCO-RBAC,8000000,8000000,ACORN,A1_reconstruction,0.1,9,0.303768,0.048561,
MS-MARCO-RBAC,8000000,8000000,ACORN,A2_distinguishing,0.1,9,,,0.547683
MS-MARCO-RBAC,8000000,8000000,ACORN,A1_reconstruction,0.2,0,0.34089,0.060645,
MS-MARCO-RBAC,8000000,8000000,ACORN,A2_distinguishing,0.2,0,,,0.579282
MS-MARCO-RBAC,8000000,8000000,ACORN,A1_reconstruction,0.2,1,0.367172,0.034672,
MS-MARCO-RBAC,8000000,8000000,ACORN,A2_distinguishing,0.2,1,,,0.597138
MS-MARCO-RBAC,8000000,8000000,ACORN,A1_reconstruction,0.2,2,0.399954,0.053892,
MS-MARCO-RBAC,8000000,8000000,ACORN,A2_distinguishing,0.2,2,,,0.609743
MS-MARCO-RBAC,8000000,8000000,ACORN,A1_reconstruction,0.2,3,0.399282,0.050328,
MS-MARCO-RBAC,8000000,8000000,ACORN,A2_distinguishing,0.2,3,,,0.612418
MS-MARCO-RBAC,8000000,8000000,ACORN,A1_reconstruction,0.2,4,0.364127,0.054555,
MS-MARCO-RBAC,8000000,8000000,ACORN,A2_distinguishing,0.2,4,,,0.588313
MS-MARCO-RBAC,8000000,8000000,ACORN,A1_reconstruction,0.2,5,0.348594,0.032273,
MS-MARCO-RBAC,8000000,8000000,ACORN,A2_distinguishing,0.2,5,,,0.584967
MS-MARCO-RBAC,8000000,8000000,ACORN,A1_reconstruction,0.2,6,0.360986,0.03915,
MS-MARCO-RBAC,8000000,8000000,ACORN,A2_distinguishing,0.2,6,,,0.580579
MS-MARCO-RBAC,8000000,8000000,ACORN,A1_reconstruction,0.2,7,0.395729,0.04835,
MS-MARCO-RBAC,8000000,8000000,ACORN,A2_distinguishing,0.2,7,,,0.611666
MS-MARCO-RBAC,8000000,8000000,ACORN,A1_reconstruction,0.2,8,0.358779,0.044355,
MS-MARCO-RBAC,8000000,8000000,ACORN,A2_distinguishing,0.2,8,,,0.586293
MS-MARCO-RBAC,8000000,8000000,ACORN,A1_reconstruction,0.2,9,0.378311,0.026987,
MS-MARCO-RBAC,8000000,8000000,ACORN,A2_distinguishing,0.2,9,,,0.599125
MS-MARCO-RBAC,8000000,8000000,ACORN,A1_reconstruction,0.3,0,0.410764,0.054646,
MS-MARCO-RBAC,8000000,8000000,ACORN,A2_distinguishing,0.3,0,,,0.619074
MS-MARCO-RBAC,8000000,8000000,ACORN,A1_reconstruction,0.3,1,0.386153,0.065679,
MS-MARCO-RBAC,8000000,8000000,ACORN,A2_distinguishing,0.3,1,,,0.602471
MS-MARCO-RBAC,8000000,8000000,ACORN,A1_reconstruction,0.3,2,0.401165,0.045048,
MS-MARCO-RBAC,8000000,8000000,ACORN,A2_distinguishing,0.3,2,,,0.614983
MS-MARCO-RBAC,8000000,8000000,ACORN,A1_reconstruction,0.3,3,0.403844,0.040659,
MS-MARCO-RBAC,8000000,8000000,ACORN,A2_distinguishing,0.3,3,,,0.613021
MS-MARCO-RBAC,8000000,8000000,ACORN,A1_reconstruction,0.3,4,0.361611,0.051246,
MS-MARCO-RBAC,8000000,8000000,ACORN,A2_distinguishing,0.3,4,,,0.58875
MS-MARCO-RBAC,8000000,8000000,ACORN,A1_reconstruction,0.3,5,0.417583,0.0667,
MS-MARCO-RBAC,8000000,8000000,ACORN,A2_distinguishing,0.3,5,,,0.625536
MS-MARCO-RBAC,8000000,8000000,ACORN,A1_reconstruction,0.3,6,0.392536,0.036867,
MS-MARCO-RBAC,8000000,8000000,ACORN,A2_distinguishing,0.3,6,,,0.608438
MS-MARCO-RBAC,8000000,8000000,ACORN,A1_reconstruction,0.3,7,0.438764,0.068789,
MS-MARCO-RBAC,8000000,8000000,ACORN,A2_distinguishing,0.3,7,,,0.646086
MS-MARCO-RBAC,8000000,8000000,ACORN,A1_reconstruction,0.3,8,0.393057,0.071838,
MS-MARCO-RBAC,8000000,8000000,ACORN,A2_distinguishing,0.3,8,,,0.607327
MS-MARCO-RBAC,8000000,8000000,ACORN,A1_reconstruction,0.3,9,0.355362,0.053919,
MS-MARCO-RBAC,8000000,8000000,ACORN,A2_distinguishing,0.3,9,,,0.596584
MS-MARCO-RBAC,8000000,8000000,ACORN,A1_reconstruction,0.4,0,0.364371,0.062408,
MS-MARCO-RBAC,8000000,8000000,ACORN,A2_distinguishing,0.4,0,,,0.60215
MS-MARCO-RBAC,8000000,8000000,ACORN,A1_reconstruction,0.4,1,0.425097,0.050437,
MS-MARCO-RBAC,8000000,8000000,ACORN,A2_distinguishing,0.4,1,,,0.637608
MS-MARCO-RBAC,8000000,8000000,ACORN,A1_reconstruction,0.4,2,0.408025,0.076108,
MS-MARCO-RBAC,8000000,8000000,ACORN,A2_distinguishing,0.4,2,,,0.629302
MS-MARCO-RBAC,8000000,8000000,ACORN,A1_reconstruction,0.4,3,0.402939,0.056898,
MS-MARCO-RBAC,8000000,8000000,ACORN,A2_distinguishing,0.4,3,,,0.624648
MS-MARCO-RBAC,8000000,8000000,ACORN,A1_reconstruction,0.4,4,0.392097,0.057704,
MS-MARCO-RBAC,8000000,8000000,ACORN,A2_distinguishing,0.4,4,,,0.61958
MS-MARCO-RBAC,8000000,8000000,ACORN,A1_reconstruction,0.4,5,0.436066,0.056817,
MS-MARCO-RBAC,8000000,8000000,ACORN,A2_distinguishing,0.4,5,,,0.640945
MS-MARCO-RBAC,8000000,8000000,ACORN,A1_reconstruction,0.4,6,0.402069,0.040101,
MS-MARCO-RBAC,8000000,8000000,ACORN,A2_distinguishing,0.4,6,,,0.623821
MS-MARCO-RBAC,8000000,8000000,ACORN,A1_reconstruction,0.4,7,0.42438,0.04608,
MS-MARCO-RBAC,8000000,8000000,ACORN,A2_distinguishing,0.4,7,,,0.635714
MS-MARCO-RBAC,8000000,8000000,ACORN,A1_reconstruction,0.4,8,0.429425,0.046904,
MS-MARCO-RBAC,8000000,8000000,ACORN,A2_distinguishing,0.4,8,,,0.639124
MS-MARCO-RBAC,8000000,8000000,ACORN,A1_reconstruction,0.4,9,0.432417,0.060098,
MS-MARCO-RBAC,8000000,8000000,ACORN,A2_distinguishing,0.4,9,,,0.644745
MS-MARCO-RBAC,8000000,8000000,ACORN,A1_reconstruction,0.5,0,0.402944,0.068908,
MS-MARCO-RBAC,8000000,8000000,ACORN,A2_distinguishing,0.5,0,,,0.634291
MS-MARCO-RBAC,8000000,8000000,ACORN,A1_reconstruction,0.5,1,0.410974,0.055964,
MS-MARCO-RBAC,8000000,8000000,ACORN,A2_distinguishing,0.5,1,,,0.634038
MS-MARCO-RBAC,8000000,8000000,ACORN,A1_reconstruction,0.5,2,0.408384,0.052029,
MS-MARCO-RBAC,8000000,8000000,ACORN,A2_distinguishing,0.5,2,,,0.639825
MS-MARCO-RBAC,8000000,8000000,ACORN,A1_reconstruction,0.5,3,0.45209,0.07469,
MS-MARCO-RBAC,8000000,8000000,ACORN,A2_distinguishing,0.5,3,,,0.657857
MS-MARCO-RBAC,8000000,8000000,ACORN,A1_reconstruction,0.5,4,0.408252,0.061633,
MS-MARCO-RBAC,8000000,8000000,ACORN,A2_distinguishing,0.5,4,,,0.639875
MS-MARCO-RBAC,8000000,8000000,ACORN,A1_reconstruction,0.5,5,0.466833,0.039272,
MS-MARCO-RBAC,8000000,8000000,ACORN,A2_distinguishing,0.5,5,,,0.669243
MS-MARCO-RBAC,8000000,8000000,ACORN,A1_reconstruction,0.5,6,0.428341,0.064951,
MS-MARCO-RBAC,8000000,8000000,ACORN,A2_distinguishing,0.5,6,,,0.647911
MS-MARCO-RBAC,8000000,8000000,ACORN,A1_reconstruction,0.5,7,0.35287,0.056511,
MS-MARCO-RBAC,8000000,8000000,ACORN,A2_distinguishing,0.5,7,,,0.604753
MS-MARCO-RBAC,8000000,8000000,ACORN,A1_reconstruction,0.5,8,0.39271,0.048109,
MS-MARCO-RBAC,8000000,8000000,ACORN,A2_distinguishing,0.5,8,,,0.626559
MS-MARCO-RBAC,8000000,8000000,ACORN,A1_reconstruction,0.5,9,0.459768,0.066632,
MS-MARCO-RBAC,8000000,8000000,ACORN,A2_distinguishing,0.5,9,,,0.666266
MS-MARCO-RBAC,8000000,8000000,HoneyBee,A1_reconstruction,0.1,0,0.394508,0.050367,
MS-MARCO-RBAC,8000000,8000000,HoneyBee,A2_distinguishing,0.1,0,,,0.591642
MS-MARCO-RBAC,8000000,8000000,HoneyBee,A1_reconstruction,0.1,1,0.348505,0.038005,
MS-MARCO-RBAC,8000000,8000000,HoneyBee,A2_distinguishing,0.1,1,,,0.565627
MS-MARCO-RBAC,8000000,8000000,HoneyBee,A1_reconstruction,0.1,2,0.367275,0.039249,
MS-MARCO-RBAC,8000000,8000000,HoneyBee,A2_distinguishing,0.1,2,,,0.575726
MS-MARCO-RBAC,8000000,8000000,HoneyBee,A1_reconstruction,0.1,3,0.399389,0.028199,
MS-MARCO-RBAC,8000000,8000000,HoneyBee,A2_distinguishing,0.1,3,,,0.592244
MS-MARCO-RBAC,8000000,8000000,HoneyBee,A1_reconstruction,0.1,4,0.33389,0.052812,
MS-MARCO-RBAC,8000000,8000000,HoneyBee,A2_distinguishing,0.1,4,,,0.563398
MS-MARCO-RBAC,8000000,8000000,HoneyBee,A1_reconstruction,0.1,5,0.315416,0.036489,
MS-MARCO-RBAC,8000000,8000000,HoneyBee,A2_distinguishing,0.1,5,,,0.544673
MS-MARCO-RBAC,8000000,8000000,HoneyBee,A1_reconstruction,0.1,6,0.351488,0.046351,
MS-MARCO-RBAC,8000000,8000000,HoneyBee,A2_distinguishing,0.1,6,,,0.56459
MS-MARCO-RBAC,8000000,8000000,HoneyBee,A1_reconstruction,0.1,7,0.364708,0.048259,
MS-MARCO-RBAC,8000000,8000000,HoneyBee,A2_distinguishing,0.1,7,,,0.577323
MS-MARCO-RBAC,8000000,8000000,HoneyBee,A1_reconstruction,0.1,8,0.36129,0.034674,
MS-MARCO-RBAC,8000000,8000000,HoneyBee,A2_distinguishing,0.1,8,,,0.569167
MS-MARCO-RBAC,8000000,8000000,HoneyBee,A1_reconstruction,0.1,9,0.389152,0.056436,
MS-MARCO-RBAC,8000000,8000000,HoneyBee,A2_distinguishing,0.1,9,,,0.588893
MS-MARCO-RBAC,8000000,8000000,HoneyBee,A1_reconstruction,0.2,0,0.402775,0.059558,
MS-MARCO-RBAC,8000000,8000000,HoneyBee,A2_distinguishing,0.2,0,,,0.60377
MS-MARCO-RBAC,8000000,8000000,HoneyBee,A1_reconstruction,0.2,1,0.390222,0.039651,
MS-MARCO-RBAC,8000000,8000000,HoneyBee,A2_distinguishing,0.2,1,,,0.593164
MS-MARCO-RBAC,8000000,8000000,HoneyBee,A1_reconstruction,0.2,2,0.34569,0.055183,
MS-MARCO-RBAC,8000000,8000000,HoneyBee,A2_distinguishing,0.2,2,,,0.563288
MS-MARCO-RBAC,8000000,8000000,HoneyBee,A1_reconstruction,0.2,3,0.376396,0.058928,
MS-MARCO-RBAC,8000000,8000000,HoneyBee,A2_distinguishing,0.2,3,,,0.583467
MS-MARCO-RBAC,8000000,8000000,HoneyBee,A1_reconstruction,0.2,4,0.409595,0.035538,
MS-MARCO-RBAC,8000000,8000000,HoneyBee,A2_distinguishing,0.2,4,,,0.601171
MS-MARCO-RBAC,8000000,8000000,HoneyBee,A1_reconstruction,0.2,5,0.357194,0.056224,
MS-MARCO-RBAC,8000000,8000000,HoneyBee,A2_distinguishing,0.2,5,,,0.573876
MS-MARCO-RBAC,8000000,8000000,HoneyBee,A1_reconstruction,0.2,6,0.390909,0.053856,
MS-MARCO-RBAC,8000000,8000000,HoneyBee,A2_distinguishing,0.2,6,,,0.594324
MS-MARCO-RBAC,8000000,8000000,HoneyBee,A1_reconstruction,0.2,7,0.375298,0.053619,
MS-MARCO-RBAC,8000000,8000000,HoneyBee,A2_distinguishing,0.2,7,,,0.585082
MS-MARCO-RBAC,8000000,8000000,HoneyBee,A1_reconstruction,0.2,8,0.349279,0.050131,
MS-MARCO-RBAC,8000000,8000000,HoneyBee,A2_distinguishing,0.2,8,,,0.57431
MS-MARCO-RBAC,8000000,8000000,HoneyBee,A1_reconstruction,0.2,9,0.383877,0.039476,
MS-MARCO-RBAC,8000000,8000000,HoneyBee,A2_distinguishing,0.2,9,,,0.583652
MS-MARCO-RBAC,8000000,8000000,HoneyBee,A1_reconstruction,0.3,0,0.394715,0.044304,
MS-MARCO-RBAC,8000000,8000000,HoneyBee,A2_distinguishing,0.3,0,,,0.599813
MS-MARCO-RBAC,8000000,8000000,HoneyBee,A1_reconstruction,0.3,1,0.379415,0.064687,
MS-MARCO-RBAC,8000000,8000000,HoneyBee,A2_distinguishing,0.3,1,,,0.586462
MS-MARCO-RBAC,8000000,8000000,HoneyBee,A1_reconstruction,0.3,2,0.342543,0.047781,
MS-MARCO-RBAC,8000000,8000000,HoneyBee,A2_distinguishing,0.3,2,,,0.572759
MS-MARCO-RBAC,8000000,8000000,HoneyBee,A1_reconstruction,0.3,3,0.408315,0.05506,
MS-MARCO-RBAC,8000000,8000000,HoneyBee,A2_distinguishing,0.3,3,,,0.606351
MS-MARCO-RBAC,8000000,8000000,HoneyBee,A1_reconstruction,0.3,4,0.373514,0.048541,
MS-MARCO-RBAC,8000000,8000000,HoneyBee,A2_distinguishing,0.3,4,,,0.58671
MS-MARCO-RBAC,8000000,8000000,HoneyBee,A1_reconstruction,0.3,5,0.405328,0.031851,
MS-MARCO-RBAC,8000000,8000000,HoneyBee,A2_distinguishing,0.3,5,,,0.606518
MS-MARCO-RBAC,8000000,8000000,HoneyBee,A1_reconstruction,0.3,6,0.378556,0.045272,
MS-MARCO-RBAC,8000000,8000000,HoneyBee,A2_distinguishing,0.3,6,,,0.585521
MS-MARCO-RBAC,8000000,8000000,HoneyBee,A1_reconstruction,0.3,7,0.389719,0.048865,
MS-MARCO-RBAC,8000000,8000000,HoneyBee,A2_distinguishing,0.3,7,,,0.602338
MS-MARCO-RBAC,8000000,8000000,HoneyBee,A1_reconstruction,0.3,8,0.407322,0.039762,
MS-MARCO-RBAC,8000000,8000000,HoneyBee,A2_distinguishing,0.3,8,,,0.609248
MS-MARCO-RBAC,8000000,8000000,HoneyBee,A1_reconstruction,0.3,9,0.387471,0.056022,
MS-MARCO-RBAC,8000000,8000000,HoneyBee,A2_distinguishing,0.3,9,,,0.59893
MS-MARCO-RBAC,8000000,8000000,HoneyBee,A1_reconstruction,0.4,0,0.420907,0.061662,
MS-MARCO-RBAC,8000000,8000000,HoneyBee,A2_distinguishing,0.4,0,,,0.622036
MS-MARCO-RBAC,8000000,8000000,HoneyBee,A1_reconstruction,0.4,1,0.370116,0.071795,
MS-MARCO-RBAC,8000000,8000000,HoneyBee,A2_distinguishing,0.4,1,,,0.587273
MS-MARCO-RBAC,8000000,8000000,HoneyBee,A1_reconstruction,0.4,2,0.383592,0.037691,
MS-MARCO-RBAC,8000000,8000000,HoneyBee,A2_distinguishing,0.4,2,,,0.599309
MS-MARCO-RBAC,8000000,8000000,HoneyBee,A1_reconstruction,0.4,3,0.410724,0.042607,
MS-MARCO-RBAC,8000000,8000000,HoneyBee,A2_distinguishing,0.4,3,,,0.609816
MS-MARCO-RBAC,8000000,8000000,HoneyBee,A1_reconstruction,0.4,4,0.426205,0.068371,
MS-MARCO-RBAC,8000000,8000000,HoneyBee,A2_distinguishing,0.4,4,,,0.623643
MS-MARCO-RBAC,8000000,8000000,HoneyBee,A1_reconstruction,0.4,5,0.400245,0.065066,
MS-MARCO-RBAC,8000000,8000000,HoneyBee,A2_distinguishing,0.4,5,,,0.603087
MS-MARCO-RBAC,8000000,8000000,HoneyBee,A1_reconstruction,0.4,6,0.426246,0.073328,
MS-MARCO-RBAC,8000000,8000000,HoneyBee,A2_distinguishing,0.4,6,,,0.620586
MS-MARCO-RBAC,8000000,8000000,HoneyBee,A1_reconstruction,0.4,7,0.363327,0.049819,
MS-MARCO-RBAC,8000000,8000000,HoneyBee,A2_distinguishing,0.4,7,,,0.589887
MS-MARCO-RBAC,8000000,8000000,HoneyBee,A1_reconstruction,0.4,8,0.383633,0.054095,
MS-MARCO-RBAC,8000000,8000000,HoneyBee,A2_distinguishing,0.4,8,,,0.597667
MS-MARCO-RBAC,8000000,8000000,HoneyBee,A1_reconstruction,0.4,9,0.348692,0.070276,
MS-MARCO-RBAC,8000000,8000000,HoneyBee,A2_distinguishing,0.4,9,,,0.57756
MS-MARCO-RBAC,8000000,8000000,HoneyBee,A1_reconstruction,0.5,0,0.426806,0.058642,
MS-MARCO-RBAC,8000000,8000000,HoneyBee,A2_distinguishing,0.5,0,,,0.634178
MS-MARCO-RBAC,8000000,8000000,HoneyBee,A1_reconstruction,0.5,1,0.480814,0.07492,
MS-MARCO-RBAC,8000000,8000000,HoneyBee,A2_distinguishing,0.5,1,,,0.659167
MS-MARCO-RBAC,8000000,8000000,HoneyBee,A1_reconstruction,0.5,2,0.443632,0.064176,
MS-MARCO-RBAC,8000000,8000000,HoneyBee,A2_distinguishing,0.5,2,,,0.638722
MS-MARCO-RBAC,8000000,8000000,HoneyBee,A1_reconstruction,0.5,3,0.437455,0.085025,
MS-MARCO-RBAC,8000000,8000000,HoneyBee,A2_distinguishing,0.5,3,,,0.630295
MS-MARCO-RBAC,8000000,8000000,HoneyBee,A1_reconstruction,0.5,4,0.409233,0.063517,
MS-MARCO-RBAC,8000000,8000000,HoneyBee,A2_distinguishing,0.5,4,,,0.621178
MS-MARCO-RBAC,8000000,8000000,HoneyBee,A1_reconstruction,0.5,5,0.444086,0.070104,
MS-MARCO-RBAC,8000000,8000000,HoneyBee,A2_distinguishing,0.5,5,,,0.639554
MS-MARCO-RBAC,8000000,8000000,HoneyBee,A1_reconstruction,0.5,6,0.444399,0.07477,
MS-MARCO-RBAC,8000000,8000000,HoneyBee,A2_distinguishing,0.5,6,,,0.634856
MS-MARCO-RBAC,8000000,8000000,HoneyBee,A1_reconstruction,0.5,7,0.443913,0.068929,
MS-MARCO-RBAC,8000000,8000000,HoneyBee,A2_distinguishing,0.5,7,,,0.632171
MS-MARCO-RBAC,8000000,8000000,HoneyBee,A1_reconstruction,0.5,8,0.424239,0.050889,
MS-MARCO-RBAC,8000000,8000000,HoneyBee,A2_distinguishing,0.5,8,,,0.622938
MS-MARCO-RBAC,8000000,8000000,HoneyBee,A1_reconstruction,0.5,9,0.4248,0.061187,
MS-MARCO-RBAC,8000000,8000000,HoneyBee,A2_distinguishing,0.5,9,,,0.620806
MS-MARCO-RBAC,8000000,8000000,SPFresh,A1_reconstruction,0.1,0,0.334448,0.049506,
MS-MARCO-RBAC,8000000,8000000,SPFresh,A2_distinguishing,0.1,0,,,0.611563
MS-MARCO-RBAC,8000000,8000000,SPFresh,A1_reconstruction,0.1,1,0.366967,0.051286,
MS-MARCO-RBAC,8000000,8000000,SPFresh,A2_distinguishing,0.1,1,,,0.630901
MS-MARCO-RBAC,8000000,8000000,SPFresh,A1_reconstruction,0.1,2,0.378778,0.041428,
MS-MARCO-RBAC,8000000,8000000,SPFresh,A2_distinguishing,0.1,2,,,0.634402
MS-MARCO-RBAC,8000000,8000000,SPFresh,A1_reconstruction,0.1,3,0.345839,0.036926,
MS-MARCO-RBAC,8000000,8000000,SPFresh,A2_distinguishing,0.1,3,,,0.613299
MS-MARCO-RBAC,8000000,8000000,SPFresh,A1_reconstruction,0.1,4,0.408384,0.05529,
MS-MARCO-RBAC,8000000,8000000,SPFresh,A2_distinguishing,0.1,4,,,0.655371
MS-MARCO-RBAC,8000000,8000000,SPFresh,A1_reconstruction,0.1,5,0.321613,0.052726,
MS-MARCO-RBAC,8000000,8000000,SPFresh,A2_distinguishing,0.1,5,,,0.599043
MS-MARCO-RBAC,8000000,8000000,SPFresh,A1_reconstruction,0.1,6,0.288619,0.045074,
MS-MARCO-RBAC,8000000,8000000,SPFresh,A2_distinguishing,0.1,6,,,0.581325
MS-MARCO-RBAC,8000000,8000000,SPFresh,A1_reconstruction,0.1,7,0.368863,0.047835,
MS-MARCO-RBAC,8000000,8000000,SPFresh,A2_distinguishing,0.1,7,,,0.63412
MS-MARCO-RBAC,8000000,8000000,SPFresh,A1_reconstruction,0.1,8,0.367312,0.039071,
MS-MARCO-RBAC,8000000,8000000,SPFresh,A2_distinguishing,0.1,8,,,0.621892
MS-MARCO-RBAC,8000000,8000000,SPFresh,A1_reconstruction,0.1,9,0.344543,0.068108,
MS-MARCO-RBAC,8000000,8000000,SPFresh,A2_distinguishing,0.1,9,,,0.619814
MS-MARCO-RBAC,8000000,8000000,SPFresh,A1_reconstruction,0.2,0,0.361626,0.040931,
MS-MARCO-RBAC,8000000,8000000,SPFresh,A2_distinguishing,0.2,0,,,0.645871
MS-MARCO-RBAC,8000000,8000000,SPFresh,A1_reconstruction,0.2,1,0.367899,0.051909,
MS-MARCO-RBAC,8000000,8000000,SPFresh,A2_distinguishing,0.2,1,,,0.642902
MS-MARCO-RBAC,8000000,8000000,SPFresh,A1_reconstruction,0.2,2,0.369019,0.025896,
MS-MARCO-RBAC,8000000,8000000,SPFresh,A2_distinguishing,0.2,2,,,0.648236
MS-MARCO-RBAC,8000000,8000000,SPFresh,A1_reconstruction,0.2,3,0.332015,0.045333,
MS-MARCO-RBAC,8000000,8000000,SPFresh,A2_distinguishing,0.2,3,,,0.624655
MS-MARCO-RBAC,8000000,8000000,SPFresh,A1_reconstruction,0.2,4,0.418259,0.033334,
MS-MARCO-RBAC,8000000,8000000,SPFresh,A2_distinguishing,0.2,4,,,0.676414
MS-MARCO-RBAC,8000000,8000000,SPFresh,A1_reconstruction,0.2,5,0.404392,0.045659,
MS-MARCO-RBAC,8000000,8000000,SPFresh,A2_distinguishing,0.2,5,,,0.667118
MS-MARCO-RBAC,8000000,8000000,SPFresh,A1_reconstruction,0.2,6,0.377457,0.042424,
MS-MARCO-RBAC,8000000,8000000,SPFresh,A2_distinguishing,0.2,6,,,0.657332
MS-MARCO-RBAC,8000000,8000000,SPFresh,A1_reconstruction,0.2,7,0.386625,0.029133,
MS-MARCO-RBAC,8000000,8000000,SPFresh,A2_distinguishing,0.2,7,,,0.659197
MS-MARCO-RBAC,8000000,8000000,SPFresh,A1_reconstruction,0.2,8,0.390378,0.034899,
MS-MARCO-RBAC,8000000,8000000,SPFresh,A2_distinguishing,0.2,8,,,0.660279
MS-MARCO-RBAC,8000000,8000000,SPFresh,A1_reconstruction,0.2,9,0.329207,0.04832,
MS-MARCO-RBAC,8000000,8000000,SPFresh,A2_distinguishing,0.2,9,,,0.631432
MS-MARCO-RBAC,8000000,8000000,SPFresh,A1_reconstruction,0.3,0,0.378333,0.058322,
MS-MARCO-RBAC,8000000,8000000,SPFresh,A2_distinguishing,0.3,0,,,0.672072
MS-MARCO-RBAC,8000000,8000000,SPFresh,A1_reconstruction,0.3,1,0.375358,0.053575,
MS-MARCO-RBAC,8000000,8000000,SPFresh,A2_distinguishing,0.3,1,,,0.657924
MS-MARCO-RBAC,8000000,8000000,SPFresh,A1_reconstruction,0.3,2,0.352186,0.065905,
MS-MARCO-RBAC,8000000,8000000,SPFresh,A2_distinguishing,0.3,2,,,0.654031
MS-MARCO-RBAC,8000000,8000000,SPFresh,A1_reconstruction,0.3,3,0.412907,0.041396,
MS-MARCO-RBAC,8000000,8000000,SPFresh,A2_distinguishing,0.3,3,,,0.692919
MS-MARCO-RBAC,8000000,8000000,SPFresh,A1_reconstruction,0.3,4,0.395827,0.044627,
MS-MARCO-RBAC,8000000,8000000,SPFresh,A2_distinguishing,0.3,4,,,0.683431
MS-MARCO-RBAC,8000000,8000000,SPFresh,A1_reconstruction,0.3,5,0.381125,0.039733,
MS-MARCO-RBAC,8000000,8000000,SPFresh,A2_distinguishing,0.3,5,,,0.668483
MS-MARCO-RBAC,8000000,8000000,SPFresh,A1_reconstruction,0.3,6,0.405065,0.058308,
MS-MARCO-RBAC,8000000,8000000,SPFresh,A2_distinguishing,0.3,6,,,0.689118
MS-MARCO-RBAC,8000000,8000000,SPFresh,A1_reconstruction,0.3,7,0.375465,0.056123,
MS-MARCO-RBAC,8000000,8000000,SPFresh,A2_distinguishing,0.3,7,,,0.672306
MS-MARCO-RBAC,8000000,8000000,SPFresh,A1_reconstruction,0.3,8,0.381288,0.061453,
MS-MARCO-RBAC,8000000,8000000,SPFresh,A2_distinguishing,0.3,8,,,0.671652
MS-MARCO-RBAC,8000000,8000000,SPFresh,A1_reconstruction,0.3,9,0.400732,0.043103,
MS-MARCO-RBAC,8000000,8000000,SPFresh,A2_distinguishing,0.3,9,,,0.684402
MS-MARCO-RBAC,8000000,8000000,SPFresh,A1_reconstruction,0.4,0,0.428579,0.0619,
MS-MARCO-RBAC,8000000,8000000,SPFresh,A2_distinguishing,0.4,0,,,0.717684
MS-MARCO-RBAC,8000000,8000000,SPFresh,A1_reconstruction,0.4,1,0.409247,0.065005,
MS-MARCO-RBAC,8000000,8000000,SPFresh,A2_distinguishing,0.4,1,,,0.709603
MS-MARCO-RBAC,8000000,8000000,SPFresh,A1_reconstruction,0.4,2,0.412575,0.052147,
MS-MARCO-RBAC,8000000,8000000,SPFresh,A2_distinguishing,0.4,2,,,0.704677
MS-MARCO-RBAC,8000000,8000000,SPFresh,A1_reconstruction,0.4,3,0.436935,0.049001,
MS-MARCO-RBAC,8000000,8000000,SPFresh,A2_distinguishing,0.4,3,,,0.727794
MS-MARCO-RBAC,8000000,8000000,SPFresh,A1_reconstruction,0.4,4,0.444722,0.053326,
MS-MARCO-RBAC,8000000,8000000,SPFresh,A2_distinguishing,0.4,4,,,0.723743
MS-MARCO-RBAC,8000000,8000000,SPFresh,A1_reconstruction,0.4,5,0.405374,0.044489,
MS-MARCO-RBAC,8000000,8000000,SPFresh,A2_distinguishing,0.4,5,,,0.704985
MS-MARCO-RBAC,8000000,8000000,SPFresh,A1_reconstruction,0.4,6,0.414791,0.069193,
MS-MARCO-RBAC,8000000,8000000,SPFresh,A2_distinguishing,0.4,6,,,0.705108
MS-MARCO-RBAC,8000000,8000000,SPFresh,A1_reconstruction,0.4,7,0.397583,0.057215,
MS-MARCO-RBAC,8000000,8000000,SPFresh,A2_distinguishing,0.4,7,,,0.699455
MS-MARCO-RBAC,8000000,8000000,SPFresh,A1_reconstruction,0.4,8,0.393462,0.040397,
MS-MARCO-RBAC,8000000,8000000,SPFresh,A2_distinguishing,0.4,8,,,0.701812
MS-MARCO-RBAC,8000000,8000000,SPFresh,A1_reconstruction,0.4,9,0.409926,0.056808,
MS-MARCO-RBAC,8000000,8000000,SPFresh,A2_distinguishing,0.4,9,,,0.706962
MS-MARCO-RBAC,8000000,8000000,SPFresh,A1_reconstruction,0.5,0,0.370412,0.057701,
MS-MARCO-RBAC,8000000,8000000,SPFresh,A2_distinguishing,0.5,0,,,0.695738
MS-MARCO-RBAC,8000000,8000000,SPFresh,A1_reconstruction,0.5,1,0.449365,0.064081,
MS-MARCO-RBAC,8000000,8000000,SPFresh,A2_distinguishing,0.5,1,,,0.742026
MS-MARCO-RBAC,8000000,8000000,SPFresh,A1_reconstruction,0.5,2,0.356365,0.06265,
MS-MARCO-RBAC,8000000,8000000,SPFresh,A2_distinguishing,0.5,2,,,0.687953
MS-MARCO-RBAC,8000000,8000000,SPFresh,A1_reconstruction,0.5,3,0.371966,0.063587,
MS-MARCO-RBAC,8000000,8000000,SPFresh,A2_distinguishing,0.5,3,,,0.705085
MS-MARCO-RBAC,8000000,8000000,SPFresh,A1_reconstruction,0.5,4,0.377643,0.05891,
MS-MARCO-RBAC,8000000,8000000,SPFresh,A2_distinguishing,0.5,4,,,0.700523
MS-MARCO-RBAC,8000000,8000000,SPFresh,A1_reconstruction,0.5,5,0.393945,0.074342,
MS-MARCO-RBAC,8000000,8000000,SPFresh,A2_distinguishing,0.5,5,,,0.714418
MS-MARCO-RBAC,8000000,8000000,SPFresh,A1_reconstruction,0.5,6,0.442658,0.069136,
MS-MARCO-RBAC,8000000,8000000,SPFresh,A2_distinguishing,0.5,6,,,0.738749
MS-MARCO-RBAC,8000000,8000000,SPFresh,A1_reconstruction,0.5,7,0.403997,0.066393,
MS-MARCO-RBAC,8000000,8000000,SPFresh,A2_distinguishing,0.5,7,,,0.723299
MS-MARCO-RBAC,8000000,8000000,SPFresh,A1_reconstruction,0.5,8,0.409342,0.06676,
MS-MARCO-RBAC,8000000,8000000,SPFresh,A2_distinguishing,0.5,8,,,0.717051
MS-MARCO-RBAC,8000000,8000000,SPFresh,A1_reconstruction,0.5,9,0.402163,0.06599,
MS-MARCO-RBAC,8000000,8000000,SPFresh,A2_distinguishing,0.5,9,,,0.722735
MS-MARCO-RBAC,8000000,8000000,Lethe,A1_reconstruction,0.1,0,0.007585,0.000531,
MS-MARCO-RBAC,8000000,8000000,Lethe,A2_distinguishing,0.1,0,,,0.511963
MS-MARCO-RBAC,8000000,8000000,Lethe,A1_reconstruction,0.1,1,0.004315,0.001098,
MS-MARCO-RBAC,8000000,8000000,Lethe,A2_distinguishing,0.1,1,,,0.503788
MS-MARCO-RBAC,8000000,8000000,Lethe,A1_reconstruction,0.1,2,0.007877,0.002609,
MS-MARCO-RBAC,8000000,8000000,Lethe,A2_distinguishing,0.1,2,,,0.512693
MS-MARCO-RBAC,8000000,8000000,Lethe,A1_reconstruction,0.1,3,0.008954,0.000766,
MS-MARCO-RBAC,8000000,8000000,Lethe,A2_distinguishing,0.1,3,,,0.515386
MS-MARCO-RBAC,8000000,8000000,Lethe,A1_reconstruction,0.1,4,0.001077,0.001827,
MS-MARCO-RBAC,8000000,8000000,Lethe,A2_distinguishing,0.1,4,,,0.495694
MS-MARCO-RBAC,8000000,8000000,Lethe,A1_reconstruction,0.1,5,0.001366,0.001448,
MS-MARCO-RBAC,8000000,8000000,Lethe,A2_distinguishing,0.1,5,,,0.496414
MS-MARCO-RBAC,8000000,8000000,Lethe,A1_reconstruction,0.1,6,0.010278,0.000523,
MS-MARCO-RBAC,8000000,8000000,Lethe,A2_distinguishing,0.1,6,,,0.518694
MS-MARCO-RBAC,8000000,8000000,Lethe,A1_reconstruction,0.1,7,0.017399,0.000101,
MS-MARCO-RBAC,8000000,8000000,Lethe,A2_distinguishing,0.1,7,,,0.535
MS-MARCO-RBAC,8000000,8000000,Lethe,A1_reconstruction,0.1,8,0.007176,0.0,
MS-MARCO-RBAC,8000000,8000000,Lethe,A2_distinguishing,0.1,8,,,0.510939
MS-MARCO-RBAC,8000000,8000000,Lethe,A1_reconstruction,0.1,9,0.007695,0.000831,
MS-MARCO-RBAC,8000000,8000000,Lethe,A2_distinguishing,0.1,9,,,0.512237
MS-MARCO-RBAC,8000000,8000000,Lethe,A1_reconstruction,0.2,0,0.004505,0.0,
MS-MARCO-RBAC,8000000,8000000,Lethe,A2_distinguishing,0.2,0,,,0.504261
MS-MARCO-RBAC,8000000,8000000,Lethe,A1_reconstruction,0.2,1,0.006541,0.001051,
MS-MARCO-RBAC,8000000,8000000,Lethe,A2_distinguishing,0.2,1,,,0.509353
MS-MARCO-RBAC,8000000,8000000,Lethe,A1_reconstruction,0.2,2,0.009328,0.001813,
MS-MARCO-RBAC,8000000,8000000,Lethe,A2_distinguishing,0.2,2,,,0.516319
MS-MARCO-RBAC,8000000,8000000,Lethe,A1_reconstruction,0.2,3,0.00687,0.001176,
MS-MARCO-RBAC,8000000,8000000,Lethe,A2_distinguishing,0.2,3,,,0.510175
MS-MARCO-RBAC,8000000,8000000,Lethe,A1_reconstruction,0.2,4,0.005407,0.001079,
MS-MARCO-RBAC,8000000,8000000,Lethe,A2_distinguishing,0.2,4,,,0.506517
MS-MARCO-RBAC,8000000,8000000,Lethe,A1_reconstruction,0.2,5,0.00051,0.0,
MS-MARCO-RBAC,8000000,8000000,Lethe,A2_distinguishing,0.2,5,,,0.494275
MS-MARCO-RBAC,8000000,8000000,Lethe,A1_reconstruction,0.2,6,0.008894,0.0013,
MS-MARCO-RBAC,8000000,8000000,Lethe,A2_distinguishing,0.2,6,,,0.515235
MS-MARCO-RBAC,8000000,8000000,Lethe,A1_reconstruction,0.2,7,0.000527,0.002819,
MS-MARCO-RBAC,8000000,8000000,Lethe,A2_distinguishing,0.2,7,,,0.494317
MS-MARCO-RBAC,8000000,8000000,Lethe,A1_reconstruction,0.2,8,0.007587,0.000554,
MS-MARCO-RBAC,8000000,8000000,Lethe,A2_distinguishing,0.2,8,,,0.511968
MS-MARCO-RBAC,8000000,8000000,Lethe,A1_reconstruction,0.2,9,0.007069,0.001831,
MS-MARCO-RBAC,8000000,8000000,Lethe,A2_distinguishing,0.2,9,,,0.510673
MS-MARCO-RBAC,8000000,8000000,Lethe,A1_reconstruction,0.3,0,0.003752,0.001482,
MS-MARCO-RBAC,8000000,8000000,Lethe,A2_distinguishing,0.3,0,,,0.50238
MS-MARCO-RBAC,8000000,8000000,Lethe,A1_reconstruction,0.3,1,0.00605,0.000909,
MS-MARCO-RBAC,8000000,8000000,Lethe,A2_distinguishing,0.3,1,,,0.508125
MS-MARCO-RBAC,8000000,8000000,Lethe,A1_reconstruction,0.3,2,0.005905,0.001704,
MS-MARCO-RBAC,8000000,8000000,Lethe,A2_distinguishing,0.3,2,,,0.507762
MS-MARCO-RBAC,8000000,8000000,Lethe,A1_reconstruction,0.3,3,0.003628,0.000177,
MS-MARCO-RBAC,8000000,8000000,Lethe,A2_distinguishing,0.3,3,,,0.502071
MS-MARCO-RBAC,8000000,8000000,Lethe,A1_reconstruction,0.3,4,0.008836,0.0,
MS-MARCO-RBAC,8000000,8000000,Lethe,A2_distinguishing,0.3,4,,,0.515091
MS-MARCO-RBAC,8000000,8000000,Lethe,A1_reconstruction,0.3,5,0.008609,0.0,
MS-MARCO-RBAC,8000000,8000000,Lethe,A2_distinguishing,0.3,5,,,0.514523
MS-MARCO-RBAC,8000000,8000000,Lethe,A1_reconstruction,0.3,6,0.009704,0.000447,
MS-MARCO-RBAC,8000000,8000000,Lethe,A2_distinguishing,0.3,6,,,0.517261
MS-MARCO-RBAC,8000000,8000000,Lethe,A1_reconstruction,0.3,7,0.012765,0.002092,
MS-MARCO-RBAC,8000000,8000000,Lethe,A2_distinguishing,0.3,7,,,0.524913
MS-MARCO-RBAC,8000000,8000000,Lethe,A1_reconstruction,0.3,8,0.005055,0.001306,
MS-MARCO-RBAC,8000000,8000000,Lethe,A2_distinguishing,0.3,8,,,0.505637
MS-MARCO-RBAC,8000000,8000000,Lethe,A1_reconstruction,0.3,9,0.003349,0.000259,
MS-MARCO-RBAC,8000000,8000000,Lethe,A2_distinguishing,0.3,9,,,0.501372
MS-MARCO-RBAC,8000000,8000000,Lethe,A1_reconstruction,0.4,0,0.002186,0.000591,
MS-MARCO-RBAC,8000000,8000000,Lethe,A2_distinguishing,0.4,0,,,0.498464
MS-MARCO-RBAC,8000000,8000000,Lethe,A1_reconstruction,0.4,1,0.00483,0.0,
MS-MARCO-RBAC,8000000,8000000,Lethe,A2_distinguishing,0.4,1,,,0.505076
MS-MARCO-RBAC,8000000,8000000,Lethe,A1_reconstruction,0.4,2,0.008389,0.001254,
MS-MARCO-RBAC,8000000,8000000,Lethe,A2_distinguishing,0.4,2,,,0.513973
MS-MARCO-RBAC,8000000,8000000,Lethe,A1_reconstruction,0.4,3,0.0,0.000534,
MS-MARCO-RBAC,8000000,8000000,Lethe,A2_distinguishing,0.4,3,,,0.485
MS-MARCO-RBAC,8000000,8000000,Lethe,A1_reconstruction,0.4,4,0.010911,0.001033,
MS-MARCO-RBAC,8000000,8000000,Lethe,A2_distinguishing,0.4,4,,,0.520277
MS-MARCO-RBAC,8000000,8000000,Lethe,A1_reconstruction,0.4,5,0.009159,0.001009,
MS-MARCO-RBAC,8000000,8000000,Lethe,A2_distinguishing,0.4,5,,,0.515897
MS-MARCO-RBAC,8000000,8000000,Lethe,A1_reconstruction,0.4,6,0.007855,0.002494,
MS-MARCO-RBAC,8000000,8000000,Lethe,A2_distinguishing,0.4,6,,,0.512639
MS-MARCO-RBAC,8000000,8000000,Lethe,A1_reconstruction,0.4,7,0.003264,0.0,
MS-MARCO-RBAC,8000000,8000000,Lethe,A2_distinguishing,0.4,7,,,0.50116
MS-MARCO-RBAC,8000000,8000000,Lethe,A1_reconstruction,0.4,8,0.012466,0.001264,
MS-MARCO-RBAC,8000000,8000000,Lethe,A2_distinguishing,0.4,8,,,0.524165
MS-MARCO-RBAC,8000000,8000000,Lethe,A1_reconstruction,0.4,9,0.005784,9.2e-05,
MS-MARCO-RBAC,8000000,8000000,Lethe,A2_distinguishing,0.4,9,,,0.507459
MS-MARCO-RBAC,8000000,8000000,Lethe,A1_reconstruction,0.5,0,0.000688,0.001527,
MS-MARCO-RBAC,8000000,8000000,Lethe,A2_distinguishing,0.5,0,,,0.49472
MS-MARCO-RBAC,8000000,8000000,Lethe,A1_reconstruction,0.5,1,0.007428,0.001698,
MS-MARCO-RBAC,8000000,8000000,Lethe,A2_distinguishing,0.5,1,,,0.51157
MS-MARCO-RBAC,8000000,8000000,Lethe,A1_reconstruction,0.5,2,0.0046,0.001326,
MS-MARCO-RBAC,8000000,8000000,Lethe,A2_distinguishing,0.5,2,,,0.504499
MS-MARCO-RBAC,8000000,8000000,Lethe,A1_reconstruction,0.5,3,0.007166,0.000798,
MS-MARCO-RBAC,8000000,8000000,Lethe,A2_distinguishing,0.5,3,,,0.510914
MS-MARCO-RBAC,8000000,8000000,Lethe,A1_reconstruction,0.5,4,0.003681,0.004251,
MS-MARCO-RBAC,8000000,8000000,Lethe,A2_distinguishing,0.5,4,,,0.502203
MS-MARCO-RBAC,8000000,8000000,Lethe,A1_reconstruction,0.5,5,0.004639,0.001979,
MS-MARCO-RBAC,8000000,8000000,Lethe,A2_distinguishing,0.5,5,,,0.504596
MS-MARCO-RBAC,8000000,8000000,Lethe,A1_reconstruction,0.5,6,0.0,0.000747,
MS-MARCO-RBAC,8000000,8000000,Lethe,A2_distinguishing,0.5,6,,,0.491328
MS-MARCO-RBAC,8000000,8000000,Lethe,A1_reconstruction,0.5,7,0.009472,0.001258,
MS-MARCO-RBAC,8000000,8000000,Lethe,A2_distinguishing,0.5,7,,,0.516681
MS-MARCO-RBAC,8000000,8000000,Lethe,A1_reconstruction,0.5,8,0.003643,0.00057,
MS-MARCO-RBAC,8000000,8000000,Lethe,A2_distinguishing,0.5,8,,,0.502108
MS-MARCO-RBAC,8000000,8000000,Lethe,A1_reconstruction,0.5,9,0.001868,0.0,
MS-MARCO-RBAC,8000000,8000000,Lethe,A2_distinguishing,0.5,9,,,0.49767
MS-MARCO-RBAC,8000000,8000000,Physical-delete,A1_reconstruction,0.1,0,0.010996,0.0,
MS-MARCO-RBAC,8000000,8000000,Physical-delete,A2_distinguishing,0.1,0,,,0.520489
MS-MARCO-RBAC,8000000,8000000,Physical-delete,A1_reconstruction,0.1,1,0.00687,0.000712,
MS-MARCO-RBAC,8000000,8000000,Physical-delete,A2_distinguishing,0.1,1,,,0.510174
MS-MARCO-RBAC,8000000,8000000,Physical-delete,A1_reconstruction,0.1,2,0.007286,0.001692,
MS-MARCO-RBAC,8000000,8000000,Physical-delete,A2_distinguishing,0.1,2,,,0.511214
MS-MARCO-RBAC,8000000,8000000,Physical-delete,A1_reconstruction,0.1,3,0.006614,0.000132,
MS-MARCO-RBAC,8000000,8000000,Physical-delete,A2_distinguishing,0.1,3,,,0.509534
MS-MARCO-RBAC,8000000,8000000,Physical-delete,A1_reconstruction,0.1,4,0.00795,0.000716,
MS-MARCO-RBAC,8000000,8000000,Physical-delete,A2_distinguishing,0.1,4,,,0.512874
MS-MARCO-RBAC,8000000,8000000,Physical-delete,A1_reconstruction,0.1,5,0.008741,0.002313,
MS-MARCO-RBAC,8000000,8000000,Physical-delete,A2_distinguishing,0.1,5,,,0.514853
MS-MARCO-RBAC,8000000,8000000,Physical-delete,A1_reconstruction,0.1,6,0.001728,0.001138,
MS-MARCO-RBAC,8000000,8000000,Physical-delete,A2_distinguishing,0.1,6,,,0.49732
MS-MARCO-RBAC,8000000,8000000,Physical-delete,A1_reconstruction,0.1,7,0.004047,0.000529,
MS-MARCO-RBAC,8000000,8000000,Physical-delete,A2_distinguishing,0.1,7,,,0.503119
MS-MARCO-RBAC,8000000,8000000,Physical-delete,A1_reconstruction,0.1,8,0.002298,0.000381,
MS-MARCO-RBAC,8000000,8000000,Physical-delete,A2_distinguishing,0.1,8,,,0.498745
MS-MARCO-RBAC,8000000,8000000,Physical-delete,A1_reconstruction,0.1,9,0.007431,0.000316,
MS-MARCO-RBAC,8000000,8000000,Physical-delete,A2_distinguishing,0.1,9,,,0.511577
MS-MARCO-RBAC,8000000,8000000,Physical-delete,A1_reconstruction,0.2,0,0.008798,0.00125,
MS-MARCO-RBAC,8000000,8000000,Physical-delete,A2_distinguishing,0.2,0,,,0.514994
MS-MARCO-RBAC,8000000,8000000,Physical-delete,A1_reconstruction,0.2,1,0.002888,0.001933,
MS-MARCO-RBAC,8000000,8000000,Physical-delete,A2_distinguishing,0.2,1,,,0.500221
MS-MARCO-RBAC,8000000,8000000,Physical-delete,A1_reconstruction,0.2,2,0.003049,0.001048,
MS-MARCO-RBAC,8000000,8000000,Physical-delete,A2_distinguishing,0.2,2,,,0.500621
MS-MARCO-RBAC,8000000,8000000,Physical-delete,A1_reconstruction,0.2,3,0.009519,0.001973,
MS-MARCO-RBAC,8000000,8000000,Physical-delete,A2_distinguishing,0.2,3,,,0.516798
MS-MARCO-RBAC,8000000,8000000,Physical-delete,A1_reconstruction,0.2,4,0.000934,0.001132,
MS-MARCO-RBAC,8000000,8000000,Physical-delete,A2_distinguishing,0.2,4,,,0.495334
MS-MARCO-RBAC,8000000,8000000,Physical-delete,A1_reconstruction,0.2,5,0.002142,0.000831,
MS-MARCO-RBAC,8000000,8000000,Physical-delete,A2_distinguishing,0.2,5,,,0.498355
MS-MARCO-RBAC,8000000,8000000,Physical-delete,A1_reconstruction,0.2,6,0.008131,0.0,
MS-MARCO-RBAC,8000000,8000000,Physical-delete,A2_distinguishing,0.2,6,,,0.513328
MS-MARCO-RBAC,8000000,8000000,Physical-delete,A1_reconstruction,0.2,7,0.00226,0.000821,
MS-MARCO-RBAC,8000000,8000000,Physical-delete,A2_distinguishing,0.2,7,,,0.498651
MS-MARCO-RBAC,8000000,8000000,Physical-delete,A1_reconstruction,0.2,8,0.007162,0.0,
MS-MARCO-RBAC,8000000,8000000,Physical-delete,A2_distinguishing,0.2,8,,,0.510905
MS-MARCO-RBAC,8000000,8000000,Physical-delete,A1_reconstruction,0.2,9,0.007124,0.00072,
MS-MARCO-RBAC,8000000,8000000,Physical-delete,A2_distinguishing,0.2,9,,,0.51081
MS-MARCO-RBAC,8000000,8000000,Physical-delete,A1_reconstruction,0.3,0,0.005127,0.001066,
MS-MARCO-RBAC,8000000,8000000,Physical-delete,A2_distinguishing,0.3,0,,,0.505817
MS-MARCO-RBAC,8000000,8000000,Physical-delete,A1_reconstruction,0.3,1,0.005155,0.000212,
MS-MARCO-RBAC,8000000,8000000,Physical-delete,A2_distinguishing,0.3,1,,,0.505888
MS-MARCO-RBAC,8000000,8000000,Physical-delete,A1_reconstruction,0.3,2,0.013634,0.000809,
MS-MARCO-RBAC,8000000,8000000,Physical-delete,A2_distinguishing,0.3,2,,,0.527086
MS-MARCO-RBAC,8000000,8000000,Physical-delete,A1_reconstruction,0.3,3,0.009266,0.000963,
MS-MARCO-RBAC,8000000,8000000,Physical-delete,A2_distinguishing,0.3,3,,,0.516166
MS-MARCO-RBAC,8000000,8000000,Physical-delete,A1_reconstruction,0.3,4,0.01015,0.000447,
MS-MARCO-RBAC,8000000,8000000,Physical-delete,A2_distinguishing,0.3,4,,,0.518376
MS-MARCO-RBAC,8000000,8000000,Physical-delete,A1_reconstruction,0.3,5,0.009113,0.000429,
MS-MARCO-RBAC,8000000,8000000,Physical-delete,A2_distinguishing,0.3,5,,,0.515783
MS-MARCO-RBAC,8000000,8000000,Physical-delete,A1_reconstruction,0.3,6,0.010353,0.000425,
MS-MARCO-RBAC,8000000,8000000,Physical-delete,A2_distinguishing,0.3,6,,,0.518883
MS-MARCO-RBAC,8000000,8000000,Physical-delete,A1_reconstruction,0.3,7,0.0,0.001014,
MS-MARCO-RBAC,8000000,8000000,Physical-delete,A2_distinguishing,0.3,7,,,0.487344
MS-MARCO-RBAC,8000000,8000000,Physical-delete,A1_reconstruction,0.3,8,0.011784,0.000861,
MS-MARCO-RBAC,8000000,8000000,Physical-delete,A2_distinguishing,0.3,8,,,0.52246
MS-MARCO-RBAC,8000000,8000000,Physical-delete,A1_reconstruction,0.3,9,0.004696,0.000326,
MS-MARCO-RBAC,8000000,8000000,Physical-delete,A2_distinguishing,0.3,9,,,0.504739
MS-MARCO-RBAC,8000000,8000000,Physical-delete,A1_reconstruction,0.4,0,0.010591,0.002542,
MS-MARCO-RBAC,8000000,8000000,Physical-delete,A2_distinguishing,0.4,0,,,0.519477
MS-MARCO-RBAC,8000000,8000000,Physical-delete,A1_reconstruction,0.4,1,0.010226,0.0,
MS-MARCO-RBAC,8000000,8000000,Physical-delete,A2_distinguishing,0.4,1,,,0.518565
MS-MARCO-RBAC,8000000,8000000,Physical-delete,A1_reconstruction,0.4,2,0.012418,0.001796,
MS-MARCO-RBAC,8000000,8000000,Physical-delete,A2_distinguishing,0.4,2,,,0.524045
MS-MARCO-RBAC,8000000,8000000,Physical-delete,A1_reconstruction,0.4,3,0.006387,0.0,
MS-MARCO-RBAC,8000000,8000000,Physical-delete,A2_distinguishing,0.4,3,,,0.508969
MS-MARCO-RBAC,8000000,8000000,Physical-delete,A1_reconstruction,0.4,4,0.002876,0.00114,
MS-MARCO-RBAC,8000000,8000000,Physical-delete,A2_distinguishing,0.4,4,,,0.500189
MS-MARCO-RBAC,8000000,8000000,Physical-delete,A1_reconstruction,0.4,5,0.006939,0.001071,
MS-MARCO-RBAC,8000000,8000000,Physical-delete,A2_distinguishing,0.4,5,,,0.510348
MS-MARCO-RBAC,8000000,8000000,Physical-delete,A1_reconstruction,0.4,6,0.009966,0.000174,
MS-MARCO-RBAC,8000000,8000000,Physical-delete,A2_distinguishing,0.4,6,,,0.517914
MS-MARCO-RBAC,8000000,8000000,Physical-delete,A1_reconstruction,0.4,7,0.009635,0.002389,
MS-MARCO-RBAC,8000000,8000000,Physical-delete,A2_distinguishing,0.4,7,,,0.517086
MS-MARCO-RBAC,8000000,8000000,Physical-delete,A1_reconstruction,0.4,8,0.000124,0.000405,
MS-MARCO-RBAC,8000000,8000000,Physical-delete,A2_distinguishing,0.4,8,,,0.493309
MS-MARCO-RBAC,8000000,8000000,Physical-delete,A1_reconstruction,0.4,9,0.009431,7.3e-05,
MS-MARCO-RBAC,8000000,8000000,Physical-delete,A2_distinguishing,0.4,9,,,0.516578
MS-MARCO-RBAC,8000000,8000000,Physical-delete,A1_reconstruction,0.5,0,0.007933,0.001072,
MS-MARCO-RBAC,8000000,8000000,Physical-delete,A2_distinguishing,0.5,0,,,0.512833
MS-MARCO-RBAC,8000000,8000000,Physical-delete,A1_reconstruction,0.5,1,0.006638,0.00124,
MS-MARCO-RBAC,8000000,8000000,Physical-delete,A2_distinguishing,0.5,1,,,0.509594
MS-MARCO-RBAC,8000000,8000000,Physical-delete,A1_reconstruction,0.5,2,0.005943,0.001167,
MS-MARCO-RBAC,8000000,8000000,Physical-delete,A2_distinguishing,0.5,2,,,0.507858
MS-MARCO-RBAC,8000000,8000000,Physical-delete,A1_reconstruction,0.5,3,0.009754,0.001204,
MS-MARCO-RBAC,8000000,8000000,Physical-delete,A2_distinguishing,0.5,3,,,0.517385
MS-MARCO-RBAC,8000000,8000000,Physical-delete,A1_reconstruction,0.5,4,0.012605,0.001314,
MS-MARCO-RBAC,8000000,8000000,Physical-delete,A2_distinguishing,0.5,4,,,0.524513
MS-MARCO-RBAC,8000000,8000000,Physical-delete,A1_reconstruction,0.5,5,0.004977,0.002514,
MS-MARCO-RBAC,8000000,8000000,Physical-delete,A2_distinguishing,0.5,5,,,0.505441
MS-MARCO-RBAC,8000000,8000000,Physical-delete,A1_reconstruction,0.5,6,0.001865,0.002299,
MS-MARCO-RBAC,8000000,8000000,Physical-delete,A2_distinguishing,0.5,6,,,0.497661
MS-MARCO-RBAC,8000000,8000000,Physical-delete,A1_reconstruction,0.5,7,0.0,0.000965,
MS-MARCO-RBAC,8000000,8000000,Physical-delete,A2_distinguishing,0.5,7,,,0.490972
MS-MARCO-RBAC,8000000,8000000,Physical-delete,A1_reconstruction,0.5,8,0.003796,0.0,
MS-MARCO-RBAC,8000000,8000000,Physical-delete,A2_distinguishing,0.5,8,,,0.502491
MS-MARCO-RBAC,8000000,8000000,Physical-delete,A1_reconstruction,0.5,9,0.004437,0.000816,
MS-MARCO-RBAC,8000000,8000000,Physical-delete,A2_distinguishing,0.5,9,,,0.504092
MS-MARCO-RBAC,8000000,8000000,Oracle,A1_reconstruction,0.1,0,0.003559,0.00088,
MS-MARCO-RBAC,8000000,8000000,Oracle,A2_distinguishing,0.1,0,,,0.501897
MS-MARCO-RBAC,8000000,8000000,Oracle,A1_reconstruction,0.1,1,0.0,0.002096,
MS-MARCO-RBAC,8000000,8000000,Oracle,A2_distinguishing,0.1,1,,,0.486432
MS-MARCO-RBAC,8000000,8000000,Oracle,A1_reconstruction,0.1,2,0.007078,0.000798,
MS-MARCO-RBAC,8000000,8000000,Oracle,A2_distinguishing,0.1,2,,,0.510695
MS-MARCO-RBAC,8000000,8000000,Oracle,A1_reconstruction,0.1,3,0.007603,0.001014,
MS-MARCO-RBAC,8000000,8000000,Oracle,A2_distinguishing,0.1,3,,,0.512008
MS-MARCO-RBAC,8000000,8000000,Oracle,A1_reconstruction,0.1,4,0.007181,4.2e-05,
MS-MARCO-RBAC,8000000,8000000,Oracle,A2_distinguishing,0.1,4,,,0.510953
MS-MARCO-RBAC,8000000,8000000,Oracle,A1_reconstruction,0.1,5,0.008295,0.002153,
MS-MARCO-RBAC,8000000,8000000,Oracle,A2_distinguishing,0.1,5,,,0.513737
MS-MARCO-RBAC,8000000,8000000,Oracle,A1_reconstruction,0.1,6,0.002615,0.0,
MS-MARCO-RBAC,8000000,8000000,Oracle,A2_distinguishing,0.1,6,,,0.499538
MS-MARCO-RBAC,8000000,8000000,Oracle,A1_reconstruction,0.1,7,0.014049,0.000984,
MS-MARCO-RBAC,8000000,8000000,Oracle,A2_distinguishing,0.1,7,,,0.528123
MS-MARCO-RBAC,8000000,8000000,Oracle,A1_reconstruction,0.1,8,0.005277,0.001826,
MS-MARCO-RBAC,8000000,8000000,Oracle,A2_distinguishing,0.1,8,,,0.506193
MS-MARCO-RBAC,8000000,8000000,Oracle,A1_reconstruction,0.1,9,0.002483,0.001436,
MS-MARCO-RBAC,8000000,8000000,Oracle,A2_distinguishing,0.1,9,,,0.499208
MS-MARCO-RBAC,8000000,8000000,Oracle,A1_reconstruction,0.2,0,0.004012,0.001819,
MS-MARCO-RBAC,8000000,8000000,Oracle,A2_distinguishing,0.2,0,,,0.50303
MS-MARCO-RBAC,8000000,8000000,Oracle,A1_reconstruction,0.2,1,0.007198,0.001334,
MS-MARCO-RBAC,8000000,8000000,Oracle,A2_distinguishing,0.2,1,,,0.510996
MS-MARCO-RBAC,8000000,8000000,Oracle,A1_reconstruction,0.2,2,0.002525,0.001203,
MS-MARCO-RBAC,8000000,8000000,Oracle,A2_distinguishing,0.2,2,,,0.499312
MS-MARCO-RBAC,8000000,8000000,Oracle,A1_reconstruction,0.2,3,0.002481,0.002035,
MS-MARCO-RBAC,8000000,8000000,Oracle,A2_distinguishing,0.2,3,,,0.499202
MS-MARCO-RBAC,8000000,8000000,Oracle,A1_reconstruction,0.2,4,0.004581,0.002477,
MS-MARCO-RBAC,8000000,8000000,Oracle,A2_distinguishing,0.2,4,,,0.504452
MS-MARCO-RBAC,8000000,8000000,Oracle,A1_reconstruction,0.2,5,0.003005,0.000713,
MS-MARCO-RBAC,8000000,8000000,Oracle,A2_distinguishing,0.2,5,,,0.500513
MS-MARCO-RBAC,8000000,8000000,Oracle,A1_reconstruction,0.2,6,0.009366,0.000544,
MS-MARCO-RBAC,8000000,8000000,Oracle,A2_distinguishing,0.2,6,,,0.516415
MS-MARCO-RBAC,8000000,8000000,Oracle,A1_reconstruction,0.2,7,0.00227,0.000622,
MS-MARCO-RBAC,8000000,8000000,Oracle,A2_distinguishing,0.2,7,,,0.498674
MS-MARCO-RBAC,8000000,8000000,Oracle,A1_reconstruction,0.2,8,0.002185,0.001758,
MS-MARCO-RBAC,8000000,8000000,Oracle,A2_distinguishing,0.2,8,,,0.498463
MS-MARCO-RBAC,8000000,8000000,Oracle,A1_reconstruction,0.2,9,0.009346,3e-05,
MS-MARCO-RBAC,8000000,8000000,Oracle,A2_distinguishing,0.2,9,,,0.516364
MS-MARCO-RBAC,8000000,8000000,Oracle,A1_reconstruction,0.3,0,0.005021,0.000875,
MS-MARCO-RBAC,8000000,8000000,Oracle,A2_distinguishing,0.3,0,,,0.505551
MS-MARCO-RBAC,8000000,8000000,Oracle,A1_reconstruction,0.3,1,0.00594,0.0,
MS-MARCO-RBAC,8000000,8000000,Oracle,A2_distinguishing,0.3,1,,,0.50785
MS-MARCO-RBAC,8000000,8000000,Oracle,A1_reconstruction,0.3,2,0.009965,0.000177,
MS-MARCO-RBAC,8000000,8000000,Oracle,A2_distinguishing,0.3,2,,,0.517912
MS-MARCO-RBAC,8000000,8000000,Oracle,A1_reconstruction,0.3,3,0.00141,0.000558,
MS-MARCO-RBAC,8000000,8000000,Oracle,A2_distinguishing,0.3,3,,,0.496525
MS-MARCO-RBAC,8000000,8000000,Oracle,A1_reconstruction,0.3,4,0.00789,0.000595,
MS-MARCO-RBAC,8000000,8000000,Oracle,A2_distinguishing,0.3,4,,,0.512726
MS-MARCO-RBAC,8000000,8000000,Oracle,A1_reconstruction,0.3,5,0.01195,0.000671,
MS-MARCO-RBAC,8000000,8000000,Oracle,A2_distinguishing,0.3,5,,,0.522875
MS-MARCO-RBAC,8000000,8000000,Oracle,A1_reconstruction,0.3,6,0.0,6e-05,
MS-MARCO-RBAC,8000000,8000000,Oracle,A2_distinguishing,0.3,6,,,0.488826
MS-MARCO-RBAC,8000000,8000000,Oracle,A1_reconstruction,0.3,7,0.006663,0.001725,
MS-MARCO-RBAC,8000000,8000000,Oracle,A2_distinguishing,0.3,7,,,0.509657
MS-MARCO-RBAC,8000000,8000000,Oracle,A1_reconstruction,0.3,8,0.006758,0.002288,
MS-MARCO-RBAC,8000000,8000000,Oracle,A2_distinguishing,0.3,8,,,0.509895
MS-MARCO-RBAC,8000000,8000000,Oracle,A1_reconstruction,0.3,9,0.0,0.001064,
MS-MARCO-RBAC,8000000,8000000,Oracle,A2_distinguishing,0.3,9,,,0.485
MS-MARCO-RBAC,8000000,8000000,Oracle,A1_reconstruction,0.4,0,0.000899,0.001461,
MS-MARCO-RBAC,8000000,8000000,Oracle,A2_distinguishing,0.4,0,,,0.495247
MS-MARCO-RBAC,8000000,8000000,Oracle,A1_reconstruction,0.4,1,0.00606,0.001795,
MS-MARCO-RBAC,8000000,8000000,Oracle,A2_distinguishing,0.4,1,,,0.508151
MS-MARCO-RBAC,8000000,8000000,Oracle,A1_reconstruction,0.4,2,0.0,0.0,
MS-MARCO-RBAC,8000000,8000000,Oracle,A2_distinguishing,0.4,2,,,0.486931
MS-MARCO-RBAC,8000000,8000000,Oracle,A1_reconstruction,0.4,3,0.0,0.002878,
MS-MARCO-RBAC,8000000,8000000,Oracle,A2_distinguishing,0.4,3,,,0.485846
MS-MARCO-RBAC,8000000,8000000,Oracle,A1_reconstruction,0.4,4,0.011252,0.001252,
MS-MARCO-RBAC,8000000,8000000,Oracle,A2_distinguishing,0.4,4,,,0.521131
MS-MARCO-RBAC,8000000,8000000,Oracle,A1_reconstruction,0.4,5,0.013364,0.000266,
MS-MARCO-RBAC,8000000,8000000,Oracle,A2_distinguishing,0.4,5,,,0.52641
MS-MARCO-RBAC,8000000,8000000,Oracle,A1_reconstruction,0.4,6,0.001884,0.0,
MS-MARCO-RBAC,8000000,8000000,Oracle,A2_distinguishing,0.4,6,,,0.49771
MS-MARCO-RBAC,8000000,8000000,Oracle,A1_reconstruction,0.4,7,0.005143,0.000454,
MS-MARCO-RBAC,8000000,8000000,Oracle,A2_distinguishing,0.4,7,,,0.505858
MS-MARCO-RBAC,8000000,8000000,Oracle,A1_reconstruction,0.4,8,0.003188,0.0026,
MS-MARCO-RBAC,8000000,8000000,Oracle,A2_distinguishing,0.4,8,,,0.500971
MS-MARCO-RBAC,8000000,8000000,Oracle,A1_reconstruction,0.4,9,0.001872,0.001392,
MS-MARCO-RBAC,8000000,8000000,Oracle,A2_distinguishing,0.4,9,,,0.497679
MS-MARCO-RBAC,8000000,8000000,Oracle,A1_reconstruction,0.5,0,0.0,0.000826,
MS-MARCO-RBAC,8000000,8000000,Oracle,A2_distinguishing,0.5,0,,,0.489345
MS-MARCO-RBAC,8000000,8000000,Oracle,A1_reconstruction,0.5,1,0.007458,0.001632,
MS-MARCO-RBAC,8000000,8000000,Oracle,A2_distinguishing,0.5,1,,,0.511646
MS-MARCO-RBAC,8000000,8000000,Oracle,A1_reconstruction,0.5,2,0.004013,0.001291,
MS-MARCO-RBAC,8000000,8000000,Oracle,A2_distinguishing,0.5,2,,,0.503033
MS-MARCO-RBAC,8000000,8000000,Oracle,A1_reconstruction,0.5,3,0.012273,0.001303,
MS-MARCO-RBAC,8000000,8000000,Oracle,A2_distinguishing,0.5,3,,,0.523682
MS-MARCO-RBAC,8000000,8000000,Oracle,A1_reconstruction,0.5,4,0.010795,0.00081,
MS-MARCO-RBAC,8000000,8000000,Oracle,A2_distinguishing,0.5,4,,,0.519988
MS-MARCO-RBAC,8000000,8000000,Oracle,A1_reconstruction,0.5,5,0.009207,0.002487,
MS-MARCO-RBAC,8000000,8000000,Oracle,A2_distinguishing,0.5,5,,,0.516018
MS-MARCO-RBAC,8000000,8000000,Oracle,A1_reconstruction,0.5,6,0.007769,1e-06,
MS-MARCO-RBAC,8000000,8000000,Oracle,A2_distinguishing,0.5,6,,,0.512422
MS-MARCO-RBAC,8000000,8000000,Oracle,A1_reconstruction,0.5,7,0.008819,0.0,
MS-MARCO-RBAC,8000000,8000000,Oracle,A2_distinguishing,0.5,7,,,0.515048
MS-MARCO-RBAC,8000000,8000000,Oracle,A1_reconstruction,0.5,8,0.000882,0.000744,
MS-MARCO-RBAC,8000000,8000000,Oracle,A2_distinguishing,0.5,8,,,0.495205
MS-MARCO-RBAC,8000000,8000000,Oracle,A1_reconstruction,0.5,9,0.012077,0.001118,
MS-MARCO-RBAC,8000000,8000000,Oracle,A2_distinguishing,0.5,9,,,0.523192
SIFT1M,1000000,1000000,Tombstone,A1_reconstruction,0.1,0,0.351538,0.036784,
SIFT1M,1000000,1000000,Tombstone,A2_distinguishing,0.1,0,,,0.775217
SIFT1M,1000000,1000000,Tombstone,A1_reconstruction,0.1,1,0.352363,0.035015,
SIFT1M,1000000,1000000,Tombstone,A2_distinguishing,0.1,1,,,0.774118
SIFT1M,1000000,1000000,Tombstone,A1_reconstruction,0.1,2,0.369123,0.02297,
SIFT1M,1000000,1000000,Tombstone,A2_distinguishing,0.1,2,,,0.78882
SIFT1M,1000000,1000000,Tombstone,A1_reconstruction,0.1,3,0.333563,0.052484,
SIFT1M,1000000,1000000,Tombstone,A2_distinguishing,0.1,3,,,0.768776
SIFT1M,1000000,1000000,Tombstone,A1_reconstruction,0.1,4,0.340826,0.029021,
SIFT1M,1000000,1000000,Tombstone,A2_distinguishing,0.1,4,,,0.767465
SIFT1M,1000000,1000000,Tombstone,A1_reconstruction,0.1,5,0.353192,0.052005,
SIFT1M,1000000,1000000,Tombstone,A2_distinguishing,0.1,5,,,0.773737
SIFT1M,1000000,1000000,Tombstone,A1_reconstruction,0.1,6,0.364931,0.029331,
SIFT1M,1000000,1000000,Tombstone,A2_distinguishing,0.1,6,,,0.783534
SIFT1M,1000000,1000000,Tombstone,A1_reconstruction,0.1,7,0.376488,0.030242,
SIFT1M,1000000,1000000,Tombstone,A2_distinguishing,0.1,7,,,0.792396
SIFT1M,1000000,1000000,Tombstone,A1_reconstruction,0.1,8,0.372159,0.039148,
SIFT1M,1000000,1000000,Tombstone,A2_distinguishing,0.1,8,,,0.794476
SIFT1M,1000000,1000000,Tombstone,A1_reconstruction,0.1,9,0.31682,0.038543,
SIFT1M,1000000,1000000,Tombstone,A2_distinguishing,0.1,9,,,0.761189
SIFT1M,1000000,1000000,Tombstone,A1_reconstruction,0.2,0,0.424398,0.04578,
SIFT1M,1000000,1000000,Tombstone,A2_distinguishing,0.2,0,,,0.851514
SIFT1M,1000000,1000000,Tombstone,A1_reconstruction,0.2,1,0.363139,0.056941,
SIFT1M,1000000,1000000,Tombstone,A2_distinguishing,0.2,1,,,0.816849
SIFT1M,1000000,1000000,Tombstone,A1_reconstruction,0.2,2,0.385869,0.04916,
SIFT1M,1000000,1000000,Tombstone,A2_distinguishing,0.2,2,,,0.828026
SIFT1M,1000000,1000000,Tombstone,A1_reconstruction,0.2,3,0.368199,0.028489,
SIFT1M,1000000,1000000,Tombstone,A2_distinguishing,0.2,3,,,0.818067
SIFT1M,1000000,1000000,Tombstone,A1_reconstruction,0.2,4,0.408172,0.049196,
SIFT1M,1000000,1000000,Tombstone,A2_distinguishing,0.2,4,,,0.837774
SIFT1M,1000000,1000000,Tombstone,A1_reconstruction,0.2,5,0.346588,0.041484,
SIFT1M,1000000,1000000,Tombstone,A2_distinguishing,0.2,5,,,0.80542
SIFT1M,1000000,1000000,Tombstone,A1_reconstruction,0.2,6,0.359945,0.057846,
SIFT1M,1000000,1000000,Tombstone,A2_distinguishing,0.2,6,,,0.815788
SIFT1M,1000000,1000000,Tombstone,A1_reconstruction,0.2,7,0.363774,0.033793,
SIFT1M,1000000,1000000,Tombstone,A2_distinguishing,0.2,7,,,0.811578
SIFT1M,1000000,1000000,Tombstone,A1_reconstruction,0.2,8,0.367068,0.051356,
SIFT1M,1000000,1000000,Tombstone,A2_distinguishing,0.2,8,,,0.811344
SIFT1M,1000000,1000000,Tombstone,A1_reconstruction,0.2,9,0.375344,0.053558,
SIFT1M,1000000,1000000,Tombstone,A2_distinguishing,0.2,9,,,0.828006
SIFT1M,1000000,1000000,Tombstone,A1_reconstruction,0.3,0,0.424405,0.059055,
SIFT1M,1000000,1000000,Tombstone,A2_distinguishing,0.3,0,,,0.878103
SIFT1M,1000000,1000000,Tombstone,A1_reconstruction,0.3,1,0.401972,0.033216,
SIFT1M,1000000,1000000,Tombstone,A2_distinguishing,0.3,1,,,0.870257
SIFT1M,1000000,1000000,Tombstone,A1_reconstruction,0.3,2,0.388622,0.066335,
SIFT1M,1000000,1000000,Tombstone,A2_distinguishing,0.3,2,,,0.863216
SIFT1M,1000000,1000000,Tombstone,A1_reconstruction,0.3,3,0.389196,0.060575,
SIFT1M,1000000,1000000,Tombstone,A2_distinguishing,0.3,3,,,0.858886
SIFT1M,1000000,1000000,Tombstone,A1_reconstruction,0.3,4,0.339862,0.052226,
SIFT1M,1000000,1000000,Tombstone,A2_distinguishing,0.3,4,,,0.827702
SIFT1M,1000000,1000000,Tombstone,A1_reconstruction,0.3,5,0.349398,0.036984,
SIFT1M,1000000,1000000,Tombstone,A2_distinguishing,0.3,5,,,0.835399
SIFT1M,1000000,1000000,Tombstone,A1_reconstruction,0.3,6,0.393808,0.055217,
SIFT1M,1000000,1000000,Tombstone,A2_distinguishing,0.3,6,,,0.86802
SIFT1M,1000000,1000000,Tombstone,A1_reconstruction,0.3,7,0.365701,0.045198,
SIFT1M,1000000,1000000,Tombstone,A2_distinguishing,0.3,7,,,0.844737
SIFT1M,1000000,1000000,Tombstone,A1_reconstruction,0.3,8,0.398245,0.059725,
SIFT1M,1000000,1000000,Tombstone,A2_distinguishing,0.3,8,,,0.864787
SIFT1M,1000000,1000000,Tombstone,A1_reconstruction,0.3,9,0.380451,0.043055,
SIFT1M,1000000,1000000,Tombstone,A2_distinguishing,0.3,9,,,0.853936
SIFT1M,1000000,1000000,Tombstone,A1_reconstruction,0.4,0,0.40912,0.060109,
SIFT1M,1000000,1000000,Tombstone,A2_distinguishing,0.4,0,,,0.88
SIFT1M,1000000,1000000,Tombstone,A1_reconstruction,0.4,1,0.434622,0.056345,
SIFT1M,1000000,1000000,Tombstone,A2_distinguishing,0.4,1,,,0.88
SIFT1M,1000000,1000000,Tombstone,A1_reconstruction,0.4,2,0.432903,0.064956,
SIFT1M,1000000,1000000,Tombstone,A2_distinguishing,0.4,2,,,0.88
SIFT1M,1000000,1000000,Tombstone,A1_reconstruction,0.4,3,0.384638,0.059578,
SIFT1M,1000000,1000000,Tombstone,A2_distinguishing,0.4,3,,,0.88
SIFT1M,1000000,1000000,Tombstone,A1_reconstruction,0.4,4,0.428941,0.050458,
SIFT1M,1000000,1000000,Tombstone,A2_distinguishing,0.4,4,,,0.88
SIFT1M,1000000,1000000,Tombstone,A1_reconstruction,0.4,5,0.427274,0.05099,
SIFT1M,1000000,1000000,Tombstone,A2_distinguishing,0.4,5,,,0.88
SIFT1M,1000000,1000000,Tombstone,A1_reconstruction,0.4,6,0.41118,0.056634,
SIFT1M,1000000,1000000,Tombstone,A2_distinguishing,0.4,6,,,0.88
SIFT1M,1000000,1000000,Tombstone,A1_reconstruction,0.4,7,0.388835,0.062379,
SIFT1M,1000000,1000000,Tombstone,A2_distinguishing,0.4,7,,,0.88
SIFT1M,1000000,1000000,Tombstone,A1_reconstruction,0.4,8,0.407973,0.051704,
SIFT1M,1000000,1000000,Tombstone,A2_distinguishing,0.4,8,,,0.88
SIFT1M,1000000,1000000,Tombstone,A1_reconstruction,0.4,9,0.408031,0.058719,
SIFT1M,1000000,1000000,Tombstone,A2_distinguishing,0.4,9,,,0.88
SIFT1M,1000000,1000000,Tombstone,A1_reconstruction,0.5,0,0.406756,0.062568,
SIFT1M,1000000,1000000,Tombstone,A2_distinguishing,0.5,0,,,0.88
SIFT1M,1000000,1000000,Tombstone,A1_reconstruction,0.5,1,0.446998,0.070744,
SIFT1M,1000000,1000000,Tombstone,A2_distinguishing,0.5,1,,,0.88
SIFT1M,1000000,1000000,Tombstone,A1_reconstruction,0.5,2,0.413004,0.051402,
SIFT1M,1000000,1000000,Tombstone,A2_distinguishing,0.5,2,,,0.88
SIFT1M,1000000,1000000,Tombstone,A1_reconstruction,0.5,3,0.408675,0.063931,
SIFT1M,1000000,1000000,Tombstone,A2_distinguishing,0.5,3,,,0.88
SIFT1M,1000000,1000000,Tombstone,A1_reconstruction,0.5,4,0.41013,0.069926,
SIFT1M,1000000,1000000,Tombstone,A2_distinguishing,0.5,4,,,0.88
SIFT1M,1000000,1000000,Tombstone,A1_reconstruction,0.5,5,0.450926,0.069772,
SIFT1M,1000000,1000000,Tombstone,A2_distinguishing,0.5,5,,,0.88
SIFT1M,1000000,1000000,Tombstone,A1_reconstruction,0.5,6,0.402032,0.055692,
SIFT1M,1000000,1000000,Tombstone,A2_distinguishing,0.5,6,,,0.88
SIFT1M,1000000,1000000,Tombstone,A1_reconstruction,0.5,7,0.418386,0.058279,
SIFT1M,1000000,1000000,Tombstone,A2_distinguishing,0.5,7,,,0.88
SIFT1M,1000000,1000000,Tombstone,A1_reconstruction,0.5,8,0.41829,0.066669,
SIFT1M,1000000,1000000,Tombstone,A2_distinguishing,0.5,8,,,0.88
SIFT1M,1000000,1000000,Tombstone,A1_reconstruction,0.5,9,0.433707,0.027588,
SIFT1M,1000000,1000000,Tombstone,A2_distinguishing,0.5,9,,,0.88
SIFT1M,1000000,1000000,Post-filter,A1_reconstruction,0.1,0,0.333442,0.035556,
SIFT1M,1000000,1000000,Post-filter,A2_distinguishing,0.1,0,,,0.78621159
SIFT1M,1000000,1000000,Post-filter,A1_reconstruction,0.1,1,0.349559,0.036828,
SIFT1M,1000000,1000000,Post-filter,A2_distinguishing,0.1,1,,,0.7960156199999999
SIFT1M,1000000,1000000,Post-filter,A1_reconstruction,0.1,2,0.328853,0.037403,
SIFT1M,1000000,1000000,Post-filter,A2_distinguishing,0.1,2,,,0.78
SIFT1M,1000000,1000000,Post-filter,A1_reconstruction,0.1,3,0.319257,0.045046,
SIFT1M,1000000,1000000,Post-filter,A2_distinguishing,0.1,3,,,0.78
SIFT1M,1000000,1000000,Post-filter,A1_reconstruction,0.1,4,0.387855,0.035002,
SIFT1M,1000000,1000000,Post-filter,A2_distinguishing,0.1,4,,,0.8105115649999999
SIFT1M,1000000,1000000,Post-filter,A1_reconstruction,0.1,5,0.378216,0.030437,
SIFT1M,1000000,1000000,Post-filter,A2_distinguishing,0.1,5,,,0.810440895
SIFT1M,1000000,1000000,Post-filter,A1_reconstruction,0.1,6,0.382294,0.041507,
SIFT1M,1000000,1000000,Post-filter,A2_distinguishing,0.1,6,,,0.81226208
SIFT1M,1000000,1000000,Post-filter,A1_reconstruction,0.1,7,0.3738,0.054873,
SIFT1M,1000000,1000000,Post-filter,A2_distinguishing,0.1,7,,,0.8061424399999999
SIFT1M,1000000,1000000,Post-filter,A1_reconstruction,0.1,8,0.329787,0.02297,
SIFT1M,1000000,1000000,Post-filter,A2_distinguishing,0.1,8,,,0.78
SIFT1M,1000000,1000000,Post-filter,A1_reconstruction,0.1,9,0.374626,0.048918,
SIFT1M,1000000,1000000,Post-filter,A2_distinguishing,0.1,9,,,0.8027455050000001
SIFT1M,1000000,1000000,Post-filter,A1_reconstruction,0.2,0,0.327277,0.07089,
SIFT1M,1000000,1000000,Post-filter,A2_distinguishing,0.2,0,,,0.80716811
SIFT1M,1000000,1000000,Post-filter,A1_reconstruction,0.2,1,0.32577,0.057465,
SIFT1M,1000000,1000000,Post-filter,A2_distinguishing,0.2,1,,,0.810039795
SIFT1M,1000000,1000000,Post-filter,A1_reconstruction,0.2,2,0.36911,0.050366,
SIFT1M,1000000,1000000,Post-filter,A2_distinguishing,0.2,2,,,0.8351095
SIFT1M,1000000,1000000,Post-filter,A1_reconstruction,0.2,3,0.402371,0.026893,
SIFT1M,1000000,1000000,Post-filter,A2_distinguishing,0.2,3,,,0.852649985
SIFT1M,1000000,1000000,Post-filter,A1_reconstruction,0.2,4,0.366642,0.059595,
SIFT1M,1000000,1000000,Post-filter,A2_distinguishing,0.2,4,,,0.833677
SIFT1M,1000000,1000000,Post-filter,A1_reconstruction,0.2,5,0.369158,0.058845,
SIFT1M,1000000,1000000,Post-filter,A2_distinguishing,0.2,5,,,0.832467015
SIFT1M,1000000,1000000,Post-filter,A1_reconstruction,0.2,6,0.360439,0.040129,
SIFT1M,1000000,1000000,Post-filter,A2_distinguishing,0.2,6,,,0.83629943
SIFT1M,1000000,1000000,Post-filter,A1_reconstruction,0.2,7,0.377127,0.036588,
SIFT1M,1000000,1000000,Post-filter,A2_distinguishing,0.2,7,,,0.8335079649999999
SIFT1M,1000000,1000000,Post-filter,A1_reconstruction,0.2,8,0.386522,0.047582,
SIFT1M,1000000,1000000,Post-filter,A2_distinguishing,0.2,8,,,0.848919755
SIFT1M,1000000,1000000,Post-filter,A1_reconstruction,0.2,9,0.341397,0.036898,
SIFT1M,1000000,1000000,Post-filter,A2_distinguishing,0.2,9,,,0.81498956
SIFT1M,1000000,1000000,Post-filter,A1_reconstruction,0.3,0,0.40342,0.047371,
SIFT1M,1000000,1000000,Post-filter,A2_distinguishing,0.3,0,,,0.865
SIFT1M,1000000,1000000,Post-filter,A1_reconstruction,0.3,1,0.379126,0.05976,
SIFT1M,1000000,1000000,Post-filter,A2_distinguishing,0.3,1,,,0.865
SIFT1M,1000000,1000000,Post-filter,A1_reconstruction,0.3,2,0.379499,0.031806,
SIFT1M,1000000,1000000,Post-filter,A2_distinguishing,0.3,2,,,0.865
SIFT1M,1000000,1000000,Post-filter,A1_reconstruction,0.3,3,0.421214,0.036489,
SIFT1M,1000000,1000000,Post-filter,A2_distinguishing,0.3,3,,,0.865
SIFT1M,1000000,1000000,Post-filter,A1_reconstruction,0.3,4,0.406838,0.05466,
SIFT1M,1000000,1000000,Post-filter,A2_distinguishing,0.3,4,,,0.865
SIFT1M,1000000,1000000,Post-filter,A1_reconstruction,0.3,5,0.323306,0.043227,
SIFT1M,1000000,1000000,Post-filter,A2_distinguishing,0.3,5,,,0.8374903149999999
SIFT1M,1000000,1000000,Post-filter,A1_reconstruction,0.3,6,0.415239,0.049125,
SIFT1M,1000000,1000000,Post-filter,A2_distinguishing,0.3,6,,,0.865
SIFT1M,1000000,1000000,Post-filter,A1_reconstruction,0.3,7,0.374921,0.048557,
SIFT1M,1000000,1000000,Post-filter,A2_distinguishing,0.3,7,,,0.865
SIFT1M,1000000,1000000,Post-filter,A1_reconstruction,0.3,8,0.387703,0.060975,
SIFT1M,1000000,1000000,Post-filter,A2_distinguishing,0.3,8,,,0.865
SIFT1M,1000000,1000000,Post-filter,A1_reconstruction,0.3,9,0.366694,0.043722,
SIFT1M,1000000,1000000,Post-filter,A2_distinguishing,0.3,9,,,0.865
SIFT1M,1000000,1000000,Post-filter,A1_reconstruction,0.4,0,0.400304,0.060209,
SIFT1M,1000000,1000000,Post-filter,A2_distinguishing,0.4,0,,,0.865
SIFT1M,1000000,1000000,Post-filter,A1_reconstruction,0.4,1,0.432941,0.048814,
SIFT1M,1000000,1000000,Post-filter,A2_distinguishing,0.4,1,,,0.865
SIFT1M,1000000,1000000,Post-filter,A1_reconstruction,0.4,2,0.415441,0.068562,
SIFT1M,1000000,1000000,Post-filter,A2_distinguishing,0.4,2,,,0.865
SIFT1M,1000000,1000000,Post-filter,A1_reconstruction,0.4,3,0.364052,0.060144,
SIFT1M,1000000,1000000,Post-filter,A2_distinguishing,0.4,3,,,0.865
SIFT1M,1000000,1000000,Post-filter,A1_reconstruction,0.4,4,0.445124,0.080747,
SIFT1M,1000000,1000000,Post-filter,A2_distinguishing,0.4,4,,,0.865
SIFT1M,1000000,1000000,Post-filter,A1_reconstruction,0.4,5,0.416485,0.055057,
SIFT1M,1000000,1000000,Post-filter,A2_distinguishing,0.4,5,,,0.865
SIFT1M,1000000,1000000,Post-filter,A1_reconstruction,0.4,6,0.410961,0.054617,
SIFT1M,1000000,1000000,Post-filter,A2_distinguishing,0.4,6,,,0.865
SIFT1M,1000000,1000000,Post-filter,A1_reconstruction,0.4,7,0.406973,0.054018,
SIFT1M,1000000,1000000,Post-filter,A2_distinguishing,0.4,7,,,0.865
SIFT1M,1000000,1000000,Post-filter,A1_reconstruction,0.4,8,0.424454,0.062349,
SIFT1M,1000000,1000000,Post-filter,A2_distinguishing,0.4,8,,,0.865
SIFT1M,1000000,1000000,Post-filter,A1_reconstruction,0.4,9,0.399145,0.04848,
SIFT1M,1000000,1000000,Post-filter,A2_distinguishing,0.4,9,,,0.865
SIFT1M,1000000,1000000,Post-filter,A1_reconstruction,0.5,0,0.378415,0.069174,
SIFT1M,1000000,1000000,Post-filter,A2_distinguishing,0.5,0,,,0.865
SIFT1M,1000000,1000000,Post-filter,A1_reconstruction,0.5,1,0.415158,0.062861,
SIFT1M,1000000,1000000,Post-filter,A2_distinguishing,0.5,1,,,0.865
SIFT1M,1000000,1000000,Post-filter,A1_reconstruction,0.5,2,0.46372,0.065026,
SIFT1M,1000000,1000000,Post-filter,A2_distinguishing,0.5,2,,,0.865
SIFT1M,1000000,1000000,Post-filter,A1_reconstruction,0.5,3,0.417916,0.056939,
SIFT1M,1000000,1000000,Post-filter,A2_distinguishing,0.5,3,,,0.865
SIFT1M,1000000,1000000,Post-filter,A1_reconstruction,0.5,4,0.396449,0.04748,
SIFT1M,1000000,1000000,Post-filter,A2_distinguishing,0.5,4,,,0.865
SIFT1M,1000000,1000000,Post-filter,A1_reconstruction,0.5,5,0.414988,0.029677,
SIFT1M,1000000,1000000,Post-filter,A2_distinguishing,0.5,5,,,0.865
SIFT1M,1000000,1000000,Post-filter,A1_reconstruction,0.5,6,0.377895,0.068768,
SIFT1M,1000000,1000000,Post-filter,A2_distinguishing,0.5,6,,,0.865
SIFT1M,1000000,1000000,Post-filter,A1_reconstruction,0.5,7,0.477162,0.068619,
SIFT1M,1000000,1000000,Post-filter,A2_distinguishing,0.5,7,,,0.865
SIFT1M,1000000,1000000,Post-filter,A1_reconstruction,0.5,8,0.412476,0.061849,
SIFT1M,1000000,1000000,Post-filter,A2_distinguishing,0.5,8,,,0.865
SIFT1M,1000000,1000000,Post-filter,A1_reconstruction,0.5,9,0.398309,0.053979,
SIFT1M,1000000,1000000,Post-filter,A2_distinguishing,0.5,9,,,0.865
SIFT1M,1000000,1000000,ACORN,A1_reconstruction,0.1,0,0.34212,0.034319,
SIFT1M,1000000,1000000,ACORN,A2_distinguishing,0.1,0,,,0.568122
SIFT1M,1000000,1000000,ACORN,A1_reconstruction,0.1,1,0.399519,0.034309,
SIFT1M,1000000,1000000,ACORN,A2_distinguishing,0.1,1,,,0.607222
SIFT1M,1000000,1000000,ACORN,A1_reconstruction,0.1,2,0.400953,0.046408,
SIFT1M,1000000,1000000,ACORN,A2_distinguishing,0.1,2,,,0.609897
SIFT1M,1000000,1000000,ACORN,A1_reconstruction,0.1,3,0.338566,0.032183,
SIFT1M,1000000,1000000,ACORN,A2_distinguishing,0.1,3,,,0.56785
SIFT1M,1000000,1000000,ACORN,A1_reconstruction,0.1,4,0.384716,0.034796,
SIFT1M,1000000,1000000,ACORN,A2_distinguishing,0.1,4,,,0.599468
SIFT1M,1000000,1000000,ACORN,A1_reconstruction,0.1,5,0.419441,0.030256,
SIFT1M,1000000,1000000,ACORN,A2_distinguishing,0.1,5,,,0.611609
SIFT1M,1000000,1000000,ACORN,A1_reconstruction,0.1,6,0.373404,0.049702,
SIFT1M,1000000,1000000,ACORN,A2_distinguishing,0.1,6,,,0.585345
SIFT1M,1000000,1000000,ACORN,A1_reconstruction,0.1,7,0.352638,0.023346,
SIFT1M,1000000,1000000,ACORN,A2_distinguishing,0.1,7,,,0.575322
SIFT1M,1000000,1000000,ACORN,A1_reconstruction,0.1,8,0.336341,0.051279,
SIFT1M,1000000,1000000,ACORN,A2_distinguishing,0.1,8,,,0.556082
SIFT1M,1000000,1000000,ACORN,A1_reconstruction,0.1,9,0.347622,0.040717,
SIFT1M,1000000,1000000,ACORN,A2_distinguishing,0.1,9,,,0.568256
SIFT1M,1000000,1000000,ACORN,A1_reconstruction,0.2,0,0.398637,0.0412,
SIFT1M,1000000,1000000,ACORN,A2_distinguishing,0.2,0,,,0.605458
SIFT1M,1000000,1000000,ACORN,A1_reconstruction,0.2,1,0.350498,0.043533,
SIFT1M,1000000,1000000,ACORN,A2_distinguishing,0.2,1,,,0.58316
SIFT1M,1000000,1000000,ACORN,A1_reconstruction,0.2,2,0.361065,0.054218,
SIFT1M,1000000,1000000,ACORN,A2_distinguishing,0.2,2,,,0.584363
SIFT1M,1000000,1000000,ACORN,A1_reconstruction,0.2,3,0.379429,0.041141,
SIFT1M,1000000,1000000,ACORN,A2_distinguishing,0.2,3,,,0.597694
SIFT1M,1000000,1000000,ACORN,A1_reconstruction,0.2,4,0.374584,0.046157,
SIFT1M,1000000,1000000,ACORN,A2_distinguishing,0.2,4,,,0.597286
SIFT1M,1000000,1000000,ACORN,A1_reconstruction,0.2,5,0.393956,0.027749,
SIFT1M,1000000,1000000,ACORN,A2_distinguishing,0.2,5,,,0.605919
SIFT1M,1000000,1000000,ACORN,A1_reconstruction,0.2,6,0.362485,0.065839,
SIFT1M,1000000,1000000,ACORN,A2_distinguishing,0.2,6,,,0.579501
SIFT1M,1000000,1000000,ACORN,A1_reconstruction,0.2,7,0.399363,0.030097,
SIFT1M,1000000,1000000,ACORN,A2_distinguishing,0.2,7,,,0.613882
SIFT1M,1000000,1000000,ACORN,A1_reconstruction,0.2,8,0.356519,0.051963,
SIFT1M,1000000,1000000,ACORN,A2_distinguishing,0.2,8,,,0.582744
SIFT1M,1000000,1000000,ACORN,A1_reconstruction,0.2,9,0.357312,0.033292,
SIFT1M,1000000,1000000,ACORN,A2_distinguishing,0.2,9,,,0.582981
SIFT1M,1000000,1000000,ACORN,A1_reconstruction,0.3,0,0.419579,0.060334,
SIFT1M,1000000,1000000,ACORN,A2_distinguishing,0.3,0,,,0.626452
SIFT1M,1000000,1000000,ACORN,A1_reconstruction,0.3,1,0.384125,0.048195,
SIFT1M,1000000,1000000,ACORN,A2_distinguishing,0.3,1,,,0.6014
SIFT1M,1000000,1000000,ACORN,A1_reconstruction,0.3,2,0.431853,0.03618,
SIFT1M,1000000,1000000,ACORN,A2_distinguishing,0.3,2,,,0.629623
SIFT1M,1000000,1000000,ACORN,A1_reconstruction,0.3,3,0.394275,0.052633,
SIFT1M,1000000,1000000,ACORN,A2_distinguishing,0.3,3,,,0.619622
SIFT1M,1000000,1000000,ACORN,A1_reconstruction,0.3,4,0.397785,0.042293,
SIFT1M,1000000,1000000,ACORN,A2_distinguishing,0.3,4,,,0.614235
SIFT1M,1000000,1000000,ACORN,A1_reconstruction,0.3,5,0.368576,0.040193,
SIFT1M,1000000,1000000,ACORN,A2_distinguishing,0.3,5,,,0.594865
SIFT1M,1000000,1000000,ACORN,A1_reconstruction,0.3,6,0.395401,0.045472,
SIFT1M,1000000,1000000,ACORN,A2_distinguishing,0.3,6,,,0.619479
SIFT1M,1000000,1000000,ACORN,A1_reconstruction,0.3,7,0.401545,0.048351,
SIFT1M,1000000,1000000,ACORN,A2_distinguishing,0.3,7,,,0.616502
SIFT1M,1000000,1000000,ACORN,A1_reconstruction,0.3,8,0.368903,0.062247,
SIFT1M,1000000,1000000,ACORN,A2_distinguishing,0.3,8,,,0.601892
SIFT1M,1000000,1000000,ACORN,A1_reconstruction,0.3,9,0.412096,0.062961,
SIFT1M,1000000,1000000,ACORN,A2_distinguishing,0.3,9,,,0.622412
SIFT1M,1000000,1000000,ACORN,A1_reconstruction,0.4,0,0.376932,0.06115,
SIFT1M,1000000,1000000,ACORN,A2_distinguishing,0.4,0,,,0.608711
SIFT1M,1000000,1000000,ACORN,A1_reconstruction,0.4,1,0.427302,0.061029,
SIFT1M,1000000,1000000,ACORN,A2_distinguishing,0.4,1,,,0.637859
SIFT1M,1000000,1000000,ACORN,A1_reconstruction,0.4,2,0.418783,0.061938,
SIFT1M,1000000,1000000,ACORN,A2_distinguishing,0.4,2,,,0.633947
SIFT1M,1000000,1000000,ACORN,A1_reconstruction,0.4,3,0.425683,0.054559,
SIFT1M,1000000,1000000,ACORN,A2_distinguishing,0.4,3,,,0.645253
SIFT1M,1000000,1000000,ACORN,A1_reconstruction,0.4,4,0.416652,0.060108,
SIFT1M,1000000,1000000,ACORN,A2_distinguishing,0.4,4,,,0.628594
SIFT1M,1000000,1000000,ACORN,A1_reconstruction,0.4,5,0.364995,0.056679,
SIFT1M,1000000,1000000,ACORN,A2_distinguishing,0.4,5,,,0.605342
SIFT1M,1000000,1000000,ACORN,A1_reconstruction,0.4,6,0.403559,0.04735,
SIFT1M,1000000,1000000,ACORN,A2_distinguishing,0.4,6,,,0.626643
SIFT1M,1000000,1000000,ACORN,A1_reconstruction,0.4,7,0.397309,0.04914,
SIFT1M,1000000,1000000,ACORN,A2_distinguishing,0.4,7,,,0.624059
SIFT1M,1000000,1000000,ACORN,A1_reconstruction,0.4,8,0.432529,0.046848,
SIFT1M,1000000,1000000,ACORN,A2_distinguishing,0.4,8,,,0.641478
SIFT1M,1000000,1000000,ACORN,A1_reconstruction,0.4,9,0.407998,0.049923,
SIFT1M,1000000,1000000,ACORN,A2_distinguishing,0.4,9,,,0.629653
SIFT1M,1000000,1000000,ACORN,A1_reconstruction,0.5,0,0.410348,0.046648,
SIFT1M,1000000,1000000,ACORN,A2_distinguishing,0.5,0,,,0.63269
SIFT1M,1000000,1000000,ACORN,A1_reconstruction,0.5,1,0.410779,0.048311,
SIFT1M,1000000,1000000,ACORN,A2_distinguishing,0.5,1,,,0.638102
SIFT1M,1000000,1000000,ACORN,A1_reconstruction,0.5,2,0.405559,0.061161,
SIFT1M,1000000,1000000,ACORN,A2_distinguishing,0.5,2,,,0.639199
SIFT1M,1000000,1000000,ACORN,A1_reconstruction,0.5,3,0.423027,0.062076,
SIFT1M,1000000,1000000,ACORN,A2_distinguishing,0.5,3,,,0.644618
SIFT1M,1000000,1000000,ACORN,A1_reconstruction,0.5,4,0.438258,0.060931,
SIFT1M,1000000,1000000,ACORN,A2_distinguishing,0.5,4,,,0.654776
SIFT1M,1000000,1000000,ACORN,A1_reconstruction,0.5,5,0.428753,0.068058,
SIFT1M,1000000,1000000,ACORN,A2_distinguishing,0.5,5,,,0.643747
SIFT1M,1000000,1000000,ACORN,A1_reconstruction,0.5,6,0.404742,0.053101,
SIFT1M,1000000,1000000,ACORN,A2_distinguishing,0.5,6,,,0.629887
SIFT1M,1000000,1000000,ACORN,A1_reconstruction,0.5,7,0.420979,0.042755,
SIFT1M,1000000,1000000,ACORN,A2_distinguishing,0.5,7,,,0.643088
SIFT1M,1000000,1000000,ACORN,A1_reconstruction,0.5,8,0.397311,0.068672,
SIFT1M,1000000,1000000,ACORN,A2_distinguishing,0.5,8,,,0.622432
SIFT1M,1000000,1000000,ACORN,A1_reconstruction,0.5,9,0.434847,0.07416,
SIFT1M,1000000,1000000,ACORN,A2_distinguishing,0.5,9,,,0.651554
SIFT1M,1000000,1000000,HoneyBee,A1_reconstruction,0.1,0,0.416349,0.051356,
SIFT1M,1000000,1000000,HoneyBee,A2_distinguishing,0.1,0,,,0.598861
SIFT1M,1000000,1000000,HoneyBee,A1_reconstruction,0.1,1,0.370584,0.06166,
SIFT1M,1000000,1000000,HoneyBee,A2_distinguishing,0.1,1,,,0.580409
SIFT1M,1000000,1000000,HoneyBee,A1_reconstruction,0.1,2,0.320247,0.040134,
SIFT1M,1000000,1000000,HoneyBee,A2_distinguishing,0.1,2,,,0.542986
SIFT1M,1000000,1000000,HoneyBee,A1_reconstruction,0.1,3,0.345379,0.042095,
SIFT1M,1000000,1000000,HoneyBee,A2_distinguishing,0.1,3,,,0.55981
SIFT1M,1000000,1000000,HoneyBee,A1_reconstruction,0.1,4,0.381943,0.038902,
SIFT1M,1000000,1000000,HoneyBee,A2_distinguishing,0.1,4,,,0.583445
SIFT1M,1000000,1000000,HoneyBee,A1_reconstruction,0.1,5,0.415681,0.029066,
SIFT1M,1000000,1000000,HoneyBee,A2_distinguishing,0.1,5,,,0.599307
SIFT1M,1000000,1000000,HoneyBee,A1_reconstruction,0.1,6,0.403104,0.047282,
SIFT1M,1000000,1000000,HoneyBee,A2_distinguishing,0.1,6,,,0.597554
SIFT1M,1000000,1000000,HoneyBee,A1_reconstruction,0.1,7,0.356071,0.041928,
SIFT1M,1000000,1000000,HoneyBee,A2_distinguishing,0.1,7,,,0.563045
SIFT1M,1000000,1000000,HoneyBee,A1_reconstruction,0.1,8,0.335665,0.0329,
SIFT1M,1000000,1000000,HoneyBee,A2_distinguishing,0.1,8,,,0.550057
SIFT1M,1000000,1000000,HoneyBee,A1_reconstruction,0.1,9,0.3874,0.04281,
SIFT1M,1000000,1000000,HoneyBee,A2_distinguishing,0.1,9,,,0.586768
SIFT1M,1000000,1000000,HoneyBee,A1_reconstruction,0.2,0,0.379604,0.057549,
SIFT1M,1000000,1000000,HoneyBee,A2_distinguishing,0.2,0,,,0.58284
SIFT1M,1000000,1000000,HoneyBee,A1_reconstruction,0.2,1,0.34263,0.043074,
SIFT1M,1000000,1000000,HoneyBee,A2_distinguishing,0.2,1,,,0.560583
SIFT1M,1000000,1000000,HoneyBee,A1_reconstruction,0.2,2,0.364307,0.047197,
SIFT1M,1000000,1000000,HoneyBee,A2_distinguishing,0.2,2,,,0.580338
SIFT1M,1000000,1000000,HoneyBee,A1_reconstruction,0.2,3,0.354053,0.037709,
SIFT1M,1000000,1000000,HoneyBee,A2_distinguishing,0.2,3,,,0.572119
SIFT1M,1000000,1000000,HoneyBee,A1_reconstruction,0.2,4,0.367678,0.045902,
SIFT1M,1000000,1000000,HoneyBee,A2_distinguishing,0.2,4,,,0.576133
SIFT1M,1000000,1000000,HoneyBee,A1_reconstruction,0.2,5,0.404957,0.024562,
SIFT1M,1000000,1000000,HoneyBee,A2_distinguishing,0.2,5,,,0.596288
SIFT1M,1000000,1000000,HoneyBee,A1_reconstruction,0.2,6,0.348141,0.05116,
SIFT1M,1000000,1000000,HoneyBee,A2_distinguishing,0.2,6,,,0.574157
SIFT1M,1000000,1000000,HoneyBee,A1_reconstruction,0.2,7,0.367759,0.060975,
SIFT1M,1000000,1000000,HoneyBee,A2_distinguishing,0.2,7,,,0.578895
SIFT1M,1000000,1000000,HoneyBee,A1_reconstruction,0.2,8,0.389703,0.051968,
SIFT1M,1000000,1000000,HoneyBee,A2_distinguishing,0.2,8,,,0.588508
SIFT1M,1000000,1000000,HoneyBee,A1_reconstruction,0.2,9,0.38166,0.043723,
SIFT1M,1000000,1000000,HoneyBee,A2_distinguishing,0.2,9,,,0.594702
SIFT1M,1000000,1000000,HoneyBee,A1_reconstruction,0.3,0,0.386723,0.056761,
SIFT1M,1000000,1000000,HoneyBee,A2_distinguishing,0.3,0,,,0.598978
SIFT1M,1000000,1000000,HoneyBee,A1_reconstruction,0.3,1,0.378729,0.050826,
SIFT1M,1000000,1000000,HoneyBee,A2_distinguishing,0.3,1,,,0.589685
SIFT1M,1000000,1000000,HoneyBee,A1_reconstruction,0.3,2,0.410562,0.043414,
SIFT1M,1000000,1000000,HoneyBee,A2_distinguishing,0.3,2,,,0.60636
SIFT1M,1000000,1000000,HoneyBee,A1_reconstruction,0.3,3,0.417742,0.044038,
SIFT1M,1000000,1000000,HoneyBee,A2_distinguishing,0.3,3,,,0.612877
SIFT1M,1000000,1000000,HoneyBee,A1_reconstruction,0.3,4,0.413024,0.061274,
SIFT1M,1000000,1000000,HoneyBee,A2_distinguishing,0.3,4,,,0.609606
SIFT1M,1000000,1000000,HoneyBee,A1_reconstruction,0.3,5,0.399079,0.053941,
SIFT1M,1000000,1000000,HoneyBee,A2_distinguishing,0.3,5,,,0.601464
SIFT1M,1000000,1000000,HoneyBee,A1_reconstruction,0.3,6,0.368981,0.054905,
SIFT1M,1000000,1000000,HoneyBee,A2_distinguishing,0.3,6,,,0.576487
SIFT1M,1000000,1000000,HoneyBee,A1_reconstruction,0.3,7,0.359918,0.029896,
SIFT1M,1000000,1000000,HoneyBee,A2_distinguishing,0.3,7,,,0.574383
SIFT1M,1000000,1000000,HoneyBee,A1_reconstruction,0.3,8,0.469509,0.069466,
SIFT1M,1000000,1000000,HoneyBee,A2_distinguishing,0.3,8,,,0.645315
SIFT1M,1000000,1000000,HoneyBee,A1_reconstruction,0.3,9,0.393966,0.034988,
SIFT1M,1000000,1000000,HoneyBee,A2_distinguishing,0.3,9,,,0.599606
SIFT1M,1000000,1000000,HoneyBee,A1_reconstruction,0.4,0,0.359102,0.045557,
SIFT1M,1000000,1000000,HoneyBee,A2_distinguishing,0.4,0,,,0.582258
SIFT1M,1000000,1000000,HoneyBee,A1_reconstruction,0.4,1,0.413036,0.042629,
SIFT1M,1000000,1000000,HoneyBee,A2_distinguishing,0.4,1,,,0.618605
SIFT1M,1000000,1000000,HoneyBee,A1_reconstruction,0.4,2,0.400471,0.063678,
SIFT1M,1000000,1000000,HoneyBee,A2_distinguishing,0.4,2,,,0.605482
SIFT1M,1000000,1000000,HoneyBee,A1_reconstruction,0.4,3,0.406617,0.064045,
SIFT1M,1000000,1000000,HoneyBee,A2_distinguishing,0.4,3,,,0.617766
SIFT1M,1000000,1000000,HoneyBee,A1_reconstruction,0.4,4,0.430558,0.046714,
SIFT1M,1000000,1000000,HoneyBee,A2_distinguishing,0.4,4,,,0.627343
SIFT1M,1000000,1000000,HoneyBee,A1_reconstruction,0.4,5,0.448917,0.052162,
SIFT1M,1000000,1000000,HoneyBee,A2_distinguishing,0.4,5,,,0.63831
SIFT1M,1000000,1000000,HoneyBee,A1_reconstruction,0.4,6,0.417325,0.058078,
SIFT1M,1000000,1000000,HoneyBee,A2_distinguishing,0.4,6,,,0.615782
SIFT1M,1000000,1000000,HoneyBee,A1_reconstruction,0.4,7,0.370392,0.066851,
SIFT1M,1000000,1000000,HoneyBee,A2_distinguishing,0.4,7,,,0.584382
SIFT1M,1000000,1000000,HoneyBee,A1_reconstruction,0.4,8,0.395901,0.03601,
SIFT1M,1000000,1000000,HoneyBee,A2_distinguishing,0.4,8,,,0.61339
SIFT1M,1000000,1000000,HoneyBee,A1_reconstruction,0.4,9,0.362987,0.070205,
SIFT1M,1000000,1000000,HoneyBee,A2_distinguishing,0.4,9,,,0.587229
SIFT1M,1000000,1000000,HoneyBee,A1_reconstruction,0.5,0,0.408837,0.057447,
SIFT1M,1000000,1000000,HoneyBee,A2_distinguishing,0.5,0,,,0.608315
SIFT1M,1000000,1000000,HoneyBee,A1_reconstruction,0.5,1,0.442039,0.064445,
SIFT1M,1000000,1000000,HoneyBee,A2_distinguishing,0.5,1,,,0.632392
SIFT1M,1000000,1000000,HoneyBee,A1_reconstruction,0.5,2,0.404354,0.04745,
SIFT1M,1000000,1000000,HoneyBee,A2_distinguishing,0.5,2,,,0.622114
SIFT1M,1000000,1000000,HoneyBee,A1_reconstruction,0.5,3,0.405876,0.064755,
SIFT1M,1000000,1000000,HoneyBee,A2_distinguishing,0.5,3,,,0.616245
SIFT1M,1000000,1000000,HoneyBee,A1_reconstruction,0.5,4,0.400742,0.049479,
SIFT1M,1000000,1000000,HoneyBee,A2_distinguishing,0.5,4,,,0.610428
SIFT1M,1000000,1000000,HoneyBee,A1_reconstruction,0.5,5,0.37496,0.042179,
SIFT1M,1000000,1000000,HoneyBee,A2_distinguishing,0.5,5,,,0.597614
SIFT1M,1000000,1000000,HoneyBee,A1_reconstruction,0.5,6,0.441003,0.068127,
SIFT1M,1000000,1000000,HoneyBee,A2_distinguishing,0.5,6,,,0.631772
SIFT1M,1000000,1000000,HoneyBee,A1_reconstruction,0.5,7,0.454024,0.073461,
SIFT1M,1000000,1000000,HoneyBee,A2_distinguishing,0.5,7,,,0.645172
SIFT1M,1000000,1000000,HoneyBee,A1_reconstruction,0.5,8,0.413788,0.055782,
SIFT1M,1000000,1000000,HoneyBee,A2_distinguishing,0.5,8,,,0.620338
SIFT1M,1000000,1000000,HoneyBee,A1_reconstruction,0.5,9,0.431204,0.061509,
SIFT1M,1000000,1000000,HoneyBee,A2_distinguishing,0.5,9,,,0.628693
SIFT1M,1000000,1000000,SPFresh,A1_reconstruction,0.1,0,0.359115,0.022592,
SIFT1M,1000000,1000000,SPFresh,A2_distinguishing,0.1,0,,,0.627447
SIFT1M,1000000,1000000,SPFresh,A1_reconstruction,0.1,1,0.403647,0.052326,
SIFT1M,1000000,1000000,SPFresh,A2_distinguishing,0.1,1,,,0.650595
SIFT1M,1000000,1000000,SPFresh,A1_reconstruction,0.1,2,0.387425,0.049522,
SIFT1M,1000000,1000000,SPFresh,A2_distinguishing,0.1,2,,,0.642747
SIFT1M,1000000,1000000,SPFresh,A1_reconstruction,0.1,3,0.354966,0.021764,
SIFT1M,1000000,1000000,SPFresh,A2_distinguishing,0.1,3,,,0.61767
SIFT1M,1000000,1000000,SPFresh,A1_reconstruction,0.1,4,0.348495,0.040557,
SIFT1M,1000000,1000000,SPFresh,A2_distinguishing,0.1,4,,,0.622725
SIFT1M,1000000,1000000,SPFresh,A1_reconstruction,0.1,5,0.305949,0.041034,
SIFT1M,1000000,1000000,SPFresh,A2_distinguishing,0.1,5,,,0.596587
SIFT1M,1000000,1000000,SPFresh,A1_reconstruction,0.1,6,0.37242,0.036743,
SIFT1M,1000000,1000000,SPFresh,A2_distinguishing,0.1,6,,,0.632507
SIFT1M,1000000,1000000,SPFresh,A1_reconstruction,0.1,7,0.348844,0.022965,
SIFT1M,1000000,1000000,SPFresh,A2_distinguishing,0.1,7,,,0.610116
SIFT1M,1000000,1000000,SPFresh,A1_reconstruction,0.1,8,0.377759,0.053629,
SIFT1M,1000000,1000000,SPFresh,A2_distinguishing,0.1,8,,,0.633565
SIFT1M,1000000,1000000,SPFresh,A1_reconstruction,0.1,9,0.39616,0.023812,
SIFT1M,1000000,1000000,SPFresh,A2_distinguishing,0.1,9,,,0.648841
SIFT1M,1000000,1000000,SPFresh,A1_reconstruction,0.2,0,0.354046,0.055407,
SIFT1M,1000000,1000000,SPFresh,A2_distinguishing,0.2,0,,,0.636407
SIFT1M,1000000,1000000,SPFresh,A1_reconstruction,0.2,1,0.382948,0.064186,
SIFT1M,1000000,1000000,SPFresh,A2_distinguishing,0.2,1,,,0.649467
SIFT1M,1000000,1000000,SPFresh,A1_reconstruction,0.2,2,0.385899,0.047647,
SIFT1M,1000000,1000000,SPFresh,A2_distinguishing,0.2,2,,,0.667242
SIFT1M,1000000,1000000,SPFresh,A1_reconstruction,0.2,3,0.429898,0.044787,
SIFT1M,1000000,1000000,SPFresh,A2_distinguishing,0.2,3,,,0.686168
SIFT1M,1000000,1000000,SPFresh,A1_reconstruction,0.2,4,0.409536,0.047392,
SIFT1M,1000000,1000000,SPFresh,A2_distinguishing,0.2,4,,,0.670219
SIFT1M,1000000,1000000,SPFresh,A1_reconstruction,0.2,5,0.39709,0.031213,
SIFT1M,1000000,1000000,SPFresh,A2_distinguishing,0.2,5,,,0.662231
SIFT1M,1000000,1000000,SPFresh,A1_reconstruction,0.2,6,0.415041,0.034588,
SIFT1M,1000000,1000000,SPFresh,A2_distinguishing,0.2,6,,,0.678076
SIFT1M,1000000,1000000,SPFresh,A1_reconstruction,0.2,7,0.396551,0.035149,
SIFT1M,1000000,1000000,SPFresh,A2_distinguishing,0.2,7,,,0.669328
SIFT1M,1000000,1000000,SPFresh,A1_reconstruction,0.2,8,0.396067,0.057873,
SIFT1M,1000000,1000000,SPFresh,A2_distinguishing,0.2,8,,,0.668596
SIFT1M,1000000,1000000,SPFresh,A1_reconstruction,0.2,9,0.399279,0.041583,
SIFT1M,1000000,1000000,SPFresh,A2_distinguishing,0.2,9,,,0.664394
SIFT1M,1000000,1000000,SPFresh,A1_reconstruction,0.3,0,0.391347,0.062926,
SIFT1M,1000000,1000000,SPFresh,A2_distinguishing,0.3,0,,,0.675317
SIFT1M,1000000,1000000,SPFresh,A1_reconstruction,0.3,1,0.359532,0.052776,
SIFT1M,1000000,1000000,SPFresh,A2_distinguishing,0.3,1,,,0.660542
SIFT1M,1000000,1000000,SPFresh,A1_reconstruction,0.3,2,0.444621,0.05958,
SIFT1M,1000000,1000000,SPFresh,A2_distinguishing,0.3,2,,,0.718526
SIFT1M,1000000,1000000,SPFresh,A1_reconstruction,0.3,3,0.353226,0.047373,
SIFT1M,1000000,1000000,SPFresh,A2_distinguishing,0.3,3,,,0.660886
SIFT1M,1000000,1000000,SPFresh,A1_reconstruction,0.3,4,0.36536,0.07282,
SIFT1M,1000000,1000000,SPFresh,A2_distinguishing,0.3,4,,,0.664339
SIFT1M,1000000,1000000,SPFresh,A1_reconstruction,0.3,5,0.437959,0.055601,
SIFT1M,1000000,1000000,SPFresh,A2_distinguishing,0.3,5,,,0.708235
SIFT1M,1000000,1000000,SPFresh,A1_reconstruction,0.3,6,0.382815,0.059279,
SIFT1M,1000000,1000000,SPFresh,A2_distinguishing,0.3,6,,,0.6733
SIFT1M,1000000,1000000,SPFresh,A1_reconstruction,0.3,7,0.396529,0.0473,
SIFT1M,1000000,1000000,SPFresh,A2_distinguishing,0.3,7,,,0.681974
SIFT1M,1000000,1000000,SPFresh,A1_reconstruction,0.3,8,0.341742,0.051799,
SIFT1M,1000000,1000000,SPFresh,A2_distinguishing,0.3,8,,,0.644134
SIFT1M,1000000,1000000,SPFresh,A1_reconstruction,0.3,9,0.381862,0.04142,
SIFT1M,1000000,1000000,SPFresh,A2_distinguishing,0.3,9,,,0.673712
SIFT1M,1000000,1000000,SPFresh,A1_reconstruction,0.4,0,0.412401,0.058424,
SIFT1M,1000000,1000000,SPFresh,A2_distinguishing,0.4,0,,,0.703055
SIFT1M,1000000,1000000,SPFresh,A1_reconstruction,0.4,1,0.3983,0.042493,
SIFT1M,1000000,1000000,SPFresh,A2_distinguishing,0.4,1,,,0.696209
SIFT1M,1000000,1000000,SPFresh,A1_reconstruction,0.4,2,0.412951,0.047895,
SIFT1M,1000000,1000000,SPFresh,A2_distinguishing,0.4,2,,,0.711731
SIFT1M,1000000,1000000,SPFresh,A1_reconstruction,0.4,3,0.425794,0.069985,
SIFT1M,1000000,1000000,SPFresh,A2_distinguishing,0.4,3,,,0.717882
SIFT1M,1000000,1000000,SPFresh,A1_reconstruction,0.4,4,0.347075,0.056148,
SIFT1M,1000000,1000000,SPFresh,A2_distinguishing,0.4,4,,,0.669076
SIFT1M,1000000,1000000,SPFresh,A1_reconstruction,0.4,5,0.382602,0.064885,
SIFT1M,1000000,1000000,SPFresh,A2_distinguishing,0.4,5,,,0.696772
SIFT1M,1000000,1000000,SPFresh,A1_reconstruction,0.4,6,0.422002,0.044575,
SIFT1M,1000000,1000000,SPFresh,A2_distinguishing,0.4,6,,,0.716153
SIFT1M,1000000,1000000,SPFresh,A1_reconstruction,0.4,7,0.399506,0.05858,
SIFT1M,1000000,1000000,SPFresh,A2_distinguishing,0.4,7,,,0.702108
SIFT1M,1000000,1000000,SPFresh,A1_reconstruction,0.4,8,0.415148,0.07245,
SIFT1M,1000000,1000000,SPFresh,A2_distinguishing,0.4,8,,,0.710835
SIFT1M,1000000,1000000,SPFresh,A1_reconstruction,0.4,9,0.384983,0.072788,
SIFT1M,1000000,1000000,SPFresh,A2_distinguishing,0.4,9,,,0.6828
SIFT1M,1000000,1000000,SPFresh,A1_reconstruction,0.5,0,0.462314,0.077326,
SIFT1M,1000000,1000000,SPFresh,A2_distinguishing,0.5,0,,,0.755688
SIFT1M,1000000,1000000,SPFresh,A1_reconstruction,0.5,1,0.412276,0.060322,
SIFT1M,1000000,1000000,SPFresh,A2_distinguishing,0.5,1,,,0.728213
SIFT1M,1000000,1000000,SPFresh,A1_reconstruction,0.5,2,0.449127,0.062903,
SIFT1M,1000000,1000000,SPFresh,A2_distinguishing,0.5,2,,,0.75157
SIFT1M,1000000,1000000,SPFresh,A1_reconstruction,0.5,3,0.398252,0.062718,
SIFT1M,1000000,1000000,SPFresh,A2_distinguishing,0.5,3,,,0.719422
SIFT1M,1000000,1000000,SPFresh,A1_reconstruction,0.5,4,0.374123,0.050636,
SIFT1M,1000000,1000000,SPFresh,A2_distinguishing,0.5,4,,,0.710914
SIFT1M,1000000,1000000,SPFresh,A1_reconstruction,0.5,5,0.434463,0.038431,
SIFT1M,1000000,1000000,SPFresh,A2_distinguishing,0.5,5,,,0.748061
SIFT1M,1000000,1000000,SPFresh,A1_reconstruction,0.5,6,0.424525,0.061344,
SIFT1M,1000000,1000000,SPFresh,A2_distinguishing,0.5,6,,,0.730138
SIFT1M,1000000,1000000,SPFresh,A1_reconstruction,0.5,7,0.389058,0.05092,
SIFT1M,1000000,1000000,SPFresh,A2_distinguishing,0.5,7,,,0.720205
SIFT1M,1000000,1000000,SPFresh,A1_reconstruction,0.5,8,0.444646,0.07862,
SIFT1M,1000000,1000000,SPFresh,A2_distinguishing,0.5,8,,,0.750504
SIFT1M,1000000,1000000,SPFresh,A1_reconstruction,0.5,9,0.392498,0.063986,
SIFT1M,1000000,1000000,SPFresh,A2_distinguishing,0.5,9,,,0.713369
SIFT1M,1000000,1000000,Lethe,A1_reconstruction,0.1,0,0.0,0.002296,
SIFT1M,1000000,1000000,Lethe,A2_distinguishing,0.1,0,,,0.489998
SIFT1M,1000000,1000000,Lethe,A1_reconstruction,0.1,1,0.003716,0.00119,
SIFT1M,1000000,1000000,Lethe,A2_distinguishing,0.1,1,,,0.50229
SIFT1M,1000000,1000000,Lethe,A1_reconstruction,0.1,2,0.006952,0.001135,
SIFT1M,1000000,1000000,Lethe,A2_distinguishing,0.1,2,,,0.51038
SIFT1M,1000000,1000000,Lethe,A1_reconstruction,0.1,3,0.000718,0.000477,
SIFT1M,1000000,1000000,Lethe,A2_distinguishing,0.1,3,,,0.494794
SIFT1M,1000000,1000000,Lethe,A1_reconstruction,0.1,4,0.004414,0.0,
SIFT1M,1000000,1000000,Lethe,A2_distinguishing,0.1,4,,,0.504035
SIFT1M,1000000,1000000,Lethe,A1_reconstruction,0.1,5,0.011116,0.001003,
SIFT1M,1000000,1000000,Lethe,A2_distinguishing,0.1,5,,,0.520789
SIFT1M,1000000,1000000,Lethe,A1_reconstruction,0.1,6,0.003602,0.000616,
SIFT1M,1000000,1000000,Lethe,A2_distinguishing,0.1,6,,,0.502005
SIFT1M,1000000,1000000,Lethe,A1_reconstruction,0.1,7,0.002545,0.000985,
SIFT1M,1000000,1000000,Lethe,A2_distinguishing,0.1,7,,,0.499361
SIFT1M,1000000,1000000,Lethe,A1_reconstruction,0.1,8,0.003714,0.0,
SIFT1M,1000000,1000000,Lethe,A2_distinguishing,0.1,8,,,0.502285
SIFT1M,1000000,1000000,Lethe,A1_reconstruction,0.1,9,0.006044,0.001378,
SIFT1M,1000000,1000000,Lethe,A2_distinguishing,0.1,9,,,0.508111
SIFT1M,1000000,1000000,Lethe,A1_reconstruction,0.2,0,0.013957,0.001862,
SIFT1M,1000000,1000000,Lethe,A2_distinguishing,0.2,0,,,0.527893
SIFT1M,1000000,1000000,Lethe,A1_reconstruction,0.2,1,0.012923,0.001174,
SIFT1M,1000000,1000000,Lethe,A2_distinguishing,0.2,1,,,0.525307
SIFT1M,1000000,1000000,Lethe,A1_reconstruction,0.2,2,0.002652,0.0,
SIFT1M,1000000,1000000,Lethe,A2_distinguishing,0.2,2,,,0.49963
SIFT1M,1000000,1000000,Lethe,A1_reconstruction,0.2,3,0.0033,0.000847,
SIFT1M,1000000,1000000,Lethe,A2_distinguishing,0.2,3,,,0.50125
SIFT1M,1000000,1000000,Lethe,A1_reconstruction,0.2,4,0.014802,0.001506,
SIFT1M,1000000,1000000,Lethe,A2_distinguishing,0.2,4,,,0.530005
SIFT1M,1000000,1000000,Lethe,A1_reconstruction,0.2,5,0.003682,0.0,
SIFT1M,1000000,1000000,Lethe,A2_distinguishing,0.2,5,,,0.502205
SIFT1M,1000000,1000000,Lethe,A1_reconstruction,0.2,6,0.007837,0.00108,
SIFT1M,1000000,1000000,Lethe,A2_distinguishing,0.2,6,,,0.512592
SIFT1M,1000000,1000000,Lethe,A1_reconstruction,0.2,7,0.0,0.002085,
SIFT1M,1000000,1000000,Lethe,A2_distinguishing,0.2,7,,,0.485
SIFT1M,1000000,1000000,Lethe,A1_reconstruction,0.2,8,0.007052,0.000973,
SIFT1M,1000000,1000000,Lethe,A2_distinguishing,0.2,8,,,0.510631
SIFT1M,1000000,1000000,Lethe,A1_reconstruction,0.2,9,0.011648,0.001745,
SIFT1M,1000000,1000000,Lethe,A2_distinguishing,0.2,9,,,0.522121
SIFT1M,1000000,1000000,Lethe,A1_reconstruction,0.3,0,0.00496,0.0,
SIFT1M,1000000,1000000,Lethe,A2_distinguishing,0.3,0,,,0.505399
SIFT1M,1000000,1000000,Lethe,A1_reconstruction,0.3,1,0.006425,0.000931,
SIFT1M,1000000,1000000,Lethe,A2_distinguishing,0.3,1,,,0.509062
SIFT1M,1000000,1000000,Lethe,A1_reconstruction,0.3,2,0.0157,0.0,
SIFT1M,1000000,1000000,Lethe,A2_distinguishing,0.3,2,,,0.532249
SIFT1M,1000000,1000000,Lethe,A1_reconstruction,0.3,3,0.0,0.0,
SIFT1M,1000000,1000000,Lethe,A2_distinguishing,0.3,3,,,0.491678
SIFT1M,1000000,1000000,Lethe,A1_reconstruction,0.3,4,0.002829,0.000605,
SIFT1M,1000000,1000000,Lethe,A2_distinguishing,0.3,4,,,0.500072
SIFT1M,1000000,1000000,Lethe,A1_reconstruction,0.3,5,0.003945,0.001221,
SIFT1M,1000000,1000000,Lethe,A2_distinguishing,0.3,5,,,0.502863
SIFT1M,1000000,1000000,Lethe,A1_reconstruction,0.3,6,0.005239,0.001835,
SIFT1M,1000000,1000000,Lethe,A2_distinguishing,0.3,6,,,0.506098
SIFT1M,1000000,1000000,Lethe,A1_reconstruction,0.3,7,0.00861,0.00099,
SIFT1M,1000000,1000000,Lethe,A2_distinguishing,0.3,7,,,0.514525
SIFT1M,1000000,1000000,Lethe,A1_reconstruction,0.3,8,0.00902,0.0,
SIFT1M,1000000,1000000,Lethe,A2_distinguishing,0.3,8,,,0.515549
SIFT1M,1000000,1000000,Lethe,A1_reconstruction,0.3,9,0.0,0.0,
SIFT1M,1000000,1000000,Lethe,A2_distinguishing,0.3,9,,,0.491148
SIFT1M,1000000,1000000,Lethe,A1_reconstruction,0.4,0,0.000113,0.000692,
SIFT1M,1000000,1000000,Lethe,A2_distinguishing,0.4,0,,,0.493282
SIFT1M,1000000,1000000,Lethe,A1_reconstruction,0.4,1,0.006924,0.001729,
SIFT1M,1000000,1000000,Lethe,A2_distinguishing,0.4,1,,,0.51031
SIFT1M,1000000,1000000,Lethe,A1_reconstruction,0.4,2,0.004509,0.002897,
SIFT1M,1000000,1000000,Lethe,A2_distinguishing,0.4,2,,,0.504273
SIFT1M,1000000,1000000,Lethe,A1_reconstruction,0.4,3,0.004083,0.002532,
SIFT1M,1000000,1000000,Lethe,A2_distinguishing,0.4,3,,,0.503209
SIFT1M,1000000,1000000,Lethe,A1_reconstruction,0.4,4,0.005759,0.000688,
SIFT1M,1000000,1000000,Lethe,A2_distinguishing,0.4,4,,,0.507398
SIFT1M,1000000,1000000,Lethe,A1_reconstruction,0.4,5,0.003569,0.0,
SIFT1M,1000000,1000000,Lethe,A2_distinguishing,0.4,5,,,0.501922
SIFT1M,1000000,1000000,Lethe,A1_reconstruction,0.4,6,0.0,0.0,
SIFT1M,1000000,1000000,Lethe,A2_distinguishing,0.4,6,,,0.490749
SIFT1M,1000000,1000000,Lethe,A1_reconstruction,0.4,7,0.0,0.0,
SIFT1M,1000000,1000000,Lethe,A2_distinguishing,0.4,7,,,0.490813
SIFT1M,1000000,1000000,Lethe,A1_reconstruction,0.4,8,0.005893,0.001372,
SIFT1M,1000000,1000000,Lethe,A2_distinguishing,0.4,8,,,0.507733
SIFT1M,1000000,1000000,Lethe,A1_reconstruction,0.4,9,0.004283,0.000954,
SIFT1M,1000000,1000000,Lethe,A2_distinguishing,0.4,9,,,0.503709
SIFT1M,1000000,1000000,Lethe,A1_reconstruction,0.5,0,0.002055,0.000273,
SIFT1M,1000000,1000000,Lethe,A2_distinguishing,0.5,0,,,0.498137
SIFT1M,1000000,1000000,Lethe,A1_reconstruction,0.5,1,0.008,0.000974,
SIFT1M,1000000,1000000,Lethe,A2_distinguishing,0.5,1,,,0.513001
SIFT1M,1000000,1000000,Lethe,A1_reconstruction,0.5,2,0.004314,0.003676,
SIFT1M,1000000,1000000,Lethe,A2_distinguishing,0.5,2,,,0.503785
SIFT1M,1000000,1000000,Lethe,A1_reconstruction,0.5,3,0.011081,0.001951,
SIFT1M,1000000,1000000,Lethe,A2_distinguishing,0.5,3,,,0.520702
SIFT1M,1000000,1000000,Lethe,A1_reconstruction,0.5,4,0.009176,0.0,
SIFT1M,1000000,1000000,Lethe,A2_distinguishing,0.5,4,,,0.51594
SIFT1M,1000000,1000000,Lethe,A1_reconstruction,0.5,5,0.016129,0.001669,
SIFT1M,1000000,1000000,Lethe,A2_distinguishing,0.5,5,,,0.533322
SIFT1M,1000000,1000000,Lethe,A1_reconstruction,0.5,6,0.004251,0.0,
SIFT1M,1000000,1000000,Lethe,A2_distinguishing,0.5,6,,,0.503629
SIFT1M,1000000,1000000,Lethe,A1_reconstruction,0.5,7,0.002784,0.000917,
SIFT1M,1000000,1000000,Lethe,A2_distinguishing,0.5,7,,,0.49996
SIFT1M,1000000,1000000,Lethe,A1_reconstruction,0.5,8,0.003387,0.000263,
SIFT1M,1000000,1000000,Lethe,A2_distinguishing,0.5,8,,,0.501469
SIFT1M,1000000,1000000,Lethe,A1_reconstruction,0.5,9,0.005568,0.000339,
SIFT1M,1000000,1000000,Lethe,A2_distinguishing,0.5,9,,,0.506921
SIFT1M,1000000,1000000,Physical-delete,A1_reconstruction,0.1,0,0.013457,0.000909,
SIFT1M,1000000,1000000,Physical-delete,A2_distinguishing,0.1,0,,,0.526642
SIFT1M,1000000,1000000,Physical-delete,A1_reconstruction,0.1,1,0.000211,0.000841,
SIFT1M,1000000,1000000,Physical-delete,A2_distinguishing,0.1,1,,,0.493527
SIFT1M,1000000,1000000,Physical-delete,A1_reconstruction,0.1,2,0.008497,0.001267,
SIFT1M,1000000,1000000,Physical-delete,A2_distinguishing,0.1,2,,,0.514243
SIFT1M,1000000,1000000,Physical-delete,A1_reconstruction,0.1,3,0.010993,0.002251,
SIFT1M,1000000,1000000,Physical-delete,A2_distinguishing,0.1,3,,,0.520482
SIFT1M,1000000,1000000,Physical-delete,A1_reconstruction,0.1,4,0.007734,0.000998,
SIFT1M,1000000,1000000,Physical-delete,A2_distinguishing,0.1,4,,,0.512335
SIFT1M,1000000,1000000,Physical-delete,A1_reconstruction,0.1,5,0.004952,0.002376,
SIFT1M,1000000,1000000,Physical-delete,A2_distinguishing,0.1,5,,,0.505379
SIFT1M,1000000,1000000,Physical-delete,A1_reconstruction,0.1,6,0.011779,0.0,
SIFT1M,1000000,1000000,Physical-delete,A2_distinguishing,0.1,6,,,0.522448
SIFT1M,1000000,1000000,Physical-delete,A1_reconstruction,0.1,7,0.011779,0.002049,
SIFT1M,1000000,1000000,Physical-delete,A2_distinguishing,0.1,7,,,0.522447
SIFT1M,1000000,1000000,Physical-delete,A1_reconstruction,0.1,8,0.00084,0.0,
SIFT1M,1000000,1000000,Physical-delete,A2_distinguishing,0.1,8,,,0.4951
SIFT1M,1000000,1000000,Physical-delete,A1_reconstruction,0.1,9,0.005933,0.001131,
SIFT1M,1000000,1000000,Physical-delete,A2_distinguishing,0.1,9,,,0.507833
SIFT1M,1000000,1000000,Physical-delete,A1_reconstruction,0.2,0,0.0,0.001435,
SIFT1M,1000000,1000000,Physical-delete,A2_distinguishing,0.2,0,,,0.489623
SIFT1M,1000000,1000000,Physical-delete,A1_reconstruction,0.2,1,0.000457,0.000189,
SIFT1M,1000000,1000000,Physical-delete,A2_distinguishing,0.2,1,,,0.494141
SIFT1M,1000000,1000000,Physical-delete,A1_reconstruction,0.2,2,0.015145,0.002201,
SIFT1M,1000000,1000000,Physical-delete,A2_distinguishing,0.2,2,,,0.530863
SIFT1M,1000000,1000000,Physical-delete,A1_reconstruction,0.2,3,0.006081,0.0,
SIFT1M,1000000,1000000,Physical-delete,A2_distinguishing,0.2,3,,,0.508202
SIFT1M,1000000,1000000,Physical-delete,A1_reconstruction,0.2,4,0.008782,0.000396,
SIFT1M,1000000,1000000,Physical-delete,A2_distinguishing,0.2,4,,,0.514955
SIFT1M,1000000,1000000,Physical-delete,A1_reconstruction,0.2,5,0.008882,0.002117,
SIFT1M,1000000,1000000,Physical-delete,A2_distinguishing,0.2,5,,,0.515204
SIFT1M,1000000,1000000,Physical-delete,A1_reconstruction,0.2,6,0.002035,0.0,
SIFT1M,1000000,1000000,Physical-delete,A2_distinguishing,0.2,6,,,0.498088
SIFT1M,1000000,1000000,Physical-delete,A1_reconstruction,0.2,7,0.003581,0.0,
SIFT1M,1000000,1000000,Physical-delete,A2_distinguishing,0.2,7,,,0.501952
SIFT1M,1000000,1000000,Physical-delete,A1_reconstruction,0.2,8,0.011655,0.000506,
SIFT1M,1000000,1000000,Physical-delete,A2_distinguishing,0.2,8,,,0.522137
SIFT1M,1000000,1000000,Physical-delete,A1_reconstruction,0.2,9,0.007307,0.001804,
SIFT1M,1000000,1000000,Physical-delete,A2_distinguishing,0.2,9,,,0.511267
SIFT1M,1000000,1000000,Physical-delete,A1_reconstruction,0.3,0,0.005474,0.0001,
SIFT1M,1000000,1000000,Physical-delete,A2_distinguishing,0.3,0,,,0.506686
SIFT1M,1000000,1000000,Physical-delete,A1_reconstruction,0.3,1,0.00277,0.003247,
SIFT1M,1000000,1000000,Physical-delete,A2_distinguishing,0.3,1,,,0.499926
SIFT1M,1000000,1000000,Physical-delete,A1_reconstruction,0.3,2,0.011506,0.001759,
SIFT1M,1000000,1000000,Physical-delete,A2_distinguishing,0.3,2,,,0.521765
SIFT1M,1000000,1000000,Physical-delete,A1_reconstruction,0.3,3,0.00478,0.001024,
SIFT1M,1000000,1000000,Physical-delete,A2_distinguishing,0.3,3,,,0.50495
SIFT1M,1000000,1000000,Physical-delete,A1_reconstruction,0.3,4,0.006334,0.001344,
SIFT1M,1000000,1000000,Physical-delete,A2_distinguishing,0.3,4,,,0.508834
SIFT1M,1000000,1000000,Physical-delete,A1_reconstruction,0.3,5,0.008676,0.000119,
SIFT1M,1000000,1000000,Physical-delete,A2_distinguishing,0.3,5,,,0.51469
SIFT1M,1000000,1000000,Physical-delete,A1_reconstruction,0.3,6,0.010625,0.001478,
SIFT1M,1000000,1000000,Physical-delete,A2_distinguishing,0.3,6,,,0.519563
SIFT1M,1000000,1000000,Physical-delete,A1_reconstruction,0.3,7,0.002954,0.001321,
SIFT1M,1000000,1000000,Physical-delete,A2_distinguishing,0.3,7,,,0.500386
SIFT1M,1000000,1000000,Physical-delete,A1_reconstruction,0.3,8,0.006707,0.001257,
SIFT1M,1000000,1000000,Physical-delete,A2_distinguishing,0.3,8,,,0.509768
SIFT1M,1000000,1000000,Physical-delete,A1_reconstruction,0.3,9,0.006275,0.001916,
SIFT1M,1000000,1000000,Physical-delete,A2_distinguishing,0.3,9,,,0.508689
SIFT1M,1000000,1000000,Physical-delete,A1_reconstruction,0.4,0,0.002174,0.000447,
SIFT1M,1000000,1000000,Physical-delete,A2_distinguishing,0.4,0,,,0.498435
SIFT1M,1000000,1000000,Physical-delete,A1_reconstruction,0.4,1,0.004566,0.001616,
SIFT1M,1000000,1000000,Physical-delete,A2_distinguishing,0.4,1,,,0.504414
SIFT1M,1000000,1000000,Physical-delete,A1_reconstruction,0.4,2,0.00473,0.000343,
SIFT1M,1000000,1000000,Physical-delete,A2_distinguishing,0.4,2,,,0.504825
SIFT1M,1000000,1000000,Physical-delete,A1_reconstruction,0.4,3,0.008725,0.000807,
SIFT1M,1000000,1000000,Physical-delete,A2_distinguishing,0.4,3,,,0.514812
SIFT1M,1000000,1000000,Physical-delete,A1_reconstruction,0.4,4,0.003975,0.002434,
SIFT1M,1000000,1000000,Physical-delete,A2_distinguishing,0.4,4,,,0.502938
SIFT1M,1000000,1000000,Physical-delete,A1_reconstruction,0.4,5,0.008205,0.001883,
SIFT1M,1000000,1000000,Physical-delete,A2_distinguishing,0.4,5,,,0.513511
SIFT1M,1000000,1000000,Physical-delete,A1_reconstruction,0.4,6,0.008123,0.001034,
SIFT1M,1000000,1000000,Physical-delete,A2_distinguishing,0.4,6,,,0.513308
SIFT1M,1000000,1000000,Physical-delete,A1_reconstruction,0.4,7,0.005819,0.0,
SIFT1M,1000000,1000000,Physical-delete,A2_distinguishing,0.4,7,,,0.507547
SIFT1M,1000000,1000000,Physical-delete,A1_reconstruction,0.4,8,0.013041,0.00202,
SIFT1M,1000000,1000000,Physical-delete,A2_distinguishing,0.4,8,,,0.525604
SIFT1M,1000000,1000000,Physical-delete,A1_reconstruction,0.4,9,0.00985,0.001545,
SIFT1M,1000000,1000000,Physical-delete,A2_distinguishing,0.4,9,,,0.517626
SIFT1M,1000000,1000000,Physical-delete,A1_reconstruction,0.5,0,0.005965,0.000495,
SIFT1M,1000000,1000000,Physical-delete,A2_distinguishing,0.5,0,,,0.507913
SIFT1M,1000000,1000000,Physical-delete,A1_reconstruction,0.5,1,0.00675,0.000819,
SIFT1M,1000000,1000000,Physical-delete,A2_distinguishing,0.5,1,,,0.509875
SIFT1M,1000000,1000000,Physical-delete,A1_reconstruction,0.5,2,0.00139,0.000492,
SIFT1M,1000000,1000000,Physical-delete,A2_distinguishing,0.5,2,,,0.496475
SIFT1M,1000000,1000000,Physical-delete,A1_reconstruction,0.5,3,0.004394,0.001985,
SIFT1M,1000000,1000000,Physical-delete,A2_distinguishing,0.5,3,,,0.503985
SIFT1M,1000000,1000000,Physical-delete,A1_reconstruction,0.5,4,0.004073,0.0,
SIFT1M,1000000,1000000,Physical-delete,A2_distinguishing,0.5,4,,,0.503183
SIFT1M,1000000,1000000,Physical-delete,A1_reconstruction,0.5,5,0.010807,0.000369,
SIFT1M,1000000,1000000,Physical-delete,A2_distinguishing,0.5,5,,,0.520017
SIFT1M,1000000,1000000,Physical-delete,A1_reconstruction,0.5,6,0.007926,0.001963,
SIFT1M,1000000,1000000,Physical-delete,A2_distinguishing,0.5,6,,,0.512815
SIFT1M,1000000,1000000,Physical-delete,A1_reconstruction,0.5,7,0.01722,0.000862,
SIFT1M,1000000,1000000,Physical-delete,A2_distinguishing,0.5,7,,,0.535
SIFT1M,1000000,1000000,Physical-delete,A1_reconstruction,0.5,8,0.00952,0.000253,
SIFT1M,1000000,1000000,Physical-delete,A2_distinguishing,0.5,8,,,0.516801
SIFT1M,1000000,1000000,Physical-delete,A1_reconstruction,0.5,9,0.006774,0.001319,
SIFT1M,1000000,1000000,Physical-delete,A2_distinguishing,0.5,9,,,0.509934
SIFT1M,1000000,1000000,Oracle,A1_reconstruction,0.1,0,0.008003,0.000487,
SIFT1M,1000000,1000000,Oracle,A2_distinguishing,0.1,0,,,0.513009
SIFT1M,1000000,1000000,Oracle,A1_reconstruction,0.1,1,0.003179,0.0,
SIFT1M,1000000,1000000,Oracle,A2_distinguishing,0.1,1,,,0.500948
SIFT1M,1000000,1000000,Oracle,A1_reconstruction,0.1,2,0.006682,0.000934,
SIFT1M,1000000,1000000,Oracle,A2_distinguishing,0.1,2,,,0.509705
SIFT1M,1000000,1000000,Oracle,A1_reconstruction,0.1,3,0.012651,0.000986,
SIFT1M,1000000,1000000,Oracle,A2_distinguishing,0.1,3,,,0.524627
SIFT1M,1000000,1000000,Oracle,A1_reconstruction,0.1,4,0.004526,0.000769,
SIFT1M,1000000,1000000,Oracle,A2_distinguishing,0.1,4,,,0.504314
SIFT1M,1000000,1000000,Oracle,A1_reconstruction,0.1,5,0.007365,0.000876,
SIFT1M,1000000,1000000,Oracle,A2_distinguishing,0.1,5,,,0.511412
SIFT1M,1000000,1000000,Oracle,A1_reconstruction,0.1,6,0.0,0.00046,
SIFT1M,1000000,1000000,Oracle,A2_distinguishing,0.1,6,,,0.48869
SIFT1M,1000000,1000000,Oracle,A1_reconstruction,0.1,7,0.014053,0.0,
SIFT1M,1000000,1000000,Oracle,A2_distinguishing,0.1,7,,,0.528132
SIFT1M,1000000,1000000,Oracle,A1_reconstruction,0.1,8,0.009953,0.00123,
SIFT1M,1000000,1000000,Oracle,A2_distinguishing,0.1,8,,,0.517883
SIFT1M,1000000,1000000,Oracle,A1_reconstruction,0.1,9,0.007104,0.000994,
SIFT1M,1000000,1000000,Oracle,A2_distinguishing,0.1,9,,,0.510759
SIFT1M,1000000,1000000,Oracle,A1_reconstruction,0.2,0,0.0,0.001816,
SIFT1M,1000000,1000000,Oracle,A2_distinguishing,0.2,0,,,0.485
SIFT1M,1000000,1000000,Oracle,A1_reconstruction,0.2,1,9.1e-05,0.00115,
SIFT1M,1000000,1000000,Oracle,A2_distinguishing,0.2,1,,,0.493228
SIFT1M,1000000,1000000,Oracle,A1_reconstruction,0.2,2,0.005041,5.6e-05,
SIFT1M,1000000,1000000,Oracle,A2_distinguishing,0.2,2,,,0.505603
SIFT1M,1000000,1000000,Oracle,A1_reconstruction,0.2,3,0.002622,0.000359,
SIFT1M,1000000,1000000,Oracle,A2_distinguishing,0.2,3,,,0.499555
SIFT1M,1000000,1000000,Oracle,A1_reconstruction,0.2,4,0.007742,0.0,
SIFT1M,1000000,1000000,Oracle,A2_distinguishing,0.2,4,,,0.512354
SIFT1M,1000000,1000000,Oracle,A1_reconstruction,0.2,5,0.006828,0.001654,
SIFT1M,1000000,1000000,Oracle,A2_distinguishing,0.2,5,,,0.510069
SIFT1M,1000000,1000000,Oracle,A1_reconstruction,0.2,6,0.007773,0.002507,
SIFT1M,1000000,1000000,Oracle,A2_distinguishing,0.2,6,,,0.512432
SIFT1M,1000000,1000000,Oracle,A1_reconstruction,0.2,7,0.003984,0.001401,
SIFT1M,1000000,1000000,Oracle,A2_distinguishing,0.2,7,,,0.502961
SIFT1M,1000000,1000000,Oracle,A1_reconstruction,0.2,8,0.012621,0.001455,
SIFT1M,1000000,1000000,Oracle,A2_distinguishing,0.2,8,,,0.524552
SIFT1M,1000000,1000000,Oracle,A1_reconstruction,0.2,9,0.0,0.0,
SIFT1M,1000000,1000000,Oracle,A2_distinguishing,0.2,9,,,0.488417
SIFT1M,1000000,1000000,Oracle,A1_reconstruction,0.3,0,0.005754,0.000945,
SIFT1M,1000000,1000000,Oracle,A2_distinguishing,0.3,0,,,0.507384
SIFT1M,1000000,1000000,Oracle,A1_reconstruction,0.3,1,0.002013,0.000271,
SIFT1M,1000000,1000000,Oracle,A2_distinguishing,0.3,1,,,0.498033
SIFT1M,1000000,1000000,Oracle,A1_reconstruction,0.3,2,0.003843,0.00254,
SIFT1M,1000000,1000000,Oracle,A2_distinguishing,0.3,2,,,0.502607
SIFT1M,1000000,1000000,Oracle,A1_reconstruction,0.3,3,0.004076,0.001666,
SIFT1M,1000000,1000000,Oracle,A2_distinguishing,0.3,3,,,0.503189
SIFT1M,1000000,1000000,Oracle,A1_reconstruction,0.3,4,0.003897,0.001583,
SIFT1M,1000000,1000000,Oracle,A2_distinguishing,0.3,4,,,0.502742
SIFT1M,1000000,1000000,Oracle,A1_reconstruction,0.3,5,0.001358,0.000873,
SIFT1M,1000000,1000000,Oracle,A2_distinguishing,0.3,5,,,0.496396
SIFT1M,1000000,1000000,Oracle,A1_reconstruction,0.3,6,0.0,0.000156,
SIFT1M,1000000,1000000,Oracle,A2_distinguishing,0.3,6,,,0.491532
SIFT1M,1000000,1000000,Oracle,A1_reconstruction,0.3,7,0.001802,0.000685,
SIFT1M,1000000,1000000,Oracle,A2_distinguishing,0.3,7,,,0.497504
SIFT1M,1000000,1000000,Oracle,A1_reconstruction,0.3,8,0.00953,0.000708,
SIFT1M,1000000,1000000,Oracle,A2_distinguishing,0.3,8,,,0.516824
SIFT1M,1000000,1000000,Oracle,A1_reconstruction,0.3,9,0.008504,0.0,
SIFT1M,1000000,1000000,Oracle,A2_distinguishing,0.3,9,,,0.514259
SIFT1M,1000000,1000000,Oracle,A1_reconstruction,0.4,0,0.00486,0.001022,
SIFT1M,1000000,1000000,Oracle,A2_distinguishing,0.4,0,,,0.50515
SIFT1M,1000000,1000000,Oracle,A1_reconstruction,0.4,1,0.007627,0.000571,
SIFT1M,1000000,1000000,Oracle,A2_distinguishing,0.4,1,,,0.512069
SIFT1M,1000000,1000000,Oracle,A1_reconstruction,0.4,2,0.000317,0.000982,
SIFT1M,1000000,1000000,Oracle,A2_distinguishing,0.4,2,,,0.493791
SIFT1M,1000000,1000000,Oracle,A1_reconstruction,0.4,3,0.00215,0.000775,
SIFT1M,1000000,1000000,Oracle,A2_distinguishing,0.4,3,,,0.498375
SIFT1M,1000000,1000000,Oracle,A1_reconstruction,0.4,4,0.004035,0.0,
SIFT1M,1000000,1000000,Oracle,A2_distinguishing,0.4,4,,,0.503089
SIFT1M,1000000,1000000,Oracle,A1_reconstruction,0.4,5,0.008513,9.4e-05,
SIFT1M,1000000,1000000,Oracle,A2_distinguishing,0.4,5,,,0.514283
SIFT1M,1000000,1000000,Oracle,A1_reconstruction,0.4,6,0.015362,0.001869,
SIFT1M,1000000,1000000,Oracle,A2_distinguishing,0.4,6,,,0.531406
SIFT1M,1000000,1000000,Oracle,A1_reconstruction,0.4,7,0.010563,0.003169,
SIFT1M,1000000,1000000,Oracle,A2_distinguishing,0.4,7,,,0.519408
SIFT1M,1000000,1000000,Oracle,A1_reconstruction,0.4,8,0.00802,4.7e-05,
SIFT1M,1000000,1000000,Oracle,A2_distinguishing,0.4,8,,,0.513051
SIFT1M,1000000,1000000,Oracle,A1_reconstruction,0.4,9,0.009906,0.000641,
SIFT1M,1000000,1000000,Oracle,A2_distinguishing,0.4,9,,,0.517765
SIFT1M,1000000,1000000,Oracle,A1_reconstruction,0.5,0,0.002211,0.0,
SIFT1M,1000000,1000000,Oracle,A2_distinguishing,0.5,0,,,0.498527
SIFT1M,1000000,1000000,Oracle,A1_reconstruction,0.5,1,0.012684,0.000539,
SIFT1M,1000000,1000000,Oracle,A2_distinguishing,0.5,1,,,0.524709
SIFT1M,1000000,1000000,Oracle,A1_reconstruction,0.5,2,0.005728,0.001399,
SIFT1M,1000000,1000000,Oracle,A2_distinguishing,0.5,2,,,0.507321
SIFT1M,1000000,1000000,Oracle,A1_reconstruction,0.5,3,0.003153,0.000848,
SIFT1M,1000000,1000000,Oracle,A2_distinguishing,0.5,3,,,0.500884
SIFT1M,1000000,1000000,Oracle,A1_reconstruction,0.5,4,0.005299,0.000489,
SIFT1M,1000000,1000000,Oracle,A2_distinguishing,0.5,4,,,0.506248
SIFT1M,1000000,1000000,Oracle,A1_reconstruction,0.5,5,0.00727,0.002471,
SIFT1M,1000000,1000000,Oracle,A2_distinguishing,0.5,5,,,0.511174
SIFT1M,1000000,1000000,Oracle,A1_reconstruction,0.5,6,0.007199,0.001496,
SIFT1M,1000000,1000000,Oracle,A2_distinguishing,0.5,6,,,0.510996
SIFT1M,1000000,1000000,Oracle,A1_reconstruction,0.5,7,0.007152,0.001095,
SIFT1M,1000000,1000000,Oracle,A2_distinguishing,0.5,7,,,0.51088
SIFT1M,1000000,1000000,Oracle,A1_reconstruction,0.5,8,0.006576,0.000421,
SIFT1M,1000000,1000000,Oracle,A2_distinguishing,0.5,8,,,0.50944
SIFT1M,1000000,1000000,Oracle,A1_reconstruction,0.5,9,0.004487,0.000237,
SIFT1M,1000000,1000000,Oracle,A2_distinguishing,0.5,9,,,0.504217
MIMIC-IV-CaseStudy,1800000,1800000,Tombstone,A1_reconstruction,0.1,0,0.362212,0.036876,
MIMIC-IV-CaseStudy,1800000,1800000,Tombstone,A2_distinguishing,0.1,0,,,0.786821
MIMIC-IV-CaseStudy,1800000,1800000,Tombstone,A1_reconstruction,0.1,1,0.354194,0.03819,
MIMIC-IV-CaseStudy,1800000,1800000,Tombstone,A2_distinguishing,0.1,1,,,0.773546
MIMIC-IV-CaseStudy,1800000,1800000,Tombstone,A1_reconstruction,0.1,2,0.387276,0.041289,
MIMIC-IV-CaseStudy,1800000,1800000,Tombstone,A2_distinguishing,0.1,2,,,0.7974
MIMIC-IV-CaseStudy,1800000,1800000,Tombstone,A1_reconstruction,0.1,3,0.331738,0.046513,
MIMIC-IV-CaseStudy,1800000,1800000,Tombstone,A2_distinguishing,0.1,3,,,0.76001
MIMIC-IV-CaseStudy,1800000,1800000,Tombstone,A1_reconstruction,0.1,4,0.339529,0.033085,
MIMIC-IV-CaseStudy,1800000,1800000,Tombstone,A2_distinguishing,0.1,4,,,0.772056
MIMIC-IV-CaseStudy,1800000,1800000,Tombstone,A1_reconstruction,0.1,5,0.326653,0.032073,
MIMIC-IV-CaseStudy,1800000,1800000,Tombstone,A2_distinguishing,0.1,5,,,0.759534
MIMIC-IV-CaseStudy,1800000,1800000,Tombstone,A1_reconstruction,0.1,6,0.340996,0.041294,
MIMIC-IV-CaseStudy,1800000,1800000,Tombstone,A2_distinguishing,0.1,6,,,0.77061
MIMIC-IV-CaseStudy,1800000,1800000,Tombstone,A1_reconstruction,0.1,7,0.403015,0.031053,
MIMIC-IV-CaseStudy,1800000,1800000,Tombstone,A2_distinguishing,0.1,7,,,0.809631
MIMIC-IV-CaseStudy,1800000,1800000,Tombstone,A1_reconstruction,0.1,8,0.351208,0.050765,
MIMIC-IV-CaseStudy,1800000,1800000,Tombstone,A2_distinguishing,0.1,8,,,0.776358
MIMIC-IV-CaseStudy,1800000,1800000,Tombstone,A1_reconstruction,0.1,9,0.301723,0.029462,
MIMIC-IV-CaseStudy,1800000,1800000,Tombstone,A2_distinguishing,0.1,9,,,0.75
MIMIC-IV-CaseStudy,1800000,1800000,Tombstone,A1_reconstruction,0.2,0,0.420626,0.053492,
MIMIC-IV-CaseStudy,1800000,1800000,Tombstone,A2_distinguishing,0.2,0,,,0.845553
MIMIC-IV-CaseStudy,1800000,1800000,Tombstone,A1_reconstruction,0.2,1,0.340395,0.04305,
MIMIC-IV-CaseStudy,1800000,1800000,Tombstone,A2_distinguishing,0.2,1,,,0.799888
MIMIC-IV-CaseStudy,1800000,1800000,Tombstone,A1_reconstruction,0.2,2,0.326693,0.030964,
MIMIC-IV-CaseStudy,1800000,1800000,Tombstone,A2_distinguishing,0.2,2,,,0.795282
MIMIC-IV-CaseStudy,1800000,1800000,Tombstone,A1_reconstruction,0.2,3,0.381485,0.068981,
MIMIC-IV-CaseStudy,1800000,1800000,Tombstone,A2_distinguishing,0.2,3,,,0.821633
MIMIC-IV-CaseStudy,1800000,1800000,Tombstone,A1_reconstruction,0.2,4,0.402621,0.051227,
MIMIC-IV-CaseStudy,1800000,1800000,Tombstone,A2_distinguishing,0.2,4,,,0.838639
MIMIC-IV-CaseStudy,1800000,1800000,Tombstone,A1_reconstruction,0.2,5,0.403093,0.039646,
MIMIC-IV-CaseStudy,1800000,1800000,Tombstone,A2_distinguishing,0.2,5,,,0.837342
MIMIC-IV-CaseStudy,1800000,1800000,Tombstone,A1_reconstruction,0.2,6,0.379017,0.045652,
MIMIC-IV-CaseStudy,1800000,1800000,Tombstone,A2_distinguishing,0.2,6,,,0.822796
MIMIC-IV-CaseStudy,1800000,1800000,Tombstone,A1_reconstruction,0.2,7,0.366847,0.045963,
MIMIC-IV-CaseStudy,1800000,1800000,Tombstone,A2_distinguishing,0.2,7,,,0.819903
MIMIC-IV-CaseStudy,1800000,1800000,Tombstone,A1_reconstruction,0.2,8,0.372405,0.031581,
MIMIC-IV-CaseStudy,1800000,1800000,Tombstone,A2_distinguishing,0.2,8,,,0.81854
MIMIC-IV-CaseStudy,1800000,1800000,Tombstone,A1_reconstruction,0.2,9,0.394685,0.056067,
MIMIC-IV-CaseStudy,1800000,1800000,Tombstone,A2_distinguishing,0.2,9,,,0.829881
MIMIC-IV-CaseStudy,1800000,1800000,Tombstone,A1_reconstruction,0.3,0,0.401516,0.026876,
MIMIC-IV-CaseStudy,1800000,1800000,Tombstone,A2_distinguishing,0.3,0,,,0.864022
MIMIC-IV-CaseStudy,1800000,1800000,Tombstone,A1_reconstruction,0.3,1,0.411014,0.03933,
MIMIC-IV-CaseStudy,1800000,1800000,Tombstone,A2_distinguishing,0.3,1,,,0.873079
MIMIC-IV-CaseStudy,1800000,1800000,Tombstone,A1_reconstruction,0.3,2,0.36836,0.070601,
MIMIC-IV-CaseStudy,1800000,1800000,Tombstone,A2_distinguishing,0.3,2,,,0.847637
MIMIC-IV-CaseStudy,1800000,1800000,Tombstone,A1_reconstruction,0.3,3,0.388931,0.049879,
MIMIC-IV-CaseStudy,1800000,1800000,Tombstone,A2_distinguishing,0.3,3,,,0.860923
MIMIC-IV-CaseStudy,1800000,1800000,Tombstone,A1_reconstruction,0.3,4,0.367578,0.060502,
MIMIC-IV-CaseStudy,1800000,1800000,Tombstone,A2_distinguishing,0.3,4,,,0.847416
MIMIC-IV-CaseStudy,1800000,1800000,Tombstone,A1_reconstruction,0.3,5,0.375999,0.048422,
MIMIC-IV-CaseStudy,1800000,1800000,Tombstone,A2_distinguishing,0.3,5,,,0.852965
MIMIC-IV-CaseStudy,1800000,1800000,Tombstone,A1_reconstruction,0.3,6,0.389733,0.066775,
MIMIC-IV-CaseStudy,1800000,1800000,Tombstone,A2_distinguishing,0.3,6,,,0.863743
MIMIC-IV-CaseStudy,1800000,1800000,Tombstone,A1_reconstruction,0.3,7,0.401241,0.069549,
MIMIC-IV-CaseStudy,1800000,1800000,Tombstone,A2_distinguishing,0.3,7,,,0.867609
MIMIC-IV-CaseStudy,1800000,1800000,Tombstone,A1_reconstruction,0.3,8,0.413024,0.042086,
MIMIC-IV-CaseStudy,1800000,1800000,Tombstone,A2_distinguishing,0.3,8,,,0.874281
MIMIC-IV-CaseStudy,1800000,1800000,Tombstone,A1_reconstruction,0.3,9,0.374991,0.02623,
MIMIC-IV-CaseStudy,1800000,1800000,Tombstone,A2_distinguishing,0.3,9,,,0.853602
MIMIC-IV-CaseStudy,1800000,1800000,Tombstone,A1_reconstruction,0.4,0,0.381532,0.062917,
MIMIC-IV-CaseStudy,1800000,1800000,Tombstone,A2_distinguishing,0.4,0,,,0.88
MIMIC-IV-CaseStudy,1800000,1800000,Tombstone,A1_reconstruction,0.4,1,0.405562,0.04723,
MIMIC-IV-CaseStudy,1800000,1800000,Tombstone,A2_distinguishing,0.4,1,,,0.88
MIMIC-IV-CaseStudy,1800000,1800000,Tombstone,A1_reconstruction,0.4,2,0.380614,0.062179,
MIMIC-IV-CaseStudy,1800000,1800000,Tombstone,A2_distinguishing,0.4,2,,,0.88
MIMIC-IV-CaseStudy,1800000,1800000,Tombstone,A1_reconstruction,0.4,3,0.344237,0.067896,
MIMIC-IV-CaseStudy,1800000,1800000,Tombstone,A2_distinguishing,0.4,3,,,0.859684
MIMIC-IV-CaseStudy,1800000,1800000,Tombstone,A1_reconstruction,0.4,4,0.421097,0.052243,
MIMIC-IV-CaseStudy,1800000,1800000,Tombstone,A2_distinguishing,0.4,4,,,0.88
MIMIC-IV-CaseStudy,1800000,1800000,Tombstone,A1_reconstruction,0.4,5,0.377887,0.069782,
MIMIC-IV-CaseStudy,1800000,1800000,Tombstone,A2_distinguishing,0.4,5,,,0.878886
MIMIC-IV-CaseStudy,1800000,1800000,Tombstone,A1_reconstruction,0.4,6,0.443341,0.056335,
MIMIC-IV-CaseStudy,1800000,1800000,Tombstone,A2_distinguishing,0.4,6,,,0.88
MIMIC-IV-CaseStudy,1800000,1800000,Tombstone,A1_reconstruction,0.4,7,0.411906,0.060741,
MIMIC-IV-CaseStudy,1800000,1800000,Tombstone,A2_distinguishing,0.4,7,,,0.88
MIMIC-IV-CaseStudy,1800000,1800000,Tombstone,A1_reconstruction,0.4,8,0.413911,0.056846,
MIMIC-IV-CaseStudy,1800000,1800000,Tombstone,A2_distinguishing,0.4,8,,,0.88
MIMIC-IV-CaseStudy,1800000,1800000,Tombstone,A1_reconstruction,0.4,9,0.411985,0.061053,
MIMIC-IV-CaseStudy,1800000,1800000,Tombstone,A2_distinguishing,0.4,9,,,0.88
MIMIC-IV-CaseStudy,1800000,1800000,Tombstone,A1_reconstruction,0.5,0,0.454648,0.069213,
MIMIC-IV-CaseStudy,1800000,1800000,Tombstone,A2_distinguishing,0.5,0,,,0.88
MIMIC-IV-CaseStudy,1800000,1800000,Tombstone,A1_reconstruction,0.5,1,0.397638,0.076008,
MIMIC-IV-CaseStudy,1800000,1800000,Tombstone,A2_distinguishing,0.5,1,,,0.88
MIMIC-IV-CaseStudy,1800000,1800000,Tombstone,A1_reconstruction,0.5,2,0.429118,0.057353,
MIMIC-IV-CaseStudy,1800000,1800000,Tombstone,A2_distinguishing,0.5,2,,,0.88
MIMIC-IV-CaseStudy,1800000,1800000,Tombstone,A1_reconstruction,0.5,3,0.424798,0.07223,
MIMIC-IV-CaseStudy,1800000,1800000,Tombstone,A2_distinguishing,0.5,3,,,0.88
MIMIC-IV-CaseStudy,1800000,1800000,Tombstone,A1_reconstruction,0.5,4,0.471102,0.062456,
MIMIC-IV-CaseStudy,1800000,1800000,Tombstone,A2_distinguishing,0.5,4,,,0.88
MIMIC-IV-CaseStudy,1800000,1800000,Tombstone,A1_reconstruction,0.5,5,0.415125,0.069042,
MIMIC-IV-CaseStudy,1800000,1800000,Tombstone,A2_distinguishing,0.5,5,,,0.88
MIMIC-IV-CaseStudy,1800000,1800000,Tombstone,A1_reconstruction,0.5,6,0.393124,0.043287,
MIMIC-IV-CaseStudy,1800000,1800000,Tombstone,A2_distinguishing,0.5,6,,,0.88
MIMIC-IV-CaseStudy,1800000,1800000,Tombstone,A1_reconstruction,0.5,7,0.425974,0.059086,
MIMIC-IV-CaseStudy,1800000,1800000,Tombstone,A2_distinguishing,0.5,7,,,0.88
MIMIC-IV-CaseStudy,1800000,1800000,Tombstone,A1_reconstruction,0.5,8,0.394565,0.068397,
MIMIC-IV-CaseStudy,1800000,1800000,Tombstone,A2_distinguishing,0.5,8,,,0.88
MIMIC-IV-CaseStudy,1800000,1800000,Tombstone,A1_reconstruction,0.5,9,0.383454,0.077147,
MIMIC-IV-CaseStudy,1800000,1800000,Tombstone,A2_distinguishing,0.5,9,,,0.88
MIMIC-IV-CaseStudy,1800000,1800000,Post-filter,A1_reconstruction,0.1,0,0.300887,0.058453,
MIMIC-IV-CaseStudy,1800000,1800000,Post-filter,A2_distinguishing,0.1,0,,,0.78
MIMIC-IV-CaseStudy,1800000,1800000,Post-filter,A1_reconstruction,0.1,1,0.369167,0.031052,
MIMIC-IV-CaseStudy,1800000,1800000,Post-filter,A2_distinguishing,0.1,1,,,0.80796076
MIMIC-IV-CaseStudy,1800000,1800000,Post-filter,A1_reconstruction,0.1,2,0.33724,0.033476,
MIMIC-IV-CaseStudy,1800000,1800000,Post-filter,A2_distinguishing,0.1,2,,,0.7915232999999999
MIMIC-IV-CaseStudy,1800000,1800000,Post-filter,A1_reconstruction,0.1,3,0.409043,0.044359,
MIMIC-IV-CaseStudy,1800000,1800000,Post-filter,A2_distinguishing,0.1,3,,,0.82506481
MIMIC-IV-CaseStudy,1800000,1800000,Post-filter,A1_reconstruction,0.1,4,0.359075,0.042182,
MIMIC-IV-CaseStudy,1800000,1800000,Post-filter,A2_distinguishing,0.1,4,,,0.79786832
MIMIC-IV-CaseStudy,1800000,1800000,Post-filter,A1_reconstruction,0.1,5,0.351079,0.039487,
MIMIC-IV-CaseStudy,1800000,1800000,Post-filter,A2_distinguishing,0.1,5,,,0.7960098899999999
MIMIC-IV-CaseStudy,1800000,1800000,Post-filter,A1_reconstruction,0.1,6,0.361678,0.058819,
MIMIC-IV-CaseStudy,1800000,1800000,Post-filter,A2_distinguishing,0.1,6,,,0.799513785
MIMIC-IV-CaseStudy,1800000,1800000,Post-filter,A1_reconstruction,0.1,7,0.361881,0.041925,
MIMIC-IV-CaseStudy,1800000,1800000,Post-filter,A2_distinguishing,0.1,7,,,0.7987755699999999
MIMIC-IV-CaseStudy,1800000,1800000,Post-filter,A1_reconstruction,0.1,8,0.336293,0.053642,
MIMIC-IV-CaseStudy,1800000,1800000,Post-filter,A2_distinguishing,0.1,8,,,0.78431114
MIMIC-IV-CaseStudy,1800000,1800000,Post-filter,A1_reconstruction,0.1,9,0.328697,0.041255,
MIMIC-IV-CaseStudy,1800000,1800000,Post-filter,A2_distinguishing,0.1,9,,,0.78
MIMIC-IV-CaseStudy,1800000,1800000,Post-filter,A1_reconstruction,0.2,0,0.382937,0.04932,
MIMIC-IV-CaseStudy,1800000,1800000,Post-filter,A2_distinguishing,0.2,0,,,0.845250645
MIMIC-IV-CaseStudy,1800000,1800000,Post-filter,A1_reconstruction,0.2,1,0.376959,0.036901,
MIMIC-IV-CaseStudy,1800000,1800000,Post-filter,A2_distinguishing,0.2,1,,,0.83834122
MIMIC-IV-CaseStudy,1800000,1800000,Post-filter,A1_reconstruction,0.2,2,0.443085,0.040765,
MIMIC-IV-CaseStudy,1800000,1800000,Post-filter,A2_distinguishing,0.2,2,,,0.865
MIMIC-IV-CaseStudy,1800000,1800000,Post-filter,A1_reconstruction,0.2,3,0.37995,0.043675,
MIMIC-IV-CaseStudy,1800000,1800000,Post-filter,A2_distinguishing,0.2,3,,,0.841724785
MIMIC-IV-CaseStudy,1800000,1800000,Post-filter,A1_reconstruction,0.2,4,0.420181,0.049382,
MIMIC-IV-CaseStudy,1800000,1800000,Post-filter,A2_distinguishing,0.2,4,,,0.865
MIMIC-IV-CaseStudy,1800000,1800000,Post-filter,A1_reconstruction,0.2,5,0.426071,0.042752,
MIMIC-IV-CaseStudy,1800000,1800000,Post-filter,A2_distinguishing,0.2,5,,,0.863401375
MIMIC-IV-CaseStudy,1800000,1800000,Post-filter,A1_reconstruction,0.2,6,0.361341,0.043407,
MIMIC-IV-CaseStudy,1800000,1800000,Post-filter,A2_distinguishing,0.2,6,,,0.83072605
MIMIC-IV-CaseStudy,1800000,1800000,Post-filter,A1_reconstruction,0.2,7,0.386261,0.039213,
MIMIC-IV-CaseStudy,1800000,1800000,Post-filter,A2_distinguishing,0.2,7,,,0.8464701800000001
MIMIC-IV-CaseStudy,1800000,1800000,Post-filter,A1_reconstruction,0.2,8,0.375975,0.046263,
MIMIC-IV-CaseStudy,1800000,1800000,Post-filter,A2_distinguishing,0.2,8,,,0.83806809
MIMIC-IV-CaseStudy,1800000,1800000,Post-filter,A1_reconstruction,0.2,9,0.33025,0.059397,
MIMIC-IV-CaseStudy,1800000,1800000,Post-filter,A2_distinguishing,0.2,9,,,0.8117855350000001
MIMIC-IV-CaseStudy,1800000,1800000,Post-filter,A1_reconstruction,0.3,0,0.373902,0.055746,
MIMIC-IV-CaseStudy,1800000,1800000,Post-filter,A2_distinguishing,0.3,0,,,0.865
MIMIC-IV-CaseStudy,1800000,1800000,Post-filter,A1_reconstruction,0.3,1,0.373639,0.046694,
MIMIC-IV-CaseStudy,1800000,1800000,Post-filter,A2_distinguishing,0.3,1,,,0.8629525250000001
MIMIC-IV-CaseStudy,1800000,1800000,Post-filter,A1_reconstruction,0.3,2,0.372631,0.050614,
MIMIC-IV-CaseStudy,1800000,1800000,Post-filter,A2_distinguishing,0.3,2,,,0.865
MIMIC-IV-CaseStudy,1800000,1800000,Post-filter,A1_reconstruction,0.3,3,0.401907,0.061714,
MIMIC-IV-CaseStudy,1800000,1800000,Post-filter,A2_distinguishing,0.3,3,,,0.865
MIMIC-IV-CaseStudy,1800000,1800000,Post-filter,A1_reconstruction,0.3,4,0.400221,0.039131,
MIMIC-IV-CaseStudy,1800000,1800000,Post-filter,A2_distinguishing,0.3,4,,,0.865
MIMIC-IV-CaseStudy,1800000,1800000,Post-filter,A1_reconstruction,0.3,5,0.430933,0.046859,
MIMIC-IV-CaseStudy,1800000,1800000,Post-filter,A2_distinguishing,0.3,5,,,0.865
MIMIC-IV-CaseStudy,1800000,1800000,Post-filter,A1_reconstruction,0.3,6,0.393993,0.051689,
MIMIC-IV-CaseStudy,1800000,1800000,Post-filter,A2_distinguishing,0.3,6,,,0.865
MIMIC-IV-CaseStudy,1800000,1800000,Post-filter,A1_reconstruction,0.3,7,0.419443,0.049223,
MIMIC-IV-CaseStudy,1800000,1800000,Post-filter,A2_distinguishing,0.3,7,,,0.865
MIMIC-IV-CaseStudy,1800000,1800000,Post-filter,A1_reconstruction,0.3,8,0.400399,0.074954,
MIMIC-IV-CaseStudy,1800000,1800000,Post-filter,A2_distinguishing,0.3,8,,,0.865
MIMIC-IV-CaseStudy,1800000,1800000,Post-filter,A1_reconstruction,0.3,9,0.391091,0.052922,
MIMIC-IV-CaseStudy,1800000,1800000,Post-filter,A2_distinguishing,0.3,9,,,0.865
MIMIC-IV-CaseStudy,1800000,1800000,Post-filter,A1_reconstruction,0.4,0,0.382746,0.058014,
MIMIC-IV-CaseStudy,1800000,1800000,Post-filter,A2_distinguishing,0.4,0,,,0.865
MIMIC-IV-CaseStudy,1800000,1800000,Post-filter,A1_reconstruction,0.4,1,0.399854,0.061125,
MIMIC-IV-CaseStudy,1800000,1800000,Post-filter,A2_distinguishing,0.4,1,,,0.865
MIMIC-IV-CaseStudy,1800000,1800000,Post-filter,A1_reconstruction,0.4,2,0.368515,0.053811,
MIMIC-IV-CaseStudy,1800000,1800000,Post-filter,A2_distinguishing,0.4,2,,,0.865
MIMIC-IV-CaseStudy,1800000,1800000,Post-filter,A1_reconstruction,0.4,3,0.402298,0.038612,
MIMIC-IV-CaseStudy,1800000,1800000,Post-filter,A2_distinguishing,0.4,3,,,0.865
MIMIC-IV-CaseStudy,1800000,1800000,Post-filter,A1_reconstruction,0.4,4,0.391335,0.061891,
MIMIC-IV-CaseStudy,1800000,1800000,Post-filter,A2_distinguishing,0.4,4,,,0.865
MIMIC-IV-CaseStudy,1800000,1800000,Post-filter,A1_reconstruction,0.4,5,0.360785,0.051845,
MIMIC-IV-CaseStudy,1800000,1800000,Post-filter,A2_distinguishing,0.4,5,,,0.865
MIMIC-IV-CaseStudy,1800000,1800000,Post-filter,A1_reconstruction,0.4,6,0.433279,0.051477,
MIMIC-IV-CaseStudy,1800000,1800000,Post-filter,A2_distinguishing,0.4,6,,,0.865
MIMIC-IV-CaseStudy,1800000,1800000,Post-filter,A1_reconstruction,0.4,7,0.429815,0.058107,
MIMIC-IV-CaseStudy,1800000,1800000,Post-filter,A2_distinguishing,0.4,7,,,0.865
MIMIC-IV-CaseStudy,1800000,1800000,Post-filter,A1_reconstruction,0.4,8,0.441388,0.058335,
MIMIC-IV-CaseStudy,1800000,1800000,Post-filter,A2_distinguishing,0.4,8,,,0.865
MIMIC-IV-CaseStudy,1800000,1800000,Post-filter,A1_reconstruction,0.4,9,0.449558,0.056259,
MIMIC-IV-CaseStudy,1800000,1800000,Post-filter,A2_distinguishing,0.4,9,,,0.865
MIMIC-IV-CaseStudy,1800000,1800000,Post-filter,A1_reconstruction,0.5,0,0.374013,0.063213,
MIMIC-IV-CaseStudy,1800000,1800000,Post-filter,A2_distinguishing,0.5,0,,,0.865
MIMIC-IV-CaseStudy,1800000,1800000,Post-filter,A1_reconstruction,0.5,1,0.452089,0.061372,
MIMIC-IV-CaseStudy,1800000,1800000,Post-filter,A2_distinguishing,0.5,1,,,0.865
MIMIC-IV-CaseStudy,1800000,1800000,Post-filter,A1_reconstruction,0.5,2,0.387489,0.065126,
MIMIC-IV-CaseStudy,1800000,1800000,Post-filter,A2_distinguishing,0.5,2,,,0.865
MIMIC-IV-CaseStudy,1800000,1800000,Post-filter,A1_reconstruction,0.5,3,0.431872,0.070912,
MIMIC-IV-CaseStudy,1800000,1800000,Post-filter,A2_distinguishing,0.5,3,,,0.865
MIMIC-IV-CaseStudy,1800000,1800000,Post-filter,A1_reconstruction,0.5,4,0.385808,0.075617,
MIMIC-IV-CaseStudy,1800000,1800000,Post-filter,A2_distinguishing,0.5,4,,,0.865
MIMIC-IV-CaseStudy,1800000,1800000,Post-filter,A1_reconstruction,0.5,5,0.382152,0.059251,
MIMIC-IV-CaseStudy,1800000,1800000,Post-filter,A2_distinguishing,0.5,5,,,0.865
MIMIC-IV-CaseStudy,1800000,1800000,Post-filter,A1_reconstruction,0.5,6,0.411279,0.050779,
MIMIC-IV-CaseStudy,1800000,1800000,Post-filter,A2_distinguishing,0.5,6,,,0.865
MIMIC-IV-CaseStudy,1800000,1800000,Post-filter,A1_reconstruction,0.5,7,0.411699,0.045876,
MIMIC-IV-CaseStudy,1800000,1800000,Post-filter,A2_distinguishing,0.5,7,,,0.865
MIMIC-IV-CaseStudy,1800000,1800000,Post-filter,A1_reconstruction,0.5,8,0.358715,0.056055,
MIMIC-IV-CaseStudy,1800000,1800000,Post-filter,A2_distinguishing,0.5,8,,,0.865
MIMIC-IV-CaseStudy,1800000,1800000,Post-filter,A1_reconstruction,0.5,9,0.416057,0.053629,
MIMIC-IV-CaseStudy,1800000,1800000,Post-filter,A2_distinguishing,0.5,9,,,0.865
MIMIC-IV-CaseStudy,1800000,1800000,ACORN,A1_reconstruction,0.1,0,0.378775,0.060835,
MIMIC-IV-CaseStudy,1800000,1800000,ACORN,A2_distinguishing,0.1,0,,,0.586999
MIMIC-IV-CaseStudy,1800000,1800000,ACORN,A1_reconstruction,0.1,1,0.382987,0.034791,
MIMIC-IV-CaseStudy,1800000,1800000,ACORN,A2_distinguishing,0.1,1,,,0.587544
MIMIC-IV-CaseStudy,1800000,1800000,ACORN,A1_reconstruction,0.1,2,0.348712,0.040631,
MIMIC-IV-CaseStudy,1800000,1800000,ACORN,A2_distinguishing,0.1,2,,,0.572852
MIMIC-IV-CaseStudy,1800000,1800000,ACORN,A1_reconstruction,0.1,3,0.285789,0.035143,
MIMIC-IV-CaseStudy,1800000,1800000,ACORN,A2_distinguishing,0.1,3,,,0.54
MIMIC-IV-CaseStudy,1800000,1800000,ACORN,A1_reconstruction,0.1,4,0.365648,0.044402,
MIMIC-IV-CaseStudy,1800000,1800000,ACORN,A2_distinguishing,0.1,4,,,0.586279
MIMIC-IV-CaseStudy,1800000,1800000,ACORN,A1_reconstruction,0.1,5,0.354904,0.034863,
MIMIC-IV-CaseStudy,1800000,1800000,ACORN,A2_distinguishing,0.1,5,,,0.573396
MIMIC-IV-CaseStudy,1800000,1800000,ACORN,A1_reconstruction,0.1,6,0.354566,0.046624,
MIMIC-IV-CaseStudy,1800000,1800000,ACORN,A2_distinguishing,0.1,6,,,0.579111
MIMIC-IV-CaseStudy,1800000,1800000,ACORN,A1_reconstruction,0.1,7,0.356334,0.046369,
MIMIC-IV-CaseStudy,1800000,1800000,ACORN,A2_distinguishing,0.1,7,,,0.574136
MIMIC-IV-CaseStudy,1800000,1800000,ACORN,A1_reconstruction,0.1,8,0.344507,0.026299,
MIMIC-IV-CaseStudy,1800000,1800000,ACORN,A2_distinguishing,0.1,8,,,0.573469
MIMIC-IV-CaseStudy,1800000,1800000,ACORN,A1_reconstruction,0.1,9,0.362349,0.058879,
MIMIC-IV-CaseStudy,1800000,1800000,ACORN,A2_distinguishing,0.1,9,,,0.583731
MIMIC-IV-CaseStudy,1800000,1800000,ACORN,A1_reconstruction,0.2,0,0.353127,0.044665,
MIMIC-IV-CaseStudy,1800000,1800000,ACORN,A2_distinguishing,0.2,0,,,0.58649
MIMIC-IV-CaseStudy,1800000,1800000,ACORN,A1_reconstruction,0.2,1,0.38813,0.043085,
MIMIC-IV-CaseStudy,1800000,1800000,ACORN,A2_distinguishing,0.2,1,,,0.606767
MIMIC-IV-CaseStudy,1800000,1800000,ACORN,A1_reconstruction,0.2,2,0.377248,0.033233,
MIMIC-IV-CaseStudy,1800000,1800000,ACORN,A2_distinguishing,0.2,2,,,0.606184
MIMIC-IV-CaseStudy,1800000,1800000,ACORN,A1_reconstruction,0.2,3,0.365251,0.052223,
MIMIC-IV-CaseStudy,1800000,1800000,ACORN,A2_distinguishing,0.2,3,,,0.593785
MIMIC-IV-CaseStudy,1800000,1800000,ACORN,A1_reconstruction,0.2,4,0.376805,0.037913,
MIMIC-IV-CaseStudy,1800000,1800000,ACORN,A2_distinguishing,0.2,4,,,0.596372
MIMIC-IV-CaseStudy,1800000,1800000,ACORN,A1_reconstruction,0.2,5,0.356921,0.052657,
MIMIC-IV-CaseStudy,1800000,1800000,ACORN,A2_distinguishing,0.2,5,,,0.587061
MIMIC-IV-CaseStudy,1800000,1800000,ACORN,A1_reconstruction,0.2,6,0.325282,0.033604,
MIMIC-IV-CaseStudy,1800000,1800000,ACORN,A2_distinguishing,0.2,6,,,0.567269
MIMIC-IV-CaseStudy,1800000,1800000,ACORN,A1_reconstruction,0.2,7,0.401418,0.054994,
MIMIC-IV-CaseStudy,1800000,1800000,ACORN,A2_distinguishing,0.2,7,,,0.606819
MIMIC-IV-CaseStudy,1800000,1800000,ACORN,A1_reconstruction,0.2,8,0.402957,0.049823,
MIMIC-IV-CaseStudy,1800000,1800000,ACORN,A2_distinguishing,0.2,8,,,0.613315
MIMIC-IV-CaseStudy,1800000,1800000,ACORN,A1_reconstruction,0.2,9,0.368551,0.051243,
MIMIC-IV-CaseStudy,1800000,1800000,ACORN,A2_distinguishing,0.2,9,,,0.585483
MIMIC-IV-CaseStudy,1800000,1800000,ACORN,A1_reconstruction,0.3,0,0.40196,0.049598,
MIMIC-IV-CaseStudy,1800000,1800000,ACORN,A2_distinguishing,0.3,0,,,0.619326
MIMIC-IV-CaseStudy,1800000,1800000,ACORN,A1_reconstruction,0.3,1,0.386795,0.047798,
MIMIC-IV-CaseStudy,1800000,1800000,ACORN,A2_distinguishing,0.3,1,,,0.609877
MIMIC-IV-CaseStudy,1800000,1800000,ACORN,A1_reconstruction,0.3,2,0.382238,0.045934,
MIMIC-IV-CaseStudy,1800000,1800000,ACORN,A2_distinguishing,0.3,2,,,0.608418
MIMIC-IV-CaseStudy,1800000,1800000,ACORN,A1_reconstruction,0.3,3,0.3849,0.062411,
MIMIC-IV-CaseStudy,1800000,1800000,ACORN,A2_distinguishing,0.3,3,,,0.612682
MIMIC-IV-CaseStudy,1800000,1800000,ACORN,A1_reconstruction,0.3,4,0.41368,0.052932,
MIMIC-IV-CaseStudy,1800000,1800000,ACORN,A2_distinguishing,0.3,4,,,0.626964
MIMIC-IV-CaseStudy,1800000,1800000,ACORN,A1_reconstruction,0.3,5,0.42413,0.048374,
MIMIC-IV-CaseStudy,1800000,1800000,ACORN,A2_distinguishing,0.3,5,,,0.626722
MIMIC-IV-CaseStudy,1800000,1800000,ACORN,A1_reconstruction,0.3,6,0.408023,0.057346,
MIMIC-IV-CaseStudy,1800000,1800000,ACORN,A2_distinguishing,0.3,6,,,0.620631
MIMIC-IV-CaseStudy,1800000,1800000,ACORN,A1_reconstruction,0.3,7,0.391472,0.06027,
MIMIC-IV-CaseStudy,1800000,1800000,ACORN,A2_distinguishing,0.3,7,,,0.616777
MIMIC-IV-CaseStudy,1800000,1800000,ACORN,A1_reconstruction,0.3,8,0.403219,0.048751,
MIMIC-IV-CaseStudy,1800000,1800000,ACORN,A2_distinguishing,0.3,8,,,0.625217
MIMIC-IV-CaseStudy,1800000,1800000,ACORN,A1_reconstruction,0.3,9,0.396909,0.067847,
MIMIC-IV-CaseStudy,1800000,1800000,ACORN,A2_distinguishing,0.3,9,,,0.610284
MIMIC-IV-CaseStudy,1800000,1800000,ACORN,A1_reconstruction,0.4,0,0.341781,0.065956,
MIMIC-IV-CaseStudy,1800000,1800000,ACORN,A2_distinguishing,0.4,0,,,0.59158
MIMIC-IV-CaseStudy,1800000,1800000,ACORN,A1_reconstruction,0.4,1,0.379979,0.06202,
MIMIC-IV-CaseStudy,1800000,1800000,ACORN,A2_distinguishing,0.4,1,,,0.607144
MIMIC-IV-CaseStudy,1800000,1800000,ACORN,A1_reconstruction,0.4,2,0.418593,0.061921,
MIMIC-IV-CaseStudy,1800000,1800000,ACORN,A2_distinguishing,0.4,2,,,0.63434
MIMIC-IV-CaseStudy,1800000,1800000,ACORN,A1_reconstruction,0.4,3,0.42675,0.052748,
MIMIC-IV-CaseStudy,1800000,1800000,ACORN,A2_distinguishing,0.4,3,,,0.632355
MIMIC-IV-CaseStudy,1800000,1800000,ACORN,A1_reconstruction,0.4,4,0.39717,0.043959,
MIMIC-IV-CaseStudy,1800000,1800000,ACORN,A2_distinguishing,0.4,4,,,0.628079
MIMIC-IV-CaseStudy,1800000,1800000,ACORN,A1_reconstruction,0.4,5,0.471109,0.046393,
MIMIC-IV-CaseStudy,1800000,1800000,ACORN,A2_distinguishing,0.4,5,,,0.672714
MIMIC-IV-CaseStudy,1800000,1800000,ACORN,A1_reconstruction,0.4,6,0.453105,0.071104,
MIMIC-IV-CaseStudy,1800000,1800000,ACORN,A2_distinguishing,0.4,6,,,0.65455
MIMIC-IV-CaseStudy,1800000,1800000,ACORN,A1_reconstruction,0.4,7,0.37217,0.065304,
MIMIC-IV-CaseStudy,1800000,1800000,ACORN,A2_distinguishing,0.4,7,,,0.598556
MIMIC-IV-CaseStudy,1800000,1800000,ACORN,A1_reconstruction,0.4,8,0.427857,0.065744,
MIMIC-IV-CaseStudy,1800000,1800000,ACORN,A2_distinguishing,0.4,8,,,0.640614
MIMIC-IV-CaseStudy,1800000,1800000,ACORN,A1_reconstruction,0.4,9,0.398122,0.066975,
MIMIC-IV-CaseStudy,1800000,1800000,ACORN,A2_distinguishing,0.4,9,,,0.62139
MIMIC-IV-CaseStudy,1800000,1800000,ACORN,A1_reconstruction,0.5,0,0.405425,0.066151,
MIMIC-IV-CaseStudy,1800000,1800000,ACORN,A2_distinguishing,0.5,0,,,0.625966
MIMIC-IV-CaseStudy,1800000,1800000,ACORN,A1_reconstruction,0.5,1,0.381734,0.068626,
MIMIC-IV-CaseStudy,1800000,1800000,ACORN,A2_distinguishing,0.5,1,,,0.621477
MIMIC-IV-CaseStudy,1800000,1800000,ACORN,A1_reconstruction,0.5,2,0.358942,0.059909,
MIMIC-IV-CaseStudy,1800000,1800000,ACORN,A2_distinguishing,0.5,2,,,0.60406
MIMIC-IV-CaseStudy,1800000,1800000,ACORN,A1_reconstruction,0.5,3,0.423288,0.053538,
MIMIC-IV-CaseStudy,1800000,1800000,ACORN,A2_distinguishing,0.5,3,,,0.64784
MIMIC-IV-CaseStudy,1800000,1800000,ACORN,A1_reconstruction,0.5,4,0.42635,0.04349,
MIMIC-IV-CaseStudy,1800000,1800000,ACORN,A2_distinguishing,0.5,4,,,0.651183
MIMIC-IV-CaseStudy,1800000,1800000,ACORN,A1_reconstruction,0.5,5,0.396774,0.059119,
MIMIC-IV-CaseStudy,1800000,1800000,ACORN,A2_distinguishing,0.5,5,,,0.630536
MIMIC-IV-CaseStudy,1800000,1800000,ACORN,A1_reconstruction,0.5,6,0.449989,0.064006,
MIMIC-IV-CaseStudy,1800000,1800000,ACORN,A2_distinguishing,0.5,6,,,0.656743
MIMIC-IV-CaseStudy,1800000,1800000,ACORN,A1_reconstruction,0.5,7,0.406413,0.070451,
MIMIC-IV-CaseStudy,1800000,1800000,ACORN,A2_distinguishing,0.5,7,,,0.630639
MIMIC-IV-CaseStudy,1800000,1800000,ACORN,A1_reconstruction,0.5,8,0.431929,0.048081,
MIMIC-IV-CaseStudy,1800000,1800000,ACORN,A2_distinguishing,0.5,8,,,0.642552
MIMIC-IV-CaseStudy,1800000,1800000,ACORN,A1_reconstruction,0.5,9,0.45278,0.066268,
MIMIC-IV-CaseStudy,1800000,1800000,ACORN,A2_distinguishing,0.5,9,,,0.660335
MIMIC-IV-CaseStudy,1800000,1800000,HoneyBee,A1_reconstruction,0.1,0,0.385509,0.028207,
MIMIC-IV-CaseStudy,1800000,1800000,HoneyBee,A2_distinguishing,0.1,0,,,0.586438
MIMIC-IV-CaseStudy,1800000,1800000,HoneyBee,A1_reconstruction,0.1,1,0.397296,0.055926,
MIMIC-IV-CaseStudy,1800000,1800000,HoneyBee,A2_distinguishing,0.1,1,,,0.602007
MIMIC-IV-CaseStudy,1800000,1800000,HoneyBee,A1_reconstruction,0.1,2,0.352363,0.025163,
MIMIC-IV-CaseStudy,1800000,1800000,HoneyBee,A2_distinguishing,0.1,2,,,0.562359
MIMIC-IV-CaseStudy,1800000,1800000,HoneyBee,A1_reconstruction,0.1,3,0.357034,0.033787,
MIMIC-IV-CaseStudy,1800000,1800000,HoneyBee,A2_distinguishing,0.1,3,,,0.570227
MIMIC-IV-CaseStudy,1800000,1800000,HoneyBee,A1_reconstruction,0.1,4,0.329782,0.031914,
MIMIC-IV-CaseStudy,1800000,1800000,HoneyBee,A2_distinguishing,0.1,4,,,0.555489
MIMIC-IV-CaseStudy,1800000,1800000,HoneyBee,A1_reconstruction,0.1,5,0.32257,0.04713,
MIMIC-IV-CaseStudy,1800000,1800000,HoneyBee,A2_distinguishing,0.1,5,,,0.550009
MIMIC-IV-CaseStudy,1800000,1800000,HoneyBee,A1_reconstruction,0.1,6,0.383014,0.028361,
MIMIC-IV-CaseStudy,1800000,1800000,HoneyBee,A2_distinguishing,0.1,6,,,0.585934
MIMIC-IV-CaseStudy,1800000,1800000,HoneyBee,A1_reconstruction,0.1,7,0.366431,0.045254,
MIMIC-IV-CaseStudy,1800000,1800000,HoneyBee,A2_distinguishing,0.1,7,,,0.579196
MIMIC-IV-CaseStudy,1800000,1800000,HoneyBee,A1_reconstruction,0.1,8,0.376638,0.04726,
MIMIC-IV-CaseStudy,1800000,1800000,HoneyBee,A2_distinguishing,0.1,8,,,0.582855
MIMIC-IV-CaseStudy,1800000,1800000,HoneyBee,A1_reconstruction,0.1,9,0.33587,0.038234,
MIMIC-IV-CaseStudy,1800000,1800000,HoneyBee,A2_distinguishing,0.1,9,,,0.557275
MIMIC-IV-CaseStudy,1800000,1800000,HoneyBee,A1_reconstruction,0.2,0,0.355182,0.039077,
MIMIC-IV-CaseStudy,1800000,1800000,HoneyBee,A2_distinguishing,0.2,0,,,0.568268
MIMIC-IV-CaseStudy,1800000,1800000,HoneyBee,A1_reconstruction,0.2,1,0.336906,0.039948,
MIMIC-IV-CaseStudy,1800000,1800000,HoneyBee,A2_distinguishing,0.2,1,,,0.558016
MIMIC-IV-CaseStudy,1800000,1800000,HoneyBee,A1_reconstruction,0.2,2,0.357557,0.042467,
MIMIC-IV-CaseStudy,1800000,1800000,HoneyBee,A2_distinguishing,0.2,2,,,0.573091
MIMIC-IV-CaseStudy,1800000,1800000,HoneyBee,A1_reconstruction,0.2,3,0.32405,0.043197,
MIMIC-IV-CaseStudy,1800000,1800000,HoneyBee,A2_distinguishing,0.2,3,,,0.56365
MIMIC-IV-CaseStudy,1800000,1800000,HoneyBee,A1_reconstruction,0.2,4,0.373081,0.068069,
MIMIC-IV-CaseStudy,1800000,1800000,HoneyBee,A2_distinguishing,0.2,4,,,0.584668
MIMIC-IV-CaseStudy,1800000,1800000,HoneyBee,A1_reconstruction,0.2,5,0.360744,0.052741,
MIMIC-IV-CaseStudy,1800000,1800000,HoneyBee,A2_distinguishing,0.2,5,,,0.579053
MIMIC-IV-CaseStudy,1800000,1800000,HoneyBee,A1_reconstruction,0.2,6,0.400364,0.052551,
MIMIC-IV-CaseStudy,1800000,1800000,HoneyBee,A2_distinguishing,0.2,6,,,0.595862
MIMIC-IV-CaseStudy,1800000,1800000,HoneyBee,A1_reconstruction,0.2,7,0.39865,0.055593,
MIMIC-IV-CaseStudy,1800000,1800000,HoneyBee,A2_distinguishing,0.2,7,,,0.601649
MIMIC-IV-CaseStudy,1800000,1800000,HoneyBee,A1_reconstruction,0.2,8,0.390965,0.033829,
MIMIC-IV-CaseStudy,1800000,1800000,HoneyBee,A2_distinguishing,0.2,8,,,0.593721
MIMIC-IV-CaseStudy,1800000,1800000,HoneyBee,A1_reconstruction,0.2,9,0.385548,0.049925,
MIMIC-IV-CaseStudy,1800000,1800000,HoneyBee,A2_distinguishing,0.2,9,,,0.583882
MIMIC-IV-CaseStudy,1800000,1800000,HoneyBee,A1_reconstruction,0.3,0,0.373714,0.052584,
MIMIC-IV-CaseStudy,1800000,1800000,HoneyBee,A2_distinguishing,0.3,0,,,0.594484
MIMIC-IV-CaseStudy,1800000,1800000,HoneyBee,A1_reconstruction,0.3,1,0.392004,0.046931,
MIMIC-IV-CaseStudy,1800000,1800000,HoneyBee,A2_distinguishing,0.3,1,,,0.594576
MIMIC-IV-CaseStudy,1800000,1800000,HoneyBee,A1_reconstruction,0.3,2,0.366325,0.042745,
MIMIC-IV-CaseStudy,1800000,1800000,HoneyBee,A2_distinguishing,0.3,2,,,0.578349
MIMIC-IV-CaseStudy,1800000,1800000,HoneyBee,A1_reconstruction,0.3,3,0.406798,0.044642,
MIMIC-IV-CaseStudy,1800000,1800000,HoneyBee,A2_distinguishing,0.3,3,,,0.606482
MIMIC-IV-CaseStudy,1800000,1800000,HoneyBee,A1_reconstruction,0.3,4,0.395909,0.062162,
MIMIC-IV-CaseStudy,1800000,1800000,HoneyBee,A2_distinguishing,0.3,4,,,0.605262
MIMIC-IV-CaseStudy,1800000,1800000,HoneyBee,A1_reconstruction,0.3,5,0.393111,0.050334,
MIMIC-IV-CaseStudy,1800000,1800000,HoneyBee,A2_distinguishing,0.3,5,,,0.599846
MIMIC-IV-CaseStudy,1800000,1800000,HoneyBee,A1_reconstruction,0.3,6,0.391388,0.061578,
MIMIC-IV-CaseStudy,1800000,1800000,HoneyBee,A2_distinguishing,0.3,6,,,0.598754
MIMIC-IV-CaseStudy,1800000,1800000,HoneyBee,A1_reconstruction,0.3,7,0.39411,0.067956,
MIMIC-IV-CaseStudy,1800000,1800000,HoneyBee,A2_distinguishing,0.3,7,,,0.598921
MIMIC-IV-CaseStudy,1800000,1800000,HoneyBee,A1_reconstruction,0.3,8,0.402837,0.065641,
MIMIC-IV-CaseStudy,1800000,1800000,HoneyBee,A2_distinguishing,0.3,8,,,0.605776
MIMIC-IV-CaseStudy,1800000,1800000,HoneyBee,A1_reconstruction,0.3,9,0.439509,0.053167,
MIMIC-IV-CaseStudy,1800000,1800000,HoneyBee,A2_distinguishing,0.3,9,,,0.629398
MIMIC-IV-CaseStudy,1800000,1800000,HoneyBee,A1_reconstruction,0.4,0,0.356238,0.049324,
MIMIC-IV-CaseStudy,1800000,1800000,HoneyBee,A2_distinguishing,0.4,0,,,0.578367
MIMIC-IV-CaseStudy,1800000,1800000,HoneyBee,A1_reconstruction,0.4,1,0.383678,0.046333,
MIMIC-IV-CaseStudy,1800000,1800000,HoneyBee,A2_distinguishing,0.4,1,,,0.588215
MIMIC-IV-CaseStudy,1800000,1800000,HoneyBee,A1_reconstruction,0.4,2,0.39797,0.058262,
MIMIC-IV-CaseStudy,1800000,1800000,HoneyBee,A2_distinguishing,0.4,2,,,0.603507
MIMIC-IV-CaseStudy,1800000,1800000,HoneyBee,A1_reconstruction,0.4,3,0.364259,0.049486,
MIMIC-IV-CaseStudy,1800000,1800000,HoneyBee,A2_distinguishing,0.4,3,,,0.583591
MIMIC-IV-CaseStudy,1800000,1800000,HoneyBee,A1_reconstruction,0.4,4,0.388254,0.063045,
MIMIC-IV-CaseStudy,1800000,1800000,HoneyBee,A2_distinguishing,0.4,4,,,0.601735
MIMIC-IV-CaseStudy,1800000,1800000,HoneyBee,A1_reconstruction,0.4,5,0.394625,0.038538,
MIMIC-IV-CaseStudy,1800000,1800000,HoneyBee,A2_distinguishing,0.4,5,,,0.610835
MIMIC-IV-CaseStudy,1800000,1800000,HoneyBee,A1_reconstruction,0.4,6,0.38301,0.061162,
MIMIC-IV-CaseStudy,1800000,1800000,HoneyBee,A2_distinguishing,0.4,6,,,0.599162
MIMIC-IV-CaseStudy,1800000,1800000,HoneyBee,A1_reconstruction,0.4,7,0.420306,0.072465,
MIMIC-IV-CaseStudy,1800000,1800000,HoneyBee,A2_distinguishing,0.4,7,,,0.622152
MIMIC-IV-CaseStudy,1800000,1800000,HoneyBee,A1_reconstruction,0.4,8,0.372799,0.053264,
MIMIC-IV-CaseStudy,1800000,1800000,HoneyBee,A2_distinguishing,0.4,8,,,0.588834
MIMIC-IV-CaseStudy,1800000,1800000,HoneyBee,A1_reconstruction,0.4,9,0.434653,0.058693,
MIMIC-IV-CaseStudy,1800000,1800000,HoneyBee,A2_distinguishing,0.4,9,,,0.633125
MIMIC-IV-CaseStudy,1800000,1800000,HoneyBee,A1_reconstruction,0.5,0,0.436612,0.047532,
MIMIC-IV-CaseStudy,1800000,1800000,HoneyBee,A2_distinguishing,0.5,0,,,0.633927
MIMIC-IV-CaseStudy,1800000,1800000,HoneyBee,A1_reconstruction,0.5,1,0.416641,0.076773,
MIMIC-IV-CaseStudy,1800000,1800000,HoneyBee,A2_distinguishing,0.5,1,,,0.618453
MIMIC-IV-CaseStudy,1800000,1800000,HoneyBee,A1_reconstruction,0.5,2,0.419169,0.052825,
MIMIC-IV-CaseStudy,1800000,1800000,HoneyBee,A2_distinguishing,0.5,2,,,0.618548
MIMIC-IV-CaseStudy,1800000,1800000,HoneyBee,A1_reconstruction,0.5,3,0.427368,0.06438,
MIMIC-IV-CaseStudy,1800000,1800000,HoneyBee,A2_distinguishing,0.5,3,,,0.632448
MIMIC-IV-CaseStudy,1800000,1800000,HoneyBee,A1_reconstruction,0.5,4,0.402367,0.06699,
MIMIC-IV-CaseStudy,1800000,1800000,HoneyBee,A2_distinguishing,0.5,4,,,0.61164
MIMIC-IV-CaseStudy,1800000,1800000,HoneyBee,A1_reconstruction,0.5,5,0.451557,0.065298,
MIMIC-IV-CaseStudy,1800000,1800000,HoneyBee,A2_distinguishing,0.5,5,,,0.636747
MIMIC-IV-CaseStudy,1800000,1800000,HoneyBee,A1_reconstruction,0.5,6,0.418164,0.063259,
MIMIC-IV-CaseStudy,1800000,1800000,HoneyBee,A2_distinguishing,0.5,6,,,0.631711
MIMIC-IV-CaseStudy,1800000,1800000,HoneyBee,A1_reconstruction,0.5,7,0.44585,0.066425,
MIMIC-IV-CaseStudy,1800000,1800000,HoneyBee,A2_distinguishing,0.5,7,,,0.636229
MIMIC-IV-CaseStudy,1800000,1800000,HoneyBee,A1_reconstruction,0.5,8,0.378562,0.078998,
MIMIC-IV-CaseStudy,1800000,1800000,HoneyBee,A2_distinguishing,0.5,8,,,0.601518
MIMIC-IV-CaseStudy,1800000,1800000,HoneyBee,A1_reconstruction,0.5,9,0.398294,0.071487,
MIMIC-IV-CaseStudy,1800000,1800000,HoneyBee,A2_distinguishing,0.5,9,,,0.611187
MIMIC-IV-CaseStudy,1800000,1800000,SPFresh,A1_reconstruction,0.1,0,0.36408,0.033467,
MIMIC-IV-CaseStudy,1800000,1800000,SPFresh,A2_distinguishing,0.1,0,,,0.624349
MIMIC-IV-CaseStudy,1800000,1800000,SPFresh,A1_reconstruction,0.1,1,0.327963,0.048004,
MIMIC-IV-CaseStudy,1800000,1800000,SPFresh,A2_distinguishing,0.1,1,,,0.605574
MIMIC-IV-CaseStudy,1800000,1800000,SPFresh,A1_reconstruction,0.1,2,0.351012,0.035763,
MIMIC-IV-CaseStudy,1800000,1800000,SPFresh,A2_distinguishing,0.1,2,,,0.616172
MIMIC-IV-CaseStudy,1800000,1800000,SPFresh,A1_reconstruction,0.1,3,0.360681,0.052806,
MIMIC-IV-CaseStudy,1800000,1800000,SPFresh,A2_distinguishing,0.1,3,,,0.625674
MIMIC-IV-CaseStudy,1800000,1800000,SPFresh,A1_reconstruction,0.1,4,0.341739,0.037613,
MIMIC-IV-CaseStudy,1800000,1800000,SPFresh,A2_distinguishing,0.1,4,,,0.607472
MIMIC-IV-CaseStudy,1800000,1800000,SPFresh,A1_reconstruction,0.1,5,0.338604,0.0409,
MIMIC-IV-CaseStudy,1800000,1800000,SPFresh,A2_distinguishing,0.1,5,,,0.612074
MIMIC-IV-CaseStudy,1800000,1800000,SPFresh,A1_reconstruction,0.1,6,0.372462,0.040878,
MIMIC-IV-CaseStudy,1800000,1800000,SPFresh,A2_distinguishing,0.1,6,,,0.638289
MIMIC-IV-CaseStudy,1800000,1800000,SPFresh,A1_reconstruction,0.1,7,0.366275,0.055801,
MIMIC-IV-CaseStudy,1800000,1800000,SPFresh,A2_distinguishing,0.1,7,,,0.62387
MIMIC-IV-CaseStudy,1800000,1800000,SPFresh,A1_reconstruction,0.1,8,0.389432,0.036092,
MIMIC-IV-CaseStudy,1800000,1800000,SPFresh,A2_distinguishing,0.1,8,,,0.641734
MIMIC-IV-CaseStudy,1800000,1800000,SPFresh,A1_reconstruction,0.1,9,0.321705,0.027384,
MIMIC-IV-CaseStudy,1800000,1800000,SPFresh,A2_distinguishing,0.1,9,,,0.603527
MIMIC-IV-CaseStudy,1800000,1800000,SPFresh,A1_reconstruction,0.2,0,0.409366,0.01488,
MIMIC-IV-CaseStudy,1800000,1800000,SPFresh,A2_distinguishing,0.2,0,,,0.66945
MIMIC-IV-CaseStudy,1800000,1800000,SPFresh,A1_reconstruction,0.2,1,0.351591,0.04764,
MIMIC-IV-CaseStudy,1800000,1800000,SPFresh,A2_distinguishing,0.2,1,,,0.641111
MIMIC-IV-CaseStudy,1800000,1800000,SPFresh,A1_reconstruction,0.2,2,0.386179,0.032811,
MIMIC-IV-CaseStudy,1800000,1800000,SPFresh,A2_distinguishing,0.2,2,,,0.655361
MIMIC-IV-CaseStudy,1800000,1800000,SPFresh,A1_reconstruction,0.2,3,0.345957,0.057282,
MIMIC-IV-CaseStudy,1800000,1800000,SPFresh,A2_distinguishing,0.2,3,,,0.638308
MIMIC-IV-CaseStudy,1800000,1800000,SPFresh,A1_reconstruction,0.2,4,0.375982,0.042056,
MIMIC-IV-CaseStudy,1800000,1800000,SPFresh,A2_distinguishing,0.2,4,,,0.650943
MIMIC-IV-CaseStudy,1800000,1800000,SPFresh,A1_reconstruction,0.2,5,0.399774,0.04613,
MIMIC-IV-CaseStudy,1800000,1800000,SPFresh,A2_distinguishing,0.2,5,,,0.673026
MIMIC-IV-CaseStudy,1800000,1800000,SPFresh,A1_reconstruction,0.2,6,0.331077,0.032897,
MIMIC-IV-CaseStudy,1800000,1800000,SPFresh,A2_distinguishing,0.2,6,,,0.627982
MIMIC-IV-CaseStudy,1800000,1800000,SPFresh,A1_reconstruction,0.2,7,0.393879,0.063742,
MIMIC-IV-CaseStudy,1800000,1800000,SPFresh,A2_distinguishing,0.2,7,,,0.657385
MIMIC-IV-CaseStudy,1800000,1800000,SPFresh,A1_reconstruction,0.2,8,0.393407,0.040368,
MIMIC-IV-CaseStudy,1800000,1800000,SPFresh,A2_distinguishing,0.2,8,,,0.662397
MIMIC-IV-CaseStudy,1800000,1800000,SPFresh,A1_reconstruction,0.2,9,0.417081,0.031912,
MIMIC-IV-CaseStudy,1800000,1800000,SPFresh,A2_distinguishing,0.2,9,,,0.670715
MIMIC-IV-CaseStudy,1800000,1800000,SPFresh,A1_reconstruction,0.3,0,0.392483,0.04075,
MIMIC-IV-CaseStudy,1800000,1800000,SPFresh,A2_distinguishing,0.3,0,,,0.674781
MIMIC-IV-CaseStudy,1800000,1800000,SPFresh,A1_reconstruction,0.3,1,0.365788,0.069392,
MIMIC-IV-CaseStudy,1800000,1800000,SPFresh,A2_distinguishing,0.3,1,,,0.657283
MIMIC-IV-CaseStudy,1800000,1800000,SPFresh,A1_reconstruction,0.3,2,0.394244,0.039708,
MIMIC-IV-CaseStudy,1800000,1800000,SPFresh,A2_distinguishing,0.3,2,,,0.683302
MIMIC-IV-CaseStudy,1800000,1800000,SPFresh,A1_reconstruction,0.3,3,0.393876,0.047464,
MIMIC-IV-CaseStudy,1800000,1800000,SPFresh,A2_distinguishing,0.3,3,,,0.685743
MIMIC-IV-CaseStudy,1800000,1800000,SPFresh,A1_reconstruction,0.3,4,0.426559,0.039418,
MIMIC-IV-CaseStudy,1800000,1800000,SPFresh,A2_distinguishing,0.3,4,,,0.697543
MIMIC-IV-CaseStudy,1800000,1800000,SPFresh,A1_reconstruction,0.3,5,0.405387,0.054876,
MIMIC-IV-CaseStudy,1800000,1800000,SPFresh,A2_distinguishing,0.3,5,,,0.682118
MIMIC-IV-CaseStudy,1800000,1800000,SPFresh,A1_reconstruction,0.3,6,0.373486,0.05083,
MIMIC-IV-CaseStudy,1800000,1800000,SPFresh,A2_distinguishing,0.3,6,,,0.66413
MIMIC-IV-CaseStudy,1800000,1800000,SPFresh,A1_reconstruction,0.3,7,0.389489,0.060569,
MIMIC-IV-CaseStudy,1800000,1800000,SPFresh,A2_distinguishing,0.3,7,,,0.669869
MIMIC-IV-CaseStudy,1800000,1800000,SPFresh,A1_reconstruction,0.3,8,0.416042,0.062324,
MIMIC-IV-CaseStudy,1800000,1800000,SPFresh,A2_distinguishing,0.3,8,,,0.691919
MIMIC-IV-CaseStudy,1800000,1800000,SPFresh,A1_reconstruction,0.3,9,0.382932,0.049172,
MIMIC-IV-CaseStudy,1800000,1800000,SPFresh,A2_distinguishing,0.3,9,,,0.670199
MIMIC-IV-CaseStudy,1800000,1800000,SPFresh,A1_reconstruction,0.4,0,0.429104,0.05213,
MIMIC-IV-CaseStudy,1800000,1800000,SPFresh,A2_distinguishing,0.4,0,,,0.721615
MIMIC-IV-CaseStudy,1800000,1800000,SPFresh,A1_reconstruction,0.4,1,0.454771,0.07574,
MIMIC-IV-CaseStudy,1800000,1800000,SPFresh,A2_distinguishing,0.4,1,,,0.734553
MIMIC-IV-CaseStudy,1800000,1800000,SPFresh,A1_reconstruction,0.4,2,0.384032,0.060401,
MIMIC-IV-CaseStudy,1800000,1800000,SPFresh,A2_distinguishing,0.4,2,,,0.693296
MIMIC-IV-CaseStudy,1800000,1800000,SPFresh,A1_reconstruction,0.4,3,0.403655,0.045212,
MIMIC-IV-CaseStudy,1800000,1800000,SPFresh,A2_distinguishing,0.4,3,,,0.709144
MIMIC-IV-CaseStudy,1800000,1800000,SPFresh,A1_reconstruction,0.4,4,0.405149,0.052524,
MIMIC-IV-CaseStudy,1800000,1800000,SPFresh,A2_distinguishing,0.4,4,,,0.70654
MIMIC-IV-CaseStudy,1800000,1800000,SPFresh,A1_reconstruction,0.4,5,0.437018,0.040875,
MIMIC-IV-CaseStudy,1800000,1800000,SPFresh,A2_distinguishing,0.4,5,,,0.718919
MIMIC-IV-CaseStudy,1800000,1800000,SPFresh,A1_reconstruction,0.4,6,0.401683,0.0593,
MIMIC-IV-CaseStudy,1800000,1800000,SPFresh,A2_distinguishing,0.4,6,,,0.697321
MIMIC-IV-CaseStudy,1800000,1800000,SPFresh,A1_reconstruction,0.4,7,0.375655,0.060313,
MIMIC-IV-CaseStudy,1800000,1800000,SPFresh,A2_distinguishing,0.4,7,,,0.685211
MIMIC-IV-CaseStudy,1800000,1800000,SPFresh,A1_reconstruction,0.4,8,0.378757,0.050619,
MIMIC-IV-CaseStudy,1800000,1800000,SPFresh,A2_distinguishing,0.4,8,,,0.690969
MIMIC-IV-CaseStudy,1800000,1800000,SPFresh,A1_reconstruction,0.4,9,0.410151,0.059134,
MIMIC-IV-CaseStudy,1800000,1800000,SPFresh,A2_distinguishing,0.4,9,,,0.713049
MIMIC-IV-CaseStudy,1800000,1800000,SPFresh,A1_reconstruction,0.5,0,0.405852,0.061605,
MIMIC-IV-CaseStudy,1800000,1800000,SPFresh,A2_distinguishing,0.5,0,,,0.719765
MIMIC-IV-CaseStudy,1800000,1800000,SPFresh,A1_reconstruction,0.5,1,0.410976,0.070924,
MIMIC-IV-CaseStudy,1800000,1800000,SPFresh,A2_distinguishing,0.5,1,,,0.72428
MIMIC-IV-CaseStudy,1800000,1800000,SPFresh,A1_reconstruction,0.5,2,0.383084,0.050447,
MIMIC-IV-CaseStudy,1800000,1800000,SPFresh,A2_distinguishing,0.5,2,,,0.711193
MIMIC-IV-CaseStudy,1800000,1800000,SPFresh,A1_reconstruction,0.5,3,0.362419,0.075383,
MIMIC-IV-CaseStudy,1800000,1800000,SPFresh,A2_distinguishing,0.5,3,,,0.698896
MIMIC-IV-CaseStudy,1800000,1800000,SPFresh,A1_reconstruction,0.5,4,0.411908,0.060102,
MIMIC-IV-CaseStudy,1800000,1800000,SPFresh,A2_distinguishing,0.5,4,,,0.720606
MIMIC-IV-CaseStudy,1800000,1800000,SPFresh,A1_reconstruction,0.5,5,0.440292,0.060436,
MIMIC-IV-CaseStudy,1800000,1800000,SPFresh,A2_distinguishing,0.5,5,,,0.738437
MIMIC-IV-CaseStudy,1800000,1800000,SPFresh,A1_reconstruction,0.5,6,0.462048,0.07202,
MIMIC-IV-CaseStudy,1800000,1800000,SPFresh,A2_distinguishing,0.5,6,,,0.754166
MIMIC-IV-CaseStudy,1800000,1800000,SPFresh,A1_reconstruction,0.5,7,0.397538,0.051308,
MIMIC-IV-CaseStudy,1800000,1800000,SPFresh,A2_distinguishing,0.5,7,,,0.716135
MIMIC-IV-CaseStudy,1800000,1800000,SPFresh,A1_reconstruction,0.5,8,0.418186,0.036978,
MIMIC-IV-CaseStudy,1800000,1800000,SPFresh,A2_distinguishing,0.5,8,,,0.726977
MIMIC-IV-CaseStudy,1800000,1800000,SPFresh,A1_reconstruction,0.5,9,0.417301,0.063245,
MIMIC-IV-CaseStudy,1800000,1800000,SPFresh,A2_distinguishing,0.5,9,,,0.725454
MIMIC-IV-CaseStudy,1800000,1800000,Lethe,A1_reconstruction,0.1,0,0.000434,0.001265,
MIMIC-IV-CaseStudy,1800000,1800000,Lethe,A2_distinguishing,0.1,0,,,0.494084
MIMIC-IV-CaseStudy,1800000,1800000,Lethe,A1_reconstruction,0.1,1,0.011951,0.001395,
MIMIC-IV-CaseStudy,1800000,1800000,Lethe,A2_distinguishing,0.1,1,,,0.522878
MIMIC-IV-CaseStudy,1800000,1800000,Lethe,A1_reconstruction,0.1,2,0.011982,0.001398,
MIMIC-IV-CaseStudy,1800000,1800000,Lethe,A2_distinguishing,0.1,2,,,0.522956
MIMIC-IV-CaseStudy,1800000,1800000,Lethe,A1_reconstruction,0.1,3,0.00894,0.002046,
MIMIC-IV-CaseStudy,1800000,1800000,Lethe,A2_distinguishing,0.1,3,,,0.515349
MIMIC-IV-CaseStudy,1800000,1800000,Lethe,A1_reconstruction,0.1,4,0.00415,0.001412,
MIMIC-IV-CaseStudy,1800000,1800000,Lethe,A2_distinguishing,0.1,4,,,0.503375
MIMIC-IV-CaseStudy,1800000,1800000,Lethe,A1_reconstruction,0.1,5,0.002366,0.000275,
MIMIC-IV-CaseStudy,1800000,1800000,Lethe,A2_distinguishing,0.1,5,,,0.498915
MIMIC-IV-CaseStudy,1800000,1800000,Lethe,A1_reconstruction,0.1,6,0.004684,0.000109,
MIMIC-IV-CaseStudy,1800000,1800000,Lethe,A2_distinguishing,0.1,6,,,0.504711
MIMIC-IV-CaseStudy,1800000,1800000,Lethe,A1_reconstruction,0.1,7,0.004339,0.002252,
MIMIC-IV-CaseStudy,1800000,1800000,Lethe,A2_distinguishing,0.1,7,,,0.503849
MIMIC-IV-CaseStudy,1800000,1800000,Lethe,A1_reconstruction,0.1,8,0.011878,0.000654,
MIMIC-IV-CaseStudy,1800000,1800000,Lethe,A2_distinguishing,0.1,8,,,0.522695
MIMIC-IV-CaseStudy,1800000,1800000,Lethe,A1_reconstruction,0.1,9,0.009106,0.000413,
MIMIC-IV-CaseStudy,1800000,1800000,Lethe,A2_distinguishing,0.1,9,,,0.515765
MIMIC-IV-CaseStudy,1800000,1800000,Lethe,A1_reconstruction,0.2,0,0.011687,0.0,
MIMIC-IV-CaseStudy,1800000,1800000,Lethe,A2_distinguishing,0.2,0,,,0.522219
MIMIC-IV-CaseStudy,1800000,1800000,Lethe,A1_reconstruction,0.2,1,0.000378,0.0,
MIMIC-IV-CaseStudy,1800000,1800000,Lethe,A2_distinguishing,0.2,1,,,0.493944
MIMIC-IV-CaseStudy,1800000,1800000,Lethe,A1_reconstruction,0.2,2,0.002129,0.002387,
MIMIC-IV-CaseStudy,1800000,1800000,Lethe,A2_distinguishing,0.2,2,,,0.498323
MIMIC-IV-CaseStudy,1800000,1800000,Lethe,A1_reconstruction,0.2,3,0.0,0.001138,
MIMIC-IV-CaseStudy,1800000,1800000,Lethe,A2_distinguishing,0.2,3,,,0.488921
MIMIC-IV-CaseStudy,1800000,1800000,Lethe,A1_reconstruction,0.2,4,0.003377,0.002086,
MIMIC-IV-CaseStudy,1800000,1800000,Lethe,A2_distinguishing,0.2,4,,,0.501444
MIMIC-IV-CaseStudy,1800000,1800000,Lethe,A1_reconstruction,0.2,5,0.009916,0.001124,
MIMIC-IV-CaseStudy,1800000,1800000,Lethe,A2_distinguishing,0.2,5,,,0.517791
MIMIC-IV-CaseStudy,1800000,1800000,Lethe,A1_reconstruction,0.2,6,0.015711,0.001783,
MIMIC-IV-CaseStudy,1800000,1800000,Lethe,A2_distinguishing,0.2,6,,,0.532276
MIMIC-IV-CaseStudy,1800000,1800000,Lethe,A1_reconstruction,0.2,7,0.010472,0.001153,
MIMIC-IV-CaseStudy,1800000,1800000,Lethe,A2_distinguishing,0.2,7,,,0.51918
MIMIC-IV-CaseStudy,1800000,1800000,Lethe,A1_reconstruction,0.2,8,0.00374,0.001384,
MIMIC-IV-CaseStudy,1800000,1800000,Lethe,A2_distinguishing,0.2,8,,,0.50235
MIMIC-IV-CaseStudy,1800000,1800000,Lethe,A1_reconstruction,0.2,9,0.007661,0.0,
MIMIC-IV-CaseStudy,1800000,1800000,Lethe,A2_distinguishing,0.2,9,,,0.512154
MIMIC-IV-CaseStudy,1800000,1800000,Lethe,A1_reconstruction,0.3,0,0.001226,0.000115,
MIMIC-IV-CaseStudy,1800000,1800000,Lethe,A2_distinguishing,0.3,0,,,0.496064
MIMIC-IV-CaseStudy,1800000,1800000,Lethe,A1_reconstruction,0.3,1,0.0,0.0,
MIMIC-IV-CaseStudy,1800000,1800000,Lethe,A2_distinguishing,0.3,1,,,0.491878
MIMIC-IV-CaseStudy,1800000,1800000,Lethe,A1_reconstruction,0.3,2,0.014004,0.0,
MIMIC-IV-CaseStudy,1800000,1800000,Lethe,A2_distinguishing,0.3,2,,,0.528009
MIMIC-IV-CaseStudy,1800000,1800000,Lethe,A1_reconstruction,0.3,3,0.005754,0.001945,
MIMIC-IV-CaseStudy,1800000,1800000,Lethe,A2_distinguishing,0.3,3,,,0.507386
MIMIC-IV-CaseStudy,1800000,1800000,Lethe,A1_reconstruction,0.3,4,0.007484,0.001561,
MIMIC-IV-CaseStudy,1800000,1800000,Lethe,A2_distinguishing,0.3,4,,,0.51171
MIMIC-IV-CaseStudy,1800000,1800000,Lethe,A1_reconstruction,0.3,5,0.004374,0.001045,
MIMIC-IV-CaseStudy,1800000,1800000,Lethe,A2_distinguishing,0.3,5,,,0.503934
MIMIC-IV-CaseStudy,1800000,1800000,Lethe,A1_reconstruction,0.3,6,0.012605,0.0,
MIMIC-IV-CaseStudy,1800000,1800000,Lethe,A2_distinguishing,0.3,6,,,0.524512
MIMIC-IV-CaseStudy,1800000,1800000,Lethe,A1_reconstruction,0.3,7,0.001594,0.002399,
MIMIC-IV-CaseStudy,1800000,1800000,Lethe,A2_distinguishing,0.3,7,,,0.496985
MIMIC-IV-CaseStudy,1800000,1800000,Lethe,A1_reconstruction,0.3,8,0.011762,0.000704,
MIMIC-IV-CaseStudy,1800000,1800000,Lethe,A2_distinguishing,0.3,8,,,0.522406
MIMIC-IV-CaseStudy,1800000,1800000,Lethe,A1_reconstruction,0.3,9,0.006135,0.001955,
MIMIC-IV-CaseStudy,1800000,1800000,Lethe,A2_distinguishing,0.3,9,,,0.508338
MIMIC-IV-CaseStudy,1800000,1800000,Lethe,A1_reconstruction,0.4,0,0.01308,0.00017,
MIMIC-IV-CaseStudy,1800000,1800000,Lethe,A2_distinguishing,0.4,0,,,0.525701
MIMIC-IV-CaseStudy,1800000,1800000,Lethe,A1_reconstruction,0.4,1,0.012621,0.00022,
MIMIC-IV-CaseStudy,1800000,1800000,Lethe,A2_distinguishing,0.4,1,,,0.524553
MIMIC-IV-CaseStudy,1800000,1800000,Lethe,A1_reconstruction,0.4,2,0.007851,0.001745,
MIMIC-IV-CaseStudy,1800000,1800000,Lethe,A2_distinguishing,0.4,2,,,0.512627
MIMIC-IV-CaseStudy,1800000,1800000,Lethe,A1_reconstruction,0.4,3,0.001698,0.000182,
MIMIC-IV-CaseStudy,1800000,1800000,Lethe,A2_distinguishing,0.4,3,,,0.497244
MIMIC-IV-CaseStudy,1800000,1800000,Lethe,A1_reconstruction,0.4,4,0.007761,0.001321,
MIMIC-IV-CaseStudy,1800000,1800000,Lethe,A2_distinguishing,0.4,4,,,0.512402
MIMIC-IV-CaseStudy,1800000,1800000,Lethe,A1_reconstruction,0.4,5,0.000376,0.001881,
MIMIC-IV-CaseStudy,1800000,1800000,Lethe,A2_distinguishing,0.4,5,,,0.49394
MIMIC-IV-CaseStudy,1800000,1800000,Lethe,A1_reconstruction,0.4,6,0.009082,0.001208,
MIMIC-IV-CaseStudy,1800000,1800000,Lethe,A2_distinguishing,0.4,6,,,0.515704
MIMIC-IV-CaseStudy,1800000,1800000,Lethe,A1_reconstruction,0.4,7,0.0,0.000901,
MIMIC-IV-CaseStudy,1800000,1800000,Lethe,A2_distinguishing,0.4,7,,,0.486693
MIMIC-IV-CaseStudy,1800000,1800000,Lethe,A1_reconstruction,0.4,8,0.004278,0.001786,
MIMIC-IV-CaseStudy,1800000,1800000,Lethe,A2_distinguishing,0.4,8,,,0.503695
MIMIC-IV-CaseStudy,1800000,1800000,Lethe,A1_reconstruction,0.4,9,0.011524,0.000243,
MIMIC-IV-CaseStudy,1800000,1800000,Lethe,A2_distinguishing,0.4,9,,,0.52181
MIMIC-IV-CaseStudy,1800000,1800000,Lethe,A1_reconstruction,0.5,0,0.0,0.003119,
MIMIC-IV-CaseStudy,1800000,1800000,Lethe,A2_distinguishing,0.5,0,,,0.485
MIMIC-IV-CaseStudy,1800000,1800000,Lethe,A1_reconstruction,0.5,1,0.009975,0.000423,
MIMIC-IV-CaseStudy,1800000,1800000,Lethe,A2_distinguishing,0.5,1,,,0.517938
MIMIC-IV-CaseStudy,1800000,1800000,Lethe,A1_reconstruction,0.5,2,0.011947,0.0,
MIMIC-IV-CaseStudy,1800000,1800000,Lethe,A2_distinguishing,0.5,2,,,0.522868
MIMIC-IV-CaseStudy,1800000,1800000,Lethe,A1_reconstruction,0.5,3,0.002928,0.000557,
MIMIC-IV-CaseStudy,1800000,1800000,Lethe,A2_distinguishing,0.5,3,,,0.500319
MIMIC-IV-CaseStudy,1800000,1800000,Lethe,A1_reconstruction,0.5,4,0.008469,0.0,
MIMIC-IV-CaseStudy,1800000,1800000,Lethe,A2_distinguishing,0.5,4,,,0.514173
MIMIC-IV-CaseStudy,1800000,1800000,Lethe,A1_reconstruction,0.5,5,0.011608,0.0,
MIMIC-IV-CaseStudy,1800000,1800000,Lethe,A2_distinguishing,0.5,5,,,0.52202
MIMIC-IV-CaseStudy,1800000,1800000,Lethe,A1_reconstruction,0.5,6,0.01017,0.0,
MIMIC-IV-CaseStudy,1800000,1800000,Lethe,A2_distinguishing,0.5,6,,,0.518424
MIMIC-IV-CaseStudy,1800000,1800000,Lethe,A1_reconstruction,0.5,7,0.005729,0.0,
MIMIC-IV-CaseStudy,1800000,1800000,Lethe,A2_distinguishing,0.5,7,,,0.507323
MIMIC-IV-CaseStudy,1800000,1800000,Lethe,A1_reconstruction,0.5,8,0.006974,0.001529,
MIMIC-IV-CaseStudy,1800000,1800000,Lethe,A2_distinguishing,0.5,8,,,0.510435
MIMIC-IV-CaseStudy,1800000,1800000,Lethe,A1_reconstruction,0.5,9,0.00611,0.001454,
MIMIC-IV-CaseStudy,1800000,1800000,Lethe,A2_distinguishing,0.5,9,,,0.508274
MIMIC-IV-CaseStudy,1800000,1800000,Physical-delete,A1_reconstruction,0.1,0,0.006984,0.000971,
MIMIC-IV-CaseStudy,1800000,1800000,Physical-delete,A2_distinguishing,0.1,0,,,0.510459
MIMIC-IV-CaseStudy,1800000,1800000,Physical-delete,A1_reconstruction,0.1,1,0.004063,0.001648,
MIMIC-IV-CaseStudy,1800000,1800000,Physical-delete,A2_distinguishing,0.1,1,,,0.503158
MIMIC-IV-CaseStudy,1800000,1800000,Physical-delete,A1_reconstruction,0.1,2,0.003771,0.00237,
MIMIC-IV-CaseStudy,1800000,1800000,Physical-delete,A2_distinguishing,0.1,2,,,0.502427
MIMIC-IV-CaseStudy,1800000,1800000,Physical-delete,A1_reconstruction,0.1,3,0.002168,0.000838,
MIMIC-IV-CaseStudy,1800000,1800000,Physical-delete,A2_distinguishing,0.1,3,,,0.49842
MIMIC-IV-CaseStudy,1800000,1800000,Physical-delete,A1_reconstruction,0.1,4,0.002255,0.002087,
MIMIC-IV-CaseStudy,1800000,1800000,Physical-delete,A2_distinguishing,0.1,4,,,0.498636
MIMIC-IV-CaseStudy,1800000,1800000,Physical-delete,A1_reconstruction,0.1,5,0.008762,0.000931,
MIMIC-IV-CaseStudy,1800000,1800000,Physical-delete,A2_distinguishing,0.1,5,,,0.514905
MIMIC-IV-CaseStudy,1800000,1800000,Physical-delete,A1_reconstruction,0.1,6,0.010283,0.001111,
MIMIC-IV-CaseStudy,1800000,1800000,Physical-delete,A2_distinguishing,0.1,6,,,0.518709
MIMIC-IV-CaseStudy,1800000,1800000,Physical-delete,A1_reconstruction,0.1,7,0.002906,0.001837,
MIMIC-IV-CaseStudy,1800000,1800000,Physical-delete,A2_distinguishing,0.1,7,,,0.500265
MIMIC-IV-CaseStudy,1800000,1800000,Physical-delete,A1_reconstruction,0.1,8,0.004018,0.000735,
MIMIC-IV-CaseStudy,1800000,1800000,Physical-delete,A2_distinguishing,0.1,8,,,0.503045
MIMIC-IV-CaseStudy,1800000,1800000,Physical-delete,A1_reconstruction,0.1,9,0.005288,0.001821,
MIMIC-IV-CaseStudy,1800000,1800000,Physical-delete,A2_distinguishing,0.1,9,,,0.506219
MIMIC-IV-CaseStudy,1800000,1800000,Physical-delete,A1_reconstruction,0.2,0,0.008468,0.000193,
MIMIC-IV-CaseStudy,1800000,1800000,Physical-delete,A2_distinguishing,0.2,0,,,0.51417
MIMIC-IV-CaseStudy,1800000,1800000,Physical-delete,A1_reconstruction,0.2,1,0.004694,0.001165,
MIMIC-IV-CaseStudy,1800000,1800000,Physical-delete,A2_distinguishing,0.2,1,,,0.504734
MIMIC-IV-CaseStudy,1800000,1800000,Physical-delete,A1_reconstruction,0.2,2,0.000904,0.000419,
MIMIC-IV-CaseStudy,1800000,1800000,Physical-delete,A2_distinguishing,0.2,2,,,0.49526
MIMIC-IV-CaseStudy,1800000,1800000,Physical-delete,A1_reconstruction,0.2,3,0.003223,0.001497,
MIMIC-IV-CaseStudy,1800000,1800000,Physical-delete,A2_distinguishing,0.2,3,,,0.501057
MIMIC-IV-CaseStudy,1800000,1800000,Physical-delete,A1_reconstruction,0.2,4,0.011815,0.002362,
MIMIC-IV-CaseStudy,1800000,1800000,Physical-delete,A2_distinguishing,0.2,4,,,0.522537
MIMIC-IV-CaseStudy,1800000,1800000,Physical-delete,A1_reconstruction,0.2,5,0.000789,0.001607,
MIMIC-IV-CaseStudy,1800000,1800000,Physical-delete,A2_distinguishing,0.2,5,,,0.494971
MIMIC-IV-CaseStudy,1800000,1800000,Physical-delete,A1_reconstruction,0.2,6,0.004139,0.001468,
MIMIC-IV-CaseStudy,1800000,1800000,Physical-delete,A2_distinguishing,0.2,6,,,0.503347
MIMIC-IV-CaseStudy,1800000,1800000,Physical-delete,A1_reconstruction,0.2,7,0.004374,0.00256,
MIMIC-IV-CaseStudy,1800000,1800000,Physical-delete,A2_distinguishing,0.2,7,,,0.503935
MIMIC-IV-CaseStudy,1800000,1800000,Physical-delete,A1_reconstruction,0.2,8,0.000215,0.001184,
MIMIC-IV-CaseStudy,1800000,1800000,Physical-delete,A2_distinguishing,0.2,8,,,0.493536
MIMIC-IV-CaseStudy,1800000,1800000,Physical-delete,A1_reconstruction,0.2,9,0.007979,0.001291,
MIMIC-IV-CaseStudy,1800000,1800000,Physical-delete,A2_distinguishing,0.2,9,,,0.512947
MIMIC-IV-CaseStudy,1800000,1800000,Physical-delete,A1_reconstruction,0.3,0,0.01075,0.0,
MIMIC-IV-CaseStudy,1800000,1800000,Physical-delete,A2_distinguishing,0.3,0,,,0.519876
MIMIC-IV-CaseStudy,1800000,1800000,Physical-delete,A1_reconstruction,0.3,1,0.011579,0.000613,
MIMIC-IV-CaseStudy,1800000,1800000,Physical-delete,A2_distinguishing,0.3,1,,,0.521949
MIMIC-IV-CaseStudy,1800000,1800000,Physical-delete,A1_reconstruction,0.3,2,0.006615,0.003026,
MIMIC-IV-CaseStudy,1800000,1800000,Physical-delete,A2_distinguishing,0.3,2,,,0.509538
MIMIC-IV-CaseStudy,1800000,1800000,Physical-delete,A1_reconstruction,0.3,3,0.002332,0.001355,
MIMIC-IV-CaseStudy,1800000,1800000,Physical-delete,A2_distinguishing,0.3,3,,,0.498831
MIMIC-IV-CaseStudy,1800000,1800000,Physical-delete,A1_reconstruction,0.3,4,0.007191,0.001812,
MIMIC-IV-CaseStudy,1800000,1800000,Physical-delete,A2_distinguishing,0.3,4,,,0.510977
MIMIC-IV-CaseStudy,1800000,1800000,Physical-delete,A1_reconstruction,0.3,5,0.004245,0.001763,
MIMIC-IV-CaseStudy,1800000,1800000,Physical-delete,A2_distinguishing,0.3,5,,,0.503611
MIMIC-IV-CaseStudy,1800000,1800000,Physical-delete,A1_reconstruction,0.3,6,0.006588,0.000682,
MIMIC-IV-CaseStudy,1800000,1800000,Physical-delete,A2_distinguishing,0.3,6,,,0.509469
MIMIC-IV-CaseStudy,1800000,1800000,Physical-delete,A1_reconstruction,0.3,7,0.012638,0.000891,
MIMIC-IV-CaseStudy,1800000,1800000,Physical-delete,A2_distinguishing,0.3,7,,,0.524594
MIMIC-IV-CaseStudy,1800000,1800000,Physical-delete,A1_reconstruction,0.3,8,0.001281,0.000301,
MIMIC-IV-CaseStudy,1800000,1800000,Physical-delete,A2_distinguishing,0.3,8,,,0.496202
MIMIC-IV-CaseStudy,1800000,1800000,Physical-delete,A1_reconstruction,0.3,9,0.0,0.00111,
MIMIC-IV-CaseStudy,1800000,1800000,Physical-delete,A2_distinguishing,0.3,9,,,0.485
MIMIC-IV-CaseStudy,1800000,1800000,Physical-delete,A1_reconstruction,0.4,0,0.002198,0.001465,
MIMIC-IV-CaseStudy,1800000,1800000,Physical-delete,A2_distinguishing,0.4,0,,,0.498495
MIMIC-IV-CaseStudy,1800000,1800000,Physical-delete,A1_reconstruction,0.4,1,0.0,0.00128,
MIMIC-IV-CaseStudy,1800000,1800000,Physical-delete,A2_distinguishing,0.4,1,,,0.492992
MIMIC-IV-CaseStudy,1800000,1800000,Physical-delete,A1_reconstruction,0.4,2,0.003851,0.001408,
MIMIC-IV-CaseStudy,1800000,1800000,Physical-delete,A2_distinguishing,0.4,2,,,0.502628
MIMIC-IV-CaseStudy,1800000,1800000,Physical-delete,A1_reconstruction,0.4,3,0.003842,0.000571,
MIMIC-IV-CaseStudy,1800000,1800000,Physical-delete,A2_distinguishing,0.4,3,,,0.502605
MIMIC-IV-CaseStudy,1800000,1800000,Physical-delete,A1_reconstruction,0.4,4,0.00544,2.3e-05,
MIMIC-IV-CaseStudy,1800000,1800000,Physical-delete,A2_distinguishing,0.4,4,,,0.506599
MIMIC-IV-CaseStudy,1800000,1800000,Physical-delete,A1_reconstruction,0.4,5,0.010512,0.002482,
MIMIC-IV-CaseStudy,1800000,1800000,Physical-delete,A2_distinguishing,0.4,5,,,0.519279
MIMIC-IV-CaseStudy,1800000,1800000,Physical-delete,A1_reconstruction,0.4,6,0.003763,7.8e-05,
MIMIC-IV-CaseStudy,1800000,1800000,Physical-delete,A2_distinguishing,0.4,6,,,0.502406
MIMIC-IV-CaseStudy,1800000,1800000,Physical-delete,A1_reconstruction,0.4,7,0.0,0.001497,
MIMIC-IV-CaseStudy,1800000,1800000,Physical-delete,A2_distinguishing,0.4,7,,,0.492136
MIMIC-IV-CaseStudy,1800000,1800000,Physical-delete,A1_reconstruction,0.4,8,0.006,0.000287,
MIMIC-IV-CaseStudy,1800000,1800000,Physical-delete,A2_distinguishing,0.4,8,,,0.507999
MIMIC-IV-CaseStudy,1800000,1800000,Physical-delete,A1_reconstruction,0.4,9,0.0,0.000379,
MIMIC-IV-CaseStudy,1800000,1800000,Physical-delete,A2_distinguishing,0.4,9,,,0.487936
MIMIC-IV-CaseStudy,1800000,1800000,Physical-delete,A1_reconstruction,0.5,0,0.001113,0.001715,
MIMIC-IV-CaseStudy,1800000,1800000,Physical-delete,A2_distinguishing,0.5,0,,,0.495782
MIMIC-IV-CaseStudy,1800000,1800000,Physical-delete,A1_reconstruction,0.5,1,0.006239,0.002196,
MIMIC-IV-CaseStudy,1800000,1800000,Physical-delete,A2_distinguishing,0.5,1,,,0.508598
MIMIC-IV-CaseStudy,1800000,1800000,Physical-delete,A1_reconstruction,0.5,2,0.010424,0.001352,
MIMIC-IV-CaseStudy,1800000,1800000,Physical-delete,A2_distinguishing,0.5,2,,,0.519061
MIMIC-IV-CaseStudy,1800000,1800000,Physical-delete,A1_reconstruction,0.5,3,0.005958,0.001393,
MIMIC-IV-CaseStudy,1800000,1800000,Physical-delete,A2_distinguishing,0.5,3,,,0.507896
MIMIC-IV-CaseStudy,1800000,1800000,Physical-delete,A1_reconstruction,0.5,4,0.005658,0.001596,
MIMIC-IV-CaseStudy,1800000,1800000,Physical-delete,A2_distinguishing,0.5,4,,,0.507145
MIMIC-IV-CaseStudy,1800000,1800000,Physical-delete,A1_reconstruction,0.5,5,0.006538,0.001117,
MIMIC-IV-CaseStudy,1800000,1800000,Physical-delete,A2_distinguishing,0.5,5,,,0.509345
MIMIC-IV-CaseStudy,1800000,1800000,Physical-delete,A1_reconstruction,0.5,6,0.010074,0.001721,
MIMIC-IV-CaseStudy,1800000,1800000,Physical-delete,A2_distinguishing,0.5,6,,,0.518184
MIMIC-IV-CaseStudy,1800000,1800000,Physical-delete,A1_reconstruction,0.5,7,0.008041,0.0,
MIMIC-IV-CaseStudy,1800000,1800000,Physical-delete,A2_distinguishing,0.5,7,,,0.513103
MIMIC-IV-CaseStudy,1800000,1800000,Physical-delete,A1_reconstruction,0.5,8,0.011166,0.0,
MIMIC-IV-CaseStudy,1800000,1800000,Physical-delete,A2_distinguishing,0.5,8,,,0.520915
MIMIC-IV-CaseStudy,1800000,1800000,Physical-delete,A1_reconstruction,0.5,9,0.005481,0.001304,
MIMIC-IV-CaseStudy,1800000,1800000,Physical-delete,A2_distinguishing,0.5,9,,,0.506703
MIMIC-IV-CaseStudy,1800000,1800000,Oracle,A1_reconstruction,0.1,0,0.003681,0.000983,
MIMIC-IV-CaseStudy,1800000,1800000,Oracle,A2_distinguishing,0.1,0,,,0.502203
MIMIC-IV-CaseStudy,1800000,1800000,Oracle,A1_reconstruction,0.1,1,0.000507,0.0,
MIMIC-IV-CaseStudy,1800000,1800000,Oracle,A2_distinguishing,0.1,1,,,0.494268
MIMIC-IV-CaseStudy,1800000,1800000,Oracle,A1_reconstruction,0.1,2,0.003885,0.00296,
MIMIC-IV-CaseStudy,1800000,1800000,Oracle,A2_distinguishing,0.1,2,,,0.502713
MIMIC-IV-CaseStudy,1800000,1800000,Oracle,A1_reconstruction,0.1,3,0.0,0.001314,
MIMIC-IV-CaseStudy,1800000,1800000,Oracle,A2_distinguishing,0.1,3,,,0.492302
MIMIC-IV-CaseStudy,1800000,1800000,Oracle,A1_reconstruction,0.1,4,0.010881,0.000699,
MIMIC-IV-CaseStudy,1800000,1800000,Oracle,A2_distinguishing,0.1,4,,,0.520202
MIMIC-IV-CaseStudy,1800000,1800000,Oracle,A1_reconstruction,0.1,5,0.0,0.0,
MIMIC-IV-CaseStudy,1800000,1800000,Oracle,A2_distinguishing,0.1,5,,,0.492869
MIMIC-IV-CaseStudy,1800000,1800000,Oracle,A1_reconstruction,0.1,6,0.002495,0.00196,
MIMIC-IV-CaseStudy,1800000,1800000,Oracle,A2_distinguishing,0.1,6,,,0.499238
MIMIC-IV-CaseStudy,1800000,1800000,Oracle,A1_reconstruction,0.1,7,0.0,0.001722,
MIMIC-IV-CaseStudy,1800000,1800000,Oracle,A2_distinguishing,0.1,7,,,0.489458
MIMIC-IV-CaseStudy,1800000,1800000,Oracle,A1_reconstruction,0.1,8,0.008252,0.001327,
MIMIC-IV-CaseStudy,1800000,1800000,Oracle,A2_distinguishing,0.1,8,,,0.513629
MIMIC-IV-CaseStudy,1800000,1800000,Oracle,A1_reconstruction,0.1,9,0.005722,0.001485,
MIMIC-IV-CaseStudy,1800000,1800000,Oracle,A2_distinguishing,0.1,9,,,0.507304
MIMIC-IV-CaseStudy,1800000,1800000,Oracle,A1_reconstruction,0.2,0,0.008699,0.002593,
MIMIC-IV-CaseStudy,1800000,1800000,Oracle,A2_distinguishing,0.2,0,,,0.514747
MIMIC-IV-CaseStudy,1800000,1800000,Oracle,A1_reconstruction,0.2,1,0.011897,0.0,
MIMIC-IV-CaseStudy,1800000,1800000,Oracle,A2_distinguishing,0.2,1,,,0.522742
MIMIC-IV-CaseStudy,1800000,1800000,Oracle,A1_reconstruction,0.2,2,0.007561,0.0,
MIMIC-IV-CaseStudy,1800000,1800000,Oracle,A2_distinguishing,0.2,2,,,0.511902
MIMIC-IV-CaseStudy,1800000,1800000,Oracle,A1_reconstruction,0.2,3,0.008207,0.001532,
MIMIC-IV-CaseStudy,1800000,1800000,Oracle,A2_distinguishing,0.2,3,,,0.513518
MIMIC-IV-CaseStudy,1800000,1800000,Oracle,A1_reconstruction,0.2,4,0.006438,0.000304,
MIMIC-IV-CaseStudy,1800000,1800000,Oracle,A2_distinguishing,0.2,4,,,0.509094
MIMIC-IV-CaseStudy,1800000,1800000,Oracle,A1_reconstruction,0.2,5,0.0024,0.000811,
MIMIC-IV-CaseStudy,1800000,1800000,Oracle,A2_distinguishing,0.2,5,,,0.498999
MIMIC-IV-CaseStudy,1800000,1800000,Oracle,A1_reconstruction,0.2,6,0.0,0.000247,
MIMIC-IV-CaseStudy,1800000,1800000,Oracle,A2_distinguishing,0.2,6,,,0.492361
MIMIC-IV-CaseStudy,1800000,1800000,Oracle,A1_reconstruction,0.2,7,0.002994,0.0,
MIMIC-IV-CaseStudy,1800000,1800000,Oracle,A2_distinguishing,0.2,7,,,0.500485
MIMIC-IV-CaseStudy,1800000,1800000,Oracle,A1_reconstruction,0.2,8,0.001217,0.001186,
MIMIC-IV-CaseStudy,1800000,1800000,Oracle,A2_distinguishing,0.2,8,,,0.496043
MIMIC-IV-CaseStudy,1800000,1800000,Oracle,A1_reconstruction,0.2,9,0.004691,0.001037,
MIMIC-IV-CaseStudy,1800000,1800000,Oracle,A2_distinguishing,0.2,9,,,0.504727
MIMIC-IV-CaseStudy,1800000,1800000,Oracle,A1_reconstruction,0.3,0,0.007761,0.001263,
MIMIC-IV-CaseStudy,1800000,1800000,Oracle,A2_distinguishing,0.3,0,,,0.512403
MIMIC-IV-CaseStudy,1800000,1800000,Oracle,A1_reconstruction,0.3,1,0.005113,0.001094,
MIMIC-IV-CaseStudy,1800000,1800000,Oracle,A2_distinguishing,0.3,1,,,0.505783
MIMIC-IV-CaseStudy,1800000,1800000,Oracle,A1_reconstruction,0.3,2,0.007218,0.001411,
MIMIC-IV-CaseStudy,1800000,1800000,Oracle,A2_distinguishing,0.3,2,,,0.511044
MIMIC-IV-CaseStudy,1800000,1800000,Oracle,A1_reconstruction,0.3,3,0.005855,0.001091,
MIMIC-IV-CaseStudy,1800000,1800000,Oracle,A2_distinguishing,0.3,3,,,0.507639
MIMIC-IV-CaseStudy,1800000,1800000,Oracle,A1_reconstruction,0.3,4,0.007801,0.000308,
MIMIC-IV-CaseStudy,1800000,1800000,Oracle,A2_distinguishing,0.3,4,,,0.512503
MIMIC-IV-CaseStudy,1800000,1800000,Oracle,A1_reconstruction,0.3,5,0.003891,0.00108,
MIMIC-IV-CaseStudy,1800000,1800000,Oracle,A2_distinguishing,0.3,5,,,0.502727
MIMIC-IV-CaseStudy,1800000,1800000,Oracle,A1_reconstruction,0.3,6,0.0,0.001105,
MIMIC-IV-CaseStudy,1800000,1800000,Oracle,A2_distinguishing,0.3,6,,,0.485
MIMIC-IV-CaseStudy,1800000,1800000,Oracle,A1_reconstruction,0.3,7,0.005761,0.000972,
MIMIC-IV-CaseStudy,1800000,1800000,Oracle,A2_distinguishing,0.3,7,,,0.507404
MIMIC-IV-CaseStudy,1800000,1800000,Oracle,A1_reconstruction,0.3,8,0.004618,0.000276,
MIMIC-IV-CaseStudy,1800000,1800000,Oracle,A2_distinguishing,0.3,8,,,0.504546
MIMIC-IV-CaseStudy,1800000,1800000,Oracle,A1_reconstruction,0.3,9,0.005777,0.002332,
MIMIC-IV-CaseStudy,1800000,1800000,Oracle,A2_distinguishing,0.3,9,,,0.507443
MIMIC-IV-CaseStudy,1800000,1800000,Oracle,A1_reconstruction,0.4,0,0.002093,0.0,
MIMIC-IV-CaseStudy,1800000,1800000,Oracle,A2_distinguishing,0.4,0,,,0.498233
MIMIC-IV-CaseStudy,1800000,1800000,Oracle,A1_reconstruction,0.4,1,0.008608,0.0,
MIMIC-IV-CaseStudy,1800000,1800000,Oracle,A2_distinguishing,0.4,1,,,0.51452
MIMIC-IV-CaseStudy,1800000,1800000,Oracle,A1_reconstruction,0.4,2,0.003258,0.0,
MIMIC-IV-CaseStudy,1800000,1800000,Oracle,A2_distinguishing,0.4,2,,,0.501144
MIMIC-IV-CaseStudy,1800000,1800000,Oracle,A1_reconstruction,0.4,3,0.001168,0.000233,
MIMIC-IV-CaseStudy,1800000,1800000,Oracle,A2_distinguishing,0.4,3,,,0.49592
MIMIC-IV-CaseStudy,1800000,1800000,Oracle,A1_reconstruction,0.4,4,0.005267,0.000306,
MIMIC-IV-CaseStudy,1800000,1800000,Oracle,A2_distinguishing,0.4,4,,,0.506168
MIMIC-IV-CaseStudy,1800000,1800000,Oracle,A1_reconstruction,0.4,5,0.008751,0.001732,
MIMIC-IV-CaseStudy,1800000,1800000,Oracle,A2_distinguishing,0.4,5,,,0.514877
MIMIC-IV-CaseStudy,1800000,1800000,Oracle,A1_reconstruction,0.4,6,0.010447,0.000237,
MIMIC-IV-CaseStudy,1800000,1800000,Oracle,A2_distinguishing,0.4,6,,,0.519117
MIMIC-IV-CaseStudy,1800000,1800000,Oracle,A1_reconstruction,0.4,7,0.0,0.0,
MIMIC-IV-CaseStudy,1800000,1800000,Oracle,A2_distinguishing,0.4,7,,,0.49267
MIMIC-IV-CaseStudy,1800000,1800000,Oracle,A1_reconstruction,0.4,8,0.01444,0.00189,
MIMIC-IV-CaseStudy,1800000,1800000,Oracle,A2_distinguishing,0.4,8,,,0.529099
MIMIC-IV-CaseStudy,1800000,1800000,Oracle,A1_reconstruction,0.4,9,0.002466,0.002857,
MIMIC-IV-CaseStudy,1800000,1800000,Oracle,A2_distinguishing,0.4,9,,,0.499164
MIMIC-IV-CaseStudy,1800000,1800000,Oracle,A1_reconstruction,0.5,0,0.011254,0.0,
MIMIC-IV-CaseStudy,1800000,1800000,Oracle,A2_distinguishing,0.5,0,,,0.521134
MIMIC-IV-CaseStudy,1800000,1800000,Oracle,A1_reconstruction,0.5,1,0.00659,0.001681,
MIMIC-IV-CaseStudy,1800000,1800000,Oracle,A2_distinguishing,0.5,1,,,0.509475
MIMIC-IV-CaseStudy,1800000,1800000,Oracle,A1_reconstruction,0.5,2,0.010391,0.000521,
MIMIC-IV-CaseStudy,1800000,1800000,Oracle,A2_distinguishing,0.5,2,,,0.518976
MIMIC-IV-CaseStudy,1800000,1800000,Oracle,A1_reconstruction,0.5,3,0.003979,0.0,
MIMIC-IV-CaseStudy,1800000,1800000,Oracle,A2_distinguishing,0.5,3,,,0.502948
MIMIC-IV-CaseStudy,1800000,1800000,Oracle,A1_reconstruction,0.5,4,0.0,0.001536,
MIMIC-IV-CaseStudy,1800000,1800000,Oracle,A2_distinguishing,0.5,4,,,0.485
MIMIC-IV-CaseStudy,1800000,1800000,Oracle,A1_reconstruction,0.5,5,0.004126,0.000673,
MIMIC-IV-CaseStudy,1800000,1800000,Oracle,A2_distinguishing,0.5,5,,,0.503316
MIMIC-IV-CaseStudy,1800000,1800000,Oracle,A1_reconstruction,0.5,6,0.0,0.0,
MIMIC-IV-CaseStudy,1800000,1800000,Oracle,A2_distinguishing,0.5,6,,,0.490809
MIMIC-IV-CaseStudy,1800000,1800000,Oracle,A1_reconstruction,0.5,7,0.007221,0.003067,
MIMIC-IV-CaseStudy,1800000,1800000,Oracle,A2_distinguishing,0.5,7,,,0.511053
MIMIC-IV-CaseStudy,1800000,1800000,Oracle,A1_reconstruction,0.5,8,0.009078,0.000413,
MIMIC-IV-CaseStudy,1800000,1800000,Oracle,A2_distinguishing,0.5,8,,,0.515696
MIMIC-IV-CaseStudy,1800000,1800000,Oracle,A1_reconstruction,0.5,9,0.007124,0.001907,
MIMIC-IV-CaseStudy,1800000,1800000,Oracle,A2_distinguishing,0.5,9,,,0.51081
