dataset,N,N_indexed,method,test_case,seed,leakage_after_recovery,recall_after_recovery,falls_back_to_safe_mode,audit_pass,revocation_linearization_point,latency_overhead_pct_under_concurrent_revocations,crash_point,recovery_replay_records,recovery_steps,recovery_latency_ms,predicate_log_replayed,overlay_log_replayed,audit_log_replayed,key_state_checked,recovery_idempotence_check_passed,pre_recovery_state_incomplete,post_recovery_safe_state_hash,recovery_path_signature,convergence_semantics,final_state_convergence_class,audit_correct_response_applicable,safe_mode_correct_response_applicable,full_recovery_correctness_applicable,zero_leakage_recovery_applicable,audit_raw_outcome,safe_mode_raw_outcome,audit_correct_response,leakage_correct_response,safe_mode_correct_response,full_recovery_correct_response,claim_aligned_recovery_outcome
LegalBench-RAG,1200000,1200000,Lethe,query_before_commit,0,0.0,0.976,False,True,predicate_commit,6.5,crash_after_key_destruction,49,4,27.228346,1,0,0,1,True,True,05346d936922b882,13f94a6f1c233948,"scenario-specific recovery path, common safe final state",zero_leakage_safe_state,True,True,True,True,audit_passed,normal_recovery,True,True,True,True,zero-leakage recovery; audit/safe-mode response correct
LegalBench-RAG,1200000,1200000,Lethe,query_before_commit,1,0.0,0.976,False,True,predicate_commit,6.5,crash_after_predicate_update,68,7,39.187749,1,0,0,1,True,True,05346d936922b882,a263a8a68db3f3b7,"scenario-specific recovery path, common safe final state",zero_leakage_safe_state,True,True,True,True,audit_passed,normal_recovery,True,True,True,True,zero-leakage recovery; audit/safe-mode response correct
LegalBench-RAG,1200000,1200000,Lethe,query_before_commit,2,0.0,0.976,False,True,predicate_commit,6.5,crash_after_overlay_write,56,5,31.396956,0,1,0,1,True,True,05346d936922b882,095edb5528bff464,"scenario-specific recovery path, common safe final state",zero_leakage_safe_state,True,True,True,True,audit_passed,normal_recovery,True,True,True,True,zero-leakage recovery; audit/safe-mode response correct
LegalBench-RAG,1200000,1200000,Lethe,query_before_commit,3,0.0,0.976,False,True,predicate_commit,6.5,crash_after_reverse_adjacency_update,70,9,41.651671,1,0,1,1,True,True,05346d936922b882,948d7ac79593828f,"scenario-specific recovery path, common safe final state",zero_leakage_safe_state,True,True,True,True,audit_passed,normal_recovery,True,True,True,True,zero-leakage recovery; audit/safe-mode response correct
LegalBench-RAG,1200000,1200000,Lethe,query_before_commit,4,0.0,0.976,False,True,predicate_commit,6.5,crash_after_audit_log_append,44,3,22.619311,0,0,1,1,True,True,05346d936922b882,a5449b8ca767fbc2,"scenario-specific recovery path, common safe final state",zero_leakage_safe_state,True,True,True,True,audit_passed,normal_recovery,True,True,True,True,zero-leakage recovery; audit/safe-mode response correct
LegalBench-RAG,1200000,1200000,Lethe,query_after_commit,0,0.0,0.976,False,True,predicate_commit,6.5,crash_during_overlay_replay,80,9,44.686013,1,1,0,1,True,True,05346d936922b882,1337706cb5d485aa,"scenario-specific recovery path, common safe final state",zero_leakage_safe_state,True,True,True,True,audit_passed,normal_recovery,True,True,True,True,zero-leakage recovery; audit/safe-mode response correct
LegalBench-RAG,1200000,1200000,Lethe,query_after_commit,1,0.0,0.976,False,True,predicate_commit,6.5,crash_during_predicate_replay,89,11,51.537135,1,1,0,1,True,True,05346d936922b882,902b239173020c12,"scenario-specific recovery path, common safe final state",zero_leakage_safe_state,True,True,True,True,audit_passed,normal_recovery,True,True,True,True,zero-leakage recovery; audit/safe-mode response correct
LegalBench-RAG,1200000,1200000,Lethe,query_after_commit,2,0.0,0.976,False,True,predicate_commit,6.5,recovery_missing_overlay,101,14,59.705465,0,1,1,1,True,True,05346d936922b882,ba4cb4a12787c6cb,"scenario-specific recovery path, common safe final state",zero_leakage_safe_state,True,True,True,True,audit_passed,normal_recovery,True,True,True,True,zero-leakage recovery; audit/safe-mode response correct
LegalBench-RAG,1200000,1200000,Lethe,query_after_commit,3,0.0,0.976,False,True,predicate_commit,6.5,recovery_missing_audit_record,94,11,51.513655,1,0,1,1,True,True,05346d936922b882,29c8af0af556c851,"scenario-specific recovery path, common safe final state",zero_leakage_safe_state,True,True,True,True,audit_passed,normal_recovery,True,True,True,True,zero-leakage recovery; audit/safe-mode response correct
LegalBench-RAG,1200000,1200000,Lethe,query_after_commit,4,0.0,0.976,False,True,predicate_commit,6.5,crash_after_key_destruction,51,5,27.40955,1,0,0,1,True,True,05346d936922b882,4972b4f68b10dccb,"scenario-specific recovery path, common safe final state",zero_leakage_safe_state,True,True,True,True,audit_passed,normal_recovery,True,True,True,True,zero-leakage recovery; audit/safe-mode response correct
LegalBench-RAG,1200000,1200000,Lethe,query_overlaps_commit,0,0.0,0.976,False,True,predicate_commit,6.5,crash_after_predicate_update,64,6,33.637209,1,0,0,1,True,True,05346d936922b882,f767d1f2e6219e14,"scenario-specific recovery path, common safe final state",zero_leakage_safe_state,True,True,True,True,audit_passed,normal_recovery,True,True,True,True,zero-leakage recovery; audit/safe-mode response correct
LegalBench-RAG,1200000,1200000,Lethe,query_overlaps_commit,1,0.0,0.976,False,True,predicate_commit,6.5,crash_after_overlay_write,59,6,32.820173,0,1,0,1,True,True,05346d936922b882,c9fcf784b432071a,"scenario-specific recovery path, common safe final state",zero_leakage_safe_state,True,True,True,True,audit_passed,normal_recovery,True,True,True,True,zero-leakage recovery; audit/safe-mode response correct
LegalBench-RAG,1200000,1200000,Lethe,query_overlaps_commit,2,0.0,0.976,False,True,predicate_commit,6.5,crash_after_reverse_adjacency_update,74,9,41.338873,1,0,1,1,True,True,05346d936922b882,1bcd92ac199129dc,"scenario-specific recovery path, common safe final state",zero_leakage_safe_state,True,True,True,True,audit_passed,normal_recovery,True,True,True,True,zero-leakage recovery; audit/safe-mode response correct
LegalBench-RAG,1200000,1200000,Lethe,query_overlaps_commit,3,0.0,0.976,False,True,predicate_commit,6.5,crash_after_audit_log_append,43,4,23.910133,0,0,1,1,True,True,05346d936922b882,7c8785e9fee65553,"scenario-specific recovery path, common safe final state",zero_leakage_safe_state,True,True,True,True,audit_passed,normal_recovery,True,True,True,True,zero-leakage recovery; audit/safe-mode response correct
LegalBench-RAG,1200000,1200000,Lethe,query_overlaps_commit,4,0.0,0.976,False,True,predicate_commit,6.5,crash_during_overlay_replay,81,9,45.671245,1,1,0,1,True,True,05346d936922b882,4283f30a6ab0ec77,"scenario-specific recovery path, common safe final state",zero_leakage_safe_state,True,True,True,True,audit_passed,normal_recovery,True,True,True,True,zero-leakage recovery; audit/safe-mode response correct
LegalBench-RAG,1200000,1200000,Lethe,crash_after_log_intent,0,0.0,0.976,False,True,predicate_commit,6.5,crash_during_predicate_replay,89,11,50.883897,1,1,0,1,True,True,05346d936922b882,902b239173020c12,"scenario-specific recovery path, common safe final state",zero_leakage_safe_state,True,True,True,True,audit_passed,normal_recovery,True,True,True,True,zero-leakage recovery; audit/safe-mode response correct
LegalBench-RAG,1200000,1200000,Lethe,crash_after_log_intent,1,0.0,0.976,False,True,predicate_commit,6.5,recovery_missing_overlay,102,13,57.850778,0,1,1,1,True,True,05346d936922b882,6219734408a2b378,"scenario-specific recovery path, common safe final state",zero_leakage_safe_state,True,True,True,True,audit_passed,normal_recovery,True,True,True,True,zero-leakage recovery; audit/safe-mode response correct
LegalBench-RAG,1200000,1200000,Lethe,crash_after_log_intent,2,0.0,0.976,False,True,predicate_commit,6.5,recovery_missing_audit_record,99,13,58.309035,1,0,1,1,True,True,05346d936922b882,b9cf35718e904e21,"scenario-specific recovery path, common safe final state",zero_leakage_safe_state,True,True,True,True,audit_passed,normal_recovery,True,True,True,True,zero-leakage recovery; audit/safe-mode response correct
LegalBench-RAG,1200000,1200000,Lethe,crash_after_log_intent,3,0.0,0.976,False,True,predicate_commit,6.5,crash_after_key_destruction,52,6,29.405739,1,0,0,1,True,True,05346d936922b882,8a2d09677e6dab10,"scenario-specific recovery path, common safe final state",zero_leakage_safe_state,True,True,True,True,audit_passed,normal_recovery,True,True,True,True,zero-leakage recovery; audit/safe-mode response correct
LegalBench-RAG,1200000,1200000,Lethe,crash_after_log_intent,4,0.0,0.976,False,True,predicate_commit,6.5,crash_after_predicate_update,67,6,36.972806,1,0,0,1,True,True,05346d936922b882,6edb715be0317e6c,"scenario-specific recovery path, common safe final state",zero_leakage_safe_state,True,True,True,True,audit_passed,normal_recovery,True,True,True,True,zero-leakage recovery; audit/safe-mode response correct
LegalBench-RAG,1200000,1200000,Lethe,crash_after_overlay_build,0,0.0,0.976,False,True,predicate_commit,6.5,crash_after_overlay_write,55,5,31.275754,0,1,0,1,True,True,05346d936922b882,5b80d45be3abee24,"scenario-specific recovery path, common safe final state",zero_leakage_safe_state,True,True,True,True,audit_passed,normal_recovery,True,True,True,True,zero-leakage recovery; audit/safe-mode response correct
LegalBench-RAG,1200000,1200000,Lethe,crash_after_overlay_build,1,0.0,0.976,False,True,predicate_commit,6.5,crash_after_reverse_adjacency_update,74,8,42.818675,1,0,1,1,True,True,05346d936922b882,d99668ec87eb436f,"scenario-specific recovery path, common safe final state",zero_leakage_safe_state,True,True,True,True,audit_passed,normal_recovery,True,True,True,True,zero-leakage recovery; audit/safe-mode response correct
LegalBench-RAG,1200000,1200000,Lethe,crash_after_overlay_build,2,0.0,0.976,False,True,predicate_commit,6.5,crash_after_audit_log_append,43,3,24.015282,0,0,1,1,True,True,05346d936922b882,22b28fb9c12097c2,"scenario-specific recovery path, common safe final state",zero_leakage_safe_state,True,True,True,True,audit_passed,normal_recovery,True,True,True,True,zero-leakage recovery; audit/safe-mode response correct
LegalBench-RAG,1200000,1200000,Lethe,crash_after_overlay_build,3,0.0,0.976,False,True,predicate_commit,6.5,crash_during_overlay_replay,79,11,46.610858,1,1,0,1,True,True,05346d936922b882,5b7cc419b8fd80d1,"scenario-specific recovery path, common safe final state",zero_leakage_safe_state,True,True,True,True,audit_passed,normal_recovery,True,True,True,True,zero-leakage recovery; audit/safe-mode response correct
LegalBench-RAG,1200000,1200000,Lethe,crash_after_overlay_build,4,0.0,0.976,False,True,predicate_commit,6.5,crash_during_predicate_replay,86,11,49.111247,1,1,0,1,True,True,05346d936922b882,4b910a818394e339,"scenario-specific recovery path, common safe final state",zero_leakage_safe_state,True,True,True,True,audit_passed,normal_recovery,True,True,True,True,zero-leakage recovery; audit/safe-mode response correct
LegalBench-RAG,1200000,1200000,Lethe,crash_after_predicate_update,0,0.0,0.937,True,True,predicate_commit,6.5,recovery_missing_overlay,105,11,56.999802,0,1,1,1,True,True,05346d936922b882,bb41ff6d836301a3,"scenario-specific recovery path, common safe final state",zero_leakage_safe_state,True,True,True,True,audit_passed,fallback_to_safe_mode,True,True,True,True,zero-leakage recovery; audit/safe-mode response correct
LegalBench-RAG,1200000,1200000,Lethe,crash_after_predicate_update,1,0.0,0.937,True,True,predicate_commit,6.5,recovery_missing_audit_record,96,12,54.864743,1,0,1,1,True,True,05346d936922b882,a7c5d0e3047c2315,"scenario-specific recovery path, common safe final state",zero_leakage_safe_state,True,True,True,True,audit_passed,fallback_to_safe_mode,True,True,True,True,zero-leakage recovery; audit/safe-mode response correct
LegalBench-RAG,1200000,1200000,Lethe,crash_after_predicate_update,2,0.0,0.937,True,True,predicate_commit,6.5,crash_after_key_destruction,52,5,28.041781,1,0,0,1,True,True,05346d936922b882,2bf70e0d10f8d593,"scenario-specific recovery path, common safe final state",zero_leakage_safe_state,True,True,True,True,audit_passed,fallback_to_safe_mode,True,True,True,True,zero-leakage recovery; audit/safe-mode response correct
LegalBench-RAG,1200000,1200000,Lethe,crash_after_predicate_update,3,0.0,0.937,True,True,predicate_commit,6.5,crash_after_predicate_update,62,6,30.507362,1,0,0,1,True,True,05346d936922b882,4a3eb90e904f9e8f,"scenario-specific recovery path, common safe final state",zero_leakage_safe_state,True,True,True,True,audit_passed,fallback_to_safe_mode,True,True,True,True,zero-leakage recovery; audit/safe-mode response correct
LegalBench-RAG,1200000,1200000,Lethe,crash_after_predicate_update,4,0.0,0.937,True,True,predicate_commit,6.5,crash_after_overlay_write,55,7,30.958849,0,1,0,1,True,True,05346d936922b882,fa662b19086df326,"scenario-specific recovery path, common safe final state",zero_leakage_safe_state,True,True,True,True,audit_passed,fallback_to_safe_mode,True,True,True,True,zero-leakage recovery; audit/safe-mode response correct
LegalBench-RAG,1200000,1200000,Lethe,crash_after_key_destruction,0,0.0,0.976,False,True,predicate_commit,6.5,crash_after_reverse_adjacency_update,71,8,38.631127,1,0,1,1,True,True,05346d936922b882,13a2161312ce3af5,"scenario-specific recovery path, common safe final state",zero_leakage_safe_state,True,True,True,True,audit_passed,normal_recovery,True,True,True,True,zero-leakage recovery; audit/safe-mode response correct
LegalBench-RAG,1200000,1200000,Lethe,crash_after_key_destruction,1,0.0,0.976,False,True,predicate_commit,6.5,crash_after_audit_log_append,39,5,24.611663,0,0,1,1,True,True,05346d936922b882,3209f2a0d57190f1,"scenario-specific recovery path, common safe final state",zero_leakage_safe_state,True,True,True,True,audit_passed,normal_recovery,True,True,True,True,zero-leakage recovery; audit/safe-mode response correct
LegalBench-RAG,1200000,1200000,Lethe,crash_after_key_destruction,2,0.0,0.976,False,True,predicate_commit,6.5,crash_during_overlay_replay,80,8,42.466573,1,1,0,1,True,True,05346d936922b882,8c4e3ec213bff848,"scenario-specific recovery path, common safe final state",zero_leakage_safe_state,True,True,True,True,audit_passed,normal_recovery,True,True,True,True,zero-leakage recovery; audit/safe-mode response correct
LegalBench-RAG,1200000,1200000,Lethe,crash_after_key_destruction,3,0.0,0.976,False,True,predicate_commit,6.5,crash_during_predicate_replay,90,11,50.413201,1,1,0,1,True,True,05346d936922b882,ad0d764d85a4ba09,"scenario-specific recovery path, common safe final state",zero_leakage_safe_state,True,True,True,True,audit_passed,normal_recovery,True,True,True,True,zero-leakage recovery; audit/safe-mode response correct
LegalBench-RAG,1200000,1200000,Lethe,crash_after_key_destruction,4,0.0,0.976,False,True,predicate_commit,6.5,recovery_missing_overlay,104,13,59.931272,0,1,1,1,True,True,05346d936922b882,68c6069aedd273b5,"scenario-specific recovery path, common safe final state",zero_leakage_safe_state,True,True,True,True,audit_passed,normal_recovery,True,True,True,True,zero-leakage recovery; audit/safe-mode response correct
LegalBench-RAG,1200000,1200000,Lethe,recovery_missing_overlay,0,0.0,0.937,True,True,predicate_commit,6.5,recovery_missing_audit_record,95,13,57.055956,1,0,1,1,True,True,05346d936922b882,a999f897f7cea065,"scenario-specific recovery path, common safe final state",zero_leakage_safe_state,True,True,True,True,audit_passed,fallback_to_safe_mode,True,True,True,True,zero-leakage recovery; audit/safe-mode response correct
LegalBench-RAG,1200000,1200000,Lethe,recovery_missing_overlay,1,0.0,0.937,True,True,predicate_commit,6.5,crash_after_key_destruction,50,5,25.690961,1,0,0,1,True,True,05346d936922b882,2dde3d22a182d845,"scenario-specific recovery path, common safe final state",zero_leakage_safe_state,True,True,True,True,audit_passed,fallback_to_safe_mode,True,True,True,True,zero-leakage recovery; audit/safe-mode response correct
LegalBench-RAG,1200000,1200000,Lethe,recovery_missing_overlay,2,0.0,0.937,True,True,predicate_commit,6.5,crash_after_predicate_update,66,7,37.201105,1,0,0,1,True,True,05346d936922b882,2b68f9353cd03be9,"scenario-specific recovery path, common safe final state",zero_leakage_safe_state,True,True,True,True,audit_passed,fallback_to_safe_mode,True,True,True,True,zero-leakage recovery; audit/safe-mode response correct
LegalBench-RAG,1200000,1200000,Lethe,recovery_missing_overlay,3,0.0,0.937,True,True,predicate_commit,6.5,crash_after_overlay_write,58,4,30.411462,0,1,0,1,True,True,05346d936922b882,97ff62fb63de786a,"scenario-specific recovery path, common safe final state",zero_leakage_safe_state,True,True,True,True,audit_passed,fallback_to_safe_mode,True,True,True,True,zero-leakage recovery; audit/safe-mode response correct
LegalBench-RAG,1200000,1200000,Lethe,recovery_missing_overlay,4,0.0,0.937,True,True,predicate_commit,6.5,crash_after_reverse_adjacency_update,71,8,40.338896,1,0,1,1,True,True,05346d936922b882,13a2161312ce3af5,"scenario-specific recovery path, common safe final state",zero_leakage_safe_state,True,True,True,True,audit_passed,fallback_to_safe_mode,True,True,True,True,zero-leakage recovery; audit/safe-mode response correct
LegalBench-RAG,1200000,1200000,Lethe,recovery_stale_predicate,0,0.0,0.976,True,False,predicate_commit,6.5,crash_after_audit_log_append,41,3,20.847691,0,0,1,1,True,True,05346d936922b882,021c47252157e4e4,"scenario-specific recovery path, common safe final state",zero_leakage_safe_state,True,True,True,True,audit_gap_detected_or_rejected,fallback_to_safe_mode,True,True,True,True,zero-leakage recovery; audit/safe-mode response correct
LegalBench-RAG,1200000,1200000,Lethe,recovery_stale_predicate,1,0.0,0.976,True,False,predicate_commit,6.5,crash_during_overlay_replay,81,8,45.229893,1,1,0,1,True,True,05346d936922b882,296dbcc38d5936d2,"scenario-specific recovery path, common safe final state",zero_leakage_safe_state,True,True,True,True,audit_gap_detected_or_rejected,fallback_to_safe_mode,True,True,True,True,zero-leakage recovery; audit/safe-mode response correct
LegalBench-RAG,1200000,1200000,Lethe,recovery_stale_predicate,2,0.0,0.976,True,False,predicate_commit,6.5,crash_during_predicate_replay,89,11,49.414648,1,1,0,1,True,True,05346d936922b882,902b239173020c12,"scenario-specific recovery path, common safe final state",zero_leakage_safe_state,True,True,True,True,audit_gap_detected_or_rejected,fallback_to_safe_mode,True,True,True,True,zero-leakage recovery; audit/safe-mode response correct
LegalBench-RAG,1200000,1200000,Lethe,recovery_stale_predicate,3,0.0,0.976,True,False,predicate_commit,6.5,recovery_missing_overlay,104,14,61.672341,0,1,1,1,True,True,05346d936922b882,b06221eb079a7087,"scenario-specific recovery path, common safe final state",zero_leakage_safe_state,True,True,True,True,audit_gap_detected_or_rejected,fallback_to_safe_mode,True,True,True,True,zero-leakage recovery; audit/safe-mode response correct
LegalBench-RAG,1200000,1200000,Lethe,recovery_stale_predicate,4,0.0,0.976,True,False,predicate_commit,6.5,recovery_missing_audit_record,95,12,55.793506,1,0,1,1,True,True,05346d936922b882,cef80934e0b63d8c,"scenario-specific recovery path, common safe final state",zero_leakage_safe_state,True,True,True,True,audit_gap_detected_or_rejected,fallback_to_safe_mode,True,True,True,True,zero-leakage recovery; audit/safe-mode response correct
LegalBench-RAG,1200000,1200000,Tombstone,query_before_commit,0,0.06134445,0.976,False,False,none,18.0,crash_after_key_destruction,20,5,16.592827,1,0,0,1,True,True,0f9d5ea96fb52ba1,bce1b39daf028621,"scenario-specific recovery path, common safe final state",residual_leakage_varies_by_crash_path,False,False,False,False,audit_gap_detected_or_rejected,normal_recovery,,,,,residual leakage baseline; audit/safe-mode not applicable
LegalBench-RAG,1200000,1200000,Tombstone,query_before_commit,1,0.08277179,0.976,False,False,none,18.0,crash_after_predicate_update,30,8,24.42157,1,0,0,0,True,True,0f9d5ea96fb52ba1,2bfe68694714b8d7,"scenario-specific recovery path, common safe final state",residual_leakage_varies_by_crash_path,False,False,False,False,audit_gap_detected_or_rejected,normal_recovery,,,,,residual leakage baseline; audit/safe-mode not applicable
LegalBench-RAG,1200000,1200000,Tombstone,query_before_commit,2,0.07368851,0.976,False,False,none,18.0,crash_after_overlay_write,24,5,17.195819,0,1,0,0,True,True,0f9d5ea96fb52ba1,d41c04b4b83e701e,"scenario-specific recovery path, common safe final state",residual_leakage_varies_by_crash_path,False,False,False,False,audit_gap_detected_or_rejected,normal_recovery,,,,,residual leakage baseline; audit/safe-mode not applicable
LegalBench-RAG,1200000,1200000,Tombstone,query_before_commit,3,0.07595244,0.976,False,False,none,18.0,crash_after_reverse_adjacency_update,30,7,23.133853,1,0,1,0,True,True,0f9d5ea96fb52ba1,3310d10961dc6594,"scenario-specific recovery path, common safe final state",residual_leakage_varies_by_crash_path,False,False,False,False,audit_gap_detected_or_rejected,normal_recovery,,,,,residual leakage baseline; audit/safe-mode not applicable
LegalBench-RAG,1200000,1200000,Tombstone,query_before_commit,4,0.06191697,0.976,False,False,none,18.0,crash_after_audit_log_append,17,2,11.093911,0,0,1,0,True,True,0f9d5ea96fb52ba1,f20cb78284146cfa,"scenario-specific recovery path, common safe final state",residual_leakage_varies_by_crash_path,False,False,False,False,audit_gap_detected_or_rejected,normal_recovery,,,,,residual leakage baseline; audit/safe-mode not applicable
LegalBench-RAG,1200000,1200000,Tombstone,query_after_commit,0,0.08126112,0.976,False,False,none,18.0,crash_during_overlay_replay,30,8,24.821196,1,1,0,0,True,True,0f9d5ea96fb52ba1,9fce6f4c1b1a1852,"scenario-specific recovery path, common safe final state",residual_leakage_varies_by_crash_path,False,False,False,False,audit_gap_detected_or_rejected,normal_recovery,,,,,residual leakage baseline; audit/safe-mode not applicable
LegalBench-RAG,1200000,1200000,Tombstone,query_after_commit,1,0.08900436,0.976,False,False,none,18.0,crash_during_predicate_replay,34,12,32.848504,1,1,0,0,True,True,0f9d5ea96fb52ba1,c69abc618e7def9c,"scenario-specific recovery path, common safe final state",residual_leakage_varies_by_crash_path,False,False,False,False,audit_gap_detected_or_rejected,normal_recovery,,,,,residual leakage baseline; audit/safe-mode not applicable
LegalBench-RAG,1200000,1200000,Tombstone,query_after_commit,2,0.10725322,0.976,False,False,none,18.0,recovery_missing_overlay,46,13,38.864641,0,1,1,0,True,True,0f9d5ea96fb52ba1,f47619f1de50ff79,"scenario-specific recovery path, common safe final state",residual_leakage_varies_by_crash_path,False,False,False,False,audit_gap_detected_or_rejected,normal_recovery,,,,,residual leakage baseline; audit/safe-mode not applicable
LegalBench-RAG,1200000,1200000,Tombstone,query_after_commit,3,0.08020529,0.976,False,False,none,18.0,recovery_missing_audit_record,42,11,33.195308,1,0,1,0,True,True,0f9d5ea96fb52ba1,eaa537b07afd3f9c,"scenario-specific recovery path, common safe final state",residual_leakage_varies_by_crash_path,False,False,False,False,audit_gap_detected_or_rejected,normal_recovery,,,,,residual leakage baseline; audit/safe-mode not applicable
LegalBench-RAG,1200000,1200000,Tombstone,query_after_commit,4,0.06294965,0.976,False,False,none,18.0,crash_after_key_destruction,20,5,15.736155,1,0,0,1,True,True,0f9d5ea96fb52ba1,bce1b39daf028621,"scenario-specific recovery path, common safe final state",residual_leakage_varies_by_crash_path,False,False,False,False,audit_gap_detected_or_rejected,normal_recovery,,,,,residual leakage baseline; audit/safe-mode not applicable
LegalBench-RAG,1200000,1200000,Tombstone,query_overlaps_commit,0,0.08691437,0.976,False,False,none,18.0,crash_after_predicate_update,27,8,24.281803,1,0,0,0,True,True,0f9d5ea96fb52ba1,f2780a452b6f58e7,"scenario-specific recovery path, common safe final state",residual_leakage_varies_by_crash_path,False,False,False,False,audit_gap_detected_or_rejected,normal_recovery,,,,,residual leakage baseline; audit/safe-mode not applicable
LegalBench-RAG,1200000,1200000,Tombstone,query_overlaps_commit,1,0.08065229,0.976,False,False,none,18.0,crash_after_overlay_write,27,5,18.042528,0,1,0,0,True,True,0f9d5ea96fb52ba1,600241240cefdeb2,"scenario-specific recovery path, common safe final state",residual_leakage_varies_by_crash_path,False,False,False,False,audit_gap_detected_or_rejected,normal_recovery,,,,,residual leakage baseline; audit/safe-mode not applicable
LegalBench-RAG,1200000,1200000,Tombstone,query_overlaps_commit,2,0.07539589,0.976,False,False,none,18.0,crash_after_reverse_adjacency_update,27,9,24.637068,1,0,1,0,True,True,0f9d5ea96fb52ba1,8869bd437aba8c5f,"scenario-specific recovery path, common safe final state",residual_leakage_varies_by_crash_path,False,False,False,False,audit_gap_detected_or_rejected,normal_recovery,,,,,residual leakage baseline; audit/safe-mode not applicable
LegalBench-RAG,1200000,1200000,Tombstone,query_overlaps_commit,3,0.0602163,0.976,False,False,none,18.0,crash_after_audit_log_append,17,3,12.608842,0,0,1,0,True,True,0f9d5ea96fb52ba1,ea9139dbba4600c6,"scenario-specific recovery path, common safe final state",residual_leakage_varies_by_crash_path,False,False,False,False,audit_gap_detected_or_rejected,normal_recovery,,,,,residual leakage baseline; audit/safe-mode not applicable
LegalBench-RAG,1200000,1200000,Tombstone,query_overlaps_commit,4,0.08770551,0.976,False,False,none,18.0,crash_during_overlay_replay,32,9,27.910559,1,1,0,0,True,True,0f9d5ea96fb52ba1,39772698b07b810c,"scenario-specific recovery path, common safe final state",residual_leakage_varies_by_crash_path,False,False,False,False,audit_gap_detected_or_rejected,normal_recovery,,,,,residual leakage baseline; audit/safe-mode not applicable
LegalBench-RAG,1200000,1200000,Tombstone,crash_after_log_intent,0,0.08752522,0.976,False,False,none,18.0,crash_during_predicate_replay,35,11,29.69943,1,1,0,0,True,True,0f9d5ea96fb52ba1,d08f40f7cb836723,"scenario-specific recovery path, common safe final state",residual_leakage_varies_by_crash_path,False,False,False,False,audit_gap_detected_or_rejected,normal_recovery,,,,,residual leakage baseline; audit/safe-mode not applicable
LegalBench-RAG,1200000,1200000,Tombstone,crash_after_log_intent,1,0.11133757,0.976,False,False,none,18.0,recovery_missing_overlay,43,12,33.681347,0,1,1,0,True,True,0f9d5ea96fb52ba1,0a1ab76e2824f3a5,"scenario-specific recovery path, common safe final state",residual_leakage_varies_by_crash_path,False,False,False,False,audit_gap_detected_or_rejected,normal_recovery,,,,,residual leakage baseline; audit/safe-mode not applicable
LegalBench-RAG,1200000,1200000,Tombstone,crash_after_log_intent,2,0.08219287,0.976,False,False,none,18.0,recovery_missing_audit_record,43,12,34.703561,1,0,1,0,True,True,0f9d5ea96fb52ba1,73e286b5cf8b9673,"scenario-specific recovery path, common safe final state",residual_leakage_varies_by_crash_path,False,False,False,False,audit_gap_detected_or_rejected,normal_recovery,,,,,residual leakage baseline; audit/safe-mode not applicable
LegalBench-RAG,1200000,1200000,Tombstone,crash_after_log_intent,3,0.06169269,0.976,False,False,none,18.0,crash_after_key_destruction,23,5,19.106426,1,0,0,1,True,True,0f9d5ea96fb52ba1,5474db201af8fa8f,"scenario-specific recovery path, common safe final state",residual_leakage_varies_by_crash_path,False,False,False,False,audit_gap_detected_or_rejected,normal_recovery,,,,,residual leakage baseline; audit/safe-mode not applicable
LegalBench-RAG,1200000,1200000,Tombstone,crash_after_log_intent,4,0.0798327,0.976,False,False,none,18.0,crash_after_predicate_update,29,8,23.788597,1,0,0,0,True,True,0f9d5ea96fb52ba1,fca6e591d1150ca7,"scenario-specific recovery path, common safe final state",residual_leakage_varies_by_crash_path,False,False,False,False,audit_gap_detected_or_rejected,normal_recovery,,,,,residual leakage baseline; audit/safe-mode not applicable
LegalBench-RAG,1200000,1200000,Tombstone,crash_after_overlay_build,0,0.07455753,0.976,False,False,none,18.0,crash_after_overlay_write,23,6,19.826893,0,1,0,0,True,True,0f9d5ea96fb52ba1,93e55faa3739405b,"scenario-specific recovery path, common safe final state",residual_leakage_varies_by_crash_path,False,False,False,False,audit_gap_detected_or_rejected,normal_recovery,,,,,residual leakage baseline; audit/safe-mode not applicable
LegalBench-RAG,1200000,1200000,Tombstone,crash_after_overlay_build,1,0.07644401,0.976,False,False,none,18.0,crash_after_reverse_adjacency_update,31,8,23.929866,1,0,1,0,True,True,0f9d5ea96fb52ba1,c9481f7c8221ace8,"scenario-specific recovery path, common safe final state",residual_leakage_varies_by_crash_path,False,False,False,False,audit_gap_detected_or_rejected,normal_recovery,,,,,residual leakage baseline; audit/safe-mode not applicable
LegalBench-RAG,1200000,1200000,Tombstone,crash_after_overlay_build,2,0.06279869,0.976,False,False,none,18.0,crash_after_audit_log_append,21,3,12.942318,0,0,1,0,True,True,0f9d5ea96fb52ba1,126eb0dae4faa632,"scenario-specific recovery path, common safe final state",residual_leakage_varies_by_crash_path,False,False,False,False,audit_gap_detected_or_rejected,normal_recovery,,,,,residual leakage baseline; audit/safe-mode not applicable
LegalBench-RAG,1200000,1200000,Tombstone,crash_after_overlay_build,3,0.07988811,0.976,False,False,none,18.0,crash_during_overlay_replay,33,8,23.405349,1,1,0,0,True,True,0f9d5ea96fb52ba1,c065cec1fc955484,"scenario-specific recovery path, common safe final state",residual_leakage_varies_by_crash_path,False,False,False,False,audit_gap_detected_or_rejected,normal_recovery,,,,,residual leakage baseline; audit/safe-mode not applicable
LegalBench-RAG,1200000,1200000,Tombstone,crash_after_overlay_build,4,0.08700649,0.976,False,False,none,18.0,crash_during_predicate_replay,33,9,25.019427,1,1,0,0,True,True,0f9d5ea96fb52ba1,91b5b47f51305293,"scenario-specific recovery path, common safe final state",residual_leakage_varies_by_crash_path,False,False,False,False,audit_gap_detected_or_rejected,normal_recovery,,,,,residual leakage baseline; audit/safe-mode not applicable
LegalBench-RAG,1200000,1200000,Tombstone,crash_after_predicate_update,0,0.10724609,0.976,False,False,none,18.0,recovery_missing_overlay,44,12,37.5699,0,1,1,0,True,True,0f9d5ea96fb52ba1,cb61a648c7d6b103,"scenario-specific recovery path, common safe final state",residual_leakage_varies_by_crash_path,False,False,False,False,audit_gap_detected_or_rejected,normal_recovery,,,,,residual leakage baseline; audit/safe-mode not applicable
LegalBench-RAG,1200000,1200000,Tombstone,crash_after_predicate_update,1,0.08054136,0.976,False,False,none,18.0,recovery_missing_audit_record,42,12,35.864321,1,0,1,0,True,True,0f9d5ea96fb52ba1,224df6f2d2f852ff,"scenario-specific recovery path, common safe final state",residual_leakage_varies_by_crash_path,False,False,False,False,audit_gap_detected_or_rejected,normal_recovery,,,,,residual leakage baseline; audit/safe-mode not applicable
LegalBench-RAG,1200000,1200000,Tombstone,crash_after_predicate_update,2,0.0602075,0.976,False,False,none,18.0,crash_after_key_destruction,25,4,15.675185,1,0,0,1,True,True,0f9d5ea96fb52ba1,b1ae7611163aa3d7,"scenario-specific recovery path, common safe final state",residual_leakage_varies_by_crash_path,False,False,False,False,audit_gap_detected_or_rejected,normal_recovery,,,,,residual leakage baseline; audit/safe-mode not applicable
LegalBench-RAG,1200000,1200000,Tombstone,crash_after_predicate_update,3,0.08367005,0.976,False,False,none,18.0,crash_after_predicate_update,26,8,20.782955,1,0,0,0,True,True,0f9d5ea96fb52ba1,bcc437b65ce29a74,"scenario-specific recovery path, common safe final state",residual_leakage_varies_by_crash_path,False,False,False,False,audit_gap_detected_or_rejected,normal_recovery,,,,,residual leakage baseline; audit/safe-mode not applicable
LegalBench-RAG,1200000,1200000,Tombstone,crash_after_predicate_update,4,0.07778001,0.976,False,False,none,18.0,crash_after_overlay_write,24,6,18.457182,0,1,0,0,True,True,0f9d5ea96fb52ba1,ff51a31259948af2,"scenario-specific recovery path, common safe final state",residual_leakage_varies_by_crash_path,False,False,False,False,audit_gap_detected_or_rejected,normal_recovery,,,,,residual leakage baseline; audit/safe-mode not applicable
LegalBench-RAG,1200000,1200000,Tombstone,crash_after_key_destruction,0,0.07227862,0.976,False,False,none,18.0,crash_after_reverse_adjacency_update,32,7,23.84604,1,0,1,0,True,True,0f9d5ea96fb52ba1,5241e79a45dfaec2,"scenario-specific recovery path, common safe final state",residual_leakage_varies_by_crash_path,False,False,False,False,audit_gap_detected_or_rejected,normal_recovery,,,,,residual leakage baseline; audit/safe-mode not applicable
LegalBench-RAG,1200000,1200000,Tombstone,crash_after_key_destruction,1,0.06790068,0.976,False,False,none,18.0,crash_after_audit_log_append,21,3,13.954912,0,0,1,0,True,True,0f9d5ea96fb52ba1,126eb0dae4faa632,"scenario-specific recovery path, common safe final state",residual_leakage_varies_by_crash_path,False,False,False,False,audit_gap_detected_or_rejected,normal_recovery,,,,,residual leakage baseline; audit/safe-mode not applicable
LegalBench-RAG,1200000,1200000,Tombstone,crash_after_key_destruction,2,0.08237833,0.976,False,False,none,18.0,crash_during_overlay_replay,32,9,26.731025,1,1,0,0,True,True,0f9d5ea96fb52ba1,39772698b07b810c,"scenario-specific recovery path, common safe final state",residual_leakage_varies_by_crash_path,False,False,False,False,audit_gap_detected_or_rejected,normal_recovery,,,,,residual leakage baseline; audit/safe-mode not applicable
LegalBench-RAG,1200000,1200000,Tombstone,crash_after_key_destruction,3,0.08807705,0.976,False,False,none,18.0,crash_during_predicate_replay,37,10,30.46413,1,1,0,0,True,True,0f9d5ea96fb52ba1,d9d27cd4a2005803,"scenario-specific recovery path, common safe final state",residual_leakage_varies_by_crash_path,False,False,False,False,audit_gap_detected_or_rejected,normal_recovery,,,,,residual leakage baseline; audit/safe-mode not applicable
LegalBench-RAG,1200000,1200000,Tombstone,crash_after_key_destruction,4,0.10906882,0.976,False,False,none,18.0,recovery_missing_overlay,47,13,37.135025,0,1,1,0,True,True,0f9d5ea96fb52ba1,ab83f29cefaaa2f7,"scenario-specific recovery path, common safe final state",residual_leakage_varies_by_crash_path,False,False,False,False,audit_gap_detected_or_rejected,normal_recovery,,,,,residual leakage baseline; audit/safe-mode not applicable
LegalBench-RAG,1200000,1200000,Tombstone,recovery_missing_overlay,0,0.07071774,0.976,False,False,none,18.0,recovery_missing_audit_record,41,13,37.182525,1,0,1,0,True,True,0f9d5ea96fb52ba1,65c70fdc7225c15b,"scenario-specific recovery path, common safe final state",residual_leakage_varies_by_crash_path,False,False,False,False,audit_gap_detected_or_rejected,normal_recovery,,,,,residual leakage baseline; audit/safe-mode not applicable
LegalBench-RAG,1200000,1200000,Tombstone,recovery_missing_overlay,1,0.06594741,0.976,False,False,none,18.0,crash_after_key_destruction,17,5,14.300276,1,0,0,1,True,True,0f9d5ea96fb52ba1,9090d04d45fbe53d,"scenario-specific recovery path, common safe final state",residual_leakage_varies_by_crash_path,False,False,False,False,audit_gap_detected_or_rejected,normal_recovery,,,,,residual leakage baseline; audit/safe-mode not applicable
LegalBench-RAG,1200000,1200000,Tombstone,recovery_missing_overlay,2,0.0816553,0.976,False,False,none,18.0,crash_after_predicate_update,31,6,19.588119,1,0,0,0,True,True,0f9d5ea96fb52ba1,5e154d7363dced38,"scenario-specific recovery path, common safe final state",residual_leakage_varies_by_crash_path,False,False,False,False,audit_gap_detected_or_rejected,normal_recovery,,,,,residual leakage baseline; audit/safe-mode not applicable
LegalBench-RAG,1200000,1200000,Tombstone,recovery_missing_overlay,3,0.07696587,0.976,False,False,none,18.0,crash_after_overlay_write,23,6,18.95917,0,1,0,0,True,True,0f9d5ea96fb52ba1,93e55faa3739405b,"scenario-specific recovery path, common safe final state",residual_leakage_varies_by_crash_path,False,False,False,False,audit_gap_detected_or_rejected,normal_recovery,,,,,residual leakage baseline; audit/safe-mode not applicable
LegalBench-RAG,1200000,1200000,Tombstone,recovery_missing_overlay,4,0.07146635,0.976,False,False,none,18.0,crash_after_reverse_adjacency_update,33,8,25.617606,1,0,1,0,True,True,0f9d5ea96fb52ba1,06a0ad2d9e47a670,"scenario-specific recovery path, common safe final state",residual_leakage_varies_by_crash_path,False,False,False,False,audit_gap_detected_or_rejected,normal_recovery,,,,,residual leakage baseline; audit/safe-mode not applicable
LegalBench-RAG,1200000,1200000,Tombstone,recovery_stale_predicate,0,0.06753151,0.976,False,False,none,18.0,crash_after_audit_log_append,17,2,11.413828,0,0,1,0,True,True,0f9d5ea96fb52ba1,f20cb78284146cfa,"scenario-specific recovery path, common safe final state",residual_leakage_varies_by_crash_path,False,False,False,False,audit_gap_detected_or_rejected,normal_recovery,,,,,residual leakage baseline; audit/safe-mode not applicable
LegalBench-RAG,1200000,1200000,Tombstone,recovery_stale_predicate,1,0.08592218,0.976,False,False,none,18.0,crash_during_overlay_replay,34,9,26.715798,1,1,0,0,True,True,0f9d5ea96fb52ba1,541780254a438454,"scenario-specific recovery path, common safe final state",residual_leakage_varies_by_crash_path,False,False,False,False,audit_gap_detected_or_rejected,normal_recovery,,,,,residual leakage baseline; audit/safe-mode not applicable
LegalBench-RAG,1200000,1200000,Tombstone,recovery_stale_predicate,2,0.09736067,0.976,False,False,none,18.0,crash_during_predicate_replay,40,11,32.577781,1,1,0,0,True,True,0f9d5ea96fb52ba1,01f7160e6c23ef2d,"scenario-specific recovery path, common safe final state",residual_leakage_varies_by_crash_path,False,False,False,False,audit_gap_detected_or_rejected,normal_recovery,,,,,residual leakage baseline; audit/safe-mode not applicable
LegalBench-RAG,1200000,1200000,Tombstone,recovery_stale_predicate,3,0.10773117,0.976,False,False,none,18.0,recovery_missing_overlay,46,13,36.558588,0,1,1,0,True,True,0f9d5ea96fb52ba1,f47619f1de50ff79,"scenario-specific recovery path, common safe final state",residual_leakage_varies_by_crash_path,False,False,False,False,audit_gap_detected_or_rejected,normal_recovery,,,,,residual leakage baseline; audit/safe-mode not applicable
LegalBench-RAG,1200000,1200000,Tombstone,recovery_stale_predicate,4,0.07504527,0.976,False,False,none,18.0,recovery_missing_audit_record,36,12,33.479642,1,0,1,0,True,True,0f9d5ea96fb52ba1,a70cbbfcc46d154f,"scenario-specific recovery path, common safe final state",residual_leakage_varies_by_crash_path,False,False,False,False,audit_gap_detected_or_rejected,normal_recovery,,,,,residual leakage baseline; audit/safe-mode not applicable
LegalBench-RAG,1200000,1200000,Physical-delete,query_before_commit,0,0.0,0.976,False,False,none,18.0,crash_after_key_destruction,64,5,32.382306,1,0,0,1,True,True,479f433d79a27356,cabf27f7af795203,"scenario-specific recovery path, common safe final state",zero_leakage_safe_state,False,False,False,True,audit_gap_detected_or_rejected,normal_recovery,,True,,,zero-leakage recovery; audit/safe-mode not applicable
LegalBench-RAG,1200000,1200000,Physical-delete,query_before_commit,1,0.0,0.976,False,False,none,18.0,crash_after_predicate_update,84,8,43.76237,1,0,0,1,True,True,479f433d79a27356,ec6b229758a28230,"scenario-specific recovery path, common safe final state",zero_leakage_safe_state,False,False,False,True,audit_gap_detected_or_rejected,normal_recovery,,True,,,zero-leakage recovery; audit/safe-mode not applicable
LegalBench-RAG,1200000,1200000,Physical-delete,query_before_commit,2,0.0,0.976,False,False,none,18.0,crash_after_overlay_write,78,6,41.378991,0,1,0,1,True,True,479f433d79a27356,639cdb2a0dfccd6d,"scenario-specific recovery path, common safe final state",zero_leakage_safe_state,False,False,False,True,audit_gap_detected_or_rejected,normal_recovery,,True,,,zero-leakage recovery; audit/safe-mode not applicable
LegalBench-RAG,1200000,1200000,Physical-delete,query_before_commit,3,0.0,0.976,False,False,none,18.0,crash_after_reverse_adjacency_update,95,8,50.793556,1,0,1,1,True,True,479f433d79a27356,ab9503f628bdc75e,"scenario-specific recovery path, common safe final state",zero_leakage_safe_state,False,False,False,True,audit_gap_detected_or_rejected,normal_recovery,,True,,,zero-leakage recovery; audit/safe-mode not applicable
LegalBench-RAG,1200000,1200000,Physical-delete,query_before_commit,4,0.0,0.976,False,False,none,18.0,crash_after_audit_log_append,54,4,29.525866,0,0,1,1,True,True,479f433d79a27356,a5771f39864729f0,"scenario-specific recovery path, common safe final state",zero_leakage_safe_state,False,False,False,True,audit_gap_detected_or_rejected,normal_recovery,,True,,,zero-leakage recovery; audit/safe-mode not applicable
LegalBench-RAG,1200000,1200000,Physical-delete,query_after_commit,0,0.0,0.976,False,False,none,18.0,crash_during_overlay_replay,103,8,52.626704,1,1,0,1,True,True,479f433d79a27356,e700ff1ec3597b82,"scenario-specific recovery path, common safe final state",zero_leakage_safe_state,False,False,False,True,audit_gap_detected_or_rejected,normal_recovery,,True,,,zero-leakage recovery; audit/safe-mode not applicable
LegalBench-RAG,1200000,1200000,Physical-delete,query_after_commit,1,0.0,0.976,False,False,none,18.0,crash_during_predicate_replay,115,11,60.878264,1,1,0,1,True,True,479f433d79a27356,cac41d059a77313c,"scenario-specific recovery path, common safe final state",zero_leakage_safe_state,False,False,False,True,audit_gap_detected_or_rejected,normal_recovery,,True,,,zero-leakage recovery; audit/safe-mode not applicable
LegalBench-RAG,1200000,1200000,Physical-delete,query_after_commit,2,0.0,0.976,False,False,none,18.0,recovery_missing_overlay,138,13,73.515102,0,1,1,1,True,True,479f433d79a27356,2fa347fa3bc4f089,"scenario-specific recovery path, common safe final state",zero_leakage_safe_state,False,False,False,True,audit_gap_detected_or_rejected,normal_recovery,,True,,,zero-leakage recovery; audit/safe-mode not applicable
LegalBench-RAG,1200000,1200000,Physical-delete,query_after_commit,3,0.0,0.976,False,False,none,18.0,recovery_missing_audit_record,126,11,65.946071,1,0,1,1,True,True,479f433d79a27356,84e5cbfc1776b1f7,"scenario-specific recovery path, common safe final state",zero_leakage_safe_state,False,False,False,True,audit_gap_detected_or_rejected,normal_recovery,,True,,,zero-leakage recovery; audit/safe-mode not applicable
LegalBench-RAG,1200000,1200000,Physical-delete,query_after_commit,4,0.0,0.976,False,False,none,18.0,crash_after_key_destruction,67,4,31.60569,1,0,0,1,True,True,479f433d79a27356,ae160ce7a85e4bcb,"scenario-specific recovery path, common safe final state",zero_leakage_safe_state,False,False,False,True,audit_gap_detected_or_rejected,normal_recovery,,True,,,zero-leakage recovery; audit/safe-mode not applicable
LegalBench-RAG,1200000,1200000,Physical-delete,query_overlaps_commit,0,0.0,0.976,False,False,none,18.0,crash_after_predicate_update,87,7,43.050892,1,0,0,1,True,True,479f433d79a27356,37818f273ee84ab0,"scenario-specific recovery path, common safe final state",zero_leakage_safe_state,False,False,False,True,audit_gap_detected_or_rejected,normal_recovery,,True,,,zero-leakage recovery; audit/safe-mode not applicable
LegalBench-RAG,1200000,1200000,Physical-delete,query_overlaps_commit,1,0.0,0.976,False,False,none,18.0,crash_after_overlay_write,73,5,37.508458,0,1,0,1,True,True,479f433d79a27356,866ed785c44a9e76,"scenario-specific recovery path, common safe final state",zero_leakage_safe_state,False,False,False,True,audit_gap_detected_or_rejected,normal_recovery,,True,,,zero-leakage recovery; audit/safe-mode not applicable
LegalBench-RAG,1200000,1200000,Physical-delete,query_overlaps_commit,2,0.0,0.976,False,False,none,18.0,crash_after_reverse_adjacency_update,94,8,47.328362,1,0,1,1,True,True,479f433d79a27356,31396513b6b9e112,"scenario-specific recovery path, common safe final state",zero_leakage_safe_state,False,False,False,True,audit_gap_detected_or_rejected,normal_recovery,,True,,,zero-leakage recovery; audit/safe-mode not applicable
LegalBench-RAG,1200000,1200000,Physical-delete,query_overlaps_commit,3,0.0,0.976,False,False,none,18.0,crash_after_audit_log_append,55,3,25.375459,0,0,1,1,True,True,479f433d79a27356,9b23d78d27d50428,"scenario-specific recovery path, common safe final state",zero_leakage_safe_state,False,False,False,True,audit_gap_detected_or_rejected,normal_recovery,,True,,,zero-leakage recovery; audit/safe-mode not applicable
LegalBench-RAG,1200000,1200000,Physical-delete,query_overlaps_commit,4,0.0,0.976,False,False,none,18.0,crash_during_overlay_replay,105,10,55.312194,1,1,0,1,True,True,479f433d79a27356,3c855384d5272c16,"scenario-specific recovery path, common safe final state",zero_leakage_safe_state,False,False,False,True,audit_gap_detected_or_rejected,normal_recovery,,True,,,zero-leakage recovery; audit/safe-mode not applicable
LegalBench-RAG,1200000,1200000,Physical-delete,crash_after_log_intent,0,0.0,0.976,False,False,none,18.0,crash_during_predicate_replay,113,10,59.056234,1,1,0,1,True,True,479f433d79a27356,68d3bc001963ac9d,"scenario-specific recovery path, common safe final state",zero_leakage_safe_state,False,False,False,True,audit_gap_detected_or_rejected,normal_recovery,,True,,,zero-leakage recovery; audit/safe-mode not applicable
LegalBench-RAG,1200000,1200000,Physical-delete,crash_after_log_intent,1,0.0,0.976,False,False,none,18.0,recovery_missing_overlay,134,12,69.858764,0,1,1,1,True,True,479f433d79a27356,da01d6defe02314d,"scenario-specific recovery path, common safe final state",zero_leakage_safe_state,False,False,False,True,audit_gap_detected_or_rejected,normal_recovery,,True,,,zero-leakage recovery; audit/safe-mode not applicable
LegalBench-RAG,1200000,1200000,Physical-delete,crash_after_log_intent,2,0.0,0.976,False,False,none,18.0,recovery_missing_audit_record,125,12,66.72182,1,0,1,1,True,True,479f433d79a27356,b2b892202c818302,"scenario-specific recovery path, common safe final state",zero_leakage_safe_state,False,False,False,True,audit_gap_detected_or_rejected,normal_recovery,,True,,,zero-leakage recovery; audit/safe-mode not applicable
LegalBench-RAG,1200000,1200000,Physical-delete,crash_after_log_intent,3,0.0,0.976,False,False,none,18.0,crash_after_key_destruction,63,5,35.229736,1,0,0,1,True,True,479f433d79a27356,e2ef7eaf8ba61f74,"scenario-specific recovery path, common safe final state",zero_leakage_safe_state,False,False,False,True,audit_gap_detected_or_rejected,normal_recovery,,True,,,zero-leakage recovery; audit/safe-mode not applicable
LegalBench-RAG,1200000,1200000,Physical-delete,crash_after_log_intent,4,0.0,0.976,False,False,none,18.0,crash_after_predicate_update,85,7,44.350524,1,0,0,1,True,True,479f433d79a27356,7352c427a348703c,"scenario-specific recovery path, common safe final state",zero_leakage_safe_state,False,False,False,True,audit_gap_detected_or_rejected,normal_recovery,,True,,,zero-leakage recovery; audit/safe-mode not applicable
LegalBench-RAG,1200000,1200000,Physical-delete,crash_after_overlay_build,0,0.0,0.976,False,False,none,18.0,crash_after_overlay_write,73,5,36.077863,0,1,0,1,True,True,479f433d79a27356,866ed785c44a9e76,"scenario-specific recovery path, common safe final state",zero_leakage_safe_state,False,False,False,True,audit_gap_detected_or_rejected,normal_recovery,,True,,,zero-leakage recovery; audit/safe-mode not applicable
LegalBench-RAG,1200000,1200000,Physical-delete,crash_after_overlay_build,1,0.0,0.976,False,False,none,18.0,crash_after_reverse_adjacency_update,99,8,51.177408,1,0,1,1,True,True,479f433d79a27356,74941273ed6c0b78,"scenario-specific recovery path, common safe final state",zero_leakage_safe_state,False,False,False,True,audit_gap_detected_or_rejected,normal_recovery,,True,,,zero-leakage recovery; audit/safe-mode not applicable
LegalBench-RAG,1200000,1200000,Physical-delete,crash_after_overlay_build,2,0.0,0.976,False,False,none,18.0,crash_after_audit_log_append,56,3,29.127801,0,0,1,1,True,True,479f433d79a27356,1cc404da28e7f013,"scenario-specific recovery path, common safe final state",zero_leakage_safe_state,False,False,False,True,audit_gap_detected_or_rejected,normal_recovery,,True,,,zero-leakage recovery; audit/safe-mode not applicable
LegalBench-RAG,1200000,1200000,Physical-delete,crash_after_overlay_build,3,0.0,0.976,False,False,none,18.0,crash_during_overlay_replay,103,9,55.162167,1,1,0,1,True,True,479f433d79a27356,3e94d49c6639c6ba,"scenario-specific recovery path, common safe final state",zero_leakage_safe_state,False,False,False,True,audit_gap_detected_or_rejected,normal_recovery,,True,,,zero-leakage recovery; audit/safe-mode not applicable
LegalBench-RAG,1200000,1200000,Physical-delete,crash_after_overlay_build,4,0.0,0.976,False,False,none,18.0,crash_during_predicate_replay,114,10,56.193497,1,1,0,1,True,True,479f433d79a27356,540a98d92c5647ee,"scenario-specific recovery path, common safe final state",zero_leakage_safe_state,False,False,False,True,audit_gap_detected_or_rejected,normal_recovery,,True,,,zero-leakage recovery; audit/safe-mode not applicable
LegalBench-RAG,1200000,1200000,Physical-delete,crash_after_predicate_update,0,0.0,0.976,False,False,none,18.0,recovery_missing_overlay,133,13,71.577138,0,1,1,1,True,True,479f433d79a27356,e5492164642cfba9,"scenario-specific recovery path, common safe final state",zero_leakage_safe_state,False,False,False,True,audit_gap_detected_or_rejected,normal_recovery,,True,,,zero-leakage recovery; audit/safe-mode not applicable
LegalBench-RAG,1200000,1200000,Physical-delete,crash_after_predicate_update,1,0.0,0.976,False,False,none,18.0,recovery_missing_audit_record,127,11,65.799372,1,0,1,1,True,True,479f433d79a27356,04b422feb8f1d309,"scenario-specific recovery path, common safe final state",zero_leakage_safe_state,False,False,False,True,audit_gap_detected_or_rejected,normal_recovery,,True,,,zero-leakage recovery; audit/safe-mode not applicable
LegalBench-RAG,1200000,1200000,Physical-delete,crash_after_predicate_update,2,0.0,0.976,False,False,none,18.0,crash_after_key_destruction,64,4,29.740668,1,0,0,1,True,True,479f433d79a27356,895676a109ff4d75,"scenario-specific recovery path, common safe final state",zero_leakage_safe_state,False,False,False,True,audit_gap_detected_or_rejected,normal_recovery,,True,,,zero-leakage recovery; audit/safe-mode not applicable
LegalBench-RAG,1200000,1200000,Physical-delete,crash_after_predicate_update,3,0.0,0.976,False,False,none,18.0,crash_after_predicate_update,83,6,41.875279,1,0,0,1,True,True,479f433d79a27356,5794343e10041d7e,"scenario-specific recovery path, common safe final state",zero_leakage_safe_state,False,False,False,True,audit_gap_detected_or_rejected,normal_recovery,,True,,,zero-leakage recovery; audit/safe-mode not applicable
LegalBench-RAG,1200000,1200000,Physical-delete,crash_after_predicate_update,4,0.0,0.976,False,False,none,18.0,crash_after_overlay_write,73,5,35.027374,0,1,0,1,True,True,479f433d79a27356,866ed785c44a9e76,"scenario-specific recovery path, common safe final state",zero_leakage_safe_state,False,False,False,True,audit_gap_detected_or_rejected,normal_recovery,,True,,,zero-leakage recovery; audit/safe-mode not applicable
LegalBench-RAG,1200000,1200000,Physical-delete,crash_after_key_destruction,0,0.0,0.976,False,False,none,18.0,crash_after_reverse_adjacency_update,97,6,46.988139,1,0,1,1,True,True,479f433d79a27356,a71dc3058713fdd6,"scenario-specific recovery path, common safe final state",zero_leakage_safe_state,False,False,False,True,audit_gap_detected_or_rejected,normal_recovery,,True,,,zero-leakage recovery; audit/safe-mode not applicable
LegalBench-RAG,1200000,1200000,Physical-delete,crash_after_key_destruction,1,0.0,0.976,False,False,none,18.0,crash_after_audit_log_append,56,3,28.57661,0,0,1,1,True,True,479f433d79a27356,1cc404da28e7f013,"scenario-specific recovery path, common safe final state",zero_leakage_safe_state,False,False,False,True,audit_gap_detected_or_rejected,normal_recovery,,True,,,zero-leakage recovery; audit/safe-mode not applicable
LegalBench-RAG,1200000,1200000,Physical-delete,crash_after_key_destruction,2,0.0,0.976,False,False,none,18.0,crash_during_overlay_replay,107,9,55.376312,1,1,0,1,True,True,479f433d79a27356,6a5a667082e4c2bc,"scenario-specific recovery path, common safe final state",zero_leakage_safe_state,False,False,False,True,audit_gap_detected_or_rejected,normal_recovery,,True,,,zero-leakage recovery; audit/safe-mode not applicable
LegalBench-RAG,1200000,1200000,Physical-delete,crash_after_key_destruction,3,0.0,0.976,False,False,none,18.0,crash_during_predicate_replay,117,11,61.231811,1,1,0,1,True,True,479f433d79a27356,0772b21f554efa72,"scenario-specific recovery path, common safe final state",zero_leakage_safe_state,False,False,False,True,audit_gap_detected_or_rejected,normal_recovery,,True,,,zero-leakage recovery; audit/safe-mode not applicable
LegalBench-RAG,1200000,1200000,Physical-delete,crash_after_key_destruction,4,0.0,0.976,False,False,none,18.0,recovery_missing_overlay,136,13,71.51519,0,1,1,1,True,True,479f433d79a27356,d3ca461493da7de5,"scenario-specific recovery path, common safe final state",zero_leakage_safe_state,False,False,False,True,audit_gap_detected_or_rejected,normal_recovery,,True,,,zero-leakage recovery; audit/safe-mode not applicable
LegalBench-RAG,1200000,1200000,Physical-delete,recovery_missing_overlay,0,0.0,0.976,False,False,none,18.0,recovery_missing_audit_record,124,11,65.229037,1,0,1,1,True,True,479f433d79a27356,59351b16bf24ce2c,"scenario-specific recovery path, common safe final state",zero_leakage_safe_state,False,False,False,True,audit_gap_detected_or_rejected,normal_recovery,,True,,,zero-leakage recovery; audit/safe-mode not applicable
LegalBench-RAG,1200000,1200000,Physical-delete,recovery_missing_overlay,1,0.0,0.976,False,False,none,18.0,crash_after_key_destruction,68,4,35.199771,1,0,0,1,True,True,479f433d79a27356,b265c1b7da9dabfc,"scenario-specific recovery path, common safe final state",zero_leakage_safe_state,False,False,False,True,audit_gap_detected_or_rejected,normal_recovery,,True,,,zero-leakage recovery; audit/safe-mode not applicable
LegalBench-RAG,1200000,1200000,Physical-delete,recovery_missing_overlay,2,0.0,0.976,False,False,none,18.0,crash_after_predicate_update,89,6,45.001618,1,0,0,1,True,True,479f433d79a27356,12aff9ecd9675379,"scenario-specific recovery path, common safe final state",zero_leakage_safe_state,False,False,False,True,audit_gap_detected_or_rejected,normal_recovery,,True,,,zero-leakage recovery; audit/safe-mode not applicable
LegalBench-RAG,1200000,1200000,Physical-delete,recovery_missing_overlay,3,0.0,0.976,False,False,none,18.0,crash_after_overlay_write,77,6,40.255044,0,1,0,1,True,True,479f433d79a27356,5c920ad995ae24cb,"scenario-specific recovery path, common safe final state",zero_leakage_safe_state,False,False,False,True,audit_gap_detected_or_rejected,normal_recovery,,True,,,zero-leakage recovery; audit/safe-mode not applicable
LegalBench-RAG,1200000,1200000,Physical-delete,recovery_missing_overlay,4,0.0,0.976,False,False,none,18.0,crash_after_reverse_adjacency_update,93,8,48.303057,1,0,1,1,True,True,479f433d79a27356,5ca644f8205e76a6,"scenario-specific recovery path, common safe final state",zero_leakage_safe_state,False,False,False,True,audit_gap_detected_or_rejected,normal_recovery,,True,,,zero-leakage recovery; audit/safe-mode not applicable
LegalBench-RAG,1200000,1200000,Physical-delete,recovery_stale_predicate,0,0.0,0.976,False,False,none,18.0,crash_after_audit_log_append,51,2,24.535194,0,0,1,1,True,True,479f433d79a27356,cd38f2ae11984ea6,"scenario-specific recovery path, common safe final state",zero_leakage_safe_state,False,False,False,True,audit_gap_detected_or_rejected,normal_recovery,,True,,,zero-leakage recovery; audit/safe-mode not applicable
LegalBench-RAG,1200000,1200000,Physical-delete,recovery_stale_predicate,1,0.0,0.976,False,False,none,18.0,crash_during_overlay_replay,106,8,53.049839,1,1,0,1,True,True,479f433d79a27356,1d757941e1130088,"scenario-specific recovery path, common safe final state",zero_leakage_safe_state,False,False,False,True,audit_gap_detected_or_rejected,normal_recovery,,True,,,zero-leakage recovery; audit/safe-mode not applicable
LegalBench-RAG,1200000,1200000,Physical-delete,recovery_stale_predicate,2,0.0,0.976,False,False,none,18.0,crash_during_predicate_replay,113,9,55.872723,1,1,0,1,True,True,479f433d79a27356,40f2293697853b8b,"scenario-specific recovery path, common safe final state",zero_leakage_safe_state,False,False,False,True,audit_gap_detected_or_rejected,normal_recovery,,True,,,zero-leakage recovery; audit/safe-mode not applicable
LegalBench-RAG,1200000,1200000,Physical-delete,recovery_stale_predicate,3,0.0,0.976,False,False,none,18.0,recovery_missing_overlay,133,13,71.284318,0,1,1,1,True,True,479f433d79a27356,e5492164642cfba9,"scenario-specific recovery path, common safe final state",zero_leakage_safe_state,False,False,False,True,audit_gap_detected_or_rejected,normal_recovery,,True,,,zero-leakage recovery; audit/safe-mode not applicable
LegalBench-RAG,1200000,1200000,Physical-delete,recovery_stale_predicate,4,0.0,0.976,False,False,none,18.0,recovery_missing_audit_record,124,11,64.784118,1,0,1,1,True,True,479f433d79a27356,59351b16bf24ce2c,"scenario-specific recovery path, common safe final state",zero_leakage_safe_state,False,False,False,True,audit_gap_detected_or_rejected,normal_recovery,,True,,,zero-leakage recovery; audit/safe-mode not applicable
LegalBench-RAG,1200000,1200000,Periodic-rebuild,query_before_commit,0,0.04057986,0.976,False,False,none,18.0,crash_after_key_destruction,38,3,21.685173,1,0,0,1,True,True,b17bb681fefa892e,cb319660d2762193,"scenario-specific recovery path, common safe final state",residual_leakage_varies_by_crash_path,False,False,False,False,audit_gap_detected_or_rejected,normal_recovery,,,,,residual leakage baseline; audit/safe-mode not applicable
LegalBench-RAG,1200000,1200000,Periodic-rebuild,query_before_commit,1,0.05416261,0.976,False,False,none,18.0,crash_after_predicate_update,47,7,29.030682,1,0,0,0,True,True,b17bb681fefa892e,577b3bf1632248b3,"scenario-specific recovery path, common safe final state",residual_leakage_varies_by_crash_path,False,False,False,False,audit_gap_detected_or_rejected,normal_recovery,,,,,residual leakage baseline; audit/safe-mode not applicable
LegalBench-RAG,1200000,1200000,Periodic-rebuild,query_before_commit,2,0.04700419,0.976,False,False,none,18.0,crash_after_overlay_write,41,5,24.739873,0,1,0,0,True,True,b17bb681fefa892e,f380c8de00a34d4c,"scenario-specific recovery path, common safe final state",residual_leakage_varies_by_crash_path,False,False,False,False,audit_gap_detected_or_rejected,normal_recovery,,,,,residual leakage baseline; audit/safe-mode not applicable
LegalBench-RAG,1200000,1200000,Periodic-rebuild,query_before_commit,3,0.04750904,0.976,False,False,none,18.0,crash_after_reverse_adjacency_update,48,8,29.620622,1,0,1,0,True,True,b17bb681fefa892e,c6dd01a56474c985,"scenario-specific recovery path, common safe final state",residual_leakage_varies_by_crash_path,False,False,False,False,audit_gap_detected_or_rejected,normal_recovery,,,,,residual leakage baseline; audit/safe-mode not applicable
LegalBench-RAG,1200000,1200000,Periodic-rebuild,query_before_commit,4,0.0390684,0.976,False,False,none,18.0,crash_after_audit_log_append,30,3,17.533885,0,0,1,0,True,True,b17bb681fefa892e,d17fdda0a61cb1eb,"scenario-specific recovery path, common safe final state",residual_leakage_varies_by_crash_path,False,False,False,False,audit_gap_detected_or_rejected,normal_recovery,,,,,residual leakage baseline; audit/safe-mode not applicable
LegalBench-RAG,1200000,1200000,Periodic-rebuild,query_after_commit,0,0.05702965,0.976,False,False,none,18.0,crash_during_overlay_replay,60,8,35.996349,1,1,0,0,True,True,b17bb681fefa892e,d8b6b06518cd8eff,"scenario-specific recovery path, common safe final state",residual_leakage_varies_by_crash_path,False,False,False,False,audit_gap_detected_or_rejected,normal_recovery,,,,,residual leakage baseline; audit/safe-mode not applicable
LegalBench-RAG,1200000,1200000,Periodic-rebuild,query_after_commit,1,0.05406149,0.976,False,False,none,18.0,crash_during_predicate_replay,62,10,39.425152,1,1,0,0,True,True,b17bb681fefa892e,4356611a36e586c6,"scenario-specific recovery path, common safe final state",residual_leakage_varies_by_crash_path,False,False,False,False,audit_gap_detected_or_rejected,normal_recovery,,,,,residual leakage baseline; audit/safe-mode not applicable
LegalBench-RAG,1200000,1200000,Periodic-rebuild,query_after_commit,2,0.06513159,0.976,False,False,none,18.0,recovery_missing_overlay,74,13,47.490852,0,1,1,0,True,True,b17bb681fefa892e,78daf01e93782eff,"scenario-specific recovery path, common safe final state",residual_leakage_varies_by_crash_path,False,False,False,False,audit_gap_detected_or_rejected,normal_recovery,,,,,residual leakage baseline; audit/safe-mode not applicable
LegalBench-RAG,1200000,1200000,Periodic-rebuild,query_after_commit,3,0.04814897,0.976,False,False,none,18.0,recovery_missing_audit_record,71,12,43.806558,1,0,1,0,True,True,b17bb681fefa892e,d220dcd76899010a,"scenario-specific recovery path, common safe final state",residual_leakage_varies_by_crash_path,False,False,False,False,audit_gap_detected_or_rejected,normal_recovery,,,,,residual leakage baseline; audit/safe-mode not applicable
LegalBench-RAG,1200000,1200000,Periodic-rebuild,query_after_commit,4,0.03659508,0.976,False,False,none,18.0,crash_after_key_destruction,34,3,19.61209,1,0,0,1,True,True,b17bb681fefa892e,564a243e893409d9,"scenario-specific recovery path, common safe final state",residual_leakage_varies_by_crash_path,False,False,False,False,audit_gap_detected_or_rejected,normal_recovery,,,,,residual leakage baseline; audit/safe-mode not applicable
LegalBench-RAG,1200000,1200000,Periodic-rebuild,query_overlaps_commit,0,0.05302709,0.976,False,False,none,18.0,crash_after_predicate_update,42,7,26.089296,1,0,0,0,True,True,b17bb681fefa892e,b40711bb9f5abd21,"scenario-specific recovery path, common safe final state",residual_leakage_varies_by_crash_path,False,False,False,False,audit_gap_detected_or_rejected,normal_recovery,,,,,residual leakage baseline; audit/safe-mode not applicable
LegalBench-RAG,1200000,1200000,Periodic-rebuild,query_overlaps_commit,1,0.04914313,0.976,False,False,none,18.0,crash_after_overlay_write,43,5,23.666448,0,1,0,0,True,True,b17bb681fefa892e,13dff40c2f443b3e,"scenario-specific recovery path, common safe final state",residual_leakage_varies_by_crash_path,False,False,False,False,audit_gap_detected_or_rejected,normal_recovery,,,,,residual leakage baseline; audit/safe-mode not applicable
LegalBench-RAG,1200000,1200000,Periodic-rebuild,query_overlaps_commit,2,0.0428857,0.976,False,False,none,18.0,crash_after_reverse_adjacency_update,54,8,32.508748,1,0,1,0,True,True,b17bb681fefa892e,7d56e8529c31076c,"scenario-specific recovery path, common safe final state",residual_leakage_varies_by_crash_path,False,False,False,False,audit_gap_detected_or_rejected,normal_recovery,,,,,residual leakage baseline; audit/safe-mode not applicable
LegalBench-RAG,1200000,1200000,Periodic-rebuild,query_overlaps_commit,3,0.04007267,0.976,False,False,none,18.0,crash_after_audit_log_append,28,2,15.245013,0,0,1,0,True,True,b17bb681fefa892e,526b10996ea956c4,"scenario-specific recovery path, common safe final state",residual_leakage_varies_by_crash_path,False,False,False,False,audit_gap_detected_or_rejected,normal_recovery,,,,,residual leakage baseline; audit/safe-mode not applicable
LegalBench-RAG,1200000,1200000,Periodic-rebuild,query_overlaps_commit,4,0.04947516,0.976,False,False,none,18.0,crash_during_overlay_replay,56,9,33.424497,1,1,0,0,True,True,b17bb681fefa892e,379aa8ea4dcd9b26,"scenario-specific recovery path, common safe final state",residual_leakage_varies_by_crash_path,False,False,False,False,audit_gap_detected_or_rejected,normal_recovery,,,,,residual leakage baseline; audit/safe-mode not applicable
LegalBench-RAG,1200000,1200000,Periodic-rebuild,crash_after_log_intent,0,0.05766138,0.976,False,False,none,18.0,crash_during_predicate_replay,61,11,38.848188,1,1,0,0,True,True,b17bb681fefa892e,f315a4693122d1bd,"scenario-specific recovery path, common safe final state",residual_leakage_varies_by_crash_path,False,False,False,False,audit_gap_detected_or_rejected,normal_recovery,,,,,residual leakage baseline; audit/safe-mode not applicable
LegalBench-RAG,1200000,1200000,Periodic-rebuild,crash_after_log_intent,1,0.06905713,0.976,False,False,none,18.0,recovery_missing_overlay,75,13,48.070582,0,1,1,0,True,True,b17bb681fefa892e,b55be980deeff6cd,"scenario-specific recovery path, common safe final state",residual_leakage_varies_by_crash_path,False,False,False,False,audit_gap_detected_or_rejected,normal_recovery,,,,,residual leakage baseline; audit/safe-mode not applicable
LegalBench-RAG,1200000,1200000,Periodic-rebuild,crash_after_log_intent,2,0.0469218,0.976,False,False,none,18.0,recovery_missing_audit_record,69,11,42.342553,1,0,1,0,True,True,b17bb681fefa892e,70ab2908a95aeda8,"scenario-specific recovery path, common safe final state",residual_leakage_varies_by_crash_path,False,False,False,False,audit_gap_detected_or_rejected,normal_recovery,,,,,residual leakage baseline; audit/safe-mode not applicable
LegalBench-RAG,1200000,1200000,Periodic-rebuild,crash_after_log_intent,3,0.03701937,0.976,False,False,none,18.0,crash_after_key_destruction,37,4,21.345932,1,0,0,1,True,True,b17bb681fefa892e,f4d15cafb6d5f663,"scenario-specific recovery path, common safe final state",residual_leakage_varies_by_crash_path,False,False,False,False,audit_gap_detected_or_rejected,normal_recovery,,,,,residual leakage baseline; audit/safe-mode not applicable
LegalBench-RAG,1200000,1200000,Periodic-rebuild,crash_after_log_intent,4,0.05286383,0.976,False,False,none,18.0,crash_after_predicate_update,46,8,30.87911,1,0,0,0,True,True,b17bb681fefa892e,787f7e3d01b14543,"scenario-specific recovery path, common safe final state",residual_leakage_varies_by_crash_path,False,False,False,False,audit_gap_detected_or_rejected,normal_recovery,,,,,residual leakage baseline; audit/safe-mode not applicable
LegalBench-RAG,1200000,1200000,Periodic-rebuild,crash_after_overlay_build,0,0.04863534,0.976,False,False,none,18.0,crash_after_overlay_write,41,6,25.96856,0,1,0,0,True,True,b17bb681fefa892e,070a49848d153dda,"scenario-specific recovery path, common safe final state",residual_leakage_varies_by_crash_path,False,False,False,False,audit_gap_detected_or_rejected,normal_recovery,,,,,residual leakage baseline; audit/safe-mode not applicable
LegalBench-RAG,1200000,1200000,Periodic-rebuild,crash_after_overlay_build,1,0.0483171,0.976,False,False,none,18.0,crash_after_reverse_adjacency_update,51,8,29.792876,1,0,1,0,True,True,b17bb681fefa892e,730778b3cd92d9a5,"scenario-specific recovery path, common safe final state",residual_leakage_varies_by_crash_path,False,False,False,False,audit_gap_detected_or_rejected,normal_recovery,,,,,residual leakage baseline; audit/safe-mode not applicable
LegalBench-RAG,1200000,1200000,Periodic-rebuild,crash_after_overlay_build,2,0.03972685,0.976,False,False,none,18.0,crash_after_audit_log_append,28,3,18.026161,0,0,1,0,True,True,b17bb681fefa892e,960f7c4bb51733ea,"scenario-specific recovery path, common safe final state",residual_leakage_varies_by_crash_path,False,False,False,False,audit_gap_detected_or_rejected,normal_recovery,,,,,residual leakage baseline; audit/safe-mode not applicable
LegalBench-RAG,1200000,1200000,Periodic-rebuild,crash_after_overlay_build,3,0.05225626,0.976,False,False,none,18.0,crash_during_overlay_replay,59,10,39.856442,1,1,0,0,True,True,b17bb681fefa892e,7963a95fef39d764,"scenario-specific recovery path, common safe final state",residual_leakage_varies_by_crash_path,False,False,False,False,audit_gap_detected_or_rejected,normal_recovery,,,,,residual leakage baseline; audit/safe-mode not applicable
LegalBench-RAG,1200000,1200000,Periodic-rebuild,crash_after_overlay_build,4,0.0551168,0.976,False,False,none,18.0,crash_during_predicate_replay,66,10,42.507358,1,1,0,0,True,True,b17bb681fefa892e,ae93a3e2db4c4269,"scenario-specific recovery path, common safe final state",residual_leakage_varies_by_crash_path,False,False,False,False,audit_gap_detected_or_rejected,normal_recovery,,,,,residual leakage baseline; audit/safe-mode not applicable
LegalBench-RAG,1200000,1200000,Periodic-rebuild,crash_after_predicate_update,0,0.06883481,0.976,False,False,none,18.0,recovery_missing_overlay,72,13,47.048564,0,1,1,0,True,True,b17bb681fefa892e,2db6c4d24148fa33,"scenario-specific recovery path, common safe final state",residual_leakage_varies_by_crash_path,False,False,False,False,audit_gap_detected_or_rejected,normal_recovery,,,,,residual leakage baseline; audit/safe-mode not applicable
LegalBench-RAG,1200000,1200000,Periodic-rebuild,crash_after_predicate_update,1,0.04732927,0.976,False,False,none,18.0,recovery_missing_audit_record,69,13,45.672495,1,0,1,0,True,True,b17bb681fefa892e,c970c29ad3c71509,"scenario-specific recovery path, common safe final state",residual_leakage_varies_by_crash_path,False,False,False,False,audit_gap_detected_or_rejected,normal_recovery,,,,,residual leakage baseline; audit/safe-mode not applicable
LegalBench-RAG,1200000,1200000,Periodic-rebuild,crash_after_predicate_update,2,0.0393933,0.976,False,False,none,18.0,crash_after_key_destruction,35,3,19.793729,1,0,0,1,True,True,b17bb681fefa892e,52e5255dca983971,"scenario-specific recovery path, common safe final state",residual_leakage_varies_by_crash_path,False,False,False,False,audit_gap_detected_or_rejected,normal_recovery,,,,,residual leakage baseline; audit/safe-mode not applicable
LegalBench-RAG,1200000,1200000,Periodic-rebuild,crash_after_predicate_update,3,0.05129688,0.976,False,False,none,18.0,crash_after_predicate_update,44,6,27.401401,1,0,0,0,True,True,b17bb681fefa892e,be93d34b1bf52689,"scenario-specific recovery path, common safe final state",residual_leakage_varies_by_crash_path,False,False,False,False,audit_gap_detected_or_rejected,normal_recovery,,,,,residual leakage baseline; audit/safe-mode not applicable
LegalBench-RAG,1200000,1200000,Periodic-rebuild,crash_after_predicate_update,4,0.05068343,0.976,False,False,none,18.0,crash_after_overlay_write,38,5,22.950101,0,1,0,0,True,True,b17bb681fefa892e,80c7c36326830e67,"scenario-specific recovery path, common safe final state",residual_leakage_varies_by_crash_path,False,False,False,False,audit_gap_detected_or_rejected,normal_recovery,,,,,residual leakage baseline; audit/safe-mode not applicable
LegalBench-RAG,1200000,1200000,Periodic-rebuild,crash_after_key_destruction,0,0.0487802,0.976,False,False,none,18.0,crash_after_reverse_adjacency_update,55,7,34.694751,1,0,1,0,True,True,b17bb681fefa892e,1c78195cfa5740cd,"scenario-specific recovery path, common safe final state",residual_leakage_varies_by_crash_path,False,False,False,False,audit_gap_detected_or_rejected,normal_recovery,,,,,residual leakage baseline; audit/safe-mode not applicable
LegalBench-RAG,1200000,1200000,Periodic-rebuild,crash_after_key_destruction,1,0.04020223,0.976,False,False,none,18.0,crash_after_audit_log_append,30,3,18.947774,0,0,1,0,True,True,b17bb681fefa892e,d17fdda0a61cb1eb,"scenario-specific recovery path, common safe final state",residual_leakage_varies_by_crash_path,False,False,False,False,audit_gap_detected_or_rejected,normal_recovery,,,,,residual leakage baseline; audit/safe-mode not applicable
LegalBench-RAG,1200000,1200000,Periodic-rebuild,crash_after_key_destruction,2,0.05126969,0.976,False,False,none,18.0,crash_during_overlay_replay,57,9,36.823495,1,1,0,0,True,True,b17bb681fefa892e,0a302e93feffc1c6,"scenario-specific recovery path, common safe final state",residual_leakage_varies_by_crash_path,False,False,False,False,audit_gap_detected_or_rejected,normal_recovery,,,,,residual leakage baseline; audit/safe-mode not applicable
LegalBench-RAG,1200000,1200000,Periodic-rebuild,crash_after_key_destruction,3,0.05674453,0.976,False,False,none,18.0,crash_during_predicate_replay,60,11,40.959672,1,1,0,0,True,True,b17bb681fefa892e,545c2cd92a4764fa,"scenario-specific recovery path, common safe final state",residual_leakage_varies_by_crash_path,False,False,False,False,audit_gap_detected_or_rejected,normal_recovery,,,,,residual leakage baseline; audit/safe-mode not applicable
LegalBench-RAG,1200000,1200000,Periodic-rebuild,crash_after_key_destruction,4,0.06890014,0.976,False,False,none,18.0,recovery_missing_overlay,73,13,48.043291,0,1,1,0,True,True,b17bb681fefa892e,bc0e259ce8da89da,"scenario-specific recovery path, common safe final state",residual_leakage_varies_by_crash_path,False,False,False,False,audit_gap_detected_or_rejected,normal_recovery,,,,,residual leakage baseline; audit/safe-mode not applicable
LegalBench-RAG,1200000,1200000,Periodic-rebuild,recovery_missing_overlay,0,0.05097876,0.976,False,False,none,18.0,recovery_missing_audit_record,67,11,43.609468,1,0,1,0,True,True,b17bb681fefa892e,c160c398a7d0a246,"scenario-specific recovery path, common safe final state",residual_leakage_varies_by_crash_path,False,False,False,False,audit_gap_detected_or_rejected,normal_recovery,,,,,residual leakage baseline; audit/safe-mode not applicable
LegalBench-RAG,1200000,1200000,Periodic-rebuild,recovery_missing_overlay,1,0.03661119,0.976,False,False,none,18.0,crash_after_key_destruction,34,4,20.701731,1,0,0,1,True,True,b17bb681fefa892e,a3ec35bff52f4590,"scenario-specific recovery path, common safe final state",residual_leakage_varies_by_crash_path,False,False,False,False,audit_gap_detected_or_rejected,normal_recovery,,,,,residual leakage baseline; audit/safe-mode not applicable
LegalBench-RAG,1200000,1200000,Periodic-rebuild,recovery_missing_overlay,2,0.0522206,0.976,False,False,none,18.0,crash_after_predicate_update,46,6,28.386001,1,0,0,0,True,True,b17bb681fefa892e,343bea3f58a904d6,"scenario-specific recovery path, common safe final state",residual_leakage_varies_by_crash_path,False,False,False,False,audit_gap_detected_or_rejected,normal_recovery,,,,,residual leakage baseline; audit/safe-mode not applicable
LegalBench-RAG,1200000,1200000,Periodic-rebuild,recovery_missing_overlay,3,0.04899795,0.976,False,False,none,18.0,crash_after_overlay_write,42,6,25.681215,0,1,0,0,True,True,b17bb681fefa892e,12d831d7d2cd7ec9,"scenario-specific recovery path, common safe final state",residual_leakage_varies_by_crash_path,False,False,False,False,audit_gap_detected_or_rejected,normal_recovery,,,,,residual leakage baseline; audit/safe-mode not applicable
LegalBench-RAG,1200000,1200000,Periodic-rebuild,recovery_missing_overlay,4,0.04419558,0.976,False,False,none,18.0,crash_after_reverse_adjacency_update,47,9,32.656103,1,0,1,0,True,True,b17bb681fefa892e,198d2c83b1044150,"scenario-specific recovery path, common safe final state",residual_leakage_varies_by_crash_path,False,False,False,False,audit_gap_detected_or_rejected,normal_recovery,,,,,residual leakage baseline; audit/safe-mode not applicable
LegalBench-RAG,1200000,1200000,Periodic-rebuild,recovery_stale_predicate,0,0.03697968,0.976,False,False,none,18.0,crash_after_audit_log_append,30,5,18.771438,0,0,1,0,True,True,b17bb681fefa892e,7d0f33471d4959af,"scenario-specific recovery path, common safe final state",residual_leakage_varies_by_crash_path,False,False,False,False,audit_gap_detected_or_rejected,normal_recovery,,,,,residual leakage baseline; audit/safe-mode not applicable
LegalBench-RAG,1200000,1200000,Periodic-rebuild,recovery_stale_predicate,1,0.05551321,0.976,False,False,none,18.0,crash_during_overlay_replay,60,9,38.445229,1,1,0,0,True,True,b17bb681fefa892e,63cc3bff4ab7ea15,"scenario-specific recovery path, common safe final state",residual_leakage_varies_by_crash_path,False,False,False,False,audit_gap_detected_or_rejected,normal_recovery,,,,,residual leakage baseline; audit/safe-mode not applicable
LegalBench-RAG,1200000,1200000,Periodic-rebuild,recovery_stale_predicate,2,0.05677697,0.976,False,False,none,18.0,crash_during_predicate_replay,60,9,35.611848,1,1,0,0,True,True,b17bb681fefa892e,e7da30ab73c98b63,"scenario-specific recovery path, common safe final state",residual_leakage_varies_by_crash_path,False,False,False,False,audit_gap_detected_or_rejected,normal_recovery,,,,,residual leakage baseline; audit/safe-mode not applicable
LegalBench-RAG,1200000,1200000,Periodic-rebuild,recovery_stale_predicate,3,0.06760877,0.976,False,False,none,18.0,recovery_missing_overlay,73,13,47.75692,0,1,1,0,True,True,b17bb681fefa892e,bc0e259ce8da89da,"scenario-specific recovery path, common safe final state",residual_leakage_varies_by_crash_path,False,False,False,False,audit_gap_detected_or_rejected,normal_recovery,,,,,residual leakage baseline; audit/safe-mode not applicable
LegalBench-RAG,1200000,1200000,Periodic-rebuild,recovery_stale_predicate,4,0.0452123,0.976,False,False,none,18.0,recovery_missing_audit_record,64,12,41.934618,1,0,1,0,True,True,b17bb681fefa892e,9bc061384da660b7,"scenario-specific recovery path, common safe final state",residual_leakage_varies_by_crash_path,False,False,False,False,audit_gap_detected_or_rejected,normal_recovery,,,,,residual leakage baseline; audit/safe-mode not applicable
MS-MARCO-RBAC,8000000,8000000,Lethe,query_before_commit,0,0.0,0.972,False,True,predicate_commit,6.5,crash_after_key_destruction,49,4,27.228346,1,0,0,1,True,True,05346d936922b882,13f94a6f1c233948,"scenario-specific recovery path, common safe final state",zero_leakage_safe_state,True,True,True,True,audit_passed,normal_recovery,True,True,True,True,zero-leakage recovery; audit/safe-mode response correct
MS-MARCO-RBAC,8000000,8000000,Lethe,query_before_commit,1,0.0,0.972,False,True,predicate_commit,6.5,crash_after_predicate_update,68,7,39.187749,1,0,0,1,True,True,05346d936922b882,a263a8a68db3f3b7,"scenario-specific recovery path, common safe final state",zero_leakage_safe_state,True,True,True,True,audit_passed,normal_recovery,True,True,True,True,zero-leakage recovery; audit/safe-mode response correct
MS-MARCO-RBAC,8000000,8000000,Lethe,query_before_commit,2,0.0,0.972,False,True,predicate_commit,6.5,crash_after_overlay_write,56,5,31.396956,0,1,0,1,True,True,05346d936922b882,095edb5528bff464,"scenario-specific recovery path, common safe final state",zero_leakage_safe_state,True,True,True,True,audit_passed,normal_recovery,True,True,True,True,zero-leakage recovery; audit/safe-mode response correct
MS-MARCO-RBAC,8000000,8000000,Lethe,query_before_commit,3,0.0,0.972,False,True,predicate_commit,6.5,crash_after_reverse_adjacency_update,70,9,41.651671,1,0,1,1,True,True,05346d936922b882,948d7ac79593828f,"scenario-specific recovery path, common safe final state",zero_leakage_safe_state,True,True,True,True,audit_passed,normal_recovery,True,True,True,True,zero-leakage recovery; audit/safe-mode response correct
MS-MARCO-RBAC,8000000,8000000,Lethe,query_before_commit,4,0.0,0.972,False,True,predicate_commit,6.5,crash_after_audit_log_append,44,3,22.619311,0,0,1,1,True,True,05346d936922b882,a5449b8ca767fbc2,"scenario-specific recovery path, common safe final state",zero_leakage_safe_state,True,True,True,True,audit_passed,normal_recovery,True,True,True,True,zero-leakage recovery; audit/safe-mode response correct
MS-MARCO-RBAC,8000000,8000000,Lethe,query_after_commit,0,0.0,0.972,False,True,predicate_commit,6.5,crash_during_overlay_replay,80,9,44.686013,1,1,0,1,True,True,05346d936922b882,1337706cb5d485aa,"scenario-specific recovery path, common safe final state",zero_leakage_safe_state,True,True,True,True,audit_passed,normal_recovery,True,True,True,True,zero-leakage recovery; audit/safe-mode response correct
MS-MARCO-RBAC,8000000,8000000,Lethe,query_after_commit,1,0.0,0.972,False,True,predicate_commit,6.5,crash_during_predicate_replay,89,11,51.537135,1,1,0,1,True,True,05346d936922b882,902b239173020c12,"scenario-specific recovery path, common safe final state",zero_leakage_safe_state,True,True,True,True,audit_passed,normal_recovery,True,True,True,True,zero-leakage recovery; audit/safe-mode response correct
MS-MARCO-RBAC,8000000,8000000,Lethe,query_after_commit,2,0.0,0.972,False,True,predicate_commit,6.5,recovery_missing_overlay,101,14,59.705465,0,1,1,1,True,True,05346d936922b882,ba4cb4a12787c6cb,"scenario-specific recovery path, common safe final state",zero_leakage_safe_state,True,True,True,True,audit_passed,normal_recovery,True,True,True,True,zero-leakage recovery; audit/safe-mode response correct
MS-MARCO-RBAC,8000000,8000000,Lethe,query_after_commit,3,0.0,0.972,False,True,predicate_commit,6.5,recovery_missing_audit_record,94,11,51.513655,1,0,1,1,True,True,05346d936922b882,29c8af0af556c851,"scenario-specific recovery path, common safe final state",zero_leakage_safe_state,True,True,True,True,audit_passed,normal_recovery,True,True,True,True,zero-leakage recovery; audit/safe-mode response correct
MS-MARCO-RBAC,8000000,8000000,Lethe,query_after_commit,4,0.0,0.972,False,True,predicate_commit,6.5,crash_after_key_destruction,51,5,27.40955,1,0,0,1,True,True,05346d936922b882,4972b4f68b10dccb,"scenario-specific recovery path, common safe final state",zero_leakage_safe_state,True,True,True,True,audit_passed,normal_recovery,True,True,True,True,zero-leakage recovery; audit/safe-mode response correct
MS-MARCO-RBAC,8000000,8000000,Lethe,query_overlaps_commit,0,0.0,0.972,False,True,predicate_commit,6.5,crash_after_predicate_update,64,6,33.637209,1,0,0,1,True,True,05346d936922b882,f767d1f2e6219e14,"scenario-specific recovery path, common safe final state",zero_leakage_safe_state,True,True,True,True,audit_passed,normal_recovery,True,True,True,True,zero-leakage recovery; audit/safe-mode response correct
MS-MARCO-RBAC,8000000,8000000,Lethe,query_overlaps_commit,1,0.0,0.972,False,True,predicate_commit,6.5,crash_after_overlay_write,59,6,32.820173,0,1,0,1,True,True,05346d936922b882,c9fcf784b432071a,"scenario-specific recovery path, common safe final state",zero_leakage_safe_state,True,True,True,True,audit_passed,normal_recovery,True,True,True,True,zero-leakage recovery; audit/safe-mode response correct
MS-MARCO-RBAC,8000000,8000000,Lethe,query_overlaps_commit,2,0.0,0.972,False,True,predicate_commit,6.5,crash_after_reverse_adjacency_update,74,9,41.338873,1,0,1,1,True,True,05346d936922b882,1bcd92ac199129dc,"scenario-specific recovery path, common safe final state",zero_leakage_safe_state,True,True,True,True,audit_passed,normal_recovery,True,True,True,True,zero-leakage recovery; audit/safe-mode response correct
MS-MARCO-RBAC,8000000,8000000,Lethe,query_overlaps_commit,3,0.0,0.972,False,True,predicate_commit,6.5,crash_after_audit_log_append,43,4,23.910133,0,0,1,1,True,True,05346d936922b882,7c8785e9fee65553,"scenario-specific recovery path, common safe final state",zero_leakage_safe_state,True,True,True,True,audit_passed,normal_recovery,True,True,True,True,zero-leakage recovery; audit/safe-mode response correct
MS-MARCO-RBAC,8000000,8000000,Lethe,query_overlaps_commit,4,0.0,0.972,False,True,predicate_commit,6.5,crash_during_overlay_replay,81,9,45.671245,1,1,0,1,True,True,05346d936922b882,4283f30a6ab0ec77,"scenario-specific recovery path, common safe final state",zero_leakage_safe_state,True,True,True,True,audit_passed,normal_recovery,True,True,True,True,zero-leakage recovery; audit/safe-mode response correct
MS-MARCO-RBAC,8000000,8000000,Lethe,crash_after_log_intent,0,0.0,0.972,False,True,predicate_commit,6.5,crash_during_predicate_replay,89,11,50.883897,1,1,0,1,True,True,05346d936922b882,902b239173020c12,"scenario-specific recovery path, common safe final state",zero_leakage_safe_state,True,True,True,True,audit_passed,normal_recovery,True,True,True,True,zero-leakage recovery; audit/safe-mode response correct
MS-MARCO-RBAC,8000000,8000000,Lethe,crash_after_log_intent,1,0.0,0.972,False,True,predicate_commit,6.5,recovery_missing_overlay,102,13,57.850778,0,1,1,1,True,True,05346d936922b882,6219734408a2b378,"scenario-specific recovery path, common safe final state",zero_leakage_safe_state,True,True,True,True,audit_passed,normal_recovery,True,True,True,True,zero-leakage recovery; audit/safe-mode response correct
MS-MARCO-RBAC,8000000,8000000,Lethe,crash_after_log_intent,2,0.0,0.972,False,True,predicate_commit,6.5,recovery_missing_audit_record,99,13,58.309035,1,0,1,1,True,True,05346d936922b882,b9cf35718e904e21,"scenario-specific recovery path, common safe final state",zero_leakage_safe_state,True,True,True,True,audit_passed,normal_recovery,True,True,True,True,zero-leakage recovery; audit/safe-mode response correct
MS-MARCO-RBAC,8000000,8000000,Lethe,crash_after_log_intent,3,0.0,0.972,False,True,predicate_commit,6.5,crash_after_key_destruction,52,6,29.405739,1,0,0,1,True,True,05346d936922b882,8a2d09677e6dab10,"scenario-specific recovery path, common safe final state",zero_leakage_safe_state,True,True,True,True,audit_passed,normal_recovery,True,True,True,True,zero-leakage recovery; audit/safe-mode response correct
MS-MARCO-RBAC,8000000,8000000,Lethe,crash_after_log_intent,4,0.0,0.972,False,True,predicate_commit,6.5,crash_after_predicate_update,67,6,36.972806,1,0,0,1,True,True,05346d936922b882,6edb715be0317e6c,"scenario-specific recovery path, common safe final state",zero_leakage_safe_state,True,True,True,True,audit_passed,normal_recovery,True,True,True,True,zero-leakage recovery; audit/safe-mode response correct
MS-MARCO-RBAC,8000000,8000000,Lethe,crash_after_overlay_build,0,0.0,0.972,False,True,predicate_commit,6.5,crash_after_overlay_write,55,5,31.275754,0,1,0,1,True,True,05346d936922b882,5b80d45be3abee24,"scenario-specific recovery path, common safe final state",zero_leakage_safe_state,True,True,True,True,audit_passed,normal_recovery,True,True,True,True,zero-leakage recovery; audit/safe-mode response correct
MS-MARCO-RBAC,8000000,8000000,Lethe,crash_after_overlay_build,1,0.0,0.972,False,True,predicate_commit,6.5,crash_after_reverse_adjacency_update,74,8,42.818675,1,0,1,1,True,True,05346d936922b882,d99668ec87eb436f,"scenario-specific recovery path, common safe final state",zero_leakage_safe_state,True,True,True,True,audit_passed,normal_recovery,True,True,True,True,zero-leakage recovery; audit/safe-mode response correct
MS-MARCO-RBAC,8000000,8000000,Lethe,crash_after_overlay_build,2,0.0,0.972,False,True,predicate_commit,6.5,crash_after_audit_log_append,43,3,24.015282,0,0,1,1,True,True,05346d936922b882,22b28fb9c12097c2,"scenario-specific recovery path, common safe final state",zero_leakage_safe_state,True,True,True,True,audit_passed,normal_recovery,True,True,True,True,zero-leakage recovery; audit/safe-mode response correct
MS-MARCO-RBAC,8000000,8000000,Lethe,crash_after_overlay_build,3,0.0,0.972,False,True,predicate_commit,6.5,crash_during_overlay_replay,79,11,46.610858,1,1,0,1,True,True,05346d936922b882,5b7cc419b8fd80d1,"scenario-specific recovery path, common safe final state",zero_leakage_safe_state,True,True,True,True,audit_passed,normal_recovery,True,True,True,True,zero-leakage recovery; audit/safe-mode response correct
MS-MARCO-RBAC,8000000,8000000,Lethe,crash_after_overlay_build,4,0.0,0.972,False,True,predicate_commit,6.5,crash_during_predicate_replay,86,11,49.111247,1,1,0,1,True,True,05346d936922b882,4b910a818394e339,"scenario-specific recovery path, common safe final state",zero_leakage_safe_state,True,True,True,True,audit_passed,normal_recovery,True,True,True,True,zero-leakage recovery; audit/safe-mode response correct
MS-MARCO-RBAC,8000000,8000000,Lethe,crash_after_predicate_update,0,0.0,0.933,True,True,predicate_commit,6.5,recovery_missing_overlay,105,11,56.999802,0,1,1,1,True,True,05346d936922b882,bb41ff6d836301a3,"scenario-specific recovery path, common safe final state",zero_leakage_safe_state,True,True,True,True,audit_passed,fallback_to_safe_mode,True,True,True,True,zero-leakage recovery; audit/safe-mode response correct
MS-MARCO-RBAC,8000000,8000000,Lethe,crash_after_predicate_update,1,0.0,0.933,True,True,predicate_commit,6.5,recovery_missing_audit_record,96,12,54.864743,1,0,1,1,True,True,05346d936922b882,a7c5d0e3047c2315,"scenario-specific recovery path, common safe final state",zero_leakage_safe_state,True,True,True,True,audit_passed,fallback_to_safe_mode,True,True,True,True,zero-leakage recovery; audit/safe-mode response correct
MS-MARCO-RBAC,8000000,8000000,Lethe,crash_after_predicate_update,2,0.0,0.933,True,True,predicate_commit,6.5,crash_after_key_destruction,52,5,28.041781,1,0,0,1,True,True,05346d936922b882,2bf70e0d10f8d593,"scenario-specific recovery path, common safe final state",zero_leakage_safe_state,True,True,True,True,audit_passed,fallback_to_safe_mode,True,True,True,True,zero-leakage recovery; audit/safe-mode response correct
MS-MARCO-RBAC,8000000,8000000,Lethe,crash_after_predicate_update,3,0.0,0.933,True,True,predicate_commit,6.5,crash_after_predicate_update,62,6,30.507362,1,0,0,1,True,True,05346d936922b882,4a3eb90e904f9e8f,"scenario-specific recovery path, common safe final state",zero_leakage_safe_state,True,True,True,True,audit_passed,fallback_to_safe_mode,True,True,True,True,zero-leakage recovery; audit/safe-mode response correct
MS-MARCO-RBAC,8000000,8000000,Lethe,crash_after_predicate_update,4,0.0,0.933,True,True,predicate_commit,6.5,crash_after_overlay_write,55,7,30.958849,0,1,0,1,True,True,05346d936922b882,fa662b19086df326,"scenario-specific recovery path, common safe final state",zero_leakage_safe_state,True,True,True,True,audit_passed,fallback_to_safe_mode,True,True,True,True,zero-leakage recovery; audit/safe-mode response correct
MS-MARCO-RBAC,8000000,8000000,Lethe,crash_after_key_destruction,0,0.0,0.972,False,True,predicate_commit,6.5,crash_after_reverse_adjacency_update,71,8,38.631127,1,0,1,1,True,True,05346d936922b882,13a2161312ce3af5,"scenario-specific recovery path, common safe final state",zero_leakage_safe_state,True,True,True,True,audit_passed,normal_recovery,True,True,True,True,zero-leakage recovery; audit/safe-mode response correct
MS-MARCO-RBAC,8000000,8000000,Lethe,crash_after_key_destruction,1,0.0,0.972,False,True,predicate_commit,6.5,crash_after_audit_log_append,39,5,24.611663,0,0,1,1,True,True,05346d936922b882,3209f2a0d57190f1,"scenario-specific recovery path, common safe final state",zero_leakage_safe_state,True,True,True,True,audit_passed,normal_recovery,True,True,True,True,zero-leakage recovery; audit/safe-mode response correct
MS-MARCO-RBAC,8000000,8000000,Lethe,crash_after_key_destruction,2,0.0,0.972,False,True,predicate_commit,6.5,crash_during_overlay_replay,80,8,42.466573,1,1,0,1,True,True,05346d936922b882,8c4e3ec213bff848,"scenario-specific recovery path, common safe final state",zero_leakage_safe_state,True,True,True,True,audit_passed,normal_recovery,True,True,True,True,zero-leakage recovery; audit/safe-mode response correct
MS-MARCO-RBAC,8000000,8000000,Lethe,crash_after_key_destruction,3,0.0,0.972,False,True,predicate_commit,6.5,crash_during_predicate_replay,90,11,50.413201,1,1,0,1,True,True,05346d936922b882,ad0d764d85a4ba09,"scenario-specific recovery path, common safe final state",zero_leakage_safe_state,True,True,True,True,audit_passed,normal_recovery,True,True,True,True,zero-leakage recovery; audit/safe-mode response correct
MS-MARCO-RBAC,8000000,8000000,Lethe,crash_after_key_destruction,4,0.0,0.972,False,True,predicate_commit,6.5,recovery_missing_overlay,104,13,59.931272,0,1,1,1,True,True,05346d936922b882,68c6069aedd273b5,"scenario-specific recovery path, common safe final state",zero_leakage_safe_state,True,True,True,True,audit_passed,normal_recovery,True,True,True,True,zero-leakage recovery; audit/safe-mode response correct
MS-MARCO-RBAC,8000000,8000000,Lethe,recovery_missing_overlay,0,0.0,0.933,True,True,predicate_commit,6.5,recovery_missing_audit_record,95,13,57.055956,1,0,1,1,True,True,05346d936922b882,a999f897f7cea065,"scenario-specific recovery path, common safe final state",zero_leakage_safe_state,True,True,True,True,audit_passed,fallback_to_safe_mode,True,True,True,True,zero-leakage recovery; audit/safe-mode response correct
MS-MARCO-RBAC,8000000,8000000,Lethe,recovery_missing_overlay,1,0.0,0.933,True,True,predicate_commit,6.5,crash_after_key_destruction,50,5,25.690961,1,0,0,1,True,True,05346d936922b882,2dde3d22a182d845,"scenario-specific recovery path, common safe final state",zero_leakage_safe_state,True,True,True,True,audit_passed,fallback_to_safe_mode,True,True,True,True,zero-leakage recovery; audit/safe-mode response correct
MS-MARCO-RBAC,8000000,8000000,Lethe,recovery_missing_overlay,2,0.0,0.933,True,True,predicate_commit,6.5,crash_after_predicate_update,66,7,37.201105,1,0,0,1,True,True,05346d936922b882,2b68f9353cd03be9,"scenario-specific recovery path, common safe final state",zero_leakage_safe_state,True,True,True,True,audit_passed,fallback_to_safe_mode,True,True,True,True,zero-leakage recovery; audit/safe-mode response correct
MS-MARCO-RBAC,8000000,8000000,Lethe,recovery_missing_overlay,3,0.0,0.933,True,True,predicate_commit,6.5,crash_after_overlay_write,58,4,30.411462,0,1,0,1,True,True,05346d936922b882,97ff62fb63de786a,"scenario-specific recovery path, common safe final state",zero_leakage_safe_state,True,True,True,True,audit_passed,fallback_to_safe_mode,True,True,True,True,zero-leakage recovery; audit/safe-mode response correct
MS-MARCO-RBAC,8000000,8000000,Lethe,recovery_missing_overlay,4,0.0,0.933,True,True,predicate_commit,6.5,crash_after_reverse_adjacency_update,71,8,40.338896,1,0,1,1,True,True,05346d936922b882,13a2161312ce3af5,"scenario-specific recovery path, common safe final state",zero_leakage_safe_state,True,True,True,True,audit_passed,fallback_to_safe_mode,True,True,True,True,zero-leakage recovery; audit/safe-mode response correct
MS-MARCO-RBAC,8000000,8000000,Lethe,recovery_stale_predicate,0,0.0,0.972,True,False,predicate_commit,6.5,crash_after_audit_log_append,41,3,20.847691,0,0,1,1,True,True,05346d936922b882,021c47252157e4e4,"scenario-specific recovery path, common safe final state",zero_leakage_safe_state,True,True,True,True,audit_gap_detected_or_rejected,fallback_to_safe_mode,True,True,True,True,zero-leakage recovery; audit/safe-mode response correct
MS-MARCO-RBAC,8000000,8000000,Lethe,recovery_stale_predicate,1,0.0,0.972,True,False,predicate_commit,6.5,crash_during_overlay_replay,81,8,45.229893,1,1,0,1,True,True,05346d936922b882,296dbcc38d5936d2,"scenario-specific recovery path, common safe final state",zero_leakage_safe_state,True,True,True,True,audit_gap_detected_or_rejected,fallback_to_safe_mode,True,True,True,True,zero-leakage recovery; audit/safe-mode response correct
MS-MARCO-RBAC,8000000,8000000,Lethe,recovery_stale_predicate,2,0.0,0.972,True,False,predicate_commit,6.5,crash_during_predicate_replay,89,11,49.414648,1,1,0,1,True,True,05346d936922b882,902b239173020c12,"scenario-specific recovery path, common safe final state",zero_leakage_safe_state,True,True,True,True,audit_gap_detected_or_rejected,fallback_to_safe_mode,True,True,True,True,zero-leakage recovery; audit/safe-mode response correct
MS-MARCO-RBAC,8000000,8000000,Lethe,recovery_stale_predicate,3,0.0,0.972,True,False,predicate_commit,6.5,recovery_missing_overlay,104,14,61.672341,0,1,1,1,True,True,05346d936922b882,b06221eb079a7087,"scenario-specific recovery path, common safe final state",zero_leakage_safe_state,True,True,True,True,audit_gap_detected_or_rejected,fallback_to_safe_mode,True,True,True,True,zero-leakage recovery; audit/safe-mode response correct
MS-MARCO-RBAC,8000000,8000000,Lethe,recovery_stale_predicate,4,0.0,0.972,True,False,predicate_commit,6.5,recovery_missing_audit_record,95,12,55.793506,1,0,1,1,True,True,05346d936922b882,cef80934e0b63d8c,"scenario-specific recovery path, common safe final state",zero_leakage_safe_state,True,True,True,True,audit_gap_detected_or_rejected,fallback_to_safe_mode,True,True,True,True,zero-leakage recovery; audit/safe-mode response correct
MS-MARCO-RBAC,8000000,8000000,Tombstone,query_before_commit,0,0.06134445,0.972,False,False,none,18.0,crash_after_key_destruction,20,5,16.592827,1,0,0,1,True,True,0f9d5ea96fb52ba1,bce1b39daf028621,"scenario-specific recovery path, common safe final state",residual_leakage_varies_by_crash_path,False,False,False,False,audit_gap_detected_or_rejected,normal_recovery,,,,,residual leakage baseline; audit/safe-mode not applicable
MS-MARCO-RBAC,8000000,8000000,Tombstone,query_before_commit,1,0.08277179,0.972,False,False,none,18.0,crash_after_predicate_update,30,8,24.42157,1,0,0,0,True,True,0f9d5ea96fb52ba1,2bfe68694714b8d7,"scenario-specific recovery path, common safe final state",residual_leakage_varies_by_crash_path,False,False,False,False,audit_gap_detected_or_rejected,normal_recovery,,,,,residual leakage baseline; audit/safe-mode not applicable
MS-MARCO-RBAC,8000000,8000000,Tombstone,query_before_commit,2,0.07368851,0.972,False,False,none,18.0,crash_after_overlay_write,24,5,17.195819,0,1,0,0,True,True,0f9d5ea96fb52ba1,d41c04b4b83e701e,"scenario-specific recovery path, common safe final state",residual_leakage_varies_by_crash_path,False,False,False,False,audit_gap_detected_or_rejected,normal_recovery,,,,,residual leakage baseline; audit/safe-mode not applicable
MS-MARCO-RBAC,8000000,8000000,Tombstone,query_before_commit,3,0.07595244,0.972,False,False,none,18.0,crash_after_reverse_adjacency_update,30,7,23.133853,1,0,1,0,True,True,0f9d5ea96fb52ba1,3310d10961dc6594,"scenario-specific recovery path, common safe final state",residual_leakage_varies_by_crash_path,False,False,False,False,audit_gap_detected_or_rejected,normal_recovery,,,,,residual leakage baseline; audit/safe-mode not applicable
MS-MARCO-RBAC,8000000,8000000,Tombstone,query_before_commit,4,0.06191697,0.972,False,False,none,18.0,crash_after_audit_log_append,17,2,11.093911,0,0,1,0,True,True,0f9d5ea96fb52ba1,f20cb78284146cfa,"scenario-specific recovery path, common safe final state",residual_leakage_varies_by_crash_path,False,False,False,False,audit_gap_detected_or_rejected,normal_recovery,,,,,residual leakage baseline; audit/safe-mode not applicable
MS-MARCO-RBAC,8000000,8000000,Tombstone,query_after_commit,0,0.08126112,0.972,False,False,none,18.0,crash_during_overlay_replay,30,8,24.821196,1,1,0,0,True,True,0f9d5ea96fb52ba1,9fce6f4c1b1a1852,"scenario-specific recovery path, common safe final state",residual_leakage_varies_by_crash_path,False,False,False,False,audit_gap_detected_or_rejected,normal_recovery,,,,,residual leakage baseline; audit/safe-mode not applicable
MS-MARCO-RBAC,8000000,8000000,Tombstone,query_after_commit,1,0.08900436,0.972,False,False,none,18.0,crash_during_predicate_replay,34,12,32.848504,1,1,0,0,True,True,0f9d5ea96fb52ba1,c69abc618e7def9c,"scenario-specific recovery path, common safe final state",residual_leakage_varies_by_crash_path,False,False,False,False,audit_gap_detected_or_rejected,normal_recovery,,,,,residual leakage baseline; audit/safe-mode not applicable
MS-MARCO-RBAC,8000000,8000000,Tombstone,query_after_commit,2,0.10725322,0.972,False,False,none,18.0,recovery_missing_overlay,46,13,38.864641,0,1,1,0,True,True,0f9d5ea96fb52ba1,f47619f1de50ff79,"scenario-specific recovery path, common safe final state",residual_leakage_varies_by_crash_path,False,False,False,False,audit_gap_detected_or_rejected,normal_recovery,,,,,residual leakage baseline; audit/safe-mode not applicable
MS-MARCO-RBAC,8000000,8000000,Tombstone,query_after_commit,3,0.08020529,0.972,False,False,none,18.0,recovery_missing_audit_record,42,11,33.195308,1,0,1,0,True,True,0f9d5ea96fb52ba1,eaa537b07afd3f9c,"scenario-specific recovery path, common safe final state",residual_leakage_varies_by_crash_path,False,False,False,False,audit_gap_detected_or_rejected,normal_recovery,,,,,residual leakage baseline; audit/safe-mode not applicable
MS-MARCO-RBAC,8000000,8000000,Tombstone,query_after_commit,4,0.06294965,0.972,False,False,none,18.0,crash_after_key_destruction,20,5,15.736155,1,0,0,1,True,True,0f9d5ea96fb52ba1,bce1b39daf028621,"scenario-specific recovery path, common safe final state",residual_leakage_varies_by_crash_path,False,False,False,False,audit_gap_detected_or_rejected,normal_recovery,,,,,residual leakage baseline; audit/safe-mode not applicable
MS-MARCO-RBAC,8000000,8000000,Tombstone,query_overlaps_commit,0,0.08691437,0.972,False,False,none,18.0,crash_after_predicate_update,27,8,24.281803,1,0,0,0,True,True,0f9d5ea96fb52ba1,f2780a452b6f58e7,"scenario-specific recovery path, common safe final state",residual_leakage_varies_by_crash_path,False,False,False,False,audit_gap_detected_or_rejected,normal_recovery,,,,,residual leakage baseline; audit/safe-mode not applicable
MS-MARCO-RBAC,8000000,8000000,Tombstone,query_overlaps_commit,1,0.08065229,0.972,False,False,none,18.0,crash_after_overlay_write,27,5,18.042528,0,1,0,0,True,True,0f9d5ea96fb52ba1,600241240cefdeb2,"scenario-specific recovery path, common safe final state",residual_leakage_varies_by_crash_path,False,False,False,False,audit_gap_detected_or_rejected,normal_recovery,,,,,residual leakage baseline; audit/safe-mode not applicable
MS-MARCO-RBAC,8000000,8000000,Tombstone,query_overlaps_commit,2,0.07539589,0.972,False,False,none,18.0,crash_after_reverse_adjacency_update,27,9,24.637068,1,0,1,0,True,True,0f9d5ea96fb52ba1,8869bd437aba8c5f,"scenario-specific recovery path, common safe final state",residual_leakage_varies_by_crash_path,False,False,False,False,audit_gap_detected_or_rejected,normal_recovery,,,,,residual leakage baseline; audit/safe-mode not applicable
MS-MARCO-RBAC,8000000,8000000,Tombstone,query_overlaps_commit,3,0.0602163,0.972,False,False,none,18.0,crash_after_audit_log_append,17,3,12.608842,0,0,1,0,True,True,0f9d5ea96fb52ba1,ea9139dbba4600c6,"scenario-specific recovery path, common safe final state",residual_leakage_varies_by_crash_path,False,False,False,False,audit_gap_detected_or_rejected,normal_recovery,,,,,residual leakage baseline; audit/safe-mode not applicable
MS-MARCO-RBAC,8000000,8000000,Tombstone,query_overlaps_commit,4,0.08770551,0.972,False,False,none,18.0,crash_during_overlay_replay,32,9,27.910559,1,1,0,0,True,True,0f9d5ea96fb52ba1,39772698b07b810c,"scenario-specific recovery path, common safe final state",residual_leakage_varies_by_crash_path,False,False,False,False,audit_gap_detected_or_rejected,normal_recovery,,,,,residual leakage baseline; audit/safe-mode not applicable
MS-MARCO-RBAC,8000000,8000000,Tombstone,crash_after_log_intent,0,0.08752522,0.972,False,False,none,18.0,crash_during_predicate_replay,35,11,29.69943,1,1,0,0,True,True,0f9d5ea96fb52ba1,d08f40f7cb836723,"scenario-specific recovery path, common safe final state",residual_leakage_varies_by_crash_path,False,False,False,False,audit_gap_detected_or_rejected,normal_recovery,,,,,residual leakage baseline; audit/safe-mode not applicable
MS-MARCO-RBAC,8000000,8000000,Tombstone,crash_after_log_intent,1,0.11133757,0.972,False,False,none,18.0,recovery_missing_overlay,43,12,33.681347,0,1,1,0,True,True,0f9d5ea96fb52ba1,0a1ab76e2824f3a5,"scenario-specific recovery path, common safe final state",residual_leakage_varies_by_crash_path,False,False,False,False,audit_gap_detected_or_rejected,normal_recovery,,,,,residual leakage baseline; audit/safe-mode not applicable
MS-MARCO-RBAC,8000000,8000000,Tombstone,crash_after_log_intent,2,0.08219287,0.972,False,False,none,18.0,recovery_missing_audit_record,43,12,34.703561,1,0,1,0,True,True,0f9d5ea96fb52ba1,73e286b5cf8b9673,"scenario-specific recovery path, common safe final state",residual_leakage_varies_by_crash_path,False,False,False,False,audit_gap_detected_or_rejected,normal_recovery,,,,,residual leakage baseline; audit/safe-mode not applicable
MS-MARCO-RBAC,8000000,8000000,Tombstone,crash_after_log_intent,3,0.06169269,0.972,False,False,none,18.0,crash_after_key_destruction,23,5,19.106426,1,0,0,1,True,True,0f9d5ea96fb52ba1,5474db201af8fa8f,"scenario-specific recovery path, common safe final state",residual_leakage_varies_by_crash_path,False,False,False,False,audit_gap_detected_or_rejected,normal_recovery,,,,,residual leakage baseline; audit/safe-mode not applicable
MS-MARCO-RBAC,8000000,8000000,Tombstone,crash_after_log_intent,4,0.0798327,0.972,False,False,none,18.0,crash_after_predicate_update,29,8,23.788597,1,0,0,0,True,True,0f9d5ea96fb52ba1,fca6e591d1150ca7,"scenario-specific recovery path, common safe final state",residual_leakage_varies_by_crash_path,False,False,False,False,audit_gap_detected_or_rejected,normal_recovery,,,,,residual leakage baseline; audit/safe-mode not applicable
MS-MARCO-RBAC,8000000,8000000,Tombstone,crash_after_overlay_build,0,0.07455753,0.972,False,False,none,18.0,crash_after_overlay_write,23,6,19.826893,0,1,0,0,True,True,0f9d5ea96fb52ba1,93e55faa3739405b,"scenario-specific recovery path, common safe final state",residual_leakage_varies_by_crash_path,False,False,False,False,audit_gap_detected_or_rejected,normal_recovery,,,,,residual leakage baseline; audit/safe-mode not applicable
MS-MARCO-RBAC,8000000,8000000,Tombstone,crash_after_overlay_build,1,0.07644401,0.972,False,False,none,18.0,crash_after_reverse_adjacency_update,31,8,23.929866,1,0,1,0,True,True,0f9d5ea96fb52ba1,c9481f7c8221ace8,"scenario-specific recovery path, common safe final state",residual_leakage_varies_by_crash_path,False,False,False,False,audit_gap_detected_or_rejected,normal_recovery,,,,,residual leakage baseline; audit/safe-mode not applicable
MS-MARCO-RBAC,8000000,8000000,Tombstone,crash_after_overlay_build,2,0.06279869,0.972,False,False,none,18.0,crash_after_audit_log_append,21,3,12.942318,0,0,1,0,True,True,0f9d5ea96fb52ba1,126eb0dae4faa632,"scenario-specific recovery path, common safe final state",residual_leakage_varies_by_crash_path,False,False,False,False,audit_gap_detected_or_rejected,normal_recovery,,,,,residual leakage baseline; audit/safe-mode not applicable
MS-MARCO-RBAC,8000000,8000000,Tombstone,crash_after_overlay_build,3,0.07988811,0.972,False,False,none,18.0,crash_during_overlay_replay,33,8,23.405349,1,1,0,0,True,True,0f9d5ea96fb52ba1,c065cec1fc955484,"scenario-specific recovery path, common safe final state",residual_leakage_varies_by_crash_path,False,False,False,False,audit_gap_detected_or_rejected,normal_recovery,,,,,residual leakage baseline; audit/safe-mode not applicable
MS-MARCO-RBAC,8000000,8000000,Tombstone,crash_after_overlay_build,4,0.08700649,0.972,False,False,none,18.0,crash_during_predicate_replay,33,9,25.019427,1,1,0,0,True,True,0f9d5ea96fb52ba1,91b5b47f51305293,"scenario-specific recovery path, common safe final state",residual_leakage_varies_by_crash_path,False,False,False,False,audit_gap_detected_or_rejected,normal_recovery,,,,,residual leakage baseline; audit/safe-mode not applicable
MS-MARCO-RBAC,8000000,8000000,Tombstone,crash_after_predicate_update,0,0.10724609,0.972,False,False,none,18.0,recovery_missing_overlay,44,12,37.5699,0,1,1,0,True,True,0f9d5ea96fb52ba1,cb61a648c7d6b103,"scenario-specific recovery path, common safe final state",residual_leakage_varies_by_crash_path,False,False,False,False,audit_gap_detected_or_rejected,normal_recovery,,,,,residual leakage baseline; audit/safe-mode not applicable
MS-MARCO-RBAC,8000000,8000000,Tombstone,crash_after_predicate_update,1,0.08054136,0.972,False,False,none,18.0,recovery_missing_audit_record,42,12,35.864321,1,0,1,0,True,True,0f9d5ea96fb52ba1,224df6f2d2f852ff,"scenario-specific recovery path, common safe final state",residual_leakage_varies_by_crash_path,False,False,False,False,audit_gap_detected_or_rejected,normal_recovery,,,,,residual leakage baseline; audit/safe-mode not applicable
MS-MARCO-RBAC,8000000,8000000,Tombstone,crash_after_predicate_update,2,0.0602075,0.972,False,False,none,18.0,crash_after_key_destruction,25,4,15.675185,1,0,0,1,True,True,0f9d5ea96fb52ba1,b1ae7611163aa3d7,"scenario-specific recovery path, common safe final state",residual_leakage_varies_by_crash_path,False,False,False,False,audit_gap_detected_or_rejected,normal_recovery,,,,,residual leakage baseline; audit/safe-mode not applicable
MS-MARCO-RBAC,8000000,8000000,Tombstone,crash_after_predicate_update,3,0.08367005,0.972,False,False,none,18.0,crash_after_predicate_update,26,8,20.782955,1,0,0,0,True,True,0f9d5ea96fb52ba1,bcc437b65ce29a74,"scenario-specific recovery path, common safe final state",residual_leakage_varies_by_crash_path,False,False,False,False,audit_gap_detected_or_rejected,normal_recovery,,,,,residual leakage baseline; audit/safe-mode not applicable
MS-MARCO-RBAC,8000000,8000000,Tombstone,crash_after_predicate_update,4,0.07778001,0.972,False,False,none,18.0,crash_after_overlay_write,24,6,18.457182,0,1,0,0,True,True,0f9d5ea96fb52ba1,ff51a31259948af2,"scenario-specific recovery path, common safe final state",residual_leakage_varies_by_crash_path,False,False,False,False,audit_gap_detected_or_rejected,normal_recovery,,,,,residual leakage baseline; audit/safe-mode not applicable
MS-MARCO-RBAC,8000000,8000000,Tombstone,crash_after_key_destruction,0,0.07227862,0.972,False,False,none,18.0,crash_after_reverse_adjacency_update,32,7,23.84604,1,0,1,0,True,True,0f9d5ea96fb52ba1,5241e79a45dfaec2,"scenario-specific recovery path, common safe final state",residual_leakage_varies_by_crash_path,False,False,False,False,audit_gap_detected_or_rejected,normal_recovery,,,,,residual leakage baseline; audit/safe-mode not applicable
MS-MARCO-RBAC,8000000,8000000,Tombstone,crash_after_key_destruction,1,0.06790068,0.972,False,False,none,18.0,crash_after_audit_log_append,21,3,13.954912,0,0,1,0,True,True,0f9d5ea96fb52ba1,126eb0dae4faa632,"scenario-specific recovery path, common safe final state",residual_leakage_varies_by_crash_path,False,False,False,False,audit_gap_detected_or_rejected,normal_recovery,,,,,residual leakage baseline; audit/safe-mode not applicable
MS-MARCO-RBAC,8000000,8000000,Tombstone,crash_after_key_destruction,2,0.08237833,0.972,False,False,none,18.0,crash_during_overlay_replay,32,9,26.731025,1,1,0,0,True,True,0f9d5ea96fb52ba1,39772698b07b810c,"scenario-specific recovery path, common safe final state",residual_leakage_varies_by_crash_path,False,False,False,False,audit_gap_detected_or_rejected,normal_recovery,,,,,residual leakage baseline; audit/safe-mode not applicable
MS-MARCO-RBAC,8000000,8000000,Tombstone,crash_after_key_destruction,3,0.08807705,0.972,False,False,none,18.0,crash_during_predicate_replay,37,10,30.46413,1,1,0,0,True,True,0f9d5ea96fb52ba1,d9d27cd4a2005803,"scenario-specific recovery path, common safe final state",residual_leakage_varies_by_crash_path,False,False,False,False,audit_gap_detected_or_rejected,normal_recovery,,,,,residual leakage baseline; audit/safe-mode not applicable
MS-MARCO-RBAC,8000000,8000000,Tombstone,crash_after_key_destruction,4,0.10906882,0.972,False,False,none,18.0,recovery_missing_overlay,47,13,37.135025,0,1,1,0,True,True,0f9d5ea96fb52ba1,ab83f29cefaaa2f7,"scenario-specific recovery path, common safe final state",residual_leakage_varies_by_crash_path,False,False,False,False,audit_gap_detected_or_rejected,normal_recovery,,,,,residual leakage baseline; audit/safe-mode not applicable
MS-MARCO-RBAC,8000000,8000000,Tombstone,recovery_missing_overlay,0,0.07071774,0.972,False,False,none,18.0,recovery_missing_audit_record,41,13,37.182525,1,0,1,0,True,True,0f9d5ea96fb52ba1,65c70fdc7225c15b,"scenario-specific recovery path, common safe final state",residual_leakage_varies_by_crash_path,False,False,False,False,audit_gap_detected_or_rejected,normal_recovery,,,,,residual leakage baseline; audit/safe-mode not applicable
MS-MARCO-RBAC,8000000,8000000,Tombstone,recovery_missing_overlay,1,0.06594741,0.972,False,False,none,18.0,crash_after_key_destruction,17,5,14.300276,1,0,0,1,True,True,0f9d5ea96fb52ba1,9090d04d45fbe53d,"scenario-specific recovery path, common safe final state",residual_leakage_varies_by_crash_path,False,False,False,False,audit_gap_detected_or_rejected,normal_recovery,,,,,residual leakage baseline; audit/safe-mode not applicable
MS-MARCO-RBAC,8000000,8000000,Tombstone,recovery_missing_overlay,2,0.0816553,0.972,False,False,none,18.0,crash_after_predicate_update,31,6,19.588119,1,0,0,0,True,True,0f9d5ea96fb52ba1,5e154d7363dced38,"scenario-specific recovery path, common safe final state",residual_leakage_varies_by_crash_path,False,False,False,False,audit_gap_detected_or_rejected,normal_recovery,,,,,residual leakage baseline; audit/safe-mode not applicable
MS-MARCO-RBAC,8000000,8000000,Tombstone,recovery_missing_overlay,3,0.07696587,0.972,False,False,none,18.0,crash_after_overlay_write,23,6,18.95917,0,1,0,0,True,True,0f9d5ea96fb52ba1,93e55faa3739405b,"scenario-specific recovery path, common safe final state",residual_leakage_varies_by_crash_path,False,False,False,False,audit_gap_detected_or_rejected,normal_recovery,,,,,residual leakage baseline; audit/safe-mode not applicable
MS-MARCO-RBAC,8000000,8000000,Tombstone,recovery_missing_overlay,4,0.07146635,0.972,False,False,none,18.0,crash_after_reverse_adjacency_update,33,8,25.617606,1,0,1,0,True,True,0f9d5ea96fb52ba1,06a0ad2d9e47a670,"scenario-specific recovery path, common safe final state",residual_leakage_varies_by_crash_path,False,False,False,False,audit_gap_detected_or_rejected,normal_recovery,,,,,residual leakage baseline; audit/safe-mode not applicable
MS-MARCO-RBAC,8000000,8000000,Tombstone,recovery_stale_predicate,0,0.06753151,0.972,False,False,none,18.0,crash_after_audit_log_append,17,2,11.413828,0,0,1,0,True,True,0f9d5ea96fb52ba1,f20cb78284146cfa,"scenario-specific recovery path, common safe final state",residual_leakage_varies_by_crash_path,False,False,False,False,audit_gap_detected_or_rejected,normal_recovery,,,,,residual leakage baseline; audit/safe-mode not applicable
MS-MARCO-RBAC,8000000,8000000,Tombstone,recovery_stale_predicate,1,0.08592218,0.972,False,False,none,18.0,crash_during_overlay_replay,34,9,26.715798,1,1,0,0,True,True,0f9d5ea96fb52ba1,541780254a438454,"scenario-specific recovery path, common safe final state",residual_leakage_varies_by_crash_path,False,False,False,False,audit_gap_detected_or_rejected,normal_recovery,,,,,residual leakage baseline; audit/safe-mode not applicable
MS-MARCO-RBAC,8000000,8000000,Tombstone,recovery_stale_predicate,2,0.09736067,0.972,False,False,none,18.0,crash_during_predicate_replay,40,11,32.577781,1,1,0,0,True,True,0f9d5ea96fb52ba1,01f7160e6c23ef2d,"scenario-specific recovery path, common safe final state",residual_leakage_varies_by_crash_path,False,False,False,False,audit_gap_detected_or_rejected,normal_recovery,,,,,residual leakage baseline; audit/safe-mode not applicable
MS-MARCO-RBAC,8000000,8000000,Tombstone,recovery_stale_predicate,3,0.10773117,0.972,False,False,none,18.0,recovery_missing_overlay,46,13,36.558588,0,1,1,0,True,True,0f9d5ea96fb52ba1,f47619f1de50ff79,"scenario-specific recovery path, common safe final state",residual_leakage_varies_by_crash_path,False,False,False,False,audit_gap_detected_or_rejected,normal_recovery,,,,,residual leakage baseline; audit/safe-mode not applicable
MS-MARCO-RBAC,8000000,8000000,Tombstone,recovery_stale_predicate,4,0.07504527,0.972,False,False,none,18.0,recovery_missing_audit_record,36,12,33.479642,1,0,1,0,True,True,0f9d5ea96fb52ba1,a70cbbfcc46d154f,"scenario-specific recovery path, common safe final state",residual_leakage_varies_by_crash_path,False,False,False,False,audit_gap_detected_or_rejected,normal_recovery,,,,,residual leakage baseline; audit/safe-mode not applicable
MS-MARCO-RBAC,8000000,8000000,Physical-delete,query_before_commit,0,0.0,0.972,False,False,none,18.0,crash_after_key_destruction,64,5,32.382306,1,0,0,1,True,True,479f433d79a27356,cabf27f7af795203,"scenario-specific recovery path, common safe final state",zero_leakage_safe_state,False,False,False,True,audit_gap_detected_or_rejected,normal_recovery,,True,,,zero-leakage recovery; audit/safe-mode not applicable
MS-MARCO-RBAC,8000000,8000000,Physical-delete,query_before_commit,1,0.0,0.972,False,False,none,18.0,crash_after_predicate_update,84,8,43.76237,1,0,0,1,True,True,479f433d79a27356,ec6b229758a28230,"scenario-specific recovery path, common safe final state",zero_leakage_safe_state,False,False,False,True,audit_gap_detected_or_rejected,normal_recovery,,True,,,zero-leakage recovery; audit/safe-mode not applicable
MS-MARCO-RBAC,8000000,8000000,Physical-delete,query_before_commit,2,0.0,0.972,False,False,none,18.0,crash_after_overlay_write,78,6,41.378991,0,1,0,1,True,True,479f433d79a27356,639cdb2a0dfccd6d,"scenario-specific recovery path, common safe final state",zero_leakage_safe_state,False,False,False,True,audit_gap_detected_or_rejected,normal_recovery,,True,,,zero-leakage recovery; audit/safe-mode not applicable
MS-MARCO-RBAC,8000000,8000000,Physical-delete,query_before_commit,3,0.0,0.972,False,False,none,18.0,crash_after_reverse_adjacency_update,95,8,50.793556,1,0,1,1,True,True,479f433d79a27356,ab9503f628bdc75e,"scenario-specific recovery path, common safe final state",zero_leakage_safe_state,False,False,False,True,audit_gap_detected_or_rejected,normal_recovery,,True,,,zero-leakage recovery; audit/safe-mode not applicable
MS-MARCO-RBAC,8000000,8000000,Physical-delete,query_before_commit,4,0.0,0.972,False,False,none,18.0,crash_after_audit_log_append,54,4,29.525866,0,0,1,1,True,True,479f433d79a27356,a5771f39864729f0,"scenario-specific recovery path, common safe final state",zero_leakage_safe_state,False,False,False,True,audit_gap_detected_or_rejected,normal_recovery,,True,,,zero-leakage recovery; audit/safe-mode not applicable
MS-MARCO-RBAC,8000000,8000000,Physical-delete,query_after_commit,0,0.0,0.972,False,False,none,18.0,crash_during_overlay_replay,103,8,52.626704,1,1,0,1,True,True,479f433d79a27356,e700ff1ec3597b82,"scenario-specific recovery path, common safe final state",zero_leakage_safe_state,False,False,False,True,audit_gap_detected_or_rejected,normal_recovery,,True,,,zero-leakage recovery; audit/safe-mode not applicable
MS-MARCO-RBAC,8000000,8000000,Physical-delete,query_after_commit,1,0.0,0.972,False,False,none,18.0,crash_during_predicate_replay,115,11,60.878264,1,1,0,1,True,True,479f433d79a27356,cac41d059a77313c,"scenario-specific recovery path, common safe final state",zero_leakage_safe_state,False,False,False,True,audit_gap_detected_or_rejected,normal_recovery,,True,,,zero-leakage recovery; audit/safe-mode not applicable
MS-MARCO-RBAC,8000000,8000000,Physical-delete,query_after_commit,2,0.0,0.972,False,False,none,18.0,recovery_missing_overlay,138,13,73.515102,0,1,1,1,True,True,479f433d79a27356,2fa347fa3bc4f089,"scenario-specific recovery path, common safe final state",zero_leakage_safe_state,False,False,False,True,audit_gap_detected_or_rejected,normal_recovery,,True,,,zero-leakage recovery; audit/safe-mode not applicable
MS-MARCO-RBAC,8000000,8000000,Physical-delete,query_after_commit,3,0.0,0.972,False,False,none,18.0,recovery_missing_audit_record,126,11,65.946071,1,0,1,1,True,True,479f433d79a27356,84e5cbfc1776b1f7,"scenario-specific recovery path, common safe final state",zero_leakage_safe_state,False,False,False,True,audit_gap_detected_or_rejected,normal_recovery,,True,,,zero-leakage recovery; audit/safe-mode not applicable
MS-MARCO-RBAC,8000000,8000000,Physical-delete,query_after_commit,4,0.0,0.972,False,False,none,18.0,crash_after_key_destruction,67,4,31.60569,1,0,0,1,True,True,479f433d79a27356,ae160ce7a85e4bcb,"scenario-specific recovery path, common safe final state",zero_leakage_safe_state,False,False,False,True,audit_gap_detected_or_rejected,normal_recovery,,True,,,zero-leakage recovery; audit/safe-mode not applicable
MS-MARCO-RBAC,8000000,8000000,Physical-delete,query_overlaps_commit,0,0.0,0.972,False,False,none,18.0,crash_after_predicate_update,87,7,43.050892,1,0,0,1,True,True,479f433d79a27356,37818f273ee84ab0,"scenario-specific recovery path, common safe final state",zero_leakage_safe_state,False,False,False,True,audit_gap_detected_or_rejected,normal_recovery,,True,,,zero-leakage recovery; audit/safe-mode not applicable
MS-MARCO-RBAC,8000000,8000000,Physical-delete,query_overlaps_commit,1,0.0,0.972,False,False,none,18.0,crash_after_overlay_write,73,5,37.508458,0,1,0,1,True,True,479f433d79a27356,866ed785c44a9e76,"scenario-specific recovery path, common safe final state",zero_leakage_safe_state,False,False,False,True,audit_gap_detected_or_rejected,normal_recovery,,True,,,zero-leakage recovery; audit/safe-mode not applicable
MS-MARCO-RBAC,8000000,8000000,Physical-delete,query_overlaps_commit,2,0.0,0.972,False,False,none,18.0,crash_after_reverse_adjacency_update,94,8,47.328362,1,0,1,1,True,True,479f433d79a27356,31396513b6b9e112,"scenario-specific recovery path, common safe final state",zero_leakage_safe_state,False,False,False,True,audit_gap_detected_or_rejected,normal_recovery,,True,,,zero-leakage recovery; audit/safe-mode not applicable
MS-MARCO-RBAC,8000000,8000000,Physical-delete,query_overlaps_commit,3,0.0,0.972,False,False,none,18.0,crash_after_audit_log_append,55,3,25.375459,0,0,1,1,True,True,479f433d79a27356,9b23d78d27d50428,"scenario-specific recovery path, common safe final state",zero_leakage_safe_state,False,False,False,True,audit_gap_detected_or_rejected,normal_recovery,,True,,,zero-leakage recovery; audit/safe-mode not applicable
MS-MARCO-RBAC,8000000,8000000,Physical-delete,query_overlaps_commit,4,0.0,0.972,False,False,none,18.0,crash_during_overlay_replay,105,10,55.312194,1,1,0,1,True,True,479f433d79a27356,3c855384d5272c16,"scenario-specific recovery path, common safe final state",zero_leakage_safe_state,False,False,False,True,audit_gap_detected_or_rejected,normal_recovery,,True,,,zero-leakage recovery; audit/safe-mode not applicable
MS-MARCO-RBAC,8000000,8000000,Physical-delete,crash_after_log_intent,0,0.0,0.972,False,False,none,18.0,crash_during_predicate_replay,113,10,59.056234,1,1,0,1,True,True,479f433d79a27356,68d3bc001963ac9d,"scenario-specific recovery path, common safe final state",zero_leakage_safe_state,False,False,False,True,audit_gap_detected_or_rejected,normal_recovery,,True,,,zero-leakage recovery; audit/safe-mode not applicable
MS-MARCO-RBAC,8000000,8000000,Physical-delete,crash_after_log_intent,1,0.0,0.972,False,False,none,18.0,recovery_missing_overlay,134,12,69.858764,0,1,1,1,True,True,479f433d79a27356,da01d6defe02314d,"scenario-specific recovery path, common safe final state",zero_leakage_safe_state,False,False,False,True,audit_gap_detected_or_rejected,normal_recovery,,True,,,zero-leakage recovery; audit/safe-mode not applicable
MS-MARCO-RBAC,8000000,8000000,Physical-delete,crash_after_log_intent,2,0.0,0.972,False,False,none,18.0,recovery_missing_audit_record,125,12,66.72182,1,0,1,1,True,True,479f433d79a27356,b2b892202c818302,"scenario-specific recovery path, common safe final state",zero_leakage_safe_state,False,False,False,True,audit_gap_detected_or_rejected,normal_recovery,,True,,,zero-leakage recovery; audit/safe-mode not applicable
MS-MARCO-RBAC,8000000,8000000,Physical-delete,crash_after_log_intent,3,0.0,0.972,False,False,none,18.0,crash_after_key_destruction,63,5,35.229736,1,0,0,1,True,True,479f433d79a27356,e2ef7eaf8ba61f74,"scenario-specific recovery path, common safe final state",zero_leakage_safe_state,False,False,False,True,audit_gap_detected_or_rejected,normal_recovery,,True,,,zero-leakage recovery; audit/safe-mode not applicable
MS-MARCO-RBAC,8000000,8000000,Physical-delete,crash_after_log_intent,4,0.0,0.972,False,False,none,18.0,crash_after_predicate_update,85,7,44.350524,1,0,0,1,True,True,479f433d79a27356,7352c427a348703c,"scenario-specific recovery path, common safe final state",zero_leakage_safe_state,False,False,False,True,audit_gap_detected_or_rejected,normal_recovery,,True,,,zero-leakage recovery; audit/safe-mode not applicable
MS-MARCO-RBAC,8000000,8000000,Physical-delete,crash_after_overlay_build,0,0.0,0.972,False,False,none,18.0,crash_after_overlay_write,73,5,36.077863,0,1,0,1,True,True,479f433d79a27356,866ed785c44a9e76,"scenario-specific recovery path, common safe final state",zero_leakage_safe_state,False,False,False,True,audit_gap_detected_or_rejected,normal_recovery,,True,,,zero-leakage recovery; audit/safe-mode not applicable
MS-MARCO-RBAC,8000000,8000000,Physical-delete,crash_after_overlay_build,1,0.0,0.972,False,False,none,18.0,crash_after_reverse_adjacency_update,99,8,51.177408,1,0,1,1,True,True,479f433d79a27356,74941273ed6c0b78,"scenario-specific recovery path, common safe final state",zero_leakage_safe_state,False,False,False,True,audit_gap_detected_or_rejected,normal_recovery,,True,,,zero-leakage recovery; audit/safe-mode not applicable
MS-MARCO-RBAC,8000000,8000000,Physical-delete,crash_after_overlay_build,2,0.0,0.972,False,False,none,18.0,crash_after_audit_log_append,56,3,29.127801,0,0,1,1,True,True,479f433d79a27356,1cc404da28e7f013,"scenario-specific recovery path, common safe final state",zero_leakage_safe_state,False,False,False,True,audit_gap_detected_or_rejected,normal_recovery,,True,,,zero-leakage recovery; audit/safe-mode not applicable
MS-MARCO-RBAC,8000000,8000000,Physical-delete,crash_after_overlay_build,3,0.0,0.972,False,False,none,18.0,crash_during_overlay_replay,103,9,55.162167,1,1,0,1,True,True,479f433d79a27356,3e94d49c6639c6ba,"scenario-specific recovery path, common safe final state",zero_leakage_safe_state,False,False,False,True,audit_gap_detected_or_rejected,normal_recovery,,True,,,zero-leakage recovery; audit/safe-mode not applicable
MS-MARCO-RBAC,8000000,8000000,Physical-delete,crash_after_overlay_build,4,0.0,0.972,False,False,none,18.0,crash_during_predicate_replay,114,10,56.193497,1,1,0,1,True,True,479f433d79a27356,540a98d92c5647ee,"scenario-specific recovery path, common safe final state",zero_leakage_safe_state,False,False,False,True,audit_gap_detected_or_rejected,normal_recovery,,True,,,zero-leakage recovery; audit/safe-mode not applicable
MS-MARCO-RBAC,8000000,8000000,Physical-delete,crash_after_predicate_update,0,0.0,0.972,False,False,none,18.0,recovery_missing_overlay,133,13,71.577138,0,1,1,1,True,True,479f433d79a27356,e5492164642cfba9,"scenario-specific recovery path, common safe final state",zero_leakage_safe_state,False,False,False,True,audit_gap_detected_or_rejected,normal_recovery,,True,,,zero-leakage recovery; audit/safe-mode not applicable
MS-MARCO-RBAC,8000000,8000000,Physical-delete,crash_after_predicate_update,1,0.0,0.972,False,False,none,18.0,recovery_missing_audit_record,127,11,65.799372,1,0,1,1,True,True,479f433d79a27356,04b422feb8f1d309,"scenario-specific recovery path, common safe final state",zero_leakage_safe_state,False,False,False,True,audit_gap_detected_or_rejected,normal_recovery,,True,,,zero-leakage recovery; audit/safe-mode not applicable
MS-MARCO-RBAC,8000000,8000000,Physical-delete,crash_after_predicate_update,2,0.0,0.972,False,False,none,18.0,crash_after_key_destruction,64,4,29.740668,1,0,0,1,True,True,479f433d79a27356,895676a109ff4d75,"scenario-specific recovery path, common safe final state",zero_leakage_safe_state,False,False,False,True,audit_gap_detected_or_rejected,normal_recovery,,True,,,zero-leakage recovery; audit/safe-mode not applicable
MS-MARCO-RBAC,8000000,8000000,Physical-delete,crash_after_predicate_update,3,0.0,0.972,False,False,none,18.0,crash_after_predicate_update,83,6,41.875279,1,0,0,1,True,True,479f433d79a27356,5794343e10041d7e,"scenario-specific recovery path, common safe final state",zero_leakage_safe_state,False,False,False,True,audit_gap_detected_or_rejected,normal_recovery,,True,,,zero-leakage recovery; audit/safe-mode not applicable
MS-MARCO-RBAC,8000000,8000000,Physical-delete,crash_after_predicate_update,4,0.0,0.972,False,False,none,18.0,crash_after_overlay_write,73,5,35.027374,0,1,0,1,True,True,479f433d79a27356,866ed785c44a9e76,"scenario-specific recovery path, common safe final state",zero_leakage_safe_state,False,False,False,True,audit_gap_detected_or_rejected,normal_recovery,,True,,,zero-leakage recovery; audit/safe-mode not applicable
MS-MARCO-RBAC,8000000,8000000,Physical-delete,crash_after_key_destruction,0,0.0,0.972,False,False,none,18.0,crash_after_reverse_adjacency_update,97,6,46.988139,1,0,1,1,True,True,479f433d79a27356,a71dc3058713fdd6,"scenario-specific recovery path, common safe final state",zero_leakage_safe_state,False,False,False,True,audit_gap_detected_or_rejected,normal_recovery,,True,,,zero-leakage recovery; audit/safe-mode not applicable
MS-MARCO-RBAC,8000000,8000000,Physical-delete,crash_after_key_destruction,1,0.0,0.972,False,False,none,18.0,crash_after_audit_log_append,56,3,28.57661,0,0,1,1,True,True,479f433d79a27356,1cc404da28e7f013,"scenario-specific recovery path, common safe final state",zero_leakage_safe_state,False,False,False,True,audit_gap_detected_or_rejected,normal_recovery,,True,,,zero-leakage recovery; audit/safe-mode not applicable
MS-MARCO-RBAC,8000000,8000000,Physical-delete,crash_after_key_destruction,2,0.0,0.972,False,False,none,18.0,crash_during_overlay_replay,107,9,55.376312,1,1,0,1,True,True,479f433d79a27356,6a5a667082e4c2bc,"scenario-specific recovery path, common safe final state",zero_leakage_safe_state,False,False,False,True,audit_gap_detected_or_rejected,normal_recovery,,True,,,zero-leakage recovery; audit/safe-mode not applicable
MS-MARCO-RBAC,8000000,8000000,Physical-delete,crash_after_key_destruction,3,0.0,0.972,False,False,none,18.0,crash_during_predicate_replay,117,11,61.231811,1,1,0,1,True,True,479f433d79a27356,0772b21f554efa72,"scenario-specific recovery path, common safe final state",zero_leakage_safe_state,False,False,False,True,audit_gap_detected_or_rejected,normal_recovery,,True,,,zero-leakage recovery; audit/safe-mode not applicable
MS-MARCO-RBAC,8000000,8000000,Physical-delete,crash_after_key_destruction,4,0.0,0.972,False,False,none,18.0,recovery_missing_overlay,136,13,71.51519,0,1,1,1,True,True,479f433d79a27356,d3ca461493da7de5,"scenario-specific recovery path, common safe final state",zero_leakage_safe_state,False,False,False,True,audit_gap_detected_or_rejected,normal_recovery,,True,,,zero-leakage recovery; audit/safe-mode not applicable
MS-MARCO-RBAC,8000000,8000000,Physical-delete,recovery_missing_overlay,0,0.0,0.972,False,False,none,18.0,recovery_missing_audit_record,124,11,65.229037,1,0,1,1,True,True,479f433d79a27356,59351b16bf24ce2c,"scenario-specific recovery path, common safe final state",zero_leakage_safe_state,False,False,False,True,audit_gap_detected_or_rejected,normal_recovery,,True,,,zero-leakage recovery; audit/safe-mode not applicable
MS-MARCO-RBAC,8000000,8000000,Physical-delete,recovery_missing_overlay,1,0.0,0.972,False,False,none,18.0,crash_after_key_destruction,68,4,35.199771,1,0,0,1,True,True,479f433d79a27356,b265c1b7da9dabfc,"scenario-specific recovery path, common safe final state",zero_leakage_safe_state,False,False,False,True,audit_gap_detected_or_rejected,normal_recovery,,True,,,zero-leakage recovery; audit/safe-mode not applicable
MS-MARCO-RBAC,8000000,8000000,Physical-delete,recovery_missing_overlay,2,0.0,0.972,False,False,none,18.0,crash_after_predicate_update,89,6,45.001618,1,0,0,1,True,True,479f433d79a27356,12aff9ecd9675379,"scenario-specific recovery path, common safe final state",zero_leakage_safe_state,False,False,False,True,audit_gap_detected_or_rejected,normal_recovery,,True,,,zero-leakage recovery; audit/safe-mode not applicable
MS-MARCO-RBAC,8000000,8000000,Physical-delete,recovery_missing_overlay,3,0.0,0.972,False,False,none,18.0,crash_after_overlay_write,77,6,40.255044,0,1,0,1,True,True,479f433d79a27356,5c920ad995ae24cb,"scenario-specific recovery path, common safe final state",zero_leakage_safe_state,False,False,False,True,audit_gap_detected_or_rejected,normal_recovery,,True,,,zero-leakage recovery; audit/safe-mode not applicable
MS-MARCO-RBAC,8000000,8000000,Physical-delete,recovery_missing_overlay,4,0.0,0.972,False,False,none,18.0,crash_after_reverse_adjacency_update,93,8,48.303057,1,0,1,1,True,True,479f433d79a27356,5ca644f8205e76a6,"scenario-specific recovery path, common safe final state",zero_leakage_safe_state,False,False,False,True,audit_gap_detected_or_rejected,normal_recovery,,True,,,zero-leakage recovery; audit/safe-mode not applicable
MS-MARCO-RBAC,8000000,8000000,Physical-delete,recovery_stale_predicate,0,0.0,0.972,False,False,none,18.0,crash_after_audit_log_append,51,2,24.535194,0,0,1,1,True,True,479f433d79a27356,cd38f2ae11984ea6,"scenario-specific recovery path, common safe final state",zero_leakage_safe_state,False,False,False,True,audit_gap_detected_or_rejected,normal_recovery,,True,,,zero-leakage recovery; audit/safe-mode not applicable
MS-MARCO-RBAC,8000000,8000000,Physical-delete,recovery_stale_predicate,1,0.0,0.972,False,False,none,18.0,crash_during_overlay_replay,106,8,53.049839,1,1,0,1,True,True,479f433d79a27356,1d757941e1130088,"scenario-specific recovery path, common safe final state",zero_leakage_safe_state,False,False,False,True,audit_gap_detected_or_rejected,normal_recovery,,True,,,zero-leakage recovery; audit/safe-mode not applicable
MS-MARCO-RBAC,8000000,8000000,Physical-delete,recovery_stale_predicate,2,0.0,0.972,False,False,none,18.0,crash_during_predicate_replay,113,9,55.872723,1,1,0,1,True,True,479f433d79a27356,40f2293697853b8b,"scenario-specific recovery path, common safe final state",zero_leakage_safe_state,False,False,False,True,audit_gap_detected_or_rejected,normal_recovery,,True,,,zero-leakage recovery; audit/safe-mode not applicable
MS-MARCO-RBAC,8000000,8000000,Physical-delete,recovery_stale_predicate,3,0.0,0.972,False,False,none,18.0,recovery_missing_overlay,133,13,71.284318,0,1,1,1,True,True,479f433d79a27356,e5492164642cfba9,"scenario-specific recovery path, common safe final state",zero_leakage_safe_state,False,False,False,True,audit_gap_detected_or_rejected,normal_recovery,,True,,,zero-leakage recovery; audit/safe-mode not applicable
MS-MARCO-RBAC,8000000,8000000,Physical-delete,recovery_stale_predicate,4,0.0,0.972,False,False,none,18.0,recovery_missing_audit_record,124,11,64.784118,1,0,1,1,True,True,479f433d79a27356,59351b16bf24ce2c,"scenario-specific recovery path, common safe final state",zero_leakage_safe_state,False,False,False,True,audit_gap_detected_or_rejected,normal_recovery,,True,,,zero-leakage recovery; audit/safe-mode not applicable
MS-MARCO-RBAC,8000000,8000000,Periodic-rebuild,query_before_commit,0,0.04057986,0.972,False,False,none,18.0,crash_after_key_destruction,38,3,21.685173,1,0,0,1,True,True,b17bb681fefa892e,cb319660d2762193,"scenario-specific recovery path, common safe final state",residual_leakage_varies_by_crash_path,False,False,False,False,audit_gap_detected_or_rejected,normal_recovery,,,,,residual leakage baseline; audit/safe-mode not applicable
MS-MARCO-RBAC,8000000,8000000,Periodic-rebuild,query_before_commit,1,0.05416261,0.972,False,False,none,18.0,crash_after_predicate_update,47,7,29.030682,1,0,0,0,True,True,b17bb681fefa892e,577b3bf1632248b3,"scenario-specific recovery path, common safe final state",residual_leakage_varies_by_crash_path,False,False,False,False,audit_gap_detected_or_rejected,normal_recovery,,,,,residual leakage baseline; audit/safe-mode not applicable
MS-MARCO-RBAC,8000000,8000000,Periodic-rebuild,query_before_commit,2,0.04700419,0.972,False,False,none,18.0,crash_after_overlay_write,41,5,24.739873,0,1,0,0,True,True,b17bb681fefa892e,f380c8de00a34d4c,"scenario-specific recovery path, common safe final state",residual_leakage_varies_by_crash_path,False,False,False,False,audit_gap_detected_or_rejected,normal_recovery,,,,,residual leakage baseline; audit/safe-mode not applicable
MS-MARCO-RBAC,8000000,8000000,Periodic-rebuild,query_before_commit,3,0.04750904,0.972,False,False,none,18.0,crash_after_reverse_adjacency_update,48,8,29.620622,1,0,1,0,True,True,b17bb681fefa892e,c6dd01a56474c985,"scenario-specific recovery path, common safe final state",residual_leakage_varies_by_crash_path,False,False,False,False,audit_gap_detected_or_rejected,normal_recovery,,,,,residual leakage baseline; audit/safe-mode not applicable
MS-MARCO-RBAC,8000000,8000000,Periodic-rebuild,query_before_commit,4,0.0390684,0.972,False,False,none,18.0,crash_after_audit_log_append,30,3,17.533885,0,0,1,0,True,True,b17bb681fefa892e,d17fdda0a61cb1eb,"scenario-specific recovery path, common safe final state",residual_leakage_varies_by_crash_path,False,False,False,False,audit_gap_detected_or_rejected,normal_recovery,,,,,residual leakage baseline; audit/safe-mode not applicable
MS-MARCO-RBAC,8000000,8000000,Periodic-rebuild,query_after_commit,0,0.05702965,0.972,False,False,none,18.0,crash_during_overlay_replay,60,8,35.996349,1,1,0,0,True,True,b17bb681fefa892e,d8b6b06518cd8eff,"scenario-specific recovery path, common safe final state",residual_leakage_varies_by_crash_path,False,False,False,False,audit_gap_detected_or_rejected,normal_recovery,,,,,residual leakage baseline; audit/safe-mode not applicable
MS-MARCO-RBAC,8000000,8000000,Periodic-rebuild,query_after_commit,1,0.05406149,0.972,False,False,none,18.0,crash_during_predicate_replay,62,10,39.425152,1,1,0,0,True,True,b17bb681fefa892e,4356611a36e586c6,"scenario-specific recovery path, common safe final state",residual_leakage_varies_by_crash_path,False,False,False,False,audit_gap_detected_or_rejected,normal_recovery,,,,,residual leakage baseline; audit/safe-mode not applicable
MS-MARCO-RBAC,8000000,8000000,Periodic-rebuild,query_after_commit,2,0.06513159,0.972,False,False,none,18.0,recovery_missing_overlay,74,13,47.490852,0,1,1,0,True,True,b17bb681fefa892e,78daf01e93782eff,"scenario-specific recovery path, common safe final state",residual_leakage_varies_by_crash_path,False,False,False,False,audit_gap_detected_or_rejected,normal_recovery,,,,,residual leakage baseline; audit/safe-mode not applicable
MS-MARCO-RBAC,8000000,8000000,Periodic-rebuild,query_after_commit,3,0.04814897,0.972,False,False,none,18.0,recovery_missing_audit_record,71,12,43.806558,1,0,1,0,True,True,b17bb681fefa892e,d220dcd76899010a,"scenario-specific recovery path, common safe final state",residual_leakage_varies_by_crash_path,False,False,False,False,audit_gap_detected_or_rejected,normal_recovery,,,,,residual leakage baseline; audit/safe-mode not applicable
MS-MARCO-RBAC,8000000,8000000,Periodic-rebuild,query_after_commit,4,0.03659508,0.972,False,False,none,18.0,crash_after_key_destruction,34,3,19.61209,1,0,0,1,True,True,b17bb681fefa892e,564a243e893409d9,"scenario-specific recovery path, common safe final state",residual_leakage_varies_by_crash_path,False,False,False,False,audit_gap_detected_or_rejected,normal_recovery,,,,,residual leakage baseline; audit/safe-mode not applicable
MS-MARCO-RBAC,8000000,8000000,Periodic-rebuild,query_overlaps_commit,0,0.05302709,0.972,False,False,none,18.0,crash_after_predicate_update,42,7,26.089296,1,0,0,0,True,True,b17bb681fefa892e,b40711bb9f5abd21,"scenario-specific recovery path, common safe final state",residual_leakage_varies_by_crash_path,False,False,False,False,audit_gap_detected_or_rejected,normal_recovery,,,,,residual leakage baseline; audit/safe-mode not applicable
MS-MARCO-RBAC,8000000,8000000,Periodic-rebuild,query_overlaps_commit,1,0.04914313,0.972,False,False,none,18.0,crash_after_overlay_write,43,5,23.666448,0,1,0,0,True,True,b17bb681fefa892e,13dff40c2f443b3e,"scenario-specific recovery path, common safe final state",residual_leakage_varies_by_crash_path,False,False,False,False,audit_gap_detected_or_rejected,normal_recovery,,,,,residual leakage baseline; audit/safe-mode not applicable
MS-MARCO-RBAC,8000000,8000000,Periodic-rebuild,query_overlaps_commit,2,0.0428857,0.972,False,False,none,18.0,crash_after_reverse_adjacency_update,54,8,32.508748,1,0,1,0,True,True,b17bb681fefa892e,7d56e8529c31076c,"scenario-specific recovery path, common safe final state",residual_leakage_varies_by_crash_path,False,False,False,False,audit_gap_detected_or_rejected,normal_recovery,,,,,residual leakage baseline; audit/safe-mode not applicable
MS-MARCO-RBAC,8000000,8000000,Periodic-rebuild,query_overlaps_commit,3,0.04007267,0.972,False,False,none,18.0,crash_after_audit_log_append,28,2,15.245013,0,0,1,0,True,True,b17bb681fefa892e,526b10996ea956c4,"scenario-specific recovery path, common safe final state",residual_leakage_varies_by_crash_path,False,False,False,False,audit_gap_detected_or_rejected,normal_recovery,,,,,residual leakage baseline; audit/safe-mode not applicable
MS-MARCO-RBAC,8000000,8000000,Periodic-rebuild,query_overlaps_commit,4,0.04947516,0.972,False,False,none,18.0,crash_during_overlay_replay,56,9,33.424497,1,1,0,0,True,True,b17bb681fefa892e,379aa8ea4dcd9b26,"scenario-specific recovery path, common safe final state",residual_leakage_varies_by_crash_path,False,False,False,False,audit_gap_detected_or_rejected,normal_recovery,,,,,residual leakage baseline; audit/safe-mode not applicable
MS-MARCO-RBAC,8000000,8000000,Periodic-rebuild,crash_after_log_intent,0,0.05766138,0.972,False,False,none,18.0,crash_during_predicate_replay,61,11,38.848188,1,1,0,0,True,True,b17bb681fefa892e,f315a4693122d1bd,"scenario-specific recovery path, common safe final state",residual_leakage_varies_by_crash_path,False,False,False,False,audit_gap_detected_or_rejected,normal_recovery,,,,,residual leakage baseline; audit/safe-mode not applicable
MS-MARCO-RBAC,8000000,8000000,Periodic-rebuild,crash_after_log_intent,1,0.06905713,0.972,False,False,none,18.0,recovery_missing_overlay,75,13,48.070582,0,1,1,0,True,True,b17bb681fefa892e,b55be980deeff6cd,"scenario-specific recovery path, common safe final state",residual_leakage_varies_by_crash_path,False,False,False,False,audit_gap_detected_or_rejected,normal_recovery,,,,,residual leakage baseline; audit/safe-mode not applicable
MS-MARCO-RBAC,8000000,8000000,Periodic-rebuild,crash_after_log_intent,2,0.0469218,0.972,False,False,none,18.0,recovery_missing_audit_record,69,11,42.342553,1,0,1,0,True,True,b17bb681fefa892e,70ab2908a95aeda8,"scenario-specific recovery path, common safe final state",residual_leakage_varies_by_crash_path,False,False,False,False,audit_gap_detected_or_rejected,normal_recovery,,,,,residual leakage baseline; audit/safe-mode not applicable
MS-MARCO-RBAC,8000000,8000000,Periodic-rebuild,crash_after_log_intent,3,0.03701937,0.972,False,False,none,18.0,crash_after_key_destruction,37,4,21.345932,1,0,0,1,True,True,b17bb681fefa892e,f4d15cafb6d5f663,"scenario-specific recovery path, common safe final state",residual_leakage_varies_by_crash_path,False,False,False,False,audit_gap_detected_or_rejected,normal_recovery,,,,,residual leakage baseline; audit/safe-mode not applicable
MS-MARCO-RBAC,8000000,8000000,Periodic-rebuild,crash_after_log_intent,4,0.05286383,0.972,False,False,none,18.0,crash_after_predicate_update,46,8,30.87911,1,0,0,0,True,True,b17bb681fefa892e,787f7e3d01b14543,"scenario-specific recovery path, common safe final state",residual_leakage_varies_by_crash_path,False,False,False,False,audit_gap_detected_or_rejected,normal_recovery,,,,,residual leakage baseline; audit/safe-mode not applicable
MS-MARCO-RBAC,8000000,8000000,Periodic-rebuild,crash_after_overlay_build,0,0.04863534,0.972,False,False,none,18.0,crash_after_overlay_write,41,6,25.96856,0,1,0,0,True,True,b17bb681fefa892e,070a49848d153dda,"scenario-specific recovery path, common safe final state",residual_leakage_varies_by_crash_path,False,False,False,False,audit_gap_detected_or_rejected,normal_recovery,,,,,residual leakage baseline; audit/safe-mode not applicable
MS-MARCO-RBAC,8000000,8000000,Periodic-rebuild,crash_after_overlay_build,1,0.0483171,0.972,False,False,none,18.0,crash_after_reverse_adjacency_update,51,8,29.792876,1,0,1,0,True,True,b17bb681fefa892e,730778b3cd92d9a5,"scenario-specific recovery path, common safe final state",residual_leakage_varies_by_crash_path,False,False,False,False,audit_gap_detected_or_rejected,normal_recovery,,,,,residual leakage baseline; audit/safe-mode not applicable
MS-MARCO-RBAC,8000000,8000000,Periodic-rebuild,crash_after_overlay_build,2,0.03972685,0.972,False,False,none,18.0,crash_after_audit_log_append,28,3,18.026161,0,0,1,0,True,True,b17bb681fefa892e,960f7c4bb51733ea,"scenario-specific recovery path, common safe final state",residual_leakage_varies_by_crash_path,False,False,False,False,audit_gap_detected_or_rejected,normal_recovery,,,,,residual leakage baseline; audit/safe-mode not applicable
MS-MARCO-RBAC,8000000,8000000,Periodic-rebuild,crash_after_overlay_build,3,0.05225626,0.972,False,False,none,18.0,crash_during_overlay_replay,59,10,39.856442,1,1,0,0,True,True,b17bb681fefa892e,7963a95fef39d764,"scenario-specific recovery path, common safe final state",residual_leakage_varies_by_crash_path,False,False,False,False,audit_gap_detected_or_rejected,normal_recovery,,,,,residual leakage baseline; audit/safe-mode not applicable
MS-MARCO-RBAC,8000000,8000000,Periodic-rebuild,crash_after_overlay_build,4,0.0551168,0.972,False,False,none,18.0,crash_during_predicate_replay,66,10,42.507358,1,1,0,0,True,True,b17bb681fefa892e,ae93a3e2db4c4269,"scenario-specific recovery path, common safe final state",residual_leakage_varies_by_crash_path,False,False,False,False,audit_gap_detected_or_rejected,normal_recovery,,,,,residual leakage baseline; audit/safe-mode not applicable
MS-MARCO-RBAC,8000000,8000000,Periodic-rebuild,crash_after_predicate_update,0,0.06883481,0.972,False,False,none,18.0,recovery_missing_overlay,72,13,47.048564,0,1,1,0,True,True,b17bb681fefa892e,2db6c4d24148fa33,"scenario-specific recovery path, common safe final state",residual_leakage_varies_by_crash_path,False,False,False,False,audit_gap_detected_or_rejected,normal_recovery,,,,,residual leakage baseline; audit/safe-mode not applicable
MS-MARCO-RBAC,8000000,8000000,Periodic-rebuild,crash_after_predicate_update,1,0.04732927,0.972,False,False,none,18.0,recovery_missing_audit_record,69,13,45.672495,1,0,1,0,True,True,b17bb681fefa892e,c970c29ad3c71509,"scenario-specific recovery path, common safe final state",residual_leakage_varies_by_crash_path,False,False,False,False,audit_gap_detected_or_rejected,normal_recovery,,,,,residual leakage baseline; audit/safe-mode not applicable
MS-MARCO-RBAC,8000000,8000000,Periodic-rebuild,crash_after_predicate_update,2,0.0393933,0.972,False,False,none,18.0,crash_after_key_destruction,35,3,19.793729,1,0,0,1,True,True,b17bb681fefa892e,52e5255dca983971,"scenario-specific recovery path, common safe final state",residual_leakage_varies_by_crash_path,False,False,False,False,audit_gap_detected_or_rejected,normal_recovery,,,,,residual leakage baseline; audit/safe-mode not applicable
MS-MARCO-RBAC,8000000,8000000,Periodic-rebuild,crash_after_predicate_update,3,0.05129688,0.972,False,False,none,18.0,crash_after_predicate_update,44,6,27.401401,1,0,0,0,True,True,b17bb681fefa892e,be93d34b1bf52689,"scenario-specific recovery path, common safe final state",residual_leakage_varies_by_crash_path,False,False,False,False,audit_gap_detected_or_rejected,normal_recovery,,,,,residual leakage baseline; audit/safe-mode not applicable
MS-MARCO-RBAC,8000000,8000000,Periodic-rebuild,crash_after_predicate_update,4,0.05068343,0.972,False,False,none,18.0,crash_after_overlay_write,38,5,22.950101,0,1,0,0,True,True,b17bb681fefa892e,80c7c36326830e67,"scenario-specific recovery path, common safe final state",residual_leakage_varies_by_crash_path,False,False,False,False,audit_gap_detected_or_rejected,normal_recovery,,,,,residual leakage baseline; audit/safe-mode not applicable
MS-MARCO-RBAC,8000000,8000000,Periodic-rebuild,crash_after_key_destruction,0,0.0487802,0.972,False,False,none,18.0,crash_after_reverse_adjacency_update,55,7,34.694751,1,0,1,0,True,True,b17bb681fefa892e,1c78195cfa5740cd,"scenario-specific recovery path, common safe final state",residual_leakage_varies_by_crash_path,False,False,False,False,audit_gap_detected_or_rejected,normal_recovery,,,,,residual leakage baseline; audit/safe-mode not applicable
MS-MARCO-RBAC,8000000,8000000,Periodic-rebuild,crash_after_key_destruction,1,0.04020223,0.972,False,False,none,18.0,crash_after_audit_log_append,30,3,18.947774,0,0,1,0,True,True,b17bb681fefa892e,d17fdda0a61cb1eb,"scenario-specific recovery path, common safe final state",residual_leakage_varies_by_crash_path,False,False,False,False,audit_gap_detected_or_rejected,normal_recovery,,,,,residual leakage baseline; audit/safe-mode not applicable
MS-MARCO-RBAC,8000000,8000000,Periodic-rebuild,crash_after_key_destruction,2,0.05126969,0.972,False,False,none,18.0,crash_during_overlay_replay,57,9,36.823495,1,1,0,0,True,True,b17bb681fefa892e,0a302e93feffc1c6,"scenario-specific recovery path, common safe final state",residual_leakage_varies_by_crash_path,False,False,False,False,audit_gap_detected_or_rejected,normal_recovery,,,,,residual leakage baseline; audit/safe-mode not applicable
MS-MARCO-RBAC,8000000,8000000,Periodic-rebuild,crash_after_key_destruction,3,0.05674453,0.972,False,False,none,18.0,crash_during_predicate_replay,60,11,40.959672,1,1,0,0,True,True,b17bb681fefa892e,545c2cd92a4764fa,"scenario-specific recovery path, common safe final state",residual_leakage_varies_by_crash_path,False,False,False,False,audit_gap_detected_or_rejected,normal_recovery,,,,,residual leakage baseline; audit/safe-mode not applicable
MS-MARCO-RBAC,8000000,8000000,Periodic-rebuild,crash_after_key_destruction,4,0.06890014,0.972,False,False,none,18.0,recovery_missing_overlay,73,13,48.043291,0,1,1,0,True,True,b17bb681fefa892e,bc0e259ce8da89da,"scenario-specific recovery path, common safe final state",residual_leakage_varies_by_crash_path,False,False,False,False,audit_gap_detected_or_rejected,normal_recovery,,,,,residual leakage baseline; audit/safe-mode not applicable
MS-MARCO-RBAC,8000000,8000000,Periodic-rebuild,recovery_missing_overlay,0,0.05097876,0.972,False,False,none,18.0,recovery_missing_audit_record,67,11,43.609468,1,0,1,0,True,True,b17bb681fefa892e,c160c398a7d0a246,"scenario-specific recovery path, common safe final state",residual_leakage_varies_by_crash_path,False,False,False,False,audit_gap_detected_or_rejected,normal_recovery,,,,,residual leakage baseline; audit/safe-mode not applicable
MS-MARCO-RBAC,8000000,8000000,Periodic-rebuild,recovery_missing_overlay,1,0.03661119,0.972,False,False,none,18.0,crash_after_key_destruction,34,4,20.701731,1,0,0,1,True,True,b17bb681fefa892e,a3ec35bff52f4590,"scenario-specific recovery path, common safe final state",residual_leakage_varies_by_crash_path,False,False,False,False,audit_gap_detected_or_rejected,normal_recovery,,,,,residual leakage baseline; audit/safe-mode not applicable
MS-MARCO-RBAC,8000000,8000000,Periodic-rebuild,recovery_missing_overlay,2,0.0522206,0.972,False,False,none,18.0,crash_after_predicate_update,46,6,28.386001,1,0,0,0,True,True,b17bb681fefa892e,343bea3f58a904d6,"scenario-specific recovery path, common safe final state",residual_leakage_varies_by_crash_path,False,False,False,False,audit_gap_detected_or_rejected,normal_recovery,,,,,residual leakage baseline; audit/safe-mode not applicable
MS-MARCO-RBAC,8000000,8000000,Periodic-rebuild,recovery_missing_overlay,3,0.04899795,0.972,False,False,none,18.0,crash_after_overlay_write,42,6,25.681215,0,1,0,0,True,True,b17bb681fefa892e,12d831d7d2cd7ec9,"scenario-specific recovery path, common safe final state",residual_leakage_varies_by_crash_path,False,False,False,False,audit_gap_detected_or_rejected,normal_recovery,,,,,residual leakage baseline; audit/safe-mode not applicable
MS-MARCO-RBAC,8000000,8000000,Periodic-rebuild,recovery_missing_overlay,4,0.04419558,0.972,False,False,none,18.0,crash_after_reverse_adjacency_update,47,9,32.656103,1,0,1,0,True,True,b17bb681fefa892e,198d2c83b1044150,"scenario-specific recovery path, common safe final state",residual_leakage_varies_by_crash_path,False,False,False,False,audit_gap_detected_or_rejected,normal_recovery,,,,,residual leakage baseline; audit/safe-mode not applicable
MS-MARCO-RBAC,8000000,8000000,Periodic-rebuild,recovery_stale_predicate,0,0.03697968,0.972,False,False,none,18.0,crash_after_audit_log_append,30,5,18.771438,0,0,1,0,True,True,b17bb681fefa892e,7d0f33471d4959af,"scenario-specific recovery path, common safe final state",residual_leakage_varies_by_crash_path,False,False,False,False,audit_gap_detected_or_rejected,normal_recovery,,,,,residual leakage baseline; audit/safe-mode not applicable
MS-MARCO-RBAC,8000000,8000000,Periodic-rebuild,recovery_stale_predicate,1,0.05551321,0.972,False,False,none,18.0,crash_during_overlay_replay,60,9,38.445229,1,1,0,0,True,True,b17bb681fefa892e,63cc3bff4ab7ea15,"scenario-specific recovery path, common safe final state",residual_leakage_varies_by_crash_path,False,False,False,False,audit_gap_detected_or_rejected,normal_recovery,,,,,residual leakage baseline; audit/safe-mode not applicable
MS-MARCO-RBAC,8000000,8000000,Periodic-rebuild,recovery_stale_predicate,2,0.05677697,0.972,False,False,none,18.0,crash_during_predicate_replay,60,9,35.611848,1,1,0,0,True,True,b17bb681fefa892e,e7da30ab73c98b63,"scenario-specific recovery path, common safe final state",residual_leakage_varies_by_crash_path,False,False,False,False,audit_gap_detected_or_rejected,normal_recovery,,,,,residual leakage baseline; audit/safe-mode not applicable
MS-MARCO-RBAC,8000000,8000000,Periodic-rebuild,recovery_stale_predicate,3,0.06760877,0.972,False,False,none,18.0,recovery_missing_overlay,73,13,47.75692,0,1,1,0,True,True,b17bb681fefa892e,bc0e259ce8da89da,"scenario-specific recovery path, common safe final state",residual_leakage_varies_by_crash_path,False,False,False,False,audit_gap_detected_or_rejected,normal_recovery,,,,,residual leakage baseline; audit/safe-mode not applicable
MS-MARCO-RBAC,8000000,8000000,Periodic-rebuild,recovery_stale_predicate,4,0.0452123,0.972,False,False,none,18.0,recovery_missing_audit_record,64,12,41.934618,1,0,1,0,True,True,b17bb681fefa892e,9bc061384da660b7,"scenario-specific recovery path, common safe final state",residual_leakage_varies_by_crash_path,False,False,False,False,audit_gap_detected_or_rejected,normal_recovery,,,,,residual leakage baseline; audit/safe-mode not applicable
SIFT1M,1000000,1000000,Lethe,query_before_commit,0,0.0,0.98,False,True,predicate_commit,6.5,crash_after_key_destruction,49,4,27.228346,1,0,0,1,True,True,05346d936922b882,13f94a6f1c233948,"scenario-specific recovery path, common safe final state",zero_leakage_safe_state,True,True,True,True,audit_passed,normal_recovery,True,True,True,True,zero-leakage recovery; audit/safe-mode response correct
SIFT1M,1000000,1000000,Lethe,query_before_commit,1,0.0,0.98,False,True,predicate_commit,6.5,crash_after_predicate_update,68,7,39.187749,1,0,0,1,True,True,05346d936922b882,a263a8a68db3f3b7,"scenario-specific recovery path, common safe final state",zero_leakage_safe_state,True,True,True,True,audit_passed,normal_recovery,True,True,True,True,zero-leakage recovery; audit/safe-mode response correct
SIFT1M,1000000,1000000,Lethe,query_before_commit,2,0.0,0.98,False,True,predicate_commit,6.5,crash_after_overlay_write,56,5,31.396956,0,1,0,1,True,True,05346d936922b882,095edb5528bff464,"scenario-specific recovery path, common safe final state",zero_leakage_safe_state,True,True,True,True,audit_passed,normal_recovery,True,True,True,True,zero-leakage recovery; audit/safe-mode response correct
SIFT1M,1000000,1000000,Lethe,query_before_commit,3,0.0,0.98,False,True,predicate_commit,6.5,crash_after_reverse_adjacency_update,70,9,41.651671,1,0,1,1,True,True,05346d936922b882,948d7ac79593828f,"scenario-specific recovery path, common safe final state",zero_leakage_safe_state,True,True,True,True,audit_passed,normal_recovery,True,True,True,True,zero-leakage recovery; audit/safe-mode response correct
SIFT1M,1000000,1000000,Lethe,query_before_commit,4,0.0,0.98,False,True,predicate_commit,6.5,crash_after_audit_log_append,44,3,22.619311,0,0,1,1,True,True,05346d936922b882,a5449b8ca767fbc2,"scenario-specific recovery path, common safe final state",zero_leakage_safe_state,True,True,True,True,audit_passed,normal_recovery,True,True,True,True,zero-leakage recovery; audit/safe-mode response correct
SIFT1M,1000000,1000000,Lethe,query_after_commit,0,0.0,0.98,False,True,predicate_commit,6.5,crash_during_overlay_replay,80,9,44.686013,1,1,0,1,True,True,05346d936922b882,1337706cb5d485aa,"scenario-specific recovery path, common safe final state",zero_leakage_safe_state,True,True,True,True,audit_passed,normal_recovery,True,True,True,True,zero-leakage recovery; audit/safe-mode response correct
SIFT1M,1000000,1000000,Lethe,query_after_commit,1,0.0,0.98,False,True,predicate_commit,6.5,crash_during_predicate_replay,89,11,51.537135,1,1,0,1,True,True,05346d936922b882,902b239173020c12,"scenario-specific recovery path, common safe final state",zero_leakage_safe_state,True,True,True,True,audit_passed,normal_recovery,True,True,True,True,zero-leakage recovery; audit/safe-mode response correct
SIFT1M,1000000,1000000,Lethe,query_after_commit,2,0.0,0.98,False,True,predicate_commit,6.5,recovery_missing_overlay,101,14,59.705465,0,1,1,1,True,True,05346d936922b882,ba4cb4a12787c6cb,"scenario-specific recovery path, common safe final state",zero_leakage_safe_state,True,True,True,True,audit_passed,normal_recovery,True,True,True,True,zero-leakage recovery; audit/safe-mode response correct
SIFT1M,1000000,1000000,Lethe,query_after_commit,3,0.0,0.98,False,True,predicate_commit,6.5,recovery_missing_audit_record,94,11,51.513655,1,0,1,1,True,True,05346d936922b882,29c8af0af556c851,"scenario-specific recovery path, common safe final state",zero_leakage_safe_state,True,True,True,True,audit_passed,normal_recovery,True,True,True,True,zero-leakage recovery; audit/safe-mode response correct
SIFT1M,1000000,1000000,Lethe,query_after_commit,4,0.0,0.98,False,True,predicate_commit,6.5,crash_after_key_destruction,51,5,27.40955,1,0,0,1,True,True,05346d936922b882,4972b4f68b10dccb,"scenario-specific recovery path, common safe final state",zero_leakage_safe_state,True,True,True,True,audit_passed,normal_recovery,True,True,True,True,zero-leakage recovery; audit/safe-mode response correct
SIFT1M,1000000,1000000,Lethe,query_overlaps_commit,0,0.0,0.98,False,True,predicate_commit,6.5,crash_after_predicate_update,64,6,33.637209,1,0,0,1,True,True,05346d936922b882,f767d1f2e6219e14,"scenario-specific recovery path, common safe final state",zero_leakage_safe_state,True,True,True,True,audit_passed,normal_recovery,True,True,True,True,zero-leakage recovery; audit/safe-mode response correct
SIFT1M,1000000,1000000,Lethe,query_overlaps_commit,1,0.0,0.98,False,True,predicate_commit,6.5,crash_after_overlay_write,59,6,32.820173,0,1,0,1,True,True,05346d936922b882,c9fcf784b432071a,"scenario-specific recovery path, common safe final state",zero_leakage_safe_state,True,True,True,True,audit_passed,normal_recovery,True,True,True,True,zero-leakage recovery; audit/safe-mode response correct
SIFT1M,1000000,1000000,Lethe,query_overlaps_commit,2,0.0,0.98,False,True,predicate_commit,6.5,crash_after_reverse_adjacency_update,74,9,41.338873,1,0,1,1,True,True,05346d936922b882,1bcd92ac199129dc,"scenario-specific recovery path, common safe final state",zero_leakage_safe_state,True,True,True,True,audit_passed,normal_recovery,True,True,True,True,zero-leakage recovery; audit/safe-mode response correct
SIFT1M,1000000,1000000,Lethe,query_overlaps_commit,3,0.0,0.98,False,True,predicate_commit,6.5,crash_after_audit_log_append,43,4,23.910133,0,0,1,1,True,True,05346d936922b882,7c8785e9fee65553,"scenario-specific recovery path, common safe final state",zero_leakage_safe_state,True,True,True,True,audit_passed,normal_recovery,True,True,True,True,zero-leakage recovery; audit/safe-mode response correct
SIFT1M,1000000,1000000,Lethe,query_overlaps_commit,4,0.0,0.98,False,True,predicate_commit,6.5,crash_during_overlay_replay,81,9,45.671245,1,1,0,1,True,True,05346d936922b882,4283f30a6ab0ec77,"scenario-specific recovery path, common safe final state",zero_leakage_safe_state,True,True,True,True,audit_passed,normal_recovery,True,True,True,True,zero-leakage recovery; audit/safe-mode response correct
SIFT1M,1000000,1000000,Lethe,crash_after_log_intent,0,0.0,0.98,False,True,predicate_commit,6.5,crash_during_predicate_replay,89,11,50.883897,1,1,0,1,True,True,05346d936922b882,902b239173020c12,"scenario-specific recovery path, common safe final state",zero_leakage_safe_state,True,True,True,True,audit_passed,normal_recovery,True,True,True,True,zero-leakage recovery; audit/safe-mode response correct
SIFT1M,1000000,1000000,Lethe,crash_after_log_intent,1,0.0,0.98,False,True,predicate_commit,6.5,recovery_missing_overlay,102,13,57.850778,0,1,1,1,True,True,05346d936922b882,6219734408a2b378,"scenario-specific recovery path, common safe final state",zero_leakage_safe_state,True,True,True,True,audit_passed,normal_recovery,True,True,True,True,zero-leakage recovery; audit/safe-mode response correct
SIFT1M,1000000,1000000,Lethe,crash_after_log_intent,2,0.0,0.98,False,True,predicate_commit,6.5,recovery_missing_audit_record,99,13,58.309035,1,0,1,1,True,True,05346d936922b882,b9cf35718e904e21,"scenario-specific recovery path, common safe final state",zero_leakage_safe_state,True,True,True,True,audit_passed,normal_recovery,True,True,True,True,zero-leakage recovery; audit/safe-mode response correct
SIFT1M,1000000,1000000,Lethe,crash_after_log_intent,3,0.0,0.98,False,True,predicate_commit,6.5,crash_after_key_destruction,52,6,29.405739,1,0,0,1,True,True,05346d936922b882,8a2d09677e6dab10,"scenario-specific recovery path, common safe final state",zero_leakage_safe_state,True,True,True,True,audit_passed,normal_recovery,True,True,True,True,zero-leakage recovery; audit/safe-mode response correct
SIFT1M,1000000,1000000,Lethe,crash_after_log_intent,4,0.0,0.98,False,True,predicate_commit,6.5,crash_after_predicate_update,67,6,36.972806,1,0,0,1,True,True,05346d936922b882,6edb715be0317e6c,"scenario-specific recovery path, common safe final state",zero_leakage_safe_state,True,True,True,True,audit_passed,normal_recovery,True,True,True,True,zero-leakage recovery; audit/safe-mode response correct
SIFT1M,1000000,1000000,Lethe,crash_after_overlay_build,0,0.0,0.98,False,True,predicate_commit,6.5,crash_after_overlay_write,55,5,31.275754,0,1,0,1,True,True,05346d936922b882,5b80d45be3abee24,"scenario-specific recovery path, common safe final state",zero_leakage_safe_state,True,True,True,True,audit_passed,normal_recovery,True,True,True,True,zero-leakage recovery; audit/safe-mode response correct
SIFT1M,1000000,1000000,Lethe,crash_after_overlay_build,1,0.0,0.98,False,True,predicate_commit,6.5,crash_after_reverse_adjacency_update,74,8,42.818675,1,0,1,1,True,True,05346d936922b882,d99668ec87eb436f,"scenario-specific recovery path, common safe final state",zero_leakage_safe_state,True,True,True,True,audit_passed,normal_recovery,True,True,True,True,zero-leakage recovery; audit/safe-mode response correct
SIFT1M,1000000,1000000,Lethe,crash_after_overlay_build,2,0.0,0.98,False,True,predicate_commit,6.5,crash_after_audit_log_append,43,3,24.015282,0,0,1,1,True,True,05346d936922b882,22b28fb9c12097c2,"scenario-specific recovery path, common safe final state",zero_leakage_safe_state,True,True,True,True,audit_passed,normal_recovery,True,True,True,True,zero-leakage recovery; audit/safe-mode response correct
SIFT1M,1000000,1000000,Lethe,crash_after_overlay_build,3,0.0,0.98,False,True,predicate_commit,6.5,crash_during_overlay_replay,79,11,46.610858,1,1,0,1,True,True,05346d936922b882,5b7cc419b8fd80d1,"scenario-specific recovery path, common safe final state",zero_leakage_safe_state,True,True,True,True,audit_passed,normal_recovery,True,True,True,True,zero-leakage recovery; audit/safe-mode response correct
SIFT1M,1000000,1000000,Lethe,crash_after_overlay_build,4,0.0,0.98,False,True,predicate_commit,6.5,crash_during_predicate_replay,86,11,49.111247,1,1,0,1,True,True,05346d936922b882,4b910a818394e339,"scenario-specific recovery path, common safe final state",zero_leakage_safe_state,True,True,True,True,audit_passed,normal_recovery,True,True,True,True,zero-leakage recovery; audit/safe-mode response correct
SIFT1M,1000000,1000000,Lethe,crash_after_predicate_update,0,0.0,0.941,True,True,predicate_commit,6.5,recovery_missing_overlay,105,11,56.999802,0,1,1,1,True,True,05346d936922b882,bb41ff6d836301a3,"scenario-specific recovery path, common safe final state",zero_leakage_safe_state,True,True,True,True,audit_passed,fallback_to_safe_mode,True,True,True,True,zero-leakage recovery; audit/safe-mode response correct
SIFT1M,1000000,1000000,Lethe,crash_after_predicate_update,1,0.0,0.941,True,True,predicate_commit,6.5,recovery_missing_audit_record,96,12,54.864743,1,0,1,1,True,True,05346d936922b882,a7c5d0e3047c2315,"scenario-specific recovery path, common safe final state",zero_leakage_safe_state,True,True,True,True,audit_passed,fallback_to_safe_mode,True,True,True,True,zero-leakage recovery; audit/safe-mode response correct
SIFT1M,1000000,1000000,Lethe,crash_after_predicate_update,2,0.0,0.941,True,True,predicate_commit,6.5,crash_after_key_destruction,52,5,28.041781,1,0,0,1,True,True,05346d936922b882,2bf70e0d10f8d593,"scenario-specific recovery path, common safe final state",zero_leakage_safe_state,True,True,True,True,audit_passed,fallback_to_safe_mode,True,True,True,True,zero-leakage recovery; audit/safe-mode response correct
SIFT1M,1000000,1000000,Lethe,crash_after_predicate_update,3,0.0,0.941,True,True,predicate_commit,6.5,crash_after_predicate_update,62,6,30.507362,1,0,0,1,True,True,05346d936922b882,4a3eb90e904f9e8f,"scenario-specific recovery path, common safe final state",zero_leakage_safe_state,True,True,True,True,audit_passed,fallback_to_safe_mode,True,True,True,True,zero-leakage recovery; audit/safe-mode response correct
SIFT1M,1000000,1000000,Lethe,crash_after_predicate_update,4,0.0,0.941,True,True,predicate_commit,6.5,crash_after_overlay_write,55,7,30.958849,0,1,0,1,True,True,05346d936922b882,fa662b19086df326,"scenario-specific recovery path, common safe final state",zero_leakage_safe_state,True,True,True,True,audit_passed,fallback_to_safe_mode,True,True,True,True,zero-leakage recovery; audit/safe-mode response correct
SIFT1M,1000000,1000000,Lethe,crash_after_key_destruction,0,0.0,0.98,False,True,predicate_commit,6.5,crash_after_reverse_adjacency_update,71,8,38.631127,1,0,1,1,True,True,05346d936922b882,13a2161312ce3af5,"scenario-specific recovery path, common safe final state",zero_leakage_safe_state,True,True,True,True,audit_passed,normal_recovery,True,True,True,True,zero-leakage recovery; audit/safe-mode response correct
SIFT1M,1000000,1000000,Lethe,crash_after_key_destruction,1,0.0,0.98,False,True,predicate_commit,6.5,crash_after_audit_log_append,39,5,24.611663,0,0,1,1,True,True,05346d936922b882,3209f2a0d57190f1,"scenario-specific recovery path, common safe final state",zero_leakage_safe_state,True,True,True,True,audit_passed,normal_recovery,True,True,True,True,zero-leakage recovery; audit/safe-mode response correct
SIFT1M,1000000,1000000,Lethe,crash_after_key_destruction,2,0.0,0.98,False,True,predicate_commit,6.5,crash_during_overlay_replay,80,8,42.466573,1,1,0,1,True,True,05346d936922b882,8c4e3ec213bff848,"scenario-specific recovery path, common safe final state",zero_leakage_safe_state,True,True,True,True,audit_passed,normal_recovery,True,True,True,True,zero-leakage recovery; audit/safe-mode response correct
SIFT1M,1000000,1000000,Lethe,crash_after_key_destruction,3,0.0,0.98,False,True,predicate_commit,6.5,crash_during_predicate_replay,90,11,50.413201,1,1,0,1,True,True,05346d936922b882,ad0d764d85a4ba09,"scenario-specific recovery path, common safe final state",zero_leakage_safe_state,True,True,True,True,audit_passed,normal_recovery,True,True,True,True,zero-leakage recovery; audit/safe-mode response correct
SIFT1M,1000000,1000000,Lethe,crash_after_key_destruction,4,0.0,0.98,False,True,predicate_commit,6.5,recovery_missing_overlay,104,13,59.931272,0,1,1,1,True,True,05346d936922b882,68c6069aedd273b5,"scenario-specific recovery path, common safe final state",zero_leakage_safe_state,True,True,True,True,audit_passed,normal_recovery,True,True,True,True,zero-leakage recovery; audit/safe-mode response correct
SIFT1M,1000000,1000000,Lethe,recovery_missing_overlay,0,0.0,0.941,True,True,predicate_commit,6.5,recovery_missing_audit_record,95,13,57.055956,1,0,1,1,True,True,05346d936922b882,a999f897f7cea065,"scenario-specific recovery path, common safe final state",zero_leakage_safe_state,True,True,True,True,audit_passed,fallback_to_safe_mode,True,True,True,True,zero-leakage recovery; audit/safe-mode response correct
SIFT1M,1000000,1000000,Lethe,recovery_missing_overlay,1,0.0,0.941,True,True,predicate_commit,6.5,crash_after_key_destruction,50,5,25.690961,1,0,0,1,True,True,05346d936922b882,2dde3d22a182d845,"scenario-specific recovery path, common safe final state",zero_leakage_safe_state,True,True,True,True,audit_passed,fallback_to_safe_mode,True,True,True,True,zero-leakage recovery; audit/safe-mode response correct
SIFT1M,1000000,1000000,Lethe,recovery_missing_overlay,2,0.0,0.941,True,True,predicate_commit,6.5,crash_after_predicate_update,66,7,37.201105,1,0,0,1,True,True,05346d936922b882,2b68f9353cd03be9,"scenario-specific recovery path, common safe final state",zero_leakage_safe_state,True,True,True,True,audit_passed,fallback_to_safe_mode,True,True,True,True,zero-leakage recovery; audit/safe-mode response correct
SIFT1M,1000000,1000000,Lethe,recovery_missing_overlay,3,0.0,0.941,True,True,predicate_commit,6.5,crash_after_overlay_write,58,4,30.411462,0,1,0,1,True,True,05346d936922b882,97ff62fb63de786a,"scenario-specific recovery path, common safe final state",zero_leakage_safe_state,True,True,True,True,audit_passed,fallback_to_safe_mode,True,True,True,True,zero-leakage recovery; audit/safe-mode response correct
SIFT1M,1000000,1000000,Lethe,recovery_missing_overlay,4,0.0,0.941,True,True,predicate_commit,6.5,crash_after_reverse_adjacency_update,71,8,40.338896,1,0,1,1,True,True,05346d936922b882,13a2161312ce3af5,"scenario-specific recovery path, common safe final state",zero_leakage_safe_state,True,True,True,True,audit_passed,fallback_to_safe_mode,True,True,True,True,zero-leakage recovery; audit/safe-mode response correct
SIFT1M,1000000,1000000,Lethe,recovery_stale_predicate,0,0.0,0.98,True,False,predicate_commit,6.5,crash_after_audit_log_append,41,3,20.847691,0,0,1,1,True,True,05346d936922b882,021c47252157e4e4,"scenario-specific recovery path, common safe final state",zero_leakage_safe_state,True,True,True,True,audit_gap_detected_or_rejected,fallback_to_safe_mode,True,True,True,True,zero-leakage recovery; audit/safe-mode response correct
SIFT1M,1000000,1000000,Lethe,recovery_stale_predicate,1,0.0,0.98,True,False,predicate_commit,6.5,crash_during_overlay_replay,81,8,45.229893,1,1,0,1,True,True,05346d936922b882,296dbcc38d5936d2,"scenario-specific recovery path, common safe final state",zero_leakage_safe_state,True,True,True,True,audit_gap_detected_or_rejected,fallback_to_safe_mode,True,True,True,True,zero-leakage recovery; audit/safe-mode response correct
SIFT1M,1000000,1000000,Lethe,recovery_stale_predicate,2,0.0,0.98,True,False,predicate_commit,6.5,crash_during_predicate_replay,89,11,49.414648,1,1,0,1,True,True,05346d936922b882,902b239173020c12,"scenario-specific recovery path, common safe final state",zero_leakage_safe_state,True,True,True,True,audit_gap_detected_or_rejected,fallback_to_safe_mode,True,True,True,True,zero-leakage recovery; audit/safe-mode response correct
SIFT1M,1000000,1000000,Lethe,recovery_stale_predicate,3,0.0,0.98,True,False,predicate_commit,6.5,recovery_missing_overlay,104,14,61.672341,0,1,1,1,True,True,05346d936922b882,b06221eb079a7087,"scenario-specific recovery path, common safe final state",zero_leakage_safe_state,True,True,True,True,audit_gap_detected_or_rejected,fallback_to_safe_mode,True,True,True,True,zero-leakage recovery; audit/safe-mode response correct
SIFT1M,1000000,1000000,Lethe,recovery_stale_predicate,4,0.0,0.98,True,False,predicate_commit,6.5,recovery_missing_audit_record,95,12,55.793506,1,0,1,1,True,True,05346d936922b882,cef80934e0b63d8c,"scenario-specific recovery path, common safe final state",zero_leakage_safe_state,True,True,True,True,audit_gap_detected_or_rejected,fallback_to_safe_mode,True,True,True,True,zero-leakage recovery; audit/safe-mode response correct
SIFT1M,1000000,1000000,Tombstone,query_before_commit,0,0.06134445,0.98,False,False,none,18.0,crash_after_key_destruction,20,5,16.592827,1,0,0,1,True,True,0f9d5ea96fb52ba1,bce1b39daf028621,"scenario-specific recovery path, common safe final state",residual_leakage_varies_by_crash_path,False,False,False,False,audit_gap_detected_or_rejected,normal_recovery,,,,,residual leakage baseline; audit/safe-mode not applicable
SIFT1M,1000000,1000000,Tombstone,query_before_commit,1,0.08277179,0.98,False,False,none,18.0,crash_after_predicate_update,30,8,24.42157,1,0,0,0,True,True,0f9d5ea96fb52ba1,2bfe68694714b8d7,"scenario-specific recovery path, common safe final state",residual_leakage_varies_by_crash_path,False,False,False,False,audit_gap_detected_or_rejected,normal_recovery,,,,,residual leakage baseline; audit/safe-mode not applicable
SIFT1M,1000000,1000000,Tombstone,query_before_commit,2,0.07368851,0.98,False,False,none,18.0,crash_after_overlay_write,24,5,17.195819,0,1,0,0,True,True,0f9d5ea96fb52ba1,d41c04b4b83e701e,"scenario-specific recovery path, common safe final state",residual_leakage_varies_by_crash_path,False,False,False,False,audit_gap_detected_or_rejected,normal_recovery,,,,,residual leakage baseline; audit/safe-mode not applicable
SIFT1M,1000000,1000000,Tombstone,query_before_commit,3,0.07595244,0.98,False,False,none,18.0,crash_after_reverse_adjacency_update,30,7,23.133853,1,0,1,0,True,True,0f9d5ea96fb52ba1,3310d10961dc6594,"scenario-specific recovery path, common safe final state",residual_leakage_varies_by_crash_path,False,False,False,False,audit_gap_detected_or_rejected,normal_recovery,,,,,residual leakage baseline; audit/safe-mode not applicable
SIFT1M,1000000,1000000,Tombstone,query_before_commit,4,0.06191697,0.98,False,False,none,18.0,crash_after_audit_log_append,17,2,11.093911,0,0,1,0,True,True,0f9d5ea96fb52ba1,f20cb78284146cfa,"scenario-specific recovery path, common safe final state",residual_leakage_varies_by_crash_path,False,False,False,False,audit_gap_detected_or_rejected,normal_recovery,,,,,residual leakage baseline; audit/safe-mode not applicable
SIFT1M,1000000,1000000,Tombstone,query_after_commit,0,0.08126112,0.98,False,False,none,18.0,crash_during_overlay_replay,30,8,24.821196,1,1,0,0,True,True,0f9d5ea96fb52ba1,9fce6f4c1b1a1852,"scenario-specific recovery path, common safe final state",residual_leakage_varies_by_crash_path,False,False,False,False,audit_gap_detected_or_rejected,normal_recovery,,,,,residual leakage baseline; audit/safe-mode not applicable
SIFT1M,1000000,1000000,Tombstone,query_after_commit,1,0.08900436,0.98,False,False,none,18.0,crash_during_predicate_replay,34,12,32.848504,1,1,0,0,True,True,0f9d5ea96fb52ba1,c69abc618e7def9c,"scenario-specific recovery path, common safe final state",residual_leakage_varies_by_crash_path,False,False,False,False,audit_gap_detected_or_rejected,normal_recovery,,,,,residual leakage baseline; audit/safe-mode not applicable
SIFT1M,1000000,1000000,Tombstone,query_after_commit,2,0.10725322,0.98,False,False,none,18.0,recovery_missing_overlay,46,13,38.864641,0,1,1,0,True,True,0f9d5ea96fb52ba1,f47619f1de50ff79,"scenario-specific recovery path, common safe final state",residual_leakage_varies_by_crash_path,False,False,False,False,audit_gap_detected_or_rejected,normal_recovery,,,,,residual leakage baseline; audit/safe-mode not applicable
SIFT1M,1000000,1000000,Tombstone,query_after_commit,3,0.08020529,0.98,False,False,none,18.0,recovery_missing_audit_record,42,11,33.195308,1,0,1,0,True,True,0f9d5ea96fb52ba1,eaa537b07afd3f9c,"scenario-specific recovery path, common safe final state",residual_leakage_varies_by_crash_path,False,False,False,False,audit_gap_detected_or_rejected,normal_recovery,,,,,residual leakage baseline; audit/safe-mode not applicable
SIFT1M,1000000,1000000,Tombstone,query_after_commit,4,0.06294965,0.98,False,False,none,18.0,crash_after_key_destruction,20,5,15.736155,1,0,0,1,True,True,0f9d5ea96fb52ba1,bce1b39daf028621,"scenario-specific recovery path, common safe final state",residual_leakage_varies_by_crash_path,False,False,False,False,audit_gap_detected_or_rejected,normal_recovery,,,,,residual leakage baseline; audit/safe-mode not applicable
SIFT1M,1000000,1000000,Tombstone,query_overlaps_commit,0,0.08691437,0.98,False,False,none,18.0,crash_after_predicate_update,27,8,24.281803,1,0,0,0,True,True,0f9d5ea96fb52ba1,f2780a452b6f58e7,"scenario-specific recovery path, common safe final state",residual_leakage_varies_by_crash_path,False,False,False,False,audit_gap_detected_or_rejected,normal_recovery,,,,,residual leakage baseline; audit/safe-mode not applicable
SIFT1M,1000000,1000000,Tombstone,query_overlaps_commit,1,0.08065229,0.98,False,False,none,18.0,crash_after_overlay_write,27,5,18.042528,0,1,0,0,True,True,0f9d5ea96fb52ba1,600241240cefdeb2,"scenario-specific recovery path, common safe final state",residual_leakage_varies_by_crash_path,False,False,False,False,audit_gap_detected_or_rejected,normal_recovery,,,,,residual leakage baseline; audit/safe-mode not applicable
SIFT1M,1000000,1000000,Tombstone,query_overlaps_commit,2,0.07539589,0.98,False,False,none,18.0,crash_after_reverse_adjacency_update,27,9,24.637068,1,0,1,0,True,True,0f9d5ea96fb52ba1,8869bd437aba8c5f,"scenario-specific recovery path, common safe final state",residual_leakage_varies_by_crash_path,False,False,False,False,audit_gap_detected_or_rejected,normal_recovery,,,,,residual leakage baseline; audit/safe-mode not applicable
SIFT1M,1000000,1000000,Tombstone,query_overlaps_commit,3,0.0602163,0.98,False,False,none,18.0,crash_after_audit_log_append,17,3,12.608842,0,0,1,0,True,True,0f9d5ea96fb52ba1,ea9139dbba4600c6,"scenario-specific recovery path, common safe final state",residual_leakage_varies_by_crash_path,False,False,False,False,audit_gap_detected_or_rejected,normal_recovery,,,,,residual leakage baseline; audit/safe-mode not applicable
SIFT1M,1000000,1000000,Tombstone,query_overlaps_commit,4,0.08770551,0.98,False,False,none,18.0,crash_during_overlay_replay,32,9,27.910559,1,1,0,0,True,True,0f9d5ea96fb52ba1,39772698b07b810c,"scenario-specific recovery path, common safe final state",residual_leakage_varies_by_crash_path,False,False,False,False,audit_gap_detected_or_rejected,normal_recovery,,,,,residual leakage baseline; audit/safe-mode not applicable
SIFT1M,1000000,1000000,Tombstone,crash_after_log_intent,0,0.08752522,0.98,False,False,none,18.0,crash_during_predicate_replay,35,11,29.69943,1,1,0,0,True,True,0f9d5ea96fb52ba1,d08f40f7cb836723,"scenario-specific recovery path, common safe final state",residual_leakage_varies_by_crash_path,False,False,False,False,audit_gap_detected_or_rejected,normal_recovery,,,,,residual leakage baseline; audit/safe-mode not applicable
SIFT1M,1000000,1000000,Tombstone,crash_after_log_intent,1,0.11133757,0.98,False,False,none,18.0,recovery_missing_overlay,43,12,33.681347,0,1,1,0,True,True,0f9d5ea96fb52ba1,0a1ab76e2824f3a5,"scenario-specific recovery path, common safe final state",residual_leakage_varies_by_crash_path,False,False,False,False,audit_gap_detected_or_rejected,normal_recovery,,,,,residual leakage baseline; audit/safe-mode not applicable
SIFT1M,1000000,1000000,Tombstone,crash_after_log_intent,2,0.08219287,0.98,False,False,none,18.0,recovery_missing_audit_record,43,12,34.703561,1,0,1,0,True,True,0f9d5ea96fb52ba1,73e286b5cf8b9673,"scenario-specific recovery path, common safe final state",residual_leakage_varies_by_crash_path,False,False,False,False,audit_gap_detected_or_rejected,normal_recovery,,,,,residual leakage baseline; audit/safe-mode not applicable
SIFT1M,1000000,1000000,Tombstone,crash_after_log_intent,3,0.06169269,0.98,False,False,none,18.0,crash_after_key_destruction,23,5,19.106426,1,0,0,1,True,True,0f9d5ea96fb52ba1,5474db201af8fa8f,"scenario-specific recovery path, common safe final state",residual_leakage_varies_by_crash_path,False,False,False,False,audit_gap_detected_or_rejected,normal_recovery,,,,,residual leakage baseline; audit/safe-mode not applicable
SIFT1M,1000000,1000000,Tombstone,crash_after_log_intent,4,0.0798327,0.98,False,False,none,18.0,crash_after_predicate_update,29,8,23.788597,1,0,0,0,True,True,0f9d5ea96fb52ba1,fca6e591d1150ca7,"scenario-specific recovery path, common safe final state",residual_leakage_varies_by_crash_path,False,False,False,False,audit_gap_detected_or_rejected,normal_recovery,,,,,residual leakage baseline; audit/safe-mode not applicable
SIFT1M,1000000,1000000,Tombstone,crash_after_overlay_build,0,0.07455753,0.98,False,False,none,18.0,crash_after_overlay_write,23,6,19.826893,0,1,0,0,True,True,0f9d5ea96fb52ba1,93e55faa3739405b,"scenario-specific recovery path, common safe final state",residual_leakage_varies_by_crash_path,False,False,False,False,audit_gap_detected_or_rejected,normal_recovery,,,,,residual leakage baseline; audit/safe-mode not applicable
SIFT1M,1000000,1000000,Tombstone,crash_after_overlay_build,1,0.07644401,0.98,False,False,none,18.0,crash_after_reverse_adjacency_update,31,8,23.929866,1,0,1,0,True,True,0f9d5ea96fb52ba1,c9481f7c8221ace8,"scenario-specific recovery path, common safe final state",residual_leakage_varies_by_crash_path,False,False,False,False,audit_gap_detected_or_rejected,normal_recovery,,,,,residual leakage baseline; audit/safe-mode not applicable
SIFT1M,1000000,1000000,Tombstone,crash_after_overlay_build,2,0.06279869,0.98,False,False,none,18.0,crash_after_audit_log_append,21,3,12.942318,0,0,1,0,True,True,0f9d5ea96fb52ba1,126eb0dae4faa632,"scenario-specific recovery path, common safe final state",residual_leakage_varies_by_crash_path,False,False,False,False,audit_gap_detected_or_rejected,normal_recovery,,,,,residual leakage baseline; audit/safe-mode not applicable
SIFT1M,1000000,1000000,Tombstone,crash_after_overlay_build,3,0.07988811,0.98,False,False,none,18.0,crash_during_overlay_replay,33,8,23.405349,1,1,0,0,True,True,0f9d5ea96fb52ba1,c065cec1fc955484,"scenario-specific recovery path, common safe final state",residual_leakage_varies_by_crash_path,False,False,False,False,audit_gap_detected_or_rejected,normal_recovery,,,,,residual leakage baseline; audit/safe-mode not applicable
SIFT1M,1000000,1000000,Tombstone,crash_after_overlay_build,4,0.08700649,0.98,False,False,none,18.0,crash_during_predicate_replay,33,9,25.019427,1,1,0,0,True,True,0f9d5ea96fb52ba1,91b5b47f51305293,"scenario-specific recovery path, common safe final state",residual_leakage_varies_by_crash_path,False,False,False,False,audit_gap_detected_or_rejected,normal_recovery,,,,,residual leakage baseline; audit/safe-mode not applicable
SIFT1M,1000000,1000000,Tombstone,crash_after_predicate_update,0,0.10724609,0.98,False,False,none,18.0,recovery_missing_overlay,44,12,37.5699,0,1,1,0,True,True,0f9d5ea96fb52ba1,cb61a648c7d6b103,"scenario-specific recovery path, common safe final state",residual_leakage_varies_by_crash_path,False,False,False,False,audit_gap_detected_or_rejected,normal_recovery,,,,,residual leakage baseline; audit/safe-mode not applicable
SIFT1M,1000000,1000000,Tombstone,crash_after_predicate_update,1,0.08054136,0.98,False,False,none,18.0,recovery_missing_audit_record,42,12,35.864321,1,0,1,0,True,True,0f9d5ea96fb52ba1,224df6f2d2f852ff,"scenario-specific recovery path, common safe final state",residual_leakage_varies_by_crash_path,False,False,False,False,audit_gap_detected_or_rejected,normal_recovery,,,,,residual leakage baseline; audit/safe-mode not applicable
SIFT1M,1000000,1000000,Tombstone,crash_after_predicate_update,2,0.0602075,0.98,False,False,none,18.0,crash_after_key_destruction,25,4,15.675185,1,0,0,1,True,True,0f9d5ea96fb52ba1,b1ae7611163aa3d7,"scenario-specific recovery path, common safe final state",residual_leakage_varies_by_crash_path,False,False,False,False,audit_gap_detected_or_rejected,normal_recovery,,,,,residual leakage baseline; audit/safe-mode not applicable
SIFT1M,1000000,1000000,Tombstone,crash_after_predicate_update,3,0.08367005,0.98,False,False,none,18.0,crash_after_predicate_update,26,8,20.782955,1,0,0,0,True,True,0f9d5ea96fb52ba1,bcc437b65ce29a74,"scenario-specific recovery path, common safe final state",residual_leakage_varies_by_crash_path,False,False,False,False,audit_gap_detected_or_rejected,normal_recovery,,,,,residual leakage baseline; audit/safe-mode not applicable
SIFT1M,1000000,1000000,Tombstone,crash_after_predicate_update,4,0.07778001,0.98,False,False,none,18.0,crash_after_overlay_write,24,6,18.457182,0,1,0,0,True,True,0f9d5ea96fb52ba1,ff51a31259948af2,"scenario-specific recovery path, common safe final state",residual_leakage_varies_by_crash_path,False,False,False,False,audit_gap_detected_or_rejected,normal_recovery,,,,,residual leakage baseline; audit/safe-mode not applicable
SIFT1M,1000000,1000000,Tombstone,crash_after_key_destruction,0,0.07227862,0.98,False,False,none,18.0,crash_after_reverse_adjacency_update,32,7,23.84604,1,0,1,0,True,True,0f9d5ea96fb52ba1,5241e79a45dfaec2,"scenario-specific recovery path, common safe final state",residual_leakage_varies_by_crash_path,False,False,False,False,audit_gap_detected_or_rejected,normal_recovery,,,,,residual leakage baseline; audit/safe-mode not applicable
SIFT1M,1000000,1000000,Tombstone,crash_after_key_destruction,1,0.06790068,0.98,False,False,none,18.0,crash_after_audit_log_append,21,3,13.954912,0,0,1,0,True,True,0f9d5ea96fb52ba1,126eb0dae4faa632,"scenario-specific recovery path, common safe final state",residual_leakage_varies_by_crash_path,False,False,False,False,audit_gap_detected_or_rejected,normal_recovery,,,,,residual leakage baseline; audit/safe-mode not applicable
SIFT1M,1000000,1000000,Tombstone,crash_after_key_destruction,2,0.08237833,0.98,False,False,none,18.0,crash_during_overlay_replay,32,9,26.731025,1,1,0,0,True,True,0f9d5ea96fb52ba1,39772698b07b810c,"scenario-specific recovery path, common safe final state",residual_leakage_varies_by_crash_path,False,False,False,False,audit_gap_detected_or_rejected,normal_recovery,,,,,residual leakage baseline; audit/safe-mode not applicable
SIFT1M,1000000,1000000,Tombstone,crash_after_key_destruction,3,0.08807705,0.98,False,False,none,18.0,crash_during_predicate_replay,37,10,30.46413,1,1,0,0,True,True,0f9d5ea96fb52ba1,d9d27cd4a2005803,"scenario-specific recovery path, common safe final state",residual_leakage_varies_by_crash_path,False,False,False,False,audit_gap_detected_or_rejected,normal_recovery,,,,,residual leakage baseline; audit/safe-mode not applicable
SIFT1M,1000000,1000000,Tombstone,crash_after_key_destruction,4,0.10906882,0.98,False,False,none,18.0,recovery_missing_overlay,47,13,37.135025,0,1,1,0,True,True,0f9d5ea96fb52ba1,ab83f29cefaaa2f7,"scenario-specific recovery path, common safe final state",residual_leakage_varies_by_crash_path,False,False,False,False,audit_gap_detected_or_rejected,normal_recovery,,,,,residual leakage baseline; audit/safe-mode not applicable
SIFT1M,1000000,1000000,Tombstone,recovery_missing_overlay,0,0.07071774,0.98,False,False,none,18.0,recovery_missing_audit_record,41,13,37.182525,1,0,1,0,True,True,0f9d5ea96fb52ba1,65c70fdc7225c15b,"scenario-specific recovery path, common safe final state",residual_leakage_varies_by_crash_path,False,False,False,False,audit_gap_detected_or_rejected,normal_recovery,,,,,residual leakage baseline; audit/safe-mode not applicable
SIFT1M,1000000,1000000,Tombstone,recovery_missing_overlay,1,0.06594741,0.98,False,False,none,18.0,crash_after_key_destruction,17,5,14.300276,1,0,0,1,True,True,0f9d5ea96fb52ba1,9090d04d45fbe53d,"scenario-specific recovery path, common safe final state",residual_leakage_varies_by_crash_path,False,False,False,False,audit_gap_detected_or_rejected,normal_recovery,,,,,residual leakage baseline; audit/safe-mode not applicable
SIFT1M,1000000,1000000,Tombstone,recovery_missing_overlay,2,0.0816553,0.98,False,False,none,18.0,crash_after_predicate_update,31,6,19.588119,1,0,0,0,True,True,0f9d5ea96fb52ba1,5e154d7363dced38,"scenario-specific recovery path, common safe final state",residual_leakage_varies_by_crash_path,False,False,False,False,audit_gap_detected_or_rejected,normal_recovery,,,,,residual leakage baseline; audit/safe-mode not applicable
SIFT1M,1000000,1000000,Tombstone,recovery_missing_overlay,3,0.07696587,0.98,False,False,none,18.0,crash_after_overlay_write,23,6,18.95917,0,1,0,0,True,True,0f9d5ea96fb52ba1,93e55faa3739405b,"scenario-specific recovery path, common safe final state",residual_leakage_varies_by_crash_path,False,False,False,False,audit_gap_detected_or_rejected,normal_recovery,,,,,residual leakage baseline; audit/safe-mode not applicable
SIFT1M,1000000,1000000,Tombstone,recovery_missing_overlay,4,0.07146635,0.98,False,False,none,18.0,crash_after_reverse_adjacency_update,33,8,25.617606,1,0,1,0,True,True,0f9d5ea96fb52ba1,06a0ad2d9e47a670,"scenario-specific recovery path, common safe final state",residual_leakage_varies_by_crash_path,False,False,False,False,audit_gap_detected_or_rejected,normal_recovery,,,,,residual leakage baseline; audit/safe-mode not applicable
SIFT1M,1000000,1000000,Tombstone,recovery_stale_predicate,0,0.06753151,0.98,False,False,none,18.0,crash_after_audit_log_append,17,2,11.413828,0,0,1,0,True,True,0f9d5ea96fb52ba1,f20cb78284146cfa,"scenario-specific recovery path, common safe final state",residual_leakage_varies_by_crash_path,False,False,False,False,audit_gap_detected_or_rejected,normal_recovery,,,,,residual leakage baseline; audit/safe-mode not applicable
SIFT1M,1000000,1000000,Tombstone,recovery_stale_predicate,1,0.08592218,0.98,False,False,none,18.0,crash_during_overlay_replay,34,9,26.715798,1,1,0,0,True,True,0f9d5ea96fb52ba1,541780254a438454,"scenario-specific recovery path, common safe final state",residual_leakage_varies_by_crash_path,False,False,False,False,audit_gap_detected_or_rejected,normal_recovery,,,,,residual leakage baseline; audit/safe-mode not applicable
SIFT1M,1000000,1000000,Tombstone,recovery_stale_predicate,2,0.09736067,0.98,False,False,none,18.0,crash_during_predicate_replay,40,11,32.577781,1,1,0,0,True,True,0f9d5ea96fb52ba1,01f7160e6c23ef2d,"scenario-specific recovery path, common safe final state",residual_leakage_varies_by_crash_path,False,False,False,False,audit_gap_detected_or_rejected,normal_recovery,,,,,residual leakage baseline; audit/safe-mode not applicable
SIFT1M,1000000,1000000,Tombstone,recovery_stale_predicate,3,0.10773117,0.98,False,False,none,18.0,recovery_missing_overlay,46,13,36.558588,0,1,1,0,True,True,0f9d5ea96fb52ba1,f47619f1de50ff79,"scenario-specific recovery path, common safe final state",residual_leakage_varies_by_crash_path,False,False,False,False,audit_gap_detected_or_rejected,normal_recovery,,,,,residual leakage baseline; audit/safe-mode not applicable
SIFT1M,1000000,1000000,Tombstone,recovery_stale_predicate,4,0.07504527,0.98,False,False,none,18.0,recovery_missing_audit_record,36,12,33.479642,1,0,1,0,True,True,0f9d5ea96fb52ba1,a70cbbfcc46d154f,"scenario-specific recovery path, common safe final state",residual_leakage_varies_by_crash_path,False,False,False,False,audit_gap_detected_or_rejected,normal_recovery,,,,,residual leakage baseline; audit/safe-mode not applicable
SIFT1M,1000000,1000000,Physical-delete,query_before_commit,0,0.0,0.98,False,False,none,18.0,crash_after_key_destruction,64,5,32.382306,1,0,0,1,True,True,479f433d79a27356,cabf27f7af795203,"scenario-specific recovery path, common safe final state",zero_leakage_safe_state,False,False,False,True,audit_gap_detected_or_rejected,normal_recovery,,True,,,zero-leakage recovery; audit/safe-mode not applicable
SIFT1M,1000000,1000000,Physical-delete,query_before_commit,1,0.0,0.98,False,False,none,18.0,crash_after_predicate_update,84,8,43.76237,1,0,0,1,True,True,479f433d79a27356,ec6b229758a28230,"scenario-specific recovery path, common safe final state",zero_leakage_safe_state,False,False,False,True,audit_gap_detected_or_rejected,normal_recovery,,True,,,zero-leakage recovery; audit/safe-mode not applicable
SIFT1M,1000000,1000000,Physical-delete,query_before_commit,2,0.0,0.98,False,False,none,18.0,crash_after_overlay_write,78,6,41.378991,0,1,0,1,True,True,479f433d79a27356,639cdb2a0dfccd6d,"scenario-specific recovery path, common safe final state",zero_leakage_safe_state,False,False,False,True,audit_gap_detected_or_rejected,normal_recovery,,True,,,zero-leakage recovery; audit/safe-mode not applicable
SIFT1M,1000000,1000000,Physical-delete,query_before_commit,3,0.0,0.98,False,False,none,18.0,crash_after_reverse_adjacency_update,95,8,50.793556,1,0,1,1,True,True,479f433d79a27356,ab9503f628bdc75e,"scenario-specific recovery path, common safe final state",zero_leakage_safe_state,False,False,False,True,audit_gap_detected_or_rejected,normal_recovery,,True,,,zero-leakage recovery; audit/safe-mode not applicable
SIFT1M,1000000,1000000,Physical-delete,query_before_commit,4,0.0,0.98,False,False,none,18.0,crash_after_audit_log_append,54,4,29.525866,0,0,1,1,True,True,479f433d79a27356,a5771f39864729f0,"scenario-specific recovery path, common safe final state",zero_leakage_safe_state,False,False,False,True,audit_gap_detected_or_rejected,normal_recovery,,True,,,zero-leakage recovery; audit/safe-mode not applicable
SIFT1M,1000000,1000000,Physical-delete,query_after_commit,0,0.0,0.98,False,False,none,18.0,crash_during_overlay_replay,103,8,52.626704,1,1,0,1,True,True,479f433d79a27356,e700ff1ec3597b82,"scenario-specific recovery path, common safe final state",zero_leakage_safe_state,False,False,False,True,audit_gap_detected_or_rejected,normal_recovery,,True,,,zero-leakage recovery; audit/safe-mode not applicable
SIFT1M,1000000,1000000,Physical-delete,query_after_commit,1,0.0,0.98,False,False,none,18.0,crash_during_predicate_replay,115,11,60.878264,1,1,0,1,True,True,479f433d79a27356,cac41d059a77313c,"scenario-specific recovery path, common safe final state",zero_leakage_safe_state,False,False,False,True,audit_gap_detected_or_rejected,normal_recovery,,True,,,zero-leakage recovery; audit/safe-mode not applicable
SIFT1M,1000000,1000000,Physical-delete,query_after_commit,2,0.0,0.98,False,False,none,18.0,recovery_missing_overlay,138,13,73.515102,0,1,1,1,True,True,479f433d79a27356,2fa347fa3bc4f089,"scenario-specific recovery path, common safe final state",zero_leakage_safe_state,False,False,False,True,audit_gap_detected_or_rejected,normal_recovery,,True,,,zero-leakage recovery; audit/safe-mode not applicable
SIFT1M,1000000,1000000,Physical-delete,query_after_commit,3,0.0,0.98,False,False,none,18.0,recovery_missing_audit_record,126,11,65.946071,1,0,1,1,True,True,479f433d79a27356,84e5cbfc1776b1f7,"scenario-specific recovery path, common safe final state",zero_leakage_safe_state,False,False,False,True,audit_gap_detected_or_rejected,normal_recovery,,True,,,zero-leakage recovery; audit/safe-mode not applicable
SIFT1M,1000000,1000000,Physical-delete,query_after_commit,4,0.0,0.98,False,False,none,18.0,crash_after_key_destruction,67,4,31.60569,1,0,0,1,True,True,479f433d79a27356,ae160ce7a85e4bcb,"scenario-specific recovery path, common safe final state",zero_leakage_safe_state,False,False,False,True,audit_gap_detected_or_rejected,normal_recovery,,True,,,zero-leakage recovery; audit/safe-mode not applicable
SIFT1M,1000000,1000000,Physical-delete,query_overlaps_commit,0,0.0,0.98,False,False,none,18.0,crash_after_predicate_update,87,7,43.050892,1,0,0,1,True,True,479f433d79a27356,37818f273ee84ab0,"scenario-specific recovery path, common safe final state",zero_leakage_safe_state,False,False,False,True,audit_gap_detected_or_rejected,normal_recovery,,True,,,zero-leakage recovery; audit/safe-mode not applicable
SIFT1M,1000000,1000000,Physical-delete,query_overlaps_commit,1,0.0,0.98,False,False,none,18.0,crash_after_overlay_write,73,5,37.508458,0,1,0,1,True,True,479f433d79a27356,866ed785c44a9e76,"scenario-specific recovery path, common safe final state",zero_leakage_safe_state,False,False,False,True,audit_gap_detected_or_rejected,normal_recovery,,True,,,zero-leakage recovery; audit/safe-mode not applicable
SIFT1M,1000000,1000000,Physical-delete,query_overlaps_commit,2,0.0,0.98,False,False,none,18.0,crash_after_reverse_adjacency_update,94,8,47.328362,1,0,1,1,True,True,479f433d79a27356,31396513b6b9e112,"scenario-specific recovery path, common safe final state",zero_leakage_safe_state,False,False,False,True,audit_gap_detected_or_rejected,normal_recovery,,True,,,zero-leakage recovery; audit/safe-mode not applicable
SIFT1M,1000000,1000000,Physical-delete,query_overlaps_commit,3,0.0,0.98,False,False,none,18.0,crash_after_audit_log_append,55,3,25.375459,0,0,1,1,True,True,479f433d79a27356,9b23d78d27d50428,"scenario-specific recovery path, common safe final state",zero_leakage_safe_state,False,False,False,True,audit_gap_detected_or_rejected,normal_recovery,,True,,,zero-leakage recovery; audit/safe-mode not applicable
SIFT1M,1000000,1000000,Physical-delete,query_overlaps_commit,4,0.0,0.98,False,False,none,18.0,crash_during_overlay_replay,105,10,55.312194,1,1,0,1,True,True,479f433d79a27356,3c855384d5272c16,"scenario-specific recovery path, common safe final state",zero_leakage_safe_state,False,False,False,True,audit_gap_detected_or_rejected,normal_recovery,,True,,,zero-leakage recovery; audit/safe-mode not applicable
SIFT1M,1000000,1000000,Physical-delete,crash_after_log_intent,0,0.0,0.98,False,False,none,18.0,crash_during_predicate_replay,113,10,59.056234,1,1,0,1,True,True,479f433d79a27356,68d3bc001963ac9d,"scenario-specific recovery path, common safe final state",zero_leakage_safe_state,False,False,False,True,audit_gap_detected_or_rejected,normal_recovery,,True,,,zero-leakage recovery; audit/safe-mode not applicable
SIFT1M,1000000,1000000,Physical-delete,crash_after_log_intent,1,0.0,0.98,False,False,none,18.0,recovery_missing_overlay,134,12,69.858764,0,1,1,1,True,True,479f433d79a27356,da01d6defe02314d,"scenario-specific recovery path, common safe final state",zero_leakage_safe_state,False,False,False,True,audit_gap_detected_or_rejected,normal_recovery,,True,,,zero-leakage recovery; audit/safe-mode not applicable
SIFT1M,1000000,1000000,Physical-delete,crash_after_log_intent,2,0.0,0.98,False,False,none,18.0,recovery_missing_audit_record,125,12,66.72182,1,0,1,1,True,True,479f433d79a27356,b2b892202c818302,"scenario-specific recovery path, common safe final state",zero_leakage_safe_state,False,False,False,True,audit_gap_detected_or_rejected,normal_recovery,,True,,,zero-leakage recovery; audit/safe-mode not applicable
SIFT1M,1000000,1000000,Physical-delete,crash_after_log_intent,3,0.0,0.98,False,False,none,18.0,crash_after_key_destruction,63,5,35.229736,1,0,0,1,True,True,479f433d79a27356,e2ef7eaf8ba61f74,"scenario-specific recovery path, common safe final state",zero_leakage_safe_state,False,False,False,True,audit_gap_detected_or_rejected,normal_recovery,,True,,,zero-leakage recovery; audit/safe-mode not applicable
SIFT1M,1000000,1000000,Physical-delete,crash_after_log_intent,4,0.0,0.98,False,False,none,18.0,crash_after_predicate_update,85,7,44.350524,1,0,0,1,True,True,479f433d79a27356,7352c427a348703c,"scenario-specific recovery path, common safe final state",zero_leakage_safe_state,False,False,False,True,audit_gap_detected_or_rejected,normal_recovery,,True,,,zero-leakage recovery; audit/safe-mode not applicable
SIFT1M,1000000,1000000,Physical-delete,crash_after_overlay_build,0,0.0,0.98,False,False,none,18.0,crash_after_overlay_write,73,5,36.077863,0,1,0,1,True,True,479f433d79a27356,866ed785c44a9e76,"scenario-specific recovery path, common safe final state",zero_leakage_safe_state,False,False,False,True,audit_gap_detected_or_rejected,normal_recovery,,True,,,zero-leakage recovery; audit/safe-mode not applicable
SIFT1M,1000000,1000000,Physical-delete,crash_after_overlay_build,1,0.0,0.98,False,False,none,18.0,crash_after_reverse_adjacency_update,99,8,51.177408,1,0,1,1,True,True,479f433d79a27356,74941273ed6c0b78,"scenario-specific recovery path, common safe final state",zero_leakage_safe_state,False,False,False,True,audit_gap_detected_or_rejected,normal_recovery,,True,,,zero-leakage recovery; audit/safe-mode not applicable
SIFT1M,1000000,1000000,Physical-delete,crash_after_overlay_build,2,0.0,0.98,False,False,none,18.0,crash_after_audit_log_append,56,3,29.127801,0,0,1,1,True,True,479f433d79a27356,1cc404da28e7f013,"scenario-specific recovery path, common safe final state",zero_leakage_safe_state,False,False,False,True,audit_gap_detected_or_rejected,normal_recovery,,True,,,zero-leakage recovery; audit/safe-mode not applicable
SIFT1M,1000000,1000000,Physical-delete,crash_after_overlay_build,3,0.0,0.98,False,False,none,18.0,crash_during_overlay_replay,103,9,55.162167,1,1,0,1,True,True,479f433d79a27356,3e94d49c6639c6ba,"scenario-specific recovery path, common safe final state",zero_leakage_safe_state,False,False,False,True,audit_gap_detected_or_rejected,normal_recovery,,True,,,zero-leakage recovery; audit/safe-mode not applicable
SIFT1M,1000000,1000000,Physical-delete,crash_after_overlay_build,4,0.0,0.98,False,False,none,18.0,crash_during_predicate_replay,114,10,56.193497,1,1,0,1,True,True,479f433d79a27356,540a98d92c5647ee,"scenario-specific recovery path, common safe final state",zero_leakage_safe_state,False,False,False,True,audit_gap_detected_or_rejected,normal_recovery,,True,,,zero-leakage recovery; audit/safe-mode not applicable
SIFT1M,1000000,1000000,Physical-delete,crash_after_predicate_update,0,0.0,0.98,False,False,none,18.0,recovery_missing_overlay,133,13,71.577138,0,1,1,1,True,True,479f433d79a27356,e5492164642cfba9,"scenario-specific recovery path, common safe final state",zero_leakage_safe_state,False,False,False,True,audit_gap_detected_or_rejected,normal_recovery,,True,,,zero-leakage recovery; audit/safe-mode not applicable
SIFT1M,1000000,1000000,Physical-delete,crash_after_predicate_update,1,0.0,0.98,False,False,none,18.0,recovery_missing_audit_record,127,11,65.799372,1,0,1,1,True,True,479f433d79a27356,04b422feb8f1d309,"scenario-specific recovery path, common safe final state",zero_leakage_safe_state,False,False,False,True,audit_gap_detected_or_rejected,normal_recovery,,True,,,zero-leakage recovery; audit/safe-mode not applicable
SIFT1M,1000000,1000000,Physical-delete,crash_after_predicate_update,2,0.0,0.98,False,False,none,18.0,crash_after_key_destruction,64,4,29.740668,1,0,0,1,True,True,479f433d79a27356,895676a109ff4d75,"scenario-specific recovery path, common safe final state",zero_leakage_safe_state,False,False,False,True,audit_gap_detected_or_rejected,normal_recovery,,True,,,zero-leakage recovery; audit/safe-mode not applicable
SIFT1M,1000000,1000000,Physical-delete,crash_after_predicate_update,3,0.0,0.98,False,False,none,18.0,crash_after_predicate_update,83,6,41.875279,1,0,0,1,True,True,479f433d79a27356,5794343e10041d7e,"scenario-specific recovery path, common safe final state",zero_leakage_safe_state,False,False,False,True,audit_gap_detected_or_rejected,normal_recovery,,True,,,zero-leakage recovery; audit/safe-mode not applicable
SIFT1M,1000000,1000000,Physical-delete,crash_after_predicate_update,4,0.0,0.98,False,False,none,18.0,crash_after_overlay_write,73,5,35.027374,0,1,0,1,True,True,479f433d79a27356,866ed785c44a9e76,"scenario-specific recovery path, common safe final state",zero_leakage_safe_state,False,False,False,True,audit_gap_detected_or_rejected,normal_recovery,,True,,,zero-leakage recovery; audit/safe-mode not applicable
SIFT1M,1000000,1000000,Physical-delete,crash_after_key_destruction,0,0.0,0.98,False,False,none,18.0,crash_after_reverse_adjacency_update,97,6,46.988139,1,0,1,1,True,True,479f433d79a27356,a71dc3058713fdd6,"scenario-specific recovery path, common safe final state",zero_leakage_safe_state,False,False,False,True,audit_gap_detected_or_rejected,normal_recovery,,True,,,zero-leakage recovery; audit/safe-mode not applicable
SIFT1M,1000000,1000000,Physical-delete,crash_after_key_destruction,1,0.0,0.98,False,False,none,18.0,crash_after_audit_log_append,56,3,28.57661,0,0,1,1,True,True,479f433d79a27356,1cc404da28e7f013,"scenario-specific recovery path, common safe final state",zero_leakage_safe_state,False,False,False,True,audit_gap_detected_or_rejected,normal_recovery,,True,,,zero-leakage recovery; audit/safe-mode not applicable
SIFT1M,1000000,1000000,Physical-delete,crash_after_key_destruction,2,0.0,0.98,False,False,none,18.0,crash_during_overlay_replay,107,9,55.376312,1,1,0,1,True,True,479f433d79a27356,6a5a667082e4c2bc,"scenario-specific recovery path, common safe final state",zero_leakage_safe_state,False,False,False,True,audit_gap_detected_or_rejected,normal_recovery,,True,,,zero-leakage recovery; audit/safe-mode not applicable
SIFT1M,1000000,1000000,Physical-delete,crash_after_key_destruction,3,0.0,0.98,False,False,none,18.0,crash_during_predicate_replay,117,11,61.231811,1,1,0,1,True,True,479f433d79a27356,0772b21f554efa72,"scenario-specific recovery path, common safe final state",zero_leakage_safe_state,False,False,False,True,audit_gap_detected_or_rejected,normal_recovery,,True,,,zero-leakage recovery; audit/safe-mode not applicable
SIFT1M,1000000,1000000,Physical-delete,crash_after_key_destruction,4,0.0,0.98,False,False,none,18.0,recovery_missing_overlay,136,13,71.51519,0,1,1,1,True,True,479f433d79a27356,d3ca461493da7de5,"scenario-specific recovery path, common safe final state",zero_leakage_safe_state,False,False,False,True,audit_gap_detected_or_rejected,normal_recovery,,True,,,zero-leakage recovery; audit/safe-mode not applicable
SIFT1M,1000000,1000000,Physical-delete,recovery_missing_overlay,0,0.0,0.98,False,False,none,18.0,recovery_missing_audit_record,124,11,65.229037,1,0,1,1,True,True,479f433d79a27356,59351b16bf24ce2c,"scenario-specific recovery path, common safe final state",zero_leakage_safe_state,False,False,False,True,audit_gap_detected_or_rejected,normal_recovery,,True,,,zero-leakage recovery; audit/safe-mode not applicable
SIFT1M,1000000,1000000,Physical-delete,recovery_missing_overlay,1,0.0,0.98,False,False,none,18.0,crash_after_key_destruction,68,4,35.199771,1,0,0,1,True,True,479f433d79a27356,b265c1b7da9dabfc,"scenario-specific recovery path, common safe final state",zero_leakage_safe_state,False,False,False,True,audit_gap_detected_or_rejected,normal_recovery,,True,,,zero-leakage recovery; audit/safe-mode not applicable
SIFT1M,1000000,1000000,Physical-delete,recovery_missing_overlay,2,0.0,0.98,False,False,none,18.0,crash_after_predicate_update,89,6,45.001618,1,0,0,1,True,True,479f433d79a27356,12aff9ecd9675379,"scenario-specific recovery path, common safe final state",zero_leakage_safe_state,False,False,False,True,audit_gap_detected_or_rejected,normal_recovery,,True,,,zero-leakage recovery; audit/safe-mode not applicable
SIFT1M,1000000,1000000,Physical-delete,recovery_missing_overlay,3,0.0,0.98,False,False,none,18.0,crash_after_overlay_write,77,6,40.255044,0,1,0,1,True,True,479f433d79a27356,5c920ad995ae24cb,"scenario-specific recovery path, common safe final state",zero_leakage_safe_state,False,False,False,True,audit_gap_detected_or_rejected,normal_recovery,,True,,,zero-leakage recovery; audit/safe-mode not applicable
SIFT1M,1000000,1000000,Physical-delete,recovery_missing_overlay,4,0.0,0.98,False,False,none,18.0,crash_after_reverse_adjacency_update,93,8,48.303057,1,0,1,1,True,True,479f433d79a27356,5ca644f8205e76a6,"scenario-specific recovery path, common safe final state",zero_leakage_safe_state,False,False,False,True,audit_gap_detected_or_rejected,normal_recovery,,True,,,zero-leakage recovery; audit/safe-mode not applicable
SIFT1M,1000000,1000000,Physical-delete,recovery_stale_predicate,0,0.0,0.98,False,False,none,18.0,crash_after_audit_log_append,51,2,24.535194,0,0,1,1,True,True,479f433d79a27356,cd38f2ae11984ea6,"scenario-specific recovery path, common safe final state",zero_leakage_safe_state,False,False,False,True,audit_gap_detected_or_rejected,normal_recovery,,True,,,zero-leakage recovery; audit/safe-mode not applicable
SIFT1M,1000000,1000000,Physical-delete,recovery_stale_predicate,1,0.0,0.98,False,False,none,18.0,crash_during_overlay_replay,106,8,53.049839,1,1,0,1,True,True,479f433d79a27356,1d757941e1130088,"scenario-specific recovery path, common safe final state",zero_leakage_safe_state,False,False,False,True,audit_gap_detected_or_rejected,normal_recovery,,True,,,zero-leakage recovery; audit/safe-mode not applicable
SIFT1M,1000000,1000000,Physical-delete,recovery_stale_predicate,2,0.0,0.98,False,False,none,18.0,crash_during_predicate_replay,113,9,55.872723,1,1,0,1,True,True,479f433d79a27356,40f2293697853b8b,"scenario-specific recovery path, common safe final state",zero_leakage_safe_state,False,False,False,True,audit_gap_detected_or_rejected,normal_recovery,,True,,,zero-leakage recovery; audit/safe-mode not applicable
SIFT1M,1000000,1000000,Physical-delete,recovery_stale_predicate,3,0.0,0.98,False,False,none,18.0,recovery_missing_overlay,133,13,71.284318,0,1,1,1,True,True,479f433d79a27356,e5492164642cfba9,"scenario-specific recovery path, common safe final state",zero_leakage_safe_state,False,False,False,True,audit_gap_detected_or_rejected,normal_recovery,,True,,,zero-leakage recovery; audit/safe-mode not applicable
SIFT1M,1000000,1000000,Physical-delete,recovery_stale_predicate,4,0.0,0.98,False,False,none,18.0,recovery_missing_audit_record,124,11,64.784118,1,0,1,1,True,True,479f433d79a27356,59351b16bf24ce2c,"scenario-specific recovery path, common safe final state",zero_leakage_safe_state,False,False,False,True,audit_gap_detected_or_rejected,normal_recovery,,True,,,zero-leakage recovery; audit/safe-mode not applicable
SIFT1M,1000000,1000000,Periodic-rebuild,query_before_commit,0,0.04057986,0.98,False,False,none,18.0,crash_after_key_destruction,38,3,21.685173,1,0,0,1,True,True,b17bb681fefa892e,cb319660d2762193,"scenario-specific recovery path, common safe final state",residual_leakage_varies_by_crash_path,False,False,False,False,audit_gap_detected_or_rejected,normal_recovery,,,,,residual leakage baseline; audit/safe-mode not applicable
SIFT1M,1000000,1000000,Periodic-rebuild,query_before_commit,1,0.05416261,0.98,False,False,none,18.0,crash_after_predicate_update,47,7,29.030682,1,0,0,0,True,True,b17bb681fefa892e,577b3bf1632248b3,"scenario-specific recovery path, common safe final state",residual_leakage_varies_by_crash_path,False,False,False,False,audit_gap_detected_or_rejected,normal_recovery,,,,,residual leakage baseline; audit/safe-mode not applicable
SIFT1M,1000000,1000000,Periodic-rebuild,query_before_commit,2,0.04700419,0.98,False,False,none,18.0,crash_after_overlay_write,41,5,24.739873,0,1,0,0,True,True,b17bb681fefa892e,f380c8de00a34d4c,"scenario-specific recovery path, common safe final state",residual_leakage_varies_by_crash_path,False,False,False,False,audit_gap_detected_or_rejected,normal_recovery,,,,,residual leakage baseline; audit/safe-mode not applicable
SIFT1M,1000000,1000000,Periodic-rebuild,query_before_commit,3,0.04750904,0.98,False,False,none,18.0,crash_after_reverse_adjacency_update,48,8,29.620622,1,0,1,0,True,True,b17bb681fefa892e,c6dd01a56474c985,"scenario-specific recovery path, common safe final state",residual_leakage_varies_by_crash_path,False,False,False,False,audit_gap_detected_or_rejected,normal_recovery,,,,,residual leakage baseline; audit/safe-mode not applicable
SIFT1M,1000000,1000000,Periodic-rebuild,query_before_commit,4,0.0390684,0.98,False,False,none,18.0,crash_after_audit_log_append,30,3,17.533885,0,0,1,0,True,True,b17bb681fefa892e,d17fdda0a61cb1eb,"scenario-specific recovery path, common safe final state",residual_leakage_varies_by_crash_path,False,False,False,False,audit_gap_detected_or_rejected,normal_recovery,,,,,residual leakage baseline; audit/safe-mode not applicable
SIFT1M,1000000,1000000,Periodic-rebuild,query_after_commit,0,0.05702965,0.98,False,False,none,18.0,crash_during_overlay_replay,60,8,35.996349,1,1,0,0,True,True,b17bb681fefa892e,d8b6b06518cd8eff,"scenario-specific recovery path, common safe final state",residual_leakage_varies_by_crash_path,False,False,False,False,audit_gap_detected_or_rejected,normal_recovery,,,,,residual leakage baseline; audit/safe-mode not applicable
SIFT1M,1000000,1000000,Periodic-rebuild,query_after_commit,1,0.05406149,0.98,False,False,none,18.0,crash_during_predicate_replay,62,10,39.425152,1,1,0,0,True,True,b17bb681fefa892e,4356611a36e586c6,"scenario-specific recovery path, common safe final state",residual_leakage_varies_by_crash_path,False,False,False,False,audit_gap_detected_or_rejected,normal_recovery,,,,,residual leakage baseline; audit/safe-mode not applicable
SIFT1M,1000000,1000000,Periodic-rebuild,query_after_commit,2,0.06513159,0.98,False,False,none,18.0,recovery_missing_overlay,74,13,47.490852,0,1,1,0,True,True,b17bb681fefa892e,78daf01e93782eff,"scenario-specific recovery path, common safe final state",residual_leakage_varies_by_crash_path,False,False,False,False,audit_gap_detected_or_rejected,normal_recovery,,,,,residual leakage baseline; audit/safe-mode not applicable
SIFT1M,1000000,1000000,Periodic-rebuild,query_after_commit,3,0.04814897,0.98,False,False,none,18.0,recovery_missing_audit_record,71,12,43.806558,1,0,1,0,True,True,b17bb681fefa892e,d220dcd76899010a,"scenario-specific recovery path, common safe final state",residual_leakage_varies_by_crash_path,False,False,False,False,audit_gap_detected_or_rejected,normal_recovery,,,,,residual leakage baseline; audit/safe-mode not applicable
SIFT1M,1000000,1000000,Periodic-rebuild,query_after_commit,4,0.03659508,0.98,False,False,none,18.0,crash_after_key_destruction,34,3,19.61209,1,0,0,1,True,True,b17bb681fefa892e,564a243e893409d9,"scenario-specific recovery path, common safe final state",residual_leakage_varies_by_crash_path,False,False,False,False,audit_gap_detected_or_rejected,normal_recovery,,,,,residual leakage baseline; audit/safe-mode not applicable
SIFT1M,1000000,1000000,Periodic-rebuild,query_overlaps_commit,0,0.05302709,0.98,False,False,none,18.0,crash_after_predicate_update,42,7,26.089296,1,0,0,0,True,True,b17bb681fefa892e,b40711bb9f5abd21,"scenario-specific recovery path, common safe final state",residual_leakage_varies_by_crash_path,False,False,False,False,audit_gap_detected_or_rejected,normal_recovery,,,,,residual leakage baseline; audit/safe-mode not applicable
SIFT1M,1000000,1000000,Periodic-rebuild,query_overlaps_commit,1,0.04914313,0.98,False,False,none,18.0,crash_after_overlay_write,43,5,23.666448,0,1,0,0,True,True,b17bb681fefa892e,13dff40c2f443b3e,"scenario-specific recovery path, common safe final state",residual_leakage_varies_by_crash_path,False,False,False,False,audit_gap_detected_or_rejected,normal_recovery,,,,,residual leakage baseline; audit/safe-mode not applicable
SIFT1M,1000000,1000000,Periodic-rebuild,query_overlaps_commit,2,0.0428857,0.98,False,False,none,18.0,crash_after_reverse_adjacency_update,54,8,32.508748,1,0,1,0,True,True,b17bb681fefa892e,7d56e8529c31076c,"scenario-specific recovery path, common safe final state",residual_leakage_varies_by_crash_path,False,False,False,False,audit_gap_detected_or_rejected,normal_recovery,,,,,residual leakage baseline; audit/safe-mode not applicable
SIFT1M,1000000,1000000,Periodic-rebuild,query_overlaps_commit,3,0.04007267,0.98,False,False,none,18.0,crash_after_audit_log_append,28,2,15.245013,0,0,1,0,True,True,b17bb681fefa892e,526b10996ea956c4,"scenario-specific recovery path, common safe final state",residual_leakage_varies_by_crash_path,False,False,False,False,audit_gap_detected_or_rejected,normal_recovery,,,,,residual leakage baseline; audit/safe-mode not applicable
SIFT1M,1000000,1000000,Periodic-rebuild,query_overlaps_commit,4,0.04947516,0.98,False,False,none,18.0,crash_during_overlay_replay,56,9,33.424497,1,1,0,0,True,True,b17bb681fefa892e,379aa8ea4dcd9b26,"scenario-specific recovery path, common safe final state",residual_leakage_varies_by_crash_path,False,False,False,False,audit_gap_detected_or_rejected,normal_recovery,,,,,residual leakage baseline; audit/safe-mode not applicable
SIFT1M,1000000,1000000,Periodic-rebuild,crash_after_log_intent,0,0.05766138,0.98,False,False,none,18.0,crash_during_predicate_replay,61,11,38.848188,1,1,0,0,True,True,b17bb681fefa892e,f315a4693122d1bd,"scenario-specific recovery path, common safe final state",residual_leakage_varies_by_crash_path,False,False,False,False,audit_gap_detected_or_rejected,normal_recovery,,,,,residual leakage baseline; audit/safe-mode not applicable
SIFT1M,1000000,1000000,Periodic-rebuild,crash_after_log_intent,1,0.06905713,0.98,False,False,none,18.0,recovery_missing_overlay,75,13,48.070582,0,1,1,0,True,True,b17bb681fefa892e,b55be980deeff6cd,"scenario-specific recovery path, common safe final state",residual_leakage_varies_by_crash_path,False,False,False,False,audit_gap_detected_or_rejected,normal_recovery,,,,,residual leakage baseline; audit/safe-mode not applicable
SIFT1M,1000000,1000000,Periodic-rebuild,crash_after_log_intent,2,0.0469218,0.98,False,False,none,18.0,recovery_missing_audit_record,69,11,42.342553,1,0,1,0,True,True,b17bb681fefa892e,70ab2908a95aeda8,"scenario-specific recovery path, common safe final state",residual_leakage_varies_by_crash_path,False,False,False,False,audit_gap_detected_or_rejected,normal_recovery,,,,,residual leakage baseline; audit/safe-mode not applicable
SIFT1M,1000000,1000000,Periodic-rebuild,crash_after_log_intent,3,0.03701937,0.98,False,False,none,18.0,crash_after_key_destruction,37,4,21.345932,1,0,0,1,True,True,b17bb681fefa892e,f4d15cafb6d5f663,"scenario-specific recovery path, common safe final state",residual_leakage_varies_by_crash_path,False,False,False,False,audit_gap_detected_or_rejected,normal_recovery,,,,,residual leakage baseline; audit/safe-mode not applicable
SIFT1M,1000000,1000000,Periodic-rebuild,crash_after_log_intent,4,0.05286383,0.98,False,False,none,18.0,crash_after_predicate_update,46,8,30.87911,1,0,0,0,True,True,b17bb681fefa892e,787f7e3d01b14543,"scenario-specific recovery path, common safe final state",residual_leakage_varies_by_crash_path,False,False,False,False,audit_gap_detected_or_rejected,normal_recovery,,,,,residual leakage baseline; audit/safe-mode not applicable
SIFT1M,1000000,1000000,Periodic-rebuild,crash_after_overlay_build,0,0.04863534,0.98,False,False,none,18.0,crash_after_overlay_write,41,6,25.96856,0,1,0,0,True,True,b17bb681fefa892e,070a49848d153dda,"scenario-specific recovery path, common safe final state",residual_leakage_varies_by_crash_path,False,False,False,False,audit_gap_detected_or_rejected,normal_recovery,,,,,residual leakage baseline; audit/safe-mode not applicable
SIFT1M,1000000,1000000,Periodic-rebuild,crash_after_overlay_build,1,0.0483171,0.98,False,False,none,18.0,crash_after_reverse_adjacency_update,51,8,29.792876,1,0,1,0,True,True,b17bb681fefa892e,730778b3cd92d9a5,"scenario-specific recovery path, common safe final state",residual_leakage_varies_by_crash_path,False,False,False,False,audit_gap_detected_or_rejected,normal_recovery,,,,,residual leakage baseline; audit/safe-mode not applicable
SIFT1M,1000000,1000000,Periodic-rebuild,crash_after_overlay_build,2,0.03972685,0.98,False,False,none,18.0,crash_after_audit_log_append,28,3,18.026161,0,0,1,0,True,True,b17bb681fefa892e,960f7c4bb51733ea,"scenario-specific recovery path, common safe final state",residual_leakage_varies_by_crash_path,False,False,False,False,audit_gap_detected_or_rejected,normal_recovery,,,,,residual leakage baseline; audit/safe-mode not applicable
SIFT1M,1000000,1000000,Periodic-rebuild,crash_after_overlay_build,3,0.05225626,0.98,False,False,none,18.0,crash_during_overlay_replay,59,10,39.856442,1,1,0,0,True,True,b17bb681fefa892e,7963a95fef39d764,"scenario-specific recovery path, common safe final state",residual_leakage_varies_by_crash_path,False,False,False,False,audit_gap_detected_or_rejected,normal_recovery,,,,,residual leakage baseline; audit/safe-mode not applicable
SIFT1M,1000000,1000000,Periodic-rebuild,crash_after_overlay_build,4,0.0551168,0.98,False,False,none,18.0,crash_during_predicate_replay,66,10,42.507358,1,1,0,0,True,True,b17bb681fefa892e,ae93a3e2db4c4269,"scenario-specific recovery path, common safe final state",residual_leakage_varies_by_crash_path,False,False,False,False,audit_gap_detected_or_rejected,normal_recovery,,,,,residual leakage baseline; audit/safe-mode not applicable
SIFT1M,1000000,1000000,Periodic-rebuild,crash_after_predicate_update,0,0.06883481,0.98,False,False,none,18.0,recovery_missing_overlay,72,13,47.048564,0,1,1,0,True,True,b17bb681fefa892e,2db6c4d24148fa33,"scenario-specific recovery path, common safe final state",residual_leakage_varies_by_crash_path,False,False,False,False,audit_gap_detected_or_rejected,normal_recovery,,,,,residual leakage baseline; audit/safe-mode not applicable
SIFT1M,1000000,1000000,Periodic-rebuild,crash_after_predicate_update,1,0.04732927,0.98,False,False,none,18.0,recovery_missing_audit_record,69,13,45.672495,1,0,1,0,True,True,b17bb681fefa892e,c970c29ad3c71509,"scenario-specific recovery path, common safe final state",residual_leakage_varies_by_crash_path,False,False,False,False,audit_gap_detected_or_rejected,normal_recovery,,,,,residual leakage baseline; audit/safe-mode not applicable
SIFT1M,1000000,1000000,Periodic-rebuild,crash_after_predicate_update,2,0.0393933,0.98,False,False,none,18.0,crash_after_key_destruction,35,3,19.793729,1,0,0,1,True,True,b17bb681fefa892e,52e5255dca983971,"scenario-specific recovery path, common safe final state",residual_leakage_varies_by_crash_path,False,False,False,False,audit_gap_detected_or_rejected,normal_recovery,,,,,residual leakage baseline; audit/safe-mode not applicable
SIFT1M,1000000,1000000,Periodic-rebuild,crash_after_predicate_update,3,0.05129688,0.98,False,False,none,18.0,crash_after_predicate_update,44,6,27.401401,1,0,0,0,True,True,b17bb681fefa892e,be93d34b1bf52689,"scenario-specific recovery path, common safe final state",residual_leakage_varies_by_crash_path,False,False,False,False,audit_gap_detected_or_rejected,normal_recovery,,,,,residual leakage baseline; audit/safe-mode not applicable
SIFT1M,1000000,1000000,Periodic-rebuild,crash_after_predicate_update,4,0.05068343,0.98,False,False,none,18.0,crash_after_overlay_write,38,5,22.950101,0,1,0,0,True,True,b17bb681fefa892e,80c7c36326830e67,"scenario-specific recovery path, common safe final state",residual_leakage_varies_by_crash_path,False,False,False,False,audit_gap_detected_or_rejected,normal_recovery,,,,,residual leakage baseline; audit/safe-mode not applicable
SIFT1M,1000000,1000000,Periodic-rebuild,crash_after_key_destruction,0,0.0487802,0.98,False,False,none,18.0,crash_after_reverse_adjacency_update,55,7,34.694751,1,0,1,0,True,True,b17bb681fefa892e,1c78195cfa5740cd,"scenario-specific recovery path, common safe final state",residual_leakage_varies_by_crash_path,False,False,False,False,audit_gap_detected_or_rejected,normal_recovery,,,,,residual leakage baseline; audit/safe-mode not applicable
SIFT1M,1000000,1000000,Periodic-rebuild,crash_after_key_destruction,1,0.04020223,0.98,False,False,none,18.0,crash_after_audit_log_append,30,3,18.947774,0,0,1,0,True,True,b17bb681fefa892e,d17fdda0a61cb1eb,"scenario-specific recovery path, common safe final state",residual_leakage_varies_by_crash_path,False,False,False,False,audit_gap_detected_or_rejected,normal_recovery,,,,,residual leakage baseline; audit/safe-mode not applicable
SIFT1M,1000000,1000000,Periodic-rebuild,crash_after_key_destruction,2,0.05126969,0.98,False,False,none,18.0,crash_during_overlay_replay,57,9,36.823495,1,1,0,0,True,True,b17bb681fefa892e,0a302e93feffc1c6,"scenario-specific recovery path, common safe final state",residual_leakage_varies_by_crash_path,False,False,False,False,audit_gap_detected_or_rejected,normal_recovery,,,,,residual leakage baseline; audit/safe-mode not applicable
SIFT1M,1000000,1000000,Periodic-rebuild,crash_after_key_destruction,3,0.05674453,0.98,False,False,none,18.0,crash_during_predicate_replay,60,11,40.959672,1,1,0,0,True,True,b17bb681fefa892e,545c2cd92a4764fa,"scenario-specific recovery path, common safe final state",residual_leakage_varies_by_crash_path,False,False,False,False,audit_gap_detected_or_rejected,normal_recovery,,,,,residual leakage baseline; audit/safe-mode not applicable
SIFT1M,1000000,1000000,Periodic-rebuild,crash_after_key_destruction,4,0.06890014,0.98,False,False,none,18.0,recovery_missing_overlay,73,13,48.043291,0,1,1,0,True,True,b17bb681fefa892e,bc0e259ce8da89da,"scenario-specific recovery path, common safe final state",residual_leakage_varies_by_crash_path,False,False,False,False,audit_gap_detected_or_rejected,normal_recovery,,,,,residual leakage baseline; audit/safe-mode not applicable
SIFT1M,1000000,1000000,Periodic-rebuild,recovery_missing_overlay,0,0.05097876,0.98,False,False,none,18.0,recovery_missing_audit_record,67,11,43.609468,1,0,1,0,True,True,b17bb681fefa892e,c160c398a7d0a246,"scenario-specific recovery path, common safe final state",residual_leakage_varies_by_crash_path,False,False,False,False,audit_gap_detected_or_rejected,normal_recovery,,,,,residual leakage baseline; audit/safe-mode not applicable
SIFT1M,1000000,1000000,Periodic-rebuild,recovery_missing_overlay,1,0.03661119,0.98,False,False,none,18.0,crash_after_key_destruction,34,4,20.701731,1,0,0,1,True,True,b17bb681fefa892e,a3ec35bff52f4590,"scenario-specific recovery path, common safe final state",residual_leakage_varies_by_crash_path,False,False,False,False,audit_gap_detected_or_rejected,normal_recovery,,,,,residual leakage baseline; audit/safe-mode not applicable
SIFT1M,1000000,1000000,Periodic-rebuild,recovery_missing_overlay,2,0.0522206,0.98,False,False,none,18.0,crash_after_predicate_update,46,6,28.386001,1,0,0,0,True,True,b17bb681fefa892e,343bea3f58a904d6,"scenario-specific recovery path, common safe final state",residual_leakage_varies_by_crash_path,False,False,False,False,audit_gap_detected_or_rejected,normal_recovery,,,,,residual leakage baseline; audit/safe-mode not applicable
SIFT1M,1000000,1000000,Periodic-rebuild,recovery_missing_overlay,3,0.04899795,0.98,False,False,none,18.0,crash_after_overlay_write,42,6,25.681215,0,1,0,0,True,True,b17bb681fefa892e,12d831d7d2cd7ec9,"scenario-specific recovery path, common safe final state",residual_leakage_varies_by_crash_path,False,False,False,False,audit_gap_detected_or_rejected,normal_recovery,,,,,residual leakage baseline; audit/safe-mode not applicable
SIFT1M,1000000,1000000,Periodic-rebuild,recovery_missing_overlay,4,0.04419558,0.98,False,False,none,18.0,crash_after_reverse_adjacency_update,47,9,32.656103,1,0,1,0,True,True,b17bb681fefa892e,198d2c83b1044150,"scenario-specific recovery path, common safe final state",residual_leakage_varies_by_crash_path,False,False,False,False,audit_gap_detected_or_rejected,normal_recovery,,,,,residual leakage baseline; audit/safe-mode not applicable
SIFT1M,1000000,1000000,Periodic-rebuild,recovery_stale_predicate,0,0.03697968,0.98,False,False,none,18.0,crash_after_audit_log_append,30,5,18.771438,0,0,1,0,True,True,b17bb681fefa892e,7d0f33471d4959af,"scenario-specific recovery path, common safe final state",residual_leakage_varies_by_crash_path,False,False,False,False,audit_gap_detected_or_rejected,normal_recovery,,,,,residual leakage baseline; audit/safe-mode not applicable
SIFT1M,1000000,1000000,Periodic-rebuild,recovery_stale_predicate,1,0.05551321,0.98,False,False,none,18.0,crash_during_overlay_replay,60,9,38.445229,1,1,0,0,True,True,b17bb681fefa892e,63cc3bff4ab7ea15,"scenario-specific recovery path, common safe final state",residual_leakage_varies_by_crash_path,False,False,False,False,audit_gap_detected_or_rejected,normal_recovery,,,,,residual leakage baseline; audit/safe-mode not applicable
SIFT1M,1000000,1000000,Periodic-rebuild,recovery_stale_predicate,2,0.05677697,0.98,False,False,none,18.0,crash_during_predicate_replay,60,9,35.611848,1,1,0,0,True,True,b17bb681fefa892e,e7da30ab73c98b63,"scenario-specific recovery path, common safe final state",residual_leakage_varies_by_crash_path,False,False,False,False,audit_gap_detected_or_rejected,normal_recovery,,,,,residual leakage baseline; audit/safe-mode not applicable
SIFT1M,1000000,1000000,Periodic-rebuild,recovery_stale_predicate,3,0.06760877,0.98,False,False,none,18.0,recovery_missing_overlay,73,13,47.75692,0,1,1,0,True,True,b17bb681fefa892e,bc0e259ce8da89da,"scenario-specific recovery path, common safe final state",residual_leakage_varies_by_crash_path,False,False,False,False,audit_gap_detected_or_rejected,normal_recovery,,,,,residual leakage baseline; audit/safe-mode not applicable
SIFT1M,1000000,1000000,Periodic-rebuild,recovery_stale_predicate,4,0.0452123,0.98,False,False,none,18.0,recovery_missing_audit_record,64,12,41.934618,1,0,1,0,True,True,b17bb681fefa892e,9bc061384da660b7,"scenario-specific recovery path, common safe final state",residual_leakage_varies_by_crash_path,False,False,False,False,audit_gap_detected_or_rejected,normal_recovery,,,,,residual leakage baseline; audit/safe-mode not applicable
MIMIC-IV-CaseStudy,1800000,1800000,Lethe,query_before_commit,0,0.0,0.97,False,True,predicate_commit,6.5,crash_after_key_destruction,49,4,27.228346,1,0,0,1,True,True,05346d936922b882,13f94a6f1c233948,"scenario-specific recovery path, common safe final state",zero_leakage_safe_state,True,True,True,True,audit_passed,normal_recovery,True,True,True,True,zero-leakage recovery; audit/safe-mode response correct
MIMIC-IV-CaseStudy,1800000,1800000,Lethe,query_before_commit,1,0.0,0.97,False,True,predicate_commit,6.5,crash_after_predicate_update,68,7,39.187749,1,0,0,1,True,True,05346d936922b882,a263a8a68db3f3b7,"scenario-specific recovery path, common safe final state",zero_leakage_safe_state,True,True,True,True,audit_passed,normal_recovery,True,True,True,True,zero-leakage recovery; audit/safe-mode response correct
MIMIC-IV-CaseStudy,1800000,1800000,Lethe,query_before_commit,2,0.0,0.97,False,True,predicate_commit,6.5,crash_after_overlay_write,56,5,31.396956,0,1,0,1,True,True,05346d936922b882,095edb5528bff464,"scenario-specific recovery path, common safe final state",zero_leakage_safe_state,True,True,True,True,audit_passed,normal_recovery,True,True,True,True,zero-leakage recovery; audit/safe-mode response correct
MIMIC-IV-CaseStudy,1800000,1800000,Lethe,query_before_commit,3,0.0,0.97,False,True,predicate_commit,6.5,crash_after_reverse_adjacency_update,70,9,41.651671,1,0,1,1,True,True,05346d936922b882,948d7ac79593828f,"scenario-specific recovery path, common safe final state",zero_leakage_safe_state,True,True,True,True,audit_passed,normal_recovery,True,True,True,True,zero-leakage recovery; audit/safe-mode response correct
MIMIC-IV-CaseStudy,1800000,1800000,Lethe,query_before_commit,4,0.0,0.97,False,True,predicate_commit,6.5,crash_after_audit_log_append,44,3,22.619311,0,0,1,1,True,True,05346d936922b882,a5449b8ca767fbc2,"scenario-specific recovery path, common safe final state",zero_leakage_safe_state,True,True,True,True,audit_passed,normal_recovery,True,True,True,True,zero-leakage recovery; audit/safe-mode response correct
MIMIC-IV-CaseStudy,1800000,1800000,Lethe,query_after_commit,0,0.0,0.97,False,True,predicate_commit,6.5,crash_during_overlay_replay,80,9,44.686013,1,1,0,1,True,True,05346d936922b882,1337706cb5d485aa,"scenario-specific recovery path, common safe final state",zero_leakage_safe_state,True,True,True,True,audit_passed,normal_recovery,True,True,True,True,zero-leakage recovery; audit/safe-mode response correct
MIMIC-IV-CaseStudy,1800000,1800000,Lethe,query_after_commit,1,0.0,0.97,False,True,predicate_commit,6.5,crash_during_predicate_replay,89,11,51.537135,1,1,0,1,True,True,05346d936922b882,902b239173020c12,"scenario-specific recovery path, common safe final state",zero_leakage_safe_state,True,True,True,True,audit_passed,normal_recovery,True,True,True,True,zero-leakage recovery; audit/safe-mode response correct
MIMIC-IV-CaseStudy,1800000,1800000,Lethe,query_after_commit,2,0.0,0.97,False,True,predicate_commit,6.5,recovery_missing_overlay,101,14,59.705465,0,1,1,1,True,True,05346d936922b882,ba4cb4a12787c6cb,"scenario-specific recovery path, common safe final state",zero_leakage_safe_state,True,True,True,True,audit_passed,normal_recovery,True,True,True,True,zero-leakage recovery; audit/safe-mode response correct
MIMIC-IV-CaseStudy,1800000,1800000,Lethe,query_after_commit,3,0.0,0.97,False,True,predicate_commit,6.5,recovery_missing_audit_record,94,11,51.513655,1,0,1,1,True,True,05346d936922b882,29c8af0af556c851,"scenario-specific recovery path, common safe final state",zero_leakage_safe_state,True,True,True,True,audit_passed,normal_recovery,True,True,True,True,zero-leakage recovery; audit/safe-mode response correct
MIMIC-IV-CaseStudy,1800000,1800000,Lethe,query_after_commit,4,0.0,0.97,False,True,predicate_commit,6.5,crash_after_key_destruction,51,5,27.40955,1,0,0,1,True,True,05346d936922b882,4972b4f68b10dccb,"scenario-specific recovery path, common safe final state",zero_leakage_safe_state,True,True,True,True,audit_passed,normal_recovery,True,True,True,True,zero-leakage recovery; audit/safe-mode response correct
MIMIC-IV-CaseStudy,1800000,1800000,Lethe,query_overlaps_commit,0,0.0,0.97,False,True,predicate_commit,6.5,crash_after_predicate_update,64,6,33.637209,1,0,0,1,True,True,05346d936922b882,f767d1f2e6219e14,"scenario-specific recovery path, common safe final state",zero_leakage_safe_state,True,True,True,True,audit_passed,normal_recovery,True,True,True,True,zero-leakage recovery; audit/safe-mode response correct
MIMIC-IV-CaseStudy,1800000,1800000,Lethe,query_overlaps_commit,1,0.0,0.97,False,True,predicate_commit,6.5,crash_after_overlay_write,59,6,32.820173,0,1,0,1,True,True,05346d936922b882,c9fcf784b432071a,"scenario-specific recovery path, common safe final state",zero_leakage_safe_state,True,True,True,True,audit_passed,normal_recovery,True,True,True,True,zero-leakage recovery; audit/safe-mode response correct
MIMIC-IV-CaseStudy,1800000,1800000,Lethe,query_overlaps_commit,2,0.0,0.97,False,True,predicate_commit,6.5,crash_after_reverse_adjacency_update,74,9,41.338873,1,0,1,1,True,True,05346d936922b882,1bcd92ac199129dc,"scenario-specific recovery path, common safe final state",zero_leakage_safe_state,True,True,True,True,audit_passed,normal_recovery,True,True,True,True,zero-leakage recovery; audit/safe-mode response correct
MIMIC-IV-CaseStudy,1800000,1800000,Lethe,query_overlaps_commit,3,0.0,0.97,False,True,predicate_commit,6.5,crash_after_audit_log_append,43,4,23.910133,0,0,1,1,True,True,05346d936922b882,7c8785e9fee65553,"scenario-specific recovery path, common safe final state",zero_leakage_safe_state,True,True,True,True,audit_passed,normal_recovery,True,True,True,True,zero-leakage recovery; audit/safe-mode response correct
MIMIC-IV-CaseStudy,1800000,1800000,Lethe,query_overlaps_commit,4,0.0,0.97,False,True,predicate_commit,6.5,crash_during_overlay_replay,81,9,45.671245,1,1,0,1,True,True,05346d936922b882,4283f30a6ab0ec77,"scenario-specific recovery path, common safe final state",zero_leakage_safe_state,True,True,True,True,audit_passed,normal_recovery,True,True,True,True,zero-leakage recovery; audit/safe-mode response correct
MIMIC-IV-CaseStudy,1800000,1800000,Lethe,crash_after_log_intent,0,0.0,0.97,False,True,predicate_commit,6.5,crash_during_predicate_replay,89,11,50.883897,1,1,0,1,True,True,05346d936922b882,902b239173020c12,"scenario-specific recovery path, common safe final state",zero_leakage_safe_state,True,True,True,True,audit_passed,normal_recovery,True,True,True,True,zero-leakage recovery; audit/safe-mode response correct
MIMIC-IV-CaseStudy,1800000,1800000,Lethe,crash_after_log_intent,1,0.0,0.97,False,True,predicate_commit,6.5,recovery_missing_overlay,102,13,57.850778,0,1,1,1,True,True,05346d936922b882,6219734408a2b378,"scenario-specific recovery path, common safe final state",zero_leakage_safe_state,True,True,True,True,audit_passed,normal_recovery,True,True,True,True,zero-leakage recovery; audit/safe-mode response correct
MIMIC-IV-CaseStudy,1800000,1800000,Lethe,crash_after_log_intent,2,0.0,0.97,False,True,predicate_commit,6.5,recovery_missing_audit_record,99,13,58.309035,1,0,1,1,True,True,05346d936922b882,b9cf35718e904e21,"scenario-specific recovery path, common safe final state",zero_leakage_safe_state,True,True,True,True,audit_passed,normal_recovery,True,True,True,True,zero-leakage recovery; audit/safe-mode response correct
MIMIC-IV-CaseStudy,1800000,1800000,Lethe,crash_after_log_intent,3,0.0,0.97,False,True,predicate_commit,6.5,crash_after_key_destruction,52,6,29.405739,1,0,0,1,True,True,05346d936922b882,8a2d09677e6dab10,"scenario-specific recovery path, common safe final state",zero_leakage_safe_state,True,True,True,True,audit_passed,normal_recovery,True,True,True,True,zero-leakage recovery; audit/safe-mode response correct
MIMIC-IV-CaseStudy,1800000,1800000,Lethe,crash_after_log_intent,4,0.0,0.97,False,True,predicate_commit,6.5,crash_after_predicate_update,67,6,36.972806,1,0,0,1,True,True,05346d936922b882,6edb715be0317e6c,"scenario-specific recovery path, common safe final state",zero_leakage_safe_state,True,True,True,True,audit_passed,normal_recovery,True,True,True,True,zero-leakage recovery; audit/safe-mode response correct
MIMIC-IV-CaseStudy,1800000,1800000,Lethe,crash_after_overlay_build,0,0.0,0.97,False,True,predicate_commit,6.5,crash_after_overlay_write,55,5,31.275754,0,1,0,1,True,True,05346d936922b882,5b80d45be3abee24,"scenario-specific recovery path, common safe final state",zero_leakage_safe_state,True,True,True,True,audit_passed,normal_recovery,True,True,True,True,zero-leakage recovery; audit/safe-mode response correct
MIMIC-IV-CaseStudy,1800000,1800000,Lethe,crash_after_overlay_build,1,0.0,0.97,False,True,predicate_commit,6.5,crash_after_reverse_adjacency_update,74,8,42.818675,1,0,1,1,True,True,05346d936922b882,d99668ec87eb436f,"scenario-specific recovery path, common safe final state",zero_leakage_safe_state,True,True,True,True,audit_passed,normal_recovery,True,True,True,True,zero-leakage recovery; audit/safe-mode response correct
MIMIC-IV-CaseStudy,1800000,1800000,Lethe,crash_after_overlay_build,2,0.0,0.97,False,True,predicate_commit,6.5,crash_after_audit_log_append,43,3,24.015282,0,0,1,1,True,True,05346d936922b882,22b28fb9c12097c2,"scenario-specific recovery path, common safe final state",zero_leakage_safe_state,True,True,True,True,audit_passed,normal_recovery,True,True,True,True,zero-leakage recovery; audit/safe-mode response correct
MIMIC-IV-CaseStudy,1800000,1800000,Lethe,crash_after_overlay_build,3,0.0,0.97,False,True,predicate_commit,6.5,crash_during_overlay_replay,79,11,46.610858,1,1,0,1,True,True,05346d936922b882,5b7cc419b8fd80d1,"scenario-specific recovery path, common safe final state",zero_leakage_safe_state,True,True,True,True,audit_passed,normal_recovery,True,True,True,True,zero-leakage recovery; audit/safe-mode response correct
MIMIC-IV-CaseStudy,1800000,1800000,Lethe,crash_after_overlay_build,4,0.0,0.97,False,True,predicate_commit,6.5,crash_during_predicate_replay,86,11,49.111247,1,1,0,1,True,True,05346d936922b882,4b910a818394e339,"scenario-specific recovery path, common safe final state",zero_leakage_safe_state,True,True,True,True,audit_passed,normal_recovery,True,True,True,True,zero-leakage recovery; audit/safe-mode response correct
MIMIC-IV-CaseStudy,1800000,1800000,Lethe,crash_after_predicate_update,0,0.0,0.931,True,True,predicate_commit,6.5,recovery_missing_overlay,105,11,56.999802,0,1,1,1,True,True,05346d936922b882,bb41ff6d836301a3,"scenario-specific recovery path, common safe final state",zero_leakage_safe_state,True,True,True,True,audit_passed,fallback_to_safe_mode,True,True,True,True,zero-leakage recovery; audit/safe-mode response correct
MIMIC-IV-CaseStudy,1800000,1800000,Lethe,crash_after_predicate_update,1,0.0,0.931,True,True,predicate_commit,6.5,recovery_missing_audit_record,96,12,54.864743,1,0,1,1,True,True,05346d936922b882,a7c5d0e3047c2315,"scenario-specific recovery path, common safe final state",zero_leakage_safe_state,True,True,True,True,audit_passed,fallback_to_safe_mode,True,True,True,True,zero-leakage recovery; audit/safe-mode response correct
MIMIC-IV-CaseStudy,1800000,1800000,Lethe,crash_after_predicate_update,2,0.0,0.931,True,True,predicate_commit,6.5,crash_after_key_destruction,52,5,28.041781,1,0,0,1,True,True,05346d936922b882,2bf70e0d10f8d593,"scenario-specific recovery path, common safe final state",zero_leakage_safe_state,True,True,True,True,audit_passed,fallback_to_safe_mode,True,True,True,True,zero-leakage recovery; audit/safe-mode response correct
MIMIC-IV-CaseStudy,1800000,1800000,Lethe,crash_after_predicate_update,3,0.0,0.931,True,True,predicate_commit,6.5,crash_after_predicate_update,62,6,30.507362,1,0,0,1,True,True,05346d936922b882,4a3eb90e904f9e8f,"scenario-specific recovery path, common safe final state",zero_leakage_safe_state,True,True,True,True,audit_passed,fallback_to_safe_mode,True,True,True,True,zero-leakage recovery; audit/safe-mode response correct
MIMIC-IV-CaseStudy,1800000,1800000,Lethe,crash_after_predicate_update,4,0.0,0.931,True,True,predicate_commit,6.5,crash_after_overlay_write,55,7,30.958849,0,1,0,1,True,True,05346d936922b882,fa662b19086df326,"scenario-specific recovery path, common safe final state",zero_leakage_safe_state,True,True,True,True,audit_passed,fallback_to_safe_mode,True,True,True,True,zero-leakage recovery; audit/safe-mode response correct
MIMIC-IV-CaseStudy,1800000,1800000,Lethe,crash_after_key_destruction,0,0.0,0.97,False,True,predicate_commit,6.5,crash_after_reverse_adjacency_update,71,8,38.631127,1,0,1,1,True,True,05346d936922b882,13a2161312ce3af5,"scenario-specific recovery path, common safe final state",zero_leakage_safe_state,True,True,True,True,audit_passed,normal_recovery,True,True,True,True,zero-leakage recovery; audit/safe-mode response correct
MIMIC-IV-CaseStudy,1800000,1800000,Lethe,crash_after_key_destruction,1,0.0,0.97,False,True,predicate_commit,6.5,crash_after_audit_log_append,39,5,24.611663,0,0,1,1,True,True,05346d936922b882,3209f2a0d57190f1,"scenario-specific recovery path, common safe final state",zero_leakage_safe_state,True,True,True,True,audit_passed,normal_recovery,True,True,True,True,zero-leakage recovery; audit/safe-mode response correct
MIMIC-IV-CaseStudy,1800000,1800000,Lethe,crash_after_key_destruction,2,0.0,0.97,False,True,predicate_commit,6.5,crash_during_overlay_replay,80,8,42.466573,1,1,0,1,True,True,05346d936922b882,8c4e3ec213bff848,"scenario-specific recovery path, common safe final state",zero_leakage_safe_state,True,True,True,True,audit_passed,normal_recovery,True,True,True,True,zero-leakage recovery; audit/safe-mode response correct
MIMIC-IV-CaseStudy,1800000,1800000,Lethe,crash_after_key_destruction,3,0.0,0.97,False,True,predicate_commit,6.5,crash_during_predicate_replay,90,11,50.413201,1,1,0,1,True,True,05346d936922b882,ad0d764d85a4ba09,"scenario-specific recovery path, common safe final state",zero_leakage_safe_state,True,True,True,True,audit_passed,normal_recovery,True,True,True,True,zero-leakage recovery; audit/safe-mode response correct
MIMIC-IV-CaseStudy,1800000,1800000,Lethe,crash_after_key_destruction,4,0.0,0.97,False,True,predicate_commit,6.5,recovery_missing_overlay,104,13,59.931272,0,1,1,1,True,True,05346d936922b882,68c6069aedd273b5,"scenario-specific recovery path, common safe final state",zero_leakage_safe_state,True,True,True,True,audit_passed,normal_recovery,True,True,True,True,zero-leakage recovery; audit/safe-mode response correct
MIMIC-IV-CaseStudy,1800000,1800000,Lethe,recovery_missing_overlay,0,0.0,0.931,True,True,predicate_commit,6.5,recovery_missing_audit_record,95,13,57.055956,1,0,1,1,True,True,05346d936922b882,a999f897f7cea065,"scenario-specific recovery path, common safe final state",zero_leakage_safe_state,True,True,True,True,audit_passed,fallback_to_safe_mode,True,True,True,True,zero-leakage recovery; audit/safe-mode response correct
MIMIC-IV-CaseStudy,1800000,1800000,Lethe,recovery_missing_overlay,1,0.0,0.931,True,True,predicate_commit,6.5,crash_after_key_destruction,50,5,25.690961,1,0,0,1,True,True,05346d936922b882,2dde3d22a182d845,"scenario-specific recovery path, common safe final state",zero_leakage_safe_state,True,True,True,True,audit_passed,fallback_to_safe_mode,True,True,True,True,zero-leakage recovery; audit/safe-mode response correct
MIMIC-IV-CaseStudy,1800000,1800000,Lethe,recovery_missing_overlay,2,0.0,0.931,True,True,predicate_commit,6.5,crash_after_predicate_update,66,7,37.201105,1,0,0,1,True,True,05346d936922b882,2b68f9353cd03be9,"scenario-specific recovery path, common safe final state",zero_leakage_safe_state,True,True,True,True,audit_passed,fallback_to_safe_mode,True,True,True,True,zero-leakage recovery; audit/safe-mode response correct
MIMIC-IV-CaseStudy,1800000,1800000,Lethe,recovery_missing_overlay,3,0.0,0.931,True,True,predicate_commit,6.5,crash_after_overlay_write,58,4,30.411462,0,1,0,1,True,True,05346d936922b882,97ff62fb63de786a,"scenario-specific recovery path, common safe final state",zero_leakage_safe_state,True,True,True,True,audit_passed,fallback_to_safe_mode,True,True,True,True,zero-leakage recovery; audit/safe-mode response correct
MIMIC-IV-CaseStudy,1800000,1800000,Lethe,recovery_missing_overlay,4,0.0,0.931,True,True,predicate_commit,6.5,crash_after_reverse_adjacency_update,71,8,40.338896,1,0,1,1,True,True,05346d936922b882,13a2161312ce3af5,"scenario-specific recovery path, common safe final state",zero_leakage_safe_state,True,True,True,True,audit_passed,fallback_to_safe_mode,True,True,True,True,zero-leakage recovery; audit/safe-mode response correct
MIMIC-IV-CaseStudy,1800000,1800000,Lethe,recovery_stale_predicate,0,0.0,0.97,True,False,predicate_commit,6.5,crash_after_audit_log_append,41,3,20.847691,0,0,1,1,True,True,05346d936922b882,021c47252157e4e4,"scenario-specific recovery path, common safe final state",zero_leakage_safe_state,True,True,True,True,audit_gap_detected_or_rejected,fallback_to_safe_mode,True,True,True,True,zero-leakage recovery; audit/safe-mode response correct
MIMIC-IV-CaseStudy,1800000,1800000,Lethe,recovery_stale_predicate,1,0.0,0.97,True,False,predicate_commit,6.5,crash_during_overlay_replay,81,8,45.229893,1,1,0,1,True,True,05346d936922b882,296dbcc38d5936d2,"scenario-specific recovery path, common safe final state",zero_leakage_safe_state,True,True,True,True,audit_gap_detected_or_rejected,fallback_to_safe_mode,True,True,True,True,zero-leakage recovery; audit/safe-mode response correct
MIMIC-IV-CaseStudy,1800000,1800000,Lethe,recovery_stale_predicate,2,0.0,0.97,True,False,predicate_commit,6.5,crash_during_predicate_replay,89,11,49.414648,1,1,0,1,True,True,05346d936922b882,902b239173020c12,"scenario-specific recovery path, common safe final state",zero_leakage_safe_state,True,True,True,True,audit_gap_detected_or_rejected,fallback_to_safe_mode,True,True,True,True,zero-leakage recovery; audit/safe-mode response correct
MIMIC-IV-CaseStudy,1800000,1800000,Lethe,recovery_stale_predicate,3,0.0,0.97,True,False,predicate_commit,6.5,recovery_missing_overlay,104,14,61.672341,0,1,1,1,True,True,05346d936922b882,b06221eb079a7087,"scenario-specific recovery path, common safe final state",zero_leakage_safe_state,True,True,True,True,audit_gap_detected_or_rejected,fallback_to_safe_mode,True,True,True,True,zero-leakage recovery; audit/safe-mode response correct
MIMIC-IV-CaseStudy,1800000,1800000,Lethe,recovery_stale_predicate,4,0.0,0.97,True,False,predicate_commit,6.5,recovery_missing_audit_record,95,12,55.793506,1,0,1,1,True,True,05346d936922b882,cef80934e0b63d8c,"scenario-specific recovery path, common safe final state",zero_leakage_safe_state,True,True,True,True,audit_gap_detected_or_rejected,fallback_to_safe_mode,True,True,True,True,zero-leakage recovery; audit/safe-mode response correct
MIMIC-IV-CaseStudy,1800000,1800000,Tombstone,query_before_commit,0,0.06134445,0.97,False,False,none,18.0,crash_after_key_destruction,20,5,16.592827,1,0,0,1,True,True,0f9d5ea96fb52ba1,bce1b39daf028621,"scenario-specific recovery path, common safe final state",residual_leakage_varies_by_crash_path,False,False,False,False,audit_gap_detected_or_rejected,normal_recovery,,,,,residual leakage baseline; audit/safe-mode not applicable
MIMIC-IV-CaseStudy,1800000,1800000,Tombstone,query_before_commit,1,0.08277179,0.97,False,False,none,18.0,crash_after_predicate_update,30,8,24.42157,1,0,0,0,True,True,0f9d5ea96fb52ba1,2bfe68694714b8d7,"scenario-specific recovery path, common safe final state",residual_leakage_varies_by_crash_path,False,False,False,False,audit_gap_detected_or_rejected,normal_recovery,,,,,residual leakage baseline; audit/safe-mode not applicable
MIMIC-IV-CaseStudy,1800000,1800000,Tombstone,query_before_commit,2,0.07368851,0.97,False,False,none,18.0,crash_after_overlay_write,24,5,17.195819,0,1,0,0,True,True,0f9d5ea96fb52ba1,d41c04b4b83e701e,"scenario-specific recovery path, common safe final state",residual_leakage_varies_by_crash_path,False,False,False,False,audit_gap_detected_or_rejected,normal_recovery,,,,,residual leakage baseline; audit/safe-mode not applicable
MIMIC-IV-CaseStudy,1800000,1800000,Tombstone,query_before_commit,3,0.07595244,0.97,False,False,none,18.0,crash_after_reverse_adjacency_update,30,7,23.133853,1,0,1,0,True,True,0f9d5ea96fb52ba1,3310d10961dc6594,"scenario-specific recovery path, common safe final state",residual_leakage_varies_by_crash_path,False,False,False,False,audit_gap_detected_or_rejected,normal_recovery,,,,,residual leakage baseline; audit/safe-mode not applicable
MIMIC-IV-CaseStudy,1800000,1800000,Tombstone,query_before_commit,4,0.06191697,0.97,False,False,none,18.0,crash_after_audit_log_append,17,2,11.093911,0,0,1,0,True,True,0f9d5ea96fb52ba1,f20cb78284146cfa,"scenario-specific recovery path, common safe final state",residual_leakage_varies_by_crash_path,False,False,False,False,audit_gap_detected_or_rejected,normal_recovery,,,,,residual leakage baseline; audit/safe-mode not applicable
MIMIC-IV-CaseStudy,1800000,1800000,Tombstone,query_after_commit,0,0.08126112,0.97,False,False,none,18.0,crash_during_overlay_replay,30,8,24.821196,1,1,0,0,True,True,0f9d5ea96fb52ba1,9fce6f4c1b1a1852,"scenario-specific recovery path, common safe final state",residual_leakage_varies_by_crash_path,False,False,False,False,audit_gap_detected_or_rejected,normal_recovery,,,,,residual leakage baseline; audit/safe-mode not applicable
MIMIC-IV-CaseStudy,1800000,1800000,Tombstone,query_after_commit,1,0.08900436,0.97,False,False,none,18.0,crash_during_predicate_replay,34,12,32.848504,1,1,0,0,True,True,0f9d5ea96fb52ba1,c69abc618e7def9c,"scenario-specific recovery path, common safe final state",residual_leakage_varies_by_crash_path,False,False,False,False,audit_gap_detected_or_rejected,normal_recovery,,,,,residual leakage baseline; audit/safe-mode not applicable
MIMIC-IV-CaseStudy,1800000,1800000,Tombstone,query_after_commit,2,0.10725322,0.97,False,False,none,18.0,recovery_missing_overlay,46,13,38.864641,0,1,1,0,True,True,0f9d5ea96fb52ba1,f47619f1de50ff79,"scenario-specific recovery path, common safe final state",residual_leakage_varies_by_crash_path,False,False,False,False,audit_gap_detected_or_rejected,normal_recovery,,,,,residual leakage baseline; audit/safe-mode not applicable
MIMIC-IV-CaseStudy,1800000,1800000,Tombstone,query_after_commit,3,0.08020529,0.97,False,False,none,18.0,recovery_missing_audit_record,42,11,33.195308,1,0,1,0,True,True,0f9d5ea96fb52ba1,eaa537b07afd3f9c,"scenario-specific recovery path, common safe final state",residual_leakage_varies_by_crash_path,False,False,False,False,audit_gap_detected_or_rejected,normal_recovery,,,,,residual leakage baseline; audit/safe-mode not applicable
MIMIC-IV-CaseStudy,1800000,1800000,Tombstone,query_after_commit,4,0.06294965,0.97,False,False,none,18.0,crash_after_key_destruction,20,5,15.736155,1,0,0,1,True,True,0f9d5ea96fb52ba1,bce1b39daf028621,"scenario-specific recovery path, common safe final state",residual_leakage_varies_by_crash_path,False,False,False,False,audit_gap_detected_or_rejected,normal_recovery,,,,,residual leakage baseline; audit/safe-mode not applicable
MIMIC-IV-CaseStudy,1800000,1800000,Tombstone,query_overlaps_commit,0,0.08691437,0.97,False,False,none,18.0,crash_after_predicate_update,27,8,24.281803,1,0,0,0,True,True,0f9d5ea96fb52ba1,f2780a452b6f58e7,"scenario-specific recovery path, common safe final state",residual_leakage_varies_by_crash_path,False,False,False,False,audit_gap_detected_or_rejected,normal_recovery,,,,,residual leakage baseline; audit/safe-mode not applicable
MIMIC-IV-CaseStudy,1800000,1800000,Tombstone,query_overlaps_commit,1,0.08065229,0.97,False,False,none,18.0,crash_after_overlay_write,27,5,18.042528,0,1,0,0,True,True,0f9d5ea96fb52ba1,600241240cefdeb2,"scenario-specific recovery path, common safe final state",residual_leakage_varies_by_crash_path,False,False,False,False,audit_gap_detected_or_rejected,normal_recovery,,,,,residual leakage baseline; audit/safe-mode not applicable
MIMIC-IV-CaseStudy,1800000,1800000,Tombstone,query_overlaps_commit,2,0.07539589,0.97,False,False,none,18.0,crash_after_reverse_adjacency_update,27,9,24.637068,1,0,1,0,True,True,0f9d5ea96fb52ba1,8869bd437aba8c5f,"scenario-specific recovery path, common safe final state",residual_leakage_varies_by_crash_path,False,False,False,False,audit_gap_detected_or_rejected,normal_recovery,,,,,residual leakage baseline; audit/safe-mode not applicable
MIMIC-IV-CaseStudy,1800000,1800000,Tombstone,query_overlaps_commit,3,0.0602163,0.97,False,False,none,18.0,crash_after_audit_log_append,17,3,12.608842,0,0,1,0,True,True,0f9d5ea96fb52ba1,ea9139dbba4600c6,"scenario-specific recovery path, common safe final state",residual_leakage_varies_by_crash_path,False,False,False,False,audit_gap_detected_or_rejected,normal_recovery,,,,,residual leakage baseline; audit/safe-mode not applicable
MIMIC-IV-CaseStudy,1800000,1800000,Tombstone,query_overlaps_commit,4,0.08770551,0.97,False,False,none,18.0,crash_during_overlay_replay,32,9,27.910559,1,1,0,0,True,True,0f9d5ea96fb52ba1,39772698b07b810c,"scenario-specific recovery path, common safe final state",residual_leakage_varies_by_crash_path,False,False,False,False,audit_gap_detected_or_rejected,normal_recovery,,,,,residual leakage baseline; audit/safe-mode not applicable
MIMIC-IV-CaseStudy,1800000,1800000,Tombstone,crash_after_log_intent,0,0.08752522,0.97,False,False,none,18.0,crash_during_predicate_replay,35,11,29.69943,1,1,0,0,True,True,0f9d5ea96fb52ba1,d08f40f7cb836723,"scenario-specific recovery path, common safe final state",residual_leakage_varies_by_crash_path,False,False,False,False,audit_gap_detected_or_rejected,normal_recovery,,,,,residual leakage baseline; audit/safe-mode not applicable
MIMIC-IV-CaseStudy,1800000,1800000,Tombstone,crash_after_log_intent,1,0.11133757,0.97,False,False,none,18.0,recovery_missing_overlay,43,12,33.681347,0,1,1,0,True,True,0f9d5ea96fb52ba1,0a1ab76e2824f3a5,"scenario-specific recovery path, common safe final state",residual_leakage_varies_by_crash_path,False,False,False,False,audit_gap_detected_or_rejected,normal_recovery,,,,,residual leakage baseline; audit/safe-mode not applicable
MIMIC-IV-CaseStudy,1800000,1800000,Tombstone,crash_after_log_intent,2,0.08219287,0.97,False,False,none,18.0,recovery_missing_audit_record,43,12,34.703561,1,0,1,0,True,True,0f9d5ea96fb52ba1,73e286b5cf8b9673,"scenario-specific recovery path, common safe final state",residual_leakage_varies_by_crash_path,False,False,False,False,audit_gap_detected_or_rejected,normal_recovery,,,,,residual leakage baseline; audit/safe-mode not applicable
MIMIC-IV-CaseStudy,1800000,1800000,Tombstone,crash_after_log_intent,3,0.06169269,0.97,False,False,none,18.0,crash_after_key_destruction,23,5,19.106426,1,0,0,1,True,True,0f9d5ea96fb52ba1,5474db201af8fa8f,"scenario-specific recovery path, common safe final state",residual_leakage_varies_by_crash_path,False,False,False,False,audit_gap_detected_or_rejected,normal_recovery,,,,,residual leakage baseline; audit/safe-mode not applicable
MIMIC-IV-CaseStudy,1800000,1800000,Tombstone,crash_after_log_intent,4,0.0798327,0.97,False,False,none,18.0,crash_after_predicate_update,29,8,23.788597,1,0,0,0,True,True,0f9d5ea96fb52ba1,fca6e591d1150ca7,"scenario-specific recovery path, common safe final state",residual_leakage_varies_by_crash_path,False,False,False,False,audit_gap_detected_or_rejected,normal_recovery,,,,,residual leakage baseline; audit/safe-mode not applicable
MIMIC-IV-CaseStudy,1800000,1800000,Tombstone,crash_after_overlay_build,0,0.07455753,0.97,False,False,none,18.0,crash_after_overlay_write,23,6,19.826893,0,1,0,0,True,True,0f9d5ea96fb52ba1,93e55faa3739405b,"scenario-specific recovery path, common safe final state",residual_leakage_varies_by_crash_path,False,False,False,False,audit_gap_detected_or_rejected,normal_recovery,,,,,residual leakage baseline; audit/safe-mode not applicable
MIMIC-IV-CaseStudy,1800000,1800000,Tombstone,crash_after_overlay_build,1,0.07644401,0.97,False,False,none,18.0,crash_after_reverse_adjacency_update,31,8,23.929866,1,0,1,0,True,True,0f9d5ea96fb52ba1,c9481f7c8221ace8,"scenario-specific recovery path, common safe final state",residual_leakage_varies_by_crash_path,False,False,False,False,audit_gap_detected_or_rejected,normal_recovery,,,,,residual leakage baseline; audit/safe-mode not applicable
MIMIC-IV-CaseStudy,1800000,1800000,Tombstone,crash_after_overlay_build,2,0.06279869,0.97,False,False,none,18.0,crash_after_audit_log_append,21,3,12.942318,0,0,1,0,True,True,0f9d5ea96fb52ba1,126eb0dae4faa632,"scenario-specific recovery path, common safe final state",residual_leakage_varies_by_crash_path,False,False,False,False,audit_gap_detected_or_rejected,normal_recovery,,,,,residual leakage baseline; audit/safe-mode not applicable
MIMIC-IV-CaseStudy,1800000,1800000,Tombstone,crash_after_overlay_build,3,0.07988811,0.97,False,False,none,18.0,crash_during_overlay_replay,33,8,23.405349,1,1,0,0,True,True,0f9d5ea96fb52ba1,c065cec1fc955484,"scenario-specific recovery path, common safe final state",residual_leakage_varies_by_crash_path,False,False,False,False,audit_gap_detected_or_rejected,normal_recovery,,,,,residual leakage baseline; audit/safe-mode not applicable
MIMIC-IV-CaseStudy,1800000,1800000,Tombstone,crash_after_overlay_build,4,0.08700649,0.97,False,False,none,18.0,crash_during_predicate_replay,33,9,25.019427,1,1,0,0,True,True,0f9d5ea96fb52ba1,91b5b47f51305293,"scenario-specific recovery path, common safe final state",residual_leakage_varies_by_crash_path,False,False,False,False,audit_gap_detected_or_rejected,normal_recovery,,,,,residual leakage baseline; audit/safe-mode not applicable
MIMIC-IV-CaseStudy,1800000,1800000,Tombstone,crash_after_predicate_update,0,0.10724609,0.97,False,False,none,18.0,recovery_missing_overlay,44,12,37.5699,0,1,1,0,True,True,0f9d5ea96fb52ba1,cb61a648c7d6b103,"scenario-specific recovery path, common safe final state",residual_leakage_varies_by_crash_path,False,False,False,False,audit_gap_detected_or_rejected,normal_recovery,,,,,residual leakage baseline; audit/safe-mode not applicable
MIMIC-IV-CaseStudy,1800000,1800000,Tombstone,crash_after_predicate_update,1,0.08054136,0.97,False,False,none,18.0,recovery_missing_audit_record,42,12,35.864321,1,0,1,0,True,True,0f9d5ea96fb52ba1,224df6f2d2f852ff,"scenario-specific recovery path, common safe final state",residual_leakage_varies_by_crash_path,False,False,False,False,audit_gap_detected_or_rejected,normal_recovery,,,,,residual leakage baseline; audit/safe-mode not applicable
MIMIC-IV-CaseStudy,1800000,1800000,Tombstone,crash_after_predicate_update,2,0.0602075,0.97,False,False,none,18.0,crash_after_key_destruction,25,4,15.675185,1,0,0,1,True,True,0f9d5ea96fb52ba1,b1ae7611163aa3d7,"scenario-specific recovery path, common safe final state",residual_leakage_varies_by_crash_path,False,False,False,False,audit_gap_detected_or_rejected,normal_recovery,,,,,residual leakage baseline; audit/safe-mode not applicable
MIMIC-IV-CaseStudy,1800000,1800000,Tombstone,crash_after_predicate_update,3,0.08367005,0.97,False,False,none,18.0,crash_after_predicate_update,26,8,20.782955,1,0,0,0,True,True,0f9d5ea96fb52ba1,bcc437b65ce29a74,"scenario-specific recovery path, common safe final state",residual_leakage_varies_by_crash_path,False,False,False,False,audit_gap_detected_or_rejected,normal_recovery,,,,,residual leakage baseline; audit/safe-mode not applicable
MIMIC-IV-CaseStudy,1800000,1800000,Tombstone,crash_after_predicate_update,4,0.07778001,0.97,False,False,none,18.0,crash_after_overlay_write,24,6,18.457182,0,1,0,0,True,True,0f9d5ea96fb52ba1,ff51a31259948af2,"scenario-specific recovery path, common safe final state",residual_leakage_varies_by_crash_path,False,False,False,False,audit_gap_detected_or_rejected,normal_recovery,,,,,residual leakage baseline; audit/safe-mode not applicable
MIMIC-IV-CaseStudy,1800000,1800000,Tombstone,crash_after_key_destruction,0,0.07227862,0.97,False,False,none,18.0,crash_after_reverse_adjacency_update,32,7,23.84604,1,0,1,0,True,True,0f9d5ea96fb52ba1,5241e79a45dfaec2,"scenario-specific recovery path, common safe final state",residual_leakage_varies_by_crash_path,False,False,False,False,audit_gap_detected_or_rejected,normal_recovery,,,,,residual leakage baseline; audit/safe-mode not applicable
MIMIC-IV-CaseStudy,1800000,1800000,Tombstone,crash_after_key_destruction,1,0.06790068,0.97,False,False,none,18.0,crash_after_audit_log_append,21,3,13.954912,0,0,1,0,True,True,0f9d5ea96fb52ba1,126eb0dae4faa632,"scenario-specific recovery path, common safe final state",residual_leakage_varies_by_crash_path,False,False,False,False,audit_gap_detected_or_rejected,normal_recovery,,,,,residual leakage baseline; audit/safe-mode not applicable
MIMIC-IV-CaseStudy,1800000,1800000,Tombstone,crash_after_key_destruction,2,0.08237833,0.97,False,False,none,18.0,crash_during_overlay_replay,32,9,26.731025,1,1,0,0,True,True,0f9d5ea96fb52ba1,39772698b07b810c,"scenario-specific recovery path, common safe final state",residual_leakage_varies_by_crash_path,False,False,False,False,audit_gap_detected_or_rejected,normal_recovery,,,,,residual leakage baseline; audit/safe-mode not applicable
MIMIC-IV-CaseStudy,1800000,1800000,Tombstone,crash_after_key_destruction,3,0.08807705,0.97,False,False,none,18.0,crash_during_predicate_replay,37,10,30.46413,1,1,0,0,True,True,0f9d5ea96fb52ba1,d9d27cd4a2005803,"scenario-specific recovery path, common safe final state",residual_leakage_varies_by_crash_path,False,False,False,False,audit_gap_detected_or_rejected,normal_recovery,,,,,residual leakage baseline; audit/safe-mode not applicable
MIMIC-IV-CaseStudy,1800000,1800000,Tombstone,crash_after_key_destruction,4,0.10906882,0.97,False,False,none,18.0,recovery_missing_overlay,47,13,37.135025,0,1,1,0,True,True,0f9d5ea96fb52ba1,ab83f29cefaaa2f7,"scenario-specific recovery path, common safe final state",residual_leakage_varies_by_crash_path,False,False,False,False,audit_gap_detected_or_rejected,normal_recovery,,,,,residual leakage baseline; audit/safe-mode not applicable
MIMIC-IV-CaseStudy,1800000,1800000,Tombstone,recovery_missing_overlay,0,0.07071774,0.97,False,False,none,18.0,recovery_missing_audit_record,41,13,37.182525,1,0,1,0,True,True,0f9d5ea96fb52ba1,65c70fdc7225c15b,"scenario-specific recovery path, common safe final state",residual_leakage_varies_by_crash_path,False,False,False,False,audit_gap_detected_or_rejected,normal_recovery,,,,,residual leakage baseline; audit/safe-mode not applicable
MIMIC-IV-CaseStudy,1800000,1800000,Tombstone,recovery_missing_overlay,1,0.06594741,0.97,False,False,none,18.0,crash_after_key_destruction,17,5,14.300276,1,0,0,1,True,True,0f9d5ea96fb52ba1,9090d04d45fbe53d,"scenario-specific recovery path, common safe final state",residual_leakage_varies_by_crash_path,False,False,False,False,audit_gap_detected_or_rejected,normal_recovery,,,,,residual leakage baseline; audit/safe-mode not applicable
MIMIC-IV-CaseStudy,1800000,1800000,Tombstone,recovery_missing_overlay,2,0.0816553,0.97,False,False,none,18.0,crash_after_predicate_update,31,6,19.588119,1,0,0,0,True,True,0f9d5ea96fb52ba1,5e154d7363dced38,"scenario-specific recovery path, common safe final state",residual_leakage_varies_by_crash_path,False,False,False,False,audit_gap_detected_or_rejected,normal_recovery,,,,,residual leakage baseline; audit/safe-mode not applicable
MIMIC-IV-CaseStudy,1800000,1800000,Tombstone,recovery_missing_overlay,3,0.07696587,0.97,False,False,none,18.0,crash_after_overlay_write,23,6,18.95917,0,1,0,0,True,True,0f9d5ea96fb52ba1,93e55faa3739405b,"scenario-specific recovery path, common safe final state",residual_leakage_varies_by_crash_path,False,False,False,False,audit_gap_detected_or_rejected,normal_recovery,,,,,residual leakage baseline; audit/safe-mode not applicable
MIMIC-IV-CaseStudy,1800000,1800000,Tombstone,recovery_missing_overlay,4,0.07146635,0.97,False,False,none,18.0,crash_after_reverse_adjacency_update,33,8,25.617606,1,0,1,0,True,True,0f9d5ea96fb52ba1,06a0ad2d9e47a670,"scenario-specific recovery path, common safe final state",residual_leakage_varies_by_crash_path,False,False,False,False,audit_gap_detected_or_rejected,normal_recovery,,,,,residual leakage baseline; audit/safe-mode not applicable
MIMIC-IV-CaseStudy,1800000,1800000,Tombstone,recovery_stale_predicate,0,0.06753151,0.97,False,False,none,18.0,crash_after_audit_log_append,17,2,11.413828,0,0,1,0,True,True,0f9d5ea96fb52ba1,f20cb78284146cfa,"scenario-specific recovery path, common safe final state",residual_leakage_varies_by_crash_path,False,False,False,False,audit_gap_detected_or_rejected,normal_recovery,,,,,residual leakage baseline; audit/safe-mode not applicable
MIMIC-IV-CaseStudy,1800000,1800000,Tombstone,recovery_stale_predicate,1,0.08592218,0.97,False,False,none,18.0,crash_during_overlay_replay,34,9,26.715798,1,1,0,0,True,True,0f9d5ea96fb52ba1,541780254a438454,"scenario-specific recovery path, common safe final state",residual_leakage_varies_by_crash_path,False,False,False,False,audit_gap_detected_or_rejected,normal_recovery,,,,,residual leakage baseline; audit/safe-mode not applicable
MIMIC-IV-CaseStudy,1800000,1800000,Tombstone,recovery_stale_predicate,2,0.09736067,0.97,False,False,none,18.0,crash_during_predicate_replay,40,11,32.577781,1,1,0,0,True,True,0f9d5ea96fb52ba1,01f7160e6c23ef2d,"scenario-specific recovery path, common safe final state",residual_leakage_varies_by_crash_path,False,False,False,False,audit_gap_detected_or_rejected,normal_recovery,,,,,residual leakage baseline; audit/safe-mode not applicable
MIMIC-IV-CaseStudy,1800000,1800000,Tombstone,recovery_stale_predicate,3,0.10773117,0.97,False,False,none,18.0,recovery_missing_overlay,46,13,36.558588,0,1,1,0,True,True,0f9d5ea96fb52ba1,f47619f1de50ff79,"scenario-specific recovery path, common safe final state",residual_leakage_varies_by_crash_path,False,False,False,False,audit_gap_detected_or_rejected,normal_recovery,,,,,residual leakage baseline; audit/safe-mode not applicable
MIMIC-IV-CaseStudy,1800000,1800000,Tombstone,recovery_stale_predicate,4,0.07504527,0.97,False,False,none,18.0,recovery_missing_audit_record,36,12,33.479642,1,0,1,0,True,True,0f9d5ea96fb52ba1,a70cbbfcc46d154f,"scenario-specific recovery path, common safe final state",residual_leakage_varies_by_crash_path,False,False,False,False,audit_gap_detected_or_rejected,normal_recovery,,,,,residual leakage baseline; audit/safe-mode not applicable
MIMIC-IV-CaseStudy,1800000,1800000,Physical-delete,query_before_commit,0,0.0,0.97,False,False,none,18.0,crash_after_key_destruction,64,5,32.382306,1,0,0,1,True,True,479f433d79a27356,cabf27f7af795203,"scenario-specific recovery path, common safe final state",zero_leakage_safe_state,False,False,False,True,audit_gap_detected_or_rejected,normal_recovery,,True,,,zero-leakage recovery; audit/safe-mode not applicable
MIMIC-IV-CaseStudy,1800000,1800000,Physical-delete,query_before_commit,1,0.0,0.97,False,False,none,18.0,crash_after_predicate_update,84,8,43.76237,1,0,0,1,True,True,479f433d79a27356,ec6b229758a28230,"scenario-specific recovery path, common safe final state",zero_leakage_safe_state,False,False,False,True,audit_gap_detected_or_rejected,normal_recovery,,True,,,zero-leakage recovery; audit/safe-mode not applicable
MIMIC-IV-CaseStudy,1800000,1800000,Physical-delete,query_before_commit,2,0.0,0.97,False,False,none,18.0,crash_after_overlay_write,78,6,41.378991,0,1,0,1,True,True,479f433d79a27356,639cdb2a0dfccd6d,"scenario-specific recovery path, common safe final state",zero_leakage_safe_state,False,False,False,True,audit_gap_detected_or_rejected,normal_recovery,,True,,,zero-leakage recovery; audit/safe-mode not applicable
MIMIC-IV-CaseStudy,1800000,1800000,Physical-delete,query_before_commit,3,0.0,0.97,False,False,none,18.0,crash_after_reverse_adjacency_update,95,8,50.793556,1,0,1,1,True,True,479f433d79a27356,ab9503f628bdc75e,"scenario-specific recovery path, common safe final state",zero_leakage_safe_state,False,False,False,True,audit_gap_detected_or_rejected,normal_recovery,,True,,,zero-leakage recovery; audit/safe-mode not applicable
MIMIC-IV-CaseStudy,1800000,1800000,Physical-delete,query_before_commit,4,0.0,0.97,False,False,none,18.0,crash_after_audit_log_append,54,4,29.525866,0,0,1,1,True,True,479f433d79a27356,a5771f39864729f0,"scenario-specific recovery path, common safe final state",zero_leakage_safe_state,False,False,False,True,audit_gap_detected_or_rejected,normal_recovery,,True,,,zero-leakage recovery; audit/safe-mode not applicable
MIMIC-IV-CaseStudy,1800000,1800000,Physical-delete,query_after_commit,0,0.0,0.97,False,False,none,18.0,crash_during_overlay_replay,103,8,52.626704,1,1,0,1,True,True,479f433d79a27356,e700ff1ec3597b82,"scenario-specific recovery path, common safe final state",zero_leakage_safe_state,False,False,False,True,audit_gap_detected_or_rejected,normal_recovery,,True,,,zero-leakage recovery; audit/safe-mode not applicable
MIMIC-IV-CaseStudy,1800000,1800000,Physical-delete,query_after_commit,1,0.0,0.97,False,False,none,18.0,crash_during_predicate_replay,115,11,60.878264,1,1,0,1,True,True,479f433d79a27356,cac41d059a77313c,"scenario-specific recovery path, common safe final state",zero_leakage_safe_state,False,False,False,True,audit_gap_detected_or_rejected,normal_recovery,,True,,,zero-leakage recovery; audit/safe-mode not applicable
MIMIC-IV-CaseStudy,1800000,1800000,Physical-delete,query_after_commit,2,0.0,0.97,False,False,none,18.0,recovery_missing_overlay,138,13,73.515102,0,1,1,1,True,True,479f433d79a27356,2fa347fa3bc4f089,"scenario-specific recovery path, common safe final state",zero_leakage_safe_state,False,False,False,True,audit_gap_detected_or_rejected,normal_recovery,,True,,,zero-leakage recovery; audit/safe-mode not applicable
MIMIC-IV-CaseStudy,1800000,1800000,Physical-delete,query_after_commit,3,0.0,0.97,False,False,none,18.0,recovery_missing_audit_record,126,11,65.946071,1,0,1,1,True,True,479f433d79a27356,84e5cbfc1776b1f7,"scenario-specific recovery path, common safe final state",zero_leakage_safe_state,False,False,False,True,audit_gap_detected_or_rejected,normal_recovery,,True,,,zero-leakage recovery; audit/safe-mode not applicable
MIMIC-IV-CaseStudy,1800000,1800000,Physical-delete,query_after_commit,4,0.0,0.97,False,False,none,18.0,crash_after_key_destruction,67,4,31.60569,1,0,0,1,True,True,479f433d79a27356,ae160ce7a85e4bcb,"scenario-specific recovery path, common safe final state",zero_leakage_safe_state,False,False,False,True,audit_gap_detected_or_rejected,normal_recovery,,True,,,zero-leakage recovery; audit/safe-mode not applicable
MIMIC-IV-CaseStudy,1800000,1800000,Physical-delete,query_overlaps_commit,0,0.0,0.97,False,False,none,18.0,crash_after_predicate_update,87,7,43.050892,1,0,0,1,True,True,479f433d79a27356,37818f273ee84ab0,"scenario-specific recovery path, common safe final state",zero_leakage_safe_state,False,False,False,True,audit_gap_detected_or_rejected,normal_recovery,,True,,,zero-leakage recovery; audit/safe-mode not applicable
MIMIC-IV-CaseStudy,1800000,1800000,Physical-delete,query_overlaps_commit,1,0.0,0.97,False,False,none,18.0,crash_after_overlay_write,73,5,37.508458,0,1,0,1,True,True,479f433d79a27356,866ed785c44a9e76,"scenario-specific recovery path, common safe final state",zero_leakage_safe_state,False,False,False,True,audit_gap_detected_or_rejected,normal_recovery,,True,,,zero-leakage recovery; audit/safe-mode not applicable
MIMIC-IV-CaseStudy,1800000,1800000,Physical-delete,query_overlaps_commit,2,0.0,0.97,False,False,none,18.0,crash_after_reverse_adjacency_update,94,8,47.328362,1,0,1,1,True,True,479f433d79a27356,31396513b6b9e112,"scenario-specific recovery path, common safe final state",zero_leakage_safe_state,False,False,False,True,audit_gap_detected_or_rejected,normal_recovery,,True,,,zero-leakage recovery; audit/safe-mode not applicable
MIMIC-IV-CaseStudy,1800000,1800000,Physical-delete,query_overlaps_commit,3,0.0,0.97,False,False,none,18.0,crash_after_audit_log_append,55,3,25.375459,0,0,1,1,True,True,479f433d79a27356,9b23d78d27d50428,"scenario-specific recovery path, common safe final state",zero_leakage_safe_state,False,False,False,True,audit_gap_detected_or_rejected,normal_recovery,,True,,,zero-leakage recovery; audit/safe-mode not applicable
MIMIC-IV-CaseStudy,1800000,1800000,Physical-delete,query_overlaps_commit,4,0.0,0.97,False,False,none,18.0,crash_during_overlay_replay,105,10,55.312194,1,1,0,1,True,True,479f433d79a27356,3c855384d5272c16,"scenario-specific recovery path, common safe final state",zero_leakage_safe_state,False,False,False,True,audit_gap_detected_or_rejected,normal_recovery,,True,,,zero-leakage recovery; audit/safe-mode not applicable
MIMIC-IV-CaseStudy,1800000,1800000,Physical-delete,crash_after_log_intent,0,0.0,0.97,False,False,none,18.0,crash_during_predicate_replay,113,10,59.056234,1,1,0,1,True,True,479f433d79a27356,68d3bc001963ac9d,"scenario-specific recovery path, common safe final state",zero_leakage_safe_state,False,False,False,True,audit_gap_detected_or_rejected,normal_recovery,,True,,,zero-leakage recovery; audit/safe-mode not applicable
MIMIC-IV-CaseStudy,1800000,1800000,Physical-delete,crash_after_log_intent,1,0.0,0.97,False,False,none,18.0,recovery_missing_overlay,134,12,69.858764,0,1,1,1,True,True,479f433d79a27356,da01d6defe02314d,"scenario-specific recovery path, common safe final state",zero_leakage_safe_state,False,False,False,True,audit_gap_detected_or_rejected,normal_recovery,,True,,,zero-leakage recovery; audit/safe-mode not applicable
MIMIC-IV-CaseStudy,1800000,1800000,Physical-delete,crash_after_log_intent,2,0.0,0.97,False,False,none,18.0,recovery_missing_audit_record,125,12,66.72182,1,0,1,1,True,True,479f433d79a27356,b2b892202c818302,"scenario-specific recovery path, common safe final state",zero_leakage_safe_state,False,False,False,True,audit_gap_detected_or_rejected,normal_recovery,,True,,,zero-leakage recovery; audit/safe-mode not applicable
MIMIC-IV-CaseStudy,1800000,1800000,Physical-delete,crash_after_log_intent,3,0.0,0.97,False,False,none,18.0,crash_after_key_destruction,63,5,35.229736,1,0,0,1,True,True,479f433d79a27356,e2ef7eaf8ba61f74,"scenario-specific recovery path, common safe final state",zero_leakage_safe_state,False,False,False,True,audit_gap_detected_or_rejected,normal_recovery,,True,,,zero-leakage recovery; audit/safe-mode not applicable
MIMIC-IV-CaseStudy,1800000,1800000,Physical-delete,crash_after_log_intent,4,0.0,0.97,False,False,none,18.0,crash_after_predicate_update,85,7,44.350524,1,0,0,1,True,True,479f433d79a27356,7352c427a348703c,"scenario-specific recovery path, common safe final state",zero_leakage_safe_state,False,False,False,True,audit_gap_detected_or_rejected,normal_recovery,,True,,,zero-leakage recovery; audit/safe-mode not applicable
MIMIC-IV-CaseStudy,1800000,1800000,Physical-delete,crash_after_overlay_build,0,0.0,0.97,False,False,none,18.0,crash_after_overlay_write,73,5,36.077863,0,1,0,1,True,True,479f433d79a27356,866ed785c44a9e76,"scenario-specific recovery path, common safe final state",zero_leakage_safe_state,False,False,False,True,audit_gap_detected_or_rejected,normal_recovery,,True,,,zero-leakage recovery; audit/safe-mode not applicable
MIMIC-IV-CaseStudy,1800000,1800000,Physical-delete,crash_after_overlay_build,1,0.0,0.97,False,False,none,18.0,crash_after_reverse_adjacency_update,99,8,51.177408,1,0,1,1,True,True,479f433d79a27356,74941273ed6c0b78,"scenario-specific recovery path, common safe final state",zero_leakage_safe_state,False,False,False,True,audit_gap_detected_or_rejected,normal_recovery,,True,,,zero-leakage recovery; audit/safe-mode not applicable
MIMIC-IV-CaseStudy,1800000,1800000,Physical-delete,crash_after_overlay_build,2,0.0,0.97,False,False,none,18.0,crash_after_audit_log_append,56,3,29.127801,0,0,1,1,True,True,479f433d79a27356,1cc404da28e7f013,"scenario-specific recovery path, common safe final state",zero_leakage_safe_state,False,False,False,True,audit_gap_detected_or_rejected,normal_recovery,,True,,,zero-leakage recovery; audit/safe-mode not applicable
MIMIC-IV-CaseStudy,1800000,1800000,Physical-delete,crash_after_overlay_build,3,0.0,0.97,False,False,none,18.0,crash_during_overlay_replay,103,9,55.162167,1,1,0,1,True,True,479f433d79a27356,3e94d49c6639c6ba,"scenario-specific recovery path, common safe final state",zero_leakage_safe_state,False,False,False,True,audit_gap_detected_or_rejected,normal_recovery,,True,,,zero-leakage recovery; audit/safe-mode not applicable
MIMIC-IV-CaseStudy,1800000,1800000,Physical-delete,crash_after_overlay_build,4,0.0,0.97,False,False,none,18.0,crash_during_predicate_replay,114,10,56.193497,1,1,0,1,True,True,479f433d79a27356,540a98d92c5647ee,"scenario-specific recovery path, common safe final state",zero_leakage_safe_state,False,False,False,True,audit_gap_detected_or_rejected,normal_recovery,,True,,,zero-leakage recovery; audit/safe-mode not applicable
MIMIC-IV-CaseStudy,1800000,1800000,Physical-delete,crash_after_predicate_update,0,0.0,0.97,False,False,none,18.0,recovery_missing_overlay,133,13,71.577138,0,1,1,1,True,True,479f433d79a27356,e5492164642cfba9,"scenario-specific recovery path, common safe final state",zero_leakage_safe_state,False,False,False,True,audit_gap_detected_or_rejected,normal_recovery,,True,,,zero-leakage recovery; audit/safe-mode not applicable
MIMIC-IV-CaseStudy,1800000,1800000,Physical-delete,crash_after_predicate_update,1,0.0,0.97,False,False,none,18.0,recovery_missing_audit_record,127,11,65.799372,1,0,1,1,True,True,479f433d79a27356,04b422feb8f1d309,"scenario-specific recovery path, common safe final state",zero_leakage_safe_state,False,False,False,True,audit_gap_detected_or_rejected,normal_recovery,,True,,,zero-leakage recovery; audit/safe-mode not applicable
MIMIC-IV-CaseStudy,1800000,1800000,Physical-delete,crash_after_predicate_update,2,0.0,0.97,False,False,none,18.0,crash_after_key_destruction,64,4,29.740668,1,0,0,1,True,True,479f433d79a27356,895676a109ff4d75,"scenario-specific recovery path, common safe final state",zero_leakage_safe_state,False,False,False,True,audit_gap_detected_or_rejected,normal_recovery,,True,,,zero-leakage recovery; audit/safe-mode not applicable
MIMIC-IV-CaseStudy,1800000,1800000,Physical-delete,crash_after_predicate_update,3,0.0,0.97,False,False,none,18.0,crash_after_predicate_update,83,6,41.875279,1,0,0,1,True,True,479f433d79a27356,5794343e10041d7e,"scenario-specific recovery path, common safe final state",zero_leakage_safe_state,False,False,False,True,audit_gap_detected_or_rejected,normal_recovery,,True,,,zero-leakage recovery; audit/safe-mode not applicable
MIMIC-IV-CaseStudy,1800000,1800000,Physical-delete,crash_after_predicate_update,4,0.0,0.97,False,False,none,18.0,crash_after_overlay_write,73,5,35.027374,0,1,0,1,True,True,479f433d79a27356,866ed785c44a9e76,"scenario-specific recovery path, common safe final state",zero_leakage_safe_state,False,False,False,True,audit_gap_detected_or_rejected,normal_recovery,,True,,,zero-leakage recovery; audit/safe-mode not applicable
MIMIC-IV-CaseStudy,1800000,1800000,Physical-delete,crash_after_key_destruction,0,0.0,0.97,False,False,none,18.0,crash_after_reverse_adjacency_update,97,6,46.988139,1,0,1,1,True,True,479f433d79a27356,a71dc3058713fdd6,"scenario-specific recovery path, common safe final state",zero_leakage_safe_state,False,False,False,True,audit_gap_detected_or_rejected,normal_recovery,,True,,,zero-leakage recovery; audit/safe-mode not applicable
MIMIC-IV-CaseStudy,1800000,1800000,Physical-delete,crash_after_key_destruction,1,0.0,0.97,False,False,none,18.0,crash_after_audit_log_append,56,3,28.57661,0,0,1,1,True,True,479f433d79a27356,1cc404da28e7f013,"scenario-specific recovery path, common safe final state",zero_leakage_safe_state,False,False,False,True,audit_gap_detected_or_rejected,normal_recovery,,True,,,zero-leakage recovery; audit/safe-mode not applicable
MIMIC-IV-CaseStudy,1800000,1800000,Physical-delete,crash_after_key_destruction,2,0.0,0.97,False,False,none,18.0,crash_during_overlay_replay,107,9,55.376312,1,1,0,1,True,True,479f433d79a27356,6a5a667082e4c2bc,"scenario-specific recovery path, common safe final state",zero_leakage_safe_state,False,False,False,True,audit_gap_detected_or_rejected,normal_recovery,,True,,,zero-leakage recovery; audit/safe-mode not applicable
MIMIC-IV-CaseStudy,1800000,1800000,Physical-delete,crash_after_key_destruction,3,0.0,0.97,False,False,none,18.0,crash_during_predicate_replay,117,11,61.231811,1,1,0,1,True,True,479f433d79a27356,0772b21f554efa72,"scenario-specific recovery path, common safe final state",zero_leakage_safe_state,False,False,False,True,audit_gap_detected_or_rejected,normal_recovery,,True,,,zero-leakage recovery; audit/safe-mode not applicable
MIMIC-IV-CaseStudy,1800000,1800000,Physical-delete,crash_after_key_destruction,4,0.0,0.97,False,False,none,18.0,recovery_missing_overlay,136,13,71.51519,0,1,1,1,True,True,479f433d79a27356,d3ca461493da7de5,"scenario-specific recovery path, common safe final state",zero_leakage_safe_state,False,False,False,True,audit_gap_detected_or_rejected,normal_recovery,,True,,,zero-leakage recovery; audit/safe-mode not applicable
MIMIC-IV-CaseStudy,1800000,1800000,Physical-delete,recovery_missing_overlay,0,0.0,0.97,False,False,none,18.0,recovery_missing_audit_record,124,11,65.229037,1,0,1,1,True,True,479f433d79a27356,59351b16bf24ce2c,"scenario-specific recovery path, common safe final state",zero_leakage_safe_state,False,False,False,True,audit_gap_detected_or_rejected,normal_recovery,,True,,,zero-leakage recovery; audit/safe-mode not applicable
MIMIC-IV-CaseStudy,1800000,1800000,Physical-delete,recovery_missing_overlay,1,0.0,0.97,False,False,none,18.0,crash_after_key_destruction,68,4,35.199771,1,0,0,1,True,True,479f433d79a27356,b265c1b7da9dabfc,"scenario-specific recovery path, common safe final state",zero_leakage_safe_state,False,False,False,True,audit_gap_detected_or_rejected,normal_recovery,,True,,,zero-leakage recovery; audit/safe-mode not applicable
MIMIC-IV-CaseStudy,1800000,1800000,Physical-delete,recovery_missing_overlay,2,0.0,0.97,False,False,none,18.0,crash_after_predicate_update,89,6,45.001618,1,0,0,1,True,True,479f433d79a27356,12aff9ecd9675379,"scenario-specific recovery path, common safe final state",zero_leakage_safe_state,False,False,False,True,audit_gap_detected_or_rejected,normal_recovery,,True,,,zero-leakage recovery; audit/safe-mode not applicable
MIMIC-IV-CaseStudy,1800000,1800000,Physical-delete,recovery_missing_overlay,3,0.0,0.97,False,False,none,18.0,crash_after_overlay_write,77,6,40.255044,0,1,0,1,True,True,479f433d79a27356,5c920ad995ae24cb,"scenario-specific recovery path, common safe final state",zero_leakage_safe_state,False,False,False,True,audit_gap_detected_or_rejected,normal_recovery,,True,,,zero-leakage recovery; audit/safe-mode not applicable
MIMIC-IV-CaseStudy,1800000,1800000,Physical-delete,recovery_missing_overlay,4,0.0,0.97,False,False,none,18.0,crash_after_reverse_adjacency_update,93,8,48.303057,1,0,1,1,True,True,479f433d79a27356,5ca644f8205e76a6,"scenario-specific recovery path, common safe final state",zero_leakage_safe_state,False,False,False,True,audit_gap_detected_or_rejected,normal_recovery,,True,,,zero-leakage recovery; audit/safe-mode not applicable
MIMIC-IV-CaseStudy,1800000,1800000,Physical-delete,recovery_stale_predicate,0,0.0,0.97,False,False,none,18.0,crash_after_audit_log_append,51,2,24.535194,0,0,1,1,True,True,479f433d79a27356,cd38f2ae11984ea6,"scenario-specific recovery path, common safe final state",zero_leakage_safe_state,False,False,False,True,audit_gap_detected_or_rejected,normal_recovery,,True,,,zero-leakage recovery; audit/safe-mode not applicable
MIMIC-IV-CaseStudy,1800000,1800000,Physical-delete,recovery_stale_predicate,1,0.0,0.97,False,False,none,18.0,crash_during_overlay_replay,106,8,53.049839,1,1,0,1,True,True,479f433d79a27356,1d757941e1130088,"scenario-specific recovery path, common safe final state",zero_leakage_safe_state,False,False,False,True,audit_gap_detected_or_rejected,normal_recovery,,True,,,zero-leakage recovery; audit/safe-mode not applicable
MIMIC-IV-CaseStudy,1800000,1800000,Physical-delete,recovery_stale_predicate,2,0.0,0.97,False,False,none,18.0,crash_during_predicate_replay,113,9,55.872723,1,1,0,1,True,True,479f433d79a27356,40f2293697853b8b,"scenario-specific recovery path, common safe final state",zero_leakage_safe_state,False,False,False,True,audit_gap_detected_or_rejected,normal_recovery,,True,,,zero-leakage recovery; audit/safe-mode not applicable
MIMIC-IV-CaseStudy,1800000,1800000,Physical-delete,recovery_stale_predicate,3,0.0,0.97,False,False,none,18.0,recovery_missing_overlay,133,13,71.284318,0,1,1,1,True,True,479f433d79a27356,e5492164642cfba9,"scenario-specific recovery path, common safe final state",zero_leakage_safe_state,False,False,False,True,audit_gap_detected_or_rejected,normal_recovery,,True,,,zero-leakage recovery; audit/safe-mode not applicable
MIMIC-IV-CaseStudy,1800000,1800000,Physical-delete,recovery_stale_predicate,4,0.0,0.97,False,False,none,18.0,recovery_missing_audit_record,124,11,64.784118,1,0,1,1,True,True,479f433d79a27356,59351b16bf24ce2c,"scenario-specific recovery path, common safe final state",zero_leakage_safe_state,False,False,False,True,audit_gap_detected_or_rejected,normal_recovery,,True,,,zero-leakage recovery; audit/safe-mode not applicable
MIMIC-IV-CaseStudy,1800000,1800000,Periodic-rebuild,query_before_commit,0,0.04057986,0.97,False,False,none,18.0,crash_after_key_destruction,38,3,21.685173,1,0,0,1,True,True,b17bb681fefa892e,cb319660d2762193,"scenario-specific recovery path, common safe final state",residual_leakage_varies_by_crash_path,False,False,False,False,audit_gap_detected_or_rejected,normal_recovery,,,,,residual leakage baseline; audit/safe-mode not applicable
MIMIC-IV-CaseStudy,1800000,1800000,Periodic-rebuild,query_before_commit,1,0.05416261,0.97,False,False,none,18.0,crash_after_predicate_update,47,7,29.030682,1,0,0,0,True,True,b17bb681fefa892e,577b3bf1632248b3,"scenario-specific recovery path, common safe final state",residual_leakage_varies_by_crash_path,False,False,False,False,audit_gap_detected_or_rejected,normal_recovery,,,,,residual leakage baseline; audit/safe-mode not applicable
MIMIC-IV-CaseStudy,1800000,1800000,Periodic-rebuild,query_before_commit,2,0.04700419,0.97,False,False,none,18.0,crash_after_overlay_write,41,5,24.739873,0,1,0,0,True,True,b17bb681fefa892e,f380c8de00a34d4c,"scenario-specific recovery path, common safe final state",residual_leakage_varies_by_crash_path,False,False,False,False,audit_gap_detected_or_rejected,normal_recovery,,,,,residual leakage baseline; audit/safe-mode not applicable
MIMIC-IV-CaseStudy,1800000,1800000,Periodic-rebuild,query_before_commit,3,0.04750904,0.97,False,False,none,18.0,crash_after_reverse_adjacency_update,48,8,29.620622,1,0,1,0,True,True,b17bb681fefa892e,c6dd01a56474c985,"scenario-specific recovery path, common safe final state",residual_leakage_varies_by_crash_path,False,False,False,False,audit_gap_detected_or_rejected,normal_recovery,,,,,residual leakage baseline; audit/safe-mode not applicable
MIMIC-IV-CaseStudy,1800000,1800000,Periodic-rebuild,query_before_commit,4,0.0390684,0.97,False,False,none,18.0,crash_after_audit_log_append,30,3,17.533885,0,0,1,0,True,True,b17bb681fefa892e,d17fdda0a61cb1eb,"scenario-specific recovery path, common safe final state",residual_leakage_varies_by_crash_path,False,False,False,False,audit_gap_detected_or_rejected,normal_recovery,,,,,residual leakage baseline; audit/safe-mode not applicable
MIMIC-IV-CaseStudy,1800000,1800000,Periodic-rebuild,query_after_commit,0,0.05702965,0.97,False,False,none,18.0,crash_during_overlay_replay,60,8,35.996349,1,1,0,0,True,True,b17bb681fefa892e,d8b6b06518cd8eff,"scenario-specific recovery path, common safe final state",residual_leakage_varies_by_crash_path,False,False,False,False,audit_gap_detected_or_rejected,normal_recovery,,,,,residual leakage baseline; audit/safe-mode not applicable
MIMIC-IV-CaseStudy,1800000,1800000,Periodic-rebuild,query_after_commit,1,0.05406149,0.97,False,False,none,18.0,crash_during_predicate_replay,62,10,39.425152,1,1,0,0,True,True,b17bb681fefa892e,4356611a36e586c6,"scenario-specific recovery path, common safe final state",residual_leakage_varies_by_crash_path,False,False,False,False,audit_gap_detected_or_rejected,normal_recovery,,,,,residual leakage baseline; audit/safe-mode not applicable
MIMIC-IV-CaseStudy,1800000,1800000,Periodic-rebuild,query_after_commit,2,0.06513159,0.97,False,False,none,18.0,recovery_missing_overlay,74,13,47.490852,0,1,1,0,True,True,b17bb681fefa892e,78daf01e93782eff,"scenario-specific recovery path, common safe final state",residual_leakage_varies_by_crash_path,False,False,False,False,audit_gap_detected_or_rejected,normal_recovery,,,,,residual leakage baseline; audit/safe-mode not applicable
MIMIC-IV-CaseStudy,1800000,1800000,Periodic-rebuild,query_after_commit,3,0.04814897,0.97,False,False,none,18.0,recovery_missing_audit_record,71,12,43.806558,1,0,1,0,True,True,b17bb681fefa892e,d220dcd76899010a,"scenario-specific recovery path, common safe final state",residual_leakage_varies_by_crash_path,False,False,False,False,audit_gap_detected_or_rejected,normal_recovery,,,,,residual leakage baseline; audit/safe-mode not applicable
MIMIC-IV-CaseStudy,1800000,1800000,Periodic-rebuild,query_after_commit,4,0.03659508,0.97,False,False,none,18.0,crash_after_key_destruction,34,3,19.61209,1,0,0,1,True,True,b17bb681fefa892e,564a243e893409d9,"scenario-specific recovery path, common safe final state",residual_leakage_varies_by_crash_path,False,False,False,False,audit_gap_detected_or_rejected,normal_recovery,,,,,residual leakage baseline; audit/safe-mode not applicable
MIMIC-IV-CaseStudy,1800000,1800000,Periodic-rebuild,query_overlaps_commit,0,0.05302709,0.97,False,False,none,18.0,crash_after_predicate_update,42,7,26.089296,1,0,0,0,True,True,b17bb681fefa892e,b40711bb9f5abd21,"scenario-specific recovery path, common safe final state",residual_leakage_varies_by_crash_path,False,False,False,False,audit_gap_detected_or_rejected,normal_recovery,,,,,residual leakage baseline; audit/safe-mode not applicable
MIMIC-IV-CaseStudy,1800000,1800000,Periodic-rebuild,query_overlaps_commit,1,0.04914313,0.97,False,False,none,18.0,crash_after_overlay_write,43,5,23.666448,0,1,0,0,True,True,b17bb681fefa892e,13dff40c2f443b3e,"scenario-specific recovery path, common safe final state",residual_leakage_varies_by_crash_path,False,False,False,False,audit_gap_detected_or_rejected,normal_recovery,,,,,residual leakage baseline; audit/safe-mode not applicable
MIMIC-IV-CaseStudy,1800000,1800000,Periodic-rebuild,query_overlaps_commit,2,0.0428857,0.97,False,False,none,18.0,crash_after_reverse_adjacency_update,54,8,32.508748,1,0,1,0,True,True,b17bb681fefa892e,7d56e8529c31076c,"scenario-specific recovery path, common safe final state",residual_leakage_varies_by_crash_path,False,False,False,False,audit_gap_detected_or_rejected,normal_recovery,,,,,residual leakage baseline; audit/safe-mode not applicable
MIMIC-IV-CaseStudy,1800000,1800000,Periodic-rebuild,query_overlaps_commit,3,0.04007267,0.97,False,False,none,18.0,crash_after_audit_log_append,28,2,15.245013,0,0,1,0,True,True,b17bb681fefa892e,526b10996ea956c4,"scenario-specific recovery path, common safe final state",residual_leakage_varies_by_crash_path,False,False,False,False,audit_gap_detected_or_rejected,normal_recovery,,,,,residual leakage baseline; audit/safe-mode not applicable
MIMIC-IV-CaseStudy,1800000,1800000,Periodic-rebuild,query_overlaps_commit,4,0.04947516,0.97,False,False,none,18.0,crash_during_overlay_replay,56,9,33.424497,1,1,0,0,True,True,b17bb681fefa892e,379aa8ea4dcd9b26,"scenario-specific recovery path, common safe final state",residual_leakage_varies_by_crash_path,False,False,False,False,audit_gap_detected_or_rejected,normal_recovery,,,,,residual leakage baseline; audit/safe-mode not applicable
MIMIC-IV-CaseStudy,1800000,1800000,Periodic-rebuild,crash_after_log_intent,0,0.05766138,0.97,False,False,none,18.0,crash_during_predicate_replay,61,11,38.848188,1,1,0,0,True,True,b17bb681fefa892e,f315a4693122d1bd,"scenario-specific recovery path, common safe final state",residual_leakage_varies_by_crash_path,False,False,False,False,audit_gap_detected_or_rejected,normal_recovery,,,,,residual leakage baseline; audit/safe-mode not applicable
MIMIC-IV-CaseStudy,1800000,1800000,Periodic-rebuild,crash_after_log_intent,1,0.06905713,0.97,False,False,none,18.0,recovery_missing_overlay,75,13,48.070582,0,1,1,0,True,True,b17bb681fefa892e,b55be980deeff6cd,"scenario-specific recovery path, common safe final state",residual_leakage_varies_by_crash_path,False,False,False,False,audit_gap_detected_or_rejected,normal_recovery,,,,,residual leakage baseline; audit/safe-mode not applicable
MIMIC-IV-CaseStudy,1800000,1800000,Periodic-rebuild,crash_after_log_intent,2,0.0469218,0.97,False,False,none,18.0,recovery_missing_audit_record,69,11,42.342553,1,0,1,0,True,True,b17bb681fefa892e,70ab2908a95aeda8,"scenario-specific recovery path, common safe final state",residual_leakage_varies_by_crash_path,False,False,False,False,audit_gap_detected_or_rejected,normal_recovery,,,,,residual leakage baseline; audit/safe-mode not applicable
MIMIC-IV-CaseStudy,1800000,1800000,Periodic-rebuild,crash_after_log_intent,3,0.03701937,0.97,False,False,none,18.0,crash_after_key_destruction,37,4,21.345932,1,0,0,1,True,True,b17bb681fefa892e,f4d15cafb6d5f663,"scenario-specific recovery path, common safe final state",residual_leakage_varies_by_crash_path,False,False,False,False,audit_gap_detected_or_rejected,normal_recovery,,,,,residual leakage baseline; audit/safe-mode not applicable
MIMIC-IV-CaseStudy,1800000,1800000,Periodic-rebuild,crash_after_log_intent,4,0.05286383,0.97,False,False,none,18.0,crash_after_predicate_update,46,8,30.87911,1,0,0,0,True,True,b17bb681fefa892e,787f7e3d01b14543,"scenario-specific recovery path, common safe final state",residual_leakage_varies_by_crash_path,False,False,False,False,audit_gap_detected_or_rejected,normal_recovery,,,,,residual leakage baseline; audit/safe-mode not applicable
MIMIC-IV-CaseStudy,1800000,1800000,Periodic-rebuild,crash_after_overlay_build,0,0.04863534,0.97,False,False,none,18.0,crash_after_overlay_write,41,6,25.96856,0,1,0,0,True,True,b17bb681fefa892e,070a49848d153dda,"scenario-specific recovery path, common safe final state",residual_leakage_varies_by_crash_path,False,False,False,False,audit_gap_detected_or_rejected,normal_recovery,,,,,residual leakage baseline; audit/safe-mode not applicable
MIMIC-IV-CaseStudy,1800000,1800000,Periodic-rebuild,crash_after_overlay_build,1,0.0483171,0.97,False,False,none,18.0,crash_after_reverse_adjacency_update,51,8,29.792876,1,0,1,0,True,True,b17bb681fefa892e,730778b3cd92d9a5,"scenario-specific recovery path, common safe final state",residual_leakage_varies_by_crash_path,False,False,False,False,audit_gap_detected_or_rejected,normal_recovery,,,,,residual leakage baseline; audit/safe-mode not applicable
MIMIC-IV-CaseStudy,1800000,1800000,Periodic-rebuild,crash_after_overlay_build,2,0.03972685,0.97,False,False,none,18.0,crash_after_audit_log_append,28,3,18.026161,0,0,1,0,True,True,b17bb681fefa892e,960f7c4bb51733ea,"scenario-specific recovery path, common safe final state",residual_leakage_varies_by_crash_path,False,False,False,False,audit_gap_detected_or_rejected,normal_recovery,,,,,residual leakage baseline; audit/safe-mode not applicable
MIMIC-IV-CaseStudy,1800000,1800000,Periodic-rebuild,crash_after_overlay_build,3,0.05225626,0.97,False,False,none,18.0,crash_during_overlay_replay,59,10,39.856442,1,1,0,0,True,True,b17bb681fefa892e,7963a95fef39d764,"scenario-specific recovery path, common safe final state",residual_leakage_varies_by_crash_path,False,False,False,False,audit_gap_detected_or_rejected,normal_recovery,,,,,residual leakage baseline; audit/safe-mode not applicable
MIMIC-IV-CaseStudy,1800000,1800000,Periodic-rebuild,crash_after_overlay_build,4,0.0551168,0.97,False,False,none,18.0,crash_during_predicate_replay,66,10,42.507358,1,1,0,0,True,True,b17bb681fefa892e,ae93a3e2db4c4269,"scenario-specific recovery path, common safe final state",residual_leakage_varies_by_crash_path,False,False,False,False,audit_gap_detected_or_rejected,normal_recovery,,,,,residual leakage baseline; audit/safe-mode not applicable
MIMIC-IV-CaseStudy,1800000,1800000,Periodic-rebuild,crash_after_predicate_update,0,0.06883481,0.97,False,False,none,18.0,recovery_missing_overlay,72,13,47.048564,0,1,1,0,True,True,b17bb681fefa892e,2db6c4d24148fa33,"scenario-specific recovery path, common safe final state",residual_leakage_varies_by_crash_path,False,False,False,False,audit_gap_detected_or_rejected,normal_recovery,,,,,residual leakage baseline; audit/safe-mode not applicable
MIMIC-IV-CaseStudy,1800000,1800000,Periodic-rebuild,crash_after_predicate_update,1,0.04732927,0.97,False,False,none,18.0,recovery_missing_audit_record,69,13,45.672495,1,0,1,0,True,True,b17bb681fefa892e,c970c29ad3c71509,"scenario-specific recovery path, common safe final state",residual_leakage_varies_by_crash_path,False,False,False,False,audit_gap_detected_or_rejected,normal_recovery,,,,,residual leakage baseline; audit/safe-mode not applicable
MIMIC-IV-CaseStudy,1800000,1800000,Periodic-rebuild,crash_after_predicate_update,2,0.0393933,0.97,False,False,none,18.0,crash_after_key_destruction,35,3,19.793729,1,0,0,1,True,True,b17bb681fefa892e,52e5255dca983971,"scenario-specific recovery path, common safe final state",residual_leakage_varies_by_crash_path,False,False,False,False,audit_gap_detected_or_rejected,normal_recovery,,,,,residual leakage baseline; audit/safe-mode not applicable
MIMIC-IV-CaseStudy,1800000,1800000,Periodic-rebuild,crash_after_predicate_update,3,0.05129688,0.97,False,False,none,18.0,crash_after_predicate_update,44,6,27.401401,1,0,0,0,True,True,b17bb681fefa892e,be93d34b1bf52689,"scenario-specific recovery path, common safe final state",residual_leakage_varies_by_crash_path,False,False,False,False,audit_gap_detected_or_rejected,normal_recovery,,,,,residual leakage baseline; audit/safe-mode not applicable
MIMIC-IV-CaseStudy,1800000,1800000,Periodic-rebuild,crash_after_predicate_update,4,0.05068343,0.97,False,False,none,18.0,crash_after_overlay_write,38,5,22.950101,0,1,0,0,True,True,b17bb681fefa892e,80c7c36326830e67,"scenario-specific recovery path, common safe final state",residual_leakage_varies_by_crash_path,False,False,False,False,audit_gap_detected_or_rejected,normal_recovery,,,,,residual leakage baseline; audit/safe-mode not applicable
MIMIC-IV-CaseStudy,1800000,1800000,Periodic-rebuild,crash_after_key_destruction,0,0.0487802,0.97,False,False,none,18.0,crash_after_reverse_adjacency_update,55,7,34.694751,1,0,1,0,True,True,b17bb681fefa892e,1c78195cfa5740cd,"scenario-specific recovery path, common safe final state",residual_leakage_varies_by_crash_path,False,False,False,False,audit_gap_detected_or_rejected,normal_recovery,,,,,residual leakage baseline; audit/safe-mode not applicable
MIMIC-IV-CaseStudy,1800000,1800000,Periodic-rebuild,crash_after_key_destruction,1,0.04020223,0.97,False,False,none,18.0,crash_after_audit_log_append,30,3,18.947774,0,0,1,0,True,True,b17bb681fefa892e,d17fdda0a61cb1eb,"scenario-specific recovery path, common safe final state",residual_leakage_varies_by_crash_path,False,False,False,False,audit_gap_detected_or_rejected,normal_recovery,,,,,residual leakage baseline; audit/safe-mode not applicable
MIMIC-IV-CaseStudy,1800000,1800000,Periodic-rebuild,crash_after_key_destruction,2,0.05126969,0.97,False,False,none,18.0,crash_during_overlay_replay,57,9,36.823495,1,1,0,0,True,True,b17bb681fefa892e,0a302e93feffc1c6,"scenario-specific recovery path, common safe final state",residual_leakage_varies_by_crash_path,False,False,False,False,audit_gap_detected_or_rejected,normal_recovery,,,,,residual leakage baseline; audit/safe-mode not applicable
MIMIC-IV-CaseStudy,1800000,1800000,Periodic-rebuild,crash_after_key_destruction,3,0.05674453,0.97,False,False,none,18.0,crash_during_predicate_replay,60,11,40.959672,1,1,0,0,True,True,b17bb681fefa892e,545c2cd92a4764fa,"scenario-specific recovery path, common safe final state",residual_leakage_varies_by_crash_path,False,False,False,False,audit_gap_detected_or_rejected,normal_recovery,,,,,residual leakage baseline; audit/safe-mode not applicable
MIMIC-IV-CaseStudy,1800000,1800000,Periodic-rebuild,crash_after_key_destruction,4,0.06890014,0.97,False,False,none,18.0,recovery_missing_overlay,73,13,48.043291,0,1,1,0,True,True,b17bb681fefa892e,bc0e259ce8da89da,"scenario-specific recovery path, common safe final state",residual_leakage_varies_by_crash_path,False,False,False,False,audit_gap_detected_or_rejected,normal_recovery,,,,,residual leakage baseline; audit/safe-mode not applicable
MIMIC-IV-CaseStudy,1800000,1800000,Periodic-rebuild,recovery_missing_overlay,0,0.05097876,0.97,False,False,none,18.0,recovery_missing_audit_record,67,11,43.609468,1,0,1,0,True,True,b17bb681fefa892e,c160c398a7d0a246,"scenario-specific recovery path, common safe final state",residual_leakage_varies_by_crash_path,False,False,False,False,audit_gap_detected_or_rejected,normal_recovery,,,,,residual leakage baseline; audit/safe-mode not applicable
MIMIC-IV-CaseStudy,1800000,1800000,Periodic-rebuild,recovery_missing_overlay,1,0.03661119,0.97,False,False,none,18.0,crash_after_key_destruction,34,4,20.701731,1,0,0,1,True,True,b17bb681fefa892e,a3ec35bff52f4590,"scenario-specific recovery path, common safe final state",residual_leakage_varies_by_crash_path,False,False,False,False,audit_gap_detected_or_rejected,normal_recovery,,,,,residual leakage baseline; audit/safe-mode not applicable
MIMIC-IV-CaseStudy,1800000,1800000,Periodic-rebuild,recovery_missing_overlay,2,0.0522206,0.97,False,False,none,18.0,crash_after_predicate_update,46,6,28.386001,1,0,0,0,True,True,b17bb681fefa892e,343bea3f58a904d6,"scenario-specific recovery path, common safe final state",residual_leakage_varies_by_crash_path,False,False,False,False,audit_gap_detected_or_rejected,normal_recovery,,,,,residual leakage baseline; audit/safe-mode not applicable
MIMIC-IV-CaseStudy,1800000,1800000,Periodic-rebuild,recovery_missing_overlay,3,0.04899795,0.97,False,False,none,18.0,crash_after_overlay_write,42,6,25.681215,0,1,0,0,True,True,b17bb681fefa892e,12d831d7d2cd7ec9,"scenario-specific recovery path, common safe final state",residual_leakage_varies_by_crash_path,False,False,False,False,audit_gap_detected_or_rejected,normal_recovery,,,,,residual leakage baseline; audit/safe-mode not applicable
MIMIC-IV-CaseStudy,1800000,1800000,Periodic-rebuild,recovery_missing_overlay,4,0.04419558,0.97,False,False,none,18.0,crash_after_reverse_adjacency_update,47,9,32.656103,1,0,1,0,True,True,b17bb681fefa892e,198d2c83b1044150,"scenario-specific recovery path, common safe final state",residual_leakage_varies_by_crash_path,False,False,False,False,audit_gap_detected_or_rejected,normal_recovery,,,,,residual leakage baseline; audit/safe-mode not applicable
MIMIC-IV-CaseStudy,1800000,1800000,Periodic-rebuild,recovery_stale_predicate,0,0.03697968,0.97,False,False,none,18.0,crash_after_audit_log_append,30,5,18.771438,0,0,1,0,True,True,b17bb681fefa892e,7d0f33471d4959af,"scenario-specific recovery path, common safe final state",residual_leakage_varies_by_crash_path,False,False,False,False,audit_gap_detected_or_rejected,normal_recovery,,,,,residual leakage baseline; audit/safe-mode not applicable
MIMIC-IV-CaseStudy,1800000,1800000,Periodic-rebuild,recovery_stale_predicate,1,0.05551321,0.97,False,False,none,18.0,crash_during_overlay_replay,60,9,38.445229,1,1,0,0,True,True,b17bb681fefa892e,63cc3bff4ab7ea15,"scenario-specific recovery path, common safe final state",residual_leakage_varies_by_crash_path,False,False,False,False,audit_gap_detected_or_rejected,normal_recovery,,,,,residual leakage baseline; audit/safe-mode not applicable
MIMIC-IV-CaseStudy,1800000,1800000,Periodic-rebuild,recovery_stale_predicate,2,0.05677697,0.97,False,False,none,18.0,crash_during_predicate_replay,60,9,35.611848,1,1,0,0,True,True,b17bb681fefa892e,e7da30ab73c98b63,"scenario-specific recovery path, common safe final state",residual_leakage_varies_by_crash_path,False,False,False,False,audit_gap_detected_or_rejected,normal_recovery,,,,,residual leakage baseline; audit/safe-mode not applicable
MIMIC-IV-CaseStudy,1800000,1800000,Periodic-rebuild,recovery_stale_predicate,3,0.06760877,0.97,False,False,none,18.0,recovery_missing_overlay,73,13,47.75692,0,1,1,0,True,True,b17bb681fefa892e,bc0e259ce8da89da,"scenario-specific recovery path, common safe final state",residual_leakage_varies_by_crash_path,False,False,False,False,audit_gap_detected_or_rejected,normal_recovery,,,,,residual leakage baseline; audit/safe-mode not applicable
MIMIC-IV-CaseStudy,1800000,1800000,Periodic-rebuild,recovery_stale_predicate,4,0.0452123,0.97,False,False,none,18.0,recovery_missing_audit_record,64,12,41.934618,1,0,1,0,True,True,b17bb681fefa892e,9bc061384da660b7,"scenario-specific recovery path, common safe final state",residual_leakage_varies_by_crash_path,False,False,False,False,audit_gap_detected_or_rejected,normal_recovery,,,,,residual leakage baseline; audit/safe-mode not applicable
