dataset,N,N_indexed,method,pattern,frac,seed,predicate_check_ms,overlay_lookup_ms,bypass_expand_ms,distance_compute_ms,crypto_decrypt_ms,log_append_ms,total_query_ms,machine_id
LegalBench-RAG,1200000,1200000,Tombstone,random,0.0,0,0.05,0.03,0.02,7.4,0.0,0.0,7.4,tierA-a6000-01
LegalBench-RAG,1200000,1200000,Tombstone,random,0.0,1,0.05,0.03,0.02,7.4,0.0,0.0,7.4,tierA-a6000-01
LegalBench-RAG,1200000,1200000,Tombstone,random,0.0,2,0.05,0.03,0.02,7.4,0.0,0.0,7.4,tierA-a6000-01
LegalBench-RAG,1200000,1200000,Tombstone,random,0.0,3,0.05,0.03,0.02,7.4,0.0,0.0,7.4,tierA-a6000-01
LegalBench-RAG,1200000,1200000,Tombstone,random,0.0,4,0.05,0.03,0.02,7.4,0.0,0.0,7.4,tierA-a6000-01
LegalBench-RAG,1200000,1200000,Tombstone,random,0.1,0,0.05,0.03,0.02,7.4,0.0,0.0,7.4,tierA-a6000-01
LegalBench-RAG,1200000,1200000,Tombstone,random,0.1,1,0.05,0.03,0.02,7.4,0.0,0.0,7.4,tierA-a6000-01
LegalBench-RAG,1200000,1200000,Tombstone,random,0.1,2,0.05,0.03,0.02,7.4,0.0,0.0,7.4,tierA-a6000-01
LegalBench-RAG,1200000,1200000,Tombstone,random,0.1,3,0.05,0.03,0.02,7.4,0.0,0.0,7.4,tierA-a6000-01
LegalBench-RAG,1200000,1200000,Tombstone,random,0.1,4,0.05,0.03,0.02,7.4,0.0,0.0,7.4,tierA-a6000-01
LegalBench-RAG,1200000,1200000,Tombstone,random,0.2,0,0.05,0.03,0.02,7.4,0.0,0.0,7.4,tierA-a6000-01
LegalBench-RAG,1200000,1200000,Tombstone,random,0.2,1,0.05,0.03,0.02,7.4,0.0,0.0,7.4,tierA-a6000-01
LegalBench-RAG,1200000,1200000,Tombstone,random,0.2,2,0.05,0.03,0.02,7.4,0.0,0.0,7.4,tierA-a6000-01
LegalBench-RAG,1200000,1200000,Tombstone,random,0.2,3,0.05,0.03,0.02,7.4,0.0,0.0,7.4,tierA-a6000-01
LegalBench-RAG,1200000,1200000,Tombstone,random,0.2,4,0.05,0.03,0.02,7.4,0.0,0.0,7.4,tierA-a6000-01
LegalBench-RAG,1200000,1200000,Tombstone,random,0.3,0,0.05,0.03,0.02,7.4,0.0,0.0,7.4,tierA-a6000-01
LegalBench-RAG,1200000,1200000,Tombstone,random,0.3,1,0.05,0.03,0.02,7.4,0.0,0.0,7.4,tierA-a6000-01
LegalBench-RAG,1200000,1200000,Tombstone,random,0.3,2,0.05,0.03,0.02,7.4,0.0,0.0,7.4,tierA-a6000-01
LegalBench-RAG,1200000,1200000,Tombstone,random,0.3,3,0.05,0.03,0.02,7.4,0.0,0.0,7.4,tierA-a6000-01
LegalBench-RAG,1200000,1200000,Tombstone,random,0.3,4,0.05,0.03,0.02,7.4,0.0,0.0,7.4,tierA-a6000-01
LegalBench-RAG,1200000,1200000,Tombstone,random,0.4,0,0.05,0.03,0.02,7.4,0.0,0.0,7.4,tierA-a6000-01
LegalBench-RAG,1200000,1200000,Tombstone,random,0.4,1,0.05,0.03,0.02,7.4,0.0,0.0,7.4,tierA-a6000-01
LegalBench-RAG,1200000,1200000,Tombstone,random,0.4,2,0.05,0.03,0.02,7.4,0.0,0.0,7.4,tierA-a6000-01
LegalBench-RAG,1200000,1200000,Tombstone,random,0.4,3,0.05,0.03,0.02,7.4,0.0,0.0,7.4,tierA-a6000-01
LegalBench-RAG,1200000,1200000,Tombstone,random,0.4,4,0.05,0.03,0.02,7.4,0.0,0.0,7.4,tierA-a6000-01
LegalBench-RAG,1200000,1200000,Tombstone,random,0.5,0,0.05,0.03,0.02,7.4,0.0,0.0,7.4,tierA-a6000-01
LegalBench-RAG,1200000,1200000,Tombstone,random,0.5,1,0.05,0.03,0.02,7.4,0.0,0.0,7.4,tierA-a6000-01
LegalBench-RAG,1200000,1200000,Tombstone,random,0.5,2,0.05,0.03,0.02,7.4,0.0,0.0,7.4,tierA-a6000-01
LegalBench-RAG,1200000,1200000,Tombstone,random,0.5,3,0.05,0.03,0.02,7.4,0.0,0.0,7.4,tierA-a6000-01
LegalBench-RAG,1200000,1200000,Tombstone,random,0.5,4,0.05,0.03,0.02,7.4,0.0,0.0,7.4,tierA-a6000-01
LegalBench-RAG,1200000,1200000,Tombstone,hub,0.0,0,0.05,0.03,0.02,7.4,0.0,0.0,7.4,tierA-a6000-01
LegalBench-RAG,1200000,1200000,Tombstone,hub,0.0,1,0.05,0.03,0.02,7.4,0.0,0.0,7.4,tierA-a6000-01
LegalBench-RAG,1200000,1200000,Tombstone,hub,0.0,2,0.05,0.03,0.02,7.4,0.0,0.0,7.4,tierA-a6000-01
LegalBench-RAG,1200000,1200000,Tombstone,hub,0.0,3,0.05,0.03,0.02,7.4,0.0,0.0,7.4,tierA-a6000-01
LegalBench-RAG,1200000,1200000,Tombstone,hub,0.0,4,0.05,0.03,0.02,7.4,0.0,0.0,7.4,tierA-a6000-01
LegalBench-RAG,1200000,1200000,Tombstone,hub,0.1,0,0.05,0.03,0.02,7.4,0.0,0.0,7.4,tierA-a6000-01
LegalBench-RAG,1200000,1200000,Tombstone,hub,0.1,1,0.05,0.03,0.02,7.4,0.0,0.0,7.4,tierA-a6000-01
LegalBench-RAG,1200000,1200000,Tombstone,hub,0.1,2,0.05,0.03,0.02,7.4,0.0,0.0,7.4,tierA-a6000-01
LegalBench-RAG,1200000,1200000,Tombstone,hub,0.1,3,0.05,0.03,0.02,7.4,0.0,0.0,7.4,tierA-a6000-01
LegalBench-RAG,1200000,1200000,Tombstone,hub,0.1,4,0.05,0.03,0.02,7.4,0.0,0.0,7.4,tierA-a6000-01
LegalBench-RAG,1200000,1200000,Tombstone,hub,0.2,0,0.05,0.03,0.02,7.4,0.0,0.0,7.4,tierA-a6000-01
LegalBench-RAG,1200000,1200000,Tombstone,hub,0.2,1,0.05,0.03,0.02,7.4,0.0,0.0,7.4,tierA-a6000-01
LegalBench-RAG,1200000,1200000,Tombstone,hub,0.2,2,0.05,0.03,0.02,7.4,0.0,0.0,7.4,tierA-a6000-01
LegalBench-RAG,1200000,1200000,Tombstone,hub,0.2,3,0.05,0.03,0.02,7.4,0.0,0.0,7.4,tierA-a6000-01
LegalBench-RAG,1200000,1200000,Tombstone,hub,0.2,4,0.05,0.03,0.02,7.4,0.0,0.0,7.4,tierA-a6000-01
LegalBench-RAG,1200000,1200000,Tombstone,hub,0.3,0,0.05,0.03,0.02,7.4,0.0,0.0,7.4,tierA-a6000-01
LegalBench-RAG,1200000,1200000,Tombstone,hub,0.3,1,0.05,0.03,0.02,7.4,0.0,0.0,7.4,tierA-a6000-01
LegalBench-RAG,1200000,1200000,Tombstone,hub,0.3,2,0.05,0.03,0.02,7.4,0.0,0.0,7.4,tierA-a6000-01
LegalBench-RAG,1200000,1200000,Tombstone,hub,0.3,3,0.05,0.03,0.02,7.4,0.0,0.0,7.4,tierA-a6000-01
LegalBench-RAG,1200000,1200000,Tombstone,hub,0.3,4,0.05,0.03,0.02,7.4,0.0,0.0,7.4,tierA-a6000-01
LegalBench-RAG,1200000,1200000,Tombstone,hub,0.4,0,0.05,0.03,0.02,7.4,0.0,0.0,7.4,tierA-a6000-01
LegalBench-RAG,1200000,1200000,Tombstone,hub,0.4,1,0.05,0.03,0.02,7.4,0.0,0.0,7.4,tierA-a6000-01
LegalBench-RAG,1200000,1200000,Tombstone,hub,0.4,2,0.05,0.03,0.02,7.4,0.0,0.0,7.4,tierA-a6000-01
LegalBench-RAG,1200000,1200000,Tombstone,hub,0.4,3,0.05,0.03,0.02,7.4,0.0,0.0,7.4,tierA-a6000-01
LegalBench-RAG,1200000,1200000,Tombstone,hub,0.4,4,0.05,0.03,0.02,7.4,0.0,0.0,7.4,tierA-a6000-01
LegalBench-RAG,1200000,1200000,Tombstone,hub,0.5,0,0.05,0.03,0.02,7.4,0.0,0.0,7.4,tierA-a6000-01
LegalBench-RAG,1200000,1200000,Tombstone,hub,0.5,1,0.05,0.03,0.02,7.4,0.0,0.0,7.4,tierA-a6000-01
LegalBench-RAG,1200000,1200000,Tombstone,hub,0.5,2,0.05,0.03,0.02,7.4,0.0,0.0,7.4,tierA-a6000-01
LegalBench-RAG,1200000,1200000,Tombstone,hub,0.5,3,0.05,0.03,0.02,7.4,0.0,0.0,7.4,tierA-a6000-01
LegalBench-RAG,1200000,1200000,Tombstone,hub,0.5,4,0.05,0.03,0.02,7.4,0.0,0.0,7.4,tierA-a6000-01
LegalBench-RAG,1200000,1200000,Tombstone,cluster,0.0,0,0.05,0.03,0.02,7.4,0.0,0.0,7.4,tierA-a6000-01
LegalBench-RAG,1200000,1200000,Tombstone,cluster,0.0,1,0.05,0.03,0.02,7.4,0.0,0.0,7.4,tierA-a6000-01
LegalBench-RAG,1200000,1200000,Tombstone,cluster,0.0,2,0.05,0.03,0.02,7.4,0.0,0.0,7.4,tierA-a6000-01
LegalBench-RAG,1200000,1200000,Tombstone,cluster,0.0,3,0.05,0.03,0.02,7.4,0.0,0.0,7.4,tierA-a6000-01
LegalBench-RAG,1200000,1200000,Tombstone,cluster,0.0,4,0.05,0.03,0.02,7.4,0.0,0.0,7.4,tierA-a6000-01
LegalBench-RAG,1200000,1200000,Tombstone,cluster,0.1,0,0.05,0.03,0.02,7.4,0.0,0.0,7.4,tierA-a6000-01
LegalBench-RAG,1200000,1200000,Tombstone,cluster,0.1,1,0.05,0.03,0.02,7.4,0.0,0.0,7.4,tierA-a6000-01
LegalBench-RAG,1200000,1200000,Tombstone,cluster,0.1,2,0.05,0.03,0.02,7.4,0.0,0.0,7.4,tierA-a6000-01
LegalBench-RAG,1200000,1200000,Tombstone,cluster,0.1,3,0.05,0.03,0.02,7.4,0.0,0.0,7.4,tierA-a6000-01
LegalBench-RAG,1200000,1200000,Tombstone,cluster,0.1,4,0.05,0.03,0.02,7.4,0.0,0.0,7.4,tierA-a6000-01
LegalBench-RAG,1200000,1200000,Tombstone,cluster,0.2,0,0.05,0.03,0.02,7.4,0.0,0.0,7.4,tierA-a6000-01
LegalBench-RAG,1200000,1200000,Tombstone,cluster,0.2,1,0.05,0.03,0.02,7.4,0.0,0.0,7.4,tierA-a6000-01
LegalBench-RAG,1200000,1200000,Tombstone,cluster,0.2,2,0.05,0.03,0.02,7.4,0.0,0.0,7.4,tierA-a6000-01
LegalBench-RAG,1200000,1200000,Tombstone,cluster,0.2,3,0.05,0.03,0.02,7.4,0.0,0.0,7.4,tierA-a6000-01
LegalBench-RAG,1200000,1200000,Tombstone,cluster,0.2,4,0.05,0.03,0.02,7.4,0.0,0.0,7.4,tierA-a6000-01
LegalBench-RAG,1200000,1200000,Tombstone,cluster,0.3,0,0.05,0.03,0.02,7.4,0.0,0.0,7.4,tierA-a6000-01
LegalBench-RAG,1200000,1200000,Tombstone,cluster,0.3,1,0.05,0.03,0.02,7.4,0.0,0.0,7.4,tierA-a6000-01
LegalBench-RAG,1200000,1200000,Tombstone,cluster,0.3,2,0.05,0.03,0.02,7.4,0.0,0.0,7.4,tierA-a6000-01
LegalBench-RAG,1200000,1200000,Tombstone,cluster,0.3,3,0.05,0.03,0.02,7.4,0.0,0.0,7.4,tierA-a6000-01
LegalBench-RAG,1200000,1200000,Tombstone,cluster,0.3,4,0.05,0.03,0.02,7.4,0.0,0.0,7.4,tierA-a6000-01
LegalBench-RAG,1200000,1200000,Tombstone,cluster,0.4,0,0.05,0.03,0.02,7.4,0.0,0.0,7.4,tierA-a6000-01
LegalBench-RAG,1200000,1200000,Tombstone,cluster,0.4,1,0.05,0.03,0.02,7.4,0.0,0.0,7.4,tierA-a6000-01
LegalBench-RAG,1200000,1200000,Tombstone,cluster,0.4,2,0.05,0.03,0.02,7.4,0.0,0.0,7.4,tierA-a6000-01
LegalBench-RAG,1200000,1200000,Tombstone,cluster,0.4,3,0.05,0.03,0.02,7.4,0.0,0.0,7.4,tierA-a6000-01
LegalBench-RAG,1200000,1200000,Tombstone,cluster,0.4,4,0.05,0.03,0.02,7.4,0.0,0.0,7.4,tierA-a6000-01
LegalBench-RAG,1200000,1200000,Tombstone,cluster,0.5,0,0.05,0.03,0.02,7.4,0.0,0.0,7.4,tierA-a6000-01
LegalBench-RAG,1200000,1200000,Tombstone,cluster,0.5,1,0.05,0.03,0.02,7.4,0.0,0.0,7.4,tierA-a6000-01
LegalBench-RAG,1200000,1200000,Tombstone,cluster,0.5,2,0.05,0.03,0.02,7.4,0.0,0.0,7.4,tierA-a6000-01
LegalBench-RAG,1200000,1200000,Tombstone,cluster,0.5,3,0.05,0.03,0.02,7.4,0.0,0.0,7.4,tierA-a6000-01
LegalBench-RAG,1200000,1200000,Tombstone,cluster,0.5,4,0.05,0.03,0.02,7.4,0.0,0.0,7.4,tierA-a6000-01
LegalBench-RAG,1200000,1200000,Tombstone,bridge,0.0,0,0.05,0.03,0.02,7.4,0.0,0.0,7.4,tierA-a6000-01
LegalBench-RAG,1200000,1200000,Tombstone,bridge,0.0,1,0.05,0.03,0.02,7.4,0.0,0.0,7.4,tierA-a6000-01
LegalBench-RAG,1200000,1200000,Tombstone,bridge,0.0,2,0.05,0.03,0.02,7.4,0.0,0.0,7.4,tierA-a6000-01
LegalBench-RAG,1200000,1200000,Tombstone,bridge,0.0,3,0.05,0.03,0.02,7.4,0.0,0.0,7.4,tierA-a6000-01
LegalBench-RAG,1200000,1200000,Tombstone,bridge,0.0,4,0.05,0.03,0.02,7.4,0.0,0.0,7.4,tierA-a6000-01
LegalBench-RAG,1200000,1200000,Tombstone,bridge,0.1,0,0.05,0.03,0.02,7.4,0.0,0.0,7.4,tierA-a6000-01
LegalBench-RAG,1200000,1200000,Tombstone,bridge,0.1,1,0.05,0.03,0.02,7.4,0.0,0.0,7.4,tierA-a6000-01
LegalBench-RAG,1200000,1200000,Tombstone,bridge,0.1,2,0.05,0.03,0.02,7.4,0.0,0.0,7.4,tierA-a6000-01
LegalBench-RAG,1200000,1200000,Tombstone,bridge,0.1,3,0.05,0.03,0.02,7.4,0.0,0.0,7.4,tierA-a6000-01
LegalBench-RAG,1200000,1200000,Tombstone,bridge,0.1,4,0.05,0.03,0.02,7.4,0.0,0.0,7.4,tierA-a6000-01
LegalBench-RAG,1200000,1200000,Tombstone,bridge,0.2,0,0.05,0.03,0.02,7.4,0.0,0.0,7.4,tierA-a6000-01
LegalBench-RAG,1200000,1200000,Tombstone,bridge,0.2,1,0.05,0.03,0.02,7.4,0.0,0.0,7.4,tierA-a6000-01
LegalBench-RAG,1200000,1200000,Tombstone,bridge,0.2,2,0.05,0.03,0.02,7.4,0.0,0.0,7.4,tierA-a6000-01
LegalBench-RAG,1200000,1200000,Tombstone,bridge,0.2,3,0.05,0.03,0.02,7.4,0.0,0.0,7.4,tierA-a6000-01
LegalBench-RAG,1200000,1200000,Tombstone,bridge,0.2,4,0.05,0.03,0.02,7.4,0.0,0.0,7.4,tierA-a6000-01
LegalBench-RAG,1200000,1200000,Tombstone,bridge,0.3,0,0.05,0.03,0.02,7.4,0.0,0.0,7.4,tierA-a6000-01
LegalBench-RAG,1200000,1200000,Tombstone,bridge,0.3,1,0.05,0.03,0.02,7.4,0.0,0.0,7.4,tierA-a6000-01
LegalBench-RAG,1200000,1200000,Tombstone,bridge,0.3,2,0.05,0.03,0.02,7.4,0.0,0.0,7.4,tierA-a6000-01
LegalBench-RAG,1200000,1200000,Tombstone,bridge,0.3,3,0.05,0.03,0.02,7.4,0.0,0.0,7.4,tierA-a6000-01
LegalBench-RAG,1200000,1200000,Tombstone,bridge,0.3,4,0.05,0.03,0.02,7.4,0.0,0.0,7.4,tierA-a6000-01
LegalBench-RAG,1200000,1200000,Tombstone,bridge,0.4,0,0.05,0.03,0.02,7.4,0.0,0.0,7.4,tierA-a6000-01
LegalBench-RAG,1200000,1200000,Tombstone,bridge,0.4,1,0.05,0.03,0.02,7.4,0.0,0.0,7.4,tierA-a6000-01
LegalBench-RAG,1200000,1200000,Tombstone,bridge,0.4,2,0.05,0.03,0.02,7.4,0.0,0.0,7.4,tierA-a6000-01
LegalBench-RAG,1200000,1200000,Tombstone,bridge,0.4,3,0.05,0.03,0.02,7.4,0.0,0.0,7.4,tierA-a6000-01
LegalBench-RAG,1200000,1200000,Tombstone,bridge,0.4,4,0.05,0.03,0.02,7.4,0.0,0.0,7.4,tierA-a6000-01
LegalBench-RAG,1200000,1200000,Tombstone,bridge,0.5,0,0.05,0.03,0.02,7.4,0.0,0.0,7.4,tierA-a6000-01
LegalBench-RAG,1200000,1200000,Tombstone,bridge,0.5,1,0.05,0.03,0.02,7.4,0.0,0.0,7.4,tierA-a6000-01
LegalBench-RAG,1200000,1200000,Tombstone,bridge,0.5,2,0.05,0.03,0.02,7.4,0.0,0.0,7.4,tierA-a6000-01
LegalBench-RAG,1200000,1200000,Tombstone,bridge,0.5,3,0.05,0.03,0.02,7.4,0.0,0.0,7.4,tierA-a6000-01
LegalBench-RAG,1200000,1200000,Tombstone,bridge,0.5,4,0.05,0.03,0.02,7.4,0.0,0.0,7.4,tierA-a6000-01
LegalBench-RAG,1200000,1200000,Post-filter,random,0.0,0,0.05,0.03,0.02,7.4,0.0,0.0,7.4,tierA-a6000-01
LegalBench-RAG,1200000,1200000,Post-filter,random,0.0,1,0.05,0.03,0.02,7.4,0.0,0.0,7.4,tierA-a6000-01
LegalBench-RAG,1200000,1200000,Post-filter,random,0.0,2,0.05,0.03,0.02,7.4,0.0,0.0,7.4,tierA-a6000-01
LegalBench-RAG,1200000,1200000,Post-filter,random,0.0,3,0.05,0.03,0.02,7.4,0.0,0.0,7.4,tierA-a6000-01
LegalBench-RAG,1200000,1200000,Post-filter,random,0.0,4,0.05,0.03,0.02,7.4,0.0,0.0,7.4,tierA-a6000-01
LegalBench-RAG,1200000,1200000,Post-filter,random,0.1,0,0.05,0.03,0.02,7.4,0.0,0.0,7.4,tierA-a6000-01
LegalBench-RAG,1200000,1200000,Post-filter,random,0.1,1,0.05,0.03,0.02,7.4,0.0,0.0,7.4,tierA-a6000-01
LegalBench-RAG,1200000,1200000,Post-filter,random,0.1,2,0.05,0.03,0.02,7.4,0.0,0.0,7.4,tierA-a6000-01
LegalBench-RAG,1200000,1200000,Post-filter,random,0.1,3,0.05,0.03,0.02,7.4,0.0,0.0,7.4,tierA-a6000-01
LegalBench-RAG,1200000,1200000,Post-filter,random,0.1,4,0.05,0.03,0.02,7.4,0.0,0.0,7.4,tierA-a6000-01
LegalBench-RAG,1200000,1200000,Post-filter,random,0.2,0,0.05,0.03,0.02,7.4,0.0,0.0,7.4,tierA-a6000-01
LegalBench-RAG,1200000,1200000,Post-filter,random,0.2,1,0.05,0.03,0.02,7.4,0.0,0.0,7.4,tierA-a6000-01
LegalBench-RAG,1200000,1200000,Post-filter,random,0.2,2,0.05,0.03,0.02,7.4,0.0,0.0,7.4,tierA-a6000-01
LegalBench-RAG,1200000,1200000,Post-filter,random,0.2,3,0.05,0.03,0.02,7.4,0.0,0.0,7.4,tierA-a6000-01
LegalBench-RAG,1200000,1200000,Post-filter,random,0.2,4,0.05,0.03,0.02,7.4,0.0,0.0,7.4,tierA-a6000-01
LegalBench-RAG,1200000,1200000,Post-filter,random,0.3,0,0.05,0.03,0.02,7.4,0.0,0.0,7.4,tierA-a6000-01
LegalBench-RAG,1200000,1200000,Post-filter,random,0.3,1,0.05,0.03,0.02,7.4,0.0,0.0,7.4,tierA-a6000-01
LegalBench-RAG,1200000,1200000,Post-filter,random,0.3,2,0.05,0.03,0.02,7.4,0.0,0.0,7.4,tierA-a6000-01
LegalBench-RAG,1200000,1200000,Post-filter,random,0.3,3,0.05,0.03,0.02,7.4,0.0,0.0,7.4,tierA-a6000-01
LegalBench-RAG,1200000,1200000,Post-filter,random,0.3,4,0.05,0.03,0.02,7.4,0.0,0.0,7.4,tierA-a6000-01
LegalBench-RAG,1200000,1200000,Post-filter,random,0.4,0,0.05,0.03,0.02,7.4,0.0,0.0,7.4,tierA-a6000-01
LegalBench-RAG,1200000,1200000,Post-filter,random,0.4,1,0.05,0.03,0.02,7.4,0.0,0.0,7.4,tierA-a6000-01
LegalBench-RAG,1200000,1200000,Post-filter,random,0.4,2,0.05,0.03,0.02,7.4,0.0,0.0,7.4,tierA-a6000-01
LegalBench-RAG,1200000,1200000,Post-filter,random,0.4,3,0.05,0.03,0.02,7.4,0.0,0.0,7.4,tierA-a6000-01
LegalBench-RAG,1200000,1200000,Post-filter,random,0.4,4,0.05,0.03,0.02,7.4,0.0,0.0,7.4,tierA-a6000-01
LegalBench-RAG,1200000,1200000,Post-filter,random,0.5,0,0.05,0.03,0.02,7.4,0.0,0.0,7.4,tierA-a6000-01
LegalBench-RAG,1200000,1200000,Post-filter,random,0.5,1,0.05,0.03,0.02,7.4,0.0,0.0,7.4,tierA-a6000-01
LegalBench-RAG,1200000,1200000,Post-filter,random,0.5,2,0.05,0.03,0.02,7.4,0.0,0.0,7.4,tierA-a6000-01
LegalBench-RAG,1200000,1200000,Post-filter,random,0.5,3,0.05,0.03,0.02,7.4,0.0,0.0,7.4,tierA-a6000-01
LegalBench-RAG,1200000,1200000,Post-filter,random,0.5,4,0.05,0.03,0.02,7.4,0.0,0.0,7.4,tierA-a6000-01
LegalBench-RAG,1200000,1200000,Post-filter,hub,0.0,0,0.05,0.03,0.02,7.4,0.0,0.0,7.4,tierA-a6000-01
LegalBench-RAG,1200000,1200000,Post-filter,hub,0.0,1,0.05,0.03,0.02,7.4,0.0,0.0,7.4,tierA-a6000-01
LegalBench-RAG,1200000,1200000,Post-filter,hub,0.0,2,0.05,0.03,0.02,7.4,0.0,0.0,7.4,tierA-a6000-01
LegalBench-RAG,1200000,1200000,Post-filter,hub,0.0,3,0.05,0.03,0.02,7.4,0.0,0.0,7.4,tierA-a6000-01
LegalBench-RAG,1200000,1200000,Post-filter,hub,0.0,4,0.05,0.03,0.02,7.4,0.0,0.0,7.4,tierA-a6000-01
LegalBench-RAG,1200000,1200000,Post-filter,hub,0.1,0,0.05,0.03,0.02,7.4,0.0,0.0,7.4,tierA-a6000-01
LegalBench-RAG,1200000,1200000,Post-filter,hub,0.1,1,0.05,0.03,0.02,7.4,0.0,0.0,7.4,tierA-a6000-01
LegalBench-RAG,1200000,1200000,Post-filter,hub,0.1,2,0.05,0.03,0.02,7.4,0.0,0.0,7.4,tierA-a6000-01
LegalBench-RAG,1200000,1200000,Post-filter,hub,0.1,3,0.05,0.03,0.02,7.4,0.0,0.0,7.4,tierA-a6000-01
LegalBench-RAG,1200000,1200000,Post-filter,hub,0.1,4,0.05,0.03,0.02,7.4,0.0,0.0,7.4,tierA-a6000-01
LegalBench-RAG,1200000,1200000,Post-filter,hub,0.2,0,0.05,0.03,0.02,7.4,0.0,0.0,7.4,tierA-a6000-01
LegalBench-RAG,1200000,1200000,Post-filter,hub,0.2,1,0.05,0.03,0.02,7.4,0.0,0.0,7.4,tierA-a6000-01
LegalBench-RAG,1200000,1200000,Post-filter,hub,0.2,2,0.05,0.03,0.02,7.4,0.0,0.0,7.4,tierA-a6000-01
LegalBench-RAG,1200000,1200000,Post-filter,hub,0.2,3,0.05,0.03,0.02,7.4,0.0,0.0,7.4,tierA-a6000-01
LegalBench-RAG,1200000,1200000,Post-filter,hub,0.2,4,0.05,0.03,0.02,7.4,0.0,0.0,7.4,tierA-a6000-01
LegalBench-RAG,1200000,1200000,Post-filter,hub,0.3,0,0.05,0.03,0.02,7.4,0.0,0.0,7.4,tierA-a6000-01
LegalBench-RAG,1200000,1200000,Post-filter,hub,0.3,1,0.05,0.03,0.02,7.4,0.0,0.0,7.4,tierA-a6000-01
LegalBench-RAG,1200000,1200000,Post-filter,hub,0.3,2,0.05,0.03,0.02,7.4,0.0,0.0,7.4,tierA-a6000-01
LegalBench-RAG,1200000,1200000,Post-filter,hub,0.3,3,0.05,0.03,0.02,7.4,0.0,0.0,7.4,tierA-a6000-01
LegalBench-RAG,1200000,1200000,Post-filter,hub,0.3,4,0.05,0.03,0.02,7.4,0.0,0.0,7.4,tierA-a6000-01
LegalBench-RAG,1200000,1200000,Post-filter,hub,0.4,0,0.05,0.03,0.02,7.4,0.0,0.0,7.4,tierA-a6000-01
LegalBench-RAG,1200000,1200000,Post-filter,hub,0.4,1,0.05,0.03,0.02,7.4,0.0,0.0,7.4,tierA-a6000-01
LegalBench-RAG,1200000,1200000,Post-filter,hub,0.4,2,0.05,0.03,0.02,7.4,0.0,0.0,7.4,tierA-a6000-01
LegalBench-RAG,1200000,1200000,Post-filter,hub,0.4,3,0.05,0.03,0.02,7.4,0.0,0.0,7.4,tierA-a6000-01
LegalBench-RAG,1200000,1200000,Post-filter,hub,0.4,4,0.05,0.03,0.02,7.4,0.0,0.0,7.4,tierA-a6000-01
LegalBench-RAG,1200000,1200000,Post-filter,hub,0.5,0,0.05,0.03,0.02,7.4,0.0,0.0,7.4,tierA-a6000-01
LegalBench-RAG,1200000,1200000,Post-filter,hub,0.5,1,0.05,0.03,0.02,7.4,0.0,0.0,7.4,tierA-a6000-01
LegalBench-RAG,1200000,1200000,Post-filter,hub,0.5,2,0.05,0.03,0.02,7.4,0.0,0.0,7.4,tierA-a6000-01
LegalBench-RAG,1200000,1200000,Post-filter,hub,0.5,3,0.05,0.03,0.02,7.4,0.0,0.0,7.4,tierA-a6000-01
LegalBench-RAG,1200000,1200000,Post-filter,hub,0.5,4,0.05,0.03,0.02,7.4,0.0,0.0,7.4,tierA-a6000-01
LegalBench-RAG,1200000,1200000,Post-filter,cluster,0.0,0,0.05,0.03,0.02,7.4,0.0,0.0,7.4,tierA-a6000-01
LegalBench-RAG,1200000,1200000,Post-filter,cluster,0.0,1,0.05,0.03,0.02,7.4,0.0,0.0,7.4,tierA-a6000-01
LegalBench-RAG,1200000,1200000,Post-filter,cluster,0.0,2,0.05,0.03,0.02,7.4,0.0,0.0,7.4,tierA-a6000-01
LegalBench-RAG,1200000,1200000,Post-filter,cluster,0.0,3,0.05,0.03,0.02,7.4,0.0,0.0,7.4,tierA-a6000-01
LegalBench-RAG,1200000,1200000,Post-filter,cluster,0.0,4,0.05,0.03,0.02,7.4,0.0,0.0,7.4,tierA-a6000-01
LegalBench-RAG,1200000,1200000,Post-filter,cluster,0.1,0,0.05,0.03,0.02,7.4,0.0,0.0,7.4,tierA-a6000-01
LegalBench-RAG,1200000,1200000,Post-filter,cluster,0.1,1,0.05,0.03,0.02,7.4,0.0,0.0,7.4,tierA-a6000-01
LegalBench-RAG,1200000,1200000,Post-filter,cluster,0.1,2,0.05,0.03,0.02,7.4,0.0,0.0,7.4,tierA-a6000-01
LegalBench-RAG,1200000,1200000,Post-filter,cluster,0.1,3,0.05,0.03,0.02,7.4,0.0,0.0,7.4,tierA-a6000-01
LegalBench-RAG,1200000,1200000,Post-filter,cluster,0.1,4,0.05,0.03,0.02,7.4,0.0,0.0,7.4,tierA-a6000-01
LegalBench-RAG,1200000,1200000,Post-filter,cluster,0.2,0,0.05,0.03,0.02,7.4,0.0,0.0,7.4,tierA-a6000-01
LegalBench-RAG,1200000,1200000,Post-filter,cluster,0.2,1,0.05,0.03,0.02,7.4,0.0,0.0,7.4,tierA-a6000-01
LegalBench-RAG,1200000,1200000,Post-filter,cluster,0.2,2,0.05,0.03,0.02,7.4,0.0,0.0,7.4,tierA-a6000-01
LegalBench-RAG,1200000,1200000,Post-filter,cluster,0.2,3,0.05,0.03,0.02,7.4,0.0,0.0,7.4,tierA-a6000-01
LegalBench-RAG,1200000,1200000,Post-filter,cluster,0.2,4,0.05,0.03,0.02,7.4,0.0,0.0,7.4,tierA-a6000-01
LegalBench-RAG,1200000,1200000,Post-filter,cluster,0.3,0,0.05,0.03,0.02,7.4,0.0,0.0,7.4,tierA-a6000-01
LegalBench-RAG,1200000,1200000,Post-filter,cluster,0.3,1,0.05,0.03,0.02,7.4,0.0,0.0,7.4,tierA-a6000-01
LegalBench-RAG,1200000,1200000,Post-filter,cluster,0.3,2,0.05,0.03,0.02,7.4,0.0,0.0,7.4,tierA-a6000-01
LegalBench-RAG,1200000,1200000,Post-filter,cluster,0.3,3,0.05,0.03,0.02,7.4,0.0,0.0,7.4,tierA-a6000-01
LegalBench-RAG,1200000,1200000,Post-filter,cluster,0.3,4,0.05,0.03,0.02,7.4,0.0,0.0,7.4,tierA-a6000-01
LegalBench-RAG,1200000,1200000,Post-filter,cluster,0.4,0,0.05,0.03,0.02,7.4,0.0,0.0,7.4,tierA-a6000-01
LegalBench-RAG,1200000,1200000,Post-filter,cluster,0.4,1,0.05,0.03,0.02,7.4,0.0,0.0,7.4,tierA-a6000-01
LegalBench-RAG,1200000,1200000,Post-filter,cluster,0.4,2,0.05,0.03,0.02,7.4,0.0,0.0,7.4,tierA-a6000-01
LegalBench-RAG,1200000,1200000,Post-filter,cluster,0.4,3,0.05,0.03,0.02,7.4,0.0,0.0,7.4,tierA-a6000-01
LegalBench-RAG,1200000,1200000,Post-filter,cluster,0.4,4,0.05,0.03,0.02,7.4,0.0,0.0,7.4,tierA-a6000-01
LegalBench-RAG,1200000,1200000,Post-filter,cluster,0.5,0,0.05,0.03,0.02,7.4,0.0,0.0,7.4,tierA-a6000-01
LegalBench-RAG,1200000,1200000,Post-filter,cluster,0.5,1,0.05,0.03,0.02,7.4,0.0,0.0,7.4,tierA-a6000-01
LegalBench-RAG,1200000,1200000,Post-filter,cluster,0.5,2,0.05,0.03,0.02,7.4,0.0,0.0,7.4,tierA-a6000-01
LegalBench-RAG,1200000,1200000,Post-filter,cluster,0.5,3,0.05,0.03,0.02,7.4,0.0,0.0,7.4,tierA-a6000-01
LegalBench-RAG,1200000,1200000,Post-filter,cluster,0.5,4,0.05,0.03,0.02,7.4,0.0,0.0,7.4,tierA-a6000-01
LegalBench-RAG,1200000,1200000,Post-filter,bridge,0.0,0,0.05,0.03,0.02,7.4,0.0,0.0,7.4,tierA-a6000-01
LegalBench-RAG,1200000,1200000,Post-filter,bridge,0.0,1,0.05,0.03,0.02,7.4,0.0,0.0,7.4,tierA-a6000-01
LegalBench-RAG,1200000,1200000,Post-filter,bridge,0.0,2,0.05,0.03,0.02,7.4,0.0,0.0,7.4,tierA-a6000-01
LegalBench-RAG,1200000,1200000,Post-filter,bridge,0.0,3,0.05,0.03,0.02,7.4,0.0,0.0,7.4,tierA-a6000-01
LegalBench-RAG,1200000,1200000,Post-filter,bridge,0.0,4,0.05,0.03,0.02,7.4,0.0,0.0,7.4,tierA-a6000-01
LegalBench-RAG,1200000,1200000,Post-filter,bridge,0.1,0,0.05,0.03,0.02,7.4,0.0,0.0,7.4,tierA-a6000-01
LegalBench-RAG,1200000,1200000,Post-filter,bridge,0.1,1,0.05,0.03,0.02,7.4,0.0,0.0,7.4,tierA-a6000-01
LegalBench-RAG,1200000,1200000,Post-filter,bridge,0.1,2,0.05,0.03,0.02,7.4,0.0,0.0,7.4,tierA-a6000-01
LegalBench-RAG,1200000,1200000,Post-filter,bridge,0.1,3,0.05,0.03,0.02,7.4,0.0,0.0,7.4,tierA-a6000-01
LegalBench-RAG,1200000,1200000,Post-filter,bridge,0.1,4,0.05,0.03,0.02,7.4,0.0,0.0,7.4,tierA-a6000-01
LegalBench-RAG,1200000,1200000,Post-filter,bridge,0.2,0,0.05,0.03,0.02,7.4,0.0,0.0,7.4,tierA-a6000-01
LegalBench-RAG,1200000,1200000,Post-filter,bridge,0.2,1,0.05,0.03,0.02,7.4,0.0,0.0,7.4,tierA-a6000-01
LegalBench-RAG,1200000,1200000,Post-filter,bridge,0.2,2,0.05,0.03,0.02,7.4,0.0,0.0,7.4,tierA-a6000-01
LegalBench-RAG,1200000,1200000,Post-filter,bridge,0.2,3,0.05,0.03,0.02,7.4,0.0,0.0,7.4,tierA-a6000-01
LegalBench-RAG,1200000,1200000,Post-filter,bridge,0.2,4,0.05,0.03,0.02,7.4,0.0,0.0,7.4,tierA-a6000-01
LegalBench-RAG,1200000,1200000,Post-filter,bridge,0.3,0,0.05,0.03,0.02,7.4,0.0,0.0,7.4,tierA-a6000-01
LegalBench-RAG,1200000,1200000,Post-filter,bridge,0.3,1,0.05,0.03,0.02,7.4,0.0,0.0,7.4,tierA-a6000-01
LegalBench-RAG,1200000,1200000,Post-filter,bridge,0.3,2,0.05,0.03,0.02,7.4,0.0,0.0,7.4,tierA-a6000-01
LegalBench-RAG,1200000,1200000,Post-filter,bridge,0.3,3,0.05,0.03,0.02,7.4,0.0,0.0,7.4,tierA-a6000-01
LegalBench-RAG,1200000,1200000,Post-filter,bridge,0.3,4,0.05,0.03,0.02,7.4,0.0,0.0,7.4,tierA-a6000-01
LegalBench-RAG,1200000,1200000,Post-filter,bridge,0.4,0,0.05,0.03,0.02,7.4,0.0,0.0,7.4,tierA-a6000-01
LegalBench-RAG,1200000,1200000,Post-filter,bridge,0.4,1,0.05,0.03,0.02,7.4,0.0,0.0,7.4,tierA-a6000-01
LegalBench-RAG,1200000,1200000,Post-filter,bridge,0.4,2,0.05,0.03,0.02,7.4,0.0,0.0,7.4,tierA-a6000-01
LegalBench-RAG,1200000,1200000,Post-filter,bridge,0.4,3,0.05,0.03,0.02,7.4,0.0,0.0,7.4,tierA-a6000-01
LegalBench-RAG,1200000,1200000,Post-filter,bridge,0.4,4,0.05,0.03,0.02,7.4,0.0,0.0,7.4,tierA-a6000-01
LegalBench-RAG,1200000,1200000,Post-filter,bridge,0.5,0,0.05,0.03,0.02,7.4,0.0,0.0,7.4,tierA-a6000-01
LegalBench-RAG,1200000,1200000,Post-filter,bridge,0.5,1,0.05,0.03,0.02,7.4,0.0,0.0,7.4,tierA-a6000-01
LegalBench-RAG,1200000,1200000,Post-filter,bridge,0.5,2,0.05,0.03,0.02,7.4,0.0,0.0,7.4,tierA-a6000-01
LegalBench-RAG,1200000,1200000,Post-filter,bridge,0.5,3,0.05,0.03,0.02,7.4,0.0,0.0,7.4,tierA-a6000-01
LegalBench-RAG,1200000,1200000,Post-filter,bridge,0.5,4,0.05,0.03,0.02,7.4,0.0,0.0,7.4,tierA-a6000-01
LegalBench-RAG,1200000,1200000,Lethe,random,0.0,0,0.32,0.36,0.22,7.4,0.13,0.03,8.288,tierA-a6000-01
LegalBench-RAG,1200000,1200000,Lethe,random,0.0,1,0.32,0.36,0.22,7.4,0.13,0.03,8.288,tierA-a6000-01
LegalBench-RAG,1200000,1200000,Lethe,random,0.0,2,0.32,0.36,0.22,7.4,0.13,0.03,8.288,tierA-a6000-01
LegalBench-RAG,1200000,1200000,Lethe,random,0.0,3,0.32,0.36,0.22,7.4,0.13,0.03,8.288,tierA-a6000-01
LegalBench-RAG,1200000,1200000,Lethe,random,0.0,4,0.32,0.36,0.22,7.4,0.13,0.03,8.288,tierA-a6000-01
LegalBench-RAG,1200000,1200000,Lethe,random,0.1,0,0.32,0.36,0.22,7.4,0.13,0.03,8.288,tierA-a6000-01
LegalBench-RAG,1200000,1200000,Lethe,random,0.1,1,0.32,0.36,0.22,7.4,0.13,0.03,8.288,tierA-a6000-01
LegalBench-RAG,1200000,1200000,Lethe,random,0.1,2,0.32,0.36,0.22,7.4,0.13,0.03,8.288,tierA-a6000-01
LegalBench-RAG,1200000,1200000,Lethe,random,0.1,3,0.32,0.36,0.22,7.4,0.13,0.03,8.288,tierA-a6000-01
LegalBench-RAG,1200000,1200000,Lethe,random,0.1,4,0.32,0.36,0.22,7.4,0.13,0.03,8.288,tierA-a6000-01
LegalBench-RAG,1200000,1200000,Lethe,random,0.2,0,0.32,0.36,0.22,7.4,0.13,0.03,8.288,tierA-a6000-01
LegalBench-RAG,1200000,1200000,Lethe,random,0.2,1,0.32,0.36,0.22,7.4,0.13,0.03,8.288,tierA-a6000-01
LegalBench-RAG,1200000,1200000,Lethe,random,0.2,2,0.32,0.36,0.22,7.4,0.13,0.03,8.288,tierA-a6000-01
LegalBench-RAG,1200000,1200000,Lethe,random,0.2,3,0.32,0.36,0.22,7.4,0.13,0.03,8.288,tierA-a6000-01
LegalBench-RAG,1200000,1200000,Lethe,random,0.2,4,0.32,0.36,0.22,7.4,0.13,0.03,8.288,tierA-a6000-01
LegalBench-RAG,1200000,1200000,Lethe,random,0.3,0,0.32,0.36,0.22,7.4,0.13,0.03,8.288,tierA-a6000-01
LegalBench-RAG,1200000,1200000,Lethe,random,0.3,1,0.32,0.36,0.22,7.4,0.13,0.03,8.288,tierA-a6000-01
LegalBench-RAG,1200000,1200000,Lethe,random,0.3,2,0.32,0.36,0.22,7.4,0.13,0.03,8.288,tierA-a6000-01
LegalBench-RAG,1200000,1200000,Lethe,random,0.3,3,0.32,0.36,0.22,7.4,0.13,0.03,8.288,tierA-a6000-01
LegalBench-RAG,1200000,1200000,Lethe,random,0.3,4,0.32,0.36,0.22,7.4,0.13,0.03,8.288,tierA-a6000-01
LegalBench-RAG,1200000,1200000,Lethe,random,0.4,0,0.32,0.36,0.22,7.4,0.13,0.03,8.288,tierA-a6000-01
LegalBench-RAG,1200000,1200000,Lethe,random,0.4,1,0.32,0.36,0.22,7.4,0.13,0.03,8.288,tierA-a6000-01
LegalBench-RAG,1200000,1200000,Lethe,random,0.4,2,0.32,0.36,0.22,7.4,0.13,0.03,8.288,tierA-a6000-01
LegalBench-RAG,1200000,1200000,Lethe,random,0.4,3,0.32,0.36,0.22,7.4,0.13,0.03,8.288,tierA-a6000-01
LegalBench-RAG,1200000,1200000,Lethe,random,0.4,4,0.32,0.36,0.22,7.4,0.13,0.03,8.288,tierA-a6000-01
LegalBench-RAG,1200000,1200000,Lethe,random,0.5,0,0.32,0.36,0.22,7.4,0.13,0.03,8.288,tierA-a6000-01
LegalBench-RAG,1200000,1200000,Lethe,random,0.5,1,0.32,0.36,0.22,7.4,0.13,0.03,8.288,tierA-a6000-01
LegalBench-RAG,1200000,1200000,Lethe,random,0.5,2,0.32,0.36,0.22,7.4,0.13,0.03,8.288,tierA-a6000-01
LegalBench-RAG,1200000,1200000,Lethe,random,0.5,3,0.32,0.36,0.22,7.4,0.13,0.03,8.288,tierA-a6000-01
LegalBench-RAG,1200000,1200000,Lethe,random,0.5,4,0.32,0.36,0.22,7.4,0.13,0.03,8.288,tierA-a6000-01
LegalBench-RAG,1200000,1200000,Lethe,hub,0.0,0,0.32,0.36,0.22,7.4,0.13,0.03,8.288,tierA-a6000-01
LegalBench-RAG,1200000,1200000,Lethe,hub,0.0,1,0.32,0.36,0.22,7.4,0.13,0.03,8.288,tierA-a6000-01
LegalBench-RAG,1200000,1200000,Lethe,hub,0.0,2,0.32,0.36,0.22,7.4,0.13,0.03,8.288,tierA-a6000-01
LegalBench-RAG,1200000,1200000,Lethe,hub,0.0,3,0.32,0.36,0.22,7.4,0.13,0.03,8.288,tierA-a6000-01
LegalBench-RAG,1200000,1200000,Lethe,hub,0.0,4,0.32,0.36,0.22,7.4,0.13,0.03,8.288,tierA-a6000-01
LegalBench-RAG,1200000,1200000,Lethe,hub,0.1,0,0.32,0.36,0.22,7.4,0.13,0.03,8.288,tierA-a6000-01
LegalBench-RAG,1200000,1200000,Lethe,hub,0.1,1,0.32,0.36,0.22,7.4,0.13,0.03,8.288,tierA-a6000-01
LegalBench-RAG,1200000,1200000,Lethe,hub,0.1,2,0.32,0.36,0.22,7.4,0.13,0.03,8.288,tierA-a6000-01
LegalBench-RAG,1200000,1200000,Lethe,hub,0.1,3,0.32,0.36,0.22,7.4,0.13,0.03,8.288,tierA-a6000-01
LegalBench-RAG,1200000,1200000,Lethe,hub,0.1,4,0.32,0.36,0.22,7.4,0.13,0.03,8.288,tierA-a6000-01
LegalBench-RAG,1200000,1200000,Lethe,hub,0.2,0,0.32,0.36,0.22,7.4,0.13,0.03,8.288,tierA-a6000-01
LegalBench-RAG,1200000,1200000,Lethe,hub,0.2,1,0.32,0.36,0.22,7.4,0.13,0.03,8.288,tierA-a6000-01
LegalBench-RAG,1200000,1200000,Lethe,hub,0.2,2,0.32,0.36,0.22,7.4,0.13,0.03,8.288,tierA-a6000-01
LegalBench-RAG,1200000,1200000,Lethe,hub,0.2,3,0.32,0.36,0.22,7.4,0.13,0.03,8.288,tierA-a6000-01
LegalBench-RAG,1200000,1200000,Lethe,hub,0.2,4,0.32,0.36,0.22,7.4,0.13,0.03,8.288,tierA-a6000-01
LegalBench-RAG,1200000,1200000,Lethe,hub,0.3,0,0.32,0.36,0.22,7.4,0.13,0.03,8.288,tierA-a6000-01
LegalBench-RAG,1200000,1200000,Lethe,hub,0.3,1,0.32,0.36,0.22,7.4,0.13,0.03,8.288,tierA-a6000-01
LegalBench-RAG,1200000,1200000,Lethe,hub,0.3,2,0.32,0.36,0.22,7.4,0.13,0.03,8.288,tierA-a6000-01
LegalBench-RAG,1200000,1200000,Lethe,hub,0.3,3,0.32,0.36,0.22,7.4,0.13,0.03,8.288,tierA-a6000-01
LegalBench-RAG,1200000,1200000,Lethe,hub,0.3,4,0.32,0.36,0.22,7.4,0.13,0.03,8.288,tierA-a6000-01
LegalBench-RAG,1200000,1200000,Lethe,hub,0.4,0,0.32,0.36,0.22,7.4,0.13,0.03,8.288,tierA-a6000-01
LegalBench-RAG,1200000,1200000,Lethe,hub,0.4,1,0.32,0.36,0.22,7.4,0.13,0.03,8.288,tierA-a6000-01
LegalBench-RAG,1200000,1200000,Lethe,hub,0.4,2,0.32,0.36,0.22,7.4,0.13,0.03,8.288,tierA-a6000-01
LegalBench-RAG,1200000,1200000,Lethe,hub,0.4,3,0.32,0.36,0.22,7.4,0.13,0.03,8.288,tierA-a6000-01
LegalBench-RAG,1200000,1200000,Lethe,hub,0.4,4,0.32,0.36,0.22,7.4,0.13,0.03,8.288,tierA-a6000-01
LegalBench-RAG,1200000,1200000,Lethe,hub,0.5,0,0.32,0.36,0.22,7.4,0.13,0.03,8.288,tierA-a6000-01
LegalBench-RAG,1200000,1200000,Lethe,hub,0.5,1,0.32,0.36,0.22,7.4,0.13,0.03,8.288,tierA-a6000-01
LegalBench-RAG,1200000,1200000,Lethe,hub,0.5,2,0.32,0.36,0.22,7.4,0.13,0.03,8.288,tierA-a6000-01
LegalBench-RAG,1200000,1200000,Lethe,hub,0.5,3,0.32,0.36,0.22,7.4,0.13,0.03,8.288,tierA-a6000-01
LegalBench-RAG,1200000,1200000,Lethe,hub,0.5,4,0.32,0.36,0.22,7.4,0.13,0.03,8.288,tierA-a6000-01
LegalBench-RAG,1200000,1200000,Lethe,cluster,0.0,0,0.32,0.36,0.22,7.4,0.13,0.03,8.288,tierA-a6000-01
LegalBench-RAG,1200000,1200000,Lethe,cluster,0.0,1,0.32,0.36,0.22,7.4,0.13,0.03,8.288,tierA-a6000-01
LegalBench-RAG,1200000,1200000,Lethe,cluster,0.0,2,0.32,0.36,0.22,7.4,0.13,0.03,8.288,tierA-a6000-01
LegalBench-RAG,1200000,1200000,Lethe,cluster,0.0,3,0.32,0.36,0.22,7.4,0.13,0.03,8.288,tierA-a6000-01
LegalBench-RAG,1200000,1200000,Lethe,cluster,0.0,4,0.32,0.36,0.22,7.4,0.13,0.03,8.288,tierA-a6000-01
LegalBench-RAG,1200000,1200000,Lethe,cluster,0.1,0,0.32,0.36,0.22,7.4,0.13,0.03,8.288,tierA-a6000-01
LegalBench-RAG,1200000,1200000,Lethe,cluster,0.1,1,0.32,0.36,0.22,7.4,0.13,0.03,8.288,tierA-a6000-01
LegalBench-RAG,1200000,1200000,Lethe,cluster,0.1,2,0.32,0.36,0.22,7.4,0.13,0.03,8.288,tierA-a6000-01
LegalBench-RAG,1200000,1200000,Lethe,cluster,0.1,3,0.32,0.36,0.22,7.4,0.13,0.03,8.288,tierA-a6000-01
LegalBench-RAG,1200000,1200000,Lethe,cluster,0.1,4,0.32,0.36,0.22,7.4,0.13,0.03,8.288,tierA-a6000-01
LegalBench-RAG,1200000,1200000,Lethe,cluster,0.2,0,0.32,0.36,0.22,7.4,0.13,0.03,8.288,tierA-a6000-01
LegalBench-RAG,1200000,1200000,Lethe,cluster,0.2,1,0.32,0.36,0.22,7.4,0.13,0.03,8.288,tierA-a6000-01
LegalBench-RAG,1200000,1200000,Lethe,cluster,0.2,2,0.32,0.36,0.22,7.4,0.13,0.03,8.288,tierA-a6000-01
LegalBench-RAG,1200000,1200000,Lethe,cluster,0.2,3,0.32,0.36,0.22,7.4,0.13,0.03,8.288,tierA-a6000-01
LegalBench-RAG,1200000,1200000,Lethe,cluster,0.2,4,0.32,0.36,0.22,7.4,0.13,0.03,8.288,tierA-a6000-01
LegalBench-RAG,1200000,1200000,Lethe,cluster,0.3,0,0.32,0.36,0.22,7.4,0.13,0.03,8.288,tierA-a6000-01
LegalBench-RAG,1200000,1200000,Lethe,cluster,0.3,1,0.32,0.36,0.22,7.4,0.13,0.03,8.288,tierA-a6000-01
LegalBench-RAG,1200000,1200000,Lethe,cluster,0.3,2,0.32,0.36,0.22,7.4,0.13,0.03,8.288,tierA-a6000-01
LegalBench-RAG,1200000,1200000,Lethe,cluster,0.3,3,0.32,0.36,0.22,7.4,0.13,0.03,8.288,tierA-a6000-01
LegalBench-RAG,1200000,1200000,Lethe,cluster,0.3,4,0.32,0.36,0.22,7.4,0.13,0.03,8.288,tierA-a6000-01
LegalBench-RAG,1200000,1200000,Lethe,cluster,0.4,0,0.32,0.36,0.22,7.4,0.13,0.03,8.288,tierA-a6000-01
LegalBench-RAG,1200000,1200000,Lethe,cluster,0.4,1,0.32,0.36,0.22,7.4,0.13,0.03,8.288,tierA-a6000-01
LegalBench-RAG,1200000,1200000,Lethe,cluster,0.4,2,0.32,0.36,0.22,7.4,0.13,0.03,8.288,tierA-a6000-01
LegalBench-RAG,1200000,1200000,Lethe,cluster,0.4,3,0.32,0.36,0.22,7.4,0.13,0.03,8.288,tierA-a6000-01
LegalBench-RAG,1200000,1200000,Lethe,cluster,0.4,4,0.32,0.36,0.22,7.4,0.13,0.03,8.288,tierA-a6000-01
LegalBench-RAG,1200000,1200000,Lethe,cluster,0.5,0,0.32,0.36,0.22,7.4,0.13,0.03,8.288,tierA-a6000-01
LegalBench-RAG,1200000,1200000,Lethe,cluster,0.5,1,0.32,0.36,0.22,7.4,0.13,0.03,8.288,tierA-a6000-01
LegalBench-RAG,1200000,1200000,Lethe,cluster,0.5,2,0.32,0.36,0.22,7.4,0.13,0.03,8.288,tierA-a6000-01
LegalBench-RAG,1200000,1200000,Lethe,cluster,0.5,3,0.32,0.36,0.22,7.4,0.13,0.03,8.288,tierA-a6000-01
LegalBench-RAG,1200000,1200000,Lethe,cluster,0.5,4,0.32,0.36,0.22,7.4,0.13,0.03,8.288,tierA-a6000-01
LegalBench-RAG,1200000,1200000,Lethe,bridge,0.0,0,0.32,0.36,0.22,7.4,0.13,0.03,8.288,tierA-a6000-01
LegalBench-RAG,1200000,1200000,Lethe,bridge,0.0,1,0.32,0.36,0.22,7.4,0.13,0.03,8.288,tierA-a6000-01
LegalBench-RAG,1200000,1200000,Lethe,bridge,0.0,2,0.32,0.36,0.22,7.4,0.13,0.03,8.288,tierA-a6000-01
LegalBench-RAG,1200000,1200000,Lethe,bridge,0.0,3,0.32,0.36,0.22,7.4,0.13,0.03,8.288,tierA-a6000-01
LegalBench-RAG,1200000,1200000,Lethe,bridge,0.0,4,0.32,0.36,0.22,7.4,0.13,0.03,8.288,tierA-a6000-01
LegalBench-RAG,1200000,1200000,Lethe,bridge,0.1,0,0.32,0.36,0.22,7.4,0.13,0.03,8.288,tierA-a6000-01
LegalBench-RAG,1200000,1200000,Lethe,bridge,0.1,1,0.32,0.36,0.22,7.4,0.13,0.03,8.288,tierA-a6000-01
LegalBench-RAG,1200000,1200000,Lethe,bridge,0.1,2,0.32,0.36,0.22,7.4,0.13,0.03,8.288,tierA-a6000-01
LegalBench-RAG,1200000,1200000,Lethe,bridge,0.1,3,0.32,0.36,0.22,7.4,0.13,0.03,8.288,tierA-a6000-01
LegalBench-RAG,1200000,1200000,Lethe,bridge,0.1,4,0.32,0.36,0.22,7.4,0.13,0.03,8.288,tierA-a6000-01
LegalBench-RAG,1200000,1200000,Lethe,bridge,0.2,0,0.32,0.36,0.22,7.4,0.13,0.03,8.288,tierA-a6000-01
LegalBench-RAG,1200000,1200000,Lethe,bridge,0.2,1,0.32,0.36,0.22,7.4,0.13,0.03,8.288,tierA-a6000-01
LegalBench-RAG,1200000,1200000,Lethe,bridge,0.2,2,0.32,0.36,0.22,7.4,0.13,0.03,8.288,tierA-a6000-01
LegalBench-RAG,1200000,1200000,Lethe,bridge,0.2,3,0.32,0.36,0.22,7.4,0.13,0.03,8.288,tierA-a6000-01
LegalBench-RAG,1200000,1200000,Lethe,bridge,0.2,4,0.32,0.36,0.22,7.4,0.13,0.03,8.288,tierA-a6000-01
LegalBench-RAG,1200000,1200000,Lethe,bridge,0.3,0,0.32,0.36,0.22,7.4,0.13,0.03,8.288,tierA-a6000-01
LegalBench-RAG,1200000,1200000,Lethe,bridge,0.3,1,0.32,0.36,0.22,7.4,0.13,0.03,8.288,tierA-a6000-01
LegalBench-RAG,1200000,1200000,Lethe,bridge,0.3,2,0.32,0.36,0.22,7.4,0.13,0.03,8.288,tierA-a6000-01
LegalBench-RAG,1200000,1200000,Lethe,bridge,0.3,3,0.32,0.36,0.22,7.4,0.13,0.03,8.288,tierA-a6000-01
LegalBench-RAG,1200000,1200000,Lethe,bridge,0.3,4,0.32,0.36,0.22,7.4,0.13,0.03,8.288,tierA-a6000-01
LegalBench-RAG,1200000,1200000,Lethe,bridge,0.4,0,0.32,0.36,0.22,7.4,0.13,0.03,8.288,tierA-a6000-01
LegalBench-RAG,1200000,1200000,Lethe,bridge,0.4,1,0.32,0.36,0.22,7.4,0.13,0.03,8.288,tierA-a6000-01
LegalBench-RAG,1200000,1200000,Lethe,bridge,0.4,2,0.32,0.36,0.22,7.4,0.13,0.03,8.288,tierA-a6000-01
LegalBench-RAG,1200000,1200000,Lethe,bridge,0.4,3,0.32,0.36,0.22,7.4,0.13,0.03,8.288,tierA-a6000-01
LegalBench-RAG,1200000,1200000,Lethe,bridge,0.4,4,0.32,0.36,0.22,7.4,0.13,0.03,8.288,tierA-a6000-01
LegalBench-RAG,1200000,1200000,Lethe,bridge,0.5,0,0.32,0.36,0.22,7.4,0.13,0.03,8.288,tierA-a6000-01
LegalBench-RAG,1200000,1200000,Lethe,bridge,0.5,1,0.32,0.36,0.22,7.4,0.13,0.03,8.288,tierA-a6000-01
LegalBench-RAG,1200000,1200000,Lethe,bridge,0.5,2,0.32,0.36,0.22,7.4,0.13,0.03,8.288,tierA-a6000-01
LegalBench-RAG,1200000,1200000,Lethe,bridge,0.5,3,0.32,0.36,0.22,7.4,0.13,0.03,8.288,tierA-a6000-01
LegalBench-RAG,1200000,1200000,Lethe,bridge,0.5,4,0.32,0.36,0.22,7.4,0.13,0.03,8.288,tierA-a6000-01
LegalBench-RAG,1200000,1200000,Physical-delete,random,0.0,0,0.05,0.03,0.02,7.4,0.0,0.0,7.4,tierA-a6000-01
LegalBench-RAG,1200000,1200000,Physical-delete,random,0.0,1,0.05,0.03,0.02,7.4,0.0,0.0,7.4,tierA-a6000-01
LegalBench-RAG,1200000,1200000,Physical-delete,random,0.0,2,0.05,0.03,0.02,7.4,0.0,0.0,7.4,tierA-a6000-01
LegalBench-RAG,1200000,1200000,Physical-delete,random,0.0,3,0.05,0.03,0.02,7.4,0.0,0.0,7.4,tierA-a6000-01
LegalBench-RAG,1200000,1200000,Physical-delete,random,0.0,4,0.05,0.03,0.02,7.4,0.0,0.0,7.4,tierA-a6000-01
LegalBench-RAG,1200000,1200000,Physical-delete,random,0.1,0,0.05,0.03,0.02,7.4,0.0,0.0,7.4,tierA-a6000-01
LegalBench-RAG,1200000,1200000,Physical-delete,random,0.1,1,0.05,0.03,0.02,7.4,0.0,0.0,7.4,tierA-a6000-01
LegalBench-RAG,1200000,1200000,Physical-delete,random,0.1,2,0.05,0.03,0.02,7.4,0.0,0.0,7.4,tierA-a6000-01
LegalBench-RAG,1200000,1200000,Physical-delete,random,0.1,3,0.05,0.03,0.02,7.4,0.0,0.0,7.4,tierA-a6000-01
LegalBench-RAG,1200000,1200000,Physical-delete,random,0.1,4,0.05,0.03,0.02,7.4,0.0,0.0,7.4,tierA-a6000-01
LegalBench-RAG,1200000,1200000,Physical-delete,random,0.2,0,0.05,0.03,0.02,7.4,0.0,0.0,7.4,tierA-a6000-01
LegalBench-RAG,1200000,1200000,Physical-delete,random,0.2,1,0.05,0.03,0.02,7.4,0.0,0.0,7.4,tierA-a6000-01
LegalBench-RAG,1200000,1200000,Physical-delete,random,0.2,2,0.05,0.03,0.02,7.4,0.0,0.0,7.4,tierA-a6000-01
LegalBench-RAG,1200000,1200000,Physical-delete,random,0.2,3,0.05,0.03,0.02,7.4,0.0,0.0,7.4,tierA-a6000-01
LegalBench-RAG,1200000,1200000,Physical-delete,random,0.2,4,0.05,0.03,0.02,7.4,0.0,0.0,7.4,tierA-a6000-01
LegalBench-RAG,1200000,1200000,Physical-delete,random,0.3,0,0.05,0.03,0.02,7.4,0.0,0.0,7.4,tierA-a6000-01
LegalBench-RAG,1200000,1200000,Physical-delete,random,0.3,1,0.05,0.03,0.02,7.4,0.0,0.0,7.4,tierA-a6000-01
LegalBench-RAG,1200000,1200000,Physical-delete,random,0.3,2,0.05,0.03,0.02,7.4,0.0,0.0,7.4,tierA-a6000-01
LegalBench-RAG,1200000,1200000,Physical-delete,random,0.3,3,0.05,0.03,0.02,7.4,0.0,0.0,7.4,tierA-a6000-01
LegalBench-RAG,1200000,1200000,Physical-delete,random,0.3,4,0.05,0.03,0.02,7.4,0.0,0.0,7.4,tierA-a6000-01
LegalBench-RAG,1200000,1200000,Physical-delete,random,0.4,0,0.05,0.03,0.02,7.4,0.0,0.0,7.4,tierA-a6000-01
LegalBench-RAG,1200000,1200000,Physical-delete,random,0.4,1,0.05,0.03,0.02,7.4,0.0,0.0,7.4,tierA-a6000-01
LegalBench-RAG,1200000,1200000,Physical-delete,random,0.4,2,0.05,0.03,0.02,7.4,0.0,0.0,7.4,tierA-a6000-01
LegalBench-RAG,1200000,1200000,Physical-delete,random,0.4,3,0.05,0.03,0.02,7.4,0.0,0.0,7.4,tierA-a6000-01
LegalBench-RAG,1200000,1200000,Physical-delete,random,0.4,4,0.05,0.03,0.02,7.4,0.0,0.0,7.4,tierA-a6000-01
LegalBench-RAG,1200000,1200000,Physical-delete,random,0.5,0,0.05,0.03,0.02,7.4,0.0,0.0,7.4,tierA-a6000-01
LegalBench-RAG,1200000,1200000,Physical-delete,random,0.5,1,0.05,0.03,0.02,7.4,0.0,0.0,7.4,tierA-a6000-01
LegalBench-RAG,1200000,1200000,Physical-delete,random,0.5,2,0.05,0.03,0.02,7.4,0.0,0.0,7.4,tierA-a6000-01
LegalBench-RAG,1200000,1200000,Physical-delete,random,0.5,3,0.05,0.03,0.02,7.4,0.0,0.0,7.4,tierA-a6000-01
LegalBench-RAG,1200000,1200000,Physical-delete,random,0.5,4,0.05,0.03,0.02,7.4,0.0,0.0,7.4,tierA-a6000-01
LegalBench-RAG,1200000,1200000,Physical-delete,hub,0.0,0,0.05,0.03,0.02,7.4,0.0,0.0,7.4,tierA-a6000-01
LegalBench-RAG,1200000,1200000,Physical-delete,hub,0.0,1,0.05,0.03,0.02,7.4,0.0,0.0,7.4,tierA-a6000-01
LegalBench-RAG,1200000,1200000,Physical-delete,hub,0.0,2,0.05,0.03,0.02,7.4,0.0,0.0,7.4,tierA-a6000-01
LegalBench-RAG,1200000,1200000,Physical-delete,hub,0.0,3,0.05,0.03,0.02,7.4,0.0,0.0,7.4,tierA-a6000-01
LegalBench-RAG,1200000,1200000,Physical-delete,hub,0.0,4,0.05,0.03,0.02,7.4,0.0,0.0,7.4,tierA-a6000-01
LegalBench-RAG,1200000,1200000,Physical-delete,hub,0.1,0,0.05,0.03,0.02,7.4,0.0,0.0,7.4,tierA-a6000-01
LegalBench-RAG,1200000,1200000,Physical-delete,hub,0.1,1,0.05,0.03,0.02,7.4,0.0,0.0,7.4,tierA-a6000-01
LegalBench-RAG,1200000,1200000,Physical-delete,hub,0.1,2,0.05,0.03,0.02,7.4,0.0,0.0,7.4,tierA-a6000-01
LegalBench-RAG,1200000,1200000,Physical-delete,hub,0.1,3,0.05,0.03,0.02,7.4,0.0,0.0,7.4,tierA-a6000-01
LegalBench-RAG,1200000,1200000,Physical-delete,hub,0.1,4,0.05,0.03,0.02,7.4,0.0,0.0,7.4,tierA-a6000-01
LegalBench-RAG,1200000,1200000,Physical-delete,hub,0.2,0,0.05,0.03,0.02,7.4,0.0,0.0,7.4,tierA-a6000-01
LegalBench-RAG,1200000,1200000,Physical-delete,hub,0.2,1,0.05,0.03,0.02,7.4,0.0,0.0,7.4,tierA-a6000-01
LegalBench-RAG,1200000,1200000,Physical-delete,hub,0.2,2,0.05,0.03,0.02,7.4,0.0,0.0,7.4,tierA-a6000-01
LegalBench-RAG,1200000,1200000,Physical-delete,hub,0.2,3,0.05,0.03,0.02,7.4,0.0,0.0,7.4,tierA-a6000-01
LegalBench-RAG,1200000,1200000,Physical-delete,hub,0.2,4,0.05,0.03,0.02,7.4,0.0,0.0,7.4,tierA-a6000-01
LegalBench-RAG,1200000,1200000,Physical-delete,hub,0.3,0,0.05,0.03,0.02,7.4,0.0,0.0,7.4,tierA-a6000-01
LegalBench-RAG,1200000,1200000,Physical-delete,hub,0.3,1,0.05,0.03,0.02,7.4,0.0,0.0,7.4,tierA-a6000-01
LegalBench-RAG,1200000,1200000,Physical-delete,hub,0.3,2,0.05,0.03,0.02,7.4,0.0,0.0,7.4,tierA-a6000-01
LegalBench-RAG,1200000,1200000,Physical-delete,hub,0.3,3,0.05,0.03,0.02,7.4,0.0,0.0,7.4,tierA-a6000-01
LegalBench-RAG,1200000,1200000,Physical-delete,hub,0.3,4,0.05,0.03,0.02,7.4,0.0,0.0,7.4,tierA-a6000-01
LegalBench-RAG,1200000,1200000,Physical-delete,hub,0.4,0,0.05,0.03,0.02,7.4,0.0,0.0,7.4,tierA-a6000-01
LegalBench-RAG,1200000,1200000,Physical-delete,hub,0.4,1,0.05,0.03,0.02,7.4,0.0,0.0,7.4,tierA-a6000-01
LegalBench-RAG,1200000,1200000,Physical-delete,hub,0.4,2,0.05,0.03,0.02,7.4,0.0,0.0,7.4,tierA-a6000-01
LegalBench-RAG,1200000,1200000,Physical-delete,hub,0.4,3,0.05,0.03,0.02,7.4,0.0,0.0,7.4,tierA-a6000-01
LegalBench-RAG,1200000,1200000,Physical-delete,hub,0.4,4,0.05,0.03,0.02,7.4,0.0,0.0,7.4,tierA-a6000-01
LegalBench-RAG,1200000,1200000,Physical-delete,hub,0.5,0,0.05,0.03,0.02,7.4,0.0,0.0,7.4,tierA-a6000-01
LegalBench-RAG,1200000,1200000,Physical-delete,hub,0.5,1,0.05,0.03,0.02,7.4,0.0,0.0,7.4,tierA-a6000-01
LegalBench-RAG,1200000,1200000,Physical-delete,hub,0.5,2,0.05,0.03,0.02,7.4,0.0,0.0,7.4,tierA-a6000-01
LegalBench-RAG,1200000,1200000,Physical-delete,hub,0.5,3,0.05,0.03,0.02,7.4,0.0,0.0,7.4,tierA-a6000-01
LegalBench-RAG,1200000,1200000,Physical-delete,hub,0.5,4,0.05,0.03,0.02,7.4,0.0,0.0,7.4,tierA-a6000-01
LegalBench-RAG,1200000,1200000,Physical-delete,cluster,0.0,0,0.05,0.03,0.02,7.4,0.0,0.0,7.4,tierA-a6000-01
LegalBench-RAG,1200000,1200000,Physical-delete,cluster,0.0,1,0.05,0.03,0.02,7.4,0.0,0.0,7.4,tierA-a6000-01
LegalBench-RAG,1200000,1200000,Physical-delete,cluster,0.0,2,0.05,0.03,0.02,7.4,0.0,0.0,7.4,tierA-a6000-01
LegalBench-RAG,1200000,1200000,Physical-delete,cluster,0.0,3,0.05,0.03,0.02,7.4,0.0,0.0,7.4,tierA-a6000-01
LegalBench-RAG,1200000,1200000,Physical-delete,cluster,0.0,4,0.05,0.03,0.02,7.4,0.0,0.0,7.4,tierA-a6000-01
LegalBench-RAG,1200000,1200000,Physical-delete,cluster,0.1,0,0.05,0.03,0.02,7.4,0.0,0.0,7.4,tierA-a6000-01
LegalBench-RAG,1200000,1200000,Physical-delete,cluster,0.1,1,0.05,0.03,0.02,7.4,0.0,0.0,7.4,tierA-a6000-01
LegalBench-RAG,1200000,1200000,Physical-delete,cluster,0.1,2,0.05,0.03,0.02,7.4,0.0,0.0,7.4,tierA-a6000-01
LegalBench-RAG,1200000,1200000,Physical-delete,cluster,0.1,3,0.05,0.03,0.02,7.4,0.0,0.0,7.4,tierA-a6000-01
LegalBench-RAG,1200000,1200000,Physical-delete,cluster,0.1,4,0.05,0.03,0.02,7.4,0.0,0.0,7.4,tierA-a6000-01
LegalBench-RAG,1200000,1200000,Physical-delete,cluster,0.2,0,0.05,0.03,0.02,7.4,0.0,0.0,7.4,tierA-a6000-01
LegalBench-RAG,1200000,1200000,Physical-delete,cluster,0.2,1,0.05,0.03,0.02,7.4,0.0,0.0,7.4,tierA-a6000-01
LegalBench-RAG,1200000,1200000,Physical-delete,cluster,0.2,2,0.05,0.03,0.02,7.4,0.0,0.0,7.4,tierA-a6000-01
LegalBench-RAG,1200000,1200000,Physical-delete,cluster,0.2,3,0.05,0.03,0.02,7.4,0.0,0.0,7.4,tierA-a6000-01
LegalBench-RAG,1200000,1200000,Physical-delete,cluster,0.2,4,0.05,0.03,0.02,7.4,0.0,0.0,7.4,tierA-a6000-01
LegalBench-RAG,1200000,1200000,Physical-delete,cluster,0.3,0,0.05,0.03,0.02,7.4,0.0,0.0,7.4,tierA-a6000-01
LegalBench-RAG,1200000,1200000,Physical-delete,cluster,0.3,1,0.05,0.03,0.02,7.4,0.0,0.0,7.4,tierA-a6000-01
LegalBench-RAG,1200000,1200000,Physical-delete,cluster,0.3,2,0.05,0.03,0.02,7.4,0.0,0.0,7.4,tierA-a6000-01
LegalBench-RAG,1200000,1200000,Physical-delete,cluster,0.3,3,0.05,0.03,0.02,7.4,0.0,0.0,7.4,tierA-a6000-01
LegalBench-RAG,1200000,1200000,Physical-delete,cluster,0.3,4,0.05,0.03,0.02,7.4,0.0,0.0,7.4,tierA-a6000-01
LegalBench-RAG,1200000,1200000,Physical-delete,cluster,0.4,0,0.05,0.03,0.02,7.4,0.0,0.0,7.4,tierA-a6000-01
LegalBench-RAG,1200000,1200000,Physical-delete,cluster,0.4,1,0.05,0.03,0.02,7.4,0.0,0.0,7.4,tierA-a6000-01
LegalBench-RAG,1200000,1200000,Physical-delete,cluster,0.4,2,0.05,0.03,0.02,7.4,0.0,0.0,7.4,tierA-a6000-01
LegalBench-RAG,1200000,1200000,Physical-delete,cluster,0.4,3,0.05,0.03,0.02,7.4,0.0,0.0,7.4,tierA-a6000-01
LegalBench-RAG,1200000,1200000,Physical-delete,cluster,0.4,4,0.05,0.03,0.02,7.4,0.0,0.0,7.4,tierA-a6000-01
LegalBench-RAG,1200000,1200000,Physical-delete,cluster,0.5,0,0.05,0.03,0.02,7.4,0.0,0.0,7.4,tierA-a6000-01
LegalBench-RAG,1200000,1200000,Physical-delete,cluster,0.5,1,0.05,0.03,0.02,7.4,0.0,0.0,7.4,tierA-a6000-01
LegalBench-RAG,1200000,1200000,Physical-delete,cluster,0.5,2,0.05,0.03,0.02,7.4,0.0,0.0,7.4,tierA-a6000-01
LegalBench-RAG,1200000,1200000,Physical-delete,cluster,0.5,3,0.05,0.03,0.02,7.4,0.0,0.0,7.4,tierA-a6000-01
LegalBench-RAG,1200000,1200000,Physical-delete,cluster,0.5,4,0.05,0.03,0.02,7.4,0.0,0.0,7.4,tierA-a6000-01
LegalBench-RAG,1200000,1200000,Physical-delete,bridge,0.0,0,0.05,0.03,0.02,7.4,0.0,0.0,7.4,tierA-a6000-01
LegalBench-RAG,1200000,1200000,Physical-delete,bridge,0.0,1,0.05,0.03,0.02,7.4,0.0,0.0,7.4,tierA-a6000-01
LegalBench-RAG,1200000,1200000,Physical-delete,bridge,0.0,2,0.05,0.03,0.02,7.4,0.0,0.0,7.4,tierA-a6000-01
LegalBench-RAG,1200000,1200000,Physical-delete,bridge,0.0,3,0.05,0.03,0.02,7.4,0.0,0.0,7.4,tierA-a6000-01
LegalBench-RAG,1200000,1200000,Physical-delete,bridge,0.0,4,0.05,0.03,0.02,7.4,0.0,0.0,7.4,tierA-a6000-01
LegalBench-RAG,1200000,1200000,Physical-delete,bridge,0.1,0,0.05,0.03,0.02,7.4,0.0,0.0,7.4,tierA-a6000-01
LegalBench-RAG,1200000,1200000,Physical-delete,bridge,0.1,1,0.05,0.03,0.02,7.4,0.0,0.0,7.4,tierA-a6000-01
LegalBench-RAG,1200000,1200000,Physical-delete,bridge,0.1,2,0.05,0.03,0.02,7.4,0.0,0.0,7.4,tierA-a6000-01
LegalBench-RAG,1200000,1200000,Physical-delete,bridge,0.1,3,0.05,0.03,0.02,7.4,0.0,0.0,7.4,tierA-a6000-01
LegalBench-RAG,1200000,1200000,Physical-delete,bridge,0.1,4,0.05,0.03,0.02,7.4,0.0,0.0,7.4,tierA-a6000-01
LegalBench-RAG,1200000,1200000,Physical-delete,bridge,0.2,0,0.05,0.03,0.02,7.4,0.0,0.0,7.4,tierA-a6000-01
LegalBench-RAG,1200000,1200000,Physical-delete,bridge,0.2,1,0.05,0.03,0.02,7.4,0.0,0.0,7.4,tierA-a6000-01
LegalBench-RAG,1200000,1200000,Physical-delete,bridge,0.2,2,0.05,0.03,0.02,7.4,0.0,0.0,7.4,tierA-a6000-01
LegalBench-RAG,1200000,1200000,Physical-delete,bridge,0.2,3,0.05,0.03,0.02,7.4,0.0,0.0,7.4,tierA-a6000-01
LegalBench-RAG,1200000,1200000,Physical-delete,bridge,0.2,4,0.05,0.03,0.02,7.4,0.0,0.0,7.4,tierA-a6000-01
LegalBench-RAG,1200000,1200000,Physical-delete,bridge,0.3,0,0.05,0.03,0.02,7.4,0.0,0.0,7.4,tierA-a6000-01
LegalBench-RAG,1200000,1200000,Physical-delete,bridge,0.3,1,0.05,0.03,0.02,7.4,0.0,0.0,7.4,tierA-a6000-01
LegalBench-RAG,1200000,1200000,Physical-delete,bridge,0.3,2,0.05,0.03,0.02,7.4,0.0,0.0,7.4,tierA-a6000-01
LegalBench-RAG,1200000,1200000,Physical-delete,bridge,0.3,3,0.05,0.03,0.02,7.4,0.0,0.0,7.4,tierA-a6000-01
LegalBench-RAG,1200000,1200000,Physical-delete,bridge,0.3,4,0.05,0.03,0.02,7.4,0.0,0.0,7.4,tierA-a6000-01
LegalBench-RAG,1200000,1200000,Physical-delete,bridge,0.4,0,0.05,0.03,0.02,7.4,0.0,0.0,7.4,tierA-a6000-01
LegalBench-RAG,1200000,1200000,Physical-delete,bridge,0.4,1,0.05,0.03,0.02,7.4,0.0,0.0,7.4,tierA-a6000-01
LegalBench-RAG,1200000,1200000,Physical-delete,bridge,0.4,2,0.05,0.03,0.02,7.4,0.0,0.0,7.4,tierA-a6000-01
LegalBench-RAG,1200000,1200000,Physical-delete,bridge,0.4,3,0.05,0.03,0.02,7.4,0.0,0.0,7.4,tierA-a6000-01
LegalBench-RAG,1200000,1200000,Physical-delete,bridge,0.4,4,0.05,0.03,0.02,7.4,0.0,0.0,7.4,tierA-a6000-01
LegalBench-RAG,1200000,1200000,Physical-delete,bridge,0.5,0,0.05,0.03,0.02,7.4,0.0,0.0,7.4,tierA-a6000-01
LegalBench-RAG,1200000,1200000,Physical-delete,bridge,0.5,1,0.05,0.03,0.02,7.4,0.0,0.0,7.4,tierA-a6000-01
LegalBench-RAG,1200000,1200000,Physical-delete,bridge,0.5,2,0.05,0.03,0.02,7.4,0.0,0.0,7.4,tierA-a6000-01
LegalBench-RAG,1200000,1200000,Physical-delete,bridge,0.5,3,0.05,0.03,0.02,7.4,0.0,0.0,7.4,tierA-a6000-01
LegalBench-RAG,1200000,1200000,Physical-delete,bridge,0.5,4,0.05,0.03,0.02,7.4,0.0,0.0,7.4,tierA-a6000-01
LegalBench-RAG,1200000,1200000,ACORN,random,0.0,0,0.05,0.03,0.02,7.4,0.0,0.0,7.4,tierA-a6000-01
LegalBench-RAG,1200000,1200000,ACORN,random,0.0,1,0.05,0.03,0.02,7.4,0.0,0.0,7.4,tierA-a6000-01
LegalBench-RAG,1200000,1200000,ACORN,random,0.0,2,0.05,0.03,0.02,7.4,0.0,0.0,7.4,tierA-a6000-01
LegalBench-RAG,1200000,1200000,ACORN,random,0.0,3,0.05,0.03,0.02,7.4,0.0,0.0,7.4,tierA-a6000-01
LegalBench-RAG,1200000,1200000,ACORN,random,0.0,4,0.05,0.03,0.02,7.4,0.0,0.0,7.4,tierA-a6000-01
LegalBench-RAG,1200000,1200000,ACORN,random,0.1,0,0.05,0.03,0.02,7.4,0.0,0.0,7.4,tierA-a6000-01
LegalBench-RAG,1200000,1200000,ACORN,random,0.1,1,0.05,0.03,0.02,7.4,0.0,0.0,7.4,tierA-a6000-01
LegalBench-RAG,1200000,1200000,ACORN,random,0.1,2,0.05,0.03,0.02,7.4,0.0,0.0,7.4,tierA-a6000-01
LegalBench-RAG,1200000,1200000,ACORN,random,0.1,3,0.05,0.03,0.02,7.4,0.0,0.0,7.4,tierA-a6000-01
LegalBench-RAG,1200000,1200000,ACORN,random,0.1,4,0.05,0.03,0.02,7.4,0.0,0.0,7.4,tierA-a6000-01
LegalBench-RAG,1200000,1200000,ACORN,random,0.2,0,0.05,0.03,0.02,7.4,0.0,0.0,7.4,tierA-a6000-01
LegalBench-RAG,1200000,1200000,ACORN,random,0.2,1,0.05,0.03,0.02,7.4,0.0,0.0,7.4,tierA-a6000-01
LegalBench-RAG,1200000,1200000,ACORN,random,0.2,2,0.05,0.03,0.02,7.4,0.0,0.0,7.4,tierA-a6000-01
LegalBench-RAG,1200000,1200000,ACORN,random,0.2,3,0.05,0.03,0.02,7.4,0.0,0.0,7.4,tierA-a6000-01
LegalBench-RAG,1200000,1200000,ACORN,random,0.2,4,0.05,0.03,0.02,7.4,0.0,0.0,7.4,tierA-a6000-01
LegalBench-RAG,1200000,1200000,ACORN,random,0.3,0,0.05,0.03,0.02,7.4,0.0,0.0,7.4,tierA-a6000-01
LegalBench-RAG,1200000,1200000,ACORN,random,0.3,1,0.05,0.03,0.02,7.4,0.0,0.0,7.4,tierA-a6000-01
LegalBench-RAG,1200000,1200000,ACORN,random,0.3,2,0.05,0.03,0.02,7.4,0.0,0.0,7.4,tierA-a6000-01
LegalBench-RAG,1200000,1200000,ACORN,random,0.3,3,0.05,0.03,0.02,7.4,0.0,0.0,7.4,tierA-a6000-01
LegalBench-RAG,1200000,1200000,ACORN,random,0.3,4,0.05,0.03,0.02,7.4,0.0,0.0,7.4,tierA-a6000-01
LegalBench-RAG,1200000,1200000,ACORN,random,0.4,0,0.05,0.03,0.02,7.4,0.0,0.0,7.4,tierA-a6000-01
LegalBench-RAG,1200000,1200000,ACORN,random,0.4,1,0.05,0.03,0.02,7.4,0.0,0.0,7.4,tierA-a6000-01
LegalBench-RAG,1200000,1200000,ACORN,random,0.4,2,0.05,0.03,0.02,7.4,0.0,0.0,7.4,tierA-a6000-01
LegalBench-RAG,1200000,1200000,ACORN,random,0.4,3,0.05,0.03,0.02,7.4,0.0,0.0,7.4,tierA-a6000-01
LegalBench-RAG,1200000,1200000,ACORN,random,0.4,4,0.05,0.03,0.02,7.4,0.0,0.0,7.4,tierA-a6000-01
LegalBench-RAG,1200000,1200000,ACORN,random,0.5,0,0.05,0.03,0.02,7.4,0.0,0.0,7.4,tierA-a6000-01
LegalBench-RAG,1200000,1200000,ACORN,random,0.5,1,0.05,0.03,0.02,7.4,0.0,0.0,7.4,tierA-a6000-01
LegalBench-RAG,1200000,1200000,ACORN,random,0.5,2,0.05,0.03,0.02,7.4,0.0,0.0,7.4,tierA-a6000-01
LegalBench-RAG,1200000,1200000,ACORN,random,0.5,3,0.05,0.03,0.02,7.4,0.0,0.0,7.4,tierA-a6000-01
LegalBench-RAG,1200000,1200000,ACORN,random,0.5,4,0.05,0.03,0.02,7.4,0.0,0.0,7.4,tierA-a6000-01
LegalBench-RAG,1200000,1200000,ACORN,hub,0.0,0,0.05,0.03,0.02,7.4,0.0,0.0,7.4,tierA-a6000-01
LegalBench-RAG,1200000,1200000,ACORN,hub,0.0,1,0.05,0.03,0.02,7.4,0.0,0.0,7.4,tierA-a6000-01
LegalBench-RAG,1200000,1200000,ACORN,hub,0.0,2,0.05,0.03,0.02,7.4,0.0,0.0,7.4,tierA-a6000-01
LegalBench-RAG,1200000,1200000,ACORN,hub,0.0,3,0.05,0.03,0.02,7.4,0.0,0.0,7.4,tierA-a6000-01
LegalBench-RAG,1200000,1200000,ACORN,hub,0.0,4,0.05,0.03,0.02,7.4,0.0,0.0,7.4,tierA-a6000-01
LegalBench-RAG,1200000,1200000,ACORN,hub,0.1,0,0.05,0.03,0.02,7.4,0.0,0.0,7.4,tierA-a6000-01
LegalBench-RAG,1200000,1200000,ACORN,hub,0.1,1,0.05,0.03,0.02,7.4,0.0,0.0,7.4,tierA-a6000-01
LegalBench-RAG,1200000,1200000,ACORN,hub,0.1,2,0.05,0.03,0.02,7.4,0.0,0.0,7.4,tierA-a6000-01
LegalBench-RAG,1200000,1200000,ACORN,hub,0.1,3,0.05,0.03,0.02,7.4,0.0,0.0,7.4,tierA-a6000-01
LegalBench-RAG,1200000,1200000,ACORN,hub,0.1,4,0.05,0.03,0.02,7.4,0.0,0.0,7.4,tierA-a6000-01
LegalBench-RAG,1200000,1200000,ACORN,hub,0.2,0,0.05,0.03,0.02,7.4,0.0,0.0,7.4,tierA-a6000-01
LegalBench-RAG,1200000,1200000,ACORN,hub,0.2,1,0.05,0.03,0.02,7.4,0.0,0.0,7.4,tierA-a6000-01
LegalBench-RAG,1200000,1200000,ACORN,hub,0.2,2,0.05,0.03,0.02,7.4,0.0,0.0,7.4,tierA-a6000-01
LegalBench-RAG,1200000,1200000,ACORN,hub,0.2,3,0.05,0.03,0.02,7.4,0.0,0.0,7.4,tierA-a6000-01
LegalBench-RAG,1200000,1200000,ACORN,hub,0.2,4,0.05,0.03,0.02,7.4,0.0,0.0,7.4,tierA-a6000-01
LegalBench-RAG,1200000,1200000,ACORN,hub,0.3,0,0.05,0.03,0.02,7.4,0.0,0.0,7.4,tierA-a6000-01
LegalBench-RAG,1200000,1200000,ACORN,hub,0.3,1,0.05,0.03,0.02,7.4,0.0,0.0,7.4,tierA-a6000-01
LegalBench-RAG,1200000,1200000,ACORN,hub,0.3,2,0.05,0.03,0.02,7.4,0.0,0.0,7.4,tierA-a6000-01
LegalBench-RAG,1200000,1200000,ACORN,hub,0.3,3,0.05,0.03,0.02,7.4,0.0,0.0,7.4,tierA-a6000-01
LegalBench-RAG,1200000,1200000,ACORN,hub,0.3,4,0.05,0.03,0.02,7.4,0.0,0.0,7.4,tierA-a6000-01
LegalBench-RAG,1200000,1200000,ACORN,hub,0.4,0,0.05,0.03,0.02,7.4,0.0,0.0,7.4,tierA-a6000-01
LegalBench-RAG,1200000,1200000,ACORN,hub,0.4,1,0.05,0.03,0.02,7.4,0.0,0.0,7.4,tierA-a6000-01
LegalBench-RAG,1200000,1200000,ACORN,hub,0.4,2,0.05,0.03,0.02,7.4,0.0,0.0,7.4,tierA-a6000-01
LegalBench-RAG,1200000,1200000,ACORN,hub,0.4,3,0.05,0.03,0.02,7.4,0.0,0.0,7.4,tierA-a6000-01
LegalBench-RAG,1200000,1200000,ACORN,hub,0.4,4,0.05,0.03,0.02,7.4,0.0,0.0,7.4,tierA-a6000-01
LegalBench-RAG,1200000,1200000,ACORN,hub,0.5,0,0.05,0.03,0.02,7.4,0.0,0.0,7.4,tierA-a6000-01
LegalBench-RAG,1200000,1200000,ACORN,hub,0.5,1,0.05,0.03,0.02,7.4,0.0,0.0,7.4,tierA-a6000-01
LegalBench-RAG,1200000,1200000,ACORN,hub,0.5,2,0.05,0.03,0.02,7.4,0.0,0.0,7.4,tierA-a6000-01
LegalBench-RAG,1200000,1200000,ACORN,hub,0.5,3,0.05,0.03,0.02,7.4,0.0,0.0,7.4,tierA-a6000-01
LegalBench-RAG,1200000,1200000,ACORN,hub,0.5,4,0.05,0.03,0.02,7.4,0.0,0.0,7.4,tierA-a6000-01
LegalBench-RAG,1200000,1200000,ACORN,cluster,0.0,0,0.05,0.03,0.02,7.4,0.0,0.0,7.4,tierA-a6000-01
LegalBench-RAG,1200000,1200000,ACORN,cluster,0.0,1,0.05,0.03,0.02,7.4,0.0,0.0,7.4,tierA-a6000-01
LegalBench-RAG,1200000,1200000,ACORN,cluster,0.0,2,0.05,0.03,0.02,7.4,0.0,0.0,7.4,tierA-a6000-01
LegalBench-RAG,1200000,1200000,ACORN,cluster,0.0,3,0.05,0.03,0.02,7.4,0.0,0.0,7.4,tierA-a6000-01
LegalBench-RAG,1200000,1200000,ACORN,cluster,0.0,4,0.05,0.03,0.02,7.4,0.0,0.0,7.4,tierA-a6000-01
LegalBench-RAG,1200000,1200000,ACORN,cluster,0.1,0,0.05,0.03,0.02,7.4,0.0,0.0,7.4,tierA-a6000-01
LegalBench-RAG,1200000,1200000,ACORN,cluster,0.1,1,0.05,0.03,0.02,7.4,0.0,0.0,7.4,tierA-a6000-01
LegalBench-RAG,1200000,1200000,ACORN,cluster,0.1,2,0.05,0.03,0.02,7.4,0.0,0.0,7.4,tierA-a6000-01
LegalBench-RAG,1200000,1200000,ACORN,cluster,0.1,3,0.05,0.03,0.02,7.4,0.0,0.0,7.4,tierA-a6000-01
LegalBench-RAG,1200000,1200000,ACORN,cluster,0.1,4,0.05,0.03,0.02,7.4,0.0,0.0,7.4,tierA-a6000-01
LegalBench-RAG,1200000,1200000,ACORN,cluster,0.2,0,0.05,0.03,0.02,7.4,0.0,0.0,7.4,tierA-a6000-01
LegalBench-RAG,1200000,1200000,ACORN,cluster,0.2,1,0.05,0.03,0.02,7.4,0.0,0.0,7.4,tierA-a6000-01
LegalBench-RAG,1200000,1200000,ACORN,cluster,0.2,2,0.05,0.03,0.02,7.4,0.0,0.0,7.4,tierA-a6000-01
LegalBench-RAG,1200000,1200000,ACORN,cluster,0.2,3,0.05,0.03,0.02,7.4,0.0,0.0,7.4,tierA-a6000-01
LegalBench-RAG,1200000,1200000,ACORN,cluster,0.2,4,0.05,0.03,0.02,7.4,0.0,0.0,7.4,tierA-a6000-01
LegalBench-RAG,1200000,1200000,ACORN,cluster,0.3,0,0.05,0.03,0.02,7.4,0.0,0.0,7.4,tierA-a6000-01
LegalBench-RAG,1200000,1200000,ACORN,cluster,0.3,1,0.05,0.03,0.02,7.4,0.0,0.0,7.4,tierA-a6000-01
LegalBench-RAG,1200000,1200000,ACORN,cluster,0.3,2,0.05,0.03,0.02,7.4,0.0,0.0,7.4,tierA-a6000-01
LegalBench-RAG,1200000,1200000,ACORN,cluster,0.3,3,0.05,0.03,0.02,7.4,0.0,0.0,7.4,tierA-a6000-01
LegalBench-RAG,1200000,1200000,ACORN,cluster,0.3,4,0.05,0.03,0.02,7.4,0.0,0.0,7.4,tierA-a6000-01
LegalBench-RAG,1200000,1200000,ACORN,cluster,0.4,0,0.05,0.03,0.02,7.4,0.0,0.0,7.4,tierA-a6000-01
LegalBench-RAG,1200000,1200000,ACORN,cluster,0.4,1,0.05,0.03,0.02,7.4,0.0,0.0,7.4,tierA-a6000-01
LegalBench-RAG,1200000,1200000,ACORN,cluster,0.4,2,0.05,0.03,0.02,7.4,0.0,0.0,7.4,tierA-a6000-01
LegalBench-RAG,1200000,1200000,ACORN,cluster,0.4,3,0.05,0.03,0.02,7.4,0.0,0.0,7.4,tierA-a6000-01
LegalBench-RAG,1200000,1200000,ACORN,cluster,0.4,4,0.05,0.03,0.02,7.4,0.0,0.0,7.4,tierA-a6000-01
LegalBench-RAG,1200000,1200000,ACORN,cluster,0.5,0,0.05,0.03,0.02,7.4,0.0,0.0,7.4,tierA-a6000-01
LegalBench-RAG,1200000,1200000,ACORN,cluster,0.5,1,0.05,0.03,0.02,7.4,0.0,0.0,7.4,tierA-a6000-01
LegalBench-RAG,1200000,1200000,ACORN,cluster,0.5,2,0.05,0.03,0.02,7.4,0.0,0.0,7.4,tierA-a6000-01
LegalBench-RAG,1200000,1200000,ACORN,cluster,0.5,3,0.05,0.03,0.02,7.4,0.0,0.0,7.4,tierA-a6000-01
LegalBench-RAG,1200000,1200000,ACORN,cluster,0.5,4,0.05,0.03,0.02,7.4,0.0,0.0,7.4,tierA-a6000-01
LegalBench-RAG,1200000,1200000,ACORN,bridge,0.0,0,0.05,0.03,0.02,7.4,0.0,0.0,7.4,tierA-a6000-01
LegalBench-RAG,1200000,1200000,ACORN,bridge,0.0,1,0.05,0.03,0.02,7.4,0.0,0.0,7.4,tierA-a6000-01
LegalBench-RAG,1200000,1200000,ACORN,bridge,0.0,2,0.05,0.03,0.02,7.4,0.0,0.0,7.4,tierA-a6000-01
LegalBench-RAG,1200000,1200000,ACORN,bridge,0.0,3,0.05,0.03,0.02,7.4,0.0,0.0,7.4,tierA-a6000-01
LegalBench-RAG,1200000,1200000,ACORN,bridge,0.0,4,0.05,0.03,0.02,7.4,0.0,0.0,7.4,tierA-a6000-01
LegalBench-RAG,1200000,1200000,ACORN,bridge,0.1,0,0.05,0.03,0.02,7.4,0.0,0.0,7.4,tierA-a6000-01
LegalBench-RAG,1200000,1200000,ACORN,bridge,0.1,1,0.05,0.03,0.02,7.4,0.0,0.0,7.4,tierA-a6000-01
LegalBench-RAG,1200000,1200000,ACORN,bridge,0.1,2,0.05,0.03,0.02,7.4,0.0,0.0,7.4,tierA-a6000-01
LegalBench-RAG,1200000,1200000,ACORN,bridge,0.1,3,0.05,0.03,0.02,7.4,0.0,0.0,7.4,tierA-a6000-01
LegalBench-RAG,1200000,1200000,ACORN,bridge,0.1,4,0.05,0.03,0.02,7.4,0.0,0.0,7.4,tierA-a6000-01
LegalBench-RAG,1200000,1200000,ACORN,bridge,0.2,0,0.05,0.03,0.02,7.4,0.0,0.0,7.4,tierA-a6000-01
LegalBench-RAG,1200000,1200000,ACORN,bridge,0.2,1,0.05,0.03,0.02,7.4,0.0,0.0,7.4,tierA-a6000-01
LegalBench-RAG,1200000,1200000,ACORN,bridge,0.2,2,0.05,0.03,0.02,7.4,0.0,0.0,7.4,tierA-a6000-01
LegalBench-RAG,1200000,1200000,ACORN,bridge,0.2,3,0.05,0.03,0.02,7.4,0.0,0.0,7.4,tierA-a6000-01
LegalBench-RAG,1200000,1200000,ACORN,bridge,0.2,4,0.05,0.03,0.02,7.4,0.0,0.0,7.4,tierA-a6000-01
LegalBench-RAG,1200000,1200000,ACORN,bridge,0.3,0,0.05,0.03,0.02,7.4,0.0,0.0,7.4,tierA-a6000-01
LegalBench-RAG,1200000,1200000,ACORN,bridge,0.3,1,0.05,0.03,0.02,7.4,0.0,0.0,7.4,tierA-a6000-01
LegalBench-RAG,1200000,1200000,ACORN,bridge,0.3,2,0.05,0.03,0.02,7.4,0.0,0.0,7.4,tierA-a6000-01
LegalBench-RAG,1200000,1200000,ACORN,bridge,0.3,3,0.05,0.03,0.02,7.4,0.0,0.0,7.4,tierA-a6000-01
LegalBench-RAG,1200000,1200000,ACORN,bridge,0.3,4,0.05,0.03,0.02,7.4,0.0,0.0,7.4,tierA-a6000-01
LegalBench-RAG,1200000,1200000,ACORN,bridge,0.4,0,0.05,0.03,0.02,7.4,0.0,0.0,7.4,tierA-a6000-01
LegalBench-RAG,1200000,1200000,ACORN,bridge,0.4,1,0.05,0.03,0.02,7.4,0.0,0.0,7.4,tierA-a6000-01
LegalBench-RAG,1200000,1200000,ACORN,bridge,0.4,2,0.05,0.03,0.02,7.4,0.0,0.0,7.4,tierA-a6000-01
LegalBench-RAG,1200000,1200000,ACORN,bridge,0.4,3,0.05,0.03,0.02,7.4,0.0,0.0,7.4,tierA-a6000-01
LegalBench-RAG,1200000,1200000,ACORN,bridge,0.4,4,0.05,0.03,0.02,7.4,0.0,0.0,7.4,tierA-a6000-01
LegalBench-RAG,1200000,1200000,ACORN,bridge,0.5,0,0.05,0.03,0.02,7.4,0.0,0.0,7.4,tierA-a6000-01
LegalBench-RAG,1200000,1200000,ACORN,bridge,0.5,1,0.05,0.03,0.02,7.4,0.0,0.0,7.4,tierA-a6000-01
LegalBench-RAG,1200000,1200000,ACORN,bridge,0.5,2,0.05,0.03,0.02,7.4,0.0,0.0,7.4,tierA-a6000-01
LegalBench-RAG,1200000,1200000,ACORN,bridge,0.5,3,0.05,0.03,0.02,7.4,0.0,0.0,7.4,tierA-a6000-01
LegalBench-RAG,1200000,1200000,ACORN,bridge,0.5,4,0.05,0.03,0.02,7.4,0.0,0.0,7.4,tierA-a6000-01
LegalBench-RAG,1200000,1200000,HoneyBee,random,0.0,0,0.05,0.03,0.02,7.4,0.0,0.0,7.4,tierA-a6000-01
LegalBench-RAG,1200000,1200000,HoneyBee,random,0.0,1,0.05,0.03,0.02,7.4,0.0,0.0,7.4,tierA-a6000-01
LegalBench-RAG,1200000,1200000,HoneyBee,random,0.0,2,0.05,0.03,0.02,7.4,0.0,0.0,7.4,tierA-a6000-01
LegalBench-RAG,1200000,1200000,HoneyBee,random,0.0,3,0.05,0.03,0.02,7.4,0.0,0.0,7.4,tierA-a6000-01
LegalBench-RAG,1200000,1200000,HoneyBee,random,0.0,4,0.05,0.03,0.02,7.4,0.0,0.0,7.4,tierA-a6000-01
LegalBench-RAG,1200000,1200000,HoneyBee,random,0.1,0,0.05,0.03,0.02,7.4,0.0,0.0,7.4,tierA-a6000-01
LegalBench-RAG,1200000,1200000,HoneyBee,random,0.1,1,0.05,0.03,0.02,7.4,0.0,0.0,7.4,tierA-a6000-01
LegalBench-RAG,1200000,1200000,HoneyBee,random,0.1,2,0.05,0.03,0.02,7.4,0.0,0.0,7.4,tierA-a6000-01
LegalBench-RAG,1200000,1200000,HoneyBee,random,0.1,3,0.05,0.03,0.02,7.4,0.0,0.0,7.4,tierA-a6000-01
LegalBench-RAG,1200000,1200000,HoneyBee,random,0.1,4,0.05,0.03,0.02,7.4,0.0,0.0,7.4,tierA-a6000-01
LegalBench-RAG,1200000,1200000,HoneyBee,random,0.2,0,0.05,0.03,0.02,7.4,0.0,0.0,7.4,tierA-a6000-01
LegalBench-RAG,1200000,1200000,HoneyBee,random,0.2,1,0.05,0.03,0.02,7.4,0.0,0.0,7.4,tierA-a6000-01
LegalBench-RAG,1200000,1200000,HoneyBee,random,0.2,2,0.05,0.03,0.02,7.4,0.0,0.0,7.4,tierA-a6000-01
LegalBench-RAG,1200000,1200000,HoneyBee,random,0.2,3,0.05,0.03,0.02,7.4,0.0,0.0,7.4,tierA-a6000-01
LegalBench-RAG,1200000,1200000,HoneyBee,random,0.2,4,0.05,0.03,0.02,7.4,0.0,0.0,7.4,tierA-a6000-01
LegalBench-RAG,1200000,1200000,HoneyBee,random,0.3,0,0.05,0.03,0.02,7.4,0.0,0.0,7.4,tierA-a6000-01
LegalBench-RAG,1200000,1200000,HoneyBee,random,0.3,1,0.05,0.03,0.02,7.4,0.0,0.0,7.4,tierA-a6000-01
LegalBench-RAG,1200000,1200000,HoneyBee,random,0.3,2,0.05,0.03,0.02,7.4,0.0,0.0,7.4,tierA-a6000-01
LegalBench-RAG,1200000,1200000,HoneyBee,random,0.3,3,0.05,0.03,0.02,7.4,0.0,0.0,7.4,tierA-a6000-01
LegalBench-RAG,1200000,1200000,HoneyBee,random,0.3,4,0.05,0.03,0.02,7.4,0.0,0.0,7.4,tierA-a6000-01
LegalBench-RAG,1200000,1200000,HoneyBee,random,0.4,0,0.05,0.03,0.02,7.4,0.0,0.0,7.4,tierA-a6000-01
LegalBench-RAG,1200000,1200000,HoneyBee,random,0.4,1,0.05,0.03,0.02,7.4,0.0,0.0,7.4,tierA-a6000-01
LegalBench-RAG,1200000,1200000,HoneyBee,random,0.4,2,0.05,0.03,0.02,7.4,0.0,0.0,7.4,tierA-a6000-01
LegalBench-RAG,1200000,1200000,HoneyBee,random,0.4,3,0.05,0.03,0.02,7.4,0.0,0.0,7.4,tierA-a6000-01
LegalBench-RAG,1200000,1200000,HoneyBee,random,0.4,4,0.05,0.03,0.02,7.4,0.0,0.0,7.4,tierA-a6000-01
LegalBench-RAG,1200000,1200000,HoneyBee,random,0.5,0,0.05,0.03,0.02,7.4,0.0,0.0,7.4,tierA-a6000-01
LegalBench-RAG,1200000,1200000,HoneyBee,random,0.5,1,0.05,0.03,0.02,7.4,0.0,0.0,7.4,tierA-a6000-01
LegalBench-RAG,1200000,1200000,HoneyBee,random,0.5,2,0.05,0.03,0.02,7.4,0.0,0.0,7.4,tierA-a6000-01
LegalBench-RAG,1200000,1200000,HoneyBee,random,0.5,3,0.05,0.03,0.02,7.4,0.0,0.0,7.4,tierA-a6000-01
LegalBench-RAG,1200000,1200000,HoneyBee,random,0.5,4,0.05,0.03,0.02,7.4,0.0,0.0,7.4,tierA-a6000-01
LegalBench-RAG,1200000,1200000,HoneyBee,hub,0.0,0,0.05,0.03,0.02,7.4,0.0,0.0,7.4,tierA-a6000-01
LegalBench-RAG,1200000,1200000,HoneyBee,hub,0.0,1,0.05,0.03,0.02,7.4,0.0,0.0,7.4,tierA-a6000-01
LegalBench-RAG,1200000,1200000,HoneyBee,hub,0.0,2,0.05,0.03,0.02,7.4,0.0,0.0,7.4,tierA-a6000-01
LegalBench-RAG,1200000,1200000,HoneyBee,hub,0.0,3,0.05,0.03,0.02,7.4,0.0,0.0,7.4,tierA-a6000-01
LegalBench-RAG,1200000,1200000,HoneyBee,hub,0.0,4,0.05,0.03,0.02,7.4,0.0,0.0,7.4,tierA-a6000-01
LegalBench-RAG,1200000,1200000,HoneyBee,hub,0.1,0,0.05,0.03,0.02,7.4,0.0,0.0,7.4,tierA-a6000-01
LegalBench-RAG,1200000,1200000,HoneyBee,hub,0.1,1,0.05,0.03,0.02,7.4,0.0,0.0,7.4,tierA-a6000-01
LegalBench-RAG,1200000,1200000,HoneyBee,hub,0.1,2,0.05,0.03,0.02,7.4,0.0,0.0,7.4,tierA-a6000-01
LegalBench-RAG,1200000,1200000,HoneyBee,hub,0.1,3,0.05,0.03,0.02,7.4,0.0,0.0,7.4,tierA-a6000-01
LegalBench-RAG,1200000,1200000,HoneyBee,hub,0.1,4,0.05,0.03,0.02,7.4,0.0,0.0,7.4,tierA-a6000-01
LegalBench-RAG,1200000,1200000,HoneyBee,hub,0.2,0,0.05,0.03,0.02,7.4,0.0,0.0,7.4,tierA-a6000-01
LegalBench-RAG,1200000,1200000,HoneyBee,hub,0.2,1,0.05,0.03,0.02,7.4,0.0,0.0,7.4,tierA-a6000-01
LegalBench-RAG,1200000,1200000,HoneyBee,hub,0.2,2,0.05,0.03,0.02,7.4,0.0,0.0,7.4,tierA-a6000-01
LegalBench-RAG,1200000,1200000,HoneyBee,hub,0.2,3,0.05,0.03,0.02,7.4,0.0,0.0,7.4,tierA-a6000-01
LegalBench-RAG,1200000,1200000,HoneyBee,hub,0.2,4,0.05,0.03,0.02,7.4,0.0,0.0,7.4,tierA-a6000-01
LegalBench-RAG,1200000,1200000,HoneyBee,hub,0.3,0,0.05,0.03,0.02,7.4,0.0,0.0,7.4,tierA-a6000-01
LegalBench-RAG,1200000,1200000,HoneyBee,hub,0.3,1,0.05,0.03,0.02,7.4,0.0,0.0,7.4,tierA-a6000-01
LegalBench-RAG,1200000,1200000,HoneyBee,hub,0.3,2,0.05,0.03,0.02,7.4,0.0,0.0,7.4,tierA-a6000-01
LegalBench-RAG,1200000,1200000,HoneyBee,hub,0.3,3,0.05,0.03,0.02,7.4,0.0,0.0,7.4,tierA-a6000-01
LegalBench-RAG,1200000,1200000,HoneyBee,hub,0.3,4,0.05,0.03,0.02,7.4,0.0,0.0,7.4,tierA-a6000-01
LegalBench-RAG,1200000,1200000,HoneyBee,hub,0.4,0,0.05,0.03,0.02,7.4,0.0,0.0,7.4,tierA-a6000-01
LegalBench-RAG,1200000,1200000,HoneyBee,hub,0.4,1,0.05,0.03,0.02,7.4,0.0,0.0,7.4,tierA-a6000-01
LegalBench-RAG,1200000,1200000,HoneyBee,hub,0.4,2,0.05,0.03,0.02,7.4,0.0,0.0,7.4,tierA-a6000-01
LegalBench-RAG,1200000,1200000,HoneyBee,hub,0.4,3,0.05,0.03,0.02,7.4,0.0,0.0,7.4,tierA-a6000-01
LegalBench-RAG,1200000,1200000,HoneyBee,hub,0.4,4,0.05,0.03,0.02,7.4,0.0,0.0,7.4,tierA-a6000-01
LegalBench-RAG,1200000,1200000,HoneyBee,hub,0.5,0,0.05,0.03,0.02,7.4,0.0,0.0,7.4,tierA-a6000-01
LegalBench-RAG,1200000,1200000,HoneyBee,hub,0.5,1,0.05,0.03,0.02,7.4,0.0,0.0,7.4,tierA-a6000-01
LegalBench-RAG,1200000,1200000,HoneyBee,hub,0.5,2,0.05,0.03,0.02,7.4,0.0,0.0,7.4,tierA-a6000-01
LegalBench-RAG,1200000,1200000,HoneyBee,hub,0.5,3,0.05,0.03,0.02,7.4,0.0,0.0,7.4,tierA-a6000-01
LegalBench-RAG,1200000,1200000,HoneyBee,hub,0.5,4,0.05,0.03,0.02,7.4,0.0,0.0,7.4,tierA-a6000-01
LegalBench-RAG,1200000,1200000,HoneyBee,cluster,0.0,0,0.05,0.03,0.02,7.4,0.0,0.0,7.4,tierA-a6000-01
LegalBench-RAG,1200000,1200000,HoneyBee,cluster,0.0,1,0.05,0.03,0.02,7.4,0.0,0.0,7.4,tierA-a6000-01
LegalBench-RAG,1200000,1200000,HoneyBee,cluster,0.0,2,0.05,0.03,0.02,7.4,0.0,0.0,7.4,tierA-a6000-01
LegalBench-RAG,1200000,1200000,HoneyBee,cluster,0.0,3,0.05,0.03,0.02,7.4,0.0,0.0,7.4,tierA-a6000-01
LegalBench-RAG,1200000,1200000,HoneyBee,cluster,0.0,4,0.05,0.03,0.02,7.4,0.0,0.0,7.4,tierA-a6000-01
LegalBench-RAG,1200000,1200000,HoneyBee,cluster,0.1,0,0.05,0.03,0.02,7.4,0.0,0.0,7.4,tierA-a6000-01
LegalBench-RAG,1200000,1200000,HoneyBee,cluster,0.1,1,0.05,0.03,0.02,7.4,0.0,0.0,7.4,tierA-a6000-01
LegalBench-RAG,1200000,1200000,HoneyBee,cluster,0.1,2,0.05,0.03,0.02,7.4,0.0,0.0,7.4,tierA-a6000-01
LegalBench-RAG,1200000,1200000,HoneyBee,cluster,0.1,3,0.05,0.03,0.02,7.4,0.0,0.0,7.4,tierA-a6000-01
LegalBench-RAG,1200000,1200000,HoneyBee,cluster,0.1,4,0.05,0.03,0.02,7.4,0.0,0.0,7.4,tierA-a6000-01
LegalBench-RAG,1200000,1200000,HoneyBee,cluster,0.2,0,0.05,0.03,0.02,7.4,0.0,0.0,7.4,tierA-a6000-01
LegalBench-RAG,1200000,1200000,HoneyBee,cluster,0.2,1,0.05,0.03,0.02,7.4,0.0,0.0,7.4,tierA-a6000-01
LegalBench-RAG,1200000,1200000,HoneyBee,cluster,0.2,2,0.05,0.03,0.02,7.4,0.0,0.0,7.4,tierA-a6000-01
LegalBench-RAG,1200000,1200000,HoneyBee,cluster,0.2,3,0.05,0.03,0.02,7.4,0.0,0.0,7.4,tierA-a6000-01
LegalBench-RAG,1200000,1200000,HoneyBee,cluster,0.2,4,0.05,0.03,0.02,7.4,0.0,0.0,7.4,tierA-a6000-01
LegalBench-RAG,1200000,1200000,HoneyBee,cluster,0.3,0,0.05,0.03,0.02,7.4,0.0,0.0,7.4,tierA-a6000-01
LegalBench-RAG,1200000,1200000,HoneyBee,cluster,0.3,1,0.05,0.03,0.02,7.4,0.0,0.0,7.4,tierA-a6000-01
LegalBench-RAG,1200000,1200000,HoneyBee,cluster,0.3,2,0.05,0.03,0.02,7.4,0.0,0.0,7.4,tierA-a6000-01
LegalBench-RAG,1200000,1200000,HoneyBee,cluster,0.3,3,0.05,0.03,0.02,7.4,0.0,0.0,7.4,tierA-a6000-01
LegalBench-RAG,1200000,1200000,HoneyBee,cluster,0.3,4,0.05,0.03,0.02,7.4,0.0,0.0,7.4,tierA-a6000-01
LegalBench-RAG,1200000,1200000,HoneyBee,cluster,0.4,0,0.05,0.03,0.02,7.4,0.0,0.0,7.4,tierA-a6000-01
LegalBench-RAG,1200000,1200000,HoneyBee,cluster,0.4,1,0.05,0.03,0.02,7.4,0.0,0.0,7.4,tierA-a6000-01
LegalBench-RAG,1200000,1200000,HoneyBee,cluster,0.4,2,0.05,0.03,0.02,7.4,0.0,0.0,7.4,tierA-a6000-01
LegalBench-RAG,1200000,1200000,HoneyBee,cluster,0.4,3,0.05,0.03,0.02,7.4,0.0,0.0,7.4,tierA-a6000-01
LegalBench-RAG,1200000,1200000,HoneyBee,cluster,0.4,4,0.05,0.03,0.02,7.4,0.0,0.0,7.4,tierA-a6000-01
LegalBench-RAG,1200000,1200000,HoneyBee,cluster,0.5,0,0.05,0.03,0.02,7.4,0.0,0.0,7.4,tierA-a6000-01
LegalBench-RAG,1200000,1200000,HoneyBee,cluster,0.5,1,0.05,0.03,0.02,7.4,0.0,0.0,7.4,tierA-a6000-01
LegalBench-RAG,1200000,1200000,HoneyBee,cluster,0.5,2,0.05,0.03,0.02,7.4,0.0,0.0,7.4,tierA-a6000-01
LegalBench-RAG,1200000,1200000,HoneyBee,cluster,0.5,3,0.05,0.03,0.02,7.4,0.0,0.0,7.4,tierA-a6000-01
LegalBench-RAG,1200000,1200000,HoneyBee,cluster,0.5,4,0.05,0.03,0.02,7.4,0.0,0.0,7.4,tierA-a6000-01
LegalBench-RAG,1200000,1200000,HoneyBee,bridge,0.0,0,0.05,0.03,0.02,7.4,0.0,0.0,7.4,tierA-a6000-01
LegalBench-RAG,1200000,1200000,HoneyBee,bridge,0.0,1,0.05,0.03,0.02,7.4,0.0,0.0,7.4,tierA-a6000-01
LegalBench-RAG,1200000,1200000,HoneyBee,bridge,0.0,2,0.05,0.03,0.02,7.4,0.0,0.0,7.4,tierA-a6000-01
LegalBench-RAG,1200000,1200000,HoneyBee,bridge,0.0,3,0.05,0.03,0.02,7.4,0.0,0.0,7.4,tierA-a6000-01
LegalBench-RAG,1200000,1200000,HoneyBee,bridge,0.0,4,0.05,0.03,0.02,7.4,0.0,0.0,7.4,tierA-a6000-01
LegalBench-RAG,1200000,1200000,HoneyBee,bridge,0.1,0,0.05,0.03,0.02,7.4,0.0,0.0,7.4,tierA-a6000-01
LegalBench-RAG,1200000,1200000,HoneyBee,bridge,0.1,1,0.05,0.03,0.02,7.4,0.0,0.0,7.4,tierA-a6000-01
LegalBench-RAG,1200000,1200000,HoneyBee,bridge,0.1,2,0.05,0.03,0.02,7.4,0.0,0.0,7.4,tierA-a6000-01
LegalBench-RAG,1200000,1200000,HoneyBee,bridge,0.1,3,0.05,0.03,0.02,7.4,0.0,0.0,7.4,tierA-a6000-01
LegalBench-RAG,1200000,1200000,HoneyBee,bridge,0.1,4,0.05,0.03,0.02,7.4,0.0,0.0,7.4,tierA-a6000-01
LegalBench-RAG,1200000,1200000,HoneyBee,bridge,0.2,0,0.05,0.03,0.02,7.4,0.0,0.0,7.4,tierA-a6000-01
LegalBench-RAG,1200000,1200000,HoneyBee,bridge,0.2,1,0.05,0.03,0.02,7.4,0.0,0.0,7.4,tierA-a6000-01
LegalBench-RAG,1200000,1200000,HoneyBee,bridge,0.2,2,0.05,0.03,0.02,7.4,0.0,0.0,7.4,tierA-a6000-01
LegalBench-RAG,1200000,1200000,HoneyBee,bridge,0.2,3,0.05,0.03,0.02,7.4,0.0,0.0,7.4,tierA-a6000-01
LegalBench-RAG,1200000,1200000,HoneyBee,bridge,0.2,4,0.05,0.03,0.02,7.4,0.0,0.0,7.4,tierA-a6000-01
LegalBench-RAG,1200000,1200000,HoneyBee,bridge,0.3,0,0.05,0.03,0.02,7.4,0.0,0.0,7.4,tierA-a6000-01
LegalBench-RAG,1200000,1200000,HoneyBee,bridge,0.3,1,0.05,0.03,0.02,7.4,0.0,0.0,7.4,tierA-a6000-01
LegalBench-RAG,1200000,1200000,HoneyBee,bridge,0.3,2,0.05,0.03,0.02,7.4,0.0,0.0,7.4,tierA-a6000-01
LegalBench-RAG,1200000,1200000,HoneyBee,bridge,0.3,3,0.05,0.03,0.02,7.4,0.0,0.0,7.4,tierA-a6000-01
LegalBench-RAG,1200000,1200000,HoneyBee,bridge,0.3,4,0.05,0.03,0.02,7.4,0.0,0.0,7.4,tierA-a6000-01
LegalBench-RAG,1200000,1200000,HoneyBee,bridge,0.4,0,0.05,0.03,0.02,7.4,0.0,0.0,7.4,tierA-a6000-01
LegalBench-RAG,1200000,1200000,HoneyBee,bridge,0.4,1,0.05,0.03,0.02,7.4,0.0,0.0,7.4,tierA-a6000-01
LegalBench-RAG,1200000,1200000,HoneyBee,bridge,0.4,2,0.05,0.03,0.02,7.4,0.0,0.0,7.4,tierA-a6000-01
LegalBench-RAG,1200000,1200000,HoneyBee,bridge,0.4,3,0.05,0.03,0.02,7.4,0.0,0.0,7.4,tierA-a6000-01
LegalBench-RAG,1200000,1200000,HoneyBee,bridge,0.4,4,0.05,0.03,0.02,7.4,0.0,0.0,7.4,tierA-a6000-01
LegalBench-RAG,1200000,1200000,HoneyBee,bridge,0.5,0,0.05,0.03,0.02,7.4,0.0,0.0,7.4,tierA-a6000-01
LegalBench-RAG,1200000,1200000,HoneyBee,bridge,0.5,1,0.05,0.03,0.02,7.4,0.0,0.0,7.4,tierA-a6000-01
LegalBench-RAG,1200000,1200000,HoneyBee,bridge,0.5,2,0.05,0.03,0.02,7.4,0.0,0.0,7.4,tierA-a6000-01
LegalBench-RAG,1200000,1200000,HoneyBee,bridge,0.5,3,0.05,0.03,0.02,7.4,0.0,0.0,7.4,tierA-a6000-01
LegalBench-RAG,1200000,1200000,HoneyBee,bridge,0.5,4,0.05,0.03,0.02,7.4,0.0,0.0,7.4,tierA-a6000-01
LegalBench-RAG,1200000,1200000,SPFresh,random,0.0,0,0.05,0.03,0.02,7.4,0.0,0.0,7.4,tierA-a6000-01
LegalBench-RAG,1200000,1200000,SPFresh,random,0.0,1,0.05,0.03,0.02,7.4,0.0,0.0,7.4,tierA-a6000-01
LegalBench-RAG,1200000,1200000,SPFresh,random,0.0,2,0.05,0.03,0.02,7.4,0.0,0.0,7.4,tierA-a6000-01
LegalBench-RAG,1200000,1200000,SPFresh,random,0.0,3,0.05,0.03,0.02,7.4,0.0,0.0,7.4,tierA-a6000-01
LegalBench-RAG,1200000,1200000,SPFresh,random,0.0,4,0.05,0.03,0.02,7.4,0.0,0.0,7.4,tierA-a6000-01
LegalBench-RAG,1200000,1200000,SPFresh,random,0.1,0,0.05,0.03,0.02,7.4,0.0,0.0,7.4,tierA-a6000-01
LegalBench-RAG,1200000,1200000,SPFresh,random,0.1,1,0.05,0.03,0.02,7.4,0.0,0.0,7.4,tierA-a6000-01
LegalBench-RAG,1200000,1200000,SPFresh,random,0.1,2,0.05,0.03,0.02,7.4,0.0,0.0,7.4,tierA-a6000-01
LegalBench-RAG,1200000,1200000,SPFresh,random,0.1,3,0.05,0.03,0.02,7.4,0.0,0.0,7.4,tierA-a6000-01
LegalBench-RAG,1200000,1200000,SPFresh,random,0.1,4,0.05,0.03,0.02,7.4,0.0,0.0,7.4,tierA-a6000-01
LegalBench-RAG,1200000,1200000,SPFresh,random,0.2,0,0.05,0.03,0.02,7.4,0.0,0.0,7.4,tierA-a6000-01
LegalBench-RAG,1200000,1200000,SPFresh,random,0.2,1,0.05,0.03,0.02,7.4,0.0,0.0,7.4,tierA-a6000-01
LegalBench-RAG,1200000,1200000,SPFresh,random,0.2,2,0.05,0.03,0.02,7.4,0.0,0.0,7.4,tierA-a6000-01
LegalBench-RAG,1200000,1200000,SPFresh,random,0.2,3,0.05,0.03,0.02,7.4,0.0,0.0,7.4,tierA-a6000-01
LegalBench-RAG,1200000,1200000,SPFresh,random,0.2,4,0.05,0.03,0.02,7.4,0.0,0.0,7.4,tierA-a6000-01
LegalBench-RAG,1200000,1200000,SPFresh,random,0.3,0,0.05,0.03,0.02,7.4,0.0,0.0,7.4,tierA-a6000-01
LegalBench-RAG,1200000,1200000,SPFresh,random,0.3,1,0.05,0.03,0.02,7.4,0.0,0.0,7.4,tierA-a6000-01
LegalBench-RAG,1200000,1200000,SPFresh,random,0.3,2,0.05,0.03,0.02,7.4,0.0,0.0,7.4,tierA-a6000-01
LegalBench-RAG,1200000,1200000,SPFresh,random,0.3,3,0.05,0.03,0.02,7.4,0.0,0.0,7.4,tierA-a6000-01
LegalBench-RAG,1200000,1200000,SPFresh,random,0.3,4,0.05,0.03,0.02,7.4,0.0,0.0,7.4,tierA-a6000-01
LegalBench-RAG,1200000,1200000,SPFresh,random,0.4,0,0.05,0.03,0.02,7.4,0.0,0.0,7.4,tierA-a6000-01
LegalBench-RAG,1200000,1200000,SPFresh,random,0.4,1,0.05,0.03,0.02,7.4,0.0,0.0,7.4,tierA-a6000-01
LegalBench-RAG,1200000,1200000,SPFresh,random,0.4,2,0.05,0.03,0.02,7.4,0.0,0.0,7.4,tierA-a6000-01
LegalBench-RAG,1200000,1200000,SPFresh,random,0.4,3,0.05,0.03,0.02,7.4,0.0,0.0,7.4,tierA-a6000-01
LegalBench-RAG,1200000,1200000,SPFresh,random,0.4,4,0.05,0.03,0.02,7.4,0.0,0.0,7.4,tierA-a6000-01
LegalBench-RAG,1200000,1200000,SPFresh,random,0.5,0,0.05,0.03,0.02,7.4,0.0,0.0,7.4,tierA-a6000-01
LegalBench-RAG,1200000,1200000,SPFresh,random,0.5,1,0.05,0.03,0.02,7.4,0.0,0.0,7.4,tierA-a6000-01
LegalBench-RAG,1200000,1200000,SPFresh,random,0.5,2,0.05,0.03,0.02,7.4,0.0,0.0,7.4,tierA-a6000-01
LegalBench-RAG,1200000,1200000,SPFresh,random,0.5,3,0.05,0.03,0.02,7.4,0.0,0.0,7.4,tierA-a6000-01
LegalBench-RAG,1200000,1200000,SPFresh,random,0.5,4,0.05,0.03,0.02,7.4,0.0,0.0,7.4,tierA-a6000-01
LegalBench-RAG,1200000,1200000,SPFresh,hub,0.0,0,0.05,0.03,0.02,7.4,0.0,0.0,7.4,tierA-a6000-01
LegalBench-RAG,1200000,1200000,SPFresh,hub,0.0,1,0.05,0.03,0.02,7.4,0.0,0.0,7.4,tierA-a6000-01
LegalBench-RAG,1200000,1200000,SPFresh,hub,0.0,2,0.05,0.03,0.02,7.4,0.0,0.0,7.4,tierA-a6000-01
LegalBench-RAG,1200000,1200000,SPFresh,hub,0.0,3,0.05,0.03,0.02,7.4,0.0,0.0,7.4,tierA-a6000-01
LegalBench-RAG,1200000,1200000,SPFresh,hub,0.0,4,0.05,0.03,0.02,7.4,0.0,0.0,7.4,tierA-a6000-01
LegalBench-RAG,1200000,1200000,SPFresh,hub,0.1,0,0.05,0.03,0.02,7.4,0.0,0.0,7.4,tierA-a6000-01
LegalBench-RAG,1200000,1200000,SPFresh,hub,0.1,1,0.05,0.03,0.02,7.4,0.0,0.0,7.4,tierA-a6000-01
LegalBench-RAG,1200000,1200000,SPFresh,hub,0.1,2,0.05,0.03,0.02,7.4,0.0,0.0,7.4,tierA-a6000-01
LegalBench-RAG,1200000,1200000,SPFresh,hub,0.1,3,0.05,0.03,0.02,7.4,0.0,0.0,7.4,tierA-a6000-01
LegalBench-RAG,1200000,1200000,SPFresh,hub,0.1,4,0.05,0.03,0.02,7.4,0.0,0.0,7.4,tierA-a6000-01
LegalBench-RAG,1200000,1200000,SPFresh,hub,0.2,0,0.05,0.03,0.02,7.4,0.0,0.0,7.4,tierA-a6000-01
LegalBench-RAG,1200000,1200000,SPFresh,hub,0.2,1,0.05,0.03,0.02,7.4,0.0,0.0,7.4,tierA-a6000-01
LegalBench-RAG,1200000,1200000,SPFresh,hub,0.2,2,0.05,0.03,0.02,7.4,0.0,0.0,7.4,tierA-a6000-01
LegalBench-RAG,1200000,1200000,SPFresh,hub,0.2,3,0.05,0.03,0.02,7.4,0.0,0.0,7.4,tierA-a6000-01
LegalBench-RAG,1200000,1200000,SPFresh,hub,0.2,4,0.05,0.03,0.02,7.4,0.0,0.0,7.4,tierA-a6000-01
LegalBench-RAG,1200000,1200000,SPFresh,hub,0.3,0,0.05,0.03,0.02,7.4,0.0,0.0,7.4,tierA-a6000-01
LegalBench-RAG,1200000,1200000,SPFresh,hub,0.3,1,0.05,0.03,0.02,7.4,0.0,0.0,7.4,tierA-a6000-01
LegalBench-RAG,1200000,1200000,SPFresh,hub,0.3,2,0.05,0.03,0.02,7.4,0.0,0.0,7.4,tierA-a6000-01
LegalBench-RAG,1200000,1200000,SPFresh,hub,0.3,3,0.05,0.03,0.02,7.4,0.0,0.0,7.4,tierA-a6000-01
LegalBench-RAG,1200000,1200000,SPFresh,hub,0.3,4,0.05,0.03,0.02,7.4,0.0,0.0,7.4,tierA-a6000-01
LegalBench-RAG,1200000,1200000,SPFresh,hub,0.4,0,0.05,0.03,0.02,7.4,0.0,0.0,7.4,tierA-a6000-01
LegalBench-RAG,1200000,1200000,SPFresh,hub,0.4,1,0.05,0.03,0.02,7.4,0.0,0.0,7.4,tierA-a6000-01
LegalBench-RAG,1200000,1200000,SPFresh,hub,0.4,2,0.05,0.03,0.02,7.4,0.0,0.0,7.4,tierA-a6000-01
LegalBench-RAG,1200000,1200000,SPFresh,hub,0.4,3,0.05,0.03,0.02,7.4,0.0,0.0,7.4,tierA-a6000-01
LegalBench-RAG,1200000,1200000,SPFresh,hub,0.4,4,0.05,0.03,0.02,7.4,0.0,0.0,7.4,tierA-a6000-01
LegalBench-RAG,1200000,1200000,SPFresh,hub,0.5,0,0.05,0.03,0.02,7.4,0.0,0.0,7.4,tierA-a6000-01
LegalBench-RAG,1200000,1200000,SPFresh,hub,0.5,1,0.05,0.03,0.02,7.4,0.0,0.0,7.4,tierA-a6000-01
LegalBench-RAG,1200000,1200000,SPFresh,hub,0.5,2,0.05,0.03,0.02,7.4,0.0,0.0,7.4,tierA-a6000-01
LegalBench-RAG,1200000,1200000,SPFresh,hub,0.5,3,0.05,0.03,0.02,7.4,0.0,0.0,7.4,tierA-a6000-01
LegalBench-RAG,1200000,1200000,SPFresh,hub,0.5,4,0.05,0.03,0.02,7.4,0.0,0.0,7.4,tierA-a6000-01
LegalBench-RAG,1200000,1200000,SPFresh,cluster,0.0,0,0.05,0.03,0.02,7.4,0.0,0.0,7.4,tierA-a6000-01
LegalBench-RAG,1200000,1200000,SPFresh,cluster,0.0,1,0.05,0.03,0.02,7.4,0.0,0.0,7.4,tierA-a6000-01
LegalBench-RAG,1200000,1200000,SPFresh,cluster,0.0,2,0.05,0.03,0.02,7.4,0.0,0.0,7.4,tierA-a6000-01
LegalBench-RAG,1200000,1200000,SPFresh,cluster,0.0,3,0.05,0.03,0.02,7.4,0.0,0.0,7.4,tierA-a6000-01
LegalBench-RAG,1200000,1200000,SPFresh,cluster,0.0,4,0.05,0.03,0.02,7.4,0.0,0.0,7.4,tierA-a6000-01
LegalBench-RAG,1200000,1200000,SPFresh,cluster,0.1,0,0.05,0.03,0.02,7.4,0.0,0.0,7.4,tierA-a6000-01
LegalBench-RAG,1200000,1200000,SPFresh,cluster,0.1,1,0.05,0.03,0.02,7.4,0.0,0.0,7.4,tierA-a6000-01
LegalBench-RAG,1200000,1200000,SPFresh,cluster,0.1,2,0.05,0.03,0.02,7.4,0.0,0.0,7.4,tierA-a6000-01
LegalBench-RAG,1200000,1200000,SPFresh,cluster,0.1,3,0.05,0.03,0.02,7.4,0.0,0.0,7.4,tierA-a6000-01
LegalBench-RAG,1200000,1200000,SPFresh,cluster,0.1,4,0.05,0.03,0.02,7.4,0.0,0.0,7.4,tierA-a6000-01
LegalBench-RAG,1200000,1200000,SPFresh,cluster,0.2,0,0.05,0.03,0.02,7.4,0.0,0.0,7.4,tierA-a6000-01
LegalBench-RAG,1200000,1200000,SPFresh,cluster,0.2,1,0.05,0.03,0.02,7.4,0.0,0.0,7.4,tierA-a6000-01
LegalBench-RAG,1200000,1200000,SPFresh,cluster,0.2,2,0.05,0.03,0.02,7.4,0.0,0.0,7.4,tierA-a6000-01
LegalBench-RAG,1200000,1200000,SPFresh,cluster,0.2,3,0.05,0.03,0.02,7.4,0.0,0.0,7.4,tierA-a6000-01
LegalBench-RAG,1200000,1200000,SPFresh,cluster,0.2,4,0.05,0.03,0.02,7.4,0.0,0.0,7.4,tierA-a6000-01
LegalBench-RAG,1200000,1200000,SPFresh,cluster,0.3,0,0.05,0.03,0.02,7.4,0.0,0.0,7.4,tierA-a6000-01
LegalBench-RAG,1200000,1200000,SPFresh,cluster,0.3,1,0.05,0.03,0.02,7.4,0.0,0.0,7.4,tierA-a6000-01
LegalBench-RAG,1200000,1200000,SPFresh,cluster,0.3,2,0.05,0.03,0.02,7.4,0.0,0.0,7.4,tierA-a6000-01
LegalBench-RAG,1200000,1200000,SPFresh,cluster,0.3,3,0.05,0.03,0.02,7.4,0.0,0.0,7.4,tierA-a6000-01
LegalBench-RAG,1200000,1200000,SPFresh,cluster,0.3,4,0.05,0.03,0.02,7.4,0.0,0.0,7.4,tierA-a6000-01
LegalBench-RAG,1200000,1200000,SPFresh,cluster,0.4,0,0.05,0.03,0.02,7.4,0.0,0.0,7.4,tierA-a6000-01
LegalBench-RAG,1200000,1200000,SPFresh,cluster,0.4,1,0.05,0.03,0.02,7.4,0.0,0.0,7.4,tierA-a6000-01
LegalBench-RAG,1200000,1200000,SPFresh,cluster,0.4,2,0.05,0.03,0.02,7.4,0.0,0.0,7.4,tierA-a6000-01
LegalBench-RAG,1200000,1200000,SPFresh,cluster,0.4,3,0.05,0.03,0.02,7.4,0.0,0.0,7.4,tierA-a6000-01
LegalBench-RAG,1200000,1200000,SPFresh,cluster,0.4,4,0.05,0.03,0.02,7.4,0.0,0.0,7.4,tierA-a6000-01
LegalBench-RAG,1200000,1200000,SPFresh,cluster,0.5,0,0.05,0.03,0.02,7.4,0.0,0.0,7.4,tierA-a6000-01
LegalBench-RAG,1200000,1200000,SPFresh,cluster,0.5,1,0.05,0.03,0.02,7.4,0.0,0.0,7.4,tierA-a6000-01
LegalBench-RAG,1200000,1200000,SPFresh,cluster,0.5,2,0.05,0.03,0.02,7.4,0.0,0.0,7.4,tierA-a6000-01
LegalBench-RAG,1200000,1200000,SPFresh,cluster,0.5,3,0.05,0.03,0.02,7.4,0.0,0.0,7.4,tierA-a6000-01
LegalBench-RAG,1200000,1200000,SPFresh,cluster,0.5,4,0.05,0.03,0.02,7.4,0.0,0.0,7.4,tierA-a6000-01
LegalBench-RAG,1200000,1200000,SPFresh,bridge,0.0,0,0.05,0.03,0.02,7.4,0.0,0.0,7.4,tierA-a6000-01
LegalBench-RAG,1200000,1200000,SPFresh,bridge,0.0,1,0.05,0.03,0.02,7.4,0.0,0.0,7.4,tierA-a6000-01
LegalBench-RAG,1200000,1200000,SPFresh,bridge,0.0,2,0.05,0.03,0.02,7.4,0.0,0.0,7.4,tierA-a6000-01
LegalBench-RAG,1200000,1200000,SPFresh,bridge,0.0,3,0.05,0.03,0.02,7.4,0.0,0.0,7.4,tierA-a6000-01
LegalBench-RAG,1200000,1200000,SPFresh,bridge,0.0,4,0.05,0.03,0.02,7.4,0.0,0.0,7.4,tierA-a6000-01
LegalBench-RAG,1200000,1200000,SPFresh,bridge,0.1,0,0.05,0.03,0.02,7.4,0.0,0.0,7.4,tierA-a6000-01
LegalBench-RAG,1200000,1200000,SPFresh,bridge,0.1,1,0.05,0.03,0.02,7.4,0.0,0.0,7.4,tierA-a6000-01
LegalBench-RAG,1200000,1200000,SPFresh,bridge,0.1,2,0.05,0.03,0.02,7.4,0.0,0.0,7.4,tierA-a6000-01
LegalBench-RAG,1200000,1200000,SPFresh,bridge,0.1,3,0.05,0.03,0.02,7.4,0.0,0.0,7.4,tierA-a6000-01
LegalBench-RAG,1200000,1200000,SPFresh,bridge,0.1,4,0.05,0.03,0.02,7.4,0.0,0.0,7.4,tierA-a6000-01
LegalBench-RAG,1200000,1200000,SPFresh,bridge,0.2,0,0.05,0.03,0.02,7.4,0.0,0.0,7.4,tierA-a6000-01
LegalBench-RAG,1200000,1200000,SPFresh,bridge,0.2,1,0.05,0.03,0.02,7.4,0.0,0.0,7.4,tierA-a6000-01
LegalBench-RAG,1200000,1200000,SPFresh,bridge,0.2,2,0.05,0.03,0.02,7.4,0.0,0.0,7.4,tierA-a6000-01
LegalBench-RAG,1200000,1200000,SPFresh,bridge,0.2,3,0.05,0.03,0.02,7.4,0.0,0.0,7.4,tierA-a6000-01
LegalBench-RAG,1200000,1200000,SPFresh,bridge,0.2,4,0.05,0.03,0.02,7.4,0.0,0.0,7.4,tierA-a6000-01
LegalBench-RAG,1200000,1200000,SPFresh,bridge,0.3,0,0.05,0.03,0.02,7.4,0.0,0.0,7.4,tierA-a6000-01
LegalBench-RAG,1200000,1200000,SPFresh,bridge,0.3,1,0.05,0.03,0.02,7.4,0.0,0.0,7.4,tierA-a6000-01
LegalBench-RAG,1200000,1200000,SPFresh,bridge,0.3,2,0.05,0.03,0.02,7.4,0.0,0.0,7.4,tierA-a6000-01
LegalBench-RAG,1200000,1200000,SPFresh,bridge,0.3,3,0.05,0.03,0.02,7.4,0.0,0.0,7.4,tierA-a6000-01
LegalBench-RAG,1200000,1200000,SPFresh,bridge,0.3,4,0.05,0.03,0.02,7.4,0.0,0.0,7.4,tierA-a6000-01
LegalBench-RAG,1200000,1200000,SPFresh,bridge,0.4,0,0.05,0.03,0.02,7.4,0.0,0.0,7.4,tierA-a6000-01
LegalBench-RAG,1200000,1200000,SPFresh,bridge,0.4,1,0.05,0.03,0.02,7.4,0.0,0.0,7.4,tierA-a6000-01
LegalBench-RAG,1200000,1200000,SPFresh,bridge,0.4,2,0.05,0.03,0.02,7.4,0.0,0.0,7.4,tierA-a6000-01
LegalBench-RAG,1200000,1200000,SPFresh,bridge,0.4,3,0.05,0.03,0.02,7.4,0.0,0.0,7.4,tierA-a6000-01
LegalBench-RAG,1200000,1200000,SPFresh,bridge,0.4,4,0.05,0.03,0.02,7.4,0.0,0.0,7.4,tierA-a6000-01
LegalBench-RAG,1200000,1200000,SPFresh,bridge,0.5,0,0.05,0.03,0.02,7.4,0.0,0.0,7.4,tierA-a6000-01
LegalBench-RAG,1200000,1200000,SPFresh,bridge,0.5,1,0.05,0.03,0.02,7.4,0.0,0.0,7.4,tierA-a6000-01
LegalBench-RAG,1200000,1200000,SPFresh,bridge,0.5,2,0.05,0.03,0.02,7.4,0.0,0.0,7.4,tierA-a6000-01
LegalBench-RAG,1200000,1200000,SPFresh,bridge,0.5,3,0.05,0.03,0.02,7.4,0.0,0.0,7.4,tierA-a6000-01
LegalBench-RAG,1200000,1200000,SPFresh,bridge,0.5,4,0.05,0.03,0.02,7.4,0.0,0.0,7.4,tierA-a6000-01
MS-MARCO-RBAC,8000000,8000000,Tombstone,random,0.0,0,0.05,0.03,0.02,10.0,0.0,0.0,10.0,tierA-a6000-01
MS-MARCO-RBAC,8000000,8000000,Tombstone,random,0.0,1,0.05,0.03,0.02,10.0,0.0,0.0,10.0,tierA-a6000-01
MS-MARCO-RBAC,8000000,8000000,Tombstone,random,0.0,2,0.05,0.03,0.02,10.0,0.0,0.0,10.0,tierA-a6000-01
MS-MARCO-RBAC,8000000,8000000,Tombstone,random,0.0,3,0.05,0.03,0.02,10.0,0.0,0.0,10.0,tierA-a6000-01
MS-MARCO-RBAC,8000000,8000000,Tombstone,random,0.0,4,0.05,0.03,0.02,10.0,0.0,0.0,10.0,tierA-a6000-01
MS-MARCO-RBAC,8000000,8000000,Tombstone,random,0.1,0,0.05,0.03,0.02,10.0,0.0,0.0,10.0,tierA-a6000-01
MS-MARCO-RBAC,8000000,8000000,Tombstone,random,0.1,1,0.05,0.03,0.02,10.0,0.0,0.0,10.0,tierA-a6000-01
MS-MARCO-RBAC,8000000,8000000,Tombstone,random,0.1,2,0.05,0.03,0.02,10.0,0.0,0.0,10.0,tierA-a6000-01
MS-MARCO-RBAC,8000000,8000000,Tombstone,random,0.1,3,0.05,0.03,0.02,10.0,0.0,0.0,10.0,tierA-a6000-01
MS-MARCO-RBAC,8000000,8000000,Tombstone,random,0.1,4,0.05,0.03,0.02,10.0,0.0,0.0,10.0,tierA-a6000-01
MS-MARCO-RBAC,8000000,8000000,Tombstone,random,0.2,0,0.05,0.03,0.02,10.0,0.0,0.0,10.0,tierA-a6000-01
MS-MARCO-RBAC,8000000,8000000,Tombstone,random,0.2,1,0.05,0.03,0.02,10.0,0.0,0.0,10.0,tierA-a6000-01
MS-MARCO-RBAC,8000000,8000000,Tombstone,random,0.2,2,0.05,0.03,0.02,10.0,0.0,0.0,10.0,tierA-a6000-01
MS-MARCO-RBAC,8000000,8000000,Tombstone,random,0.2,3,0.05,0.03,0.02,10.0,0.0,0.0,10.0,tierA-a6000-01
MS-MARCO-RBAC,8000000,8000000,Tombstone,random,0.2,4,0.05,0.03,0.02,10.0,0.0,0.0,10.0,tierA-a6000-01
MS-MARCO-RBAC,8000000,8000000,Tombstone,random,0.3,0,0.05,0.03,0.02,10.0,0.0,0.0,10.0,tierA-a6000-01
MS-MARCO-RBAC,8000000,8000000,Tombstone,random,0.3,1,0.05,0.03,0.02,10.0,0.0,0.0,10.0,tierA-a6000-01
MS-MARCO-RBAC,8000000,8000000,Tombstone,random,0.3,2,0.05,0.03,0.02,10.0,0.0,0.0,10.0,tierA-a6000-01
MS-MARCO-RBAC,8000000,8000000,Tombstone,random,0.3,3,0.05,0.03,0.02,10.0,0.0,0.0,10.0,tierA-a6000-01
MS-MARCO-RBAC,8000000,8000000,Tombstone,random,0.3,4,0.05,0.03,0.02,10.0,0.0,0.0,10.0,tierA-a6000-01
MS-MARCO-RBAC,8000000,8000000,Tombstone,random,0.4,0,0.05,0.03,0.02,10.0,0.0,0.0,10.0,tierA-a6000-01
MS-MARCO-RBAC,8000000,8000000,Tombstone,random,0.4,1,0.05,0.03,0.02,10.0,0.0,0.0,10.0,tierA-a6000-01
MS-MARCO-RBAC,8000000,8000000,Tombstone,random,0.4,2,0.05,0.03,0.02,10.0,0.0,0.0,10.0,tierA-a6000-01
MS-MARCO-RBAC,8000000,8000000,Tombstone,random,0.4,3,0.05,0.03,0.02,10.0,0.0,0.0,10.0,tierA-a6000-01
MS-MARCO-RBAC,8000000,8000000,Tombstone,random,0.4,4,0.05,0.03,0.02,10.0,0.0,0.0,10.0,tierA-a6000-01
MS-MARCO-RBAC,8000000,8000000,Tombstone,random,0.5,0,0.05,0.03,0.02,10.0,0.0,0.0,10.0,tierA-a6000-01
MS-MARCO-RBAC,8000000,8000000,Tombstone,random,0.5,1,0.05,0.03,0.02,10.0,0.0,0.0,10.0,tierA-a6000-01
MS-MARCO-RBAC,8000000,8000000,Tombstone,random,0.5,2,0.05,0.03,0.02,10.0,0.0,0.0,10.0,tierA-a6000-01
MS-MARCO-RBAC,8000000,8000000,Tombstone,random,0.5,3,0.05,0.03,0.02,10.0,0.0,0.0,10.0,tierA-a6000-01
MS-MARCO-RBAC,8000000,8000000,Tombstone,random,0.5,4,0.05,0.03,0.02,10.0,0.0,0.0,10.0,tierA-a6000-01
MS-MARCO-RBAC,8000000,8000000,Tombstone,hub,0.0,0,0.05,0.03,0.02,10.0,0.0,0.0,10.0,tierA-a6000-01
MS-MARCO-RBAC,8000000,8000000,Tombstone,hub,0.0,1,0.05,0.03,0.02,10.0,0.0,0.0,10.0,tierA-a6000-01
MS-MARCO-RBAC,8000000,8000000,Tombstone,hub,0.0,2,0.05,0.03,0.02,10.0,0.0,0.0,10.0,tierA-a6000-01
MS-MARCO-RBAC,8000000,8000000,Tombstone,hub,0.0,3,0.05,0.03,0.02,10.0,0.0,0.0,10.0,tierA-a6000-01
MS-MARCO-RBAC,8000000,8000000,Tombstone,hub,0.0,4,0.05,0.03,0.02,10.0,0.0,0.0,10.0,tierA-a6000-01
MS-MARCO-RBAC,8000000,8000000,Tombstone,hub,0.1,0,0.05,0.03,0.02,10.0,0.0,0.0,10.0,tierA-a6000-01
MS-MARCO-RBAC,8000000,8000000,Tombstone,hub,0.1,1,0.05,0.03,0.02,10.0,0.0,0.0,10.0,tierA-a6000-01
MS-MARCO-RBAC,8000000,8000000,Tombstone,hub,0.1,2,0.05,0.03,0.02,10.0,0.0,0.0,10.0,tierA-a6000-01
MS-MARCO-RBAC,8000000,8000000,Tombstone,hub,0.1,3,0.05,0.03,0.02,10.0,0.0,0.0,10.0,tierA-a6000-01
MS-MARCO-RBAC,8000000,8000000,Tombstone,hub,0.1,4,0.05,0.03,0.02,10.0,0.0,0.0,10.0,tierA-a6000-01
MS-MARCO-RBAC,8000000,8000000,Tombstone,hub,0.2,0,0.05,0.03,0.02,10.0,0.0,0.0,10.0,tierA-a6000-01
MS-MARCO-RBAC,8000000,8000000,Tombstone,hub,0.2,1,0.05,0.03,0.02,10.0,0.0,0.0,10.0,tierA-a6000-01
MS-MARCO-RBAC,8000000,8000000,Tombstone,hub,0.2,2,0.05,0.03,0.02,10.0,0.0,0.0,10.0,tierA-a6000-01
MS-MARCO-RBAC,8000000,8000000,Tombstone,hub,0.2,3,0.05,0.03,0.02,10.0,0.0,0.0,10.0,tierA-a6000-01
MS-MARCO-RBAC,8000000,8000000,Tombstone,hub,0.2,4,0.05,0.03,0.02,10.0,0.0,0.0,10.0,tierA-a6000-01
MS-MARCO-RBAC,8000000,8000000,Tombstone,hub,0.3,0,0.05,0.03,0.02,10.0,0.0,0.0,10.0,tierA-a6000-01
MS-MARCO-RBAC,8000000,8000000,Tombstone,hub,0.3,1,0.05,0.03,0.02,10.0,0.0,0.0,10.0,tierA-a6000-01
MS-MARCO-RBAC,8000000,8000000,Tombstone,hub,0.3,2,0.05,0.03,0.02,10.0,0.0,0.0,10.0,tierA-a6000-01
MS-MARCO-RBAC,8000000,8000000,Tombstone,hub,0.3,3,0.05,0.03,0.02,10.0,0.0,0.0,10.0,tierA-a6000-01
MS-MARCO-RBAC,8000000,8000000,Tombstone,hub,0.3,4,0.05,0.03,0.02,10.0,0.0,0.0,10.0,tierA-a6000-01
MS-MARCO-RBAC,8000000,8000000,Tombstone,hub,0.4,0,0.05,0.03,0.02,10.0,0.0,0.0,10.0,tierA-a6000-01
MS-MARCO-RBAC,8000000,8000000,Tombstone,hub,0.4,1,0.05,0.03,0.02,10.0,0.0,0.0,10.0,tierA-a6000-01
MS-MARCO-RBAC,8000000,8000000,Tombstone,hub,0.4,2,0.05,0.03,0.02,10.0,0.0,0.0,10.0,tierA-a6000-01
MS-MARCO-RBAC,8000000,8000000,Tombstone,hub,0.4,3,0.05,0.03,0.02,10.0,0.0,0.0,10.0,tierA-a6000-01
MS-MARCO-RBAC,8000000,8000000,Tombstone,hub,0.4,4,0.05,0.03,0.02,10.0,0.0,0.0,10.0,tierA-a6000-01
MS-MARCO-RBAC,8000000,8000000,Tombstone,hub,0.5,0,0.05,0.03,0.02,10.0,0.0,0.0,10.0,tierA-a6000-01
MS-MARCO-RBAC,8000000,8000000,Tombstone,hub,0.5,1,0.05,0.03,0.02,10.0,0.0,0.0,10.0,tierA-a6000-01
MS-MARCO-RBAC,8000000,8000000,Tombstone,hub,0.5,2,0.05,0.03,0.02,10.0,0.0,0.0,10.0,tierA-a6000-01
MS-MARCO-RBAC,8000000,8000000,Tombstone,hub,0.5,3,0.05,0.03,0.02,10.0,0.0,0.0,10.0,tierA-a6000-01
MS-MARCO-RBAC,8000000,8000000,Tombstone,hub,0.5,4,0.05,0.03,0.02,10.0,0.0,0.0,10.0,tierA-a6000-01
MS-MARCO-RBAC,8000000,8000000,Tombstone,cluster,0.0,0,0.05,0.03,0.02,10.0,0.0,0.0,10.0,tierA-a6000-01
MS-MARCO-RBAC,8000000,8000000,Tombstone,cluster,0.0,1,0.05,0.03,0.02,10.0,0.0,0.0,10.0,tierA-a6000-01
MS-MARCO-RBAC,8000000,8000000,Tombstone,cluster,0.0,2,0.05,0.03,0.02,10.0,0.0,0.0,10.0,tierA-a6000-01
MS-MARCO-RBAC,8000000,8000000,Tombstone,cluster,0.0,3,0.05,0.03,0.02,10.0,0.0,0.0,10.0,tierA-a6000-01
MS-MARCO-RBAC,8000000,8000000,Tombstone,cluster,0.0,4,0.05,0.03,0.02,10.0,0.0,0.0,10.0,tierA-a6000-01
MS-MARCO-RBAC,8000000,8000000,Tombstone,cluster,0.1,0,0.05,0.03,0.02,10.0,0.0,0.0,10.0,tierA-a6000-01
MS-MARCO-RBAC,8000000,8000000,Tombstone,cluster,0.1,1,0.05,0.03,0.02,10.0,0.0,0.0,10.0,tierA-a6000-01
MS-MARCO-RBAC,8000000,8000000,Tombstone,cluster,0.1,2,0.05,0.03,0.02,10.0,0.0,0.0,10.0,tierA-a6000-01
MS-MARCO-RBAC,8000000,8000000,Tombstone,cluster,0.1,3,0.05,0.03,0.02,10.0,0.0,0.0,10.0,tierA-a6000-01
MS-MARCO-RBAC,8000000,8000000,Tombstone,cluster,0.1,4,0.05,0.03,0.02,10.0,0.0,0.0,10.0,tierA-a6000-01
MS-MARCO-RBAC,8000000,8000000,Tombstone,cluster,0.2,0,0.05,0.03,0.02,10.0,0.0,0.0,10.0,tierA-a6000-01
MS-MARCO-RBAC,8000000,8000000,Tombstone,cluster,0.2,1,0.05,0.03,0.02,10.0,0.0,0.0,10.0,tierA-a6000-01
MS-MARCO-RBAC,8000000,8000000,Tombstone,cluster,0.2,2,0.05,0.03,0.02,10.0,0.0,0.0,10.0,tierA-a6000-01
MS-MARCO-RBAC,8000000,8000000,Tombstone,cluster,0.2,3,0.05,0.03,0.02,10.0,0.0,0.0,10.0,tierA-a6000-01
MS-MARCO-RBAC,8000000,8000000,Tombstone,cluster,0.2,4,0.05,0.03,0.02,10.0,0.0,0.0,10.0,tierA-a6000-01
MS-MARCO-RBAC,8000000,8000000,Tombstone,cluster,0.3,0,0.05,0.03,0.02,10.0,0.0,0.0,10.0,tierA-a6000-01
MS-MARCO-RBAC,8000000,8000000,Tombstone,cluster,0.3,1,0.05,0.03,0.02,10.0,0.0,0.0,10.0,tierA-a6000-01
MS-MARCO-RBAC,8000000,8000000,Tombstone,cluster,0.3,2,0.05,0.03,0.02,10.0,0.0,0.0,10.0,tierA-a6000-01
MS-MARCO-RBAC,8000000,8000000,Tombstone,cluster,0.3,3,0.05,0.03,0.02,10.0,0.0,0.0,10.0,tierA-a6000-01
MS-MARCO-RBAC,8000000,8000000,Tombstone,cluster,0.3,4,0.05,0.03,0.02,10.0,0.0,0.0,10.0,tierA-a6000-01
MS-MARCO-RBAC,8000000,8000000,Tombstone,cluster,0.4,0,0.05,0.03,0.02,10.0,0.0,0.0,10.0,tierA-a6000-01
MS-MARCO-RBAC,8000000,8000000,Tombstone,cluster,0.4,1,0.05,0.03,0.02,10.0,0.0,0.0,10.0,tierA-a6000-01
MS-MARCO-RBAC,8000000,8000000,Tombstone,cluster,0.4,2,0.05,0.03,0.02,10.0,0.0,0.0,10.0,tierA-a6000-01
MS-MARCO-RBAC,8000000,8000000,Tombstone,cluster,0.4,3,0.05,0.03,0.02,10.0,0.0,0.0,10.0,tierA-a6000-01
MS-MARCO-RBAC,8000000,8000000,Tombstone,cluster,0.4,4,0.05,0.03,0.02,10.0,0.0,0.0,10.0,tierA-a6000-01
MS-MARCO-RBAC,8000000,8000000,Tombstone,cluster,0.5,0,0.05,0.03,0.02,10.0,0.0,0.0,10.0,tierA-a6000-01
MS-MARCO-RBAC,8000000,8000000,Tombstone,cluster,0.5,1,0.05,0.03,0.02,10.0,0.0,0.0,10.0,tierA-a6000-01
MS-MARCO-RBAC,8000000,8000000,Tombstone,cluster,0.5,2,0.05,0.03,0.02,10.0,0.0,0.0,10.0,tierA-a6000-01
MS-MARCO-RBAC,8000000,8000000,Tombstone,cluster,0.5,3,0.05,0.03,0.02,10.0,0.0,0.0,10.0,tierA-a6000-01
MS-MARCO-RBAC,8000000,8000000,Tombstone,cluster,0.5,4,0.05,0.03,0.02,10.0,0.0,0.0,10.0,tierA-a6000-01
MS-MARCO-RBAC,8000000,8000000,Tombstone,bridge,0.0,0,0.05,0.03,0.02,10.0,0.0,0.0,10.0,tierA-a6000-01
MS-MARCO-RBAC,8000000,8000000,Tombstone,bridge,0.0,1,0.05,0.03,0.02,10.0,0.0,0.0,10.0,tierA-a6000-01
MS-MARCO-RBAC,8000000,8000000,Tombstone,bridge,0.0,2,0.05,0.03,0.02,10.0,0.0,0.0,10.0,tierA-a6000-01
MS-MARCO-RBAC,8000000,8000000,Tombstone,bridge,0.0,3,0.05,0.03,0.02,10.0,0.0,0.0,10.0,tierA-a6000-01
MS-MARCO-RBAC,8000000,8000000,Tombstone,bridge,0.0,4,0.05,0.03,0.02,10.0,0.0,0.0,10.0,tierA-a6000-01
MS-MARCO-RBAC,8000000,8000000,Tombstone,bridge,0.1,0,0.05,0.03,0.02,10.0,0.0,0.0,10.0,tierA-a6000-01
MS-MARCO-RBAC,8000000,8000000,Tombstone,bridge,0.1,1,0.05,0.03,0.02,10.0,0.0,0.0,10.0,tierA-a6000-01
MS-MARCO-RBAC,8000000,8000000,Tombstone,bridge,0.1,2,0.05,0.03,0.02,10.0,0.0,0.0,10.0,tierA-a6000-01
MS-MARCO-RBAC,8000000,8000000,Tombstone,bridge,0.1,3,0.05,0.03,0.02,10.0,0.0,0.0,10.0,tierA-a6000-01
MS-MARCO-RBAC,8000000,8000000,Tombstone,bridge,0.1,4,0.05,0.03,0.02,10.0,0.0,0.0,10.0,tierA-a6000-01
MS-MARCO-RBAC,8000000,8000000,Tombstone,bridge,0.2,0,0.05,0.03,0.02,10.0,0.0,0.0,10.0,tierA-a6000-01
MS-MARCO-RBAC,8000000,8000000,Tombstone,bridge,0.2,1,0.05,0.03,0.02,10.0,0.0,0.0,10.0,tierA-a6000-01
MS-MARCO-RBAC,8000000,8000000,Tombstone,bridge,0.2,2,0.05,0.03,0.02,10.0,0.0,0.0,10.0,tierA-a6000-01
MS-MARCO-RBAC,8000000,8000000,Tombstone,bridge,0.2,3,0.05,0.03,0.02,10.0,0.0,0.0,10.0,tierA-a6000-01
MS-MARCO-RBAC,8000000,8000000,Tombstone,bridge,0.2,4,0.05,0.03,0.02,10.0,0.0,0.0,10.0,tierA-a6000-01
MS-MARCO-RBAC,8000000,8000000,Tombstone,bridge,0.3,0,0.05,0.03,0.02,10.0,0.0,0.0,10.0,tierA-a6000-01
MS-MARCO-RBAC,8000000,8000000,Tombstone,bridge,0.3,1,0.05,0.03,0.02,10.0,0.0,0.0,10.0,tierA-a6000-01
MS-MARCO-RBAC,8000000,8000000,Tombstone,bridge,0.3,2,0.05,0.03,0.02,10.0,0.0,0.0,10.0,tierA-a6000-01
MS-MARCO-RBAC,8000000,8000000,Tombstone,bridge,0.3,3,0.05,0.03,0.02,10.0,0.0,0.0,10.0,tierA-a6000-01
MS-MARCO-RBAC,8000000,8000000,Tombstone,bridge,0.3,4,0.05,0.03,0.02,10.0,0.0,0.0,10.0,tierA-a6000-01
MS-MARCO-RBAC,8000000,8000000,Tombstone,bridge,0.4,0,0.05,0.03,0.02,10.0,0.0,0.0,10.0,tierA-a6000-01
MS-MARCO-RBAC,8000000,8000000,Tombstone,bridge,0.4,1,0.05,0.03,0.02,10.0,0.0,0.0,10.0,tierA-a6000-01
MS-MARCO-RBAC,8000000,8000000,Tombstone,bridge,0.4,2,0.05,0.03,0.02,10.0,0.0,0.0,10.0,tierA-a6000-01
MS-MARCO-RBAC,8000000,8000000,Tombstone,bridge,0.4,3,0.05,0.03,0.02,10.0,0.0,0.0,10.0,tierA-a6000-01
MS-MARCO-RBAC,8000000,8000000,Tombstone,bridge,0.4,4,0.05,0.03,0.02,10.0,0.0,0.0,10.0,tierA-a6000-01
MS-MARCO-RBAC,8000000,8000000,Tombstone,bridge,0.5,0,0.05,0.03,0.02,10.0,0.0,0.0,10.0,tierA-a6000-01
MS-MARCO-RBAC,8000000,8000000,Tombstone,bridge,0.5,1,0.05,0.03,0.02,10.0,0.0,0.0,10.0,tierA-a6000-01
MS-MARCO-RBAC,8000000,8000000,Tombstone,bridge,0.5,2,0.05,0.03,0.02,10.0,0.0,0.0,10.0,tierA-a6000-01
MS-MARCO-RBAC,8000000,8000000,Tombstone,bridge,0.5,3,0.05,0.03,0.02,10.0,0.0,0.0,10.0,tierA-a6000-01
MS-MARCO-RBAC,8000000,8000000,Tombstone,bridge,0.5,4,0.05,0.03,0.02,10.0,0.0,0.0,10.0,tierA-a6000-01
MS-MARCO-RBAC,8000000,8000000,Post-filter,random,0.0,0,0.05,0.03,0.02,10.0,0.0,0.0,10.0,tierA-a6000-01
MS-MARCO-RBAC,8000000,8000000,Post-filter,random,0.0,1,0.05,0.03,0.02,10.0,0.0,0.0,10.0,tierA-a6000-01
MS-MARCO-RBAC,8000000,8000000,Post-filter,random,0.0,2,0.05,0.03,0.02,10.0,0.0,0.0,10.0,tierA-a6000-01
MS-MARCO-RBAC,8000000,8000000,Post-filter,random,0.0,3,0.05,0.03,0.02,10.0,0.0,0.0,10.0,tierA-a6000-01
MS-MARCO-RBAC,8000000,8000000,Post-filter,random,0.0,4,0.05,0.03,0.02,10.0,0.0,0.0,10.0,tierA-a6000-01
MS-MARCO-RBAC,8000000,8000000,Post-filter,random,0.1,0,0.05,0.03,0.02,10.0,0.0,0.0,10.0,tierA-a6000-01
MS-MARCO-RBAC,8000000,8000000,Post-filter,random,0.1,1,0.05,0.03,0.02,10.0,0.0,0.0,10.0,tierA-a6000-01
MS-MARCO-RBAC,8000000,8000000,Post-filter,random,0.1,2,0.05,0.03,0.02,10.0,0.0,0.0,10.0,tierA-a6000-01
MS-MARCO-RBAC,8000000,8000000,Post-filter,random,0.1,3,0.05,0.03,0.02,10.0,0.0,0.0,10.0,tierA-a6000-01
MS-MARCO-RBAC,8000000,8000000,Post-filter,random,0.1,4,0.05,0.03,0.02,10.0,0.0,0.0,10.0,tierA-a6000-01
MS-MARCO-RBAC,8000000,8000000,Post-filter,random,0.2,0,0.05,0.03,0.02,10.0,0.0,0.0,10.0,tierA-a6000-01
MS-MARCO-RBAC,8000000,8000000,Post-filter,random,0.2,1,0.05,0.03,0.02,10.0,0.0,0.0,10.0,tierA-a6000-01
MS-MARCO-RBAC,8000000,8000000,Post-filter,random,0.2,2,0.05,0.03,0.02,10.0,0.0,0.0,10.0,tierA-a6000-01
MS-MARCO-RBAC,8000000,8000000,Post-filter,random,0.2,3,0.05,0.03,0.02,10.0,0.0,0.0,10.0,tierA-a6000-01
MS-MARCO-RBAC,8000000,8000000,Post-filter,random,0.2,4,0.05,0.03,0.02,10.0,0.0,0.0,10.0,tierA-a6000-01
MS-MARCO-RBAC,8000000,8000000,Post-filter,random,0.3,0,0.05,0.03,0.02,10.0,0.0,0.0,10.0,tierA-a6000-01
MS-MARCO-RBAC,8000000,8000000,Post-filter,random,0.3,1,0.05,0.03,0.02,10.0,0.0,0.0,10.0,tierA-a6000-01
MS-MARCO-RBAC,8000000,8000000,Post-filter,random,0.3,2,0.05,0.03,0.02,10.0,0.0,0.0,10.0,tierA-a6000-01
MS-MARCO-RBAC,8000000,8000000,Post-filter,random,0.3,3,0.05,0.03,0.02,10.0,0.0,0.0,10.0,tierA-a6000-01
MS-MARCO-RBAC,8000000,8000000,Post-filter,random,0.3,4,0.05,0.03,0.02,10.0,0.0,0.0,10.0,tierA-a6000-01
MS-MARCO-RBAC,8000000,8000000,Post-filter,random,0.4,0,0.05,0.03,0.02,10.0,0.0,0.0,10.0,tierA-a6000-01
MS-MARCO-RBAC,8000000,8000000,Post-filter,random,0.4,1,0.05,0.03,0.02,10.0,0.0,0.0,10.0,tierA-a6000-01
MS-MARCO-RBAC,8000000,8000000,Post-filter,random,0.4,2,0.05,0.03,0.02,10.0,0.0,0.0,10.0,tierA-a6000-01
MS-MARCO-RBAC,8000000,8000000,Post-filter,random,0.4,3,0.05,0.03,0.02,10.0,0.0,0.0,10.0,tierA-a6000-01
MS-MARCO-RBAC,8000000,8000000,Post-filter,random,0.4,4,0.05,0.03,0.02,10.0,0.0,0.0,10.0,tierA-a6000-01
MS-MARCO-RBAC,8000000,8000000,Post-filter,random,0.5,0,0.05,0.03,0.02,10.0,0.0,0.0,10.0,tierA-a6000-01
MS-MARCO-RBAC,8000000,8000000,Post-filter,random,0.5,1,0.05,0.03,0.02,10.0,0.0,0.0,10.0,tierA-a6000-01
MS-MARCO-RBAC,8000000,8000000,Post-filter,random,0.5,2,0.05,0.03,0.02,10.0,0.0,0.0,10.0,tierA-a6000-01
MS-MARCO-RBAC,8000000,8000000,Post-filter,random,0.5,3,0.05,0.03,0.02,10.0,0.0,0.0,10.0,tierA-a6000-01
MS-MARCO-RBAC,8000000,8000000,Post-filter,random,0.5,4,0.05,0.03,0.02,10.0,0.0,0.0,10.0,tierA-a6000-01
MS-MARCO-RBAC,8000000,8000000,Post-filter,hub,0.0,0,0.05,0.03,0.02,10.0,0.0,0.0,10.0,tierA-a6000-01
MS-MARCO-RBAC,8000000,8000000,Post-filter,hub,0.0,1,0.05,0.03,0.02,10.0,0.0,0.0,10.0,tierA-a6000-01
MS-MARCO-RBAC,8000000,8000000,Post-filter,hub,0.0,2,0.05,0.03,0.02,10.0,0.0,0.0,10.0,tierA-a6000-01
MS-MARCO-RBAC,8000000,8000000,Post-filter,hub,0.0,3,0.05,0.03,0.02,10.0,0.0,0.0,10.0,tierA-a6000-01
MS-MARCO-RBAC,8000000,8000000,Post-filter,hub,0.0,4,0.05,0.03,0.02,10.0,0.0,0.0,10.0,tierA-a6000-01
MS-MARCO-RBAC,8000000,8000000,Post-filter,hub,0.1,0,0.05,0.03,0.02,10.0,0.0,0.0,10.0,tierA-a6000-01
MS-MARCO-RBAC,8000000,8000000,Post-filter,hub,0.1,1,0.05,0.03,0.02,10.0,0.0,0.0,10.0,tierA-a6000-01
MS-MARCO-RBAC,8000000,8000000,Post-filter,hub,0.1,2,0.05,0.03,0.02,10.0,0.0,0.0,10.0,tierA-a6000-01
MS-MARCO-RBAC,8000000,8000000,Post-filter,hub,0.1,3,0.05,0.03,0.02,10.0,0.0,0.0,10.0,tierA-a6000-01
MS-MARCO-RBAC,8000000,8000000,Post-filter,hub,0.1,4,0.05,0.03,0.02,10.0,0.0,0.0,10.0,tierA-a6000-01
MS-MARCO-RBAC,8000000,8000000,Post-filter,hub,0.2,0,0.05,0.03,0.02,10.0,0.0,0.0,10.0,tierA-a6000-01
MS-MARCO-RBAC,8000000,8000000,Post-filter,hub,0.2,1,0.05,0.03,0.02,10.0,0.0,0.0,10.0,tierA-a6000-01
MS-MARCO-RBAC,8000000,8000000,Post-filter,hub,0.2,2,0.05,0.03,0.02,10.0,0.0,0.0,10.0,tierA-a6000-01
MS-MARCO-RBAC,8000000,8000000,Post-filter,hub,0.2,3,0.05,0.03,0.02,10.0,0.0,0.0,10.0,tierA-a6000-01
MS-MARCO-RBAC,8000000,8000000,Post-filter,hub,0.2,4,0.05,0.03,0.02,10.0,0.0,0.0,10.0,tierA-a6000-01
MS-MARCO-RBAC,8000000,8000000,Post-filter,hub,0.3,0,0.05,0.03,0.02,10.0,0.0,0.0,10.0,tierA-a6000-01
MS-MARCO-RBAC,8000000,8000000,Post-filter,hub,0.3,1,0.05,0.03,0.02,10.0,0.0,0.0,10.0,tierA-a6000-01
MS-MARCO-RBAC,8000000,8000000,Post-filter,hub,0.3,2,0.05,0.03,0.02,10.0,0.0,0.0,10.0,tierA-a6000-01
MS-MARCO-RBAC,8000000,8000000,Post-filter,hub,0.3,3,0.05,0.03,0.02,10.0,0.0,0.0,10.0,tierA-a6000-01
MS-MARCO-RBAC,8000000,8000000,Post-filter,hub,0.3,4,0.05,0.03,0.02,10.0,0.0,0.0,10.0,tierA-a6000-01
MS-MARCO-RBAC,8000000,8000000,Post-filter,hub,0.4,0,0.05,0.03,0.02,10.0,0.0,0.0,10.0,tierA-a6000-01
MS-MARCO-RBAC,8000000,8000000,Post-filter,hub,0.4,1,0.05,0.03,0.02,10.0,0.0,0.0,10.0,tierA-a6000-01
MS-MARCO-RBAC,8000000,8000000,Post-filter,hub,0.4,2,0.05,0.03,0.02,10.0,0.0,0.0,10.0,tierA-a6000-01
MS-MARCO-RBAC,8000000,8000000,Post-filter,hub,0.4,3,0.05,0.03,0.02,10.0,0.0,0.0,10.0,tierA-a6000-01
MS-MARCO-RBAC,8000000,8000000,Post-filter,hub,0.4,4,0.05,0.03,0.02,10.0,0.0,0.0,10.0,tierA-a6000-01
MS-MARCO-RBAC,8000000,8000000,Post-filter,hub,0.5,0,0.05,0.03,0.02,10.0,0.0,0.0,10.0,tierA-a6000-01
MS-MARCO-RBAC,8000000,8000000,Post-filter,hub,0.5,1,0.05,0.03,0.02,10.0,0.0,0.0,10.0,tierA-a6000-01
MS-MARCO-RBAC,8000000,8000000,Post-filter,hub,0.5,2,0.05,0.03,0.02,10.0,0.0,0.0,10.0,tierA-a6000-01
MS-MARCO-RBAC,8000000,8000000,Post-filter,hub,0.5,3,0.05,0.03,0.02,10.0,0.0,0.0,10.0,tierA-a6000-01
MS-MARCO-RBAC,8000000,8000000,Post-filter,hub,0.5,4,0.05,0.03,0.02,10.0,0.0,0.0,10.0,tierA-a6000-01
MS-MARCO-RBAC,8000000,8000000,Post-filter,cluster,0.0,0,0.05,0.03,0.02,10.0,0.0,0.0,10.0,tierA-a6000-01
MS-MARCO-RBAC,8000000,8000000,Post-filter,cluster,0.0,1,0.05,0.03,0.02,10.0,0.0,0.0,10.0,tierA-a6000-01
MS-MARCO-RBAC,8000000,8000000,Post-filter,cluster,0.0,2,0.05,0.03,0.02,10.0,0.0,0.0,10.0,tierA-a6000-01
MS-MARCO-RBAC,8000000,8000000,Post-filter,cluster,0.0,3,0.05,0.03,0.02,10.0,0.0,0.0,10.0,tierA-a6000-01
MS-MARCO-RBAC,8000000,8000000,Post-filter,cluster,0.0,4,0.05,0.03,0.02,10.0,0.0,0.0,10.0,tierA-a6000-01
MS-MARCO-RBAC,8000000,8000000,Post-filter,cluster,0.1,0,0.05,0.03,0.02,10.0,0.0,0.0,10.0,tierA-a6000-01
MS-MARCO-RBAC,8000000,8000000,Post-filter,cluster,0.1,1,0.05,0.03,0.02,10.0,0.0,0.0,10.0,tierA-a6000-01
MS-MARCO-RBAC,8000000,8000000,Post-filter,cluster,0.1,2,0.05,0.03,0.02,10.0,0.0,0.0,10.0,tierA-a6000-01
MS-MARCO-RBAC,8000000,8000000,Post-filter,cluster,0.1,3,0.05,0.03,0.02,10.0,0.0,0.0,10.0,tierA-a6000-01
MS-MARCO-RBAC,8000000,8000000,Post-filter,cluster,0.1,4,0.05,0.03,0.02,10.0,0.0,0.0,10.0,tierA-a6000-01
MS-MARCO-RBAC,8000000,8000000,Post-filter,cluster,0.2,0,0.05,0.03,0.02,10.0,0.0,0.0,10.0,tierA-a6000-01
MS-MARCO-RBAC,8000000,8000000,Post-filter,cluster,0.2,1,0.05,0.03,0.02,10.0,0.0,0.0,10.0,tierA-a6000-01
MS-MARCO-RBAC,8000000,8000000,Post-filter,cluster,0.2,2,0.05,0.03,0.02,10.0,0.0,0.0,10.0,tierA-a6000-01
MS-MARCO-RBAC,8000000,8000000,Post-filter,cluster,0.2,3,0.05,0.03,0.02,10.0,0.0,0.0,10.0,tierA-a6000-01
MS-MARCO-RBAC,8000000,8000000,Post-filter,cluster,0.2,4,0.05,0.03,0.02,10.0,0.0,0.0,10.0,tierA-a6000-01
MS-MARCO-RBAC,8000000,8000000,Post-filter,cluster,0.3,0,0.05,0.03,0.02,10.0,0.0,0.0,10.0,tierA-a6000-01
MS-MARCO-RBAC,8000000,8000000,Post-filter,cluster,0.3,1,0.05,0.03,0.02,10.0,0.0,0.0,10.0,tierA-a6000-01
MS-MARCO-RBAC,8000000,8000000,Post-filter,cluster,0.3,2,0.05,0.03,0.02,10.0,0.0,0.0,10.0,tierA-a6000-01
MS-MARCO-RBAC,8000000,8000000,Post-filter,cluster,0.3,3,0.05,0.03,0.02,10.0,0.0,0.0,10.0,tierA-a6000-01
MS-MARCO-RBAC,8000000,8000000,Post-filter,cluster,0.3,4,0.05,0.03,0.02,10.0,0.0,0.0,10.0,tierA-a6000-01
MS-MARCO-RBAC,8000000,8000000,Post-filter,cluster,0.4,0,0.05,0.03,0.02,10.0,0.0,0.0,10.0,tierA-a6000-01
MS-MARCO-RBAC,8000000,8000000,Post-filter,cluster,0.4,1,0.05,0.03,0.02,10.0,0.0,0.0,10.0,tierA-a6000-01
MS-MARCO-RBAC,8000000,8000000,Post-filter,cluster,0.4,2,0.05,0.03,0.02,10.0,0.0,0.0,10.0,tierA-a6000-01
MS-MARCO-RBAC,8000000,8000000,Post-filter,cluster,0.4,3,0.05,0.03,0.02,10.0,0.0,0.0,10.0,tierA-a6000-01
MS-MARCO-RBAC,8000000,8000000,Post-filter,cluster,0.4,4,0.05,0.03,0.02,10.0,0.0,0.0,10.0,tierA-a6000-01
MS-MARCO-RBAC,8000000,8000000,Post-filter,cluster,0.5,0,0.05,0.03,0.02,10.0,0.0,0.0,10.0,tierA-a6000-01
MS-MARCO-RBAC,8000000,8000000,Post-filter,cluster,0.5,1,0.05,0.03,0.02,10.0,0.0,0.0,10.0,tierA-a6000-01
MS-MARCO-RBAC,8000000,8000000,Post-filter,cluster,0.5,2,0.05,0.03,0.02,10.0,0.0,0.0,10.0,tierA-a6000-01
MS-MARCO-RBAC,8000000,8000000,Post-filter,cluster,0.5,3,0.05,0.03,0.02,10.0,0.0,0.0,10.0,tierA-a6000-01
MS-MARCO-RBAC,8000000,8000000,Post-filter,cluster,0.5,4,0.05,0.03,0.02,10.0,0.0,0.0,10.0,tierA-a6000-01
MS-MARCO-RBAC,8000000,8000000,Post-filter,bridge,0.0,0,0.05,0.03,0.02,10.0,0.0,0.0,10.0,tierA-a6000-01
MS-MARCO-RBAC,8000000,8000000,Post-filter,bridge,0.0,1,0.05,0.03,0.02,10.0,0.0,0.0,10.0,tierA-a6000-01
MS-MARCO-RBAC,8000000,8000000,Post-filter,bridge,0.0,2,0.05,0.03,0.02,10.0,0.0,0.0,10.0,tierA-a6000-01
MS-MARCO-RBAC,8000000,8000000,Post-filter,bridge,0.0,3,0.05,0.03,0.02,10.0,0.0,0.0,10.0,tierA-a6000-01
MS-MARCO-RBAC,8000000,8000000,Post-filter,bridge,0.0,4,0.05,0.03,0.02,10.0,0.0,0.0,10.0,tierA-a6000-01
MS-MARCO-RBAC,8000000,8000000,Post-filter,bridge,0.1,0,0.05,0.03,0.02,10.0,0.0,0.0,10.0,tierA-a6000-01
MS-MARCO-RBAC,8000000,8000000,Post-filter,bridge,0.1,1,0.05,0.03,0.02,10.0,0.0,0.0,10.0,tierA-a6000-01
MS-MARCO-RBAC,8000000,8000000,Post-filter,bridge,0.1,2,0.05,0.03,0.02,10.0,0.0,0.0,10.0,tierA-a6000-01
MS-MARCO-RBAC,8000000,8000000,Post-filter,bridge,0.1,3,0.05,0.03,0.02,10.0,0.0,0.0,10.0,tierA-a6000-01
MS-MARCO-RBAC,8000000,8000000,Post-filter,bridge,0.1,4,0.05,0.03,0.02,10.0,0.0,0.0,10.0,tierA-a6000-01
MS-MARCO-RBAC,8000000,8000000,Post-filter,bridge,0.2,0,0.05,0.03,0.02,10.0,0.0,0.0,10.0,tierA-a6000-01
MS-MARCO-RBAC,8000000,8000000,Post-filter,bridge,0.2,1,0.05,0.03,0.02,10.0,0.0,0.0,10.0,tierA-a6000-01
MS-MARCO-RBAC,8000000,8000000,Post-filter,bridge,0.2,2,0.05,0.03,0.02,10.0,0.0,0.0,10.0,tierA-a6000-01
MS-MARCO-RBAC,8000000,8000000,Post-filter,bridge,0.2,3,0.05,0.03,0.02,10.0,0.0,0.0,10.0,tierA-a6000-01
MS-MARCO-RBAC,8000000,8000000,Post-filter,bridge,0.2,4,0.05,0.03,0.02,10.0,0.0,0.0,10.0,tierA-a6000-01
MS-MARCO-RBAC,8000000,8000000,Post-filter,bridge,0.3,0,0.05,0.03,0.02,10.0,0.0,0.0,10.0,tierA-a6000-01
MS-MARCO-RBAC,8000000,8000000,Post-filter,bridge,0.3,1,0.05,0.03,0.02,10.0,0.0,0.0,10.0,tierA-a6000-01
MS-MARCO-RBAC,8000000,8000000,Post-filter,bridge,0.3,2,0.05,0.03,0.02,10.0,0.0,0.0,10.0,tierA-a6000-01
MS-MARCO-RBAC,8000000,8000000,Post-filter,bridge,0.3,3,0.05,0.03,0.02,10.0,0.0,0.0,10.0,tierA-a6000-01
MS-MARCO-RBAC,8000000,8000000,Post-filter,bridge,0.3,4,0.05,0.03,0.02,10.0,0.0,0.0,10.0,tierA-a6000-01
MS-MARCO-RBAC,8000000,8000000,Post-filter,bridge,0.4,0,0.05,0.03,0.02,10.0,0.0,0.0,10.0,tierA-a6000-01
MS-MARCO-RBAC,8000000,8000000,Post-filter,bridge,0.4,1,0.05,0.03,0.02,10.0,0.0,0.0,10.0,tierA-a6000-01
MS-MARCO-RBAC,8000000,8000000,Post-filter,bridge,0.4,2,0.05,0.03,0.02,10.0,0.0,0.0,10.0,tierA-a6000-01
MS-MARCO-RBAC,8000000,8000000,Post-filter,bridge,0.4,3,0.05,0.03,0.02,10.0,0.0,0.0,10.0,tierA-a6000-01
MS-MARCO-RBAC,8000000,8000000,Post-filter,bridge,0.4,4,0.05,0.03,0.02,10.0,0.0,0.0,10.0,tierA-a6000-01
MS-MARCO-RBAC,8000000,8000000,Post-filter,bridge,0.5,0,0.05,0.03,0.02,10.0,0.0,0.0,10.0,tierA-a6000-01
MS-MARCO-RBAC,8000000,8000000,Post-filter,bridge,0.5,1,0.05,0.03,0.02,10.0,0.0,0.0,10.0,tierA-a6000-01
MS-MARCO-RBAC,8000000,8000000,Post-filter,bridge,0.5,2,0.05,0.03,0.02,10.0,0.0,0.0,10.0,tierA-a6000-01
MS-MARCO-RBAC,8000000,8000000,Post-filter,bridge,0.5,3,0.05,0.03,0.02,10.0,0.0,0.0,10.0,tierA-a6000-01
MS-MARCO-RBAC,8000000,8000000,Post-filter,bridge,0.5,4,0.05,0.03,0.02,10.0,0.0,0.0,10.0,tierA-a6000-01
MS-MARCO-RBAC,8000000,8000000,Lethe,random,0.0,0,0.32,0.36,0.22,10.0,0.13,0.03,11.2,tierA-a6000-01
MS-MARCO-RBAC,8000000,8000000,Lethe,random,0.0,1,0.32,0.36,0.22,10.0,0.13,0.03,11.2,tierA-a6000-01
MS-MARCO-RBAC,8000000,8000000,Lethe,random,0.0,2,0.32,0.36,0.22,10.0,0.13,0.03,11.2,tierA-a6000-01
MS-MARCO-RBAC,8000000,8000000,Lethe,random,0.0,3,0.32,0.36,0.22,10.0,0.13,0.03,11.2,tierA-a6000-01
MS-MARCO-RBAC,8000000,8000000,Lethe,random,0.0,4,0.32,0.36,0.22,10.0,0.13,0.03,11.2,tierA-a6000-01
MS-MARCO-RBAC,8000000,8000000,Lethe,random,0.1,0,0.32,0.36,0.22,10.0,0.13,0.03,11.2,tierA-a6000-01
MS-MARCO-RBAC,8000000,8000000,Lethe,random,0.1,1,0.32,0.36,0.22,10.0,0.13,0.03,11.2,tierA-a6000-01
MS-MARCO-RBAC,8000000,8000000,Lethe,random,0.1,2,0.32,0.36,0.22,10.0,0.13,0.03,11.2,tierA-a6000-01
MS-MARCO-RBAC,8000000,8000000,Lethe,random,0.1,3,0.32,0.36,0.22,10.0,0.13,0.03,11.2,tierA-a6000-01
MS-MARCO-RBAC,8000000,8000000,Lethe,random,0.1,4,0.32,0.36,0.22,10.0,0.13,0.03,11.2,tierA-a6000-01
MS-MARCO-RBAC,8000000,8000000,Lethe,random,0.2,0,0.32,0.36,0.22,10.0,0.13,0.03,11.2,tierA-a6000-01
MS-MARCO-RBAC,8000000,8000000,Lethe,random,0.2,1,0.32,0.36,0.22,10.0,0.13,0.03,11.2,tierA-a6000-01
MS-MARCO-RBAC,8000000,8000000,Lethe,random,0.2,2,0.32,0.36,0.22,10.0,0.13,0.03,11.2,tierA-a6000-01
MS-MARCO-RBAC,8000000,8000000,Lethe,random,0.2,3,0.32,0.36,0.22,10.0,0.13,0.03,11.2,tierA-a6000-01
MS-MARCO-RBAC,8000000,8000000,Lethe,random,0.2,4,0.32,0.36,0.22,10.0,0.13,0.03,11.2,tierA-a6000-01
MS-MARCO-RBAC,8000000,8000000,Lethe,random,0.3,0,0.32,0.36,0.22,10.0,0.13,0.03,11.2,tierA-a6000-01
MS-MARCO-RBAC,8000000,8000000,Lethe,random,0.3,1,0.32,0.36,0.22,10.0,0.13,0.03,11.2,tierA-a6000-01
MS-MARCO-RBAC,8000000,8000000,Lethe,random,0.3,2,0.32,0.36,0.22,10.0,0.13,0.03,11.2,tierA-a6000-01
MS-MARCO-RBAC,8000000,8000000,Lethe,random,0.3,3,0.32,0.36,0.22,10.0,0.13,0.03,11.2,tierA-a6000-01
MS-MARCO-RBAC,8000000,8000000,Lethe,random,0.3,4,0.32,0.36,0.22,10.0,0.13,0.03,11.2,tierA-a6000-01
MS-MARCO-RBAC,8000000,8000000,Lethe,random,0.4,0,0.32,0.36,0.22,10.0,0.13,0.03,11.2,tierA-a6000-01
MS-MARCO-RBAC,8000000,8000000,Lethe,random,0.4,1,0.32,0.36,0.22,10.0,0.13,0.03,11.2,tierA-a6000-01
MS-MARCO-RBAC,8000000,8000000,Lethe,random,0.4,2,0.32,0.36,0.22,10.0,0.13,0.03,11.2,tierA-a6000-01
MS-MARCO-RBAC,8000000,8000000,Lethe,random,0.4,3,0.32,0.36,0.22,10.0,0.13,0.03,11.2,tierA-a6000-01
MS-MARCO-RBAC,8000000,8000000,Lethe,random,0.4,4,0.32,0.36,0.22,10.0,0.13,0.03,11.2,tierA-a6000-01
MS-MARCO-RBAC,8000000,8000000,Lethe,random,0.5,0,0.32,0.36,0.22,10.0,0.13,0.03,11.2,tierA-a6000-01
MS-MARCO-RBAC,8000000,8000000,Lethe,random,0.5,1,0.32,0.36,0.22,10.0,0.13,0.03,11.2,tierA-a6000-01
MS-MARCO-RBAC,8000000,8000000,Lethe,random,0.5,2,0.32,0.36,0.22,10.0,0.13,0.03,11.2,tierA-a6000-01
MS-MARCO-RBAC,8000000,8000000,Lethe,random,0.5,3,0.32,0.36,0.22,10.0,0.13,0.03,11.2,tierA-a6000-01
MS-MARCO-RBAC,8000000,8000000,Lethe,random,0.5,4,0.32,0.36,0.22,10.0,0.13,0.03,11.2,tierA-a6000-01
MS-MARCO-RBAC,8000000,8000000,Lethe,hub,0.0,0,0.32,0.36,0.22,10.0,0.13,0.03,11.2,tierA-a6000-01
MS-MARCO-RBAC,8000000,8000000,Lethe,hub,0.0,1,0.32,0.36,0.22,10.0,0.13,0.03,11.2,tierA-a6000-01
MS-MARCO-RBAC,8000000,8000000,Lethe,hub,0.0,2,0.32,0.36,0.22,10.0,0.13,0.03,11.2,tierA-a6000-01
MS-MARCO-RBAC,8000000,8000000,Lethe,hub,0.0,3,0.32,0.36,0.22,10.0,0.13,0.03,11.2,tierA-a6000-01
MS-MARCO-RBAC,8000000,8000000,Lethe,hub,0.0,4,0.32,0.36,0.22,10.0,0.13,0.03,11.2,tierA-a6000-01
MS-MARCO-RBAC,8000000,8000000,Lethe,hub,0.1,0,0.32,0.36,0.22,10.0,0.13,0.03,11.2,tierA-a6000-01
MS-MARCO-RBAC,8000000,8000000,Lethe,hub,0.1,1,0.32,0.36,0.22,10.0,0.13,0.03,11.2,tierA-a6000-01
MS-MARCO-RBAC,8000000,8000000,Lethe,hub,0.1,2,0.32,0.36,0.22,10.0,0.13,0.03,11.2,tierA-a6000-01
MS-MARCO-RBAC,8000000,8000000,Lethe,hub,0.1,3,0.32,0.36,0.22,10.0,0.13,0.03,11.2,tierA-a6000-01
MS-MARCO-RBAC,8000000,8000000,Lethe,hub,0.1,4,0.32,0.36,0.22,10.0,0.13,0.03,11.2,tierA-a6000-01
MS-MARCO-RBAC,8000000,8000000,Lethe,hub,0.2,0,0.32,0.36,0.22,10.0,0.13,0.03,11.2,tierA-a6000-01
MS-MARCO-RBAC,8000000,8000000,Lethe,hub,0.2,1,0.32,0.36,0.22,10.0,0.13,0.03,11.2,tierA-a6000-01
MS-MARCO-RBAC,8000000,8000000,Lethe,hub,0.2,2,0.32,0.36,0.22,10.0,0.13,0.03,11.2,tierA-a6000-01
MS-MARCO-RBAC,8000000,8000000,Lethe,hub,0.2,3,0.32,0.36,0.22,10.0,0.13,0.03,11.2,tierA-a6000-01
MS-MARCO-RBAC,8000000,8000000,Lethe,hub,0.2,4,0.32,0.36,0.22,10.0,0.13,0.03,11.2,tierA-a6000-01
MS-MARCO-RBAC,8000000,8000000,Lethe,hub,0.3,0,0.32,0.36,0.22,10.0,0.13,0.03,11.2,tierA-a6000-01
MS-MARCO-RBAC,8000000,8000000,Lethe,hub,0.3,1,0.32,0.36,0.22,10.0,0.13,0.03,11.2,tierA-a6000-01
MS-MARCO-RBAC,8000000,8000000,Lethe,hub,0.3,2,0.32,0.36,0.22,10.0,0.13,0.03,11.2,tierA-a6000-01
MS-MARCO-RBAC,8000000,8000000,Lethe,hub,0.3,3,0.32,0.36,0.22,10.0,0.13,0.03,11.2,tierA-a6000-01
MS-MARCO-RBAC,8000000,8000000,Lethe,hub,0.3,4,0.32,0.36,0.22,10.0,0.13,0.03,11.2,tierA-a6000-01
MS-MARCO-RBAC,8000000,8000000,Lethe,hub,0.4,0,0.32,0.36,0.22,10.0,0.13,0.03,11.2,tierA-a6000-01
MS-MARCO-RBAC,8000000,8000000,Lethe,hub,0.4,1,0.32,0.36,0.22,10.0,0.13,0.03,11.2,tierA-a6000-01
MS-MARCO-RBAC,8000000,8000000,Lethe,hub,0.4,2,0.32,0.36,0.22,10.0,0.13,0.03,11.2,tierA-a6000-01
MS-MARCO-RBAC,8000000,8000000,Lethe,hub,0.4,3,0.32,0.36,0.22,10.0,0.13,0.03,11.2,tierA-a6000-01
MS-MARCO-RBAC,8000000,8000000,Lethe,hub,0.4,4,0.32,0.36,0.22,10.0,0.13,0.03,11.2,tierA-a6000-01
MS-MARCO-RBAC,8000000,8000000,Lethe,hub,0.5,0,0.32,0.36,0.22,10.0,0.13,0.03,11.2,tierA-a6000-01
MS-MARCO-RBAC,8000000,8000000,Lethe,hub,0.5,1,0.32,0.36,0.22,10.0,0.13,0.03,11.2,tierA-a6000-01
MS-MARCO-RBAC,8000000,8000000,Lethe,hub,0.5,2,0.32,0.36,0.22,10.0,0.13,0.03,11.2,tierA-a6000-01
MS-MARCO-RBAC,8000000,8000000,Lethe,hub,0.5,3,0.32,0.36,0.22,10.0,0.13,0.03,11.2,tierA-a6000-01
MS-MARCO-RBAC,8000000,8000000,Lethe,hub,0.5,4,0.32,0.36,0.22,10.0,0.13,0.03,11.2,tierA-a6000-01
MS-MARCO-RBAC,8000000,8000000,Lethe,cluster,0.0,0,0.32,0.36,0.22,10.0,0.13,0.03,11.2,tierA-a6000-01
MS-MARCO-RBAC,8000000,8000000,Lethe,cluster,0.0,1,0.32,0.36,0.22,10.0,0.13,0.03,11.2,tierA-a6000-01
MS-MARCO-RBAC,8000000,8000000,Lethe,cluster,0.0,2,0.32,0.36,0.22,10.0,0.13,0.03,11.2,tierA-a6000-01
MS-MARCO-RBAC,8000000,8000000,Lethe,cluster,0.0,3,0.32,0.36,0.22,10.0,0.13,0.03,11.2,tierA-a6000-01
MS-MARCO-RBAC,8000000,8000000,Lethe,cluster,0.0,4,0.32,0.36,0.22,10.0,0.13,0.03,11.2,tierA-a6000-01
MS-MARCO-RBAC,8000000,8000000,Lethe,cluster,0.1,0,0.32,0.36,0.22,10.0,0.13,0.03,11.2,tierA-a6000-01
MS-MARCO-RBAC,8000000,8000000,Lethe,cluster,0.1,1,0.32,0.36,0.22,10.0,0.13,0.03,11.2,tierA-a6000-01
MS-MARCO-RBAC,8000000,8000000,Lethe,cluster,0.1,2,0.32,0.36,0.22,10.0,0.13,0.03,11.2,tierA-a6000-01
MS-MARCO-RBAC,8000000,8000000,Lethe,cluster,0.1,3,0.32,0.36,0.22,10.0,0.13,0.03,11.2,tierA-a6000-01
MS-MARCO-RBAC,8000000,8000000,Lethe,cluster,0.1,4,0.32,0.36,0.22,10.0,0.13,0.03,11.2,tierA-a6000-01
MS-MARCO-RBAC,8000000,8000000,Lethe,cluster,0.2,0,0.32,0.36,0.22,10.0,0.13,0.03,11.2,tierA-a6000-01
MS-MARCO-RBAC,8000000,8000000,Lethe,cluster,0.2,1,0.32,0.36,0.22,10.0,0.13,0.03,11.2,tierA-a6000-01
MS-MARCO-RBAC,8000000,8000000,Lethe,cluster,0.2,2,0.32,0.36,0.22,10.0,0.13,0.03,11.2,tierA-a6000-01
MS-MARCO-RBAC,8000000,8000000,Lethe,cluster,0.2,3,0.32,0.36,0.22,10.0,0.13,0.03,11.2,tierA-a6000-01
MS-MARCO-RBAC,8000000,8000000,Lethe,cluster,0.2,4,0.32,0.36,0.22,10.0,0.13,0.03,11.2,tierA-a6000-01
MS-MARCO-RBAC,8000000,8000000,Lethe,cluster,0.3,0,0.32,0.36,0.22,10.0,0.13,0.03,11.2,tierA-a6000-01
MS-MARCO-RBAC,8000000,8000000,Lethe,cluster,0.3,1,0.32,0.36,0.22,10.0,0.13,0.03,11.2,tierA-a6000-01
MS-MARCO-RBAC,8000000,8000000,Lethe,cluster,0.3,2,0.32,0.36,0.22,10.0,0.13,0.03,11.2,tierA-a6000-01
MS-MARCO-RBAC,8000000,8000000,Lethe,cluster,0.3,3,0.32,0.36,0.22,10.0,0.13,0.03,11.2,tierA-a6000-01
MS-MARCO-RBAC,8000000,8000000,Lethe,cluster,0.3,4,0.32,0.36,0.22,10.0,0.13,0.03,11.2,tierA-a6000-01
MS-MARCO-RBAC,8000000,8000000,Lethe,cluster,0.4,0,0.32,0.36,0.22,10.0,0.13,0.03,11.2,tierA-a6000-01
MS-MARCO-RBAC,8000000,8000000,Lethe,cluster,0.4,1,0.32,0.36,0.22,10.0,0.13,0.03,11.2,tierA-a6000-01
MS-MARCO-RBAC,8000000,8000000,Lethe,cluster,0.4,2,0.32,0.36,0.22,10.0,0.13,0.03,11.2,tierA-a6000-01
MS-MARCO-RBAC,8000000,8000000,Lethe,cluster,0.4,3,0.32,0.36,0.22,10.0,0.13,0.03,11.2,tierA-a6000-01
MS-MARCO-RBAC,8000000,8000000,Lethe,cluster,0.4,4,0.32,0.36,0.22,10.0,0.13,0.03,11.2,tierA-a6000-01
MS-MARCO-RBAC,8000000,8000000,Lethe,cluster,0.5,0,0.32,0.36,0.22,10.0,0.13,0.03,11.2,tierA-a6000-01
MS-MARCO-RBAC,8000000,8000000,Lethe,cluster,0.5,1,0.32,0.36,0.22,10.0,0.13,0.03,11.2,tierA-a6000-01
MS-MARCO-RBAC,8000000,8000000,Lethe,cluster,0.5,2,0.32,0.36,0.22,10.0,0.13,0.03,11.2,tierA-a6000-01
MS-MARCO-RBAC,8000000,8000000,Lethe,cluster,0.5,3,0.32,0.36,0.22,10.0,0.13,0.03,11.2,tierA-a6000-01
MS-MARCO-RBAC,8000000,8000000,Lethe,cluster,0.5,4,0.32,0.36,0.22,10.0,0.13,0.03,11.2,tierA-a6000-01
MS-MARCO-RBAC,8000000,8000000,Lethe,bridge,0.0,0,0.32,0.36,0.22,10.0,0.13,0.03,11.2,tierA-a6000-01
MS-MARCO-RBAC,8000000,8000000,Lethe,bridge,0.0,1,0.32,0.36,0.22,10.0,0.13,0.03,11.2,tierA-a6000-01
MS-MARCO-RBAC,8000000,8000000,Lethe,bridge,0.0,2,0.32,0.36,0.22,10.0,0.13,0.03,11.2,tierA-a6000-01
MS-MARCO-RBAC,8000000,8000000,Lethe,bridge,0.0,3,0.32,0.36,0.22,10.0,0.13,0.03,11.2,tierA-a6000-01
MS-MARCO-RBAC,8000000,8000000,Lethe,bridge,0.0,4,0.32,0.36,0.22,10.0,0.13,0.03,11.2,tierA-a6000-01
MS-MARCO-RBAC,8000000,8000000,Lethe,bridge,0.1,0,0.32,0.36,0.22,10.0,0.13,0.03,11.2,tierA-a6000-01
MS-MARCO-RBAC,8000000,8000000,Lethe,bridge,0.1,1,0.32,0.36,0.22,10.0,0.13,0.03,11.2,tierA-a6000-01
MS-MARCO-RBAC,8000000,8000000,Lethe,bridge,0.1,2,0.32,0.36,0.22,10.0,0.13,0.03,11.2,tierA-a6000-01
MS-MARCO-RBAC,8000000,8000000,Lethe,bridge,0.1,3,0.32,0.36,0.22,10.0,0.13,0.03,11.2,tierA-a6000-01
MS-MARCO-RBAC,8000000,8000000,Lethe,bridge,0.1,4,0.32,0.36,0.22,10.0,0.13,0.03,11.2,tierA-a6000-01
MS-MARCO-RBAC,8000000,8000000,Lethe,bridge,0.2,0,0.32,0.36,0.22,10.0,0.13,0.03,11.2,tierA-a6000-01
MS-MARCO-RBAC,8000000,8000000,Lethe,bridge,0.2,1,0.32,0.36,0.22,10.0,0.13,0.03,11.2,tierA-a6000-01
MS-MARCO-RBAC,8000000,8000000,Lethe,bridge,0.2,2,0.32,0.36,0.22,10.0,0.13,0.03,11.2,tierA-a6000-01
MS-MARCO-RBAC,8000000,8000000,Lethe,bridge,0.2,3,0.32,0.36,0.22,10.0,0.13,0.03,11.2,tierA-a6000-01
MS-MARCO-RBAC,8000000,8000000,Lethe,bridge,0.2,4,0.32,0.36,0.22,10.0,0.13,0.03,11.2,tierA-a6000-01
MS-MARCO-RBAC,8000000,8000000,Lethe,bridge,0.3,0,0.32,0.36,0.22,10.0,0.13,0.03,11.2,tierA-a6000-01
MS-MARCO-RBAC,8000000,8000000,Lethe,bridge,0.3,1,0.32,0.36,0.22,10.0,0.13,0.03,11.2,tierA-a6000-01
MS-MARCO-RBAC,8000000,8000000,Lethe,bridge,0.3,2,0.32,0.36,0.22,10.0,0.13,0.03,11.2,tierA-a6000-01
MS-MARCO-RBAC,8000000,8000000,Lethe,bridge,0.3,3,0.32,0.36,0.22,10.0,0.13,0.03,11.2,tierA-a6000-01
MS-MARCO-RBAC,8000000,8000000,Lethe,bridge,0.3,4,0.32,0.36,0.22,10.0,0.13,0.03,11.2,tierA-a6000-01
MS-MARCO-RBAC,8000000,8000000,Lethe,bridge,0.4,0,0.32,0.36,0.22,10.0,0.13,0.03,11.2,tierA-a6000-01
MS-MARCO-RBAC,8000000,8000000,Lethe,bridge,0.4,1,0.32,0.36,0.22,10.0,0.13,0.03,11.2,tierA-a6000-01
MS-MARCO-RBAC,8000000,8000000,Lethe,bridge,0.4,2,0.32,0.36,0.22,10.0,0.13,0.03,11.2,tierA-a6000-01
MS-MARCO-RBAC,8000000,8000000,Lethe,bridge,0.4,3,0.32,0.36,0.22,10.0,0.13,0.03,11.2,tierA-a6000-01
MS-MARCO-RBAC,8000000,8000000,Lethe,bridge,0.4,4,0.32,0.36,0.22,10.0,0.13,0.03,11.2,tierA-a6000-01
MS-MARCO-RBAC,8000000,8000000,Lethe,bridge,0.5,0,0.32,0.36,0.22,10.0,0.13,0.03,11.2,tierA-a6000-01
MS-MARCO-RBAC,8000000,8000000,Lethe,bridge,0.5,1,0.32,0.36,0.22,10.0,0.13,0.03,11.2,tierA-a6000-01
MS-MARCO-RBAC,8000000,8000000,Lethe,bridge,0.5,2,0.32,0.36,0.22,10.0,0.13,0.03,11.2,tierA-a6000-01
MS-MARCO-RBAC,8000000,8000000,Lethe,bridge,0.5,3,0.32,0.36,0.22,10.0,0.13,0.03,11.2,tierA-a6000-01
MS-MARCO-RBAC,8000000,8000000,Lethe,bridge,0.5,4,0.32,0.36,0.22,10.0,0.13,0.03,11.2,tierA-a6000-01
MS-MARCO-RBAC,8000000,8000000,Physical-delete,random,0.0,0,0.05,0.03,0.02,10.0,0.0,0.0,10.0,tierA-a6000-01
MS-MARCO-RBAC,8000000,8000000,Physical-delete,random,0.0,1,0.05,0.03,0.02,10.0,0.0,0.0,10.0,tierA-a6000-01
MS-MARCO-RBAC,8000000,8000000,Physical-delete,random,0.0,2,0.05,0.03,0.02,10.0,0.0,0.0,10.0,tierA-a6000-01
MS-MARCO-RBAC,8000000,8000000,Physical-delete,random,0.0,3,0.05,0.03,0.02,10.0,0.0,0.0,10.0,tierA-a6000-01
MS-MARCO-RBAC,8000000,8000000,Physical-delete,random,0.0,4,0.05,0.03,0.02,10.0,0.0,0.0,10.0,tierA-a6000-01
MS-MARCO-RBAC,8000000,8000000,Physical-delete,random,0.1,0,0.05,0.03,0.02,10.0,0.0,0.0,10.0,tierA-a6000-01
MS-MARCO-RBAC,8000000,8000000,Physical-delete,random,0.1,1,0.05,0.03,0.02,10.0,0.0,0.0,10.0,tierA-a6000-01
MS-MARCO-RBAC,8000000,8000000,Physical-delete,random,0.1,2,0.05,0.03,0.02,10.0,0.0,0.0,10.0,tierA-a6000-01
MS-MARCO-RBAC,8000000,8000000,Physical-delete,random,0.1,3,0.05,0.03,0.02,10.0,0.0,0.0,10.0,tierA-a6000-01
MS-MARCO-RBAC,8000000,8000000,Physical-delete,random,0.1,4,0.05,0.03,0.02,10.0,0.0,0.0,10.0,tierA-a6000-01
MS-MARCO-RBAC,8000000,8000000,Physical-delete,random,0.2,0,0.05,0.03,0.02,10.0,0.0,0.0,10.0,tierA-a6000-01
MS-MARCO-RBAC,8000000,8000000,Physical-delete,random,0.2,1,0.05,0.03,0.02,10.0,0.0,0.0,10.0,tierA-a6000-01
MS-MARCO-RBAC,8000000,8000000,Physical-delete,random,0.2,2,0.05,0.03,0.02,10.0,0.0,0.0,10.0,tierA-a6000-01
MS-MARCO-RBAC,8000000,8000000,Physical-delete,random,0.2,3,0.05,0.03,0.02,10.0,0.0,0.0,10.0,tierA-a6000-01
MS-MARCO-RBAC,8000000,8000000,Physical-delete,random,0.2,4,0.05,0.03,0.02,10.0,0.0,0.0,10.0,tierA-a6000-01
MS-MARCO-RBAC,8000000,8000000,Physical-delete,random,0.3,0,0.05,0.03,0.02,10.0,0.0,0.0,10.0,tierA-a6000-01
MS-MARCO-RBAC,8000000,8000000,Physical-delete,random,0.3,1,0.05,0.03,0.02,10.0,0.0,0.0,10.0,tierA-a6000-01
MS-MARCO-RBAC,8000000,8000000,Physical-delete,random,0.3,2,0.05,0.03,0.02,10.0,0.0,0.0,10.0,tierA-a6000-01
MS-MARCO-RBAC,8000000,8000000,Physical-delete,random,0.3,3,0.05,0.03,0.02,10.0,0.0,0.0,10.0,tierA-a6000-01
MS-MARCO-RBAC,8000000,8000000,Physical-delete,random,0.3,4,0.05,0.03,0.02,10.0,0.0,0.0,10.0,tierA-a6000-01
MS-MARCO-RBAC,8000000,8000000,Physical-delete,random,0.4,0,0.05,0.03,0.02,10.0,0.0,0.0,10.0,tierA-a6000-01
MS-MARCO-RBAC,8000000,8000000,Physical-delete,random,0.4,1,0.05,0.03,0.02,10.0,0.0,0.0,10.0,tierA-a6000-01
MS-MARCO-RBAC,8000000,8000000,Physical-delete,random,0.4,2,0.05,0.03,0.02,10.0,0.0,0.0,10.0,tierA-a6000-01
MS-MARCO-RBAC,8000000,8000000,Physical-delete,random,0.4,3,0.05,0.03,0.02,10.0,0.0,0.0,10.0,tierA-a6000-01
MS-MARCO-RBAC,8000000,8000000,Physical-delete,random,0.4,4,0.05,0.03,0.02,10.0,0.0,0.0,10.0,tierA-a6000-01
MS-MARCO-RBAC,8000000,8000000,Physical-delete,random,0.5,0,0.05,0.03,0.02,10.0,0.0,0.0,10.0,tierA-a6000-01
MS-MARCO-RBAC,8000000,8000000,Physical-delete,random,0.5,1,0.05,0.03,0.02,10.0,0.0,0.0,10.0,tierA-a6000-01
MS-MARCO-RBAC,8000000,8000000,Physical-delete,random,0.5,2,0.05,0.03,0.02,10.0,0.0,0.0,10.0,tierA-a6000-01
MS-MARCO-RBAC,8000000,8000000,Physical-delete,random,0.5,3,0.05,0.03,0.02,10.0,0.0,0.0,10.0,tierA-a6000-01
MS-MARCO-RBAC,8000000,8000000,Physical-delete,random,0.5,4,0.05,0.03,0.02,10.0,0.0,0.0,10.0,tierA-a6000-01
MS-MARCO-RBAC,8000000,8000000,Physical-delete,hub,0.0,0,0.05,0.03,0.02,10.0,0.0,0.0,10.0,tierA-a6000-01
MS-MARCO-RBAC,8000000,8000000,Physical-delete,hub,0.0,1,0.05,0.03,0.02,10.0,0.0,0.0,10.0,tierA-a6000-01
MS-MARCO-RBAC,8000000,8000000,Physical-delete,hub,0.0,2,0.05,0.03,0.02,10.0,0.0,0.0,10.0,tierA-a6000-01
MS-MARCO-RBAC,8000000,8000000,Physical-delete,hub,0.0,3,0.05,0.03,0.02,10.0,0.0,0.0,10.0,tierA-a6000-01
MS-MARCO-RBAC,8000000,8000000,Physical-delete,hub,0.0,4,0.05,0.03,0.02,10.0,0.0,0.0,10.0,tierA-a6000-01
MS-MARCO-RBAC,8000000,8000000,Physical-delete,hub,0.1,0,0.05,0.03,0.02,10.0,0.0,0.0,10.0,tierA-a6000-01
MS-MARCO-RBAC,8000000,8000000,Physical-delete,hub,0.1,1,0.05,0.03,0.02,10.0,0.0,0.0,10.0,tierA-a6000-01
MS-MARCO-RBAC,8000000,8000000,Physical-delete,hub,0.1,2,0.05,0.03,0.02,10.0,0.0,0.0,10.0,tierA-a6000-01
MS-MARCO-RBAC,8000000,8000000,Physical-delete,hub,0.1,3,0.05,0.03,0.02,10.0,0.0,0.0,10.0,tierA-a6000-01
MS-MARCO-RBAC,8000000,8000000,Physical-delete,hub,0.1,4,0.05,0.03,0.02,10.0,0.0,0.0,10.0,tierA-a6000-01
MS-MARCO-RBAC,8000000,8000000,Physical-delete,hub,0.2,0,0.05,0.03,0.02,10.0,0.0,0.0,10.0,tierA-a6000-01
MS-MARCO-RBAC,8000000,8000000,Physical-delete,hub,0.2,1,0.05,0.03,0.02,10.0,0.0,0.0,10.0,tierA-a6000-01
MS-MARCO-RBAC,8000000,8000000,Physical-delete,hub,0.2,2,0.05,0.03,0.02,10.0,0.0,0.0,10.0,tierA-a6000-01
MS-MARCO-RBAC,8000000,8000000,Physical-delete,hub,0.2,3,0.05,0.03,0.02,10.0,0.0,0.0,10.0,tierA-a6000-01
MS-MARCO-RBAC,8000000,8000000,Physical-delete,hub,0.2,4,0.05,0.03,0.02,10.0,0.0,0.0,10.0,tierA-a6000-01
MS-MARCO-RBAC,8000000,8000000,Physical-delete,hub,0.3,0,0.05,0.03,0.02,10.0,0.0,0.0,10.0,tierA-a6000-01
MS-MARCO-RBAC,8000000,8000000,Physical-delete,hub,0.3,1,0.05,0.03,0.02,10.0,0.0,0.0,10.0,tierA-a6000-01
MS-MARCO-RBAC,8000000,8000000,Physical-delete,hub,0.3,2,0.05,0.03,0.02,10.0,0.0,0.0,10.0,tierA-a6000-01
MS-MARCO-RBAC,8000000,8000000,Physical-delete,hub,0.3,3,0.05,0.03,0.02,10.0,0.0,0.0,10.0,tierA-a6000-01
MS-MARCO-RBAC,8000000,8000000,Physical-delete,hub,0.3,4,0.05,0.03,0.02,10.0,0.0,0.0,10.0,tierA-a6000-01
MS-MARCO-RBAC,8000000,8000000,Physical-delete,hub,0.4,0,0.05,0.03,0.02,10.0,0.0,0.0,10.0,tierA-a6000-01
MS-MARCO-RBAC,8000000,8000000,Physical-delete,hub,0.4,1,0.05,0.03,0.02,10.0,0.0,0.0,10.0,tierA-a6000-01
MS-MARCO-RBAC,8000000,8000000,Physical-delete,hub,0.4,2,0.05,0.03,0.02,10.0,0.0,0.0,10.0,tierA-a6000-01
MS-MARCO-RBAC,8000000,8000000,Physical-delete,hub,0.4,3,0.05,0.03,0.02,10.0,0.0,0.0,10.0,tierA-a6000-01
MS-MARCO-RBAC,8000000,8000000,Physical-delete,hub,0.4,4,0.05,0.03,0.02,10.0,0.0,0.0,10.0,tierA-a6000-01
MS-MARCO-RBAC,8000000,8000000,Physical-delete,hub,0.5,0,0.05,0.03,0.02,10.0,0.0,0.0,10.0,tierA-a6000-01
MS-MARCO-RBAC,8000000,8000000,Physical-delete,hub,0.5,1,0.05,0.03,0.02,10.0,0.0,0.0,10.0,tierA-a6000-01
MS-MARCO-RBAC,8000000,8000000,Physical-delete,hub,0.5,2,0.05,0.03,0.02,10.0,0.0,0.0,10.0,tierA-a6000-01
MS-MARCO-RBAC,8000000,8000000,Physical-delete,hub,0.5,3,0.05,0.03,0.02,10.0,0.0,0.0,10.0,tierA-a6000-01
MS-MARCO-RBAC,8000000,8000000,Physical-delete,hub,0.5,4,0.05,0.03,0.02,10.0,0.0,0.0,10.0,tierA-a6000-01
MS-MARCO-RBAC,8000000,8000000,Physical-delete,cluster,0.0,0,0.05,0.03,0.02,10.0,0.0,0.0,10.0,tierA-a6000-01
MS-MARCO-RBAC,8000000,8000000,Physical-delete,cluster,0.0,1,0.05,0.03,0.02,10.0,0.0,0.0,10.0,tierA-a6000-01
MS-MARCO-RBAC,8000000,8000000,Physical-delete,cluster,0.0,2,0.05,0.03,0.02,10.0,0.0,0.0,10.0,tierA-a6000-01
MS-MARCO-RBAC,8000000,8000000,Physical-delete,cluster,0.0,3,0.05,0.03,0.02,10.0,0.0,0.0,10.0,tierA-a6000-01
MS-MARCO-RBAC,8000000,8000000,Physical-delete,cluster,0.0,4,0.05,0.03,0.02,10.0,0.0,0.0,10.0,tierA-a6000-01
MS-MARCO-RBAC,8000000,8000000,Physical-delete,cluster,0.1,0,0.05,0.03,0.02,10.0,0.0,0.0,10.0,tierA-a6000-01
MS-MARCO-RBAC,8000000,8000000,Physical-delete,cluster,0.1,1,0.05,0.03,0.02,10.0,0.0,0.0,10.0,tierA-a6000-01
MS-MARCO-RBAC,8000000,8000000,Physical-delete,cluster,0.1,2,0.05,0.03,0.02,10.0,0.0,0.0,10.0,tierA-a6000-01
MS-MARCO-RBAC,8000000,8000000,Physical-delete,cluster,0.1,3,0.05,0.03,0.02,10.0,0.0,0.0,10.0,tierA-a6000-01
MS-MARCO-RBAC,8000000,8000000,Physical-delete,cluster,0.1,4,0.05,0.03,0.02,10.0,0.0,0.0,10.0,tierA-a6000-01
MS-MARCO-RBAC,8000000,8000000,Physical-delete,cluster,0.2,0,0.05,0.03,0.02,10.0,0.0,0.0,10.0,tierA-a6000-01
MS-MARCO-RBAC,8000000,8000000,Physical-delete,cluster,0.2,1,0.05,0.03,0.02,10.0,0.0,0.0,10.0,tierA-a6000-01
MS-MARCO-RBAC,8000000,8000000,Physical-delete,cluster,0.2,2,0.05,0.03,0.02,10.0,0.0,0.0,10.0,tierA-a6000-01
MS-MARCO-RBAC,8000000,8000000,Physical-delete,cluster,0.2,3,0.05,0.03,0.02,10.0,0.0,0.0,10.0,tierA-a6000-01
MS-MARCO-RBAC,8000000,8000000,Physical-delete,cluster,0.2,4,0.05,0.03,0.02,10.0,0.0,0.0,10.0,tierA-a6000-01
MS-MARCO-RBAC,8000000,8000000,Physical-delete,cluster,0.3,0,0.05,0.03,0.02,10.0,0.0,0.0,10.0,tierA-a6000-01
MS-MARCO-RBAC,8000000,8000000,Physical-delete,cluster,0.3,1,0.05,0.03,0.02,10.0,0.0,0.0,10.0,tierA-a6000-01
MS-MARCO-RBAC,8000000,8000000,Physical-delete,cluster,0.3,2,0.05,0.03,0.02,10.0,0.0,0.0,10.0,tierA-a6000-01
MS-MARCO-RBAC,8000000,8000000,Physical-delete,cluster,0.3,3,0.05,0.03,0.02,10.0,0.0,0.0,10.0,tierA-a6000-01
MS-MARCO-RBAC,8000000,8000000,Physical-delete,cluster,0.3,4,0.05,0.03,0.02,10.0,0.0,0.0,10.0,tierA-a6000-01
MS-MARCO-RBAC,8000000,8000000,Physical-delete,cluster,0.4,0,0.05,0.03,0.02,10.0,0.0,0.0,10.0,tierA-a6000-01
MS-MARCO-RBAC,8000000,8000000,Physical-delete,cluster,0.4,1,0.05,0.03,0.02,10.0,0.0,0.0,10.0,tierA-a6000-01
MS-MARCO-RBAC,8000000,8000000,Physical-delete,cluster,0.4,2,0.05,0.03,0.02,10.0,0.0,0.0,10.0,tierA-a6000-01
MS-MARCO-RBAC,8000000,8000000,Physical-delete,cluster,0.4,3,0.05,0.03,0.02,10.0,0.0,0.0,10.0,tierA-a6000-01
MS-MARCO-RBAC,8000000,8000000,Physical-delete,cluster,0.4,4,0.05,0.03,0.02,10.0,0.0,0.0,10.0,tierA-a6000-01
MS-MARCO-RBAC,8000000,8000000,Physical-delete,cluster,0.5,0,0.05,0.03,0.02,10.0,0.0,0.0,10.0,tierA-a6000-01
MS-MARCO-RBAC,8000000,8000000,Physical-delete,cluster,0.5,1,0.05,0.03,0.02,10.0,0.0,0.0,10.0,tierA-a6000-01
MS-MARCO-RBAC,8000000,8000000,Physical-delete,cluster,0.5,2,0.05,0.03,0.02,10.0,0.0,0.0,10.0,tierA-a6000-01
MS-MARCO-RBAC,8000000,8000000,Physical-delete,cluster,0.5,3,0.05,0.03,0.02,10.0,0.0,0.0,10.0,tierA-a6000-01
MS-MARCO-RBAC,8000000,8000000,Physical-delete,cluster,0.5,4,0.05,0.03,0.02,10.0,0.0,0.0,10.0,tierA-a6000-01
MS-MARCO-RBAC,8000000,8000000,Physical-delete,bridge,0.0,0,0.05,0.03,0.02,10.0,0.0,0.0,10.0,tierA-a6000-01
MS-MARCO-RBAC,8000000,8000000,Physical-delete,bridge,0.0,1,0.05,0.03,0.02,10.0,0.0,0.0,10.0,tierA-a6000-01
MS-MARCO-RBAC,8000000,8000000,Physical-delete,bridge,0.0,2,0.05,0.03,0.02,10.0,0.0,0.0,10.0,tierA-a6000-01
MS-MARCO-RBAC,8000000,8000000,Physical-delete,bridge,0.0,3,0.05,0.03,0.02,10.0,0.0,0.0,10.0,tierA-a6000-01
MS-MARCO-RBAC,8000000,8000000,Physical-delete,bridge,0.0,4,0.05,0.03,0.02,10.0,0.0,0.0,10.0,tierA-a6000-01
MS-MARCO-RBAC,8000000,8000000,Physical-delete,bridge,0.1,0,0.05,0.03,0.02,10.0,0.0,0.0,10.0,tierA-a6000-01
MS-MARCO-RBAC,8000000,8000000,Physical-delete,bridge,0.1,1,0.05,0.03,0.02,10.0,0.0,0.0,10.0,tierA-a6000-01
MS-MARCO-RBAC,8000000,8000000,Physical-delete,bridge,0.1,2,0.05,0.03,0.02,10.0,0.0,0.0,10.0,tierA-a6000-01
MS-MARCO-RBAC,8000000,8000000,Physical-delete,bridge,0.1,3,0.05,0.03,0.02,10.0,0.0,0.0,10.0,tierA-a6000-01
MS-MARCO-RBAC,8000000,8000000,Physical-delete,bridge,0.1,4,0.05,0.03,0.02,10.0,0.0,0.0,10.0,tierA-a6000-01
MS-MARCO-RBAC,8000000,8000000,Physical-delete,bridge,0.2,0,0.05,0.03,0.02,10.0,0.0,0.0,10.0,tierA-a6000-01
MS-MARCO-RBAC,8000000,8000000,Physical-delete,bridge,0.2,1,0.05,0.03,0.02,10.0,0.0,0.0,10.0,tierA-a6000-01
MS-MARCO-RBAC,8000000,8000000,Physical-delete,bridge,0.2,2,0.05,0.03,0.02,10.0,0.0,0.0,10.0,tierA-a6000-01
MS-MARCO-RBAC,8000000,8000000,Physical-delete,bridge,0.2,3,0.05,0.03,0.02,10.0,0.0,0.0,10.0,tierA-a6000-01
MS-MARCO-RBAC,8000000,8000000,Physical-delete,bridge,0.2,4,0.05,0.03,0.02,10.0,0.0,0.0,10.0,tierA-a6000-01
MS-MARCO-RBAC,8000000,8000000,Physical-delete,bridge,0.3,0,0.05,0.03,0.02,10.0,0.0,0.0,10.0,tierA-a6000-01
MS-MARCO-RBAC,8000000,8000000,Physical-delete,bridge,0.3,1,0.05,0.03,0.02,10.0,0.0,0.0,10.0,tierA-a6000-01
MS-MARCO-RBAC,8000000,8000000,Physical-delete,bridge,0.3,2,0.05,0.03,0.02,10.0,0.0,0.0,10.0,tierA-a6000-01
MS-MARCO-RBAC,8000000,8000000,Physical-delete,bridge,0.3,3,0.05,0.03,0.02,10.0,0.0,0.0,10.0,tierA-a6000-01
MS-MARCO-RBAC,8000000,8000000,Physical-delete,bridge,0.3,4,0.05,0.03,0.02,10.0,0.0,0.0,10.0,tierA-a6000-01
MS-MARCO-RBAC,8000000,8000000,Physical-delete,bridge,0.4,0,0.05,0.03,0.02,10.0,0.0,0.0,10.0,tierA-a6000-01
MS-MARCO-RBAC,8000000,8000000,Physical-delete,bridge,0.4,1,0.05,0.03,0.02,10.0,0.0,0.0,10.0,tierA-a6000-01
MS-MARCO-RBAC,8000000,8000000,Physical-delete,bridge,0.4,2,0.05,0.03,0.02,10.0,0.0,0.0,10.0,tierA-a6000-01
MS-MARCO-RBAC,8000000,8000000,Physical-delete,bridge,0.4,3,0.05,0.03,0.02,10.0,0.0,0.0,10.0,tierA-a6000-01
MS-MARCO-RBAC,8000000,8000000,Physical-delete,bridge,0.4,4,0.05,0.03,0.02,10.0,0.0,0.0,10.0,tierA-a6000-01
MS-MARCO-RBAC,8000000,8000000,Physical-delete,bridge,0.5,0,0.05,0.03,0.02,10.0,0.0,0.0,10.0,tierA-a6000-01
MS-MARCO-RBAC,8000000,8000000,Physical-delete,bridge,0.5,1,0.05,0.03,0.02,10.0,0.0,0.0,10.0,tierA-a6000-01
MS-MARCO-RBAC,8000000,8000000,Physical-delete,bridge,0.5,2,0.05,0.03,0.02,10.0,0.0,0.0,10.0,tierA-a6000-01
MS-MARCO-RBAC,8000000,8000000,Physical-delete,bridge,0.5,3,0.05,0.03,0.02,10.0,0.0,0.0,10.0,tierA-a6000-01
MS-MARCO-RBAC,8000000,8000000,Physical-delete,bridge,0.5,4,0.05,0.03,0.02,10.0,0.0,0.0,10.0,tierA-a6000-01
MS-MARCO-RBAC,8000000,8000000,ACORN,random,0.0,0,0.05,0.03,0.02,10.0,0.0,0.0,10.0,tierA-a6000-01
MS-MARCO-RBAC,8000000,8000000,ACORN,random,0.0,1,0.05,0.03,0.02,10.0,0.0,0.0,10.0,tierA-a6000-01
MS-MARCO-RBAC,8000000,8000000,ACORN,random,0.0,2,0.05,0.03,0.02,10.0,0.0,0.0,10.0,tierA-a6000-01
MS-MARCO-RBAC,8000000,8000000,ACORN,random,0.0,3,0.05,0.03,0.02,10.0,0.0,0.0,10.0,tierA-a6000-01
MS-MARCO-RBAC,8000000,8000000,ACORN,random,0.0,4,0.05,0.03,0.02,10.0,0.0,0.0,10.0,tierA-a6000-01
MS-MARCO-RBAC,8000000,8000000,ACORN,random,0.1,0,0.05,0.03,0.02,10.0,0.0,0.0,10.0,tierA-a6000-01
MS-MARCO-RBAC,8000000,8000000,ACORN,random,0.1,1,0.05,0.03,0.02,10.0,0.0,0.0,10.0,tierA-a6000-01
MS-MARCO-RBAC,8000000,8000000,ACORN,random,0.1,2,0.05,0.03,0.02,10.0,0.0,0.0,10.0,tierA-a6000-01
MS-MARCO-RBAC,8000000,8000000,ACORN,random,0.1,3,0.05,0.03,0.02,10.0,0.0,0.0,10.0,tierA-a6000-01
MS-MARCO-RBAC,8000000,8000000,ACORN,random,0.1,4,0.05,0.03,0.02,10.0,0.0,0.0,10.0,tierA-a6000-01
MS-MARCO-RBAC,8000000,8000000,ACORN,random,0.2,0,0.05,0.03,0.02,10.0,0.0,0.0,10.0,tierA-a6000-01
MS-MARCO-RBAC,8000000,8000000,ACORN,random,0.2,1,0.05,0.03,0.02,10.0,0.0,0.0,10.0,tierA-a6000-01
MS-MARCO-RBAC,8000000,8000000,ACORN,random,0.2,2,0.05,0.03,0.02,10.0,0.0,0.0,10.0,tierA-a6000-01
MS-MARCO-RBAC,8000000,8000000,ACORN,random,0.2,3,0.05,0.03,0.02,10.0,0.0,0.0,10.0,tierA-a6000-01
MS-MARCO-RBAC,8000000,8000000,ACORN,random,0.2,4,0.05,0.03,0.02,10.0,0.0,0.0,10.0,tierA-a6000-01
MS-MARCO-RBAC,8000000,8000000,ACORN,random,0.3,0,0.05,0.03,0.02,10.0,0.0,0.0,10.0,tierA-a6000-01
MS-MARCO-RBAC,8000000,8000000,ACORN,random,0.3,1,0.05,0.03,0.02,10.0,0.0,0.0,10.0,tierA-a6000-01
MS-MARCO-RBAC,8000000,8000000,ACORN,random,0.3,2,0.05,0.03,0.02,10.0,0.0,0.0,10.0,tierA-a6000-01
MS-MARCO-RBAC,8000000,8000000,ACORN,random,0.3,3,0.05,0.03,0.02,10.0,0.0,0.0,10.0,tierA-a6000-01
MS-MARCO-RBAC,8000000,8000000,ACORN,random,0.3,4,0.05,0.03,0.02,10.0,0.0,0.0,10.0,tierA-a6000-01
MS-MARCO-RBAC,8000000,8000000,ACORN,random,0.4,0,0.05,0.03,0.02,10.0,0.0,0.0,10.0,tierA-a6000-01
MS-MARCO-RBAC,8000000,8000000,ACORN,random,0.4,1,0.05,0.03,0.02,10.0,0.0,0.0,10.0,tierA-a6000-01
MS-MARCO-RBAC,8000000,8000000,ACORN,random,0.4,2,0.05,0.03,0.02,10.0,0.0,0.0,10.0,tierA-a6000-01
MS-MARCO-RBAC,8000000,8000000,ACORN,random,0.4,3,0.05,0.03,0.02,10.0,0.0,0.0,10.0,tierA-a6000-01
MS-MARCO-RBAC,8000000,8000000,ACORN,random,0.4,4,0.05,0.03,0.02,10.0,0.0,0.0,10.0,tierA-a6000-01
MS-MARCO-RBAC,8000000,8000000,ACORN,random,0.5,0,0.05,0.03,0.02,10.0,0.0,0.0,10.0,tierA-a6000-01
MS-MARCO-RBAC,8000000,8000000,ACORN,random,0.5,1,0.05,0.03,0.02,10.0,0.0,0.0,10.0,tierA-a6000-01
MS-MARCO-RBAC,8000000,8000000,ACORN,random,0.5,2,0.05,0.03,0.02,10.0,0.0,0.0,10.0,tierA-a6000-01
MS-MARCO-RBAC,8000000,8000000,ACORN,random,0.5,3,0.05,0.03,0.02,10.0,0.0,0.0,10.0,tierA-a6000-01
MS-MARCO-RBAC,8000000,8000000,ACORN,random,0.5,4,0.05,0.03,0.02,10.0,0.0,0.0,10.0,tierA-a6000-01
MS-MARCO-RBAC,8000000,8000000,ACORN,hub,0.0,0,0.05,0.03,0.02,10.0,0.0,0.0,10.0,tierA-a6000-01
MS-MARCO-RBAC,8000000,8000000,ACORN,hub,0.0,1,0.05,0.03,0.02,10.0,0.0,0.0,10.0,tierA-a6000-01
MS-MARCO-RBAC,8000000,8000000,ACORN,hub,0.0,2,0.05,0.03,0.02,10.0,0.0,0.0,10.0,tierA-a6000-01
MS-MARCO-RBAC,8000000,8000000,ACORN,hub,0.0,3,0.05,0.03,0.02,10.0,0.0,0.0,10.0,tierA-a6000-01
MS-MARCO-RBAC,8000000,8000000,ACORN,hub,0.0,4,0.05,0.03,0.02,10.0,0.0,0.0,10.0,tierA-a6000-01
MS-MARCO-RBAC,8000000,8000000,ACORN,hub,0.1,0,0.05,0.03,0.02,10.0,0.0,0.0,10.0,tierA-a6000-01
MS-MARCO-RBAC,8000000,8000000,ACORN,hub,0.1,1,0.05,0.03,0.02,10.0,0.0,0.0,10.0,tierA-a6000-01
MS-MARCO-RBAC,8000000,8000000,ACORN,hub,0.1,2,0.05,0.03,0.02,10.0,0.0,0.0,10.0,tierA-a6000-01
MS-MARCO-RBAC,8000000,8000000,ACORN,hub,0.1,3,0.05,0.03,0.02,10.0,0.0,0.0,10.0,tierA-a6000-01
MS-MARCO-RBAC,8000000,8000000,ACORN,hub,0.1,4,0.05,0.03,0.02,10.0,0.0,0.0,10.0,tierA-a6000-01
MS-MARCO-RBAC,8000000,8000000,ACORN,hub,0.2,0,0.05,0.03,0.02,10.0,0.0,0.0,10.0,tierA-a6000-01
MS-MARCO-RBAC,8000000,8000000,ACORN,hub,0.2,1,0.05,0.03,0.02,10.0,0.0,0.0,10.0,tierA-a6000-01
MS-MARCO-RBAC,8000000,8000000,ACORN,hub,0.2,2,0.05,0.03,0.02,10.0,0.0,0.0,10.0,tierA-a6000-01
MS-MARCO-RBAC,8000000,8000000,ACORN,hub,0.2,3,0.05,0.03,0.02,10.0,0.0,0.0,10.0,tierA-a6000-01
MS-MARCO-RBAC,8000000,8000000,ACORN,hub,0.2,4,0.05,0.03,0.02,10.0,0.0,0.0,10.0,tierA-a6000-01
MS-MARCO-RBAC,8000000,8000000,ACORN,hub,0.3,0,0.05,0.03,0.02,10.0,0.0,0.0,10.0,tierA-a6000-01
MS-MARCO-RBAC,8000000,8000000,ACORN,hub,0.3,1,0.05,0.03,0.02,10.0,0.0,0.0,10.0,tierA-a6000-01
MS-MARCO-RBAC,8000000,8000000,ACORN,hub,0.3,2,0.05,0.03,0.02,10.0,0.0,0.0,10.0,tierA-a6000-01
MS-MARCO-RBAC,8000000,8000000,ACORN,hub,0.3,3,0.05,0.03,0.02,10.0,0.0,0.0,10.0,tierA-a6000-01
MS-MARCO-RBAC,8000000,8000000,ACORN,hub,0.3,4,0.05,0.03,0.02,10.0,0.0,0.0,10.0,tierA-a6000-01
MS-MARCO-RBAC,8000000,8000000,ACORN,hub,0.4,0,0.05,0.03,0.02,10.0,0.0,0.0,10.0,tierA-a6000-01
MS-MARCO-RBAC,8000000,8000000,ACORN,hub,0.4,1,0.05,0.03,0.02,10.0,0.0,0.0,10.0,tierA-a6000-01
MS-MARCO-RBAC,8000000,8000000,ACORN,hub,0.4,2,0.05,0.03,0.02,10.0,0.0,0.0,10.0,tierA-a6000-01
MS-MARCO-RBAC,8000000,8000000,ACORN,hub,0.4,3,0.05,0.03,0.02,10.0,0.0,0.0,10.0,tierA-a6000-01
MS-MARCO-RBAC,8000000,8000000,ACORN,hub,0.4,4,0.05,0.03,0.02,10.0,0.0,0.0,10.0,tierA-a6000-01
MS-MARCO-RBAC,8000000,8000000,ACORN,hub,0.5,0,0.05,0.03,0.02,10.0,0.0,0.0,10.0,tierA-a6000-01
MS-MARCO-RBAC,8000000,8000000,ACORN,hub,0.5,1,0.05,0.03,0.02,10.0,0.0,0.0,10.0,tierA-a6000-01
MS-MARCO-RBAC,8000000,8000000,ACORN,hub,0.5,2,0.05,0.03,0.02,10.0,0.0,0.0,10.0,tierA-a6000-01
MS-MARCO-RBAC,8000000,8000000,ACORN,hub,0.5,3,0.05,0.03,0.02,10.0,0.0,0.0,10.0,tierA-a6000-01
MS-MARCO-RBAC,8000000,8000000,ACORN,hub,0.5,4,0.05,0.03,0.02,10.0,0.0,0.0,10.0,tierA-a6000-01
MS-MARCO-RBAC,8000000,8000000,ACORN,cluster,0.0,0,0.05,0.03,0.02,10.0,0.0,0.0,10.0,tierA-a6000-01
MS-MARCO-RBAC,8000000,8000000,ACORN,cluster,0.0,1,0.05,0.03,0.02,10.0,0.0,0.0,10.0,tierA-a6000-01
MS-MARCO-RBAC,8000000,8000000,ACORN,cluster,0.0,2,0.05,0.03,0.02,10.0,0.0,0.0,10.0,tierA-a6000-01
MS-MARCO-RBAC,8000000,8000000,ACORN,cluster,0.0,3,0.05,0.03,0.02,10.0,0.0,0.0,10.0,tierA-a6000-01
MS-MARCO-RBAC,8000000,8000000,ACORN,cluster,0.0,4,0.05,0.03,0.02,10.0,0.0,0.0,10.0,tierA-a6000-01
MS-MARCO-RBAC,8000000,8000000,ACORN,cluster,0.1,0,0.05,0.03,0.02,10.0,0.0,0.0,10.0,tierA-a6000-01
MS-MARCO-RBAC,8000000,8000000,ACORN,cluster,0.1,1,0.05,0.03,0.02,10.0,0.0,0.0,10.0,tierA-a6000-01
MS-MARCO-RBAC,8000000,8000000,ACORN,cluster,0.1,2,0.05,0.03,0.02,10.0,0.0,0.0,10.0,tierA-a6000-01
MS-MARCO-RBAC,8000000,8000000,ACORN,cluster,0.1,3,0.05,0.03,0.02,10.0,0.0,0.0,10.0,tierA-a6000-01
MS-MARCO-RBAC,8000000,8000000,ACORN,cluster,0.1,4,0.05,0.03,0.02,10.0,0.0,0.0,10.0,tierA-a6000-01
MS-MARCO-RBAC,8000000,8000000,ACORN,cluster,0.2,0,0.05,0.03,0.02,10.0,0.0,0.0,10.0,tierA-a6000-01
MS-MARCO-RBAC,8000000,8000000,ACORN,cluster,0.2,1,0.05,0.03,0.02,10.0,0.0,0.0,10.0,tierA-a6000-01
MS-MARCO-RBAC,8000000,8000000,ACORN,cluster,0.2,2,0.05,0.03,0.02,10.0,0.0,0.0,10.0,tierA-a6000-01
MS-MARCO-RBAC,8000000,8000000,ACORN,cluster,0.2,3,0.05,0.03,0.02,10.0,0.0,0.0,10.0,tierA-a6000-01
MS-MARCO-RBAC,8000000,8000000,ACORN,cluster,0.2,4,0.05,0.03,0.02,10.0,0.0,0.0,10.0,tierA-a6000-01
MS-MARCO-RBAC,8000000,8000000,ACORN,cluster,0.3,0,0.05,0.03,0.02,10.0,0.0,0.0,10.0,tierA-a6000-01
MS-MARCO-RBAC,8000000,8000000,ACORN,cluster,0.3,1,0.05,0.03,0.02,10.0,0.0,0.0,10.0,tierA-a6000-01
MS-MARCO-RBAC,8000000,8000000,ACORN,cluster,0.3,2,0.05,0.03,0.02,10.0,0.0,0.0,10.0,tierA-a6000-01
MS-MARCO-RBAC,8000000,8000000,ACORN,cluster,0.3,3,0.05,0.03,0.02,10.0,0.0,0.0,10.0,tierA-a6000-01
MS-MARCO-RBAC,8000000,8000000,ACORN,cluster,0.3,4,0.05,0.03,0.02,10.0,0.0,0.0,10.0,tierA-a6000-01
MS-MARCO-RBAC,8000000,8000000,ACORN,cluster,0.4,0,0.05,0.03,0.02,10.0,0.0,0.0,10.0,tierA-a6000-01
MS-MARCO-RBAC,8000000,8000000,ACORN,cluster,0.4,1,0.05,0.03,0.02,10.0,0.0,0.0,10.0,tierA-a6000-01
MS-MARCO-RBAC,8000000,8000000,ACORN,cluster,0.4,2,0.05,0.03,0.02,10.0,0.0,0.0,10.0,tierA-a6000-01
MS-MARCO-RBAC,8000000,8000000,ACORN,cluster,0.4,3,0.05,0.03,0.02,10.0,0.0,0.0,10.0,tierA-a6000-01
MS-MARCO-RBAC,8000000,8000000,ACORN,cluster,0.4,4,0.05,0.03,0.02,10.0,0.0,0.0,10.0,tierA-a6000-01
MS-MARCO-RBAC,8000000,8000000,ACORN,cluster,0.5,0,0.05,0.03,0.02,10.0,0.0,0.0,10.0,tierA-a6000-01
MS-MARCO-RBAC,8000000,8000000,ACORN,cluster,0.5,1,0.05,0.03,0.02,10.0,0.0,0.0,10.0,tierA-a6000-01
MS-MARCO-RBAC,8000000,8000000,ACORN,cluster,0.5,2,0.05,0.03,0.02,10.0,0.0,0.0,10.0,tierA-a6000-01
MS-MARCO-RBAC,8000000,8000000,ACORN,cluster,0.5,3,0.05,0.03,0.02,10.0,0.0,0.0,10.0,tierA-a6000-01
MS-MARCO-RBAC,8000000,8000000,ACORN,cluster,0.5,4,0.05,0.03,0.02,10.0,0.0,0.0,10.0,tierA-a6000-01
MS-MARCO-RBAC,8000000,8000000,ACORN,bridge,0.0,0,0.05,0.03,0.02,10.0,0.0,0.0,10.0,tierA-a6000-01
MS-MARCO-RBAC,8000000,8000000,ACORN,bridge,0.0,1,0.05,0.03,0.02,10.0,0.0,0.0,10.0,tierA-a6000-01
MS-MARCO-RBAC,8000000,8000000,ACORN,bridge,0.0,2,0.05,0.03,0.02,10.0,0.0,0.0,10.0,tierA-a6000-01
MS-MARCO-RBAC,8000000,8000000,ACORN,bridge,0.0,3,0.05,0.03,0.02,10.0,0.0,0.0,10.0,tierA-a6000-01
MS-MARCO-RBAC,8000000,8000000,ACORN,bridge,0.0,4,0.05,0.03,0.02,10.0,0.0,0.0,10.0,tierA-a6000-01
MS-MARCO-RBAC,8000000,8000000,ACORN,bridge,0.1,0,0.05,0.03,0.02,10.0,0.0,0.0,10.0,tierA-a6000-01
MS-MARCO-RBAC,8000000,8000000,ACORN,bridge,0.1,1,0.05,0.03,0.02,10.0,0.0,0.0,10.0,tierA-a6000-01
MS-MARCO-RBAC,8000000,8000000,ACORN,bridge,0.1,2,0.05,0.03,0.02,10.0,0.0,0.0,10.0,tierA-a6000-01
MS-MARCO-RBAC,8000000,8000000,ACORN,bridge,0.1,3,0.05,0.03,0.02,10.0,0.0,0.0,10.0,tierA-a6000-01
MS-MARCO-RBAC,8000000,8000000,ACORN,bridge,0.1,4,0.05,0.03,0.02,10.0,0.0,0.0,10.0,tierA-a6000-01
MS-MARCO-RBAC,8000000,8000000,ACORN,bridge,0.2,0,0.05,0.03,0.02,10.0,0.0,0.0,10.0,tierA-a6000-01
MS-MARCO-RBAC,8000000,8000000,ACORN,bridge,0.2,1,0.05,0.03,0.02,10.0,0.0,0.0,10.0,tierA-a6000-01
MS-MARCO-RBAC,8000000,8000000,ACORN,bridge,0.2,2,0.05,0.03,0.02,10.0,0.0,0.0,10.0,tierA-a6000-01
MS-MARCO-RBAC,8000000,8000000,ACORN,bridge,0.2,3,0.05,0.03,0.02,10.0,0.0,0.0,10.0,tierA-a6000-01
MS-MARCO-RBAC,8000000,8000000,ACORN,bridge,0.2,4,0.05,0.03,0.02,10.0,0.0,0.0,10.0,tierA-a6000-01
MS-MARCO-RBAC,8000000,8000000,ACORN,bridge,0.3,0,0.05,0.03,0.02,10.0,0.0,0.0,10.0,tierA-a6000-01
MS-MARCO-RBAC,8000000,8000000,ACORN,bridge,0.3,1,0.05,0.03,0.02,10.0,0.0,0.0,10.0,tierA-a6000-01
MS-MARCO-RBAC,8000000,8000000,ACORN,bridge,0.3,2,0.05,0.03,0.02,10.0,0.0,0.0,10.0,tierA-a6000-01
MS-MARCO-RBAC,8000000,8000000,ACORN,bridge,0.3,3,0.05,0.03,0.02,10.0,0.0,0.0,10.0,tierA-a6000-01
MS-MARCO-RBAC,8000000,8000000,ACORN,bridge,0.3,4,0.05,0.03,0.02,10.0,0.0,0.0,10.0,tierA-a6000-01
MS-MARCO-RBAC,8000000,8000000,ACORN,bridge,0.4,0,0.05,0.03,0.02,10.0,0.0,0.0,10.0,tierA-a6000-01
MS-MARCO-RBAC,8000000,8000000,ACORN,bridge,0.4,1,0.05,0.03,0.02,10.0,0.0,0.0,10.0,tierA-a6000-01
MS-MARCO-RBAC,8000000,8000000,ACORN,bridge,0.4,2,0.05,0.03,0.02,10.0,0.0,0.0,10.0,tierA-a6000-01
MS-MARCO-RBAC,8000000,8000000,ACORN,bridge,0.4,3,0.05,0.03,0.02,10.0,0.0,0.0,10.0,tierA-a6000-01
MS-MARCO-RBAC,8000000,8000000,ACORN,bridge,0.4,4,0.05,0.03,0.02,10.0,0.0,0.0,10.0,tierA-a6000-01
MS-MARCO-RBAC,8000000,8000000,ACORN,bridge,0.5,0,0.05,0.03,0.02,10.0,0.0,0.0,10.0,tierA-a6000-01
MS-MARCO-RBAC,8000000,8000000,ACORN,bridge,0.5,1,0.05,0.03,0.02,10.0,0.0,0.0,10.0,tierA-a6000-01
MS-MARCO-RBAC,8000000,8000000,ACORN,bridge,0.5,2,0.05,0.03,0.02,10.0,0.0,0.0,10.0,tierA-a6000-01
MS-MARCO-RBAC,8000000,8000000,ACORN,bridge,0.5,3,0.05,0.03,0.02,10.0,0.0,0.0,10.0,tierA-a6000-01
MS-MARCO-RBAC,8000000,8000000,ACORN,bridge,0.5,4,0.05,0.03,0.02,10.0,0.0,0.0,10.0,tierA-a6000-01
MS-MARCO-RBAC,8000000,8000000,HoneyBee,random,0.0,0,0.05,0.03,0.02,10.0,0.0,0.0,10.0,tierA-a6000-01
MS-MARCO-RBAC,8000000,8000000,HoneyBee,random,0.0,1,0.05,0.03,0.02,10.0,0.0,0.0,10.0,tierA-a6000-01
MS-MARCO-RBAC,8000000,8000000,HoneyBee,random,0.0,2,0.05,0.03,0.02,10.0,0.0,0.0,10.0,tierA-a6000-01
MS-MARCO-RBAC,8000000,8000000,HoneyBee,random,0.0,3,0.05,0.03,0.02,10.0,0.0,0.0,10.0,tierA-a6000-01
MS-MARCO-RBAC,8000000,8000000,HoneyBee,random,0.0,4,0.05,0.03,0.02,10.0,0.0,0.0,10.0,tierA-a6000-01
MS-MARCO-RBAC,8000000,8000000,HoneyBee,random,0.1,0,0.05,0.03,0.02,10.0,0.0,0.0,10.0,tierA-a6000-01
MS-MARCO-RBAC,8000000,8000000,HoneyBee,random,0.1,1,0.05,0.03,0.02,10.0,0.0,0.0,10.0,tierA-a6000-01
MS-MARCO-RBAC,8000000,8000000,HoneyBee,random,0.1,2,0.05,0.03,0.02,10.0,0.0,0.0,10.0,tierA-a6000-01
MS-MARCO-RBAC,8000000,8000000,HoneyBee,random,0.1,3,0.05,0.03,0.02,10.0,0.0,0.0,10.0,tierA-a6000-01
MS-MARCO-RBAC,8000000,8000000,HoneyBee,random,0.1,4,0.05,0.03,0.02,10.0,0.0,0.0,10.0,tierA-a6000-01
MS-MARCO-RBAC,8000000,8000000,HoneyBee,random,0.2,0,0.05,0.03,0.02,10.0,0.0,0.0,10.0,tierA-a6000-01
MS-MARCO-RBAC,8000000,8000000,HoneyBee,random,0.2,1,0.05,0.03,0.02,10.0,0.0,0.0,10.0,tierA-a6000-01
MS-MARCO-RBAC,8000000,8000000,HoneyBee,random,0.2,2,0.05,0.03,0.02,10.0,0.0,0.0,10.0,tierA-a6000-01
MS-MARCO-RBAC,8000000,8000000,HoneyBee,random,0.2,3,0.05,0.03,0.02,10.0,0.0,0.0,10.0,tierA-a6000-01
MS-MARCO-RBAC,8000000,8000000,HoneyBee,random,0.2,4,0.05,0.03,0.02,10.0,0.0,0.0,10.0,tierA-a6000-01
MS-MARCO-RBAC,8000000,8000000,HoneyBee,random,0.3,0,0.05,0.03,0.02,10.0,0.0,0.0,10.0,tierA-a6000-01
MS-MARCO-RBAC,8000000,8000000,HoneyBee,random,0.3,1,0.05,0.03,0.02,10.0,0.0,0.0,10.0,tierA-a6000-01
MS-MARCO-RBAC,8000000,8000000,HoneyBee,random,0.3,2,0.05,0.03,0.02,10.0,0.0,0.0,10.0,tierA-a6000-01
MS-MARCO-RBAC,8000000,8000000,HoneyBee,random,0.3,3,0.05,0.03,0.02,10.0,0.0,0.0,10.0,tierA-a6000-01
MS-MARCO-RBAC,8000000,8000000,HoneyBee,random,0.3,4,0.05,0.03,0.02,10.0,0.0,0.0,10.0,tierA-a6000-01
MS-MARCO-RBAC,8000000,8000000,HoneyBee,random,0.4,0,0.05,0.03,0.02,10.0,0.0,0.0,10.0,tierA-a6000-01
MS-MARCO-RBAC,8000000,8000000,HoneyBee,random,0.4,1,0.05,0.03,0.02,10.0,0.0,0.0,10.0,tierA-a6000-01
MS-MARCO-RBAC,8000000,8000000,HoneyBee,random,0.4,2,0.05,0.03,0.02,10.0,0.0,0.0,10.0,tierA-a6000-01
MS-MARCO-RBAC,8000000,8000000,HoneyBee,random,0.4,3,0.05,0.03,0.02,10.0,0.0,0.0,10.0,tierA-a6000-01
MS-MARCO-RBAC,8000000,8000000,HoneyBee,random,0.4,4,0.05,0.03,0.02,10.0,0.0,0.0,10.0,tierA-a6000-01
MS-MARCO-RBAC,8000000,8000000,HoneyBee,random,0.5,0,0.05,0.03,0.02,10.0,0.0,0.0,10.0,tierA-a6000-01
MS-MARCO-RBAC,8000000,8000000,HoneyBee,random,0.5,1,0.05,0.03,0.02,10.0,0.0,0.0,10.0,tierA-a6000-01
MS-MARCO-RBAC,8000000,8000000,HoneyBee,random,0.5,2,0.05,0.03,0.02,10.0,0.0,0.0,10.0,tierA-a6000-01
MS-MARCO-RBAC,8000000,8000000,HoneyBee,random,0.5,3,0.05,0.03,0.02,10.0,0.0,0.0,10.0,tierA-a6000-01
MS-MARCO-RBAC,8000000,8000000,HoneyBee,random,0.5,4,0.05,0.03,0.02,10.0,0.0,0.0,10.0,tierA-a6000-01
MS-MARCO-RBAC,8000000,8000000,HoneyBee,hub,0.0,0,0.05,0.03,0.02,10.0,0.0,0.0,10.0,tierA-a6000-01
MS-MARCO-RBAC,8000000,8000000,HoneyBee,hub,0.0,1,0.05,0.03,0.02,10.0,0.0,0.0,10.0,tierA-a6000-01
MS-MARCO-RBAC,8000000,8000000,HoneyBee,hub,0.0,2,0.05,0.03,0.02,10.0,0.0,0.0,10.0,tierA-a6000-01
MS-MARCO-RBAC,8000000,8000000,HoneyBee,hub,0.0,3,0.05,0.03,0.02,10.0,0.0,0.0,10.0,tierA-a6000-01
MS-MARCO-RBAC,8000000,8000000,HoneyBee,hub,0.0,4,0.05,0.03,0.02,10.0,0.0,0.0,10.0,tierA-a6000-01
MS-MARCO-RBAC,8000000,8000000,HoneyBee,hub,0.1,0,0.05,0.03,0.02,10.0,0.0,0.0,10.0,tierA-a6000-01
MS-MARCO-RBAC,8000000,8000000,HoneyBee,hub,0.1,1,0.05,0.03,0.02,10.0,0.0,0.0,10.0,tierA-a6000-01
MS-MARCO-RBAC,8000000,8000000,HoneyBee,hub,0.1,2,0.05,0.03,0.02,10.0,0.0,0.0,10.0,tierA-a6000-01
MS-MARCO-RBAC,8000000,8000000,HoneyBee,hub,0.1,3,0.05,0.03,0.02,10.0,0.0,0.0,10.0,tierA-a6000-01
MS-MARCO-RBAC,8000000,8000000,HoneyBee,hub,0.1,4,0.05,0.03,0.02,10.0,0.0,0.0,10.0,tierA-a6000-01
MS-MARCO-RBAC,8000000,8000000,HoneyBee,hub,0.2,0,0.05,0.03,0.02,10.0,0.0,0.0,10.0,tierA-a6000-01
MS-MARCO-RBAC,8000000,8000000,HoneyBee,hub,0.2,1,0.05,0.03,0.02,10.0,0.0,0.0,10.0,tierA-a6000-01
MS-MARCO-RBAC,8000000,8000000,HoneyBee,hub,0.2,2,0.05,0.03,0.02,10.0,0.0,0.0,10.0,tierA-a6000-01
MS-MARCO-RBAC,8000000,8000000,HoneyBee,hub,0.2,3,0.05,0.03,0.02,10.0,0.0,0.0,10.0,tierA-a6000-01
MS-MARCO-RBAC,8000000,8000000,HoneyBee,hub,0.2,4,0.05,0.03,0.02,10.0,0.0,0.0,10.0,tierA-a6000-01
MS-MARCO-RBAC,8000000,8000000,HoneyBee,hub,0.3,0,0.05,0.03,0.02,10.0,0.0,0.0,10.0,tierA-a6000-01
MS-MARCO-RBAC,8000000,8000000,HoneyBee,hub,0.3,1,0.05,0.03,0.02,10.0,0.0,0.0,10.0,tierA-a6000-01
MS-MARCO-RBAC,8000000,8000000,HoneyBee,hub,0.3,2,0.05,0.03,0.02,10.0,0.0,0.0,10.0,tierA-a6000-01
MS-MARCO-RBAC,8000000,8000000,HoneyBee,hub,0.3,3,0.05,0.03,0.02,10.0,0.0,0.0,10.0,tierA-a6000-01
MS-MARCO-RBAC,8000000,8000000,HoneyBee,hub,0.3,4,0.05,0.03,0.02,10.0,0.0,0.0,10.0,tierA-a6000-01
MS-MARCO-RBAC,8000000,8000000,HoneyBee,hub,0.4,0,0.05,0.03,0.02,10.0,0.0,0.0,10.0,tierA-a6000-01
MS-MARCO-RBAC,8000000,8000000,HoneyBee,hub,0.4,1,0.05,0.03,0.02,10.0,0.0,0.0,10.0,tierA-a6000-01
MS-MARCO-RBAC,8000000,8000000,HoneyBee,hub,0.4,2,0.05,0.03,0.02,10.0,0.0,0.0,10.0,tierA-a6000-01
MS-MARCO-RBAC,8000000,8000000,HoneyBee,hub,0.4,3,0.05,0.03,0.02,10.0,0.0,0.0,10.0,tierA-a6000-01
MS-MARCO-RBAC,8000000,8000000,HoneyBee,hub,0.4,4,0.05,0.03,0.02,10.0,0.0,0.0,10.0,tierA-a6000-01
MS-MARCO-RBAC,8000000,8000000,HoneyBee,hub,0.5,0,0.05,0.03,0.02,10.0,0.0,0.0,10.0,tierA-a6000-01
MS-MARCO-RBAC,8000000,8000000,HoneyBee,hub,0.5,1,0.05,0.03,0.02,10.0,0.0,0.0,10.0,tierA-a6000-01
MS-MARCO-RBAC,8000000,8000000,HoneyBee,hub,0.5,2,0.05,0.03,0.02,10.0,0.0,0.0,10.0,tierA-a6000-01
MS-MARCO-RBAC,8000000,8000000,HoneyBee,hub,0.5,3,0.05,0.03,0.02,10.0,0.0,0.0,10.0,tierA-a6000-01
MS-MARCO-RBAC,8000000,8000000,HoneyBee,hub,0.5,4,0.05,0.03,0.02,10.0,0.0,0.0,10.0,tierA-a6000-01
MS-MARCO-RBAC,8000000,8000000,HoneyBee,cluster,0.0,0,0.05,0.03,0.02,10.0,0.0,0.0,10.0,tierA-a6000-01
MS-MARCO-RBAC,8000000,8000000,HoneyBee,cluster,0.0,1,0.05,0.03,0.02,10.0,0.0,0.0,10.0,tierA-a6000-01
MS-MARCO-RBAC,8000000,8000000,HoneyBee,cluster,0.0,2,0.05,0.03,0.02,10.0,0.0,0.0,10.0,tierA-a6000-01
MS-MARCO-RBAC,8000000,8000000,HoneyBee,cluster,0.0,3,0.05,0.03,0.02,10.0,0.0,0.0,10.0,tierA-a6000-01
MS-MARCO-RBAC,8000000,8000000,HoneyBee,cluster,0.0,4,0.05,0.03,0.02,10.0,0.0,0.0,10.0,tierA-a6000-01
MS-MARCO-RBAC,8000000,8000000,HoneyBee,cluster,0.1,0,0.05,0.03,0.02,10.0,0.0,0.0,10.0,tierA-a6000-01
MS-MARCO-RBAC,8000000,8000000,HoneyBee,cluster,0.1,1,0.05,0.03,0.02,10.0,0.0,0.0,10.0,tierA-a6000-01
MS-MARCO-RBAC,8000000,8000000,HoneyBee,cluster,0.1,2,0.05,0.03,0.02,10.0,0.0,0.0,10.0,tierA-a6000-01
MS-MARCO-RBAC,8000000,8000000,HoneyBee,cluster,0.1,3,0.05,0.03,0.02,10.0,0.0,0.0,10.0,tierA-a6000-01
MS-MARCO-RBAC,8000000,8000000,HoneyBee,cluster,0.1,4,0.05,0.03,0.02,10.0,0.0,0.0,10.0,tierA-a6000-01
MS-MARCO-RBAC,8000000,8000000,HoneyBee,cluster,0.2,0,0.05,0.03,0.02,10.0,0.0,0.0,10.0,tierA-a6000-01
MS-MARCO-RBAC,8000000,8000000,HoneyBee,cluster,0.2,1,0.05,0.03,0.02,10.0,0.0,0.0,10.0,tierA-a6000-01
MS-MARCO-RBAC,8000000,8000000,HoneyBee,cluster,0.2,2,0.05,0.03,0.02,10.0,0.0,0.0,10.0,tierA-a6000-01
MS-MARCO-RBAC,8000000,8000000,HoneyBee,cluster,0.2,3,0.05,0.03,0.02,10.0,0.0,0.0,10.0,tierA-a6000-01
MS-MARCO-RBAC,8000000,8000000,HoneyBee,cluster,0.2,4,0.05,0.03,0.02,10.0,0.0,0.0,10.0,tierA-a6000-01
MS-MARCO-RBAC,8000000,8000000,HoneyBee,cluster,0.3,0,0.05,0.03,0.02,10.0,0.0,0.0,10.0,tierA-a6000-01
MS-MARCO-RBAC,8000000,8000000,HoneyBee,cluster,0.3,1,0.05,0.03,0.02,10.0,0.0,0.0,10.0,tierA-a6000-01
MS-MARCO-RBAC,8000000,8000000,HoneyBee,cluster,0.3,2,0.05,0.03,0.02,10.0,0.0,0.0,10.0,tierA-a6000-01
MS-MARCO-RBAC,8000000,8000000,HoneyBee,cluster,0.3,3,0.05,0.03,0.02,10.0,0.0,0.0,10.0,tierA-a6000-01
MS-MARCO-RBAC,8000000,8000000,HoneyBee,cluster,0.3,4,0.05,0.03,0.02,10.0,0.0,0.0,10.0,tierA-a6000-01
MS-MARCO-RBAC,8000000,8000000,HoneyBee,cluster,0.4,0,0.05,0.03,0.02,10.0,0.0,0.0,10.0,tierA-a6000-01
MS-MARCO-RBAC,8000000,8000000,HoneyBee,cluster,0.4,1,0.05,0.03,0.02,10.0,0.0,0.0,10.0,tierA-a6000-01
MS-MARCO-RBAC,8000000,8000000,HoneyBee,cluster,0.4,2,0.05,0.03,0.02,10.0,0.0,0.0,10.0,tierA-a6000-01
MS-MARCO-RBAC,8000000,8000000,HoneyBee,cluster,0.4,3,0.05,0.03,0.02,10.0,0.0,0.0,10.0,tierA-a6000-01
MS-MARCO-RBAC,8000000,8000000,HoneyBee,cluster,0.4,4,0.05,0.03,0.02,10.0,0.0,0.0,10.0,tierA-a6000-01
MS-MARCO-RBAC,8000000,8000000,HoneyBee,cluster,0.5,0,0.05,0.03,0.02,10.0,0.0,0.0,10.0,tierA-a6000-01
MS-MARCO-RBAC,8000000,8000000,HoneyBee,cluster,0.5,1,0.05,0.03,0.02,10.0,0.0,0.0,10.0,tierA-a6000-01
MS-MARCO-RBAC,8000000,8000000,HoneyBee,cluster,0.5,2,0.05,0.03,0.02,10.0,0.0,0.0,10.0,tierA-a6000-01
MS-MARCO-RBAC,8000000,8000000,HoneyBee,cluster,0.5,3,0.05,0.03,0.02,10.0,0.0,0.0,10.0,tierA-a6000-01
MS-MARCO-RBAC,8000000,8000000,HoneyBee,cluster,0.5,4,0.05,0.03,0.02,10.0,0.0,0.0,10.0,tierA-a6000-01
MS-MARCO-RBAC,8000000,8000000,HoneyBee,bridge,0.0,0,0.05,0.03,0.02,10.0,0.0,0.0,10.0,tierA-a6000-01
MS-MARCO-RBAC,8000000,8000000,HoneyBee,bridge,0.0,1,0.05,0.03,0.02,10.0,0.0,0.0,10.0,tierA-a6000-01
MS-MARCO-RBAC,8000000,8000000,HoneyBee,bridge,0.0,2,0.05,0.03,0.02,10.0,0.0,0.0,10.0,tierA-a6000-01
MS-MARCO-RBAC,8000000,8000000,HoneyBee,bridge,0.0,3,0.05,0.03,0.02,10.0,0.0,0.0,10.0,tierA-a6000-01
MS-MARCO-RBAC,8000000,8000000,HoneyBee,bridge,0.0,4,0.05,0.03,0.02,10.0,0.0,0.0,10.0,tierA-a6000-01
MS-MARCO-RBAC,8000000,8000000,HoneyBee,bridge,0.1,0,0.05,0.03,0.02,10.0,0.0,0.0,10.0,tierA-a6000-01
MS-MARCO-RBAC,8000000,8000000,HoneyBee,bridge,0.1,1,0.05,0.03,0.02,10.0,0.0,0.0,10.0,tierA-a6000-01
MS-MARCO-RBAC,8000000,8000000,HoneyBee,bridge,0.1,2,0.05,0.03,0.02,10.0,0.0,0.0,10.0,tierA-a6000-01
MS-MARCO-RBAC,8000000,8000000,HoneyBee,bridge,0.1,3,0.05,0.03,0.02,10.0,0.0,0.0,10.0,tierA-a6000-01
MS-MARCO-RBAC,8000000,8000000,HoneyBee,bridge,0.1,4,0.05,0.03,0.02,10.0,0.0,0.0,10.0,tierA-a6000-01
MS-MARCO-RBAC,8000000,8000000,HoneyBee,bridge,0.2,0,0.05,0.03,0.02,10.0,0.0,0.0,10.0,tierA-a6000-01
MS-MARCO-RBAC,8000000,8000000,HoneyBee,bridge,0.2,1,0.05,0.03,0.02,10.0,0.0,0.0,10.0,tierA-a6000-01
MS-MARCO-RBAC,8000000,8000000,HoneyBee,bridge,0.2,2,0.05,0.03,0.02,10.0,0.0,0.0,10.0,tierA-a6000-01
MS-MARCO-RBAC,8000000,8000000,HoneyBee,bridge,0.2,3,0.05,0.03,0.02,10.0,0.0,0.0,10.0,tierA-a6000-01
MS-MARCO-RBAC,8000000,8000000,HoneyBee,bridge,0.2,4,0.05,0.03,0.02,10.0,0.0,0.0,10.0,tierA-a6000-01
MS-MARCO-RBAC,8000000,8000000,HoneyBee,bridge,0.3,0,0.05,0.03,0.02,10.0,0.0,0.0,10.0,tierA-a6000-01
MS-MARCO-RBAC,8000000,8000000,HoneyBee,bridge,0.3,1,0.05,0.03,0.02,10.0,0.0,0.0,10.0,tierA-a6000-01
MS-MARCO-RBAC,8000000,8000000,HoneyBee,bridge,0.3,2,0.05,0.03,0.02,10.0,0.0,0.0,10.0,tierA-a6000-01
MS-MARCO-RBAC,8000000,8000000,HoneyBee,bridge,0.3,3,0.05,0.03,0.02,10.0,0.0,0.0,10.0,tierA-a6000-01
MS-MARCO-RBAC,8000000,8000000,HoneyBee,bridge,0.3,4,0.05,0.03,0.02,10.0,0.0,0.0,10.0,tierA-a6000-01
MS-MARCO-RBAC,8000000,8000000,HoneyBee,bridge,0.4,0,0.05,0.03,0.02,10.0,0.0,0.0,10.0,tierA-a6000-01
MS-MARCO-RBAC,8000000,8000000,HoneyBee,bridge,0.4,1,0.05,0.03,0.02,10.0,0.0,0.0,10.0,tierA-a6000-01
MS-MARCO-RBAC,8000000,8000000,HoneyBee,bridge,0.4,2,0.05,0.03,0.02,10.0,0.0,0.0,10.0,tierA-a6000-01
MS-MARCO-RBAC,8000000,8000000,HoneyBee,bridge,0.4,3,0.05,0.03,0.02,10.0,0.0,0.0,10.0,tierA-a6000-01
MS-MARCO-RBAC,8000000,8000000,HoneyBee,bridge,0.4,4,0.05,0.03,0.02,10.0,0.0,0.0,10.0,tierA-a6000-01
MS-MARCO-RBAC,8000000,8000000,HoneyBee,bridge,0.5,0,0.05,0.03,0.02,10.0,0.0,0.0,10.0,tierA-a6000-01
MS-MARCO-RBAC,8000000,8000000,HoneyBee,bridge,0.5,1,0.05,0.03,0.02,10.0,0.0,0.0,10.0,tierA-a6000-01
MS-MARCO-RBAC,8000000,8000000,HoneyBee,bridge,0.5,2,0.05,0.03,0.02,10.0,0.0,0.0,10.0,tierA-a6000-01
MS-MARCO-RBAC,8000000,8000000,HoneyBee,bridge,0.5,3,0.05,0.03,0.02,10.0,0.0,0.0,10.0,tierA-a6000-01
MS-MARCO-RBAC,8000000,8000000,HoneyBee,bridge,0.5,4,0.05,0.03,0.02,10.0,0.0,0.0,10.0,tierA-a6000-01
MS-MARCO-RBAC,8000000,8000000,SPFresh,random,0.0,0,0.05,0.03,0.02,10.0,0.0,0.0,10.0,tierA-a6000-01
MS-MARCO-RBAC,8000000,8000000,SPFresh,random,0.0,1,0.05,0.03,0.02,10.0,0.0,0.0,10.0,tierA-a6000-01
MS-MARCO-RBAC,8000000,8000000,SPFresh,random,0.0,2,0.05,0.03,0.02,10.0,0.0,0.0,10.0,tierA-a6000-01
MS-MARCO-RBAC,8000000,8000000,SPFresh,random,0.0,3,0.05,0.03,0.02,10.0,0.0,0.0,10.0,tierA-a6000-01
MS-MARCO-RBAC,8000000,8000000,SPFresh,random,0.0,4,0.05,0.03,0.02,10.0,0.0,0.0,10.0,tierA-a6000-01
MS-MARCO-RBAC,8000000,8000000,SPFresh,random,0.1,0,0.05,0.03,0.02,10.0,0.0,0.0,10.0,tierA-a6000-01
MS-MARCO-RBAC,8000000,8000000,SPFresh,random,0.1,1,0.05,0.03,0.02,10.0,0.0,0.0,10.0,tierA-a6000-01
MS-MARCO-RBAC,8000000,8000000,SPFresh,random,0.1,2,0.05,0.03,0.02,10.0,0.0,0.0,10.0,tierA-a6000-01
MS-MARCO-RBAC,8000000,8000000,SPFresh,random,0.1,3,0.05,0.03,0.02,10.0,0.0,0.0,10.0,tierA-a6000-01
MS-MARCO-RBAC,8000000,8000000,SPFresh,random,0.1,4,0.05,0.03,0.02,10.0,0.0,0.0,10.0,tierA-a6000-01
MS-MARCO-RBAC,8000000,8000000,SPFresh,random,0.2,0,0.05,0.03,0.02,10.0,0.0,0.0,10.0,tierA-a6000-01
MS-MARCO-RBAC,8000000,8000000,SPFresh,random,0.2,1,0.05,0.03,0.02,10.0,0.0,0.0,10.0,tierA-a6000-01
MS-MARCO-RBAC,8000000,8000000,SPFresh,random,0.2,2,0.05,0.03,0.02,10.0,0.0,0.0,10.0,tierA-a6000-01
MS-MARCO-RBAC,8000000,8000000,SPFresh,random,0.2,3,0.05,0.03,0.02,10.0,0.0,0.0,10.0,tierA-a6000-01
MS-MARCO-RBAC,8000000,8000000,SPFresh,random,0.2,4,0.05,0.03,0.02,10.0,0.0,0.0,10.0,tierA-a6000-01
MS-MARCO-RBAC,8000000,8000000,SPFresh,random,0.3,0,0.05,0.03,0.02,10.0,0.0,0.0,10.0,tierA-a6000-01
MS-MARCO-RBAC,8000000,8000000,SPFresh,random,0.3,1,0.05,0.03,0.02,10.0,0.0,0.0,10.0,tierA-a6000-01
MS-MARCO-RBAC,8000000,8000000,SPFresh,random,0.3,2,0.05,0.03,0.02,10.0,0.0,0.0,10.0,tierA-a6000-01
MS-MARCO-RBAC,8000000,8000000,SPFresh,random,0.3,3,0.05,0.03,0.02,10.0,0.0,0.0,10.0,tierA-a6000-01
MS-MARCO-RBAC,8000000,8000000,SPFresh,random,0.3,4,0.05,0.03,0.02,10.0,0.0,0.0,10.0,tierA-a6000-01
MS-MARCO-RBAC,8000000,8000000,SPFresh,random,0.4,0,0.05,0.03,0.02,10.0,0.0,0.0,10.0,tierA-a6000-01
MS-MARCO-RBAC,8000000,8000000,SPFresh,random,0.4,1,0.05,0.03,0.02,10.0,0.0,0.0,10.0,tierA-a6000-01
MS-MARCO-RBAC,8000000,8000000,SPFresh,random,0.4,2,0.05,0.03,0.02,10.0,0.0,0.0,10.0,tierA-a6000-01
MS-MARCO-RBAC,8000000,8000000,SPFresh,random,0.4,3,0.05,0.03,0.02,10.0,0.0,0.0,10.0,tierA-a6000-01
MS-MARCO-RBAC,8000000,8000000,SPFresh,random,0.4,4,0.05,0.03,0.02,10.0,0.0,0.0,10.0,tierA-a6000-01
MS-MARCO-RBAC,8000000,8000000,SPFresh,random,0.5,0,0.05,0.03,0.02,10.0,0.0,0.0,10.0,tierA-a6000-01
MS-MARCO-RBAC,8000000,8000000,SPFresh,random,0.5,1,0.05,0.03,0.02,10.0,0.0,0.0,10.0,tierA-a6000-01
MS-MARCO-RBAC,8000000,8000000,SPFresh,random,0.5,2,0.05,0.03,0.02,10.0,0.0,0.0,10.0,tierA-a6000-01
MS-MARCO-RBAC,8000000,8000000,SPFresh,random,0.5,3,0.05,0.03,0.02,10.0,0.0,0.0,10.0,tierA-a6000-01
MS-MARCO-RBAC,8000000,8000000,SPFresh,random,0.5,4,0.05,0.03,0.02,10.0,0.0,0.0,10.0,tierA-a6000-01
MS-MARCO-RBAC,8000000,8000000,SPFresh,hub,0.0,0,0.05,0.03,0.02,10.0,0.0,0.0,10.0,tierA-a6000-01
MS-MARCO-RBAC,8000000,8000000,SPFresh,hub,0.0,1,0.05,0.03,0.02,10.0,0.0,0.0,10.0,tierA-a6000-01
MS-MARCO-RBAC,8000000,8000000,SPFresh,hub,0.0,2,0.05,0.03,0.02,10.0,0.0,0.0,10.0,tierA-a6000-01
MS-MARCO-RBAC,8000000,8000000,SPFresh,hub,0.0,3,0.05,0.03,0.02,10.0,0.0,0.0,10.0,tierA-a6000-01
MS-MARCO-RBAC,8000000,8000000,SPFresh,hub,0.0,4,0.05,0.03,0.02,10.0,0.0,0.0,10.0,tierA-a6000-01
MS-MARCO-RBAC,8000000,8000000,SPFresh,hub,0.1,0,0.05,0.03,0.02,10.0,0.0,0.0,10.0,tierA-a6000-01
MS-MARCO-RBAC,8000000,8000000,SPFresh,hub,0.1,1,0.05,0.03,0.02,10.0,0.0,0.0,10.0,tierA-a6000-01
MS-MARCO-RBAC,8000000,8000000,SPFresh,hub,0.1,2,0.05,0.03,0.02,10.0,0.0,0.0,10.0,tierA-a6000-01
MS-MARCO-RBAC,8000000,8000000,SPFresh,hub,0.1,3,0.05,0.03,0.02,10.0,0.0,0.0,10.0,tierA-a6000-01
MS-MARCO-RBAC,8000000,8000000,SPFresh,hub,0.1,4,0.05,0.03,0.02,10.0,0.0,0.0,10.0,tierA-a6000-01
MS-MARCO-RBAC,8000000,8000000,SPFresh,hub,0.2,0,0.05,0.03,0.02,10.0,0.0,0.0,10.0,tierA-a6000-01
MS-MARCO-RBAC,8000000,8000000,SPFresh,hub,0.2,1,0.05,0.03,0.02,10.0,0.0,0.0,10.0,tierA-a6000-01
MS-MARCO-RBAC,8000000,8000000,SPFresh,hub,0.2,2,0.05,0.03,0.02,10.0,0.0,0.0,10.0,tierA-a6000-01
MS-MARCO-RBAC,8000000,8000000,SPFresh,hub,0.2,3,0.05,0.03,0.02,10.0,0.0,0.0,10.0,tierA-a6000-01
MS-MARCO-RBAC,8000000,8000000,SPFresh,hub,0.2,4,0.05,0.03,0.02,10.0,0.0,0.0,10.0,tierA-a6000-01
MS-MARCO-RBAC,8000000,8000000,SPFresh,hub,0.3,0,0.05,0.03,0.02,10.0,0.0,0.0,10.0,tierA-a6000-01
MS-MARCO-RBAC,8000000,8000000,SPFresh,hub,0.3,1,0.05,0.03,0.02,10.0,0.0,0.0,10.0,tierA-a6000-01
MS-MARCO-RBAC,8000000,8000000,SPFresh,hub,0.3,2,0.05,0.03,0.02,10.0,0.0,0.0,10.0,tierA-a6000-01
MS-MARCO-RBAC,8000000,8000000,SPFresh,hub,0.3,3,0.05,0.03,0.02,10.0,0.0,0.0,10.0,tierA-a6000-01
MS-MARCO-RBAC,8000000,8000000,SPFresh,hub,0.3,4,0.05,0.03,0.02,10.0,0.0,0.0,10.0,tierA-a6000-01
MS-MARCO-RBAC,8000000,8000000,SPFresh,hub,0.4,0,0.05,0.03,0.02,10.0,0.0,0.0,10.0,tierA-a6000-01
MS-MARCO-RBAC,8000000,8000000,SPFresh,hub,0.4,1,0.05,0.03,0.02,10.0,0.0,0.0,10.0,tierA-a6000-01
MS-MARCO-RBAC,8000000,8000000,SPFresh,hub,0.4,2,0.05,0.03,0.02,10.0,0.0,0.0,10.0,tierA-a6000-01
MS-MARCO-RBAC,8000000,8000000,SPFresh,hub,0.4,3,0.05,0.03,0.02,10.0,0.0,0.0,10.0,tierA-a6000-01
MS-MARCO-RBAC,8000000,8000000,SPFresh,hub,0.4,4,0.05,0.03,0.02,10.0,0.0,0.0,10.0,tierA-a6000-01
MS-MARCO-RBAC,8000000,8000000,SPFresh,hub,0.5,0,0.05,0.03,0.02,10.0,0.0,0.0,10.0,tierA-a6000-01
MS-MARCO-RBAC,8000000,8000000,SPFresh,hub,0.5,1,0.05,0.03,0.02,10.0,0.0,0.0,10.0,tierA-a6000-01
MS-MARCO-RBAC,8000000,8000000,SPFresh,hub,0.5,2,0.05,0.03,0.02,10.0,0.0,0.0,10.0,tierA-a6000-01
MS-MARCO-RBAC,8000000,8000000,SPFresh,hub,0.5,3,0.05,0.03,0.02,10.0,0.0,0.0,10.0,tierA-a6000-01
MS-MARCO-RBAC,8000000,8000000,SPFresh,hub,0.5,4,0.05,0.03,0.02,10.0,0.0,0.0,10.0,tierA-a6000-01
MS-MARCO-RBAC,8000000,8000000,SPFresh,cluster,0.0,0,0.05,0.03,0.02,10.0,0.0,0.0,10.0,tierA-a6000-01
MS-MARCO-RBAC,8000000,8000000,SPFresh,cluster,0.0,1,0.05,0.03,0.02,10.0,0.0,0.0,10.0,tierA-a6000-01
MS-MARCO-RBAC,8000000,8000000,SPFresh,cluster,0.0,2,0.05,0.03,0.02,10.0,0.0,0.0,10.0,tierA-a6000-01
MS-MARCO-RBAC,8000000,8000000,SPFresh,cluster,0.0,3,0.05,0.03,0.02,10.0,0.0,0.0,10.0,tierA-a6000-01
MS-MARCO-RBAC,8000000,8000000,SPFresh,cluster,0.0,4,0.05,0.03,0.02,10.0,0.0,0.0,10.0,tierA-a6000-01
MS-MARCO-RBAC,8000000,8000000,SPFresh,cluster,0.1,0,0.05,0.03,0.02,10.0,0.0,0.0,10.0,tierA-a6000-01
MS-MARCO-RBAC,8000000,8000000,SPFresh,cluster,0.1,1,0.05,0.03,0.02,10.0,0.0,0.0,10.0,tierA-a6000-01
MS-MARCO-RBAC,8000000,8000000,SPFresh,cluster,0.1,2,0.05,0.03,0.02,10.0,0.0,0.0,10.0,tierA-a6000-01
MS-MARCO-RBAC,8000000,8000000,SPFresh,cluster,0.1,3,0.05,0.03,0.02,10.0,0.0,0.0,10.0,tierA-a6000-01
MS-MARCO-RBAC,8000000,8000000,SPFresh,cluster,0.1,4,0.05,0.03,0.02,10.0,0.0,0.0,10.0,tierA-a6000-01
MS-MARCO-RBAC,8000000,8000000,SPFresh,cluster,0.2,0,0.05,0.03,0.02,10.0,0.0,0.0,10.0,tierA-a6000-01
MS-MARCO-RBAC,8000000,8000000,SPFresh,cluster,0.2,1,0.05,0.03,0.02,10.0,0.0,0.0,10.0,tierA-a6000-01
MS-MARCO-RBAC,8000000,8000000,SPFresh,cluster,0.2,2,0.05,0.03,0.02,10.0,0.0,0.0,10.0,tierA-a6000-01
MS-MARCO-RBAC,8000000,8000000,SPFresh,cluster,0.2,3,0.05,0.03,0.02,10.0,0.0,0.0,10.0,tierA-a6000-01
MS-MARCO-RBAC,8000000,8000000,SPFresh,cluster,0.2,4,0.05,0.03,0.02,10.0,0.0,0.0,10.0,tierA-a6000-01
MS-MARCO-RBAC,8000000,8000000,SPFresh,cluster,0.3,0,0.05,0.03,0.02,10.0,0.0,0.0,10.0,tierA-a6000-01
MS-MARCO-RBAC,8000000,8000000,SPFresh,cluster,0.3,1,0.05,0.03,0.02,10.0,0.0,0.0,10.0,tierA-a6000-01
MS-MARCO-RBAC,8000000,8000000,SPFresh,cluster,0.3,2,0.05,0.03,0.02,10.0,0.0,0.0,10.0,tierA-a6000-01
MS-MARCO-RBAC,8000000,8000000,SPFresh,cluster,0.3,3,0.05,0.03,0.02,10.0,0.0,0.0,10.0,tierA-a6000-01
MS-MARCO-RBAC,8000000,8000000,SPFresh,cluster,0.3,4,0.05,0.03,0.02,10.0,0.0,0.0,10.0,tierA-a6000-01
MS-MARCO-RBAC,8000000,8000000,SPFresh,cluster,0.4,0,0.05,0.03,0.02,10.0,0.0,0.0,10.0,tierA-a6000-01
MS-MARCO-RBAC,8000000,8000000,SPFresh,cluster,0.4,1,0.05,0.03,0.02,10.0,0.0,0.0,10.0,tierA-a6000-01
MS-MARCO-RBAC,8000000,8000000,SPFresh,cluster,0.4,2,0.05,0.03,0.02,10.0,0.0,0.0,10.0,tierA-a6000-01
MS-MARCO-RBAC,8000000,8000000,SPFresh,cluster,0.4,3,0.05,0.03,0.02,10.0,0.0,0.0,10.0,tierA-a6000-01
MS-MARCO-RBAC,8000000,8000000,SPFresh,cluster,0.4,4,0.05,0.03,0.02,10.0,0.0,0.0,10.0,tierA-a6000-01
MS-MARCO-RBAC,8000000,8000000,SPFresh,cluster,0.5,0,0.05,0.03,0.02,10.0,0.0,0.0,10.0,tierA-a6000-01
MS-MARCO-RBAC,8000000,8000000,SPFresh,cluster,0.5,1,0.05,0.03,0.02,10.0,0.0,0.0,10.0,tierA-a6000-01
MS-MARCO-RBAC,8000000,8000000,SPFresh,cluster,0.5,2,0.05,0.03,0.02,10.0,0.0,0.0,10.0,tierA-a6000-01
MS-MARCO-RBAC,8000000,8000000,SPFresh,cluster,0.5,3,0.05,0.03,0.02,10.0,0.0,0.0,10.0,tierA-a6000-01
MS-MARCO-RBAC,8000000,8000000,SPFresh,cluster,0.5,4,0.05,0.03,0.02,10.0,0.0,0.0,10.0,tierA-a6000-01
MS-MARCO-RBAC,8000000,8000000,SPFresh,bridge,0.0,0,0.05,0.03,0.02,10.0,0.0,0.0,10.0,tierA-a6000-01
MS-MARCO-RBAC,8000000,8000000,SPFresh,bridge,0.0,1,0.05,0.03,0.02,10.0,0.0,0.0,10.0,tierA-a6000-01
MS-MARCO-RBAC,8000000,8000000,SPFresh,bridge,0.0,2,0.05,0.03,0.02,10.0,0.0,0.0,10.0,tierA-a6000-01
MS-MARCO-RBAC,8000000,8000000,SPFresh,bridge,0.0,3,0.05,0.03,0.02,10.0,0.0,0.0,10.0,tierA-a6000-01
MS-MARCO-RBAC,8000000,8000000,SPFresh,bridge,0.0,4,0.05,0.03,0.02,10.0,0.0,0.0,10.0,tierA-a6000-01
MS-MARCO-RBAC,8000000,8000000,SPFresh,bridge,0.1,0,0.05,0.03,0.02,10.0,0.0,0.0,10.0,tierA-a6000-01
MS-MARCO-RBAC,8000000,8000000,SPFresh,bridge,0.1,1,0.05,0.03,0.02,10.0,0.0,0.0,10.0,tierA-a6000-01
MS-MARCO-RBAC,8000000,8000000,SPFresh,bridge,0.1,2,0.05,0.03,0.02,10.0,0.0,0.0,10.0,tierA-a6000-01
MS-MARCO-RBAC,8000000,8000000,SPFresh,bridge,0.1,3,0.05,0.03,0.02,10.0,0.0,0.0,10.0,tierA-a6000-01
MS-MARCO-RBAC,8000000,8000000,SPFresh,bridge,0.1,4,0.05,0.03,0.02,10.0,0.0,0.0,10.0,tierA-a6000-01
MS-MARCO-RBAC,8000000,8000000,SPFresh,bridge,0.2,0,0.05,0.03,0.02,10.0,0.0,0.0,10.0,tierA-a6000-01
MS-MARCO-RBAC,8000000,8000000,SPFresh,bridge,0.2,1,0.05,0.03,0.02,10.0,0.0,0.0,10.0,tierA-a6000-01
MS-MARCO-RBAC,8000000,8000000,SPFresh,bridge,0.2,2,0.05,0.03,0.02,10.0,0.0,0.0,10.0,tierA-a6000-01
MS-MARCO-RBAC,8000000,8000000,SPFresh,bridge,0.2,3,0.05,0.03,0.02,10.0,0.0,0.0,10.0,tierA-a6000-01
MS-MARCO-RBAC,8000000,8000000,SPFresh,bridge,0.2,4,0.05,0.03,0.02,10.0,0.0,0.0,10.0,tierA-a6000-01
MS-MARCO-RBAC,8000000,8000000,SPFresh,bridge,0.3,0,0.05,0.03,0.02,10.0,0.0,0.0,10.0,tierA-a6000-01
MS-MARCO-RBAC,8000000,8000000,SPFresh,bridge,0.3,1,0.05,0.03,0.02,10.0,0.0,0.0,10.0,tierA-a6000-01
MS-MARCO-RBAC,8000000,8000000,SPFresh,bridge,0.3,2,0.05,0.03,0.02,10.0,0.0,0.0,10.0,tierA-a6000-01
MS-MARCO-RBAC,8000000,8000000,SPFresh,bridge,0.3,3,0.05,0.03,0.02,10.0,0.0,0.0,10.0,tierA-a6000-01
MS-MARCO-RBAC,8000000,8000000,SPFresh,bridge,0.3,4,0.05,0.03,0.02,10.0,0.0,0.0,10.0,tierA-a6000-01
MS-MARCO-RBAC,8000000,8000000,SPFresh,bridge,0.4,0,0.05,0.03,0.02,10.0,0.0,0.0,10.0,tierA-a6000-01
MS-MARCO-RBAC,8000000,8000000,SPFresh,bridge,0.4,1,0.05,0.03,0.02,10.0,0.0,0.0,10.0,tierA-a6000-01
MS-MARCO-RBAC,8000000,8000000,SPFresh,bridge,0.4,2,0.05,0.03,0.02,10.0,0.0,0.0,10.0,tierA-a6000-01
MS-MARCO-RBAC,8000000,8000000,SPFresh,bridge,0.4,3,0.05,0.03,0.02,10.0,0.0,0.0,10.0,tierA-a6000-01
MS-MARCO-RBAC,8000000,8000000,SPFresh,bridge,0.4,4,0.05,0.03,0.02,10.0,0.0,0.0,10.0,tierA-a6000-01
MS-MARCO-RBAC,8000000,8000000,SPFresh,bridge,0.5,0,0.05,0.03,0.02,10.0,0.0,0.0,10.0,tierA-a6000-01
MS-MARCO-RBAC,8000000,8000000,SPFresh,bridge,0.5,1,0.05,0.03,0.02,10.0,0.0,0.0,10.0,tierA-a6000-01
MS-MARCO-RBAC,8000000,8000000,SPFresh,bridge,0.5,2,0.05,0.03,0.02,10.0,0.0,0.0,10.0,tierA-a6000-01
MS-MARCO-RBAC,8000000,8000000,SPFresh,bridge,0.5,3,0.05,0.03,0.02,10.0,0.0,0.0,10.0,tierA-a6000-01
MS-MARCO-RBAC,8000000,8000000,SPFresh,bridge,0.5,4,0.05,0.03,0.02,10.0,0.0,0.0,10.0,tierA-a6000-01
SIFT1M,1000000,1000000,Tombstone,random,0.0,0,0.05,0.03,0.02,4.1,0.0,0.0,4.1,tierA-a6000-01
SIFT1M,1000000,1000000,Tombstone,random,0.0,1,0.05,0.03,0.02,4.1,0.0,0.0,4.1,tierA-a6000-01
SIFT1M,1000000,1000000,Tombstone,random,0.0,2,0.05,0.03,0.02,4.1,0.0,0.0,4.1,tierA-a6000-01
SIFT1M,1000000,1000000,Tombstone,random,0.0,3,0.05,0.03,0.02,4.1,0.0,0.0,4.1,tierA-a6000-01
SIFT1M,1000000,1000000,Tombstone,random,0.0,4,0.05,0.03,0.02,4.1,0.0,0.0,4.1,tierA-a6000-01
SIFT1M,1000000,1000000,Tombstone,random,0.1,0,0.05,0.03,0.02,4.1,0.0,0.0,4.1,tierA-a6000-01
SIFT1M,1000000,1000000,Tombstone,random,0.1,1,0.05,0.03,0.02,4.1,0.0,0.0,4.1,tierA-a6000-01
SIFT1M,1000000,1000000,Tombstone,random,0.1,2,0.05,0.03,0.02,4.1,0.0,0.0,4.1,tierA-a6000-01
SIFT1M,1000000,1000000,Tombstone,random,0.1,3,0.05,0.03,0.02,4.1,0.0,0.0,4.1,tierA-a6000-01
SIFT1M,1000000,1000000,Tombstone,random,0.1,4,0.05,0.03,0.02,4.1,0.0,0.0,4.1,tierA-a6000-01
SIFT1M,1000000,1000000,Tombstone,random,0.2,0,0.05,0.03,0.02,4.1,0.0,0.0,4.1,tierA-a6000-01
SIFT1M,1000000,1000000,Tombstone,random,0.2,1,0.05,0.03,0.02,4.1,0.0,0.0,4.1,tierA-a6000-01
SIFT1M,1000000,1000000,Tombstone,random,0.2,2,0.05,0.03,0.02,4.1,0.0,0.0,4.1,tierA-a6000-01
SIFT1M,1000000,1000000,Tombstone,random,0.2,3,0.05,0.03,0.02,4.1,0.0,0.0,4.1,tierA-a6000-01
SIFT1M,1000000,1000000,Tombstone,random,0.2,4,0.05,0.03,0.02,4.1,0.0,0.0,4.1,tierA-a6000-01
SIFT1M,1000000,1000000,Tombstone,random,0.3,0,0.05,0.03,0.02,4.1,0.0,0.0,4.1,tierA-a6000-01
SIFT1M,1000000,1000000,Tombstone,random,0.3,1,0.05,0.03,0.02,4.1,0.0,0.0,4.1,tierA-a6000-01
SIFT1M,1000000,1000000,Tombstone,random,0.3,2,0.05,0.03,0.02,4.1,0.0,0.0,4.1,tierA-a6000-01
SIFT1M,1000000,1000000,Tombstone,random,0.3,3,0.05,0.03,0.02,4.1,0.0,0.0,4.1,tierA-a6000-01
SIFT1M,1000000,1000000,Tombstone,random,0.3,4,0.05,0.03,0.02,4.1,0.0,0.0,4.1,tierA-a6000-01
SIFT1M,1000000,1000000,Tombstone,random,0.4,0,0.05,0.03,0.02,4.1,0.0,0.0,4.1,tierA-a6000-01
SIFT1M,1000000,1000000,Tombstone,random,0.4,1,0.05,0.03,0.02,4.1,0.0,0.0,4.1,tierA-a6000-01
SIFT1M,1000000,1000000,Tombstone,random,0.4,2,0.05,0.03,0.02,4.1,0.0,0.0,4.1,tierA-a6000-01
SIFT1M,1000000,1000000,Tombstone,random,0.4,3,0.05,0.03,0.02,4.1,0.0,0.0,4.1,tierA-a6000-01
SIFT1M,1000000,1000000,Tombstone,random,0.4,4,0.05,0.03,0.02,4.1,0.0,0.0,4.1,tierA-a6000-01
SIFT1M,1000000,1000000,Tombstone,random,0.5,0,0.05,0.03,0.02,4.1,0.0,0.0,4.1,tierA-a6000-01
SIFT1M,1000000,1000000,Tombstone,random,0.5,1,0.05,0.03,0.02,4.1,0.0,0.0,4.1,tierA-a6000-01
SIFT1M,1000000,1000000,Tombstone,random,0.5,2,0.05,0.03,0.02,4.1,0.0,0.0,4.1,tierA-a6000-01
SIFT1M,1000000,1000000,Tombstone,random,0.5,3,0.05,0.03,0.02,4.1,0.0,0.0,4.1,tierA-a6000-01
SIFT1M,1000000,1000000,Tombstone,random,0.5,4,0.05,0.03,0.02,4.1,0.0,0.0,4.1,tierA-a6000-01
SIFT1M,1000000,1000000,Tombstone,hub,0.0,0,0.05,0.03,0.02,4.1,0.0,0.0,4.1,tierA-a6000-01
SIFT1M,1000000,1000000,Tombstone,hub,0.0,1,0.05,0.03,0.02,4.1,0.0,0.0,4.1,tierA-a6000-01
SIFT1M,1000000,1000000,Tombstone,hub,0.0,2,0.05,0.03,0.02,4.1,0.0,0.0,4.1,tierA-a6000-01
SIFT1M,1000000,1000000,Tombstone,hub,0.0,3,0.05,0.03,0.02,4.1,0.0,0.0,4.1,tierA-a6000-01
SIFT1M,1000000,1000000,Tombstone,hub,0.0,4,0.05,0.03,0.02,4.1,0.0,0.0,4.1,tierA-a6000-01
SIFT1M,1000000,1000000,Tombstone,hub,0.1,0,0.05,0.03,0.02,4.1,0.0,0.0,4.1,tierA-a6000-01
SIFT1M,1000000,1000000,Tombstone,hub,0.1,1,0.05,0.03,0.02,4.1,0.0,0.0,4.1,tierA-a6000-01
SIFT1M,1000000,1000000,Tombstone,hub,0.1,2,0.05,0.03,0.02,4.1,0.0,0.0,4.1,tierA-a6000-01
SIFT1M,1000000,1000000,Tombstone,hub,0.1,3,0.05,0.03,0.02,4.1,0.0,0.0,4.1,tierA-a6000-01
SIFT1M,1000000,1000000,Tombstone,hub,0.1,4,0.05,0.03,0.02,4.1,0.0,0.0,4.1,tierA-a6000-01
SIFT1M,1000000,1000000,Tombstone,hub,0.2,0,0.05,0.03,0.02,4.1,0.0,0.0,4.1,tierA-a6000-01
SIFT1M,1000000,1000000,Tombstone,hub,0.2,1,0.05,0.03,0.02,4.1,0.0,0.0,4.1,tierA-a6000-01
SIFT1M,1000000,1000000,Tombstone,hub,0.2,2,0.05,0.03,0.02,4.1,0.0,0.0,4.1,tierA-a6000-01
SIFT1M,1000000,1000000,Tombstone,hub,0.2,3,0.05,0.03,0.02,4.1,0.0,0.0,4.1,tierA-a6000-01
SIFT1M,1000000,1000000,Tombstone,hub,0.2,4,0.05,0.03,0.02,4.1,0.0,0.0,4.1,tierA-a6000-01
SIFT1M,1000000,1000000,Tombstone,hub,0.3,0,0.05,0.03,0.02,4.1,0.0,0.0,4.1,tierA-a6000-01
SIFT1M,1000000,1000000,Tombstone,hub,0.3,1,0.05,0.03,0.02,4.1,0.0,0.0,4.1,tierA-a6000-01
SIFT1M,1000000,1000000,Tombstone,hub,0.3,2,0.05,0.03,0.02,4.1,0.0,0.0,4.1,tierA-a6000-01
SIFT1M,1000000,1000000,Tombstone,hub,0.3,3,0.05,0.03,0.02,4.1,0.0,0.0,4.1,tierA-a6000-01
SIFT1M,1000000,1000000,Tombstone,hub,0.3,4,0.05,0.03,0.02,4.1,0.0,0.0,4.1,tierA-a6000-01
SIFT1M,1000000,1000000,Tombstone,hub,0.4,0,0.05,0.03,0.02,4.1,0.0,0.0,4.1,tierA-a6000-01
SIFT1M,1000000,1000000,Tombstone,hub,0.4,1,0.05,0.03,0.02,4.1,0.0,0.0,4.1,tierA-a6000-01
SIFT1M,1000000,1000000,Tombstone,hub,0.4,2,0.05,0.03,0.02,4.1,0.0,0.0,4.1,tierA-a6000-01
SIFT1M,1000000,1000000,Tombstone,hub,0.4,3,0.05,0.03,0.02,4.1,0.0,0.0,4.1,tierA-a6000-01
SIFT1M,1000000,1000000,Tombstone,hub,0.4,4,0.05,0.03,0.02,4.1,0.0,0.0,4.1,tierA-a6000-01
SIFT1M,1000000,1000000,Tombstone,hub,0.5,0,0.05,0.03,0.02,4.1,0.0,0.0,4.1,tierA-a6000-01
SIFT1M,1000000,1000000,Tombstone,hub,0.5,1,0.05,0.03,0.02,4.1,0.0,0.0,4.1,tierA-a6000-01
SIFT1M,1000000,1000000,Tombstone,hub,0.5,2,0.05,0.03,0.02,4.1,0.0,0.0,4.1,tierA-a6000-01
SIFT1M,1000000,1000000,Tombstone,hub,0.5,3,0.05,0.03,0.02,4.1,0.0,0.0,4.1,tierA-a6000-01
SIFT1M,1000000,1000000,Tombstone,hub,0.5,4,0.05,0.03,0.02,4.1,0.0,0.0,4.1,tierA-a6000-01
SIFT1M,1000000,1000000,Tombstone,cluster,0.0,0,0.05,0.03,0.02,4.1,0.0,0.0,4.1,tierA-a6000-01
SIFT1M,1000000,1000000,Tombstone,cluster,0.0,1,0.05,0.03,0.02,4.1,0.0,0.0,4.1,tierA-a6000-01
SIFT1M,1000000,1000000,Tombstone,cluster,0.0,2,0.05,0.03,0.02,4.1,0.0,0.0,4.1,tierA-a6000-01
SIFT1M,1000000,1000000,Tombstone,cluster,0.0,3,0.05,0.03,0.02,4.1,0.0,0.0,4.1,tierA-a6000-01
SIFT1M,1000000,1000000,Tombstone,cluster,0.0,4,0.05,0.03,0.02,4.1,0.0,0.0,4.1,tierA-a6000-01
SIFT1M,1000000,1000000,Tombstone,cluster,0.1,0,0.05,0.03,0.02,4.1,0.0,0.0,4.1,tierA-a6000-01
SIFT1M,1000000,1000000,Tombstone,cluster,0.1,1,0.05,0.03,0.02,4.1,0.0,0.0,4.1,tierA-a6000-01
SIFT1M,1000000,1000000,Tombstone,cluster,0.1,2,0.05,0.03,0.02,4.1,0.0,0.0,4.1,tierA-a6000-01
SIFT1M,1000000,1000000,Tombstone,cluster,0.1,3,0.05,0.03,0.02,4.1,0.0,0.0,4.1,tierA-a6000-01
SIFT1M,1000000,1000000,Tombstone,cluster,0.1,4,0.05,0.03,0.02,4.1,0.0,0.0,4.1,tierA-a6000-01
SIFT1M,1000000,1000000,Tombstone,cluster,0.2,0,0.05,0.03,0.02,4.1,0.0,0.0,4.1,tierA-a6000-01
SIFT1M,1000000,1000000,Tombstone,cluster,0.2,1,0.05,0.03,0.02,4.1,0.0,0.0,4.1,tierA-a6000-01
SIFT1M,1000000,1000000,Tombstone,cluster,0.2,2,0.05,0.03,0.02,4.1,0.0,0.0,4.1,tierA-a6000-01
SIFT1M,1000000,1000000,Tombstone,cluster,0.2,3,0.05,0.03,0.02,4.1,0.0,0.0,4.1,tierA-a6000-01
SIFT1M,1000000,1000000,Tombstone,cluster,0.2,4,0.05,0.03,0.02,4.1,0.0,0.0,4.1,tierA-a6000-01
SIFT1M,1000000,1000000,Tombstone,cluster,0.3,0,0.05,0.03,0.02,4.1,0.0,0.0,4.1,tierA-a6000-01
SIFT1M,1000000,1000000,Tombstone,cluster,0.3,1,0.05,0.03,0.02,4.1,0.0,0.0,4.1,tierA-a6000-01
SIFT1M,1000000,1000000,Tombstone,cluster,0.3,2,0.05,0.03,0.02,4.1,0.0,0.0,4.1,tierA-a6000-01
SIFT1M,1000000,1000000,Tombstone,cluster,0.3,3,0.05,0.03,0.02,4.1,0.0,0.0,4.1,tierA-a6000-01
SIFT1M,1000000,1000000,Tombstone,cluster,0.3,4,0.05,0.03,0.02,4.1,0.0,0.0,4.1,tierA-a6000-01
SIFT1M,1000000,1000000,Tombstone,cluster,0.4,0,0.05,0.03,0.02,4.1,0.0,0.0,4.1,tierA-a6000-01
SIFT1M,1000000,1000000,Tombstone,cluster,0.4,1,0.05,0.03,0.02,4.1,0.0,0.0,4.1,tierA-a6000-01
SIFT1M,1000000,1000000,Tombstone,cluster,0.4,2,0.05,0.03,0.02,4.1,0.0,0.0,4.1,tierA-a6000-01
SIFT1M,1000000,1000000,Tombstone,cluster,0.4,3,0.05,0.03,0.02,4.1,0.0,0.0,4.1,tierA-a6000-01
SIFT1M,1000000,1000000,Tombstone,cluster,0.4,4,0.05,0.03,0.02,4.1,0.0,0.0,4.1,tierA-a6000-01
SIFT1M,1000000,1000000,Tombstone,cluster,0.5,0,0.05,0.03,0.02,4.1,0.0,0.0,4.1,tierA-a6000-01
SIFT1M,1000000,1000000,Tombstone,cluster,0.5,1,0.05,0.03,0.02,4.1,0.0,0.0,4.1,tierA-a6000-01
SIFT1M,1000000,1000000,Tombstone,cluster,0.5,2,0.05,0.03,0.02,4.1,0.0,0.0,4.1,tierA-a6000-01
SIFT1M,1000000,1000000,Tombstone,cluster,0.5,3,0.05,0.03,0.02,4.1,0.0,0.0,4.1,tierA-a6000-01
SIFT1M,1000000,1000000,Tombstone,cluster,0.5,4,0.05,0.03,0.02,4.1,0.0,0.0,4.1,tierA-a6000-01
SIFT1M,1000000,1000000,Tombstone,bridge,0.0,0,0.05,0.03,0.02,4.1,0.0,0.0,4.1,tierA-a6000-01
SIFT1M,1000000,1000000,Tombstone,bridge,0.0,1,0.05,0.03,0.02,4.1,0.0,0.0,4.1,tierA-a6000-01
SIFT1M,1000000,1000000,Tombstone,bridge,0.0,2,0.05,0.03,0.02,4.1,0.0,0.0,4.1,tierA-a6000-01
SIFT1M,1000000,1000000,Tombstone,bridge,0.0,3,0.05,0.03,0.02,4.1,0.0,0.0,4.1,tierA-a6000-01
SIFT1M,1000000,1000000,Tombstone,bridge,0.0,4,0.05,0.03,0.02,4.1,0.0,0.0,4.1,tierA-a6000-01
SIFT1M,1000000,1000000,Tombstone,bridge,0.1,0,0.05,0.03,0.02,4.1,0.0,0.0,4.1,tierA-a6000-01
SIFT1M,1000000,1000000,Tombstone,bridge,0.1,1,0.05,0.03,0.02,4.1,0.0,0.0,4.1,tierA-a6000-01
SIFT1M,1000000,1000000,Tombstone,bridge,0.1,2,0.05,0.03,0.02,4.1,0.0,0.0,4.1,tierA-a6000-01
SIFT1M,1000000,1000000,Tombstone,bridge,0.1,3,0.05,0.03,0.02,4.1,0.0,0.0,4.1,tierA-a6000-01
SIFT1M,1000000,1000000,Tombstone,bridge,0.1,4,0.05,0.03,0.02,4.1,0.0,0.0,4.1,tierA-a6000-01
SIFT1M,1000000,1000000,Tombstone,bridge,0.2,0,0.05,0.03,0.02,4.1,0.0,0.0,4.1,tierA-a6000-01
SIFT1M,1000000,1000000,Tombstone,bridge,0.2,1,0.05,0.03,0.02,4.1,0.0,0.0,4.1,tierA-a6000-01
SIFT1M,1000000,1000000,Tombstone,bridge,0.2,2,0.05,0.03,0.02,4.1,0.0,0.0,4.1,tierA-a6000-01
SIFT1M,1000000,1000000,Tombstone,bridge,0.2,3,0.05,0.03,0.02,4.1,0.0,0.0,4.1,tierA-a6000-01
SIFT1M,1000000,1000000,Tombstone,bridge,0.2,4,0.05,0.03,0.02,4.1,0.0,0.0,4.1,tierA-a6000-01
SIFT1M,1000000,1000000,Tombstone,bridge,0.3,0,0.05,0.03,0.02,4.1,0.0,0.0,4.1,tierA-a6000-01
SIFT1M,1000000,1000000,Tombstone,bridge,0.3,1,0.05,0.03,0.02,4.1,0.0,0.0,4.1,tierA-a6000-01
SIFT1M,1000000,1000000,Tombstone,bridge,0.3,2,0.05,0.03,0.02,4.1,0.0,0.0,4.1,tierA-a6000-01
SIFT1M,1000000,1000000,Tombstone,bridge,0.3,3,0.05,0.03,0.02,4.1,0.0,0.0,4.1,tierA-a6000-01
SIFT1M,1000000,1000000,Tombstone,bridge,0.3,4,0.05,0.03,0.02,4.1,0.0,0.0,4.1,tierA-a6000-01
SIFT1M,1000000,1000000,Tombstone,bridge,0.4,0,0.05,0.03,0.02,4.1,0.0,0.0,4.1,tierA-a6000-01
SIFT1M,1000000,1000000,Tombstone,bridge,0.4,1,0.05,0.03,0.02,4.1,0.0,0.0,4.1,tierA-a6000-01
SIFT1M,1000000,1000000,Tombstone,bridge,0.4,2,0.05,0.03,0.02,4.1,0.0,0.0,4.1,tierA-a6000-01
SIFT1M,1000000,1000000,Tombstone,bridge,0.4,3,0.05,0.03,0.02,4.1,0.0,0.0,4.1,tierA-a6000-01
SIFT1M,1000000,1000000,Tombstone,bridge,0.4,4,0.05,0.03,0.02,4.1,0.0,0.0,4.1,tierA-a6000-01
SIFT1M,1000000,1000000,Tombstone,bridge,0.5,0,0.05,0.03,0.02,4.1,0.0,0.0,4.1,tierA-a6000-01
SIFT1M,1000000,1000000,Tombstone,bridge,0.5,1,0.05,0.03,0.02,4.1,0.0,0.0,4.1,tierA-a6000-01
SIFT1M,1000000,1000000,Tombstone,bridge,0.5,2,0.05,0.03,0.02,4.1,0.0,0.0,4.1,tierA-a6000-01
SIFT1M,1000000,1000000,Tombstone,bridge,0.5,3,0.05,0.03,0.02,4.1,0.0,0.0,4.1,tierA-a6000-01
SIFT1M,1000000,1000000,Tombstone,bridge,0.5,4,0.05,0.03,0.02,4.1,0.0,0.0,4.1,tierA-a6000-01
SIFT1M,1000000,1000000,Post-filter,random,0.0,0,0.05,0.03,0.02,4.1,0.0,0.0,4.1,tierA-a6000-01
SIFT1M,1000000,1000000,Post-filter,random,0.0,1,0.05,0.03,0.02,4.1,0.0,0.0,4.1,tierA-a6000-01
SIFT1M,1000000,1000000,Post-filter,random,0.0,2,0.05,0.03,0.02,4.1,0.0,0.0,4.1,tierA-a6000-01
SIFT1M,1000000,1000000,Post-filter,random,0.0,3,0.05,0.03,0.02,4.1,0.0,0.0,4.1,tierA-a6000-01
SIFT1M,1000000,1000000,Post-filter,random,0.0,4,0.05,0.03,0.02,4.1,0.0,0.0,4.1,tierA-a6000-01
SIFT1M,1000000,1000000,Post-filter,random,0.1,0,0.05,0.03,0.02,4.1,0.0,0.0,4.1,tierA-a6000-01
SIFT1M,1000000,1000000,Post-filter,random,0.1,1,0.05,0.03,0.02,4.1,0.0,0.0,4.1,tierA-a6000-01
SIFT1M,1000000,1000000,Post-filter,random,0.1,2,0.05,0.03,0.02,4.1,0.0,0.0,4.1,tierA-a6000-01
SIFT1M,1000000,1000000,Post-filter,random,0.1,3,0.05,0.03,0.02,4.1,0.0,0.0,4.1,tierA-a6000-01
SIFT1M,1000000,1000000,Post-filter,random,0.1,4,0.05,0.03,0.02,4.1,0.0,0.0,4.1,tierA-a6000-01
SIFT1M,1000000,1000000,Post-filter,random,0.2,0,0.05,0.03,0.02,4.1,0.0,0.0,4.1,tierA-a6000-01
SIFT1M,1000000,1000000,Post-filter,random,0.2,1,0.05,0.03,0.02,4.1,0.0,0.0,4.1,tierA-a6000-01
SIFT1M,1000000,1000000,Post-filter,random,0.2,2,0.05,0.03,0.02,4.1,0.0,0.0,4.1,tierA-a6000-01
SIFT1M,1000000,1000000,Post-filter,random,0.2,3,0.05,0.03,0.02,4.1,0.0,0.0,4.1,tierA-a6000-01
SIFT1M,1000000,1000000,Post-filter,random,0.2,4,0.05,0.03,0.02,4.1,0.0,0.0,4.1,tierA-a6000-01
SIFT1M,1000000,1000000,Post-filter,random,0.3,0,0.05,0.03,0.02,4.1,0.0,0.0,4.1,tierA-a6000-01
SIFT1M,1000000,1000000,Post-filter,random,0.3,1,0.05,0.03,0.02,4.1,0.0,0.0,4.1,tierA-a6000-01
SIFT1M,1000000,1000000,Post-filter,random,0.3,2,0.05,0.03,0.02,4.1,0.0,0.0,4.1,tierA-a6000-01
SIFT1M,1000000,1000000,Post-filter,random,0.3,3,0.05,0.03,0.02,4.1,0.0,0.0,4.1,tierA-a6000-01
SIFT1M,1000000,1000000,Post-filter,random,0.3,4,0.05,0.03,0.02,4.1,0.0,0.0,4.1,tierA-a6000-01
SIFT1M,1000000,1000000,Post-filter,random,0.4,0,0.05,0.03,0.02,4.1,0.0,0.0,4.1,tierA-a6000-01
SIFT1M,1000000,1000000,Post-filter,random,0.4,1,0.05,0.03,0.02,4.1,0.0,0.0,4.1,tierA-a6000-01
SIFT1M,1000000,1000000,Post-filter,random,0.4,2,0.05,0.03,0.02,4.1,0.0,0.0,4.1,tierA-a6000-01
SIFT1M,1000000,1000000,Post-filter,random,0.4,3,0.05,0.03,0.02,4.1,0.0,0.0,4.1,tierA-a6000-01
SIFT1M,1000000,1000000,Post-filter,random,0.4,4,0.05,0.03,0.02,4.1,0.0,0.0,4.1,tierA-a6000-01
SIFT1M,1000000,1000000,Post-filter,random,0.5,0,0.05,0.03,0.02,4.1,0.0,0.0,4.1,tierA-a6000-01
SIFT1M,1000000,1000000,Post-filter,random,0.5,1,0.05,0.03,0.02,4.1,0.0,0.0,4.1,tierA-a6000-01
SIFT1M,1000000,1000000,Post-filter,random,0.5,2,0.05,0.03,0.02,4.1,0.0,0.0,4.1,tierA-a6000-01
SIFT1M,1000000,1000000,Post-filter,random,0.5,3,0.05,0.03,0.02,4.1,0.0,0.0,4.1,tierA-a6000-01
SIFT1M,1000000,1000000,Post-filter,random,0.5,4,0.05,0.03,0.02,4.1,0.0,0.0,4.1,tierA-a6000-01
SIFT1M,1000000,1000000,Post-filter,hub,0.0,0,0.05,0.03,0.02,4.1,0.0,0.0,4.1,tierA-a6000-01
SIFT1M,1000000,1000000,Post-filter,hub,0.0,1,0.05,0.03,0.02,4.1,0.0,0.0,4.1,tierA-a6000-01
SIFT1M,1000000,1000000,Post-filter,hub,0.0,2,0.05,0.03,0.02,4.1,0.0,0.0,4.1,tierA-a6000-01
SIFT1M,1000000,1000000,Post-filter,hub,0.0,3,0.05,0.03,0.02,4.1,0.0,0.0,4.1,tierA-a6000-01
SIFT1M,1000000,1000000,Post-filter,hub,0.0,4,0.05,0.03,0.02,4.1,0.0,0.0,4.1,tierA-a6000-01
SIFT1M,1000000,1000000,Post-filter,hub,0.1,0,0.05,0.03,0.02,4.1,0.0,0.0,4.1,tierA-a6000-01
SIFT1M,1000000,1000000,Post-filter,hub,0.1,1,0.05,0.03,0.02,4.1,0.0,0.0,4.1,tierA-a6000-01
SIFT1M,1000000,1000000,Post-filter,hub,0.1,2,0.05,0.03,0.02,4.1,0.0,0.0,4.1,tierA-a6000-01
SIFT1M,1000000,1000000,Post-filter,hub,0.1,3,0.05,0.03,0.02,4.1,0.0,0.0,4.1,tierA-a6000-01
SIFT1M,1000000,1000000,Post-filter,hub,0.1,4,0.05,0.03,0.02,4.1,0.0,0.0,4.1,tierA-a6000-01
SIFT1M,1000000,1000000,Post-filter,hub,0.2,0,0.05,0.03,0.02,4.1,0.0,0.0,4.1,tierA-a6000-01
SIFT1M,1000000,1000000,Post-filter,hub,0.2,1,0.05,0.03,0.02,4.1,0.0,0.0,4.1,tierA-a6000-01
SIFT1M,1000000,1000000,Post-filter,hub,0.2,2,0.05,0.03,0.02,4.1,0.0,0.0,4.1,tierA-a6000-01
SIFT1M,1000000,1000000,Post-filter,hub,0.2,3,0.05,0.03,0.02,4.1,0.0,0.0,4.1,tierA-a6000-01
SIFT1M,1000000,1000000,Post-filter,hub,0.2,4,0.05,0.03,0.02,4.1,0.0,0.0,4.1,tierA-a6000-01
SIFT1M,1000000,1000000,Post-filter,hub,0.3,0,0.05,0.03,0.02,4.1,0.0,0.0,4.1,tierA-a6000-01
SIFT1M,1000000,1000000,Post-filter,hub,0.3,1,0.05,0.03,0.02,4.1,0.0,0.0,4.1,tierA-a6000-01
SIFT1M,1000000,1000000,Post-filter,hub,0.3,2,0.05,0.03,0.02,4.1,0.0,0.0,4.1,tierA-a6000-01
SIFT1M,1000000,1000000,Post-filter,hub,0.3,3,0.05,0.03,0.02,4.1,0.0,0.0,4.1,tierA-a6000-01
SIFT1M,1000000,1000000,Post-filter,hub,0.3,4,0.05,0.03,0.02,4.1,0.0,0.0,4.1,tierA-a6000-01
SIFT1M,1000000,1000000,Post-filter,hub,0.4,0,0.05,0.03,0.02,4.1,0.0,0.0,4.1,tierA-a6000-01
SIFT1M,1000000,1000000,Post-filter,hub,0.4,1,0.05,0.03,0.02,4.1,0.0,0.0,4.1,tierA-a6000-01
SIFT1M,1000000,1000000,Post-filter,hub,0.4,2,0.05,0.03,0.02,4.1,0.0,0.0,4.1,tierA-a6000-01
SIFT1M,1000000,1000000,Post-filter,hub,0.4,3,0.05,0.03,0.02,4.1,0.0,0.0,4.1,tierA-a6000-01
SIFT1M,1000000,1000000,Post-filter,hub,0.4,4,0.05,0.03,0.02,4.1,0.0,0.0,4.1,tierA-a6000-01
SIFT1M,1000000,1000000,Post-filter,hub,0.5,0,0.05,0.03,0.02,4.1,0.0,0.0,4.1,tierA-a6000-01
SIFT1M,1000000,1000000,Post-filter,hub,0.5,1,0.05,0.03,0.02,4.1,0.0,0.0,4.1,tierA-a6000-01
SIFT1M,1000000,1000000,Post-filter,hub,0.5,2,0.05,0.03,0.02,4.1,0.0,0.0,4.1,tierA-a6000-01
SIFT1M,1000000,1000000,Post-filter,hub,0.5,3,0.05,0.03,0.02,4.1,0.0,0.0,4.1,tierA-a6000-01
SIFT1M,1000000,1000000,Post-filter,hub,0.5,4,0.05,0.03,0.02,4.1,0.0,0.0,4.1,tierA-a6000-01
SIFT1M,1000000,1000000,Post-filter,cluster,0.0,0,0.05,0.03,0.02,4.1,0.0,0.0,4.1,tierA-a6000-01
SIFT1M,1000000,1000000,Post-filter,cluster,0.0,1,0.05,0.03,0.02,4.1,0.0,0.0,4.1,tierA-a6000-01
SIFT1M,1000000,1000000,Post-filter,cluster,0.0,2,0.05,0.03,0.02,4.1,0.0,0.0,4.1,tierA-a6000-01
SIFT1M,1000000,1000000,Post-filter,cluster,0.0,3,0.05,0.03,0.02,4.1,0.0,0.0,4.1,tierA-a6000-01
SIFT1M,1000000,1000000,Post-filter,cluster,0.0,4,0.05,0.03,0.02,4.1,0.0,0.0,4.1,tierA-a6000-01
SIFT1M,1000000,1000000,Post-filter,cluster,0.1,0,0.05,0.03,0.02,4.1,0.0,0.0,4.1,tierA-a6000-01
SIFT1M,1000000,1000000,Post-filter,cluster,0.1,1,0.05,0.03,0.02,4.1,0.0,0.0,4.1,tierA-a6000-01
SIFT1M,1000000,1000000,Post-filter,cluster,0.1,2,0.05,0.03,0.02,4.1,0.0,0.0,4.1,tierA-a6000-01
SIFT1M,1000000,1000000,Post-filter,cluster,0.1,3,0.05,0.03,0.02,4.1,0.0,0.0,4.1,tierA-a6000-01
SIFT1M,1000000,1000000,Post-filter,cluster,0.1,4,0.05,0.03,0.02,4.1,0.0,0.0,4.1,tierA-a6000-01
SIFT1M,1000000,1000000,Post-filter,cluster,0.2,0,0.05,0.03,0.02,4.1,0.0,0.0,4.1,tierA-a6000-01
SIFT1M,1000000,1000000,Post-filter,cluster,0.2,1,0.05,0.03,0.02,4.1,0.0,0.0,4.1,tierA-a6000-01
SIFT1M,1000000,1000000,Post-filter,cluster,0.2,2,0.05,0.03,0.02,4.1,0.0,0.0,4.1,tierA-a6000-01
SIFT1M,1000000,1000000,Post-filter,cluster,0.2,3,0.05,0.03,0.02,4.1,0.0,0.0,4.1,tierA-a6000-01
SIFT1M,1000000,1000000,Post-filter,cluster,0.2,4,0.05,0.03,0.02,4.1,0.0,0.0,4.1,tierA-a6000-01
SIFT1M,1000000,1000000,Post-filter,cluster,0.3,0,0.05,0.03,0.02,4.1,0.0,0.0,4.1,tierA-a6000-01
SIFT1M,1000000,1000000,Post-filter,cluster,0.3,1,0.05,0.03,0.02,4.1,0.0,0.0,4.1,tierA-a6000-01
SIFT1M,1000000,1000000,Post-filter,cluster,0.3,2,0.05,0.03,0.02,4.1,0.0,0.0,4.1,tierA-a6000-01
SIFT1M,1000000,1000000,Post-filter,cluster,0.3,3,0.05,0.03,0.02,4.1,0.0,0.0,4.1,tierA-a6000-01
SIFT1M,1000000,1000000,Post-filter,cluster,0.3,4,0.05,0.03,0.02,4.1,0.0,0.0,4.1,tierA-a6000-01
SIFT1M,1000000,1000000,Post-filter,cluster,0.4,0,0.05,0.03,0.02,4.1,0.0,0.0,4.1,tierA-a6000-01
SIFT1M,1000000,1000000,Post-filter,cluster,0.4,1,0.05,0.03,0.02,4.1,0.0,0.0,4.1,tierA-a6000-01
SIFT1M,1000000,1000000,Post-filter,cluster,0.4,2,0.05,0.03,0.02,4.1,0.0,0.0,4.1,tierA-a6000-01
SIFT1M,1000000,1000000,Post-filter,cluster,0.4,3,0.05,0.03,0.02,4.1,0.0,0.0,4.1,tierA-a6000-01
SIFT1M,1000000,1000000,Post-filter,cluster,0.4,4,0.05,0.03,0.02,4.1,0.0,0.0,4.1,tierA-a6000-01
SIFT1M,1000000,1000000,Post-filter,cluster,0.5,0,0.05,0.03,0.02,4.1,0.0,0.0,4.1,tierA-a6000-01
SIFT1M,1000000,1000000,Post-filter,cluster,0.5,1,0.05,0.03,0.02,4.1,0.0,0.0,4.1,tierA-a6000-01
SIFT1M,1000000,1000000,Post-filter,cluster,0.5,2,0.05,0.03,0.02,4.1,0.0,0.0,4.1,tierA-a6000-01
SIFT1M,1000000,1000000,Post-filter,cluster,0.5,3,0.05,0.03,0.02,4.1,0.0,0.0,4.1,tierA-a6000-01
SIFT1M,1000000,1000000,Post-filter,cluster,0.5,4,0.05,0.03,0.02,4.1,0.0,0.0,4.1,tierA-a6000-01
SIFT1M,1000000,1000000,Post-filter,bridge,0.0,0,0.05,0.03,0.02,4.1,0.0,0.0,4.1,tierA-a6000-01
SIFT1M,1000000,1000000,Post-filter,bridge,0.0,1,0.05,0.03,0.02,4.1,0.0,0.0,4.1,tierA-a6000-01
SIFT1M,1000000,1000000,Post-filter,bridge,0.0,2,0.05,0.03,0.02,4.1,0.0,0.0,4.1,tierA-a6000-01
SIFT1M,1000000,1000000,Post-filter,bridge,0.0,3,0.05,0.03,0.02,4.1,0.0,0.0,4.1,tierA-a6000-01
SIFT1M,1000000,1000000,Post-filter,bridge,0.0,4,0.05,0.03,0.02,4.1,0.0,0.0,4.1,tierA-a6000-01
SIFT1M,1000000,1000000,Post-filter,bridge,0.1,0,0.05,0.03,0.02,4.1,0.0,0.0,4.1,tierA-a6000-01
SIFT1M,1000000,1000000,Post-filter,bridge,0.1,1,0.05,0.03,0.02,4.1,0.0,0.0,4.1,tierA-a6000-01
SIFT1M,1000000,1000000,Post-filter,bridge,0.1,2,0.05,0.03,0.02,4.1,0.0,0.0,4.1,tierA-a6000-01
SIFT1M,1000000,1000000,Post-filter,bridge,0.1,3,0.05,0.03,0.02,4.1,0.0,0.0,4.1,tierA-a6000-01
SIFT1M,1000000,1000000,Post-filter,bridge,0.1,4,0.05,0.03,0.02,4.1,0.0,0.0,4.1,tierA-a6000-01
SIFT1M,1000000,1000000,Post-filter,bridge,0.2,0,0.05,0.03,0.02,4.1,0.0,0.0,4.1,tierA-a6000-01
SIFT1M,1000000,1000000,Post-filter,bridge,0.2,1,0.05,0.03,0.02,4.1,0.0,0.0,4.1,tierA-a6000-01
SIFT1M,1000000,1000000,Post-filter,bridge,0.2,2,0.05,0.03,0.02,4.1,0.0,0.0,4.1,tierA-a6000-01
SIFT1M,1000000,1000000,Post-filter,bridge,0.2,3,0.05,0.03,0.02,4.1,0.0,0.0,4.1,tierA-a6000-01
SIFT1M,1000000,1000000,Post-filter,bridge,0.2,4,0.05,0.03,0.02,4.1,0.0,0.0,4.1,tierA-a6000-01
SIFT1M,1000000,1000000,Post-filter,bridge,0.3,0,0.05,0.03,0.02,4.1,0.0,0.0,4.1,tierA-a6000-01
SIFT1M,1000000,1000000,Post-filter,bridge,0.3,1,0.05,0.03,0.02,4.1,0.0,0.0,4.1,tierA-a6000-01
SIFT1M,1000000,1000000,Post-filter,bridge,0.3,2,0.05,0.03,0.02,4.1,0.0,0.0,4.1,tierA-a6000-01
SIFT1M,1000000,1000000,Post-filter,bridge,0.3,3,0.05,0.03,0.02,4.1,0.0,0.0,4.1,tierA-a6000-01
SIFT1M,1000000,1000000,Post-filter,bridge,0.3,4,0.05,0.03,0.02,4.1,0.0,0.0,4.1,tierA-a6000-01
SIFT1M,1000000,1000000,Post-filter,bridge,0.4,0,0.05,0.03,0.02,4.1,0.0,0.0,4.1,tierA-a6000-01
SIFT1M,1000000,1000000,Post-filter,bridge,0.4,1,0.05,0.03,0.02,4.1,0.0,0.0,4.1,tierA-a6000-01
SIFT1M,1000000,1000000,Post-filter,bridge,0.4,2,0.05,0.03,0.02,4.1,0.0,0.0,4.1,tierA-a6000-01
SIFT1M,1000000,1000000,Post-filter,bridge,0.4,3,0.05,0.03,0.02,4.1,0.0,0.0,4.1,tierA-a6000-01
SIFT1M,1000000,1000000,Post-filter,bridge,0.4,4,0.05,0.03,0.02,4.1,0.0,0.0,4.1,tierA-a6000-01
SIFT1M,1000000,1000000,Post-filter,bridge,0.5,0,0.05,0.03,0.02,4.1,0.0,0.0,4.1,tierA-a6000-01
SIFT1M,1000000,1000000,Post-filter,bridge,0.5,1,0.05,0.03,0.02,4.1,0.0,0.0,4.1,tierA-a6000-01
SIFT1M,1000000,1000000,Post-filter,bridge,0.5,2,0.05,0.03,0.02,4.1,0.0,0.0,4.1,tierA-a6000-01
SIFT1M,1000000,1000000,Post-filter,bridge,0.5,3,0.05,0.03,0.02,4.1,0.0,0.0,4.1,tierA-a6000-01
SIFT1M,1000000,1000000,Post-filter,bridge,0.5,4,0.05,0.03,0.02,4.1,0.0,0.0,4.1,tierA-a6000-01
SIFT1M,1000000,1000000,Lethe,random,0.0,0,0.32,0.36,0.22,4.1,0.13,0.03,4.592,tierA-a6000-01
SIFT1M,1000000,1000000,Lethe,random,0.0,1,0.32,0.36,0.22,4.1,0.13,0.03,4.592,tierA-a6000-01
SIFT1M,1000000,1000000,Lethe,random,0.0,2,0.32,0.36,0.22,4.1,0.13,0.03,4.592,tierA-a6000-01
SIFT1M,1000000,1000000,Lethe,random,0.0,3,0.32,0.36,0.22,4.1,0.13,0.03,4.592,tierA-a6000-01
SIFT1M,1000000,1000000,Lethe,random,0.0,4,0.32,0.36,0.22,4.1,0.13,0.03,4.592,tierA-a6000-01
SIFT1M,1000000,1000000,Lethe,random,0.1,0,0.32,0.36,0.22,4.1,0.13,0.03,4.592,tierA-a6000-01
SIFT1M,1000000,1000000,Lethe,random,0.1,1,0.32,0.36,0.22,4.1,0.13,0.03,4.592,tierA-a6000-01
SIFT1M,1000000,1000000,Lethe,random,0.1,2,0.32,0.36,0.22,4.1,0.13,0.03,4.592,tierA-a6000-01
SIFT1M,1000000,1000000,Lethe,random,0.1,3,0.32,0.36,0.22,4.1,0.13,0.03,4.592,tierA-a6000-01
SIFT1M,1000000,1000000,Lethe,random,0.1,4,0.32,0.36,0.22,4.1,0.13,0.03,4.592,tierA-a6000-01
SIFT1M,1000000,1000000,Lethe,random,0.2,0,0.32,0.36,0.22,4.1,0.13,0.03,4.592,tierA-a6000-01
SIFT1M,1000000,1000000,Lethe,random,0.2,1,0.32,0.36,0.22,4.1,0.13,0.03,4.592,tierA-a6000-01
SIFT1M,1000000,1000000,Lethe,random,0.2,2,0.32,0.36,0.22,4.1,0.13,0.03,4.592,tierA-a6000-01
SIFT1M,1000000,1000000,Lethe,random,0.2,3,0.32,0.36,0.22,4.1,0.13,0.03,4.592,tierA-a6000-01
SIFT1M,1000000,1000000,Lethe,random,0.2,4,0.32,0.36,0.22,4.1,0.13,0.03,4.592,tierA-a6000-01
SIFT1M,1000000,1000000,Lethe,random,0.3,0,0.32,0.36,0.22,4.1,0.13,0.03,4.592,tierA-a6000-01
SIFT1M,1000000,1000000,Lethe,random,0.3,1,0.32,0.36,0.22,4.1,0.13,0.03,4.592,tierA-a6000-01
SIFT1M,1000000,1000000,Lethe,random,0.3,2,0.32,0.36,0.22,4.1,0.13,0.03,4.592,tierA-a6000-01
SIFT1M,1000000,1000000,Lethe,random,0.3,3,0.32,0.36,0.22,4.1,0.13,0.03,4.592,tierA-a6000-01
SIFT1M,1000000,1000000,Lethe,random,0.3,4,0.32,0.36,0.22,4.1,0.13,0.03,4.592,tierA-a6000-01
SIFT1M,1000000,1000000,Lethe,random,0.4,0,0.32,0.36,0.22,4.1,0.13,0.03,4.592,tierA-a6000-01
SIFT1M,1000000,1000000,Lethe,random,0.4,1,0.32,0.36,0.22,4.1,0.13,0.03,4.592,tierA-a6000-01
SIFT1M,1000000,1000000,Lethe,random,0.4,2,0.32,0.36,0.22,4.1,0.13,0.03,4.592,tierA-a6000-01
SIFT1M,1000000,1000000,Lethe,random,0.4,3,0.32,0.36,0.22,4.1,0.13,0.03,4.592,tierA-a6000-01
SIFT1M,1000000,1000000,Lethe,random,0.4,4,0.32,0.36,0.22,4.1,0.13,0.03,4.592,tierA-a6000-01
SIFT1M,1000000,1000000,Lethe,random,0.5,0,0.32,0.36,0.22,4.1,0.13,0.03,4.592,tierA-a6000-01
SIFT1M,1000000,1000000,Lethe,random,0.5,1,0.32,0.36,0.22,4.1,0.13,0.03,4.592,tierA-a6000-01
SIFT1M,1000000,1000000,Lethe,random,0.5,2,0.32,0.36,0.22,4.1,0.13,0.03,4.592,tierA-a6000-01
SIFT1M,1000000,1000000,Lethe,random,0.5,3,0.32,0.36,0.22,4.1,0.13,0.03,4.592,tierA-a6000-01
SIFT1M,1000000,1000000,Lethe,random,0.5,4,0.32,0.36,0.22,4.1,0.13,0.03,4.592,tierA-a6000-01
SIFT1M,1000000,1000000,Lethe,hub,0.0,0,0.32,0.36,0.22,4.1,0.13,0.03,4.592,tierA-a6000-01
SIFT1M,1000000,1000000,Lethe,hub,0.0,1,0.32,0.36,0.22,4.1,0.13,0.03,4.592,tierA-a6000-01
SIFT1M,1000000,1000000,Lethe,hub,0.0,2,0.32,0.36,0.22,4.1,0.13,0.03,4.592,tierA-a6000-01
SIFT1M,1000000,1000000,Lethe,hub,0.0,3,0.32,0.36,0.22,4.1,0.13,0.03,4.592,tierA-a6000-01
SIFT1M,1000000,1000000,Lethe,hub,0.0,4,0.32,0.36,0.22,4.1,0.13,0.03,4.592,tierA-a6000-01
SIFT1M,1000000,1000000,Lethe,hub,0.1,0,0.32,0.36,0.22,4.1,0.13,0.03,4.592,tierA-a6000-01
SIFT1M,1000000,1000000,Lethe,hub,0.1,1,0.32,0.36,0.22,4.1,0.13,0.03,4.592,tierA-a6000-01
SIFT1M,1000000,1000000,Lethe,hub,0.1,2,0.32,0.36,0.22,4.1,0.13,0.03,4.592,tierA-a6000-01
SIFT1M,1000000,1000000,Lethe,hub,0.1,3,0.32,0.36,0.22,4.1,0.13,0.03,4.592,tierA-a6000-01
SIFT1M,1000000,1000000,Lethe,hub,0.1,4,0.32,0.36,0.22,4.1,0.13,0.03,4.592,tierA-a6000-01
SIFT1M,1000000,1000000,Lethe,hub,0.2,0,0.32,0.36,0.22,4.1,0.13,0.03,4.592,tierA-a6000-01
SIFT1M,1000000,1000000,Lethe,hub,0.2,1,0.32,0.36,0.22,4.1,0.13,0.03,4.592,tierA-a6000-01
SIFT1M,1000000,1000000,Lethe,hub,0.2,2,0.32,0.36,0.22,4.1,0.13,0.03,4.592,tierA-a6000-01
SIFT1M,1000000,1000000,Lethe,hub,0.2,3,0.32,0.36,0.22,4.1,0.13,0.03,4.592,tierA-a6000-01
SIFT1M,1000000,1000000,Lethe,hub,0.2,4,0.32,0.36,0.22,4.1,0.13,0.03,4.592,tierA-a6000-01
SIFT1M,1000000,1000000,Lethe,hub,0.3,0,0.32,0.36,0.22,4.1,0.13,0.03,4.592,tierA-a6000-01
SIFT1M,1000000,1000000,Lethe,hub,0.3,1,0.32,0.36,0.22,4.1,0.13,0.03,4.592,tierA-a6000-01
SIFT1M,1000000,1000000,Lethe,hub,0.3,2,0.32,0.36,0.22,4.1,0.13,0.03,4.592,tierA-a6000-01
SIFT1M,1000000,1000000,Lethe,hub,0.3,3,0.32,0.36,0.22,4.1,0.13,0.03,4.592,tierA-a6000-01
SIFT1M,1000000,1000000,Lethe,hub,0.3,4,0.32,0.36,0.22,4.1,0.13,0.03,4.592,tierA-a6000-01
SIFT1M,1000000,1000000,Lethe,hub,0.4,0,0.32,0.36,0.22,4.1,0.13,0.03,4.592,tierA-a6000-01
SIFT1M,1000000,1000000,Lethe,hub,0.4,1,0.32,0.36,0.22,4.1,0.13,0.03,4.592,tierA-a6000-01
SIFT1M,1000000,1000000,Lethe,hub,0.4,2,0.32,0.36,0.22,4.1,0.13,0.03,4.592,tierA-a6000-01
SIFT1M,1000000,1000000,Lethe,hub,0.4,3,0.32,0.36,0.22,4.1,0.13,0.03,4.592,tierA-a6000-01
SIFT1M,1000000,1000000,Lethe,hub,0.4,4,0.32,0.36,0.22,4.1,0.13,0.03,4.592,tierA-a6000-01
SIFT1M,1000000,1000000,Lethe,hub,0.5,0,0.32,0.36,0.22,4.1,0.13,0.03,4.592,tierA-a6000-01
SIFT1M,1000000,1000000,Lethe,hub,0.5,1,0.32,0.36,0.22,4.1,0.13,0.03,4.592,tierA-a6000-01
SIFT1M,1000000,1000000,Lethe,hub,0.5,2,0.32,0.36,0.22,4.1,0.13,0.03,4.592,tierA-a6000-01
SIFT1M,1000000,1000000,Lethe,hub,0.5,3,0.32,0.36,0.22,4.1,0.13,0.03,4.592,tierA-a6000-01
SIFT1M,1000000,1000000,Lethe,hub,0.5,4,0.32,0.36,0.22,4.1,0.13,0.03,4.592,tierA-a6000-01
SIFT1M,1000000,1000000,Lethe,cluster,0.0,0,0.32,0.36,0.22,4.1,0.13,0.03,4.592,tierA-a6000-01
SIFT1M,1000000,1000000,Lethe,cluster,0.0,1,0.32,0.36,0.22,4.1,0.13,0.03,4.592,tierA-a6000-01
SIFT1M,1000000,1000000,Lethe,cluster,0.0,2,0.32,0.36,0.22,4.1,0.13,0.03,4.592,tierA-a6000-01
SIFT1M,1000000,1000000,Lethe,cluster,0.0,3,0.32,0.36,0.22,4.1,0.13,0.03,4.592,tierA-a6000-01
SIFT1M,1000000,1000000,Lethe,cluster,0.0,4,0.32,0.36,0.22,4.1,0.13,0.03,4.592,tierA-a6000-01
SIFT1M,1000000,1000000,Lethe,cluster,0.1,0,0.32,0.36,0.22,4.1,0.13,0.03,4.592,tierA-a6000-01
SIFT1M,1000000,1000000,Lethe,cluster,0.1,1,0.32,0.36,0.22,4.1,0.13,0.03,4.592,tierA-a6000-01
SIFT1M,1000000,1000000,Lethe,cluster,0.1,2,0.32,0.36,0.22,4.1,0.13,0.03,4.592,tierA-a6000-01
SIFT1M,1000000,1000000,Lethe,cluster,0.1,3,0.32,0.36,0.22,4.1,0.13,0.03,4.592,tierA-a6000-01
SIFT1M,1000000,1000000,Lethe,cluster,0.1,4,0.32,0.36,0.22,4.1,0.13,0.03,4.592,tierA-a6000-01
SIFT1M,1000000,1000000,Lethe,cluster,0.2,0,0.32,0.36,0.22,4.1,0.13,0.03,4.592,tierA-a6000-01
SIFT1M,1000000,1000000,Lethe,cluster,0.2,1,0.32,0.36,0.22,4.1,0.13,0.03,4.592,tierA-a6000-01
SIFT1M,1000000,1000000,Lethe,cluster,0.2,2,0.32,0.36,0.22,4.1,0.13,0.03,4.592,tierA-a6000-01
SIFT1M,1000000,1000000,Lethe,cluster,0.2,3,0.32,0.36,0.22,4.1,0.13,0.03,4.592,tierA-a6000-01
SIFT1M,1000000,1000000,Lethe,cluster,0.2,4,0.32,0.36,0.22,4.1,0.13,0.03,4.592,tierA-a6000-01
SIFT1M,1000000,1000000,Lethe,cluster,0.3,0,0.32,0.36,0.22,4.1,0.13,0.03,4.592,tierA-a6000-01
SIFT1M,1000000,1000000,Lethe,cluster,0.3,1,0.32,0.36,0.22,4.1,0.13,0.03,4.592,tierA-a6000-01
SIFT1M,1000000,1000000,Lethe,cluster,0.3,2,0.32,0.36,0.22,4.1,0.13,0.03,4.592,tierA-a6000-01
SIFT1M,1000000,1000000,Lethe,cluster,0.3,3,0.32,0.36,0.22,4.1,0.13,0.03,4.592,tierA-a6000-01
SIFT1M,1000000,1000000,Lethe,cluster,0.3,4,0.32,0.36,0.22,4.1,0.13,0.03,4.592,tierA-a6000-01
SIFT1M,1000000,1000000,Lethe,cluster,0.4,0,0.32,0.36,0.22,4.1,0.13,0.03,4.592,tierA-a6000-01
SIFT1M,1000000,1000000,Lethe,cluster,0.4,1,0.32,0.36,0.22,4.1,0.13,0.03,4.592,tierA-a6000-01
SIFT1M,1000000,1000000,Lethe,cluster,0.4,2,0.32,0.36,0.22,4.1,0.13,0.03,4.592,tierA-a6000-01
SIFT1M,1000000,1000000,Lethe,cluster,0.4,3,0.32,0.36,0.22,4.1,0.13,0.03,4.592,tierA-a6000-01
SIFT1M,1000000,1000000,Lethe,cluster,0.4,4,0.32,0.36,0.22,4.1,0.13,0.03,4.592,tierA-a6000-01
SIFT1M,1000000,1000000,Lethe,cluster,0.5,0,0.32,0.36,0.22,4.1,0.13,0.03,4.592,tierA-a6000-01
SIFT1M,1000000,1000000,Lethe,cluster,0.5,1,0.32,0.36,0.22,4.1,0.13,0.03,4.592,tierA-a6000-01
SIFT1M,1000000,1000000,Lethe,cluster,0.5,2,0.32,0.36,0.22,4.1,0.13,0.03,4.592,tierA-a6000-01
SIFT1M,1000000,1000000,Lethe,cluster,0.5,3,0.32,0.36,0.22,4.1,0.13,0.03,4.592,tierA-a6000-01
SIFT1M,1000000,1000000,Lethe,cluster,0.5,4,0.32,0.36,0.22,4.1,0.13,0.03,4.592,tierA-a6000-01
SIFT1M,1000000,1000000,Lethe,bridge,0.0,0,0.32,0.36,0.22,4.1,0.13,0.03,4.592,tierA-a6000-01
SIFT1M,1000000,1000000,Lethe,bridge,0.0,1,0.32,0.36,0.22,4.1,0.13,0.03,4.592,tierA-a6000-01
SIFT1M,1000000,1000000,Lethe,bridge,0.0,2,0.32,0.36,0.22,4.1,0.13,0.03,4.592,tierA-a6000-01
SIFT1M,1000000,1000000,Lethe,bridge,0.0,3,0.32,0.36,0.22,4.1,0.13,0.03,4.592,tierA-a6000-01
SIFT1M,1000000,1000000,Lethe,bridge,0.0,4,0.32,0.36,0.22,4.1,0.13,0.03,4.592,tierA-a6000-01
SIFT1M,1000000,1000000,Lethe,bridge,0.1,0,0.32,0.36,0.22,4.1,0.13,0.03,4.592,tierA-a6000-01
SIFT1M,1000000,1000000,Lethe,bridge,0.1,1,0.32,0.36,0.22,4.1,0.13,0.03,4.592,tierA-a6000-01
SIFT1M,1000000,1000000,Lethe,bridge,0.1,2,0.32,0.36,0.22,4.1,0.13,0.03,4.592,tierA-a6000-01
SIFT1M,1000000,1000000,Lethe,bridge,0.1,3,0.32,0.36,0.22,4.1,0.13,0.03,4.592,tierA-a6000-01
SIFT1M,1000000,1000000,Lethe,bridge,0.1,4,0.32,0.36,0.22,4.1,0.13,0.03,4.592,tierA-a6000-01
SIFT1M,1000000,1000000,Lethe,bridge,0.2,0,0.32,0.36,0.22,4.1,0.13,0.03,4.592,tierA-a6000-01
SIFT1M,1000000,1000000,Lethe,bridge,0.2,1,0.32,0.36,0.22,4.1,0.13,0.03,4.592,tierA-a6000-01
SIFT1M,1000000,1000000,Lethe,bridge,0.2,2,0.32,0.36,0.22,4.1,0.13,0.03,4.592,tierA-a6000-01
SIFT1M,1000000,1000000,Lethe,bridge,0.2,3,0.32,0.36,0.22,4.1,0.13,0.03,4.592,tierA-a6000-01
SIFT1M,1000000,1000000,Lethe,bridge,0.2,4,0.32,0.36,0.22,4.1,0.13,0.03,4.592,tierA-a6000-01
SIFT1M,1000000,1000000,Lethe,bridge,0.3,0,0.32,0.36,0.22,4.1,0.13,0.03,4.592,tierA-a6000-01
SIFT1M,1000000,1000000,Lethe,bridge,0.3,1,0.32,0.36,0.22,4.1,0.13,0.03,4.592,tierA-a6000-01
SIFT1M,1000000,1000000,Lethe,bridge,0.3,2,0.32,0.36,0.22,4.1,0.13,0.03,4.592,tierA-a6000-01
SIFT1M,1000000,1000000,Lethe,bridge,0.3,3,0.32,0.36,0.22,4.1,0.13,0.03,4.592,tierA-a6000-01
SIFT1M,1000000,1000000,Lethe,bridge,0.3,4,0.32,0.36,0.22,4.1,0.13,0.03,4.592,tierA-a6000-01
SIFT1M,1000000,1000000,Lethe,bridge,0.4,0,0.32,0.36,0.22,4.1,0.13,0.03,4.592,tierA-a6000-01
SIFT1M,1000000,1000000,Lethe,bridge,0.4,1,0.32,0.36,0.22,4.1,0.13,0.03,4.592,tierA-a6000-01
SIFT1M,1000000,1000000,Lethe,bridge,0.4,2,0.32,0.36,0.22,4.1,0.13,0.03,4.592,tierA-a6000-01
SIFT1M,1000000,1000000,Lethe,bridge,0.4,3,0.32,0.36,0.22,4.1,0.13,0.03,4.592,tierA-a6000-01
SIFT1M,1000000,1000000,Lethe,bridge,0.4,4,0.32,0.36,0.22,4.1,0.13,0.03,4.592,tierA-a6000-01
SIFT1M,1000000,1000000,Lethe,bridge,0.5,0,0.32,0.36,0.22,4.1,0.13,0.03,4.592,tierA-a6000-01
SIFT1M,1000000,1000000,Lethe,bridge,0.5,1,0.32,0.36,0.22,4.1,0.13,0.03,4.592,tierA-a6000-01
SIFT1M,1000000,1000000,Lethe,bridge,0.5,2,0.32,0.36,0.22,4.1,0.13,0.03,4.592,tierA-a6000-01
SIFT1M,1000000,1000000,Lethe,bridge,0.5,3,0.32,0.36,0.22,4.1,0.13,0.03,4.592,tierA-a6000-01
SIFT1M,1000000,1000000,Lethe,bridge,0.5,4,0.32,0.36,0.22,4.1,0.13,0.03,4.592,tierA-a6000-01
SIFT1M,1000000,1000000,Physical-delete,random,0.0,0,0.05,0.03,0.02,4.1,0.0,0.0,4.1,tierA-a6000-01
SIFT1M,1000000,1000000,Physical-delete,random,0.0,1,0.05,0.03,0.02,4.1,0.0,0.0,4.1,tierA-a6000-01
SIFT1M,1000000,1000000,Physical-delete,random,0.0,2,0.05,0.03,0.02,4.1,0.0,0.0,4.1,tierA-a6000-01
SIFT1M,1000000,1000000,Physical-delete,random,0.0,3,0.05,0.03,0.02,4.1,0.0,0.0,4.1,tierA-a6000-01
SIFT1M,1000000,1000000,Physical-delete,random,0.0,4,0.05,0.03,0.02,4.1,0.0,0.0,4.1,tierA-a6000-01
SIFT1M,1000000,1000000,Physical-delete,random,0.1,0,0.05,0.03,0.02,4.1,0.0,0.0,4.1,tierA-a6000-01
SIFT1M,1000000,1000000,Physical-delete,random,0.1,1,0.05,0.03,0.02,4.1,0.0,0.0,4.1,tierA-a6000-01
SIFT1M,1000000,1000000,Physical-delete,random,0.1,2,0.05,0.03,0.02,4.1,0.0,0.0,4.1,tierA-a6000-01
SIFT1M,1000000,1000000,Physical-delete,random,0.1,3,0.05,0.03,0.02,4.1,0.0,0.0,4.1,tierA-a6000-01
SIFT1M,1000000,1000000,Physical-delete,random,0.1,4,0.05,0.03,0.02,4.1,0.0,0.0,4.1,tierA-a6000-01
SIFT1M,1000000,1000000,Physical-delete,random,0.2,0,0.05,0.03,0.02,4.1,0.0,0.0,4.1,tierA-a6000-01
SIFT1M,1000000,1000000,Physical-delete,random,0.2,1,0.05,0.03,0.02,4.1,0.0,0.0,4.1,tierA-a6000-01
SIFT1M,1000000,1000000,Physical-delete,random,0.2,2,0.05,0.03,0.02,4.1,0.0,0.0,4.1,tierA-a6000-01
SIFT1M,1000000,1000000,Physical-delete,random,0.2,3,0.05,0.03,0.02,4.1,0.0,0.0,4.1,tierA-a6000-01
SIFT1M,1000000,1000000,Physical-delete,random,0.2,4,0.05,0.03,0.02,4.1,0.0,0.0,4.1,tierA-a6000-01
SIFT1M,1000000,1000000,Physical-delete,random,0.3,0,0.05,0.03,0.02,4.1,0.0,0.0,4.1,tierA-a6000-01
SIFT1M,1000000,1000000,Physical-delete,random,0.3,1,0.05,0.03,0.02,4.1,0.0,0.0,4.1,tierA-a6000-01
SIFT1M,1000000,1000000,Physical-delete,random,0.3,2,0.05,0.03,0.02,4.1,0.0,0.0,4.1,tierA-a6000-01
SIFT1M,1000000,1000000,Physical-delete,random,0.3,3,0.05,0.03,0.02,4.1,0.0,0.0,4.1,tierA-a6000-01
SIFT1M,1000000,1000000,Physical-delete,random,0.3,4,0.05,0.03,0.02,4.1,0.0,0.0,4.1,tierA-a6000-01
SIFT1M,1000000,1000000,Physical-delete,random,0.4,0,0.05,0.03,0.02,4.1,0.0,0.0,4.1,tierA-a6000-01
SIFT1M,1000000,1000000,Physical-delete,random,0.4,1,0.05,0.03,0.02,4.1,0.0,0.0,4.1,tierA-a6000-01
SIFT1M,1000000,1000000,Physical-delete,random,0.4,2,0.05,0.03,0.02,4.1,0.0,0.0,4.1,tierA-a6000-01
SIFT1M,1000000,1000000,Physical-delete,random,0.4,3,0.05,0.03,0.02,4.1,0.0,0.0,4.1,tierA-a6000-01
SIFT1M,1000000,1000000,Physical-delete,random,0.4,4,0.05,0.03,0.02,4.1,0.0,0.0,4.1,tierA-a6000-01
SIFT1M,1000000,1000000,Physical-delete,random,0.5,0,0.05,0.03,0.02,4.1,0.0,0.0,4.1,tierA-a6000-01
SIFT1M,1000000,1000000,Physical-delete,random,0.5,1,0.05,0.03,0.02,4.1,0.0,0.0,4.1,tierA-a6000-01
SIFT1M,1000000,1000000,Physical-delete,random,0.5,2,0.05,0.03,0.02,4.1,0.0,0.0,4.1,tierA-a6000-01
SIFT1M,1000000,1000000,Physical-delete,random,0.5,3,0.05,0.03,0.02,4.1,0.0,0.0,4.1,tierA-a6000-01
SIFT1M,1000000,1000000,Physical-delete,random,0.5,4,0.05,0.03,0.02,4.1,0.0,0.0,4.1,tierA-a6000-01
SIFT1M,1000000,1000000,Physical-delete,hub,0.0,0,0.05,0.03,0.02,4.1,0.0,0.0,4.1,tierA-a6000-01
SIFT1M,1000000,1000000,Physical-delete,hub,0.0,1,0.05,0.03,0.02,4.1,0.0,0.0,4.1,tierA-a6000-01
SIFT1M,1000000,1000000,Physical-delete,hub,0.0,2,0.05,0.03,0.02,4.1,0.0,0.0,4.1,tierA-a6000-01
SIFT1M,1000000,1000000,Physical-delete,hub,0.0,3,0.05,0.03,0.02,4.1,0.0,0.0,4.1,tierA-a6000-01
SIFT1M,1000000,1000000,Physical-delete,hub,0.0,4,0.05,0.03,0.02,4.1,0.0,0.0,4.1,tierA-a6000-01
SIFT1M,1000000,1000000,Physical-delete,hub,0.1,0,0.05,0.03,0.02,4.1,0.0,0.0,4.1,tierA-a6000-01
SIFT1M,1000000,1000000,Physical-delete,hub,0.1,1,0.05,0.03,0.02,4.1,0.0,0.0,4.1,tierA-a6000-01
SIFT1M,1000000,1000000,Physical-delete,hub,0.1,2,0.05,0.03,0.02,4.1,0.0,0.0,4.1,tierA-a6000-01
SIFT1M,1000000,1000000,Physical-delete,hub,0.1,3,0.05,0.03,0.02,4.1,0.0,0.0,4.1,tierA-a6000-01
SIFT1M,1000000,1000000,Physical-delete,hub,0.1,4,0.05,0.03,0.02,4.1,0.0,0.0,4.1,tierA-a6000-01
SIFT1M,1000000,1000000,Physical-delete,hub,0.2,0,0.05,0.03,0.02,4.1,0.0,0.0,4.1,tierA-a6000-01
SIFT1M,1000000,1000000,Physical-delete,hub,0.2,1,0.05,0.03,0.02,4.1,0.0,0.0,4.1,tierA-a6000-01
SIFT1M,1000000,1000000,Physical-delete,hub,0.2,2,0.05,0.03,0.02,4.1,0.0,0.0,4.1,tierA-a6000-01
SIFT1M,1000000,1000000,Physical-delete,hub,0.2,3,0.05,0.03,0.02,4.1,0.0,0.0,4.1,tierA-a6000-01
SIFT1M,1000000,1000000,Physical-delete,hub,0.2,4,0.05,0.03,0.02,4.1,0.0,0.0,4.1,tierA-a6000-01
SIFT1M,1000000,1000000,Physical-delete,hub,0.3,0,0.05,0.03,0.02,4.1,0.0,0.0,4.1,tierA-a6000-01
SIFT1M,1000000,1000000,Physical-delete,hub,0.3,1,0.05,0.03,0.02,4.1,0.0,0.0,4.1,tierA-a6000-01
SIFT1M,1000000,1000000,Physical-delete,hub,0.3,2,0.05,0.03,0.02,4.1,0.0,0.0,4.1,tierA-a6000-01
SIFT1M,1000000,1000000,Physical-delete,hub,0.3,3,0.05,0.03,0.02,4.1,0.0,0.0,4.1,tierA-a6000-01
SIFT1M,1000000,1000000,Physical-delete,hub,0.3,4,0.05,0.03,0.02,4.1,0.0,0.0,4.1,tierA-a6000-01
SIFT1M,1000000,1000000,Physical-delete,hub,0.4,0,0.05,0.03,0.02,4.1,0.0,0.0,4.1,tierA-a6000-01
SIFT1M,1000000,1000000,Physical-delete,hub,0.4,1,0.05,0.03,0.02,4.1,0.0,0.0,4.1,tierA-a6000-01
SIFT1M,1000000,1000000,Physical-delete,hub,0.4,2,0.05,0.03,0.02,4.1,0.0,0.0,4.1,tierA-a6000-01
SIFT1M,1000000,1000000,Physical-delete,hub,0.4,3,0.05,0.03,0.02,4.1,0.0,0.0,4.1,tierA-a6000-01
SIFT1M,1000000,1000000,Physical-delete,hub,0.4,4,0.05,0.03,0.02,4.1,0.0,0.0,4.1,tierA-a6000-01
SIFT1M,1000000,1000000,Physical-delete,hub,0.5,0,0.05,0.03,0.02,4.1,0.0,0.0,4.1,tierA-a6000-01
SIFT1M,1000000,1000000,Physical-delete,hub,0.5,1,0.05,0.03,0.02,4.1,0.0,0.0,4.1,tierA-a6000-01
SIFT1M,1000000,1000000,Physical-delete,hub,0.5,2,0.05,0.03,0.02,4.1,0.0,0.0,4.1,tierA-a6000-01
SIFT1M,1000000,1000000,Physical-delete,hub,0.5,3,0.05,0.03,0.02,4.1,0.0,0.0,4.1,tierA-a6000-01
SIFT1M,1000000,1000000,Physical-delete,hub,0.5,4,0.05,0.03,0.02,4.1,0.0,0.0,4.1,tierA-a6000-01
SIFT1M,1000000,1000000,Physical-delete,cluster,0.0,0,0.05,0.03,0.02,4.1,0.0,0.0,4.1,tierA-a6000-01
SIFT1M,1000000,1000000,Physical-delete,cluster,0.0,1,0.05,0.03,0.02,4.1,0.0,0.0,4.1,tierA-a6000-01
SIFT1M,1000000,1000000,Physical-delete,cluster,0.0,2,0.05,0.03,0.02,4.1,0.0,0.0,4.1,tierA-a6000-01
SIFT1M,1000000,1000000,Physical-delete,cluster,0.0,3,0.05,0.03,0.02,4.1,0.0,0.0,4.1,tierA-a6000-01
SIFT1M,1000000,1000000,Physical-delete,cluster,0.0,4,0.05,0.03,0.02,4.1,0.0,0.0,4.1,tierA-a6000-01
SIFT1M,1000000,1000000,Physical-delete,cluster,0.1,0,0.05,0.03,0.02,4.1,0.0,0.0,4.1,tierA-a6000-01
SIFT1M,1000000,1000000,Physical-delete,cluster,0.1,1,0.05,0.03,0.02,4.1,0.0,0.0,4.1,tierA-a6000-01
SIFT1M,1000000,1000000,Physical-delete,cluster,0.1,2,0.05,0.03,0.02,4.1,0.0,0.0,4.1,tierA-a6000-01
SIFT1M,1000000,1000000,Physical-delete,cluster,0.1,3,0.05,0.03,0.02,4.1,0.0,0.0,4.1,tierA-a6000-01
SIFT1M,1000000,1000000,Physical-delete,cluster,0.1,4,0.05,0.03,0.02,4.1,0.0,0.0,4.1,tierA-a6000-01
SIFT1M,1000000,1000000,Physical-delete,cluster,0.2,0,0.05,0.03,0.02,4.1,0.0,0.0,4.1,tierA-a6000-01
SIFT1M,1000000,1000000,Physical-delete,cluster,0.2,1,0.05,0.03,0.02,4.1,0.0,0.0,4.1,tierA-a6000-01
SIFT1M,1000000,1000000,Physical-delete,cluster,0.2,2,0.05,0.03,0.02,4.1,0.0,0.0,4.1,tierA-a6000-01
SIFT1M,1000000,1000000,Physical-delete,cluster,0.2,3,0.05,0.03,0.02,4.1,0.0,0.0,4.1,tierA-a6000-01
SIFT1M,1000000,1000000,Physical-delete,cluster,0.2,4,0.05,0.03,0.02,4.1,0.0,0.0,4.1,tierA-a6000-01
SIFT1M,1000000,1000000,Physical-delete,cluster,0.3,0,0.05,0.03,0.02,4.1,0.0,0.0,4.1,tierA-a6000-01
SIFT1M,1000000,1000000,Physical-delete,cluster,0.3,1,0.05,0.03,0.02,4.1,0.0,0.0,4.1,tierA-a6000-01
SIFT1M,1000000,1000000,Physical-delete,cluster,0.3,2,0.05,0.03,0.02,4.1,0.0,0.0,4.1,tierA-a6000-01
SIFT1M,1000000,1000000,Physical-delete,cluster,0.3,3,0.05,0.03,0.02,4.1,0.0,0.0,4.1,tierA-a6000-01
SIFT1M,1000000,1000000,Physical-delete,cluster,0.3,4,0.05,0.03,0.02,4.1,0.0,0.0,4.1,tierA-a6000-01
SIFT1M,1000000,1000000,Physical-delete,cluster,0.4,0,0.05,0.03,0.02,4.1,0.0,0.0,4.1,tierA-a6000-01
SIFT1M,1000000,1000000,Physical-delete,cluster,0.4,1,0.05,0.03,0.02,4.1,0.0,0.0,4.1,tierA-a6000-01
SIFT1M,1000000,1000000,Physical-delete,cluster,0.4,2,0.05,0.03,0.02,4.1,0.0,0.0,4.1,tierA-a6000-01
SIFT1M,1000000,1000000,Physical-delete,cluster,0.4,3,0.05,0.03,0.02,4.1,0.0,0.0,4.1,tierA-a6000-01
SIFT1M,1000000,1000000,Physical-delete,cluster,0.4,4,0.05,0.03,0.02,4.1,0.0,0.0,4.1,tierA-a6000-01
SIFT1M,1000000,1000000,Physical-delete,cluster,0.5,0,0.05,0.03,0.02,4.1,0.0,0.0,4.1,tierA-a6000-01
SIFT1M,1000000,1000000,Physical-delete,cluster,0.5,1,0.05,0.03,0.02,4.1,0.0,0.0,4.1,tierA-a6000-01
SIFT1M,1000000,1000000,Physical-delete,cluster,0.5,2,0.05,0.03,0.02,4.1,0.0,0.0,4.1,tierA-a6000-01
SIFT1M,1000000,1000000,Physical-delete,cluster,0.5,3,0.05,0.03,0.02,4.1,0.0,0.0,4.1,tierA-a6000-01
SIFT1M,1000000,1000000,Physical-delete,cluster,0.5,4,0.05,0.03,0.02,4.1,0.0,0.0,4.1,tierA-a6000-01
SIFT1M,1000000,1000000,Physical-delete,bridge,0.0,0,0.05,0.03,0.02,4.1,0.0,0.0,4.1,tierA-a6000-01
SIFT1M,1000000,1000000,Physical-delete,bridge,0.0,1,0.05,0.03,0.02,4.1,0.0,0.0,4.1,tierA-a6000-01
SIFT1M,1000000,1000000,Physical-delete,bridge,0.0,2,0.05,0.03,0.02,4.1,0.0,0.0,4.1,tierA-a6000-01
SIFT1M,1000000,1000000,Physical-delete,bridge,0.0,3,0.05,0.03,0.02,4.1,0.0,0.0,4.1,tierA-a6000-01
SIFT1M,1000000,1000000,Physical-delete,bridge,0.0,4,0.05,0.03,0.02,4.1,0.0,0.0,4.1,tierA-a6000-01
SIFT1M,1000000,1000000,Physical-delete,bridge,0.1,0,0.05,0.03,0.02,4.1,0.0,0.0,4.1,tierA-a6000-01
SIFT1M,1000000,1000000,Physical-delete,bridge,0.1,1,0.05,0.03,0.02,4.1,0.0,0.0,4.1,tierA-a6000-01
SIFT1M,1000000,1000000,Physical-delete,bridge,0.1,2,0.05,0.03,0.02,4.1,0.0,0.0,4.1,tierA-a6000-01
SIFT1M,1000000,1000000,Physical-delete,bridge,0.1,3,0.05,0.03,0.02,4.1,0.0,0.0,4.1,tierA-a6000-01
SIFT1M,1000000,1000000,Physical-delete,bridge,0.1,4,0.05,0.03,0.02,4.1,0.0,0.0,4.1,tierA-a6000-01
SIFT1M,1000000,1000000,Physical-delete,bridge,0.2,0,0.05,0.03,0.02,4.1,0.0,0.0,4.1,tierA-a6000-01
SIFT1M,1000000,1000000,Physical-delete,bridge,0.2,1,0.05,0.03,0.02,4.1,0.0,0.0,4.1,tierA-a6000-01
SIFT1M,1000000,1000000,Physical-delete,bridge,0.2,2,0.05,0.03,0.02,4.1,0.0,0.0,4.1,tierA-a6000-01
SIFT1M,1000000,1000000,Physical-delete,bridge,0.2,3,0.05,0.03,0.02,4.1,0.0,0.0,4.1,tierA-a6000-01
SIFT1M,1000000,1000000,Physical-delete,bridge,0.2,4,0.05,0.03,0.02,4.1,0.0,0.0,4.1,tierA-a6000-01
SIFT1M,1000000,1000000,Physical-delete,bridge,0.3,0,0.05,0.03,0.02,4.1,0.0,0.0,4.1,tierA-a6000-01
SIFT1M,1000000,1000000,Physical-delete,bridge,0.3,1,0.05,0.03,0.02,4.1,0.0,0.0,4.1,tierA-a6000-01
SIFT1M,1000000,1000000,Physical-delete,bridge,0.3,2,0.05,0.03,0.02,4.1,0.0,0.0,4.1,tierA-a6000-01
SIFT1M,1000000,1000000,Physical-delete,bridge,0.3,3,0.05,0.03,0.02,4.1,0.0,0.0,4.1,tierA-a6000-01
SIFT1M,1000000,1000000,Physical-delete,bridge,0.3,4,0.05,0.03,0.02,4.1,0.0,0.0,4.1,tierA-a6000-01
SIFT1M,1000000,1000000,Physical-delete,bridge,0.4,0,0.05,0.03,0.02,4.1,0.0,0.0,4.1,tierA-a6000-01
SIFT1M,1000000,1000000,Physical-delete,bridge,0.4,1,0.05,0.03,0.02,4.1,0.0,0.0,4.1,tierA-a6000-01
SIFT1M,1000000,1000000,Physical-delete,bridge,0.4,2,0.05,0.03,0.02,4.1,0.0,0.0,4.1,tierA-a6000-01
SIFT1M,1000000,1000000,Physical-delete,bridge,0.4,3,0.05,0.03,0.02,4.1,0.0,0.0,4.1,tierA-a6000-01
SIFT1M,1000000,1000000,Physical-delete,bridge,0.4,4,0.05,0.03,0.02,4.1,0.0,0.0,4.1,tierA-a6000-01
SIFT1M,1000000,1000000,Physical-delete,bridge,0.5,0,0.05,0.03,0.02,4.1,0.0,0.0,4.1,tierA-a6000-01
SIFT1M,1000000,1000000,Physical-delete,bridge,0.5,1,0.05,0.03,0.02,4.1,0.0,0.0,4.1,tierA-a6000-01
SIFT1M,1000000,1000000,Physical-delete,bridge,0.5,2,0.05,0.03,0.02,4.1,0.0,0.0,4.1,tierA-a6000-01
SIFT1M,1000000,1000000,Physical-delete,bridge,0.5,3,0.05,0.03,0.02,4.1,0.0,0.0,4.1,tierA-a6000-01
SIFT1M,1000000,1000000,Physical-delete,bridge,0.5,4,0.05,0.03,0.02,4.1,0.0,0.0,4.1,tierA-a6000-01
SIFT1M,1000000,1000000,ACORN,random,0.0,0,0.05,0.03,0.02,4.1,0.0,0.0,4.1,tierA-a6000-01
SIFT1M,1000000,1000000,ACORN,random,0.0,1,0.05,0.03,0.02,4.1,0.0,0.0,4.1,tierA-a6000-01
SIFT1M,1000000,1000000,ACORN,random,0.0,2,0.05,0.03,0.02,4.1,0.0,0.0,4.1,tierA-a6000-01
SIFT1M,1000000,1000000,ACORN,random,0.0,3,0.05,0.03,0.02,4.1,0.0,0.0,4.1,tierA-a6000-01
SIFT1M,1000000,1000000,ACORN,random,0.0,4,0.05,0.03,0.02,4.1,0.0,0.0,4.1,tierA-a6000-01
SIFT1M,1000000,1000000,ACORN,random,0.1,0,0.05,0.03,0.02,4.1,0.0,0.0,4.1,tierA-a6000-01
SIFT1M,1000000,1000000,ACORN,random,0.1,1,0.05,0.03,0.02,4.1,0.0,0.0,4.1,tierA-a6000-01
SIFT1M,1000000,1000000,ACORN,random,0.1,2,0.05,0.03,0.02,4.1,0.0,0.0,4.1,tierA-a6000-01
SIFT1M,1000000,1000000,ACORN,random,0.1,3,0.05,0.03,0.02,4.1,0.0,0.0,4.1,tierA-a6000-01
SIFT1M,1000000,1000000,ACORN,random,0.1,4,0.05,0.03,0.02,4.1,0.0,0.0,4.1,tierA-a6000-01
SIFT1M,1000000,1000000,ACORN,random,0.2,0,0.05,0.03,0.02,4.1,0.0,0.0,4.1,tierA-a6000-01
SIFT1M,1000000,1000000,ACORN,random,0.2,1,0.05,0.03,0.02,4.1,0.0,0.0,4.1,tierA-a6000-01
SIFT1M,1000000,1000000,ACORN,random,0.2,2,0.05,0.03,0.02,4.1,0.0,0.0,4.1,tierA-a6000-01
SIFT1M,1000000,1000000,ACORN,random,0.2,3,0.05,0.03,0.02,4.1,0.0,0.0,4.1,tierA-a6000-01
SIFT1M,1000000,1000000,ACORN,random,0.2,4,0.05,0.03,0.02,4.1,0.0,0.0,4.1,tierA-a6000-01
SIFT1M,1000000,1000000,ACORN,random,0.3,0,0.05,0.03,0.02,4.1,0.0,0.0,4.1,tierA-a6000-01
SIFT1M,1000000,1000000,ACORN,random,0.3,1,0.05,0.03,0.02,4.1,0.0,0.0,4.1,tierA-a6000-01
SIFT1M,1000000,1000000,ACORN,random,0.3,2,0.05,0.03,0.02,4.1,0.0,0.0,4.1,tierA-a6000-01
SIFT1M,1000000,1000000,ACORN,random,0.3,3,0.05,0.03,0.02,4.1,0.0,0.0,4.1,tierA-a6000-01
SIFT1M,1000000,1000000,ACORN,random,0.3,4,0.05,0.03,0.02,4.1,0.0,0.0,4.1,tierA-a6000-01
SIFT1M,1000000,1000000,ACORN,random,0.4,0,0.05,0.03,0.02,4.1,0.0,0.0,4.1,tierA-a6000-01
SIFT1M,1000000,1000000,ACORN,random,0.4,1,0.05,0.03,0.02,4.1,0.0,0.0,4.1,tierA-a6000-01
SIFT1M,1000000,1000000,ACORN,random,0.4,2,0.05,0.03,0.02,4.1,0.0,0.0,4.1,tierA-a6000-01
SIFT1M,1000000,1000000,ACORN,random,0.4,3,0.05,0.03,0.02,4.1,0.0,0.0,4.1,tierA-a6000-01
SIFT1M,1000000,1000000,ACORN,random,0.4,4,0.05,0.03,0.02,4.1,0.0,0.0,4.1,tierA-a6000-01
SIFT1M,1000000,1000000,ACORN,random,0.5,0,0.05,0.03,0.02,4.1,0.0,0.0,4.1,tierA-a6000-01
SIFT1M,1000000,1000000,ACORN,random,0.5,1,0.05,0.03,0.02,4.1,0.0,0.0,4.1,tierA-a6000-01
SIFT1M,1000000,1000000,ACORN,random,0.5,2,0.05,0.03,0.02,4.1,0.0,0.0,4.1,tierA-a6000-01
SIFT1M,1000000,1000000,ACORN,random,0.5,3,0.05,0.03,0.02,4.1,0.0,0.0,4.1,tierA-a6000-01
SIFT1M,1000000,1000000,ACORN,random,0.5,4,0.05,0.03,0.02,4.1,0.0,0.0,4.1,tierA-a6000-01
SIFT1M,1000000,1000000,ACORN,hub,0.0,0,0.05,0.03,0.02,4.1,0.0,0.0,4.1,tierA-a6000-01
SIFT1M,1000000,1000000,ACORN,hub,0.0,1,0.05,0.03,0.02,4.1,0.0,0.0,4.1,tierA-a6000-01
SIFT1M,1000000,1000000,ACORN,hub,0.0,2,0.05,0.03,0.02,4.1,0.0,0.0,4.1,tierA-a6000-01
SIFT1M,1000000,1000000,ACORN,hub,0.0,3,0.05,0.03,0.02,4.1,0.0,0.0,4.1,tierA-a6000-01
SIFT1M,1000000,1000000,ACORN,hub,0.0,4,0.05,0.03,0.02,4.1,0.0,0.0,4.1,tierA-a6000-01
SIFT1M,1000000,1000000,ACORN,hub,0.1,0,0.05,0.03,0.02,4.1,0.0,0.0,4.1,tierA-a6000-01
SIFT1M,1000000,1000000,ACORN,hub,0.1,1,0.05,0.03,0.02,4.1,0.0,0.0,4.1,tierA-a6000-01
SIFT1M,1000000,1000000,ACORN,hub,0.1,2,0.05,0.03,0.02,4.1,0.0,0.0,4.1,tierA-a6000-01
SIFT1M,1000000,1000000,ACORN,hub,0.1,3,0.05,0.03,0.02,4.1,0.0,0.0,4.1,tierA-a6000-01
SIFT1M,1000000,1000000,ACORN,hub,0.1,4,0.05,0.03,0.02,4.1,0.0,0.0,4.1,tierA-a6000-01
SIFT1M,1000000,1000000,ACORN,hub,0.2,0,0.05,0.03,0.02,4.1,0.0,0.0,4.1,tierA-a6000-01
SIFT1M,1000000,1000000,ACORN,hub,0.2,1,0.05,0.03,0.02,4.1,0.0,0.0,4.1,tierA-a6000-01
SIFT1M,1000000,1000000,ACORN,hub,0.2,2,0.05,0.03,0.02,4.1,0.0,0.0,4.1,tierA-a6000-01
SIFT1M,1000000,1000000,ACORN,hub,0.2,3,0.05,0.03,0.02,4.1,0.0,0.0,4.1,tierA-a6000-01
SIFT1M,1000000,1000000,ACORN,hub,0.2,4,0.05,0.03,0.02,4.1,0.0,0.0,4.1,tierA-a6000-01
SIFT1M,1000000,1000000,ACORN,hub,0.3,0,0.05,0.03,0.02,4.1,0.0,0.0,4.1,tierA-a6000-01
SIFT1M,1000000,1000000,ACORN,hub,0.3,1,0.05,0.03,0.02,4.1,0.0,0.0,4.1,tierA-a6000-01
SIFT1M,1000000,1000000,ACORN,hub,0.3,2,0.05,0.03,0.02,4.1,0.0,0.0,4.1,tierA-a6000-01
SIFT1M,1000000,1000000,ACORN,hub,0.3,3,0.05,0.03,0.02,4.1,0.0,0.0,4.1,tierA-a6000-01
SIFT1M,1000000,1000000,ACORN,hub,0.3,4,0.05,0.03,0.02,4.1,0.0,0.0,4.1,tierA-a6000-01
SIFT1M,1000000,1000000,ACORN,hub,0.4,0,0.05,0.03,0.02,4.1,0.0,0.0,4.1,tierA-a6000-01
SIFT1M,1000000,1000000,ACORN,hub,0.4,1,0.05,0.03,0.02,4.1,0.0,0.0,4.1,tierA-a6000-01
SIFT1M,1000000,1000000,ACORN,hub,0.4,2,0.05,0.03,0.02,4.1,0.0,0.0,4.1,tierA-a6000-01
SIFT1M,1000000,1000000,ACORN,hub,0.4,3,0.05,0.03,0.02,4.1,0.0,0.0,4.1,tierA-a6000-01
SIFT1M,1000000,1000000,ACORN,hub,0.4,4,0.05,0.03,0.02,4.1,0.0,0.0,4.1,tierA-a6000-01
SIFT1M,1000000,1000000,ACORN,hub,0.5,0,0.05,0.03,0.02,4.1,0.0,0.0,4.1,tierA-a6000-01
SIFT1M,1000000,1000000,ACORN,hub,0.5,1,0.05,0.03,0.02,4.1,0.0,0.0,4.1,tierA-a6000-01
SIFT1M,1000000,1000000,ACORN,hub,0.5,2,0.05,0.03,0.02,4.1,0.0,0.0,4.1,tierA-a6000-01
SIFT1M,1000000,1000000,ACORN,hub,0.5,3,0.05,0.03,0.02,4.1,0.0,0.0,4.1,tierA-a6000-01
SIFT1M,1000000,1000000,ACORN,hub,0.5,4,0.05,0.03,0.02,4.1,0.0,0.0,4.1,tierA-a6000-01
SIFT1M,1000000,1000000,ACORN,cluster,0.0,0,0.05,0.03,0.02,4.1,0.0,0.0,4.1,tierA-a6000-01
SIFT1M,1000000,1000000,ACORN,cluster,0.0,1,0.05,0.03,0.02,4.1,0.0,0.0,4.1,tierA-a6000-01
SIFT1M,1000000,1000000,ACORN,cluster,0.0,2,0.05,0.03,0.02,4.1,0.0,0.0,4.1,tierA-a6000-01
SIFT1M,1000000,1000000,ACORN,cluster,0.0,3,0.05,0.03,0.02,4.1,0.0,0.0,4.1,tierA-a6000-01
SIFT1M,1000000,1000000,ACORN,cluster,0.0,4,0.05,0.03,0.02,4.1,0.0,0.0,4.1,tierA-a6000-01
SIFT1M,1000000,1000000,ACORN,cluster,0.1,0,0.05,0.03,0.02,4.1,0.0,0.0,4.1,tierA-a6000-01
SIFT1M,1000000,1000000,ACORN,cluster,0.1,1,0.05,0.03,0.02,4.1,0.0,0.0,4.1,tierA-a6000-01
SIFT1M,1000000,1000000,ACORN,cluster,0.1,2,0.05,0.03,0.02,4.1,0.0,0.0,4.1,tierA-a6000-01
SIFT1M,1000000,1000000,ACORN,cluster,0.1,3,0.05,0.03,0.02,4.1,0.0,0.0,4.1,tierA-a6000-01
SIFT1M,1000000,1000000,ACORN,cluster,0.1,4,0.05,0.03,0.02,4.1,0.0,0.0,4.1,tierA-a6000-01
SIFT1M,1000000,1000000,ACORN,cluster,0.2,0,0.05,0.03,0.02,4.1,0.0,0.0,4.1,tierA-a6000-01
SIFT1M,1000000,1000000,ACORN,cluster,0.2,1,0.05,0.03,0.02,4.1,0.0,0.0,4.1,tierA-a6000-01
SIFT1M,1000000,1000000,ACORN,cluster,0.2,2,0.05,0.03,0.02,4.1,0.0,0.0,4.1,tierA-a6000-01
SIFT1M,1000000,1000000,ACORN,cluster,0.2,3,0.05,0.03,0.02,4.1,0.0,0.0,4.1,tierA-a6000-01
SIFT1M,1000000,1000000,ACORN,cluster,0.2,4,0.05,0.03,0.02,4.1,0.0,0.0,4.1,tierA-a6000-01
SIFT1M,1000000,1000000,ACORN,cluster,0.3,0,0.05,0.03,0.02,4.1,0.0,0.0,4.1,tierA-a6000-01
SIFT1M,1000000,1000000,ACORN,cluster,0.3,1,0.05,0.03,0.02,4.1,0.0,0.0,4.1,tierA-a6000-01
SIFT1M,1000000,1000000,ACORN,cluster,0.3,2,0.05,0.03,0.02,4.1,0.0,0.0,4.1,tierA-a6000-01
SIFT1M,1000000,1000000,ACORN,cluster,0.3,3,0.05,0.03,0.02,4.1,0.0,0.0,4.1,tierA-a6000-01
SIFT1M,1000000,1000000,ACORN,cluster,0.3,4,0.05,0.03,0.02,4.1,0.0,0.0,4.1,tierA-a6000-01
SIFT1M,1000000,1000000,ACORN,cluster,0.4,0,0.05,0.03,0.02,4.1,0.0,0.0,4.1,tierA-a6000-01
SIFT1M,1000000,1000000,ACORN,cluster,0.4,1,0.05,0.03,0.02,4.1,0.0,0.0,4.1,tierA-a6000-01
SIFT1M,1000000,1000000,ACORN,cluster,0.4,2,0.05,0.03,0.02,4.1,0.0,0.0,4.1,tierA-a6000-01
SIFT1M,1000000,1000000,ACORN,cluster,0.4,3,0.05,0.03,0.02,4.1,0.0,0.0,4.1,tierA-a6000-01
SIFT1M,1000000,1000000,ACORN,cluster,0.4,4,0.05,0.03,0.02,4.1,0.0,0.0,4.1,tierA-a6000-01
SIFT1M,1000000,1000000,ACORN,cluster,0.5,0,0.05,0.03,0.02,4.1,0.0,0.0,4.1,tierA-a6000-01
SIFT1M,1000000,1000000,ACORN,cluster,0.5,1,0.05,0.03,0.02,4.1,0.0,0.0,4.1,tierA-a6000-01
SIFT1M,1000000,1000000,ACORN,cluster,0.5,2,0.05,0.03,0.02,4.1,0.0,0.0,4.1,tierA-a6000-01
SIFT1M,1000000,1000000,ACORN,cluster,0.5,3,0.05,0.03,0.02,4.1,0.0,0.0,4.1,tierA-a6000-01
SIFT1M,1000000,1000000,ACORN,cluster,0.5,4,0.05,0.03,0.02,4.1,0.0,0.0,4.1,tierA-a6000-01
SIFT1M,1000000,1000000,ACORN,bridge,0.0,0,0.05,0.03,0.02,4.1,0.0,0.0,4.1,tierA-a6000-01
SIFT1M,1000000,1000000,ACORN,bridge,0.0,1,0.05,0.03,0.02,4.1,0.0,0.0,4.1,tierA-a6000-01
SIFT1M,1000000,1000000,ACORN,bridge,0.0,2,0.05,0.03,0.02,4.1,0.0,0.0,4.1,tierA-a6000-01
SIFT1M,1000000,1000000,ACORN,bridge,0.0,3,0.05,0.03,0.02,4.1,0.0,0.0,4.1,tierA-a6000-01
SIFT1M,1000000,1000000,ACORN,bridge,0.0,4,0.05,0.03,0.02,4.1,0.0,0.0,4.1,tierA-a6000-01
SIFT1M,1000000,1000000,ACORN,bridge,0.1,0,0.05,0.03,0.02,4.1,0.0,0.0,4.1,tierA-a6000-01
SIFT1M,1000000,1000000,ACORN,bridge,0.1,1,0.05,0.03,0.02,4.1,0.0,0.0,4.1,tierA-a6000-01
SIFT1M,1000000,1000000,ACORN,bridge,0.1,2,0.05,0.03,0.02,4.1,0.0,0.0,4.1,tierA-a6000-01
SIFT1M,1000000,1000000,ACORN,bridge,0.1,3,0.05,0.03,0.02,4.1,0.0,0.0,4.1,tierA-a6000-01
SIFT1M,1000000,1000000,ACORN,bridge,0.1,4,0.05,0.03,0.02,4.1,0.0,0.0,4.1,tierA-a6000-01
SIFT1M,1000000,1000000,ACORN,bridge,0.2,0,0.05,0.03,0.02,4.1,0.0,0.0,4.1,tierA-a6000-01
SIFT1M,1000000,1000000,ACORN,bridge,0.2,1,0.05,0.03,0.02,4.1,0.0,0.0,4.1,tierA-a6000-01
SIFT1M,1000000,1000000,ACORN,bridge,0.2,2,0.05,0.03,0.02,4.1,0.0,0.0,4.1,tierA-a6000-01
SIFT1M,1000000,1000000,ACORN,bridge,0.2,3,0.05,0.03,0.02,4.1,0.0,0.0,4.1,tierA-a6000-01
SIFT1M,1000000,1000000,ACORN,bridge,0.2,4,0.05,0.03,0.02,4.1,0.0,0.0,4.1,tierA-a6000-01
SIFT1M,1000000,1000000,ACORN,bridge,0.3,0,0.05,0.03,0.02,4.1,0.0,0.0,4.1,tierA-a6000-01
SIFT1M,1000000,1000000,ACORN,bridge,0.3,1,0.05,0.03,0.02,4.1,0.0,0.0,4.1,tierA-a6000-01
SIFT1M,1000000,1000000,ACORN,bridge,0.3,2,0.05,0.03,0.02,4.1,0.0,0.0,4.1,tierA-a6000-01
SIFT1M,1000000,1000000,ACORN,bridge,0.3,3,0.05,0.03,0.02,4.1,0.0,0.0,4.1,tierA-a6000-01
SIFT1M,1000000,1000000,ACORN,bridge,0.3,4,0.05,0.03,0.02,4.1,0.0,0.0,4.1,tierA-a6000-01
SIFT1M,1000000,1000000,ACORN,bridge,0.4,0,0.05,0.03,0.02,4.1,0.0,0.0,4.1,tierA-a6000-01
SIFT1M,1000000,1000000,ACORN,bridge,0.4,1,0.05,0.03,0.02,4.1,0.0,0.0,4.1,tierA-a6000-01
SIFT1M,1000000,1000000,ACORN,bridge,0.4,2,0.05,0.03,0.02,4.1,0.0,0.0,4.1,tierA-a6000-01
SIFT1M,1000000,1000000,ACORN,bridge,0.4,3,0.05,0.03,0.02,4.1,0.0,0.0,4.1,tierA-a6000-01
SIFT1M,1000000,1000000,ACORN,bridge,0.4,4,0.05,0.03,0.02,4.1,0.0,0.0,4.1,tierA-a6000-01
SIFT1M,1000000,1000000,ACORN,bridge,0.5,0,0.05,0.03,0.02,4.1,0.0,0.0,4.1,tierA-a6000-01
SIFT1M,1000000,1000000,ACORN,bridge,0.5,1,0.05,0.03,0.02,4.1,0.0,0.0,4.1,tierA-a6000-01
SIFT1M,1000000,1000000,ACORN,bridge,0.5,2,0.05,0.03,0.02,4.1,0.0,0.0,4.1,tierA-a6000-01
SIFT1M,1000000,1000000,ACORN,bridge,0.5,3,0.05,0.03,0.02,4.1,0.0,0.0,4.1,tierA-a6000-01
SIFT1M,1000000,1000000,ACORN,bridge,0.5,4,0.05,0.03,0.02,4.1,0.0,0.0,4.1,tierA-a6000-01
SIFT1M,1000000,1000000,HoneyBee,random,0.0,0,0.05,0.03,0.02,4.1,0.0,0.0,4.1,tierA-a6000-01
SIFT1M,1000000,1000000,HoneyBee,random,0.0,1,0.05,0.03,0.02,4.1,0.0,0.0,4.1,tierA-a6000-01
SIFT1M,1000000,1000000,HoneyBee,random,0.0,2,0.05,0.03,0.02,4.1,0.0,0.0,4.1,tierA-a6000-01
SIFT1M,1000000,1000000,HoneyBee,random,0.0,3,0.05,0.03,0.02,4.1,0.0,0.0,4.1,tierA-a6000-01
SIFT1M,1000000,1000000,HoneyBee,random,0.0,4,0.05,0.03,0.02,4.1,0.0,0.0,4.1,tierA-a6000-01
SIFT1M,1000000,1000000,HoneyBee,random,0.1,0,0.05,0.03,0.02,4.1,0.0,0.0,4.1,tierA-a6000-01
SIFT1M,1000000,1000000,HoneyBee,random,0.1,1,0.05,0.03,0.02,4.1,0.0,0.0,4.1,tierA-a6000-01
SIFT1M,1000000,1000000,HoneyBee,random,0.1,2,0.05,0.03,0.02,4.1,0.0,0.0,4.1,tierA-a6000-01
SIFT1M,1000000,1000000,HoneyBee,random,0.1,3,0.05,0.03,0.02,4.1,0.0,0.0,4.1,tierA-a6000-01
SIFT1M,1000000,1000000,HoneyBee,random,0.1,4,0.05,0.03,0.02,4.1,0.0,0.0,4.1,tierA-a6000-01
SIFT1M,1000000,1000000,HoneyBee,random,0.2,0,0.05,0.03,0.02,4.1,0.0,0.0,4.1,tierA-a6000-01
SIFT1M,1000000,1000000,HoneyBee,random,0.2,1,0.05,0.03,0.02,4.1,0.0,0.0,4.1,tierA-a6000-01
SIFT1M,1000000,1000000,HoneyBee,random,0.2,2,0.05,0.03,0.02,4.1,0.0,0.0,4.1,tierA-a6000-01
SIFT1M,1000000,1000000,HoneyBee,random,0.2,3,0.05,0.03,0.02,4.1,0.0,0.0,4.1,tierA-a6000-01
SIFT1M,1000000,1000000,HoneyBee,random,0.2,4,0.05,0.03,0.02,4.1,0.0,0.0,4.1,tierA-a6000-01
SIFT1M,1000000,1000000,HoneyBee,random,0.3,0,0.05,0.03,0.02,4.1,0.0,0.0,4.1,tierA-a6000-01
SIFT1M,1000000,1000000,HoneyBee,random,0.3,1,0.05,0.03,0.02,4.1,0.0,0.0,4.1,tierA-a6000-01
SIFT1M,1000000,1000000,HoneyBee,random,0.3,2,0.05,0.03,0.02,4.1,0.0,0.0,4.1,tierA-a6000-01
SIFT1M,1000000,1000000,HoneyBee,random,0.3,3,0.05,0.03,0.02,4.1,0.0,0.0,4.1,tierA-a6000-01
SIFT1M,1000000,1000000,HoneyBee,random,0.3,4,0.05,0.03,0.02,4.1,0.0,0.0,4.1,tierA-a6000-01
SIFT1M,1000000,1000000,HoneyBee,random,0.4,0,0.05,0.03,0.02,4.1,0.0,0.0,4.1,tierA-a6000-01
SIFT1M,1000000,1000000,HoneyBee,random,0.4,1,0.05,0.03,0.02,4.1,0.0,0.0,4.1,tierA-a6000-01
SIFT1M,1000000,1000000,HoneyBee,random,0.4,2,0.05,0.03,0.02,4.1,0.0,0.0,4.1,tierA-a6000-01
SIFT1M,1000000,1000000,HoneyBee,random,0.4,3,0.05,0.03,0.02,4.1,0.0,0.0,4.1,tierA-a6000-01
SIFT1M,1000000,1000000,HoneyBee,random,0.4,4,0.05,0.03,0.02,4.1,0.0,0.0,4.1,tierA-a6000-01
SIFT1M,1000000,1000000,HoneyBee,random,0.5,0,0.05,0.03,0.02,4.1,0.0,0.0,4.1,tierA-a6000-01
SIFT1M,1000000,1000000,HoneyBee,random,0.5,1,0.05,0.03,0.02,4.1,0.0,0.0,4.1,tierA-a6000-01
SIFT1M,1000000,1000000,HoneyBee,random,0.5,2,0.05,0.03,0.02,4.1,0.0,0.0,4.1,tierA-a6000-01
SIFT1M,1000000,1000000,HoneyBee,random,0.5,3,0.05,0.03,0.02,4.1,0.0,0.0,4.1,tierA-a6000-01
SIFT1M,1000000,1000000,HoneyBee,random,0.5,4,0.05,0.03,0.02,4.1,0.0,0.0,4.1,tierA-a6000-01
SIFT1M,1000000,1000000,HoneyBee,hub,0.0,0,0.05,0.03,0.02,4.1,0.0,0.0,4.1,tierA-a6000-01
SIFT1M,1000000,1000000,HoneyBee,hub,0.0,1,0.05,0.03,0.02,4.1,0.0,0.0,4.1,tierA-a6000-01
SIFT1M,1000000,1000000,HoneyBee,hub,0.0,2,0.05,0.03,0.02,4.1,0.0,0.0,4.1,tierA-a6000-01
SIFT1M,1000000,1000000,HoneyBee,hub,0.0,3,0.05,0.03,0.02,4.1,0.0,0.0,4.1,tierA-a6000-01
SIFT1M,1000000,1000000,HoneyBee,hub,0.0,4,0.05,0.03,0.02,4.1,0.0,0.0,4.1,tierA-a6000-01
SIFT1M,1000000,1000000,HoneyBee,hub,0.1,0,0.05,0.03,0.02,4.1,0.0,0.0,4.1,tierA-a6000-01
SIFT1M,1000000,1000000,HoneyBee,hub,0.1,1,0.05,0.03,0.02,4.1,0.0,0.0,4.1,tierA-a6000-01
SIFT1M,1000000,1000000,HoneyBee,hub,0.1,2,0.05,0.03,0.02,4.1,0.0,0.0,4.1,tierA-a6000-01
SIFT1M,1000000,1000000,HoneyBee,hub,0.1,3,0.05,0.03,0.02,4.1,0.0,0.0,4.1,tierA-a6000-01
SIFT1M,1000000,1000000,HoneyBee,hub,0.1,4,0.05,0.03,0.02,4.1,0.0,0.0,4.1,tierA-a6000-01
SIFT1M,1000000,1000000,HoneyBee,hub,0.2,0,0.05,0.03,0.02,4.1,0.0,0.0,4.1,tierA-a6000-01
SIFT1M,1000000,1000000,HoneyBee,hub,0.2,1,0.05,0.03,0.02,4.1,0.0,0.0,4.1,tierA-a6000-01
SIFT1M,1000000,1000000,HoneyBee,hub,0.2,2,0.05,0.03,0.02,4.1,0.0,0.0,4.1,tierA-a6000-01
SIFT1M,1000000,1000000,HoneyBee,hub,0.2,3,0.05,0.03,0.02,4.1,0.0,0.0,4.1,tierA-a6000-01
SIFT1M,1000000,1000000,HoneyBee,hub,0.2,4,0.05,0.03,0.02,4.1,0.0,0.0,4.1,tierA-a6000-01
SIFT1M,1000000,1000000,HoneyBee,hub,0.3,0,0.05,0.03,0.02,4.1,0.0,0.0,4.1,tierA-a6000-01
SIFT1M,1000000,1000000,HoneyBee,hub,0.3,1,0.05,0.03,0.02,4.1,0.0,0.0,4.1,tierA-a6000-01
SIFT1M,1000000,1000000,HoneyBee,hub,0.3,2,0.05,0.03,0.02,4.1,0.0,0.0,4.1,tierA-a6000-01
SIFT1M,1000000,1000000,HoneyBee,hub,0.3,3,0.05,0.03,0.02,4.1,0.0,0.0,4.1,tierA-a6000-01
SIFT1M,1000000,1000000,HoneyBee,hub,0.3,4,0.05,0.03,0.02,4.1,0.0,0.0,4.1,tierA-a6000-01
SIFT1M,1000000,1000000,HoneyBee,hub,0.4,0,0.05,0.03,0.02,4.1,0.0,0.0,4.1,tierA-a6000-01
SIFT1M,1000000,1000000,HoneyBee,hub,0.4,1,0.05,0.03,0.02,4.1,0.0,0.0,4.1,tierA-a6000-01
SIFT1M,1000000,1000000,HoneyBee,hub,0.4,2,0.05,0.03,0.02,4.1,0.0,0.0,4.1,tierA-a6000-01
SIFT1M,1000000,1000000,HoneyBee,hub,0.4,3,0.05,0.03,0.02,4.1,0.0,0.0,4.1,tierA-a6000-01
SIFT1M,1000000,1000000,HoneyBee,hub,0.4,4,0.05,0.03,0.02,4.1,0.0,0.0,4.1,tierA-a6000-01
SIFT1M,1000000,1000000,HoneyBee,hub,0.5,0,0.05,0.03,0.02,4.1,0.0,0.0,4.1,tierA-a6000-01
SIFT1M,1000000,1000000,HoneyBee,hub,0.5,1,0.05,0.03,0.02,4.1,0.0,0.0,4.1,tierA-a6000-01
SIFT1M,1000000,1000000,HoneyBee,hub,0.5,2,0.05,0.03,0.02,4.1,0.0,0.0,4.1,tierA-a6000-01
SIFT1M,1000000,1000000,HoneyBee,hub,0.5,3,0.05,0.03,0.02,4.1,0.0,0.0,4.1,tierA-a6000-01
SIFT1M,1000000,1000000,HoneyBee,hub,0.5,4,0.05,0.03,0.02,4.1,0.0,0.0,4.1,tierA-a6000-01
SIFT1M,1000000,1000000,HoneyBee,cluster,0.0,0,0.05,0.03,0.02,4.1,0.0,0.0,4.1,tierA-a6000-01
SIFT1M,1000000,1000000,HoneyBee,cluster,0.0,1,0.05,0.03,0.02,4.1,0.0,0.0,4.1,tierA-a6000-01
SIFT1M,1000000,1000000,HoneyBee,cluster,0.0,2,0.05,0.03,0.02,4.1,0.0,0.0,4.1,tierA-a6000-01
SIFT1M,1000000,1000000,HoneyBee,cluster,0.0,3,0.05,0.03,0.02,4.1,0.0,0.0,4.1,tierA-a6000-01
SIFT1M,1000000,1000000,HoneyBee,cluster,0.0,4,0.05,0.03,0.02,4.1,0.0,0.0,4.1,tierA-a6000-01
SIFT1M,1000000,1000000,HoneyBee,cluster,0.1,0,0.05,0.03,0.02,4.1,0.0,0.0,4.1,tierA-a6000-01
SIFT1M,1000000,1000000,HoneyBee,cluster,0.1,1,0.05,0.03,0.02,4.1,0.0,0.0,4.1,tierA-a6000-01
SIFT1M,1000000,1000000,HoneyBee,cluster,0.1,2,0.05,0.03,0.02,4.1,0.0,0.0,4.1,tierA-a6000-01
SIFT1M,1000000,1000000,HoneyBee,cluster,0.1,3,0.05,0.03,0.02,4.1,0.0,0.0,4.1,tierA-a6000-01
SIFT1M,1000000,1000000,HoneyBee,cluster,0.1,4,0.05,0.03,0.02,4.1,0.0,0.0,4.1,tierA-a6000-01
SIFT1M,1000000,1000000,HoneyBee,cluster,0.2,0,0.05,0.03,0.02,4.1,0.0,0.0,4.1,tierA-a6000-01
SIFT1M,1000000,1000000,HoneyBee,cluster,0.2,1,0.05,0.03,0.02,4.1,0.0,0.0,4.1,tierA-a6000-01
SIFT1M,1000000,1000000,HoneyBee,cluster,0.2,2,0.05,0.03,0.02,4.1,0.0,0.0,4.1,tierA-a6000-01
SIFT1M,1000000,1000000,HoneyBee,cluster,0.2,3,0.05,0.03,0.02,4.1,0.0,0.0,4.1,tierA-a6000-01
SIFT1M,1000000,1000000,HoneyBee,cluster,0.2,4,0.05,0.03,0.02,4.1,0.0,0.0,4.1,tierA-a6000-01
SIFT1M,1000000,1000000,HoneyBee,cluster,0.3,0,0.05,0.03,0.02,4.1,0.0,0.0,4.1,tierA-a6000-01
SIFT1M,1000000,1000000,HoneyBee,cluster,0.3,1,0.05,0.03,0.02,4.1,0.0,0.0,4.1,tierA-a6000-01
SIFT1M,1000000,1000000,HoneyBee,cluster,0.3,2,0.05,0.03,0.02,4.1,0.0,0.0,4.1,tierA-a6000-01
SIFT1M,1000000,1000000,HoneyBee,cluster,0.3,3,0.05,0.03,0.02,4.1,0.0,0.0,4.1,tierA-a6000-01
SIFT1M,1000000,1000000,HoneyBee,cluster,0.3,4,0.05,0.03,0.02,4.1,0.0,0.0,4.1,tierA-a6000-01
SIFT1M,1000000,1000000,HoneyBee,cluster,0.4,0,0.05,0.03,0.02,4.1,0.0,0.0,4.1,tierA-a6000-01
SIFT1M,1000000,1000000,HoneyBee,cluster,0.4,1,0.05,0.03,0.02,4.1,0.0,0.0,4.1,tierA-a6000-01
SIFT1M,1000000,1000000,HoneyBee,cluster,0.4,2,0.05,0.03,0.02,4.1,0.0,0.0,4.1,tierA-a6000-01
SIFT1M,1000000,1000000,HoneyBee,cluster,0.4,3,0.05,0.03,0.02,4.1,0.0,0.0,4.1,tierA-a6000-01
SIFT1M,1000000,1000000,HoneyBee,cluster,0.4,4,0.05,0.03,0.02,4.1,0.0,0.0,4.1,tierA-a6000-01
SIFT1M,1000000,1000000,HoneyBee,cluster,0.5,0,0.05,0.03,0.02,4.1,0.0,0.0,4.1,tierA-a6000-01
SIFT1M,1000000,1000000,HoneyBee,cluster,0.5,1,0.05,0.03,0.02,4.1,0.0,0.0,4.1,tierA-a6000-01
SIFT1M,1000000,1000000,HoneyBee,cluster,0.5,2,0.05,0.03,0.02,4.1,0.0,0.0,4.1,tierA-a6000-01
SIFT1M,1000000,1000000,HoneyBee,cluster,0.5,3,0.05,0.03,0.02,4.1,0.0,0.0,4.1,tierA-a6000-01
SIFT1M,1000000,1000000,HoneyBee,cluster,0.5,4,0.05,0.03,0.02,4.1,0.0,0.0,4.1,tierA-a6000-01
SIFT1M,1000000,1000000,HoneyBee,bridge,0.0,0,0.05,0.03,0.02,4.1,0.0,0.0,4.1,tierA-a6000-01
SIFT1M,1000000,1000000,HoneyBee,bridge,0.0,1,0.05,0.03,0.02,4.1,0.0,0.0,4.1,tierA-a6000-01
SIFT1M,1000000,1000000,HoneyBee,bridge,0.0,2,0.05,0.03,0.02,4.1,0.0,0.0,4.1,tierA-a6000-01
SIFT1M,1000000,1000000,HoneyBee,bridge,0.0,3,0.05,0.03,0.02,4.1,0.0,0.0,4.1,tierA-a6000-01
SIFT1M,1000000,1000000,HoneyBee,bridge,0.0,4,0.05,0.03,0.02,4.1,0.0,0.0,4.1,tierA-a6000-01
SIFT1M,1000000,1000000,HoneyBee,bridge,0.1,0,0.05,0.03,0.02,4.1,0.0,0.0,4.1,tierA-a6000-01
SIFT1M,1000000,1000000,HoneyBee,bridge,0.1,1,0.05,0.03,0.02,4.1,0.0,0.0,4.1,tierA-a6000-01
SIFT1M,1000000,1000000,HoneyBee,bridge,0.1,2,0.05,0.03,0.02,4.1,0.0,0.0,4.1,tierA-a6000-01
SIFT1M,1000000,1000000,HoneyBee,bridge,0.1,3,0.05,0.03,0.02,4.1,0.0,0.0,4.1,tierA-a6000-01
SIFT1M,1000000,1000000,HoneyBee,bridge,0.1,4,0.05,0.03,0.02,4.1,0.0,0.0,4.1,tierA-a6000-01
SIFT1M,1000000,1000000,HoneyBee,bridge,0.2,0,0.05,0.03,0.02,4.1,0.0,0.0,4.1,tierA-a6000-01
SIFT1M,1000000,1000000,HoneyBee,bridge,0.2,1,0.05,0.03,0.02,4.1,0.0,0.0,4.1,tierA-a6000-01
SIFT1M,1000000,1000000,HoneyBee,bridge,0.2,2,0.05,0.03,0.02,4.1,0.0,0.0,4.1,tierA-a6000-01
SIFT1M,1000000,1000000,HoneyBee,bridge,0.2,3,0.05,0.03,0.02,4.1,0.0,0.0,4.1,tierA-a6000-01
SIFT1M,1000000,1000000,HoneyBee,bridge,0.2,4,0.05,0.03,0.02,4.1,0.0,0.0,4.1,tierA-a6000-01
SIFT1M,1000000,1000000,HoneyBee,bridge,0.3,0,0.05,0.03,0.02,4.1,0.0,0.0,4.1,tierA-a6000-01
SIFT1M,1000000,1000000,HoneyBee,bridge,0.3,1,0.05,0.03,0.02,4.1,0.0,0.0,4.1,tierA-a6000-01
SIFT1M,1000000,1000000,HoneyBee,bridge,0.3,2,0.05,0.03,0.02,4.1,0.0,0.0,4.1,tierA-a6000-01
SIFT1M,1000000,1000000,HoneyBee,bridge,0.3,3,0.05,0.03,0.02,4.1,0.0,0.0,4.1,tierA-a6000-01
SIFT1M,1000000,1000000,HoneyBee,bridge,0.3,4,0.05,0.03,0.02,4.1,0.0,0.0,4.1,tierA-a6000-01
SIFT1M,1000000,1000000,HoneyBee,bridge,0.4,0,0.05,0.03,0.02,4.1,0.0,0.0,4.1,tierA-a6000-01
SIFT1M,1000000,1000000,HoneyBee,bridge,0.4,1,0.05,0.03,0.02,4.1,0.0,0.0,4.1,tierA-a6000-01
SIFT1M,1000000,1000000,HoneyBee,bridge,0.4,2,0.05,0.03,0.02,4.1,0.0,0.0,4.1,tierA-a6000-01
SIFT1M,1000000,1000000,HoneyBee,bridge,0.4,3,0.05,0.03,0.02,4.1,0.0,0.0,4.1,tierA-a6000-01
SIFT1M,1000000,1000000,HoneyBee,bridge,0.4,4,0.05,0.03,0.02,4.1,0.0,0.0,4.1,tierA-a6000-01
SIFT1M,1000000,1000000,HoneyBee,bridge,0.5,0,0.05,0.03,0.02,4.1,0.0,0.0,4.1,tierA-a6000-01
SIFT1M,1000000,1000000,HoneyBee,bridge,0.5,1,0.05,0.03,0.02,4.1,0.0,0.0,4.1,tierA-a6000-01
SIFT1M,1000000,1000000,HoneyBee,bridge,0.5,2,0.05,0.03,0.02,4.1,0.0,0.0,4.1,tierA-a6000-01
SIFT1M,1000000,1000000,HoneyBee,bridge,0.5,3,0.05,0.03,0.02,4.1,0.0,0.0,4.1,tierA-a6000-01
SIFT1M,1000000,1000000,HoneyBee,bridge,0.5,4,0.05,0.03,0.02,4.1,0.0,0.0,4.1,tierA-a6000-01
SIFT1M,1000000,1000000,SPFresh,random,0.0,0,0.05,0.03,0.02,4.1,0.0,0.0,4.1,tierA-a6000-01
SIFT1M,1000000,1000000,SPFresh,random,0.0,1,0.05,0.03,0.02,4.1,0.0,0.0,4.1,tierA-a6000-01
SIFT1M,1000000,1000000,SPFresh,random,0.0,2,0.05,0.03,0.02,4.1,0.0,0.0,4.1,tierA-a6000-01
SIFT1M,1000000,1000000,SPFresh,random,0.0,3,0.05,0.03,0.02,4.1,0.0,0.0,4.1,tierA-a6000-01
SIFT1M,1000000,1000000,SPFresh,random,0.0,4,0.05,0.03,0.02,4.1,0.0,0.0,4.1,tierA-a6000-01
SIFT1M,1000000,1000000,SPFresh,random,0.1,0,0.05,0.03,0.02,4.1,0.0,0.0,4.1,tierA-a6000-01
SIFT1M,1000000,1000000,SPFresh,random,0.1,1,0.05,0.03,0.02,4.1,0.0,0.0,4.1,tierA-a6000-01
SIFT1M,1000000,1000000,SPFresh,random,0.1,2,0.05,0.03,0.02,4.1,0.0,0.0,4.1,tierA-a6000-01
SIFT1M,1000000,1000000,SPFresh,random,0.1,3,0.05,0.03,0.02,4.1,0.0,0.0,4.1,tierA-a6000-01
SIFT1M,1000000,1000000,SPFresh,random,0.1,4,0.05,0.03,0.02,4.1,0.0,0.0,4.1,tierA-a6000-01
SIFT1M,1000000,1000000,SPFresh,random,0.2,0,0.05,0.03,0.02,4.1,0.0,0.0,4.1,tierA-a6000-01
SIFT1M,1000000,1000000,SPFresh,random,0.2,1,0.05,0.03,0.02,4.1,0.0,0.0,4.1,tierA-a6000-01
SIFT1M,1000000,1000000,SPFresh,random,0.2,2,0.05,0.03,0.02,4.1,0.0,0.0,4.1,tierA-a6000-01
SIFT1M,1000000,1000000,SPFresh,random,0.2,3,0.05,0.03,0.02,4.1,0.0,0.0,4.1,tierA-a6000-01
SIFT1M,1000000,1000000,SPFresh,random,0.2,4,0.05,0.03,0.02,4.1,0.0,0.0,4.1,tierA-a6000-01
SIFT1M,1000000,1000000,SPFresh,random,0.3,0,0.05,0.03,0.02,4.1,0.0,0.0,4.1,tierA-a6000-01
SIFT1M,1000000,1000000,SPFresh,random,0.3,1,0.05,0.03,0.02,4.1,0.0,0.0,4.1,tierA-a6000-01
SIFT1M,1000000,1000000,SPFresh,random,0.3,2,0.05,0.03,0.02,4.1,0.0,0.0,4.1,tierA-a6000-01
SIFT1M,1000000,1000000,SPFresh,random,0.3,3,0.05,0.03,0.02,4.1,0.0,0.0,4.1,tierA-a6000-01
SIFT1M,1000000,1000000,SPFresh,random,0.3,4,0.05,0.03,0.02,4.1,0.0,0.0,4.1,tierA-a6000-01
SIFT1M,1000000,1000000,SPFresh,random,0.4,0,0.05,0.03,0.02,4.1,0.0,0.0,4.1,tierA-a6000-01
SIFT1M,1000000,1000000,SPFresh,random,0.4,1,0.05,0.03,0.02,4.1,0.0,0.0,4.1,tierA-a6000-01
SIFT1M,1000000,1000000,SPFresh,random,0.4,2,0.05,0.03,0.02,4.1,0.0,0.0,4.1,tierA-a6000-01
SIFT1M,1000000,1000000,SPFresh,random,0.4,3,0.05,0.03,0.02,4.1,0.0,0.0,4.1,tierA-a6000-01
SIFT1M,1000000,1000000,SPFresh,random,0.4,4,0.05,0.03,0.02,4.1,0.0,0.0,4.1,tierA-a6000-01
SIFT1M,1000000,1000000,SPFresh,random,0.5,0,0.05,0.03,0.02,4.1,0.0,0.0,4.1,tierA-a6000-01
SIFT1M,1000000,1000000,SPFresh,random,0.5,1,0.05,0.03,0.02,4.1,0.0,0.0,4.1,tierA-a6000-01
SIFT1M,1000000,1000000,SPFresh,random,0.5,2,0.05,0.03,0.02,4.1,0.0,0.0,4.1,tierA-a6000-01
SIFT1M,1000000,1000000,SPFresh,random,0.5,3,0.05,0.03,0.02,4.1,0.0,0.0,4.1,tierA-a6000-01
SIFT1M,1000000,1000000,SPFresh,random,0.5,4,0.05,0.03,0.02,4.1,0.0,0.0,4.1,tierA-a6000-01
SIFT1M,1000000,1000000,SPFresh,hub,0.0,0,0.05,0.03,0.02,4.1,0.0,0.0,4.1,tierA-a6000-01
SIFT1M,1000000,1000000,SPFresh,hub,0.0,1,0.05,0.03,0.02,4.1,0.0,0.0,4.1,tierA-a6000-01
SIFT1M,1000000,1000000,SPFresh,hub,0.0,2,0.05,0.03,0.02,4.1,0.0,0.0,4.1,tierA-a6000-01
SIFT1M,1000000,1000000,SPFresh,hub,0.0,3,0.05,0.03,0.02,4.1,0.0,0.0,4.1,tierA-a6000-01
SIFT1M,1000000,1000000,SPFresh,hub,0.0,4,0.05,0.03,0.02,4.1,0.0,0.0,4.1,tierA-a6000-01
SIFT1M,1000000,1000000,SPFresh,hub,0.1,0,0.05,0.03,0.02,4.1,0.0,0.0,4.1,tierA-a6000-01
SIFT1M,1000000,1000000,SPFresh,hub,0.1,1,0.05,0.03,0.02,4.1,0.0,0.0,4.1,tierA-a6000-01
SIFT1M,1000000,1000000,SPFresh,hub,0.1,2,0.05,0.03,0.02,4.1,0.0,0.0,4.1,tierA-a6000-01
SIFT1M,1000000,1000000,SPFresh,hub,0.1,3,0.05,0.03,0.02,4.1,0.0,0.0,4.1,tierA-a6000-01
SIFT1M,1000000,1000000,SPFresh,hub,0.1,4,0.05,0.03,0.02,4.1,0.0,0.0,4.1,tierA-a6000-01
SIFT1M,1000000,1000000,SPFresh,hub,0.2,0,0.05,0.03,0.02,4.1,0.0,0.0,4.1,tierA-a6000-01
SIFT1M,1000000,1000000,SPFresh,hub,0.2,1,0.05,0.03,0.02,4.1,0.0,0.0,4.1,tierA-a6000-01
SIFT1M,1000000,1000000,SPFresh,hub,0.2,2,0.05,0.03,0.02,4.1,0.0,0.0,4.1,tierA-a6000-01
SIFT1M,1000000,1000000,SPFresh,hub,0.2,3,0.05,0.03,0.02,4.1,0.0,0.0,4.1,tierA-a6000-01
SIFT1M,1000000,1000000,SPFresh,hub,0.2,4,0.05,0.03,0.02,4.1,0.0,0.0,4.1,tierA-a6000-01
SIFT1M,1000000,1000000,SPFresh,hub,0.3,0,0.05,0.03,0.02,4.1,0.0,0.0,4.1,tierA-a6000-01
SIFT1M,1000000,1000000,SPFresh,hub,0.3,1,0.05,0.03,0.02,4.1,0.0,0.0,4.1,tierA-a6000-01
SIFT1M,1000000,1000000,SPFresh,hub,0.3,2,0.05,0.03,0.02,4.1,0.0,0.0,4.1,tierA-a6000-01
SIFT1M,1000000,1000000,SPFresh,hub,0.3,3,0.05,0.03,0.02,4.1,0.0,0.0,4.1,tierA-a6000-01
SIFT1M,1000000,1000000,SPFresh,hub,0.3,4,0.05,0.03,0.02,4.1,0.0,0.0,4.1,tierA-a6000-01
SIFT1M,1000000,1000000,SPFresh,hub,0.4,0,0.05,0.03,0.02,4.1,0.0,0.0,4.1,tierA-a6000-01
SIFT1M,1000000,1000000,SPFresh,hub,0.4,1,0.05,0.03,0.02,4.1,0.0,0.0,4.1,tierA-a6000-01
SIFT1M,1000000,1000000,SPFresh,hub,0.4,2,0.05,0.03,0.02,4.1,0.0,0.0,4.1,tierA-a6000-01
SIFT1M,1000000,1000000,SPFresh,hub,0.4,3,0.05,0.03,0.02,4.1,0.0,0.0,4.1,tierA-a6000-01
SIFT1M,1000000,1000000,SPFresh,hub,0.4,4,0.05,0.03,0.02,4.1,0.0,0.0,4.1,tierA-a6000-01
SIFT1M,1000000,1000000,SPFresh,hub,0.5,0,0.05,0.03,0.02,4.1,0.0,0.0,4.1,tierA-a6000-01
SIFT1M,1000000,1000000,SPFresh,hub,0.5,1,0.05,0.03,0.02,4.1,0.0,0.0,4.1,tierA-a6000-01
SIFT1M,1000000,1000000,SPFresh,hub,0.5,2,0.05,0.03,0.02,4.1,0.0,0.0,4.1,tierA-a6000-01
SIFT1M,1000000,1000000,SPFresh,hub,0.5,3,0.05,0.03,0.02,4.1,0.0,0.0,4.1,tierA-a6000-01
SIFT1M,1000000,1000000,SPFresh,hub,0.5,4,0.05,0.03,0.02,4.1,0.0,0.0,4.1,tierA-a6000-01
SIFT1M,1000000,1000000,SPFresh,cluster,0.0,0,0.05,0.03,0.02,4.1,0.0,0.0,4.1,tierA-a6000-01
SIFT1M,1000000,1000000,SPFresh,cluster,0.0,1,0.05,0.03,0.02,4.1,0.0,0.0,4.1,tierA-a6000-01
SIFT1M,1000000,1000000,SPFresh,cluster,0.0,2,0.05,0.03,0.02,4.1,0.0,0.0,4.1,tierA-a6000-01
SIFT1M,1000000,1000000,SPFresh,cluster,0.0,3,0.05,0.03,0.02,4.1,0.0,0.0,4.1,tierA-a6000-01
SIFT1M,1000000,1000000,SPFresh,cluster,0.0,4,0.05,0.03,0.02,4.1,0.0,0.0,4.1,tierA-a6000-01
SIFT1M,1000000,1000000,SPFresh,cluster,0.1,0,0.05,0.03,0.02,4.1,0.0,0.0,4.1,tierA-a6000-01
SIFT1M,1000000,1000000,SPFresh,cluster,0.1,1,0.05,0.03,0.02,4.1,0.0,0.0,4.1,tierA-a6000-01
SIFT1M,1000000,1000000,SPFresh,cluster,0.1,2,0.05,0.03,0.02,4.1,0.0,0.0,4.1,tierA-a6000-01
SIFT1M,1000000,1000000,SPFresh,cluster,0.1,3,0.05,0.03,0.02,4.1,0.0,0.0,4.1,tierA-a6000-01
SIFT1M,1000000,1000000,SPFresh,cluster,0.1,4,0.05,0.03,0.02,4.1,0.0,0.0,4.1,tierA-a6000-01
SIFT1M,1000000,1000000,SPFresh,cluster,0.2,0,0.05,0.03,0.02,4.1,0.0,0.0,4.1,tierA-a6000-01
SIFT1M,1000000,1000000,SPFresh,cluster,0.2,1,0.05,0.03,0.02,4.1,0.0,0.0,4.1,tierA-a6000-01
SIFT1M,1000000,1000000,SPFresh,cluster,0.2,2,0.05,0.03,0.02,4.1,0.0,0.0,4.1,tierA-a6000-01
SIFT1M,1000000,1000000,SPFresh,cluster,0.2,3,0.05,0.03,0.02,4.1,0.0,0.0,4.1,tierA-a6000-01
SIFT1M,1000000,1000000,SPFresh,cluster,0.2,4,0.05,0.03,0.02,4.1,0.0,0.0,4.1,tierA-a6000-01
SIFT1M,1000000,1000000,SPFresh,cluster,0.3,0,0.05,0.03,0.02,4.1,0.0,0.0,4.1,tierA-a6000-01
SIFT1M,1000000,1000000,SPFresh,cluster,0.3,1,0.05,0.03,0.02,4.1,0.0,0.0,4.1,tierA-a6000-01
SIFT1M,1000000,1000000,SPFresh,cluster,0.3,2,0.05,0.03,0.02,4.1,0.0,0.0,4.1,tierA-a6000-01
SIFT1M,1000000,1000000,SPFresh,cluster,0.3,3,0.05,0.03,0.02,4.1,0.0,0.0,4.1,tierA-a6000-01
SIFT1M,1000000,1000000,SPFresh,cluster,0.3,4,0.05,0.03,0.02,4.1,0.0,0.0,4.1,tierA-a6000-01
SIFT1M,1000000,1000000,SPFresh,cluster,0.4,0,0.05,0.03,0.02,4.1,0.0,0.0,4.1,tierA-a6000-01
SIFT1M,1000000,1000000,SPFresh,cluster,0.4,1,0.05,0.03,0.02,4.1,0.0,0.0,4.1,tierA-a6000-01
SIFT1M,1000000,1000000,SPFresh,cluster,0.4,2,0.05,0.03,0.02,4.1,0.0,0.0,4.1,tierA-a6000-01
SIFT1M,1000000,1000000,SPFresh,cluster,0.4,3,0.05,0.03,0.02,4.1,0.0,0.0,4.1,tierA-a6000-01
SIFT1M,1000000,1000000,SPFresh,cluster,0.4,4,0.05,0.03,0.02,4.1,0.0,0.0,4.1,tierA-a6000-01
SIFT1M,1000000,1000000,SPFresh,cluster,0.5,0,0.05,0.03,0.02,4.1,0.0,0.0,4.1,tierA-a6000-01
SIFT1M,1000000,1000000,SPFresh,cluster,0.5,1,0.05,0.03,0.02,4.1,0.0,0.0,4.1,tierA-a6000-01
SIFT1M,1000000,1000000,SPFresh,cluster,0.5,2,0.05,0.03,0.02,4.1,0.0,0.0,4.1,tierA-a6000-01
SIFT1M,1000000,1000000,SPFresh,cluster,0.5,3,0.05,0.03,0.02,4.1,0.0,0.0,4.1,tierA-a6000-01
SIFT1M,1000000,1000000,SPFresh,cluster,0.5,4,0.05,0.03,0.02,4.1,0.0,0.0,4.1,tierA-a6000-01
SIFT1M,1000000,1000000,SPFresh,bridge,0.0,0,0.05,0.03,0.02,4.1,0.0,0.0,4.1,tierA-a6000-01
SIFT1M,1000000,1000000,SPFresh,bridge,0.0,1,0.05,0.03,0.02,4.1,0.0,0.0,4.1,tierA-a6000-01
SIFT1M,1000000,1000000,SPFresh,bridge,0.0,2,0.05,0.03,0.02,4.1,0.0,0.0,4.1,tierA-a6000-01
SIFT1M,1000000,1000000,SPFresh,bridge,0.0,3,0.05,0.03,0.02,4.1,0.0,0.0,4.1,tierA-a6000-01
SIFT1M,1000000,1000000,SPFresh,bridge,0.0,4,0.05,0.03,0.02,4.1,0.0,0.0,4.1,tierA-a6000-01
SIFT1M,1000000,1000000,SPFresh,bridge,0.1,0,0.05,0.03,0.02,4.1,0.0,0.0,4.1,tierA-a6000-01
SIFT1M,1000000,1000000,SPFresh,bridge,0.1,1,0.05,0.03,0.02,4.1,0.0,0.0,4.1,tierA-a6000-01
SIFT1M,1000000,1000000,SPFresh,bridge,0.1,2,0.05,0.03,0.02,4.1,0.0,0.0,4.1,tierA-a6000-01
SIFT1M,1000000,1000000,SPFresh,bridge,0.1,3,0.05,0.03,0.02,4.1,0.0,0.0,4.1,tierA-a6000-01
SIFT1M,1000000,1000000,SPFresh,bridge,0.1,4,0.05,0.03,0.02,4.1,0.0,0.0,4.1,tierA-a6000-01
SIFT1M,1000000,1000000,SPFresh,bridge,0.2,0,0.05,0.03,0.02,4.1,0.0,0.0,4.1,tierA-a6000-01
SIFT1M,1000000,1000000,SPFresh,bridge,0.2,1,0.05,0.03,0.02,4.1,0.0,0.0,4.1,tierA-a6000-01
SIFT1M,1000000,1000000,SPFresh,bridge,0.2,2,0.05,0.03,0.02,4.1,0.0,0.0,4.1,tierA-a6000-01
SIFT1M,1000000,1000000,SPFresh,bridge,0.2,3,0.05,0.03,0.02,4.1,0.0,0.0,4.1,tierA-a6000-01
SIFT1M,1000000,1000000,SPFresh,bridge,0.2,4,0.05,0.03,0.02,4.1,0.0,0.0,4.1,tierA-a6000-01
SIFT1M,1000000,1000000,SPFresh,bridge,0.3,0,0.05,0.03,0.02,4.1,0.0,0.0,4.1,tierA-a6000-01
SIFT1M,1000000,1000000,SPFresh,bridge,0.3,1,0.05,0.03,0.02,4.1,0.0,0.0,4.1,tierA-a6000-01
SIFT1M,1000000,1000000,SPFresh,bridge,0.3,2,0.05,0.03,0.02,4.1,0.0,0.0,4.1,tierA-a6000-01
SIFT1M,1000000,1000000,SPFresh,bridge,0.3,3,0.05,0.03,0.02,4.1,0.0,0.0,4.1,tierA-a6000-01
SIFT1M,1000000,1000000,SPFresh,bridge,0.3,4,0.05,0.03,0.02,4.1,0.0,0.0,4.1,tierA-a6000-01
SIFT1M,1000000,1000000,SPFresh,bridge,0.4,0,0.05,0.03,0.02,4.1,0.0,0.0,4.1,tierA-a6000-01
SIFT1M,1000000,1000000,SPFresh,bridge,0.4,1,0.05,0.03,0.02,4.1,0.0,0.0,4.1,tierA-a6000-01
SIFT1M,1000000,1000000,SPFresh,bridge,0.4,2,0.05,0.03,0.02,4.1,0.0,0.0,4.1,tierA-a6000-01
SIFT1M,1000000,1000000,SPFresh,bridge,0.4,3,0.05,0.03,0.02,4.1,0.0,0.0,4.1,tierA-a6000-01
SIFT1M,1000000,1000000,SPFresh,bridge,0.4,4,0.05,0.03,0.02,4.1,0.0,0.0,4.1,tierA-a6000-01
SIFT1M,1000000,1000000,SPFresh,bridge,0.5,0,0.05,0.03,0.02,4.1,0.0,0.0,4.1,tierA-a6000-01
SIFT1M,1000000,1000000,SPFresh,bridge,0.5,1,0.05,0.03,0.02,4.1,0.0,0.0,4.1,tierA-a6000-01
SIFT1M,1000000,1000000,SPFresh,bridge,0.5,2,0.05,0.03,0.02,4.1,0.0,0.0,4.1,tierA-a6000-01
SIFT1M,1000000,1000000,SPFresh,bridge,0.5,3,0.05,0.03,0.02,4.1,0.0,0.0,4.1,tierA-a6000-01
SIFT1M,1000000,1000000,SPFresh,bridge,0.5,4,0.05,0.03,0.02,4.1,0.0,0.0,4.1,tierA-a6000-01
MIMIC-IV-CaseStudy,1800000,1800000,Tombstone,random,0.0,0,0.05,0.03,0.02,8.8,0.0,0.0,8.8,tierA-a6000-01
MIMIC-IV-CaseStudy,1800000,1800000,Tombstone,random,0.0,1,0.05,0.03,0.02,8.8,0.0,0.0,8.8,tierA-a6000-01
MIMIC-IV-CaseStudy,1800000,1800000,Tombstone,random,0.0,2,0.05,0.03,0.02,8.8,0.0,0.0,8.8,tierA-a6000-01
MIMIC-IV-CaseStudy,1800000,1800000,Tombstone,random,0.0,3,0.05,0.03,0.02,8.8,0.0,0.0,8.8,tierA-a6000-01
MIMIC-IV-CaseStudy,1800000,1800000,Tombstone,random,0.0,4,0.05,0.03,0.02,8.8,0.0,0.0,8.8,tierA-a6000-01
MIMIC-IV-CaseStudy,1800000,1800000,Tombstone,random,0.1,0,0.05,0.03,0.02,8.8,0.0,0.0,8.8,tierA-a6000-01
MIMIC-IV-CaseStudy,1800000,1800000,Tombstone,random,0.1,1,0.05,0.03,0.02,8.8,0.0,0.0,8.8,tierA-a6000-01
MIMIC-IV-CaseStudy,1800000,1800000,Tombstone,random,0.1,2,0.05,0.03,0.02,8.8,0.0,0.0,8.8,tierA-a6000-01
MIMIC-IV-CaseStudy,1800000,1800000,Tombstone,random,0.1,3,0.05,0.03,0.02,8.8,0.0,0.0,8.8,tierA-a6000-01
MIMIC-IV-CaseStudy,1800000,1800000,Tombstone,random,0.1,4,0.05,0.03,0.02,8.8,0.0,0.0,8.8,tierA-a6000-01
MIMIC-IV-CaseStudy,1800000,1800000,Tombstone,random,0.2,0,0.05,0.03,0.02,8.8,0.0,0.0,8.8,tierA-a6000-01
MIMIC-IV-CaseStudy,1800000,1800000,Tombstone,random,0.2,1,0.05,0.03,0.02,8.8,0.0,0.0,8.8,tierA-a6000-01
MIMIC-IV-CaseStudy,1800000,1800000,Tombstone,random,0.2,2,0.05,0.03,0.02,8.8,0.0,0.0,8.8,tierA-a6000-01
MIMIC-IV-CaseStudy,1800000,1800000,Tombstone,random,0.2,3,0.05,0.03,0.02,8.8,0.0,0.0,8.8,tierA-a6000-01
MIMIC-IV-CaseStudy,1800000,1800000,Tombstone,random,0.2,4,0.05,0.03,0.02,8.8,0.0,0.0,8.8,tierA-a6000-01
MIMIC-IV-CaseStudy,1800000,1800000,Tombstone,random,0.3,0,0.05,0.03,0.02,8.8,0.0,0.0,8.8,tierA-a6000-01
MIMIC-IV-CaseStudy,1800000,1800000,Tombstone,random,0.3,1,0.05,0.03,0.02,8.8,0.0,0.0,8.8,tierA-a6000-01
MIMIC-IV-CaseStudy,1800000,1800000,Tombstone,random,0.3,2,0.05,0.03,0.02,8.8,0.0,0.0,8.8,tierA-a6000-01
MIMIC-IV-CaseStudy,1800000,1800000,Tombstone,random,0.3,3,0.05,0.03,0.02,8.8,0.0,0.0,8.8,tierA-a6000-01
MIMIC-IV-CaseStudy,1800000,1800000,Tombstone,random,0.3,4,0.05,0.03,0.02,8.8,0.0,0.0,8.8,tierA-a6000-01
MIMIC-IV-CaseStudy,1800000,1800000,Tombstone,random,0.4,0,0.05,0.03,0.02,8.8,0.0,0.0,8.8,tierA-a6000-01
MIMIC-IV-CaseStudy,1800000,1800000,Tombstone,random,0.4,1,0.05,0.03,0.02,8.8,0.0,0.0,8.8,tierA-a6000-01
MIMIC-IV-CaseStudy,1800000,1800000,Tombstone,random,0.4,2,0.05,0.03,0.02,8.8,0.0,0.0,8.8,tierA-a6000-01
MIMIC-IV-CaseStudy,1800000,1800000,Tombstone,random,0.4,3,0.05,0.03,0.02,8.8,0.0,0.0,8.8,tierA-a6000-01
MIMIC-IV-CaseStudy,1800000,1800000,Tombstone,random,0.4,4,0.05,0.03,0.02,8.8,0.0,0.0,8.8,tierA-a6000-01
MIMIC-IV-CaseStudy,1800000,1800000,Tombstone,random,0.5,0,0.05,0.03,0.02,8.8,0.0,0.0,8.8,tierA-a6000-01
MIMIC-IV-CaseStudy,1800000,1800000,Tombstone,random,0.5,1,0.05,0.03,0.02,8.8,0.0,0.0,8.8,tierA-a6000-01
MIMIC-IV-CaseStudy,1800000,1800000,Tombstone,random,0.5,2,0.05,0.03,0.02,8.8,0.0,0.0,8.8,tierA-a6000-01
MIMIC-IV-CaseStudy,1800000,1800000,Tombstone,random,0.5,3,0.05,0.03,0.02,8.8,0.0,0.0,8.8,tierA-a6000-01
MIMIC-IV-CaseStudy,1800000,1800000,Tombstone,random,0.5,4,0.05,0.03,0.02,8.8,0.0,0.0,8.8,tierA-a6000-01
MIMIC-IV-CaseStudy,1800000,1800000,Tombstone,hub,0.0,0,0.05,0.03,0.02,8.8,0.0,0.0,8.8,tierA-a6000-01
MIMIC-IV-CaseStudy,1800000,1800000,Tombstone,hub,0.0,1,0.05,0.03,0.02,8.8,0.0,0.0,8.8,tierA-a6000-01
MIMIC-IV-CaseStudy,1800000,1800000,Tombstone,hub,0.0,2,0.05,0.03,0.02,8.8,0.0,0.0,8.8,tierA-a6000-01
MIMIC-IV-CaseStudy,1800000,1800000,Tombstone,hub,0.0,3,0.05,0.03,0.02,8.8,0.0,0.0,8.8,tierA-a6000-01
MIMIC-IV-CaseStudy,1800000,1800000,Tombstone,hub,0.0,4,0.05,0.03,0.02,8.8,0.0,0.0,8.8,tierA-a6000-01
MIMIC-IV-CaseStudy,1800000,1800000,Tombstone,hub,0.1,0,0.05,0.03,0.02,8.8,0.0,0.0,8.8,tierA-a6000-01
MIMIC-IV-CaseStudy,1800000,1800000,Tombstone,hub,0.1,1,0.05,0.03,0.02,8.8,0.0,0.0,8.8,tierA-a6000-01
MIMIC-IV-CaseStudy,1800000,1800000,Tombstone,hub,0.1,2,0.05,0.03,0.02,8.8,0.0,0.0,8.8,tierA-a6000-01
MIMIC-IV-CaseStudy,1800000,1800000,Tombstone,hub,0.1,3,0.05,0.03,0.02,8.8,0.0,0.0,8.8,tierA-a6000-01
MIMIC-IV-CaseStudy,1800000,1800000,Tombstone,hub,0.1,4,0.05,0.03,0.02,8.8,0.0,0.0,8.8,tierA-a6000-01
MIMIC-IV-CaseStudy,1800000,1800000,Tombstone,hub,0.2,0,0.05,0.03,0.02,8.8,0.0,0.0,8.8,tierA-a6000-01
MIMIC-IV-CaseStudy,1800000,1800000,Tombstone,hub,0.2,1,0.05,0.03,0.02,8.8,0.0,0.0,8.8,tierA-a6000-01
MIMIC-IV-CaseStudy,1800000,1800000,Tombstone,hub,0.2,2,0.05,0.03,0.02,8.8,0.0,0.0,8.8,tierA-a6000-01
MIMIC-IV-CaseStudy,1800000,1800000,Tombstone,hub,0.2,3,0.05,0.03,0.02,8.8,0.0,0.0,8.8,tierA-a6000-01
MIMIC-IV-CaseStudy,1800000,1800000,Tombstone,hub,0.2,4,0.05,0.03,0.02,8.8,0.0,0.0,8.8,tierA-a6000-01
MIMIC-IV-CaseStudy,1800000,1800000,Tombstone,hub,0.3,0,0.05,0.03,0.02,8.8,0.0,0.0,8.8,tierA-a6000-01
MIMIC-IV-CaseStudy,1800000,1800000,Tombstone,hub,0.3,1,0.05,0.03,0.02,8.8,0.0,0.0,8.8,tierA-a6000-01
MIMIC-IV-CaseStudy,1800000,1800000,Tombstone,hub,0.3,2,0.05,0.03,0.02,8.8,0.0,0.0,8.8,tierA-a6000-01
MIMIC-IV-CaseStudy,1800000,1800000,Tombstone,hub,0.3,3,0.05,0.03,0.02,8.8,0.0,0.0,8.8,tierA-a6000-01
MIMIC-IV-CaseStudy,1800000,1800000,Tombstone,hub,0.3,4,0.05,0.03,0.02,8.8,0.0,0.0,8.8,tierA-a6000-01
MIMIC-IV-CaseStudy,1800000,1800000,Tombstone,hub,0.4,0,0.05,0.03,0.02,8.8,0.0,0.0,8.8,tierA-a6000-01
MIMIC-IV-CaseStudy,1800000,1800000,Tombstone,hub,0.4,1,0.05,0.03,0.02,8.8,0.0,0.0,8.8,tierA-a6000-01
MIMIC-IV-CaseStudy,1800000,1800000,Tombstone,hub,0.4,2,0.05,0.03,0.02,8.8,0.0,0.0,8.8,tierA-a6000-01
MIMIC-IV-CaseStudy,1800000,1800000,Tombstone,hub,0.4,3,0.05,0.03,0.02,8.8,0.0,0.0,8.8,tierA-a6000-01
MIMIC-IV-CaseStudy,1800000,1800000,Tombstone,hub,0.4,4,0.05,0.03,0.02,8.8,0.0,0.0,8.8,tierA-a6000-01
MIMIC-IV-CaseStudy,1800000,1800000,Tombstone,hub,0.5,0,0.05,0.03,0.02,8.8,0.0,0.0,8.8,tierA-a6000-01
MIMIC-IV-CaseStudy,1800000,1800000,Tombstone,hub,0.5,1,0.05,0.03,0.02,8.8,0.0,0.0,8.8,tierA-a6000-01
MIMIC-IV-CaseStudy,1800000,1800000,Tombstone,hub,0.5,2,0.05,0.03,0.02,8.8,0.0,0.0,8.8,tierA-a6000-01
MIMIC-IV-CaseStudy,1800000,1800000,Tombstone,hub,0.5,3,0.05,0.03,0.02,8.8,0.0,0.0,8.8,tierA-a6000-01
MIMIC-IV-CaseStudy,1800000,1800000,Tombstone,hub,0.5,4,0.05,0.03,0.02,8.8,0.0,0.0,8.8,tierA-a6000-01
MIMIC-IV-CaseStudy,1800000,1800000,Tombstone,cluster,0.0,0,0.05,0.03,0.02,8.8,0.0,0.0,8.8,tierA-a6000-01
MIMIC-IV-CaseStudy,1800000,1800000,Tombstone,cluster,0.0,1,0.05,0.03,0.02,8.8,0.0,0.0,8.8,tierA-a6000-01
MIMIC-IV-CaseStudy,1800000,1800000,Tombstone,cluster,0.0,2,0.05,0.03,0.02,8.8,0.0,0.0,8.8,tierA-a6000-01
MIMIC-IV-CaseStudy,1800000,1800000,Tombstone,cluster,0.0,3,0.05,0.03,0.02,8.8,0.0,0.0,8.8,tierA-a6000-01
MIMIC-IV-CaseStudy,1800000,1800000,Tombstone,cluster,0.0,4,0.05,0.03,0.02,8.8,0.0,0.0,8.8,tierA-a6000-01
MIMIC-IV-CaseStudy,1800000,1800000,Tombstone,cluster,0.1,0,0.05,0.03,0.02,8.8,0.0,0.0,8.8,tierA-a6000-01
MIMIC-IV-CaseStudy,1800000,1800000,Tombstone,cluster,0.1,1,0.05,0.03,0.02,8.8,0.0,0.0,8.8,tierA-a6000-01
MIMIC-IV-CaseStudy,1800000,1800000,Tombstone,cluster,0.1,2,0.05,0.03,0.02,8.8,0.0,0.0,8.8,tierA-a6000-01
MIMIC-IV-CaseStudy,1800000,1800000,Tombstone,cluster,0.1,3,0.05,0.03,0.02,8.8,0.0,0.0,8.8,tierA-a6000-01
MIMIC-IV-CaseStudy,1800000,1800000,Tombstone,cluster,0.1,4,0.05,0.03,0.02,8.8,0.0,0.0,8.8,tierA-a6000-01
MIMIC-IV-CaseStudy,1800000,1800000,Tombstone,cluster,0.2,0,0.05,0.03,0.02,8.8,0.0,0.0,8.8,tierA-a6000-01
MIMIC-IV-CaseStudy,1800000,1800000,Tombstone,cluster,0.2,1,0.05,0.03,0.02,8.8,0.0,0.0,8.8,tierA-a6000-01
MIMIC-IV-CaseStudy,1800000,1800000,Tombstone,cluster,0.2,2,0.05,0.03,0.02,8.8,0.0,0.0,8.8,tierA-a6000-01
MIMIC-IV-CaseStudy,1800000,1800000,Tombstone,cluster,0.2,3,0.05,0.03,0.02,8.8,0.0,0.0,8.8,tierA-a6000-01
MIMIC-IV-CaseStudy,1800000,1800000,Tombstone,cluster,0.2,4,0.05,0.03,0.02,8.8,0.0,0.0,8.8,tierA-a6000-01
MIMIC-IV-CaseStudy,1800000,1800000,Tombstone,cluster,0.3,0,0.05,0.03,0.02,8.8,0.0,0.0,8.8,tierA-a6000-01
MIMIC-IV-CaseStudy,1800000,1800000,Tombstone,cluster,0.3,1,0.05,0.03,0.02,8.8,0.0,0.0,8.8,tierA-a6000-01
MIMIC-IV-CaseStudy,1800000,1800000,Tombstone,cluster,0.3,2,0.05,0.03,0.02,8.8,0.0,0.0,8.8,tierA-a6000-01
MIMIC-IV-CaseStudy,1800000,1800000,Tombstone,cluster,0.3,3,0.05,0.03,0.02,8.8,0.0,0.0,8.8,tierA-a6000-01
MIMIC-IV-CaseStudy,1800000,1800000,Tombstone,cluster,0.3,4,0.05,0.03,0.02,8.8,0.0,0.0,8.8,tierA-a6000-01
MIMIC-IV-CaseStudy,1800000,1800000,Tombstone,cluster,0.4,0,0.05,0.03,0.02,8.8,0.0,0.0,8.8,tierA-a6000-01
MIMIC-IV-CaseStudy,1800000,1800000,Tombstone,cluster,0.4,1,0.05,0.03,0.02,8.8,0.0,0.0,8.8,tierA-a6000-01
MIMIC-IV-CaseStudy,1800000,1800000,Tombstone,cluster,0.4,2,0.05,0.03,0.02,8.8,0.0,0.0,8.8,tierA-a6000-01
MIMIC-IV-CaseStudy,1800000,1800000,Tombstone,cluster,0.4,3,0.05,0.03,0.02,8.8,0.0,0.0,8.8,tierA-a6000-01
MIMIC-IV-CaseStudy,1800000,1800000,Tombstone,cluster,0.4,4,0.05,0.03,0.02,8.8,0.0,0.0,8.8,tierA-a6000-01
MIMIC-IV-CaseStudy,1800000,1800000,Tombstone,cluster,0.5,0,0.05,0.03,0.02,8.8,0.0,0.0,8.8,tierA-a6000-01
MIMIC-IV-CaseStudy,1800000,1800000,Tombstone,cluster,0.5,1,0.05,0.03,0.02,8.8,0.0,0.0,8.8,tierA-a6000-01
MIMIC-IV-CaseStudy,1800000,1800000,Tombstone,cluster,0.5,2,0.05,0.03,0.02,8.8,0.0,0.0,8.8,tierA-a6000-01
MIMIC-IV-CaseStudy,1800000,1800000,Tombstone,cluster,0.5,3,0.05,0.03,0.02,8.8,0.0,0.0,8.8,tierA-a6000-01
MIMIC-IV-CaseStudy,1800000,1800000,Tombstone,cluster,0.5,4,0.05,0.03,0.02,8.8,0.0,0.0,8.8,tierA-a6000-01
MIMIC-IV-CaseStudy,1800000,1800000,Tombstone,bridge,0.0,0,0.05,0.03,0.02,8.8,0.0,0.0,8.8,tierA-a6000-01
MIMIC-IV-CaseStudy,1800000,1800000,Tombstone,bridge,0.0,1,0.05,0.03,0.02,8.8,0.0,0.0,8.8,tierA-a6000-01
MIMIC-IV-CaseStudy,1800000,1800000,Tombstone,bridge,0.0,2,0.05,0.03,0.02,8.8,0.0,0.0,8.8,tierA-a6000-01
MIMIC-IV-CaseStudy,1800000,1800000,Tombstone,bridge,0.0,3,0.05,0.03,0.02,8.8,0.0,0.0,8.8,tierA-a6000-01
MIMIC-IV-CaseStudy,1800000,1800000,Tombstone,bridge,0.0,4,0.05,0.03,0.02,8.8,0.0,0.0,8.8,tierA-a6000-01
MIMIC-IV-CaseStudy,1800000,1800000,Tombstone,bridge,0.1,0,0.05,0.03,0.02,8.8,0.0,0.0,8.8,tierA-a6000-01
MIMIC-IV-CaseStudy,1800000,1800000,Tombstone,bridge,0.1,1,0.05,0.03,0.02,8.8,0.0,0.0,8.8,tierA-a6000-01
MIMIC-IV-CaseStudy,1800000,1800000,Tombstone,bridge,0.1,2,0.05,0.03,0.02,8.8,0.0,0.0,8.8,tierA-a6000-01
MIMIC-IV-CaseStudy,1800000,1800000,Tombstone,bridge,0.1,3,0.05,0.03,0.02,8.8,0.0,0.0,8.8,tierA-a6000-01
MIMIC-IV-CaseStudy,1800000,1800000,Tombstone,bridge,0.1,4,0.05,0.03,0.02,8.8,0.0,0.0,8.8,tierA-a6000-01
MIMIC-IV-CaseStudy,1800000,1800000,Tombstone,bridge,0.2,0,0.05,0.03,0.02,8.8,0.0,0.0,8.8,tierA-a6000-01
MIMIC-IV-CaseStudy,1800000,1800000,Tombstone,bridge,0.2,1,0.05,0.03,0.02,8.8,0.0,0.0,8.8,tierA-a6000-01
MIMIC-IV-CaseStudy,1800000,1800000,Tombstone,bridge,0.2,2,0.05,0.03,0.02,8.8,0.0,0.0,8.8,tierA-a6000-01
MIMIC-IV-CaseStudy,1800000,1800000,Tombstone,bridge,0.2,3,0.05,0.03,0.02,8.8,0.0,0.0,8.8,tierA-a6000-01
MIMIC-IV-CaseStudy,1800000,1800000,Tombstone,bridge,0.2,4,0.05,0.03,0.02,8.8,0.0,0.0,8.8,tierA-a6000-01
MIMIC-IV-CaseStudy,1800000,1800000,Tombstone,bridge,0.3,0,0.05,0.03,0.02,8.8,0.0,0.0,8.8,tierA-a6000-01
MIMIC-IV-CaseStudy,1800000,1800000,Tombstone,bridge,0.3,1,0.05,0.03,0.02,8.8,0.0,0.0,8.8,tierA-a6000-01
MIMIC-IV-CaseStudy,1800000,1800000,Tombstone,bridge,0.3,2,0.05,0.03,0.02,8.8,0.0,0.0,8.8,tierA-a6000-01
MIMIC-IV-CaseStudy,1800000,1800000,Tombstone,bridge,0.3,3,0.05,0.03,0.02,8.8,0.0,0.0,8.8,tierA-a6000-01
MIMIC-IV-CaseStudy,1800000,1800000,Tombstone,bridge,0.3,4,0.05,0.03,0.02,8.8,0.0,0.0,8.8,tierA-a6000-01
MIMIC-IV-CaseStudy,1800000,1800000,Tombstone,bridge,0.4,0,0.05,0.03,0.02,8.8,0.0,0.0,8.8,tierA-a6000-01
MIMIC-IV-CaseStudy,1800000,1800000,Tombstone,bridge,0.4,1,0.05,0.03,0.02,8.8,0.0,0.0,8.8,tierA-a6000-01
MIMIC-IV-CaseStudy,1800000,1800000,Tombstone,bridge,0.4,2,0.05,0.03,0.02,8.8,0.0,0.0,8.8,tierA-a6000-01
MIMIC-IV-CaseStudy,1800000,1800000,Tombstone,bridge,0.4,3,0.05,0.03,0.02,8.8,0.0,0.0,8.8,tierA-a6000-01
MIMIC-IV-CaseStudy,1800000,1800000,Tombstone,bridge,0.4,4,0.05,0.03,0.02,8.8,0.0,0.0,8.8,tierA-a6000-01
MIMIC-IV-CaseStudy,1800000,1800000,Tombstone,bridge,0.5,0,0.05,0.03,0.02,8.8,0.0,0.0,8.8,tierA-a6000-01
MIMIC-IV-CaseStudy,1800000,1800000,Tombstone,bridge,0.5,1,0.05,0.03,0.02,8.8,0.0,0.0,8.8,tierA-a6000-01
MIMIC-IV-CaseStudy,1800000,1800000,Tombstone,bridge,0.5,2,0.05,0.03,0.02,8.8,0.0,0.0,8.8,tierA-a6000-01
MIMIC-IV-CaseStudy,1800000,1800000,Tombstone,bridge,0.5,3,0.05,0.03,0.02,8.8,0.0,0.0,8.8,tierA-a6000-01
MIMIC-IV-CaseStudy,1800000,1800000,Tombstone,bridge,0.5,4,0.05,0.03,0.02,8.8,0.0,0.0,8.8,tierA-a6000-01
MIMIC-IV-CaseStudy,1800000,1800000,Post-filter,random,0.0,0,0.05,0.03,0.02,8.8,0.0,0.0,8.8,tierA-a6000-01
MIMIC-IV-CaseStudy,1800000,1800000,Post-filter,random,0.0,1,0.05,0.03,0.02,8.8,0.0,0.0,8.8,tierA-a6000-01
MIMIC-IV-CaseStudy,1800000,1800000,Post-filter,random,0.0,2,0.05,0.03,0.02,8.8,0.0,0.0,8.8,tierA-a6000-01
MIMIC-IV-CaseStudy,1800000,1800000,Post-filter,random,0.0,3,0.05,0.03,0.02,8.8,0.0,0.0,8.8,tierA-a6000-01
MIMIC-IV-CaseStudy,1800000,1800000,Post-filter,random,0.0,4,0.05,0.03,0.02,8.8,0.0,0.0,8.8,tierA-a6000-01
MIMIC-IV-CaseStudy,1800000,1800000,Post-filter,random,0.1,0,0.05,0.03,0.02,8.8,0.0,0.0,8.8,tierA-a6000-01
MIMIC-IV-CaseStudy,1800000,1800000,Post-filter,random,0.1,1,0.05,0.03,0.02,8.8,0.0,0.0,8.8,tierA-a6000-01
MIMIC-IV-CaseStudy,1800000,1800000,Post-filter,random,0.1,2,0.05,0.03,0.02,8.8,0.0,0.0,8.8,tierA-a6000-01
MIMIC-IV-CaseStudy,1800000,1800000,Post-filter,random,0.1,3,0.05,0.03,0.02,8.8,0.0,0.0,8.8,tierA-a6000-01
MIMIC-IV-CaseStudy,1800000,1800000,Post-filter,random,0.1,4,0.05,0.03,0.02,8.8,0.0,0.0,8.8,tierA-a6000-01
MIMIC-IV-CaseStudy,1800000,1800000,Post-filter,random,0.2,0,0.05,0.03,0.02,8.8,0.0,0.0,8.8,tierA-a6000-01
MIMIC-IV-CaseStudy,1800000,1800000,Post-filter,random,0.2,1,0.05,0.03,0.02,8.8,0.0,0.0,8.8,tierA-a6000-01
MIMIC-IV-CaseStudy,1800000,1800000,Post-filter,random,0.2,2,0.05,0.03,0.02,8.8,0.0,0.0,8.8,tierA-a6000-01
MIMIC-IV-CaseStudy,1800000,1800000,Post-filter,random,0.2,3,0.05,0.03,0.02,8.8,0.0,0.0,8.8,tierA-a6000-01
MIMIC-IV-CaseStudy,1800000,1800000,Post-filter,random,0.2,4,0.05,0.03,0.02,8.8,0.0,0.0,8.8,tierA-a6000-01
MIMIC-IV-CaseStudy,1800000,1800000,Post-filter,random,0.3,0,0.05,0.03,0.02,8.8,0.0,0.0,8.8,tierA-a6000-01
MIMIC-IV-CaseStudy,1800000,1800000,Post-filter,random,0.3,1,0.05,0.03,0.02,8.8,0.0,0.0,8.8,tierA-a6000-01
MIMIC-IV-CaseStudy,1800000,1800000,Post-filter,random,0.3,2,0.05,0.03,0.02,8.8,0.0,0.0,8.8,tierA-a6000-01
MIMIC-IV-CaseStudy,1800000,1800000,Post-filter,random,0.3,3,0.05,0.03,0.02,8.8,0.0,0.0,8.8,tierA-a6000-01
MIMIC-IV-CaseStudy,1800000,1800000,Post-filter,random,0.3,4,0.05,0.03,0.02,8.8,0.0,0.0,8.8,tierA-a6000-01
MIMIC-IV-CaseStudy,1800000,1800000,Post-filter,random,0.4,0,0.05,0.03,0.02,8.8,0.0,0.0,8.8,tierA-a6000-01
MIMIC-IV-CaseStudy,1800000,1800000,Post-filter,random,0.4,1,0.05,0.03,0.02,8.8,0.0,0.0,8.8,tierA-a6000-01
MIMIC-IV-CaseStudy,1800000,1800000,Post-filter,random,0.4,2,0.05,0.03,0.02,8.8,0.0,0.0,8.8,tierA-a6000-01
MIMIC-IV-CaseStudy,1800000,1800000,Post-filter,random,0.4,3,0.05,0.03,0.02,8.8,0.0,0.0,8.8,tierA-a6000-01
MIMIC-IV-CaseStudy,1800000,1800000,Post-filter,random,0.4,4,0.05,0.03,0.02,8.8,0.0,0.0,8.8,tierA-a6000-01
MIMIC-IV-CaseStudy,1800000,1800000,Post-filter,random,0.5,0,0.05,0.03,0.02,8.8,0.0,0.0,8.8,tierA-a6000-01
MIMIC-IV-CaseStudy,1800000,1800000,Post-filter,random,0.5,1,0.05,0.03,0.02,8.8,0.0,0.0,8.8,tierA-a6000-01
MIMIC-IV-CaseStudy,1800000,1800000,Post-filter,random,0.5,2,0.05,0.03,0.02,8.8,0.0,0.0,8.8,tierA-a6000-01
MIMIC-IV-CaseStudy,1800000,1800000,Post-filter,random,0.5,3,0.05,0.03,0.02,8.8,0.0,0.0,8.8,tierA-a6000-01
MIMIC-IV-CaseStudy,1800000,1800000,Post-filter,random,0.5,4,0.05,0.03,0.02,8.8,0.0,0.0,8.8,tierA-a6000-01
MIMIC-IV-CaseStudy,1800000,1800000,Post-filter,hub,0.0,0,0.05,0.03,0.02,8.8,0.0,0.0,8.8,tierA-a6000-01
MIMIC-IV-CaseStudy,1800000,1800000,Post-filter,hub,0.0,1,0.05,0.03,0.02,8.8,0.0,0.0,8.8,tierA-a6000-01
MIMIC-IV-CaseStudy,1800000,1800000,Post-filter,hub,0.0,2,0.05,0.03,0.02,8.8,0.0,0.0,8.8,tierA-a6000-01
MIMIC-IV-CaseStudy,1800000,1800000,Post-filter,hub,0.0,3,0.05,0.03,0.02,8.8,0.0,0.0,8.8,tierA-a6000-01
MIMIC-IV-CaseStudy,1800000,1800000,Post-filter,hub,0.0,4,0.05,0.03,0.02,8.8,0.0,0.0,8.8,tierA-a6000-01
MIMIC-IV-CaseStudy,1800000,1800000,Post-filter,hub,0.1,0,0.05,0.03,0.02,8.8,0.0,0.0,8.8,tierA-a6000-01
MIMIC-IV-CaseStudy,1800000,1800000,Post-filter,hub,0.1,1,0.05,0.03,0.02,8.8,0.0,0.0,8.8,tierA-a6000-01
MIMIC-IV-CaseStudy,1800000,1800000,Post-filter,hub,0.1,2,0.05,0.03,0.02,8.8,0.0,0.0,8.8,tierA-a6000-01
MIMIC-IV-CaseStudy,1800000,1800000,Post-filter,hub,0.1,3,0.05,0.03,0.02,8.8,0.0,0.0,8.8,tierA-a6000-01
MIMIC-IV-CaseStudy,1800000,1800000,Post-filter,hub,0.1,4,0.05,0.03,0.02,8.8,0.0,0.0,8.8,tierA-a6000-01
MIMIC-IV-CaseStudy,1800000,1800000,Post-filter,hub,0.2,0,0.05,0.03,0.02,8.8,0.0,0.0,8.8,tierA-a6000-01
MIMIC-IV-CaseStudy,1800000,1800000,Post-filter,hub,0.2,1,0.05,0.03,0.02,8.8,0.0,0.0,8.8,tierA-a6000-01
MIMIC-IV-CaseStudy,1800000,1800000,Post-filter,hub,0.2,2,0.05,0.03,0.02,8.8,0.0,0.0,8.8,tierA-a6000-01
MIMIC-IV-CaseStudy,1800000,1800000,Post-filter,hub,0.2,3,0.05,0.03,0.02,8.8,0.0,0.0,8.8,tierA-a6000-01
MIMIC-IV-CaseStudy,1800000,1800000,Post-filter,hub,0.2,4,0.05,0.03,0.02,8.8,0.0,0.0,8.8,tierA-a6000-01
MIMIC-IV-CaseStudy,1800000,1800000,Post-filter,hub,0.3,0,0.05,0.03,0.02,8.8,0.0,0.0,8.8,tierA-a6000-01
MIMIC-IV-CaseStudy,1800000,1800000,Post-filter,hub,0.3,1,0.05,0.03,0.02,8.8,0.0,0.0,8.8,tierA-a6000-01
MIMIC-IV-CaseStudy,1800000,1800000,Post-filter,hub,0.3,2,0.05,0.03,0.02,8.8,0.0,0.0,8.8,tierA-a6000-01
MIMIC-IV-CaseStudy,1800000,1800000,Post-filter,hub,0.3,3,0.05,0.03,0.02,8.8,0.0,0.0,8.8,tierA-a6000-01
MIMIC-IV-CaseStudy,1800000,1800000,Post-filter,hub,0.3,4,0.05,0.03,0.02,8.8,0.0,0.0,8.8,tierA-a6000-01
MIMIC-IV-CaseStudy,1800000,1800000,Post-filter,hub,0.4,0,0.05,0.03,0.02,8.8,0.0,0.0,8.8,tierA-a6000-01
MIMIC-IV-CaseStudy,1800000,1800000,Post-filter,hub,0.4,1,0.05,0.03,0.02,8.8,0.0,0.0,8.8,tierA-a6000-01
MIMIC-IV-CaseStudy,1800000,1800000,Post-filter,hub,0.4,2,0.05,0.03,0.02,8.8,0.0,0.0,8.8,tierA-a6000-01
MIMIC-IV-CaseStudy,1800000,1800000,Post-filter,hub,0.4,3,0.05,0.03,0.02,8.8,0.0,0.0,8.8,tierA-a6000-01
MIMIC-IV-CaseStudy,1800000,1800000,Post-filter,hub,0.4,4,0.05,0.03,0.02,8.8,0.0,0.0,8.8,tierA-a6000-01
MIMIC-IV-CaseStudy,1800000,1800000,Post-filter,hub,0.5,0,0.05,0.03,0.02,8.8,0.0,0.0,8.8,tierA-a6000-01
MIMIC-IV-CaseStudy,1800000,1800000,Post-filter,hub,0.5,1,0.05,0.03,0.02,8.8,0.0,0.0,8.8,tierA-a6000-01
MIMIC-IV-CaseStudy,1800000,1800000,Post-filter,hub,0.5,2,0.05,0.03,0.02,8.8,0.0,0.0,8.8,tierA-a6000-01
MIMIC-IV-CaseStudy,1800000,1800000,Post-filter,hub,0.5,3,0.05,0.03,0.02,8.8,0.0,0.0,8.8,tierA-a6000-01
MIMIC-IV-CaseStudy,1800000,1800000,Post-filter,hub,0.5,4,0.05,0.03,0.02,8.8,0.0,0.0,8.8,tierA-a6000-01
MIMIC-IV-CaseStudy,1800000,1800000,Post-filter,cluster,0.0,0,0.05,0.03,0.02,8.8,0.0,0.0,8.8,tierA-a6000-01
MIMIC-IV-CaseStudy,1800000,1800000,Post-filter,cluster,0.0,1,0.05,0.03,0.02,8.8,0.0,0.0,8.8,tierA-a6000-01
MIMIC-IV-CaseStudy,1800000,1800000,Post-filter,cluster,0.0,2,0.05,0.03,0.02,8.8,0.0,0.0,8.8,tierA-a6000-01
MIMIC-IV-CaseStudy,1800000,1800000,Post-filter,cluster,0.0,3,0.05,0.03,0.02,8.8,0.0,0.0,8.8,tierA-a6000-01
MIMIC-IV-CaseStudy,1800000,1800000,Post-filter,cluster,0.0,4,0.05,0.03,0.02,8.8,0.0,0.0,8.8,tierA-a6000-01
MIMIC-IV-CaseStudy,1800000,1800000,Post-filter,cluster,0.1,0,0.05,0.03,0.02,8.8,0.0,0.0,8.8,tierA-a6000-01
MIMIC-IV-CaseStudy,1800000,1800000,Post-filter,cluster,0.1,1,0.05,0.03,0.02,8.8,0.0,0.0,8.8,tierA-a6000-01
MIMIC-IV-CaseStudy,1800000,1800000,Post-filter,cluster,0.1,2,0.05,0.03,0.02,8.8,0.0,0.0,8.8,tierA-a6000-01
MIMIC-IV-CaseStudy,1800000,1800000,Post-filter,cluster,0.1,3,0.05,0.03,0.02,8.8,0.0,0.0,8.8,tierA-a6000-01
MIMIC-IV-CaseStudy,1800000,1800000,Post-filter,cluster,0.1,4,0.05,0.03,0.02,8.8,0.0,0.0,8.8,tierA-a6000-01
MIMIC-IV-CaseStudy,1800000,1800000,Post-filter,cluster,0.2,0,0.05,0.03,0.02,8.8,0.0,0.0,8.8,tierA-a6000-01
MIMIC-IV-CaseStudy,1800000,1800000,Post-filter,cluster,0.2,1,0.05,0.03,0.02,8.8,0.0,0.0,8.8,tierA-a6000-01
MIMIC-IV-CaseStudy,1800000,1800000,Post-filter,cluster,0.2,2,0.05,0.03,0.02,8.8,0.0,0.0,8.8,tierA-a6000-01
MIMIC-IV-CaseStudy,1800000,1800000,Post-filter,cluster,0.2,3,0.05,0.03,0.02,8.8,0.0,0.0,8.8,tierA-a6000-01
MIMIC-IV-CaseStudy,1800000,1800000,Post-filter,cluster,0.2,4,0.05,0.03,0.02,8.8,0.0,0.0,8.8,tierA-a6000-01
MIMIC-IV-CaseStudy,1800000,1800000,Post-filter,cluster,0.3,0,0.05,0.03,0.02,8.8,0.0,0.0,8.8,tierA-a6000-01
MIMIC-IV-CaseStudy,1800000,1800000,Post-filter,cluster,0.3,1,0.05,0.03,0.02,8.8,0.0,0.0,8.8,tierA-a6000-01
MIMIC-IV-CaseStudy,1800000,1800000,Post-filter,cluster,0.3,2,0.05,0.03,0.02,8.8,0.0,0.0,8.8,tierA-a6000-01
MIMIC-IV-CaseStudy,1800000,1800000,Post-filter,cluster,0.3,3,0.05,0.03,0.02,8.8,0.0,0.0,8.8,tierA-a6000-01
MIMIC-IV-CaseStudy,1800000,1800000,Post-filter,cluster,0.3,4,0.05,0.03,0.02,8.8,0.0,0.0,8.8,tierA-a6000-01
MIMIC-IV-CaseStudy,1800000,1800000,Post-filter,cluster,0.4,0,0.05,0.03,0.02,8.8,0.0,0.0,8.8,tierA-a6000-01
MIMIC-IV-CaseStudy,1800000,1800000,Post-filter,cluster,0.4,1,0.05,0.03,0.02,8.8,0.0,0.0,8.8,tierA-a6000-01
MIMIC-IV-CaseStudy,1800000,1800000,Post-filter,cluster,0.4,2,0.05,0.03,0.02,8.8,0.0,0.0,8.8,tierA-a6000-01
MIMIC-IV-CaseStudy,1800000,1800000,Post-filter,cluster,0.4,3,0.05,0.03,0.02,8.8,0.0,0.0,8.8,tierA-a6000-01
MIMIC-IV-CaseStudy,1800000,1800000,Post-filter,cluster,0.4,4,0.05,0.03,0.02,8.8,0.0,0.0,8.8,tierA-a6000-01
MIMIC-IV-CaseStudy,1800000,1800000,Post-filter,cluster,0.5,0,0.05,0.03,0.02,8.8,0.0,0.0,8.8,tierA-a6000-01
MIMIC-IV-CaseStudy,1800000,1800000,Post-filter,cluster,0.5,1,0.05,0.03,0.02,8.8,0.0,0.0,8.8,tierA-a6000-01
MIMIC-IV-CaseStudy,1800000,1800000,Post-filter,cluster,0.5,2,0.05,0.03,0.02,8.8,0.0,0.0,8.8,tierA-a6000-01
MIMIC-IV-CaseStudy,1800000,1800000,Post-filter,cluster,0.5,3,0.05,0.03,0.02,8.8,0.0,0.0,8.8,tierA-a6000-01
MIMIC-IV-CaseStudy,1800000,1800000,Post-filter,cluster,0.5,4,0.05,0.03,0.02,8.8,0.0,0.0,8.8,tierA-a6000-01
MIMIC-IV-CaseStudy,1800000,1800000,Post-filter,bridge,0.0,0,0.05,0.03,0.02,8.8,0.0,0.0,8.8,tierA-a6000-01
MIMIC-IV-CaseStudy,1800000,1800000,Post-filter,bridge,0.0,1,0.05,0.03,0.02,8.8,0.0,0.0,8.8,tierA-a6000-01
MIMIC-IV-CaseStudy,1800000,1800000,Post-filter,bridge,0.0,2,0.05,0.03,0.02,8.8,0.0,0.0,8.8,tierA-a6000-01
MIMIC-IV-CaseStudy,1800000,1800000,Post-filter,bridge,0.0,3,0.05,0.03,0.02,8.8,0.0,0.0,8.8,tierA-a6000-01
MIMIC-IV-CaseStudy,1800000,1800000,Post-filter,bridge,0.0,4,0.05,0.03,0.02,8.8,0.0,0.0,8.8,tierA-a6000-01
MIMIC-IV-CaseStudy,1800000,1800000,Post-filter,bridge,0.1,0,0.05,0.03,0.02,8.8,0.0,0.0,8.8,tierA-a6000-01
MIMIC-IV-CaseStudy,1800000,1800000,Post-filter,bridge,0.1,1,0.05,0.03,0.02,8.8,0.0,0.0,8.8,tierA-a6000-01
MIMIC-IV-CaseStudy,1800000,1800000,Post-filter,bridge,0.1,2,0.05,0.03,0.02,8.8,0.0,0.0,8.8,tierA-a6000-01
MIMIC-IV-CaseStudy,1800000,1800000,Post-filter,bridge,0.1,3,0.05,0.03,0.02,8.8,0.0,0.0,8.8,tierA-a6000-01
MIMIC-IV-CaseStudy,1800000,1800000,Post-filter,bridge,0.1,4,0.05,0.03,0.02,8.8,0.0,0.0,8.8,tierA-a6000-01
MIMIC-IV-CaseStudy,1800000,1800000,Post-filter,bridge,0.2,0,0.05,0.03,0.02,8.8,0.0,0.0,8.8,tierA-a6000-01
MIMIC-IV-CaseStudy,1800000,1800000,Post-filter,bridge,0.2,1,0.05,0.03,0.02,8.8,0.0,0.0,8.8,tierA-a6000-01
MIMIC-IV-CaseStudy,1800000,1800000,Post-filter,bridge,0.2,2,0.05,0.03,0.02,8.8,0.0,0.0,8.8,tierA-a6000-01
MIMIC-IV-CaseStudy,1800000,1800000,Post-filter,bridge,0.2,3,0.05,0.03,0.02,8.8,0.0,0.0,8.8,tierA-a6000-01
MIMIC-IV-CaseStudy,1800000,1800000,Post-filter,bridge,0.2,4,0.05,0.03,0.02,8.8,0.0,0.0,8.8,tierA-a6000-01
MIMIC-IV-CaseStudy,1800000,1800000,Post-filter,bridge,0.3,0,0.05,0.03,0.02,8.8,0.0,0.0,8.8,tierA-a6000-01
MIMIC-IV-CaseStudy,1800000,1800000,Post-filter,bridge,0.3,1,0.05,0.03,0.02,8.8,0.0,0.0,8.8,tierA-a6000-01
MIMIC-IV-CaseStudy,1800000,1800000,Post-filter,bridge,0.3,2,0.05,0.03,0.02,8.8,0.0,0.0,8.8,tierA-a6000-01
MIMIC-IV-CaseStudy,1800000,1800000,Post-filter,bridge,0.3,3,0.05,0.03,0.02,8.8,0.0,0.0,8.8,tierA-a6000-01
MIMIC-IV-CaseStudy,1800000,1800000,Post-filter,bridge,0.3,4,0.05,0.03,0.02,8.8,0.0,0.0,8.8,tierA-a6000-01
MIMIC-IV-CaseStudy,1800000,1800000,Post-filter,bridge,0.4,0,0.05,0.03,0.02,8.8,0.0,0.0,8.8,tierA-a6000-01
MIMIC-IV-CaseStudy,1800000,1800000,Post-filter,bridge,0.4,1,0.05,0.03,0.02,8.8,0.0,0.0,8.8,tierA-a6000-01
MIMIC-IV-CaseStudy,1800000,1800000,Post-filter,bridge,0.4,2,0.05,0.03,0.02,8.8,0.0,0.0,8.8,tierA-a6000-01
MIMIC-IV-CaseStudy,1800000,1800000,Post-filter,bridge,0.4,3,0.05,0.03,0.02,8.8,0.0,0.0,8.8,tierA-a6000-01
MIMIC-IV-CaseStudy,1800000,1800000,Post-filter,bridge,0.4,4,0.05,0.03,0.02,8.8,0.0,0.0,8.8,tierA-a6000-01
MIMIC-IV-CaseStudy,1800000,1800000,Post-filter,bridge,0.5,0,0.05,0.03,0.02,8.8,0.0,0.0,8.8,tierA-a6000-01
MIMIC-IV-CaseStudy,1800000,1800000,Post-filter,bridge,0.5,1,0.05,0.03,0.02,8.8,0.0,0.0,8.8,tierA-a6000-01
MIMIC-IV-CaseStudy,1800000,1800000,Post-filter,bridge,0.5,2,0.05,0.03,0.02,8.8,0.0,0.0,8.8,tierA-a6000-01
MIMIC-IV-CaseStudy,1800000,1800000,Post-filter,bridge,0.5,3,0.05,0.03,0.02,8.8,0.0,0.0,8.8,tierA-a6000-01
MIMIC-IV-CaseStudy,1800000,1800000,Post-filter,bridge,0.5,4,0.05,0.03,0.02,8.8,0.0,0.0,8.8,tierA-a6000-01
MIMIC-IV-CaseStudy,1800000,1800000,Lethe,random,0.0,0,0.32,0.36,0.22,8.8,0.13,0.03,9.856,tierA-a6000-01
MIMIC-IV-CaseStudy,1800000,1800000,Lethe,random,0.0,1,0.32,0.36,0.22,8.8,0.13,0.03,9.856,tierA-a6000-01
MIMIC-IV-CaseStudy,1800000,1800000,Lethe,random,0.0,2,0.32,0.36,0.22,8.8,0.13,0.03,9.856,tierA-a6000-01
MIMIC-IV-CaseStudy,1800000,1800000,Lethe,random,0.0,3,0.32,0.36,0.22,8.8,0.13,0.03,9.856,tierA-a6000-01
MIMIC-IV-CaseStudy,1800000,1800000,Lethe,random,0.0,4,0.32,0.36,0.22,8.8,0.13,0.03,9.856,tierA-a6000-01
MIMIC-IV-CaseStudy,1800000,1800000,Lethe,random,0.1,0,0.32,0.36,0.22,8.8,0.13,0.03,9.856,tierA-a6000-01
MIMIC-IV-CaseStudy,1800000,1800000,Lethe,random,0.1,1,0.32,0.36,0.22,8.8,0.13,0.03,9.856,tierA-a6000-01
MIMIC-IV-CaseStudy,1800000,1800000,Lethe,random,0.1,2,0.32,0.36,0.22,8.8,0.13,0.03,9.856,tierA-a6000-01
MIMIC-IV-CaseStudy,1800000,1800000,Lethe,random,0.1,3,0.32,0.36,0.22,8.8,0.13,0.03,9.856,tierA-a6000-01
MIMIC-IV-CaseStudy,1800000,1800000,Lethe,random,0.1,4,0.32,0.36,0.22,8.8,0.13,0.03,9.856,tierA-a6000-01
MIMIC-IV-CaseStudy,1800000,1800000,Lethe,random,0.2,0,0.32,0.36,0.22,8.8,0.13,0.03,9.856,tierA-a6000-01
MIMIC-IV-CaseStudy,1800000,1800000,Lethe,random,0.2,1,0.32,0.36,0.22,8.8,0.13,0.03,9.856,tierA-a6000-01
MIMIC-IV-CaseStudy,1800000,1800000,Lethe,random,0.2,2,0.32,0.36,0.22,8.8,0.13,0.03,9.856,tierA-a6000-01
MIMIC-IV-CaseStudy,1800000,1800000,Lethe,random,0.2,3,0.32,0.36,0.22,8.8,0.13,0.03,9.856,tierA-a6000-01
MIMIC-IV-CaseStudy,1800000,1800000,Lethe,random,0.2,4,0.32,0.36,0.22,8.8,0.13,0.03,9.856,tierA-a6000-01
MIMIC-IV-CaseStudy,1800000,1800000,Lethe,random,0.3,0,0.32,0.36,0.22,8.8,0.13,0.03,9.856,tierA-a6000-01
MIMIC-IV-CaseStudy,1800000,1800000,Lethe,random,0.3,1,0.32,0.36,0.22,8.8,0.13,0.03,9.856,tierA-a6000-01
MIMIC-IV-CaseStudy,1800000,1800000,Lethe,random,0.3,2,0.32,0.36,0.22,8.8,0.13,0.03,9.856,tierA-a6000-01
MIMIC-IV-CaseStudy,1800000,1800000,Lethe,random,0.3,3,0.32,0.36,0.22,8.8,0.13,0.03,9.856,tierA-a6000-01
MIMIC-IV-CaseStudy,1800000,1800000,Lethe,random,0.3,4,0.32,0.36,0.22,8.8,0.13,0.03,9.856,tierA-a6000-01
MIMIC-IV-CaseStudy,1800000,1800000,Lethe,random,0.4,0,0.32,0.36,0.22,8.8,0.13,0.03,9.856,tierA-a6000-01
MIMIC-IV-CaseStudy,1800000,1800000,Lethe,random,0.4,1,0.32,0.36,0.22,8.8,0.13,0.03,9.856,tierA-a6000-01
MIMIC-IV-CaseStudy,1800000,1800000,Lethe,random,0.4,2,0.32,0.36,0.22,8.8,0.13,0.03,9.856,tierA-a6000-01
MIMIC-IV-CaseStudy,1800000,1800000,Lethe,random,0.4,3,0.32,0.36,0.22,8.8,0.13,0.03,9.856,tierA-a6000-01
MIMIC-IV-CaseStudy,1800000,1800000,Lethe,random,0.4,4,0.32,0.36,0.22,8.8,0.13,0.03,9.856,tierA-a6000-01
MIMIC-IV-CaseStudy,1800000,1800000,Lethe,random,0.5,0,0.32,0.36,0.22,8.8,0.13,0.03,9.856,tierA-a6000-01
MIMIC-IV-CaseStudy,1800000,1800000,Lethe,random,0.5,1,0.32,0.36,0.22,8.8,0.13,0.03,9.856,tierA-a6000-01
MIMIC-IV-CaseStudy,1800000,1800000,Lethe,random,0.5,2,0.32,0.36,0.22,8.8,0.13,0.03,9.856,tierA-a6000-01
MIMIC-IV-CaseStudy,1800000,1800000,Lethe,random,0.5,3,0.32,0.36,0.22,8.8,0.13,0.03,9.856,tierA-a6000-01
MIMIC-IV-CaseStudy,1800000,1800000,Lethe,random,0.5,4,0.32,0.36,0.22,8.8,0.13,0.03,9.856,tierA-a6000-01
MIMIC-IV-CaseStudy,1800000,1800000,Lethe,hub,0.0,0,0.32,0.36,0.22,8.8,0.13,0.03,9.856,tierA-a6000-01
MIMIC-IV-CaseStudy,1800000,1800000,Lethe,hub,0.0,1,0.32,0.36,0.22,8.8,0.13,0.03,9.856,tierA-a6000-01
MIMIC-IV-CaseStudy,1800000,1800000,Lethe,hub,0.0,2,0.32,0.36,0.22,8.8,0.13,0.03,9.856,tierA-a6000-01
MIMIC-IV-CaseStudy,1800000,1800000,Lethe,hub,0.0,3,0.32,0.36,0.22,8.8,0.13,0.03,9.856,tierA-a6000-01
MIMIC-IV-CaseStudy,1800000,1800000,Lethe,hub,0.0,4,0.32,0.36,0.22,8.8,0.13,0.03,9.856,tierA-a6000-01
MIMIC-IV-CaseStudy,1800000,1800000,Lethe,hub,0.1,0,0.32,0.36,0.22,8.8,0.13,0.03,9.856,tierA-a6000-01
MIMIC-IV-CaseStudy,1800000,1800000,Lethe,hub,0.1,1,0.32,0.36,0.22,8.8,0.13,0.03,9.856,tierA-a6000-01
MIMIC-IV-CaseStudy,1800000,1800000,Lethe,hub,0.1,2,0.32,0.36,0.22,8.8,0.13,0.03,9.856,tierA-a6000-01
MIMIC-IV-CaseStudy,1800000,1800000,Lethe,hub,0.1,3,0.32,0.36,0.22,8.8,0.13,0.03,9.856,tierA-a6000-01
MIMIC-IV-CaseStudy,1800000,1800000,Lethe,hub,0.1,4,0.32,0.36,0.22,8.8,0.13,0.03,9.856,tierA-a6000-01
MIMIC-IV-CaseStudy,1800000,1800000,Lethe,hub,0.2,0,0.32,0.36,0.22,8.8,0.13,0.03,9.856,tierA-a6000-01
MIMIC-IV-CaseStudy,1800000,1800000,Lethe,hub,0.2,1,0.32,0.36,0.22,8.8,0.13,0.03,9.856,tierA-a6000-01
MIMIC-IV-CaseStudy,1800000,1800000,Lethe,hub,0.2,2,0.32,0.36,0.22,8.8,0.13,0.03,9.856,tierA-a6000-01
MIMIC-IV-CaseStudy,1800000,1800000,Lethe,hub,0.2,3,0.32,0.36,0.22,8.8,0.13,0.03,9.856,tierA-a6000-01
MIMIC-IV-CaseStudy,1800000,1800000,Lethe,hub,0.2,4,0.32,0.36,0.22,8.8,0.13,0.03,9.856,tierA-a6000-01
MIMIC-IV-CaseStudy,1800000,1800000,Lethe,hub,0.3,0,0.32,0.36,0.22,8.8,0.13,0.03,9.856,tierA-a6000-01
MIMIC-IV-CaseStudy,1800000,1800000,Lethe,hub,0.3,1,0.32,0.36,0.22,8.8,0.13,0.03,9.856,tierA-a6000-01
MIMIC-IV-CaseStudy,1800000,1800000,Lethe,hub,0.3,2,0.32,0.36,0.22,8.8,0.13,0.03,9.856,tierA-a6000-01
MIMIC-IV-CaseStudy,1800000,1800000,Lethe,hub,0.3,3,0.32,0.36,0.22,8.8,0.13,0.03,9.856,tierA-a6000-01
MIMIC-IV-CaseStudy,1800000,1800000,Lethe,hub,0.3,4,0.32,0.36,0.22,8.8,0.13,0.03,9.856,tierA-a6000-01
MIMIC-IV-CaseStudy,1800000,1800000,Lethe,hub,0.4,0,0.32,0.36,0.22,8.8,0.13,0.03,9.856,tierA-a6000-01
MIMIC-IV-CaseStudy,1800000,1800000,Lethe,hub,0.4,1,0.32,0.36,0.22,8.8,0.13,0.03,9.856,tierA-a6000-01
MIMIC-IV-CaseStudy,1800000,1800000,Lethe,hub,0.4,2,0.32,0.36,0.22,8.8,0.13,0.03,9.856,tierA-a6000-01
MIMIC-IV-CaseStudy,1800000,1800000,Lethe,hub,0.4,3,0.32,0.36,0.22,8.8,0.13,0.03,9.856,tierA-a6000-01
MIMIC-IV-CaseStudy,1800000,1800000,Lethe,hub,0.4,4,0.32,0.36,0.22,8.8,0.13,0.03,9.856,tierA-a6000-01
MIMIC-IV-CaseStudy,1800000,1800000,Lethe,hub,0.5,0,0.32,0.36,0.22,8.8,0.13,0.03,9.856,tierA-a6000-01
MIMIC-IV-CaseStudy,1800000,1800000,Lethe,hub,0.5,1,0.32,0.36,0.22,8.8,0.13,0.03,9.856,tierA-a6000-01
MIMIC-IV-CaseStudy,1800000,1800000,Lethe,hub,0.5,2,0.32,0.36,0.22,8.8,0.13,0.03,9.856,tierA-a6000-01
MIMIC-IV-CaseStudy,1800000,1800000,Lethe,hub,0.5,3,0.32,0.36,0.22,8.8,0.13,0.03,9.856,tierA-a6000-01
MIMIC-IV-CaseStudy,1800000,1800000,Lethe,hub,0.5,4,0.32,0.36,0.22,8.8,0.13,0.03,9.856,tierA-a6000-01
MIMIC-IV-CaseStudy,1800000,1800000,Lethe,cluster,0.0,0,0.32,0.36,0.22,8.8,0.13,0.03,9.856,tierA-a6000-01
MIMIC-IV-CaseStudy,1800000,1800000,Lethe,cluster,0.0,1,0.32,0.36,0.22,8.8,0.13,0.03,9.856,tierA-a6000-01
MIMIC-IV-CaseStudy,1800000,1800000,Lethe,cluster,0.0,2,0.32,0.36,0.22,8.8,0.13,0.03,9.856,tierA-a6000-01
MIMIC-IV-CaseStudy,1800000,1800000,Lethe,cluster,0.0,3,0.32,0.36,0.22,8.8,0.13,0.03,9.856,tierA-a6000-01
MIMIC-IV-CaseStudy,1800000,1800000,Lethe,cluster,0.0,4,0.32,0.36,0.22,8.8,0.13,0.03,9.856,tierA-a6000-01
MIMIC-IV-CaseStudy,1800000,1800000,Lethe,cluster,0.1,0,0.32,0.36,0.22,8.8,0.13,0.03,9.856,tierA-a6000-01
MIMIC-IV-CaseStudy,1800000,1800000,Lethe,cluster,0.1,1,0.32,0.36,0.22,8.8,0.13,0.03,9.856,tierA-a6000-01
MIMIC-IV-CaseStudy,1800000,1800000,Lethe,cluster,0.1,2,0.32,0.36,0.22,8.8,0.13,0.03,9.856,tierA-a6000-01
MIMIC-IV-CaseStudy,1800000,1800000,Lethe,cluster,0.1,3,0.32,0.36,0.22,8.8,0.13,0.03,9.856,tierA-a6000-01
MIMIC-IV-CaseStudy,1800000,1800000,Lethe,cluster,0.1,4,0.32,0.36,0.22,8.8,0.13,0.03,9.856,tierA-a6000-01
MIMIC-IV-CaseStudy,1800000,1800000,Lethe,cluster,0.2,0,0.32,0.36,0.22,8.8,0.13,0.03,9.856,tierA-a6000-01
MIMIC-IV-CaseStudy,1800000,1800000,Lethe,cluster,0.2,1,0.32,0.36,0.22,8.8,0.13,0.03,9.856,tierA-a6000-01
MIMIC-IV-CaseStudy,1800000,1800000,Lethe,cluster,0.2,2,0.32,0.36,0.22,8.8,0.13,0.03,9.856,tierA-a6000-01
MIMIC-IV-CaseStudy,1800000,1800000,Lethe,cluster,0.2,3,0.32,0.36,0.22,8.8,0.13,0.03,9.856,tierA-a6000-01
MIMIC-IV-CaseStudy,1800000,1800000,Lethe,cluster,0.2,4,0.32,0.36,0.22,8.8,0.13,0.03,9.856,tierA-a6000-01
MIMIC-IV-CaseStudy,1800000,1800000,Lethe,cluster,0.3,0,0.32,0.36,0.22,8.8,0.13,0.03,9.856,tierA-a6000-01
MIMIC-IV-CaseStudy,1800000,1800000,Lethe,cluster,0.3,1,0.32,0.36,0.22,8.8,0.13,0.03,9.856,tierA-a6000-01
MIMIC-IV-CaseStudy,1800000,1800000,Lethe,cluster,0.3,2,0.32,0.36,0.22,8.8,0.13,0.03,9.856,tierA-a6000-01
MIMIC-IV-CaseStudy,1800000,1800000,Lethe,cluster,0.3,3,0.32,0.36,0.22,8.8,0.13,0.03,9.856,tierA-a6000-01
MIMIC-IV-CaseStudy,1800000,1800000,Lethe,cluster,0.3,4,0.32,0.36,0.22,8.8,0.13,0.03,9.856,tierA-a6000-01
MIMIC-IV-CaseStudy,1800000,1800000,Lethe,cluster,0.4,0,0.32,0.36,0.22,8.8,0.13,0.03,9.856,tierA-a6000-01
MIMIC-IV-CaseStudy,1800000,1800000,Lethe,cluster,0.4,1,0.32,0.36,0.22,8.8,0.13,0.03,9.856,tierA-a6000-01
MIMIC-IV-CaseStudy,1800000,1800000,Lethe,cluster,0.4,2,0.32,0.36,0.22,8.8,0.13,0.03,9.856,tierA-a6000-01
MIMIC-IV-CaseStudy,1800000,1800000,Lethe,cluster,0.4,3,0.32,0.36,0.22,8.8,0.13,0.03,9.856,tierA-a6000-01
MIMIC-IV-CaseStudy,1800000,1800000,Lethe,cluster,0.4,4,0.32,0.36,0.22,8.8,0.13,0.03,9.856,tierA-a6000-01
MIMIC-IV-CaseStudy,1800000,1800000,Lethe,cluster,0.5,0,0.32,0.36,0.22,8.8,0.13,0.03,9.856,tierA-a6000-01
MIMIC-IV-CaseStudy,1800000,1800000,Lethe,cluster,0.5,1,0.32,0.36,0.22,8.8,0.13,0.03,9.856,tierA-a6000-01
MIMIC-IV-CaseStudy,1800000,1800000,Lethe,cluster,0.5,2,0.32,0.36,0.22,8.8,0.13,0.03,9.856,tierA-a6000-01
MIMIC-IV-CaseStudy,1800000,1800000,Lethe,cluster,0.5,3,0.32,0.36,0.22,8.8,0.13,0.03,9.856,tierA-a6000-01
MIMIC-IV-CaseStudy,1800000,1800000,Lethe,cluster,0.5,4,0.32,0.36,0.22,8.8,0.13,0.03,9.856,tierA-a6000-01
MIMIC-IV-CaseStudy,1800000,1800000,Lethe,bridge,0.0,0,0.32,0.36,0.22,8.8,0.13,0.03,9.856,tierA-a6000-01
MIMIC-IV-CaseStudy,1800000,1800000,Lethe,bridge,0.0,1,0.32,0.36,0.22,8.8,0.13,0.03,9.856,tierA-a6000-01
MIMIC-IV-CaseStudy,1800000,1800000,Lethe,bridge,0.0,2,0.32,0.36,0.22,8.8,0.13,0.03,9.856,tierA-a6000-01
MIMIC-IV-CaseStudy,1800000,1800000,Lethe,bridge,0.0,3,0.32,0.36,0.22,8.8,0.13,0.03,9.856,tierA-a6000-01
MIMIC-IV-CaseStudy,1800000,1800000,Lethe,bridge,0.0,4,0.32,0.36,0.22,8.8,0.13,0.03,9.856,tierA-a6000-01
MIMIC-IV-CaseStudy,1800000,1800000,Lethe,bridge,0.1,0,0.32,0.36,0.22,8.8,0.13,0.03,9.856,tierA-a6000-01
MIMIC-IV-CaseStudy,1800000,1800000,Lethe,bridge,0.1,1,0.32,0.36,0.22,8.8,0.13,0.03,9.856,tierA-a6000-01
MIMIC-IV-CaseStudy,1800000,1800000,Lethe,bridge,0.1,2,0.32,0.36,0.22,8.8,0.13,0.03,9.856,tierA-a6000-01
MIMIC-IV-CaseStudy,1800000,1800000,Lethe,bridge,0.1,3,0.32,0.36,0.22,8.8,0.13,0.03,9.856,tierA-a6000-01
MIMIC-IV-CaseStudy,1800000,1800000,Lethe,bridge,0.1,4,0.32,0.36,0.22,8.8,0.13,0.03,9.856,tierA-a6000-01
MIMIC-IV-CaseStudy,1800000,1800000,Lethe,bridge,0.2,0,0.32,0.36,0.22,8.8,0.13,0.03,9.856,tierA-a6000-01
MIMIC-IV-CaseStudy,1800000,1800000,Lethe,bridge,0.2,1,0.32,0.36,0.22,8.8,0.13,0.03,9.856,tierA-a6000-01
MIMIC-IV-CaseStudy,1800000,1800000,Lethe,bridge,0.2,2,0.32,0.36,0.22,8.8,0.13,0.03,9.856,tierA-a6000-01
MIMIC-IV-CaseStudy,1800000,1800000,Lethe,bridge,0.2,3,0.32,0.36,0.22,8.8,0.13,0.03,9.856,tierA-a6000-01
MIMIC-IV-CaseStudy,1800000,1800000,Lethe,bridge,0.2,4,0.32,0.36,0.22,8.8,0.13,0.03,9.856,tierA-a6000-01
MIMIC-IV-CaseStudy,1800000,1800000,Lethe,bridge,0.3,0,0.32,0.36,0.22,8.8,0.13,0.03,9.856,tierA-a6000-01
MIMIC-IV-CaseStudy,1800000,1800000,Lethe,bridge,0.3,1,0.32,0.36,0.22,8.8,0.13,0.03,9.856,tierA-a6000-01
MIMIC-IV-CaseStudy,1800000,1800000,Lethe,bridge,0.3,2,0.32,0.36,0.22,8.8,0.13,0.03,9.856,tierA-a6000-01
MIMIC-IV-CaseStudy,1800000,1800000,Lethe,bridge,0.3,3,0.32,0.36,0.22,8.8,0.13,0.03,9.856,tierA-a6000-01
MIMIC-IV-CaseStudy,1800000,1800000,Lethe,bridge,0.3,4,0.32,0.36,0.22,8.8,0.13,0.03,9.856,tierA-a6000-01
MIMIC-IV-CaseStudy,1800000,1800000,Lethe,bridge,0.4,0,0.32,0.36,0.22,8.8,0.13,0.03,9.856,tierA-a6000-01
MIMIC-IV-CaseStudy,1800000,1800000,Lethe,bridge,0.4,1,0.32,0.36,0.22,8.8,0.13,0.03,9.856,tierA-a6000-01
MIMIC-IV-CaseStudy,1800000,1800000,Lethe,bridge,0.4,2,0.32,0.36,0.22,8.8,0.13,0.03,9.856,tierA-a6000-01
MIMIC-IV-CaseStudy,1800000,1800000,Lethe,bridge,0.4,3,0.32,0.36,0.22,8.8,0.13,0.03,9.856,tierA-a6000-01
MIMIC-IV-CaseStudy,1800000,1800000,Lethe,bridge,0.4,4,0.32,0.36,0.22,8.8,0.13,0.03,9.856,tierA-a6000-01
MIMIC-IV-CaseStudy,1800000,1800000,Lethe,bridge,0.5,0,0.32,0.36,0.22,8.8,0.13,0.03,9.856,tierA-a6000-01
MIMIC-IV-CaseStudy,1800000,1800000,Lethe,bridge,0.5,1,0.32,0.36,0.22,8.8,0.13,0.03,9.856,tierA-a6000-01
MIMIC-IV-CaseStudy,1800000,1800000,Lethe,bridge,0.5,2,0.32,0.36,0.22,8.8,0.13,0.03,9.856,tierA-a6000-01
MIMIC-IV-CaseStudy,1800000,1800000,Lethe,bridge,0.5,3,0.32,0.36,0.22,8.8,0.13,0.03,9.856,tierA-a6000-01
MIMIC-IV-CaseStudy,1800000,1800000,Lethe,bridge,0.5,4,0.32,0.36,0.22,8.8,0.13,0.03,9.856,tierA-a6000-01
MIMIC-IV-CaseStudy,1800000,1800000,Physical-delete,random,0.0,0,0.05,0.03,0.02,8.8,0.0,0.0,8.8,tierA-a6000-01
MIMIC-IV-CaseStudy,1800000,1800000,Physical-delete,random,0.0,1,0.05,0.03,0.02,8.8,0.0,0.0,8.8,tierA-a6000-01
MIMIC-IV-CaseStudy,1800000,1800000,Physical-delete,random,0.0,2,0.05,0.03,0.02,8.8,0.0,0.0,8.8,tierA-a6000-01
MIMIC-IV-CaseStudy,1800000,1800000,Physical-delete,random,0.0,3,0.05,0.03,0.02,8.8,0.0,0.0,8.8,tierA-a6000-01
MIMIC-IV-CaseStudy,1800000,1800000,Physical-delete,random,0.0,4,0.05,0.03,0.02,8.8,0.0,0.0,8.8,tierA-a6000-01
MIMIC-IV-CaseStudy,1800000,1800000,Physical-delete,random,0.1,0,0.05,0.03,0.02,8.8,0.0,0.0,8.8,tierA-a6000-01
MIMIC-IV-CaseStudy,1800000,1800000,Physical-delete,random,0.1,1,0.05,0.03,0.02,8.8,0.0,0.0,8.8,tierA-a6000-01
MIMIC-IV-CaseStudy,1800000,1800000,Physical-delete,random,0.1,2,0.05,0.03,0.02,8.8,0.0,0.0,8.8,tierA-a6000-01
MIMIC-IV-CaseStudy,1800000,1800000,Physical-delete,random,0.1,3,0.05,0.03,0.02,8.8,0.0,0.0,8.8,tierA-a6000-01
MIMIC-IV-CaseStudy,1800000,1800000,Physical-delete,random,0.1,4,0.05,0.03,0.02,8.8,0.0,0.0,8.8,tierA-a6000-01
MIMIC-IV-CaseStudy,1800000,1800000,Physical-delete,random,0.2,0,0.05,0.03,0.02,8.8,0.0,0.0,8.8,tierA-a6000-01
MIMIC-IV-CaseStudy,1800000,1800000,Physical-delete,random,0.2,1,0.05,0.03,0.02,8.8,0.0,0.0,8.8,tierA-a6000-01
MIMIC-IV-CaseStudy,1800000,1800000,Physical-delete,random,0.2,2,0.05,0.03,0.02,8.8,0.0,0.0,8.8,tierA-a6000-01
MIMIC-IV-CaseStudy,1800000,1800000,Physical-delete,random,0.2,3,0.05,0.03,0.02,8.8,0.0,0.0,8.8,tierA-a6000-01
MIMIC-IV-CaseStudy,1800000,1800000,Physical-delete,random,0.2,4,0.05,0.03,0.02,8.8,0.0,0.0,8.8,tierA-a6000-01
MIMIC-IV-CaseStudy,1800000,1800000,Physical-delete,random,0.3,0,0.05,0.03,0.02,8.8,0.0,0.0,8.8,tierA-a6000-01
MIMIC-IV-CaseStudy,1800000,1800000,Physical-delete,random,0.3,1,0.05,0.03,0.02,8.8,0.0,0.0,8.8,tierA-a6000-01
MIMIC-IV-CaseStudy,1800000,1800000,Physical-delete,random,0.3,2,0.05,0.03,0.02,8.8,0.0,0.0,8.8,tierA-a6000-01
MIMIC-IV-CaseStudy,1800000,1800000,Physical-delete,random,0.3,3,0.05,0.03,0.02,8.8,0.0,0.0,8.8,tierA-a6000-01
MIMIC-IV-CaseStudy,1800000,1800000,Physical-delete,random,0.3,4,0.05,0.03,0.02,8.8,0.0,0.0,8.8,tierA-a6000-01
MIMIC-IV-CaseStudy,1800000,1800000,Physical-delete,random,0.4,0,0.05,0.03,0.02,8.8,0.0,0.0,8.8,tierA-a6000-01
MIMIC-IV-CaseStudy,1800000,1800000,Physical-delete,random,0.4,1,0.05,0.03,0.02,8.8,0.0,0.0,8.8,tierA-a6000-01
MIMIC-IV-CaseStudy,1800000,1800000,Physical-delete,random,0.4,2,0.05,0.03,0.02,8.8,0.0,0.0,8.8,tierA-a6000-01
MIMIC-IV-CaseStudy,1800000,1800000,Physical-delete,random,0.4,3,0.05,0.03,0.02,8.8,0.0,0.0,8.8,tierA-a6000-01
MIMIC-IV-CaseStudy,1800000,1800000,Physical-delete,random,0.4,4,0.05,0.03,0.02,8.8,0.0,0.0,8.8,tierA-a6000-01
MIMIC-IV-CaseStudy,1800000,1800000,Physical-delete,random,0.5,0,0.05,0.03,0.02,8.8,0.0,0.0,8.8,tierA-a6000-01
MIMIC-IV-CaseStudy,1800000,1800000,Physical-delete,random,0.5,1,0.05,0.03,0.02,8.8,0.0,0.0,8.8,tierA-a6000-01
MIMIC-IV-CaseStudy,1800000,1800000,Physical-delete,random,0.5,2,0.05,0.03,0.02,8.8,0.0,0.0,8.8,tierA-a6000-01
MIMIC-IV-CaseStudy,1800000,1800000,Physical-delete,random,0.5,3,0.05,0.03,0.02,8.8,0.0,0.0,8.8,tierA-a6000-01
MIMIC-IV-CaseStudy,1800000,1800000,Physical-delete,random,0.5,4,0.05,0.03,0.02,8.8,0.0,0.0,8.8,tierA-a6000-01
MIMIC-IV-CaseStudy,1800000,1800000,Physical-delete,hub,0.0,0,0.05,0.03,0.02,8.8,0.0,0.0,8.8,tierA-a6000-01
MIMIC-IV-CaseStudy,1800000,1800000,Physical-delete,hub,0.0,1,0.05,0.03,0.02,8.8,0.0,0.0,8.8,tierA-a6000-01
MIMIC-IV-CaseStudy,1800000,1800000,Physical-delete,hub,0.0,2,0.05,0.03,0.02,8.8,0.0,0.0,8.8,tierA-a6000-01
MIMIC-IV-CaseStudy,1800000,1800000,Physical-delete,hub,0.0,3,0.05,0.03,0.02,8.8,0.0,0.0,8.8,tierA-a6000-01
MIMIC-IV-CaseStudy,1800000,1800000,Physical-delete,hub,0.0,4,0.05,0.03,0.02,8.8,0.0,0.0,8.8,tierA-a6000-01
MIMIC-IV-CaseStudy,1800000,1800000,Physical-delete,hub,0.1,0,0.05,0.03,0.02,8.8,0.0,0.0,8.8,tierA-a6000-01
MIMIC-IV-CaseStudy,1800000,1800000,Physical-delete,hub,0.1,1,0.05,0.03,0.02,8.8,0.0,0.0,8.8,tierA-a6000-01
MIMIC-IV-CaseStudy,1800000,1800000,Physical-delete,hub,0.1,2,0.05,0.03,0.02,8.8,0.0,0.0,8.8,tierA-a6000-01
MIMIC-IV-CaseStudy,1800000,1800000,Physical-delete,hub,0.1,3,0.05,0.03,0.02,8.8,0.0,0.0,8.8,tierA-a6000-01
MIMIC-IV-CaseStudy,1800000,1800000,Physical-delete,hub,0.1,4,0.05,0.03,0.02,8.8,0.0,0.0,8.8,tierA-a6000-01
MIMIC-IV-CaseStudy,1800000,1800000,Physical-delete,hub,0.2,0,0.05,0.03,0.02,8.8,0.0,0.0,8.8,tierA-a6000-01
MIMIC-IV-CaseStudy,1800000,1800000,Physical-delete,hub,0.2,1,0.05,0.03,0.02,8.8,0.0,0.0,8.8,tierA-a6000-01
MIMIC-IV-CaseStudy,1800000,1800000,Physical-delete,hub,0.2,2,0.05,0.03,0.02,8.8,0.0,0.0,8.8,tierA-a6000-01
MIMIC-IV-CaseStudy,1800000,1800000,Physical-delete,hub,0.2,3,0.05,0.03,0.02,8.8,0.0,0.0,8.8,tierA-a6000-01
MIMIC-IV-CaseStudy,1800000,1800000,Physical-delete,hub,0.2,4,0.05,0.03,0.02,8.8,0.0,0.0,8.8,tierA-a6000-01
MIMIC-IV-CaseStudy,1800000,1800000,Physical-delete,hub,0.3,0,0.05,0.03,0.02,8.8,0.0,0.0,8.8,tierA-a6000-01
MIMIC-IV-CaseStudy,1800000,1800000,Physical-delete,hub,0.3,1,0.05,0.03,0.02,8.8,0.0,0.0,8.8,tierA-a6000-01
MIMIC-IV-CaseStudy,1800000,1800000,Physical-delete,hub,0.3,2,0.05,0.03,0.02,8.8,0.0,0.0,8.8,tierA-a6000-01
MIMIC-IV-CaseStudy,1800000,1800000,Physical-delete,hub,0.3,3,0.05,0.03,0.02,8.8,0.0,0.0,8.8,tierA-a6000-01
MIMIC-IV-CaseStudy,1800000,1800000,Physical-delete,hub,0.3,4,0.05,0.03,0.02,8.8,0.0,0.0,8.8,tierA-a6000-01
MIMIC-IV-CaseStudy,1800000,1800000,Physical-delete,hub,0.4,0,0.05,0.03,0.02,8.8,0.0,0.0,8.8,tierA-a6000-01
MIMIC-IV-CaseStudy,1800000,1800000,Physical-delete,hub,0.4,1,0.05,0.03,0.02,8.8,0.0,0.0,8.8,tierA-a6000-01
MIMIC-IV-CaseStudy,1800000,1800000,Physical-delete,hub,0.4,2,0.05,0.03,0.02,8.8,0.0,0.0,8.8,tierA-a6000-01
MIMIC-IV-CaseStudy,1800000,1800000,Physical-delete,hub,0.4,3,0.05,0.03,0.02,8.8,0.0,0.0,8.8,tierA-a6000-01
MIMIC-IV-CaseStudy,1800000,1800000,Physical-delete,hub,0.4,4,0.05,0.03,0.02,8.8,0.0,0.0,8.8,tierA-a6000-01
MIMIC-IV-CaseStudy,1800000,1800000,Physical-delete,hub,0.5,0,0.05,0.03,0.02,8.8,0.0,0.0,8.8,tierA-a6000-01
MIMIC-IV-CaseStudy,1800000,1800000,Physical-delete,hub,0.5,1,0.05,0.03,0.02,8.8,0.0,0.0,8.8,tierA-a6000-01
MIMIC-IV-CaseStudy,1800000,1800000,Physical-delete,hub,0.5,2,0.05,0.03,0.02,8.8,0.0,0.0,8.8,tierA-a6000-01
MIMIC-IV-CaseStudy,1800000,1800000,Physical-delete,hub,0.5,3,0.05,0.03,0.02,8.8,0.0,0.0,8.8,tierA-a6000-01
MIMIC-IV-CaseStudy,1800000,1800000,Physical-delete,hub,0.5,4,0.05,0.03,0.02,8.8,0.0,0.0,8.8,tierA-a6000-01
MIMIC-IV-CaseStudy,1800000,1800000,Physical-delete,cluster,0.0,0,0.05,0.03,0.02,8.8,0.0,0.0,8.8,tierA-a6000-01
MIMIC-IV-CaseStudy,1800000,1800000,Physical-delete,cluster,0.0,1,0.05,0.03,0.02,8.8,0.0,0.0,8.8,tierA-a6000-01
MIMIC-IV-CaseStudy,1800000,1800000,Physical-delete,cluster,0.0,2,0.05,0.03,0.02,8.8,0.0,0.0,8.8,tierA-a6000-01
MIMIC-IV-CaseStudy,1800000,1800000,Physical-delete,cluster,0.0,3,0.05,0.03,0.02,8.8,0.0,0.0,8.8,tierA-a6000-01
MIMIC-IV-CaseStudy,1800000,1800000,Physical-delete,cluster,0.0,4,0.05,0.03,0.02,8.8,0.0,0.0,8.8,tierA-a6000-01
MIMIC-IV-CaseStudy,1800000,1800000,Physical-delete,cluster,0.1,0,0.05,0.03,0.02,8.8,0.0,0.0,8.8,tierA-a6000-01
MIMIC-IV-CaseStudy,1800000,1800000,Physical-delete,cluster,0.1,1,0.05,0.03,0.02,8.8,0.0,0.0,8.8,tierA-a6000-01
MIMIC-IV-CaseStudy,1800000,1800000,Physical-delete,cluster,0.1,2,0.05,0.03,0.02,8.8,0.0,0.0,8.8,tierA-a6000-01
MIMIC-IV-CaseStudy,1800000,1800000,Physical-delete,cluster,0.1,3,0.05,0.03,0.02,8.8,0.0,0.0,8.8,tierA-a6000-01
MIMIC-IV-CaseStudy,1800000,1800000,Physical-delete,cluster,0.1,4,0.05,0.03,0.02,8.8,0.0,0.0,8.8,tierA-a6000-01
MIMIC-IV-CaseStudy,1800000,1800000,Physical-delete,cluster,0.2,0,0.05,0.03,0.02,8.8,0.0,0.0,8.8,tierA-a6000-01
MIMIC-IV-CaseStudy,1800000,1800000,Physical-delete,cluster,0.2,1,0.05,0.03,0.02,8.8,0.0,0.0,8.8,tierA-a6000-01
MIMIC-IV-CaseStudy,1800000,1800000,Physical-delete,cluster,0.2,2,0.05,0.03,0.02,8.8,0.0,0.0,8.8,tierA-a6000-01
MIMIC-IV-CaseStudy,1800000,1800000,Physical-delete,cluster,0.2,3,0.05,0.03,0.02,8.8,0.0,0.0,8.8,tierA-a6000-01
MIMIC-IV-CaseStudy,1800000,1800000,Physical-delete,cluster,0.2,4,0.05,0.03,0.02,8.8,0.0,0.0,8.8,tierA-a6000-01
MIMIC-IV-CaseStudy,1800000,1800000,Physical-delete,cluster,0.3,0,0.05,0.03,0.02,8.8,0.0,0.0,8.8,tierA-a6000-01
MIMIC-IV-CaseStudy,1800000,1800000,Physical-delete,cluster,0.3,1,0.05,0.03,0.02,8.8,0.0,0.0,8.8,tierA-a6000-01
MIMIC-IV-CaseStudy,1800000,1800000,Physical-delete,cluster,0.3,2,0.05,0.03,0.02,8.8,0.0,0.0,8.8,tierA-a6000-01
MIMIC-IV-CaseStudy,1800000,1800000,Physical-delete,cluster,0.3,3,0.05,0.03,0.02,8.8,0.0,0.0,8.8,tierA-a6000-01
MIMIC-IV-CaseStudy,1800000,1800000,Physical-delete,cluster,0.3,4,0.05,0.03,0.02,8.8,0.0,0.0,8.8,tierA-a6000-01
MIMIC-IV-CaseStudy,1800000,1800000,Physical-delete,cluster,0.4,0,0.05,0.03,0.02,8.8,0.0,0.0,8.8,tierA-a6000-01
MIMIC-IV-CaseStudy,1800000,1800000,Physical-delete,cluster,0.4,1,0.05,0.03,0.02,8.8,0.0,0.0,8.8,tierA-a6000-01
MIMIC-IV-CaseStudy,1800000,1800000,Physical-delete,cluster,0.4,2,0.05,0.03,0.02,8.8,0.0,0.0,8.8,tierA-a6000-01
MIMIC-IV-CaseStudy,1800000,1800000,Physical-delete,cluster,0.4,3,0.05,0.03,0.02,8.8,0.0,0.0,8.8,tierA-a6000-01
MIMIC-IV-CaseStudy,1800000,1800000,Physical-delete,cluster,0.4,4,0.05,0.03,0.02,8.8,0.0,0.0,8.8,tierA-a6000-01
MIMIC-IV-CaseStudy,1800000,1800000,Physical-delete,cluster,0.5,0,0.05,0.03,0.02,8.8,0.0,0.0,8.8,tierA-a6000-01
MIMIC-IV-CaseStudy,1800000,1800000,Physical-delete,cluster,0.5,1,0.05,0.03,0.02,8.8,0.0,0.0,8.8,tierA-a6000-01
MIMIC-IV-CaseStudy,1800000,1800000,Physical-delete,cluster,0.5,2,0.05,0.03,0.02,8.8,0.0,0.0,8.8,tierA-a6000-01
MIMIC-IV-CaseStudy,1800000,1800000,Physical-delete,cluster,0.5,3,0.05,0.03,0.02,8.8,0.0,0.0,8.8,tierA-a6000-01
MIMIC-IV-CaseStudy,1800000,1800000,Physical-delete,cluster,0.5,4,0.05,0.03,0.02,8.8,0.0,0.0,8.8,tierA-a6000-01
MIMIC-IV-CaseStudy,1800000,1800000,Physical-delete,bridge,0.0,0,0.05,0.03,0.02,8.8,0.0,0.0,8.8,tierA-a6000-01
MIMIC-IV-CaseStudy,1800000,1800000,Physical-delete,bridge,0.0,1,0.05,0.03,0.02,8.8,0.0,0.0,8.8,tierA-a6000-01
MIMIC-IV-CaseStudy,1800000,1800000,Physical-delete,bridge,0.0,2,0.05,0.03,0.02,8.8,0.0,0.0,8.8,tierA-a6000-01
MIMIC-IV-CaseStudy,1800000,1800000,Physical-delete,bridge,0.0,3,0.05,0.03,0.02,8.8,0.0,0.0,8.8,tierA-a6000-01
MIMIC-IV-CaseStudy,1800000,1800000,Physical-delete,bridge,0.0,4,0.05,0.03,0.02,8.8,0.0,0.0,8.8,tierA-a6000-01
MIMIC-IV-CaseStudy,1800000,1800000,Physical-delete,bridge,0.1,0,0.05,0.03,0.02,8.8,0.0,0.0,8.8,tierA-a6000-01
MIMIC-IV-CaseStudy,1800000,1800000,Physical-delete,bridge,0.1,1,0.05,0.03,0.02,8.8,0.0,0.0,8.8,tierA-a6000-01
MIMIC-IV-CaseStudy,1800000,1800000,Physical-delete,bridge,0.1,2,0.05,0.03,0.02,8.8,0.0,0.0,8.8,tierA-a6000-01
MIMIC-IV-CaseStudy,1800000,1800000,Physical-delete,bridge,0.1,3,0.05,0.03,0.02,8.8,0.0,0.0,8.8,tierA-a6000-01
MIMIC-IV-CaseStudy,1800000,1800000,Physical-delete,bridge,0.1,4,0.05,0.03,0.02,8.8,0.0,0.0,8.8,tierA-a6000-01
MIMIC-IV-CaseStudy,1800000,1800000,Physical-delete,bridge,0.2,0,0.05,0.03,0.02,8.8,0.0,0.0,8.8,tierA-a6000-01
MIMIC-IV-CaseStudy,1800000,1800000,Physical-delete,bridge,0.2,1,0.05,0.03,0.02,8.8,0.0,0.0,8.8,tierA-a6000-01
MIMIC-IV-CaseStudy,1800000,1800000,Physical-delete,bridge,0.2,2,0.05,0.03,0.02,8.8,0.0,0.0,8.8,tierA-a6000-01
MIMIC-IV-CaseStudy,1800000,1800000,Physical-delete,bridge,0.2,3,0.05,0.03,0.02,8.8,0.0,0.0,8.8,tierA-a6000-01
MIMIC-IV-CaseStudy,1800000,1800000,Physical-delete,bridge,0.2,4,0.05,0.03,0.02,8.8,0.0,0.0,8.8,tierA-a6000-01
MIMIC-IV-CaseStudy,1800000,1800000,Physical-delete,bridge,0.3,0,0.05,0.03,0.02,8.8,0.0,0.0,8.8,tierA-a6000-01
MIMIC-IV-CaseStudy,1800000,1800000,Physical-delete,bridge,0.3,1,0.05,0.03,0.02,8.8,0.0,0.0,8.8,tierA-a6000-01
MIMIC-IV-CaseStudy,1800000,1800000,Physical-delete,bridge,0.3,2,0.05,0.03,0.02,8.8,0.0,0.0,8.8,tierA-a6000-01
MIMIC-IV-CaseStudy,1800000,1800000,Physical-delete,bridge,0.3,3,0.05,0.03,0.02,8.8,0.0,0.0,8.8,tierA-a6000-01
MIMIC-IV-CaseStudy,1800000,1800000,Physical-delete,bridge,0.3,4,0.05,0.03,0.02,8.8,0.0,0.0,8.8,tierA-a6000-01
MIMIC-IV-CaseStudy,1800000,1800000,Physical-delete,bridge,0.4,0,0.05,0.03,0.02,8.8,0.0,0.0,8.8,tierA-a6000-01
MIMIC-IV-CaseStudy,1800000,1800000,Physical-delete,bridge,0.4,1,0.05,0.03,0.02,8.8,0.0,0.0,8.8,tierA-a6000-01
MIMIC-IV-CaseStudy,1800000,1800000,Physical-delete,bridge,0.4,2,0.05,0.03,0.02,8.8,0.0,0.0,8.8,tierA-a6000-01
MIMIC-IV-CaseStudy,1800000,1800000,Physical-delete,bridge,0.4,3,0.05,0.03,0.02,8.8,0.0,0.0,8.8,tierA-a6000-01
MIMIC-IV-CaseStudy,1800000,1800000,Physical-delete,bridge,0.4,4,0.05,0.03,0.02,8.8,0.0,0.0,8.8,tierA-a6000-01
MIMIC-IV-CaseStudy,1800000,1800000,Physical-delete,bridge,0.5,0,0.05,0.03,0.02,8.8,0.0,0.0,8.8,tierA-a6000-01
MIMIC-IV-CaseStudy,1800000,1800000,Physical-delete,bridge,0.5,1,0.05,0.03,0.02,8.8,0.0,0.0,8.8,tierA-a6000-01
MIMIC-IV-CaseStudy,1800000,1800000,Physical-delete,bridge,0.5,2,0.05,0.03,0.02,8.8,0.0,0.0,8.8,tierA-a6000-01
MIMIC-IV-CaseStudy,1800000,1800000,Physical-delete,bridge,0.5,3,0.05,0.03,0.02,8.8,0.0,0.0,8.8,tierA-a6000-01
MIMIC-IV-CaseStudy,1800000,1800000,Physical-delete,bridge,0.5,4,0.05,0.03,0.02,8.8,0.0,0.0,8.8,tierA-a6000-01
MIMIC-IV-CaseStudy,1800000,1800000,ACORN,random,0.0,0,0.05,0.03,0.02,8.8,0.0,0.0,8.8,tierA-a6000-01
MIMIC-IV-CaseStudy,1800000,1800000,ACORN,random,0.0,1,0.05,0.03,0.02,8.8,0.0,0.0,8.8,tierA-a6000-01
MIMIC-IV-CaseStudy,1800000,1800000,ACORN,random,0.0,2,0.05,0.03,0.02,8.8,0.0,0.0,8.8,tierA-a6000-01
MIMIC-IV-CaseStudy,1800000,1800000,ACORN,random,0.0,3,0.05,0.03,0.02,8.8,0.0,0.0,8.8,tierA-a6000-01
MIMIC-IV-CaseStudy,1800000,1800000,ACORN,random,0.0,4,0.05,0.03,0.02,8.8,0.0,0.0,8.8,tierA-a6000-01
MIMIC-IV-CaseStudy,1800000,1800000,ACORN,random,0.1,0,0.05,0.03,0.02,8.8,0.0,0.0,8.8,tierA-a6000-01
MIMIC-IV-CaseStudy,1800000,1800000,ACORN,random,0.1,1,0.05,0.03,0.02,8.8,0.0,0.0,8.8,tierA-a6000-01
MIMIC-IV-CaseStudy,1800000,1800000,ACORN,random,0.1,2,0.05,0.03,0.02,8.8,0.0,0.0,8.8,tierA-a6000-01
MIMIC-IV-CaseStudy,1800000,1800000,ACORN,random,0.1,3,0.05,0.03,0.02,8.8,0.0,0.0,8.8,tierA-a6000-01
MIMIC-IV-CaseStudy,1800000,1800000,ACORN,random,0.1,4,0.05,0.03,0.02,8.8,0.0,0.0,8.8,tierA-a6000-01
MIMIC-IV-CaseStudy,1800000,1800000,ACORN,random,0.2,0,0.05,0.03,0.02,8.8,0.0,0.0,8.8,tierA-a6000-01
MIMIC-IV-CaseStudy,1800000,1800000,ACORN,random,0.2,1,0.05,0.03,0.02,8.8,0.0,0.0,8.8,tierA-a6000-01
MIMIC-IV-CaseStudy,1800000,1800000,ACORN,random,0.2,2,0.05,0.03,0.02,8.8,0.0,0.0,8.8,tierA-a6000-01
MIMIC-IV-CaseStudy,1800000,1800000,ACORN,random,0.2,3,0.05,0.03,0.02,8.8,0.0,0.0,8.8,tierA-a6000-01
MIMIC-IV-CaseStudy,1800000,1800000,ACORN,random,0.2,4,0.05,0.03,0.02,8.8,0.0,0.0,8.8,tierA-a6000-01
MIMIC-IV-CaseStudy,1800000,1800000,ACORN,random,0.3,0,0.05,0.03,0.02,8.8,0.0,0.0,8.8,tierA-a6000-01
MIMIC-IV-CaseStudy,1800000,1800000,ACORN,random,0.3,1,0.05,0.03,0.02,8.8,0.0,0.0,8.8,tierA-a6000-01
MIMIC-IV-CaseStudy,1800000,1800000,ACORN,random,0.3,2,0.05,0.03,0.02,8.8,0.0,0.0,8.8,tierA-a6000-01
MIMIC-IV-CaseStudy,1800000,1800000,ACORN,random,0.3,3,0.05,0.03,0.02,8.8,0.0,0.0,8.8,tierA-a6000-01
MIMIC-IV-CaseStudy,1800000,1800000,ACORN,random,0.3,4,0.05,0.03,0.02,8.8,0.0,0.0,8.8,tierA-a6000-01
MIMIC-IV-CaseStudy,1800000,1800000,ACORN,random,0.4,0,0.05,0.03,0.02,8.8,0.0,0.0,8.8,tierA-a6000-01
MIMIC-IV-CaseStudy,1800000,1800000,ACORN,random,0.4,1,0.05,0.03,0.02,8.8,0.0,0.0,8.8,tierA-a6000-01
MIMIC-IV-CaseStudy,1800000,1800000,ACORN,random,0.4,2,0.05,0.03,0.02,8.8,0.0,0.0,8.8,tierA-a6000-01
MIMIC-IV-CaseStudy,1800000,1800000,ACORN,random,0.4,3,0.05,0.03,0.02,8.8,0.0,0.0,8.8,tierA-a6000-01
MIMIC-IV-CaseStudy,1800000,1800000,ACORN,random,0.4,4,0.05,0.03,0.02,8.8,0.0,0.0,8.8,tierA-a6000-01
MIMIC-IV-CaseStudy,1800000,1800000,ACORN,random,0.5,0,0.05,0.03,0.02,8.8,0.0,0.0,8.8,tierA-a6000-01
MIMIC-IV-CaseStudy,1800000,1800000,ACORN,random,0.5,1,0.05,0.03,0.02,8.8,0.0,0.0,8.8,tierA-a6000-01
MIMIC-IV-CaseStudy,1800000,1800000,ACORN,random,0.5,2,0.05,0.03,0.02,8.8,0.0,0.0,8.8,tierA-a6000-01
MIMIC-IV-CaseStudy,1800000,1800000,ACORN,random,0.5,3,0.05,0.03,0.02,8.8,0.0,0.0,8.8,tierA-a6000-01
MIMIC-IV-CaseStudy,1800000,1800000,ACORN,random,0.5,4,0.05,0.03,0.02,8.8,0.0,0.0,8.8,tierA-a6000-01
MIMIC-IV-CaseStudy,1800000,1800000,ACORN,hub,0.0,0,0.05,0.03,0.02,8.8,0.0,0.0,8.8,tierA-a6000-01
MIMIC-IV-CaseStudy,1800000,1800000,ACORN,hub,0.0,1,0.05,0.03,0.02,8.8,0.0,0.0,8.8,tierA-a6000-01
MIMIC-IV-CaseStudy,1800000,1800000,ACORN,hub,0.0,2,0.05,0.03,0.02,8.8,0.0,0.0,8.8,tierA-a6000-01
MIMIC-IV-CaseStudy,1800000,1800000,ACORN,hub,0.0,3,0.05,0.03,0.02,8.8,0.0,0.0,8.8,tierA-a6000-01
MIMIC-IV-CaseStudy,1800000,1800000,ACORN,hub,0.0,4,0.05,0.03,0.02,8.8,0.0,0.0,8.8,tierA-a6000-01
MIMIC-IV-CaseStudy,1800000,1800000,ACORN,hub,0.1,0,0.05,0.03,0.02,8.8,0.0,0.0,8.8,tierA-a6000-01
MIMIC-IV-CaseStudy,1800000,1800000,ACORN,hub,0.1,1,0.05,0.03,0.02,8.8,0.0,0.0,8.8,tierA-a6000-01
MIMIC-IV-CaseStudy,1800000,1800000,ACORN,hub,0.1,2,0.05,0.03,0.02,8.8,0.0,0.0,8.8,tierA-a6000-01
MIMIC-IV-CaseStudy,1800000,1800000,ACORN,hub,0.1,3,0.05,0.03,0.02,8.8,0.0,0.0,8.8,tierA-a6000-01
MIMIC-IV-CaseStudy,1800000,1800000,ACORN,hub,0.1,4,0.05,0.03,0.02,8.8,0.0,0.0,8.8,tierA-a6000-01
MIMIC-IV-CaseStudy,1800000,1800000,ACORN,hub,0.2,0,0.05,0.03,0.02,8.8,0.0,0.0,8.8,tierA-a6000-01
MIMIC-IV-CaseStudy,1800000,1800000,ACORN,hub,0.2,1,0.05,0.03,0.02,8.8,0.0,0.0,8.8,tierA-a6000-01
MIMIC-IV-CaseStudy,1800000,1800000,ACORN,hub,0.2,2,0.05,0.03,0.02,8.8,0.0,0.0,8.8,tierA-a6000-01
MIMIC-IV-CaseStudy,1800000,1800000,ACORN,hub,0.2,3,0.05,0.03,0.02,8.8,0.0,0.0,8.8,tierA-a6000-01
MIMIC-IV-CaseStudy,1800000,1800000,ACORN,hub,0.2,4,0.05,0.03,0.02,8.8,0.0,0.0,8.8,tierA-a6000-01
MIMIC-IV-CaseStudy,1800000,1800000,ACORN,hub,0.3,0,0.05,0.03,0.02,8.8,0.0,0.0,8.8,tierA-a6000-01
MIMIC-IV-CaseStudy,1800000,1800000,ACORN,hub,0.3,1,0.05,0.03,0.02,8.8,0.0,0.0,8.8,tierA-a6000-01
MIMIC-IV-CaseStudy,1800000,1800000,ACORN,hub,0.3,2,0.05,0.03,0.02,8.8,0.0,0.0,8.8,tierA-a6000-01
MIMIC-IV-CaseStudy,1800000,1800000,ACORN,hub,0.3,3,0.05,0.03,0.02,8.8,0.0,0.0,8.8,tierA-a6000-01
MIMIC-IV-CaseStudy,1800000,1800000,ACORN,hub,0.3,4,0.05,0.03,0.02,8.8,0.0,0.0,8.8,tierA-a6000-01
MIMIC-IV-CaseStudy,1800000,1800000,ACORN,hub,0.4,0,0.05,0.03,0.02,8.8,0.0,0.0,8.8,tierA-a6000-01
MIMIC-IV-CaseStudy,1800000,1800000,ACORN,hub,0.4,1,0.05,0.03,0.02,8.8,0.0,0.0,8.8,tierA-a6000-01
MIMIC-IV-CaseStudy,1800000,1800000,ACORN,hub,0.4,2,0.05,0.03,0.02,8.8,0.0,0.0,8.8,tierA-a6000-01
MIMIC-IV-CaseStudy,1800000,1800000,ACORN,hub,0.4,3,0.05,0.03,0.02,8.8,0.0,0.0,8.8,tierA-a6000-01
MIMIC-IV-CaseStudy,1800000,1800000,ACORN,hub,0.4,4,0.05,0.03,0.02,8.8,0.0,0.0,8.8,tierA-a6000-01
MIMIC-IV-CaseStudy,1800000,1800000,ACORN,hub,0.5,0,0.05,0.03,0.02,8.8,0.0,0.0,8.8,tierA-a6000-01
MIMIC-IV-CaseStudy,1800000,1800000,ACORN,hub,0.5,1,0.05,0.03,0.02,8.8,0.0,0.0,8.8,tierA-a6000-01
MIMIC-IV-CaseStudy,1800000,1800000,ACORN,hub,0.5,2,0.05,0.03,0.02,8.8,0.0,0.0,8.8,tierA-a6000-01
MIMIC-IV-CaseStudy,1800000,1800000,ACORN,hub,0.5,3,0.05,0.03,0.02,8.8,0.0,0.0,8.8,tierA-a6000-01
MIMIC-IV-CaseStudy,1800000,1800000,ACORN,hub,0.5,4,0.05,0.03,0.02,8.8,0.0,0.0,8.8,tierA-a6000-01
MIMIC-IV-CaseStudy,1800000,1800000,ACORN,cluster,0.0,0,0.05,0.03,0.02,8.8,0.0,0.0,8.8,tierA-a6000-01
MIMIC-IV-CaseStudy,1800000,1800000,ACORN,cluster,0.0,1,0.05,0.03,0.02,8.8,0.0,0.0,8.8,tierA-a6000-01
MIMIC-IV-CaseStudy,1800000,1800000,ACORN,cluster,0.0,2,0.05,0.03,0.02,8.8,0.0,0.0,8.8,tierA-a6000-01
MIMIC-IV-CaseStudy,1800000,1800000,ACORN,cluster,0.0,3,0.05,0.03,0.02,8.8,0.0,0.0,8.8,tierA-a6000-01
MIMIC-IV-CaseStudy,1800000,1800000,ACORN,cluster,0.0,4,0.05,0.03,0.02,8.8,0.0,0.0,8.8,tierA-a6000-01
MIMIC-IV-CaseStudy,1800000,1800000,ACORN,cluster,0.1,0,0.05,0.03,0.02,8.8,0.0,0.0,8.8,tierA-a6000-01
MIMIC-IV-CaseStudy,1800000,1800000,ACORN,cluster,0.1,1,0.05,0.03,0.02,8.8,0.0,0.0,8.8,tierA-a6000-01
MIMIC-IV-CaseStudy,1800000,1800000,ACORN,cluster,0.1,2,0.05,0.03,0.02,8.8,0.0,0.0,8.8,tierA-a6000-01
MIMIC-IV-CaseStudy,1800000,1800000,ACORN,cluster,0.1,3,0.05,0.03,0.02,8.8,0.0,0.0,8.8,tierA-a6000-01
MIMIC-IV-CaseStudy,1800000,1800000,ACORN,cluster,0.1,4,0.05,0.03,0.02,8.8,0.0,0.0,8.8,tierA-a6000-01
MIMIC-IV-CaseStudy,1800000,1800000,ACORN,cluster,0.2,0,0.05,0.03,0.02,8.8,0.0,0.0,8.8,tierA-a6000-01
MIMIC-IV-CaseStudy,1800000,1800000,ACORN,cluster,0.2,1,0.05,0.03,0.02,8.8,0.0,0.0,8.8,tierA-a6000-01
MIMIC-IV-CaseStudy,1800000,1800000,ACORN,cluster,0.2,2,0.05,0.03,0.02,8.8,0.0,0.0,8.8,tierA-a6000-01
MIMIC-IV-CaseStudy,1800000,1800000,ACORN,cluster,0.2,3,0.05,0.03,0.02,8.8,0.0,0.0,8.8,tierA-a6000-01
MIMIC-IV-CaseStudy,1800000,1800000,ACORN,cluster,0.2,4,0.05,0.03,0.02,8.8,0.0,0.0,8.8,tierA-a6000-01
MIMIC-IV-CaseStudy,1800000,1800000,ACORN,cluster,0.3,0,0.05,0.03,0.02,8.8,0.0,0.0,8.8,tierA-a6000-01
MIMIC-IV-CaseStudy,1800000,1800000,ACORN,cluster,0.3,1,0.05,0.03,0.02,8.8,0.0,0.0,8.8,tierA-a6000-01
MIMIC-IV-CaseStudy,1800000,1800000,ACORN,cluster,0.3,2,0.05,0.03,0.02,8.8,0.0,0.0,8.8,tierA-a6000-01
MIMIC-IV-CaseStudy,1800000,1800000,ACORN,cluster,0.3,3,0.05,0.03,0.02,8.8,0.0,0.0,8.8,tierA-a6000-01
MIMIC-IV-CaseStudy,1800000,1800000,ACORN,cluster,0.3,4,0.05,0.03,0.02,8.8,0.0,0.0,8.8,tierA-a6000-01
MIMIC-IV-CaseStudy,1800000,1800000,ACORN,cluster,0.4,0,0.05,0.03,0.02,8.8,0.0,0.0,8.8,tierA-a6000-01
MIMIC-IV-CaseStudy,1800000,1800000,ACORN,cluster,0.4,1,0.05,0.03,0.02,8.8,0.0,0.0,8.8,tierA-a6000-01
MIMIC-IV-CaseStudy,1800000,1800000,ACORN,cluster,0.4,2,0.05,0.03,0.02,8.8,0.0,0.0,8.8,tierA-a6000-01
MIMIC-IV-CaseStudy,1800000,1800000,ACORN,cluster,0.4,3,0.05,0.03,0.02,8.8,0.0,0.0,8.8,tierA-a6000-01
MIMIC-IV-CaseStudy,1800000,1800000,ACORN,cluster,0.4,4,0.05,0.03,0.02,8.8,0.0,0.0,8.8,tierA-a6000-01
MIMIC-IV-CaseStudy,1800000,1800000,ACORN,cluster,0.5,0,0.05,0.03,0.02,8.8,0.0,0.0,8.8,tierA-a6000-01
MIMIC-IV-CaseStudy,1800000,1800000,ACORN,cluster,0.5,1,0.05,0.03,0.02,8.8,0.0,0.0,8.8,tierA-a6000-01
MIMIC-IV-CaseStudy,1800000,1800000,ACORN,cluster,0.5,2,0.05,0.03,0.02,8.8,0.0,0.0,8.8,tierA-a6000-01
MIMIC-IV-CaseStudy,1800000,1800000,ACORN,cluster,0.5,3,0.05,0.03,0.02,8.8,0.0,0.0,8.8,tierA-a6000-01
MIMIC-IV-CaseStudy,1800000,1800000,ACORN,cluster,0.5,4,0.05,0.03,0.02,8.8,0.0,0.0,8.8,tierA-a6000-01
MIMIC-IV-CaseStudy,1800000,1800000,ACORN,bridge,0.0,0,0.05,0.03,0.02,8.8,0.0,0.0,8.8,tierA-a6000-01
MIMIC-IV-CaseStudy,1800000,1800000,ACORN,bridge,0.0,1,0.05,0.03,0.02,8.8,0.0,0.0,8.8,tierA-a6000-01
MIMIC-IV-CaseStudy,1800000,1800000,ACORN,bridge,0.0,2,0.05,0.03,0.02,8.8,0.0,0.0,8.8,tierA-a6000-01
MIMIC-IV-CaseStudy,1800000,1800000,ACORN,bridge,0.0,3,0.05,0.03,0.02,8.8,0.0,0.0,8.8,tierA-a6000-01
MIMIC-IV-CaseStudy,1800000,1800000,ACORN,bridge,0.0,4,0.05,0.03,0.02,8.8,0.0,0.0,8.8,tierA-a6000-01
MIMIC-IV-CaseStudy,1800000,1800000,ACORN,bridge,0.1,0,0.05,0.03,0.02,8.8,0.0,0.0,8.8,tierA-a6000-01
MIMIC-IV-CaseStudy,1800000,1800000,ACORN,bridge,0.1,1,0.05,0.03,0.02,8.8,0.0,0.0,8.8,tierA-a6000-01
MIMIC-IV-CaseStudy,1800000,1800000,ACORN,bridge,0.1,2,0.05,0.03,0.02,8.8,0.0,0.0,8.8,tierA-a6000-01
MIMIC-IV-CaseStudy,1800000,1800000,ACORN,bridge,0.1,3,0.05,0.03,0.02,8.8,0.0,0.0,8.8,tierA-a6000-01
MIMIC-IV-CaseStudy,1800000,1800000,ACORN,bridge,0.1,4,0.05,0.03,0.02,8.8,0.0,0.0,8.8,tierA-a6000-01
MIMIC-IV-CaseStudy,1800000,1800000,ACORN,bridge,0.2,0,0.05,0.03,0.02,8.8,0.0,0.0,8.8,tierA-a6000-01
MIMIC-IV-CaseStudy,1800000,1800000,ACORN,bridge,0.2,1,0.05,0.03,0.02,8.8,0.0,0.0,8.8,tierA-a6000-01
MIMIC-IV-CaseStudy,1800000,1800000,ACORN,bridge,0.2,2,0.05,0.03,0.02,8.8,0.0,0.0,8.8,tierA-a6000-01
MIMIC-IV-CaseStudy,1800000,1800000,ACORN,bridge,0.2,3,0.05,0.03,0.02,8.8,0.0,0.0,8.8,tierA-a6000-01
MIMIC-IV-CaseStudy,1800000,1800000,ACORN,bridge,0.2,4,0.05,0.03,0.02,8.8,0.0,0.0,8.8,tierA-a6000-01
MIMIC-IV-CaseStudy,1800000,1800000,ACORN,bridge,0.3,0,0.05,0.03,0.02,8.8,0.0,0.0,8.8,tierA-a6000-01
MIMIC-IV-CaseStudy,1800000,1800000,ACORN,bridge,0.3,1,0.05,0.03,0.02,8.8,0.0,0.0,8.8,tierA-a6000-01
MIMIC-IV-CaseStudy,1800000,1800000,ACORN,bridge,0.3,2,0.05,0.03,0.02,8.8,0.0,0.0,8.8,tierA-a6000-01
MIMIC-IV-CaseStudy,1800000,1800000,ACORN,bridge,0.3,3,0.05,0.03,0.02,8.8,0.0,0.0,8.8,tierA-a6000-01
MIMIC-IV-CaseStudy,1800000,1800000,ACORN,bridge,0.3,4,0.05,0.03,0.02,8.8,0.0,0.0,8.8,tierA-a6000-01
MIMIC-IV-CaseStudy,1800000,1800000,ACORN,bridge,0.4,0,0.05,0.03,0.02,8.8,0.0,0.0,8.8,tierA-a6000-01
MIMIC-IV-CaseStudy,1800000,1800000,ACORN,bridge,0.4,1,0.05,0.03,0.02,8.8,0.0,0.0,8.8,tierA-a6000-01
MIMIC-IV-CaseStudy,1800000,1800000,ACORN,bridge,0.4,2,0.05,0.03,0.02,8.8,0.0,0.0,8.8,tierA-a6000-01
MIMIC-IV-CaseStudy,1800000,1800000,ACORN,bridge,0.4,3,0.05,0.03,0.02,8.8,0.0,0.0,8.8,tierA-a6000-01
MIMIC-IV-CaseStudy,1800000,1800000,ACORN,bridge,0.4,4,0.05,0.03,0.02,8.8,0.0,0.0,8.8,tierA-a6000-01
MIMIC-IV-CaseStudy,1800000,1800000,ACORN,bridge,0.5,0,0.05,0.03,0.02,8.8,0.0,0.0,8.8,tierA-a6000-01
MIMIC-IV-CaseStudy,1800000,1800000,ACORN,bridge,0.5,1,0.05,0.03,0.02,8.8,0.0,0.0,8.8,tierA-a6000-01
MIMIC-IV-CaseStudy,1800000,1800000,ACORN,bridge,0.5,2,0.05,0.03,0.02,8.8,0.0,0.0,8.8,tierA-a6000-01
MIMIC-IV-CaseStudy,1800000,1800000,ACORN,bridge,0.5,3,0.05,0.03,0.02,8.8,0.0,0.0,8.8,tierA-a6000-01
MIMIC-IV-CaseStudy,1800000,1800000,ACORN,bridge,0.5,4,0.05,0.03,0.02,8.8,0.0,0.0,8.8,tierA-a6000-01
MIMIC-IV-CaseStudy,1800000,1800000,HoneyBee,random,0.0,0,0.05,0.03,0.02,8.8,0.0,0.0,8.8,tierA-a6000-01
MIMIC-IV-CaseStudy,1800000,1800000,HoneyBee,random,0.0,1,0.05,0.03,0.02,8.8,0.0,0.0,8.8,tierA-a6000-01
MIMIC-IV-CaseStudy,1800000,1800000,HoneyBee,random,0.0,2,0.05,0.03,0.02,8.8,0.0,0.0,8.8,tierA-a6000-01
MIMIC-IV-CaseStudy,1800000,1800000,HoneyBee,random,0.0,3,0.05,0.03,0.02,8.8,0.0,0.0,8.8,tierA-a6000-01
MIMIC-IV-CaseStudy,1800000,1800000,HoneyBee,random,0.0,4,0.05,0.03,0.02,8.8,0.0,0.0,8.8,tierA-a6000-01
MIMIC-IV-CaseStudy,1800000,1800000,HoneyBee,random,0.1,0,0.05,0.03,0.02,8.8,0.0,0.0,8.8,tierA-a6000-01
MIMIC-IV-CaseStudy,1800000,1800000,HoneyBee,random,0.1,1,0.05,0.03,0.02,8.8,0.0,0.0,8.8,tierA-a6000-01
MIMIC-IV-CaseStudy,1800000,1800000,HoneyBee,random,0.1,2,0.05,0.03,0.02,8.8,0.0,0.0,8.8,tierA-a6000-01
MIMIC-IV-CaseStudy,1800000,1800000,HoneyBee,random,0.1,3,0.05,0.03,0.02,8.8,0.0,0.0,8.8,tierA-a6000-01
MIMIC-IV-CaseStudy,1800000,1800000,HoneyBee,random,0.1,4,0.05,0.03,0.02,8.8,0.0,0.0,8.8,tierA-a6000-01
MIMIC-IV-CaseStudy,1800000,1800000,HoneyBee,random,0.2,0,0.05,0.03,0.02,8.8,0.0,0.0,8.8,tierA-a6000-01
MIMIC-IV-CaseStudy,1800000,1800000,HoneyBee,random,0.2,1,0.05,0.03,0.02,8.8,0.0,0.0,8.8,tierA-a6000-01
MIMIC-IV-CaseStudy,1800000,1800000,HoneyBee,random,0.2,2,0.05,0.03,0.02,8.8,0.0,0.0,8.8,tierA-a6000-01
MIMIC-IV-CaseStudy,1800000,1800000,HoneyBee,random,0.2,3,0.05,0.03,0.02,8.8,0.0,0.0,8.8,tierA-a6000-01
MIMIC-IV-CaseStudy,1800000,1800000,HoneyBee,random,0.2,4,0.05,0.03,0.02,8.8,0.0,0.0,8.8,tierA-a6000-01
MIMIC-IV-CaseStudy,1800000,1800000,HoneyBee,random,0.3,0,0.05,0.03,0.02,8.8,0.0,0.0,8.8,tierA-a6000-01
MIMIC-IV-CaseStudy,1800000,1800000,HoneyBee,random,0.3,1,0.05,0.03,0.02,8.8,0.0,0.0,8.8,tierA-a6000-01
MIMIC-IV-CaseStudy,1800000,1800000,HoneyBee,random,0.3,2,0.05,0.03,0.02,8.8,0.0,0.0,8.8,tierA-a6000-01
MIMIC-IV-CaseStudy,1800000,1800000,HoneyBee,random,0.3,3,0.05,0.03,0.02,8.8,0.0,0.0,8.8,tierA-a6000-01
MIMIC-IV-CaseStudy,1800000,1800000,HoneyBee,random,0.3,4,0.05,0.03,0.02,8.8,0.0,0.0,8.8,tierA-a6000-01
MIMIC-IV-CaseStudy,1800000,1800000,HoneyBee,random,0.4,0,0.05,0.03,0.02,8.8,0.0,0.0,8.8,tierA-a6000-01
MIMIC-IV-CaseStudy,1800000,1800000,HoneyBee,random,0.4,1,0.05,0.03,0.02,8.8,0.0,0.0,8.8,tierA-a6000-01
MIMIC-IV-CaseStudy,1800000,1800000,HoneyBee,random,0.4,2,0.05,0.03,0.02,8.8,0.0,0.0,8.8,tierA-a6000-01
MIMIC-IV-CaseStudy,1800000,1800000,HoneyBee,random,0.4,3,0.05,0.03,0.02,8.8,0.0,0.0,8.8,tierA-a6000-01
MIMIC-IV-CaseStudy,1800000,1800000,HoneyBee,random,0.4,4,0.05,0.03,0.02,8.8,0.0,0.0,8.8,tierA-a6000-01
MIMIC-IV-CaseStudy,1800000,1800000,HoneyBee,random,0.5,0,0.05,0.03,0.02,8.8,0.0,0.0,8.8,tierA-a6000-01
MIMIC-IV-CaseStudy,1800000,1800000,HoneyBee,random,0.5,1,0.05,0.03,0.02,8.8,0.0,0.0,8.8,tierA-a6000-01
MIMIC-IV-CaseStudy,1800000,1800000,HoneyBee,random,0.5,2,0.05,0.03,0.02,8.8,0.0,0.0,8.8,tierA-a6000-01
MIMIC-IV-CaseStudy,1800000,1800000,HoneyBee,random,0.5,3,0.05,0.03,0.02,8.8,0.0,0.0,8.8,tierA-a6000-01
MIMIC-IV-CaseStudy,1800000,1800000,HoneyBee,random,0.5,4,0.05,0.03,0.02,8.8,0.0,0.0,8.8,tierA-a6000-01
MIMIC-IV-CaseStudy,1800000,1800000,HoneyBee,hub,0.0,0,0.05,0.03,0.02,8.8,0.0,0.0,8.8,tierA-a6000-01
MIMIC-IV-CaseStudy,1800000,1800000,HoneyBee,hub,0.0,1,0.05,0.03,0.02,8.8,0.0,0.0,8.8,tierA-a6000-01
MIMIC-IV-CaseStudy,1800000,1800000,HoneyBee,hub,0.0,2,0.05,0.03,0.02,8.8,0.0,0.0,8.8,tierA-a6000-01
MIMIC-IV-CaseStudy,1800000,1800000,HoneyBee,hub,0.0,3,0.05,0.03,0.02,8.8,0.0,0.0,8.8,tierA-a6000-01
MIMIC-IV-CaseStudy,1800000,1800000,HoneyBee,hub,0.0,4,0.05,0.03,0.02,8.8,0.0,0.0,8.8,tierA-a6000-01
MIMIC-IV-CaseStudy,1800000,1800000,HoneyBee,hub,0.1,0,0.05,0.03,0.02,8.8,0.0,0.0,8.8,tierA-a6000-01
MIMIC-IV-CaseStudy,1800000,1800000,HoneyBee,hub,0.1,1,0.05,0.03,0.02,8.8,0.0,0.0,8.8,tierA-a6000-01
MIMIC-IV-CaseStudy,1800000,1800000,HoneyBee,hub,0.1,2,0.05,0.03,0.02,8.8,0.0,0.0,8.8,tierA-a6000-01
MIMIC-IV-CaseStudy,1800000,1800000,HoneyBee,hub,0.1,3,0.05,0.03,0.02,8.8,0.0,0.0,8.8,tierA-a6000-01
MIMIC-IV-CaseStudy,1800000,1800000,HoneyBee,hub,0.1,4,0.05,0.03,0.02,8.8,0.0,0.0,8.8,tierA-a6000-01
MIMIC-IV-CaseStudy,1800000,1800000,HoneyBee,hub,0.2,0,0.05,0.03,0.02,8.8,0.0,0.0,8.8,tierA-a6000-01
MIMIC-IV-CaseStudy,1800000,1800000,HoneyBee,hub,0.2,1,0.05,0.03,0.02,8.8,0.0,0.0,8.8,tierA-a6000-01
MIMIC-IV-CaseStudy,1800000,1800000,HoneyBee,hub,0.2,2,0.05,0.03,0.02,8.8,0.0,0.0,8.8,tierA-a6000-01
MIMIC-IV-CaseStudy,1800000,1800000,HoneyBee,hub,0.2,3,0.05,0.03,0.02,8.8,0.0,0.0,8.8,tierA-a6000-01
MIMIC-IV-CaseStudy,1800000,1800000,HoneyBee,hub,0.2,4,0.05,0.03,0.02,8.8,0.0,0.0,8.8,tierA-a6000-01
MIMIC-IV-CaseStudy,1800000,1800000,HoneyBee,hub,0.3,0,0.05,0.03,0.02,8.8,0.0,0.0,8.8,tierA-a6000-01
MIMIC-IV-CaseStudy,1800000,1800000,HoneyBee,hub,0.3,1,0.05,0.03,0.02,8.8,0.0,0.0,8.8,tierA-a6000-01
MIMIC-IV-CaseStudy,1800000,1800000,HoneyBee,hub,0.3,2,0.05,0.03,0.02,8.8,0.0,0.0,8.8,tierA-a6000-01
MIMIC-IV-CaseStudy,1800000,1800000,HoneyBee,hub,0.3,3,0.05,0.03,0.02,8.8,0.0,0.0,8.8,tierA-a6000-01
MIMIC-IV-CaseStudy,1800000,1800000,HoneyBee,hub,0.3,4,0.05,0.03,0.02,8.8,0.0,0.0,8.8,tierA-a6000-01
MIMIC-IV-CaseStudy,1800000,1800000,HoneyBee,hub,0.4,0,0.05,0.03,0.02,8.8,0.0,0.0,8.8,tierA-a6000-01
MIMIC-IV-CaseStudy,1800000,1800000,HoneyBee,hub,0.4,1,0.05,0.03,0.02,8.8,0.0,0.0,8.8,tierA-a6000-01
MIMIC-IV-CaseStudy,1800000,1800000,HoneyBee,hub,0.4,2,0.05,0.03,0.02,8.8,0.0,0.0,8.8,tierA-a6000-01
MIMIC-IV-CaseStudy,1800000,1800000,HoneyBee,hub,0.4,3,0.05,0.03,0.02,8.8,0.0,0.0,8.8,tierA-a6000-01
MIMIC-IV-CaseStudy,1800000,1800000,HoneyBee,hub,0.4,4,0.05,0.03,0.02,8.8,0.0,0.0,8.8,tierA-a6000-01
MIMIC-IV-CaseStudy,1800000,1800000,HoneyBee,hub,0.5,0,0.05,0.03,0.02,8.8,0.0,0.0,8.8,tierA-a6000-01
MIMIC-IV-CaseStudy,1800000,1800000,HoneyBee,hub,0.5,1,0.05,0.03,0.02,8.8,0.0,0.0,8.8,tierA-a6000-01
MIMIC-IV-CaseStudy,1800000,1800000,HoneyBee,hub,0.5,2,0.05,0.03,0.02,8.8,0.0,0.0,8.8,tierA-a6000-01
MIMIC-IV-CaseStudy,1800000,1800000,HoneyBee,hub,0.5,3,0.05,0.03,0.02,8.8,0.0,0.0,8.8,tierA-a6000-01
MIMIC-IV-CaseStudy,1800000,1800000,HoneyBee,hub,0.5,4,0.05,0.03,0.02,8.8,0.0,0.0,8.8,tierA-a6000-01
MIMIC-IV-CaseStudy,1800000,1800000,HoneyBee,cluster,0.0,0,0.05,0.03,0.02,8.8,0.0,0.0,8.8,tierA-a6000-01
MIMIC-IV-CaseStudy,1800000,1800000,HoneyBee,cluster,0.0,1,0.05,0.03,0.02,8.8,0.0,0.0,8.8,tierA-a6000-01
MIMIC-IV-CaseStudy,1800000,1800000,HoneyBee,cluster,0.0,2,0.05,0.03,0.02,8.8,0.0,0.0,8.8,tierA-a6000-01
MIMIC-IV-CaseStudy,1800000,1800000,HoneyBee,cluster,0.0,3,0.05,0.03,0.02,8.8,0.0,0.0,8.8,tierA-a6000-01
MIMIC-IV-CaseStudy,1800000,1800000,HoneyBee,cluster,0.0,4,0.05,0.03,0.02,8.8,0.0,0.0,8.8,tierA-a6000-01
MIMIC-IV-CaseStudy,1800000,1800000,HoneyBee,cluster,0.1,0,0.05,0.03,0.02,8.8,0.0,0.0,8.8,tierA-a6000-01
MIMIC-IV-CaseStudy,1800000,1800000,HoneyBee,cluster,0.1,1,0.05,0.03,0.02,8.8,0.0,0.0,8.8,tierA-a6000-01
MIMIC-IV-CaseStudy,1800000,1800000,HoneyBee,cluster,0.1,2,0.05,0.03,0.02,8.8,0.0,0.0,8.8,tierA-a6000-01
MIMIC-IV-CaseStudy,1800000,1800000,HoneyBee,cluster,0.1,3,0.05,0.03,0.02,8.8,0.0,0.0,8.8,tierA-a6000-01
MIMIC-IV-CaseStudy,1800000,1800000,HoneyBee,cluster,0.1,4,0.05,0.03,0.02,8.8,0.0,0.0,8.8,tierA-a6000-01
MIMIC-IV-CaseStudy,1800000,1800000,HoneyBee,cluster,0.2,0,0.05,0.03,0.02,8.8,0.0,0.0,8.8,tierA-a6000-01
MIMIC-IV-CaseStudy,1800000,1800000,HoneyBee,cluster,0.2,1,0.05,0.03,0.02,8.8,0.0,0.0,8.8,tierA-a6000-01
MIMIC-IV-CaseStudy,1800000,1800000,HoneyBee,cluster,0.2,2,0.05,0.03,0.02,8.8,0.0,0.0,8.8,tierA-a6000-01
MIMIC-IV-CaseStudy,1800000,1800000,HoneyBee,cluster,0.2,3,0.05,0.03,0.02,8.8,0.0,0.0,8.8,tierA-a6000-01
MIMIC-IV-CaseStudy,1800000,1800000,HoneyBee,cluster,0.2,4,0.05,0.03,0.02,8.8,0.0,0.0,8.8,tierA-a6000-01
MIMIC-IV-CaseStudy,1800000,1800000,HoneyBee,cluster,0.3,0,0.05,0.03,0.02,8.8,0.0,0.0,8.8,tierA-a6000-01
MIMIC-IV-CaseStudy,1800000,1800000,HoneyBee,cluster,0.3,1,0.05,0.03,0.02,8.8,0.0,0.0,8.8,tierA-a6000-01
MIMIC-IV-CaseStudy,1800000,1800000,HoneyBee,cluster,0.3,2,0.05,0.03,0.02,8.8,0.0,0.0,8.8,tierA-a6000-01
MIMIC-IV-CaseStudy,1800000,1800000,HoneyBee,cluster,0.3,3,0.05,0.03,0.02,8.8,0.0,0.0,8.8,tierA-a6000-01
MIMIC-IV-CaseStudy,1800000,1800000,HoneyBee,cluster,0.3,4,0.05,0.03,0.02,8.8,0.0,0.0,8.8,tierA-a6000-01
MIMIC-IV-CaseStudy,1800000,1800000,HoneyBee,cluster,0.4,0,0.05,0.03,0.02,8.8,0.0,0.0,8.8,tierA-a6000-01
MIMIC-IV-CaseStudy,1800000,1800000,HoneyBee,cluster,0.4,1,0.05,0.03,0.02,8.8,0.0,0.0,8.8,tierA-a6000-01
MIMIC-IV-CaseStudy,1800000,1800000,HoneyBee,cluster,0.4,2,0.05,0.03,0.02,8.8,0.0,0.0,8.8,tierA-a6000-01
MIMIC-IV-CaseStudy,1800000,1800000,HoneyBee,cluster,0.4,3,0.05,0.03,0.02,8.8,0.0,0.0,8.8,tierA-a6000-01
MIMIC-IV-CaseStudy,1800000,1800000,HoneyBee,cluster,0.4,4,0.05,0.03,0.02,8.8,0.0,0.0,8.8,tierA-a6000-01
MIMIC-IV-CaseStudy,1800000,1800000,HoneyBee,cluster,0.5,0,0.05,0.03,0.02,8.8,0.0,0.0,8.8,tierA-a6000-01
MIMIC-IV-CaseStudy,1800000,1800000,HoneyBee,cluster,0.5,1,0.05,0.03,0.02,8.8,0.0,0.0,8.8,tierA-a6000-01
MIMIC-IV-CaseStudy,1800000,1800000,HoneyBee,cluster,0.5,2,0.05,0.03,0.02,8.8,0.0,0.0,8.8,tierA-a6000-01
MIMIC-IV-CaseStudy,1800000,1800000,HoneyBee,cluster,0.5,3,0.05,0.03,0.02,8.8,0.0,0.0,8.8,tierA-a6000-01
MIMIC-IV-CaseStudy,1800000,1800000,HoneyBee,cluster,0.5,4,0.05,0.03,0.02,8.8,0.0,0.0,8.8,tierA-a6000-01
MIMIC-IV-CaseStudy,1800000,1800000,HoneyBee,bridge,0.0,0,0.05,0.03,0.02,8.8,0.0,0.0,8.8,tierA-a6000-01
MIMIC-IV-CaseStudy,1800000,1800000,HoneyBee,bridge,0.0,1,0.05,0.03,0.02,8.8,0.0,0.0,8.8,tierA-a6000-01
MIMIC-IV-CaseStudy,1800000,1800000,HoneyBee,bridge,0.0,2,0.05,0.03,0.02,8.8,0.0,0.0,8.8,tierA-a6000-01
MIMIC-IV-CaseStudy,1800000,1800000,HoneyBee,bridge,0.0,3,0.05,0.03,0.02,8.8,0.0,0.0,8.8,tierA-a6000-01
MIMIC-IV-CaseStudy,1800000,1800000,HoneyBee,bridge,0.0,4,0.05,0.03,0.02,8.8,0.0,0.0,8.8,tierA-a6000-01
MIMIC-IV-CaseStudy,1800000,1800000,HoneyBee,bridge,0.1,0,0.05,0.03,0.02,8.8,0.0,0.0,8.8,tierA-a6000-01
MIMIC-IV-CaseStudy,1800000,1800000,HoneyBee,bridge,0.1,1,0.05,0.03,0.02,8.8,0.0,0.0,8.8,tierA-a6000-01
MIMIC-IV-CaseStudy,1800000,1800000,HoneyBee,bridge,0.1,2,0.05,0.03,0.02,8.8,0.0,0.0,8.8,tierA-a6000-01
MIMIC-IV-CaseStudy,1800000,1800000,HoneyBee,bridge,0.1,3,0.05,0.03,0.02,8.8,0.0,0.0,8.8,tierA-a6000-01
MIMIC-IV-CaseStudy,1800000,1800000,HoneyBee,bridge,0.1,4,0.05,0.03,0.02,8.8,0.0,0.0,8.8,tierA-a6000-01
MIMIC-IV-CaseStudy,1800000,1800000,HoneyBee,bridge,0.2,0,0.05,0.03,0.02,8.8,0.0,0.0,8.8,tierA-a6000-01
MIMIC-IV-CaseStudy,1800000,1800000,HoneyBee,bridge,0.2,1,0.05,0.03,0.02,8.8,0.0,0.0,8.8,tierA-a6000-01
MIMIC-IV-CaseStudy,1800000,1800000,HoneyBee,bridge,0.2,2,0.05,0.03,0.02,8.8,0.0,0.0,8.8,tierA-a6000-01
MIMIC-IV-CaseStudy,1800000,1800000,HoneyBee,bridge,0.2,3,0.05,0.03,0.02,8.8,0.0,0.0,8.8,tierA-a6000-01
MIMIC-IV-CaseStudy,1800000,1800000,HoneyBee,bridge,0.2,4,0.05,0.03,0.02,8.8,0.0,0.0,8.8,tierA-a6000-01
MIMIC-IV-CaseStudy,1800000,1800000,HoneyBee,bridge,0.3,0,0.05,0.03,0.02,8.8,0.0,0.0,8.8,tierA-a6000-01
MIMIC-IV-CaseStudy,1800000,1800000,HoneyBee,bridge,0.3,1,0.05,0.03,0.02,8.8,0.0,0.0,8.8,tierA-a6000-01
MIMIC-IV-CaseStudy,1800000,1800000,HoneyBee,bridge,0.3,2,0.05,0.03,0.02,8.8,0.0,0.0,8.8,tierA-a6000-01
MIMIC-IV-CaseStudy,1800000,1800000,HoneyBee,bridge,0.3,3,0.05,0.03,0.02,8.8,0.0,0.0,8.8,tierA-a6000-01
MIMIC-IV-CaseStudy,1800000,1800000,HoneyBee,bridge,0.3,4,0.05,0.03,0.02,8.8,0.0,0.0,8.8,tierA-a6000-01
MIMIC-IV-CaseStudy,1800000,1800000,HoneyBee,bridge,0.4,0,0.05,0.03,0.02,8.8,0.0,0.0,8.8,tierA-a6000-01
MIMIC-IV-CaseStudy,1800000,1800000,HoneyBee,bridge,0.4,1,0.05,0.03,0.02,8.8,0.0,0.0,8.8,tierA-a6000-01
MIMIC-IV-CaseStudy,1800000,1800000,HoneyBee,bridge,0.4,2,0.05,0.03,0.02,8.8,0.0,0.0,8.8,tierA-a6000-01
MIMIC-IV-CaseStudy,1800000,1800000,HoneyBee,bridge,0.4,3,0.05,0.03,0.02,8.8,0.0,0.0,8.8,tierA-a6000-01
MIMIC-IV-CaseStudy,1800000,1800000,HoneyBee,bridge,0.4,4,0.05,0.03,0.02,8.8,0.0,0.0,8.8,tierA-a6000-01
MIMIC-IV-CaseStudy,1800000,1800000,HoneyBee,bridge,0.5,0,0.05,0.03,0.02,8.8,0.0,0.0,8.8,tierA-a6000-01
MIMIC-IV-CaseStudy,1800000,1800000,HoneyBee,bridge,0.5,1,0.05,0.03,0.02,8.8,0.0,0.0,8.8,tierA-a6000-01
MIMIC-IV-CaseStudy,1800000,1800000,HoneyBee,bridge,0.5,2,0.05,0.03,0.02,8.8,0.0,0.0,8.8,tierA-a6000-01
MIMIC-IV-CaseStudy,1800000,1800000,HoneyBee,bridge,0.5,3,0.05,0.03,0.02,8.8,0.0,0.0,8.8,tierA-a6000-01
MIMIC-IV-CaseStudy,1800000,1800000,HoneyBee,bridge,0.5,4,0.05,0.03,0.02,8.8,0.0,0.0,8.8,tierA-a6000-01
MIMIC-IV-CaseStudy,1800000,1800000,SPFresh,random,0.0,0,0.05,0.03,0.02,8.8,0.0,0.0,8.8,tierA-a6000-01
MIMIC-IV-CaseStudy,1800000,1800000,SPFresh,random,0.0,1,0.05,0.03,0.02,8.8,0.0,0.0,8.8,tierA-a6000-01
MIMIC-IV-CaseStudy,1800000,1800000,SPFresh,random,0.0,2,0.05,0.03,0.02,8.8,0.0,0.0,8.8,tierA-a6000-01
MIMIC-IV-CaseStudy,1800000,1800000,SPFresh,random,0.0,3,0.05,0.03,0.02,8.8,0.0,0.0,8.8,tierA-a6000-01
MIMIC-IV-CaseStudy,1800000,1800000,SPFresh,random,0.0,4,0.05,0.03,0.02,8.8,0.0,0.0,8.8,tierA-a6000-01
MIMIC-IV-CaseStudy,1800000,1800000,SPFresh,random,0.1,0,0.05,0.03,0.02,8.8,0.0,0.0,8.8,tierA-a6000-01
MIMIC-IV-CaseStudy,1800000,1800000,SPFresh,random,0.1,1,0.05,0.03,0.02,8.8,0.0,0.0,8.8,tierA-a6000-01
MIMIC-IV-CaseStudy,1800000,1800000,SPFresh,random,0.1,2,0.05,0.03,0.02,8.8,0.0,0.0,8.8,tierA-a6000-01
MIMIC-IV-CaseStudy,1800000,1800000,SPFresh,random,0.1,3,0.05,0.03,0.02,8.8,0.0,0.0,8.8,tierA-a6000-01
MIMIC-IV-CaseStudy,1800000,1800000,SPFresh,random,0.1,4,0.05,0.03,0.02,8.8,0.0,0.0,8.8,tierA-a6000-01
MIMIC-IV-CaseStudy,1800000,1800000,SPFresh,random,0.2,0,0.05,0.03,0.02,8.8,0.0,0.0,8.8,tierA-a6000-01
MIMIC-IV-CaseStudy,1800000,1800000,SPFresh,random,0.2,1,0.05,0.03,0.02,8.8,0.0,0.0,8.8,tierA-a6000-01
MIMIC-IV-CaseStudy,1800000,1800000,SPFresh,random,0.2,2,0.05,0.03,0.02,8.8,0.0,0.0,8.8,tierA-a6000-01
MIMIC-IV-CaseStudy,1800000,1800000,SPFresh,random,0.2,3,0.05,0.03,0.02,8.8,0.0,0.0,8.8,tierA-a6000-01
MIMIC-IV-CaseStudy,1800000,1800000,SPFresh,random,0.2,4,0.05,0.03,0.02,8.8,0.0,0.0,8.8,tierA-a6000-01
MIMIC-IV-CaseStudy,1800000,1800000,SPFresh,random,0.3,0,0.05,0.03,0.02,8.8,0.0,0.0,8.8,tierA-a6000-01
MIMIC-IV-CaseStudy,1800000,1800000,SPFresh,random,0.3,1,0.05,0.03,0.02,8.8,0.0,0.0,8.8,tierA-a6000-01
MIMIC-IV-CaseStudy,1800000,1800000,SPFresh,random,0.3,2,0.05,0.03,0.02,8.8,0.0,0.0,8.8,tierA-a6000-01
MIMIC-IV-CaseStudy,1800000,1800000,SPFresh,random,0.3,3,0.05,0.03,0.02,8.8,0.0,0.0,8.8,tierA-a6000-01
MIMIC-IV-CaseStudy,1800000,1800000,SPFresh,random,0.3,4,0.05,0.03,0.02,8.8,0.0,0.0,8.8,tierA-a6000-01
MIMIC-IV-CaseStudy,1800000,1800000,SPFresh,random,0.4,0,0.05,0.03,0.02,8.8,0.0,0.0,8.8,tierA-a6000-01
MIMIC-IV-CaseStudy,1800000,1800000,SPFresh,random,0.4,1,0.05,0.03,0.02,8.8,0.0,0.0,8.8,tierA-a6000-01
MIMIC-IV-CaseStudy,1800000,1800000,SPFresh,random,0.4,2,0.05,0.03,0.02,8.8,0.0,0.0,8.8,tierA-a6000-01
MIMIC-IV-CaseStudy,1800000,1800000,SPFresh,random,0.4,3,0.05,0.03,0.02,8.8,0.0,0.0,8.8,tierA-a6000-01
MIMIC-IV-CaseStudy,1800000,1800000,SPFresh,random,0.4,4,0.05,0.03,0.02,8.8,0.0,0.0,8.8,tierA-a6000-01
MIMIC-IV-CaseStudy,1800000,1800000,SPFresh,random,0.5,0,0.05,0.03,0.02,8.8,0.0,0.0,8.8,tierA-a6000-01
MIMIC-IV-CaseStudy,1800000,1800000,SPFresh,random,0.5,1,0.05,0.03,0.02,8.8,0.0,0.0,8.8,tierA-a6000-01
MIMIC-IV-CaseStudy,1800000,1800000,SPFresh,random,0.5,2,0.05,0.03,0.02,8.8,0.0,0.0,8.8,tierA-a6000-01
MIMIC-IV-CaseStudy,1800000,1800000,SPFresh,random,0.5,3,0.05,0.03,0.02,8.8,0.0,0.0,8.8,tierA-a6000-01
MIMIC-IV-CaseStudy,1800000,1800000,SPFresh,random,0.5,4,0.05,0.03,0.02,8.8,0.0,0.0,8.8,tierA-a6000-01
MIMIC-IV-CaseStudy,1800000,1800000,SPFresh,hub,0.0,0,0.05,0.03,0.02,8.8,0.0,0.0,8.8,tierA-a6000-01
MIMIC-IV-CaseStudy,1800000,1800000,SPFresh,hub,0.0,1,0.05,0.03,0.02,8.8,0.0,0.0,8.8,tierA-a6000-01
MIMIC-IV-CaseStudy,1800000,1800000,SPFresh,hub,0.0,2,0.05,0.03,0.02,8.8,0.0,0.0,8.8,tierA-a6000-01
MIMIC-IV-CaseStudy,1800000,1800000,SPFresh,hub,0.0,3,0.05,0.03,0.02,8.8,0.0,0.0,8.8,tierA-a6000-01
MIMIC-IV-CaseStudy,1800000,1800000,SPFresh,hub,0.0,4,0.05,0.03,0.02,8.8,0.0,0.0,8.8,tierA-a6000-01
MIMIC-IV-CaseStudy,1800000,1800000,SPFresh,hub,0.1,0,0.05,0.03,0.02,8.8,0.0,0.0,8.8,tierA-a6000-01
MIMIC-IV-CaseStudy,1800000,1800000,SPFresh,hub,0.1,1,0.05,0.03,0.02,8.8,0.0,0.0,8.8,tierA-a6000-01
MIMIC-IV-CaseStudy,1800000,1800000,SPFresh,hub,0.1,2,0.05,0.03,0.02,8.8,0.0,0.0,8.8,tierA-a6000-01
MIMIC-IV-CaseStudy,1800000,1800000,SPFresh,hub,0.1,3,0.05,0.03,0.02,8.8,0.0,0.0,8.8,tierA-a6000-01
MIMIC-IV-CaseStudy,1800000,1800000,SPFresh,hub,0.1,4,0.05,0.03,0.02,8.8,0.0,0.0,8.8,tierA-a6000-01
MIMIC-IV-CaseStudy,1800000,1800000,SPFresh,hub,0.2,0,0.05,0.03,0.02,8.8,0.0,0.0,8.8,tierA-a6000-01
MIMIC-IV-CaseStudy,1800000,1800000,SPFresh,hub,0.2,1,0.05,0.03,0.02,8.8,0.0,0.0,8.8,tierA-a6000-01
MIMIC-IV-CaseStudy,1800000,1800000,SPFresh,hub,0.2,2,0.05,0.03,0.02,8.8,0.0,0.0,8.8,tierA-a6000-01
MIMIC-IV-CaseStudy,1800000,1800000,SPFresh,hub,0.2,3,0.05,0.03,0.02,8.8,0.0,0.0,8.8,tierA-a6000-01
MIMIC-IV-CaseStudy,1800000,1800000,SPFresh,hub,0.2,4,0.05,0.03,0.02,8.8,0.0,0.0,8.8,tierA-a6000-01
MIMIC-IV-CaseStudy,1800000,1800000,SPFresh,hub,0.3,0,0.05,0.03,0.02,8.8,0.0,0.0,8.8,tierA-a6000-01
MIMIC-IV-CaseStudy,1800000,1800000,SPFresh,hub,0.3,1,0.05,0.03,0.02,8.8,0.0,0.0,8.8,tierA-a6000-01
MIMIC-IV-CaseStudy,1800000,1800000,SPFresh,hub,0.3,2,0.05,0.03,0.02,8.8,0.0,0.0,8.8,tierA-a6000-01
MIMIC-IV-CaseStudy,1800000,1800000,SPFresh,hub,0.3,3,0.05,0.03,0.02,8.8,0.0,0.0,8.8,tierA-a6000-01
MIMIC-IV-CaseStudy,1800000,1800000,SPFresh,hub,0.3,4,0.05,0.03,0.02,8.8,0.0,0.0,8.8,tierA-a6000-01
MIMIC-IV-CaseStudy,1800000,1800000,SPFresh,hub,0.4,0,0.05,0.03,0.02,8.8,0.0,0.0,8.8,tierA-a6000-01
MIMIC-IV-CaseStudy,1800000,1800000,SPFresh,hub,0.4,1,0.05,0.03,0.02,8.8,0.0,0.0,8.8,tierA-a6000-01
MIMIC-IV-CaseStudy,1800000,1800000,SPFresh,hub,0.4,2,0.05,0.03,0.02,8.8,0.0,0.0,8.8,tierA-a6000-01
MIMIC-IV-CaseStudy,1800000,1800000,SPFresh,hub,0.4,3,0.05,0.03,0.02,8.8,0.0,0.0,8.8,tierA-a6000-01
MIMIC-IV-CaseStudy,1800000,1800000,SPFresh,hub,0.4,4,0.05,0.03,0.02,8.8,0.0,0.0,8.8,tierA-a6000-01
MIMIC-IV-CaseStudy,1800000,1800000,SPFresh,hub,0.5,0,0.05,0.03,0.02,8.8,0.0,0.0,8.8,tierA-a6000-01
MIMIC-IV-CaseStudy,1800000,1800000,SPFresh,hub,0.5,1,0.05,0.03,0.02,8.8,0.0,0.0,8.8,tierA-a6000-01
MIMIC-IV-CaseStudy,1800000,1800000,SPFresh,hub,0.5,2,0.05,0.03,0.02,8.8,0.0,0.0,8.8,tierA-a6000-01
MIMIC-IV-CaseStudy,1800000,1800000,SPFresh,hub,0.5,3,0.05,0.03,0.02,8.8,0.0,0.0,8.8,tierA-a6000-01
MIMIC-IV-CaseStudy,1800000,1800000,SPFresh,hub,0.5,4,0.05,0.03,0.02,8.8,0.0,0.0,8.8,tierA-a6000-01
MIMIC-IV-CaseStudy,1800000,1800000,SPFresh,cluster,0.0,0,0.05,0.03,0.02,8.8,0.0,0.0,8.8,tierA-a6000-01
MIMIC-IV-CaseStudy,1800000,1800000,SPFresh,cluster,0.0,1,0.05,0.03,0.02,8.8,0.0,0.0,8.8,tierA-a6000-01
MIMIC-IV-CaseStudy,1800000,1800000,SPFresh,cluster,0.0,2,0.05,0.03,0.02,8.8,0.0,0.0,8.8,tierA-a6000-01
MIMIC-IV-CaseStudy,1800000,1800000,SPFresh,cluster,0.0,3,0.05,0.03,0.02,8.8,0.0,0.0,8.8,tierA-a6000-01
MIMIC-IV-CaseStudy,1800000,1800000,SPFresh,cluster,0.0,4,0.05,0.03,0.02,8.8,0.0,0.0,8.8,tierA-a6000-01
MIMIC-IV-CaseStudy,1800000,1800000,SPFresh,cluster,0.1,0,0.05,0.03,0.02,8.8,0.0,0.0,8.8,tierA-a6000-01
MIMIC-IV-CaseStudy,1800000,1800000,SPFresh,cluster,0.1,1,0.05,0.03,0.02,8.8,0.0,0.0,8.8,tierA-a6000-01
MIMIC-IV-CaseStudy,1800000,1800000,SPFresh,cluster,0.1,2,0.05,0.03,0.02,8.8,0.0,0.0,8.8,tierA-a6000-01
MIMIC-IV-CaseStudy,1800000,1800000,SPFresh,cluster,0.1,3,0.05,0.03,0.02,8.8,0.0,0.0,8.8,tierA-a6000-01
MIMIC-IV-CaseStudy,1800000,1800000,SPFresh,cluster,0.1,4,0.05,0.03,0.02,8.8,0.0,0.0,8.8,tierA-a6000-01
MIMIC-IV-CaseStudy,1800000,1800000,SPFresh,cluster,0.2,0,0.05,0.03,0.02,8.8,0.0,0.0,8.8,tierA-a6000-01
MIMIC-IV-CaseStudy,1800000,1800000,SPFresh,cluster,0.2,1,0.05,0.03,0.02,8.8,0.0,0.0,8.8,tierA-a6000-01
MIMIC-IV-CaseStudy,1800000,1800000,SPFresh,cluster,0.2,2,0.05,0.03,0.02,8.8,0.0,0.0,8.8,tierA-a6000-01
MIMIC-IV-CaseStudy,1800000,1800000,SPFresh,cluster,0.2,3,0.05,0.03,0.02,8.8,0.0,0.0,8.8,tierA-a6000-01
MIMIC-IV-CaseStudy,1800000,1800000,SPFresh,cluster,0.2,4,0.05,0.03,0.02,8.8,0.0,0.0,8.8,tierA-a6000-01
MIMIC-IV-CaseStudy,1800000,1800000,SPFresh,cluster,0.3,0,0.05,0.03,0.02,8.8,0.0,0.0,8.8,tierA-a6000-01
MIMIC-IV-CaseStudy,1800000,1800000,SPFresh,cluster,0.3,1,0.05,0.03,0.02,8.8,0.0,0.0,8.8,tierA-a6000-01
MIMIC-IV-CaseStudy,1800000,1800000,SPFresh,cluster,0.3,2,0.05,0.03,0.02,8.8,0.0,0.0,8.8,tierA-a6000-01
MIMIC-IV-CaseStudy,1800000,1800000,SPFresh,cluster,0.3,3,0.05,0.03,0.02,8.8,0.0,0.0,8.8,tierA-a6000-01
MIMIC-IV-CaseStudy,1800000,1800000,SPFresh,cluster,0.3,4,0.05,0.03,0.02,8.8,0.0,0.0,8.8,tierA-a6000-01
MIMIC-IV-CaseStudy,1800000,1800000,SPFresh,cluster,0.4,0,0.05,0.03,0.02,8.8,0.0,0.0,8.8,tierA-a6000-01
MIMIC-IV-CaseStudy,1800000,1800000,SPFresh,cluster,0.4,1,0.05,0.03,0.02,8.8,0.0,0.0,8.8,tierA-a6000-01
MIMIC-IV-CaseStudy,1800000,1800000,SPFresh,cluster,0.4,2,0.05,0.03,0.02,8.8,0.0,0.0,8.8,tierA-a6000-01
MIMIC-IV-CaseStudy,1800000,1800000,SPFresh,cluster,0.4,3,0.05,0.03,0.02,8.8,0.0,0.0,8.8,tierA-a6000-01
MIMIC-IV-CaseStudy,1800000,1800000,SPFresh,cluster,0.4,4,0.05,0.03,0.02,8.8,0.0,0.0,8.8,tierA-a6000-01
MIMIC-IV-CaseStudy,1800000,1800000,SPFresh,cluster,0.5,0,0.05,0.03,0.02,8.8,0.0,0.0,8.8,tierA-a6000-01
MIMIC-IV-CaseStudy,1800000,1800000,SPFresh,cluster,0.5,1,0.05,0.03,0.02,8.8,0.0,0.0,8.8,tierA-a6000-01
MIMIC-IV-CaseStudy,1800000,1800000,SPFresh,cluster,0.5,2,0.05,0.03,0.02,8.8,0.0,0.0,8.8,tierA-a6000-01
MIMIC-IV-CaseStudy,1800000,1800000,SPFresh,cluster,0.5,3,0.05,0.03,0.02,8.8,0.0,0.0,8.8,tierA-a6000-01
MIMIC-IV-CaseStudy,1800000,1800000,SPFresh,cluster,0.5,4,0.05,0.03,0.02,8.8,0.0,0.0,8.8,tierA-a6000-01
MIMIC-IV-CaseStudy,1800000,1800000,SPFresh,bridge,0.0,0,0.05,0.03,0.02,8.8,0.0,0.0,8.8,tierA-a6000-01
MIMIC-IV-CaseStudy,1800000,1800000,SPFresh,bridge,0.0,1,0.05,0.03,0.02,8.8,0.0,0.0,8.8,tierA-a6000-01
MIMIC-IV-CaseStudy,1800000,1800000,SPFresh,bridge,0.0,2,0.05,0.03,0.02,8.8,0.0,0.0,8.8,tierA-a6000-01
MIMIC-IV-CaseStudy,1800000,1800000,SPFresh,bridge,0.0,3,0.05,0.03,0.02,8.8,0.0,0.0,8.8,tierA-a6000-01
MIMIC-IV-CaseStudy,1800000,1800000,SPFresh,bridge,0.0,4,0.05,0.03,0.02,8.8,0.0,0.0,8.8,tierA-a6000-01
MIMIC-IV-CaseStudy,1800000,1800000,SPFresh,bridge,0.1,0,0.05,0.03,0.02,8.8,0.0,0.0,8.8,tierA-a6000-01
MIMIC-IV-CaseStudy,1800000,1800000,SPFresh,bridge,0.1,1,0.05,0.03,0.02,8.8,0.0,0.0,8.8,tierA-a6000-01
MIMIC-IV-CaseStudy,1800000,1800000,SPFresh,bridge,0.1,2,0.05,0.03,0.02,8.8,0.0,0.0,8.8,tierA-a6000-01
MIMIC-IV-CaseStudy,1800000,1800000,SPFresh,bridge,0.1,3,0.05,0.03,0.02,8.8,0.0,0.0,8.8,tierA-a6000-01
MIMIC-IV-CaseStudy,1800000,1800000,SPFresh,bridge,0.1,4,0.05,0.03,0.02,8.8,0.0,0.0,8.8,tierA-a6000-01
MIMIC-IV-CaseStudy,1800000,1800000,SPFresh,bridge,0.2,0,0.05,0.03,0.02,8.8,0.0,0.0,8.8,tierA-a6000-01
MIMIC-IV-CaseStudy,1800000,1800000,SPFresh,bridge,0.2,1,0.05,0.03,0.02,8.8,0.0,0.0,8.8,tierA-a6000-01
MIMIC-IV-CaseStudy,1800000,1800000,SPFresh,bridge,0.2,2,0.05,0.03,0.02,8.8,0.0,0.0,8.8,tierA-a6000-01
MIMIC-IV-CaseStudy,1800000,1800000,SPFresh,bridge,0.2,3,0.05,0.03,0.02,8.8,0.0,0.0,8.8,tierA-a6000-01
MIMIC-IV-CaseStudy,1800000,1800000,SPFresh,bridge,0.2,4,0.05,0.03,0.02,8.8,0.0,0.0,8.8,tierA-a6000-01
MIMIC-IV-CaseStudy,1800000,1800000,SPFresh,bridge,0.3,0,0.05,0.03,0.02,8.8,0.0,0.0,8.8,tierA-a6000-01
MIMIC-IV-CaseStudy,1800000,1800000,SPFresh,bridge,0.3,1,0.05,0.03,0.02,8.8,0.0,0.0,8.8,tierA-a6000-01
MIMIC-IV-CaseStudy,1800000,1800000,SPFresh,bridge,0.3,2,0.05,0.03,0.02,8.8,0.0,0.0,8.8,tierA-a6000-01
MIMIC-IV-CaseStudy,1800000,1800000,SPFresh,bridge,0.3,3,0.05,0.03,0.02,8.8,0.0,0.0,8.8,tierA-a6000-01
MIMIC-IV-CaseStudy,1800000,1800000,SPFresh,bridge,0.3,4,0.05,0.03,0.02,8.8,0.0,0.0,8.8,tierA-a6000-01
MIMIC-IV-CaseStudy,1800000,1800000,SPFresh,bridge,0.4,0,0.05,0.03,0.02,8.8,0.0,0.0,8.8,tierA-a6000-01
MIMIC-IV-CaseStudy,1800000,1800000,SPFresh,bridge,0.4,1,0.05,0.03,0.02,8.8,0.0,0.0,8.8,tierA-a6000-01
MIMIC-IV-CaseStudy,1800000,1800000,SPFresh,bridge,0.4,2,0.05,0.03,0.02,8.8,0.0,0.0,8.8,tierA-a6000-01
MIMIC-IV-CaseStudy,1800000,1800000,SPFresh,bridge,0.4,3,0.05,0.03,0.02,8.8,0.0,0.0,8.8,tierA-a6000-01
MIMIC-IV-CaseStudy,1800000,1800000,SPFresh,bridge,0.4,4,0.05,0.03,0.02,8.8,0.0,0.0,8.8,tierA-a6000-01
MIMIC-IV-CaseStudy,1800000,1800000,SPFresh,bridge,0.5,0,0.05,0.03,0.02,8.8,0.0,0.0,8.8,tierA-a6000-01
MIMIC-IV-CaseStudy,1800000,1800000,SPFresh,bridge,0.5,1,0.05,0.03,0.02,8.8,0.0,0.0,8.8,tierA-a6000-01
MIMIC-IV-CaseStudy,1800000,1800000,SPFresh,bridge,0.5,2,0.05,0.03,0.02,8.8,0.0,0.0,8.8,tierA-a6000-01
MIMIC-IV-CaseStudy,1800000,1800000,SPFresh,bridge,0.5,3,0.05,0.03,0.02,8.8,0.0,0.0,8.8,tierA-a6000-01
MIMIC-IV-CaseStudy,1800000,1800000,SPFresh,bridge,0.5,4,0.05,0.03,0.02,8.8,0.0,0.0,8.8,tierA-a6000-01
