dataset,N,N_indexed,method,pattern,frac,seed,result_leak,drift10,recall10,recall_oracle10
LegalBench-RAG,1200000,1200000,Tombstone,random,0.0,0,0.0,0.0,0.94564,0.982319
LegalBench-RAG,1200000,1200000,Tombstone,random,0.0,1,0.0,0.0,0.941183,0.981543
LegalBench-RAG,1200000,1200000,Tombstone,random,0.0,2,0.0,0.0,0.945098,0.98072
LegalBench-RAG,1200000,1200000,Tombstone,random,0.0,3,0.0,0.0,0.945017,0.983858
LegalBench-RAG,1200000,1200000,Tombstone,random,0.0,4,0.0,0.0,0.949805,0.984123
LegalBench-RAG,1200000,1200000,Tombstone,random,0.0,5,0.0,0.0,0.944362,0.982036
LegalBench-RAG,1200000,1200000,Tombstone,random,0.0,6,0.0,0.0,0.941201,0.979626
LegalBench-RAG,1200000,1200000,Tombstone,random,0.0,7,0.0,0.0,0.944474,0.984289
LegalBench-RAG,1200000,1200000,Tombstone,random,0.0,8,0.0,0.0,0.946209,0.983402
LegalBench-RAG,1200000,1200000,Tombstone,random,0.0,9,0.0,0.0,0.942731,0.982095
LegalBench-RAG,1200000,1200000,Post-filter,random,0.0,0,0.0,0.0,0.937772,0.983956
LegalBench-RAG,1200000,1200000,Post-filter,random,0.0,1,0.0,0.0,0.935385,0.981614
LegalBench-RAG,1200000,1200000,Post-filter,random,0.0,2,0.0,0.0,0.941406,0.983301
LegalBench-RAG,1200000,1200000,Post-filter,random,0.0,3,0.0,0.0,0.933435,0.977029
LegalBench-RAG,1200000,1200000,Post-filter,random,0.0,4,0.0,0.0,0.940012,0.983628
LegalBench-RAG,1200000,1200000,Post-filter,random,0.0,5,0.0,0.0,0.936572,0.979728
LegalBench-RAG,1200000,1200000,Post-filter,random,0.0,6,0.0,0.0,0.937925,0.979415
LegalBench-RAG,1200000,1200000,Post-filter,random,0.0,7,0.0,0.0,0.936331,0.980384
LegalBench-RAG,1200000,1200000,Post-filter,random,0.0,8,0.0,0.0,0.935468,0.980782
LegalBench-RAG,1200000,1200000,Post-filter,random,0.0,9,0.0,0.0,0.938996,0.98283
LegalBench-RAG,1200000,1200000,Lethe,random,0.0,0,0.0,0.0,0.979707,0.981931
LegalBench-RAG,1200000,1200000,Lethe,random,0.0,1,0.0,0.0,0.978646,0.982827
LegalBench-RAG,1200000,1200000,Lethe,random,0.0,2,0.0,0.0,0.978888,0.98406
LegalBench-RAG,1200000,1200000,Lethe,random,0.0,3,0.0,0.0,0.980177,0.983538
LegalBench-RAG,1200000,1200000,Lethe,random,0.0,4,0.0,0.0,0.975461,0.982138
LegalBench-RAG,1200000,1200000,Lethe,random,0.0,5,0.0,0.0,0.98035,0.982418
LegalBench-RAG,1200000,1200000,Lethe,random,0.0,6,0.0,0.0,0.98093,0.984373
LegalBench-RAG,1200000,1200000,Lethe,random,0.0,7,0.0,0.0,0.976733,0.982968
LegalBench-RAG,1200000,1200000,Lethe,random,0.0,8,0.0,0.0,0.979477,0.982756
LegalBench-RAG,1200000,1200000,Lethe,random,0.0,9,0.0,0.0,0.978005,0.981748
LegalBench-RAG,1200000,1200000,Lethe-no-bypass,random,0.0,0,0.0,0.0,0.929476,0.983727
LegalBench-RAG,1200000,1200000,Lethe-no-bypass,random,0.0,1,0.0,0.0,0.924406,0.97583
LegalBench-RAG,1200000,1200000,Lethe-no-bypass,random,0.0,2,0.0,0.0,0.926454,0.980489
LegalBench-RAG,1200000,1200000,Lethe-no-bypass,random,0.0,3,0.0,0.0,0.926226,0.981479
LegalBench-RAG,1200000,1200000,Lethe-no-bypass,random,0.0,4,0.0,0.0,0.927188,0.982254
LegalBench-RAG,1200000,1200000,Lethe-no-bypass,random,0.0,5,0.0,0.0,0.925093,0.984535
LegalBench-RAG,1200000,1200000,Lethe-no-bypass,random,0.0,6,0.0,0.0,0.926912,0.979454
LegalBench-RAG,1200000,1200000,Lethe-no-bypass,random,0.0,7,0.0,0.0,0.925906,0.980619
LegalBench-RAG,1200000,1200000,Lethe-no-bypass,random,0.0,8,0.0,0.0,0.927539,0.982197
LegalBench-RAG,1200000,1200000,Lethe-no-bypass,random,0.0,9,0.0,0.0,0.926404,0.98283
LegalBench-RAG,1200000,1200000,Lethe-no-revaware-traversal,random,0.0,0,0.0,0.0,0.955243,0.981241
LegalBench-RAG,1200000,1200000,Lethe-no-revaware-traversal,random,0.0,1,0.0,0.0,0.960675,0.982778
LegalBench-RAG,1200000,1200000,Lethe-no-revaware-traversal,random,0.0,2,0.0,0.0,0.955163,0.98209
LegalBench-RAG,1200000,1200000,Lethe-no-revaware-traversal,random,0.0,3,0.0,0.0,0.958667,0.981724
LegalBench-RAG,1200000,1200000,Lethe-no-revaware-traversal,random,0.0,4,0.0,0.0,0.955275,0.982715
LegalBench-RAG,1200000,1200000,Lethe-no-revaware-traversal,random,0.0,5,0.0,0.0,0.953647,0.979031
LegalBench-RAG,1200000,1200000,Lethe-no-revaware-traversal,random,0.0,6,0.0,0.0,0.96105,0.984308
LegalBench-RAG,1200000,1200000,Lethe-no-revaware-traversal,random,0.0,7,0.0,0.0,0.959924,0.983553
LegalBench-RAG,1200000,1200000,Lethe-no-revaware-traversal,random,0.0,8,0.0,0.0,0.956776,0.980673
LegalBench-RAG,1200000,1200000,Lethe-no-revaware-traversal,random,0.0,9,0.0,0.0,0.960971,0.983208
LegalBench-RAG,1200000,1200000,Physical-delete,random,0.0,0,0.0,0.0,0.9433,0.982083
LegalBench-RAG,1200000,1200000,Physical-delete,random,0.0,1,0.0,0.0,0.943567,0.982375
LegalBench-RAG,1200000,1200000,Physical-delete,random,0.0,2,0.0,0.0,0.944281,0.981175
LegalBench-RAG,1200000,1200000,Physical-delete,random,0.0,3,0.0,0.0,0.945118,0.98034
LegalBench-RAG,1200000,1200000,Physical-delete,random,0.0,4,0.0,0.0,0.947501,0.9842
LegalBench-RAG,1200000,1200000,Physical-delete,random,0.0,5,0.0,0.0,0.948229,0.982871
LegalBench-RAG,1200000,1200000,Physical-delete,random,0.0,6,0.0,0.0,0.943892,0.980163
LegalBench-RAG,1200000,1200000,Physical-delete,random,0.0,7,0.0,0.0,0.941729,0.981344
LegalBench-RAG,1200000,1200000,Physical-delete,random,0.0,8,0.0,0.0,0.947372,0.982951
LegalBench-RAG,1200000,1200000,Physical-delete,random,0.0,9,0.0,0.0,0.94544,0.982495
LegalBench-RAG,1200000,1200000,Periodic-rebuild,random,0.0,0,0.0,0.0,0.969607,0.985203
LegalBench-RAG,1200000,1200000,Periodic-rebuild,random,0.0,1,0.0,0.0,0.968549,0.983957
LegalBench-RAG,1200000,1200000,Periodic-rebuild,random,0.0,2,0.0,0.0,0.96339,0.983259
LegalBench-RAG,1200000,1200000,Periodic-rebuild,random,0.0,3,0.0,0.0,0.961449,0.980094
LegalBench-RAG,1200000,1200000,Periodic-rebuild,random,0.0,4,0.0,0.0,0.963044,0.980147
LegalBench-RAG,1200000,1200000,Periodic-rebuild,random,0.0,5,0.0,0.0,0.961958,0.983942
LegalBench-RAG,1200000,1200000,Periodic-rebuild,random,0.0,6,0.0,0.0,0.964305,0.979262
LegalBench-RAG,1200000,1200000,Periodic-rebuild,random,0.0,7,0.0,0.0,0.967317,0.982158
LegalBench-RAG,1200000,1200000,Periodic-rebuild,random,0.0,8,0.0,0.0,0.967302,0.98235
LegalBench-RAG,1200000,1200000,Periodic-rebuild,random,0.0,9,0.0,0.0,0.966901,0.983181
LegalBench-RAG,1200000,1200000,Per-role-index,random,0.0,0,0.0,0.0,0.976775,0.980996
LegalBench-RAG,1200000,1200000,Per-role-index,random,0.0,1,0.0,0.0,0.980935,0.981834
LegalBench-RAG,1200000,1200000,Per-role-index,random,0.0,2,0.0,0.0,0.978812,0.983026
LegalBench-RAG,1200000,1200000,Per-role-index,random,0.0,3,0.0,0.0,0.975245,0.980836
LegalBench-RAG,1200000,1200000,Per-role-index,random,0.0,4,0.0,0.0,0.971294,0.980456
LegalBench-RAG,1200000,1200000,Per-role-index,random,0.0,5,0.0,0.0,0.979619,0.982701
LegalBench-RAG,1200000,1200000,Per-role-index,random,0.0,6,0.0,0.0,0.981883,0.985458
LegalBench-RAG,1200000,1200000,Per-role-index,random,0.0,7,0.0,0.0,0.977698,0.980124
LegalBench-RAG,1200000,1200000,Per-role-index,random,0.0,8,0.0,0.0,0.97548,0.979977
LegalBench-RAG,1200000,1200000,Per-role-index,random,0.0,9,0.0,0.0,0.974988,0.983418
LegalBench-RAG,1200000,1200000,ACORN,random,0.0,0,0.0,0.0,0.965429,0.982248
LegalBench-RAG,1200000,1200000,ACORN,random,0.0,1,0.0,0.0,0.958832,0.982375
LegalBench-RAG,1200000,1200000,ACORN,random,0.0,2,0.0,0.0,0.957464,0.978117
LegalBench-RAG,1200000,1200000,ACORN,random,0.0,3,0.0,0.0,0.964862,0.982594
LegalBench-RAG,1200000,1200000,ACORN,random,0.0,4,0.0,0.0,0.958414,0.978186
LegalBench-RAG,1200000,1200000,ACORN,random,0.0,5,0.0,0.0,0.965282,0.983313
LegalBench-RAG,1200000,1200000,ACORN,random,0.0,6,0.0,0.0,0.963929,0.98272
LegalBench-RAG,1200000,1200000,ACORN,random,0.0,7,0.0,0.0,0.955714,0.979179
LegalBench-RAG,1200000,1200000,ACORN,random,0.0,8,0.0,0.0,0.960738,0.979637
LegalBench-RAG,1200000,1200000,ACORN,random,0.0,9,0.0,0.0,0.955993,0.980333
LegalBench-RAG,1200000,1200000,HoneyBee,random,0.0,0,0.0,0.0,0.962118,0.980228
LegalBench-RAG,1200000,1200000,HoneyBee,random,0.0,1,0.0,0.0,0.965298,0.981408
LegalBench-RAG,1200000,1200000,HoneyBee,random,0.0,2,0.0,0.0,0.963782,0.981258
LegalBench-RAG,1200000,1200000,HoneyBee,random,0.0,3,0.0,0.0,0.965193,0.983637
LegalBench-RAG,1200000,1200000,HoneyBee,random,0.0,4,0.0,0.0,0.963261,0.981624
LegalBench-RAG,1200000,1200000,HoneyBee,random,0.0,5,0.0,0.0,0.958257,0.977441
LegalBench-RAG,1200000,1200000,HoneyBee,random,0.0,6,0.0,0.0,0.963785,0.980747
LegalBench-RAG,1200000,1200000,HoneyBee,random,0.0,7,0.0,0.0,0.962828,0.979467
LegalBench-RAG,1200000,1200000,HoneyBee,random,0.0,8,0.0,0.0,0.967919,0.982947
LegalBench-RAG,1200000,1200000,HoneyBee,random,0.0,9,0.0,0.0,0.965743,0.981576
LegalBench-RAG,1200000,1200000,SPFresh,random,0.0,0,0.0,0.0,0.955043,0.980254
LegalBench-RAG,1200000,1200000,SPFresh,random,0.0,1,0.0,0.0,0.959061,0.983587
LegalBench-RAG,1200000,1200000,SPFresh,random,0.0,2,0.0,0.0,0.955212,0.982452
LegalBench-RAG,1200000,1200000,SPFresh,random,0.0,3,0.0,0.0,0.957133,0.983604
LegalBench-RAG,1200000,1200000,SPFresh,random,0.0,4,0.0,0.0,0.957244,0.983147
LegalBench-RAG,1200000,1200000,SPFresh,random,0.0,5,0.0,0.0,0.957593,0.983739
LegalBench-RAG,1200000,1200000,SPFresh,random,0.0,6,0.0,0.0,0.954155,0.981679
LegalBench-RAG,1200000,1200000,SPFresh,random,0.0,7,0.0,0.0,0.960731,0.982196
LegalBench-RAG,1200000,1200000,SPFresh,random,0.0,8,0.0,0.0,0.958771,0.981967
LegalBench-RAG,1200000,1200000,SPFresh,random,0.0,9,0.0,0.0,0.955944,0.980701
LegalBench-RAG,1200000,1200000,Oracle,random,0.0,0,0.0,0.0,0.978452,0.978452
LegalBench-RAG,1200000,1200000,Oracle,random,0.0,1,0.0,0.0,0.98153,0.98153
LegalBench-RAG,1200000,1200000,Oracle,random,0.0,2,0.0,0.0,0.981136,0.981136
LegalBench-RAG,1200000,1200000,Oracle,random,0.0,3,0.0,0.0,0.984156,0.984156
LegalBench-RAG,1200000,1200000,Oracle,random,0.0,4,0.0,0.0,0.978196,0.978196
LegalBench-RAG,1200000,1200000,Oracle,random,0.0,5,0.0,0.0,0.979911,0.979911
LegalBench-RAG,1200000,1200000,Oracle,random,0.0,6,0.0,0.0,0.981223,0.981223
LegalBench-RAG,1200000,1200000,Oracle,random,0.0,7,0.0,0.0,0.982593,0.982593
LegalBench-RAG,1200000,1200000,Oracle,random,0.0,8,0.0,0.0,0.983834,0.983834
LegalBench-RAG,1200000,1200000,Oracle,random,0.0,9,0.0,0.0,0.981931,0.981931
LegalBench-RAG,1200000,1200000,Tombstone,random,0.1,0,0.0,0.036051,0.9494,0.985606
LegalBench-RAG,1200000,1200000,Tombstone,random,0.1,1,0.0,0.037382,0.944463,0.982848
LegalBench-RAG,1200000,1200000,Tombstone,random,0.1,2,0.0,0.031015,0.945112,0.981948
LegalBench-RAG,1200000,1200000,Tombstone,random,0.1,3,0.0,0.035046,0.943087,0.981737
LegalBench-RAG,1200000,1200000,Tombstone,random,0.1,4,0.0,0.03845,0.943923,0.981759
LegalBench-RAG,1200000,1200000,Tombstone,random,0.1,5,0.0,0.0338,0.942287,0.982478
LegalBench-RAG,1200000,1200000,Tombstone,random,0.1,6,0.0,0.034356,0.942074,0.981625
LegalBench-RAG,1200000,1200000,Tombstone,random,0.1,7,0.0,0.034675,0.94284,0.98223
LegalBench-RAG,1200000,1200000,Tombstone,random,0.1,8,0.0,0.031806,0.94265,0.982646
LegalBench-RAG,1200000,1200000,Tombstone,random,0.1,9,0.0,0.033363,0.945481,0.981546
LegalBench-RAG,1200000,1200000,Post-filter,random,0.1,0,0.0,0.032936,0.934305,0.980227
LegalBench-RAG,1200000,1200000,Post-filter,random,0.1,1,0.0,0.038508,0.942733,0.982634
LegalBench-RAG,1200000,1200000,Post-filter,random,0.1,2,0.0,0.03633,0.939226,0.978232
LegalBench-RAG,1200000,1200000,Post-filter,random,0.1,3,0.0,0.034783,0.937095,0.982151
LegalBench-RAG,1200000,1200000,Post-filter,random,0.1,4,0.0,0.037864,0.939077,0.982789
LegalBench-RAG,1200000,1200000,Post-filter,random,0.1,5,0.0,0.037523,0.939482,0.981713
LegalBench-RAG,1200000,1200000,Post-filter,random,0.1,6,0.0,0.035123,0.938703,0.98219
LegalBench-RAG,1200000,1200000,Post-filter,random,0.1,7,0.0,0.038968,0.939652,0.983457
LegalBench-RAG,1200000,1200000,Post-filter,random,0.1,8,0.0,0.041831,0.941751,0.984377
LegalBench-RAG,1200000,1200000,Post-filter,random,0.1,9,0.0,0.040181,0.944945,0.986845
LegalBench-RAG,1200000,1200000,Lethe,random,0.1,0,0.0,0.001853,0.973344,0.980309
LegalBench-RAG,1200000,1200000,Lethe,random,0.1,1,0.0,0.005234,0.976867,0.981578
LegalBench-RAG,1200000,1200000,Lethe,random,0.1,2,0.0,0.000101,0.978157,0.980908
LegalBench-RAG,1200000,1200000,Lethe,random,0.1,3,0.0,0.00293,0.975713,0.981244
LegalBench-RAG,1200000,1200000,Lethe,random,0.1,4,0.0,0.004449,0.973949,0.979109
LegalBench-RAG,1200000,1200000,Lethe,random,0.1,5,0.0,0.001407,0.975132,0.980107
LegalBench-RAG,1200000,1200000,Lethe,random,0.1,6,0.0,0.001388,0.977182,0.980943
LegalBench-RAG,1200000,1200000,Lethe,random,0.1,7,0.0,0.004161,0.979973,0.983884
LegalBench-RAG,1200000,1200000,Lethe,random,0.1,8,0.0,0.0,0.979721,0.982455
LegalBench-RAG,1200000,1200000,Lethe,random,0.1,9,0.0,0.0,0.976212,0.982045
LegalBench-RAG,1200000,1200000,Lethe-no-bypass,random,0.1,0,0.0,0.011757,0.924702,0.979952
LegalBench-RAG,1200000,1200000,Lethe-no-bypass,random,0.1,1,0.0,0.015107,0.926866,0.98177
LegalBench-RAG,1200000,1200000,Lethe-no-bypass,random,0.1,2,0.0,0.00756,0.92992,0.987347
LegalBench-RAG,1200000,1200000,Lethe-no-bypass,random,0.1,3,0.0,0.012262,0.924036,0.982446
LegalBench-RAG,1200000,1200000,Lethe-no-bypass,random,0.1,4,0.0,0.008304,0.925655,0.9812
LegalBench-RAG,1200000,1200000,Lethe-no-bypass,random,0.1,5,0.0,0.013044,0.92677,0.980348
LegalBench-RAG,1200000,1200000,Lethe-no-bypass,random,0.1,6,0.0,0.003648,0.919643,0.980522
LegalBench-RAG,1200000,1200000,Lethe-no-bypass,random,0.1,7,0.0,0.012597,0.923439,0.979712
LegalBench-RAG,1200000,1200000,Lethe-no-bypass,random,0.1,8,0.0,0.012174,0.924625,0.981792
LegalBench-RAG,1200000,1200000,Lethe-no-bypass,random,0.1,9,0.0,0.013939,0.925704,0.981302
LegalBench-RAG,1200000,1200000,Lethe-no-revaware-traversal,random,0.1,0,0.0,0.028783,0.956436,0.982593
LegalBench-RAG,1200000,1200000,Lethe-no-revaware-traversal,random,0.1,1,0.0,0.032822,0.955915,0.983804
LegalBench-RAG,1200000,1200000,Lethe-no-revaware-traversal,random,0.1,2,0.0,0.030905,0.956259,0.981425
LegalBench-RAG,1200000,1200000,Lethe-no-revaware-traversal,random,0.1,3,0.0,0.028575,0.955406,0.980998
LegalBench-RAG,1200000,1200000,Lethe-no-revaware-traversal,random,0.1,4,0.0,0.034592,0.95882,0.981551
LegalBench-RAG,1200000,1200000,Lethe-no-revaware-traversal,random,0.1,5,0.0,0.036246,0.954923,0.982258
LegalBench-RAG,1200000,1200000,Lethe-no-revaware-traversal,random,0.1,6,0.0,0.037577,0.957764,0.983436
LegalBench-RAG,1200000,1200000,Lethe-no-revaware-traversal,random,0.1,7,0.0,0.02993,0.952667,0.981914
LegalBench-RAG,1200000,1200000,Lethe-no-revaware-traversal,random,0.1,8,0.0,0.031582,0.961452,0.98511
LegalBench-RAG,1200000,1200000,Lethe-no-revaware-traversal,random,0.1,9,0.0,0.031688,0.957876,0.98227
LegalBench-RAG,1200000,1200000,Physical-delete,random,0.1,0,0.0,0.005386,0.944905,0.98314
LegalBench-RAG,1200000,1200000,Physical-delete,random,0.1,1,0.0,0.00795,0.94276,0.979261
LegalBench-RAG,1200000,1200000,Physical-delete,random,0.1,2,0.0,0.005141,0.945163,0.98151
LegalBench-RAG,1200000,1200000,Physical-delete,random,0.1,3,0.0,0.007621,0.948252,0.98416
LegalBench-RAG,1200000,1200000,Physical-delete,random,0.1,4,0.0,0.005872,0.949446,0.986868
LegalBench-RAG,1200000,1200000,Physical-delete,random,0.1,5,0.0,0.010136,0.944247,0.980021
LegalBench-RAG,1200000,1200000,Physical-delete,random,0.1,6,0.0,0.005993,0.937301,0.978191
LegalBench-RAG,1200000,1200000,Physical-delete,random,0.1,7,0.0,0.005392,0.941829,0.98098
LegalBench-RAG,1200000,1200000,Physical-delete,random,0.1,8,0.0,0.00359,0.944845,0.980278
LegalBench-RAG,1200000,1200000,Physical-delete,random,0.1,9,0.0,0.001803,0.945901,0.981387
LegalBench-RAG,1200000,1200000,Periodic-rebuild,random,0.1,0,0.0,0.017495,0.964985,0.98213
LegalBench-RAG,1200000,1200000,Periodic-rebuild,random,0.1,1,0.0,0.011072,0.967499,0.981889
LegalBench-RAG,1200000,1200000,Periodic-rebuild,random,0.1,2,0.0,0.020148,0.963272,0.98018
LegalBench-RAG,1200000,1200000,Periodic-rebuild,random,0.1,3,0.0,0.018059,0.964996,0.983444
LegalBench-RAG,1200000,1200000,Periodic-rebuild,random,0.1,4,0.0,0.018292,0.970942,0.984114
LegalBench-RAG,1200000,1200000,Periodic-rebuild,random,0.1,5,0.0,0.010989,0.96156,0.980514
LegalBench-RAG,1200000,1200000,Periodic-rebuild,random,0.1,6,0.0,0.01527,0.96448,0.98388
LegalBench-RAG,1200000,1200000,Periodic-rebuild,random,0.1,7,0.0,0.018526,0.959481,0.97824
LegalBench-RAG,1200000,1200000,Periodic-rebuild,random,0.1,8,0.0,0.013525,0.966708,0.981368
LegalBench-RAG,1200000,1200000,Periodic-rebuild,random,0.1,9,0.0,0.016253,0.968309,0.983049
LegalBench-RAG,1200000,1200000,Per-role-index,random,0.1,0,0.0,0.003071,0.977327,0.984314
LegalBench-RAG,1200000,1200000,Per-role-index,random,0.1,1,0.0,0.0,0.982211,0.984192
LegalBench-RAG,1200000,1200000,Per-role-index,random,0.1,2,0.0,0.001604,0.974905,0.981508
LegalBench-RAG,1200000,1200000,Per-role-index,random,0.1,3,0.0,0.004701,0.978797,0.981686
LegalBench-RAG,1200000,1200000,Per-role-index,random,0.1,4,0.0,0.001024,0.980204,0.981685
LegalBench-RAG,1200000,1200000,Per-role-index,random,0.1,5,0.0,0.002129,0.977709,0.98123
LegalBench-RAG,1200000,1200000,Per-role-index,random,0.1,6,0.0,0.002455,0.978251,0.980674
LegalBench-RAG,1200000,1200000,Per-role-index,random,0.1,7,0.0,0.003488,0.978602,0.981237
LegalBench-RAG,1200000,1200000,Per-role-index,random,0.1,8,0.0,0.0,0.981716,0.982653
LegalBench-RAG,1200000,1200000,Per-role-index,random,0.1,9,0.0,0.0,0.982261,0.984901
LegalBench-RAG,1200000,1200000,ACORN,random,0.1,0,0.0,0.017548,0.965178,0.982064
LegalBench-RAG,1200000,1200000,ACORN,random,0.1,1,0.0,0.013381,0.964035,0.985263
LegalBench-RAG,1200000,1200000,ACORN,random,0.1,2,0.0,0.011932,0.968663,0.986656
LegalBench-RAG,1200000,1200000,ACORN,random,0.1,3,0.0,0.013512,0.959341,0.980781
LegalBench-RAG,1200000,1200000,ACORN,random,0.1,4,0.0,0.015931,0.964402,0.981987
LegalBench-RAG,1200000,1200000,ACORN,random,0.1,5,0.0,0.017355,0.966173,0.983849
LegalBench-RAG,1200000,1200000,ACORN,random,0.1,6,0.0,0.009544,0.95844,0.98024
LegalBench-RAG,1200000,1200000,ACORN,random,0.1,7,0.0,0.013831,0.966038,0.983492
LegalBench-RAG,1200000,1200000,ACORN,random,0.1,8,0.0,0.020544,0.965155,0.981169
LegalBench-RAG,1200000,1200000,ACORN,random,0.1,9,0.0,0.014998,0.956717,0.977808
LegalBench-RAG,1200000,1200000,HoneyBee,random,0.1,0,0.0,0.012837,0.963716,0.980987
LegalBench-RAG,1200000,1200000,HoneyBee,random,0.1,1,0.0,0.012204,0.96461,0.982624
LegalBench-RAG,1200000,1200000,HoneyBee,random,0.1,2,0.0,0.009608,0.965466,0.982397
LegalBench-RAG,1200000,1200000,HoneyBee,random,0.1,3,0.0,0.013925,0.964669,0.982479
LegalBench-RAG,1200000,1200000,HoneyBee,random,0.1,4,0.0,0.014308,0.961336,0.978974
LegalBench-RAG,1200000,1200000,HoneyBee,random,0.1,5,0.0,0.015484,0.967914,0.987541
LegalBench-RAG,1200000,1200000,HoneyBee,random,0.1,6,0.0,0.017757,0.963287,0.983139
LegalBench-RAG,1200000,1200000,HoneyBee,random,0.1,7,0.0,0.011301,0.961258,0.981533
LegalBench-RAG,1200000,1200000,HoneyBee,random,0.1,8,0.0,0.012638,0.959274,0.977638
LegalBench-RAG,1200000,1200000,HoneyBee,random,0.1,9,0.0,0.015759,0.963367,0.981279
LegalBench-RAG,1200000,1200000,SPFresh,random,0.1,0,0.0,0.021808,0.953261,0.981413
LegalBench-RAG,1200000,1200000,SPFresh,random,0.1,1,0.0,0.026831,0.95467,0.982862
LegalBench-RAG,1200000,1200000,SPFresh,random,0.1,2,0.0,0.021622,0.95951,0.985507
LegalBench-RAG,1200000,1200000,SPFresh,random,0.1,3,0.0,0.020963,0.953965,0.978606
LegalBench-RAG,1200000,1200000,SPFresh,random,0.1,4,0.0,0.02008,0.959173,0.98267
LegalBench-RAG,1200000,1200000,SPFresh,random,0.1,5,0.0,0.021037,0.95474,0.980817
LegalBench-RAG,1200000,1200000,SPFresh,random,0.1,6,0.0,0.020494,0.956409,0.984107
LegalBench-RAG,1200000,1200000,SPFresh,random,0.1,7,0.0,0.025949,0.954104,0.982652
LegalBench-RAG,1200000,1200000,SPFresh,random,0.1,8,0.0,0.022844,0.958072,0.98512
LegalBench-RAG,1200000,1200000,SPFresh,random,0.1,9,0.0,0.024721,0.957267,0.984259
LegalBench-RAG,1200000,1200000,Oracle,random,0.1,0,0.0,0.0,0.983303,0.983303
LegalBench-RAG,1200000,1200000,Oracle,random,0.1,1,0.0,0.0,0.97798,0.97798
LegalBench-RAG,1200000,1200000,Oracle,random,0.1,2,0.0,0.0,0.983048,0.983048
LegalBench-RAG,1200000,1200000,Oracle,random,0.1,3,0.0,0.0,0.979815,0.979815
LegalBench-RAG,1200000,1200000,Oracle,random,0.1,4,0.0,0.0,0.98284,0.98284
LegalBench-RAG,1200000,1200000,Oracle,random,0.1,5,0.0,0.0,0.983445,0.983445
LegalBench-RAG,1200000,1200000,Oracle,random,0.1,6,0.0,0.0,0.981274,0.981274
LegalBench-RAG,1200000,1200000,Oracle,random,0.1,7,0.0,0.0,0.98297,0.98297
LegalBench-RAG,1200000,1200000,Oracle,random,0.1,8,0.0,0.0,0.983984,0.983984
LegalBench-RAG,1200000,1200000,Oracle,random,0.1,9,0.0,0.0,0.98048,0.98048
LegalBench-RAG,1200000,1200000,Tombstone,random,0.2,0,0.0,0.059306,0.937613,0.97731
LegalBench-RAG,1200000,1200000,Tombstone,random,0.2,1,0.0,0.066003,0.939957,0.979872
LegalBench-RAG,1200000,1200000,Tombstone,random,0.2,2,0.0,0.059061,0.942114,0.984907
LegalBench-RAG,1200000,1200000,Tombstone,random,0.2,3,0.0,0.060263,0.945328,0.984863
LegalBench-RAG,1200000,1200000,Tombstone,random,0.2,4,0.0,0.06128,0.944589,0.984916
LegalBench-RAG,1200000,1200000,Tombstone,random,0.2,5,0.0,0.065057,0.944496,0.982226
LegalBench-RAG,1200000,1200000,Tombstone,random,0.2,6,0.0,0.060115,0.947606,0.985806
LegalBench-RAG,1200000,1200000,Tombstone,random,0.2,7,0.0,0.060528,0.945536,0.983653
LegalBench-RAG,1200000,1200000,Tombstone,random,0.2,8,0.0,0.059266,0.939334,0.981031
LegalBench-RAG,1200000,1200000,Tombstone,random,0.2,9,0.0,0.062091,0.942258,0.981682
LegalBench-RAG,1200000,1200000,Post-filter,random,0.2,0,0.0,0.059621,0.940506,0.983315
LegalBench-RAG,1200000,1200000,Post-filter,random,0.2,1,0.0,0.066166,0.940355,0.984749
LegalBench-RAG,1200000,1200000,Post-filter,random,0.2,2,0.0,0.064125,0.940654,0.980722
LegalBench-RAG,1200000,1200000,Post-filter,random,0.2,3,0.0,0.066273,0.934812,0.979978
LegalBench-RAG,1200000,1200000,Post-filter,random,0.2,4,0.0,0.064804,0.940696,0.984549
LegalBench-RAG,1200000,1200000,Post-filter,random,0.2,5,0.0,0.066729,0.941685,0.982582
LegalBench-RAG,1200000,1200000,Post-filter,random,0.2,6,0.0,0.063314,0.938378,0.982424
LegalBench-RAG,1200000,1200000,Post-filter,random,0.2,7,0.0,0.065214,0.936736,0.979783
LegalBench-RAG,1200000,1200000,Post-filter,random,0.2,8,0.0,0.068215,0.939913,0.981913
LegalBench-RAG,1200000,1200000,Post-filter,random,0.2,9,0.0,0.062746,0.937476,0.981899
LegalBench-RAG,1200000,1200000,Lethe,random,0.2,0,0.0,0.0,0.976463,0.978757
LegalBench-RAG,1200000,1200000,Lethe,random,0.2,1,0.0,0.001888,0.977978,0.982137
LegalBench-RAG,1200000,1200000,Lethe,random,0.2,2,0.0,0.008607,0.971283,0.977708
LegalBench-RAG,1200000,1200000,Lethe,random,0.2,3,0.0,0.003117,0.977338,0.980451
LegalBench-RAG,1200000,1200000,Lethe,random,0.2,4,0.0,0.004973,0.975357,0.981857
LegalBench-RAG,1200000,1200000,Lethe,random,0.2,5,0.0,0.0,0.978868,0.98291
LegalBench-RAG,1200000,1200000,Lethe,random,0.2,6,0.0,0.005232,0.978565,0.983555
LegalBench-RAG,1200000,1200000,Lethe,random,0.2,7,0.0,0.004198,0.979231,0.983938
LegalBench-RAG,1200000,1200000,Lethe,random,0.2,8,0.0,0.004646,0.980077,0.982788
LegalBench-RAG,1200000,1200000,Lethe,random,0.2,9,0.0,0.001265,0.977865,0.983867
LegalBench-RAG,1200000,1200000,Lethe-no-bypass,random,0.2,0,0.0,0.020798,0.923491,0.978266
LegalBench-RAG,1200000,1200000,Lethe-no-bypass,random,0.2,1,0.0,0.02667,0.922456,0.977825
LegalBench-RAG,1200000,1200000,Lethe-no-bypass,random,0.2,2,0.0,0.023298,0.931669,0.985481
LegalBench-RAG,1200000,1200000,Lethe-no-bypass,random,0.2,3,0.0,0.020186,0.933204,0.986555
LegalBench-RAG,1200000,1200000,Lethe-no-bypass,random,0.2,4,0.0,0.018384,0.926344,0.983047
LegalBench-RAG,1200000,1200000,Lethe-no-bypass,random,0.2,5,0.0,0.027044,0.923522,0.978458
LegalBench-RAG,1200000,1200000,Lethe-no-bypass,random,0.2,6,0.0,0.023047,0.926258,0.980787
LegalBench-RAG,1200000,1200000,Lethe-no-bypass,random,0.2,7,0.0,0.019504,0.923582,0.98299
LegalBench-RAG,1200000,1200000,Lethe-no-bypass,random,0.2,8,0.0,0.018555,0.930776,0.982776
LegalBench-RAG,1200000,1200000,Lethe-no-bypass,random,0.2,9,0.0,0.017517,0.923622,0.981763
LegalBench-RAG,1200000,1200000,Lethe-no-revaware-traversal,random,0.2,0,0.0,0.056259,0.956516,0.982362
LegalBench-RAG,1200000,1200000,Lethe-no-revaware-traversal,random,0.2,1,0.0,0.061018,0.956829,0.98147
LegalBench-RAG,1200000,1200000,Lethe-no-revaware-traversal,random,0.2,2,0.0,0.059143,0.955614,0.979495
LegalBench-RAG,1200000,1200000,Lethe-no-revaware-traversal,random,0.2,3,0.0,0.058878,0.955995,0.980806
LegalBench-RAG,1200000,1200000,Lethe-no-revaware-traversal,random,0.2,4,0.0,0.054565,0.962813,0.985287
LegalBench-RAG,1200000,1200000,Lethe-no-revaware-traversal,random,0.2,5,0.0,0.060302,0.953184,0.979234
LegalBench-RAG,1200000,1200000,Lethe-no-revaware-traversal,random,0.2,6,0.0,0.055629,0.955951,0.982705
LegalBench-RAG,1200000,1200000,Lethe-no-revaware-traversal,random,0.2,7,0.0,0.061755,0.957136,0.984523
LegalBench-RAG,1200000,1200000,Lethe-no-revaware-traversal,random,0.2,8,0.0,0.055546,0.957498,0.9814
LegalBench-RAG,1200000,1200000,Lethe-no-revaware-traversal,random,0.2,9,0.0,0.056682,0.954614,0.981448
LegalBench-RAG,1200000,1200000,Physical-delete,random,0.2,0,0.0,0.013446,0.94443,0.983153
LegalBench-RAG,1200000,1200000,Physical-delete,random,0.2,1,0.0,0.013903,0.948723,0.984558
LegalBench-RAG,1200000,1200000,Physical-delete,random,0.2,2,0.0,0.013593,0.943108,0.984717
LegalBench-RAG,1200000,1200000,Physical-delete,random,0.2,3,0.0,0.011287,0.946709,0.983034
LegalBench-RAG,1200000,1200000,Physical-delete,random,0.2,4,0.0,0.015784,0.943365,0.980265
LegalBench-RAG,1200000,1200000,Physical-delete,random,0.2,5,0.0,0.013982,0.947363,0.98078
LegalBench-RAG,1200000,1200000,Physical-delete,random,0.2,6,0.0,0.017207,0.945742,0.980299
LegalBench-RAG,1200000,1200000,Physical-delete,random,0.2,7,0.0,0.014315,0.945422,0.98242
LegalBench-RAG,1200000,1200000,Physical-delete,random,0.2,8,0.0,0.017923,0.944853,0.981223
LegalBench-RAG,1200000,1200000,Physical-delete,random,0.2,9,0.0,0.01096,0.94636,0.983886
LegalBench-RAG,1200000,1200000,Periodic-rebuild,random,0.2,0,0.0,0.026985,0.959911,0.980814
LegalBench-RAG,1200000,1200000,Periodic-rebuild,random,0.2,1,0.0,0.027999,0.963227,0.984356
LegalBench-RAG,1200000,1200000,Periodic-rebuild,random,0.2,2,0.0,0.026623,0.963246,0.980722
LegalBench-RAG,1200000,1200000,Periodic-rebuild,random,0.2,3,0.0,0.024377,0.964391,0.983923
LegalBench-RAG,1200000,1200000,Periodic-rebuild,random,0.2,4,0.0,0.033137,0.963835,0.982503
LegalBench-RAG,1200000,1200000,Periodic-rebuild,random,0.2,5,0.0,0.03117,0.970558,0.982393
LegalBench-RAG,1200000,1200000,Periodic-rebuild,random,0.2,6,0.0,0.02572,0.961197,0.980353
LegalBench-RAG,1200000,1200000,Periodic-rebuild,random,0.2,7,0.0,0.027462,0.965507,0.982261
LegalBench-RAG,1200000,1200000,Periodic-rebuild,random,0.2,8,0.0,0.024342,0.962266,0.981569
LegalBench-RAG,1200000,1200000,Periodic-rebuild,random,0.2,9,0.0,0.020247,0.960206,0.980725
LegalBench-RAG,1200000,1200000,Per-role-index,random,0.2,0,0.0,0.0,0.971549,0.978744
LegalBench-RAG,1200000,1200000,Per-role-index,random,0.2,1,0.0,0.008658,0.979702,0.981077
LegalBench-RAG,1200000,1200000,Per-role-index,random,0.2,2,0.0,0.003039,0.979148,0.982752
LegalBench-RAG,1200000,1200000,Per-role-index,random,0.2,3,0.0,0.005822,0.977322,0.980651
LegalBench-RAG,1200000,1200000,Per-role-index,random,0.2,4,0.0,0.004932,0.97493,0.980061
LegalBench-RAG,1200000,1200000,Per-role-index,random,0.2,5,0.0,0.000811,0.974959,0.979887
LegalBench-RAG,1200000,1200000,Per-role-index,random,0.2,6,0.0,0.004255,0.977733,0.983603
LegalBench-RAG,1200000,1200000,Per-role-index,random,0.2,7,0.0,0.0,0.974614,0.979964
LegalBench-RAG,1200000,1200000,Per-role-index,random,0.2,8,0.0,0.0,0.977864,0.983139
LegalBench-RAG,1200000,1200000,Per-role-index,random,0.2,9,0.0,0.004415,0.980491,0.98208
LegalBench-RAG,1200000,1200000,ACORN,random,0.2,0,0.0,0.027922,0.959479,0.979951
LegalBench-RAG,1200000,1200000,ACORN,random,0.2,1,0.0,0.023486,0.958504,0.981322
LegalBench-RAG,1200000,1200000,ACORN,random,0.2,2,0.0,0.026103,0.956975,0.979621
LegalBench-RAG,1200000,1200000,ACORN,random,0.2,3,0.0,0.02313,0.959334,0.979594
LegalBench-RAG,1200000,1200000,ACORN,random,0.2,4,0.0,0.023567,0.966851,0.984549
LegalBench-RAG,1200000,1200000,ACORN,random,0.2,5,0.0,0.023766,0.957665,0.979797
LegalBench-RAG,1200000,1200000,ACORN,random,0.2,6,0.0,0.027702,0.96564,0.98203
LegalBench-RAG,1200000,1200000,ACORN,random,0.2,7,0.0,0.025371,0.962802,0.984366
LegalBench-RAG,1200000,1200000,ACORN,random,0.2,8,0.0,0.02479,0.961134,0.982936
LegalBench-RAG,1200000,1200000,ACORN,random,0.2,9,0.0,0.02685,0.959817,0.980824
LegalBench-RAG,1200000,1200000,HoneyBee,random,0.2,0,0.0,0.01304,0.960531,0.97846
LegalBench-RAG,1200000,1200000,HoneyBee,random,0.2,1,0.0,0.023846,0.966022,0.980801
LegalBench-RAG,1200000,1200000,HoneyBee,random,0.2,2,0.0,0.021724,0.96231,0.979377
LegalBench-RAG,1200000,1200000,HoneyBee,random,0.2,3,0.0,0.01846,0.967507,0.983673
LegalBench-RAG,1200000,1200000,HoneyBee,random,0.2,4,0.0,0.018132,0.956492,0.98054
LegalBench-RAG,1200000,1200000,HoneyBee,random,0.2,5,0.0,0.026671,0.960344,0.979528
LegalBench-RAG,1200000,1200000,HoneyBee,random,0.2,6,0.0,0.018881,0.966987,0.983528
LegalBench-RAG,1200000,1200000,HoneyBee,random,0.2,7,0.0,0.02041,0.962817,0.984241
LegalBench-RAG,1200000,1200000,HoneyBee,random,0.2,8,0.0,0.019171,0.962592,0.980373
LegalBench-RAG,1200000,1200000,HoneyBee,random,0.2,9,0.0,0.019123,0.962377,0.982782
LegalBench-RAG,1200000,1200000,SPFresh,random,0.2,0,0.0,0.040547,0.956396,0.983166
LegalBench-RAG,1200000,1200000,SPFresh,random,0.2,1,0.0,0.036246,0.957671,0.984626
LegalBench-RAG,1200000,1200000,SPFresh,random,0.2,2,0.0,0.035823,0.955944,0.98119
LegalBench-RAG,1200000,1200000,SPFresh,random,0.2,3,0.0,0.040882,0.957562,0.982658
LegalBench-RAG,1200000,1200000,SPFresh,random,0.2,4,0.0,0.034983,0.955881,0.983595
LegalBench-RAG,1200000,1200000,SPFresh,random,0.2,5,0.0,0.039936,0.957474,0.981945
LegalBench-RAG,1200000,1200000,SPFresh,random,0.2,6,0.0,0.037302,0.950758,0.976685
LegalBench-RAG,1200000,1200000,SPFresh,random,0.2,7,0.0,0.039444,0.956084,0.978821
LegalBench-RAG,1200000,1200000,SPFresh,random,0.2,8,0.0,0.037781,0.953331,0.981712
LegalBench-RAG,1200000,1200000,SPFresh,random,0.2,9,0.0,0.039125,0.955783,0.980711
LegalBench-RAG,1200000,1200000,Oracle,random,0.2,0,0.0,0.0,0.97927,0.97927
LegalBench-RAG,1200000,1200000,Oracle,random,0.2,1,0.0,0.0,0.98192,0.98192
LegalBench-RAG,1200000,1200000,Oracle,random,0.2,2,0.0,0.0,0.981345,0.981345
LegalBench-RAG,1200000,1200000,Oracle,random,0.2,3,0.0,0.0,0.983761,0.983761
LegalBench-RAG,1200000,1200000,Oracle,random,0.2,4,0.0,0.0,0.978319,0.978319
LegalBench-RAG,1200000,1200000,Oracle,random,0.2,5,0.0,0.0,0.982416,0.982416
LegalBench-RAG,1200000,1200000,Oracle,random,0.2,6,0.0,0.0,0.980586,0.980586
LegalBench-RAG,1200000,1200000,Oracle,random,0.2,7,0.0,0.0,0.981294,0.981294
LegalBench-RAG,1200000,1200000,Oracle,random,0.2,8,0.0,0.0,0.980701,0.980701
LegalBench-RAG,1200000,1200000,Oracle,random,0.2,9,0.0,0.0,0.980797,0.980797
LegalBench-RAG,1200000,1200000,Tombstone,random,0.3,0,0.0,0.079744,0.94515,0.983355
LegalBench-RAG,1200000,1200000,Tombstone,random,0.3,1,0.0,0.085541,0.944541,0.982698
LegalBench-RAG,1200000,1200000,Tombstone,random,0.3,2,0.0,0.082651,0.943186,0.981445
LegalBench-RAG,1200000,1200000,Tombstone,random,0.3,3,0.0,0.081767,0.940804,0.982617
LegalBench-RAG,1200000,1200000,Tombstone,random,0.3,4,0.0,0.078278,0.943837,0.983262
LegalBench-RAG,1200000,1200000,Tombstone,random,0.3,5,0.0,0.085892,0.943427,0.980702
LegalBench-RAG,1200000,1200000,Tombstone,random,0.3,6,0.0,0.080783,0.942023,0.983633
LegalBench-RAG,1200000,1200000,Tombstone,random,0.3,7,0.0,0.085965,0.939697,0.979878
LegalBench-RAG,1200000,1200000,Tombstone,random,0.3,8,0.0,0.076925,0.94249,0.982151
LegalBench-RAG,1200000,1200000,Tombstone,random,0.3,9,0.0,0.081859,0.945223,0.984295
LegalBench-RAG,1200000,1200000,Post-filter,random,0.3,0,0.0,0.082466,0.935649,0.978179
LegalBench-RAG,1200000,1200000,Post-filter,random,0.3,1,0.0,0.09134,0.940388,0.982624
LegalBench-RAG,1200000,1200000,Post-filter,random,0.3,2,0.0,0.09357,0.936658,0.981356
LegalBench-RAG,1200000,1200000,Post-filter,random,0.3,3,0.0,0.089914,0.938317,0.980819
LegalBench-RAG,1200000,1200000,Post-filter,random,0.3,4,0.0,0.085823,0.936582,0.984078
LegalBench-RAG,1200000,1200000,Post-filter,random,0.3,5,0.0,0.083281,0.939286,0.9831
LegalBench-RAG,1200000,1200000,Post-filter,random,0.3,6,0.0,0.087251,0.939816,0.984451
LegalBench-RAG,1200000,1200000,Post-filter,random,0.3,7,0.0,0.091096,0.935784,0.979779
LegalBench-RAG,1200000,1200000,Post-filter,random,0.3,8,0.0,0.092542,0.939054,0.983472
LegalBench-RAG,1200000,1200000,Post-filter,random,0.3,9,0.0,0.086955,0.936862,0.979991
LegalBench-RAG,1200000,1200000,Lethe,random,0.3,0,0.0,0.003346,0.977178,0.978813
LegalBench-RAG,1200000,1200000,Lethe,random,0.3,1,0.0,0.003922,0.975812,0.980049
LegalBench-RAG,1200000,1200000,Lethe,random,0.3,2,0.0,0.006723,0.979438,0.983705
LegalBench-RAG,1200000,1200000,Lethe,random,0.3,3,0.0,0.00801,0.977336,0.980738
LegalBench-RAG,1200000,1200000,Lethe,random,0.3,4,0.0,0.00642,0.975801,0.980959
LegalBench-RAG,1200000,1200000,Lethe,random,0.3,5,0.0,0.001605,0.978578,0.98198
LegalBench-RAG,1200000,1200000,Lethe,random,0.3,6,0.0,0.0,0.982461,0.984842
LegalBench-RAG,1200000,1200000,Lethe,random,0.3,7,0.0,0.005875,0.977857,0.983558
LegalBench-RAG,1200000,1200000,Lethe,random,0.3,8,0.0,0.004859,0.977134,0.981004
LegalBench-RAG,1200000,1200000,Lethe,random,0.3,9,0.0,0.007702,0.978262,0.984782
LegalBench-RAG,1200000,1200000,Lethe-no-bypass,random,0.3,0,0.0,0.026238,0.92354,0.981359
LegalBench-RAG,1200000,1200000,Lethe-no-bypass,random,0.3,1,0.0,0.029281,0.925021,0.983249
LegalBench-RAG,1200000,1200000,Lethe-no-bypass,random,0.3,2,0.0,0.031883,0.927229,0.982932
LegalBench-RAG,1200000,1200000,Lethe-no-bypass,random,0.3,3,0.0,0.027715,0.926471,0.983243
LegalBench-RAG,1200000,1200000,Lethe-no-bypass,random,0.3,4,0.0,0.02935,0.923563,0.981527
LegalBench-RAG,1200000,1200000,Lethe-no-bypass,random,0.3,5,0.0,0.026186,0.931696,0.98476
LegalBench-RAG,1200000,1200000,Lethe-no-bypass,random,0.3,6,0.0,0.027979,0.930401,0.983558
LegalBench-RAG,1200000,1200000,Lethe-no-bypass,random,0.3,7,0.0,0.030984,0.926873,0.981325
LegalBench-RAG,1200000,1200000,Lethe-no-bypass,random,0.3,8,0.0,0.029454,0.928502,0.984315
LegalBench-RAG,1200000,1200000,Lethe-no-bypass,random,0.3,9,0.0,0.032113,0.926683,0.982419
LegalBench-RAG,1200000,1200000,Lethe-no-revaware-traversal,random,0.3,0,0.0,0.075376,0.954545,0.983658
LegalBench-RAG,1200000,1200000,Lethe-no-revaware-traversal,random,0.3,1,0.0,0.072379,0.956068,0.981076
LegalBench-RAG,1200000,1200000,Lethe-no-revaware-traversal,random,0.3,2,0.0,0.071192,0.958976,0.983509
LegalBench-RAG,1200000,1200000,Lethe-no-revaware-traversal,random,0.3,3,0.0,0.08071,0.950359,0.979934
LegalBench-RAG,1200000,1200000,Lethe-no-revaware-traversal,random,0.3,4,0.0,0.080883,0.958668,0.982009
LegalBench-RAG,1200000,1200000,Lethe-no-revaware-traversal,random,0.3,5,0.0,0.077938,0.951147,0.980562
LegalBench-RAG,1200000,1200000,Lethe-no-revaware-traversal,random,0.3,6,0.0,0.078369,0.959475,0.986113
LegalBench-RAG,1200000,1200000,Lethe-no-revaware-traversal,random,0.3,7,0.0,0.078809,0.954174,0.980621
LegalBench-RAG,1200000,1200000,Lethe-no-revaware-traversal,random,0.3,8,0.0,0.083975,0.959666,0.986163
LegalBench-RAG,1200000,1200000,Lethe-no-revaware-traversal,random,0.3,9,0.0,0.077465,0.954749,0.98195
LegalBench-RAG,1200000,1200000,Physical-delete,random,0.3,0,0.0,0.018685,0.945505,0.984139
LegalBench-RAG,1200000,1200000,Physical-delete,random,0.3,1,0.0,0.021348,0.943054,0.980222
LegalBench-RAG,1200000,1200000,Physical-delete,random,0.3,2,0.0,0.024808,0.943561,0.981911
LegalBench-RAG,1200000,1200000,Physical-delete,random,0.3,3,0.0,0.020003,0.943549,0.980129
LegalBench-RAG,1200000,1200000,Physical-delete,random,0.3,4,0.0,0.017799,0.946781,0.983343
LegalBench-RAG,1200000,1200000,Physical-delete,random,0.3,5,0.0,0.019925,0.949055,0.983626
LegalBench-RAG,1200000,1200000,Physical-delete,random,0.3,6,0.0,0.021322,0.947691,0.984676
LegalBench-RAG,1200000,1200000,Physical-delete,random,0.3,7,0.0,0.022452,0.945602,0.981402
LegalBench-RAG,1200000,1200000,Physical-delete,random,0.3,8,0.0,0.023259,0.94479,0.980164
LegalBench-RAG,1200000,1200000,Physical-delete,random,0.3,9,0.0,0.022409,0.951198,0.986054
LegalBench-RAG,1200000,1200000,Periodic-rebuild,random,0.3,0,0.0,0.036053,0.962586,0.982812
LegalBench-RAG,1200000,1200000,Periodic-rebuild,random,0.3,1,0.0,0.039724,0.961502,0.981362
LegalBench-RAG,1200000,1200000,Periodic-rebuild,random,0.3,2,0.0,0.042058,0.968325,0.982034
LegalBench-RAG,1200000,1200000,Periodic-rebuild,random,0.3,3,0.0,0.045215,0.96373,0.983299
LegalBench-RAG,1200000,1200000,Periodic-rebuild,random,0.3,4,0.0,0.038801,0.968076,0.982179
LegalBench-RAG,1200000,1200000,Periodic-rebuild,random,0.3,5,0.0,0.039919,0.970469,0.985064
LegalBench-RAG,1200000,1200000,Periodic-rebuild,random,0.3,6,0.0,0.037876,0.96542,0.985042
LegalBench-RAG,1200000,1200000,Periodic-rebuild,random,0.3,7,0.0,0.043089,0.969556,0.983591
LegalBench-RAG,1200000,1200000,Periodic-rebuild,random,0.3,8,0.0,0.042841,0.961812,0.980598
LegalBench-RAG,1200000,1200000,Periodic-rebuild,random,0.3,9,0.0,0.040112,0.961369,0.977492
LegalBench-RAG,1200000,1200000,Per-role-index,random,0.3,0,0.0,0.00684,0.978738,0.981347
LegalBench-RAG,1200000,1200000,Per-role-index,random,0.3,1,0.0,0.002594,0.979084,0.98066
LegalBench-RAG,1200000,1200000,Per-role-index,random,0.3,2,0.0,0.003494,0.981324,0.985186
LegalBench-RAG,1200000,1200000,Per-role-index,random,0.3,3,0.0,0.001648,0.97729,0.982507
LegalBench-RAG,1200000,1200000,Per-role-index,random,0.3,4,0.0,0.002187,0.977419,0.981725
LegalBench-RAG,1200000,1200000,Per-role-index,random,0.3,5,0.0,0.006151,0.985046,0.98548
LegalBench-RAG,1200000,1200000,Per-role-index,random,0.3,6,0.0,0.004429,0.979123,0.979937
LegalBench-RAG,1200000,1200000,Per-role-index,random,0.3,7,0.0,0.000736,0.981485,0.983337
LegalBench-RAG,1200000,1200000,Per-role-index,random,0.3,8,0.0,0.0,0.97476,0.981355
LegalBench-RAG,1200000,1200000,Per-role-index,random,0.3,9,0.0,0.004109,0.974238,0.982046
LegalBench-RAG,1200000,1200000,ACORN,random,0.3,0,0.0,0.039387,0.959898,0.980775
LegalBench-RAG,1200000,1200000,ACORN,random,0.3,1,0.0,0.036118,0.956142,0.980867
LegalBench-RAG,1200000,1200000,ACORN,random,0.3,2,0.0,0.034757,0.963117,0.983923
LegalBench-RAG,1200000,1200000,ACORN,random,0.3,3,0.0,0.038447,0.959188,0.981108
LegalBench-RAG,1200000,1200000,ACORN,random,0.3,4,0.0,0.034755,0.964623,0.983443
LegalBench-RAG,1200000,1200000,ACORN,random,0.3,5,0.0,0.040794,0.956349,0.979825
LegalBench-RAG,1200000,1200000,ACORN,random,0.3,6,0.0,0.038326,0.960499,0.982293
LegalBench-RAG,1200000,1200000,ACORN,random,0.3,7,0.0,0.033606,0.963852,0.982522
LegalBench-RAG,1200000,1200000,ACORN,random,0.3,8,0.0,0.035054,0.962733,0.981771
LegalBench-RAG,1200000,1200000,ACORN,random,0.3,9,0.0,0.032345,0.966069,0.982964
LegalBench-RAG,1200000,1200000,HoneyBee,random,0.3,0,0.0,0.031601,0.964158,0.981731
LegalBench-RAG,1200000,1200000,HoneyBee,random,0.3,1,0.0,0.028771,0.966368,0.985261
LegalBench-RAG,1200000,1200000,HoneyBee,random,0.3,2,0.0,0.03616,0.964679,0.982031
LegalBench-RAG,1200000,1200000,HoneyBee,random,0.3,3,0.0,0.034991,0.962521,0.981602
LegalBench-RAG,1200000,1200000,HoneyBee,random,0.3,4,0.0,0.031988,0.96052,0.983443
LegalBench-RAG,1200000,1200000,HoneyBee,random,0.3,5,0.0,0.030855,0.961825,0.982373
LegalBench-RAG,1200000,1200000,HoneyBee,random,0.3,6,0.0,0.030778,0.959766,0.979457
LegalBench-RAG,1200000,1200000,HoneyBee,random,0.3,7,0.0,0.024057,0.962502,0.98204
LegalBench-RAG,1200000,1200000,HoneyBee,random,0.3,8,0.0,0.025502,0.967888,0.983407
LegalBench-RAG,1200000,1200000,HoneyBee,random,0.3,9,0.0,0.026732,0.957316,0.976858
LegalBench-RAG,1200000,1200000,SPFresh,random,0.3,0,0.0,0.054197,0.960716,0.986312
LegalBench-RAG,1200000,1200000,SPFresh,random,0.3,1,0.0,0.049358,0.95899,0.982811
LegalBench-RAG,1200000,1200000,SPFresh,random,0.3,2,0.0,0.053936,0.956686,0.982783
LegalBench-RAG,1200000,1200000,SPFresh,random,0.3,3,0.0,0.054458,0.958874,0.984638
LegalBench-RAG,1200000,1200000,SPFresh,random,0.3,4,0.0,0.048024,0.960702,0.98457
LegalBench-RAG,1200000,1200000,SPFresh,random,0.3,5,0.0,0.049393,0.951527,0.97771
LegalBench-RAG,1200000,1200000,SPFresh,random,0.3,6,0.0,0.050452,0.958069,0.98636
LegalBench-RAG,1200000,1200000,SPFresh,random,0.3,7,0.0,0.054086,0.956012,0.982411
LegalBench-RAG,1200000,1200000,SPFresh,random,0.3,8,0.0,0.056312,0.960458,0.981307
LegalBench-RAG,1200000,1200000,SPFresh,random,0.3,9,0.0,0.058139,0.954043,0.981392
LegalBench-RAG,1200000,1200000,Oracle,random,0.3,0,0.0,0.0,0.984399,0.984399
LegalBench-RAG,1200000,1200000,Oracle,random,0.3,1,0.0,0.0,0.980029,0.980029
LegalBench-RAG,1200000,1200000,Oracle,random,0.3,2,0.0,0.0,0.983046,0.983046
LegalBench-RAG,1200000,1200000,Oracle,random,0.3,3,0.0,0.0,0.980071,0.980071
LegalBench-RAG,1200000,1200000,Oracle,random,0.3,4,0.0,0.0,0.97768,0.97768
LegalBench-RAG,1200000,1200000,Oracle,random,0.3,5,0.0,0.0,0.981909,0.981909
LegalBench-RAG,1200000,1200000,Oracle,random,0.3,6,0.0,0.0,0.984719,0.984719
LegalBench-RAG,1200000,1200000,Oracle,random,0.3,7,0.0,0.0,0.983595,0.983595
LegalBench-RAG,1200000,1200000,Oracle,random,0.3,8,0.0,0.0,0.977982,0.977982
LegalBench-RAG,1200000,1200000,Oracle,random,0.3,9,0.0,0.0,0.97963,0.97963
LegalBench-RAG,1200000,1200000,Tombstone,random,0.4,0,0.0,0.103398,0.94857,0.985549
LegalBench-RAG,1200000,1200000,Tombstone,random,0.4,1,0.0,0.10052,0.944953,0.981025
LegalBench-RAG,1200000,1200000,Tombstone,random,0.4,2,0.0,0.1025,0.943779,0.98275
LegalBench-RAG,1200000,1200000,Tombstone,random,0.4,3,0.0,0.104021,0.945037,0.982189
LegalBench-RAG,1200000,1200000,Tombstone,random,0.4,4,0.0,0.108714,0.945227,0.982249
LegalBench-RAG,1200000,1200000,Tombstone,random,0.4,5,0.0,0.099494,0.942352,0.983717
LegalBench-RAG,1200000,1200000,Tombstone,random,0.4,6,0.0,0.104427,0.942466,0.981148
LegalBench-RAG,1200000,1200000,Tombstone,random,0.4,7,0.0,0.100445,0.938984,0.980931
LegalBench-RAG,1200000,1200000,Tombstone,random,0.4,8,0.0,0.106611,0.94033,0.979408
LegalBench-RAG,1200000,1200000,Tombstone,random,0.4,9,0.0,0.100191,0.943844,0.98489
LegalBench-RAG,1200000,1200000,Post-filter,random,0.4,0,0.0,0.116361,0.93926,0.98203
LegalBench-RAG,1200000,1200000,Post-filter,random,0.4,1,0.0,0.105814,0.938075,0.981585
LegalBench-RAG,1200000,1200000,Post-filter,random,0.4,2,0.0,0.112759,0.940325,0.983589
LegalBench-RAG,1200000,1200000,Post-filter,random,0.4,3,0.0,0.115391,0.941558,0.982195
LegalBench-RAG,1200000,1200000,Post-filter,random,0.4,4,0.0,0.11434,0.931735,0.978192
LegalBench-RAG,1200000,1200000,Post-filter,random,0.4,5,0.0,0.108839,0.938767,0.982028
LegalBench-RAG,1200000,1200000,Post-filter,random,0.4,6,0.0,0.10942,0.940426,0.982748
LegalBench-RAG,1200000,1200000,Post-filter,random,0.4,7,0.0,0.116162,0.940302,0.981724
LegalBench-RAG,1200000,1200000,Post-filter,random,0.4,8,0.0,0.109394,0.939273,0.983619
LegalBench-RAG,1200000,1200000,Post-filter,random,0.4,9,0.0,0.115454,0.934219,0.981576
LegalBench-RAG,1200000,1200000,Lethe,random,0.4,0,0.0,0.012993,0.977012,0.982712
LegalBench-RAG,1200000,1200000,Lethe,random,0.4,1,0.0,0.011083,0.980356,0.984038
LegalBench-RAG,1200000,1200000,Lethe,random,0.4,2,0.0,0.002938,0.977895,0.983068
LegalBench-RAG,1200000,1200000,Lethe,random,0.4,3,0.0,0.006337,0.980339,0.983758
LegalBench-RAG,1200000,1200000,Lethe,random,0.4,4,0.0,0.002113,0.980923,0.984459
LegalBench-RAG,1200000,1200000,Lethe,random,0.4,5,0.0,0.005809,0.976972,0.98336
LegalBench-RAG,1200000,1200000,Lethe,random,0.4,6,0.0,0.00821,0.975225,0.981037
LegalBench-RAG,1200000,1200000,Lethe,random,0.4,7,0.0,0.005895,0.975599,0.982214
LegalBench-RAG,1200000,1200000,Lethe,random,0.4,8,0.0,0.001976,0.979228,0.981388
LegalBench-RAG,1200000,1200000,Lethe,random,0.4,9,0.0,0.000168,0.975009,0.981469
LegalBench-RAG,1200000,1200000,Lethe-no-bypass,random,0.4,0,0.0,0.038026,0.92491,0.982267
LegalBench-RAG,1200000,1200000,Lethe-no-bypass,random,0.4,1,0.0,0.031096,0.92858,0.982628
LegalBench-RAG,1200000,1200000,Lethe-no-bypass,random,0.4,2,0.0,0.037631,0.928212,0.984856
LegalBench-RAG,1200000,1200000,Lethe-no-bypass,random,0.4,3,0.0,0.038288,0.927396,0.981172
LegalBench-RAG,1200000,1200000,Lethe-no-bypass,random,0.4,4,0.0,0.031756,0.927415,0.983253
LegalBench-RAG,1200000,1200000,Lethe-no-bypass,random,0.4,5,0.0,0.038135,0.920337,0.979884
LegalBench-RAG,1200000,1200000,Lethe-no-bypass,random,0.4,6,0.0,0.038858,0.929562,0.982261
LegalBench-RAG,1200000,1200000,Lethe-no-bypass,random,0.4,7,0.0,0.03707,0.932161,0.985873
LegalBench-RAG,1200000,1200000,Lethe-no-bypass,random,0.4,8,0.0,0.042203,0.926147,0.981886
LegalBench-RAG,1200000,1200000,Lethe-no-bypass,random,0.4,9,0.0,0.033705,0.924818,0.9801
LegalBench-RAG,1200000,1200000,Lethe-no-revaware-traversal,random,0.4,0,0.0,0.096449,0.951796,0.979532
LegalBench-RAG,1200000,1200000,Lethe-no-revaware-traversal,random,0.4,1,0.0,0.102599,0.958553,0.983584
LegalBench-RAG,1200000,1200000,Lethe-no-revaware-traversal,random,0.4,2,0.0,0.101427,0.958715,0.984146
LegalBench-RAG,1200000,1200000,Lethe-no-revaware-traversal,random,0.4,3,0.0,0.100056,0.954937,0.983343
LegalBench-RAG,1200000,1200000,Lethe-no-revaware-traversal,random,0.4,4,0.0,0.093305,0.955977,0.979661
LegalBench-RAG,1200000,1200000,Lethe-no-revaware-traversal,random,0.4,5,0.0,0.0946,0.957464,0.980934
LegalBench-RAG,1200000,1200000,Lethe-no-revaware-traversal,random,0.4,6,0.0,0.100249,0.952202,0.983376
LegalBench-RAG,1200000,1200000,Lethe-no-revaware-traversal,random,0.4,7,0.0,0.096797,0.958145,0.982074
LegalBench-RAG,1200000,1200000,Lethe-no-revaware-traversal,random,0.4,8,0.0,0.099743,0.953842,0.978467
LegalBench-RAG,1200000,1200000,Lethe-no-revaware-traversal,random,0.4,9,0.0,0.095637,0.956831,0.984042
LegalBench-RAG,1200000,1200000,Physical-delete,random,0.4,0,0.0,0.02633,0.945825,0.982343
LegalBench-RAG,1200000,1200000,Physical-delete,random,0.4,1,0.0,0.01917,0.948269,0.983757
LegalBench-RAG,1200000,1200000,Physical-delete,random,0.4,2,0.0,0.019772,0.94707,0.98179
LegalBench-RAG,1200000,1200000,Physical-delete,random,0.4,3,0.0,0.026179,0.945068,0.98482
LegalBench-RAG,1200000,1200000,Physical-delete,random,0.4,4,0.0,0.025882,0.945538,0.983574
LegalBench-RAG,1200000,1200000,Physical-delete,random,0.4,5,0.0,0.03125,0.950104,0.98522
LegalBench-RAG,1200000,1200000,Physical-delete,random,0.4,6,0.0,0.025564,0.942801,0.980683
LegalBench-RAG,1200000,1200000,Physical-delete,random,0.4,7,0.0,0.021509,0.943868,0.979795
LegalBench-RAG,1200000,1200000,Physical-delete,random,0.4,8,0.0,0.021019,0.944124,0.980446
LegalBench-RAG,1200000,1200000,Physical-delete,random,0.4,9,0.0,0.024759,0.944149,0.980368
LegalBench-RAG,1200000,1200000,Periodic-rebuild,random,0.4,0,0.0,0.043377,0.964571,0.981355
LegalBench-RAG,1200000,1200000,Periodic-rebuild,random,0.4,1,0.0,0.054149,0.963038,0.981974
LegalBench-RAG,1200000,1200000,Periodic-rebuild,random,0.4,2,0.0,0.045811,0.968906,0.983644
LegalBench-RAG,1200000,1200000,Periodic-rebuild,random,0.4,3,0.0,0.047435,0.963794,0.980336
LegalBench-RAG,1200000,1200000,Periodic-rebuild,random,0.4,4,0.0,0.053912,0.960576,0.980149
LegalBench-RAG,1200000,1200000,Periodic-rebuild,random,0.4,5,0.0,0.055192,0.967813,0.984437
LegalBench-RAG,1200000,1200000,Periodic-rebuild,random,0.4,6,0.0,0.05045,0.965424,0.979904
LegalBench-RAG,1200000,1200000,Periodic-rebuild,random,0.4,7,0.0,0.054684,0.961586,0.981015
LegalBench-RAG,1200000,1200000,Periodic-rebuild,random,0.4,8,0.0,0.060476,0.96231,0.982033
LegalBench-RAG,1200000,1200000,Periodic-rebuild,random,0.4,9,0.0,0.052042,0.960821,0.979234
LegalBench-RAG,1200000,1200000,Per-role-index,random,0.4,0,0.0,0.006737,0.982765,0.98332
LegalBench-RAG,1200000,1200000,Per-role-index,random,0.4,1,0.0,0.001595,0.974647,0.980745
LegalBench-RAG,1200000,1200000,Per-role-index,random,0.4,2,0.0,0.000873,0.978509,0.980673
LegalBench-RAG,1200000,1200000,Per-role-index,random,0.4,3,0.0,0.005542,0.978038,0.982226
LegalBench-RAG,1200000,1200000,Per-role-index,random,0.4,4,0.0,0.004717,0.980465,0.983166
LegalBench-RAG,1200000,1200000,Per-role-index,random,0.4,5,0.0,0.000141,0.976438,0.981766
LegalBench-RAG,1200000,1200000,Per-role-index,random,0.4,6,0.0,0.0,0.977188,0.980724
LegalBench-RAG,1200000,1200000,Per-role-index,random,0.4,7,0.0,0.00137,0.982846,0.983268
LegalBench-RAG,1200000,1200000,Per-role-index,random,0.4,8,0.0,0.002628,0.97994,0.983683
LegalBench-RAG,1200000,1200000,Per-role-index,random,0.4,9,0.0,0.0,0.971819,0.97766
LegalBench-RAG,1200000,1200000,ACORN,random,0.4,0,0.0,0.047379,0.960827,0.98059
LegalBench-RAG,1200000,1200000,ACORN,random,0.4,1,0.0,0.0452,0.95902,0.981269
LegalBench-RAG,1200000,1200000,ACORN,random,0.4,2,0.0,0.046905,0.963079,0.983159
LegalBench-RAG,1200000,1200000,ACORN,random,0.4,3,0.0,0.047583,0.961882,0.980197
LegalBench-RAG,1200000,1200000,ACORN,random,0.4,4,0.0,0.041736,0.965065,0.984372
LegalBench-RAG,1200000,1200000,ACORN,random,0.4,5,0.0,0.04238,0.964379,0.983989
LegalBench-RAG,1200000,1200000,ACORN,random,0.4,6,0.0,0.040294,0.962463,0.981179
LegalBench-RAG,1200000,1200000,ACORN,random,0.4,7,0.0,0.047472,0.963641,0.984339
LegalBench-RAG,1200000,1200000,ACORN,random,0.4,8,0.0,0.044025,0.960288,0.983334
LegalBench-RAG,1200000,1200000,ACORN,random,0.4,9,0.0,0.042738,0.960224,0.979499
LegalBench-RAG,1200000,1200000,HoneyBee,random,0.4,0,0.0,0.036771,0.958754,0.979905
LegalBench-RAG,1200000,1200000,HoneyBee,random,0.4,1,0.0,0.042053,0.960855,0.980826
LegalBench-RAG,1200000,1200000,HoneyBee,random,0.4,2,0.0,0.040372,0.963414,0.981156
LegalBench-RAG,1200000,1200000,HoneyBee,random,0.4,3,0.0,0.036798,0.957064,0.97628
LegalBench-RAG,1200000,1200000,HoneyBee,random,0.4,4,0.0,0.033816,0.966046,0.98209
LegalBench-RAG,1200000,1200000,HoneyBee,random,0.4,5,0.0,0.036301,0.963733,0.985445
LegalBench-RAG,1200000,1200000,HoneyBee,random,0.4,6,0.0,0.041738,0.958464,0.97802
LegalBench-RAG,1200000,1200000,HoneyBee,random,0.4,7,0.0,0.038936,0.960762,0.979568
LegalBench-RAG,1200000,1200000,HoneyBee,random,0.4,8,0.0,0.043515,0.96548,0.983846
LegalBench-RAG,1200000,1200000,HoneyBee,random,0.4,9,0.0,0.035503,0.967782,0.983463
LegalBench-RAG,1200000,1200000,SPFresh,random,0.4,0,0.0,0.0622,0.949576,0.977434
LegalBench-RAG,1200000,1200000,SPFresh,random,0.4,1,0.0,0.057512,0.958422,0.981929
LegalBench-RAG,1200000,1200000,SPFresh,random,0.4,2,0.0,0.060849,0.955053,0.984929
LegalBench-RAG,1200000,1200000,SPFresh,random,0.4,3,0.0,0.065688,0.958135,0.981505
LegalBench-RAG,1200000,1200000,SPFresh,random,0.4,4,0.0,0.06936,0.957065,0.985193
LegalBench-RAG,1200000,1200000,SPFresh,random,0.4,5,0.0,0.066298,0.955392,0.982113
LegalBench-RAG,1200000,1200000,SPFresh,random,0.4,6,0.0,0.060879,0.95135,0.980872
LegalBench-RAG,1200000,1200000,SPFresh,random,0.4,7,0.0,0.055245,0.956123,0.981512
LegalBench-RAG,1200000,1200000,SPFresh,random,0.4,8,0.0,0.069185,0.959013,0.983859
LegalBench-RAG,1200000,1200000,SPFresh,random,0.4,9,0.0,0.066835,0.956876,0.981457
LegalBench-RAG,1200000,1200000,Oracle,random,0.4,0,0.0,0.0,0.978866,0.978866
LegalBench-RAG,1200000,1200000,Oracle,random,0.4,1,0.0,0.0,0.981177,0.981177
LegalBench-RAG,1200000,1200000,Oracle,random,0.4,2,0.0,0.0,0.983242,0.983242
LegalBench-RAG,1200000,1200000,Oracle,random,0.4,3,0.0,0.0,0.984382,0.984382
LegalBench-RAG,1200000,1200000,Oracle,random,0.4,4,0.0,0.0,0.981442,0.981442
LegalBench-RAG,1200000,1200000,Oracle,random,0.4,5,0.0,0.0,0.981592,0.981592
LegalBench-RAG,1200000,1200000,Oracle,random,0.4,6,0.0,0.0,0.982183,0.982183
LegalBench-RAG,1200000,1200000,Oracle,random,0.4,7,0.0,0.0,0.98067,0.98067
LegalBench-RAG,1200000,1200000,Oracle,random,0.4,8,0.0,0.0,0.981043,0.981043
LegalBench-RAG,1200000,1200000,Oracle,random,0.4,9,0.0,0.0,0.980048,0.980048
LegalBench-RAG,1200000,1200000,Tombstone,random,0.5,0,0.0,0.124255,0.941356,0.982994
LegalBench-RAG,1200000,1200000,Tombstone,random,0.5,1,0.0,0.123712,0.946754,0.983656
LegalBench-RAG,1200000,1200000,Tombstone,random,0.5,2,0.0,0.121975,0.94563,0.983731
LegalBench-RAG,1200000,1200000,Tombstone,random,0.5,3,0.0,0.118816,0.939946,0.979909
LegalBench-RAG,1200000,1200000,Tombstone,random,0.5,4,0.0,0.11981,0.944813,0.984024
LegalBench-RAG,1200000,1200000,Tombstone,random,0.5,5,0.0,0.121456,0.944447,0.9842
LegalBench-RAG,1200000,1200000,Tombstone,random,0.5,6,0.0,0.123285,0.932388,0.977118
LegalBench-RAG,1200000,1200000,Tombstone,random,0.5,7,0.0,0.123651,0.937065,0.979412
LegalBench-RAG,1200000,1200000,Tombstone,random,0.5,8,0.0,0.126578,0.93539,0.978643
LegalBench-RAG,1200000,1200000,Tombstone,random,0.5,9,0.0,0.120243,0.936658,0.979851
LegalBench-RAG,1200000,1200000,Post-filter,random,0.5,0,0.0,0.133585,0.939444,0.982187
LegalBench-RAG,1200000,1200000,Post-filter,random,0.5,1,0.0,0.128025,0.935919,0.982583
LegalBench-RAG,1200000,1200000,Post-filter,random,0.5,2,0.0,0.129514,0.93908,0.982997
LegalBench-RAG,1200000,1200000,Post-filter,random,0.5,3,0.0,0.135662,0.935891,0.982981
LegalBench-RAG,1200000,1200000,Post-filter,random,0.5,4,0.0,0.130202,0.940258,0.983679
LegalBench-RAG,1200000,1200000,Post-filter,random,0.5,5,0.0,0.136212,0.93644,0.979746
LegalBench-RAG,1200000,1200000,Post-filter,random,0.5,6,0.0,0.128723,0.937482,0.980295
LegalBench-RAG,1200000,1200000,Post-filter,random,0.5,7,0.0,0.129802,0.93879,0.982648
LegalBench-RAG,1200000,1200000,Post-filter,random,0.5,8,0.0,0.135509,0.943341,0.986474
LegalBench-RAG,1200000,1200000,Post-filter,random,0.5,9,0.0,0.131235,0.937725,0.983865
LegalBench-RAG,1200000,1200000,Lethe,random,0.5,0,0.0,0.003288,0.976771,0.981198
LegalBench-RAG,1200000,1200000,Lethe,random,0.5,1,0.0,0.003541,0.979462,0.983701
LegalBench-RAG,1200000,1200000,Lethe,random,0.5,2,0.0,0.009564,0.974365,0.980409
LegalBench-RAG,1200000,1200000,Lethe,random,0.5,3,0.0,0.003887,0.977751,0.98368
LegalBench-RAG,1200000,1200000,Lethe,random,0.5,4,0.0,0.002756,0.982205,0.984355
LegalBench-RAG,1200000,1200000,Lethe,random,0.5,5,0.0,0.008969,0.975036,0.979733
LegalBench-RAG,1200000,1200000,Lethe,random,0.5,6,0.0,0.0,0.975928,0.980294
LegalBench-RAG,1200000,1200000,Lethe,random,0.5,7,0.0,0.005037,0.970669,0.976803
LegalBench-RAG,1200000,1200000,Lethe,random,0.5,8,0.0,0.008343,0.975639,0.980469
LegalBench-RAG,1200000,1200000,Lethe,random,0.5,9,0.0,0.003049,0.977111,0.98133
LegalBench-RAG,1200000,1200000,Lethe-no-bypass,random,0.5,0,0.0,0.039848,0.93051,0.984948
LegalBench-RAG,1200000,1200000,Lethe-no-bypass,random,0.5,1,0.0,0.040075,0.920786,0.979048
LegalBench-RAG,1200000,1200000,Lethe-no-bypass,random,0.5,2,0.0,0.048024,0.918005,0.976314
LegalBench-RAG,1200000,1200000,Lethe-no-bypass,random,0.5,3,0.0,0.042885,0.928354,0.986448
LegalBench-RAG,1200000,1200000,Lethe-no-bypass,random,0.5,4,0.0,0.043904,0.926098,0.98165
LegalBench-RAG,1200000,1200000,Lethe-no-bypass,random,0.5,5,0.0,0.042466,0.920885,0.978408
LegalBench-RAG,1200000,1200000,Lethe-no-bypass,random,0.5,6,0.0,0.043183,0.928085,0.983629
LegalBench-RAG,1200000,1200000,Lethe-no-bypass,random,0.5,7,0.0,0.04042,0.930191,0.98272
LegalBench-RAG,1200000,1200000,Lethe-no-bypass,random,0.5,8,0.0,0.040791,0.925737,0.981334
LegalBench-RAG,1200000,1200000,Lethe-no-bypass,random,0.5,9,0.0,0.040699,0.92828,0.981168
LegalBench-RAG,1200000,1200000,Lethe-no-revaware-traversal,random,0.5,0,0.0,0.114812,0.957841,0.982286
LegalBench-RAG,1200000,1200000,Lethe-no-revaware-traversal,random,0.5,1,0.0,0.113211,0.95939,0.984417
LegalBench-RAG,1200000,1200000,Lethe-no-revaware-traversal,random,0.5,2,0.0,0.121243,0.958985,0.983337
LegalBench-RAG,1200000,1200000,Lethe-no-revaware-traversal,random,0.5,3,0.0,0.11932,0.949904,0.978636
LegalBench-RAG,1200000,1200000,Lethe-no-revaware-traversal,random,0.5,4,0.0,0.11391,0.958693,0.983024
LegalBench-RAG,1200000,1200000,Lethe-no-revaware-traversal,random,0.5,5,0.0,0.1186,0.954431,0.980944
LegalBench-RAG,1200000,1200000,Lethe-no-revaware-traversal,random,0.5,6,0.0,0.120191,0.95376,0.981912
LegalBench-RAG,1200000,1200000,Lethe-no-revaware-traversal,random,0.5,7,0.0,0.122652,0.950227,0.978682
LegalBench-RAG,1200000,1200000,Lethe-no-revaware-traversal,random,0.5,8,0.0,0.112133,0.958804,0.984422
LegalBench-RAG,1200000,1200000,Lethe-no-revaware-traversal,random,0.5,9,0.0,0.119554,0.958567,0.982537
LegalBench-RAG,1200000,1200000,Physical-delete,random,0.5,0,0.0,0.030056,0.941909,0.982486
LegalBench-RAG,1200000,1200000,Physical-delete,random,0.5,1,0.0,0.032519,0.946702,0.979643
LegalBench-RAG,1200000,1200000,Physical-delete,random,0.5,2,0.0,0.021543,0.942859,0.980498
LegalBench-RAG,1200000,1200000,Physical-delete,random,0.5,3,0.0,0.032386,0.945595,0.984227
LegalBench-RAG,1200000,1200000,Physical-delete,random,0.5,4,0.0,0.019766,0.942709,0.979436
LegalBench-RAG,1200000,1200000,Physical-delete,random,0.5,5,0.0,0.025701,0.944631,0.981013
LegalBench-RAG,1200000,1200000,Physical-delete,random,0.5,6,0.0,0.027076,0.940854,0.980892
LegalBench-RAG,1200000,1200000,Physical-delete,random,0.5,7,0.0,0.025229,0.947695,0.980878
LegalBench-RAG,1200000,1200000,Physical-delete,random,0.5,8,0.0,0.023062,0.945087,0.980156
LegalBench-RAG,1200000,1200000,Physical-delete,random,0.5,9,0.0,0.030699,0.944403,0.9821
LegalBench-RAG,1200000,1200000,Periodic-rebuild,random,0.5,0,0.0,0.060424,0.965345,0.982676
LegalBench-RAG,1200000,1200000,Periodic-rebuild,random,0.5,1,0.0,0.056411,0.968536,0.985104
LegalBench-RAG,1200000,1200000,Periodic-rebuild,random,0.5,2,0.0,0.057153,0.963845,0.9793
LegalBench-RAG,1200000,1200000,Periodic-rebuild,random,0.5,3,0.0,0.061537,0.962151,0.980196
LegalBench-RAG,1200000,1200000,Periodic-rebuild,random,0.5,4,0.0,0.060274,0.960219,0.982054
LegalBench-RAG,1200000,1200000,Periodic-rebuild,random,0.5,5,0.0,0.062301,0.966339,0.984942
LegalBench-RAG,1200000,1200000,Periodic-rebuild,random,0.5,6,0.0,0.056805,0.968488,0.980557
LegalBench-RAG,1200000,1200000,Periodic-rebuild,random,0.5,7,0.0,0.050117,0.962683,0.979591
LegalBench-RAG,1200000,1200000,Periodic-rebuild,random,0.5,8,0.0,0.063347,0.968412,0.984699
LegalBench-RAG,1200000,1200000,Periodic-rebuild,random,0.5,9,0.0,0.05253,0.961051,0.979914
LegalBench-RAG,1200000,1200000,Per-role-index,random,0.5,0,0.0,0.004366,0.977907,0.981331
LegalBench-RAG,1200000,1200000,Per-role-index,random,0.5,1,0.0,0.004727,0.976895,0.98197
LegalBench-RAG,1200000,1200000,Per-role-index,random,0.5,2,0.0,0.004688,0.973535,0.980105
LegalBench-RAG,1200000,1200000,Per-role-index,random,0.5,3,0.0,0.0,0.979739,0.984418
LegalBench-RAG,1200000,1200000,Per-role-index,random,0.5,4,0.0,0.0,0.973604,0.980133
LegalBench-RAG,1200000,1200000,Per-role-index,random,0.5,5,0.0,0.003086,0.979353,0.982824
LegalBench-RAG,1200000,1200000,Per-role-index,random,0.5,6,0.0,0.004394,0.97469,0.98079
LegalBench-RAG,1200000,1200000,Per-role-index,random,0.5,7,0.0,0.007052,0.976623,0.981792
LegalBench-RAG,1200000,1200000,Per-role-index,random,0.5,8,0.0,0.002879,0.977488,0.98521
LegalBench-RAG,1200000,1200000,Per-role-index,random,0.5,9,0.0,0.006435,0.976001,0.980714
LegalBench-RAG,1200000,1200000,ACORN,random,0.5,0,0.0,0.055305,0.960985,0.983412
LegalBench-RAG,1200000,1200000,ACORN,random,0.5,1,0.0,0.046223,0.962705,0.98034
LegalBench-RAG,1200000,1200000,ACORN,random,0.5,2,0.0,0.042396,0.963144,0.983246
LegalBench-RAG,1200000,1200000,ACORN,random,0.5,3,0.0,0.054891,0.960505,0.979902
LegalBench-RAG,1200000,1200000,ACORN,random,0.5,4,0.0,0.046481,0.963077,0.980232
LegalBench-RAG,1200000,1200000,ACORN,random,0.5,5,0.0,0.056472,0.959759,0.981517
LegalBench-RAG,1200000,1200000,ACORN,random,0.5,6,0.0,0.048196,0.966422,0.983843
LegalBench-RAG,1200000,1200000,ACORN,random,0.5,7,0.0,0.060806,0.960618,0.979652
LegalBench-RAG,1200000,1200000,ACORN,random,0.5,8,0.0,0.055372,0.954636,0.979246
LegalBench-RAG,1200000,1200000,ACORN,random,0.5,9,0.0,0.049158,0.959889,0.981029
LegalBench-RAG,1200000,1200000,HoneyBee,random,0.5,0,0.0,0.04404,0.962007,0.981285
LegalBench-RAG,1200000,1200000,HoneyBee,random,0.5,1,0.0,0.040086,0.959464,0.980894
LegalBench-RAG,1200000,1200000,HoneyBee,random,0.5,2,0.0,0.04016,0.962001,0.980506
LegalBench-RAG,1200000,1200000,HoneyBee,random,0.5,3,0.0,0.045755,0.961604,0.980772
LegalBench-RAG,1200000,1200000,HoneyBee,random,0.5,4,0.0,0.043977,0.966451,0.9831
LegalBench-RAG,1200000,1200000,HoneyBee,random,0.5,5,0.0,0.049028,0.965459,0.980793
LegalBench-RAG,1200000,1200000,HoneyBee,random,0.5,6,0.0,0.038394,0.964156,0.982388
LegalBench-RAG,1200000,1200000,HoneyBee,random,0.5,7,0.0,0.045155,0.964284,0.983321
LegalBench-RAG,1200000,1200000,HoneyBee,random,0.5,8,0.0,0.041838,0.965727,0.982163
LegalBench-RAG,1200000,1200000,HoneyBee,random,0.5,9,0.0,0.047323,0.970786,0.987911
LegalBench-RAG,1200000,1200000,SPFresh,random,0.5,0,0.0,0.077336,0.95104,0.979398
LegalBench-RAG,1200000,1200000,SPFresh,random,0.5,1,0.0,0.07878,0.95495,0.981179
LegalBench-RAG,1200000,1200000,SPFresh,random,0.5,2,0.0,0.069563,0.953844,0.979214
LegalBench-RAG,1200000,1200000,SPFresh,random,0.5,3,0.0,0.074467,0.958769,0.983064
LegalBench-RAG,1200000,1200000,SPFresh,random,0.5,4,0.0,0.078358,0.954116,0.983524
LegalBench-RAG,1200000,1200000,SPFresh,random,0.5,5,0.0,0.069994,0.956009,0.983452
LegalBench-RAG,1200000,1200000,SPFresh,random,0.5,6,0.0,0.073098,0.957528,0.98281
LegalBench-RAG,1200000,1200000,SPFresh,random,0.5,7,0.0,0.06786,0.957091,0.983891
LegalBench-RAG,1200000,1200000,SPFresh,random,0.5,8,0.0,0.074736,0.955403,0.982489
LegalBench-RAG,1200000,1200000,SPFresh,random,0.5,9,0.0,0.078591,0.95071,0.981062
LegalBench-RAG,1200000,1200000,Oracle,random,0.5,0,0.0,0.0,0.97982,0.97982
LegalBench-RAG,1200000,1200000,Oracle,random,0.5,1,0.0,0.0,0.979448,0.979448
LegalBench-RAG,1200000,1200000,Oracle,random,0.5,2,0.0,0.0,0.980933,0.980933
LegalBench-RAG,1200000,1200000,Oracle,random,0.5,3,0.0,0.0,0.977253,0.977253
LegalBench-RAG,1200000,1200000,Oracle,random,0.5,4,0.0,0.0,0.982348,0.982348
LegalBench-RAG,1200000,1200000,Oracle,random,0.5,5,0.0,0.0,0.984407,0.984407
LegalBench-RAG,1200000,1200000,Oracle,random,0.5,6,0.0,0.0,0.979944,0.979944
LegalBench-RAG,1200000,1200000,Oracle,random,0.5,7,0.0,0.0,0.982129,0.982129
LegalBench-RAG,1200000,1200000,Oracle,random,0.5,8,0.0,0.0,0.978936,0.978936
LegalBench-RAG,1200000,1200000,Oracle,random,0.5,9,0.0,0.0,0.982697,0.982697
LegalBench-RAG,1200000,1200000,Tombstone,hub,0.0,0,0.0,0.0,0.949669,0.983889
LegalBench-RAG,1200000,1200000,Tombstone,hub,0.0,1,0.0,0.0,0.945389,0.982415
LegalBench-RAG,1200000,1200000,Tombstone,hub,0.0,2,0.0,0.0,0.939615,0.980206
LegalBench-RAG,1200000,1200000,Tombstone,hub,0.0,3,0.0,0.0,0.942283,0.983023
LegalBench-RAG,1200000,1200000,Tombstone,hub,0.0,4,0.0,0.0,0.942762,0.978215
LegalBench-RAG,1200000,1200000,Tombstone,hub,0.0,5,0.0,0.0,0.940715,0.978948
LegalBench-RAG,1200000,1200000,Tombstone,hub,0.0,6,0.0,0.0,0.942618,0.984988
LegalBench-RAG,1200000,1200000,Tombstone,hub,0.0,7,0.0,0.0,0.9427,0.982297
LegalBench-RAG,1200000,1200000,Tombstone,hub,0.0,8,0.0,0.0,0.946946,0.982568
LegalBench-RAG,1200000,1200000,Tombstone,hub,0.0,9,0.0,0.0,0.942858,0.980667
LegalBench-RAG,1200000,1200000,Post-filter,hub,0.0,0,0.0,0.0,0.941429,0.982665
LegalBench-RAG,1200000,1200000,Post-filter,hub,0.0,1,0.0,0.0,0.937868,0.980273
LegalBench-RAG,1200000,1200000,Post-filter,hub,0.0,2,0.0,0.0,0.940778,0.981627
LegalBench-RAG,1200000,1200000,Post-filter,hub,0.0,3,0.0,0.0,0.93868,0.981378
LegalBench-RAG,1200000,1200000,Post-filter,hub,0.0,4,0.0,0.0,0.942252,0.983423
LegalBench-RAG,1200000,1200000,Post-filter,hub,0.0,5,0.0,0.0,0.940727,0.981679
LegalBench-RAG,1200000,1200000,Post-filter,hub,0.0,6,0.0,0.0,0.938048,0.979372
LegalBench-RAG,1200000,1200000,Post-filter,hub,0.0,7,0.0,0.0,0.937539,0.9821
LegalBench-RAG,1200000,1200000,Post-filter,hub,0.0,8,0.0,0.0,0.940419,0.981784
LegalBench-RAG,1200000,1200000,Post-filter,hub,0.0,9,0.0,0.0,0.940481,0.981917
LegalBench-RAG,1200000,1200000,Lethe,hub,0.0,0,0.0,0.0,0.97694,0.981873
LegalBench-RAG,1200000,1200000,Lethe,hub,0.0,1,0.0,0.0,0.979809,0.982646
LegalBench-RAG,1200000,1200000,Lethe,hub,0.0,2,0.0,0.0,0.975259,0.977459
LegalBench-RAG,1200000,1200000,Lethe,hub,0.0,3,0.0,0.0,0.981843,0.985612
LegalBench-RAG,1200000,1200000,Lethe,hub,0.0,4,0.0,0.0,0.974225,0.979455
LegalBench-RAG,1200000,1200000,Lethe,hub,0.0,5,0.0,0.0,0.98002,0.985185
LegalBench-RAG,1200000,1200000,Lethe,hub,0.0,6,0.0,0.0,0.975471,0.979048
LegalBench-RAG,1200000,1200000,Lethe,hub,0.0,7,0.0,0.0,0.977952,0.982371
LegalBench-RAG,1200000,1200000,Lethe,hub,0.0,8,0.0,0.0,0.977364,0.981161
LegalBench-RAG,1200000,1200000,Lethe,hub,0.0,9,0.0,0.0,0.983997,0.987642
LegalBench-RAG,1200000,1200000,Lethe-no-bypass,hub,0.0,0,0.0,0.0,0.930746,0.982633
LegalBench-RAG,1200000,1200000,Lethe-no-bypass,hub,0.0,1,0.0,0.0,0.92774,0.982985
LegalBench-RAG,1200000,1200000,Lethe-no-bypass,hub,0.0,2,0.0,0.0,0.929119,0.982843
LegalBench-RAG,1200000,1200000,Lethe-no-bypass,hub,0.0,3,0.0,0.0,0.928931,0.981807
LegalBench-RAG,1200000,1200000,Lethe-no-bypass,hub,0.0,4,0.0,0.0,0.927378,0.979954
LegalBench-RAG,1200000,1200000,Lethe-no-bypass,hub,0.0,5,0.0,0.0,0.927092,0.982935
LegalBench-RAG,1200000,1200000,Lethe-no-bypass,hub,0.0,6,0.0,0.0,0.932168,0.981851
LegalBench-RAG,1200000,1200000,Lethe-no-bypass,hub,0.0,7,0.0,0.0,0.929339,0.982398
LegalBench-RAG,1200000,1200000,Lethe-no-bypass,hub,0.0,8,0.0,0.0,0.921909,0.976612
LegalBench-RAG,1200000,1200000,Lethe-no-bypass,hub,0.0,9,0.0,0.0,0.931461,0.983865
LegalBench-RAG,1200000,1200000,Lethe-no-revaware-traversal,hub,0.0,0,0.0,0.0,0.954459,0.981573
LegalBench-RAG,1200000,1200000,Lethe-no-revaware-traversal,hub,0.0,1,0.0,0.0,0.958906,0.984864
LegalBench-RAG,1200000,1200000,Lethe-no-revaware-traversal,hub,0.0,2,0.0,0.0,0.962643,0.985405
LegalBench-RAG,1200000,1200000,Lethe-no-revaware-traversal,hub,0.0,3,0.0,0.0,0.962834,0.986165
LegalBench-RAG,1200000,1200000,Lethe-no-revaware-traversal,hub,0.0,4,0.0,0.0,0.957373,0.98122
LegalBench-RAG,1200000,1200000,Lethe-no-revaware-traversal,hub,0.0,5,0.0,0.0,0.95717,0.983959
LegalBench-RAG,1200000,1200000,Lethe-no-revaware-traversal,hub,0.0,6,0.0,0.0,0.952616,0.977457
LegalBench-RAG,1200000,1200000,Lethe-no-revaware-traversal,hub,0.0,7,0.0,0.0,0.95931,0.982541
LegalBench-RAG,1200000,1200000,Lethe-no-revaware-traversal,hub,0.0,8,0.0,0.0,0.954658,0.980385
LegalBench-RAG,1200000,1200000,Lethe-no-revaware-traversal,hub,0.0,9,0.0,0.0,0.960211,0.981888
LegalBench-RAG,1200000,1200000,Physical-delete,hub,0.0,0,0.0,0.0,0.946397,0.9814
LegalBench-RAG,1200000,1200000,Physical-delete,hub,0.0,1,0.0,0.0,0.942587,0.979033
LegalBench-RAG,1200000,1200000,Physical-delete,hub,0.0,2,0.0,0.0,0.942113,0.982055
LegalBench-RAG,1200000,1200000,Physical-delete,hub,0.0,3,0.0,0.0,0.948797,0.981784
LegalBench-RAG,1200000,1200000,Physical-delete,hub,0.0,4,0.0,0.0,0.945883,0.981823
LegalBench-RAG,1200000,1200000,Physical-delete,hub,0.0,5,0.0,0.0,0.94528,0.980581
LegalBench-RAG,1200000,1200000,Physical-delete,hub,0.0,6,0.0,0.0,0.945488,0.984473
LegalBench-RAG,1200000,1200000,Physical-delete,hub,0.0,7,0.0,0.0,0.949143,0.982759
LegalBench-RAG,1200000,1200000,Physical-delete,hub,0.0,8,0.0,0.0,0.947964,0.982712
LegalBench-RAG,1200000,1200000,Physical-delete,hub,0.0,9,0.0,0.0,0.951477,0.985888
LegalBench-RAG,1200000,1200000,Periodic-rebuild,hub,0.0,0,0.0,0.0,0.965749,0.984069
LegalBench-RAG,1200000,1200000,Periodic-rebuild,hub,0.0,1,0.0,0.0,0.964756,0.981771
LegalBench-RAG,1200000,1200000,Periodic-rebuild,hub,0.0,2,0.0,0.0,0.966594,0.983338
LegalBench-RAG,1200000,1200000,Periodic-rebuild,hub,0.0,3,0.0,0.0,0.966263,0.983505
LegalBench-RAG,1200000,1200000,Periodic-rebuild,hub,0.0,4,0.0,0.0,0.964134,0.981159
LegalBench-RAG,1200000,1200000,Periodic-rebuild,hub,0.0,5,0.0,0.0,0.970222,0.985986
LegalBench-RAG,1200000,1200000,Periodic-rebuild,hub,0.0,6,0.0,0.0,0.964743,0.982416
LegalBench-RAG,1200000,1200000,Periodic-rebuild,hub,0.0,7,0.0,0.0,0.964416,0.980273
LegalBench-RAG,1200000,1200000,Periodic-rebuild,hub,0.0,8,0.0,0.0,0.962509,0.980084
LegalBench-RAG,1200000,1200000,Periodic-rebuild,hub,0.0,9,0.0,0.0,0.967723,0.983906
LegalBench-RAG,1200000,1200000,Per-role-index,hub,0.0,0,0.0,0.0,0.976618,0.980882
LegalBench-RAG,1200000,1200000,Per-role-index,hub,0.0,1,0.0,0.0,0.980462,0.98477
LegalBench-RAG,1200000,1200000,Per-role-index,hub,0.0,2,0.0,0.0,0.981547,0.98343
LegalBench-RAG,1200000,1200000,Per-role-index,hub,0.0,3,0.0,0.0,0.977487,0.982188
LegalBench-RAG,1200000,1200000,Per-role-index,hub,0.0,4,0.0,0.0,0.981253,0.983409
LegalBench-RAG,1200000,1200000,Per-role-index,hub,0.0,5,0.0,0.0,0.976364,0.979357
LegalBench-RAG,1200000,1200000,Per-role-index,hub,0.0,6,0.0,0.0,0.977947,0.981291
LegalBench-RAG,1200000,1200000,Per-role-index,hub,0.0,7,0.0,0.0,0.974805,0.981286
LegalBench-RAG,1200000,1200000,Per-role-index,hub,0.0,8,0.0,0.0,0.977914,0.982961
LegalBench-RAG,1200000,1200000,Per-role-index,hub,0.0,9,0.0,0.0,0.976849,0.979887
LegalBench-RAG,1200000,1200000,ACORN,hub,0.0,0,0.0,0.0,0.960325,0.980799
LegalBench-RAG,1200000,1200000,ACORN,hub,0.0,1,0.0,0.0,0.958894,0.980217
LegalBench-RAG,1200000,1200000,ACORN,hub,0.0,2,0.0,0.0,0.96141,0.981008
LegalBench-RAG,1200000,1200000,ACORN,hub,0.0,3,0.0,0.0,0.963669,0.983074
LegalBench-RAG,1200000,1200000,ACORN,hub,0.0,4,0.0,0.0,0.960279,0.982391
LegalBench-RAG,1200000,1200000,ACORN,hub,0.0,5,0.0,0.0,0.962322,0.982393
LegalBench-RAG,1200000,1200000,ACORN,hub,0.0,6,0.0,0.0,0.965589,0.984509
LegalBench-RAG,1200000,1200000,ACORN,hub,0.0,7,0.0,0.0,0.964219,0.983057
LegalBench-RAG,1200000,1200000,ACORN,hub,0.0,8,0.0,0.0,0.96292,0.981759
LegalBench-RAG,1200000,1200000,ACORN,hub,0.0,9,0.0,0.0,0.961503,0.982082
LegalBench-RAG,1200000,1200000,HoneyBee,hub,0.0,0,0.0,0.0,0.968372,0.983036
LegalBench-RAG,1200000,1200000,HoneyBee,hub,0.0,1,0.0,0.0,0.966256,0.981565
LegalBench-RAG,1200000,1200000,HoneyBee,hub,0.0,2,0.0,0.0,0.968115,0.983204
LegalBench-RAG,1200000,1200000,HoneyBee,hub,0.0,3,0.0,0.0,0.969136,0.98473
LegalBench-RAG,1200000,1200000,HoneyBee,hub,0.0,4,0.0,0.0,0.971013,0.984345
LegalBench-RAG,1200000,1200000,HoneyBee,hub,0.0,5,0.0,0.0,0.962578,0.979329
LegalBench-RAG,1200000,1200000,HoneyBee,hub,0.0,6,0.0,0.0,0.966185,0.982487
LegalBench-RAG,1200000,1200000,HoneyBee,hub,0.0,7,0.0,0.0,0.960967,0.980553
LegalBench-RAG,1200000,1200000,HoneyBee,hub,0.0,8,0.0,0.0,0.964435,0.980158
LegalBench-RAG,1200000,1200000,HoneyBee,hub,0.0,9,0.0,0.0,0.963379,0.981554
LegalBench-RAG,1200000,1200000,SPFresh,hub,0.0,0,0.0,0.0,0.955996,0.98065
LegalBench-RAG,1200000,1200000,SPFresh,hub,0.0,1,0.0,0.0,0.954485,0.979934
LegalBench-RAG,1200000,1200000,SPFresh,hub,0.0,2,0.0,0.0,0.957118,0.985594
LegalBench-RAG,1200000,1200000,SPFresh,hub,0.0,3,0.0,0.0,0.953351,0.9814
LegalBench-RAG,1200000,1200000,SPFresh,hub,0.0,4,0.0,0.0,0.955248,0.981505
LegalBench-RAG,1200000,1200000,SPFresh,hub,0.0,5,0.0,0.0,0.955661,0.980487
LegalBench-RAG,1200000,1200000,SPFresh,hub,0.0,6,0.0,0.0,0.954552,0.984451
LegalBench-RAG,1200000,1200000,SPFresh,hub,0.0,7,0.0,0.0,0.959536,0.981133
LegalBench-RAG,1200000,1200000,SPFresh,hub,0.0,8,0.0,0.0,0.95425,0.981295
LegalBench-RAG,1200000,1200000,SPFresh,hub,0.0,9,0.0,0.0,0.953502,0.98064
LegalBench-RAG,1200000,1200000,Oracle,hub,0.0,0,0.0,0.0,0.982293,0.982293
LegalBench-RAG,1200000,1200000,Oracle,hub,0.0,1,0.0,0.0,0.982013,0.982013
LegalBench-RAG,1200000,1200000,Oracle,hub,0.0,2,0.0,0.0,0.982026,0.982026
LegalBench-RAG,1200000,1200000,Oracle,hub,0.0,3,0.0,0.0,0.980863,0.980863
LegalBench-RAG,1200000,1200000,Oracle,hub,0.0,4,0.0,0.0,0.980752,0.980752
LegalBench-RAG,1200000,1200000,Oracle,hub,0.0,5,0.0,0.0,0.981213,0.981213
LegalBench-RAG,1200000,1200000,Oracle,hub,0.0,6,0.0,0.0,0.981216,0.981216
LegalBench-RAG,1200000,1200000,Oracle,hub,0.0,7,0.0,0.0,0.979552,0.979552
LegalBench-RAG,1200000,1200000,Oracle,hub,0.0,8,0.0,0.0,0.976976,0.976976
LegalBench-RAG,1200000,1200000,Oracle,hub,0.0,9,0.0,0.0,0.986117,0.986117
LegalBench-RAG,1200000,1200000,Tombstone,hub,0.1,0,0.0,0.061476,0.941431,0.9811
LegalBench-RAG,1200000,1200000,Tombstone,hub,0.1,1,0.0,0.058184,0.943264,0.982324
LegalBench-RAG,1200000,1200000,Tombstone,hub,0.1,2,0.0,0.065759,0.94622,0.983325
LegalBench-RAG,1200000,1200000,Tombstone,hub,0.1,3,0.0,0.064039,0.943648,0.980849
LegalBench-RAG,1200000,1200000,Tombstone,hub,0.1,4,0.0,0.061724,0.946314,0.982977
LegalBench-RAG,1200000,1200000,Tombstone,hub,0.1,5,0.0,0.060839,0.946361,0.983659
LegalBench-RAG,1200000,1200000,Tombstone,hub,0.1,6,0.0,0.066447,0.943836,0.983289
LegalBench-RAG,1200000,1200000,Tombstone,hub,0.1,7,0.0,0.060738,0.941565,0.977496
LegalBench-RAG,1200000,1200000,Tombstone,hub,0.1,8,0.0,0.066209,0.943746,0.984079
LegalBench-RAG,1200000,1200000,Tombstone,hub,0.1,9,0.0,0.061365,0.944034,0.982457
LegalBench-RAG,1200000,1200000,Post-filter,hub,0.1,0,0.0,0.066217,0.937897,0.981159
LegalBench-RAG,1200000,1200000,Post-filter,hub,0.1,1,0.0,0.065904,0.940264,0.984746
LegalBench-RAG,1200000,1200000,Post-filter,hub,0.1,2,0.0,0.074457,0.938668,0.979768
LegalBench-RAG,1200000,1200000,Post-filter,hub,0.1,3,0.0,0.070684,0.937959,0.98041
LegalBench-RAG,1200000,1200000,Post-filter,hub,0.1,4,0.0,0.071403,0.937098,0.983077
LegalBench-RAG,1200000,1200000,Post-filter,hub,0.1,5,0.0,0.071705,0.937478,0.98446
LegalBench-RAG,1200000,1200000,Post-filter,hub,0.1,6,0.0,0.073133,0.940342,0.982627
LegalBench-RAG,1200000,1200000,Post-filter,hub,0.1,7,0.0,0.073311,0.935287,0.979281
LegalBench-RAG,1200000,1200000,Post-filter,hub,0.1,8,0.0,0.069655,0.9416,0.984656
LegalBench-RAG,1200000,1200000,Post-filter,hub,0.1,9,0.0,0.06837,0.9417,0.985738
LegalBench-RAG,1200000,1200000,Lethe,hub,0.1,0,0.0,0.0,0.975117,0.979972
LegalBench-RAG,1200000,1200000,Lethe,hub,0.1,1,0.0,0.004904,0.978037,0.982733
LegalBench-RAG,1200000,1200000,Lethe,hub,0.1,2,0.0,0.008375,0.979501,0.983021
LegalBench-RAG,1200000,1200000,Lethe,hub,0.1,3,0.0,0.002978,0.978831,0.983186
LegalBench-RAG,1200000,1200000,Lethe,hub,0.1,4,0.0,0.0,0.975502,0.98084
LegalBench-RAG,1200000,1200000,Lethe,hub,0.1,5,0.0,0.008024,0.97867,0.982234
LegalBench-RAG,1200000,1200000,Lethe,hub,0.1,6,0.0,0.000797,0.981767,0.983667
LegalBench-RAG,1200000,1200000,Lethe,hub,0.1,7,0.0,0.001442,0.973609,0.978656
LegalBench-RAG,1200000,1200000,Lethe,hub,0.1,8,0.0,0.002685,0.980067,0.983413
LegalBench-RAG,1200000,1200000,Lethe,hub,0.1,9,0.0,0.003435,0.975271,0.980308
LegalBench-RAG,1200000,1200000,Lethe-no-bypass,hub,0.1,0,0.0,0.029049,0.925562,0.980966
LegalBench-RAG,1200000,1200000,Lethe-no-bypass,hub,0.1,1,0.0,0.015616,0.926316,0.981736
LegalBench-RAG,1200000,1200000,Lethe-no-bypass,hub,0.1,2,0.0,0.025025,0.930344,0.984981
LegalBench-RAG,1200000,1200000,Lethe-no-bypass,hub,0.1,3,0.0,0.024014,0.926397,0.982842
LegalBench-RAG,1200000,1200000,Lethe-no-bypass,hub,0.1,4,0.0,0.019006,0.931181,0.985198
LegalBench-RAG,1200000,1200000,Lethe-no-bypass,hub,0.1,5,0.0,0.025483,0.928283,0.983524
LegalBench-RAG,1200000,1200000,Lethe-no-bypass,hub,0.1,6,0.0,0.022959,0.925615,0.982976
LegalBench-RAG,1200000,1200000,Lethe-no-bypass,hub,0.1,7,0.0,0.024982,0.929149,0.983454
LegalBench-RAG,1200000,1200000,Lethe-no-bypass,hub,0.1,8,0.0,0.024473,0.926176,0.980537
LegalBench-RAG,1200000,1200000,Lethe-no-bypass,hub,0.1,9,0.0,0.027306,0.92877,0.986829
LegalBench-RAG,1200000,1200000,Lethe-no-revaware-traversal,hub,0.1,0,0.0,0.056726,0.955557,0.982315
LegalBench-RAG,1200000,1200000,Lethe-no-revaware-traversal,hub,0.1,1,0.0,0.055521,0.961271,0.983744
LegalBench-RAG,1200000,1200000,Lethe-no-revaware-traversal,hub,0.1,2,0.0,0.055594,0.95418,0.980652
LegalBench-RAG,1200000,1200000,Lethe-no-revaware-traversal,hub,0.1,3,0.0,0.055183,0.954955,0.980526
LegalBench-RAG,1200000,1200000,Lethe-no-revaware-traversal,hub,0.1,4,0.0,0.061076,0.955889,0.981136
LegalBench-RAG,1200000,1200000,Lethe-no-revaware-traversal,hub,0.1,5,0.0,0.055504,0.95493,0.982237
LegalBench-RAG,1200000,1200000,Lethe-no-revaware-traversal,hub,0.1,6,0.0,0.057681,0.960379,0.981308
LegalBench-RAG,1200000,1200000,Lethe-no-revaware-traversal,hub,0.1,7,0.0,0.061831,0.956896,0.982755
LegalBench-RAG,1200000,1200000,Lethe-no-revaware-traversal,hub,0.1,8,0.0,0.060945,0.955157,0.98132
LegalBench-RAG,1200000,1200000,Lethe-no-revaware-traversal,hub,0.1,9,0.0,0.05852,0.953927,0.980377
LegalBench-RAG,1200000,1200000,Physical-delete,hub,0.1,0,0.0,0.018397,0.948093,0.983301
LegalBench-RAG,1200000,1200000,Physical-delete,hub,0.1,1,0.0,0.01147,0.945756,0.97994
LegalBench-RAG,1200000,1200000,Physical-delete,hub,0.1,2,0.0,0.018269,0.942382,0.979885
LegalBench-RAG,1200000,1200000,Physical-delete,hub,0.1,3,0.0,0.016591,0.946872,0.982566
LegalBench-RAG,1200000,1200000,Physical-delete,hub,0.1,4,0.0,0.015765,0.949329,0.984699
LegalBench-RAG,1200000,1200000,Physical-delete,hub,0.1,5,0.0,0.015971,0.944203,0.981676
LegalBench-RAG,1200000,1200000,Physical-delete,hub,0.1,6,0.0,0.012465,0.946462,0.981356
LegalBench-RAG,1200000,1200000,Physical-delete,hub,0.1,7,0.0,0.011572,0.94648,0.983905
LegalBench-RAG,1200000,1200000,Physical-delete,hub,0.1,8,0.0,0.014485,0.944901,0.9822
LegalBench-RAG,1200000,1200000,Physical-delete,hub,0.1,9,0.0,0.013194,0.945613,0.982828
LegalBench-RAG,1200000,1200000,Periodic-rebuild,hub,0.1,0,0.0,0.026097,0.962384,0.982011
LegalBench-RAG,1200000,1200000,Periodic-rebuild,hub,0.1,1,0.0,0.032547,0.96503,0.982706
LegalBench-RAG,1200000,1200000,Periodic-rebuild,hub,0.1,2,0.0,0.029547,0.96469,0.982666
LegalBench-RAG,1200000,1200000,Periodic-rebuild,hub,0.1,3,0.0,0.031565,0.959606,0.978633
LegalBench-RAG,1200000,1200000,Periodic-rebuild,hub,0.1,4,0.0,0.030044,0.967535,0.981692
LegalBench-RAG,1200000,1200000,Periodic-rebuild,hub,0.1,5,0.0,0.029476,0.961691,0.981403
LegalBench-RAG,1200000,1200000,Periodic-rebuild,hub,0.1,6,0.0,0.031488,0.965131,0.983239
LegalBench-RAG,1200000,1200000,Periodic-rebuild,hub,0.1,7,0.0,0.028103,0.96503,0.983188
LegalBench-RAG,1200000,1200000,Periodic-rebuild,hub,0.1,8,0.0,0.031876,0.959152,0.978749
LegalBench-RAG,1200000,1200000,Periodic-rebuild,hub,0.1,9,0.0,0.030603,0.965763,0.984755
LegalBench-RAG,1200000,1200000,Per-role-index,hub,0.1,0,0.0,0.000411,0.978392,0.983018
LegalBench-RAG,1200000,1200000,Per-role-index,hub,0.1,1,0.0,0.005407,0.974823,0.978955
LegalBench-RAG,1200000,1200000,Per-role-index,hub,0.1,2,0.0,0.000488,0.97883,0.98246
LegalBench-RAG,1200000,1200000,Per-role-index,hub,0.1,3,0.0,0.002359,0.974707,0.980683
LegalBench-RAG,1200000,1200000,Per-role-index,hub,0.1,4,0.0,0.000142,0.980528,0.982832
LegalBench-RAG,1200000,1200000,Per-role-index,hub,0.1,5,0.0,0.007552,0.976149,0.981595
LegalBench-RAG,1200000,1200000,Per-role-index,hub,0.1,6,0.0,0.002876,0.979835,0.984034
LegalBench-RAG,1200000,1200000,Per-role-index,hub,0.1,7,0.0,0.005909,0.981408,0.981777
LegalBench-RAG,1200000,1200000,Per-role-index,hub,0.1,8,0.0,0.004533,0.97329,0.978944
LegalBench-RAG,1200000,1200000,Per-role-index,hub,0.1,9,0.0,0.005185,0.978676,0.982331
LegalBench-RAG,1200000,1200000,ACORN,hub,0.1,0,0.0,0.025786,0.967617,0.98781
LegalBench-RAG,1200000,1200000,ACORN,hub,0.1,1,0.0,0.030309,0.960304,0.979604
LegalBench-RAG,1200000,1200000,ACORN,hub,0.1,2,0.0,0.025506,0.963318,0.982937
LegalBench-RAG,1200000,1200000,ACORN,hub,0.1,3,0.0,0.027,0.959166,0.981974
LegalBench-RAG,1200000,1200000,ACORN,hub,0.1,4,0.0,0.028157,0.960653,0.982116
LegalBench-RAG,1200000,1200000,ACORN,hub,0.1,5,0.0,0.027081,0.958487,0.980866
LegalBench-RAG,1200000,1200000,ACORN,hub,0.1,6,0.0,0.023792,0.963277,0.983378
LegalBench-RAG,1200000,1200000,ACORN,hub,0.1,7,0.0,0.03113,0.959972,0.981717
LegalBench-RAG,1200000,1200000,ACORN,hub,0.1,8,0.0,0.02513,0.961085,0.981145
LegalBench-RAG,1200000,1200000,ACORN,hub,0.1,9,0.0,0.025998,0.95899,0.981433
LegalBench-RAG,1200000,1200000,HoneyBee,hub,0.1,0,0.0,0.026339,0.959227,0.980065
LegalBench-RAG,1200000,1200000,HoneyBee,hub,0.1,1,0.0,0.022815,0.965407,0.984529
LegalBench-RAG,1200000,1200000,HoneyBee,hub,0.1,2,0.0,0.021068,0.961785,0.978622
LegalBench-RAG,1200000,1200000,HoneyBee,hub,0.1,3,0.0,0.027228,0.961967,0.980952
LegalBench-RAG,1200000,1200000,HoneyBee,hub,0.1,4,0.0,0.025388,0.960952,0.979017
LegalBench-RAG,1200000,1200000,HoneyBee,hub,0.1,5,0.0,0.02373,0.964713,0.981697
LegalBench-RAG,1200000,1200000,HoneyBee,hub,0.1,6,0.0,0.019014,0.960226,0.98044
LegalBench-RAG,1200000,1200000,HoneyBee,hub,0.1,7,0.0,0.02409,0.960819,0.980161
LegalBench-RAG,1200000,1200000,HoneyBee,hub,0.1,8,0.0,0.024743,0.965509,0.983527
LegalBench-RAG,1200000,1200000,HoneyBee,hub,0.1,9,0.0,0.028698,0.964523,0.983299
LegalBench-RAG,1200000,1200000,SPFresh,hub,0.1,0,0.0,0.039764,0.952405,0.983364
LegalBench-RAG,1200000,1200000,SPFresh,hub,0.1,1,0.0,0.035815,0.95257,0.981728
LegalBench-RAG,1200000,1200000,SPFresh,hub,0.1,2,0.0,0.042575,0.956561,0.981017
LegalBench-RAG,1200000,1200000,SPFresh,hub,0.1,3,0.0,0.04041,0.95163,0.981217
LegalBench-RAG,1200000,1200000,SPFresh,hub,0.1,4,0.0,0.040242,0.957241,0.982184
LegalBench-RAG,1200000,1200000,SPFresh,hub,0.1,5,0.0,0.038416,0.948757,0.977647
LegalBench-RAG,1200000,1200000,SPFresh,hub,0.1,6,0.0,0.034787,0.961168,0.984097
LegalBench-RAG,1200000,1200000,SPFresh,hub,0.1,7,0.0,0.036625,0.960288,0.98591
LegalBench-RAG,1200000,1200000,SPFresh,hub,0.1,8,0.0,0.037332,0.953363,0.981987
LegalBench-RAG,1200000,1200000,SPFresh,hub,0.1,9,0.0,0.039443,0.954212,0.981241
LegalBench-RAG,1200000,1200000,Oracle,hub,0.1,0,0.0,0.0,0.98212,0.98212
LegalBench-RAG,1200000,1200000,Oracle,hub,0.1,1,0.0,0.0,0.984119,0.984119
LegalBench-RAG,1200000,1200000,Oracle,hub,0.1,2,0.0,0.0,0.98652,0.98652
LegalBench-RAG,1200000,1200000,Oracle,hub,0.1,3,0.0,0.0,0.981236,0.981236
LegalBench-RAG,1200000,1200000,Oracle,hub,0.1,4,0.0,0.0,0.983988,0.983988
LegalBench-RAG,1200000,1200000,Oracle,hub,0.1,5,0.0,0.0,0.984273,0.984273
LegalBench-RAG,1200000,1200000,Oracle,hub,0.1,6,0.0,0.0,0.985543,0.985543
LegalBench-RAG,1200000,1200000,Oracle,hub,0.1,7,0.0,0.0,0.986569,0.986569
LegalBench-RAG,1200000,1200000,Oracle,hub,0.1,8,0.0,0.0,0.98319,0.98319
LegalBench-RAG,1200000,1200000,Oracle,hub,0.1,9,0.0,0.0,0.982493,0.982493
LegalBench-RAG,1200000,1200000,Tombstone,hub,0.2,0,0.0,0.109938,0.938532,0.977337
LegalBench-RAG,1200000,1200000,Tombstone,hub,0.2,1,0.0,0.108657,0.942968,0.983415
LegalBench-RAG,1200000,1200000,Tombstone,hub,0.2,2,0.0,0.108586,0.938971,0.979033
LegalBench-RAG,1200000,1200000,Tombstone,hub,0.2,3,0.0,0.114335,0.943814,0.983132
LegalBench-RAG,1200000,1200000,Tombstone,hub,0.2,4,0.0,0.114584,0.945034,0.984116
LegalBench-RAG,1200000,1200000,Tombstone,hub,0.2,5,0.0,0.108049,0.944298,0.982331
LegalBench-RAG,1200000,1200000,Tombstone,hub,0.2,6,0.0,0.11297,0.941231,0.982231
LegalBench-RAG,1200000,1200000,Tombstone,hub,0.2,7,0.0,0.108834,0.939711,0.97927
LegalBench-RAG,1200000,1200000,Tombstone,hub,0.2,8,0.0,0.107425,0.942033,0.982581
LegalBench-RAG,1200000,1200000,Tombstone,hub,0.2,9,0.0,0.110504,0.946089,0.984192
LegalBench-RAG,1200000,1200000,Post-filter,hub,0.2,0,0.0,0.122862,0.937537,0.983497
LegalBench-RAG,1200000,1200000,Post-filter,hub,0.2,1,0.0,0.125365,0.939186,0.983808
LegalBench-RAG,1200000,1200000,Post-filter,hub,0.2,2,0.0,0.121175,0.938564,0.982201
LegalBench-RAG,1200000,1200000,Post-filter,hub,0.2,3,0.0,0.118015,0.939978,0.98227
LegalBench-RAG,1200000,1200000,Post-filter,hub,0.2,4,0.0,0.116448,0.935568,0.981824
LegalBench-RAG,1200000,1200000,Post-filter,hub,0.2,5,0.0,0.120394,0.934362,0.982849
LegalBench-RAG,1200000,1200000,Post-filter,hub,0.2,6,0.0,0.119881,0.943041,0.982992
LegalBench-RAG,1200000,1200000,Post-filter,hub,0.2,7,0.0,0.117063,0.940428,0.984933
LegalBench-RAG,1200000,1200000,Post-filter,hub,0.2,8,0.0,0.119029,0.938192,0.98384
LegalBench-RAG,1200000,1200000,Post-filter,hub,0.2,9,0.0,0.117773,0.944118,0.981957
LegalBench-RAG,1200000,1200000,Lethe,hub,0.2,0,0.0,0.005565,0.977147,0.982413
LegalBench-RAG,1200000,1200000,Lethe,hub,0.2,1,0.0,0.004625,0.976763,0.981869
LegalBench-RAG,1200000,1200000,Lethe,hub,0.2,2,0.0,0.002876,0.976684,0.982102
LegalBench-RAG,1200000,1200000,Lethe,hub,0.2,3,0.0,0.005623,0.978436,0.981461
LegalBench-RAG,1200000,1200000,Lethe,hub,0.2,4,0.0,0.001883,0.978007,0.981976
LegalBench-RAG,1200000,1200000,Lethe,hub,0.2,5,0.0,0.002068,0.979551,0.982985
LegalBench-RAG,1200000,1200000,Lethe,hub,0.2,6,0.0,0.006023,0.97944,0.982486
LegalBench-RAG,1200000,1200000,Lethe,hub,0.2,7,0.0,0.007207,0.976896,0.979932
LegalBench-RAG,1200000,1200000,Lethe,hub,0.2,8,0.0,0.004998,0.982476,0.986324
LegalBench-RAG,1200000,1200000,Lethe,hub,0.2,9,0.0,0.011245,0.975983,0.982477
LegalBench-RAG,1200000,1200000,Lethe-no-bypass,hub,0.2,0,0.0,0.026797,0.928018,0.982081
LegalBench-RAG,1200000,1200000,Lethe-no-bypass,hub,0.2,1,0.0,0.033842,0.924659,0.978232
LegalBench-RAG,1200000,1200000,Lethe-no-bypass,hub,0.2,2,0.0,0.034287,0.92174,0.979406
LegalBench-RAG,1200000,1200000,Lethe-no-bypass,hub,0.2,3,0.0,0.036941,0.925111,0.982842
LegalBench-RAG,1200000,1200000,Lethe-no-bypass,hub,0.2,4,0.0,0.03726,0.926529,0.983426
LegalBench-RAG,1200000,1200000,Lethe-no-bypass,hub,0.2,5,0.0,0.038381,0.921322,0.980338
LegalBench-RAG,1200000,1200000,Lethe-no-bypass,hub,0.2,6,0.0,0.039305,0.924725,0.97938
LegalBench-RAG,1200000,1200000,Lethe-no-bypass,hub,0.2,7,0.0,0.03315,0.923934,0.980333
LegalBench-RAG,1200000,1200000,Lethe-no-bypass,hub,0.2,8,0.0,0.031751,0.921734,0.979267
LegalBench-RAG,1200000,1200000,Lethe-no-bypass,hub,0.2,9,0.0,0.038801,0.931021,0.985495
LegalBench-RAG,1200000,1200000,Lethe-no-revaware-traversal,hub,0.2,0,0.0,0.105416,0.952597,0.980955
LegalBench-RAG,1200000,1200000,Lethe-no-revaware-traversal,hub,0.2,1,0.0,0.099284,0.953873,0.984046
LegalBench-RAG,1200000,1200000,Lethe-no-revaware-traversal,hub,0.2,2,0.0,0.103776,0.953462,0.980019
LegalBench-RAG,1200000,1200000,Lethe-no-revaware-traversal,hub,0.2,3,0.0,0.107426,0.960033,0.984538
LegalBench-RAG,1200000,1200000,Lethe-no-revaware-traversal,hub,0.2,4,0.0,0.105588,0.95444,0.985658
LegalBench-RAG,1200000,1200000,Lethe-no-revaware-traversal,hub,0.2,5,0.0,0.102893,0.959915,0.984179
LegalBench-RAG,1200000,1200000,Lethe-no-revaware-traversal,hub,0.2,6,0.0,0.104047,0.947433,0.976432
LegalBench-RAG,1200000,1200000,Lethe-no-revaware-traversal,hub,0.2,7,0.0,0.102992,0.956444,0.978005
LegalBench-RAG,1200000,1200000,Lethe-no-revaware-traversal,hub,0.2,8,0.0,0.104167,0.954714,0.979411
LegalBench-RAG,1200000,1200000,Lethe-no-revaware-traversal,hub,0.2,9,0.0,0.103709,0.95495,0.979072
LegalBench-RAG,1200000,1200000,Physical-delete,hub,0.2,0,0.0,0.028562,0.945862,0.982549
LegalBench-RAG,1200000,1200000,Physical-delete,hub,0.2,1,0.0,0.026281,0.942414,0.980276
LegalBench-RAG,1200000,1200000,Physical-delete,hub,0.2,2,0.0,0.034398,0.946793,0.982851
LegalBench-RAG,1200000,1200000,Physical-delete,hub,0.2,3,0.0,0.027603,0.942463,0.980863
LegalBench-RAG,1200000,1200000,Physical-delete,hub,0.2,4,0.0,0.026815,0.946424,0.984613
LegalBench-RAG,1200000,1200000,Physical-delete,hub,0.2,5,0.0,0.03145,0.943867,0.981099
LegalBench-RAG,1200000,1200000,Physical-delete,hub,0.2,6,0.0,0.027258,0.946796,0.982626
LegalBench-RAG,1200000,1200000,Physical-delete,hub,0.2,7,0.0,0.025786,0.95391,0.984905
LegalBench-RAG,1200000,1200000,Physical-delete,hub,0.2,8,0.0,0.023445,0.942323,0.981524
LegalBench-RAG,1200000,1200000,Physical-delete,hub,0.2,9,0.0,0.033112,0.947703,0.981203
LegalBench-RAG,1200000,1200000,Periodic-rebuild,hub,0.2,0,0.0,0.05525,0.965159,0.979923
LegalBench-RAG,1200000,1200000,Periodic-rebuild,hub,0.2,1,0.0,0.054876,0.968473,0.984735
LegalBench-RAG,1200000,1200000,Periodic-rebuild,hub,0.2,2,0.0,0.053431,0.964164,0.98023
LegalBench-RAG,1200000,1200000,Periodic-rebuild,hub,0.2,3,0.0,0.056287,0.965831,0.979095
LegalBench-RAG,1200000,1200000,Periodic-rebuild,hub,0.2,4,0.0,0.053322,0.962802,0.980773
LegalBench-RAG,1200000,1200000,Periodic-rebuild,hub,0.2,5,0.0,0.057559,0.96684,0.98417
LegalBench-RAG,1200000,1200000,Periodic-rebuild,hub,0.2,6,0.0,0.053965,0.96666,0.986356
LegalBench-RAG,1200000,1200000,Periodic-rebuild,hub,0.2,7,0.0,0.052846,0.964871,0.982398
LegalBench-RAG,1200000,1200000,Periodic-rebuild,hub,0.2,8,0.0,0.052617,0.968788,0.982211
LegalBench-RAG,1200000,1200000,Periodic-rebuild,hub,0.2,9,0.0,0.053813,0.960357,0.977274
LegalBench-RAG,1200000,1200000,Per-role-index,hub,0.2,0,0.0,0.0,0.977547,0.981178
LegalBench-RAG,1200000,1200000,Per-role-index,hub,0.2,1,0.0,0.007114,0.979421,0.982359
LegalBench-RAG,1200000,1200000,Per-role-index,hub,0.2,2,0.0,0.002412,0.977883,0.98187
LegalBench-RAG,1200000,1200000,Per-role-index,hub,0.2,3,0.0,0.000785,0.979176,0.982926
LegalBench-RAG,1200000,1200000,Per-role-index,hub,0.2,4,0.0,0.000941,0.976145,0.982227
LegalBench-RAG,1200000,1200000,Per-role-index,hub,0.2,5,0.0,0.00395,0.978452,0.981924
LegalBench-RAG,1200000,1200000,Per-role-index,hub,0.2,6,0.0,0.0,0.979165,0.981281
LegalBench-RAG,1200000,1200000,Per-role-index,hub,0.2,7,0.0,0.003367,0.974078,0.981067
LegalBench-RAG,1200000,1200000,Per-role-index,hub,0.2,8,0.0,0.001691,0.97437,0.981174
LegalBench-RAG,1200000,1200000,Per-role-index,hub,0.2,9,0.0,0.008381,0.979329,0.983637
LegalBench-RAG,1200000,1200000,ACORN,hub,0.2,0,0.0,0.049123,0.962242,0.984875
LegalBench-RAG,1200000,1200000,ACORN,hub,0.2,1,0.0,0.047317,0.960765,0.983562
LegalBench-RAG,1200000,1200000,ACORN,hub,0.2,2,0.0,0.044843,0.957739,0.980676
LegalBench-RAG,1200000,1200000,ACORN,hub,0.2,3,0.0,0.042699,0.961002,0.981315
LegalBench-RAG,1200000,1200000,ACORN,hub,0.2,4,0.0,0.045356,0.963015,0.980073
LegalBench-RAG,1200000,1200000,ACORN,hub,0.2,5,0.0,0.049964,0.965453,0.983775
LegalBench-RAG,1200000,1200000,ACORN,hub,0.2,6,0.0,0.05091,0.965726,0.985938
LegalBench-RAG,1200000,1200000,ACORN,hub,0.2,7,0.0,0.054163,0.9642,0.982243
LegalBench-RAG,1200000,1200000,ACORN,hub,0.2,8,0.0,0.043207,0.963275,0.983419
LegalBench-RAG,1200000,1200000,ACORN,hub,0.2,9,0.0,0.048034,0.957646,0.981931
LegalBench-RAG,1200000,1200000,HoneyBee,hub,0.2,0,0.0,0.037606,0.963255,0.981265
LegalBench-RAG,1200000,1200000,HoneyBee,hub,0.2,1,0.0,0.042267,0.962096,0.980296
LegalBench-RAG,1200000,1200000,HoneyBee,hub,0.2,2,0.0,0.038804,0.965941,0.982886
LegalBench-RAG,1200000,1200000,HoneyBee,hub,0.2,3,0.0,0.040692,0.965073,0.982864
LegalBench-RAG,1200000,1200000,HoneyBee,hub,0.2,4,0.0,0.03641,0.963992,0.980405
LegalBench-RAG,1200000,1200000,HoneyBee,hub,0.2,5,0.0,0.036852,0.963328,0.982931
LegalBench-RAG,1200000,1200000,HoneyBee,hub,0.2,6,0.0,0.035123,0.959436,0.979729
LegalBench-RAG,1200000,1200000,HoneyBee,hub,0.2,7,0.0,0.04466,0.968025,0.985028
LegalBench-RAG,1200000,1200000,HoneyBee,hub,0.2,8,0.0,0.04005,0.961847,0.980738
LegalBench-RAG,1200000,1200000,HoneyBee,hub,0.2,9,0.0,0.038076,0.959029,0.978992
LegalBench-RAG,1200000,1200000,SPFresh,hub,0.2,0,0.0,0.066091,0.954088,0.981014
LegalBench-RAG,1200000,1200000,SPFresh,hub,0.2,1,0.0,0.075166,0.955712,0.981018
LegalBench-RAG,1200000,1200000,SPFresh,hub,0.2,2,0.0,0.069865,0.951819,0.980042
LegalBench-RAG,1200000,1200000,SPFresh,hub,0.2,3,0.0,0.067599,0.959073,0.98276
LegalBench-RAG,1200000,1200000,SPFresh,hub,0.2,4,0.0,0.072195,0.959655,0.983408
LegalBench-RAG,1200000,1200000,SPFresh,hub,0.2,5,0.0,0.066882,0.957201,0.983278
LegalBench-RAG,1200000,1200000,SPFresh,hub,0.2,6,0.0,0.067835,0.954705,0.979632
LegalBench-RAG,1200000,1200000,SPFresh,hub,0.2,7,0.0,0.06239,0.95575,0.983262
LegalBench-RAG,1200000,1200000,SPFresh,hub,0.2,8,0.0,0.065415,0.953438,0.97927
LegalBench-RAG,1200000,1200000,SPFresh,hub,0.2,9,0.0,0.068794,0.959971,0.982287
LegalBench-RAG,1200000,1200000,Oracle,hub,0.2,0,0.0,0.0,0.979386,0.979386
LegalBench-RAG,1200000,1200000,Oracle,hub,0.2,1,0.0,0.0,0.98249,0.98249
LegalBench-RAG,1200000,1200000,Oracle,hub,0.2,2,0.0,0.0,0.983618,0.983618
LegalBench-RAG,1200000,1200000,Oracle,hub,0.2,3,0.0,0.0,0.984019,0.984019
LegalBench-RAG,1200000,1200000,Oracle,hub,0.2,4,0.0,0.0,0.981464,0.981464
LegalBench-RAG,1200000,1200000,Oracle,hub,0.2,5,0.0,0.0,0.983144,0.983144
LegalBench-RAG,1200000,1200000,Oracle,hub,0.2,6,0.0,0.0,0.980777,0.980777
LegalBench-RAG,1200000,1200000,Oracle,hub,0.2,7,0.0,0.0,0.982602,0.982602
LegalBench-RAG,1200000,1200000,Oracle,hub,0.2,8,0.0,0.0,0.980741,0.980741
LegalBench-RAG,1200000,1200000,Oracle,hub,0.2,9,0.0,0.0,0.983533,0.983533
LegalBench-RAG,1200000,1200000,Tombstone,hub,0.3,0,0.0,0.149352,0.942408,0.982305
LegalBench-RAG,1200000,1200000,Tombstone,hub,0.3,1,0.0,0.148996,0.944988,0.984455
LegalBench-RAG,1200000,1200000,Tombstone,hub,0.3,2,0.0,0.143822,0.940639,0.980399
LegalBench-RAG,1200000,1200000,Tombstone,hub,0.3,3,0.0,0.146061,0.941831,0.982325
LegalBench-RAG,1200000,1200000,Tombstone,hub,0.3,4,0.0,0.15399,0.939774,0.980214
LegalBench-RAG,1200000,1200000,Tombstone,hub,0.3,5,0.0,0.148208,0.943276,0.981001
LegalBench-RAG,1200000,1200000,Tombstone,hub,0.3,6,0.0,0.149571,0.946569,0.983721
LegalBench-RAG,1200000,1200000,Tombstone,hub,0.3,7,0.0,0.146427,0.938697,0.98073
LegalBench-RAG,1200000,1200000,Tombstone,hub,0.3,8,0.0,0.1545,0.947046,0.984216
LegalBench-RAG,1200000,1200000,Tombstone,hub,0.3,9,0.0,0.152802,0.943747,0.98433
LegalBench-RAG,1200000,1200000,Post-filter,hub,0.3,0,0.0,0.165208,0.936024,0.980591
LegalBench-RAG,1200000,1200000,Post-filter,hub,0.3,1,0.0,0.161915,0.933658,0.981836
LegalBench-RAG,1200000,1200000,Post-filter,hub,0.3,2,0.0,0.168098,0.935821,0.98079
LegalBench-RAG,1200000,1200000,Post-filter,hub,0.3,3,0.0,0.163383,0.935282,0.979969
LegalBench-RAG,1200000,1200000,Post-filter,hub,0.3,4,0.0,0.163024,0.933459,0.981841
LegalBench-RAG,1200000,1200000,Post-filter,hub,0.3,5,0.0,0.165981,0.941315,0.985975
LegalBench-RAG,1200000,1200000,Post-filter,hub,0.3,6,0.0,0.165218,0.934203,0.981413
LegalBench-RAG,1200000,1200000,Post-filter,hub,0.3,7,0.0,0.16727,0.936701,0.981393
LegalBench-RAG,1200000,1200000,Post-filter,hub,0.3,8,0.0,0.170328,0.939767,0.982223
LegalBench-RAG,1200000,1200000,Post-filter,hub,0.3,9,0.0,0.167181,0.941083,0.983176
LegalBench-RAG,1200000,1200000,Lethe,hub,0.3,0,0.0,0.009814,0.973745,0.977721
LegalBench-RAG,1200000,1200000,Lethe,hub,0.3,1,0.0,0.012318,0.980762,0.982011
LegalBench-RAG,1200000,1200000,Lethe,hub,0.3,2,0.0,0.009908,0.978617,0.982284
LegalBench-RAG,1200000,1200000,Lethe,hub,0.3,3,0.0,0.013092,0.977303,0.981129
LegalBench-RAG,1200000,1200000,Lethe,hub,0.3,4,0.0,0.00296,0.976842,0.983523
LegalBench-RAG,1200000,1200000,Lethe,hub,0.3,5,0.0,0.011982,0.977201,0.980874
LegalBench-RAG,1200000,1200000,Lethe,hub,0.3,6,0.0,0.006426,0.97765,0.980553
LegalBench-RAG,1200000,1200000,Lethe,hub,0.3,7,0.0,0.008678,0.976964,0.981769
LegalBench-RAG,1200000,1200000,Lethe,hub,0.3,8,0.0,0.004902,0.975254,0.981791
LegalBench-RAG,1200000,1200000,Lethe,hub,0.3,9,0.0,0.011517,0.98321,0.98371
LegalBench-RAG,1200000,1200000,Lethe-no-bypass,hub,0.3,0,0.0,0.044363,0.924189,0.98263
LegalBench-RAG,1200000,1200000,Lethe-no-bypass,hub,0.3,1,0.0,0.056939,0.92626,0.982292
LegalBench-RAG,1200000,1200000,Lethe-no-bypass,hub,0.3,2,0.0,0.051193,0.925999,0.980052
LegalBench-RAG,1200000,1200000,Lethe-no-bypass,hub,0.3,3,0.0,0.053363,0.929451,0.984429
LegalBench-RAG,1200000,1200000,Lethe-no-bypass,hub,0.3,4,0.0,0.055339,0.924638,0.980723
LegalBench-RAG,1200000,1200000,Lethe-no-bypass,hub,0.3,5,0.0,0.050195,0.921059,0.978317
LegalBench-RAG,1200000,1200000,Lethe-no-bypass,hub,0.3,6,0.0,0.050989,0.92978,0.984396
LegalBench-RAG,1200000,1200000,Lethe-no-bypass,hub,0.3,7,0.0,0.047307,0.927625,0.984004
LegalBench-RAG,1200000,1200000,Lethe-no-bypass,hub,0.3,8,0.0,0.046584,0.92782,0.981664
LegalBench-RAG,1200000,1200000,Lethe-no-bypass,hub,0.3,9,0.0,0.046628,0.928155,0.982758
LegalBench-RAG,1200000,1200000,Lethe-no-revaware-traversal,hub,0.3,0,0.0,0.142098,0.959135,0.982577
LegalBench-RAG,1200000,1200000,Lethe-no-revaware-traversal,hub,0.3,1,0.0,0.135669,0.951289,0.978375
LegalBench-RAG,1200000,1200000,Lethe-no-revaware-traversal,hub,0.3,2,0.0,0.139867,0.953248,0.980284
LegalBench-RAG,1200000,1200000,Lethe-no-revaware-traversal,hub,0.3,3,0.0,0.136626,0.95663,0.97956
LegalBench-RAG,1200000,1200000,Lethe-no-revaware-traversal,hub,0.3,4,0.0,0.141601,0.956682,0.985483
LegalBench-RAG,1200000,1200000,Lethe-no-revaware-traversal,hub,0.3,5,0.0,0.140241,0.955289,0.980774
LegalBench-RAG,1200000,1200000,Lethe-no-revaware-traversal,hub,0.3,6,0.0,0.141719,0.955104,0.980328
LegalBench-RAG,1200000,1200000,Lethe-no-revaware-traversal,hub,0.3,7,0.0,0.142356,0.951819,0.979452
LegalBench-RAG,1200000,1200000,Lethe-no-revaware-traversal,hub,0.3,8,0.0,0.143283,0.957774,0.985801
LegalBench-RAG,1200000,1200000,Lethe-no-revaware-traversal,hub,0.3,9,0.0,0.143162,0.962805,0.985801
LegalBench-RAG,1200000,1200000,Physical-delete,hub,0.3,0,0.0,0.035654,0.946623,0.984427
LegalBench-RAG,1200000,1200000,Physical-delete,hub,0.3,1,0.0,0.038632,0.939237,0.979088
LegalBench-RAG,1200000,1200000,Physical-delete,hub,0.3,2,0.0,0.039264,0.943559,0.979895
LegalBench-RAG,1200000,1200000,Physical-delete,hub,0.3,3,0.0,0.031941,0.95031,0.985698
LegalBench-RAG,1200000,1200000,Physical-delete,hub,0.3,4,0.0,0.038413,0.945322,0.982016
LegalBench-RAG,1200000,1200000,Physical-delete,hub,0.3,5,0.0,0.036484,0.946374,0.98039
LegalBench-RAG,1200000,1200000,Physical-delete,hub,0.3,6,0.0,0.037379,0.946105,0.98238
LegalBench-RAG,1200000,1200000,Physical-delete,hub,0.3,7,0.0,0.036129,0.944829,0.981864
LegalBench-RAG,1200000,1200000,Physical-delete,hub,0.3,8,0.0,0.029004,0.946391,0.983255
LegalBench-RAG,1200000,1200000,Physical-delete,hub,0.3,9,0.0,0.029249,0.945095,0.980325
LegalBench-RAG,1200000,1200000,Periodic-rebuild,hub,0.3,0,0.0,0.075185,0.962412,0.980259
LegalBench-RAG,1200000,1200000,Periodic-rebuild,hub,0.3,1,0.0,0.073443,0.964828,0.981994
LegalBench-RAG,1200000,1200000,Periodic-rebuild,hub,0.3,2,0.0,0.078024,0.959231,0.979711
LegalBench-RAG,1200000,1200000,Periodic-rebuild,hub,0.3,3,0.0,0.071524,0.959535,0.981334
LegalBench-RAG,1200000,1200000,Periodic-rebuild,hub,0.3,4,0.0,0.073534,0.966187,0.985978
LegalBench-RAG,1200000,1200000,Periodic-rebuild,hub,0.3,5,0.0,0.071754,0.961804,0.981964
LegalBench-RAG,1200000,1200000,Periodic-rebuild,hub,0.3,6,0.0,0.068475,0.967728,0.982903
LegalBench-RAG,1200000,1200000,Periodic-rebuild,hub,0.3,7,0.0,0.072337,0.962924,0.982508
LegalBench-RAG,1200000,1200000,Periodic-rebuild,hub,0.3,8,0.0,0.070059,0.961642,0.982657
LegalBench-RAG,1200000,1200000,Periodic-rebuild,hub,0.3,9,0.0,0.067559,0.966389,0.984574
LegalBench-RAG,1200000,1200000,Per-role-index,hub,0.3,0,0.0,0.007488,0.978718,0.981169
LegalBench-RAG,1200000,1200000,Per-role-index,hub,0.3,1,0.0,0.001507,0.978702,0.983058
LegalBench-RAG,1200000,1200000,Per-role-index,hub,0.3,2,0.0,0.002188,0.97447,0.978495
LegalBench-RAG,1200000,1200000,Per-role-index,hub,0.3,3,0.0,0.002822,0.978498,0.981809
LegalBench-RAG,1200000,1200000,Per-role-index,hub,0.3,4,0.0,0.0054,0.979502,0.983613
LegalBench-RAG,1200000,1200000,Per-role-index,hub,0.3,5,0.0,0.001476,0.979112,0.981838
LegalBench-RAG,1200000,1200000,Per-role-index,hub,0.3,6,0.0,0.0,0.983529,0.984781
LegalBench-RAG,1200000,1200000,Per-role-index,hub,0.3,7,0.0,0.007006,0.973708,0.980471
LegalBench-RAG,1200000,1200000,Per-role-index,hub,0.3,8,0.0,0.007237,0.978905,0.984019
LegalBench-RAG,1200000,1200000,Per-role-index,hub,0.3,9,0.0,0.003194,0.97475,0.981182
LegalBench-RAG,1200000,1200000,ACORN,hub,0.3,0,0.0,0.064237,0.960136,0.981919
LegalBench-RAG,1200000,1200000,ACORN,hub,0.3,1,0.0,0.06347,0.960792,0.981545
LegalBench-RAG,1200000,1200000,ACORN,hub,0.3,2,0.0,0.056524,0.958681,0.980067
LegalBench-RAG,1200000,1200000,ACORN,hub,0.3,3,0.0,0.060225,0.962352,0.982966
LegalBench-RAG,1200000,1200000,ACORN,hub,0.3,4,0.0,0.069303,0.955131,0.978753
LegalBench-RAG,1200000,1200000,ACORN,hub,0.3,5,0.0,0.061892,0.95948,0.982111
LegalBench-RAG,1200000,1200000,ACORN,hub,0.3,6,0.0,0.064007,0.959508,0.981424
LegalBench-RAG,1200000,1200000,ACORN,hub,0.3,7,0.0,0.062889,0.961953,0.983748
LegalBench-RAG,1200000,1200000,ACORN,hub,0.3,8,0.0,0.063762,0.957364,0.982353
LegalBench-RAG,1200000,1200000,ACORN,hub,0.3,9,0.0,0.065117,0.967281,0.985369
LegalBench-RAG,1200000,1200000,HoneyBee,hub,0.3,0,0.0,0.048718,0.963968,0.98272
LegalBench-RAG,1200000,1200000,HoneyBee,hub,0.3,1,0.0,0.046008,0.964127,0.981809
LegalBench-RAG,1200000,1200000,HoneyBee,hub,0.3,2,0.0,0.058172,0.964483,0.981173
LegalBench-RAG,1200000,1200000,HoneyBee,hub,0.3,3,0.0,0.053486,0.968011,0.984578
LegalBench-RAG,1200000,1200000,HoneyBee,hub,0.3,4,0.0,0.059147,0.967154,0.983246
LegalBench-RAG,1200000,1200000,HoneyBee,hub,0.3,5,0.0,0.048433,0.961144,0.979151
LegalBench-RAG,1200000,1200000,HoneyBee,hub,0.3,6,0.0,0.053696,0.969957,0.984727
LegalBench-RAG,1200000,1200000,HoneyBee,hub,0.3,7,0.0,0.054841,0.960796,0.981445
LegalBench-RAG,1200000,1200000,HoneyBee,hub,0.3,8,0.0,0.053552,0.964882,0.983157
LegalBench-RAG,1200000,1200000,HoneyBee,hub,0.3,9,0.0,0.04592,0.963101,0.981972
LegalBench-RAG,1200000,1200000,SPFresh,hub,0.3,0,0.0,0.094236,0.954186,0.979951
LegalBench-RAG,1200000,1200000,SPFresh,hub,0.3,1,0.0,0.092508,0.953356,0.980341
LegalBench-RAG,1200000,1200000,SPFresh,hub,0.3,2,0.0,0.090774,0.954149,0.982604
LegalBench-RAG,1200000,1200000,SPFresh,hub,0.3,3,0.0,0.093313,0.957405,0.982637
LegalBench-RAG,1200000,1200000,SPFresh,hub,0.3,4,0.0,0.094696,0.956473,0.982612
LegalBench-RAG,1200000,1200000,SPFresh,hub,0.3,5,0.0,0.093194,0.958596,0.983956
LegalBench-RAG,1200000,1200000,SPFresh,hub,0.3,6,0.0,0.09051,0.951089,0.980705
LegalBench-RAG,1200000,1200000,SPFresh,hub,0.3,7,0.0,0.094637,0.958893,0.983109
LegalBench-RAG,1200000,1200000,SPFresh,hub,0.3,8,0.0,0.090107,0.954041,0.979531
LegalBench-RAG,1200000,1200000,SPFresh,hub,0.3,9,0.0,0.091825,0.954458,0.982706
LegalBench-RAG,1200000,1200000,Oracle,hub,0.3,0,0.0,0.0,0.982087,0.982087
LegalBench-RAG,1200000,1200000,Oracle,hub,0.3,1,0.0,0.0,0.985364,0.985364
LegalBench-RAG,1200000,1200000,Oracle,hub,0.3,2,0.0,0.0,0.982102,0.982102
LegalBench-RAG,1200000,1200000,Oracle,hub,0.3,3,0.0,0.0,0.981568,0.981568
LegalBench-RAG,1200000,1200000,Oracle,hub,0.3,4,0.0,0.0,0.982363,0.982363
LegalBench-RAG,1200000,1200000,Oracle,hub,0.3,5,0.0,0.0,0.98178,0.98178
LegalBench-RAG,1200000,1200000,Oracle,hub,0.3,6,0.0,0.0,0.982303,0.982303
LegalBench-RAG,1200000,1200000,Oracle,hub,0.3,7,0.0,0.0,0.97961,0.97961
LegalBench-RAG,1200000,1200000,Oracle,hub,0.3,8,0.0,0.0,0.980374,0.980374
LegalBench-RAG,1200000,1200000,Oracle,hub,0.3,9,0.0,0.0,0.980717,0.980717
LegalBench-RAG,1200000,1200000,Tombstone,hub,0.4,0,0.0,0.187423,0.945973,0.983817
LegalBench-RAG,1200000,1200000,Tombstone,hub,0.4,1,0.0,0.183741,0.945002,0.982833
LegalBench-RAG,1200000,1200000,Tombstone,hub,0.4,2,0.0,0.187951,0.939227,0.980462
LegalBench-RAG,1200000,1200000,Tombstone,hub,0.4,3,0.0,0.185002,0.943652,0.981177
LegalBench-RAG,1200000,1200000,Tombstone,hub,0.4,4,0.0,0.185986,0.939036,0.98118
LegalBench-RAG,1200000,1200000,Tombstone,hub,0.4,5,0.0,0.193086,0.939246,0.980718
LegalBench-RAG,1200000,1200000,Tombstone,hub,0.4,6,0.0,0.183508,0.945283,0.983751
LegalBench-RAG,1200000,1200000,Tombstone,hub,0.4,7,0.0,0.18607,0.945492,0.986376
LegalBench-RAG,1200000,1200000,Tombstone,hub,0.4,8,0.0,0.193159,0.942474,0.982269
LegalBench-RAG,1200000,1200000,Tombstone,hub,0.4,9,0.0,0.190793,0.941622,0.978777
LegalBench-RAG,1200000,1200000,Post-filter,hub,0.4,0,0.0,0.203413,0.940281,0.981032
LegalBench-RAG,1200000,1200000,Post-filter,hub,0.4,1,0.0,0.200353,0.937913,0.984636
LegalBench-RAG,1200000,1200000,Post-filter,hub,0.4,2,0.0,0.208589,0.935487,0.982062
LegalBench-RAG,1200000,1200000,Post-filter,hub,0.4,3,0.0,0.19929,0.933942,0.979825
LegalBench-RAG,1200000,1200000,Post-filter,hub,0.4,4,0.0,0.20221,0.935738,0.98209
LegalBench-RAG,1200000,1200000,Post-filter,hub,0.4,5,0.0,0.201734,0.937543,0.981663
LegalBench-RAG,1200000,1200000,Post-filter,hub,0.4,6,0.0,0.19998,0.937204,0.982044
LegalBench-RAG,1200000,1200000,Post-filter,hub,0.4,7,0.0,0.208018,0.938081,0.982666
LegalBench-RAG,1200000,1200000,Post-filter,hub,0.4,8,0.0,0.207222,0.940244,0.983502
LegalBench-RAG,1200000,1200000,Post-filter,hub,0.4,9,0.0,0.206784,0.938134,0.983125
LegalBench-RAG,1200000,1200000,Lethe,hub,0.4,0,0.0,0.011238,0.977066,0.983555
LegalBench-RAG,1200000,1200000,Lethe,hub,0.4,1,0.0,0.008932,0.980303,0.982862
LegalBench-RAG,1200000,1200000,Lethe,hub,0.4,2,0.0,0.011907,0.980619,0.981639
LegalBench-RAG,1200000,1200000,Lethe,hub,0.4,3,0.0,0.011086,0.978973,0.982136
LegalBench-RAG,1200000,1200000,Lethe,hub,0.4,4,0.0,0.010917,0.97919,0.982995
LegalBench-RAG,1200000,1200000,Lethe,hub,0.4,5,0.0,0.016293,0.980316,0.983583
LegalBench-RAG,1200000,1200000,Lethe,hub,0.4,6,0.0,0.00798,0.970241,0.97853
LegalBench-RAG,1200000,1200000,Lethe,hub,0.4,7,0.0,0.010714,0.97637,0.982114
LegalBench-RAG,1200000,1200000,Lethe,hub,0.4,8,0.0,0.006552,0.975484,0.979522
LegalBench-RAG,1200000,1200000,Lethe,hub,0.4,9,0.0,0.014708,0.977821,0.984508
LegalBench-RAG,1200000,1200000,Lethe-no-bypass,hub,0.4,0,0.0,0.065956,0.929944,0.983425
LegalBench-RAG,1200000,1200000,Lethe-no-bypass,hub,0.4,1,0.0,0.059641,0.928641,0.984259
LegalBench-RAG,1200000,1200000,Lethe-no-bypass,hub,0.4,2,0.0,0.062911,0.930321,0.986181
LegalBench-RAG,1200000,1200000,Lethe-no-bypass,hub,0.4,3,0.0,0.063548,0.921209,0.980058
LegalBench-RAG,1200000,1200000,Lethe-no-bypass,hub,0.4,4,0.0,0.070575,0.928842,0.985185
LegalBench-RAG,1200000,1200000,Lethe-no-bypass,hub,0.4,5,0.0,0.067892,0.91937,0.978264
LegalBench-RAG,1200000,1200000,Lethe-no-bypass,hub,0.4,6,0.0,0.068488,0.924523,0.981985
LegalBench-RAG,1200000,1200000,Lethe-no-bypass,hub,0.4,7,0.0,0.06741,0.926985,0.981209
LegalBench-RAG,1200000,1200000,Lethe-no-bypass,hub,0.4,8,0.0,0.06294,0.92093,0.976302
LegalBench-RAG,1200000,1200000,Lethe-no-bypass,hub,0.4,9,0.0,0.067688,0.921906,0.978917
LegalBench-RAG,1200000,1200000,Lethe-no-revaware-traversal,hub,0.4,0,0.0,0.174614,0.956179,0.983706
LegalBench-RAG,1200000,1200000,Lethe-no-revaware-traversal,hub,0.4,1,0.0,0.176966,0.96026,0.987804
LegalBench-RAG,1200000,1200000,Lethe-no-revaware-traversal,hub,0.4,2,0.0,0.175643,0.953415,0.980275
LegalBench-RAG,1200000,1200000,Lethe-no-revaware-traversal,hub,0.4,3,0.0,0.170869,0.952827,0.978386
LegalBench-RAG,1200000,1200000,Lethe-no-revaware-traversal,hub,0.4,4,0.0,0.176432,0.957871,0.985313
LegalBench-RAG,1200000,1200000,Lethe-no-revaware-traversal,hub,0.4,5,0.0,0.177545,0.951715,0.97973
LegalBench-RAG,1200000,1200000,Lethe-no-revaware-traversal,hub,0.4,6,0.0,0.176827,0.954755,0.9832
LegalBench-RAG,1200000,1200000,Lethe-no-revaware-traversal,hub,0.4,7,0.0,0.180488,0.955313,0.981989
LegalBench-RAG,1200000,1200000,Lethe-no-revaware-traversal,hub,0.4,8,0.0,0.172586,0.956432,0.981946
LegalBench-RAG,1200000,1200000,Lethe-no-revaware-traversal,hub,0.4,9,0.0,0.17009,0.959635,0.983639
LegalBench-RAG,1200000,1200000,Physical-delete,hub,0.4,0,0.0,0.037266,0.946564,0.982945
LegalBench-RAG,1200000,1200000,Physical-delete,hub,0.4,1,0.0,0.043776,0.945701,0.983097
LegalBench-RAG,1200000,1200000,Physical-delete,hub,0.4,2,0.0,0.048913,0.946993,0.986609
LegalBench-RAG,1200000,1200000,Physical-delete,hub,0.4,3,0.0,0.045825,0.943027,0.981399
LegalBench-RAG,1200000,1200000,Physical-delete,hub,0.4,4,0.0,0.04869,0.943884,0.982152
LegalBench-RAG,1200000,1200000,Physical-delete,hub,0.4,5,0.0,0.047933,0.944597,0.981965
LegalBench-RAG,1200000,1200000,Physical-delete,hub,0.4,6,0.0,0.037604,0.951363,0.98553
LegalBench-RAG,1200000,1200000,Physical-delete,hub,0.4,7,0.0,0.040702,0.948145,0.981646
LegalBench-RAG,1200000,1200000,Physical-delete,hub,0.4,8,0.0,0.046409,0.945638,0.982493
LegalBench-RAG,1200000,1200000,Physical-delete,hub,0.4,9,0.0,0.041905,0.94523,0.984496
LegalBench-RAG,1200000,1200000,Periodic-rebuild,hub,0.4,0,0.0,0.087996,0.960824,0.981767
LegalBench-RAG,1200000,1200000,Periodic-rebuild,hub,0.4,1,0.0,0.094612,0.962125,0.98165
LegalBench-RAG,1200000,1200000,Periodic-rebuild,hub,0.4,2,0.0,0.08728,0.965738,0.982866
LegalBench-RAG,1200000,1200000,Periodic-rebuild,hub,0.4,3,0.0,0.096215,0.962984,0.979562
LegalBench-RAG,1200000,1200000,Periodic-rebuild,hub,0.4,4,0.0,0.087806,0.966889,0.984707
LegalBench-RAG,1200000,1200000,Periodic-rebuild,hub,0.4,5,0.0,0.092128,0.964593,0.980566
LegalBench-RAG,1200000,1200000,Periodic-rebuild,hub,0.4,6,0.0,0.093593,0.962077,0.982718
LegalBench-RAG,1200000,1200000,Periodic-rebuild,hub,0.4,7,0.0,0.088779,0.960578,0.979357
LegalBench-RAG,1200000,1200000,Periodic-rebuild,hub,0.4,8,0.0,0.09092,0.961504,0.979356
LegalBench-RAG,1200000,1200000,Periodic-rebuild,hub,0.4,9,0.0,0.094376,0.961197,0.980438
LegalBench-RAG,1200000,1200000,Per-role-index,hub,0.4,0,0.0,0.004383,0.981214,0.983358
LegalBench-RAG,1200000,1200000,Per-role-index,hub,0.4,1,0.0,0.004071,0.976382,0.981338
LegalBench-RAG,1200000,1200000,Per-role-index,hub,0.4,2,0.0,0.009171,0.975673,0.980357
LegalBench-RAG,1200000,1200000,Per-role-index,hub,0.4,3,0.0,0.007072,0.979814,0.984062
LegalBench-RAG,1200000,1200000,Per-role-index,hub,0.4,4,0.0,0.014069,0.978344,0.981101
LegalBench-RAG,1200000,1200000,Per-role-index,hub,0.4,5,0.0,0.014554,0.975427,0.979189
LegalBench-RAG,1200000,1200000,Per-role-index,hub,0.4,6,0.0,0.011513,0.977656,0.981379
LegalBench-RAG,1200000,1200000,Per-role-index,hub,0.4,7,0.0,0.007887,0.982598,0.984836
LegalBench-RAG,1200000,1200000,Per-role-index,hub,0.4,8,0.0,0.002127,0.97716,0.983201
LegalBench-RAG,1200000,1200000,Per-role-index,hub,0.4,9,0.0,0.007682,0.976501,0.980983
LegalBench-RAG,1200000,1200000,ACORN,hub,0.4,0,0.0,0.077432,0.956736,0.979178
LegalBench-RAG,1200000,1200000,ACORN,hub,0.4,1,0.0,0.082446,0.964062,0.985434
LegalBench-RAG,1200000,1200000,ACORN,hub,0.4,2,0.0,0.078994,0.9583,0.977082
LegalBench-RAG,1200000,1200000,ACORN,hub,0.4,3,0.0,0.08009,0.96274,0.983023
LegalBench-RAG,1200000,1200000,ACORN,hub,0.4,4,0.0,0.080442,0.961847,0.981699
LegalBench-RAG,1200000,1200000,ACORN,hub,0.4,5,0.0,0.076528,0.965031,0.983361
LegalBench-RAG,1200000,1200000,ACORN,hub,0.4,6,0.0,0.086164,0.963057,0.981753
LegalBench-RAG,1200000,1200000,ACORN,hub,0.4,7,0.0,0.075397,0.961285,0.980496
LegalBench-RAG,1200000,1200000,ACORN,hub,0.4,8,0.0,0.081493,0.960035,0.980965
LegalBench-RAG,1200000,1200000,ACORN,hub,0.4,9,0.0,0.088588,0.964254,0.984476
LegalBench-RAG,1200000,1200000,HoneyBee,hub,0.4,0,0.0,0.067563,0.961382,0.981763
LegalBench-RAG,1200000,1200000,HoneyBee,hub,0.4,1,0.0,0.057405,0.959997,0.981153
LegalBench-RAG,1200000,1200000,HoneyBee,hub,0.4,2,0.0,0.068034,0.962509,0.980762
LegalBench-RAG,1200000,1200000,HoneyBee,hub,0.4,3,0.0,0.063365,0.959524,0.980056
LegalBench-RAG,1200000,1200000,HoneyBee,hub,0.4,4,0.0,0.066841,0.963708,0.979573
LegalBench-RAG,1200000,1200000,HoneyBee,hub,0.4,5,0.0,0.059673,0.95651,0.978809
LegalBench-RAG,1200000,1200000,HoneyBee,hub,0.4,6,0.0,0.070167,0.963203,0.982871
LegalBench-RAG,1200000,1200000,HoneyBee,hub,0.4,7,0.0,0.062429,0.97022,0.984046
LegalBench-RAG,1200000,1200000,HoneyBee,hub,0.4,8,0.0,0.068635,0.959983,0.977881
LegalBench-RAG,1200000,1200000,HoneyBee,hub,0.4,9,0.0,0.065134,0.958567,0.978818
LegalBench-RAG,1200000,1200000,SPFresh,hub,0.4,0,0.0,0.119249,0.957918,0.982467
LegalBench-RAG,1200000,1200000,SPFresh,hub,0.4,1,0.0,0.118294,0.951064,0.979063
LegalBench-RAG,1200000,1200000,SPFresh,hub,0.4,2,0.0,0.120385,0.952819,0.979579
LegalBench-RAG,1200000,1200000,SPFresh,hub,0.4,3,0.0,0.120165,0.961334,0.98662
LegalBench-RAG,1200000,1200000,SPFresh,hub,0.4,4,0.0,0.109246,0.959813,0.984696
LegalBench-RAG,1200000,1200000,SPFresh,hub,0.4,5,0.0,0.118159,0.956192,0.982987
LegalBench-RAG,1200000,1200000,SPFresh,hub,0.4,6,0.0,0.116243,0.957324,0.983351
LegalBench-RAG,1200000,1200000,SPFresh,hub,0.4,7,0.0,0.116751,0.951306,0.980253
LegalBench-RAG,1200000,1200000,SPFresh,hub,0.4,8,0.0,0.112664,0.956198,0.982991
LegalBench-RAG,1200000,1200000,SPFresh,hub,0.4,9,0.0,0.114702,0.947144,0.976394
LegalBench-RAG,1200000,1200000,Oracle,hub,0.4,0,0.0,0.0,0.982795,0.982795
LegalBench-RAG,1200000,1200000,Oracle,hub,0.4,1,0.0,0.0,0.98302,0.98302
LegalBench-RAG,1200000,1200000,Oracle,hub,0.4,2,0.0,0.0,0.979306,0.979306
LegalBench-RAG,1200000,1200000,Oracle,hub,0.4,3,0.0,0.0,0.98242,0.98242
LegalBench-RAG,1200000,1200000,Oracle,hub,0.4,4,0.0,0.0,0.983163,0.983163
LegalBench-RAG,1200000,1200000,Oracle,hub,0.4,5,0.0,0.0,0.978952,0.978952
LegalBench-RAG,1200000,1200000,Oracle,hub,0.4,6,0.0,0.0,0.983095,0.983095
LegalBench-RAG,1200000,1200000,Oracle,hub,0.4,7,0.0,0.0,0.981716,0.981716
LegalBench-RAG,1200000,1200000,Oracle,hub,0.4,8,0.0,0.0,0.981523,0.981523
LegalBench-RAG,1200000,1200000,Oracle,hub,0.4,9,0.0,0.0,0.982133,0.982133
LegalBench-RAG,1200000,1200000,Tombstone,hub,0.5,0,0.0,0.224722,0.943091,0.983928
LegalBench-RAG,1200000,1200000,Tombstone,hub,0.5,1,0.0,0.225392,0.940441,0.979438
LegalBench-RAG,1200000,1200000,Tombstone,hub,0.5,2,0.0,0.219432,0.945386,0.986882
LegalBench-RAG,1200000,1200000,Tombstone,hub,0.5,3,0.0,0.226886,0.938769,0.979037
LegalBench-RAG,1200000,1200000,Tombstone,hub,0.5,4,0.0,0.2248,0.943204,0.982706
LegalBench-RAG,1200000,1200000,Tombstone,hub,0.5,5,0.0,0.223139,0.944361,0.984002
LegalBench-RAG,1200000,1200000,Tombstone,hub,0.5,6,0.0,0.228013,0.935572,0.980067
LegalBench-RAG,1200000,1200000,Tombstone,hub,0.5,7,0.0,0.226081,0.942157,0.982037
LegalBench-RAG,1200000,1200000,Tombstone,hub,0.5,8,0.0,0.220373,0.93589,0.981035
LegalBench-RAG,1200000,1200000,Tombstone,hub,0.5,9,0.0,0.225877,0.940241,0.981102
LegalBench-RAG,1200000,1200000,Post-filter,hub,0.5,0,0.0,0.236376,0.938984,0.981965
LegalBench-RAG,1200000,1200000,Post-filter,hub,0.5,1,0.0,0.247102,0.938316,0.980806
LegalBench-RAG,1200000,1200000,Post-filter,hub,0.5,2,0.0,0.243339,0.937619,0.981833
LegalBench-RAG,1200000,1200000,Post-filter,hub,0.5,3,0.0,0.245298,0.931762,0.980364
LegalBench-RAG,1200000,1200000,Post-filter,hub,0.5,4,0.0,0.250579,0.940062,0.981812
LegalBench-RAG,1200000,1200000,Post-filter,hub,0.5,5,0.0,0.243993,0.934672,0.980578
LegalBench-RAG,1200000,1200000,Post-filter,hub,0.5,6,0.0,0.238145,0.936455,0.98247
LegalBench-RAG,1200000,1200000,Post-filter,hub,0.5,7,0.0,0.239892,0.936575,0.982219
LegalBench-RAG,1200000,1200000,Post-filter,hub,0.5,8,0.0,0.24267,0.936188,0.981293
LegalBench-RAG,1200000,1200000,Post-filter,hub,0.5,9,0.0,0.23556,0.937455,0.983319
LegalBench-RAG,1200000,1200000,Lethe,hub,0.5,0,0.0,0.010854,0.977337,0.981427
LegalBench-RAG,1200000,1200000,Lethe,hub,0.5,1,0.0,0.020936,0.97569,0.982092
LegalBench-RAG,1200000,1200000,Lethe,hub,0.5,2,0.0,0.012249,0.977565,0.981984
LegalBench-RAG,1200000,1200000,Lethe,hub,0.5,3,0.0,0.012027,0.978965,0.983394
LegalBench-RAG,1200000,1200000,Lethe,hub,0.5,4,0.0,0.009831,0.978015,0.982886
LegalBench-RAG,1200000,1200000,Lethe,hub,0.5,5,0.0,0.011392,0.973491,0.978442
LegalBench-RAG,1200000,1200000,Lethe,hub,0.5,6,0.0,0.026105,0.977427,0.981786
LegalBench-RAG,1200000,1200000,Lethe,hub,0.5,7,0.0,0.008943,0.980246,0.981577
LegalBench-RAG,1200000,1200000,Lethe,hub,0.5,8,0.0,0.015379,0.978543,0.981531
LegalBench-RAG,1200000,1200000,Lethe,hub,0.5,9,0.0,0.010942,0.977125,0.983041
LegalBench-RAG,1200000,1200000,Lethe-no-bypass,hub,0.5,0,0.0,0.07782,0.924623,0.980884
LegalBench-RAG,1200000,1200000,Lethe-no-bypass,hub,0.5,1,0.0,0.082014,0.925399,0.98157
LegalBench-RAG,1200000,1200000,Lethe-no-bypass,hub,0.5,2,0.0,0.076542,0.929221,0.985226
LegalBench-RAG,1200000,1200000,Lethe-no-bypass,hub,0.5,3,0.0,0.076035,0.929825,0.983976
LegalBench-RAG,1200000,1200000,Lethe-no-bypass,hub,0.5,4,0.0,0.073637,0.928209,0.983462
LegalBench-RAG,1200000,1200000,Lethe-no-bypass,hub,0.5,5,0.0,0.076088,0.922601,0.981841
LegalBench-RAG,1200000,1200000,Lethe-no-bypass,hub,0.5,6,0.0,0.077744,0.92842,0.982012
LegalBench-RAG,1200000,1200000,Lethe-no-bypass,hub,0.5,7,0.0,0.07821,0.922887,0.981319
LegalBench-RAG,1200000,1200000,Lethe-no-bypass,hub,0.5,8,0.0,0.080747,0.924929,0.981553
LegalBench-RAG,1200000,1200000,Lethe-no-bypass,hub,0.5,9,0.0,0.079041,0.926813,0.982184
LegalBench-RAG,1200000,1200000,Lethe-no-revaware-traversal,hub,0.5,0,0.0,0.215928,0.954993,0.983527
LegalBench-RAG,1200000,1200000,Lethe-no-revaware-traversal,hub,0.5,1,0.0,0.211257,0.950484,0.980289
LegalBench-RAG,1200000,1200000,Lethe-no-revaware-traversal,hub,0.5,2,0.0,0.204673,0.959133,0.983314
LegalBench-RAG,1200000,1200000,Lethe-no-revaware-traversal,hub,0.5,3,0.0,0.209457,0.954262,0.981254
LegalBench-RAG,1200000,1200000,Lethe-no-revaware-traversal,hub,0.5,4,0.0,0.207659,0.958559,0.981622
LegalBench-RAG,1200000,1200000,Lethe-no-revaware-traversal,hub,0.5,5,0.0,0.217137,0.958766,0.983161
LegalBench-RAG,1200000,1200000,Lethe-no-revaware-traversal,hub,0.5,6,0.0,0.211829,0.958875,0.983702
LegalBench-RAG,1200000,1200000,Lethe-no-revaware-traversal,hub,0.5,7,0.0,0.213421,0.960362,0.984963
LegalBench-RAG,1200000,1200000,Lethe-no-revaware-traversal,hub,0.5,8,0.0,0.216943,0.95364,0.982099
LegalBench-RAG,1200000,1200000,Lethe-no-revaware-traversal,hub,0.5,9,0.0,0.216795,0.955712,0.981022
LegalBench-RAG,1200000,1200000,Physical-delete,hub,0.5,0,0.0,0.055769,0.948016,0.983648
LegalBench-RAG,1200000,1200000,Physical-delete,hub,0.5,1,0.0,0.058522,0.944815,0.981482
LegalBench-RAG,1200000,1200000,Physical-delete,hub,0.5,2,0.0,0.05666,0.942483,0.977348
LegalBench-RAG,1200000,1200000,Physical-delete,hub,0.5,3,0.0,0.054541,0.945107,0.980958
LegalBench-RAG,1200000,1200000,Physical-delete,hub,0.5,4,0.0,0.058875,0.944639,0.984138
LegalBench-RAG,1200000,1200000,Physical-delete,hub,0.5,5,0.0,0.049479,0.946108,0.983739
LegalBench-RAG,1200000,1200000,Physical-delete,hub,0.5,6,0.0,0.048544,0.941165,0.980448
LegalBench-RAG,1200000,1200000,Physical-delete,hub,0.5,7,0.0,0.05595,0.949467,0.985408
LegalBench-RAG,1200000,1200000,Physical-delete,hub,0.5,8,0.0,0.056781,0.943913,0.981586
LegalBench-RAG,1200000,1200000,Physical-delete,hub,0.5,9,0.0,0.050614,0.945769,0.984186
LegalBench-RAG,1200000,1200000,Periodic-rebuild,hub,0.5,0,0.0,0.113126,0.963718,0.98108
LegalBench-RAG,1200000,1200000,Periodic-rebuild,hub,0.5,1,0.0,0.108641,0.969272,0.984193
LegalBench-RAG,1200000,1200000,Periodic-rebuild,hub,0.5,2,0.0,0.103818,0.963504,0.981886
LegalBench-RAG,1200000,1200000,Periodic-rebuild,hub,0.5,3,0.0,0.100974,0.96541,0.982739
LegalBench-RAG,1200000,1200000,Periodic-rebuild,hub,0.5,4,0.0,0.111605,0.966685,0.984666
LegalBench-RAG,1200000,1200000,Periodic-rebuild,hub,0.5,5,0.0,0.109689,0.964512,0.983537
LegalBench-RAG,1200000,1200000,Periodic-rebuild,hub,0.5,6,0.0,0.104904,0.967105,0.982716
LegalBench-RAG,1200000,1200000,Periodic-rebuild,hub,0.5,7,0.0,0.113673,0.965224,0.985626
LegalBench-RAG,1200000,1200000,Periodic-rebuild,hub,0.5,8,0.0,0.10785,0.965307,0.985696
LegalBench-RAG,1200000,1200000,Periodic-rebuild,hub,0.5,9,0.0,0.112513,0.966479,0.986087
LegalBench-RAG,1200000,1200000,Per-role-index,hub,0.5,0,0.0,0.001468,0.974949,0.981634
LegalBench-RAG,1200000,1200000,Per-role-index,hub,0.5,1,0.0,0.008171,0.973212,0.978646
LegalBench-RAG,1200000,1200000,Per-role-index,hub,0.5,2,0.0,0.006767,0.97591,0.978561
LegalBench-RAG,1200000,1200000,Per-role-index,hub,0.5,3,0.0,0.010885,0.978257,0.981366
LegalBench-RAG,1200000,1200000,Per-role-index,hub,0.5,4,0.0,0.010993,0.976051,0.983077
LegalBench-RAG,1200000,1200000,Per-role-index,hub,0.5,5,0.0,0.011375,0.979056,0.982734
LegalBench-RAG,1200000,1200000,Per-role-index,hub,0.5,6,0.0,0.010115,0.975122,0.982866
LegalBench-RAG,1200000,1200000,Per-role-index,hub,0.5,7,0.0,0.011027,0.973315,0.978514
LegalBench-RAG,1200000,1200000,Per-role-index,hub,0.5,8,0.0,0.007883,0.978925,0.984894
LegalBench-RAG,1200000,1200000,Per-role-index,hub,0.5,9,0.0,0.008755,0.978455,0.982002
LegalBench-RAG,1200000,1200000,ACORN,hub,0.5,0,0.0,0.093497,0.963813,0.983754
LegalBench-RAG,1200000,1200000,ACORN,hub,0.5,1,0.0,0.09581,0.964658,0.98436
LegalBench-RAG,1200000,1200000,ACORN,hub,0.5,2,0.0,0.086911,0.956966,0.980357
LegalBench-RAG,1200000,1200000,ACORN,hub,0.5,3,0.0,0.084869,0.964924,0.987569
LegalBench-RAG,1200000,1200000,ACORN,hub,0.5,4,0.0,0.094101,0.961512,0.982665
LegalBench-RAG,1200000,1200000,ACORN,hub,0.5,5,0.0,0.097326,0.962283,0.980776
LegalBench-RAG,1200000,1200000,ACORN,hub,0.5,6,0.0,0.096126,0.958153,0.982509
LegalBench-RAG,1200000,1200000,ACORN,hub,0.5,7,0.0,0.091636,0.963056,0.979628
LegalBench-RAG,1200000,1200000,ACORN,hub,0.5,8,0.0,0.097395,0.961342,0.982376
LegalBench-RAG,1200000,1200000,ACORN,hub,0.5,9,0.0,0.096153,0.96158,0.981777
LegalBench-RAG,1200000,1200000,HoneyBee,hub,0.5,0,0.0,0.079642,0.964835,0.982163
LegalBench-RAG,1200000,1200000,HoneyBee,hub,0.5,1,0.0,0.080272,0.961968,0.98301
LegalBench-RAG,1200000,1200000,HoneyBee,hub,0.5,2,0.0,0.076168,0.961507,0.981748
LegalBench-RAG,1200000,1200000,HoneyBee,hub,0.5,3,0.0,0.077933,0.969468,0.981467
LegalBench-RAG,1200000,1200000,HoneyBee,hub,0.5,4,0.0,0.075347,0.960715,0.982672
LegalBench-RAG,1200000,1200000,HoneyBee,hub,0.5,5,0.0,0.077692,0.958134,0.980674
LegalBench-RAG,1200000,1200000,HoneyBee,hub,0.5,6,0.0,0.07963,0.9641,0.981903
LegalBench-RAG,1200000,1200000,HoneyBee,hub,0.5,7,0.0,0.076604,0.967079,0.984834
LegalBench-RAG,1200000,1200000,HoneyBee,hub,0.5,8,0.0,0.079098,0.963296,0.981703
LegalBench-RAG,1200000,1200000,HoneyBee,hub,0.5,9,0.0,0.080214,0.960547,0.981143
LegalBench-RAG,1200000,1200000,SPFresh,hub,0.5,0,0.0,0.134743,0.953805,0.981379
LegalBench-RAG,1200000,1200000,SPFresh,hub,0.5,1,0.0,0.144708,0.955724,0.98264
LegalBench-RAG,1200000,1200000,SPFresh,hub,0.5,2,0.0,0.143318,0.951734,0.979892
LegalBench-RAG,1200000,1200000,SPFresh,hub,0.5,3,0.0,0.137488,0.952378,0.979544
LegalBench-RAG,1200000,1200000,SPFresh,hub,0.5,4,0.0,0.140317,0.955041,0.982616
LegalBench-RAG,1200000,1200000,SPFresh,hub,0.5,5,0.0,0.134886,0.954735,0.982596
LegalBench-RAG,1200000,1200000,SPFresh,hub,0.5,6,0.0,0.142495,0.954321,0.980878
LegalBench-RAG,1200000,1200000,SPFresh,hub,0.5,7,0.0,0.145715,0.950055,0.976837
LegalBench-RAG,1200000,1200000,SPFresh,hub,0.5,8,0.0,0.136446,0.960814,0.983473
LegalBench-RAG,1200000,1200000,SPFresh,hub,0.5,9,0.0,0.139074,0.947783,0.978508
LegalBench-RAG,1200000,1200000,Oracle,hub,0.5,0,0.0,0.0,0.980754,0.980754
LegalBench-RAG,1200000,1200000,Oracle,hub,0.5,1,0.0,0.0,0.979532,0.979532
LegalBench-RAG,1200000,1200000,Oracle,hub,0.5,2,0.0,0.0,0.981215,0.981215
LegalBench-RAG,1200000,1200000,Oracle,hub,0.5,3,0.0,0.0,0.980046,0.980046
LegalBench-RAG,1200000,1200000,Oracle,hub,0.5,4,0.0,0.0,0.98036,0.98036
LegalBench-RAG,1200000,1200000,Oracle,hub,0.5,5,0.0,0.0,0.980047,0.980047
LegalBench-RAG,1200000,1200000,Oracle,hub,0.5,6,0.0,0.0,0.983548,0.983548
LegalBench-RAG,1200000,1200000,Oracle,hub,0.5,7,0.0,0.0,0.982705,0.982705
LegalBench-RAG,1200000,1200000,Oracle,hub,0.5,8,0.0,0.0,0.983141,0.983141
LegalBench-RAG,1200000,1200000,Oracle,hub,0.5,9,0.0,0.0,0.9805,0.9805
LegalBench-RAG,1200000,1200000,Tombstone,cluster,0.0,0,0.0,0.0,0.944791,0.9809
LegalBench-RAG,1200000,1200000,Tombstone,cluster,0.0,1,0.0,0.0,0.941103,0.979626
LegalBench-RAG,1200000,1200000,Tombstone,cluster,0.0,2,0.0,0.0,0.939283,0.977984
LegalBench-RAG,1200000,1200000,Tombstone,cluster,0.0,3,0.0,0.0,0.941238,0.980604
LegalBench-RAG,1200000,1200000,Tombstone,cluster,0.0,4,0.0,0.0,0.946672,0.982566
LegalBench-RAG,1200000,1200000,Tombstone,cluster,0.0,5,0.0,0.0,0.944057,0.982531
LegalBench-RAG,1200000,1200000,Tombstone,cluster,0.0,6,0.0,0.0,0.94041,0.981499
LegalBench-RAG,1200000,1200000,Tombstone,cluster,0.0,7,0.0,0.0,0.945907,0.98481
LegalBench-RAG,1200000,1200000,Tombstone,cluster,0.0,8,0.0,0.0,0.945936,0.981528
LegalBench-RAG,1200000,1200000,Tombstone,cluster,0.0,9,0.0,0.0,0.943577,0.980721
LegalBench-RAG,1200000,1200000,Post-filter,cluster,0.0,0,0.0,0.0,0.940548,0.984879
LegalBench-RAG,1200000,1200000,Post-filter,cluster,0.0,1,0.0,0.0,0.937012,0.980649
LegalBench-RAG,1200000,1200000,Post-filter,cluster,0.0,2,0.0,0.0,0.935407,0.979294
LegalBench-RAG,1200000,1200000,Post-filter,cluster,0.0,3,0.0,0.0,0.937921,0.981595
LegalBench-RAG,1200000,1200000,Post-filter,cluster,0.0,4,0.0,0.0,0.940332,0.983132
LegalBench-RAG,1200000,1200000,Post-filter,cluster,0.0,5,0.0,0.0,0.940696,0.983548
LegalBench-RAG,1200000,1200000,Post-filter,cluster,0.0,6,0.0,0.0,0.934876,0.980476
LegalBench-RAG,1200000,1200000,Post-filter,cluster,0.0,7,0.0,0.0,0.938849,0.981834
LegalBench-RAG,1200000,1200000,Post-filter,cluster,0.0,8,0.0,0.0,0.939746,0.982975
LegalBench-RAG,1200000,1200000,Post-filter,cluster,0.0,9,0.0,0.0,0.94551,0.981721
LegalBench-RAG,1200000,1200000,Lethe,cluster,0.0,0,0.0,0.0,0.97972,0.981147
LegalBench-RAG,1200000,1200000,Lethe,cluster,0.0,1,0.0,0.0,0.977895,0.980387
LegalBench-RAG,1200000,1200000,Lethe,cluster,0.0,2,0.0,0.0,0.980551,0.985118
LegalBench-RAG,1200000,1200000,Lethe,cluster,0.0,3,0.0,0.0,0.976853,0.980665
LegalBench-RAG,1200000,1200000,Lethe,cluster,0.0,4,0.0,0.0,0.979327,0.980875
LegalBench-RAG,1200000,1200000,Lethe,cluster,0.0,5,0.0,0.0,0.974816,0.981097
LegalBench-RAG,1200000,1200000,Lethe,cluster,0.0,6,0.0,0.0,0.97943,0.985408
LegalBench-RAG,1200000,1200000,Lethe,cluster,0.0,7,0.0,0.0,0.979661,0.98353
LegalBench-RAG,1200000,1200000,Lethe,cluster,0.0,8,0.0,0.0,0.976967,0.981073
LegalBench-RAG,1200000,1200000,Lethe,cluster,0.0,9,0.0,0.0,0.976472,0.981764
LegalBench-RAG,1200000,1200000,Lethe-no-bypass,cluster,0.0,0,0.0,0.0,0.931505,0.985998
LegalBench-RAG,1200000,1200000,Lethe-no-bypass,cluster,0.0,1,0.0,0.0,0.927658,0.985183
LegalBench-RAG,1200000,1200000,Lethe-no-bypass,cluster,0.0,2,0.0,0.0,0.929711,0.983685
LegalBench-RAG,1200000,1200000,Lethe-no-bypass,cluster,0.0,3,0.0,0.0,0.923776,0.978128
LegalBench-RAG,1200000,1200000,Lethe-no-bypass,cluster,0.0,4,0.0,0.0,0.929113,0.981542
LegalBench-RAG,1200000,1200000,Lethe-no-bypass,cluster,0.0,5,0.0,0.0,0.927136,0.983648
LegalBench-RAG,1200000,1200000,Lethe-no-bypass,cluster,0.0,6,0.0,0.0,0.923787,0.98006
LegalBench-RAG,1200000,1200000,Lethe-no-bypass,cluster,0.0,7,0.0,0.0,0.92931,0.982828
LegalBench-RAG,1200000,1200000,Lethe-no-bypass,cluster,0.0,8,0.0,0.0,0.926194,0.980326
LegalBench-RAG,1200000,1200000,Lethe-no-bypass,cluster,0.0,9,0.0,0.0,0.926906,0.982227
LegalBench-RAG,1200000,1200000,Lethe-no-revaware-traversal,cluster,0.0,0,0.0,0.0,0.958822,0.98292
LegalBench-RAG,1200000,1200000,Lethe-no-revaware-traversal,cluster,0.0,1,0.0,0.0,0.952784,0.978416
LegalBench-RAG,1200000,1200000,Lethe-no-revaware-traversal,cluster,0.0,2,0.0,0.0,0.956235,0.981282
LegalBench-RAG,1200000,1200000,Lethe-no-revaware-traversal,cluster,0.0,3,0.0,0.0,0.955012,0.983063
LegalBench-RAG,1200000,1200000,Lethe-no-revaware-traversal,cluster,0.0,4,0.0,0.0,0.952113,0.978086
LegalBench-RAG,1200000,1200000,Lethe-no-revaware-traversal,cluster,0.0,5,0.0,0.0,0.955778,0.981803
LegalBench-RAG,1200000,1200000,Lethe-no-revaware-traversal,cluster,0.0,6,0.0,0.0,0.955211,0.984513
LegalBench-RAG,1200000,1200000,Lethe-no-revaware-traversal,cluster,0.0,7,0.0,0.0,0.955633,0.981743
LegalBench-RAG,1200000,1200000,Lethe-no-revaware-traversal,cluster,0.0,8,0.0,0.0,0.955503,0.981109
LegalBench-RAG,1200000,1200000,Lethe-no-revaware-traversal,cluster,0.0,9,0.0,0.0,0.95586,0.982001
LegalBench-RAG,1200000,1200000,Physical-delete,cluster,0.0,0,0.0,0.0,0.945537,0.98277
LegalBench-RAG,1200000,1200000,Physical-delete,cluster,0.0,1,0.0,0.0,0.948724,0.981787
LegalBench-RAG,1200000,1200000,Physical-delete,cluster,0.0,2,0.0,0.0,0.948829,0.985295
LegalBench-RAG,1200000,1200000,Physical-delete,cluster,0.0,3,0.0,0.0,0.944995,0.983085
LegalBench-RAG,1200000,1200000,Physical-delete,cluster,0.0,4,0.0,0.0,0.94362,0.979297
LegalBench-RAG,1200000,1200000,Physical-delete,cluster,0.0,5,0.0,0.0,0.944045,0.980024
LegalBench-RAG,1200000,1200000,Physical-delete,cluster,0.0,6,0.0,0.0,0.945388,0.981466
LegalBench-RAG,1200000,1200000,Physical-delete,cluster,0.0,7,0.0,0.0,0.950955,0.985263
LegalBench-RAG,1200000,1200000,Physical-delete,cluster,0.0,8,0.0,0.0,0.94562,0.980511
LegalBench-RAG,1200000,1200000,Physical-delete,cluster,0.0,9,0.0,0.0,0.941994,0.980963
LegalBench-RAG,1200000,1200000,Periodic-rebuild,cluster,0.0,0,0.0,0.0,0.962321,0.981122
LegalBench-RAG,1200000,1200000,Periodic-rebuild,cluster,0.0,1,0.0,0.0,0.963962,0.984352
LegalBench-RAG,1200000,1200000,Periodic-rebuild,cluster,0.0,2,0.0,0.0,0.966176,0.980691
LegalBench-RAG,1200000,1200000,Periodic-rebuild,cluster,0.0,3,0.0,0.0,0.962183,0.9809
LegalBench-RAG,1200000,1200000,Periodic-rebuild,cluster,0.0,4,0.0,0.0,0.963133,0.981752
LegalBench-RAG,1200000,1200000,Periodic-rebuild,cluster,0.0,5,0.0,0.0,0.964626,0.981079
LegalBench-RAG,1200000,1200000,Periodic-rebuild,cluster,0.0,6,0.0,0.0,0.963716,0.980286
LegalBench-RAG,1200000,1200000,Periodic-rebuild,cluster,0.0,7,0.0,0.0,0.967688,0.985103
LegalBench-RAG,1200000,1200000,Periodic-rebuild,cluster,0.0,8,0.0,0.0,0.959659,0.981491
LegalBench-RAG,1200000,1200000,Periodic-rebuild,cluster,0.0,9,0.0,0.0,0.966791,0.984253
LegalBench-RAG,1200000,1200000,Per-role-index,cluster,0.0,0,0.0,0.0,0.979416,0.982826
LegalBench-RAG,1200000,1200000,Per-role-index,cluster,0.0,1,0.0,0.0,0.972852,0.981114
LegalBench-RAG,1200000,1200000,Per-role-index,cluster,0.0,2,0.0,0.0,0.978041,0.982779
LegalBench-RAG,1200000,1200000,Per-role-index,cluster,0.0,3,0.0,0.0,0.973947,0.979558
LegalBench-RAG,1200000,1200000,Per-role-index,cluster,0.0,4,0.0,0.0,0.979388,0.983796
LegalBench-RAG,1200000,1200000,Per-role-index,cluster,0.0,5,0.0,0.0,0.981865,0.98257
LegalBench-RAG,1200000,1200000,Per-role-index,cluster,0.0,6,0.0,0.0,0.979727,0.981522
LegalBench-RAG,1200000,1200000,Per-role-index,cluster,0.0,7,0.0,0.0,0.97889,0.982033
LegalBench-RAG,1200000,1200000,Per-role-index,cluster,0.0,8,0.0,0.0,0.977882,0.982564
LegalBench-RAG,1200000,1200000,Per-role-index,cluster,0.0,9,0.0,0.0,0.978021,0.980255
LegalBench-RAG,1200000,1200000,ACORN,cluster,0.0,0,0.0,0.0,0.964062,0.984215
LegalBench-RAG,1200000,1200000,ACORN,cluster,0.0,1,0.0,0.0,0.962462,0.983335
LegalBench-RAG,1200000,1200000,ACORN,cluster,0.0,2,0.0,0.0,0.962124,0.980607
LegalBench-RAG,1200000,1200000,ACORN,cluster,0.0,3,0.0,0.0,0.964968,0.986227
LegalBench-RAG,1200000,1200000,ACORN,cluster,0.0,4,0.0,0.0,0.960501,0.982471
LegalBench-RAG,1200000,1200000,ACORN,cluster,0.0,5,0.0,0.0,0.966017,0.98176
LegalBench-RAG,1200000,1200000,ACORN,cluster,0.0,6,0.0,0.0,0.963793,0.982176
LegalBench-RAG,1200000,1200000,ACORN,cluster,0.0,7,0.0,0.0,0.959811,0.981071
LegalBench-RAG,1200000,1200000,ACORN,cluster,0.0,8,0.0,0.0,0.963423,0.981923
LegalBench-RAG,1200000,1200000,ACORN,cluster,0.0,9,0.0,0.0,0.966545,0.983609
LegalBench-RAG,1200000,1200000,HoneyBee,cluster,0.0,0,0.0,0.0,0.965228,0.982917
LegalBench-RAG,1200000,1200000,HoneyBee,cluster,0.0,1,0.0,0.0,0.961523,0.980561
LegalBench-RAG,1200000,1200000,HoneyBee,cluster,0.0,2,0.0,0.0,0.962267,0.980284
LegalBench-RAG,1200000,1200000,HoneyBee,cluster,0.0,3,0.0,0.0,0.958965,0.977974
LegalBench-RAG,1200000,1200000,HoneyBee,cluster,0.0,4,0.0,0.0,0.960662,0.97977
LegalBench-RAG,1200000,1200000,HoneyBee,cluster,0.0,5,0.0,0.0,0.967542,0.981259
LegalBench-RAG,1200000,1200000,HoneyBee,cluster,0.0,6,0.0,0.0,0.964121,0.980409
LegalBench-RAG,1200000,1200000,HoneyBee,cluster,0.0,7,0.0,0.0,0.965753,0.986455
LegalBench-RAG,1200000,1200000,HoneyBee,cluster,0.0,8,0.0,0.0,0.966673,0.982528
LegalBench-RAG,1200000,1200000,HoneyBee,cluster,0.0,9,0.0,0.0,0.960826,0.97983
LegalBench-RAG,1200000,1200000,SPFresh,cluster,0.0,0,0.0,0.0,0.961483,0.98513
LegalBench-RAG,1200000,1200000,SPFresh,cluster,0.0,1,0.0,0.0,0.951692,0.979873
LegalBench-RAG,1200000,1200000,SPFresh,cluster,0.0,2,0.0,0.0,0.958077,0.981688
LegalBench-RAG,1200000,1200000,SPFresh,cluster,0.0,3,0.0,0.0,0.957276,0.980273
LegalBench-RAG,1200000,1200000,SPFresh,cluster,0.0,4,0.0,0.0,0.955988,0.983697
LegalBench-RAG,1200000,1200000,SPFresh,cluster,0.0,5,0.0,0.0,0.956426,0.98173
LegalBench-RAG,1200000,1200000,SPFresh,cluster,0.0,6,0.0,0.0,0.956061,0.983768
LegalBench-RAG,1200000,1200000,SPFresh,cluster,0.0,7,0.0,0.0,0.953346,0.979253
LegalBench-RAG,1200000,1200000,SPFresh,cluster,0.0,8,0.0,0.0,0.955165,0.979749
LegalBench-RAG,1200000,1200000,SPFresh,cluster,0.0,9,0.0,0.0,0.953335,0.982163
LegalBench-RAG,1200000,1200000,Oracle,cluster,0.0,0,0.0,0.0,0.98238,0.98238
LegalBench-RAG,1200000,1200000,Oracle,cluster,0.0,1,0.0,0.0,0.981231,0.981231
LegalBench-RAG,1200000,1200000,Oracle,cluster,0.0,2,0.0,0.0,0.980279,0.980279
LegalBench-RAG,1200000,1200000,Oracle,cluster,0.0,3,0.0,0.0,0.982277,0.982277
LegalBench-RAG,1200000,1200000,Oracle,cluster,0.0,4,0.0,0.0,0.981824,0.981824
LegalBench-RAG,1200000,1200000,Oracle,cluster,0.0,5,0.0,0.0,0.97824,0.97824
LegalBench-RAG,1200000,1200000,Oracle,cluster,0.0,6,0.0,0.0,0.984168,0.984168
LegalBench-RAG,1200000,1200000,Oracle,cluster,0.0,7,0.0,0.0,0.985741,0.985741
LegalBench-RAG,1200000,1200000,Oracle,cluster,0.0,8,0.0,0.0,0.986078,0.986078
LegalBench-RAG,1200000,1200000,Oracle,cluster,0.0,9,0.0,0.0,0.981315,0.981315
LegalBench-RAG,1200000,1200000,Tombstone,cluster,0.1,0,0.0,0.04973,0.944774,0.983821
LegalBench-RAG,1200000,1200000,Tombstone,cluster,0.1,1,0.0,0.050469,0.94882,0.985819
LegalBench-RAG,1200000,1200000,Tombstone,cluster,0.1,2,0.0,0.049642,0.943183,0.982274
LegalBench-RAG,1200000,1200000,Tombstone,cluster,0.1,3,0.0,0.054329,0.944418,0.98448
LegalBench-RAG,1200000,1200000,Tombstone,cluster,0.1,4,0.0,0.050917,0.941152,0.980441
LegalBench-RAG,1200000,1200000,Tombstone,cluster,0.1,5,0.0,0.049039,0.945413,0.985023
LegalBench-RAG,1200000,1200000,Tombstone,cluster,0.1,6,0.0,0.050572,0.942669,0.984776
LegalBench-RAG,1200000,1200000,Tombstone,cluster,0.1,7,0.0,0.048154,0.942712,0.97972
LegalBench-RAG,1200000,1200000,Tombstone,cluster,0.1,8,0.0,0.053129,0.945543,0.981016
LegalBench-RAG,1200000,1200000,Tombstone,cluster,0.1,9,0.0,0.04587,0.94053,0.982698
LegalBench-RAG,1200000,1200000,Post-filter,cluster,0.1,0,0.0,0.055484,0.938403,0.981001
LegalBench-RAG,1200000,1200000,Post-filter,cluster,0.1,1,0.0,0.052898,0.940512,0.983394
LegalBench-RAG,1200000,1200000,Post-filter,cluster,0.1,2,0.0,0.053263,0.942531,0.983985
LegalBench-RAG,1200000,1200000,Post-filter,cluster,0.1,3,0.0,0.055945,0.933516,0.977539
LegalBench-RAG,1200000,1200000,Post-filter,cluster,0.1,4,0.0,0.052421,0.932088,0.97666
LegalBench-RAG,1200000,1200000,Post-filter,cluster,0.1,5,0.0,0.055585,0.937727,0.98288
LegalBench-RAG,1200000,1200000,Post-filter,cluster,0.1,6,0.0,0.048202,0.939519,0.983117
LegalBench-RAG,1200000,1200000,Post-filter,cluster,0.1,7,0.0,0.057298,0.938366,0.982331
LegalBench-RAG,1200000,1200000,Post-filter,cluster,0.1,8,0.0,0.048044,0.938868,0.983909
LegalBench-RAG,1200000,1200000,Post-filter,cluster,0.1,9,0.0,0.053124,0.943886,0.982432
LegalBench-RAG,1200000,1200000,Lethe,cluster,0.1,0,0.0,0.002962,0.975137,0.980427
LegalBench-RAG,1200000,1200000,Lethe,cluster,0.1,1,0.0,0.002139,0.976962,0.98307
LegalBench-RAG,1200000,1200000,Lethe,cluster,0.1,2,0.0,0.00363,0.980787,0.981722
LegalBench-RAG,1200000,1200000,Lethe,cluster,0.1,3,0.0,0.005967,0.978514,0.982776
LegalBench-RAG,1200000,1200000,Lethe,cluster,0.1,4,0.0,0.007591,0.973072,0.9793
LegalBench-RAG,1200000,1200000,Lethe,cluster,0.1,5,0.0,0.0,0.977611,0.981978
LegalBench-RAG,1200000,1200000,Lethe,cluster,0.1,6,0.0,0.002874,0.981117,0.983514
LegalBench-RAG,1200000,1200000,Lethe,cluster,0.1,7,0.0,0.006158,0.971548,0.979117
LegalBench-RAG,1200000,1200000,Lethe,cluster,0.1,8,0.0,0.007354,0.977507,0.98251
LegalBench-RAG,1200000,1200000,Lethe,cluster,0.1,9,0.0,0.001033,0.980304,0.984111
LegalBench-RAG,1200000,1200000,Lethe-no-bypass,cluster,0.1,0,0.0,0.020044,0.931133,0.983521
LegalBench-RAG,1200000,1200000,Lethe-no-bypass,cluster,0.1,1,0.0,0.019587,0.927574,0.984593
LegalBench-RAG,1200000,1200000,Lethe-no-bypass,cluster,0.1,2,0.0,0.017096,0.923038,0.980193
LegalBench-RAG,1200000,1200000,Lethe-no-bypass,cluster,0.1,3,0.0,0.017367,0.927945,0.981721
LegalBench-RAG,1200000,1200000,Lethe-no-bypass,cluster,0.1,4,0.0,0.016022,0.929439,0.983525
LegalBench-RAG,1200000,1200000,Lethe-no-bypass,cluster,0.1,5,0.0,0.018274,0.933057,0.984011
LegalBench-RAG,1200000,1200000,Lethe-no-bypass,cluster,0.1,6,0.0,0.01722,0.92667,0.982719
LegalBench-RAG,1200000,1200000,Lethe-no-bypass,cluster,0.1,7,0.0,0.016723,0.923245,0.983881
LegalBench-RAG,1200000,1200000,Lethe-no-bypass,cluster,0.1,8,0.0,0.012942,0.928103,0.982703
LegalBench-RAG,1200000,1200000,Lethe-no-bypass,cluster,0.1,9,0.0,0.015572,0.928021,0.98223
LegalBench-RAG,1200000,1200000,Lethe-no-revaware-traversal,cluster,0.1,0,0.0,0.046078,0.960822,0.985623
LegalBench-RAG,1200000,1200000,Lethe-no-revaware-traversal,cluster,0.1,1,0.0,0.048004,0.956534,0.980685
LegalBench-RAG,1200000,1200000,Lethe-no-revaware-traversal,cluster,0.1,2,0.0,0.048135,0.957915,0.982496
LegalBench-RAG,1200000,1200000,Lethe-no-revaware-traversal,cluster,0.1,3,0.0,0.04644,0.957976,0.979604
LegalBench-RAG,1200000,1200000,Lethe-no-revaware-traversal,cluster,0.1,4,0.0,0.048105,0.961544,0.984997
LegalBench-RAG,1200000,1200000,Lethe-no-revaware-traversal,cluster,0.1,5,0.0,0.045775,0.960069,0.983153
LegalBench-RAG,1200000,1200000,Lethe-no-revaware-traversal,cluster,0.1,6,0.0,0.044448,0.958746,0.983879
LegalBench-RAG,1200000,1200000,Lethe-no-revaware-traversal,cluster,0.1,7,0.0,0.041771,0.95935,0.982471
LegalBench-RAG,1200000,1200000,Lethe-no-revaware-traversal,cluster,0.1,8,0.0,0.047567,0.956429,0.97956
LegalBench-RAG,1200000,1200000,Lethe-no-revaware-traversal,cluster,0.1,9,0.0,0.048228,0.962259,0.985147
LegalBench-RAG,1200000,1200000,Physical-delete,cluster,0.1,0,0.0,0.008647,0.952081,0.985354
LegalBench-RAG,1200000,1200000,Physical-delete,cluster,0.1,1,0.0,0.011676,0.945982,0.982782
LegalBench-RAG,1200000,1200000,Physical-delete,cluster,0.1,2,0.0,0.010351,0.944377,0.980442
LegalBench-RAG,1200000,1200000,Physical-delete,cluster,0.1,3,0.0,0.01198,0.951892,0.982941
LegalBench-RAG,1200000,1200000,Physical-delete,cluster,0.1,4,0.0,0.011203,0.943607,0.98021
LegalBench-RAG,1200000,1200000,Physical-delete,cluster,0.1,5,0.0,0.017674,0.947807,0.984718
LegalBench-RAG,1200000,1200000,Physical-delete,cluster,0.1,6,0.0,0.015704,0.940397,0.979216
LegalBench-RAG,1200000,1200000,Physical-delete,cluster,0.1,7,0.0,0.016692,0.949709,0.98218
LegalBench-RAG,1200000,1200000,Physical-delete,cluster,0.1,8,0.0,0.011792,0.947086,0.981513
LegalBench-RAG,1200000,1200000,Physical-delete,cluster,0.1,9,0.0,0.013638,0.945416,0.981576
LegalBench-RAG,1200000,1200000,Periodic-rebuild,cluster,0.1,0,0.0,0.026639,0.966826,0.982114
LegalBench-RAG,1200000,1200000,Periodic-rebuild,cluster,0.1,1,0.0,0.025379,0.962432,0.979167
LegalBench-RAG,1200000,1200000,Periodic-rebuild,cluster,0.1,2,0.0,0.025377,0.968001,0.983487
LegalBench-RAG,1200000,1200000,Periodic-rebuild,cluster,0.1,3,0.0,0.026354,0.962905,0.980449
LegalBench-RAG,1200000,1200000,Periodic-rebuild,cluster,0.1,4,0.0,0.024038,0.968725,0.987265
LegalBench-RAG,1200000,1200000,Periodic-rebuild,cluster,0.1,5,0.0,0.029448,0.963359,0.981078
LegalBench-RAG,1200000,1200000,Periodic-rebuild,cluster,0.1,6,0.0,0.024385,0.970341,0.984726
LegalBench-RAG,1200000,1200000,Periodic-rebuild,cluster,0.1,7,0.0,0.020826,0.965203,0.981214
LegalBench-RAG,1200000,1200000,Periodic-rebuild,cluster,0.1,8,0.0,0.022641,0.961116,0.979979
LegalBench-RAG,1200000,1200000,Periodic-rebuild,cluster,0.1,9,0.0,0.020114,0.96753,0.982325
LegalBench-RAG,1200000,1200000,Per-role-index,cluster,0.1,0,0.0,0.002694,0.978076,0.98063
LegalBench-RAG,1200000,1200000,Per-role-index,cluster,0.1,1,0.0,0.011327,0.981071,0.985097
LegalBench-RAG,1200000,1200000,Per-role-index,cluster,0.1,2,0.0,0.004163,0.975534,0.981765
LegalBench-RAG,1200000,1200000,Per-role-index,cluster,0.1,3,0.0,0.002025,0.979932,0.982529
LegalBench-RAG,1200000,1200000,Per-role-index,cluster,0.1,4,0.0,0.001886,0.978659,0.983032
LegalBench-RAG,1200000,1200000,Per-role-index,cluster,0.1,5,0.0,0.000878,0.973665,0.983291
LegalBench-RAG,1200000,1200000,Per-role-index,cluster,0.1,6,0.0,0.00461,0.979749,0.982321
LegalBench-RAG,1200000,1200000,Per-role-index,cluster,0.1,7,0.0,0.0,0.976717,0.981939
LegalBench-RAG,1200000,1200000,Per-role-index,cluster,0.1,8,0.0,0.0,0.979706,0.980849
LegalBench-RAG,1200000,1200000,Per-role-index,cluster,0.1,9,0.0,0.0,0.97785,0.982847
LegalBench-RAG,1200000,1200000,ACORN,cluster,0.1,0,0.0,0.019635,0.959166,0.982067
LegalBench-RAG,1200000,1200000,ACORN,cluster,0.1,1,0.0,0.021029,0.965459,0.986646
LegalBench-RAG,1200000,1200000,ACORN,cluster,0.1,2,0.0,0.020945,0.9585,0.980517
LegalBench-RAG,1200000,1200000,ACORN,cluster,0.1,3,0.0,0.026212,0.962211,0.980312
LegalBench-RAG,1200000,1200000,ACORN,cluster,0.1,4,0.0,0.019343,0.955761,0.981675
LegalBench-RAG,1200000,1200000,ACORN,cluster,0.1,5,0.0,0.024463,0.961869,0.983282
LegalBench-RAG,1200000,1200000,ACORN,cluster,0.1,6,0.0,0.024996,0.961569,0.983137
LegalBench-RAG,1200000,1200000,ACORN,cluster,0.1,7,0.0,0.017021,0.958733,0.98009
LegalBench-RAG,1200000,1200000,ACORN,cluster,0.1,8,0.0,0.023009,0.956595,0.97924
LegalBench-RAG,1200000,1200000,ACORN,cluster,0.1,9,0.0,0.021142,0.960808,0.983375
LegalBench-RAG,1200000,1200000,HoneyBee,cluster,0.1,0,0.0,0.016083,0.966384,0.980536
LegalBench-RAG,1200000,1200000,HoneyBee,cluster,0.1,1,0.0,0.019135,0.965045,0.983659
LegalBench-RAG,1200000,1200000,HoneyBee,cluster,0.1,2,0.0,0.022579,0.964071,0.981418
LegalBench-RAG,1200000,1200000,HoneyBee,cluster,0.1,3,0.0,0.015281,0.967735,0.984724
LegalBench-RAG,1200000,1200000,HoneyBee,cluster,0.1,4,0.0,0.019261,0.965132,0.984936
LegalBench-RAG,1200000,1200000,HoneyBee,cluster,0.1,5,0.0,0.015362,0.962803,0.978733
LegalBench-RAG,1200000,1200000,HoneyBee,cluster,0.1,6,0.0,0.017489,0.962551,0.981021
LegalBench-RAG,1200000,1200000,HoneyBee,cluster,0.1,7,0.0,0.019614,0.963207,0.979951
LegalBench-RAG,1200000,1200000,HoneyBee,cluster,0.1,8,0.0,0.014568,0.967027,0.983316
LegalBench-RAG,1200000,1200000,HoneyBee,cluster,0.1,9,0.0,0.016837,0.962148,0.980155
LegalBench-RAG,1200000,1200000,SPFresh,cluster,0.1,0,0.0,0.033054,0.948439,0.978243
LegalBench-RAG,1200000,1200000,SPFresh,cluster,0.1,1,0.0,0.027816,0.956853,0.983811
LegalBench-RAG,1200000,1200000,SPFresh,cluster,0.1,2,0.0,0.027429,0.957746,0.983374
LegalBench-RAG,1200000,1200000,SPFresh,cluster,0.1,3,0.0,0.026617,0.95969,0.985235
LegalBench-RAG,1200000,1200000,SPFresh,cluster,0.1,4,0.0,0.028512,0.955429,0.982809
LegalBench-RAG,1200000,1200000,SPFresh,cluster,0.1,5,0.0,0.028166,0.953258,0.983252
LegalBench-RAG,1200000,1200000,SPFresh,cluster,0.1,6,0.0,0.033027,0.956597,0.981791
LegalBench-RAG,1200000,1200000,SPFresh,cluster,0.1,7,0.0,0.028725,0.957653,0.986097
LegalBench-RAG,1200000,1200000,SPFresh,cluster,0.1,8,0.0,0.035903,0.95781,0.983318
LegalBench-RAG,1200000,1200000,SPFresh,cluster,0.1,9,0.0,0.033417,0.955818,0.98118
LegalBench-RAG,1200000,1200000,Oracle,cluster,0.1,0,0.0,0.0,0.981873,0.981873
LegalBench-RAG,1200000,1200000,Oracle,cluster,0.1,1,0.0,0.0,0.983815,0.983815
LegalBench-RAG,1200000,1200000,Oracle,cluster,0.1,2,0.0,0.0,0.98055,0.98055
LegalBench-RAG,1200000,1200000,Oracle,cluster,0.1,3,0.0,0.0,0.981019,0.981019
LegalBench-RAG,1200000,1200000,Oracle,cluster,0.1,4,0.0,0.0,0.9846,0.9846
LegalBench-RAG,1200000,1200000,Oracle,cluster,0.1,5,0.0,0.0,0.981498,0.981498
LegalBench-RAG,1200000,1200000,Oracle,cluster,0.1,6,0.0,0.0,0.980475,0.980475
LegalBench-RAG,1200000,1200000,Oracle,cluster,0.1,7,0.0,0.0,0.983135,0.983135
LegalBench-RAG,1200000,1200000,Oracle,cluster,0.1,8,0.0,0.0,0.982543,0.982543
LegalBench-RAG,1200000,1200000,Oracle,cluster,0.1,9,0.0,0.0,0.984312,0.984312
LegalBench-RAG,1200000,1200000,Tombstone,cluster,0.2,0,0.0,0.084392,0.944119,0.983303
LegalBench-RAG,1200000,1200000,Tombstone,cluster,0.2,1,0.0,0.086605,0.938399,0.981691
LegalBench-RAG,1200000,1200000,Tombstone,cluster,0.2,2,0.0,0.085036,0.944368,0.982945
LegalBench-RAG,1200000,1200000,Tombstone,cluster,0.2,3,0.0,0.08429,0.940324,0.980243
LegalBench-RAG,1200000,1200000,Tombstone,cluster,0.2,4,0.0,0.092074,0.947904,0.983301
LegalBench-RAG,1200000,1200000,Tombstone,cluster,0.2,5,0.0,0.08549,0.941211,0.981167
LegalBench-RAG,1200000,1200000,Tombstone,cluster,0.2,6,0.0,0.086043,0.949862,0.986121
LegalBench-RAG,1200000,1200000,Tombstone,cluster,0.2,7,0.0,0.090953,0.948288,0.985887
LegalBench-RAG,1200000,1200000,Tombstone,cluster,0.2,8,0.0,0.0873,0.942951,0.983133
LegalBench-RAG,1200000,1200000,Tombstone,cluster,0.2,9,0.0,0.08568,0.943797,0.982701
LegalBench-RAG,1200000,1200000,Post-filter,cluster,0.2,0,0.0,0.091074,0.941585,0.983563
LegalBench-RAG,1200000,1200000,Post-filter,cluster,0.2,1,0.0,0.090945,0.936143,0.979877
LegalBench-RAG,1200000,1200000,Post-filter,cluster,0.2,2,0.0,0.095925,0.944299,0.98592
LegalBench-RAG,1200000,1200000,Post-filter,cluster,0.2,3,0.0,0.092301,0.937401,0.981017
LegalBench-RAG,1200000,1200000,Post-filter,cluster,0.2,4,0.0,0.09298,0.939459,0.983163
LegalBench-RAG,1200000,1200000,Post-filter,cluster,0.2,5,0.0,0.096837,0.93395,0.980311
LegalBench-RAG,1200000,1200000,Post-filter,cluster,0.2,6,0.0,0.092627,0.938092,0.981316
LegalBench-RAG,1200000,1200000,Post-filter,cluster,0.2,7,0.0,0.09156,0.936462,0.981347
LegalBench-RAG,1200000,1200000,Post-filter,cluster,0.2,8,0.0,0.089881,0.941894,0.98558
LegalBench-RAG,1200000,1200000,Post-filter,cluster,0.2,9,0.0,0.091379,0.939041,0.984645
LegalBench-RAG,1200000,1200000,Lethe,cluster,0.2,0,0.0,0.006019,0.974295,0.98001
LegalBench-RAG,1200000,1200000,Lethe,cluster,0.2,1,0.0,0.00368,0.976872,0.982928
LegalBench-RAG,1200000,1200000,Lethe,cluster,0.2,2,0.0,0.008022,0.98082,0.983781
LegalBench-RAG,1200000,1200000,Lethe,cluster,0.2,3,0.0,0.006116,0.979674,0.983245
LegalBench-RAG,1200000,1200000,Lethe,cluster,0.2,4,0.0,0.002755,0.980484,0.984946
LegalBench-RAG,1200000,1200000,Lethe,cluster,0.2,5,0.0,0.001506,0.973213,0.976089
LegalBench-RAG,1200000,1200000,Lethe,cluster,0.2,6,0.0,0.007649,0.977104,0.982732
LegalBench-RAG,1200000,1200000,Lethe,cluster,0.2,7,0.0,0.000525,0.9783,0.982269
LegalBench-RAG,1200000,1200000,Lethe,cluster,0.2,8,0.0,0.005285,0.979973,0.983559
LegalBench-RAG,1200000,1200000,Lethe,cluster,0.2,9,0.0,0.003904,0.977877,0.982538
LegalBench-RAG,1200000,1200000,Lethe-no-bypass,cluster,0.2,0,0.0,0.028887,0.925463,0.981984
LegalBench-RAG,1200000,1200000,Lethe-no-bypass,cluster,0.2,1,0.0,0.026804,0.930796,0.983769
LegalBench-RAG,1200000,1200000,Lethe-no-bypass,cluster,0.2,2,0.0,0.030616,0.924491,0.982214
LegalBench-RAG,1200000,1200000,Lethe-no-bypass,cluster,0.2,3,0.0,0.032506,0.92472,0.980052
LegalBench-RAG,1200000,1200000,Lethe-no-bypass,cluster,0.2,4,0.0,0.030804,0.927539,0.984304
LegalBench-RAG,1200000,1200000,Lethe-no-bypass,cluster,0.2,5,0.0,0.033464,0.929607,0.983081
LegalBench-RAG,1200000,1200000,Lethe-no-bypass,cluster,0.2,6,0.0,0.028405,0.924798,0.979147
LegalBench-RAG,1200000,1200000,Lethe-no-bypass,cluster,0.2,7,0.0,0.028569,0.923966,0.979192
LegalBench-RAG,1200000,1200000,Lethe-no-bypass,cluster,0.2,8,0.0,0.031946,0.925815,0.983787
LegalBench-RAG,1200000,1200000,Lethe-no-bypass,cluster,0.2,9,0.0,0.029117,0.926103,0.98264
LegalBench-RAG,1200000,1200000,Lethe-no-revaware-traversal,cluster,0.2,0,0.0,0.080815,0.956827,0.983712
LegalBench-RAG,1200000,1200000,Lethe-no-revaware-traversal,cluster,0.2,1,0.0,0.082306,0.955002,0.982334
LegalBench-RAG,1200000,1200000,Lethe-no-revaware-traversal,cluster,0.2,2,0.0,0.082809,0.955472,0.980293
LegalBench-RAG,1200000,1200000,Lethe-no-revaware-traversal,cluster,0.2,3,0.0,0.083687,0.957734,0.98242
LegalBench-RAG,1200000,1200000,Lethe-no-revaware-traversal,cluster,0.2,4,0.0,0.086305,0.95944,0.981256
LegalBench-RAG,1200000,1200000,Lethe-no-revaware-traversal,cluster,0.2,5,0.0,0.080782,0.954513,0.977983
LegalBench-RAG,1200000,1200000,Lethe-no-revaware-traversal,cluster,0.2,6,0.0,0.08044,0.956054,0.983755
LegalBench-RAG,1200000,1200000,Lethe-no-revaware-traversal,cluster,0.2,7,0.0,0.080177,0.951487,0.980345
LegalBench-RAG,1200000,1200000,Lethe-no-revaware-traversal,cluster,0.2,8,0.0,0.083665,0.963048,0.987999
LegalBench-RAG,1200000,1200000,Lethe-no-revaware-traversal,cluster,0.2,9,0.0,0.08528,0.9554,0.982331
LegalBench-RAG,1200000,1200000,Physical-delete,cluster,0.2,0,0.0,0.024006,0.94333,0.981254
LegalBench-RAG,1200000,1200000,Physical-delete,cluster,0.2,1,0.0,0.019615,0.946987,0.984177
LegalBench-RAG,1200000,1200000,Physical-delete,cluster,0.2,2,0.0,0.019239,0.946282,0.984093
LegalBench-RAG,1200000,1200000,Physical-delete,cluster,0.2,3,0.0,0.015656,0.943838,0.981682
LegalBench-RAG,1200000,1200000,Physical-delete,cluster,0.2,4,0.0,0.021701,0.947216,0.981257
LegalBench-RAG,1200000,1200000,Physical-delete,cluster,0.2,5,0.0,0.020385,0.943865,0.982419
LegalBench-RAG,1200000,1200000,Physical-delete,cluster,0.2,6,0.0,0.022439,0.941982,0.979741
LegalBench-RAG,1200000,1200000,Physical-delete,cluster,0.2,7,0.0,0.023182,0.943023,0.97721
LegalBench-RAG,1200000,1200000,Physical-delete,cluster,0.2,8,0.0,0.019265,0.943742,0.980263
LegalBench-RAG,1200000,1200000,Physical-delete,cluster,0.2,9,0.0,0.020075,0.949799,0.984539
LegalBench-RAG,1200000,1200000,Periodic-rebuild,cluster,0.2,0,0.0,0.043929,0.962917,0.983558
LegalBench-RAG,1200000,1200000,Periodic-rebuild,cluster,0.2,1,0.0,0.04248,0.961167,0.977218
LegalBench-RAG,1200000,1200000,Periodic-rebuild,cluster,0.2,2,0.0,0.042681,0.963403,0.983006
LegalBench-RAG,1200000,1200000,Periodic-rebuild,cluster,0.2,3,0.0,0.043656,0.967595,0.980826
LegalBench-RAG,1200000,1200000,Periodic-rebuild,cluster,0.2,4,0.0,0.043639,0.964316,0.978314
LegalBench-RAG,1200000,1200000,Periodic-rebuild,cluster,0.2,5,0.0,0.037001,0.962775,0.980114
LegalBench-RAG,1200000,1200000,Periodic-rebuild,cluster,0.2,6,0.0,0.040971,0.968171,0.984396
LegalBench-RAG,1200000,1200000,Periodic-rebuild,cluster,0.2,7,0.0,0.047178,0.962324,0.979985
LegalBench-RAG,1200000,1200000,Periodic-rebuild,cluster,0.2,8,0.0,0.042518,0.965932,0.981517
LegalBench-RAG,1200000,1200000,Periodic-rebuild,cluster,0.2,9,0.0,0.041345,0.965212,0.983658
LegalBench-RAG,1200000,1200000,Per-role-index,cluster,0.2,0,0.0,0.00039,0.978347,0.983895
LegalBench-RAG,1200000,1200000,Per-role-index,cluster,0.2,1,0.0,0.002046,0.978258,0.981242
LegalBench-RAG,1200000,1200000,Per-role-index,cluster,0.2,2,0.0,0.0,0.979413,0.983841
LegalBench-RAG,1200000,1200000,Per-role-index,cluster,0.2,3,0.0,0.001273,0.981653,0.982606
LegalBench-RAG,1200000,1200000,Per-role-index,cluster,0.2,4,0.0,0.006463,0.984822,0.985282
LegalBench-RAG,1200000,1200000,Per-role-index,cluster,0.2,5,0.0,0.002586,0.976223,0.978671
LegalBench-RAG,1200000,1200000,Per-role-index,cluster,0.2,6,0.0,0.00314,0.980992,0.982252
LegalBench-RAG,1200000,1200000,Per-role-index,cluster,0.2,7,0.0,0.0,0.979624,0.98483
LegalBench-RAG,1200000,1200000,Per-role-index,cluster,0.2,8,0.0,0.002839,0.975052,0.979262
LegalBench-RAG,1200000,1200000,Per-role-index,cluster,0.2,9,0.0,0.004342,0.982719,0.98528
LegalBench-RAG,1200000,1200000,ACORN,cluster,0.2,0,0.0,0.036193,0.958446,0.981333
LegalBench-RAG,1200000,1200000,ACORN,cluster,0.2,1,0.0,0.037186,0.962695,0.981214
LegalBench-RAG,1200000,1200000,ACORN,cluster,0.2,2,0.0,0.037829,0.96267,0.984198
LegalBench-RAG,1200000,1200000,ACORN,cluster,0.2,3,0.0,0.030612,0.964935,0.98453
LegalBench-RAG,1200000,1200000,ACORN,cluster,0.2,4,0.0,0.036758,0.958534,0.978825
LegalBench-RAG,1200000,1200000,ACORN,cluster,0.2,5,0.0,0.036832,0.959423,0.983761
LegalBench-RAG,1200000,1200000,ACORN,cluster,0.2,6,0.0,0.036598,0.959911,0.98081
LegalBench-RAG,1200000,1200000,ACORN,cluster,0.2,7,0.0,0.035386,0.960218,0.981792
LegalBench-RAG,1200000,1200000,ACORN,cluster,0.2,8,0.0,0.038376,0.959165,0.979849
LegalBench-RAG,1200000,1200000,ACORN,cluster,0.2,9,0.0,0.036775,0.961619,0.981375
LegalBench-RAG,1200000,1200000,HoneyBee,cluster,0.2,0,0.0,0.033677,0.965109,0.982719
LegalBench-RAG,1200000,1200000,HoneyBee,cluster,0.2,1,0.0,0.02624,0.964155,0.9821
LegalBench-RAG,1200000,1200000,HoneyBee,cluster,0.2,2,0.0,0.033403,0.962937,0.983647
LegalBench-RAG,1200000,1200000,HoneyBee,cluster,0.2,3,0.0,0.032149,0.965588,0.982631
LegalBench-RAG,1200000,1200000,HoneyBee,cluster,0.2,4,0.0,0.035643,0.963277,0.983937
LegalBench-RAG,1200000,1200000,HoneyBee,cluster,0.2,5,0.0,0.027702,0.963366,0.981869
LegalBench-RAG,1200000,1200000,HoneyBee,cluster,0.2,6,0.0,0.027,0.962155,0.980679
LegalBench-RAG,1200000,1200000,HoneyBee,cluster,0.2,7,0.0,0.027267,0.962457,0.983005
LegalBench-RAG,1200000,1200000,HoneyBee,cluster,0.2,8,0.0,0.029171,0.963,0.9815
LegalBench-RAG,1200000,1200000,HoneyBee,cluster,0.2,9,0.0,0.03157,0.965639,0.98191
LegalBench-RAG,1200000,1200000,SPFresh,cluster,0.2,0,0.0,0.057651,0.95552,0.983054
LegalBench-RAG,1200000,1200000,SPFresh,cluster,0.2,1,0.0,0.058795,0.956339,0.981632
LegalBench-RAG,1200000,1200000,SPFresh,cluster,0.2,2,0.0,0.055903,0.955395,0.98164
LegalBench-RAG,1200000,1200000,SPFresh,cluster,0.2,3,0.0,0.059174,0.957631,0.985398
LegalBench-RAG,1200000,1200000,SPFresh,cluster,0.2,4,0.0,0.053758,0.955905,0.983977
LegalBench-RAG,1200000,1200000,SPFresh,cluster,0.2,5,0.0,0.055755,0.955304,0.983832
LegalBench-RAG,1200000,1200000,SPFresh,cluster,0.2,6,0.0,0.06192,0.95831,0.984268
LegalBench-RAG,1200000,1200000,SPFresh,cluster,0.2,7,0.0,0.059922,0.954096,0.978952
LegalBench-RAG,1200000,1200000,SPFresh,cluster,0.2,8,0.0,0.056892,0.956279,0.981477
LegalBench-RAG,1200000,1200000,SPFresh,cluster,0.2,9,0.0,0.056365,0.954501,0.981862
LegalBench-RAG,1200000,1200000,Oracle,cluster,0.2,0,0.0,0.0,0.985584,0.985584
LegalBench-RAG,1200000,1200000,Oracle,cluster,0.2,1,0.0,0.0,0.978312,0.978312
LegalBench-RAG,1200000,1200000,Oracle,cluster,0.2,2,0.0,0.0,0.981467,0.981467
LegalBench-RAG,1200000,1200000,Oracle,cluster,0.2,3,0.0,0.0,0.979119,0.979119
LegalBench-RAG,1200000,1200000,Oracle,cluster,0.2,4,0.0,0.0,0.978667,0.978667
LegalBench-RAG,1200000,1200000,Oracle,cluster,0.2,5,0.0,0.0,0.984433,0.984433
LegalBench-RAG,1200000,1200000,Oracle,cluster,0.2,6,0.0,0.0,0.983359,0.983359
LegalBench-RAG,1200000,1200000,Oracle,cluster,0.2,7,0.0,0.0,0.982824,0.982824
LegalBench-RAG,1200000,1200000,Oracle,cluster,0.2,8,0.0,0.0,0.981278,0.981278
LegalBench-RAG,1200000,1200000,Oracle,cluster,0.2,9,0.0,0.0,0.982483,0.982483
LegalBench-RAG,1200000,1200000,Tombstone,cluster,0.3,0,0.0,0.108927,0.940557,0.981215
LegalBench-RAG,1200000,1200000,Tombstone,cluster,0.3,1,0.0,0.1191,0.940867,0.978951
LegalBench-RAG,1200000,1200000,Tombstone,cluster,0.3,2,0.0,0.118786,0.941545,0.982202
LegalBench-RAG,1200000,1200000,Tombstone,cluster,0.3,3,0.0,0.116487,0.943655,0.982735
LegalBench-RAG,1200000,1200000,Tombstone,cluster,0.3,4,0.0,0.120894,0.938651,0.97941
LegalBench-RAG,1200000,1200000,Tombstone,cluster,0.3,5,0.0,0.120066,0.945277,0.984675
LegalBench-RAG,1200000,1200000,Tombstone,cluster,0.3,6,0.0,0.118694,0.939713,0.979778
LegalBench-RAG,1200000,1200000,Tombstone,cluster,0.3,7,0.0,0.122613,0.941349,0.981144
LegalBench-RAG,1200000,1200000,Tombstone,cluster,0.3,8,0.0,0.121854,0.939285,0.980046
LegalBench-RAG,1200000,1200000,Tombstone,cluster,0.3,9,0.0,0.125272,0.946192,0.983892
LegalBench-RAG,1200000,1200000,Post-filter,cluster,0.3,0,0.0,0.131756,0.94267,0.985462
LegalBench-RAG,1200000,1200000,Post-filter,cluster,0.3,1,0.0,0.12986,0.941519,0.982507
LegalBench-RAG,1200000,1200000,Post-filter,cluster,0.3,2,0.0,0.130949,0.939726,0.982084
LegalBench-RAG,1200000,1200000,Post-filter,cluster,0.3,3,0.0,0.122075,0.943623,0.985279
LegalBench-RAG,1200000,1200000,Post-filter,cluster,0.3,4,0.0,0.122739,0.938721,0.981773
LegalBench-RAG,1200000,1200000,Post-filter,cluster,0.3,5,0.0,0.131417,0.935376,0.978599
LegalBench-RAG,1200000,1200000,Post-filter,cluster,0.3,6,0.0,0.127921,0.933902,0.978534
LegalBench-RAG,1200000,1200000,Post-filter,cluster,0.3,7,0.0,0.127692,0.943142,0.986333
LegalBench-RAG,1200000,1200000,Post-filter,cluster,0.3,8,0.0,0.127546,0.93884,0.98383
LegalBench-RAG,1200000,1200000,Post-filter,cluster,0.3,9,0.0,0.129074,0.934946,0.979334
LegalBench-RAG,1200000,1200000,Lethe,cluster,0.3,0,0.0,0.01071,0.980031,0.983079
LegalBench-RAG,1200000,1200000,Lethe,cluster,0.3,1,0.0,0.006995,0.977155,0.981449
LegalBench-RAG,1200000,1200000,Lethe,cluster,0.3,2,0.0,0.011607,0.975995,0.981153
LegalBench-RAG,1200000,1200000,Lethe,cluster,0.3,3,0.0,0.0,0.975162,0.97985
LegalBench-RAG,1200000,1200000,Lethe,cluster,0.3,4,0.0,0.006004,0.978061,0.980642
LegalBench-RAG,1200000,1200000,Lethe,cluster,0.3,5,0.0,0.001966,0.978152,0.982665
LegalBench-RAG,1200000,1200000,Lethe,cluster,0.3,6,0.0,0.008604,0.97782,0.983606
LegalBench-RAG,1200000,1200000,Lethe,cluster,0.3,7,0.0,0.004836,0.974368,0.980218
LegalBench-RAG,1200000,1200000,Lethe,cluster,0.3,8,0.0,0.00696,0.983793,0.984293
LegalBench-RAG,1200000,1200000,Lethe,cluster,0.3,9,0.0,0.005256,0.976744,0.980551
LegalBench-RAG,1200000,1200000,Lethe-no-bypass,cluster,0.3,0,0.0,0.044851,0.925567,0.981743
LegalBench-RAG,1200000,1200000,Lethe-no-bypass,cluster,0.3,1,0.0,0.039334,0.931046,0.984785
LegalBench-RAG,1200000,1200000,Lethe-no-bypass,cluster,0.3,2,0.0,0.042797,0.928553,0.983301
LegalBench-RAG,1200000,1200000,Lethe-no-bypass,cluster,0.3,3,0.0,0.044326,0.927216,0.98177
LegalBench-RAG,1200000,1200000,Lethe-no-bypass,cluster,0.3,4,0.0,0.038563,0.930349,0.982862
LegalBench-RAG,1200000,1200000,Lethe-no-bypass,cluster,0.3,5,0.0,0.040382,0.923828,0.981633
LegalBench-RAG,1200000,1200000,Lethe-no-bypass,cluster,0.3,6,0.0,0.039313,0.930315,0.983423
LegalBench-RAG,1200000,1200000,Lethe-no-bypass,cluster,0.3,7,0.0,0.037284,0.921106,0.980891
LegalBench-RAG,1200000,1200000,Lethe-no-bypass,cluster,0.3,8,0.0,0.040371,0.923498,0.981286
LegalBench-RAG,1200000,1200000,Lethe-no-bypass,cluster,0.3,9,0.0,0.030839,0.929227,0.9839
LegalBench-RAG,1200000,1200000,Lethe-no-revaware-traversal,cluster,0.3,0,0.0,0.109699,0.959715,0.984819
LegalBench-RAG,1200000,1200000,Lethe-no-revaware-traversal,cluster,0.3,1,0.0,0.110845,0.956296,0.983172
LegalBench-RAG,1200000,1200000,Lethe-no-revaware-traversal,cluster,0.3,2,0.0,0.107871,0.954263,0.980135
LegalBench-RAG,1200000,1200000,Lethe-no-revaware-traversal,cluster,0.3,3,0.0,0.103803,0.954133,0.980071
LegalBench-RAG,1200000,1200000,Lethe-no-revaware-traversal,cluster,0.3,4,0.0,0.107306,0.953458,0.979637
LegalBench-RAG,1200000,1200000,Lethe-no-revaware-traversal,cluster,0.3,5,0.0,0.116037,0.954493,0.979984
LegalBench-RAG,1200000,1200000,Lethe-no-revaware-traversal,cluster,0.3,6,0.0,0.112149,0.956939,0.98296
LegalBench-RAG,1200000,1200000,Lethe-no-revaware-traversal,cluster,0.3,7,0.0,0.10856,0.9549,0.980887
LegalBench-RAG,1200000,1200000,Lethe-no-revaware-traversal,cluster,0.3,8,0.0,0.114437,0.956347,0.982371
LegalBench-RAG,1200000,1200000,Lethe-no-revaware-traversal,cluster,0.3,9,0.0,0.109664,0.95206,0.978851
LegalBench-RAG,1200000,1200000,Physical-delete,cluster,0.3,0,0.0,0.02871,0.943796,0.98221
LegalBench-RAG,1200000,1200000,Physical-delete,cluster,0.3,1,0.0,0.027423,0.940534,0.978581
LegalBench-RAG,1200000,1200000,Physical-delete,cluster,0.3,2,0.0,0.029438,0.948896,0.984671
LegalBench-RAG,1200000,1200000,Physical-delete,cluster,0.3,3,0.0,0.026538,0.938888,0.97766
LegalBench-RAG,1200000,1200000,Physical-delete,cluster,0.3,4,0.0,0.025486,0.945895,0.980282
LegalBench-RAG,1200000,1200000,Physical-delete,cluster,0.3,5,0.0,0.02505,0.944108,0.979347
LegalBench-RAG,1200000,1200000,Physical-delete,cluster,0.3,6,0.0,0.033074,0.948567,0.983448
LegalBench-RAG,1200000,1200000,Physical-delete,cluster,0.3,7,0.0,0.030033,0.947665,0.983716
LegalBench-RAG,1200000,1200000,Physical-delete,cluster,0.3,8,0.0,0.026631,0.944342,0.983814
LegalBench-RAG,1200000,1200000,Physical-delete,cluster,0.3,9,0.0,0.027883,0.942362,0.981147
LegalBench-RAG,1200000,1200000,Periodic-rebuild,cluster,0.3,0,0.0,0.060029,0.967544,0.984535
LegalBench-RAG,1200000,1200000,Periodic-rebuild,cluster,0.3,1,0.0,0.058206,0.965383,0.979622
LegalBench-RAG,1200000,1200000,Periodic-rebuild,cluster,0.3,2,0.0,0.058003,0.96367,0.978193
LegalBench-RAG,1200000,1200000,Periodic-rebuild,cluster,0.3,3,0.0,0.060287,0.971562,0.985002
LegalBench-RAG,1200000,1200000,Periodic-rebuild,cluster,0.3,4,0.0,0.06079,0.958422,0.977178
LegalBench-RAG,1200000,1200000,Periodic-rebuild,cluster,0.3,5,0.0,0.05521,0.967125,0.982933
LegalBench-RAG,1200000,1200000,Periodic-rebuild,cluster,0.3,6,0.0,0.058588,0.970305,0.983291
LegalBench-RAG,1200000,1200000,Periodic-rebuild,cluster,0.3,7,0.0,0.054257,0.96412,0.981434
LegalBench-RAG,1200000,1200000,Periodic-rebuild,cluster,0.3,8,0.0,0.052954,0.964847,0.983454
LegalBench-RAG,1200000,1200000,Periodic-rebuild,cluster,0.3,9,0.0,0.050972,0.965519,0.982262
LegalBench-RAG,1200000,1200000,Per-role-index,cluster,0.3,0,0.0,0.007436,0.976318,0.979791
LegalBench-RAG,1200000,1200000,Per-role-index,cluster,0.3,1,0.0,0.000521,0.981269,0.982593
LegalBench-RAG,1200000,1200000,Per-role-index,cluster,0.3,2,0.0,0.005084,0.980691,0.984781
LegalBench-RAG,1200000,1200000,Per-role-index,cluster,0.3,3,0.0,0.006351,0.976318,0.979964
LegalBench-RAG,1200000,1200000,Per-role-index,cluster,0.3,4,0.0,0.011346,0.979016,0.984037
LegalBench-RAG,1200000,1200000,Per-role-index,cluster,0.3,5,0.0,0.003909,0.978945,0.982835
LegalBench-RAG,1200000,1200000,Per-role-index,cluster,0.3,6,0.0,0.002845,0.97636,0.979301
LegalBench-RAG,1200000,1200000,Per-role-index,cluster,0.3,7,0.0,0.006566,0.988511,0.987599
LegalBench-RAG,1200000,1200000,Per-role-index,cluster,0.3,8,0.0,0.007766,0.976503,0.979442
LegalBench-RAG,1200000,1200000,Per-role-index,cluster,0.3,9,0.0,0.002383,0.973879,0.980621
LegalBench-RAG,1200000,1200000,ACORN,cluster,0.3,0,0.0,0.05232,0.959576,0.982396
LegalBench-RAG,1200000,1200000,ACORN,cluster,0.3,1,0.0,0.04417,0.959185,0.981274
LegalBench-RAG,1200000,1200000,ACORN,cluster,0.3,2,0.0,0.047407,0.955007,0.980875
LegalBench-RAG,1200000,1200000,ACORN,cluster,0.3,3,0.0,0.045341,0.962417,0.983389
LegalBench-RAG,1200000,1200000,ACORN,cluster,0.3,4,0.0,0.05021,0.958515,0.980065
LegalBench-RAG,1200000,1200000,ACORN,cluster,0.3,5,0.0,0.048869,0.960311,0.982357
LegalBench-RAG,1200000,1200000,ACORN,cluster,0.3,6,0.0,0.045891,0.958919,0.979546
LegalBench-RAG,1200000,1200000,ACORN,cluster,0.3,7,0.0,0.055122,0.964106,0.983153
LegalBench-RAG,1200000,1200000,ACORN,cluster,0.3,8,0.0,0.046541,0.960963,0.978304
LegalBench-RAG,1200000,1200000,ACORN,cluster,0.3,9,0.0,0.051866,0.958118,0.975915
LegalBench-RAG,1200000,1200000,HoneyBee,cluster,0.3,0,0.0,0.044841,0.964491,0.983516
LegalBench-RAG,1200000,1200000,HoneyBee,cluster,0.3,1,0.0,0.042801,0.962386,0.9818
LegalBench-RAG,1200000,1200000,HoneyBee,cluster,0.3,2,0.0,0.045232,0.969212,0.985685
LegalBench-RAG,1200000,1200000,HoneyBee,cluster,0.3,3,0.0,0.040473,0.962247,0.979605
LegalBench-RAG,1200000,1200000,HoneyBee,cluster,0.3,4,0.0,0.040802,0.971003,0.985681
LegalBench-RAG,1200000,1200000,HoneyBee,cluster,0.3,5,0.0,0.046671,0.962358,0.978212
LegalBench-RAG,1200000,1200000,HoneyBee,cluster,0.3,6,0.0,0.041706,0.965117,0.982939
LegalBench-RAG,1200000,1200000,HoneyBee,cluster,0.3,7,0.0,0.043725,0.962604,0.978628
LegalBench-RAG,1200000,1200000,HoneyBee,cluster,0.3,8,0.0,0.039955,0.966352,0.984213
LegalBench-RAG,1200000,1200000,HoneyBee,cluster,0.3,9,0.0,0.035897,0.96191,0.981691
LegalBench-RAG,1200000,1200000,SPFresh,cluster,0.3,0,0.0,0.070379,0.955349,0.981198
LegalBench-RAG,1200000,1200000,SPFresh,cluster,0.3,1,0.0,0.073464,0.954786,0.982737
LegalBench-RAG,1200000,1200000,SPFresh,cluster,0.3,2,0.0,0.076667,0.954955,0.97995
LegalBench-RAG,1200000,1200000,SPFresh,cluster,0.3,3,0.0,0.069922,0.957778,0.98298
LegalBench-RAG,1200000,1200000,SPFresh,cluster,0.3,4,0.0,0.069424,0.958718,0.984547
LegalBench-RAG,1200000,1200000,SPFresh,cluster,0.3,5,0.0,0.075994,0.954042,0.981158
LegalBench-RAG,1200000,1200000,SPFresh,cluster,0.3,6,0.0,0.072631,0.96072,0.985589
LegalBench-RAG,1200000,1200000,SPFresh,cluster,0.3,7,0.0,0.071795,0.955696,0.981999
LegalBench-RAG,1200000,1200000,SPFresh,cluster,0.3,8,0.0,0.067243,0.950106,0.979931
LegalBench-RAG,1200000,1200000,SPFresh,cluster,0.3,9,0.0,0.072385,0.960338,0.985977
LegalBench-RAG,1200000,1200000,Oracle,cluster,0.3,0,0.0,0.0,0.980583,0.980583
LegalBench-RAG,1200000,1200000,Oracle,cluster,0.3,1,0.0,0.0,0.978218,0.978218
LegalBench-RAG,1200000,1200000,Oracle,cluster,0.3,2,0.0,0.0,0.986014,0.986014
LegalBench-RAG,1200000,1200000,Oracle,cluster,0.3,3,0.0,0.0,0.983878,0.983878
LegalBench-RAG,1200000,1200000,Oracle,cluster,0.3,4,0.0,0.0,0.979702,0.979702
LegalBench-RAG,1200000,1200000,Oracle,cluster,0.3,5,0.0,0.0,0.984302,0.984302
LegalBench-RAG,1200000,1200000,Oracle,cluster,0.3,6,0.0,0.0,0.987674,0.987674
LegalBench-RAG,1200000,1200000,Oracle,cluster,0.3,7,0.0,0.0,0.981316,0.981316
LegalBench-RAG,1200000,1200000,Oracle,cluster,0.3,8,0.0,0.0,0.982033,0.982033
LegalBench-RAG,1200000,1200000,Oracle,cluster,0.3,9,0.0,0.0,0.98219,0.98219
LegalBench-RAG,1200000,1200000,Tombstone,cluster,0.4,0,0.0,0.14609,0.945595,0.983628
LegalBench-RAG,1200000,1200000,Tombstone,cluster,0.4,1,0.0,0.142978,0.939767,0.980836
LegalBench-RAG,1200000,1200000,Tombstone,cluster,0.4,2,0.0,0.150031,0.947406,0.983688
LegalBench-RAG,1200000,1200000,Tombstone,cluster,0.4,3,0.0,0.145253,0.937599,0.979729
LegalBench-RAG,1200000,1200000,Tombstone,cluster,0.4,4,0.0,0.15726,0.948456,0.983533
LegalBench-RAG,1200000,1200000,Tombstone,cluster,0.4,5,0.0,0.146205,0.943422,0.981142
LegalBench-RAG,1200000,1200000,Tombstone,cluster,0.4,6,0.0,0.149621,0.938635,0.981908
LegalBench-RAG,1200000,1200000,Tombstone,cluster,0.4,7,0.0,0.145851,0.942886,0.983385
LegalBench-RAG,1200000,1200000,Tombstone,cluster,0.4,8,0.0,0.149386,0.945617,0.984064
LegalBench-RAG,1200000,1200000,Tombstone,cluster,0.4,9,0.0,0.147414,0.937691,0.979029
LegalBench-RAG,1200000,1200000,Post-filter,cluster,0.4,0,0.0,0.157871,0.93724,0.981806
LegalBench-RAG,1200000,1200000,Post-filter,cluster,0.4,1,0.0,0.159914,0.934867,0.98428
LegalBench-RAG,1200000,1200000,Post-filter,cluster,0.4,2,0.0,0.158386,0.934313,0.98031
LegalBench-RAG,1200000,1200000,Post-filter,cluster,0.4,3,0.0,0.160449,0.941145,0.984292
LegalBench-RAG,1200000,1200000,Post-filter,cluster,0.4,4,0.0,0.161646,0.933222,0.982679
LegalBench-RAG,1200000,1200000,Post-filter,cluster,0.4,5,0.0,0.157322,0.942181,0.987026
LegalBench-RAG,1200000,1200000,Post-filter,cluster,0.4,6,0.0,0.166364,0.932973,0.979484
LegalBench-RAG,1200000,1200000,Post-filter,cluster,0.4,7,0.0,0.160342,0.935962,0.980089
LegalBench-RAG,1200000,1200000,Post-filter,cluster,0.4,8,0.0,0.158,0.932521,0.981729
LegalBench-RAG,1200000,1200000,Post-filter,cluster,0.4,9,0.0,0.154127,0.942228,0.984509
LegalBench-RAG,1200000,1200000,Lethe,cluster,0.4,0,0.0,0.00948,0.977979,0.98313
LegalBench-RAG,1200000,1200000,Lethe,cluster,0.4,1,0.0,0.01184,0.980199,0.98481
LegalBench-RAG,1200000,1200000,Lethe,cluster,0.4,2,0.0,0.003352,0.975253,0.979449
LegalBench-RAG,1200000,1200000,Lethe,cluster,0.4,3,0.0,0.004965,0.981237,0.982713
LegalBench-RAG,1200000,1200000,Lethe,cluster,0.4,4,0.0,0.012961,0.977605,0.982664
LegalBench-RAG,1200000,1200000,Lethe,cluster,0.4,5,0.0,0.011381,0.978305,0.983592
LegalBench-RAG,1200000,1200000,Lethe,cluster,0.4,6,0.0,0.00725,0.976327,0.983353
LegalBench-RAG,1200000,1200000,Lethe,cluster,0.4,7,0.0,0.011985,0.979624,0.982316
LegalBench-RAG,1200000,1200000,Lethe,cluster,0.4,8,0.0,0.008073,0.979806,0.983108
LegalBench-RAG,1200000,1200000,Lethe,cluster,0.4,9,0.0,0.006092,0.974831,0.979684
LegalBench-RAG,1200000,1200000,Lethe-no-bypass,cluster,0.4,0,0.0,0.052514,0.929222,0.982263
LegalBench-RAG,1200000,1200000,Lethe-no-bypass,cluster,0.4,1,0.0,0.049419,0.92515,0.983752
LegalBench-RAG,1200000,1200000,Lethe-no-bypass,cluster,0.4,2,0.0,0.048057,0.928368,0.983073
LegalBench-RAG,1200000,1200000,Lethe-no-bypass,cluster,0.4,3,0.0,0.047475,0.929595,0.983512
LegalBench-RAG,1200000,1200000,Lethe-no-bypass,cluster,0.4,4,0.0,0.047012,0.926382,0.983794
LegalBench-RAG,1200000,1200000,Lethe-no-bypass,cluster,0.4,5,0.0,0.051715,0.926606,0.982038
LegalBench-RAG,1200000,1200000,Lethe-no-bypass,cluster,0.4,6,0.0,0.055033,0.924673,0.98228
LegalBench-RAG,1200000,1200000,Lethe-no-bypass,cluster,0.4,7,0.0,0.057662,0.925483,0.978415
LegalBench-RAG,1200000,1200000,Lethe-no-bypass,cluster,0.4,8,0.0,0.04656,0.923175,0.978956
LegalBench-RAG,1200000,1200000,Lethe-no-bypass,cluster,0.4,9,0.0,0.049281,0.92365,0.981554
LegalBench-RAG,1200000,1200000,Lethe-no-revaware-traversal,cluster,0.4,0,0.0,0.143658,0.958291,0.985092
LegalBench-RAG,1200000,1200000,Lethe-no-revaware-traversal,cluster,0.4,1,0.0,0.132787,0.952257,0.979562
LegalBench-RAG,1200000,1200000,Lethe-no-revaware-traversal,cluster,0.4,2,0.0,0.142455,0.955716,0.984103
LegalBench-RAG,1200000,1200000,Lethe-no-revaware-traversal,cluster,0.4,3,0.0,0.139914,0.958202,0.981429
LegalBench-RAG,1200000,1200000,Lethe-no-revaware-traversal,cluster,0.4,4,0.0,0.143127,0.954473,0.980424
LegalBench-RAG,1200000,1200000,Lethe-no-revaware-traversal,cluster,0.4,5,0.0,0.138761,0.959101,0.98251
LegalBench-RAG,1200000,1200000,Lethe-no-revaware-traversal,cluster,0.4,6,0.0,0.136738,0.955294,0.98117
LegalBench-RAG,1200000,1200000,Lethe-no-revaware-traversal,cluster,0.4,7,0.0,0.14126,0.95174,0.981323
LegalBench-RAG,1200000,1200000,Lethe-no-revaware-traversal,cluster,0.4,8,0.0,0.135399,0.956327,0.985393
LegalBench-RAG,1200000,1200000,Lethe-no-revaware-traversal,cluster,0.4,9,0.0,0.140633,0.958833,0.982304
LegalBench-RAG,1200000,1200000,Physical-delete,cluster,0.4,0,0.0,0.039134,0.94565,0.980736
LegalBench-RAG,1200000,1200000,Physical-delete,cluster,0.4,1,0.0,0.041078,0.943904,0.981198
LegalBench-RAG,1200000,1200000,Physical-delete,cluster,0.4,2,0.0,0.035678,0.94657,0.982274
LegalBench-RAG,1200000,1200000,Physical-delete,cluster,0.4,3,0.0,0.032972,0.946085,0.983536
LegalBench-RAG,1200000,1200000,Physical-delete,cluster,0.4,4,0.0,0.036743,0.950386,0.982507
LegalBench-RAG,1200000,1200000,Physical-delete,cluster,0.4,5,0.0,0.028978,0.943783,0.9822
LegalBench-RAG,1200000,1200000,Physical-delete,cluster,0.4,6,0.0,0.031451,0.939285,0.982742
LegalBench-RAG,1200000,1200000,Physical-delete,cluster,0.4,7,0.0,0.038955,0.951027,0.983741
LegalBench-RAG,1200000,1200000,Physical-delete,cluster,0.4,8,0.0,0.030457,0.942181,0.978737
LegalBench-RAG,1200000,1200000,Physical-delete,cluster,0.4,9,0.0,0.030961,0.94058,0.978717
LegalBench-RAG,1200000,1200000,Periodic-rebuild,cluster,0.4,0,0.0,0.06987,0.962389,0.980772
LegalBench-RAG,1200000,1200000,Periodic-rebuild,cluster,0.4,1,0.0,0.067191,0.963021,0.980255
LegalBench-RAG,1200000,1200000,Periodic-rebuild,cluster,0.4,2,0.0,0.07339,0.966611,0.982743
LegalBench-RAG,1200000,1200000,Periodic-rebuild,cluster,0.4,3,0.0,0.070446,0.963885,0.980915
LegalBench-RAG,1200000,1200000,Periodic-rebuild,cluster,0.4,4,0.0,0.065037,0.962153,0.981343
LegalBench-RAG,1200000,1200000,Periodic-rebuild,cluster,0.4,5,0.0,0.074367,0.95716,0.980554
LegalBench-RAG,1200000,1200000,Periodic-rebuild,cluster,0.4,6,0.0,0.07075,0.962392,0.980495
LegalBench-RAG,1200000,1200000,Periodic-rebuild,cluster,0.4,7,0.0,0.071337,0.964781,0.985396
LegalBench-RAG,1200000,1200000,Periodic-rebuild,cluster,0.4,8,0.0,0.072435,0.962913,0.981318
LegalBench-RAG,1200000,1200000,Periodic-rebuild,cluster,0.4,9,0.0,0.071935,0.963246,0.981146
LegalBench-RAG,1200000,1200000,Per-role-index,cluster,0.4,0,0.0,0.014269,0.978234,0.984407
LegalBench-RAG,1200000,1200000,Per-role-index,cluster,0.4,1,0.0,0.006857,0.97668,0.981461
LegalBench-RAG,1200000,1200000,Per-role-index,cluster,0.4,2,0.0,0.003402,0.982589,0.981542
LegalBench-RAG,1200000,1200000,Per-role-index,cluster,0.4,3,0.0,0.004823,0.973952,0.97963
LegalBench-RAG,1200000,1200000,Per-role-index,cluster,0.4,4,0.0,0.006237,0.980599,0.98296
LegalBench-RAG,1200000,1200000,Per-role-index,cluster,0.4,5,0.0,0.00125,0.981001,0.98462
LegalBench-RAG,1200000,1200000,Per-role-index,cluster,0.4,6,0.0,0.006597,0.978693,0.982321
LegalBench-RAG,1200000,1200000,Per-role-index,cluster,0.4,7,0.0,0.00216,0.978537,0.979085
LegalBench-RAG,1200000,1200000,Per-role-index,cluster,0.4,8,0.0,0.005015,0.977114,0.982372
LegalBench-RAG,1200000,1200000,Per-role-index,cluster,0.4,9,0.0,0.00674,0.974077,0.981086
LegalBench-RAG,1200000,1200000,ACORN,cluster,0.4,0,0.0,0.062779,0.966171,0.987668
LegalBench-RAG,1200000,1200000,ACORN,cluster,0.4,1,0.0,0.058659,0.961838,0.984439
LegalBench-RAG,1200000,1200000,ACORN,cluster,0.4,2,0.0,0.062723,0.961242,0.980697
LegalBench-RAG,1200000,1200000,ACORN,cluster,0.4,3,0.0,0.061175,0.961388,0.983406
LegalBench-RAG,1200000,1200000,ACORN,cluster,0.4,4,0.0,0.059336,0.96264,0.983298
LegalBench-RAG,1200000,1200000,ACORN,cluster,0.4,5,0.0,0.065269,0.95847,0.979713
LegalBench-RAG,1200000,1200000,ACORN,cluster,0.4,6,0.0,0.06197,0.958868,0.980842
LegalBench-RAG,1200000,1200000,ACORN,cluster,0.4,7,0.0,0.06047,0.963919,0.984569
LegalBench-RAG,1200000,1200000,ACORN,cluster,0.4,8,0.0,0.062122,0.962446,0.983121
LegalBench-RAG,1200000,1200000,ACORN,cluster,0.4,9,0.0,0.062856,0.960341,0.983173
LegalBench-RAG,1200000,1200000,HoneyBee,cluster,0.4,0,0.0,0.056788,0.968416,0.986437
LegalBench-RAG,1200000,1200000,HoneyBee,cluster,0.4,1,0.0,0.052645,0.96282,0.980912
LegalBench-RAG,1200000,1200000,HoneyBee,cluster,0.4,2,0.0,0.049037,0.964282,0.98176
LegalBench-RAG,1200000,1200000,HoneyBee,cluster,0.4,3,0.0,0.055269,0.959822,0.97954
LegalBench-RAG,1200000,1200000,HoneyBee,cluster,0.4,4,0.0,0.051213,0.964733,0.982093
LegalBench-RAG,1200000,1200000,HoneyBee,cluster,0.4,5,0.0,0.05149,0.960525,0.980783
LegalBench-RAG,1200000,1200000,HoneyBee,cluster,0.4,6,0.0,0.057042,0.958202,0.98037
LegalBench-RAG,1200000,1200000,HoneyBee,cluster,0.4,7,0.0,0.054806,0.962893,0.97788
LegalBench-RAG,1200000,1200000,HoneyBee,cluster,0.4,8,0.0,0.051767,0.961861,0.980803
LegalBench-RAG,1200000,1200000,HoneyBee,cluster,0.4,9,0.0,0.054293,0.964136,0.980344
LegalBench-RAG,1200000,1200000,SPFresh,cluster,0.4,0,0.0,0.094256,0.952777,0.979841
LegalBench-RAG,1200000,1200000,SPFresh,cluster,0.4,1,0.0,0.09323,0.959919,0.985242
LegalBench-RAG,1200000,1200000,SPFresh,cluster,0.4,2,0.0,0.090059,0.955111,0.980979
LegalBench-RAG,1200000,1200000,SPFresh,cluster,0.4,3,0.0,0.095678,0.955373,0.982456
LegalBench-RAG,1200000,1200000,SPFresh,cluster,0.4,4,0.0,0.094977,0.956723,0.982004
LegalBench-RAG,1200000,1200000,SPFresh,cluster,0.4,5,0.0,0.091779,0.956489,0.984201
LegalBench-RAG,1200000,1200000,SPFresh,cluster,0.4,6,0.0,0.094984,0.953953,0.981858
LegalBench-RAG,1200000,1200000,SPFresh,cluster,0.4,7,0.0,0.092209,0.953457,0.982354
LegalBench-RAG,1200000,1200000,SPFresh,cluster,0.4,8,0.0,0.086943,0.954926,0.981828
LegalBench-RAG,1200000,1200000,SPFresh,cluster,0.4,9,0.0,0.093408,0.954764,0.979663
LegalBench-RAG,1200000,1200000,Oracle,cluster,0.4,0,0.0,0.0,0.985181,0.985181
LegalBench-RAG,1200000,1200000,Oracle,cluster,0.4,1,0.0,0.0,0.983223,0.983223
LegalBench-RAG,1200000,1200000,Oracle,cluster,0.4,2,0.0,0.0,0.981513,0.981513
LegalBench-RAG,1200000,1200000,Oracle,cluster,0.4,3,0.0,0.0,0.984934,0.984934
LegalBench-RAG,1200000,1200000,Oracle,cluster,0.4,4,0.0,0.0,0.981188,0.981188
LegalBench-RAG,1200000,1200000,Oracle,cluster,0.4,5,0.0,0.0,0.981582,0.981582
LegalBench-RAG,1200000,1200000,Oracle,cluster,0.4,6,0.0,0.0,0.98264,0.98264
LegalBench-RAG,1200000,1200000,Oracle,cluster,0.4,7,0.0,0.0,0.984808,0.984808
LegalBench-RAG,1200000,1200000,Oracle,cluster,0.4,8,0.0,0.0,0.981231,0.981231
LegalBench-RAG,1200000,1200000,Oracle,cluster,0.4,9,0.0,0.0,0.983213,0.983213
LegalBench-RAG,1200000,1200000,Tombstone,cluster,0.5,0,0.0,0.178117,0.943121,0.981323
LegalBench-RAG,1200000,1200000,Tombstone,cluster,0.5,1,0.0,0.173471,0.943102,0.981791
LegalBench-RAG,1200000,1200000,Tombstone,cluster,0.5,2,0.0,0.17524,0.941512,0.980753
LegalBench-RAG,1200000,1200000,Tombstone,cluster,0.5,3,0.0,0.177186,0.940658,0.981226
LegalBench-RAG,1200000,1200000,Tombstone,cluster,0.5,4,0.0,0.173356,0.94494,0.984068
LegalBench-RAG,1200000,1200000,Tombstone,cluster,0.5,5,0.0,0.170094,0.940799,0.981859
LegalBench-RAG,1200000,1200000,Tombstone,cluster,0.5,6,0.0,0.174692,0.942531,0.981812
LegalBench-RAG,1200000,1200000,Tombstone,cluster,0.5,7,0.0,0.178559,0.937956,0.981157
LegalBench-RAG,1200000,1200000,Tombstone,cluster,0.5,8,0.0,0.17304,0.945104,0.982394
LegalBench-RAG,1200000,1200000,Tombstone,cluster,0.5,9,0.0,0.18466,0.941622,0.982662
LegalBench-RAG,1200000,1200000,Post-filter,cluster,0.5,0,0.0,0.191642,0.940621,0.983401
LegalBench-RAG,1200000,1200000,Post-filter,cluster,0.5,1,0.0,0.183108,0.932396,0.978587
LegalBench-RAG,1200000,1200000,Post-filter,cluster,0.5,2,0.0,0.202496,0.93869,0.983505
LegalBench-RAG,1200000,1200000,Post-filter,cluster,0.5,3,0.0,0.191188,0.938418,0.984139
LegalBench-RAG,1200000,1200000,Post-filter,cluster,0.5,4,0.0,0.193988,0.936545,0.983834
LegalBench-RAG,1200000,1200000,Post-filter,cluster,0.5,5,0.0,0.185196,0.939049,0.98109
LegalBench-RAG,1200000,1200000,Post-filter,cluster,0.5,6,0.0,0.191832,0.93873,0.981026
LegalBench-RAG,1200000,1200000,Post-filter,cluster,0.5,7,0.0,0.187614,0.938739,0.981524
LegalBench-RAG,1200000,1200000,Post-filter,cluster,0.5,8,0.0,0.186748,0.935268,0.982778
LegalBench-RAG,1200000,1200000,Post-filter,cluster,0.5,9,0.0,0.186006,0.940106,0.984232
LegalBench-RAG,1200000,1200000,Lethe,cluster,0.5,0,0.0,0.007385,0.97555,0.978706
LegalBench-RAG,1200000,1200000,Lethe,cluster,0.5,1,0.0,0.011924,0.977516,0.983876
LegalBench-RAG,1200000,1200000,Lethe,cluster,0.5,2,0.0,0.005264,0.976653,0.982925
LegalBench-RAG,1200000,1200000,Lethe,cluster,0.5,3,0.0,0.00766,0.976402,0.979654
LegalBench-RAG,1200000,1200000,Lethe,cluster,0.5,4,0.0,0.011119,0.978061,0.98325
LegalBench-RAG,1200000,1200000,Lethe,cluster,0.5,5,0.0,0.013134,0.978483,0.983401
LegalBench-RAG,1200000,1200000,Lethe,cluster,0.5,6,0.0,0.008957,0.977843,0.983404
LegalBench-RAG,1200000,1200000,Lethe,cluster,0.5,7,0.0,0.018044,0.976542,0.980426
LegalBench-RAG,1200000,1200000,Lethe,cluster,0.5,8,0.0,0.008744,0.978093,0.98223
LegalBench-RAG,1200000,1200000,Lethe,cluster,0.5,9,0.0,0.016336,0.977725,0.98438
LegalBench-RAG,1200000,1200000,Lethe-no-bypass,cluster,0.5,0,0.0,0.061113,0.925298,0.979641
LegalBench-RAG,1200000,1200000,Lethe-no-bypass,cluster,0.5,1,0.0,0.057266,0.919823,0.981582
LegalBench-RAG,1200000,1200000,Lethe-no-bypass,cluster,0.5,2,0.0,0.057234,0.925246,0.983276
LegalBench-RAG,1200000,1200000,Lethe-no-bypass,cluster,0.5,3,0.0,0.066013,0.928031,0.98217
LegalBench-RAG,1200000,1200000,Lethe-no-bypass,cluster,0.5,4,0.0,0.057888,0.925291,0.982027
LegalBench-RAG,1200000,1200000,Lethe-no-bypass,cluster,0.5,5,0.0,0.061273,0.926966,0.98309
LegalBench-RAG,1200000,1200000,Lethe-no-bypass,cluster,0.5,6,0.0,0.061324,0.929255,0.983307
LegalBench-RAG,1200000,1200000,Lethe-no-bypass,cluster,0.5,7,0.0,0.066336,0.923005,0.977926
LegalBench-RAG,1200000,1200000,Lethe-no-bypass,cluster,0.5,8,0.0,0.057499,0.924351,0.980833
LegalBench-RAG,1200000,1200000,Lethe-no-bypass,cluster,0.5,9,0.0,0.062868,0.926857,0.982259
LegalBench-RAG,1200000,1200000,Lethe-no-revaware-traversal,cluster,0.5,0,0.0,0.161933,0.955736,0.982586
LegalBench-RAG,1200000,1200000,Lethe-no-revaware-traversal,cluster,0.5,1,0.0,0.159323,0.952945,0.981444
LegalBench-RAG,1200000,1200000,Lethe-no-revaware-traversal,cluster,0.5,2,0.0,0.167677,0.953252,0.980942
LegalBench-RAG,1200000,1200000,Lethe-no-revaware-traversal,cluster,0.5,3,0.0,0.166964,0.954377,0.982404
LegalBench-RAG,1200000,1200000,Lethe-no-revaware-traversal,cluster,0.5,4,0.0,0.170049,0.959344,0.984839
LegalBench-RAG,1200000,1200000,Lethe-no-revaware-traversal,cluster,0.5,5,0.0,0.168784,0.960608,0.985236
LegalBench-RAG,1200000,1200000,Lethe-no-revaware-traversal,cluster,0.5,6,0.0,0.163305,0.953299,0.981701
LegalBench-RAG,1200000,1200000,Lethe-no-revaware-traversal,cluster,0.5,7,0.0,0.165487,0.955642,0.982851
LegalBench-RAG,1200000,1200000,Lethe-no-revaware-traversal,cluster,0.5,8,0.0,0.163368,0.955519,0.982642
LegalBench-RAG,1200000,1200000,Lethe-no-revaware-traversal,cluster,0.5,9,0.0,0.170525,0.951138,0.977634
LegalBench-RAG,1200000,1200000,Physical-delete,cluster,0.5,0,0.0,0.041654,0.942281,0.979761
LegalBench-RAG,1200000,1200000,Physical-delete,cluster,0.5,1,0.0,0.039769,0.945406,0.983728
LegalBench-RAG,1200000,1200000,Physical-delete,cluster,0.5,2,0.0,0.041907,0.943921,0.982465
LegalBench-RAG,1200000,1200000,Physical-delete,cluster,0.5,3,0.0,0.041748,0.943109,0.981481
LegalBench-RAG,1200000,1200000,Physical-delete,cluster,0.5,4,0.0,0.042567,0.947931,0.982922
LegalBench-RAG,1200000,1200000,Physical-delete,cluster,0.5,5,0.0,0.042855,0.94238,0.982025
LegalBench-RAG,1200000,1200000,Physical-delete,cluster,0.5,6,0.0,0.037131,0.942881,0.981099
LegalBench-RAG,1200000,1200000,Physical-delete,cluster,0.5,7,0.0,0.047996,0.945855,0.980841
LegalBench-RAG,1200000,1200000,Physical-delete,cluster,0.5,8,0.0,0.040471,0.944732,0.983513
LegalBench-RAG,1200000,1200000,Physical-delete,cluster,0.5,9,0.0,0.046876,0.948675,0.985463
LegalBench-RAG,1200000,1200000,Periodic-rebuild,cluster,0.5,0,0.0,0.082869,0.963628,0.981853
LegalBench-RAG,1200000,1200000,Periodic-rebuild,cluster,0.5,1,0.0,0.085022,0.96727,0.98372
LegalBench-RAG,1200000,1200000,Periodic-rebuild,cluster,0.5,2,0.0,0.092592,0.965464,0.983289
LegalBench-RAG,1200000,1200000,Periodic-rebuild,cluster,0.5,3,0.0,0.080074,0.962533,0.983018
LegalBench-RAG,1200000,1200000,Periodic-rebuild,cluster,0.5,4,0.0,0.091457,0.960939,0.979178
LegalBench-RAG,1200000,1200000,Periodic-rebuild,cluster,0.5,5,0.0,0.087884,0.961881,0.978787
LegalBench-RAG,1200000,1200000,Periodic-rebuild,cluster,0.5,6,0.0,0.083179,0.963633,0.981688
LegalBench-RAG,1200000,1200000,Periodic-rebuild,cluster,0.5,7,0.0,0.082322,0.964329,0.984094
LegalBench-RAG,1200000,1200000,Periodic-rebuild,cluster,0.5,8,0.0,0.084887,0.962635,0.980255
LegalBench-RAG,1200000,1200000,Periodic-rebuild,cluster,0.5,9,0.0,0.08093,0.96251,0.979737
LegalBench-RAG,1200000,1200000,Per-role-index,cluster,0.5,0,0.0,0.0,0.979532,0.981256
LegalBench-RAG,1200000,1200000,Per-role-index,cluster,0.5,1,0.0,0.003045,0.978418,0.982642
LegalBench-RAG,1200000,1200000,Per-role-index,cluster,0.5,2,0.0,0.010553,0.980868,0.984186
LegalBench-RAG,1200000,1200000,Per-role-index,cluster,0.5,3,0.0,0.001222,0.977163,0.981527
LegalBench-RAG,1200000,1200000,Per-role-index,cluster,0.5,4,0.0,0.010962,0.974278,0.983137
LegalBench-RAG,1200000,1200000,Per-role-index,cluster,0.5,5,0.0,0.004404,0.977395,0.982092
LegalBench-RAG,1200000,1200000,Per-role-index,cluster,0.5,6,0.0,0.000486,0.97436,0.980869
LegalBench-RAG,1200000,1200000,Per-role-index,cluster,0.5,7,0.0,0.001429,0.980218,0.981131
LegalBench-RAG,1200000,1200000,Per-role-index,cluster,0.5,8,0.0,0.005726,0.978801,0.983399
LegalBench-RAG,1200000,1200000,Per-role-index,cluster,0.5,9,0.0,0.006388,0.975832,0.980034
LegalBench-RAG,1200000,1200000,ACORN,cluster,0.5,0,0.0,0.069099,0.964148,0.9843
LegalBench-RAG,1200000,1200000,ACORN,cluster,0.5,1,0.0,0.07707,0.961059,0.98016
LegalBench-RAG,1200000,1200000,ACORN,cluster,0.5,2,0.0,0.074204,0.959755,0.98109
LegalBench-RAG,1200000,1200000,ACORN,cluster,0.5,3,0.0,0.070239,0.958098,0.979501
LegalBench-RAG,1200000,1200000,ACORN,cluster,0.5,4,0.0,0.077202,0.961222,0.981447
LegalBench-RAG,1200000,1200000,ACORN,cluster,0.5,5,0.0,0.067422,0.959452,0.979036
LegalBench-RAG,1200000,1200000,ACORN,cluster,0.5,6,0.0,0.076372,0.960002,0.982499
LegalBench-RAG,1200000,1200000,ACORN,cluster,0.5,7,0.0,0.070564,0.963629,0.981998
LegalBench-RAG,1200000,1200000,ACORN,cluster,0.5,8,0.0,0.081702,0.961311,0.984091
LegalBench-RAG,1200000,1200000,ACORN,cluster,0.5,9,0.0,0.066859,0.962392,0.984163
LegalBench-RAG,1200000,1200000,HoneyBee,cluster,0.5,0,0.0,0.057296,0.96022,0.979543
LegalBench-RAG,1200000,1200000,HoneyBee,cluster,0.5,1,0.0,0.062226,0.965798,0.98746
LegalBench-RAG,1200000,1200000,HoneyBee,cluster,0.5,2,0.0,0.064653,0.959705,0.98013
LegalBench-RAG,1200000,1200000,HoneyBee,cluster,0.5,3,0.0,0.061481,0.97201,0.985457
LegalBench-RAG,1200000,1200000,HoneyBee,cluster,0.5,4,0.0,0.057766,0.967047,0.984039
LegalBench-RAG,1200000,1200000,HoneyBee,cluster,0.5,5,0.0,0.052834,0.960071,0.98061
LegalBench-RAG,1200000,1200000,HoneyBee,cluster,0.5,6,0.0,0.065138,0.969061,0.985467
LegalBench-RAG,1200000,1200000,HoneyBee,cluster,0.5,7,0.0,0.058127,0.960614,0.977576
LegalBench-RAG,1200000,1200000,HoneyBee,cluster,0.5,8,0.0,0.060186,0.963584,0.98051
LegalBench-RAG,1200000,1200000,HoneyBee,cluster,0.5,9,0.0,0.06621,0.966121,0.984071
LegalBench-RAG,1200000,1200000,SPFresh,cluster,0.5,0,0.0,0.104951,0.959492,0.984785
LegalBench-RAG,1200000,1200000,SPFresh,cluster,0.5,1,0.0,0.103659,0.95197,0.982436
LegalBench-RAG,1200000,1200000,SPFresh,cluster,0.5,2,0.0,0.107453,0.958069,0.982353
LegalBench-RAG,1200000,1200000,SPFresh,cluster,0.5,3,0.0,0.113212,0.956048,0.983478
LegalBench-RAG,1200000,1200000,SPFresh,cluster,0.5,4,0.0,0.110628,0.953472,0.980687
LegalBench-RAG,1200000,1200000,SPFresh,cluster,0.5,5,0.0,0.103943,0.953506,0.980675
LegalBench-RAG,1200000,1200000,SPFresh,cluster,0.5,6,0.0,0.112241,0.955091,0.980622
LegalBench-RAG,1200000,1200000,SPFresh,cluster,0.5,7,0.0,0.107474,0.956288,0.983258
LegalBench-RAG,1200000,1200000,SPFresh,cluster,0.5,8,0.0,0.104596,0.947317,0.981098
LegalBench-RAG,1200000,1200000,SPFresh,cluster,0.5,9,0.0,0.112285,0.954317,0.981378
LegalBench-RAG,1200000,1200000,Oracle,cluster,0.5,0,0.0,0.0,0.982197,0.982197
LegalBench-RAG,1200000,1200000,Oracle,cluster,0.5,1,0.0,0.0,0.979186,0.979186
LegalBench-RAG,1200000,1200000,Oracle,cluster,0.5,2,0.0,0.0,0.981986,0.981986
LegalBench-RAG,1200000,1200000,Oracle,cluster,0.5,3,0.0,0.0,0.980146,0.980146
LegalBench-RAG,1200000,1200000,Oracle,cluster,0.5,4,0.0,0.0,0.980839,0.980839
LegalBench-RAG,1200000,1200000,Oracle,cluster,0.5,5,0.0,0.0,0.982848,0.982848
LegalBench-RAG,1200000,1200000,Oracle,cluster,0.5,6,0.0,0.0,0.978048,0.978048
LegalBench-RAG,1200000,1200000,Oracle,cluster,0.5,7,0.0,0.0,0.984677,0.984677
LegalBench-RAG,1200000,1200000,Oracle,cluster,0.5,8,0.0,0.0,0.981406,0.981406
LegalBench-RAG,1200000,1200000,Oracle,cluster,0.5,9,0.0,0.0,0.980329,0.980329
LegalBench-RAG,1200000,1200000,Tombstone,bridge,0.0,0,0.0,0.0,0.947069,0.982357
LegalBench-RAG,1200000,1200000,Tombstone,bridge,0.0,1,0.0,0.0,0.948205,0.986381
LegalBench-RAG,1200000,1200000,Tombstone,bridge,0.0,2,0.0,0.0,0.946853,0.987101
LegalBench-RAG,1200000,1200000,Tombstone,bridge,0.0,3,0.0,0.0,0.940931,0.980813
LegalBench-RAG,1200000,1200000,Tombstone,bridge,0.0,4,0.0,0.0,0.945507,0.981801
LegalBench-RAG,1200000,1200000,Tombstone,bridge,0.0,5,0.0,0.0,0.941222,0.98036
LegalBench-RAG,1200000,1200000,Tombstone,bridge,0.0,6,0.0,0.0,0.940238,0.981056
LegalBench-RAG,1200000,1200000,Tombstone,bridge,0.0,7,0.0,0.0,0.944472,0.981639
LegalBench-RAG,1200000,1200000,Tombstone,bridge,0.0,8,0.0,0.0,0.941834,0.980921
LegalBench-RAG,1200000,1200000,Tombstone,bridge,0.0,9,0.0,0.0,0.945188,0.983892
LegalBench-RAG,1200000,1200000,Post-filter,bridge,0.0,0,0.0,0.0,0.940575,0.984331
LegalBench-RAG,1200000,1200000,Post-filter,bridge,0.0,1,0.0,0.0,0.933151,0.980234
LegalBench-RAG,1200000,1200000,Post-filter,bridge,0.0,2,0.0,0.0,0.939551,0.979573
LegalBench-RAG,1200000,1200000,Post-filter,bridge,0.0,3,0.0,0.0,0.939612,0.981736
LegalBench-RAG,1200000,1200000,Post-filter,bridge,0.0,4,0.0,0.0,0.93741,0.983202
LegalBench-RAG,1200000,1200000,Post-filter,bridge,0.0,5,0.0,0.0,0.941799,0.983346
LegalBench-RAG,1200000,1200000,Post-filter,bridge,0.0,6,0.0,0.0,0.939652,0.983503
LegalBench-RAG,1200000,1200000,Post-filter,bridge,0.0,7,0.0,0.0,0.939378,0.981858
LegalBench-RAG,1200000,1200000,Post-filter,bridge,0.0,8,0.0,0.0,0.939803,0.981578
LegalBench-RAG,1200000,1200000,Post-filter,bridge,0.0,9,0.0,0.0,0.937066,0.982583
LegalBench-RAG,1200000,1200000,Lethe,bridge,0.0,0,0.0,0.0,0.974861,0.981508
LegalBench-RAG,1200000,1200000,Lethe,bridge,0.0,1,0.0,0.0,0.975813,0.982733
LegalBench-RAG,1200000,1200000,Lethe,bridge,0.0,2,0.0,0.0,0.97541,0.979816
LegalBench-RAG,1200000,1200000,Lethe,bridge,0.0,3,0.0,0.0,0.976764,0.98173
LegalBench-RAG,1200000,1200000,Lethe,bridge,0.0,4,0.0,0.0,0.979032,0.980965
LegalBench-RAG,1200000,1200000,Lethe,bridge,0.0,5,0.0,0.0,0.978261,0.982586
LegalBench-RAG,1200000,1200000,Lethe,bridge,0.0,6,0.0,0.0,0.97831,0.981714
LegalBench-RAG,1200000,1200000,Lethe,bridge,0.0,7,0.0,0.0,0.979944,0.983101
LegalBench-RAG,1200000,1200000,Lethe,bridge,0.0,8,0.0,0.0,0.975371,0.982231
LegalBench-RAG,1200000,1200000,Lethe,bridge,0.0,9,0.0,0.0,0.979754,0.983142
LegalBench-RAG,1200000,1200000,Lethe-no-bypass,bridge,0.0,0,0.0,0.0,0.928934,0.981791
LegalBench-RAG,1200000,1200000,Lethe-no-bypass,bridge,0.0,1,0.0,0.0,0.930512,0.981992
LegalBench-RAG,1200000,1200000,Lethe-no-bypass,bridge,0.0,2,0.0,0.0,0.922173,0.97941
LegalBench-RAG,1200000,1200000,Lethe-no-bypass,bridge,0.0,3,0.0,0.0,0.925054,0.981928
LegalBench-RAG,1200000,1200000,Lethe-no-bypass,bridge,0.0,4,0.0,0.0,0.927413,0.98328
LegalBench-RAG,1200000,1200000,Lethe-no-bypass,bridge,0.0,5,0.0,0.0,0.92112,0.979081
LegalBench-RAG,1200000,1200000,Lethe-no-bypass,bridge,0.0,6,0.0,0.0,0.927312,0.983221
LegalBench-RAG,1200000,1200000,Lethe-no-bypass,bridge,0.0,7,0.0,0.0,0.926977,0.982616
LegalBench-RAG,1200000,1200000,Lethe-no-bypass,bridge,0.0,8,0.0,0.0,0.926092,0.980694
LegalBench-RAG,1200000,1200000,Lethe-no-bypass,bridge,0.0,9,0.0,0.0,0.924589,0.982181
LegalBench-RAG,1200000,1200000,Lethe-no-revaware-traversal,bridge,0.0,0,0.0,0.0,0.955744,0.980778
LegalBench-RAG,1200000,1200000,Lethe-no-revaware-traversal,bridge,0.0,1,0.0,0.0,0.95666,0.982052
LegalBench-RAG,1200000,1200000,Lethe-no-revaware-traversal,bridge,0.0,2,0.0,0.0,0.958823,0.982666
LegalBench-RAG,1200000,1200000,Lethe-no-revaware-traversal,bridge,0.0,3,0.0,0.0,0.955072,0.98076
LegalBench-RAG,1200000,1200000,Lethe-no-revaware-traversal,bridge,0.0,4,0.0,0.0,0.954184,0.981502
LegalBench-RAG,1200000,1200000,Lethe-no-revaware-traversal,bridge,0.0,5,0.0,0.0,0.956977,0.981794
LegalBench-RAG,1200000,1200000,Lethe-no-revaware-traversal,bridge,0.0,6,0.0,0.0,0.955812,0.983205
LegalBench-RAG,1200000,1200000,Lethe-no-revaware-traversal,bridge,0.0,7,0.0,0.0,0.959892,0.983687
LegalBench-RAG,1200000,1200000,Lethe-no-revaware-traversal,bridge,0.0,8,0.0,0.0,0.952901,0.980281
LegalBench-RAG,1200000,1200000,Lethe-no-revaware-traversal,bridge,0.0,9,0.0,0.0,0.960418,0.982803
LegalBench-RAG,1200000,1200000,Physical-delete,bridge,0.0,0,0.0,0.0,0.950475,0.982991
LegalBench-RAG,1200000,1200000,Physical-delete,bridge,0.0,1,0.0,0.0,0.94425,0.982318
LegalBench-RAG,1200000,1200000,Physical-delete,bridge,0.0,2,0.0,0.0,0.943784,0.983336
LegalBench-RAG,1200000,1200000,Physical-delete,bridge,0.0,3,0.0,0.0,0.945728,0.980859
LegalBench-RAG,1200000,1200000,Physical-delete,bridge,0.0,4,0.0,0.0,0.945693,0.982079
LegalBench-RAG,1200000,1200000,Physical-delete,bridge,0.0,5,0.0,0.0,0.948834,0.982538
LegalBench-RAG,1200000,1200000,Physical-delete,bridge,0.0,6,0.0,0.0,0.943364,0.981485
LegalBench-RAG,1200000,1200000,Physical-delete,bridge,0.0,7,0.0,0.0,0.946908,0.982012
LegalBench-RAG,1200000,1200000,Physical-delete,bridge,0.0,8,0.0,0.0,0.944802,0.982404
LegalBench-RAG,1200000,1200000,Physical-delete,bridge,0.0,9,0.0,0.0,0.943127,0.983658
LegalBench-RAG,1200000,1200000,Periodic-rebuild,bridge,0.0,0,0.0,0.0,0.964399,0.97886
LegalBench-RAG,1200000,1200000,Periodic-rebuild,bridge,0.0,1,0.0,0.0,0.962695,0.981836
LegalBench-RAG,1200000,1200000,Periodic-rebuild,bridge,0.0,2,0.0,0.0,0.960924,0.979643
LegalBench-RAG,1200000,1200000,Periodic-rebuild,bridge,0.0,3,0.0,0.0,0.962479,0.982095
LegalBench-RAG,1200000,1200000,Periodic-rebuild,bridge,0.0,4,0.0,0.0,0.964479,0.980702
LegalBench-RAG,1200000,1200000,Periodic-rebuild,bridge,0.0,5,0.0,0.0,0.964438,0.979615
LegalBench-RAG,1200000,1200000,Periodic-rebuild,bridge,0.0,6,0.0,0.0,0.962888,0.982521
LegalBench-RAG,1200000,1200000,Periodic-rebuild,bridge,0.0,7,0.0,0.0,0.971021,0.981791
LegalBench-RAG,1200000,1200000,Periodic-rebuild,bridge,0.0,8,0.0,0.0,0.963141,0.980121
LegalBench-RAG,1200000,1200000,Periodic-rebuild,bridge,0.0,9,0.0,0.0,0.965091,0.982133
LegalBench-RAG,1200000,1200000,Per-role-index,bridge,0.0,0,0.0,0.0,0.978879,0.983962
LegalBench-RAG,1200000,1200000,Per-role-index,bridge,0.0,1,0.0,0.0,0.978455,0.980688
LegalBench-RAG,1200000,1200000,Per-role-index,bridge,0.0,2,0.0,0.0,0.97767,0.984277
LegalBench-RAG,1200000,1200000,Per-role-index,bridge,0.0,3,0.0,0.0,0.97882,0.981608
LegalBench-RAG,1200000,1200000,Per-role-index,bridge,0.0,4,0.0,0.0,0.979716,0.983945
LegalBench-RAG,1200000,1200000,Per-role-index,bridge,0.0,5,0.0,0.0,0.973759,0.979495
LegalBench-RAG,1200000,1200000,Per-role-index,bridge,0.0,6,0.0,0.0,0.976009,0.981107
LegalBench-RAG,1200000,1200000,Per-role-index,bridge,0.0,7,0.0,0.0,0.983978,0.985371
LegalBench-RAG,1200000,1200000,Per-role-index,bridge,0.0,8,0.0,0.0,0.974736,0.981544
LegalBench-RAG,1200000,1200000,Per-role-index,bridge,0.0,9,0.0,0.0,0.972215,0.979896
LegalBench-RAG,1200000,1200000,ACORN,bridge,0.0,0,0.0,0.0,0.962304,0.983359
LegalBench-RAG,1200000,1200000,ACORN,bridge,0.0,1,0.0,0.0,0.960614,0.980602
LegalBench-RAG,1200000,1200000,ACORN,bridge,0.0,2,0.0,0.0,0.961274,0.980275
LegalBench-RAG,1200000,1200000,ACORN,bridge,0.0,3,0.0,0.0,0.962036,0.98115
LegalBench-RAG,1200000,1200000,ACORN,bridge,0.0,4,0.0,0.0,0.960876,0.981005
LegalBench-RAG,1200000,1200000,ACORN,bridge,0.0,5,0.0,0.0,0.965869,0.983428
LegalBench-RAG,1200000,1200000,ACORN,bridge,0.0,6,0.0,0.0,0.9641,0.982169
LegalBench-RAG,1200000,1200000,ACORN,bridge,0.0,7,0.0,0.0,0.962362,0.980599
LegalBench-RAG,1200000,1200000,ACORN,bridge,0.0,8,0.0,0.0,0.966229,0.983941
LegalBench-RAG,1200000,1200000,ACORN,bridge,0.0,9,0.0,0.0,0.964665,0.982489
LegalBench-RAG,1200000,1200000,HoneyBee,bridge,0.0,0,0.0,0.0,0.963745,0.980798
LegalBench-RAG,1200000,1200000,HoneyBee,bridge,0.0,1,0.0,0.0,0.958832,0.978892
LegalBench-RAG,1200000,1200000,HoneyBee,bridge,0.0,2,0.0,0.0,0.965531,0.98323
LegalBench-RAG,1200000,1200000,HoneyBee,bridge,0.0,3,0.0,0.0,0.959735,0.979773
LegalBench-RAG,1200000,1200000,HoneyBee,bridge,0.0,4,0.0,0.0,0.96555,0.981541
LegalBench-RAG,1200000,1200000,HoneyBee,bridge,0.0,5,0.0,0.0,0.96362,0.98244
LegalBench-RAG,1200000,1200000,HoneyBee,bridge,0.0,6,0.0,0.0,0.961408,0.981822
LegalBench-RAG,1200000,1200000,HoneyBee,bridge,0.0,7,0.0,0.0,0.962176,0.982529
LegalBench-RAG,1200000,1200000,HoneyBee,bridge,0.0,8,0.0,0.0,0.967157,0.983274
LegalBench-RAG,1200000,1200000,HoneyBee,bridge,0.0,9,0.0,0.0,0.967705,0.983662
LegalBench-RAG,1200000,1200000,SPFresh,bridge,0.0,0,0.0,0.0,0.954355,0.981154
LegalBench-RAG,1200000,1200000,SPFresh,bridge,0.0,1,0.0,0.0,0.954837,0.980607
LegalBench-RAG,1200000,1200000,SPFresh,bridge,0.0,2,0.0,0.0,0.953551,0.979934
LegalBench-RAG,1200000,1200000,SPFresh,bridge,0.0,3,0.0,0.0,0.95574,0.981936
LegalBench-RAG,1200000,1200000,SPFresh,bridge,0.0,4,0.0,0.0,0.957635,0.984104
LegalBench-RAG,1200000,1200000,SPFresh,bridge,0.0,5,0.0,0.0,0.953835,0.981488
LegalBench-RAG,1200000,1200000,SPFresh,bridge,0.0,6,0.0,0.0,0.954375,0.984456
LegalBench-RAG,1200000,1200000,SPFresh,bridge,0.0,7,0.0,0.0,0.956499,0.980624
LegalBench-RAG,1200000,1200000,SPFresh,bridge,0.0,8,0.0,0.0,0.952864,0.978694
LegalBench-RAG,1200000,1200000,SPFresh,bridge,0.0,9,0.0,0.0,0.954422,0.978991
LegalBench-RAG,1200000,1200000,Oracle,bridge,0.0,0,0.0,0.0,0.980741,0.980741
LegalBench-RAG,1200000,1200000,Oracle,bridge,0.0,1,0.0,0.0,0.978757,0.978757
LegalBench-RAG,1200000,1200000,Oracle,bridge,0.0,2,0.0,0.0,0.979745,0.979745
LegalBench-RAG,1200000,1200000,Oracle,bridge,0.0,3,0.0,0.0,0.982194,0.982194
LegalBench-RAG,1200000,1200000,Oracle,bridge,0.0,4,0.0,0.0,0.981669,0.981669
LegalBench-RAG,1200000,1200000,Oracle,bridge,0.0,5,0.0,0.0,0.981173,0.981173
LegalBench-RAG,1200000,1200000,Oracle,bridge,0.0,6,0.0,0.0,0.981333,0.981333
LegalBench-RAG,1200000,1200000,Oracle,bridge,0.0,7,0.0,0.0,0.982783,0.982783
LegalBench-RAG,1200000,1200000,Oracle,bridge,0.0,8,0.0,0.0,0.980455,0.980455
LegalBench-RAG,1200000,1200000,Oracle,bridge,0.0,9,0.0,0.0,0.980063,0.980063
LegalBench-RAG,1200000,1200000,Tombstone,bridge,0.1,0,0.0,0.064329,0.940443,0.980534
LegalBench-RAG,1200000,1200000,Tombstone,bridge,0.1,1,0.0,0.066473,0.941375,0.980769
LegalBench-RAG,1200000,1200000,Tombstone,bridge,0.1,2,0.0,0.068406,0.941158,0.981459
LegalBench-RAG,1200000,1200000,Tombstone,bridge,0.1,3,0.0,0.068785,0.944289,0.981119
LegalBench-RAG,1200000,1200000,Tombstone,bridge,0.1,4,0.0,0.069718,0.946767,0.984169
LegalBench-RAG,1200000,1200000,Tombstone,bridge,0.1,5,0.0,0.070912,0.944574,0.983491
LegalBench-RAG,1200000,1200000,Tombstone,bridge,0.1,6,0.0,0.070602,0.943942,0.980991
LegalBench-RAG,1200000,1200000,Tombstone,bridge,0.1,7,0.0,0.069672,0.946855,0.985087
LegalBench-RAG,1200000,1200000,Tombstone,bridge,0.1,8,0.0,0.070008,0.940644,0.981845
LegalBench-RAG,1200000,1200000,Tombstone,bridge,0.1,9,0.0,0.069914,0.947729,0.983582
LegalBench-RAG,1200000,1200000,Post-filter,bridge,0.1,0,0.0,0.072121,0.940198,0.983282
LegalBench-RAG,1200000,1200000,Post-filter,bridge,0.1,1,0.0,0.075334,0.938773,0.983324
LegalBench-RAG,1200000,1200000,Post-filter,bridge,0.1,2,0.0,0.075436,0.934932,0.981932
LegalBench-RAG,1200000,1200000,Post-filter,bridge,0.1,3,0.0,0.077623,0.939714,0.985645
LegalBench-RAG,1200000,1200000,Post-filter,bridge,0.1,4,0.0,0.078958,0.937529,0.980642
LegalBench-RAG,1200000,1200000,Post-filter,bridge,0.1,5,0.0,0.07364,0.938656,0.981987
LegalBench-RAG,1200000,1200000,Post-filter,bridge,0.1,6,0.0,0.073826,0.934859,0.976989
LegalBench-RAG,1200000,1200000,Post-filter,bridge,0.1,7,0.0,0.077632,0.937391,0.983064
LegalBench-RAG,1200000,1200000,Post-filter,bridge,0.1,8,0.0,0.072737,0.933516,0.977823
LegalBench-RAG,1200000,1200000,Post-filter,bridge,0.1,9,0.0,0.072263,0.941343,0.984115
LegalBench-RAG,1200000,1200000,Lethe,bridge,0.1,0,0.0,0.004982,0.978399,0.98275
LegalBench-RAG,1200000,1200000,Lethe,bridge,0.1,1,0.0,8.6e-05,0.978622,0.983857
LegalBench-RAG,1200000,1200000,Lethe,bridge,0.1,2,0.0,0.001122,0.977101,0.982819
LegalBench-RAG,1200000,1200000,Lethe,bridge,0.1,3,0.0,0.004028,0.97943,0.98261
LegalBench-RAG,1200000,1200000,Lethe,bridge,0.1,4,0.0,0.0,0.977332,0.981999
LegalBench-RAG,1200000,1200000,Lethe,bridge,0.1,5,0.0,0.00317,0.976174,0.979574
LegalBench-RAG,1200000,1200000,Lethe,bridge,0.1,6,0.0,0.003964,0.979554,0.982278
LegalBench-RAG,1200000,1200000,Lethe,bridge,0.1,7,0.0,0.002397,0.974296,0.979507
LegalBench-RAG,1200000,1200000,Lethe,bridge,0.1,8,0.0,0.008244,0.977981,0.983012
LegalBench-RAG,1200000,1200000,Lethe,bridge,0.1,9,0.0,0.006586,0.981299,0.985263
LegalBench-RAG,1200000,1200000,Lethe-no-bypass,bridge,0.1,0,0.0,0.019963,0.923139,0.979873
LegalBench-RAG,1200000,1200000,Lethe-no-bypass,bridge,0.1,1,0.0,0.021149,0.922455,0.980206
LegalBench-RAG,1200000,1200000,Lethe-no-bypass,bridge,0.1,2,0.0,0.018655,0.925229,0.981755
LegalBench-RAG,1200000,1200000,Lethe-no-bypass,bridge,0.1,3,0.0,0.016402,0.934483,0.98725
LegalBench-RAG,1200000,1200000,Lethe-no-bypass,bridge,0.1,4,0.0,0.026881,0.924214,0.980403
LegalBench-RAG,1200000,1200000,Lethe-no-bypass,bridge,0.1,5,0.0,0.021499,0.92798,0.981462
LegalBench-RAG,1200000,1200000,Lethe-no-bypass,bridge,0.1,6,0.0,0.01969,0.925983,0.980975
LegalBench-RAG,1200000,1200000,Lethe-no-bypass,bridge,0.1,7,0.0,0.027527,0.930535,0.985467
LegalBench-RAG,1200000,1200000,Lethe-no-bypass,bridge,0.1,8,0.0,0.025237,0.925194,0.982154
LegalBench-RAG,1200000,1200000,Lethe-no-bypass,bridge,0.1,9,0.0,0.02354,0.926317,0.980418
LegalBench-RAG,1200000,1200000,Lethe-no-revaware-traversal,bridge,0.1,0,0.0,0.061376,0.954222,0.979869
LegalBench-RAG,1200000,1200000,Lethe-no-revaware-traversal,bridge,0.1,1,0.0,0.059487,0.95442,0.979872
LegalBench-RAG,1200000,1200000,Lethe-no-revaware-traversal,bridge,0.1,2,0.0,0.066854,0.95424,0.979396
LegalBench-RAG,1200000,1200000,Lethe-no-revaware-traversal,bridge,0.1,3,0.0,0.069386,0.955033,0.981234
LegalBench-RAG,1200000,1200000,Lethe-no-revaware-traversal,bridge,0.1,4,0.0,0.066816,0.951278,0.981961
LegalBench-RAG,1200000,1200000,Lethe-no-revaware-traversal,bridge,0.1,5,0.0,0.064819,0.958192,0.984148
LegalBench-RAG,1200000,1200000,Lethe-no-revaware-traversal,bridge,0.1,6,0.0,0.070414,0.958795,0.984144
LegalBench-RAG,1200000,1200000,Lethe-no-revaware-traversal,bridge,0.1,7,0.0,0.064242,0.953155,0.979217
LegalBench-RAG,1200000,1200000,Lethe-no-revaware-traversal,bridge,0.1,8,0.0,0.066032,0.955179,0.98234
LegalBench-RAG,1200000,1200000,Lethe-no-revaware-traversal,bridge,0.1,9,0.0,0.06233,0.957844,0.980867
LegalBench-RAG,1200000,1200000,Physical-delete,bridge,0.1,0,0.0,0.017557,0.948474,0.982953
LegalBench-RAG,1200000,1200000,Physical-delete,bridge,0.1,1,0.0,0.018803,0.946431,0.982184
LegalBench-RAG,1200000,1200000,Physical-delete,bridge,0.1,2,0.0,0.018592,0.943395,0.98066
LegalBench-RAG,1200000,1200000,Physical-delete,bridge,0.1,3,0.0,0.017858,0.944035,0.980154
LegalBench-RAG,1200000,1200000,Physical-delete,bridge,0.1,4,0.0,0.014544,0.942956,0.982994
LegalBench-RAG,1200000,1200000,Physical-delete,bridge,0.1,5,0.0,0.022716,0.942885,0.979485
LegalBench-RAG,1200000,1200000,Physical-delete,bridge,0.1,6,0.0,0.016746,0.939849,0.979185
LegalBench-RAG,1200000,1200000,Physical-delete,bridge,0.1,7,0.0,0.010604,0.943472,0.982181
LegalBench-RAG,1200000,1200000,Physical-delete,bridge,0.1,8,0.0,0.008806,0.946632,0.98194
LegalBench-RAG,1200000,1200000,Physical-delete,bridge,0.1,9,0.0,0.018172,0.949239,0.983342
LegalBench-RAG,1200000,1200000,Periodic-rebuild,bridge,0.1,0,0.0,0.032121,0.964715,0.981835
LegalBench-RAG,1200000,1200000,Periodic-rebuild,bridge,0.1,1,0.0,0.035508,0.964978,0.98155
LegalBench-RAG,1200000,1200000,Periodic-rebuild,bridge,0.1,2,0.0,0.035067,0.965097,0.9832
LegalBench-RAG,1200000,1200000,Periodic-rebuild,bridge,0.1,3,0.0,0.031089,0.960976,0.978017
LegalBench-RAG,1200000,1200000,Periodic-rebuild,bridge,0.1,4,0.0,0.031775,0.966278,0.983254
LegalBench-RAG,1200000,1200000,Periodic-rebuild,bridge,0.1,5,0.0,0.030861,0.963415,0.982426
LegalBench-RAG,1200000,1200000,Periodic-rebuild,bridge,0.1,6,0.0,0.032028,0.963184,0.982472
LegalBench-RAG,1200000,1200000,Periodic-rebuild,bridge,0.1,7,0.0,0.032539,0.966586,0.983904
LegalBench-RAG,1200000,1200000,Periodic-rebuild,bridge,0.1,8,0.0,0.035878,0.96553,0.983508
LegalBench-RAG,1200000,1200000,Periodic-rebuild,bridge,0.1,9,0.0,0.035251,0.96231,0.981411
LegalBench-RAG,1200000,1200000,Per-role-index,bridge,0.1,0,0.0,0.000976,0.980221,0.983149
LegalBench-RAG,1200000,1200000,Per-role-index,bridge,0.1,1,0.0,0.0,0.978288,0.982552
LegalBench-RAG,1200000,1200000,Per-role-index,bridge,0.1,2,0.0,0.00189,0.976823,0.979793
LegalBench-RAG,1200000,1200000,Per-role-index,bridge,0.1,3,0.0,0.003565,0.978828,0.978788
LegalBench-RAG,1200000,1200000,Per-role-index,bridge,0.1,4,0.0,0.005392,0.975002,0.980342
LegalBench-RAG,1200000,1200000,Per-role-index,bridge,0.1,5,0.0,0.001604,0.977972,0.982388
LegalBench-RAG,1200000,1200000,Per-role-index,bridge,0.1,6,0.0,0.0,0.975268,0.979672
LegalBench-RAG,1200000,1200000,Per-role-index,bridge,0.1,7,0.0,0.006049,0.977022,0.980245
LegalBench-RAG,1200000,1200000,Per-role-index,bridge,0.1,8,0.0,0.007152,0.979754,0.983709
LegalBench-RAG,1200000,1200000,Per-role-index,bridge,0.1,9,0.0,7.2e-05,0.976423,0.981243
LegalBench-RAG,1200000,1200000,ACORN,bridge,0.1,0,0.0,0.029385,0.960321,0.981304
LegalBench-RAG,1200000,1200000,ACORN,bridge,0.1,1,0.0,0.030913,0.963116,0.983595
LegalBench-RAG,1200000,1200000,ACORN,bridge,0.1,2,0.0,0.024723,0.962887,0.98137
LegalBench-RAG,1200000,1200000,ACORN,bridge,0.1,3,0.0,0.028793,0.964977,0.984222
LegalBench-RAG,1200000,1200000,ACORN,bridge,0.1,4,0.0,0.03191,0.964368,0.981707
LegalBench-RAG,1200000,1200000,ACORN,bridge,0.1,5,0.0,0.030147,0.967885,0.984829
LegalBench-RAG,1200000,1200000,ACORN,bridge,0.1,6,0.0,0.027391,0.967299,0.984755
LegalBench-RAG,1200000,1200000,ACORN,bridge,0.1,7,0.0,0.026484,0.963175,0.983127
LegalBench-RAG,1200000,1200000,ACORN,bridge,0.1,8,0.0,0.025494,0.959489,0.981632
LegalBench-RAG,1200000,1200000,ACORN,bridge,0.1,9,0.0,0.030288,0.959845,0.98081
LegalBench-RAG,1200000,1200000,HoneyBee,bridge,0.1,0,0.0,0.026423,0.961936,0.982464
LegalBench-RAG,1200000,1200000,HoneyBee,bridge,0.1,1,0.0,0.025901,0.965072,0.983075
LegalBench-RAG,1200000,1200000,HoneyBee,bridge,0.1,2,0.0,0.028363,0.967906,0.984906
LegalBench-RAG,1200000,1200000,HoneyBee,bridge,0.1,3,0.0,0.024915,0.962103,0.980347
LegalBench-RAG,1200000,1200000,HoneyBee,bridge,0.1,4,0.0,0.02648,0.962947,0.979568
LegalBench-RAG,1200000,1200000,HoneyBee,bridge,0.1,5,0.0,0.024742,0.962846,0.983975
LegalBench-RAG,1200000,1200000,HoneyBee,bridge,0.1,6,0.0,0.023662,0.963846,0.981555
LegalBench-RAG,1200000,1200000,HoneyBee,bridge,0.1,7,0.0,0.030476,0.965359,0.982864
LegalBench-RAG,1200000,1200000,HoneyBee,bridge,0.1,8,0.0,0.021004,0.96312,0.980642
LegalBench-RAG,1200000,1200000,HoneyBee,bridge,0.1,9,0.0,0.020628,0.963357,0.983715
LegalBench-RAG,1200000,1200000,SPFresh,bridge,0.1,0,0.0,0.045596,0.957061,0.982846
LegalBench-RAG,1200000,1200000,SPFresh,bridge,0.1,1,0.0,0.043098,0.951933,0.980088
LegalBench-RAG,1200000,1200000,SPFresh,bridge,0.1,2,0.0,0.043156,0.957246,0.984117
LegalBench-RAG,1200000,1200000,SPFresh,bridge,0.1,3,0.0,0.042712,0.954914,0.980491
LegalBench-RAG,1200000,1200000,SPFresh,bridge,0.1,4,0.0,0.044837,0.952998,0.98188
LegalBench-RAG,1200000,1200000,SPFresh,bridge,0.1,5,0.0,0.040502,0.950362,0.978841
LegalBench-RAG,1200000,1200000,SPFresh,bridge,0.1,6,0.0,0.04121,0.955296,0.981971
LegalBench-RAG,1200000,1200000,SPFresh,bridge,0.1,7,0.0,0.039208,0.959833,0.98294
LegalBench-RAG,1200000,1200000,SPFresh,bridge,0.1,8,0.0,0.043602,0.957023,0.984947
LegalBench-RAG,1200000,1200000,SPFresh,bridge,0.1,9,0.0,0.040625,0.952345,0.97921
LegalBench-RAG,1200000,1200000,Oracle,bridge,0.1,0,0.0,0.0,0.981202,0.981202
LegalBench-RAG,1200000,1200000,Oracle,bridge,0.1,1,0.0,0.0,0.982551,0.982551
LegalBench-RAG,1200000,1200000,Oracle,bridge,0.1,2,0.0,0.0,0.979381,0.979381
LegalBench-RAG,1200000,1200000,Oracle,bridge,0.1,3,0.0,0.0,0.983603,0.983603
LegalBench-RAG,1200000,1200000,Oracle,bridge,0.1,4,0.0,0.0,0.985775,0.985775
LegalBench-RAG,1200000,1200000,Oracle,bridge,0.1,5,0.0,0.0,0.977454,0.977454
LegalBench-RAG,1200000,1200000,Oracle,bridge,0.1,6,0.0,0.0,0.97949,0.97949
LegalBench-RAG,1200000,1200000,Oracle,bridge,0.1,7,0.0,0.0,0.982269,0.982269
LegalBench-RAG,1200000,1200000,Oracle,bridge,0.1,8,0.0,0.0,0.979392,0.979392
LegalBench-RAG,1200000,1200000,Oracle,bridge,0.1,9,0.0,0.0,0.981022,0.981022
LegalBench-RAG,1200000,1200000,Tombstone,bridge,0.2,0,0.0,0.121125,0.943374,0.984326
LegalBench-RAG,1200000,1200000,Tombstone,bridge,0.2,1,0.0,0.117992,0.94456,0.98579
LegalBench-RAG,1200000,1200000,Tombstone,bridge,0.2,2,0.0,0.118643,0.937636,0.979396
LegalBench-RAG,1200000,1200000,Tombstone,bridge,0.2,3,0.0,0.117866,0.947757,0.983972
LegalBench-RAG,1200000,1200000,Tombstone,bridge,0.2,4,0.0,0.124134,0.941233,0.980571
LegalBench-RAG,1200000,1200000,Tombstone,bridge,0.2,5,0.0,0.118718,0.939799,0.97885
LegalBench-RAG,1200000,1200000,Tombstone,bridge,0.2,6,0.0,0.124001,0.945238,0.983912
LegalBench-RAG,1200000,1200000,Tombstone,bridge,0.2,7,0.0,0.120428,0.942502,0.981901
LegalBench-RAG,1200000,1200000,Tombstone,bridge,0.2,8,0.0,0.122787,0.939732,0.979487
LegalBench-RAG,1200000,1200000,Tombstone,bridge,0.2,9,0.0,0.11414,0.944909,0.981853
LegalBench-RAG,1200000,1200000,Post-filter,bridge,0.2,0,0.0,0.132799,0.937417,0.985579
LegalBench-RAG,1200000,1200000,Post-filter,bridge,0.2,1,0.0,0.125034,0.944382,0.986911
LegalBench-RAG,1200000,1200000,Post-filter,bridge,0.2,2,0.0,0.129557,0.9421,0.984803
LegalBench-RAG,1200000,1200000,Post-filter,bridge,0.2,3,0.0,0.129535,0.935279,0.980957
LegalBench-RAG,1200000,1200000,Post-filter,bridge,0.2,4,0.0,0.134029,0.93375,0.979478
LegalBench-RAG,1200000,1200000,Post-filter,bridge,0.2,5,0.0,0.128396,0.935054,0.98115
LegalBench-RAG,1200000,1200000,Post-filter,bridge,0.2,6,0.0,0.127153,0.938722,0.983219
LegalBench-RAG,1200000,1200000,Post-filter,bridge,0.2,7,0.0,0.128537,0.935612,0.98102
LegalBench-RAG,1200000,1200000,Post-filter,bridge,0.2,8,0.0,0.12585,0.936721,0.979074
LegalBench-RAG,1200000,1200000,Post-filter,bridge,0.2,9,0.0,0.134519,0.939315,0.983298
LegalBench-RAG,1200000,1200000,Lethe,bridge,0.2,0,0.0,0.006388,0.983944,0.988669
LegalBench-RAG,1200000,1200000,Lethe,bridge,0.2,1,0.0,0.003372,0.977902,0.981495
LegalBench-RAG,1200000,1200000,Lethe,bridge,0.2,2,0.0,0.012677,0.979488,0.982627
LegalBench-RAG,1200000,1200000,Lethe,bridge,0.2,3,0.0,0.006105,0.974825,0.979335
LegalBench-RAG,1200000,1200000,Lethe,bridge,0.2,4,0.0,0.006452,0.974005,0.978947
LegalBench-RAG,1200000,1200000,Lethe,bridge,0.2,5,0.0,0.006172,0.975206,0.98145
LegalBench-RAG,1200000,1200000,Lethe,bridge,0.2,6,0.0,0.006425,0.979108,0.983658
LegalBench-RAG,1200000,1200000,Lethe,bridge,0.2,7,0.0,0.006172,0.977231,0.979606
LegalBench-RAG,1200000,1200000,Lethe,bridge,0.2,8,0.0,0.006578,0.976781,0.980747
LegalBench-RAG,1200000,1200000,Lethe,bridge,0.2,9,0.0,0.003108,0.979894,0.981081
LegalBench-RAG,1200000,1200000,Lethe-no-bypass,bridge,0.2,0,0.0,0.037316,0.92441,0.97771
LegalBench-RAG,1200000,1200000,Lethe-no-bypass,bridge,0.2,1,0.0,0.040441,0.928588,0.982207
LegalBench-RAG,1200000,1200000,Lethe-no-bypass,bridge,0.2,2,0.0,0.03759,0.93061,0.985806
LegalBench-RAG,1200000,1200000,Lethe-no-bypass,bridge,0.2,3,0.0,0.042764,0.927162,0.981669
LegalBench-RAG,1200000,1200000,Lethe-no-bypass,bridge,0.2,4,0.0,0.042578,0.923806,0.98037
LegalBench-RAG,1200000,1200000,Lethe-no-bypass,bridge,0.2,5,0.0,0.04231,0.926139,0.98202
LegalBench-RAG,1200000,1200000,Lethe-no-bypass,bridge,0.2,6,0.0,0.039734,0.929444,0.985186
LegalBench-RAG,1200000,1200000,Lethe-no-bypass,bridge,0.2,7,0.0,0.04316,0.919558,0.977038
LegalBench-RAG,1200000,1200000,Lethe-no-bypass,bridge,0.2,8,0.0,0.043185,0.928518,0.981677
LegalBench-RAG,1200000,1200000,Lethe-no-bypass,bridge,0.2,9,0.0,0.037602,0.92739,0.982959
LegalBench-RAG,1200000,1200000,Lethe-no-revaware-traversal,bridge,0.2,0,0.0,0.114456,0.958383,0.9838
LegalBench-RAG,1200000,1200000,Lethe-no-revaware-traversal,bridge,0.2,1,0.0,0.113236,0.959286,0.984163
LegalBench-RAG,1200000,1200000,Lethe-no-revaware-traversal,bridge,0.2,2,0.0,0.110361,0.955949,0.982837
LegalBench-RAG,1200000,1200000,Lethe-no-revaware-traversal,bridge,0.2,3,0.0,0.114129,0.956097,0.982738
LegalBench-RAG,1200000,1200000,Lethe-no-revaware-traversal,bridge,0.2,4,0.0,0.113512,0.955724,0.982182
LegalBench-RAG,1200000,1200000,Lethe-no-revaware-traversal,bridge,0.2,5,0.0,0.111285,0.961742,0.988125
LegalBench-RAG,1200000,1200000,Lethe-no-revaware-traversal,bridge,0.2,6,0.0,0.114329,0.954733,0.980862
LegalBench-RAG,1200000,1200000,Lethe-no-revaware-traversal,bridge,0.2,7,0.0,0.110965,0.957653,0.983697
LegalBench-RAG,1200000,1200000,Lethe-no-revaware-traversal,bridge,0.2,8,0.0,0.115507,0.957511,0.982666
LegalBench-RAG,1200000,1200000,Lethe-no-revaware-traversal,bridge,0.2,9,0.0,0.109068,0.954496,0.981695
LegalBench-RAG,1200000,1200000,Physical-delete,bridge,0.2,0,0.0,0.02681,0.946888,0.984526
LegalBench-RAG,1200000,1200000,Physical-delete,bridge,0.2,1,0.0,0.032054,0.947069,0.981481
LegalBench-RAG,1200000,1200000,Physical-delete,bridge,0.2,2,0.0,0.026966,0.943714,0.97957
LegalBench-RAG,1200000,1200000,Physical-delete,bridge,0.2,3,0.0,0.02578,0.948666,0.982534
LegalBench-RAG,1200000,1200000,Physical-delete,bridge,0.2,4,0.0,0.024886,0.947315,0.98411
LegalBench-RAG,1200000,1200000,Physical-delete,bridge,0.2,5,0.0,0.029841,0.941843,0.980159
LegalBench-RAG,1200000,1200000,Physical-delete,bridge,0.2,6,0.0,0.0286,0.947918,0.980399
LegalBench-RAG,1200000,1200000,Physical-delete,bridge,0.2,7,0.0,0.028872,0.939113,0.980792
LegalBench-RAG,1200000,1200000,Physical-delete,bridge,0.2,8,0.0,0.029539,0.943351,0.98145
LegalBench-RAG,1200000,1200000,Physical-delete,bridge,0.2,9,0.0,0.030114,0.946565,0.982807
LegalBench-RAG,1200000,1200000,Periodic-rebuild,bridge,0.2,0,0.0,0.058762,0.961643,0.978935
LegalBench-RAG,1200000,1200000,Periodic-rebuild,bridge,0.2,1,0.0,0.052433,0.965032,0.982559
LegalBench-RAG,1200000,1200000,Periodic-rebuild,bridge,0.2,2,0.0,0.059319,0.965498,0.98347
LegalBench-RAG,1200000,1200000,Periodic-rebuild,bridge,0.2,3,0.0,0.050469,0.966428,0.982727
LegalBench-RAG,1200000,1200000,Periodic-rebuild,bridge,0.2,4,0.0,0.060659,0.960104,0.979324
LegalBench-RAG,1200000,1200000,Periodic-rebuild,bridge,0.2,5,0.0,0.060832,0.962641,0.981951
LegalBench-RAG,1200000,1200000,Periodic-rebuild,bridge,0.2,6,0.0,0.058489,0.957964,0.976907
LegalBench-RAG,1200000,1200000,Periodic-rebuild,bridge,0.2,7,0.0,0.055152,0.961327,0.981922
LegalBench-RAG,1200000,1200000,Periodic-rebuild,bridge,0.2,8,0.0,0.054827,0.965112,0.982749
LegalBench-RAG,1200000,1200000,Periodic-rebuild,bridge,0.2,9,0.0,0.059047,0.959567,0.981418
LegalBench-RAG,1200000,1200000,Per-role-index,bridge,0.2,0,0.0,0.00378,0.976066,0.979304
LegalBench-RAG,1200000,1200000,Per-role-index,bridge,0.2,1,0.0,0.005158,0.97523,0.981777
LegalBench-RAG,1200000,1200000,Per-role-index,bridge,0.2,2,0.0,0.000895,0.973864,0.979551
LegalBench-RAG,1200000,1200000,Per-role-index,bridge,0.2,3,0.0,0.007459,0.976555,0.980551
LegalBench-RAG,1200000,1200000,Per-role-index,bridge,0.2,4,0.0,0.006546,0.977459,0.981634
LegalBench-RAG,1200000,1200000,Per-role-index,bridge,0.2,5,0.0,0.004567,0.979197,0.980518
LegalBench-RAG,1200000,1200000,Per-role-index,bridge,0.2,6,0.0,0.006725,0.974193,0.978519
LegalBench-RAG,1200000,1200000,Per-role-index,bridge,0.2,7,0.0,0.007869,0.982167,0.985187
LegalBench-RAG,1200000,1200000,Per-role-index,bridge,0.2,8,0.0,0.005622,0.980278,0.981842
LegalBench-RAG,1200000,1200000,Per-role-index,bridge,0.2,9,0.0,0.00916,0.972702,0.979665
LegalBench-RAG,1200000,1200000,ACORN,bridge,0.2,0,0.0,0.050018,0.962543,0.982951
LegalBench-RAG,1200000,1200000,ACORN,bridge,0.2,1,0.0,0.050394,0.963679,0.983059
LegalBench-RAG,1200000,1200000,ACORN,bridge,0.2,2,0.0,0.050065,0.966097,0.987887
LegalBench-RAG,1200000,1200000,ACORN,bridge,0.2,3,0.0,0.050971,0.960795,0.981343
LegalBench-RAG,1200000,1200000,ACORN,bridge,0.2,4,0.0,0.053724,0.96266,0.9816
LegalBench-RAG,1200000,1200000,ACORN,bridge,0.2,5,0.0,0.05236,0.958493,0.97668
LegalBench-RAG,1200000,1200000,ACORN,bridge,0.2,6,0.0,0.052733,0.965204,0.982692
LegalBench-RAG,1200000,1200000,ACORN,bridge,0.2,7,0.0,0.047795,0.96613,0.985663
LegalBench-RAG,1200000,1200000,ACORN,bridge,0.2,8,0.0,0.04637,0.961752,0.981413
LegalBench-RAG,1200000,1200000,ACORN,bridge,0.2,9,0.0,0.054983,0.960476,0.982124
LegalBench-RAG,1200000,1200000,HoneyBee,bridge,0.2,0,0.0,0.043873,0.965994,0.986971
LegalBench-RAG,1200000,1200000,HoneyBee,bridge,0.2,1,0.0,0.045457,0.959367,0.982629
LegalBench-RAG,1200000,1200000,HoneyBee,bridge,0.2,2,0.0,0.041109,0.967693,0.981775
LegalBench-RAG,1200000,1200000,HoneyBee,bridge,0.2,3,0.0,0.036256,0.963225,0.981898
LegalBench-RAG,1200000,1200000,HoneyBee,bridge,0.2,4,0.0,0.042708,0.963808,0.980607
LegalBench-RAG,1200000,1200000,HoneyBee,bridge,0.2,5,0.0,0.039939,0.959315,0.980626
LegalBench-RAG,1200000,1200000,HoneyBee,bridge,0.2,6,0.0,0.03981,0.963889,0.981434
LegalBench-RAG,1200000,1200000,HoneyBee,bridge,0.2,7,0.0,0.040042,0.962933,0.978195
LegalBench-RAG,1200000,1200000,HoneyBee,bridge,0.2,8,0.0,0.042617,0.962647,0.980037
LegalBench-RAG,1200000,1200000,HoneyBee,bridge,0.2,9,0.0,0.040728,0.965223,0.982796
LegalBench-RAG,1200000,1200000,SPFresh,bridge,0.2,0,0.0,0.080157,0.953519,0.981606
LegalBench-RAG,1200000,1200000,SPFresh,bridge,0.2,1,0.0,0.078905,0.952773,0.982555
LegalBench-RAG,1200000,1200000,SPFresh,bridge,0.2,2,0.0,0.069859,0.951451,0.979507
LegalBench-RAG,1200000,1200000,SPFresh,bridge,0.2,3,0.0,0.075772,0.954205,0.979719
LegalBench-RAG,1200000,1200000,SPFresh,bridge,0.2,4,0.0,0.079435,0.955046,0.980618
LegalBench-RAG,1200000,1200000,SPFresh,bridge,0.2,5,0.0,0.070426,0.95695,0.981456
LegalBench-RAG,1200000,1200000,SPFresh,bridge,0.2,6,0.0,0.074993,0.960798,0.986911
LegalBench-RAG,1200000,1200000,SPFresh,bridge,0.2,7,0.0,0.075088,0.955223,0.980706
LegalBench-RAG,1200000,1200000,SPFresh,bridge,0.2,8,0.0,0.078669,0.956756,0.981301
LegalBench-RAG,1200000,1200000,SPFresh,bridge,0.2,9,0.0,0.07859,0.957251,0.982833
LegalBench-RAG,1200000,1200000,Oracle,bridge,0.2,0,0.0,0.0,0.980684,0.980684
LegalBench-RAG,1200000,1200000,Oracle,bridge,0.2,1,0.0,0.0,0.979941,0.979941
LegalBench-RAG,1200000,1200000,Oracle,bridge,0.2,2,0.0,0.0,0.982537,0.982537
LegalBench-RAG,1200000,1200000,Oracle,bridge,0.2,3,0.0,0.0,0.982645,0.982645
LegalBench-RAG,1200000,1200000,Oracle,bridge,0.2,4,0.0,0.0,0.983495,0.983495
LegalBench-RAG,1200000,1200000,Oracle,bridge,0.2,5,0.0,0.0,0.984351,0.984351
LegalBench-RAG,1200000,1200000,Oracle,bridge,0.2,6,0.0,0.0,0.982492,0.982492
LegalBench-RAG,1200000,1200000,Oracle,bridge,0.2,7,0.0,0.0,0.978619,0.978619
LegalBench-RAG,1200000,1200000,Oracle,bridge,0.2,8,0.0,0.0,0.985325,0.985325
LegalBench-RAG,1200000,1200000,Oracle,bridge,0.2,9,0.0,0.0,0.981527,0.981527
LegalBench-RAG,1200000,1200000,Tombstone,bridge,0.3,0,0.0,0.16305,0.93996,0.980517
LegalBench-RAG,1200000,1200000,Tombstone,bridge,0.3,1,0.0,0.165161,0.941116,0.982438
LegalBench-RAG,1200000,1200000,Tombstone,bridge,0.3,2,0.0,0.159677,0.941447,0.981523
LegalBench-RAG,1200000,1200000,Tombstone,bridge,0.3,3,0.0,0.166614,0.946661,0.982652
LegalBench-RAG,1200000,1200000,Tombstone,bridge,0.3,4,0.0,0.160528,0.943317,0.981794
LegalBench-RAG,1200000,1200000,Tombstone,bridge,0.3,5,0.0,0.169546,0.941275,0.980407
LegalBench-RAG,1200000,1200000,Tombstone,bridge,0.3,6,0.0,0.160894,0.942273,0.984951
LegalBench-RAG,1200000,1200000,Tombstone,bridge,0.3,7,0.0,0.165681,0.940173,0.98153
LegalBench-RAG,1200000,1200000,Tombstone,bridge,0.3,8,0.0,0.163192,0.941844,0.980137
LegalBench-RAG,1200000,1200000,Tombstone,bridge,0.3,9,0.0,0.158321,0.939908,0.982492
LegalBench-RAG,1200000,1200000,Post-filter,bridge,0.3,0,0.0,0.178213,0.938596,0.983336
LegalBench-RAG,1200000,1200000,Post-filter,bridge,0.3,1,0.0,0.177235,0.935984,0.979922
LegalBench-RAG,1200000,1200000,Post-filter,bridge,0.3,2,0.0,0.1722,0.931561,0.979511
LegalBench-RAG,1200000,1200000,Post-filter,bridge,0.3,3,0.0,0.174698,0.936654,0.982789
LegalBench-RAG,1200000,1200000,Post-filter,bridge,0.3,4,0.0,0.175377,0.933592,0.979708
LegalBench-RAG,1200000,1200000,Post-filter,bridge,0.3,5,0.0,0.17968,0.937733,0.982745
LegalBench-RAG,1200000,1200000,Post-filter,bridge,0.3,6,0.0,0.180862,0.936999,0.982545
LegalBench-RAG,1200000,1200000,Post-filter,bridge,0.3,7,0.0,0.171259,0.938758,0.983021
LegalBench-RAG,1200000,1200000,Post-filter,bridge,0.3,8,0.0,0.175397,0.93747,0.982294
LegalBench-RAG,1200000,1200000,Post-filter,bridge,0.3,9,0.0,0.174263,0.937278,0.981071
LegalBench-RAG,1200000,1200000,Lethe,bridge,0.3,0,0.0,0.011258,0.981867,0.984389
LegalBench-RAG,1200000,1200000,Lethe,bridge,0.3,1,0.0,0.009015,0.977942,0.985142
LegalBench-RAG,1200000,1200000,Lethe,bridge,0.3,2,0.0,0.01127,0.981918,0.982673
LegalBench-RAG,1200000,1200000,Lethe,bridge,0.3,3,0.0,0.004561,0.975798,0.980871
LegalBench-RAG,1200000,1200000,Lethe,bridge,0.3,4,0.0,0.010813,0.976661,0.980931
LegalBench-RAG,1200000,1200000,Lethe,bridge,0.3,5,0.0,0.001987,0.977942,0.982992
LegalBench-RAG,1200000,1200000,Lethe,bridge,0.3,6,0.0,0.007799,0.977882,0.980872
LegalBench-RAG,1200000,1200000,Lethe,bridge,0.3,7,0.0,0.010796,0.977956,0.983194
LegalBench-RAG,1200000,1200000,Lethe,bridge,0.3,8,0.0,0.006527,0.983145,0.984474
LegalBench-RAG,1200000,1200000,Lethe,bridge,0.3,9,0.0,0.008532,0.980462,0.983946
LegalBench-RAG,1200000,1200000,Lethe-no-bypass,bridge,0.3,0,0.0,0.050792,0.92321,0.979264
LegalBench-RAG,1200000,1200000,Lethe-no-bypass,bridge,0.3,1,0.0,0.054974,0.922617,0.979841
LegalBench-RAG,1200000,1200000,Lethe-no-bypass,bridge,0.3,2,0.0,0.055609,0.928149,0.984232
LegalBench-RAG,1200000,1200000,Lethe-no-bypass,bridge,0.3,3,0.0,0.050178,0.931307,0.985668
LegalBench-RAG,1200000,1200000,Lethe-no-bypass,bridge,0.3,4,0.0,0.045189,0.927533,0.983595
LegalBench-RAG,1200000,1200000,Lethe-no-bypass,bridge,0.3,5,0.0,0.052275,0.927672,0.983141
LegalBench-RAG,1200000,1200000,Lethe-no-bypass,bridge,0.3,6,0.0,0.054983,0.927358,0.984605
LegalBench-RAG,1200000,1200000,Lethe-no-bypass,bridge,0.3,7,0.0,0.053125,0.925642,0.98223
LegalBench-RAG,1200000,1200000,Lethe-no-bypass,bridge,0.3,8,0.0,0.053881,0.930464,0.982341
LegalBench-RAG,1200000,1200000,Lethe-no-bypass,bridge,0.3,9,0.0,0.053141,0.92384,0.981384
LegalBench-RAG,1200000,1200000,Lethe-no-revaware-traversal,bridge,0.3,0,0.0,0.158661,0.956004,0.978357
LegalBench-RAG,1200000,1200000,Lethe-no-revaware-traversal,bridge,0.3,1,0.0,0.158478,0.959328,0.983065
LegalBench-RAG,1200000,1200000,Lethe-no-revaware-traversal,bridge,0.3,2,0.0,0.151982,0.957864,0.983387
LegalBench-RAG,1200000,1200000,Lethe-no-revaware-traversal,bridge,0.3,3,0.0,0.148222,0.952599,0.98303
LegalBench-RAG,1200000,1200000,Lethe-no-revaware-traversal,bridge,0.3,4,0.0,0.149635,0.956511,0.981333
LegalBench-RAG,1200000,1200000,Lethe-no-revaware-traversal,bridge,0.3,5,0.0,0.146786,0.957971,0.982813
LegalBench-RAG,1200000,1200000,Lethe-no-revaware-traversal,bridge,0.3,6,0.0,0.154873,0.955435,0.981201
LegalBench-RAG,1200000,1200000,Lethe-no-revaware-traversal,bridge,0.3,7,0.0,0.150793,0.955562,0.980153
LegalBench-RAG,1200000,1200000,Lethe-no-revaware-traversal,bridge,0.3,8,0.0,0.152131,0.954977,0.980212
LegalBench-RAG,1200000,1200000,Lethe-no-revaware-traversal,bridge,0.3,9,0.0,0.152396,0.956672,0.981882
LegalBench-RAG,1200000,1200000,Physical-delete,bridge,0.3,0,0.0,0.033966,0.944286,0.979273
LegalBench-RAG,1200000,1200000,Physical-delete,bridge,0.3,1,0.0,0.037441,0.946338,0.982818
LegalBench-RAG,1200000,1200000,Physical-delete,bridge,0.3,2,0.0,0.035776,0.946678,0.983436
LegalBench-RAG,1200000,1200000,Physical-delete,bridge,0.3,3,0.0,0.042363,0.942868,0.979984
LegalBench-RAG,1200000,1200000,Physical-delete,bridge,0.3,4,0.0,0.03028,0.94229,0.981241
LegalBench-RAG,1200000,1200000,Physical-delete,bridge,0.3,5,0.0,0.038706,0.949482,0.985544
LegalBench-RAG,1200000,1200000,Physical-delete,bridge,0.3,6,0.0,0.03873,0.950659,0.986185
LegalBench-RAG,1200000,1200000,Physical-delete,bridge,0.3,7,0.0,0.033435,0.942579,0.982028
LegalBench-RAG,1200000,1200000,Physical-delete,bridge,0.3,8,0.0,0.037444,0.944876,0.982458
LegalBench-RAG,1200000,1200000,Physical-delete,bridge,0.3,9,0.0,0.032508,0.947733,0.981687
LegalBench-RAG,1200000,1200000,Periodic-rebuild,bridge,0.3,0,0.0,0.081204,0.964624,0.984133
LegalBench-RAG,1200000,1200000,Periodic-rebuild,bridge,0.3,1,0.0,0.076325,0.962274,0.981912
LegalBench-RAG,1200000,1200000,Periodic-rebuild,bridge,0.3,2,0.0,0.074194,0.964411,0.980055
LegalBench-RAG,1200000,1200000,Periodic-rebuild,bridge,0.3,3,0.0,0.075994,0.962063,0.98306
LegalBench-RAG,1200000,1200000,Periodic-rebuild,bridge,0.3,4,0.0,0.080389,0.964024,0.983486
LegalBench-RAG,1200000,1200000,Periodic-rebuild,bridge,0.3,5,0.0,0.080355,0.961193,0.980153
LegalBench-RAG,1200000,1200000,Periodic-rebuild,bridge,0.3,6,0.0,0.078083,0.960524,0.982176
LegalBench-RAG,1200000,1200000,Periodic-rebuild,bridge,0.3,7,0.0,0.080572,0.966914,0.982607
LegalBench-RAG,1200000,1200000,Periodic-rebuild,bridge,0.3,8,0.0,0.083391,0.961229,0.981736
LegalBench-RAG,1200000,1200000,Periodic-rebuild,bridge,0.3,9,0.0,0.077178,0.965758,0.980265
LegalBench-RAG,1200000,1200000,Per-role-index,bridge,0.3,0,0.0,0.006496,0.97602,0.981486
LegalBench-RAG,1200000,1200000,Per-role-index,bridge,0.3,1,0.0,0.00359,0.977439,0.981281
LegalBench-RAG,1200000,1200000,Per-role-index,bridge,0.3,2,0.0,0.006371,0.974669,0.982893
LegalBench-RAG,1200000,1200000,Per-role-index,bridge,0.3,3,0.0,0.009316,0.976204,0.983229
LegalBench-RAG,1200000,1200000,Per-role-index,bridge,0.3,4,0.0,0.001166,0.98105,0.981945
LegalBench-RAG,1200000,1200000,Per-role-index,bridge,0.3,5,0.0,0.003028,0.975421,0.981485
LegalBench-RAG,1200000,1200000,Per-role-index,bridge,0.3,6,0.0,0.005113,0.984673,0.986251
LegalBench-RAG,1200000,1200000,Per-role-index,bridge,0.3,7,0.0,0.008646,0.977337,0.980834
LegalBench-RAG,1200000,1200000,Per-role-index,bridge,0.3,8,0.0,0.000878,0.978729,0.982403
LegalBench-RAG,1200000,1200000,Per-role-index,bridge,0.3,9,0.0,0.0,0.978344,0.981234
LegalBench-RAG,1200000,1200000,ACORN,bridge,0.3,0,0.0,0.071631,0.959983,0.980459
LegalBench-RAG,1200000,1200000,ACORN,bridge,0.3,1,0.0,0.071555,0.957082,0.981986
LegalBench-RAG,1200000,1200000,ACORN,bridge,0.3,2,0.0,0.066833,0.961017,0.981923
LegalBench-RAG,1200000,1200000,ACORN,bridge,0.3,3,0.0,0.067626,0.961269,0.98375
LegalBench-RAG,1200000,1200000,ACORN,bridge,0.3,4,0.0,0.064943,0.962028,0.980918
LegalBench-RAG,1200000,1200000,ACORN,bridge,0.3,5,0.0,0.064391,0.962864,0.983473
LegalBench-RAG,1200000,1200000,ACORN,bridge,0.3,6,0.0,0.066362,0.960602,0.982607
LegalBench-RAG,1200000,1200000,ACORN,bridge,0.3,7,0.0,0.067809,0.963707,0.981214
LegalBench-RAG,1200000,1200000,ACORN,bridge,0.3,8,0.0,0.072264,0.962765,0.984085
LegalBench-RAG,1200000,1200000,ACORN,bridge,0.3,9,0.0,0.069008,0.964051,0.983532
LegalBench-RAG,1200000,1200000,HoneyBee,bridge,0.3,0,0.0,0.05825,0.963091,0.984659
LegalBench-RAG,1200000,1200000,HoneyBee,bridge,0.3,1,0.0,0.055471,0.966734,0.982909
LegalBench-RAG,1200000,1200000,HoneyBee,bridge,0.3,2,0.0,0.058611,0.966029,0.983203
LegalBench-RAG,1200000,1200000,HoneyBee,bridge,0.3,3,0.0,0.057286,0.964487,0.981017
LegalBench-RAG,1200000,1200000,HoneyBee,bridge,0.3,4,0.0,0.055195,0.966252,0.983805
LegalBench-RAG,1200000,1200000,HoneyBee,bridge,0.3,5,0.0,0.060642,0.969278,0.988612
LegalBench-RAG,1200000,1200000,HoneyBee,bridge,0.3,6,0.0,0.059583,0.95641,0.977526
LegalBench-RAG,1200000,1200000,HoneyBee,bridge,0.3,7,0.0,0.058864,0.963459,0.982158
LegalBench-RAG,1200000,1200000,HoneyBee,bridge,0.3,8,0.0,0.062236,0.966551,0.981661
LegalBench-RAG,1200000,1200000,HoneyBee,bridge,0.3,9,0.0,0.054386,0.965055,0.983215
LegalBench-RAG,1200000,1200000,SPFresh,bridge,0.3,0,0.0,0.095083,0.951193,0.979408
LegalBench-RAG,1200000,1200000,SPFresh,bridge,0.3,1,0.0,0.101623,0.95615,0.981752
LegalBench-RAG,1200000,1200000,SPFresh,bridge,0.3,2,0.0,0.099677,0.951143,0.980507
LegalBench-RAG,1200000,1200000,SPFresh,bridge,0.3,3,0.0,0.098742,0.953166,0.98179
LegalBench-RAG,1200000,1200000,SPFresh,bridge,0.3,4,0.0,0.099753,0.956717,0.982672
LegalBench-RAG,1200000,1200000,SPFresh,bridge,0.3,5,0.0,0.104353,0.952146,0.981689
LegalBench-RAG,1200000,1200000,SPFresh,bridge,0.3,6,0.0,0.101222,0.958249,0.984266
LegalBench-RAG,1200000,1200000,SPFresh,bridge,0.3,7,0.0,0.105346,0.959181,0.983295
LegalBench-RAG,1200000,1200000,SPFresh,bridge,0.3,8,0.0,0.106454,0.956548,0.981922
LegalBench-RAG,1200000,1200000,SPFresh,bridge,0.3,9,0.0,0.09612,0.952203,0.98093
LegalBench-RAG,1200000,1200000,Oracle,bridge,0.3,0,0.0,0.0,0.982569,0.982569
LegalBench-RAG,1200000,1200000,Oracle,bridge,0.3,1,0.0,0.0,0.981612,0.981612
LegalBench-RAG,1200000,1200000,Oracle,bridge,0.3,2,0.0,0.0,0.981859,0.981859
LegalBench-RAG,1200000,1200000,Oracle,bridge,0.3,3,0.0,0.0,0.985125,0.985125
LegalBench-RAG,1200000,1200000,Oracle,bridge,0.3,4,0.0,0.0,0.981311,0.981311
LegalBench-RAG,1200000,1200000,Oracle,bridge,0.3,5,0.0,0.0,0.982347,0.982347
LegalBench-RAG,1200000,1200000,Oracle,bridge,0.3,6,0.0,0.0,0.981502,0.981502
LegalBench-RAG,1200000,1200000,Oracle,bridge,0.3,7,0.0,0.0,0.981215,0.981215
LegalBench-RAG,1200000,1200000,Oracle,bridge,0.3,8,0.0,0.0,0.980655,0.980655
LegalBench-RAG,1200000,1200000,Oracle,bridge,0.3,9,0.0,0.0,0.979853,0.979853
LegalBench-RAG,1200000,1200000,Tombstone,bridge,0.4,0,0.0,0.201563,0.942302,0.981971
LegalBench-RAG,1200000,1200000,Tombstone,bridge,0.4,1,0.0,0.203556,0.944443,0.986154
LegalBench-RAG,1200000,1200000,Tombstone,bridge,0.4,2,0.0,0.199582,0.943256,0.980304
LegalBench-RAG,1200000,1200000,Tombstone,bridge,0.4,3,0.0,0.210901,0.937987,0.981636
LegalBench-RAG,1200000,1200000,Tombstone,bridge,0.4,4,0.0,0.202249,0.932295,0.979984
LegalBench-RAG,1200000,1200000,Tombstone,bridge,0.4,5,0.0,0.203887,0.93882,0.982241
LegalBench-RAG,1200000,1200000,Tombstone,bridge,0.4,6,0.0,0.208342,0.943166,0.983693
LegalBench-RAG,1200000,1200000,Tombstone,bridge,0.4,7,0.0,0.21046,0.94328,0.981318
LegalBench-RAG,1200000,1200000,Tombstone,bridge,0.4,8,0.0,0.198994,0.942331,0.982863
LegalBench-RAG,1200000,1200000,Tombstone,bridge,0.4,9,0.0,0.207282,0.943469,0.983246
LegalBench-RAG,1200000,1200000,Post-filter,bridge,0.4,0,0.0,0.221454,0.935599,0.981354
LegalBench-RAG,1200000,1200000,Post-filter,bridge,0.4,1,0.0,0.218821,0.936769,0.980637
LegalBench-RAG,1200000,1200000,Post-filter,bridge,0.4,2,0.0,0.216992,0.939672,0.982816
LegalBench-RAG,1200000,1200000,Post-filter,bridge,0.4,3,0.0,0.219911,0.937612,0.984182
LegalBench-RAG,1200000,1200000,Post-filter,bridge,0.4,4,0.0,0.223728,0.933751,0.982042
LegalBench-RAG,1200000,1200000,Post-filter,bridge,0.4,5,0.0,0.217757,0.941078,0.983617
LegalBench-RAG,1200000,1200000,Post-filter,bridge,0.4,6,0.0,0.217565,0.937343,0.982633
LegalBench-RAG,1200000,1200000,Post-filter,bridge,0.4,7,0.0,0.219085,0.934886,0.980118
LegalBench-RAG,1200000,1200000,Post-filter,bridge,0.4,8,0.0,0.217215,0.936967,0.980593
LegalBench-RAG,1200000,1200000,Post-filter,bridge,0.4,9,0.0,0.214434,0.933136,0.979985
LegalBench-RAG,1200000,1200000,Lethe,bridge,0.4,0,0.0,0.005952,0.973018,0.982088
LegalBench-RAG,1200000,1200000,Lethe,bridge,0.4,1,0.0,0.011879,0.974765,0.981532
LegalBench-RAG,1200000,1200000,Lethe,bridge,0.4,2,0.0,0.012027,0.974825,0.97976
LegalBench-RAG,1200000,1200000,Lethe,bridge,0.4,3,0.0,0.010486,0.977085,0.983896
LegalBench-RAG,1200000,1200000,Lethe,bridge,0.4,4,0.0,0.012315,0.975009,0.981781
LegalBench-RAG,1200000,1200000,Lethe,bridge,0.4,5,0.0,0.009193,0.979111,0.98442
LegalBench-RAG,1200000,1200000,Lethe,bridge,0.4,6,0.0,0.005979,0.980654,0.983988
LegalBench-RAG,1200000,1200000,Lethe,bridge,0.4,7,0.0,0.002955,0.973448,0.978811
LegalBench-RAG,1200000,1200000,Lethe,bridge,0.4,8,0.0,0.00814,0.977055,0.980278
LegalBench-RAG,1200000,1200000,Lethe,bridge,0.4,9,0.0,0.008595,0.977721,0.980925
LegalBench-RAG,1200000,1200000,Lethe-no-bypass,bridge,0.4,0,0.0,0.07303,0.928806,0.981385
LegalBench-RAG,1200000,1200000,Lethe-no-bypass,bridge,0.4,1,0.0,0.066834,0.92426,0.980893
LegalBench-RAG,1200000,1200000,Lethe-no-bypass,bridge,0.4,2,0.0,0.07097,0.924319,0.981991
LegalBench-RAG,1200000,1200000,Lethe-no-bypass,bridge,0.4,3,0.0,0.067648,0.924164,0.982594
LegalBench-RAG,1200000,1200000,Lethe-no-bypass,bridge,0.4,4,0.0,0.070996,0.926593,0.98088
LegalBench-RAG,1200000,1200000,Lethe-no-bypass,bridge,0.4,5,0.0,0.072962,0.930058,0.983943
LegalBench-RAG,1200000,1200000,Lethe-no-bypass,bridge,0.4,6,0.0,0.071157,0.92533,0.980825
LegalBench-RAG,1200000,1200000,Lethe-no-bypass,bridge,0.4,7,0.0,0.071056,0.923566,0.982419
LegalBench-RAG,1200000,1200000,Lethe-no-bypass,bridge,0.4,8,0.0,0.066512,0.923905,0.979992
LegalBench-RAG,1200000,1200000,Lethe-no-bypass,bridge,0.4,9,0.0,0.068193,0.91829,0.976351
LegalBench-RAG,1200000,1200000,Lethe-no-revaware-traversal,bridge,0.4,0,0.0,0.19301,0.951329,0.979202
LegalBench-RAG,1200000,1200000,Lethe-no-revaware-traversal,bridge,0.4,1,0.0,0.189672,0.956496,0.984123
LegalBench-RAG,1200000,1200000,Lethe-no-revaware-traversal,bridge,0.4,2,0.0,0.189642,0.955827,0.984062
LegalBench-RAG,1200000,1200000,Lethe-no-revaware-traversal,bridge,0.4,3,0.0,0.193577,0.955844,0.984144
LegalBench-RAG,1200000,1200000,Lethe-no-revaware-traversal,bridge,0.4,4,0.0,0.190545,0.953,0.982321
LegalBench-RAG,1200000,1200000,Lethe-no-revaware-traversal,bridge,0.4,5,0.0,0.193926,0.956082,0.98471
LegalBench-RAG,1200000,1200000,Lethe-no-revaware-traversal,bridge,0.4,6,0.0,0.196223,0.951706,0.979796
LegalBench-RAG,1200000,1200000,Lethe-no-revaware-traversal,bridge,0.4,7,0.0,0.1935,0.962005,0.985339
LegalBench-RAG,1200000,1200000,Lethe-no-revaware-traversal,bridge,0.4,8,0.0,0.188259,0.958369,0.984917
LegalBench-RAG,1200000,1200000,Lethe-no-revaware-traversal,bridge,0.4,9,0.0,0.193246,0.954629,0.981917
LegalBench-RAG,1200000,1200000,Physical-delete,bridge,0.4,0,0.0,0.04509,0.944342,0.982774
LegalBench-RAG,1200000,1200000,Physical-delete,bridge,0.4,1,0.0,0.05023,0.944202,0.980672
LegalBench-RAG,1200000,1200000,Physical-delete,bridge,0.4,2,0.0,0.045815,0.947336,0.983535
LegalBench-RAG,1200000,1200000,Physical-delete,bridge,0.4,3,0.0,0.050608,0.944784,0.981003
LegalBench-RAG,1200000,1200000,Physical-delete,bridge,0.4,4,0.0,0.046167,0.948574,0.985168
LegalBench-RAG,1200000,1200000,Physical-delete,bridge,0.4,5,0.0,0.05075,0.94384,0.980112
LegalBench-RAG,1200000,1200000,Physical-delete,bridge,0.4,6,0.0,0.052217,0.945221,0.97962
LegalBench-RAG,1200000,1200000,Physical-delete,bridge,0.4,7,0.0,0.045646,0.948701,0.985954
LegalBench-RAG,1200000,1200000,Physical-delete,bridge,0.4,8,0.0,0.045143,0.94269,0.979811
LegalBench-RAG,1200000,1200000,Physical-delete,bridge,0.4,9,0.0,0.052515,0.944573,0.984304
LegalBench-RAG,1200000,1200000,Periodic-rebuild,bridge,0.4,0,0.0,0.099302,0.964935,0.984824
LegalBench-RAG,1200000,1200000,Periodic-rebuild,bridge,0.4,1,0.0,0.094672,0.964552,0.980537
LegalBench-RAG,1200000,1200000,Periodic-rebuild,bridge,0.4,2,0.0,0.096914,0.964344,0.984119
LegalBench-RAG,1200000,1200000,Periodic-rebuild,bridge,0.4,3,0.0,0.095358,0.966066,0.983233
LegalBench-RAG,1200000,1200000,Periodic-rebuild,bridge,0.4,4,0.0,0.098998,0.965148,0.983672
LegalBench-RAG,1200000,1200000,Periodic-rebuild,bridge,0.4,5,0.0,0.089287,0.96433,0.978952
LegalBench-RAG,1200000,1200000,Periodic-rebuild,bridge,0.4,6,0.0,0.096441,0.966822,0.982605
LegalBench-RAG,1200000,1200000,Periodic-rebuild,bridge,0.4,7,0.0,0.097377,0.960646,0.979958
LegalBench-RAG,1200000,1200000,Periodic-rebuild,bridge,0.4,8,0.0,0.096226,0.967248,0.980788
LegalBench-RAG,1200000,1200000,Periodic-rebuild,bridge,0.4,9,0.0,0.092499,0.966281,0.982574
LegalBench-RAG,1200000,1200000,Per-role-index,bridge,0.4,0,0.0,0.006821,0.975155,0.979068
LegalBench-RAG,1200000,1200000,Per-role-index,bridge,0.4,1,0.0,0.006344,0.975191,0.980008
LegalBench-RAG,1200000,1200000,Per-role-index,bridge,0.4,2,0.0,0.009534,0.977967,0.982281
LegalBench-RAG,1200000,1200000,Per-role-index,bridge,0.4,3,0.0,0.006921,0.980358,0.982373
LegalBench-RAG,1200000,1200000,Per-role-index,bridge,0.4,4,0.0,0.00847,0.982277,0.985558
LegalBench-RAG,1200000,1200000,Per-role-index,bridge,0.4,5,0.0,0.001051,0.976345,0.979863
LegalBench-RAG,1200000,1200000,Per-role-index,bridge,0.4,6,0.0,0.002344,0.97249,0.978293
LegalBench-RAG,1200000,1200000,Per-role-index,bridge,0.4,7,0.0,0.007465,0.978141,0.984122
LegalBench-RAG,1200000,1200000,Per-role-index,bridge,0.4,8,0.0,0.007775,0.970521,0.977499
LegalBench-RAG,1200000,1200000,Per-role-index,bridge,0.4,9,0.0,0.008737,0.97809,0.97963
LegalBench-RAG,1200000,1200000,ACORN,bridge,0.4,0,0.0,0.082187,0.961386,0.980125
LegalBench-RAG,1200000,1200000,ACORN,bridge,0.4,1,0.0,0.082307,0.962178,0.979454
LegalBench-RAG,1200000,1200000,ACORN,bridge,0.4,2,0.0,0.081373,0.957136,0.983101
LegalBench-RAG,1200000,1200000,ACORN,bridge,0.4,3,0.0,0.083615,0.957861,0.979878
LegalBench-RAG,1200000,1200000,ACORN,bridge,0.4,4,0.0,0.081456,0.958662,0.980203
LegalBench-RAG,1200000,1200000,ACORN,bridge,0.4,5,0.0,0.088361,0.957417,0.979623
LegalBench-RAG,1200000,1200000,ACORN,bridge,0.4,6,0.0,0.084505,0.965935,0.985907
LegalBench-RAG,1200000,1200000,ACORN,bridge,0.4,7,0.0,0.083496,0.964763,0.983381
LegalBench-RAG,1200000,1200000,ACORN,bridge,0.4,8,0.0,0.08126,0.960136,0.9807
LegalBench-RAG,1200000,1200000,ACORN,bridge,0.4,9,0.0,0.084795,0.958199,0.97928
LegalBench-RAG,1200000,1200000,HoneyBee,bridge,0.4,0,0.0,0.071935,0.958379,0.980727
LegalBench-RAG,1200000,1200000,HoneyBee,bridge,0.4,1,0.0,0.066259,0.967605,0.983767
LegalBench-RAG,1200000,1200000,HoneyBee,bridge,0.4,2,0.0,0.066566,0.9648,0.982316
LegalBench-RAG,1200000,1200000,HoneyBee,bridge,0.4,3,0.0,0.077103,0.96322,0.982041
LegalBench-RAG,1200000,1200000,HoneyBee,bridge,0.4,4,0.0,0.073797,0.962456,0.981608
LegalBench-RAG,1200000,1200000,HoneyBee,bridge,0.4,5,0.0,0.07268,0.961496,0.979699
LegalBench-RAG,1200000,1200000,HoneyBee,bridge,0.4,6,0.0,0.071067,0.963034,0.983123
LegalBench-RAG,1200000,1200000,HoneyBee,bridge,0.4,7,0.0,0.07215,0.961843,0.981131
LegalBench-RAG,1200000,1200000,HoneyBee,bridge,0.4,8,0.0,0.072736,0.961831,0.983865
LegalBench-RAG,1200000,1200000,HoneyBee,bridge,0.4,9,0.0,0.066763,0.964973,0.983256
LegalBench-RAG,1200000,1200000,SPFresh,bridge,0.4,0,0.0,0.129934,0.951898,0.979368
LegalBench-RAG,1200000,1200000,SPFresh,bridge,0.4,1,0.0,0.127363,0.955328,0.981237
LegalBench-RAG,1200000,1200000,SPFresh,bridge,0.4,2,0.0,0.129426,0.955071,0.981894
LegalBench-RAG,1200000,1200000,SPFresh,bridge,0.4,3,0.0,0.128454,0.95388,0.978665
LegalBench-RAG,1200000,1200000,SPFresh,bridge,0.4,4,0.0,0.123111,0.956459,0.986568
LegalBench-RAG,1200000,1200000,SPFresh,bridge,0.4,5,0.0,0.130338,0.947994,0.979496
LegalBench-RAG,1200000,1200000,SPFresh,bridge,0.4,6,0.0,0.121547,0.953053,0.980547
LegalBench-RAG,1200000,1200000,SPFresh,bridge,0.4,7,0.0,0.12336,0.954336,0.980815
LegalBench-RAG,1200000,1200000,SPFresh,bridge,0.4,8,0.0,0.123192,0.950273,0.979781
LegalBench-RAG,1200000,1200000,SPFresh,bridge,0.4,9,0.0,0.124003,0.951897,0.979235
LegalBench-RAG,1200000,1200000,Oracle,bridge,0.4,0,0.0,0.0,0.981348,0.981348
LegalBench-RAG,1200000,1200000,Oracle,bridge,0.4,1,0.0,0.0,0.984725,0.984725
LegalBench-RAG,1200000,1200000,Oracle,bridge,0.4,2,0.0,0.0,0.984818,0.984818
LegalBench-RAG,1200000,1200000,Oracle,bridge,0.4,3,0.0,0.0,0.981055,0.981055
LegalBench-RAG,1200000,1200000,Oracle,bridge,0.4,4,0.0,0.0,0.979657,0.979657
LegalBench-RAG,1200000,1200000,Oracle,bridge,0.4,5,0.0,0.0,0.980175,0.980175
LegalBench-RAG,1200000,1200000,Oracle,bridge,0.4,6,0.0,0.0,0.982037,0.982037
LegalBench-RAG,1200000,1200000,Oracle,bridge,0.4,7,0.0,0.0,0.983952,0.983952
LegalBench-RAG,1200000,1200000,Oracle,bridge,0.4,8,0.0,0.0,0.980807,0.980807
LegalBench-RAG,1200000,1200000,Oracle,bridge,0.4,9,0.0,0.0,0.9849,0.9849
LegalBench-RAG,1200000,1200000,Tombstone,bridge,0.5,0,0.0,0.241175,0.936709,0.979305
LegalBench-RAG,1200000,1200000,Tombstone,bridge,0.5,1,0.0,0.250982,0.942533,0.981628
LegalBench-RAG,1200000,1200000,Tombstone,bridge,0.5,2,0.0,0.243999,0.939387,0.980126
LegalBench-RAG,1200000,1200000,Tombstone,bridge,0.5,3,0.0,0.244182,0.943062,0.981682
LegalBench-RAG,1200000,1200000,Tombstone,bridge,0.5,4,0.0,0.243307,0.939236,0.982934
LegalBench-RAG,1200000,1200000,Tombstone,bridge,0.5,5,0.0,0.243564,0.941189,0.982319
LegalBench-RAG,1200000,1200000,Tombstone,bridge,0.5,6,0.0,0.251429,0.941362,0.982399
LegalBench-RAG,1200000,1200000,Tombstone,bridge,0.5,7,0.0,0.241531,0.937862,0.980837
LegalBench-RAG,1200000,1200000,Tombstone,bridge,0.5,8,0.0,0.247194,0.942405,0.979909
LegalBench-RAG,1200000,1200000,Tombstone,bridge,0.5,9,0.0,0.246142,0.94553,0.983971
LegalBench-RAG,1200000,1200000,Post-filter,bridge,0.5,0,0.0,0.264271,0.93417,0.981521
LegalBench-RAG,1200000,1200000,Post-filter,bridge,0.5,1,0.0,0.262894,0.938712,0.982644
LegalBench-RAG,1200000,1200000,Post-filter,bridge,0.5,2,0.0,0.268033,0.936262,0.982229
LegalBench-RAG,1200000,1200000,Post-filter,bridge,0.5,3,0.0,0.267946,0.930983,0.979184
LegalBench-RAG,1200000,1200000,Post-filter,bridge,0.5,4,0.0,0.264816,0.937825,0.982482
LegalBench-RAG,1200000,1200000,Post-filter,bridge,0.5,5,0.0,0.26311,0.939285,0.982611
LegalBench-RAG,1200000,1200000,Post-filter,bridge,0.5,6,0.0,0.264088,0.93405,0.980331
LegalBench-RAG,1200000,1200000,Post-filter,bridge,0.5,7,0.0,0.26211,0.93226,0.978691
LegalBench-RAG,1200000,1200000,Post-filter,bridge,0.5,8,0.0,0.260605,0.939742,0.983634
LegalBench-RAG,1200000,1200000,Post-filter,bridge,0.5,9,0.0,0.268845,0.939453,0.985199
LegalBench-RAG,1200000,1200000,Lethe,bridge,0.5,0,0.0,0.016037,0.979317,0.982007
LegalBench-RAG,1200000,1200000,Lethe,bridge,0.5,1,0.0,0.014239,0.980658,0.98391
LegalBench-RAG,1200000,1200000,Lethe,bridge,0.5,2,0.0,0.015085,0.97707,0.98267
LegalBench-RAG,1200000,1200000,Lethe,bridge,0.5,3,0.0,0.004369,0.982624,0.986193
LegalBench-RAG,1200000,1200000,Lethe,bridge,0.5,4,0.0,0.011135,0.973225,0.977674
LegalBench-RAG,1200000,1200000,Lethe,bridge,0.5,5,0.0,0.010868,0.97935,0.984589
LegalBench-RAG,1200000,1200000,Lethe,bridge,0.5,6,0.0,0.013572,0.974321,0.97823
LegalBench-RAG,1200000,1200000,Lethe,bridge,0.5,7,0.0,0.015886,0.978093,0.98209
LegalBench-RAG,1200000,1200000,Lethe,bridge,0.5,8,0.0,0.018556,0.976248,0.981677
LegalBench-RAG,1200000,1200000,Lethe,bridge,0.5,9,0.0,0.015218,0.980706,0.982187
LegalBench-RAG,1200000,1200000,Lethe-no-bypass,bridge,0.5,0,0.0,0.081865,0.926823,0.981652
LegalBench-RAG,1200000,1200000,Lethe-no-bypass,bridge,0.5,1,0.0,0.082598,0.924561,0.984083
LegalBench-RAG,1200000,1200000,Lethe-no-bypass,bridge,0.5,2,0.0,0.084981,0.924204,0.983379
LegalBench-RAG,1200000,1200000,Lethe-no-bypass,bridge,0.5,3,0.0,0.080122,0.926588,0.979927
LegalBench-RAG,1200000,1200000,Lethe-no-bypass,bridge,0.5,4,0.0,0.079817,0.929916,0.981695
LegalBench-RAG,1200000,1200000,Lethe-no-bypass,bridge,0.5,5,0.0,0.085088,0.925164,0.98304
LegalBench-RAG,1200000,1200000,Lethe-no-bypass,bridge,0.5,6,0.0,0.081223,0.929502,0.980643
LegalBench-RAG,1200000,1200000,Lethe-no-bypass,bridge,0.5,7,0.0,0.077035,0.930073,0.983586
LegalBench-RAG,1200000,1200000,Lethe-no-bypass,bridge,0.5,8,0.0,0.082962,0.929526,0.980908
LegalBench-RAG,1200000,1200000,Lethe-no-bypass,bridge,0.5,9,0.0,0.079992,0.926732,0.980944
LegalBench-RAG,1200000,1200000,Lethe-no-revaware-traversal,bridge,0.5,0,0.0,0.223985,0.954006,0.981518
LegalBench-RAG,1200000,1200000,Lethe-no-revaware-traversal,bridge,0.5,1,0.0,0.221016,0.956373,0.98451
LegalBench-RAG,1200000,1200000,Lethe-no-revaware-traversal,bridge,0.5,2,0.0,0.228109,0.954036,0.978735
LegalBench-RAG,1200000,1200000,Lethe-no-revaware-traversal,bridge,0.5,3,0.0,0.22873,0.956936,0.98313
LegalBench-RAG,1200000,1200000,Lethe-no-revaware-traversal,bridge,0.5,4,0.0,0.232072,0.955889,0.980924
LegalBench-RAG,1200000,1200000,Lethe-no-revaware-traversal,bridge,0.5,5,0.0,0.2234,0.953232,0.982086
LegalBench-RAG,1200000,1200000,Lethe-no-revaware-traversal,bridge,0.5,6,0.0,0.22792,0.956234,0.981823
LegalBench-RAG,1200000,1200000,Lethe-no-revaware-traversal,bridge,0.5,7,0.0,0.221896,0.956072,0.98484
LegalBench-RAG,1200000,1200000,Lethe-no-revaware-traversal,bridge,0.5,8,0.0,0.228426,0.953968,0.980645
LegalBench-RAG,1200000,1200000,Lethe-no-revaware-traversal,bridge,0.5,9,0.0,0.224539,0.954465,0.982773
LegalBench-RAG,1200000,1200000,Physical-delete,bridge,0.5,0,0.0,0.059119,0.945938,0.981103
LegalBench-RAG,1200000,1200000,Physical-delete,bridge,0.5,1,0.0,0.057804,0.946509,0.985503
LegalBench-RAG,1200000,1200000,Physical-delete,bridge,0.5,2,0.0,0.057513,0.947912,0.984838
LegalBench-RAG,1200000,1200000,Physical-delete,bridge,0.5,3,0.0,0.057011,0.947435,0.981929
LegalBench-RAG,1200000,1200000,Physical-delete,bridge,0.5,4,0.0,0.05662,0.945048,0.983915
LegalBench-RAG,1200000,1200000,Physical-delete,bridge,0.5,5,0.0,0.058362,0.942541,0.980574
LegalBench-RAG,1200000,1200000,Physical-delete,bridge,0.5,6,0.0,0.061521,0.943624,0.980735
LegalBench-RAG,1200000,1200000,Physical-delete,bridge,0.5,7,0.0,0.056757,0.945303,0.983328
LegalBench-RAG,1200000,1200000,Physical-delete,bridge,0.5,8,0.0,0.060542,0.943074,0.979979
LegalBench-RAG,1200000,1200000,Physical-delete,bridge,0.5,9,0.0,0.063131,0.949668,0.984648
LegalBench-RAG,1200000,1200000,Periodic-rebuild,bridge,0.5,0,0.0,0.114084,0.959619,0.981988
LegalBench-RAG,1200000,1200000,Periodic-rebuild,bridge,0.5,1,0.0,0.124248,0.964546,0.982709
LegalBench-RAG,1200000,1200000,Periodic-rebuild,bridge,0.5,2,0.0,0.119691,0.965033,0.984122
LegalBench-RAG,1200000,1200000,Periodic-rebuild,bridge,0.5,3,0.0,0.112475,0.964838,0.982977
LegalBench-RAG,1200000,1200000,Periodic-rebuild,bridge,0.5,4,0.0,0.11344,0.961015,0.980686
LegalBench-RAG,1200000,1200000,Periodic-rebuild,bridge,0.5,5,0.0,0.111284,0.966314,0.982578
LegalBench-RAG,1200000,1200000,Periodic-rebuild,bridge,0.5,6,0.0,0.123504,0.964145,0.983651
LegalBench-RAG,1200000,1200000,Periodic-rebuild,bridge,0.5,7,0.0,0.120645,0.962574,0.98151
LegalBench-RAG,1200000,1200000,Periodic-rebuild,bridge,0.5,8,0.0,0.120215,0.964666,0.98305
LegalBench-RAG,1200000,1200000,Periodic-rebuild,bridge,0.5,9,0.0,0.115474,0.965843,0.985489
LegalBench-RAG,1200000,1200000,Per-role-index,bridge,0.5,0,0.0,0.011009,0.974933,0.979751
LegalBench-RAG,1200000,1200000,Per-role-index,bridge,0.5,1,0.0,0.00599,0.979422,0.982096
LegalBench-RAG,1200000,1200000,Per-role-index,bridge,0.5,2,0.0,0.00735,0.982046,0.982146
LegalBench-RAG,1200000,1200000,Per-role-index,bridge,0.5,3,0.0,0.009217,0.978059,0.981763
LegalBench-RAG,1200000,1200000,Per-role-index,bridge,0.5,4,0.0,0.013119,0.976637,0.981246
LegalBench-RAG,1200000,1200000,Per-role-index,bridge,0.5,5,0.0,0.007658,0.978967,0.984888
LegalBench-RAG,1200000,1200000,Per-role-index,bridge,0.5,6,0.0,0.005237,0.980723,0.983206
LegalBench-RAG,1200000,1200000,Per-role-index,bridge,0.5,7,0.0,0.008317,0.980309,0.983441
LegalBench-RAG,1200000,1200000,Per-role-index,bridge,0.5,8,0.0,0.011908,0.975158,0.978258
LegalBench-RAG,1200000,1200000,Per-role-index,bridge,0.5,9,0.0,0.009999,0.977279,0.981976
LegalBench-RAG,1200000,1200000,ACORN,bridge,0.5,0,0.0,0.107841,0.961601,0.981723
LegalBench-RAG,1200000,1200000,ACORN,bridge,0.5,1,0.0,0.105488,0.962593,0.981825
LegalBench-RAG,1200000,1200000,ACORN,bridge,0.5,2,0.0,0.103567,0.959443,0.978945
LegalBench-RAG,1200000,1200000,ACORN,bridge,0.5,3,0.0,0.097573,0.959351,0.981278
LegalBench-RAG,1200000,1200000,ACORN,bridge,0.5,4,0.0,0.099637,0.958628,0.980967
LegalBench-RAG,1200000,1200000,ACORN,bridge,0.5,5,0.0,0.103731,0.962288,0.982303
LegalBench-RAG,1200000,1200000,ACORN,bridge,0.5,6,0.0,0.101512,0.960455,0.987088
LegalBench-RAG,1200000,1200000,ACORN,bridge,0.5,7,0.0,0.099706,0.960855,0.982276
LegalBench-RAG,1200000,1200000,ACORN,bridge,0.5,8,0.0,0.101624,0.963817,0.985635
LegalBench-RAG,1200000,1200000,ACORN,bridge,0.5,9,0.0,0.105823,0.962542,0.980904
LegalBench-RAG,1200000,1200000,HoneyBee,bridge,0.5,0,0.0,0.084184,0.962966,0.981386
LegalBench-RAG,1200000,1200000,HoneyBee,bridge,0.5,1,0.0,0.080944,0.963815,0.979494
LegalBench-RAG,1200000,1200000,HoneyBee,bridge,0.5,2,0.0,0.080876,0.96031,0.97953
LegalBench-RAG,1200000,1200000,HoneyBee,bridge,0.5,3,0.0,0.084202,0.961405,0.98264
LegalBench-RAG,1200000,1200000,HoneyBee,bridge,0.5,4,0.0,0.088395,0.959077,0.980953
LegalBench-RAG,1200000,1200000,HoneyBee,bridge,0.5,5,0.0,0.086666,0.963999,0.982319
LegalBench-RAG,1200000,1200000,HoneyBee,bridge,0.5,6,0.0,0.08772,0.962429,0.980111
LegalBench-RAG,1200000,1200000,HoneyBee,bridge,0.5,7,0.0,0.080959,0.962485,0.981637
LegalBench-RAG,1200000,1200000,HoneyBee,bridge,0.5,8,0.0,0.084946,0.959696,0.98015
LegalBench-RAG,1200000,1200000,HoneyBee,bridge,0.5,9,0.0,0.085729,0.964611,0.982494
LegalBench-RAG,1200000,1200000,SPFresh,bridge,0.5,0,0.0,0.158179,0.95313,0.98138
LegalBench-RAG,1200000,1200000,SPFresh,bridge,0.5,1,0.0,0.147777,0.948381,0.978914
LegalBench-RAG,1200000,1200000,SPFresh,bridge,0.5,2,0.0,0.159071,0.953505,0.980386
LegalBench-RAG,1200000,1200000,SPFresh,bridge,0.5,3,0.0,0.154157,0.956983,0.983112
LegalBench-RAG,1200000,1200000,SPFresh,bridge,0.5,4,0.0,0.146033,0.955373,0.981939
LegalBench-RAG,1200000,1200000,SPFresh,bridge,0.5,5,0.0,0.151597,0.953262,0.980795
LegalBench-RAG,1200000,1200000,SPFresh,bridge,0.5,6,0.0,0.151289,0.951252,0.979595
LegalBench-RAG,1200000,1200000,SPFresh,bridge,0.5,7,0.0,0.151506,0.95669,0.981636
LegalBench-RAG,1200000,1200000,SPFresh,bridge,0.5,8,0.0,0.152526,0.948404,0.978914
LegalBench-RAG,1200000,1200000,SPFresh,bridge,0.5,9,0.0,0.150905,0.956177,0.983917
LegalBench-RAG,1200000,1200000,Oracle,bridge,0.5,0,0.0,0.0,0.979223,0.979223
LegalBench-RAG,1200000,1200000,Oracle,bridge,0.5,1,0.0,0.0,0.980854,0.980854
LegalBench-RAG,1200000,1200000,Oracle,bridge,0.5,2,0.0,0.0,0.984778,0.984778
LegalBench-RAG,1200000,1200000,Oracle,bridge,0.5,3,0.0,0.0,0.980036,0.980036
LegalBench-RAG,1200000,1200000,Oracle,bridge,0.5,4,0.0,0.0,0.978574,0.978574
LegalBench-RAG,1200000,1200000,Oracle,bridge,0.5,5,0.0,0.0,0.984361,0.984361
LegalBench-RAG,1200000,1200000,Oracle,bridge,0.5,6,0.0,0.0,0.978488,0.978488
LegalBench-RAG,1200000,1200000,Oracle,bridge,0.5,7,0.0,0.0,0.983051,0.983051
LegalBench-RAG,1200000,1200000,Oracle,bridge,0.5,8,0.0,0.0,0.980979,0.980979
LegalBench-RAG,1200000,1200000,Oracle,bridge,0.5,9,0.0,0.0,0.981634,0.981634
MS-MARCO-RBAC,8000000,8000000,Tombstone,random,0.0,0,0.0,0.0,0.941151,0.98108
MS-MARCO-RBAC,8000000,8000000,Tombstone,random,0.0,1,0.0,0.0,0.939145,0.97824
MS-MARCO-RBAC,8000000,8000000,Tombstone,random,0.0,2,0.0,0.0,0.939861,0.980332
MS-MARCO-RBAC,8000000,8000000,Tombstone,random,0.0,3,0.0,0.0,0.935779,0.973901
MS-MARCO-RBAC,8000000,8000000,Tombstone,random,0.0,4,0.0,0.0,0.939681,0.976693
MS-MARCO-RBAC,8000000,8000000,Tombstone,random,0.0,5,0.0,0.0,0.939483,0.977629
MS-MARCO-RBAC,8000000,8000000,Tombstone,random,0.0,6,0.0,0.0,0.942105,0.979247
MS-MARCO-RBAC,8000000,8000000,Tombstone,random,0.0,7,0.0,0.0,0.940216,0.979388
MS-MARCO-RBAC,8000000,8000000,Tombstone,random,0.0,8,0.0,0.0,0.939542,0.976891
MS-MARCO-RBAC,8000000,8000000,Tombstone,random,0.0,9,0.0,0.0,0.942484,0.980002
MS-MARCO-RBAC,8000000,8000000,Post-filter,random,0.0,0,0.0,0.0,0.93103,0.978418
MS-MARCO-RBAC,8000000,8000000,Post-filter,random,0.0,1,0.0,0.0,0.941654,0.983557
MS-MARCO-RBAC,8000000,8000000,Post-filter,random,0.0,2,0.0,0.0,0.930249,0.975414
MS-MARCO-RBAC,8000000,8000000,Post-filter,random,0.0,3,0.0,0.0,0.93521,0.977722
MS-MARCO-RBAC,8000000,8000000,Post-filter,random,0.0,4,0.0,0.0,0.93245,0.975492
MS-MARCO-RBAC,8000000,8000000,Post-filter,random,0.0,5,0.0,0.0,0.933904,0.976758
MS-MARCO-RBAC,8000000,8000000,Post-filter,random,0.0,6,0.0,0.0,0.933915,0.978358
MS-MARCO-RBAC,8000000,8000000,Post-filter,random,0.0,7,0.0,0.0,0.935148,0.977902
MS-MARCO-RBAC,8000000,8000000,Post-filter,random,0.0,8,0.0,0.0,0.933085,0.976762
MS-MARCO-RBAC,8000000,8000000,Post-filter,random,0.0,9,0.0,0.0,0.939061,0.979823
MS-MARCO-RBAC,8000000,8000000,Lethe,random,0.0,0,0.0,0.0,0.971339,0.976234
MS-MARCO-RBAC,8000000,8000000,Lethe,random,0.0,1,0.0,0.0,0.971813,0.975402
MS-MARCO-RBAC,8000000,8000000,Lethe,random,0.0,2,0.0,0.0,0.970543,0.975733
MS-MARCO-RBAC,8000000,8000000,Lethe,random,0.0,3,0.0,0.0,0.973909,0.979516
MS-MARCO-RBAC,8000000,8000000,Lethe,random,0.0,4,0.0,0.0,0.974108,0.978119
MS-MARCO-RBAC,8000000,8000000,Lethe,random,0.0,5,0.0,0.0,0.973009,0.977476
MS-MARCO-RBAC,8000000,8000000,Lethe,random,0.0,6,0.0,0.0,0.969689,0.974588
MS-MARCO-RBAC,8000000,8000000,Lethe,random,0.0,7,0.0,0.0,0.97139,0.975691
MS-MARCO-RBAC,8000000,8000000,Lethe,random,0.0,8,0.0,0.0,0.977331,0.979416
MS-MARCO-RBAC,8000000,8000000,Lethe,random,0.0,9,0.0,0.0,0.972941,0.977694
MS-MARCO-RBAC,8000000,8000000,Lethe-no-bypass,random,0.0,0,0.0,0.0,0.921063,0.97732
MS-MARCO-RBAC,8000000,8000000,Lethe-no-bypass,random,0.0,1,0.0,0.0,0.923565,0.977967
MS-MARCO-RBAC,8000000,8000000,Lethe-no-bypass,random,0.0,2,0.0,0.0,0.92002,0.975852
MS-MARCO-RBAC,8000000,8000000,Lethe-no-bypass,random,0.0,3,0.0,0.0,0.928236,0.983841
MS-MARCO-RBAC,8000000,8000000,Lethe-no-bypass,random,0.0,4,0.0,0.0,0.923179,0.976995
MS-MARCO-RBAC,8000000,8000000,Lethe-no-bypass,random,0.0,5,0.0,0.0,0.919978,0.976024
MS-MARCO-RBAC,8000000,8000000,Lethe-no-bypass,random,0.0,6,0.0,0.0,0.928108,0.980628
MS-MARCO-RBAC,8000000,8000000,Lethe-no-bypass,random,0.0,7,0.0,0.0,0.920055,0.975419
MS-MARCO-RBAC,8000000,8000000,Lethe-no-bypass,random,0.0,8,0.0,0.0,0.924111,0.98165
MS-MARCO-RBAC,8000000,8000000,Lethe-no-bypass,random,0.0,9,0.0,0.0,0.926187,0.979903
MS-MARCO-RBAC,8000000,8000000,Lethe-no-revaware-traversal,random,0.0,0,0.0,0.0,0.951291,0.974791
MS-MARCO-RBAC,8000000,8000000,Lethe-no-revaware-traversal,random,0.0,1,0.0,0.0,0.953423,0.978002
MS-MARCO-RBAC,8000000,8000000,Lethe-no-revaware-traversal,random,0.0,2,0.0,0.0,0.953136,0.977674
MS-MARCO-RBAC,8000000,8000000,Lethe-no-revaware-traversal,random,0.0,3,0.0,0.0,0.951756,0.978088
MS-MARCO-RBAC,8000000,8000000,Lethe-no-revaware-traversal,random,0.0,4,0.0,0.0,0.955686,0.977805
MS-MARCO-RBAC,8000000,8000000,Lethe-no-revaware-traversal,random,0.0,5,0.0,0.0,0.955103,0.976797
MS-MARCO-RBAC,8000000,8000000,Lethe-no-revaware-traversal,random,0.0,6,0.0,0.0,0.955097,0.975544
MS-MARCO-RBAC,8000000,8000000,Lethe-no-revaware-traversal,random,0.0,7,0.0,0.0,0.9531,0.977791
MS-MARCO-RBAC,8000000,8000000,Lethe-no-revaware-traversal,random,0.0,8,0.0,0.0,0.955929,0.97856
MS-MARCO-RBAC,8000000,8000000,Lethe-no-revaware-traversal,random,0.0,9,0.0,0.0,0.952235,0.978646
MS-MARCO-RBAC,8000000,8000000,Physical-delete,random,0.0,0,0.0,0.0,0.942334,0.97462
MS-MARCO-RBAC,8000000,8000000,Physical-delete,random,0.0,1,0.0,0.0,0.93951,0.97504
MS-MARCO-RBAC,8000000,8000000,Physical-delete,random,0.0,2,0.0,0.0,0.941607,0.978821
MS-MARCO-RBAC,8000000,8000000,Physical-delete,random,0.0,3,0.0,0.0,0.942441,0.978518
MS-MARCO-RBAC,8000000,8000000,Physical-delete,random,0.0,4,0.0,0.0,0.944198,0.977595
MS-MARCO-RBAC,8000000,8000000,Physical-delete,random,0.0,5,0.0,0.0,0.941837,0.977456
MS-MARCO-RBAC,8000000,8000000,Physical-delete,random,0.0,6,0.0,0.0,0.940295,0.975452
MS-MARCO-RBAC,8000000,8000000,Physical-delete,random,0.0,7,0.0,0.0,0.937426,0.977202
MS-MARCO-RBAC,8000000,8000000,Physical-delete,random,0.0,8,0.0,0.0,0.940334,0.976051
MS-MARCO-RBAC,8000000,8000000,Physical-delete,random,0.0,9,0.0,0.0,0.94446,0.981304
MS-MARCO-RBAC,8000000,8000000,Periodic-rebuild,random,0.0,0,0.0,0.0,0.962089,0.977984
MS-MARCO-RBAC,8000000,8000000,Periodic-rebuild,random,0.0,1,0.0,0.0,0.962532,0.979313
MS-MARCO-RBAC,8000000,8000000,Periodic-rebuild,random,0.0,2,0.0,0.0,0.958725,0.977584
MS-MARCO-RBAC,8000000,8000000,Periodic-rebuild,random,0.0,3,0.0,0.0,0.966973,0.98098
MS-MARCO-RBAC,8000000,8000000,Periodic-rebuild,random,0.0,4,0.0,0.0,0.960339,0.976405
MS-MARCO-RBAC,8000000,8000000,Periodic-rebuild,random,0.0,5,0.0,0.0,0.969097,0.98186
MS-MARCO-RBAC,8000000,8000000,Periodic-rebuild,random,0.0,6,0.0,0.0,0.959496,0.981406
MS-MARCO-RBAC,8000000,8000000,Periodic-rebuild,random,0.0,7,0.0,0.0,0.966775,0.979524
MS-MARCO-RBAC,8000000,8000000,Periodic-rebuild,random,0.0,8,0.0,0.0,0.960788,0.97815
MS-MARCO-RBAC,8000000,8000000,Periodic-rebuild,random,0.0,9,0.0,0.0,0.95887,0.976754
MS-MARCO-RBAC,8000000,8000000,Per-role-index,random,0.0,0,0.0,0.0,0.976251,0.977175
MS-MARCO-RBAC,8000000,8000000,Per-role-index,random,0.0,1,0.0,0.0,0.974248,0.977054
MS-MARCO-RBAC,8000000,8000000,Per-role-index,random,0.0,2,0.0,0.0,0.973798,0.977326
MS-MARCO-RBAC,8000000,8000000,Per-role-index,random,0.0,3,0.0,0.0,0.970617,0.973686
MS-MARCO-RBAC,8000000,8000000,Per-role-index,random,0.0,4,0.0,0.0,0.974792,0.978202
MS-MARCO-RBAC,8000000,8000000,Per-role-index,random,0.0,5,0.0,0.0,0.976845,0.980722
MS-MARCO-RBAC,8000000,8000000,Per-role-index,random,0.0,6,0.0,0.0,0.975352,0.976958
MS-MARCO-RBAC,8000000,8000000,Per-role-index,random,0.0,7,0.0,0.0,0.976932,0.978319
MS-MARCO-RBAC,8000000,8000000,Per-role-index,random,0.0,8,0.0,0.0,0.976218,0.981381
MS-MARCO-RBAC,8000000,8000000,Per-role-index,random,0.0,9,0.0,0.0,0.975857,0.979802
MS-MARCO-RBAC,8000000,8000000,ACORN,random,0.0,0,0.0,0.0,0.957852,0.977442
MS-MARCO-RBAC,8000000,8000000,ACORN,random,0.0,1,0.0,0.0,0.954485,0.975817
MS-MARCO-RBAC,8000000,8000000,ACORN,random,0.0,2,0.0,0.0,0.959886,0.978548
MS-MARCO-RBAC,8000000,8000000,ACORN,random,0.0,3,0.0,0.0,0.956014,0.978172
MS-MARCO-RBAC,8000000,8000000,ACORN,random,0.0,4,0.0,0.0,0.962015,0.980001
MS-MARCO-RBAC,8000000,8000000,ACORN,random,0.0,5,0.0,0.0,0.959826,0.979271
MS-MARCO-RBAC,8000000,8000000,ACORN,random,0.0,6,0.0,0.0,0.954767,0.977061
MS-MARCO-RBAC,8000000,8000000,ACORN,random,0.0,7,0.0,0.0,0.959218,0.978839
MS-MARCO-RBAC,8000000,8000000,ACORN,random,0.0,8,0.0,0.0,0.958023,0.977783
MS-MARCO-RBAC,8000000,8000000,ACORN,random,0.0,9,0.0,0.0,0.957816,0.977942
MS-MARCO-RBAC,8000000,8000000,HoneyBee,random,0.0,0,0.0,0.0,0.956576,0.976588
MS-MARCO-RBAC,8000000,8000000,HoneyBee,random,0.0,1,0.0,0.0,0.961981,0.97764
MS-MARCO-RBAC,8000000,8000000,HoneyBee,random,0.0,2,0.0,0.0,0.965768,0.978663
MS-MARCO-RBAC,8000000,8000000,HoneyBee,random,0.0,3,0.0,0.0,0.96443,0.979815
MS-MARCO-RBAC,8000000,8000000,HoneyBee,random,0.0,4,0.0,0.0,0.958757,0.978182
MS-MARCO-RBAC,8000000,8000000,HoneyBee,random,0.0,5,0.0,0.0,0.962602,0.978171
MS-MARCO-RBAC,8000000,8000000,HoneyBee,random,0.0,6,0.0,0.0,0.956429,0.97646
MS-MARCO-RBAC,8000000,8000000,HoneyBee,random,0.0,7,0.0,0.0,0.959704,0.97668
MS-MARCO-RBAC,8000000,8000000,HoneyBee,random,0.0,8,0.0,0.0,0.958732,0.976494
MS-MARCO-RBAC,8000000,8000000,HoneyBee,random,0.0,9,0.0,0.0,0.961492,0.979828
MS-MARCO-RBAC,8000000,8000000,SPFresh,random,0.0,0,0.0,0.0,0.947707,0.974034
MS-MARCO-RBAC,8000000,8000000,SPFresh,random,0.0,1,0.0,0.0,0.953793,0.979818
MS-MARCO-RBAC,8000000,8000000,SPFresh,random,0.0,2,0.0,0.0,0.952884,0.976416
MS-MARCO-RBAC,8000000,8000000,SPFresh,random,0.0,3,0.0,0.0,0.948121,0.977735
MS-MARCO-RBAC,8000000,8000000,SPFresh,random,0.0,4,0.0,0.0,0.948312,0.977592
MS-MARCO-RBAC,8000000,8000000,SPFresh,random,0.0,5,0.0,0.0,0.954449,0.9801
MS-MARCO-RBAC,8000000,8000000,SPFresh,random,0.0,6,0.0,0.0,0.95457,0.982068
MS-MARCO-RBAC,8000000,8000000,SPFresh,random,0.0,7,0.0,0.0,0.943917,0.972063
MS-MARCO-RBAC,8000000,8000000,SPFresh,random,0.0,8,0.0,0.0,0.955974,0.981434
MS-MARCO-RBAC,8000000,8000000,SPFresh,random,0.0,9,0.0,0.0,0.952999,0.978966
MS-MARCO-RBAC,8000000,8000000,Oracle,random,0.0,0,0.0,0.0,0.979551,0.979551
MS-MARCO-RBAC,8000000,8000000,Oracle,random,0.0,1,0.0,0.0,0.97891,0.97891
MS-MARCO-RBAC,8000000,8000000,Oracle,random,0.0,2,0.0,0.0,0.978405,0.978405
MS-MARCO-RBAC,8000000,8000000,Oracle,random,0.0,3,0.0,0.0,0.97932,0.97932
MS-MARCO-RBAC,8000000,8000000,Oracle,random,0.0,4,0.0,0.0,0.975274,0.975274
MS-MARCO-RBAC,8000000,8000000,Oracle,random,0.0,5,0.0,0.0,0.981117,0.981117
MS-MARCO-RBAC,8000000,8000000,Oracle,random,0.0,6,0.0,0.0,0.974572,0.974572
MS-MARCO-RBAC,8000000,8000000,Oracle,random,0.0,7,0.0,0.0,0.979937,0.979937
MS-MARCO-RBAC,8000000,8000000,Oracle,random,0.0,8,0.0,0.0,0.975733,0.975733
MS-MARCO-RBAC,8000000,8000000,Oracle,random,0.0,9,0.0,0.0,0.979492,0.979492
MS-MARCO-RBAC,8000000,8000000,Tombstone,random,0.1,0,0.0,0.033774,0.938122,0.976862
MS-MARCO-RBAC,8000000,8000000,Tombstone,random,0.1,1,0.0,0.03374,0.938212,0.97998
MS-MARCO-RBAC,8000000,8000000,Tombstone,random,0.1,2,0.0,0.031286,0.939322,0.977423
MS-MARCO-RBAC,8000000,8000000,Tombstone,random,0.1,3,0.0,0.035657,0.937988,0.975609
MS-MARCO-RBAC,8000000,8000000,Tombstone,random,0.1,4,0.0,0.033533,0.94092,0.979523
MS-MARCO-RBAC,8000000,8000000,Tombstone,random,0.1,5,0.0,0.036318,0.942079,0.978362
MS-MARCO-RBAC,8000000,8000000,Tombstone,random,0.1,6,0.0,0.037186,0.937894,0.97758
MS-MARCO-RBAC,8000000,8000000,Tombstone,random,0.1,7,0.0,0.037333,0.939334,0.977677
MS-MARCO-RBAC,8000000,8000000,Tombstone,random,0.1,8,0.0,0.039169,0.937116,0.975829
MS-MARCO-RBAC,8000000,8000000,Tombstone,random,0.1,9,0.0,0.032429,0.939317,0.978284
MS-MARCO-RBAC,8000000,8000000,Post-filter,random,0.1,0,0.0,0.041786,0.940468,0.984118
MS-MARCO-RBAC,8000000,8000000,Post-filter,random,0.1,1,0.0,0.037603,0.930693,0.977835
MS-MARCO-RBAC,8000000,8000000,Post-filter,random,0.1,2,0.0,0.035787,0.936551,0.981613
MS-MARCO-RBAC,8000000,8000000,Post-filter,random,0.1,3,0.0,0.036374,0.936859,0.980612
MS-MARCO-RBAC,8000000,8000000,Post-filter,random,0.1,4,0.0,0.038739,0.935091,0.978081
MS-MARCO-RBAC,8000000,8000000,Post-filter,random,0.1,5,0.0,0.039279,0.936572,0.978567
MS-MARCO-RBAC,8000000,8000000,Post-filter,random,0.1,6,0.0,0.041224,0.933966,0.97802
MS-MARCO-RBAC,8000000,8000000,Post-filter,random,0.1,7,0.0,0.0365,0.939223,0.979504
MS-MARCO-RBAC,8000000,8000000,Post-filter,random,0.1,8,0.0,0.037074,0.93228,0.9794
MS-MARCO-RBAC,8000000,8000000,Post-filter,random,0.1,9,0.0,0.038746,0.930296,0.976858
MS-MARCO-RBAC,8000000,8000000,Lethe,random,0.1,0,0.0,0.0,0.969696,0.975918
MS-MARCO-RBAC,8000000,8000000,Lethe,random,0.1,1,0.0,0.000955,0.969518,0.975294
MS-MARCO-RBAC,8000000,8000000,Lethe,random,0.1,2,0.0,0.0,0.974829,0.978081
MS-MARCO-RBAC,8000000,8000000,Lethe,random,0.1,3,0.0,0.001812,0.97125,0.977206
MS-MARCO-RBAC,8000000,8000000,Lethe,random,0.1,4,0.0,0.003808,0.968101,0.973701
MS-MARCO-RBAC,8000000,8000000,Lethe,random,0.1,5,0.0,0.002554,0.972002,0.975516
MS-MARCO-RBAC,8000000,8000000,Lethe,random,0.1,6,0.0,0.003876,0.97456,0.979855
MS-MARCO-RBAC,8000000,8000000,Lethe,random,0.1,7,0.0,0.003408,0.972126,0.977331
MS-MARCO-RBAC,8000000,8000000,Lethe,random,0.1,8,0.0,0.000479,0.972747,0.97843
MS-MARCO-RBAC,8000000,8000000,Lethe,random,0.1,9,0.0,0.0,0.976318,0.980005
MS-MARCO-RBAC,8000000,8000000,Lethe-no-bypass,random,0.1,0,0.0,0.011901,0.924473,0.978337
MS-MARCO-RBAC,8000000,8000000,Lethe-no-bypass,random,0.1,1,0.0,0.011449,0.923157,0.977995
MS-MARCO-RBAC,8000000,8000000,Lethe-no-bypass,random,0.1,2,0.0,0.0112,0.923597,0.977666
MS-MARCO-RBAC,8000000,8000000,Lethe-no-bypass,random,0.1,3,0.0,0.014182,0.923674,0.978768
MS-MARCO-RBAC,8000000,8000000,Lethe-no-bypass,random,0.1,4,0.0,0.013228,0.925962,0.97832
MS-MARCO-RBAC,8000000,8000000,Lethe-no-bypass,random,0.1,5,0.0,0.014022,0.918186,0.975375
MS-MARCO-RBAC,8000000,8000000,Lethe-no-bypass,random,0.1,6,0.0,0.011431,0.923793,0.980086
MS-MARCO-RBAC,8000000,8000000,Lethe-no-bypass,random,0.1,7,0.0,0.008893,0.920301,0.976029
MS-MARCO-RBAC,8000000,8000000,Lethe-no-bypass,random,0.1,8,0.0,0.007213,0.921893,0.980605
MS-MARCO-RBAC,8000000,8000000,Lethe-no-bypass,random,0.1,9,0.0,0.016979,0.926798,0.978716
MS-MARCO-RBAC,8000000,8000000,Lethe-no-revaware-traversal,random,0.1,0,0.0,0.032441,0.953107,0.979184
MS-MARCO-RBAC,8000000,8000000,Lethe-no-revaware-traversal,random,0.1,1,0.0,0.037498,0.953618,0.980096
MS-MARCO-RBAC,8000000,8000000,Lethe-no-revaware-traversal,random,0.1,2,0.0,0.03499,0.954629,0.97729
MS-MARCO-RBAC,8000000,8000000,Lethe-no-revaware-traversal,random,0.1,3,0.0,0.031866,0.953486,0.977685
MS-MARCO-RBAC,8000000,8000000,Lethe-no-revaware-traversal,random,0.1,4,0.0,0.032623,0.9546,0.978048
MS-MARCO-RBAC,8000000,8000000,Lethe-no-revaware-traversal,random,0.1,5,0.0,0.030455,0.953868,0.980582
MS-MARCO-RBAC,8000000,8000000,Lethe-no-revaware-traversal,random,0.1,6,0.0,0.034349,0.950216,0.976637
MS-MARCO-RBAC,8000000,8000000,Lethe-no-revaware-traversal,random,0.1,7,0.0,0.036809,0.952864,0.976238
MS-MARCO-RBAC,8000000,8000000,Lethe-no-revaware-traversal,random,0.1,8,0.0,0.033331,0.95404,0.976831
MS-MARCO-RBAC,8000000,8000000,Lethe-no-revaware-traversal,random,0.1,9,0.0,0.031037,0.945171,0.974605
MS-MARCO-RBAC,8000000,8000000,Physical-delete,random,0.1,0,0.0,0.005025,0.936524,0.976576
MS-MARCO-RBAC,8000000,8000000,Physical-delete,random,0.1,1,0.0,0.008602,0.939172,0.975321
MS-MARCO-RBAC,8000000,8000000,Physical-delete,random,0.1,2,0.0,0.008079,0.937613,0.976879
MS-MARCO-RBAC,8000000,8000000,Physical-delete,random,0.1,3,0.0,0.004727,0.943263,0.977104
MS-MARCO-RBAC,8000000,8000000,Physical-delete,random,0.1,4,0.0,0.006504,0.940531,0.976943
MS-MARCO-RBAC,8000000,8000000,Physical-delete,random,0.1,5,0.0,0.009204,0.938671,0.975729
MS-MARCO-RBAC,8000000,8000000,Physical-delete,random,0.1,6,0.0,0.011691,0.941991,0.980998
MS-MARCO-RBAC,8000000,8000000,Physical-delete,random,0.1,7,0.0,0.00766,0.942134,0.977272
MS-MARCO-RBAC,8000000,8000000,Physical-delete,random,0.1,8,0.0,0.011852,0.939203,0.977062
MS-MARCO-RBAC,8000000,8000000,Physical-delete,random,0.1,9,0.0,0.006187,0.938537,0.977099
MS-MARCO-RBAC,8000000,8000000,Periodic-rebuild,random,0.1,0,0.0,0.017115,0.9642,0.982231
MS-MARCO-RBAC,8000000,8000000,Periodic-rebuild,random,0.1,1,0.0,0.016125,0.96076,0.97647
MS-MARCO-RBAC,8000000,8000000,Periodic-rebuild,random,0.1,2,0.0,0.02112,0.961489,0.977529
MS-MARCO-RBAC,8000000,8000000,Periodic-rebuild,random,0.1,3,0.0,0.018841,0.958329,0.976634
MS-MARCO-RBAC,8000000,8000000,Periodic-rebuild,random,0.1,4,0.0,0.019516,0.960544,0.976012
MS-MARCO-RBAC,8000000,8000000,Periodic-rebuild,random,0.1,5,0.0,0.019486,0.958679,0.976403
MS-MARCO-RBAC,8000000,8000000,Periodic-rebuild,random,0.1,6,0.0,0.022626,0.956109,0.976384
MS-MARCO-RBAC,8000000,8000000,Periodic-rebuild,random,0.1,7,0.0,0.018842,0.957588,0.976281
MS-MARCO-RBAC,8000000,8000000,Periodic-rebuild,random,0.1,8,0.0,0.022418,0.9605,0.978185
MS-MARCO-RBAC,8000000,8000000,Periodic-rebuild,random,0.1,9,0.0,0.016955,0.960469,0.978222
MS-MARCO-RBAC,8000000,8000000,Per-role-index,random,0.1,0,0.0,0.001078,0.977941,0.981245
MS-MARCO-RBAC,8000000,8000000,Per-role-index,random,0.1,1,0.0,0.004542,0.97638,0.97829
MS-MARCO-RBAC,8000000,8000000,Per-role-index,random,0.1,2,0.0,0.004079,0.971537,0.976422
MS-MARCO-RBAC,8000000,8000000,Per-role-index,random,0.1,3,0.0,0.0,0.972483,0.977189
MS-MARCO-RBAC,8000000,8000000,Per-role-index,random,0.1,4,0.0,0.001583,0.977323,0.981596
MS-MARCO-RBAC,8000000,8000000,Per-role-index,random,0.1,5,0.0,0.00276,0.971672,0.976633
MS-MARCO-RBAC,8000000,8000000,Per-role-index,random,0.1,6,0.0,0.00345,0.969758,0.973429
MS-MARCO-RBAC,8000000,8000000,Per-role-index,random,0.1,7,0.0,0.0,0.977138,0.978163
MS-MARCO-RBAC,8000000,8000000,Per-role-index,random,0.1,8,0.0,0.003345,0.972898,0.978984
MS-MARCO-RBAC,8000000,8000000,Per-role-index,random,0.1,9,0.0,0.0,0.973108,0.979687
MS-MARCO-RBAC,8000000,8000000,ACORN,random,0.1,0,0.0,0.012455,0.95507,0.976195
MS-MARCO-RBAC,8000000,8000000,ACORN,random,0.1,1,0.0,0.015114,0.959275,0.979495
MS-MARCO-RBAC,8000000,8000000,ACORN,random,0.1,2,0.0,0.018978,0.956491,0.976774
MS-MARCO-RBAC,8000000,8000000,ACORN,random,0.1,3,0.0,0.017524,0.955828,0.977038
MS-MARCO-RBAC,8000000,8000000,ACORN,random,0.1,4,0.0,0.014058,0.961164,0.97998
MS-MARCO-RBAC,8000000,8000000,ACORN,random,0.1,5,0.0,0.01712,0.96016,0.979983
MS-MARCO-RBAC,8000000,8000000,ACORN,random,0.1,6,0.0,0.009282,0.956168,0.977944
MS-MARCO-RBAC,8000000,8000000,ACORN,random,0.1,7,0.0,0.015306,0.958645,0.981214
MS-MARCO-RBAC,8000000,8000000,ACORN,random,0.1,8,0.0,0.012277,0.956833,0.976893
MS-MARCO-RBAC,8000000,8000000,ACORN,random,0.1,9,0.0,0.015365,0.955265,0.977327
MS-MARCO-RBAC,8000000,8000000,HoneyBee,random,0.1,0,0.0,0.015339,0.95871,0.974588
MS-MARCO-RBAC,8000000,8000000,HoneyBee,random,0.1,1,0.0,0.016282,0.954498,0.975188
MS-MARCO-RBAC,8000000,8000000,HoneyBee,random,0.1,2,0.0,0.010916,0.963906,0.978542
MS-MARCO-RBAC,8000000,8000000,HoneyBee,random,0.1,3,0.0,0.010301,0.958191,0.975938
MS-MARCO-RBAC,8000000,8000000,HoneyBee,random,0.1,4,0.0,0.013987,0.960939,0.977473
MS-MARCO-RBAC,8000000,8000000,HoneyBee,random,0.1,5,0.0,0.006901,0.957282,0.975531
MS-MARCO-RBAC,8000000,8000000,HoneyBee,random,0.1,6,0.0,0.01098,0.959331,0.978368
MS-MARCO-RBAC,8000000,8000000,HoneyBee,random,0.1,7,0.0,0.011842,0.959612,0.976628
MS-MARCO-RBAC,8000000,8000000,HoneyBee,random,0.1,8,0.0,0.012249,0.959067,0.978596
MS-MARCO-RBAC,8000000,8000000,HoneyBee,random,0.1,9,0.0,0.009463,0.959915,0.979155
MS-MARCO-RBAC,8000000,8000000,SPFresh,random,0.1,0,0.0,0.017846,0.953643,0.978889
MS-MARCO-RBAC,8000000,8000000,SPFresh,random,0.1,1,0.0,0.022524,0.949509,0.978731
MS-MARCO-RBAC,8000000,8000000,SPFresh,random,0.1,2,0.0,0.01626,0.955202,0.981672
MS-MARCO-RBAC,8000000,8000000,SPFresh,random,0.1,3,0.0,0.021123,0.949108,0.978914
MS-MARCO-RBAC,8000000,8000000,SPFresh,random,0.1,4,0.0,0.022227,0.956879,0.980528
MS-MARCO-RBAC,8000000,8000000,SPFresh,random,0.1,5,0.0,0.019512,0.956017,0.980639
MS-MARCO-RBAC,8000000,8000000,SPFresh,random,0.1,6,0.0,0.028815,0.950789,0.976291
MS-MARCO-RBAC,8000000,8000000,SPFresh,random,0.1,7,0.0,0.013863,0.94889,0.974487
MS-MARCO-RBAC,8000000,8000000,SPFresh,random,0.1,8,0.0,0.017783,0.953189,0.981507
MS-MARCO-RBAC,8000000,8000000,SPFresh,random,0.1,9,0.0,0.02507,0.952281,0.978782
MS-MARCO-RBAC,8000000,8000000,Oracle,random,0.1,0,0.0,0.0,0.979434,0.979434
MS-MARCO-RBAC,8000000,8000000,Oracle,random,0.1,1,0.0,0.0,0.979348,0.979348
MS-MARCO-RBAC,8000000,8000000,Oracle,random,0.1,2,0.0,0.0,0.980254,0.980254
MS-MARCO-RBAC,8000000,8000000,Oracle,random,0.1,3,0.0,0.0,0.977076,0.977076
MS-MARCO-RBAC,8000000,8000000,Oracle,random,0.1,4,0.0,0.0,0.975712,0.975712
MS-MARCO-RBAC,8000000,8000000,Oracle,random,0.1,5,0.0,0.0,0.975948,0.975948
MS-MARCO-RBAC,8000000,8000000,Oracle,random,0.1,6,0.0,0.0,0.978731,0.978731
MS-MARCO-RBAC,8000000,8000000,Oracle,random,0.1,7,0.0,0.0,0.978203,0.978203
MS-MARCO-RBAC,8000000,8000000,Oracle,random,0.1,8,0.0,0.0,0.975269,0.975269
MS-MARCO-RBAC,8000000,8000000,Oracle,random,0.1,9,0.0,0.0,0.979915,0.979915
MS-MARCO-RBAC,8000000,8000000,Tombstone,random,0.2,0,0.0,0.059477,0.940559,0.981914
MS-MARCO-RBAC,8000000,8000000,Tombstone,random,0.2,1,0.0,0.057229,0.936647,0.974744
MS-MARCO-RBAC,8000000,8000000,Tombstone,random,0.2,2,0.0,0.060445,0.943131,0.978171
MS-MARCO-RBAC,8000000,8000000,Tombstone,random,0.2,3,0.0,0.058564,0.933714,0.97544
MS-MARCO-RBAC,8000000,8000000,Tombstone,random,0.2,4,0.0,0.057681,0.938645,0.975803
MS-MARCO-RBAC,8000000,8000000,Tombstone,random,0.2,5,0.0,0.062149,0.941098,0.978084
MS-MARCO-RBAC,8000000,8000000,Tombstone,random,0.2,6,0.0,0.062133,0.93994,0.97589
MS-MARCO-RBAC,8000000,8000000,Tombstone,random,0.2,7,0.0,0.065489,0.942658,0.980694
MS-MARCO-RBAC,8000000,8000000,Tombstone,random,0.2,8,0.0,0.061634,0.944797,0.982802
MS-MARCO-RBAC,8000000,8000000,Tombstone,random,0.2,9,0.0,0.059845,0.938619,0.976453
MS-MARCO-RBAC,8000000,8000000,Post-filter,random,0.2,0,0.0,0.066345,0.93026,0.977798
MS-MARCO-RBAC,8000000,8000000,Post-filter,random,0.2,1,0.0,0.06458,0.939231,0.976845
MS-MARCO-RBAC,8000000,8000000,Post-filter,random,0.2,2,0.0,0.0627,0.939071,0.980074
MS-MARCO-RBAC,8000000,8000000,Post-filter,random,0.2,3,0.0,0.063552,0.932899,0.975494
MS-MARCO-RBAC,8000000,8000000,Post-filter,random,0.2,4,0.0,0.066213,0.935093,0.979008
MS-MARCO-RBAC,8000000,8000000,Post-filter,random,0.2,5,0.0,0.06515,0.936265,0.978843
MS-MARCO-RBAC,8000000,8000000,Post-filter,random,0.2,6,0.0,0.063136,0.937404,0.980603
MS-MARCO-RBAC,8000000,8000000,Post-filter,random,0.2,7,0.0,0.070536,0.930521,0.976715
MS-MARCO-RBAC,8000000,8000000,Post-filter,random,0.2,8,0.0,0.063308,0.936003,0.978543
MS-MARCO-RBAC,8000000,8000000,Post-filter,random,0.2,9,0.0,0.067544,0.932527,0.974934
MS-MARCO-RBAC,8000000,8000000,Lethe,random,0.2,0,0.0,0.0,0.977596,0.981462
MS-MARCO-RBAC,8000000,8000000,Lethe,random,0.2,1,0.0,0.002555,0.97455,0.977886
MS-MARCO-RBAC,8000000,8000000,Lethe,random,0.2,2,0.0,4e-06,0.973236,0.975126
MS-MARCO-RBAC,8000000,8000000,Lethe,random,0.2,3,0.0,0.006008,0.971533,0.978438
MS-MARCO-RBAC,8000000,8000000,Lethe,random,0.2,4,0.0,0.006053,0.977234,0.981908
MS-MARCO-RBAC,8000000,8000000,Lethe,random,0.2,5,0.0,0.005422,0.971091,0.976703
MS-MARCO-RBAC,8000000,8000000,Lethe,random,0.2,6,0.0,0.0,0.974336,0.979141
MS-MARCO-RBAC,8000000,8000000,Lethe,random,0.2,7,0.0,0.005421,0.96976,0.975012
MS-MARCO-RBAC,8000000,8000000,Lethe,random,0.2,8,0.0,0.002404,0.973502,0.978517
MS-MARCO-RBAC,8000000,8000000,Lethe,random,0.2,9,0.0,0.000301,0.974487,0.979211
MS-MARCO-RBAC,8000000,8000000,Lethe-no-bypass,random,0.2,0,0.0,0.021599,0.920722,0.97626
MS-MARCO-RBAC,8000000,8000000,Lethe-no-bypass,random,0.2,1,0.0,0.021742,0.922825,0.977927
MS-MARCO-RBAC,8000000,8000000,Lethe-no-bypass,random,0.2,2,0.0,0.02195,0.919807,0.975745
MS-MARCO-RBAC,8000000,8000000,Lethe-no-bypass,random,0.2,3,0.0,0.025993,0.922787,0.97696
MS-MARCO-RBAC,8000000,8000000,Lethe-no-bypass,random,0.2,4,0.0,0.016871,0.92156,0.976643
MS-MARCO-RBAC,8000000,8000000,Lethe-no-bypass,random,0.2,5,0.0,0.022382,0.922104,0.977766
MS-MARCO-RBAC,8000000,8000000,Lethe-no-bypass,random,0.2,6,0.0,0.028155,0.919719,0.97417
MS-MARCO-RBAC,8000000,8000000,Lethe-no-bypass,random,0.2,7,0.0,0.021198,0.918724,0.974813
MS-MARCO-RBAC,8000000,8000000,Lethe-no-bypass,random,0.2,8,0.0,0.018088,0.925386,0.978678
MS-MARCO-RBAC,8000000,8000000,Lethe-no-bypass,random,0.2,9,0.0,0.014437,0.921231,0.976653
MS-MARCO-RBAC,8000000,8000000,Lethe-no-revaware-traversal,random,0.2,0,0.0,0.060253,0.951412,0.976475
MS-MARCO-RBAC,8000000,8000000,Lethe-no-revaware-traversal,random,0.2,1,0.0,0.056253,0.950919,0.977677
MS-MARCO-RBAC,8000000,8000000,Lethe-no-revaware-traversal,random,0.2,2,0.0,0.051807,0.950247,0.976183
MS-MARCO-RBAC,8000000,8000000,Lethe-no-revaware-traversal,random,0.2,3,0.0,0.056621,0.947215,0.976417
MS-MARCO-RBAC,8000000,8000000,Lethe-no-revaware-traversal,random,0.2,4,0.0,0.054462,0.943663,0.969973
MS-MARCO-RBAC,8000000,8000000,Lethe-no-revaware-traversal,random,0.2,5,0.0,0.053794,0.955356,0.97947
MS-MARCO-RBAC,8000000,8000000,Lethe-no-revaware-traversal,random,0.2,6,0.0,0.054092,0.954145,0.977401
MS-MARCO-RBAC,8000000,8000000,Lethe-no-revaware-traversal,random,0.2,7,0.0,0.057158,0.955921,0.979438
MS-MARCO-RBAC,8000000,8000000,Lethe-no-revaware-traversal,random,0.2,8,0.0,0.0587,0.950312,0.979537
MS-MARCO-RBAC,8000000,8000000,Lethe-no-revaware-traversal,random,0.2,9,0.0,0.055066,0.952205,0.978584
MS-MARCO-RBAC,8000000,8000000,Physical-delete,random,0.2,0,0.0,0.015416,0.941166,0.977822
MS-MARCO-RBAC,8000000,8000000,Physical-delete,random,0.2,1,0.0,0.010187,0.945043,0.980074
MS-MARCO-RBAC,8000000,8000000,Physical-delete,random,0.2,2,0.0,0.013223,0.943775,0.980343
MS-MARCO-RBAC,8000000,8000000,Physical-delete,random,0.2,3,0.0,0.020842,0.94131,0.979735
MS-MARCO-RBAC,8000000,8000000,Physical-delete,random,0.2,4,0.0,0.013932,0.938016,0.976611
MS-MARCO-RBAC,8000000,8000000,Physical-delete,random,0.2,5,0.0,0.014131,0.942152,0.97672
MS-MARCO-RBAC,8000000,8000000,Physical-delete,random,0.2,6,0.0,0.009111,0.941305,0.978359
MS-MARCO-RBAC,8000000,8000000,Physical-delete,random,0.2,7,0.0,0.014756,0.941139,0.977231
MS-MARCO-RBAC,8000000,8000000,Physical-delete,random,0.2,8,0.0,0.018142,0.94572,0.98058
MS-MARCO-RBAC,8000000,8000000,Physical-delete,random,0.2,9,0.0,0.017852,0.938651,0.974158
MS-MARCO-RBAC,8000000,8000000,Periodic-rebuild,random,0.2,0,0.0,0.026645,0.963537,0.978526
MS-MARCO-RBAC,8000000,8000000,Periodic-rebuild,random,0.2,1,0.0,0.032714,0.961251,0.977589
MS-MARCO-RBAC,8000000,8000000,Periodic-rebuild,random,0.2,2,0.0,0.028782,0.961372,0.979877
MS-MARCO-RBAC,8000000,8000000,Periodic-rebuild,random,0.2,3,0.0,0.026239,0.964104,0.980834
MS-MARCO-RBAC,8000000,8000000,Periodic-rebuild,random,0.2,4,0.0,0.023781,0.96775,0.982081
MS-MARCO-RBAC,8000000,8000000,Periodic-rebuild,random,0.2,5,0.0,0.025842,0.959238,0.977624
MS-MARCO-RBAC,8000000,8000000,Periodic-rebuild,random,0.2,6,0.0,0.032845,0.960158,0.975923
MS-MARCO-RBAC,8000000,8000000,Periodic-rebuild,random,0.2,7,0.0,0.030225,0.96235,0.978988
MS-MARCO-RBAC,8000000,8000000,Periodic-rebuild,random,0.2,8,0.0,0.021973,0.963152,0.976226
MS-MARCO-RBAC,8000000,8000000,Periodic-rebuild,random,0.2,9,0.0,0.029722,0.960052,0.975864
MS-MARCO-RBAC,8000000,8000000,Per-role-index,random,0.2,0,0.0,0.001065,0.974281,0.977392
MS-MARCO-RBAC,8000000,8000000,Per-role-index,random,0.2,1,0.0,0.004163,0.971169,0.976455
MS-MARCO-RBAC,8000000,8000000,Per-role-index,random,0.2,2,0.0,0.0,0.975013,0.978737
MS-MARCO-RBAC,8000000,8000000,Per-role-index,random,0.2,3,0.0,0.001244,0.972493,0.976431
MS-MARCO-RBAC,8000000,8000000,Per-role-index,random,0.2,4,0.0,0.003176,0.974894,0.978026
MS-MARCO-RBAC,8000000,8000000,Per-role-index,random,0.2,5,0.0,0.005068,0.975569,0.977478
MS-MARCO-RBAC,8000000,8000000,Per-role-index,random,0.2,6,0.0,0.0,0.974464,0.977489
MS-MARCO-RBAC,8000000,8000000,Per-role-index,random,0.2,7,0.0,0.0,0.975224,0.980516
MS-MARCO-RBAC,8000000,8000000,Per-role-index,random,0.2,8,0.0,0.002012,0.978694,0.97931
MS-MARCO-RBAC,8000000,8000000,Per-role-index,random,0.2,9,0.0,0.003365,0.979233,0.982692
MS-MARCO-RBAC,8000000,8000000,ACORN,random,0.2,0,0.0,0.025599,0.959448,0.978291
MS-MARCO-RBAC,8000000,8000000,ACORN,random,0.2,1,0.0,0.029727,0.957233,0.977887
MS-MARCO-RBAC,8000000,8000000,ACORN,random,0.2,2,0.0,0.027855,0.960115,0.978311
MS-MARCO-RBAC,8000000,8000000,ACORN,random,0.2,3,0.0,0.030937,0.961574,0.977224
MS-MARCO-RBAC,8000000,8000000,ACORN,random,0.2,4,0.0,0.026955,0.95886,0.979589
MS-MARCO-RBAC,8000000,8000000,ACORN,random,0.2,5,0.0,0.028895,0.961795,0.981595
MS-MARCO-RBAC,8000000,8000000,ACORN,random,0.2,6,0.0,0.02892,0.959101,0.979482
MS-MARCO-RBAC,8000000,8000000,ACORN,random,0.2,7,0.0,0.022129,0.961681,0.979777
MS-MARCO-RBAC,8000000,8000000,ACORN,random,0.2,8,0.0,0.026724,0.956729,0.97804
MS-MARCO-RBAC,8000000,8000000,ACORN,random,0.2,9,0.0,0.024628,0.957834,0.980309
MS-MARCO-RBAC,8000000,8000000,HoneyBee,random,0.2,0,0.0,0.020847,0.9592,0.975335
MS-MARCO-RBAC,8000000,8000000,HoneyBee,random,0.2,1,0.0,0.015503,0.959159,0.978153
MS-MARCO-RBAC,8000000,8000000,HoneyBee,random,0.2,2,0.0,0.021874,0.958909,0.977042
MS-MARCO-RBAC,8000000,8000000,HoneyBee,random,0.2,3,0.0,0.023096,0.960862,0.978776
MS-MARCO-RBAC,8000000,8000000,HoneyBee,random,0.2,4,0.0,0.026502,0.956794,0.977587
MS-MARCO-RBAC,8000000,8000000,HoneyBee,random,0.2,5,0.0,0.020268,0.95698,0.976566
MS-MARCO-RBAC,8000000,8000000,HoneyBee,random,0.2,6,0.0,0.020263,0.954858,0.975441
MS-MARCO-RBAC,8000000,8000000,HoneyBee,random,0.2,7,0.0,0.026606,0.960979,0.978408
MS-MARCO-RBAC,8000000,8000000,HoneyBee,random,0.2,8,0.0,0.021319,0.960103,0.978949
MS-MARCO-RBAC,8000000,8000000,HoneyBee,random,0.2,9,0.0,0.025828,0.960662,0.978182
MS-MARCO-RBAC,8000000,8000000,SPFresh,random,0.2,0,0.0,0.037636,0.952367,0.97971
MS-MARCO-RBAC,8000000,8000000,SPFresh,random,0.2,1,0.0,0.036734,0.947958,0.977405
MS-MARCO-RBAC,8000000,8000000,SPFresh,random,0.2,2,0.0,0.034966,0.952493,0.977011
MS-MARCO-RBAC,8000000,8000000,SPFresh,random,0.2,3,0.0,0.035675,0.952071,0.978229
MS-MARCO-RBAC,8000000,8000000,SPFresh,random,0.2,4,0.0,0.036054,0.953995,0.97693
MS-MARCO-RBAC,8000000,8000000,SPFresh,random,0.2,5,0.0,0.039353,0.949417,0.976424
MS-MARCO-RBAC,8000000,8000000,SPFresh,random,0.2,6,0.0,0.038463,0.952177,0.976685
MS-MARCO-RBAC,8000000,8000000,SPFresh,random,0.2,7,0.0,0.036756,0.951085,0.977671
MS-MARCO-RBAC,8000000,8000000,SPFresh,random,0.2,8,0.0,0.041514,0.949263,0.977549
MS-MARCO-RBAC,8000000,8000000,SPFresh,random,0.2,9,0.0,0.044213,0.94697,0.97717
MS-MARCO-RBAC,8000000,8000000,Oracle,random,0.2,0,0.0,0.0,0.979134,0.979134
MS-MARCO-RBAC,8000000,8000000,Oracle,random,0.2,1,0.0,0.0,0.979474,0.979474
MS-MARCO-RBAC,8000000,8000000,Oracle,random,0.2,2,0.0,0.0,0.979011,0.979011
MS-MARCO-RBAC,8000000,8000000,Oracle,random,0.2,3,0.0,0.0,0.97503,0.97503
MS-MARCO-RBAC,8000000,8000000,Oracle,random,0.2,4,0.0,0.0,0.978388,0.978388
MS-MARCO-RBAC,8000000,8000000,Oracle,random,0.2,5,0.0,0.0,0.97684,0.97684
MS-MARCO-RBAC,8000000,8000000,Oracle,random,0.2,6,0.0,0.0,0.979393,0.979393
MS-MARCO-RBAC,8000000,8000000,Oracle,random,0.2,7,0.0,0.0,0.980667,0.980667
MS-MARCO-RBAC,8000000,8000000,Oracle,random,0.2,8,0.0,0.0,0.981942,0.981942
MS-MARCO-RBAC,8000000,8000000,Oracle,random,0.2,9,0.0,0.0,0.979411,0.979411
MS-MARCO-RBAC,8000000,8000000,Tombstone,random,0.3,0,0.0,0.08447,0.938819,0.979415
MS-MARCO-RBAC,8000000,8000000,Tombstone,random,0.3,1,0.0,0.086536,0.939416,0.978158
MS-MARCO-RBAC,8000000,8000000,Tombstone,random,0.3,2,0.0,0.087198,0.937174,0.976995
MS-MARCO-RBAC,8000000,8000000,Tombstone,random,0.3,3,0.0,0.08123,0.936684,0.975043
MS-MARCO-RBAC,8000000,8000000,Tombstone,random,0.3,4,0.0,0.084059,0.933372,0.97734
MS-MARCO-RBAC,8000000,8000000,Tombstone,random,0.3,5,0.0,0.079925,0.940824,0.977854
MS-MARCO-RBAC,8000000,8000000,Tombstone,random,0.3,6,0.0,0.083364,0.94023,0.978617
MS-MARCO-RBAC,8000000,8000000,Tombstone,random,0.3,7,0.0,0.082539,0.939573,0.976783
MS-MARCO-RBAC,8000000,8000000,Tombstone,random,0.3,8,0.0,0.082898,0.943603,0.980065
MS-MARCO-RBAC,8000000,8000000,Tombstone,random,0.3,9,0.0,0.080584,0.938296,0.979061
MS-MARCO-RBAC,8000000,8000000,Post-filter,random,0.3,0,0.0,0.084638,0.935438,0.98044
MS-MARCO-RBAC,8000000,8000000,Post-filter,random,0.3,1,0.0,0.092064,0.936263,0.981824
MS-MARCO-RBAC,8000000,8000000,Post-filter,random,0.3,2,0.0,0.089286,0.93746,0.981247
MS-MARCO-RBAC,8000000,8000000,Post-filter,random,0.3,3,0.0,0.089582,0.937755,0.979776
MS-MARCO-RBAC,8000000,8000000,Post-filter,random,0.3,4,0.0,0.088155,0.934595,0.977638
MS-MARCO-RBAC,8000000,8000000,Post-filter,random,0.3,5,0.0,0.093011,0.938453,0.977714
MS-MARCO-RBAC,8000000,8000000,Post-filter,random,0.3,6,0.0,0.084692,0.931506,0.97397
MS-MARCO-RBAC,8000000,8000000,Post-filter,random,0.3,7,0.0,0.085491,0.933038,0.979358
MS-MARCO-RBAC,8000000,8000000,Post-filter,random,0.3,8,0.0,0.090883,0.933761,0.978068
MS-MARCO-RBAC,8000000,8000000,Post-filter,random,0.3,9,0.0,0.089726,0.936121,0.980052
MS-MARCO-RBAC,8000000,8000000,Lethe,random,0.3,0,0.0,0.002006,0.975352,0.978067
MS-MARCO-RBAC,8000000,8000000,Lethe,random,0.3,1,0.0,0.002698,0.972782,0.97939
MS-MARCO-RBAC,8000000,8000000,Lethe,random,0.3,2,0.0,0.008482,0.977251,0.979901
MS-MARCO-RBAC,8000000,8000000,Lethe,random,0.3,3,0.0,0.003914,0.97811,0.981391
MS-MARCO-RBAC,8000000,8000000,Lethe,random,0.3,4,0.0,0.003783,0.971002,0.975512
MS-MARCO-RBAC,8000000,8000000,Lethe,random,0.3,5,0.0,0.0,0.976563,0.980831
MS-MARCO-RBAC,8000000,8000000,Lethe,random,0.3,6,0.0,0.002673,0.970519,0.97615
MS-MARCO-RBAC,8000000,8000000,Lethe,random,0.3,7,0.0,0.008106,0.971749,0.976072
MS-MARCO-RBAC,8000000,8000000,Lethe,random,0.3,8,0.0,0.003722,0.971136,0.976935
MS-MARCO-RBAC,8000000,8000000,Lethe,random,0.3,9,0.0,0.002496,0.973263,0.976839
MS-MARCO-RBAC,8000000,8000000,Lethe-no-bypass,random,0.3,0,0.0,0.025544,0.92664,0.980121
MS-MARCO-RBAC,8000000,8000000,Lethe-no-bypass,random,0.3,1,0.0,0.029891,0.922814,0.977164
MS-MARCO-RBAC,8000000,8000000,Lethe-no-bypass,random,0.3,2,0.0,0.02612,0.923215,0.980861
MS-MARCO-RBAC,8000000,8000000,Lethe-no-bypass,random,0.3,3,0.0,0.027611,0.920729,0.978004
MS-MARCO-RBAC,8000000,8000000,Lethe-no-bypass,random,0.3,4,0.0,0.027319,0.923555,0.978102
MS-MARCO-RBAC,8000000,8000000,Lethe-no-bypass,random,0.3,5,0.0,0.033024,0.924351,0.979194
MS-MARCO-RBAC,8000000,8000000,Lethe-no-bypass,random,0.3,6,0.0,0.024544,0.921703,0.975461
MS-MARCO-RBAC,8000000,8000000,Lethe-no-bypass,random,0.3,7,0.0,0.030723,0.922216,0.977662
MS-MARCO-RBAC,8000000,8000000,Lethe-no-bypass,random,0.3,8,0.0,0.024984,0.926059,0.979938
MS-MARCO-RBAC,8000000,8000000,Lethe-no-bypass,random,0.3,9,0.0,0.025615,0.918983,0.974643
MS-MARCO-RBAC,8000000,8000000,Lethe-no-revaware-traversal,random,0.3,0,0.0,0.080552,0.955838,0.976945
MS-MARCO-RBAC,8000000,8000000,Lethe-no-revaware-traversal,random,0.3,1,0.0,0.077909,0.955563,0.979325
MS-MARCO-RBAC,8000000,8000000,Lethe-no-revaware-traversal,random,0.3,2,0.0,0.075277,0.953661,0.980102
MS-MARCO-RBAC,8000000,8000000,Lethe-no-revaware-traversal,random,0.3,3,0.0,0.074677,0.949177,0.976578
MS-MARCO-RBAC,8000000,8000000,Lethe-no-revaware-traversal,random,0.3,4,0.0,0.08296,0.952349,0.977404
MS-MARCO-RBAC,8000000,8000000,Lethe-no-revaware-traversal,random,0.3,5,0.0,0.080719,0.955572,0.98102
MS-MARCO-RBAC,8000000,8000000,Lethe-no-revaware-traversal,random,0.3,6,0.0,0.083188,0.948185,0.975581
MS-MARCO-RBAC,8000000,8000000,Lethe-no-revaware-traversal,random,0.3,7,0.0,0.072618,0.948244,0.974521
MS-MARCO-RBAC,8000000,8000000,Lethe-no-revaware-traversal,random,0.3,8,0.0,0.079457,0.953054,0.980201
MS-MARCO-RBAC,8000000,8000000,Lethe-no-revaware-traversal,random,0.3,9,0.0,0.080148,0.951238,0.978592
MS-MARCO-RBAC,8000000,8000000,Physical-delete,random,0.3,0,0.0,0.023908,0.939136,0.977588
MS-MARCO-RBAC,8000000,8000000,Physical-delete,random,0.3,1,0.0,0.024091,0.937766,0.97868
MS-MARCO-RBAC,8000000,8000000,Physical-delete,random,0.3,2,0.0,0.015674,0.934756,0.973441
MS-MARCO-RBAC,8000000,8000000,Physical-delete,random,0.3,3,0.0,0.018338,0.939482,0.975453
MS-MARCO-RBAC,8000000,8000000,Physical-delete,random,0.3,4,0.0,0.026958,0.940993,0.977232
MS-MARCO-RBAC,8000000,8000000,Physical-delete,random,0.3,5,0.0,0.015699,0.935525,0.9743
MS-MARCO-RBAC,8000000,8000000,Physical-delete,random,0.3,6,0.0,0.025983,0.941573,0.977853
MS-MARCO-RBAC,8000000,8000000,Physical-delete,random,0.3,7,0.0,0.01955,0.942279,0.977571
MS-MARCO-RBAC,8000000,8000000,Physical-delete,random,0.3,8,0.0,0.02177,0.94475,0.9801
MS-MARCO-RBAC,8000000,8000000,Physical-delete,random,0.3,9,0.0,0.025532,0.945834,0.983304
MS-MARCO-RBAC,8000000,8000000,Periodic-rebuild,random,0.3,0,0.0,0.040285,0.960609,0.979163
MS-MARCO-RBAC,8000000,8000000,Periodic-rebuild,random,0.3,1,0.0,0.043074,0.95641,0.976184
MS-MARCO-RBAC,8000000,8000000,Periodic-rebuild,random,0.3,2,0.0,0.036997,0.954261,0.97697
MS-MARCO-RBAC,8000000,8000000,Periodic-rebuild,random,0.3,3,0.0,0.042797,0.960398,0.979328
MS-MARCO-RBAC,8000000,8000000,Periodic-rebuild,random,0.3,4,0.0,0.042621,0.957776,0.978028
MS-MARCO-RBAC,8000000,8000000,Periodic-rebuild,random,0.3,5,0.0,0.041036,0.960334,0.977889
MS-MARCO-RBAC,8000000,8000000,Periodic-rebuild,random,0.3,6,0.0,0.038824,0.959619,0.978883
MS-MARCO-RBAC,8000000,8000000,Periodic-rebuild,random,0.3,7,0.0,0.039139,0.960128,0.97997
MS-MARCO-RBAC,8000000,8000000,Periodic-rebuild,random,0.3,8,0.0,0.039461,0.963916,0.980115
MS-MARCO-RBAC,8000000,8000000,Periodic-rebuild,random,0.3,9,0.0,0.038589,0.957321,0.978677
MS-MARCO-RBAC,8000000,8000000,Per-role-index,random,0.3,0,0.0,0.008675,0.975026,0.978931
MS-MARCO-RBAC,8000000,8000000,Per-role-index,random,0.3,1,0.0,0.005622,0.968894,0.97806
MS-MARCO-RBAC,8000000,8000000,Per-role-index,random,0.3,2,0.0,0.006768,0.970462,0.975655
MS-MARCO-RBAC,8000000,8000000,Per-role-index,random,0.3,3,0.0,0.002203,0.975093,0.9811
MS-MARCO-RBAC,8000000,8000000,Per-role-index,random,0.3,4,0.0,0.000474,0.973396,0.978657
MS-MARCO-RBAC,8000000,8000000,Per-role-index,random,0.3,5,0.0,0.0,0.972936,0.979075
MS-MARCO-RBAC,8000000,8000000,Per-role-index,random,0.3,6,0.0,0.002943,0.973187,0.978278
MS-MARCO-RBAC,8000000,8000000,Per-role-index,random,0.3,7,0.0,0.001667,0.973967,0.978545
MS-MARCO-RBAC,8000000,8000000,Per-role-index,random,0.3,8,0.0,0.00166,0.974059,0.977235
MS-MARCO-RBAC,8000000,8000000,Per-role-index,random,0.3,9,0.0,0.0,0.970782,0.978099
MS-MARCO-RBAC,8000000,8000000,ACORN,random,0.3,0,0.0,0.032128,0.9573,0.979034
MS-MARCO-RBAC,8000000,8000000,ACORN,random,0.3,1,0.0,0.032514,0.961895,0.980583
MS-MARCO-RBAC,8000000,8000000,ACORN,random,0.3,2,0.0,0.033652,0.959339,0.980517
MS-MARCO-RBAC,8000000,8000000,ACORN,random,0.3,3,0.0,0.030952,0.954758,0.976743
MS-MARCO-RBAC,8000000,8000000,ACORN,random,0.3,4,0.0,0.037967,0.959681,0.978357
MS-MARCO-RBAC,8000000,8000000,ACORN,random,0.3,5,0.0,0.034912,0.95259,0.976153
MS-MARCO-RBAC,8000000,8000000,ACORN,random,0.3,6,0.0,0.028592,0.95793,0.978815
MS-MARCO-RBAC,8000000,8000000,ACORN,random,0.3,7,0.0,0.030091,0.960104,0.981172
MS-MARCO-RBAC,8000000,8000000,ACORN,random,0.3,8,0.0,0.034397,0.955573,0.976757
MS-MARCO-RBAC,8000000,8000000,ACORN,random,0.3,9,0.0,0.033715,0.960359,0.977897
MS-MARCO-RBAC,8000000,8000000,HoneyBee,random,0.3,0,0.0,0.026345,0.962647,0.980444
MS-MARCO-RBAC,8000000,8000000,HoneyBee,random,0.3,1,0.0,0.031894,0.963784,0.980885
MS-MARCO-RBAC,8000000,8000000,HoneyBee,random,0.3,2,0.0,0.028638,0.96212,0.980929
MS-MARCO-RBAC,8000000,8000000,HoneyBee,random,0.3,3,0.0,0.02405,0.959494,0.977025
MS-MARCO-RBAC,8000000,8000000,HoneyBee,random,0.3,4,0.0,0.031027,0.960283,0.979055
MS-MARCO-RBAC,8000000,8000000,HoneyBee,random,0.3,5,0.0,0.032103,0.961417,0.980492
MS-MARCO-RBAC,8000000,8000000,HoneyBee,random,0.3,6,0.0,0.026539,0.963002,0.979282
MS-MARCO-RBAC,8000000,8000000,HoneyBee,random,0.3,7,0.0,0.030504,0.963438,0.981019
MS-MARCO-RBAC,8000000,8000000,HoneyBee,random,0.3,8,0.0,0.030741,0.958257,0.973914
MS-MARCO-RBAC,8000000,8000000,HoneyBee,random,0.3,9,0.0,0.02699,0.963158,0.977907
MS-MARCO-RBAC,8000000,8000000,SPFresh,random,0.3,0,0.0,0.05204,0.952409,0.977577
MS-MARCO-RBAC,8000000,8000000,SPFresh,random,0.3,1,0.0,0.056829,0.947794,0.976935
MS-MARCO-RBAC,8000000,8000000,SPFresh,random,0.3,2,0.0,0.053515,0.955116,0.979273
MS-MARCO-RBAC,8000000,8000000,SPFresh,random,0.3,3,0.0,0.047181,0.951113,0.977132
MS-MARCO-RBAC,8000000,8000000,SPFresh,random,0.3,4,0.0,0.04753,0.948372,0.977843
MS-MARCO-RBAC,8000000,8000000,SPFresh,random,0.3,5,0.0,0.051702,0.95418,0.981615
MS-MARCO-RBAC,8000000,8000000,SPFresh,random,0.3,6,0.0,0.042507,0.951328,0.97748
MS-MARCO-RBAC,8000000,8000000,SPFresh,random,0.3,7,0.0,0.047059,0.94892,0.97629
MS-MARCO-RBAC,8000000,8000000,SPFresh,random,0.3,8,0.0,0.047756,0.954899,0.978514
MS-MARCO-RBAC,8000000,8000000,SPFresh,random,0.3,9,0.0,0.054542,0.951463,0.977309
MS-MARCO-RBAC,8000000,8000000,Oracle,random,0.3,0,0.0,0.0,0.979017,0.979017
MS-MARCO-RBAC,8000000,8000000,Oracle,random,0.3,1,0.0,0.0,0.98181,0.98181
MS-MARCO-RBAC,8000000,8000000,Oracle,random,0.3,2,0.0,0.0,0.97828,0.97828
MS-MARCO-RBAC,8000000,8000000,Oracle,random,0.3,3,0.0,0.0,0.977113,0.977113
MS-MARCO-RBAC,8000000,8000000,Oracle,random,0.3,4,0.0,0.0,0.978284,0.978284
MS-MARCO-RBAC,8000000,8000000,Oracle,random,0.3,5,0.0,0.0,0.978169,0.978169
MS-MARCO-RBAC,8000000,8000000,Oracle,random,0.3,6,0.0,0.0,0.977984,0.977984
MS-MARCO-RBAC,8000000,8000000,Oracle,random,0.3,7,0.0,0.0,0.976741,0.976741
MS-MARCO-RBAC,8000000,8000000,Oracle,random,0.3,8,0.0,0.0,0.979025,0.979025
MS-MARCO-RBAC,8000000,8000000,Oracle,random,0.3,9,0.0,0.0,0.978105,0.978105
MS-MARCO-RBAC,8000000,8000000,Tombstone,random,0.4,0,0.0,0.106626,0.936366,0.978818
MS-MARCO-RBAC,8000000,8000000,Tombstone,random,0.4,1,0.0,0.105495,0.943056,0.979452
MS-MARCO-RBAC,8000000,8000000,Tombstone,random,0.4,2,0.0,0.103399,0.943892,0.978994
MS-MARCO-RBAC,8000000,8000000,Tombstone,random,0.4,3,0.0,0.104456,0.937336,0.976552
MS-MARCO-RBAC,8000000,8000000,Tombstone,random,0.4,4,0.0,0.108728,0.932262,0.977014
MS-MARCO-RBAC,8000000,8000000,Tombstone,random,0.4,5,0.0,0.10659,0.937231,0.978079
MS-MARCO-RBAC,8000000,8000000,Tombstone,random,0.4,6,0.0,0.103937,0.938583,0.980732
MS-MARCO-RBAC,8000000,8000000,Tombstone,random,0.4,7,0.0,0.107732,0.934154,0.975339
MS-MARCO-RBAC,8000000,8000000,Tombstone,random,0.4,8,0.0,0.105348,0.939923,0.976213
MS-MARCO-RBAC,8000000,8000000,Tombstone,random,0.4,9,0.0,0.105415,0.942287,0.979137
MS-MARCO-RBAC,8000000,8000000,Post-filter,random,0.4,0,0.0,0.113566,0.935062,0.978953
MS-MARCO-RBAC,8000000,8000000,Post-filter,random,0.4,1,0.0,0.110891,0.936069,0.978599
MS-MARCO-RBAC,8000000,8000000,Post-filter,random,0.4,2,0.0,0.108891,0.926184,0.976783
MS-MARCO-RBAC,8000000,8000000,Post-filter,random,0.4,3,0.0,0.109456,0.933912,0.978024
MS-MARCO-RBAC,8000000,8000000,Post-filter,random,0.4,4,0.0,0.108786,0.933911,0.978461
MS-MARCO-RBAC,8000000,8000000,Post-filter,random,0.4,5,0.0,0.109921,0.932384,0.977349
MS-MARCO-RBAC,8000000,8000000,Post-filter,random,0.4,6,0.0,0.113688,0.930199,0.977052
MS-MARCO-RBAC,8000000,8000000,Post-filter,random,0.4,7,0.0,0.110732,0.936375,0.979238
MS-MARCO-RBAC,8000000,8000000,Post-filter,random,0.4,8,0.0,0.114349,0.936707,0.97817
MS-MARCO-RBAC,8000000,8000000,Post-filter,random,0.4,9,0.0,0.111479,0.937068,0.980772
MS-MARCO-RBAC,8000000,8000000,Lethe,random,0.4,0,0.0,0.010237,0.977085,0.980288
MS-MARCO-RBAC,8000000,8000000,Lethe,random,0.4,1,0.0,0.005202,0.975144,0.977331
MS-MARCO-RBAC,8000000,8000000,Lethe,random,0.4,2,0.0,0.002434,0.977412,0.981366
MS-MARCO-RBAC,8000000,8000000,Lethe,random,0.4,3,0.0,0.007108,0.977096,0.980531
MS-MARCO-RBAC,8000000,8000000,Lethe,random,0.4,4,0.0,0.008049,0.970724,0.977022
MS-MARCO-RBAC,8000000,8000000,Lethe,random,0.4,5,0.0,0.00982,0.971263,0.974886
MS-MARCO-RBAC,8000000,8000000,Lethe,random,0.4,6,0.0,0.006765,0.973798,0.976823
MS-MARCO-RBAC,8000000,8000000,Lethe,random,0.4,7,0.0,0.006404,0.977471,0.979364
MS-MARCO-RBAC,8000000,8000000,Lethe,random,0.4,8,0.0,0.005519,0.970922,0.976598
MS-MARCO-RBAC,8000000,8000000,Lethe,random,0.4,9,0.0,0.009308,0.97061,0.975913
MS-MARCO-RBAC,8000000,8000000,Lethe-no-bypass,random,0.4,0,0.0,0.032569,0.9193,0.975568
MS-MARCO-RBAC,8000000,8000000,Lethe-no-bypass,random,0.4,1,0.0,0.039097,0.921229,0.977145
MS-MARCO-RBAC,8000000,8000000,Lethe-no-bypass,random,0.4,2,0.0,0.029871,0.926298,0.980559
MS-MARCO-RBAC,8000000,8000000,Lethe-no-bypass,random,0.4,3,0.0,0.040031,0.920335,0.975447
MS-MARCO-RBAC,8000000,8000000,Lethe-no-bypass,random,0.4,4,0.0,0.031964,0.926855,0.979109
MS-MARCO-RBAC,8000000,8000000,Lethe-no-bypass,random,0.4,5,0.0,0.039895,0.919386,0.975757
MS-MARCO-RBAC,8000000,8000000,Lethe-no-bypass,random,0.4,6,0.0,0.038709,0.923532,0.977578
MS-MARCO-RBAC,8000000,8000000,Lethe-no-bypass,random,0.4,7,0.0,0.036785,0.920937,0.978649
MS-MARCO-RBAC,8000000,8000000,Lethe-no-bypass,random,0.4,8,0.0,0.035061,0.919026,0.975613
MS-MARCO-RBAC,8000000,8000000,Lethe-no-bypass,random,0.4,9,0.0,0.030361,0.920052,0.975179
MS-MARCO-RBAC,8000000,8000000,Lethe-no-revaware-traversal,random,0.4,0,0.0,0.093859,0.951301,0.976611
MS-MARCO-RBAC,8000000,8000000,Lethe-no-revaware-traversal,random,0.4,1,0.0,0.097853,0.95741,0.981047
MS-MARCO-RBAC,8000000,8000000,Lethe-no-revaware-traversal,random,0.4,2,0.0,0.104985,0.951816,0.978376
MS-MARCO-RBAC,8000000,8000000,Lethe-no-revaware-traversal,random,0.4,3,0.0,0.092349,0.947919,0.976392
MS-MARCO-RBAC,8000000,8000000,Lethe-no-revaware-traversal,random,0.4,4,0.0,0.099877,0.952453,0.981325
MS-MARCO-RBAC,8000000,8000000,Lethe-no-revaware-traversal,random,0.4,5,0.0,0.094536,0.953073,0.979595
MS-MARCO-RBAC,8000000,8000000,Lethe-no-revaware-traversal,random,0.4,6,0.0,0.099824,0.955275,0.979506
MS-MARCO-RBAC,8000000,8000000,Lethe-no-revaware-traversal,random,0.4,7,0.0,0.095457,0.954046,0.978724
MS-MARCO-RBAC,8000000,8000000,Lethe-no-revaware-traversal,random,0.4,8,0.0,0.097952,0.95083,0.976603
MS-MARCO-RBAC,8000000,8000000,Lethe-no-revaware-traversal,random,0.4,9,0.0,0.098293,0.953522,0.979873
MS-MARCO-RBAC,8000000,8000000,Physical-delete,random,0.4,0,0.0,0.025553,0.940862,0.976841
MS-MARCO-RBAC,8000000,8000000,Physical-delete,random,0.4,1,0.0,0.025739,0.94729,0.979524
MS-MARCO-RBAC,8000000,8000000,Physical-delete,random,0.4,2,0.0,0.028686,0.943138,0.978598
MS-MARCO-RBAC,8000000,8000000,Physical-delete,random,0.4,3,0.0,0.023367,0.944479,0.976974
MS-MARCO-RBAC,8000000,8000000,Physical-delete,random,0.4,4,0.0,0.024941,0.938003,0.976127
MS-MARCO-RBAC,8000000,8000000,Physical-delete,random,0.4,5,0.0,0.019857,0.942807,0.978266
MS-MARCO-RBAC,8000000,8000000,Physical-delete,random,0.4,6,0.0,0.025255,0.94345,0.976547
MS-MARCO-RBAC,8000000,8000000,Physical-delete,random,0.4,7,0.0,0.031826,0.935891,0.975922
MS-MARCO-RBAC,8000000,8000000,Physical-delete,random,0.4,8,0.0,0.022519,0.943989,0.979336
MS-MARCO-RBAC,8000000,8000000,Physical-delete,random,0.4,9,0.0,0.026445,0.940919,0.97555
MS-MARCO-RBAC,8000000,8000000,Periodic-rebuild,random,0.4,0,0.0,0.045714,0.962908,0.978491
MS-MARCO-RBAC,8000000,8000000,Periodic-rebuild,random,0.4,1,0.0,0.046436,0.962264,0.977012
MS-MARCO-RBAC,8000000,8000000,Periodic-rebuild,random,0.4,2,0.0,0.042286,0.961143,0.978603
MS-MARCO-RBAC,8000000,8000000,Periodic-rebuild,random,0.4,3,0.0,0.050695,0.961387,0.977941
MS-MARCO-RBAC,8000000,8000000,Periodic-rebuild,random,0.4,4,0.0,0.04907,0.954478,0.978105
MS-MARCO-RBAC,8000000,8000000,Periodic-rebuild,random,0.4,5,0.0,0.04728,0.965294,0.980758
MS-MARCO-RBAC,8000000,8000000,Periodic-rebuild,random,0.4,6,0.0,0.045415,0.963805,0.97986
MS-MARCO-RBAC,8000000,8000000,Periodic-rebuild,random,0.4,7,0.0,0.053797,0.96105,0.977645
MS-MARCO-RBAC,8000000,8000000,Periodic-rebuild,random,0.4,8,0.0,0.045556,0.960575,0.981178
MS-MARCO-RBAC,8000000,8000000,Periodic-rebuild,random,0.4,9,0.0,0.051937,0.960058,0.977653
MS-MARCO-RBAC,8000000,8000000,Per-role-index,random,0.4,0,0.0,0.004856,0.974404,0.979429
MS-MARCO-RBAC,8000000,8000000,Per-role-index,random,0.4,1,0.0,0.005012,0.97222,0.975543
MS-MARCO-RBAC,8000000,8000000,Per-role-index,random,0.4,2,0.0,0.0,0.971241,0.976817
MS-MARCO-RBAC,8000000,8000000,Per-role-index,random,0.4,3,0.0,0.004042,0.974453,0.980188
MS-MARCO-RBAC,8000000,8000000,Per-role-index,random,0.4,4,0.0,0.007021,0.974735,0.978799
MS-MARCO-RBAC,8000000,8000000,Per-role-index,random,0.4,5,0.0,0.0,0.96901,0.97313
MS-MARCO-RBAC,8000000,8000000,Per-role-index,random,0.4,6,0.0,0.000809,0.973761,0.978824
MS-MARCO-RBAC,8000000,8000000,Per-role-index,random,0.4,7,0.0,0.009598,0.967783,0.973563
MS-MARCO-RBAC,8000000,8000000,Per-role-index,random,0.4,8,0.0,0.004159,0.976677,0.980271
MS-MARCO-RBAC,8000000,8000000,Per-role-index,random,0.4,9,0.0,0.004829,0.966811,0.973258
MS-MARCO-RBAC,8000000,8000000,ACORN,random,0.4,0,0.0,0.037784,0.959409,0.978836
MS-MARCO-RBAC,8000000,8000000,ACORN,random,0.4,1,0.0,0.039709,0.95218,0.973294
MS-MARCO-RBAC,8000000,8000000,ACORN,random,0.4,2,0.0,0.042397,0.955857,0.978173
MS-MARCO-RBAC,8000000,8000000,ACORN,random,0.4,3,0.0,0.042303,0.956907,0.977685
MS-MARCO-RBAC,8000000,8000000,ACORN,random,0.4,4,0.0,0.044426,0.959712,0.979665
MS-MARCO-RBAC,8000000,8000000,ACORN,random,0.4,5,0.0,0.043142,0.956284,0.977386
MS-MARCO-RBAC,8000000,8000000,ACORN,random,0.4,6,0.0,0.037054,0.958243,0.979514
MS-MARCO-RBAC,8000000,8000000,ACORN,random,0.4,7,0.0,0.041622,0.958509,0.978866
MS-MARCO-RBAC,8000000,8000000,ACORN,random,0.4,8,0.0,0.044178,0.956624,0.977976
MS-MARCO-RBAC,8000000,8000000,ACORN,random,0.4,9,0.0,0.035526,0.955889,0.976549
MS-MARCO-RBAC,8000000,8000000,HoneyBee,random,0.4,0,0.0,0.043195,0.961163,0.976847
MS-MARCO-RBAC,8000000,8000000,HoneyBee,random,0.4,1,0.0,0.034557,0.959429,0.977607
MS-MARCO-RBAC,8000000,8000000,HoneyBee,random,0.4,2,0.0,0.033338,0.956942,0.977012
MS-MARCO-RBAC,8000000,8000000,HoneyBee,random,0.4,3,0.0,0.037919,0.952056,0.972351
MS-MARCO-RBAC,8000000,8000000,HoneyBee,random,0.4,4,0.0,0.031592,0.957624,0.974899
MS-MARCO-RBAC,8000000,8000000,HoneyBee,random,0.4,5,0.0,0.035727,0.95565,0.979472
MS-MARCO-RBAC,8000000,8000000,HoneyBee,random,0.4,6,0.0,0.04182,0.964592,0.979989
MS-MARCO-RBAC,8000000,8000000,HoneyBee,random,0.4,7,0.0,0.034367,0.956372,0.976816
MS-MARCO-RBAC,8000000,8000000,HoneyBee,random,0.4,8,0.0,0.040035,0.958733,0.977156
MS-MARCO-RBAC,8000000,8000000,HoneyBee,random,0.4,9,0.0,0.034505,0.960096,0.977235
MS-MARCO-RBAC,8000000,8000000,SPFresh,random,0.4,0,0.0,0.060185,0.953569,0.98065
MS-MARCO-RBAC,8000000,8000000,SPFresh,random,0.4,1,0.0,0.069698,0.954896,0.982824
MS-MARCO-RBAC,8000000,8000000,SPFresh,random,0.4,2,0.0,0.061057,0.945941,0.976258
MS-MARCO-RBAC,8000000,8000000,SPFresh,random,0.4,3,0.0,0.068601,0.949539,0.977483
MS-MARCO-RBAC,8000000,8000000,SPFresh,random,0.4,4,0.0,0.064281,0.951594,0.979498
MS-MARCO-RBAC,8000000,8000000,SPFresh,random,0.4,5,0.0,0.067325,0.951381,0.979578
MS-MARCO-RBAC,8000000,8000000,SPFresh,random,0.4,6,0.0,0.061486,0.951043,0.976002
MS-MARCO-RBAC,8000000,8000000,SPFresh,random,0.4,7,0.0,0.066832,0.953671,0.978079
MS-MARCO-RBAC,8000000,8000000,SPFresh,random,0.4,8,0.0,0.061099,0.947945,0.974365
MS-MARCO-RBAC,8000000,8000000,SPFresh,random,0.4,9,0.0,0.069236,0.952853,0.978726
MS-MARCO-RBAC,8000000,8000000,Oracle,random,0.4,0,0.0,0.0,0.978855,0.978855
MS-MARCO-RBAC,8000000,8000000,Oracle,random,0.4,1,0.0,0.0,0.975913,0.975913
MS-MARCO-RBAC,8000000,8000000,Oracle,random,0.4,2,0.0,0.0,0.978196,0.978196
MS-MARCO-RBAC,8000000,8000000,Oracle,random,0.4,3,0.0,0.0,0.981622,0.981622
MS-MARCO-RBAC,8000000,8000000,Oracle,random,0.4,4,0.0,0.0,0.978951,0.978951
MS-MARCO-RBAC,8000000,8000000,Oracle,random,0.4,5,0.0,0.0,0.977759,0.977759
MS-MARCO-RBAC,8000000,8000000,Oracle,random,0.4,6,0.0,0.0,0.981215,0.981215
MS-MARCO-RBAC,8000000,8000000,Oracle,random,0.4,7,0.0,0.0,0.978773,0.978773
MS-MARCO-RBAC,8000000,8000000,Oracle,random,0.4,8,0.0,0.0,0.975705,0.975705
MS-MARCO-RBAC,8000000,8000000,Oracle,random,0.4,9,0.0,0.0,0.974808,0.974808
MS-MARCO-RBAC,8000000,8000000,Tombstone,random,0.5,0,0.0,0.121922,0.941189,0.978775
MS-MARCO-RBAC,8000000,8000000,Tombstone,random,0.5,1,0.0,0.118576,0.935595,0.978869
MS-MARCO-RBAC,8000000,8000000,Tombstone,random,0.5,2,0.0,0.117893,0.941849,0.980302
MS-MARCO-RBAC,8000000,8000000,Tombstone,random,0.5,3,0.0,0.12079,0.938276,0.977835
MS-MARCO-RBAC,8000000,8000000,Tombstone,random,0.5,4,0.0,0.121369,0.939691,0.981049
MS-MARCO-RBAC,8000000,8000000,Tombstone,random,0.5,5,0.0,0.112326,0.942419,0.980283
MS-MARCO-RBAC,8000000,8000000,Tombstone,random,0.5,6,0.0,0.130746,0.936463,0.976866
MS-MARCO-RBAC,8000000,8000000,Tombstone,random,0.5,7,0.0,0.122464,0.935838,0.977054
MS-MARCO-RBAC,8000000,8000000,Tombstone,random,0.5,8,0.0,0.120047,0.937244,0.978236
MS-MARCO-RBAC,8000000,8000000,Tombstone,random,0.5,9,0.0,0.126544,0.936012,0.974993
MS-MARCO-RBAC,8000000,8000000,Post-filter,random,0.5,0,0.0,0.130349,0.929399,0.978345
MS-MARCO-RBAC,8000000,8000000,Post-filter,random,0.5,1,0.0,0.131873,0.935982,0.978804
MS-MARCO-RBAC,8000000,8000000,Post-filter,random,0.5,2,0.0,0.128809,0.931959,0.978456
MS-MARCO-RBAC,8000000,8000000,Post-filter,random,0.5,3,0.0,0.126468,0.937436,0.97992
MS-MARCO-RBAC,8000000,8000000,Post-filter,random,0.5,4,0.0,0.141621,0.929615,0.976441
MS-MARCO-RBAC,8000000,8000000,Post-filter,random,0.5,5,0.0,0.122245,0.931505,0.976072
MS-MARCO-RBAC,8000000,8000000,Post-filter,random,0.5,6,0.0,0.13149,0.932588,0.976447
MS-MARCO-RBAC,8000000,8000000,Post-filter,random,0.5,7,0.0,0.126999,0.934913,0.977823
MS-MARCO-RBAC,8000000,8000000,Post-filter,random,0.5,8,0.0,0.129094,0.936951,0.979875
MS-MARCO-RBAC,8000000,8000000,Post-filter,random,0.5,9,0.0,0.127443,0.933999,0.975827
MS-MARCO-RBAC,8000000,8000000,Lethe,random,0.5,0,0.0,0.010532,0.972837,0.978767
MS-MARCO-RBAC,8000000,8000000,Lethe,random,0.5,1,0.0,0.014911,0.974647,0.980423
MS-MARCO-RBAC,8000000,8000000,Lethe,random,0.5,2,0.0,0.009836,0.971916,0.978355
MS-MARCO-RBAC,8000000,8000000,Lethe,random,0.5,3,0.0,0.006982,0.975271,0.979196
MS-MARCO-RBAC,8000000,8000000,Lethe,random,0.5,4,0.0,0.011047,0.972985,0.97829
MS-MARCO-RBAC,8000000,8000000,Lethe,random,0.5,5,0.0,0.014602,0.968349,0.97407
MS-MARCO-RBAC,8000000,8000000,Lethe,random,0.5,6,0.0,0.005919,0.973376,0.974966
MS-MARCO-RBAC,8000000,8000000,Lethe,random,0.5,7,0.0,0.002854,0.970528,0.976639
MS-MARCO-RBAC,8000000,8000000,Lethe,random,0.5,8,0.0,0.003006,0.970986,0.976903
MS-MARCO-RBAC,8000000,8000000,Lethe,random,0.5,9,0.0,0.010648,0.973164,0.977022
MS-MARCO-RBAC,8000000,8000000,Lethe-no-bypass,random,0.5,0,0.0,0.048802,0.927404,0.981604
MS-MARCO-RBAC,8000000,8000000,Lethe-no-bypass,random,0.5,1,0.0,0.035922,0.917341,0.975737
MS-MARCO-RBAC,8000000,8000000,Lethe-no-bypass,random,0.5,2,0.0,0.045845,0.928721,0.980412
MS-MARCO-RBAC,8000000,8000000,Lethe-no-bypass,random,0.5,3,0.0,0.040642,0.91902,0.976389
MS-MARCO-RBAC,8000000,8000000,Lethe-no-bypass,random,0.5,4,0.0,0.034586,0.923838,0.979518
MS-MARCO-RBAC,8000000,8000000,Lethe-no-bypass,random,0.5,5,0.0,0.037071,0.924128,0.979503
MS-MARCO-RBAC,8000000,8000000,Lethe-no-bypass,random,0.5,6,0.0,0.041329,0.922165,0.978149
MS-MARCO-RBAC,8000000,8000000,Lethe-no-bypass,random,0.5,7,0.0,0.035024,0.920651,0.97789
MS-MARCO-RBAC,8000000,8000000,Lethe-no-bypass,random,0.5,8,0.0,0.047396,0.919424,0.978619
MS-MARCO-RBAC,8000000,8000000,Lethe-no-bypass,random,0.5,9,0.0,0.03995,0.92202,0.975867
MS-MARCO-RBAC,8000000,8000000,Lethe-no-revaware-traversal,random,0.5,0,0.0,0.114745,0.948207,0.975114
MS-MARCO-RBAC,8000000,8000000,Lethe-no-revaware-traversal,random,0.5,1,0.0,0.116127,0.954091,0.980247
MS-MARCO-RBAC,8000000,8000000,Lethe-no-revaware-traversal,random,0.5,2,0.0,0.117594,0.954863,0.977293
MS-MARCO-RBAC,8000000,8000000,Lethe-no-revaware-traversal,random,0.5,3,0.0,0.115433,0.948369,0.977129
MS-MARCO-RBAC,8000000,8000000,Lethe-no-revaware-traversal,random,0.5,4,0.0,0.116257,0.952482,0.978418
MS-MARCO-RBAC,8000000,8000000,Lethe-no-revaware-traversal,random,0.5,5,0.0,0.116547,0.948777,0.976567
MS-MARCO-RBAC,8000000,8000000,Lethe-no-revaware-traversal,random,0.5,6,0.0,0.118571,0.948096,0.974889
MS-MARCO-RBAC,8000000,8000000,Lethe-no-revaware-traversal,random,0.5,7,0.0,0.113064,0.95329,0.98061
MS-MARCO-RBAC,8000000,8000000,Lethe-no-revaware-traversal,random,0.5,8,0.0,0.115961,0.953911,0.980803
MS-MARCO-RBAC,8000000,8000000,Lethe-no-revaware-traversal,random,0.5,9,0.0,0.116686,0.951978,0.976434
MS-MARCO-RBAC,8000000,8000000,Physical-delete,random,0.5,0,0.0,0.027424,0.945451,0.978295
MS-MARCO-RBAC,8000000,8000000,Physical-delete,random,0.5,1,0.0,0.032233,0.93716,0.977556
MS-MARCO-RBAC,8000000,8000000,Physical-delete,random,0.5,2,0.0,0.029441,0.939328,0.976919
MS-MARCO-RBAC,8000000,8000000,Physical-delete,random,0.5,3,0.0,0.030951,0.941705,0.977974
MS-MARCO-RBAC,8000000,8000000,Physical-delete,random,0.5,4,0.0,0.030709,0.943158,0.978759
MS-MARCO-RBAC,8000000,8000000,Physical-delete,random,0.5,5,0.0,0.034914,0.943647,0.978468
MS-MARCO-RBAC,8000000,8000000,Physical-delete,random,0.5,6,0.0,0.026257,0.942097,0.978367
MS-MARCO-RBAC,8000000,8000000,Physical-delete,random,0.5,7,0.0,0.027922,0.939481,0.978797
MS-MARCO-RBAC,8000000,8000000,Physical-delete,random,0.5,8,0.0,0.028482,0.942894,0.978968
MS-MARCO-RBAC,8000000,8000000,Physical-delete,random,0.5,9,0.0,0.030439,0.941095,0.981057
MS-MARCO-RBAC,8000000,8000000,Periodic-rebuild,random,0.5,0,0.0,0.057794,0.960855,0.977456
MS-MARCO-RBAC,8000000,8000000,Periodic-rebuild,random,0.5,1,0.0,0.059589,0.957398,0.975942
MS-MARCO-RBAC,8000000,8000000,Periodic-rebuild,random,0.5,2,0.0,0.060318,0.960525,0.977775
MS-MARCO-RBAC,8000000,8000000,Periodic-rebuild,random,0.5,3,0.0,0.056649,0.961217,0.978711
MS-MARCO-RBAC,8000000,8000000,Periodic-rebuild,random,0.5,4,0.0,0.063279,0.960735,0.977123
MS-MARCO-RBAC,8000000,8000000,Periodic-rebuild,random,0.5,5,0.0,0.056033,0.960936,0.981019
MS-MARCO-RBAC,8000000,8000000,Periodic-rebuild,random,0.5,6,0.0,0.064705,0.95601,0.973495
MS-MARCO-RBAC,8000000,8000000,Periodic-rebuild,random,0.5,7,0.0,0.061321,0.957077,0.976142
MS-MARCO-RBAC,8000000,8000000,Periodic-rebuild,random,0.5,8,0.0,0.058015,0.958275,0.977077
MS-MARCO-RBAC,8000000,8000000,Periodic-rebuild,random,0.5,9,0.0,0.055961,0.959668,0.975723
MS-MARCO-RBAC,8000000,8000000,Per-role-index,random,0.5,0,0.0,0.005857,0.972709,0.977171
MS-MARCO-RBAC,8000000,8000000,Per-role-index,random,0.5,1,0.0,0.004673,0.973992,0.977262
MS-MARCO-RBAC,8000000,8000000,Per-role-index,random,0.5,2,0.0,0.011675,0.972826,0.976553
MS-MARCO-RBAC,8000000,8000000,Per-role-index,random,0.5,3,0.0,0.000659,0.972024,0.977757
MS-MARCO-RBAC,8000000,8000000,Per-role-index,random,0.5,4,0.0,0.0,0.974508,0.980818
MS-MARCO-RBAC,8000000,8000000,Per-role-index,random,0.5,5,0.0,0.0,0.973091,0.974777
MS-MARCO-RBAC,8000000,8000000,Per-role-index,random,0.5,6,0.0,0.003413,0.972272,0.976412
MS-MARCO-RBAC,8000000,8000000,Per-role-index,random,0.5,7,0.0,0.000692,0.971654,0.976109
MS-MARCO-RBAC,8000000,8000000,Per-role-index,random,0.5,8,0.0,0.005778,0.972573,0.978231
MS-MARCO-RBAC,8000000,8000000,Per-role-index,random,0.5,9,0.0,0.005612,0.973456,0.978684
MS-MARCO-RBAC,8000000,8000000,ACORN,random,0.5,0,0.0,0.047806,0.959153,0.977559
MS-MARCO-RBAC,8000000,8000000,ACORN,random,0.5,1,0.0,0.048796,0.958963,0.980025
MS-MARCO-RBAC,8000000,8000000,ACORN,random,0.5,2,0.0,0.054711,0.9589,0.979588
MS-MARCO-RBAC,8000000,8000000,ACORN,random,0.5,3,0.0,0.052906,0.958236,0.975235
MS-MARCO-RBAC,8000000,8000000,ACORN,random,0.5,4,0.0,0.044293,0.96317,0.980155
MS-MARCO-RBAC,8000000,8000000,ACORN,random,0.5,5,0.0,0.049816,0.954355,0.975031
MS-MARCO-RBAC,8000000,8000000,ACORN,random,0.5,6,0.0,0.053291,0.960648,0.977439
MS-MARCO-RBAC,8000000,8000000,ACORN,random,0.5,7,0.0,0.049388,0.954286,0.975511
MS-MARCO-RBAC,8000000,8000000,ACORN,random,0.5,8,0.0,0.050958,0.960139,0.979869
MS-MARCO-RBAC,8000000,8000000,ACORN,random,0.5,9,0.0,0.053475,0.951839,0.975327
MS-MARCO-RBAC,8000000,8000000,HoneyBee,random,0.5,0,0.0,0.037373,0.957493,0.974958
MS-MARCO-RBAC,8000000,8000000,HoneyBee,random,0.5,1,0.0,0.037199,0.957719,0.974497
MS-MARCO-RBAC,8000000,8000000,HoneyBee,random,0.5,2,0.0,0.045345,0.955293,0.975704
MS-MARCO-RBAC,8000000,8000000,HoneyBee,random,0.5,3,0.0,0.039333,0.959484,0.975579
MS-MARCO-RBAC,8000000,8000000,HoneyBee,random,0.5,4,0.0,0.041967,0.958305,0.976991
MS-MARCO-RBAC,8000000,8000000,HoneyBee,random,0.5,5,0.0,0.04933,0.961017,0.978314
MS-MARCO-RBAC,8000000,8000000,HoneyBee,random,0.5,6,0.0,0.038847,0.95935,0.977837
MS-MARCO-RBAC,8000000,8000000,HoneyBee,random,0.5,7,0.0,0.038833,0.959364,0.976734
MS-MARCO-RBAC,8000000,8000000,HoneyBee,random,0.5,8,0.0,0.031538,0.959224,0.976761
MS-MARCO-RBAC,8000000,8000000,HoneyBee,random,0.5,9,0.0,0.048246,0.961287,0.979773
MS-MARCO-RBAC,8000000,8000000,SPFresh,random,0.5,0,0.0,0.0759,0.951471,0.977684
MS-MARCO-RBAC,8000000,8000000,SPFresh,random,0.5,1,0.0,0.075681,0.949497,0.976375
MS-MARCO-RBAC,8000000,8000000,SPFresh,random,0.5,2,0.0,0.077368,0.954658,0.980244
MS-MARCO-RBAC,8000000,8000000,SPFresh,random,0.5,3,0.0,0.081223,0.953208,0.982517
MS-MARCO-RBAC,8000000,8000000,SPFresh,random,0.5,4,0.0,0.079307,0.944927,0.974791
MS-MARCO-RBAC,8000000,8000000,SPFresh,random,0.5,5,0.0,0.076575,0.951836,0.978303
MS-MARCO-RBAC,8000000,8000000,SPFresh,random,0.5,6,0.0,0.071582,0.952167,0.977572
MS-MARCO-RBAC,8000000,8000000,SPFresh,random,0.5,7,0.0,0.073463,0.947403,0.975043
MS-MARCO-RBAC,8000000,8000000,SPFresh,random,0.5,8,0.0,0.07162,0.95195,0.978134
MS-MARCO-RBAC,8000000,8000000,SPFresh,random,0.5,9,0.0,0.068221,0.951376,0.978166
MS-MARCO-RBAC,8000000,8000000,Oracle,random,0.5,0,0.0,0.0,0.977044,0.977044
MS-MARCO-RBAC,8000000,8000000,Oracle,random,0.5,1,0.0,0.0,0.981123,0.981123
MS-MARCO-RBAC,8000000,8000000,Oracle,random,0.5,2,0.0,0.0,0.974988,0.974988
MS-MARCO-RBAC,8000000,8000000,Oracle,random,0.5,3,0.0,0.0,0.976365,0.976365
MS-MARCO-RBAC,8000000,8000000,Oracle,random,0.5,4,0.0,0.0,0.982544,0.982544
MS-MARCO-RBAC,8000000,8000000,Oracle,random,0.5,5,0.0,0.0,0.979419,0.979419
MS-MARCO-RBAC,8000000,8000000,Oracle,random,0.5,6,0.0,0.0,0.97471,0.97471
MS-MARCO-RBAC,8000000,8000000,Oracle,random,0.5,7,0.0,0.0,0.978815,0.978815
MS-MARCO-RBAC,8000000,8000000,Oracle,random,0.5,8,0.0,0.0,0.978476,0.978476
MS-MARCO-RBAC,8000000,8000000,Oracle,random,0.5,9,0.0,0.0,0.977058,0.977058
MS-MARCO-RBAC,8000000,8000000,Tombstone,hub,0.0,0,0.0,0.0,0.935332,0.975962
MS-MARCO-RBAC,8000000,8000000,Tombstone,hub,0.0,1,0.0,0.0,0.938176,0.978819
MS-MARCO-RBAC,8000000,8000000,Tombstone,hub,0.0,2,0.0,0.0,0.9421,0.977384
MS-MARCO-RBAC,8000000,8000000,Tombstone,hub,0.0,3,0.0,0.0,0.939127,0.976694
MS-MARCO-RBAC,8000000,8000000,Tombstone,hub,0.0,4,0.0,0.0,0.935933,0.972941
MS-MARCO-RBAC,8000000,8000000,Tombstone,hub,0.0,5,0.0,0.0,0.93755,0.977839
MS-MARCO-RBAC,8000000,8000000,Tombstone,hub,0.0,6,0.0,0.0,0.94424,0.981436
MS-MARCO-RBAC,8000000,8000000,Tombstone,hub,0.0,7,0.0,0.0,0.940147,0.979346
MS-MARCO-RBAC,8000000,8000000,Tombstone,hub,0.0,8,0.0,0.0,0.940525,0.973378
MS-MARCO-RBAC,8000000,8000000,Tombstone,hub,0.0,9,0.0,0.0,0.947729,0.981193
MS-MARCO-RBAC,8000000,8000000,Post-filter,hub,0.0,0,0.0,0.0,0.932817,0.977189
MS-MARCO-RBAC,8000000,8000000,Post-filter,hub,0.0,1,0.0,0.0,0.936633,0.98018
MS-MARCO-RBAC,8000000,8000000,Post-filter,hub,0.0,2,0.0,0.0,0.938017,0.974509
MS-MARCO-RBAC,8000000,8000000,Post-filter,hub,0.0,3,0.0,0.0,0.934198,0.978231
MS-MARCO-RBAC,8000000,8000000,Post-filter,hub,0.0,4,0.0,0.0,0.939279,0.978496
MS-MARCO-RBAC,8000000,8000000,Post-filter,hub,0.0,5,0.0,0.0,0.934194,0.975154
MS-MARCO-RBAC,8000000,8000000,Post-filter,hub,0.0,6,0.0,0.0,0.936723,0.979288
MS-MARCO-RBAC,8000000,8000000,Post-filter,hub,0.0,7,0.0,0.0,0.940959,0.981601
MS-MARCO-RBAC,8000000,8000000,Post-filter,hub,0.0,8,0.0,0.0,0.937596,0.981653
MS-MARCO-RBAC,8000000,8000000,Post-filter,hub,0.0,9,0.0,0.0,0.938715,0.979955
MS-MARCO-RBAC,8000000,8000000,Lethe,hub,0.0,0,0.0,0.0,0.969747,0.974055
MS-MARCO-RBAC,8000000,8000000,Lethe,hub,0.0,1,0.0,0.0,0.970736,0.975444
MS-MARCO-RBAC,8000000,8000000,Lethe,hub,0.0,2,0.0,0.0,0.974678,0.978267
MS-MARCO-RBAC,8000000,8000000,Lethe,hub,0.0,3,0.0,0.0,0.968635,0.974798
MS-MARCO-RBAC,8000000,8000000,Lethe,hub,0.0,4,0.0,0.0,0.974532,0.980354
MS-MARCO-RBAC,8000000,8000000,Lethe,hub,0.0,5,0.0,0.0,0.972106,0.977032
MS-MARCO-RBAC,8000000,8000000,Lethe,hub,0.0,6,0.0,0.0,0.972542,0.977002
MS-MARCO-RBAC,8000000,8000000,Lethe,hub,0.0,7,0.0,0.0,0.971058,0.976135
MS-MARCO-RBAC,8000000,8000000,Lethe,hub,0.0,8,0.0,0.0,0.975516,0.977512
MS-MARCO-RBAC,8000000,8000000,Lethe,hub,0.0,9,0.0,0.0,0.974435,0.978191
MS-MARCO-RBAC,8000000,8000000,Lethe-no-bypass,hub,0.0,0,0.0,0.0,0.926208,0.980797
MS-MARCO-RBAC,8000000,8000000,Lethe-no-bypass,hub,0.0,1,0.0,0.0,0.927449,0.981119
MS-MARCO-RBAC,8000000,8000000,Lethe-no-bypass,hub,0.0,2,0.0,0.0,0.92405,0.978346
MS-MARCO-RBAC,8000000,8000000,Lethe-no-bypass,hub,0.0,3,0.0,0.0,0.923502,0.978121
MS-MARCO-RBAC,8000000,8000000,Lethe-no-bypass,hub,0.0,4,0.0,0.0,0.920721,0.974104
MS-MARCO-RBAC,8000000,8000000,Lethe-no-bypass,hub,0.0,5,0.0,0.0,0.922607,0.979651
MS-MARCO-RBAC,8000000,8000000,Lethe-no-bypass,hub,0.0,6,0.0,0.0,0.927085,0.97718
MS-MARCO-RBAC,8000000,8000000,Lethe-no-bypass,hub,0.0,7,0.0,0.0,0.922094,0.977402
MS-MARCO-RBAC,8000000,8000000,Lethe-no-bypass,hub,0.0,8,0.0,0.0,0.923203,0.978867
MS-MARCO-RBAC,8000000,8000000,Lethe-no-bypass,hub,0.0,9,0.0,0.0,0.922722,0.979396
MS-MARCO-RBAC,8000000,8000000,Lethe-no-revaware-traversal,hub,0.0,0,0.0,0.0,0.960836,0.986174
MS-MARCO-RBAC,8000000,8000000,Lethe-no-revaware-traversal,hub,0.0,1,0.0,0.0,0.954017,0.976786
MS-MARCO-RBAC,8000000,8000000,Lethe-no-revaware-traversal,hub,0.0,2,0.0,0.0,0.956842,0.980858
MS-MARCO-RBAC,8000000,8000000,Lethe-no-revaware-traversal,hub,0.0,3,0.0,0.0,0.956909,0.980708
MS-MARCO-RBAC,8000000,8000000,Lethe-no-revaware-traversal,hub,0.0,4,0.0,0.0,0.950099,0.974641
MS-MARCO-RBAC,8000000,8000000,Lethe-no-revaware-traversal,hub,0.0,5,0.0,0.0,0.953783,0.978969
MS-MARCO-RBAC,8000000,8000000,Lethe-no-revaware-traversal,hub,0.0,6,0.0,0.0,0.954433,0.978772
MS-MARCO-RBAC,8000000,8000000,Lethe-no-revaware-traversal,hub,0.0,7,0.0,0.0,0.952286,0.977158
MS-MARCO-RBAC,8000000,8000000,Lethe-no-revaware-traversal,hub,0.0,8,0.0,0.0,0.947877,0.977148
MS-MARCO-RBAC,8000000,8000000,Lethe-no-revaware-traversal,hub,0.0,9,0.0,0.0,0.951494,0.977721
MS-MARCO-RBAC,8000000,8000000,Physical-delete,hub,0.0,0,0.0,0.0,0.943119,0.978005
MS-MARCO-RBAC,8000000,8000000,Physical-delete,hub,0.0,1,0.0,0.0,0.941204,0.975772
MS-MARCO-RBAC,8000000,8000000,Physical-delete,hub,0.0,2,0.0,0.0,0.938859,0.97716
MS-MARCO-RBAC,8000000,8000000,Physical-delete,hub,0.0,3,0.0,0.0,0.941401,0.977592
MS-MARCO-RBAC,8000000,8000000,Physical-delete,hub,0.0,4,0.0,0.0,0.944491,0.980555
MS-MARCO-RBAC,8000000,8000000,Physical-delete,hub,0.0,5,0.0,0.0,0.945578,0.978145
MS-MARCO-RBAC,8000000,8000000,Physical-delete,hub,0.0,6,0.0,0.0,0.947112,0.982062
MS-MARCO-RBAC,8000000,8000000,Physical-delete,hub,0.0,7,0.0,0.0,0.938424,0.974907
MS-MARCO-RBAC,8000000,8000000,Physical-delete,hub,0.0,8,0.0,0.0,0.944305,0.978764
MS-MARCO-RBAC,8000000,8000000,Physical-delete,hub,0.0,9,0.0,0.0,0.944058,0.979363
MS-MARCO-RBAC,8000000,8000000,Periodic-rebuild,hub,0.0,0,0.0,0.0,0.959372,0.975757
MS-MARCO-RBAC,8000000,8000000,Periodic-rebuild,hub,0.0,1,0.0,0.0,0.958038,0.975357
MS-MARCO-RBAC,8000000,8000000,Periodic-rebuild,hub,0.0,2,0.0,0.0,0.964754,0.98228
MS-MARCO-RBAC,8000000,8000000,Periodic-rebuild,hub,0.0,3,0.0,0.0,0.957409,0.97603
MS-MARCO-RBAC,8000000,8000000,Periodic-rebuild,hub,0.0,4,0.0,0.0,0.957048,0.97601
MS-MARCO-RBAC,8000000,8000000,Periodic-rebuild,hub,0.0,5,0.0,0.0,0.957787,0.977233
MS-MARCO-RBAC,8000000,8000000,Periodic-rebuild,hub,0.0,6,0.0,0.0,0.95999,0.978698
MS-MARCO-RBAC,8000000,8000000,Periodic-rebuild,hub,0.0,7,0.0,0.0,0.958035,0.979221
MS-MARCO-RBAC,8000000,8000000,Periodic-rebuild,hub,0.0,8,0.0,0.0,0.96141,0.978026
MS-MARCO-RBAC,8000000,8000000,Periodic-rebuild,hub,0.0,9,0.0,0.0,0.959472,0.976831
MS-MARCO-RBAC,8000000,8000000,Per-role-index,hub,0.0,0,0.0,0.0,0.975489,0.977599
MS-MARCO-RBAC,8000000,8000000,Per-role-index,hub,0.0,1,0.0,0.0,0.97687,0.978877
MS-MARCO-RBAC,8000000,8000000,Per-role-index,hub,0.0,2,0.0,0.0,0.976117,0.978194
MS-MARCO-RBAC,8000000,8000000,Per-role-index,hub,0.0,3,0.0,0.0,0.977982,0.97922
MS-MARCO-RBAC,8000000,8000000,Per-role-index,hub,0.0,4,0.0,0.0,0.976649,0.979867
MS-MARCO-RBAC,8000000,8000000,Per-role-index,hub,0.0,5,0.0,0.0,0.973462,0.97528
MS-MARCO-RBAC,8000000,8000000,Per-role-index,hub,0.0,6,0.0,0.0,0.973688,0.979178
MS-MARCO-RBAC,8000000,8000000,Per-role-index,hub,0.0,7,0.0,0.0,0.978117,0.978234
MS-MARCO-RBAC,8000000,8000000,Per-role-index,hub,0.0,8,0.0,0.0,0.977169,0.980927
MS-MARCO-RBAC,8000000,8000000,Per-role-index,hub,0.0,9,0.0,0.0,0.976132,0.980075
MS-MARCO-RBAC,8000000,8000000,ACORN,hub,0.0,0,0.0,0.0,0.957112,0.977163
MS-MARCO-RBAC,8000000,8000000,ACORN,hub,0.0,1,0.0,0.0,0.956975,0.976845
MS-MARCO-RBAC,8000000,8000000,ACORN,hub,0.0,2,0.0,0.0,0.958162,0.977506
MS-MARCO-RBAC,8000000,8000000,ACORN,hub,0.0,3,0.0,0.0,0.958398,0.979622
MS-MARCO-RBAC,8000000,8000000,ACORN,hub,0.0,4,0.0,0.0,0.957059,0.976717
MS-MARCO-RBAC,8000000,8000000,ACORN,hub,0.0,5,0.0,0.0,0.955487,0.975443
MS-MARCO-RBAC,8000000,8000000,ACORN,hub,0.0,6,0.0,0.0,0.959607,0.980228
MS-MARCO-RBAC,8000000,8000000,ACORN,hub,0.0,7,0.0,0.0,0.959191,0.978765
MS-MARCO-RBAC,8000000,8000000,ACORN,hub,0.0,8,0.0,0.0,0.957681,0.980806
MS-MARCO-RBAC,8000000,8000000,ACORN,hub,0.0,9,0.0,0.0,0.960613,0.978291
MS-MARCO-RBAC,8000000,8000000,HoneyBee,hub,0.0,0,0.0,0.0,0.962467,0.979814
MS-MARCO-RBAC,8000000,8000000,HoneyBee,hub,0.0,1,0.0,0.0,0.96311,0.977918
MS-MARCO-RBAC,8000000,8000000,HoneyBee,hub,0.0,2,0.0,0.0,0.959407,0.978283
MS-MARCO-RBAC,8000000,8000000,HoneyBee,hub,0.0,3,0.0,0.0,0.966671,0.97973
MS-MARCO-RBAC,8000000,8000000,HoneyBee,hub,0.0,4,0.0,0.0,0.961954,0.97769
MS-MARCO-RBAC,8000000,8000000,HoneyBee,hub,0.0,5,0.0,0.0,0.957644,0.975246
MS-MARCO-RBAC,8000000,8000000,HoneyBee,hub,0.0,6,0.0,0.0,0.961392,0.977006
MS-MARCO-RBAC,8000000,8000000,HoneyBee,hub,0.0,7,0.0,0.0,0.962388,0.978795
MS-MARCO-RBAC,8000000,8000000,HoneyBee,hub,0.0,8,0.0,0.0,0.957436,0.977264
MS-MARCO-RBAC,8000000,8000000,HoneyBee,hub,0.0,9,0.0,0.0,0.963076,0.978664
MS-MARCO-RBAC,8000000,8000000,SPFresh,hub,0.0,0,0.0,0.0,0.952289,0.978862
MS-MARCO-RBAC,8000000,8000000,SPFresh,hub,0.0,1,0.0,0.0,0.954608,0.979916
MS-MARCO-RBAC,8000000,8000000,SPFresh,hub,0.0,2,0.0,0.0,0.953594,0.978832
MS-MARCO-RBAC,8000000,8000000,SPFresh,hub,0.0,3,0.0,0.0,0.946825,0.97553
MS-MARCO-RBAC,8000000,8000000,SPFresh,hub,0.0,4,0.0,0.0,0.951946,0.977187
MS-MARCO-RBAC,8000000,8000000,SPFresh,hub,0.0,5,0.0,0.0,0.953663,0.977908
MS-MARCO-RBAC,8000000,8000000,SPFresh,hub,0.0,6,0.0,0.0,0.951207,0.979398
MS-MARCO-RBAC,8000000,8000000,SPFresh,hub,0.0,7,0.0,0.0,0.954186,0.978838
MS-MARCO-RBAC,8000000,8000000,SPFresh,hub,0.0,8,0.0,0.0,0.94839,0.972566
MS-MARCO-RBAC,8000000,8000000,SPFresh,hub,0.0,9,0.0,0.0,0.948453,0.976559
MS-MARCO-RBAC,8000000,8000000,Oracle,hub,0.0,0,0.0,0.0,0.97389,0.97389
MS-MARCO-RBAC,8000000,8000000,Oracle,hub,0.0,1,0.0,0.0,0.982239,0.982239
MS-MARCO-RBAC,8000000,8000000,Oracle,hub,0.0,2,0.0,0.0,0.980645,0.980645
MS-MARCO-RBAC,8000000,8000000,Oracle,hub,0.0,3,0.0,0.0,0.980552,0.980552
MS-MARCO-RBAC,8000000,8000000,Oracle,hub,0.0,4,0.0,0.0,0.973982,0.973982
MS-MARCO-RBAC,8000000,8000000,Oracle,hub,0.0,5,0.0,0.0,0.978755,0.978755
MS-MARCO-RBAC,8000000,8000000,Oracle,hub,0.0,6,0.0,0.0,0.978263,0.978263
MS-MARCO-RBAC,8000000,8000000,Oracle,hub,0.0,7,0.0,0.0,0.977581,0.977581
MS-MARCO-RBAC,8000000,8000000,Oracle,hub,0.0,8,0.0,0.0,0.98127,0.98127
MS-MARCO-RBAC,8000000,8000000,Oracle,hub,0.0,9,0.0,0.0,0.979044,0.979044
MS-MARCO-RBAC,8000000,8000000,Tombstone,hub,0.1,0,0.0,0.064061,0.939277,0.97891
MS-MARCO-RBAC,8000000,8000000,Tombstone,hub,0.1,1,0.0,0.063454,0.944828,0.98185
MS-MARCO-RBAC,8000000,8000000,Tombstone,hub,0.1,2,0.0,0.072258,0.939615,0.977676
MS-MARCO-RBAC,8000000,8000000,Tombstone,hub,0.1,3,0.0,0.06454,0.943617,0.982052
MS-MARCO-RBAC,8000000,8000000,Tombstone,hub,0.1,4,0.0,0.062053,0.937117,0.97893
MS-MARCO-RBAC,8000000,8000000,Tombstone,hub,0.1,5,0.0,0.0636,0.945572,0.980542
MS-MARCO-RBAC,8000000,8000000,Tombstone,hub,0.1,6,0.0,0.066017,0.938256,0.975131
MS-MARCO-RBAC,8000000,8000000,Tombstone,hub,0.1,7,0.0,0.059187,0.938679,0.976945
MS-MARCO-RBAC,8000000,8000000,Tombstone,hub,0.1,8,0.0,0.064794,0.937701,0.977237
MS-MARCO-RBAC,8000000,8000000,Tombstone,hub,0.1,9,0.0,0.063975,0.94251,0.978577
MS-MARCO-RBAC,8000000,8000000,Post-filter,hub,0.1,0,0.0,0.065845,0.935568,0.979919
MS-MARCO-RBAC,8000000,8000000,Post-filter,hub,0.1,1,0.0,0.065532,0.935198,0.977645
MS-MARCO-RBAC,8000000,8000000,Post-filter,hub,0.1,2,0.0,0.072176,0.932942,0.976884
MS-MARCO-RBAC,8000000,8000000,Post-filter,hub,0.1,3,0.0,0.069934,0.933257,0.978583
MS-MARCO-RBAC,8000000,8000000,Post-filter,hub,0.1,4,0.0,0.071079,0.934672,0.977242
MS-MARCO-RBAC,8000000,8000000,Post-filter,hub,0.1,5,0.0,0.062479,0.930744,0.977483
MS-MARCO-RBAC,8000000,8000000,Post-filter,hub,0.1,6,0.0,0.068074,0.934689,0.978092
MS-MARCO-RBAC,8000000,8000000,Post-filter,hub,0.1,7,0.0,0.068564,0.933791,0.977684
MS-MARCO-RBAC,8000000,8000000,Post-filter,hub,0.1,8,0.0,0.073881,0.932406,0.977997
MS-MARCO-RBAC,8000000,8000000,Post-filter,hub,0.1,9,0.0,0.068015,0.936269,0.979182
MS-MARCO-RBAC,8000000,8000000,Lethe,hub,0.1,0,0.0,0.001648,0.976355,0.978615
MS-MARCO-RBAC,8000000,8000000,Lethe,hub,0.1,1,0.0,0.001193,0.969979,0.976215
MS-MARCO-RBAC,8000000,8000000,Lethe,hub,0.1,2,0.0,0.00408,0.973381,0.979323
MS-MARCO-RBAC,8000000,8000000,Lethe,hub,0.1,3,0.0,0.000117,0.973876,0.976494
MS-MARCO-RBAC,8000000,8000000,Lethe,hub,0.1,4,0.0,0.005817,0.976357,0.97943
MS-MARCO-RBAC,8000000,8000000,Lethe,hub,0.1,5,0.0,0.001932,0.974876,0.97849
MS-MARCO-RBAC,8000000,8000000,Lethe,hub,0.1,6,0.0,0.0,0.971389,0.976467
MS-MARCO-RBAC,8000000,8000000,Lethe,hub,0.1,7,0.0,0.002365,0.975849,0.981558
MS-MARCO-RBAC,8000000,8000000,Lethe,hub,0.1,8,0.0,0.00077,0.972585,0.979801
MS-MARCO-RBAC,8000000,8000000,Lethe,hub,0.1,9,0.0,0.004066,0.970479,0.976597
MS-MARCO-RBAC,8000000,8000000,Lethe-no-bypass,hub,0.1,0,0.0,0.019325,0.923763,0.978778
MS-MARCO-RBAC,8000000,8000000,Lethe-no-bypass,hub,0.1,1,0.0,0.018764,0.920355,0.97792
MS-MARCO-RBAC,8000000,8000000,Lethe-no-bypass,hub,0.1,2,0.0,0.023477,0.92588,0.979317
MS-MARCO-RBAC,8000000,8000000,Lethe-no-bypass,hub,0.1,3,0.0,0.022296,0.92277,0.978796
MS-MARCO-RBAC,8000000,8000000,Lethe-no-bypass,hub,0.1,4,0.0,0.025977,0.922667,0.978699
MS-MARCO-RBAC,8000000,8000000,Lethe-no-bypass,hub,0.1,5,0.0,0.018577,0.922043,0.977536
MS-MARCO-RBAC,8000000,8000000,Lethe-no-bypass,hub,0.1,6,0.0,0.020565,0.925373,0.980861
MS-MARCO-RBAC,8000000,8000000,Lethe-no-bypass,hub,0.1,7,0.0,0.023975,0.919109,0.977748
MS-MARCO-RBAC,8000000,8000000,Lethe-no-bypass,hub,0.1,8,0.0,0.020753,0.918068,0.974969
MS-MARCO-RBAC,8000000,8000000,Lethe-no-bypass,hub,0.1,9,0.0,0.019567,0.920567,0.974587
MS-MARCO-RBAC,8000000,8000000,Lethe-no-revaware-traversal,hub,0.1,0,0.0,0.062018,0.946264,0.974349
MS-MARCO-RBAC,8000000,8000000,Lethe-no-revaware-traversal,hub,0.1,1,0.0,0.060192,0.954565,0.9797
MS-MARCO-RBAC,8000000,8000000,Lethe-no-revaware-traversal,hub,0.1,2,0.0,0.0629,0.949531,0.97677
MS-MARCO-RBAC,8000000,8000000,Lethe-no-revaware-traversal,hub,0.1,3,0.0,0.061526,0.95182,0.976869
MS-MARCO-RBAC,8000000,8000000,Lethe-no-revaware-traversal,hub,0.1,4,0.0,0.061949,0.952524,0.979238
MS-MARCO-RBAC,8000000,8000000,Lethe-no-revaware-traversal,hub,0.1,5,0.0,0.057845,0.952521,0.978054
MS-MARCO-RBAC,8000000,8000000,Lethe-no-revaware-traversal,hub,0.1,6,0.0,0.060603,0.951213,0.978192
MS-MARCO-RBAC,8000000,8000000,Lethe-no-revaware-traversal,hub,0.1,7,0.0,0.059554,0.954553,0.979596
MS-MARCO-RBAC,8000000,8000000,Lethe-no-revaware-traversal,hub,0.1,8,0.0,0.060011,0.948868,0.976141
MS-MARCO-RBAC,8000000,8000000,Lethe-no-revaware-traversal,hub,0.1,9,0.0,0.066769,0.950005,0.976938
MS-MARCO-RBAC,8000000,8000000,Physical-delete,hub,0.1,0,0.0,0.013764,0.945104,0.977937
MS-MARCO-RBAC,8000000,8000000,Physical-delete,hub,0.1,1,0.0,0.015495,0.941458,0.978517
MS-MARCO-RBAC,8000000,8000000,Physical-delete,hub,0.1,2,0.0,0.01646,0.939163,0.975631
MS-MARCO-RBAC,8000000,8000000,Physical-delete,hub,0.1,3,0.0,0.010389,0.944137,0.978384
MS-MARCO-RBAC,8000000,8000000,Physical-delete,hub,0.1,4,0.0,0.018113,0.940504,0.97863
MS-MARCO-RBAC,8000000,8000000,Physical-delete,hub,0.1,5,0.0,0.014959,0.9427,0.979051
MS-MARCO-RBAC,8000000,8000000,Physical-delete,hub,0.1,6,0.0,0.020306,0.939253,0.976251
MS-MARCO-RBAC,8000000,8000000,Physical-delete,hub,0.1,7,0.0,0.016252,0.942144,0.977817
MS-MARCO-RBAC,8000000,8000000,Physical-delete,hub,0.1,8,0.0,0.02182,0.946803,0.98179
MS-MARCO-RBAC,8000000,8000000,Physical-delete,hub,0.1,9,0.0,0.01343,0.939953,0.973906
MS-MARCO-RBAC,8000000,8000000,Periodic-rebuild,hub,0.1,0,0.0,0.030011,0.959279,0.976759
MS-MARCO-RBAC,8000000,8000000,Periodic-rebuild,hub,0.1,1,0.0,0.037973,0.95946,0.976177
MS-MARCO-RBAC,8000000,8000000,Periodic-rebuild,hub,0.1,2,0.0,0.028935,0.960994,0.980596
MS-MARCO-RBAC,8000000,8000000,Periodic-rebuild,hub,0.1,3,0.0,0.028923,0.965741,0.9821
MS-MARCO-RBAC,8000000,8000000,Periodic-rebuild,hub,0.1,4,0.0,0.033654,0.961517,0.976719
MS-MARCO-RBAC,8000000,8000000,Periodic-rebuild,hub,0.1,5,0.0,0.02668,0.959915,0.978614
MS-MARCO-RBAC,8000000,8000000,Periodic-rebuild,hub,0.1,6,0.0,0.032475,0.964878,0.979394
MS-MARCO-RBAC,8000000,8000000,Periodic-rebuild,hub,0.1,7,0.0,0.029201,0.965793,0.980807
MS-MARCO-RBAC,8000000,8000000,Periodic-rebuild,hub,0.1,8,0.0,0.026644,0.958162,0.976399
MS-MARCO-RBAC,8000000,8000000,Periodic-rebuild,hub,0.1,9,0.0,0.028658,0.962499,0.976806
MS-MARCO-RBAC,8000000,8000000,Per-role-index,hub,0.1,0,0.0,0.000751,0.974305,0.978607
MS-MARCO-RBAC,8000000,8000000,Per-role-index,hub,0.1,1,0.0,0.000271,0.973546,0.976036
MS-MARCO-RBAC,8000000,8000000,Per-role-index,hub,0.1,2,0.0,0.0,0.974206,0.980308
MS-MARCO-RBAC,8000000,8000000,Per-role-index,hub,0.1,3,0.0,0.001665,0.971399,0.97527
MS-MARCO-RBAC,8000000,8000000,Per-role-index,hub,0.1,4,0.0,0.002835,0.977367,0.98036
MS-MARCO-RBAC,8000000,8000000,Per-role-index,hub,0.1,5,0.0,0.00244,0.976879,0.980886
MS-MARCO-RBAC,8000000,8000000,Per-role-index,hub,0.1,6,0.0,0.002294,0.977326,0.981762
MS-MARCO-RBAC,8000000,8000000,Per-role-index,hub,0.1,7,0.0,0.0,0.968153,0.975616
MS-MARCO-RBAC,8000000,8000000,Per-role-index,hub,0.1,8,0.0,0.004619,0.972106,0.97492
MS-MARCO-RBAC,8000000,8000000,Per-role-index,hub,0.1,9,0.0,0.003889,0.9709,0.975252
MS-MARCO-RBAC,8000000,8000000,ACORN,hub,0.1,0,0.0,0.022822,0.959164,0.980285
MS-MARCO-RBAC,8000000,8000000,ACORN,hub,0.1,1,0.0,0.029102,0.961215,0.983075
MS-MARCO-RBAC,8000000,8000000,ACORN,hub,0.1,2,0.0,0.029122,0.960987,0.980723
MS-MARCO-RBAC,8000000,8000000,ACORN,hub,0.1,3,0.0,0.025771,0.957332,0.975127
MS-MARCO-RBAC,8000000,8000000,ACORN,hub,0.1,4,0.0,0.025355,0.955393,0.977399
MS-MARCO-RBAC,8000000,8000000,ACORN,hub,0.1,5,0.0,0.024059,0.960828,0.981171
MS-MARCO-RBAC,8000000,8000000,ACORN,hub,0.1,6,0.0,0.029034,0.959601,0.977855
MS-MARCO-RBAC,8000000,8000000,ACORN,hub,0.1,7,0.0,0.029126,0.959646,0.979287
MS-MARCO-RBAC,8000000,8000000,ACORN,hub,0.1,8,0.0,0.02597,0.960087,0.978523
MS-MARCO-RBAC,8000000,8000000,ACORN,hub,0.1,9,0.0,0.030757,0.960315,0.980071
MS-MARCO-RBAC,8000000,8000000,HoneyBee,hub,0.1,0,0.0,0.023136,0.950691,0.970479
MS-MARCO-RBAC,8000000,8000000,HoneyBee,hub,0.1,1,0.0,0.020946,0.956895,0.978491
MS-MARCO-RBAC,8000000,8000000,HoneyBee,hub,0.1,2,0.0,0.02114,0.959126,0.978484
MS-MARCO-RBAC,8000000,8000000,HoneyBee,hub,0.1,3,0.0,0.02592,0.960196,0.976842
MS-MARCO-RBAC,8000000,8000000,HoneyBee,hub,0.1,4,0.0,0.020147,0.956983,0.975702
MS-MARCO-RBAC,8000000,8000000,HoneyBee,hub,0.1,5,0.0,0.019105,0.961434,0.976408
MS-MARCO-RBAC,8000000,8000000,HoneyBee,hub,0.1,6,0.0,0.022458,0.963512,0.979654
MS-MARCO-RBAC,8000000,8000000,HoneyBee,hub,0.1,7,0.0,0.020244,0.958302,0.973382
MS-MARCO-RBAC,8000000,8000000,HoneyBee,hub,0.1,8,0.0,0.023843,0.964167,0.978668
MS-MARCO-RBAC,8000000,8000000,HoneyBee,hub,0.1,9,0.0,0.021438,0.953635,0.973828
MS-MARCO-RBAC,8000000,8000000,SPFresh,hub,0.1,0,0.0,0.037593,0.950118,0.974837
MS-MARCO-RBAC,8000000,8000000,SPFresh,hub,0.1,1,0.0,0.043262,0.95298,0.980002
MS-MARCO-RBAC,8000000,8000000,SPFresh,hub,0.1,2,0.0,0.043059,0.95111,0.976927
MS-MARCO-RBAC,8000000,8000000,SPFresh,hub,0.1,3,0.0,0.037032,0.951097,0.978918
MS-MARCO-RBAC,8000000,8000000,SPFresh,hub,0.1,4,0.0,0.034669,0.951307,0.978285
MS-MARCO-RBAC,8000000,8000000,SPFresh,hub,0.1,5,0.0,0.043022,0.951314,0.978602
MS-MARCO-RBAC,8000000,8000000,SPFresh,hub,0.1,6,0.0,0.04419,0.949064,0.976621
MS-MARCO-RBAC,8000000,8000000,SPFresh,hub,0.1,7,0.0,0.038807,0.95116,0.976091
MS-MARCO-RBAC,8000000,8000000,SPFresh,hub,0.1,8,0.0,0.040815,0.950326,0.977761
MS-MARCO-RBAC,8000000,8000000,SPFresh,hub,0.1,9,0.0,0.040136,0.951818,0.976914
MS-MARCO-RBAC,8000000,8000000,Oracle,hub,0.1,0,0.0,0.0,0.976506,0.976506
MS-MARCO-RBAC,8000000,8000000,Oracle,hub,0.1,1,0.0,0.0,0.976751,0.976751
MS-MARCO-RBAC,8000000,8000000,Oracle,hub,0.1,2,0.0,0.0,0.981235,0.981235
MS-MARCO-RBAC,8000000,8000000,Oracle,hub,0.1,3,0.0,0.0,0.976198,0.976198
MS-MARCO-RBAC,8000000,8000000,Oracle,hub,0.1,4,0.0,0.0,0.978202,0.978202
MS-MARCO-RBAC,8000000,8000000,Oracle,hub,0.1,5,0.0,0.0,0.981524,0.981524
MS-MARCO-RBAC,8000000,8000000,Oracle,hub,0.1,6,0.0,0.0,0.978045,0.978045
MS-MARCO-RBAC,8000000,8000000,Oracle,hub,0.1,7,0.0,0.0,0.976824,0.976824
MS-MARCO-RBAC,8000000,8000000,Oracle,hub,0.1,8,0.0,0.0,0.9772,0.9772
MS-MARCO-RBAC,8000000,8000000,Oracle,hub,0.1,9,0.0,0.0,0.98178,0.98178
MS-MARCO-RBAC,8000000,8000000,Tombstone,hub,0.2,0,0.0,0.111024,0.936572,0.975764
MS-MARCO-RBAC,8000000,8000000,Tombstone,hub,0.2,1,0.0,0.10752,0.940528,0.977385
MS-MARCO-RBAC,8000000,8000000,Tombstone,hub,0.2,2,0.0,0.115671,0.937873,0.976953
MS-MARCO-RBAC,8000000,8000000,Tombstone,hub,0.2,3,0.0,0.114339,0.93929,0.976662
MS-MARCO-RBAC,8000000,8000000,Tombstone,hub,0.2,4,0.0,0.106795,0.939615,0.977732
MS-MARCO-RBAC,8000000,8000000,Tombstone,hub,0.2,5,0.0,0.11078,0.939005,0.980244
MS-MARCO-RBAC,8000000,8000000,Tombstone,hub,0.2,6,0.0,0.112232,0.929987,0.973374
MS-MARCO-RBAC,8000000,8000000,Tombstone,hub,0.2,7,0.0,0.111683,0.938441,0.977603
MS-MARCO-RBAC,8000000,8000000,Tombstone,hub,0.2,8,0.0,0.114797,0.94127,0.979968
MS-MARCO-RBAC,8000000,8000000,Tombstone,hub,0.2,9,0.0,0.106377,0.940235,0.976281
MS-MARCO-RBAC,8000000,8000000,Post-filter,hub,0.2,0,0.0,0.116,0.937093,0.980056
MS-MARCO-RBAC,8000000,8000000,Post-filter,hub,0.2,1,0.0,0.121506,0.933049,0.977094
MS-MARCO-RBAC,8000000,8000000,Post-filter,hub,0.2,2,0.0,0.121137,0.934475,0.978822
MS-MARCO-RBAC,8000000,8000000,Post-filter,hub,0.2,3,0.0,0.119144,0.931886,0.974994
MS-MARCO-RBAC,8000000,8000000,Post-filter,hub,0.2,4,0.0,0.117988,0.929006,0.97417
MS-MARCO-RBAC,8000000,8000000,Post-filter,hub,0.2,5,0.0,0.123903,0.93778,0.978073
MS-MARCO-RBAC,8000000,8000000,Post-filter,hub,0.2,6,0.0,0.119766,0.937608,0.978681
MS-MARCO-RBAC,8000000,8000000,Post-filter,hub,0.2,7,0.0,0.121579,0.930266,0.977909
MS-MARCO-RBAC,8000000,8000000,Post-filter,hub,0.2,8,0.0,0.121605,0.930495,0.977679
MS-MARCO-RBAC,8000000,8000000,Post-filter,hub,0.2,9,0.0,0.121942,0.935351,0.978479
MS-MARCO-RBAC,8000000,8000000,Lethe,hub,0.2,0,0.0,0.000264,0.972188,0.979203
MS-MARCO-RBAC,8000000,8000000,Lethe,hub,0.2,1,0.0,0.004785,0.974102,0.977086
MS-MARCO-RBAC,8000000,8000000,Lethe,hub,0.2,2,0.0,0.005574,0.973667,0.977902
MS-MARCO-RBAC,8000000,8000000,Lethe,hub,0.2,3,0.0,0.005066,0.974283,0.977748
MS-MARCO-RBAC,8000000,8000000,Lethe,hub,0.2,4,0.0,0.006436,0.973553,0.975816
MS-MARCO-RBAC,8000000,8000000,Lethe,hub,0.2,5,0.0,0.006001,0.972974,0.977515
MS-MARCO-RBAC,8000000,8000000,Lethe,hub,0.2,6,0.0,0.004407,0.972191,0.978781
MS-MARCO-RBAC,8000000,8000000,Lethe,hub,0.2,7,0.0,0.002783,0.971841,0.974439
MS-MARCO-RBAC,8000000,8000000,Lethe,hub,0.2,8,0.0,0.005991,0.965545,0.970659
MS-MARCO-RBAC,8000000,8000000,Lethe,hub,0.2,9,0.0,0.005941,0.968885,0.975048
MS-MARCO-RBAC,8000000,8000000,Lethe-no-bypass,hub,0.2,0,0.0,0.036679,0.924442,0.978558
MS-MARCO-RBAC,8000000,8000000,Lethe-no-bypass,hub,0.2,1,0.0,0.038043,0.917987,0.977208
MS-MARCO-RBAC,8000000,8000000,Lethe-no-bypass,hub,0.2,2,0.0,0.036486,0.925662,0.977997
MS-MARCO-RBAC,8000000,8000000,Lethe-no-bypass,hub,0.2,3,0.0,0.044736,0.922584,0.977697
MS-MARCO-RBAC,8000000,8000000,Lethe-no-bypass,hub,0.2,4,0.0,0.039723,0.921737,0.976243
MS-MARCO-RBAC,8000000,8000000,Lethe-no-bypass,hub,0.2,5,0.0,0.036156,0.922285,0.977087
MS-MARCO-RBAC,8000000,8000000,Lethe-no-bypass,hub,0.2,6,0.0,0.038447,0.921896,0.979586
MS-MARCO-RBAC,8000000,8000000,Lethe-no-bypass,hub,0.2,7,0.0,0.037301,0.920625,0.978475
MS-MARCO-RBAC,8000000,8000000,Lethe-no-bypass,hub,0.2,8,0.0,0.041612,0.922715,0.979257
MS-MARCO-RBAC,8000000,8000000,Lethe-no-bypass,hub,0.2,9,0.0,0.037465,0.91616,0.976726
MS-MARCO-RBAC,8000000,8000000,Lethe-no-revaware-traversal,hub,0.2,0,0.0,0.103543,0.94952,0.979779
MS-MARCO-RBAC,8000000,8000000,Lethe-no-revaware-traversal,hub,0.2,1,0.0,0.103305,0.946432,0.973095
MS-MARCO-RBAC,8000000,8000000,Lethe-no-revaware-traversal,hub,0.2,2,0.0,0.111686,0.949999,0.977329
MS-MARCO-RBAC,8000000,8000000,Lethe-no-revaware-traversal,hub,0.2,3,0.0,0.101994,0.953292,0.978934
MS-MARCO-RBAC,8000000,8000000,Lethe-no-revaware-traversal,hub,0.2,4,0.0,0.109709,0.94976,0.97799
MS-MARCO-RBAC,8000000,8000000,Lethe-no-revaware-traversal,hub,0.2,5,0.0,0.105544,0.950996,0.976557
MS-MARCO-RBAC,8000000,8000000,Lethe-no-revaware-traversal,hub,0.2,6,0.0,0.10233,0.953747,0.981434
MS-MARCO-RBAC,8000000,8000000,Lethe-no-revaware-traversal,hub,0.2,7,0.0,0.104822,0.949325,0.976862
MS-MARCO-RBAC,8000000,8000000,Lethe-no-revaware-traversal,hub,0.2,8,0.0,0.103676,0.952585,0.978428
MS-MARCO-RBAC,8000000,8000000,Lethe-no-revaware-traversal,hub,0.2,9,0.0,0.106254,0.949328,0.975958
MS-MARCO-RBAC,8000000,8000000,Physical-delete,hub,0.2,0,0.0,0.027058,0.941497,0.978517
MS-MARCO-RBAC,8000000,8000000,Physical-delete,hub,0.2,1,0.0,0.017647,0.940293,0.978252
MS-MARCO-RBAC,8000000,8000000,Physical-delete,hub,0.2,2,0.0,0.02718,0.943388,0.977781
MS-MARCO-RBAC,8000000,8000000,Physical-delete,hub,0.2,3,0.0,0.031786,0.942845,0.979356
MS-MARCO-RBAC,8000000,8000000,Physical-delete,hub,0.2,4,0.0,0.023014,0.939365,0.976344
MS-MARCO-RBAC,8000000,8000000,Physical-delete,hub,0.2,5,0.0,0.023927,0.941612,0.976783
MS-MARCO-RBAC,8000000,8000000,Physical-delete,hub,0.2,6,0.0,0.026552,0.941801,0.975227
MS-MARCO-RBAC,8000000,8000000,Physical-delete,hub,0.2,7,0.0,0.025036,0.936978,0.976425
MS-MARCO-RBAC,8000000,8000000,Physical-delete,hub,0.2,8,0.0,0.025007,0.943384,0.978623
MS-MARCO-RBAC,8000000,8000000,Physical-delete,hub,0.2,9,0.0,0.023611,0.940487,0.977596
MS-MARCO-RBAC,8000000,8000000,Periodic-rebuild,hub,0.2,0,0.0,0.054938,0.956006,0.976359
MS-MARCO-RBAC,8000000,8000000,Periodic-rebuild,hub,0.2,1,0.0,0.054003,0.955942,0.972999
MS-MARCO-RBAC,8000000,8000000,Periodic-rebuild,hub,0.2,2,0.0,0.055317,0.962297,0.980517
MS-MARCO-RBAC,8000000,8000000,Periodic-rebuild,hub,0.2,3,0.0,0.058956,0.960058,0.977622
MS-MARCO-RBAC,8000000,8000000,Periodic-rebuild,hub,0.2,4,0.0,0.051981,0.960989,0.977957
MS-MARCO-RBAC,8000000,8000000,Periodic-rebuild,hub,0.2,5,0.0,0.053566,0.959228,0.979733
MS-MARCO-RBAC,8000000,8000000,Periodic-rebuild,hub,0.2,6,0.0,0.051113,0.9618,0.979623
MS-MARCO-RBAC,8000000,8000000,Periodic-rebuild,hub,0.2,7,0.0,0.054331,0.963002,0.977314
MS-MARCO-RBAC,8000000,8000000,Periodic-rebuild,hub,0.2,8,0.0,0.053554,0.960861,0.977222
MS-MARCO-RBAC,8000000,8000000,Periodic-rebuild,hub,0.2,9,0.0,0.054091,0.955517,0.978083
MS-MARCO-RBAC,8000000,8000000,Per-role-index,hub,0.2,0,0.0,0.002208,0.971895,0.978506
MS-MARCO-RBAC,8000000,8000000,Per-role-index,hub,0.2,1,0.0,0.003118,0.972833,0.97787
MS-MARCO-RBAC,8000000,8000000,Per-role-index,hub,0.2,2,0.0,0.001157,0.971862,0.978436
MS-MARCO-RBAC,8000000,8000000,Per-role-index,hub,0.2,3,0.0,0.003993,0.969264,0.975062
MS-MARCO-RBAC,8000000,8000000,Per-role-index,hub,0.2,4,0.0,0.002082,0.973735,0.975549
MS-MARCO-RBAC,8000000,8000000,Per-role-index,hub,0.2,5,0.0,0.00758,0.97542,0.976828
MS-MARCO-RBAC,8000000,8000000,Per-role-index,hub,0.2,6,0.0,0.006429,0.97379,0.976852
MS-MARCO-RBAC,8000000,8000000,Per-role-index,hub,0.2,7,0.0,0.0,0.97422,0.976788
MS-MARCO-RBAC,8000000,8000000,Per-role-index,hub,0.2,8,0.0,0.006582,0.973668,0.977877
MS-MARCO-RBAC,8000000,8000000,Per-role-index,hub,0.2,9,0.0,0.005357,0.974087,0.97917
MS-MARCO-RBAC,8000000,8000000,ACORN,hub,0.2,0,0.0,0.04542,0.959121,0.976986
MS-MARCO-RBAC,8000000,8000000,ACORN,hub,0.2,1,0.0,0.044911,0.952867,0.975005
MS-MARCO-RBAC,8000000,8000000,ACORN,hub,0.2,2,0.0,0.040309,0.958526,0.978161
MS-MARCO-RBAC,8000000,8000000,ACORN,hub,0.2,3,0.0,0.048497,0.954411,0.974907
MS-MARCO-RBAC,8000000,8000000,ACORN,hub,0.2,4,0.0,0.046697,0.960295,0.982375
MS-MARCO-RBAC,8000000,8000000,ACORN,hub,0.2,5,0.0,0.047169,0.955891,0.977284
MS-MARCO-RBAC,8000000,8000000,ACORN,hub,0.2,6,0.0,0.050105,0.953988,0.97686
MS-MARCO-RBAC,8000000,8000000,ACORN,hub,0.2,7,0.0,0.049577,0.958232,0.977452
MS-MARCO-RBAC,8000000,8000000,ACORN,hub,0.2,8,0.0,0.050089,0.958549,0.979581
MS-MARCO-RBAC,8000000,8000000,ACORN,hub,0.2,9,0.0,0.044505,0.963165,0.97961
MS-MARCO-RBAC,8000000,8000000,HoneyBee,hub,0.2,0,0.0,0.043688,0.955787,0.975467
MS-MARCO-RBAC,8000000,8000000,HoneyBee,hub,0.2,1,0.0,0.035595,0.96044,0.979302
MS-MARCO-RBAC,8000000,8000000,HoneyBee,hub,0.2,2,0.0,0.041638,0.963965,0.980725
MS-MARCO-RBAC,8000000,8000000,HoneyBee,hub,0.2,3,0.0,0.037756,0.95952,0.975627
MS-MARCO-RBAC,8000000,8000000,HoneyBee,hub,0.2,4,0.0,0.036431,0.960573,0.975031
MS-MARCO-RBAC,8000000,8000000,HoneyBee,hub,0.2,5,0.0,0.037038,0.95714,0.976484
MS-MARCO-RBAC,8000000,8000000,HoneyBee,hub,0.2,6,0.0,0.036319,0.963878,0.98202
MS-MARCO-RBAC,8000000,8000000,HoneyBee,hub,0.2,7,0.0,0.040545,0.958911,0.975329
MS-MARCO-RBAC,8000000,8000000,HoneyBee,hub,0.2,8,0.0,0.04456,0.961368,0.980184
MS-MARCO-RBAC,8000000,8000000,HoneyBee,hub,0.2,9,0.0,0.034407,0.960122,0.978865
MS-MARCO-RBAC,8000000,8000000,SPFresh,hub,0.2,0,0.0,0.067244,0.956299,0.980335
MS-MARCO-RBAC,8000000,8000000,SPFresh,hub,0.2,1,0.0,0.073366,0.953275,0.981096
MS-MARCO-RBAC,8000000,8000000,SPFresh,hub,0.2,2,0.0,0.066088,0.952645,0.978705
MS-MARCO-RBAC,8000000,8000000,SPFresh,hub,0.2,3,0.0,0.071899,0.952867,0.978694
MS-MARCO-RBAC,8000000,8000000,SPFresh,hub,0.2,4,0.0,0.065364,0.956582,0.980633
MS-MARCO-RBAC,8000000,8000000,SPFresh,hub,0.2,5,0.0,0.068403,0.947332,0.975008
MS-MARCO-RBAC,8000000,8000000,SPFresh,hub,0.2,6,0.0,0.070687,0.951747,0.978101
MS-MARCO-RBAC,8000000,8000000,SPFresh,hub,0.2,7,0.0,0.071037,0.94881,0.977501
MS-MARCO-RBAC,8000000,8000000,SPFresh,hub,0.2,8,0.0,0.070776,0.949131,0.979049
MS-MARCO-RBAC,8000000,8000000,SPFresh,hub,0.2,9,0.0,0.071801,0.951189,0.979654
MS-MARCO-RBAC,8000000,8000000,Oracle,hub,0.2,0,0.0,0.0,0.97827,0.97827
MS-MARCO-RBAC,8000000,8000000,Oracle,hub,0.2,1,0.0,0.0,0.979352,0.979352
MS-MARCO-RBAC,8000000,8000000,Oracle,hub,0.2,2,0.0,0.0,0.977584,0.977584
MS-MARCO-RBAC,8000000,8000000,Oracle,hub,0.2,3,0.0,0.0,0.979737,0.979737
MS-MARCO-RBAC,8000000,8000000,Oracle,hub,0.2,4,0.0,0.0,0.980711,0.980711
MS-MARCO-RBAC,8000000,8000000,Oracle,hub,0.2,5,0.0,0.0,0.976019,0.976019
MS-MARCO-RBAC,8000000,8000000,Oracle,hub,0.2,6,0.0,0.0,0.975977,0.975977
MS-MARCO-RBAC,8000000,8000000,Oracle,hub,0.2,7,0.0,0.0,0.976863,0.976863
MS-MARCO-RBAC,8000000,8000000,Oracle,hub,0.2,8,0.0,0.0,0.976349,0.976349
MS-MARCO-RBAC,8000000,8000000,Oracle,hub,0.2,9,0.0,0.0,0.976457,0.976457
MS-MARCO-RBAC,8000000,8000000,Tombstone,hub,0.3,0,0.0,0.149247,0.935688,0.973675
MS-MARCO-RBAC,8000000,8000000,Tombstone,hub,0.3,1,0.0,0.154658,0.94409,0.980295
MS-MARCO-RBAC,8000000,8000000,Tombstone,hub,0.3,2,0.0,0.149349,0.942409,0.979061
MS-MARCO-RBAC,8000000,8000000,Tombstone,hub,0.3,3,0.0,0.151453,0.934927,0.97556
MS-MARCO-RBAC,8000000,8000000,Tombstone,hub,0.3,4,0.0,0.146896,0.934966,0.97822
MS-MARCO-RBAC,8000000,8000000,Tombstone,hub,0.3,5,0.0,0.149959,0.939845,0.976221
MS-MARCO-RBAC,8000000,8000000,Tombstone,hub,0.3,6,0.0,0.146077,0.939119,0.977299
MS-MARCO-RBAC,8000000,8000000,Tombstone,hub,0.3,7,0.0,0.151578,0.941962,0.979446
MS-MARCO-RBAC,8000000,8000000,Tombstone,hub,0.3,8,0.0,0.148296,0.939457,0.980599
MS-MARCO-RBAC,8000000,8000000,Tombstone,hub,0.3,9,0.0,0.156132,0.936749,0.977976
MS-MARCO-RBAC,8000000,8000000,Post-filter,hub,0.3,0,0.0,0.161243,0.93025,0.978512
MS-MARCO-RBAC,8000000,8000000,Post-filter,hub,0.3,1,0.0,0.159608,0.937081,0.982765
MS-MARCO-RBAC,8000000,8000000,Post-filter,hub,0.3,2,0.0,0.164021,0.93134,0.976323
MS-MARCO-RBAC,8000000,8000000,Post-filter,hub,0.3,3,0.0,0.162657,0.935872,0.978398
MS-MARCO-RBAC,8000000,8000000,Post-filter,hub,0.3,4,0.0,0.164398,0.933888,0.978329
MS-MARCO-RBAC,8000000,8000000,Post-filter,hub,0.3,5,0.0,0.164279,0.931484,0.97841
MS-MARCO-RBAC,8000000,8000000,Post-filter,hub,0.3,6,0.0,0.163977,0.935403,0.979454
MS-MARCO-RBAC,8000000,8000000,Post-filter,hub,0.3,7,0.0,0.162993,0.933589,0.978992
MS-MARCO-RBAC,8000000,8000000,Post-filter,hub,0.3,8,0.0,0.162531,0.928425,0.975579
MS-MARCO-RBAC,8000000,8000000,Post-filter,hub,0.3,9,0.0,0.163951,0.936963,0.980453
MS-MARCO-RBAC,8000000,8000000,Lethe,hub,0.3,0,0.0,0.008722,0.974616,0.980451
MS-MARCO-RBAC,8000000,8000000,Lethe,hub,0.3,1,0.0,0.002375,0.978404,0.981781
MS-MARCO-RBAC,8000000,8000000,Lethe,hub,0.3,2,0.0,0.002095,0.975234,0.978167
MS-MARCO-RBAC,8000000,8000000,Lethe,hub,0.3,3,0.0,0.011153,0.971042,0.979131
MS-MARCO-RBAC,8000000,8000000,Lethe,hub,0.3,4,0.0,0.007814,0.975816,0.979095
MS-MARCO-RBAC,8000000,8000000,Lethe,hub,0.3,5,0.0,0.007884,0.97141,0.977743
MS-MARCO-RBAC,8000000,8000000,Lethe,hub,0.3,6,0.0,0.005899,0.97608,0.979764
MS-MARCO-RBAC,8000000,8000000,Lethe,hub,0.3,7,0.0,0.0,0.976064,0.978998
MS-MARCO-RBAC,8000000,8000000,Lethe,hub,0.3,8,0.0,0.00682,0.973686,0.976277
MS-MARCO-RBAC,8000000,8000000,Lethe,hub,0.3,9,0.0,0.003261,0.973796,0.979781
MS-MARCO-RBAC,8000000,8000000,Lethe-no-bypass,hub,0.3,0,0.0,0.054104,0.924048,0.978898
MS-MARCO-RBAC,8000000,8000000,Lethe-no-bypass,hub,0.3,1,0.0,0.047539,0.921447,0.977874
MS-MARCO-RBAC,8000000,8000000,Lethe-no-bypass,hub,0.3,2,0.0,0.047474,0.925386,0.978201
MS-MARCO-RBAC,8000000,8000000,Lethe-no-bypass,hub,0.3,3,0.0,0.055206,0.926913,0.977766
MS-MARCO-RBAC,8000000,8000000,Lethe-no-bypass,hub,0.3,4,0.0,0.048717,0.918766,0.975052
MS-MARCO-RBAC,8000000,8000000,Lethe-no-bypass,hub,0.3,5,0.0,0.051715,0.919898,0.9751
MS-MARCO-RBAC,8000000,8000000,Lethe-no-bypass,hub,0.3,6,0.0,0.0529,0.92654,0.983201
MS-MARCO-RBAC,8000000,8000000,Lethe-no-bypass,hub,0.3,7,0.0,0.051048,0.924948,0.97772
MS-MARCO-RBAC,8000000,8000000,Lethe-no-bypass,hub,0.3,8,0.0,0.05823,0.923358,0.978625
MS-MARCO-RBAC,8000000,8000000,Lethe-no-bypass,hub,0.3,9,0.0,0.058023,0.92253,0.976208
MS-MARCO-RBAC,8000000,8000000,Lethe-no-revaware-traversal,hub,0.3,0,0.0,0.147259,0.951988,0.979169
MS-MARCO-RBAC,8000000,8000000,Lethe-no-revaware-traversal,hub,0.3,1,0.0,0.142795,0.947664,0.975509
MS-MARCO-RBAC,8000000,8000000,Lethe-no-revaware-traversal,hub,0.3,2,0.0,0.137015,0.95094,0.978934
MS-MARCO-RBAC,8000000,8000000,Lethe-no-revaware-traversal,hub,0.3,3,0.0,0.148034,0.94947,0.976266
MS-MARCO-RBAC,8000000,8000000,Lethe-no-revaware-traversal,hub,0.3,4,0.0,0.143791,0.952204,0.978071
MS-MARCO-RBAC,8000000,8000000,Lethe-no-revaware-traversal,hub,0.3,5,0.0,0.144892,0.954189,0.979901
MS-MARCO-RBAC,8000000,8000000,Lethe-no-revaware-traversal,hub,0.3,6,0.0,0.142744,0.957351,0.981988
MS-MARCO-RBAC,8000000,8000000,Lethe-no-revaware-traversal,hub,0.3,7,0.0,0.138311,0.949149,0.977543
MS-MARCO-RBAC,8000000,8000000,Lethe-no-revaware-traversal,hub,0.3,8,0.0,0.142838,0.952042,0.977508
MS-MARCO-RBAC,8000000,8000000,Lethe-no-revaware-traversal,hub,0.3,9,0.0,0.144129,0.948232,0.977108
MS-MARCO-RBAC,8000000,8000000,Physical-delete,hub,0.3,0,0.0,0.039534,0.941089,0.978087
MS-MARCO-RBAC,8000000,8000000,Physical-delete,hub,0.3,1,0.0,0.036001,0.944073,0.978852
MS-MARCO-RBAC,8000000,8000000,Physical-delete,hub,0.3,2,0.0,0.039766,0.942105,0.976825
MS-MARCO-RBAC,8000000,8000000,Physical-delete,hub,0.3,3,0.0,0.033807,0.936321,0.978426
MS-MARCO-RBAC,8000000,8000000,Physical-delete,hub,0.3,4,0.0,0.036777,0.941053,0.979592
MS-MARCO-RBAC,8000000,8000000,Physical-delete,hub,0.3,5,0.0,0.032685,0.94115,0.977574
MS-MARCO-RBAC,8000000,8000000,Physical-delete,hub,0.3,6,0.0,0.040794,0.943246,0.974836
MS-MARCO-RBAC,8000000,8000000,Physical-delete,hub,0.3,7,0.0,0.029697,0.942783,0.977803
MS-MARCO-RBAC,8000000,8000000,Physical-delete,hub,0.3,8,0.0,0.035496,0.942053,0.979049
MS-MARCO-RBAC,8000000,8000000,Physical-delete,hub,0.3,9,0.0,0.03648,0.941243,0.978952
MS-MARCO-RBAC,8000000,8000000,Periodic-rebuild,hub,0.3,0,0.0,0.073059,0.96236,0.977579
MS-MARCO-RBAC,8000000,8000000,Periodic-rebuild,hub,0.3,1,0.0,0.072765,0.964635,0.981649
MS-MARCO-RBAC,8000000,8000000,Periodic-rebuild,hub,0.3,2,0.0,0.072912,0.959683,0.977482
MS-MARCO-RBAC,8000000,8000000,Periodic-rebuild,hub,0.3,3,0.0,0.074897,0.960911,0.980781
MS-MARCO-RBAC,8000000,8000000,Periodic-rebuild,hub,0.3,4,0.0,0.068821,0.960308,0.97615
MS-MARCO-RBAC,8000000,8000000,Periodic-rebuild,hub,0.3,5,0.0,0.072233,0.957143,0.978905
MS-MARCO-RBAC,8000000,8000000,Periodic-rebuild,hub,0.3,6,0.0,0.072756,0.962236,0.978872
MS-MARCO-RBAC,8000000,8000000,Periodic-rebuild,hub,0.3,7,0.0,0.069095,0.957782,0.97517
MS-MARCO-RBAC,8000000,8000000,Periodic-rebuild,hub,0.3,8,0.0,0.072961,0.964187,0.979068
MS-MARCO-RBAC,8000000,8000000,Periodic-rebuild,hub,0.3,9,0.0,0.069857,0.962827,0.979364
MS-MARCO-RBAC,8000000,8000000,Per-role-index,hub,0.3,0,0.0,0.003733,0.974504,0.980045
MS-MARCO-RBAC,8000000,8000000,Per-role-index,hub,0.3,1,0.0,0.009259,0.977469,0.981543
MS-MARCO-RBAC,8000000,8000000,Per-role-index,hub,0.3,2,0.0,0.008169,0.978352,0.981182
MS-MARCO-RBAC,8000000,8000000,Per-role-index,hub,0.3,3,0.0,0.008532,0.975668,0.97989
MS-MARCO-RBAC,8000000,8000000,Per-role-index,hub,0.3,4,0.0,0.003615,0.976738,0.978371
MS-MARCO-RBAC,8000000,8000000,Per-role-index,hub,0.3,5,0.0,0.006458,0.973425,0.976905
MS-MARCO-RBAC,8000000,8000000,Per-role-index,hub,0.3,6,0.0,0.009584,0.973617,0.976326
MS-MARCO-RBAC,8000000,8000000,Per-role-index,hub,0.3,7,0.0,0.0,0.968898,0.975629
MS-MARCO-RBAC,8000000,8000000,Per-role-index,hub,0.3,8,0.0,0.0,0.978813,0.977903
MS-MARCO-RBAC,8000000,8000000,Per-role-index,hub,0.3,9,0.0,0.004958,0.97222,0.975668
MS-MARCO-RBAC,8000000,8000000,ACORN,hub,0.3,0,0.0,0.057046,0.953824,0.975581
MS-MARCO-RBAC,8000000,8000000,ACORN,hub,0.3,1,0.0,0.07203,0.960029,0.981463
MS-MARCO-RBAC,8000000,8000000,ACORN,hub,0.3,2,0.0,0.060699,0.953787,0.978435
MS-MARCO-RBAC,8000000,8000000,ACORN,hub,0.3,3,0.0,0.067191,0.957301,0.980371
MS-MARCO-RBAC,8000000,8000000,ACORN,hub,0.3,4,0.0,0.062341,0.959069,0.976397
MS-MARCO-RBAC,8000000,8000000,ACORN,hub,0.3,5,0.0,0.058999,0.952156,0.977154
MS-MARCO-RBAC,8000000,8000000,ACORN,hub,0.3,6,0.0,0.062032,0.95561,0.975071
MS-MARCO-RBAC,8000000,8000000,ACORN,hub,0.3,7,0.0,0.064165,0.952051,0.975034
MS-MARCO-RBAC,8000000,8000000,ACORN,hub,0.3,8,0.0,0.06785,0.959347,0.97903
MS-MARCO-RBAC,8000000,8000000,ACORN,hub,0.3,9,0.0,0.057893,0.961589,0.977944
MS-MARCO-RBAC,8000000,8000000,HoneyBee,hub,0.3,0,0.0,0.053074,0.961701,0.979599
MS-MARCO-RBAC,8000000,8000000,HoneyBee,hub,0.3,1,0.0,0.048362,0.962251,0.979509
MS-MARCO-RBAC,8000000,8000000,HoneyBee,hub,0.3,2,0.0,0.053939,0.960206,0.978479
MS-MARCO-RBAC,8000000,8000000,HoneyBee,hub,0.3,3,0.0,0.055007,0.95956,0.978301
MS-MARCO-RBAC,8000000,8000000,HoneyBee,hub,0.3,4,0.0,0.049799,0.955841,0.977236
MS-MARCO-RBAC,8000000,8000000,HoneyBee,hub,0.3,5,0.0,0.052785,0.960509,0.977886
MS-MARCO-RBAC,8000000,8000000,HoneyBee,hub,0.3,6,0.0,0.064927,0.957816,0.979176
MS-MARCO-RBAC,8000000,8000000,HoneyBee,hub,0.3,7,0.0,0.051752,0.962037,0.979915
MS-MARCO-RBAC,8000000,8000000,HoneyBee,hub,0.3,8,0.0,0.056806,0.961206,0.976061
MS-MARCO-RBAC,8000000,8000000,HoneyBee,hub,0.3,9,0.0,0.052264,0.960094,0.97816
MS-MARCO-RBAC,8000000,8000000,SPFresh,hub,0.3,0,0.0,0.092698,0.948389,0.977017
MS-MARCO-RBAC,8000000,8000000,SPFresh,hub,0.3,1,0.0,0.095259,0.952124,0.978069
MS-MARCO-RBAC,8000000,8000000,SPFresh,hub,0.3,2,0.0,0.090505,0.952351,0.978719
MS-MARCO-RBAC,8000000,8000000,SPFresh,hub,0.3,3,0.0,0.086818,0.954175,0.977384
MS-MARCO-RBAC,8000000,8000000,SPFresh,hub,0.3,4,0.0,0.090327,0.945376,0.977174
MS-MARCO-RBAC,8000000,8000000,SPFresh,hub,0.3,5,0.0,0.095968,0.942675,0.972145
MS-MARCO-RBAC,8000000,8000000,SPFresh,hub,0.3,6,0.0,0.09104,0.946848,0.978302
MS-MARCO-RBAC,8000000,8000000,SPFresh,hub,0.3,7,0.0,0.095637,0.950215,0.977494
MS-MARCO-RBAC,8000000,8000000,SPFresh,hub,0.3,8,0.0,0.088458,0.949201,0.979147
MS-MARCO-RBAC,8000000,8000000,SPFresh,hub,0.3,9,0.0,0.095968,0.949457,0.976597
MS-MARCO-RBAC,8000000,8000000,Oracle,hub,0.3,0,0.0,0.0,0.978978,0.978978
MS-MARCO-RBAC,8000000,8000000,Oracle,hub,0.3,1,0.0,0.0,0.977684,0.977684
MS-MARCO-RBAC,8000000,8000000,Oracle,hub,0.3,2,0.0,0.0,0.977514,0.977514
MS-MARCO-RBAC,8000000,8000000,Oracle,hub,0.3,3,0.0,0.0,0.976774,0.976774
MS-MARCO-RBAC,8000000,8000000,Oracle,hub,0.3,4,0.0,0.0,0.975348,0.975348
MS-MARCO-RBAC,8000000,8000000,Oracle,hub,0.3,5,0.0,0.0,0.977499,0.977499
MS-MARCO-RBAC,8000000,8000000,Oracle,hub,0.3,6,0.0,0.0,0.977594,0.977594
MS-MARCO-RBAC,8000000,8000000,Oracle,hub,0.3,7,0.0,0.0,0.975837,0.975837
MS-MARCO-RBAC,8000000,8000000,Oracle,hub,0.3,8,0.0,0.0,0.978481,0.978481
MS-MARCO-RBAC,8000000,8000000,Oracle,hub,0.3,9,0.0,0.0,0.977675,0.977675
MS-MARCO-RBAC,8000000,8000000,Tombstone,hub,0.4,0,0.0,0.189277,0.939704,0.982249
MS-MARCO-RBAC,8000000,8000000,Tombstone,hub,0.4,1,0.0,0.19492,0.937377,0.977064
MS-MARCO-RBAC,8000000,8000000,Tombstone,hub,0.4,2,0.0,0.191878,0.930427,0.973741
MS-MARCO-RBAC,8000000,8000000,Tombstone,hub,0.4,3,0.0,0.187143,0.937345,0.978522
MS-MARCO-RBAC,8000000,8000000,Tombstone,hub,0.4,4,0.0,0.193328,0.935828,0.976659
MS-MARCO-RBAC,8000000,8000000,Tombstone,hub,0.4,5,0.0,0.187758,0.941285,0.980711
MS-MARCO-RBAC,8000000,8000000,Tombstone,hub,0.4,6,0.0,0.190143,0.938136,0.976879
MS-MARCO-RBAC,8000000,8000000,Tombstone,hub,0.4,7,0.0,0.191042,0.9381,0.977159
MS-MARCO-RBAC,8000000,8000000,Tombstone,hub,0.4,8,0.0,0.185182,0.940286,0.976829
MS-MARCO-RBAC,8000000,8000000,Tombstone,hub,0.4,9,0.0,0.188941,0.938085,0.97814
MS-MARCO-RBAC,8000000,8000000,Post-filter,hub,0.4,0,0.0,0.210653,0.931668,0.977845
MS-MARCO-RBAC,8000000,8000000,Post-filter,hub,0.4,1,0.0,0.197006,0.928031,0.975525
MS-MARCO-RBAC,8000000,8000000,Post-filter,hub,0.4,2,0.0,0.201842,0.930057,0.976567
MS-MARCO-RBAC,8000000,8000000,Post-filter,hub,0.4,3,0.0,0.204685,0.936795,0.979433
MS-MARCO-RBAC,8000000,8000000,Post-filter,hub,0.4,4,0.0,0.205764,0.932271,0.978052
MS-MARCO-RBAC,8000000,8000000,Post-filter,hub,0.4,5,0.0,0.199772,0.929212,0.974529
MS-MARCO-RBAC,8000000,8000000,Post-filter,hub,0.4,6,0.0,0.205008,0.932448,0.979488
MS-MARCO-RBAC,8000000,8000000,Post-filter,hub,0.4,7,0.0,0.205967,0.934824,0.979775
MS-MARCO-RBAC,8000000,8000000,Post-filter,hub,0.4,8,0.0,0.2007,0.931685,0.977761
MS-MARCO-RBAC,8000000,8000000,Post-filter,hub,0.4,9,0.0,0.21019,0.939666,0.98196
MS-MARCO-RBAC,8000000,8000000,Lethe,hub,0.4,0,0.0,0.011923,0.973503,0.979106
MS-MARCO-RBAC,8000000,8000000,Lethe,hub,0.4,1,0.0,0.0055,0.970601,0.97547
MS-MARCO-RBAC,8000000,8000000,Lethe,hub,0.4,2,0.0,0.007189,0.966601,0.974466
MS-MARCO-RBAC,8000000,8000000,Lethe,hub,0.4,3,0.0,0.012437,0.972988,0.977171
MS-MARCO-RBAC,8000000,8000000,Lethe,hub,0.4,4,0.0,0.008688,0.970898,0.977184
MS-MARCO-RBAC,8000000,8000000,Lethe,hub,0.4,5,0.0,0.010015,0.971106,0.976967
MS-MARCO-RBAC,8000000,8000000,Lethe,hub,0.4,6,0.0,0.011787,0.97497,0.979206
MS-MARCO-RBAC,8000000,8000000,Lethe,hub,0.4,7,0.0,0.015619,0.972536,0.979041
MS-MARCO-RBAC,8000000,8000000,Lethe,hub,0.4,8,0.0,0.007743,0.975276,0.979341
MS-MARCO-RBAC,8000000,8000000,Lethe,hub,0.4,9,0.0,0.009648,0.970512,0.978637
MS-MARCO-RBAC,8000000,8000000,Lethe-no-bypass,hub,0.4,0,0.0,0.063226,0.920729,0.976489
MS-MARCO-RBAC,8000000,8000000,Lethe-no-bypass,hub,0.4,1,0.0,0.063808,0.924831,0.977068
MS-MARCO-RBAC,8000000,8000000,Lethe-no-bypass,hub,0.4,2,0.0,0.058598,0.924951,0.978108
MS-MARCO-RBAC,8000000,8000000,Lethe-no-bypass,hub,0.4,3,0.0,0.06239,0.920105,0.977478
MS-MARCO-RBAC,8000000,8000000,Lethe-no-bypass,hub,0.4,4,0.0,0.063357,0.921084,0.977564
MS-MARCO-RBAC,8000000,8000000,Lethe-no-bypass,hub,0.4,5,0.0,0.065638,0.923499,0.980058
MS-MARCO-RBAC,8000000,8000000,Lethe-no-bypass,hub,0.4,6,0.0,0.061068,0.922572,0.976464
MS-MARCO-RBAC,8000000,8000000,Lethe-no-bypass,hub,0.4,7,0.0,0.061401,0.922359,0.978302
MS-MARCO-RBAC,8000000,8000000,Lethe-no-bypass,hub,0.4,8,0.0,0.064167,0.923352,0.977983
MS-MARCO-RBAC,8000000,8000000,Lethe-no-bypass,hub,0.4,9,0.0,0.065183,0.920175,0.979422
MS-MARCO-RBAC,8000000,8000000,Lethe-no-revaware-traversal,hub,0.4,0,0.0,0.17207,0.950482,0.98031
MS-MARCO-RBAC,8000000,8000000,Lethe-no-revaware-traversal,hub,0.4,1,0.0,0.172558,0.955427,0.983004
MS-MARCO-RBAC,8000000,8000000,Lethe-no-revaware-traversal,hub,0.4,2,0.0,0.17529,0.94533,0.973194
MS-MARCO-RBAC,8000000,8000000,Lethe-no-revaware-traversal,hub,0.4,3,0.0,0.17789,0.950964,0.977589
MS-MARCO-RBAC,8000000,8000000,Lethe-no-revaware-traversal,hub,0.4,4,0.0,0.174637,0.953874,0.980232
MS-MARCO-RBAC,8000000,8000000,Lethe-no-revaware-traversal,hub,0.4,5,0.0,0.178356,0.950794,0.979872
MS-MARCO-RBAC,8000000,8000000,Lethe-no-revaware-traversal,hub,0.4,6,0.0,0.177523,0.951438,0.980704
MS-MARCO-RBAC,8000000,8000000,Lethe-no-revaware-traversal,hub,0.4,7,0.0,0.177216,0.950473,0.978917
MS-MARCO-RBAC,8000000,8000000,Lethe-no-revaware-traversal,hub,0.4,8,0.0,0.182472,0.953335,0.980885
MS-MARCO-RBAC,8000000,8000000,Lethe-no-revaware-traversal,hub,0.4,9,0.0,0.177088,0.94888,0.976627
MS-MARCO-RBAC,8000000,8000000,Physical-delete,hub,0.4,0,0.0,0.048387,0.942055,0.977053
MS-MARCO-RBAC,8000000,8000000,Physical-delete,hub,0.4,1,0.0,0.046248,0.943835,0.978134
MS-MARCO-RBAC,8000000,8000000,Physical-delete,hub,0.4,2,0.0,0.048757,0.943286,0.977056
MS-MARCO-RBAC,8000000,8000000,Physical-delete,hub,0.4,3,0.0,0.047983,0.945383,0.979753
MS-MARCO-RBAC,8000000,8000000,Physical-delete,hub,0.4,4,0.0,0.042721,0.942515,0.979383
MS-MARCO-RBAC,8000000,8000000,Physical-delete,hub,0.4,5,0.0,0.048991,0.940348,0.980724
MS-MARCO-RBAC,8000000,8000000,Physical-delete,hub,0.4,6,0.0,0.051304,0.944967,0.97911
MS-MARCO-RBAC,8000000,8000000,Physical-delete,hub,0.4,7,0.0,0.048111,0.938632,0.978011
MS-MARCO-RBAC,8000000,8000000,Physical-delete,hub,0.4,8,0.0,0.049164,0.940667,0.976858
MS-MARCO-RBAC,8000000,8000000,Physical-delete,hub,0.4,9,0.0,0.047905,0.937585,0.977913
MS-MARCO-RBAC,8000000,8000000,Periodic-rebuild,hub,0.4,0,0.0,0.085178,0.958687,0.977944
MS-MARCO-RBAC,8000000,8000000,Periodic-rebuild,hub,0.4,1,0.0,0.087961,0.961614,0.977108
MS-MARCO-RBAC,8000000,8000000,Periodic-rebuild,hub,0.4,2,0.0,0.09013,0.95677,0.974517
MS-MARCO-RBAC,8000000,8000000,Periodic-rebuild,hub,0.4,3,0.0,0.087497,0.958783,0.978483
MS-MARCO-RBAC,8000000,8000000,Periodic-rebuild,hub,0.4,4,0.0,0.092055,0.962906,0.97837
MS-MARCO-RBAC,8000000,8000000,Periodic-rebuild,hub,0.4,5,0.0,0.094586,0.961501,0.976444
MS-MARCO-RBAC,8000000,8000000,Periodic-rebuild,hub,0.4,6,0.0,0.090985,0.96092,0.979428
MS-MARCO-RBAC,8000000,8000000,Periodic-rebuild,hub,0.4,7,0.0,0.095233,0.956914,0.976658
MS-MARCO-RBAC,8000000,8000000,Periodic-rebuild,hub,0.4,8,0.0,0.084623,0.959879,0.978094
MS-MARCO-RBAC,8000000,8000000,Periodic-rebuild,hub,0.4,9,0.0,0.087717,0.961049,0.976714
MS-MARCO-RBAC,8000000,8000000,Per-role-index,hub,0.4,0,0.0,0.0074,0.974648,0.978231
MS-MARCO-RBAC,8000000,8000000,Per-role-index,hub,0.4,1,0.0,0.002491,0.97467,0.975315
MS-MARCO-RBAC,8000000,8000000,Per-role-index,hub,0.4,2,0.0,0.003642,0.972524,0.977867
MS-MARCO-RBAC,8000000,8000000,Per-role-index,hub,0.4,3,0.0,0.0072,0.979522,0.981194
MS-MARCO-RBAC,8000000,8000000,Per-role-index,hub,0.4,4,0.0,0.005281,0.977547,0.978862
MS-MARCO-RBAC,8000000,8000000,Per-role-index,hub,0.4,5,0.0,0.007814,0.972951,0.97625
MS-MARCO-RBAC,8000000,8000000,Per-role-index,hub,0.4,6,0.0,0.016491,0.971122,0.97519
MS-MARCO-RBAC,8000000,8000000,Per-role-index,hub,0.4,7,0.0,0.004094,0.974886,0.978181
MS-MARCO-RBAC,8000000,8000000,Per-role-index,hub,0.4,8,0.0,0.00743,0.975535,0.979053
MS-MARCO-RBAC,8000000,8000000,Per-role-index,hub,0.4,9,0.0,0.003771,0.972623,0.977266
MS-MARCO-RBAC,8000000,8000000,ACORN,hub,0.4,0,0.0,0.078023,0.953209,0.97662
MS-MARCO-RBAC,8000000,8000000,ACORN,hub,0.4,1,0.0,0.084861,0.957004,0.976458
MS-MARCO-RBAC,8000000,8000000,ACORN,hub,0.4,2,0.0,0.080231,0.95558,0.978523
MS-MARCO-RBAC,8000000,8000000,ACORN,hub,0.4,3,0.0,0.083318,0.953752,0.973424
MS-MARCO-RBAC,8000000,8000000,ACORN,hub,0.4,4,0.0,0.08282,0.959462,0.98213
MS-MARCO-RBAC,8000000,8000000,ACORN,hub,0.4,5,0.0,0.07846,0.959651,0.981863
MS-MARCO-RBAC,8000000,8000000,ACORN,hub,0.4,6,0.0,0.076436,0.954195,0.973889
MS-MARCO-RBAC,8000000,8000000,ACORN,hub,0.4,7,0.0,0.07482,0.952245,0.975175
MS-MARCO-RBAC,8000000,8000000,ACORN,hub,0.4,8,0.0,0.076701,0.954757,0.976537
MS-MARCO-RBAC,8000000,8000000,ACORN,hub,0.4,9,0.0,0.08208,0.958855,0.977622
MS-MARCO-RBAC,8000000,8000000,HoneyBee,hub,0.4,0,0.0,0.065371,0.960684,0.980315
MS-MARCO-RBAC,8000000,8000000,HoneyBee,hub,0.4,1,0.0,0.072093,0.95651,0.976682
MS-MARCO-RBAC,8000000,8000000,HoneyBee,hub,0.4,2,0.0,0.071877,0.960649,0.976573
MS-MARCO-RBAC,8000000,8000000,HoneyBee,hub,0.4,3,0.0,0.060173,0.962982,0.980827
MS-MARCO-RBAC,8000000,8000000,HoneyBee,hub,0.4,4,0.0,0.067299,0.962095,0.97926
MS-MARCO-RBAC,8000000,8000000,HoneyBee,hub,0.4,5,0.0,0.063424,0.960274,0.977769
MS-MARCO-RBAC,8000000,8000000,HoneyBee,hub,0.4,6,0.0,0.069129,0.955947,0.978673
MS-MARCO-RBAC,8000000,8000000,HoneyBee,hub,0.4,7,0.0,0.075459,0.957988,0.975835
MS-MARCO-RBAC,8000000,8000000,HoneyBee,hub,0.4,8,0.0,0.059512,0.959817,0.978639
MS-MARCO-RBAC,8000000,8000000,HoneyBee,hub,0.4,9,0.0,0.068112,0.957669,0.975409
MS-MARCO-RBAC,8000000,8000000,SPFresh,hub,0.4,0,0.0,0.112385,0.949599,0.977527
MS-MARCO-RBAC,8000000,8000000,SPFresh,hub,0.4,1,0.0,0.115765,0.947445,0.973979
MS-MARCO-RBAC,8000000,8000000,SPFresh,hub,0.4,2,0.0,0.11901,0.949181,0.976831
MS-MARCO-RBAC,8000000,8000000,SPFresh,hub,0.4,3,0.0,0.120902,0.95377,0.977433
MS-MARCO-RBAC,8000000,8000000,SPFresh,hub,0.4,4,0.0,0.116755,0.948234,0.978272
MS-MARCO-RBAC,8000000,8000000,SPFresh,hub,0.4,5,0.0,0.122063,0.946759,0.976418
MS-MARCO-RBAC,8000000,8000000,SPFresh,hub,0.4,6,0.0,0.118533,0.950657,0.977588
MS-MARCO-RBAC,8000000,8000000,SPFresh,hub,0.4,7,0.0,0.106753,0.948742,0.978353
MS-MARCO-RBAC,8000000,8000000,SPFresh,hub,0.4,8,0.0,0.123113,0.954011,0.979927
MS-MARCO-RBAC,8000000,8000000,SPFresh,hub,0.4,9,0.0,0.114345,0.951869,0.975935
MS-MARCO-RBAC,8000000,8000000,Oracle,hub,0.4,0,0.0,0.0,0.979193,0.979193
MS-MARCO-RBAC,8000000,8000000,Oracle,hub,0.4,1,0.0,0.0,0.978857,0.978857
MS-MARCO-RBAC,8000000,8000000,Oracle,hub,0.4,2,0.0,0.0,0.97798,0.97798
MS-MARCO-RBAC,8000000,8000000,Oracle,hub,0.4,3,0.0,0.0,0.977025,0.977025
MS-MARCO-RBAC,8000000,8000000,Oracle,hub,0.4,4,0.0,0.0,0.978703,0.978703
MS-MARCO-RBAC,8000000,8000000,Oracle,hub,0.4,5,0.0,0.0,0.977984,0.977984
MS-MARCO-RBAC,8000000,8000000,Oracle,hub,0.4,6,0.0,0.0,0.978756,0.978756
MS-MARCO-RBAC,8000000,8000000,Oracle,hub,0.4,7,0.0,0.0,0.978642,0.978642
MS-MARCO-RBAC,8000000,8000000,Oracle,hub,0.4,8,0.0,0.0,0.976399,0.976399
MS-MARCO-RBAC,8000000,8000000,Oracle,hub,0.4,9,0.0,0.0,0.979362,0.979362
MS-MARCO-RBAC,8000000,8000000,Tombstone,hub,0.5,0,0.0,0.22591,0.936559,0.97639
MS-MARCO-RBAC,8000000,8000000,Tombstone,hub,0.5,1,0.0,0.229059,0.939506,0.977521
MS-MARCO-RBAC,8000000,8000000,Tombstone,hub,0.5,2,0.0,0.223413,0.934281,0.975488
MS-MARCO-RBAC,8000000,8000000,Tombstone,hub,0.5,3,0.0,0.222781,0.938578,0.977389
MS-MARCO-RBAC,8000000,8000000,Tombstone,hub,0.5,4,0.0,0.222465,0.938704,0.978683
MS-MARCO-RBAC,8000000,8000000,Tombstone,hub,0.5,5,0.0,0.222953,0.940613,0.977762
MS-MARCO-RBAC,8000000,8000000,Tombstone,hub,0.5,6,0.0,0.228247,0.933655,0.977644
MS-MARCO-RBAC,8000000,8000000,Tombstone,hub,0.5,7,0.0,0.225049,0.935035,0.973195
MS-MARCO-RBAC,8000000,8000000,Tombstone,hub,0.5,8,0.0,0.223659,0.936115,0.977346
MS-MARCO-RBAC,8000000,8000000,Tombstone,hub,0.5,9,0.0,0.225581,0.934524,0.976994
MS-MARCO-RBAC,8000000,8000000,Post-filter,hub,0.5,0,0.0,0.241876,0.931033,0.97971
MS-MARCO-RBAC,8000000,8000000,Post-filter,hub,0.5,1,0.0,0.242949,0.928389,0.974565
MS-MARCO-RBAC,8000000,8000000,Post-filter,hub,0.5,2,0.0,0.241498,0.929685,0.975535
MS-MARCO-RBAC,8000000,8000000,Post-filter,hub,0.5,3,0.0,0.241506,0.930399,0.976509
MS-MARCO-RBAC,8000000,8000000,Post-filter,hub,0.5,4,0.0,0.244454,0.931472,0.978931
MS-MARCO-RBAC,8000000,8000000,Post-filter,hub,0.5,5,0.0,0.246494,0.935623,0.978698
MS-MARCO-RBAC,8000000,8000000,Post-filter,hub,0.5,6,0.0,0.24819,0.936348,0.981088
MS-MARCO-RBAC,8000000,8000000,Post-filter,hub,0.5,7,0.0,0.245214,0.934269,0.978066
MS-MARCO-RBAC,8000000,8000000,Post-filter,hub,0.5,8,0.0,0.240318,0.932484,0.977436
MS-MARCO-RBAC,8000000,8000000,Post-filter,hub,0.5,9,0.0,0.255211,0.933618,0.979018
MS-MARCO-RBAC,8000000,8000000,Lethe,hub,0.5,0,0.0,0.01436,0.97563,0.980997
MS-MARCO-RBAC,8000000,8000000,Lethe,hub,0.5,1,0.0,0.021306,0.973026,0.975368
MS-MARCO-RBAC,8000000,8000000,Lethe,hub,0.5,2,0.0,0.013729,0.972929,0.976192
MS-MARCO-RBAC,8000000,8000000,Lethe,hub,0.5,3,0.0,0.011012,0.972071,0.976028
MS-MARCO-RBAC,8000000,8000000,Lethe,hub,0.5,4,0.0,0.008424,0.974402,0.97824
MS-MARCO-RBAC,8000000,8000000,Lethe,hub,0.5,5,0.0,0.009893,0.975803,0.97894
MS-MARCO-RBAC,8000000,8000000,Lethe,hub,0.5,6,0.0,0.016794,0.974985,0.978676
MS-MARCO-RBAC,8000000,8000000,Lethe,hub,0.5,7,0.0,0.014745,0.974892,0.977981
MS-MARCO-RBAC,8000000,8000000,Lethe,hub,0.5,8,0.0,0.011853,0.972889,0.980378
MS-MARCO-RBAC,8000000,8000000,Lethe,hub,0.5,9,0.0,0.0,0.973735,0.976757
MS-MARCO-RBAC,8000000,8000000,Lethe-no-bypass,hub,0.5,0,0.0,0.076832,0.921899,0.975192
MS-MARCO-RBAC,8000000,8000000,Lethe-no-bypass,hub,0.5,1,0.0,0.077963,0.924789,0.979892
MS-MARCO-RBAC,8000000,8000000,Lethe-no-bypass,hub,0.5,2,0.0,0.080899,0.920877,0.976498
MS-MARCO-RBAC,8000000,8000000,Lethe-no-bypass,hub,0.5,3,0.0,0.082947,0.922623,0.979186
MS-MARCO-RBAC,8000000,8000000,Lethe-no-bypass,hub,0.5,4,0.0,0.07352,0.922102,0.976894
MS-MARCO-RBAC,8000000,8000000,Lethe-no-bypass,hub,0.5,5,0.0,0.071661,0.920414,0.976909
MS-MARCO-RBAC,8000000,8000000,Lethe-no-bypass,hub,0.5,6,0.0,0.070442,0.924483,0.98117
MS-MARCO-RBAC,8000000,8000000,Lethe-no-bypass,hub,0.5,7,0.0,0.068509,0.92417,0.982244
MS-MARCO-RBAC,8000000,8000000,Lethe-no-bypass,hub,0.5,8,0.0,0.07703,0.922319,0.979013
MS-MARCO-RBAC,8000000,8000000,Lethe-no-bypass,hub,0.5,9,0.0,0.076056,0.923626,0.978948
MS-MARCO-RBAC,8000000,8000000,Lethe-no-revaware-traversal,hub,0.5,0,0.0,0.212941,0.950208,0.980473
MS-MARCO-RBAC,8000000,8000000,Lethe-no-revaware-traversal,hub,0.5,1,0.0,0.210464,0.949228,0.976337
MS-MARCO-RBAC,8000000,8000000,Lethe-no-revaware-traversal,hub,0.5,2,0.0,0.206114,0.950585,0.978397
MS-MARCO-RBAC,8000000,8000000,Lethe-no-revaware-traversal,hub,0.5,3,0.0,0.211351,0.950764,0.976141
MS-MARCO-RBAC,8000000,8000000,Lethe-no-revaware-traversal,hub,0.5,4,0.0,0.205572,0.953839,0.980804
MS-MARCO-RBAC,8000000,8000000,Lethe-no-revaware-traversal,hub,0.5,5,0.0,0.221351,0.953177,0.979395
MS-MARCO-RBAC,8000000,8000000,Lethe-no-revaware-traversal,hub,0.5,6,0.0,0.21551,0.95039,0.977731
MS-MARCO-RBAC,8000000,8000000,Lethe-no-revaware-traversal,hub,0.5,7,0.0,0.204503,0.954068,0.979849
MS-MARCO-RBAC,8000000,8000000,Lethe-no-revaware-traversal,hub,0.5,8,0.0,0.224427,0.945398,0.977005
MS-MARCO-RBAC,8000000,8000000,Lethe-no-revaware-traversal,hub,0.5,9,0.0,0.221432,0.949514,0.97901
MS-MARCO-RBAC,8000000,8000000,Physical-delete,hub,0.5,0,0.0,0.053302,0.9373,0.976386
MS-MARCO-RBAC,8000000,8000000,Physical-delete,hub,0.5,1,0.0,0.053867,0.939564,0.975512
MS-MARCO-RBAC,8000000,8000000,Physical-delete,hub,0.5,2,0.0,0.047896,0.935742,0.972575
MS-MARCO-RBAC,8000000,8000000,Physical-delete,hub,0.5,3,0.0,0.050221,0.939363,0.981155
MS-MARCO-RBAC,8000000,8000000,Physical-delete,hub,0.5,4,0.0,0.043891,0.941095,0.982306
MS-MARCO-RBAC,8000000,8000000,Physical-delete,hub,0.5,5,0.0,0.05943,0.940947,0.976697
MS-MARCO-RBAC,8000000,8000000,Physical-delete,hub,0.5,6,0.0,0.05267,0.93999,0.979811
MS-MARCO-RBAC,8000000,8000000,Physical-delete,hub,0.5,7,0.0,0.05493,0.937577,0.977807
MS-MARCO-RBAC,8000000,8000000,Physical-delete,hub,0.5,8,0.0,0.061086,0.940595,0.975268
MS-MARCO-RBAC,8000000,8000000,Physical-delete,hub,0.5,9,0.0,0.04365,0.943577,0.978392
MS-MARCO-RBAC,8000000,8000000,Periodic-rebuild,hub,0.5,0,0.0,0.102549,0.959955,0.978823
MS-MARCO-RBAC,8000000,8000000,Periodic-rebuild,hub,0.5,1,0.0,0.111858,0.95535,0.976037
MS-MARCO-RBAC,8000000,8000000,Periodic-rebuild,hub,0.5,2,0.0,0.103287,0.961474,0.980187
MS-MARCO-RBAC,8000000,8000000,Periodic-rebuild,hub,0.5,3,0.0,0.102501,0.962835,0.978595
MS-MARCO-RBAC,8000000,8000000,Periodic-rebuild,hub,0.5,4,0.0,0.113423,0.955314,0.975475
MS-MARCO-RBAC,8000000,8000000,Periodic-rebuild,hub,0.5,5,0.0,0.106523,0.960639,0.977616
MS-MARCO-RBAC,8000000,8000000,Periodic-rebuild,hub,0.5,6,0.0,0.11042,0.955816,0.974573
MS-MARCO-RBAC,8000000,8000000,Periodic-rebuild,hub,0.5,7,0.0,0.111499,0.953541,0.974253
MS-MARCO-RBAC,8000000,8000000,Periodic-rebuild,hub,0.5,8,0.0,0.105016,0.960969,0.978958
MS-MARCO-RBAC,8000000,8000000,Periodic-rebuild,hub,0.5,9,0.0,0.113029,0.96749,0.982233
MS-MARCO-RBAC,8000000,8000000,Per-role-index,hub,0.5,0,0.0,0.012128,0.977369,0.97913
MS-MARCO-RBAC,8000000,8000000,Per-role-index,hub,0.5,1,0.0,0.0,0.973598,0.977998
MS-MARCO-RBAC,8000000,8000000,Per-role-index,hub,0.5,2,0.0,0.008853,0.974858,0.979498
MS-MARCO-RBAC,8000000,8000000,Per-role-index,hub,0.5,3,0.0,0.010655,0.977422,0.978353
MS-MARCO-RBAC,8000000,8000000,Per-role-index,hub,0.5,4,0.0,0.012018,0.976938,0.979488
MS-MARCO-RBAC,8000000,8000000,Per-role-index,hub,0.5,5,0.0,0.005078,0.975312,0.979562
MS-MARCO-RBAC,8000000,8000000,Per-role-index,hub,0.5,6,0.0,0.012002,0.97714,0.980036
MS-MARCO-RBAC,8000000,8000000,Per-role-index,hub,0.5,7,0.0,0.008389,0.972038,0.979404
MS-MARCO-RBAC,8000000,8000000,Per-role-index,hub,0.5,8,0.0,0.011487,0.972286,0.976896
MS-MARCO-RBAC,8000000,8000000,Per-role-index,hub,0.5,9,0.0,0.006194,0.971339,0.974458
MS-MARCO-RBAC,8000000,8000000,ACORN,hub,0.5,0,0.0,0.094469,0.958637,0.979493
MS-MARCO-RBAC,8000000,8000000,ACORN,hub,0.5,1,0.0,0.087577,0.955066,0.975958
MS-MARCO-RBAC,8000000,8000000,ACORN,hub,0.5,2,0.0,0.091336,0.957067,0.978518
MS-MARCO-RBAC,8000000,8000000,ACORN,hub,0.5,3,0.0,0.093933,0.954345,0.977187
MS-MARCO-RBAC,8000000,8000000,ACORN,hub,0.5,4,0.0,0.097823,0.954288,0.97511
MS-MARCO-RBAC,8000000,8000000,ACORN,hub,0.5,5,0.0,0.088917,0.959519,0.979326
MS-MARCO-RBAC,8000000,8000000,ACORN,hub,0.5,6,0.0,0.093793,0.95768,0.98051
MS-MARCO-RBAC,8000000,8000000,ACORN,hub,0.5,7,0.0,0.09278,0.958637,0.978449
MS-MARCO-RBAC,8000000,8000000,ACORN,hub,0.5,8,0.0,0.096672,0.956732,0.977452
MS-MARCO-RBAC,8000000,8000000,ACORN,hub,0.5,9,0.0,0.089718,0.959437,0.979862
MS-MARCO-RBAC,8000000,8000000,HoneyBee,hub,0.5,0,0.0,0.080592,0.959289,0.979818
MS-MARCO-RBAC,8000000,8000000,HoneyBee,hub,0.5,1,0.0,0.082171,0.96159,0.980023
MS-MARCO-RBAC,8000000,8000000,HoneyBee,hub,0.5,2,0.0,0.074607,0.955793,0.979565
MS-MARCO-RBAC,8000000,8000000,HoneyBee,hub,0.5,3,0.0,0.077603,0.958704,0.976525
MS-MARCO-RBAC,8000000,8000000,HoneyBee,hub,0.5,4,0.0,0.079633,0.960695,0.977734
MS-MARCO-RBAC,8000000,8000000,HoneyBee,hub,0.5,5,0.0,0.07661,0.956797,0.976115
MS-MARCO-RBAC,8000000,8000000,HoneyBee,hub,0.5,6,0.0,0.080622,0.961371,0.979059
MS-MARCO-RBAC,8000000,8000000,HoneyBee,hub,0.5,7,0.0,0.075797,0.956074,0.97359
MS-MARCO-RBAC,8000000,8000000,HoneyBee,hub,0.5,8,0.0,0.080321,0.959534,0.976594
MS-MARCO-RBAC,8000000,8000000,HoneyBee,hub,0.5,9,0.0,0.07956,0.963691,0.981167
MS-MARCO-RBAC,8000000,8000000,SPFresh,hub,0.5,0,0.0,0.132361,0.951762,0.977317
MS-MARCO-RBAC,8000000,8000000,SPFresh,hub,0.5,1,0.0,0.141363,0.944935,0.978495
MS-MARCO-RBAC,8000000,8000000,SPFresh,hub,0.5,2,0.0,0.140532,0.95081,0.977478
MS-MARCO-RBAC,8000000,8000000,SPFresh,hub,0.5,3,0.0,0.136851,0.952342,0.97783
MS-MARCO-RBAC,8000000,8000000,SPFresh,hub,0.5,4,0.0,0.141714,0.950277,0.978037
MS-MARCO-RBAC,8000000,8000000,SPFresh,hub,0.5,5,0.0,0.142479,0.95674,0.980916
MS-MARCO-RBAC,8000000,8000000,SPFresh,hub,0.5,6,0.0,0.1368,0.949039,0.976071
MS-MARCO-RBAC,8000000,8000000,SPFresh,hub,0.5,7,0.0,0.141096,0.948337,0.977658
MS-MARCO-RBAC,8000000,8000000,SPFresh,hub,0.5,8,0.0,0.13686,0.948412,0.974203
MS-MARCO-RBAC,8000000,8000000,SPFresh,hub,0.5,9,0.0,0.137535,0.956472,0.979484
MS-MARCO-RBAC,8000000,8000000,Oracle,hub,0.5,0,0.0,0.0,0.9794,0.9794
MS-MARCO-RBAC,8000000,8000000,Oracle,hub,0.5,1,0.0,0.0,0.980318,0.980318
MS-MARCO-RBAC,8000000,8000000,Oracle,hub,0.5,2,0.0,0.0,0.975846,0.975846
MS-MARCO-RBAC,8000000,8000000,Oracle,hub,0.5,3,0.0,0.0,0.977752,0.977752
MS-MARCO-RBAC,8000000,8000000,Oracle,hub,0.5,4,0.0,0.0,0.978895,0.978895
MS-MARCO-RBAC,8000000,8000000,Oracle,hub,0.5,5,0.0,0.0,0.98069,0.98069
MS-MARCO-RBAC,8000000,8000000,Oracle,hub,0.5,6,0.0,0.0,0.975449,0.975449
MS-MARCO-RBAC,8000000,8000000,Oracle,hub,0.5,7,0.0,0.0,0.98077,0.98077
MS-MARCO-RBAC,8000000,8000000,Oracle,hub,0.5,8,0.0,0.0,0.973726,0.973726
MS-MARCO-RBAC,8000000,8000000,Oracle,hub,0.5,9,0.0,0.0,0.980448,0.980448
MS-MARCO-RBAC,8000000,8000000,Tombstone,cluster,0.0,0,0.0,0.0,0.93916,0.977297
MS-MARCO-RBAC,8000000,8000000,Tombstone,cluster,0.0,1,0.0,0.0,0.945216,0.979355
MS-MARCO-RBAC,8000000,8000000,Tombstone,cluster,0.0,2,0.0,0.0,0.942309,0.979541
MS-MARCO-RBAC,8000000,8000000,Tombstone,cluster,0.0,3,0.0,0.0,0.941919,0.978521
MS-MARCO-RBAC,8000000,8000000,Tombstone,cluster,0.0,4,0.0,0.0,0.941293,0.976332
MS-MARCO-RBAC,8000000,8000000,Tombstone,cluster,0.0,5,0.0,0.0,0.942089,0.978728
MS-MARCO-RBAC,8000000,8000000,Tombstone,cluster,0.0,6,0.0,0.0,0.941548,0.978694
MS-MARCO-RBAC,8000000,8000000,Tombstone,cluster,0.0,7,0.0,0.0,0.94112,0.978886
MS-MARCO-RBAC,8000000,8000000,Tombstone,cluster,0.0,8,0.0,0.0,0.93857,0.978306
MS-MARCO-RBAC,8000000,8000000,Tombstone,cluster,0.0,9,0.0,0.0,0.944632,0.978351
MS-MARCO-RBAC,8000000,8000000,Post-filter,cluster,0.0,0,0.0,0.0,0.936161,0.9815
MS-MARCO-RBAC,8000000,8000000,Post-filter,cluster,0.0,1,0.0,0.0,0.93747,0.977673
MS-MARCO-RBAC,8000000,8000000,Post-filter,cluster,0.0,2,0.0,0.0,0.934313,0.975717
MS-MARCO-RBAC,8000000,8000000,Post-filter,cluster,0.0,3,0.0,0.0,0.940803,0.980915
MS-MARCO-RBAC,8000000,8000000,Post-filter,cluster,0.0,4,0.0,0.0,0.935294,0.979042
MS-MARCO-RBAC,8000000,8000000,Post-filter,cluster,0.0,5,0.0,0.0,0.934605,0.978122
MS-MARCO-RBAC,8000000,8000000,Post-filter,cluster,0.0,6,0.0,0.0,0.92841,0.974977
MS-MARCO-RBAC,8000000,8000000,Post-filter,cluster,0.0,7,0.0,0.0,0.933556,0.978225
MS-MARCO-RBAC,8000000,8000000,Post-filter,cluster,0.0,8,0.0,0.0,0.932962,0.9768
MS-MARCO-RBAC,8000000,8000000,Post-filter,cluster,0.0,9,0.0,0.0,0.932949,0.975334
MS-MARCO-RBAC,8000000,8000000,Lethe,cluster,0.0,0,0.0,0.0,0.971494,0.976636
MS-MARCO-RBAC,8000000,8000000,Lethe,cluster,0.0,1,0.0,0.0,0.973872,0.976861
MS-MARCO-RBAC,8000000,8000000,Lethe,cluster,0.0,2,0.0,0.0,0.973286,0.976813
MS-MARCO-RBAC,8000000,8000000,Lethe,cluster,0.0,3,0.0,0.0,0.974001,0.977265
MS-MARCO-RBAC,8000000,8000000,Lethe,cluster,0.0,4,0.0,0.0,0.975785,0.976596
MS-MARCO-RBAC,8000000,8000000,Lethe,cluster,0.0,5,0.0,0.0,0.977531,0.982034
MS-MARCO-RBAC,8000000,8000000,Lethe,cluster,0.0,6,0.0,0.0,0.968356,0.974586
MS-MARCO-RBAC,8000000,8000000,Lethe,cluster,0.0,7,0.0,0.0,0.973255,0.976055
MS-MARCO-RBAC,8000000,8000000,Lethe,cluster,0.0,8,0.0,0.0,0.970407,0.975757
MS-MARCO-RBAC,8000000,8000000,Lethe,cluster,0.0,9,0.0,0.0,0.968093,0.974348
MS-MARCO-RBAC,8000000,8000000,Lethe-no-bypass,cluster,0.0,0,0.0,0.0,0.925355,0.979674
MS-MARCO-RBAC,8000000,8000000,Lethe-no-bypass,cluster,0.0,1,0.0,0.0,0.92096,0.975904
MS-MARCO-RBAC,8000000,8000000,Lethe-no-bypass,cluster,0.0,2,0.0,0.0,0.924492,0.974126
MS-MARCO-RBAC,8000000,8000000,Lethe-no-bypass,cluster,0.0,3,0.0,0.0,0.922653,0.977809
MS-MARCO-RBAC,8000000,8000000,Lethe-no-bypass,cluster,0.0,4,0.0,0.0,0.923321,0.978193
MS-MARCO-RBAC,8000000,8000000,Lethe-no-bypass,cluster,0.0,5,0.0,0.0,0.928293,0.98109
MS-MARCO-RBAC,8000000,8000000,Lethe-no-bypass,cluster,0.0,6,0.0,0.0,0.921741,0.978096
MS-MARCO-RBAC,8000000,8000000,Lethe-no-bypass,cluster,0.0,7,0.0,0.0,0.923687,0.97666
MS-MARCO-RBAC,8000000,8000000,Lethe-no-bypass,cluster,0.0,8,0.0,0.0,0.926217,0.979688
MS-MARCO-RBAC,8000000,8000000,Lethe-no-bypass,cluster,0.0,9,0.0,0.0,0.922288,0.976428
MS-MARCO-RBAC,8000000,8000000,Lethe-no-revaware-traversal,cluster,0.0,0,0.0,0.0,0.953214,0.97736
MS-MARCO-RBAC,8000000,8000000,Lethe-no-revaware-traversal,cluster,0.0,1,0.0,0.0,0.953542,0.979116
MS-MARCO-RBAC,8000000,8000000,Lethe-no-revaware-traversal,cluster,0.0,2,0.0,0.0,0.95522,0.980242
MS-MARCO-RBAC,8000000,8000000,Lethe-no-revaware-traversal,cluster,0.0,3,0.0,0.0,0.954639,0.979982
MS-MARCO-RBAC,8000000,8000000,Lethe-no-revaware-traversal,cluster,0.0,4,0.0,0.0,0.955911,0.978581
MS-MARCO-RBAC,8000000,8000000,Lethe-no-revaware-traversal,cluster,0.0,5,0.0,0.0,0.951963,0.978779
MS-MARCO-RBAC,8000000,8000000,Lethe-no-revaware-traversal,cluster,0.0,6,0.0,0.0,0.951728,0.975004
MS-MARCO-RBAC,8000000,8000000,Lethe-no-revaware-traversal,cluster,0.0,7,0.0,0.0,0.954237,0.980037
MS-MARCO-RBAC,8000000,8000000,Lethe-no-revaware-traversal,cluster,0.0,8,0.0,0.0,0.95736,0.981515
MS-MARCO-RBAC,8000000,8000000,Lethe-no-revaware-traversal,cluster,0.0,9,0.0,0.0,0.94936,0.975679
MS-MARCO-RBAC,8000000,8000000,Physical-delete,cluster,0.0,0,0.0,0.0,0.936428,0.974937
MS-MARCO-RBAC,8000000,8000000,Physical-delete,cluster,0.0,1,0.0,0.0,0.941126,0.975161
MS-MARCO-RBAC,8000000,8000000,Physical-delete,cluster,0.0,2,0.0,0.0,0.944751,0.978592
MS-MARCO-RBAC,8000000,8000000,Physical-delete,cluster,0.0,3,0.0,0.0,0.943575,0.978262
MS-MARCO-RBAC,8000000,8000000,Physical-delete,cluster,0.0,4,0.0,0.0,0.934229,0.97377
MS-MARCO-RBAC,8000000,8000000,Physical-delete,cluster,0.0,5,0.0,0.0,0.947675,0.983356
MS-MARCO-RBAC,8000000,8000000,Physical-delete,cluster,0.0,6,0.0,0.0,0.94238,0.977976
MS-MARCO-RBAC,8000000,8000000,Physical-delete,cluster,0.0,7,0.0,0.0,0.947401,0.980287
MS-MARCO-RBAC,8000000,8000000,Physical-delete,cluster,0.0,8,0.0,0.0,0.942403,0.97769
MS-MARCO-RBAC,8000000,8000000,Physical-delete,cluster,0.0,9,0.0,0.0,0.948499,0.981462
MS-MARCO-RBAC,8000000,8000000,Periodic-rebuild,cluster,0.0,0,0.0,0.0,0.962303,0.978129
MS-MARCO-RBAC,8000000,8000000,Periodic-rebuild,cluster,0.0,1,0.0,0.0,0.960714,0.976988
MS-MARCO-RBAC,8000000,8000000,Periodic-rebuild,cluster,0.0,2,0.0,0.0,0.959117,0.975121
MS-MARCO-RBAC,8000000,8000000,Periodic-rebuild,cluster,0.0,3,0.0,0.0,0.957873,0.975333
MS-MARCO-RBAC,8000000,8000000,Periodic-rebuild,cluster,0.0,4,0.0,0.0,0.958482,0.975605
MS-MARCO-RBAC,8000000,8000000,Periodic-rebuild,cluster,0.0,5,0.0,0.0,0.954237,0.975824
MS-MARCO-RBAC,8000000,8000000,Periodic-rebuild,cluster,0.0,6,0.0,0.0,0.961249,0.979274
MS-MARCO-RBAC,8000000,8000000,Periodic-rebuild,cluster,0.0,7,0.0,0.0,0.957766,0.977277
MS-MARCO-RBAC,8000000,8000000,Periodic-rebuild,cluster,0.0,8,0.0,0.0,0.960024,0.97769
MS-MARCO-RBAC,8000000,8000000,Periodic-rebuild,cluster,0.0,9,0.0,0.0,0.964625,0.9781
MS-MARCO-RBAC,8000000,8000000,Per-role-index,cluster,0.0,0,0.0,0.0,0.968552,0.9751
MS-MARCO-RBAC,8000000,8000000,Per-role-index,cluster,0.0,1,0.0,0.0,0.976354,0.978408
MS-MARCO-RBAC,8000000,8000000,Per-role-index,cluster,0.0,2,0.0,0.0,0.977462,0.978072
MS-MARCO-RBAC,8000000,8000000,Per-role-index,cluster,0.0,3,0.0,0.0,0.974801,0.978176
MS-MARCO-RBAC,8000000,8000000,Per-role-index,cluster,0.0,4,0.0,0.0,0.973958,0.979211
MS-MARCO-RBAC,8000000,8000000,Per-role-index,cluster,0.0,5,0.0,0.0,0.975523,0.981306
MS-MARCO-RBAC,8000000,8000000,Per-role-index,cluster,0.0,6,0.0,0.0,0.969722,0.975086
MS-MARCO-RBAC,8000000,8000000,Per-role-index,cluster,0.0,7,0.0,0.0,0.976672,0.979478
MS-MARCO-RBAC,8000000,8000000,Per-role-index,cluster,0.0,8,0.0,0.0,0.976298,0.978323
MS-MARCO-RBAC,8000000,8000000,Per-role-index,cluster,0.0,9,0.0,0.0,0.969374,0.978105
MS-MARCO-RBAC,8000000,8000000,ACORN,cluster,0.0,0,0.0,0.0,0.958662,0.980589
MS-MARCO-RBAC,8000000,8000000,ACORN,cluster,0.0,1,0.0,0.0,0.957269,0.97897
MS-MARCO-RBAC,8000000,8000000,ACORN,cluster,0.0,2,0.0,0.0,0.951356,0.973164
MS-MARCO-RBAC,8000000,8000000,ACORN,cluster,0.0,3,0.0,0.0,0.953633,0.976943
MS-MARCO-RBAC,8000000,8000000,ACORN,cluster,0.0,4,0.0,0.0,0.955691,0.978749
MS-MARCO-RBAC,8000000,8000000,ACORN,cluster,0.0,5,0.0,0.0,0.956618,0.981607
MS-MARCO-RBAC,8000000,8000000,ACORN,cluster,0.0,6,0.0,0.0,0.956093,0.978609
MS-MARCO-RBAC,8000000,8000000,ACORN,cluster,0.0,7,0.0,0.0,0.951339,0.974994
MS-MARCO-RBAC,8000000,8000000,ACORN,cluster,0.0,8,0.0,0.0,0.960603,0.97712
MS-MARCO-RBAC,8000000,8000000,ACORN,cluster,0.0,9,0.0,0.0,0.960168,0.979109
MS-MARCO-RBAC,8000000,8000000,HoneyBee,cluster,0.0,0,0.0,0.0,0.957939,0.979261
MS-MARCO-RBAC,8000000,8000000,HoneyBee,cluster,0.0,1,0.0,0.0,0.958155,0.977067
MS-MARCO-RBAC,8000000,8000000,HoneyBee,cluster,0.0,2,0.0,0.0,0.959218,0.976334
MS-MARCO-RBAC,8000000,8000000,HoneyBee,cluster,0.0,3,0.0,0.0,0.965207,0.97934
MS-MARCO-RBAC,8000000,8000000,HoneyBee,cluster,0.0,4,0.0,0.0,0.955592,0.976115
MS-MARCO-RBAC,8000000,8000000,HoneyBee,cluster,0.0,5,0.0,0.0,0.961088,0.980218
MS-MARCO-RBAC,8000000,8000000,HoneyBee,cluster,0.0,6,0.0,0.0,0.96102,0.979342
MS-MARCO-RBAC,8000000,8000000,HoneyBee,cluster,0.0,7,0.0,0.0,0.957528,0.977408
MS-MARCO-RBAC,8000000,8000000,HoneyBee,cluster,0.0,8,0.0,0.0,0.960601,0.979049
MS-MARCO-RBAC,8000000,8000000,HoneyBee,cluster,0.0,9,0.0,0.0,0.960893,0.978684
MS-MARCO-RBAC,8000000,8000000,SPFresh,cluster,0.0,0,0.0,0.0,0.953414,0.979408
MS-MARCO-RBAC,8000000,8000000,SPFresh,cluster,0.0,1,0.0,0.0,0.952561,0.976912
MS-MARCO-RBAC,8000000,8000000,SPFresh,cluster,0.0,2,0.0,0.0,0.957688,0.982647
MS-MARCO-RBAC,8000000,8000000,SPFresh,cluster,0.0,3,0.0,0.0,0.958081,0.982447
MS-MARCO-RBAC,8000000,8000000,SPFresh,cluster,0.0,4,0.0,0.0,0.954498,0.978498
MS-MARCO-RBAC,8000000,8000000,SPFresh,cluster,0.0,5,0.0,0.0,0.951843,0.978008
MS-MARCO-RBAC,8000000,8000000,SPFresh,cluster,0.0,6,0.0,0.0,0.949178,0.979886
MS-MARCO-RBAC,8000000,8000000,SPFresh,cluster,0.0,7,0.0,0.0,0.952388,0.979944
MS-MARCO-RBAC,8000000,8000000,SPFresh,cluster,0.0,8,0.0,0.0,0.94832,0.97492
MS-MARCO-RBAC,8000000,8000000,SPFresh,cluster,0.0,9,0.0,0.0,0.952437,0.978325
MS-MARCO-RBAC,8000000,8000000,Oracle,cluster,0.0,0,0.0,0.0,0.981913,0.981913
MS-MARCO-RBAC,8000000,8000000,Oracle,cluster,0.0,1,0.0,0.0,0.975891,0.975891
MS-MARCO-RBAC,8000000,8000000,Oracle,cluster,0.0,2,0.0,0.0,0.976487,0.976487
MS-MARCO-RBAC,8000000,8000000,Oracle,cluster,0.0,3,0.0,0.0,0.977983,0.977983
MS-MARCO-RBAC,8000000,8000000,Oracle,cluster,0.0,4,0.0,0.0,0.980078,0.980078
MS-MARCO-RBAC,8000000,8000000,Oracle,cluster,0.0,5,0.0,0.0,0.975441,0.975441
MS-MARCO-RBAC,8000000,8000000,Oracle,cluster,0.0,6,0.0,0.0,0.979801,0.979801
MS-MARCO-RBAC,8000000,8000000,Oracle,cluster,0.0,7,0.0,0.0,0.978721,0.978721
MS-MARCO-RBAC,8000000,8000000,Oracle,cluster,0.0,8,0.0,0.0,0.97278,0.97278
MS-MARCO-RBAC,8000000,8000000,Oracle,cluster,0.0,9,0.0,0.0,0.983243,0.983243
MS-MARCO-RBAC,8000000,8000000,Tombstone,cluster,0.1,0,0.0,0.049358,0.940765,0.980014
MS-MARCO-RBAC,8000000,8000000,Tombstone,cluster,0.1,1,0.0,0.054303,0.937484,0.97646
MS-MARCO-RBAC,8000000,8000000,Tombstone,cluster,0.1,2,0.0,0.054338,0.936146,0.97859
MS-MARCO-RBAC,8000000,8000000,Tombstone,cluster,0.1,3,0.0,0.053058,0.941488,0.976936
MS-MARCO-RBAC,8000000,8000000,Tombstone,cluster,0.1,4,0.0,0.047415,0.940654,0.979497
MS-MARCO-RBAC,8000000,8000000,Tombstone,cluster,0.1,5,0.0,0.048696,0.941008,0.979683
MS-MARCO-RBAC,8000000,8000000,Tombstone,cluster,0.1,6,0.0,0.047665,0.937992,0.974219
MS-MARCO-RBAC,8000000,8000000,Tombstone,cluster,0.1,7,0.0,0.053629,0.937988,0.977379
MS-MARCO-RBAC,8000000,8000000,Tombstone,cluster,0.1,8,0.0,0.055578,0.942972,0.980565
MS-MARCO-RBAC,8000000,8000000,Tombstone,cluster,0.1,9,0.0,0.048191,0.942076,0.977572
MS-MARCO-RBAC,8000000,8000000,Post-filter,cluster,0.1,0,0.0,0.056419,0.928258,0.974339
MS-MARCO-RBAC,8000000,8000000,Post-filter,cluster,0.1,1,0.0,0.055481,0.930568,0.974665
MS-MARCO-RBAC,8000000,8000000,Post-filter,cluster,0.1,2,0.0,0.051035,0.933089,0.979854
MS-MARCO-RBAC,8000000,8000000,Post-filter,cluster,0.1,3,0.0,0.057975,0.930528,0.976968
MS-MARCO-RBAC,8000000,8000000,Post-filter,cluster,0.1,4,0.0,0.052726,0.936617,0.979599
MS-MARCO-RBAC,8000000,8000000,Post-filter,cluster,0.1,5,0.0,0.050166,0.933827,0.976657
MS-MARCO-RBAC,8000000,8000000,Post-filter,cluster,0.1,6,0.0,0.060506,0.933796,0.977462
MS-MARCO-RBAC,8000000,8000000,Post-filter,cluster,0.1,7,0.0,0.052517,0.934401,0.978563
MS-MARCO-RBAC,8000000,8000000,Post-filter,cluster,0.1,8,0.0,0.055169,0.934997,0.979533
MS-MARCO-RBAC,8000000,8000000,Post-filter,cluster,0.1,9,0.0,0.061446,0.936964,0.975739
MS-MARCO-RBAC,8000000,8000000,Lethe,cluster,0.1,0,0.0,0.004061,0.977172,0.982977
MS-MARCO-RBAC,8000000,8000000,Lethe,cluster,0.1,1,0.0,0.004881,0.974814,0.980869
MS-MARCO-RBAC,8000000,8000000,Lethe,cluster,0.1,2,0.0,0.005066,0.972763,0.979367
MS-MARCO-RBAC,8000000,8000000,Lethe,cluster,0.1,3,0.0,0.0,0.976974,0.977474
MS-MARCO-RBAC,8000000,8000000,Lethe,cluster,0.1,4,0.0,0.006527,0.971924,0.976555
MS-MARCO-RBAC,8000000,8000000,Lethe,cluster,0.1,5,0.0,0.001945,0.968557,0.975224
MS-MARCO-RBAC,8000000,8000000,Lethe,cluster,0.1,6,0.0,0.003301,0.973698,0.978323
MS-MARCO-RBAC,8000000,8000000,Lethe,cluster,0.1,7,0.0,0.001613,0.973718,0.978399
MS-MARCO-RBAC,8000000,8000000,Lethe,cluster,0.1,8,0.0,0.000548,0.974311,0.979109
MS-MARCO-RBAC,8000000,8000000,Lethe,cluster,0.1,9,0.0,0.004342,0.977976,0.980578
MS-MARCO-RBAC,8000000,8000000,Lethe-no-bypass,cluster,0.1,0,0.0,0.018103,0.920377,0.979356
MS-MARCO-RBAC,8000000,8000000,Lethe-no-bypass,cluster,0.1,1,0.0,0.018115,0.923816,0.977959
MS-MARCO-RBAC,8000000,8000000,Lethe-no-bypass,cluster,0.1,2,0.0,0.01415,0.92601,0.978464
MS-MARCO-RBAC,8000000,8000000,Lethe-no-bypass,cluster,0.1,3,0.0,0.014584,0.918703,0.976877
MS-MARCO-RBAC,8000000,8000000,Lethe-no-bypass,cluster,0.1,4,0.0,0.021091,0.924075,0.976851
MS-MARCO-RBAC,8000000,8000000,Lethe-no-bypass,cluster,0.1,5,0.0,0.017789,0.92303,0.97766
MS-MARCO-RBAC,8000000,8000000,Lethe-no-bypass,cluster,0.1,6,0.0,0.013258,0.920144,0.974363
MS-MARCO-RBAC,8000000,8000000,Lethe-no-bypass,cluster,0.1,7,0.0,0.019387,0.922907,0.980702
MS-MARCO-RBAC,8000000,8000000,Lethe-no-bypass,cluster,0.1,8,0.0,0.020842,0.920289,0.977513
MS-MARCO-RBAC,8000000,8000000,Lethe-no-bypass,cluster,0.1,9,0.0,0.01743,0.92395,0.979731
MS-MARCO-RBAC,8000000,8000000,Lethe-no-revaware-traversal,cluster,0.1,0,0.0,0.045598,0.95427,0.979251
MS-MARCO-RBAC,8000000,8000000,Lethe-no-revaware-traversal,cluster,0.1,1,0.0,0.051771,0.95273,0.979581
MS-MARCO-RBAC,8000000,8000000,Lethe-no-revaware-traversal,cluster,0.1,2,0.0,0.048719,0.951746,0.97761
MS-MARCO-RBAC,8000000,8000000,Lethe-no-revaware-traversal,cluster,0.1,3,0.0,0.046496,0.955575,0.980207
MS-MARCO-RBAC,8000000,8000000,Lethe-no-revaware-traversal,cluster,0.1,4,0.0,0.039644,0.95775,0.983395
MS-MARCO-RBAC,8000000,8000000,Lethe-no-revaware-traversal,cluster,0.1,5,0.0,0.04537,0.953042,0.978512
MS-MARCO-RBAC,8000000,8000000,Lethe-no-revaware-traversal,cluster,0.1,6,0.0,0.050717,0.95263,0.978053
MS-MARCO-RBAC,8000000,8000000,Lethe-no-revaware-traversal,cluster,0.1,7,0.0,0.042258,0.951113,0.976255
MS-MARCO-RBAC,8000000,8000000,Lethe-no-revaware-traversal,cluster,0.1,8,0.0,0.042921,0.951188,0.976869
MS-MARCO-RBAC,8000000,8000000,Lethe-no-revaware-traversal,cluster,0.1,9,0.0,0.04921,0.951306,0.978153
MS-MARCO-RBAC,8000000,8000000,Physical-delete,cluster,0.1,0,0.0,0.010752,0.946264,0.980826
MS-MARCO-RBAC,8000000,8000000,Physical-delete,cluster,0.1,1,0.0,0.015549,0.94861,0.982096
MS-MARCO-RBAC,8000000,8000000,Physical-delete,cluster,0.1,2,0.0,0.013296,0.942424,0.977685
MS-MARCO-RBAC,8000000,8000000,Physical-delete,cluster,0.1,3,0.0,0.012192,0.940981,0.980211
MS-MARCO-RBAC,8000000,8000000,Physical-delete,cluster,0.1,4,0.0,0.011354,0.942726,0.97723
MS-MARCO-RBAC,8000000,8000000,Physical-delete,cluster,0.1,5,0.0,0.008498,0.939767,0.975974
MS-MARCO-RBAC,8000000,8000000,Physical-delete,cluster,0.1,6,0.0,0.010949,0.939573,0.976123
MS-MARCO-RBAC,8000000,8000000,Physical-delete,cluster,0.1,7,0.0,0.014004,0.942019,0.979009
MS-MARCO-RBAC,8000000,8000000,Physical-delete,cluster,0.1,8,0.0,0.007917,0.93723,0.979042
MS-MARCO-RBAC,8000000,8000000,Physical-delete,cluster,0.1,9,0.0,0.017321,0.942166,0.977681
MS-MARCO-RBAC,8000000,8000000,Periodic-rebuild,cluster,0.1,0,0.0,0.022652,0.959102,0.976131
MS-MARCO-RBAC,8000000,8000000,Periodic-rebuild,cluster,0.1,1,0.0,0.022273,0.960136,0.977205
MS-MARCO-RBAC,8000000,8000000,Periodic-rebuild,cluster,0.1,2,0.0,0.017316,0.96212,0.976095
MS-MARCO-RBAC,8000000,8000000,Periodic-rebuild,cluster,0.1,3,0.0,0.023636,0.96028,0.976831
MS-MARCO-RBAC,8000000,8000000,Periodic-rebuild,cluster,0.1,4,0.0,0.024664,0.965887,0.980412
MS-MARCO-RBAC,8000000,8000000,Periodic-rebuild,cluster,0.1,5,0.0,0.028068,0.964343,0.978474
MS-MARCO-RBAC,8000000,8000000,Periodic-rebuild,cluster,0.1,6,0.0,0.022631,0.960413,0.978176
MS-MARCO-RBAC,8000000,8000000,Periodic-rebuild,cluster,0.1,7,0.0,0.019212,0.963021,0.98066
MS-MARCO-RBAC,8000000,8000000,Periodic-rebuild,cluster,0.1,8,0.0,0.027279,0.957696,0.976074
MS-MARCO-RBAC,8000000,8000000,Periodic-rebuild,cluster,0.1,9,0.0,0.024962,0.965829,0.98184
MS-MARCO-RBAC,8000000,8000000,Per-role-index,cluster,0.1,0,0.0,0.0036,0.974681,0.978753
MS-MARCO-RBAC,8000000,8000000,Per-role-index,cluster,0.1,1,0.0,0.004607,0.9745,0.976462
MS-MARCO-RBAC,8000000,8000000,Per-role-index,cluster,0.1,2,0.0,0.005288,0.979043,0.981003
MS-MARCO-RBAC,8000000,8000000,Per-role-index,cluster,0.1,3,0.0,0.000558,0.973135,0.974726
MS-MARCO-RBAC,8000000,8000000,Per-role-index,cluster,0.1,4,0.0,0.004155,0.974834,0.978329
MS-MARCO-RBAC,8000000,8000000,Per-role-index,cluster,0.1,5,0.0,0.000746,0.974521,0.97799
MS-MARCO-RBAC,8000000,8000000,Per-role-index,cluster,0.1,6,0.0,0.0,0.974257,0.976538
MS-MARCO-RBAC,8000000,8000000,Per-role-index,cluster,0.1,7,0.0,0.006767,0.975965,0.977526
MS-MARCO-RBAC,8000000,8000000,Per-role-index,cluster,0.1,8,0.0,0.001144,0.966952,0.974364
MS-MARCO-RBAC,8000000,8000000,Per-role-index,cluster,0.1,9,0.0,0.0,0.977214,0.977646
MS-MARCO-RBAC,8000000,8000000,ACORN,cluster,0.1,0,0.0,0.019808,0.959479,0.978832
MS-MARCO-RBAC,8000000,8000000,ACORN,cluster,0.1,1,0.0,0.018417,0.960305,0.981079
MS-MARCO-RBAC,8000000,8000000,ACORN,cluster,0.1,2,0.0,0.020889,0.957831,0.97829
MS-MARCO-RBAC,8000000,8000000,ACORN,cluster,0.1,3,0.0,0.021093,0.95991,0.980993
MS-MARCO-RBAC,8000000,8000000,ACORN,cluster,0.1,4,0.0,0.023676,0.956471,0.977912
MS-MARCO-RBAC,8000000,8000000,ACORN,cluster,0.1,5,0.0,0.019698,0.950398,0.974184
MS-MARCO-RBAC,8000000,8000000,ACORN,cluster,0.1,6,0.0,0.017398,0.957647,0.97899
MS-MARCO-RBAC,8000000,8000000,ACORN,cluster,0.1,7,0.0,0.021122,0.959134,0.977391
MS-MARCO-RBAC,8000000,8000000,ACORN,cluster,0.1,8,0.0,0.020639,0.958067,0.979322
MS-MARCO-RBAC,8000000,8000000,ACORN,cluster,0.1,9,0.0,0.022058,0.954951,0.974592
MS-MARCO-RBAC,8000000,8000000,HoneyBee,cluster,0.1,0,0.0,0.015148,0.958494,0.976292
MS-MARCO-RBAC,8000000,8000000,HoneyBee,cluster,0.1,1,0.0,0.014171,0.957861,0.977243
MS-MARCO-RBAC,8000000,8000000,HoneyBee,cluster,0.1,2,0.0,0.019208,0.957846,0.975864
MS-MARCO-RBAC,8000000,8000000,HoneyBee,cluster,0.1,3,0.0,0.018702,0.960399,0.980436
MS-MARCO-RBAC,8000000,8000000,HoneyBee,cluster,0.1,4,0.0,0.016868,0.964689,0.981001
MS-MARCO-RBAC,8000000,8000000,HoneyBee,cluster,0.1,5,0.0,0.013674,0.959623,0.979628
MS-MARCO-RBAC,8000000,8000000,HoneyBee,cluster,0.1,6,0.0,0.01571,0.960877,0.980005
MS-MARCO-RBAC,8000000,8000000,HoneyBee,cluster,0.1,7,0.0,0.012676,0.962223,0.980985
MS-MARCO-RBAC,8000000,8000000,HoneyBee,cluster,0.1,8,0.0,0.017482,0.961879,0.979726
MS-MARCO-RBAC,8000000,8000000,HoneyBee,cluster,0.1,9,0.0,0.015472,0.960777,0.980041
MS-MARCO-RBAC,8000000,8000000,SPFresh,cluster,0.1,0,0.0,0.028815,0.955261,0.978909
MS-MARCO-RBAC,8000000,8000000,SPFresh,cluster,0.1,1,0.0,0.030324,0.958538,0.982208
MS-MARCO-RBAC,8000000,8000000,SPFresh,cluster,0.1,2,0.0,0.032832,0.953339,0.979367
MS-MARCO-RBAC,8000000,8000000,SPFresh,cluster,0.1,3,0.0,0.029504,0.950012,0.977825
MS-MARCO-RBAC,8000000,8000000,SPFresh,cluster,0.1,4,0.0,0.030684,0.952196,0.980557
MS-MARCO-RBAC,8000000,8000000,SPFresh,cluster,0.1,5,0.0,0.034177,0.954769,0.981743
MS-MARCO-RBAC,8000000,8000000,SPFresh,cluster,0.1,6,0.0,0.028852,0.952712,0.978956
MS-MARCO-RBAC,8000000,8000000,SPFresh,cluster,0.1,7,0.0,0.034232,0.954259,0.981148
MS-MARCO-RBAC,8000000,8000000,SPFresh,cluster,0.1,8,0.0,0.029534,0.956172,0.980528
MS-MARCO-RBAC,8000000,8000000,SPFresh,cluster,0.1,9,0.0,0.027226,0.955142,0.97917
MS-MARCO-RBAC,8000000,8000000,Oracle,cluster,0.1,0,0.0,0.0,0.975326,0.975326
MS-MARCO-RBAC,8000000,8000000,Oracle,cluster,0.1,1,0.0,0.0,0.97765,0.97765
MS-MARCO-RBAC,8000000,8000000,Oracle,cluster,0.1,2,0.0,0.0,0.978397,0.978397
MS-MARCO-RBAC,8000000,8000000,Oracle,cluster,0.1,3,0.0,0.0,0.979587,0.979587
MS-MARCO-RBAC,8000000,8000000,Oracle,cluster,0.1,4,0.0,0.0,0.981119,0.981119
MS-MARCO-RBAC,8000000,8000000,Oracle,cluster,0.1,5,0.0,0.0,0.977098,0.977098
MS-MARCO-RBAC,8000000,8000000,Oracle,cluster,0.1,6,0.0,0.0,0.978603,0.978603
MS-MARCO-RBAC,8000000,8000000,Oracle,cluster,0.1,7,0.0,0.0,0.979783,0.979783
MS-MARCO-RBAC,8000000,8000000,Oracle,cluster,0.1,8,0.0,0.0,0.979413,0.979413
MS-MARCO-RBAC,8000000,8000000,Oracle,cluster,0.1,9,0.0,0.0,0.976826,0.976826
MS-MARCO-RBAC,8000000,8000000,Tombstone,cluster,0.2,0,0.0,0.084287,0.938823,0.975566
MS-MARCO-RBAC,8000000,8000000,Tombstone,cluster,0.2,1,0.0,0.089604,0.936233,0.975039
MS-MARCO-RBAC,8000000,8000000,Tombstone,cluster,0.2,2,0.0,0.088671,0.936558,0.976768
MS-MARCO-RBAC,8000000,8000000,Tombstone,cluster,0.2,3,0.0,0.087563,0.939911,0.97848
MS-MARCO-RBAC,8000000,8000000,Tombstone,cluster,0.2,4,0.0,0.085755,0.937607,0.97547
MS-MARCO-RBAC,8000000,8000000,Tombstone,cluster,0.2,5,0.0,0.085619,0.935589,0.976581
MS-MARCO-RBAC,8000000,8000000,Tombstone,cluster,0.2,6,0.0,0.08365,0.939612,0.976084
MS-MARCO-RBAC,8000000,8000000,Tombstone,cluster,0.2,7,0.0,0.089039,0.940656,0.982916
MS-MARCO-RBAC,8000000,8000000,Tombstone,cluster,0.2,8,0.0,0.086611,0.943313,0.979899
MS-MARCO-RBAC,8000000,8000000,Tombstone,cluster,0.2,9,0.0,0.090533,0.941396,0.979751
MS-MARCO-RBAC,8000000,8000000,Post-filter,cluster,0.2,0,0.0,0.092201,0.935272,0.981491
MS-MARCO-RBAC,8000000,8000000,Post-filter,cluster,0.2,1,0.0,0.091218,0.940184,0.982474
MS-MARCO-RBAC,8000000,8000000,Post-filter,cluster,0.2,2,0.0,0.086101,0.936458,0.978608
MS-MARCO-RBAC,8000000,8000000,Post-filter,cluster,0.2,3,0.0,0.090952,0.930168,0.976652
MS-MARCO-RBAC,8000000,8000000,Post-filter,cluster,0.2,4,0.0,0.090458,0.934232,0.975929
MS-MARCO-RBAC,8000000,8000000,Post-filter,cluster,0.2,5,0.0,0.093666,0.93907,0.980797
MS-MARCO-RBAC,8000000,8000000,Post-filter,cluster,0.2,6,0.0,0.100774,0.926857,0.974621
MS-MARCO-RBAC,8000000,8000000,Post-filter,cluster,0.2,7,0.0,0.096215,0.933059,0.976947
MS-MARCO-RBAC,8000000,8000000,Post-filter,cluster,0.2,8,0.0,0.093124,0.928953,0.973873
MS-MARCO-RBAC,8000000,8000000,Post-filter,cluster,0.2,9,0.0,0.092706,0.930957,0.976622
MS-MARCO-RBAC,8000000,8000000,Lethe,cluster,0.2,0,0.0,0.004123,0.974083,0.977736
MS-MARCO-RBAC,8000000,8000000,Lethe,cluster,0.2,1,0.0,0.006491,0.970698,0.977208
MS-MARCO-RBAC,8000000,8000000,Lethe,cluster,0.2,2,0.0,0.01081,0.969637,0.974681
MS-MARCO-RBAC,8000000,8000000,Lethe,cluster,0.2,3,0.0,0.006666,0.973421,0.975979
MS-MARCO-RBAC,8000000,8000000,Lethe,cluster,0.2,4,0.0,0.0,0.979462,0.980668
MS-MARCO-RBAC,8000000,8000000,Lethe,cluster,0.2,5,0.0,0.004244,0.97201,0.977582
MS-MARCO-RBAC,8000000,8000000,Lethe,cluster,0.2,6,0.0,0.0,0.969952,0.974192
MS-MARCO-RBAC,8000000,8000000,Lethe,cluster,0.2,7,0.0,0.003586,0.967631,0.976041
MS-MARCO-RBAC,8000000,8000000,Lethe,cluster,0.2,8,0.0,0.00587,0.97455,0.981328
MS-MARCO-RBAC,8000000,8000000,Lethe,cluster,0.2,9,0.0,0.003915,0.972862,0.97614
MS-MARCO-RBAC,8000000,8000000,Lethe-no-bypass,cluster,0.2,0,0.0,0.030345,0.924834,0.980163
MS-MARCO-RBAC,8000000,8000000,Lethe-no-bypass,cluster,0.2,1,0.0,0.028724,0.922209,0.975746
MS-MARCO-RBAC,8000000,8000000,Lethe-no-bypass,cluster,0.2,2,0.0,0.027261,0.924154,0.976878
MS-MARCO-RBAC,8000000,8000000,Lethe-no-bypass,cluster,0.2,3,0.0,0.03305,0.916921,0.973548
MS-MARCO-RBAC,8000000,8000000,Lethe-no-bypass,cluster,0.2,4,0.0,0.031716,0.918277,0.976548
MS-MARCO-RBAC,8000000,8000000,Lethe-no-bypass,cluster,0.2,5,0.0,0.03276,0.926256,0.978929
MS-MARCO-RBAC,8000000,8000000,Lethe-no-bypass,cluster,0.2,6,0.0,0.028903,0.921002,0.976286
MS-MARCO-RBAC,8000000,8000000,Lethe-no-bypass,cluster,0.2,7,0.0,0.034073,0.922732,0.98004
MS-MARCO-RBAC,8000000,8000000,Lethe-no-bypass,cluster,0.2,8,0.0,0.028312,0.923081,0.97908
MS-MARCO-RBAC,8000000,8000000,Lethe-no-bypass,cluster,0.2,9,0.0,0.025594,0.927004,0.979473
MS-MARCO-RBAC,8000000,8000000,Lethe-no-revaware-traversal,cluster,0.2,0,0.0,0.080363,0.954167,0.979428
MS-MARCO-RBAC,8000000,8000000,Lethe-no-revaware-traversal,cluster,0.2,1,0.0,0.08186,0.951935,0.979447
MS-MARCO-RBAC,8000000,8000000,Lethe-no-revaware-traversal,cluster,0.2,2,0.0,0.087249,0.957745,0.979251
MS-MARCO-RBAC,8000000,8000000,Lethe-no-revaware-traversal,cluster,0.2,3,0.0,0.080837,0.948131,0.978564
MS-MARCO-RBAC,8000000,8000000,Lethe-no-revaware-traversal,cluster,0.2,4,0.0,0.081453,0.948927,0.973642
MS-MARCO-RBAC,8000000,8000000,Lethe-no-revaware-traversal,cluster,0.2,5,0.0,0.077543,0.954759,0.979457
MS-MARCO-RBAC,8000000,8000000,Lethe-no-revaware-traversal,cluster,0.2,6,0.0,0.078714,0.953196,0.981762
MS-MARCO-RBAC,8000000,8000000,Lethe-no-revaware-traversal,cluster,0.2,7,0.0,0.085828,0.951931,0.977374
MS-MARCO-RBAC,8000000,8000000,Lethe-no-revaware-traversal,cluster,0.2,8,0.0,0.083932,0.955196,0.9788
MS-MARCO-RBAC,8000000,8000000,Lethe-no-revaware-traversal,cluster,0.2,9,0.0,0.08739,0.951636,0.976717
MS-MARCO-RBAC,8000000,8000000,Physical-delete,cluster,0.2,0,0.0,0.023769,0.943719,0.978328
MS-MARCO-RBAC,8000000,8000000,Physical-delete,cluster,0.2,1,0.0,0.020193,0.94519,0.981653
MS-MARCO-RBAC,8000000,8000000,Physical-delete,cluster,0.2,2,0.0,0.018972,0.941401,0.975767
MS-MARCO-RBAC,8000000,8000000,Physical-delete,cluster,0.2,3,0.0,0.020657,0.937972,0.975685
MS-MARCO-RBAC,8000000,8000000,Physical-delete,cluster,0.2,4,0.0,0.025711,0.934786,0.973649
MS-MARCO-RBAC,8000000,8000000,Physical-delete,cluster,0.2,5,0.0,0.024929,0.945583,0.980188
MS-MARCO-RBAC,8000000,8000000,Physical-delete,cluster,0.2,6,0.0,0.020091,0.9406,0.980833
MS-MARCO-RBAC,8000000,8000000,Physical-delete,cluster,0.2,7,0.0,0.023427,0.943598,0.97665
MS-MARCO-RBAC,8000000,8000000,Physical-delete,cluster,0.2,8,0.0,0.02157,0.943562,0.979113
MS-MARCO-RBAC,8000000,8000000,Physical-delete,cluster,0.2,9,0.0,0.020209,0.936745,0.974778
MS-MARCO-RBAC,8000000,8000000,Periodic-rebuild,cluster,0.2,0,0.0,0.044392,0.958753,0.977424
MS-MARCO-RBAC,8000000,8000000,Periodic-rebuild,cluster,0.2,1,0.0,0.041087,0.968568,0.983256
MS-MARCO-RBAC,8000000,8000000,Periodic-rebuild,cluster,0.2,2,0.0,0.042456,0.961332,0.977506
MS-MARCO-RBAC,8000000,8000000,Periodic-rebuild,cluster,0.2,3,0.0,0.042301,0.961742,0.979939
MS-MARCO-RBAC,8000000,8000000,Periodic-rebuild,cluster,0.2,4,0.0,0.04577,0.961636,0.976848
MS-MARCO-RBAC,8000000,8000000,Periodic-rebuild,cluster,0.2,5,0.0,0.040284,0.95933,0.977078
MS-MARCO-RBAC,8000000,8000000,Periodic-rebuild,cluster,0.2,6,0.0,0.038487,0.962651,0.979963
MS-MARCO-RBAC,8000000,8000000,Periodic-rebuild,cluster,0.2,7,0.0,0.043919,0.96679,0.98293
MS-MARCO-RBAC,8000000,8000000,Periodic-rebuild,cluster,0.2,8,0.0,0.041803,0.956405,0.978505
MS-MARCO-RBAC,8000000,8000000,Periodic-rebuild,cluster,0.2,9,0.0,0.042308,0.962802,0.980384
MS-MARCO-RBAC,8000000,8000000,Per-role-index,cluster,0.2,0,0.0,0.008608,0.972278,0.977628
MS-MARCO-RBAC,8000000,8000000,Per-role-index,cluster,0.2,1,0.0,0.0,0.978297,0.981618
MS-MARCO-RBAC,8000000,8000000,Per-role-index,cluster,0.2,2,0.0,0.0,0.976316,0.978612
MS-MARCO-RBAC,8000000,8000000,Per-role-index,cluster,0.2,3,0.0,0.005559,0.974682,0.977887
MS-MARCO-RBAC,8000000,8000000,Per-role-index,cluster,0.2,4,0.0,0.001121,0.973551,0.977715
MS-MARCO-RBAC,8000000,8000000,Per-role-index,cluster,0.2,5,0.0,0.001681,0.976755,0.981488
MS-MARCO-RBAC,8000000,8000000,Per-role-index,cluster,0.2,6,0.0,0.00422,0.975658,0.980138
MS-MARCO-RBAC,8000000,8000000,Per-role-index,cluster,0.2,7,0.0,0.009566,0.976652,0.979248
MS-MARCO-RBAC,8000000,8000000,Per-role-index,cluster,0.2,8,0.0,0.0,0.981445,0.9833
MS-MARCO-RBAC,8000000,8000000,Per-role-index,cluster,0.2,9,0.0,0.005468,0.969434,0.975991
MS-MARCO-RBAC,8000000,8000000,ACORN,cluster,0.2,0,0.0,0.039601,0.954871,0.976916
MS-MARCO-RBAC,8000000,8000000,ACORN,cluster,0.2,1,0.0,0.034241,0.953534,0.97576
MS-MARCO-RBAC,8000000,8000000,ACORN,cluster,0.2,2,0.0,0.035778,0.956075,0.976944
MS-MARCO-RBAC,8000000,8000000,ACORN,cluster,0.2,3,0.0,0.037651,0.954465,0.978992
MS-MARCO-RBAC,8000000,8000000,ACORN,cluster,0.2,4,0.0,0.03817,0.958902,0.978974
MS-MARCO-RBAC,8000000,8000000,ACORN,cluster,0.2,5,0.0,0.041011,0.955037,0.973523
MS-MARCO-RBAC,8000000,8000000,ACORN,cluster,0.2,6,0.0,0.037904,0.959043,0.980471
MS-MARCO-RBAC,8000000,8000000,ACORN,cluster,0.2,7,0.0,0.034577,0.958786,0.978991
MS-MARCO-RBAC,8000000,8000000,ACORN,cluster,0.2,8,0.0,0.031659,0.959244,0.980948
MS-MARCO-RBAC,8000000,8000000,ACORN,cluster,0.2,9,0.0,0.033012,0.954087,0.976842
MS-MARCO-RBAC,8000000,8000000,HoneyBee,cluster,0.2,0,0.0,0.035411,0.960475,0.978676
MS-MARCO-RBAC,8000000,8000000,HoneyBee,cluster,0.2,1,0.0,0.030466,0.964274,0.980258
MS-MARCO-RBAC,8000000,8000000,HoneyBee,cluster,0.2,2,0.0,0.02786,0.960786,0.978533
MS-MARCO-RBAC,8000000,8000000,HoneyBee,cluster,0.2,3,0.0,0.030947,0.962516,0.977866
MS-MARCO-RBAC,8000000,8000000,HoneyBee,cluster,0.2,4,0.0,0.02846,0.961004,0.980846
MS-MARCO-RBAC,8000000,8000000,HoneyBee,cluster,0.2,5,0.0,0.038853,0.960173,0.979103
MS-MARCO-RBAC,8000000,8000000,HoneyBee,cluster,0.2,6,0.0,0.028026,0.958789,0.976199
MS-MARCO-RBAC,8000000,8000000,HoneyBee,cluster,0.2,7,0.0,0.027713,0.962254,0.980475
MS-MARCO-RBAC,8000000,8000000,HoneyBee,cluster,0.2,8,0.0,0.032767,0.960626,0.979665
MS-MARCO-RBAC,8000000,8000000,HoneyBee,cluster,0.2,9,0.0,0.027033,0.960653,0.977188
MS-MARCO-RBAC,8000000,8000000,SPFresh,cluster,0.2,0,0.0,0.044855,0.948459,0.977787
MS-MARCO-RBAC,8000000,8000000,SPFresh,cluster,0.2,1,0.0,0.0494,0.956295,0.978694
MS-MARCO-RBAC,8000000,8000000,SPFresh,cluster,0.2,2,0.0,0.057933,0.952137,0.978947
MS-MARCO-RBAC,8000000,8000000,SPFresh,cluster,0.2,3,0.0,0.049051,0.952107,0.978095
MS-MARCO-RBAC,8000000,8000000,SPFresh,cluster,0.2,4,0.0,0.055045,0.950353,0.979604
MS-MARCO-RBAC,8000000,8000000,SPFresh,cluster,0.2,5,0.0,0.054858,0.95212,0.976243
MS-MARCO-RBAC,8000000,8000000,SPFresh,cluster,0.2,6,0.0,0.054918,0.946748,0.972652
MS-MARCO-RBAC,8000000,8000000,SPFresh,cluster,0.2,7,0.0,0.054089,0.945991,0.973662
MS-MARCO-RBAC,8000000,8000000,SPFresh,cluster,0.2,8,0.0,0.057401,0.946345,0.975589
MS-MARCO-RBAC,8000000,8000000,SPFresh,cluster,0.2,9,0.0,0.058357,0.946119,0.976401
MS-MARCO-RBAC,8000000,8000000,Oracle,cluster,0.2,0,0.0,0.0,0.974466,0.974466
MS-MARCO-RBAC,8000000,8000000,Oracle,cluster,0.2,1,0.0,0.0,0.975832,0.975832
MS-MARCO-RBAC,8000000,8000000,Oracle,cluster,0.2,2,0.0,0.0,0.976709,0.976709
MS-MARCO-RBAC,8000000,8000000,Oracle,cluster,0.2,3,0.0,0.0,0.975531,0.975531
MS-MARCO-RBAC,8000000,8000000,Oracle,cluster,0.2,4,0.0,0.0,0.977883,0.977883
MS-MARCO-RBAC,8000000,8000000,Oracle,cluster,0.2,5,0.0,0.0,0.974083,0.974083
MS-MARCO-RBAC,8000000,8000000,Oracle,cluster,0.2,6,0.0,0.0,0.97767,0.97767
MS-MARCO-RBAC,8000000,8000000,Oracle,cluster,0.2,7,0.0,0.0,0.977835,0.977835
MS-MARCO-RBAC,8000000,8000000,Oracle,cluster,0.2,8,0.0,0.0,0.976615,0.976615
MS-MARCO-RBAC,8000000,8000000,Oracle,cluster,0.2,9,0.0,0.0,0.977075,0.977075
MS-MARCO-RBAC,8000000,8000000,Tombstone,cluster,0.3,0,0.0,0.118639,0.944778,0.977304
MS-MARCO-RBAC,8000000,8000000,Tombstone,cluster,0.3,1,0.0,0.118718,0.939587,0.97977
MS-MARCO-RBAC,8000000,8000000,Tombstone,cluster,0.3,2,0.0,0.11403,0.943308,0.979168
MS-MARCO-RBAC,8000000,8000000,Tombstone,cluster,0.3,3,0.0,0.112837,0.941816,0.978498
MS-MARCO-RBAC,8000000,8000000,Tombstone,cluster,0.3,4,0.0,0.120758,0.93544,0.974417
MS-MARCO-RBAC,8000000,8000000,Tombstone,cluster,0.3,5,0.0,0.12217,0.940873,0.980424
MS-MARCO-RBAC,8000000,8000000,Tombstone,cluster,0.3,6,0.0,0.120766,0.935205,0.974978
MS-MARCO-RBAC,8000000,8000000,Tombstone,cluster,0.3,7,0.0,0.11626,0.937318,0.976242
MS-MARCO-RBAC,8000000,8000000,Tombstone,cluster,0.3,8,0.0,0.117701,0.941971,0.979865
MS-MARCO-RBAC,8000000,8000000,Tombstone,cluster,0.3,9,0.0,0.121529,0.943318,0.981269
MS-MARCO-RBAC,8000000,8000000,Post-filter,cluster,0.3,0,0.0,0.125884,0.933909,0.979351
MS-MARCO-RBAC,8000000,8000000,Post-filter,cluster,0.3,1,0.0,0.123508,0.934612,0.979039
MS-MARCO-RBAC,8000000,8000000,Post-filter,cluster,0.3,2,0.0,0.128069,0.934459,0.97835
MS-MARCO-RBAC,8000000,8000000,Post-filter,cluster,0.3,3,0.0,0.127091,0.934058,0.978764
MS-MARCO-RBAC,8000000,8000000,Post-filter,cluster,0.3,4,0.0,0.128043,0.936092,0.98131
MS-MARCO-RBAC,8000000,8000000,Post-filter,cluster,0.3,5,0.0,0.125956,0.932012,0.979394
MS-MARCO-RBAC,8000000,8000000,Post-filter,cluster,0.3,6,0.0,0.124882,0.929217,0.973233
MS-MARCO-RBAC,8000000,8000000,Post-filter,cluster,0.3,7,0.0,0.123757,0.932618,0.979893
MS-MARCO-RBAC,8000000,8000000,Post-filter,cluster,0.3,8,0.0,0.122264,0.931403,0.976357
MS-MARCO-RBAC,8000000,8000000,Post-filter,cluster,0.3,9,0.0,0.126034,0.932992,0.978266
MS-MARCO-RBAC,8000000,8000000,Lethe,cluster,0.3,0,0.0,0.003717,0.971594,0.978564
MS-MARCO-RBAC,8000000,8000000,Lethe,cluster,0.3,1,0.0,0.008576,0.973783,0.976859
MS-MARCO-RBAC,8000000,8000000,Lethe,cluster,0.3,2,0.0,0.005659,0.972792,0.978014
MS-MARCO-RBAC,8000000,8000000,Lethe,cluster,0.3,3,0.0,0.007364,0.974896,0.979905
MS-MARCO-RBAC,8000000,8000000,Lethe,cluster,0.3,4,0.0,0.009175,0.971381,0.975681
MS-MARCO-RBAC,8000000,8000000,Lethe,cluster,0.3,5,0.0,0.009306,0.975542,0.979159
MS-MARCO-RBAC,8000000,8000000,Lethe,cluster,0.3,6,0.0,0.006323,0.971304,0.977551
MS-MARCO-RBAC,8000000,8000000,Lethe,cluster,0.3,7,0.0,0.009001,0.973495,0.976187
MS-MARCO-RBAC,8000000,8000000,Lethe,cluster,0.3,8,0.0,0.006295,0.975128,0.979642
MS-MARCO-RBAC,8000000,8000000,Lethe,cluster,0.3,9,0.0,0.008519,0.972417,0.978409
MS-MARCO-RBAC,8000000,8000000,Lethe-no-bypass,cluster,0.3,0,0.0,0.034862,0.923479,0.980572
MS-MARCO-RBAC,8000000,8000000,Lethe-no-bypass,cluster,0.3,1,0.0,0.03891,0.918029,0.976363
MS-MARCO-RBAC,8000000,8000000,Lethe-no-bypass,cluster,0.3,2,0.0,0.038159,0.922894,0.975668
MS-MARCO-RBAC,8000000,8000000,Lethe-no-bypass,cluster,0.3,3,0.0,0.0381,0.91843,0.974777
MS-MARCO-RBAC,8000000,8000000,Lethe-no-bypass,cluster,0.3,4,0.0,0.041289,0.920237,0.976774
MS-MARCO-RBAC,8000000,8000000,Lethe-no-bypass,cluster,0.3,5,0.0,0.043711,0.918848,0.976532
MS-MARCO-RBAC,8000000,8000000,Lethe-no-bypass,cluster,0.3,6,0.0,0.037732,0.928058,0.982187
MS-MARCO-RBAC,8000000,8000000,Lethe-no-bypass,cluster,0.3,7,0.0,0.036777,0.921215,0.975723
MS-MARCO-RBAC,8000000,8000000,Lethe-no-bypass,cluster,0.3,8,0.0,0.043481,0.922812,0.978383
MS-MARCO-RBAC,8000000,8000000,Lethe-no-bypass,cluster,0.3,9,0.0,0.037525,0.920933,0.97574
MS-MARCO-RBAC,8000000,8000000,Lethe-no-revaware-traversal,cluster,0.3,0,0.0,0.106605,0.951065,0.97866
MS-MARCO-RBAC,8000000,8000000,Lethe-no-revaware-traversal,cluster,0.3,1,0.0,0.108866,0.947681,0.976697
MS-MARCO-RBAC,8000000,8000000,Lethe-no-revaware-traversal,cluster,0.3,2,0.0,0.112512,0.95239,0.978432
MS-MARCO-RBAC,8000000,8000000,Lethe-no-revaware-traversal,cluster,0.3,3,0.0,0.10751,0.951901,0.980771
MS-MARCO-RBAC,8000000,8000000,Lethe-no-revaware-traversal,cluster,0.3,4,0.0,0.110022,0.955698,0.981836
MS-MARCO-RBAC,8000000,8000000,Lethe-no-revaware-traversal,cluster,0.3,5,0.0,0.107604,0.952875,0.978138
MS-MARCO-RBAC,8000000,8000000,Lethe-no-revaware-traversal,cluster,0.3,6,0.0,0.111051,0.957879,0.982945
MS-MARCO-RBAC,8000000,8000000,Lethe-no-revaware-traversal,cluster,0.3,7,0.0,0.112936,0.950452,0.977477
MS-MARCO-RBAC,8000000,8000000,Lethe-no-revaware-traversal,cluster,0.3,8,0.0,0.11602,0.949592,0.976578
MS-MARCO-RBAC,8000000,8000000,Lethe-no-revaware-traversal,cluster,0.3,9,0.0,0.103321,0.946252,0.974661
MS-MARCO-RBAC,8000000,8000000,Physical-delete,cluster,0.3,0,0.0,0.029272,0.94054,0.977349
MS-MARCO-RBAC,8000000,8000000,Physical-delete,cluster,0.3,1,0.0,0.029699,0.941714,0.977169
MS-MARCO-RBAC,8000000,8000000,Physical-delete,cluster,0.3,2,0.0,0.028708,0.942585,0.978855
MS-MARCO-RBAC,8000000,8000000,Physical-delete,cluster,0.3,3,0.0,0.032175,0.943544,0.9816
MS-MARCO-RBAC,8000000,8000000,Physical-delete,cluster,0.3,4,0.0,0.027031,0.943191,0.977709
MS-MARCO-RBAC,8000000,8000000,Physical-delete,cluster,0.3,5,0.0,0.024886,0.940334,0.979193
MS-MARCO-RBAC,8000000,8000000,Physical-delete,cluster,0.3,6,0.0,0.033274,0.943564,0.979574
MS-MARCO-RBAC,8000000,8000000,Physical-delete,cluster,0.3,7,0.0,0.022986,0.941584,0.978217
MS-MARCO-RBAC,8000000,8000000,Physical-delete,cluster,0.3,8,0.0,0.029367,0.942656,0.979428
MS-MARCO-RBAC,8000000,8000000,Physical-delete,cluster,0.3,9,0.0,0.024043,0.942587,0.97853
MS-MARCO-RBAC,8000000,8000000,Periodic-rebuild,cluster,0.3,0,0.0,0.056146,0.96032,0.978601
MS-MARCO-RBAC,8000000,8000000,Periodic-rebuild,cluster,0.3,1,0.0,0.055535,0.958507,0.976963
MS-MARCO-RBAC,8000000,8000000,Periodic-rebuild,cluster,0.3,2,0.0,0.058036,0.95956,0.979882
MS-MARCO-RBAC,8000000,8000000,Periodic-rebuild,cluster,0.3,3,0.0,0.054167,0.959828,0.977673
MS-MARCO-RBAC,8000000,8000000,Periodic-rebuild,cluster,0.3,4,0.0,0.054891,0.959691,0.977968
MS-MARCO-RBAC,8000000,8000000,Periodic-rebuild,cluster,0.3,5,0.0,0.059504,0.961254,0.979764
MS-MARCO-RBAC,8000000,8000000,Periodic-rebuild,cluster,0.3,6,0.0,0.060753,0.962809,0.981202
MS-MARCO-RBAC,8000000,8000000,Periodic-rebuild,cluster,0.3,7,0.0,0.059587,0.9585,0.978531
MS-MARCO-RBAC,8000000,8000000,Periodic-rebuild,cluster,0.3,8,0.0,0.0543,0.960185,0.977283
MS-MARCO-RBAC,8000000,8000000,Periodic-rebuild,cluster,0.3,9,0.0,0.060028,0.963148,0.975694
MS-MARCO-RBAC,8000000,8000000,Per-role-index,cluster,0.3,0,0.0,0.005744,0.971147,0.975317
MS-MARCO-RBAC,8000000,8000000,Per-role-index,cluster,0.3,1,0.0,0.0,0.973759,0.97647
MS-MARCO-RBAC,8000000,8000000,Per-role-index,cluster,0.3,2,0.0,0.004405,0.971669,0.977713
MS-MARCO-RBAC,8000000,8000000,Per-role-index,cluster,0.3,3,0.0,0.005316,0.97431,0.978132
MS-MARCO-RBAC,8000000,8000000,Per-role-index,cluster,0.3,4,0.0,0.003229,0.976284,0.980762
MS-MARCO-RBAC,8000000,8000000,Per-role-index,cluster,0.3,5,0.0,0.006777,0.973364,0.976009
MS-MARCO-RBAC,8000000,8000000,Per-role-index,cluster,0.3,6,0.0,0.0,0.973398,0.977124
MS-MARCO-RBAC,8000000,8000000,Per-role-index,cluster,0.3,7,0.0,0.000748,0.975117,0.977986
MS-MARCO-RBAC,8000000,8000000,Per-role-index,cluster,0.3,8,0.0,0.008005,0.972457,0.976695
MS-MARCO-RBAC,8000000,8000000,Per-role-index,cluster,0.3,9,0.0,0.007863,0.971951,0.975244
MS-MARCO-RBAC,8000000,8000000,ACORN,cluster,0.3,0,0.0,0.052544,0.959336,0.97998
MS-MARCO-RBAC,8000000,8000000,ACORN,cluster,0.3,1,0.0,0.053112,0.957371,0.977794
MS-MARCO-RBAC,8000000,8000000,ACORN,cluster,0.3,2,0.0,0.047898,0.957029,0.980942
MS-MARCO-RBAC,8000000,8000000,ACORN,cluster,0.3,3,0.0,0.049227,0.958721,0.979064
MS-MARCO-RBAC,8000000,8000000,ACORN,cluster,0.3,4,0.0,0.053795,0.963642,0.980763
MS-MARCO-RBAC,8000000,8000000,ACORN,cluster,0.3,5,0.0,0.050305,0.957909,0.977234
MS-MARCO-RBAC,8000000,8000000,ACORN,cluster,0.3,6,0.0,0.052608,0.953236,0.973452
MS-MARCO-RBAC,8000000,8000000,ACORN,cluster,0.3,7,0.0,0.048274,0.955807,0.976939
MS-MARCO-RBAC,8000000,8000000,ACORN,cluster,0.3,8,0.0,0.045907,0.959413,0.975816
MS-MARCO-RBAC,8000000,8000000,ACORN,cluster,0.3,9,0.0,0.055598,0.9557,0.978357
MS-MARCO-RBAC,8000000,8000000,HoneyBee,cluster,0.3,0,0.0,0.042784,0.957242,0.976652
MS-MARCO-RBAC,8000000,8000000,HoneyBee,cluster,0.3,1,0.0,0.039783,0.951407,0.9752
MS-MARCO-RBAC,8000000,8000000,HoneyBee,cluster,0.3,2,0.0,0.038989,0.961726,0.975066
MS-MARCO-RBAC,8000000,8000000,HoneyBee,cluster,0.3,3,0.0,0.043742,0.958012,0.976715
MS-MARCO-RBAC,8000000,8000000,HoneyBee,cluster,0.3,4,0.0,0.047308,0.958655,0.979838
MS-MARCO-RBAC,8000000,8000000,HoneyBee,cluster,0.3,5,0.0,0.039027,0.958711,0.978531
MS-MARCO-RBAC,8000000,8000000,HoneyBee,cluster,0.3,6,0.0,0.042859,0.96217,0.977375
MS-MARCO-RBAC,8000000,8000000,HoneyBee,cluster,0.3,7,0.0,0.042833,0.962698,0.981662
MS-MARCO-RBAC,8000000,8000000,HoneyBee,cluster,0.3,8,0.0,0.04638,0.960919,0.976255
MS-MARCO-RBAC,8000000,8000000,HoneyBee,cluster,0.3,9,0.0,0.041571,0.961162,0.979412
MS-MARCO-RBAC,8000000,8000000,SPFresh,cluster,0.3,0,0.0,0.069059,0.95151,0.978543
MS-MARCO-RBAC,8000000,8000000,SPFresh,cluster,0.3,1,0.0,0.070759,0.953559,0.979794
MS-MARCO-RBAC,8000000,8000000,SPFresh,cluster,0.3,2,0.0,0.072609,0.950272,0.976891
MS-MARCO-RBAC,8000000,8000000,SPFresh,cluster,0.3,3,0.0,0.074403,0.951907,0.977701
MS-MARCO-RBAC,8000000,8000000,SPFresh,cluster,0.3,4,0.0,0.070839,0.949294,0.977214
MS-MARCO-RBAC,8000000,8000000,SPFresh,cluster,0.3,5,0.0,0.077682,0.946708,0.976143
MS-MARCO-RBAC,8000000,8000000,SPFresh,cluster,0.3,6,0.0,0.068427,0.94871,0.977262
MS-MARCO-RBAC,8000000,8000000,SPFresh,cluster,0.3,7,0.0,0.073124,0.948653,0.977629
MS-MARCO-RBAC,8000000,8000000,SPFresh,cluster,0.3,8,0.0,0.072493,0.954359,0.980146
MS-MARCO-RBAC,8000000,8000000,SPFresh,cluster,0.3,9,0.0,0.073187,0.949961,0.975987
MS-MARCO-RBAC,8000000,8000000,Oracle,cluster,0.3,0,0.0,0.0,0.978344,0.978344
MS-MARCO-RBAC,8000000,8000000,Oracle,cluster,0.3,1,0.0,0.0,0.976744,0.976744
MS-MARCO-RBAC,8000000,8000000,Oracle,cluster,0.3,2,0.0,0.0,0.976293,0.976293
MS-MARCO-RBAC,8000000,8000000,Oracle,cluster,0.3,3,0.0,0.0,0.97747,0.97747
MS-MARCO-RBAC,8000000,8000000,Oracle,cluster,0.3,4,0.0,0.0,0.97766,0.97766
MS-MARCO-RBAC,8000000,8000000,Oracle,cluster,0.3,5,0.0,0.0,0.975199,0.975199
MS-MARCO-RBAC,8000000,8000000,Oracle,cluster,0.3,6,0.0,0.0,0.976737,0.976737
MS-MARCO-RBAC,8000000,8000000,Oracle,cluster,0.3,7,0.0,0.0,0.978938,0.978938
MS-MARCO-RBAC,8000000,8000000,Oracle,cluster,0.3,8,0.0,0.0,0.980737,0.980737
MS-MARCO-RBAC,8000000,8000000,Oracle,cluster,0.3,9,0.0,0.0,0.978526,0.978526
MS-MARCO-RBAC,8000000,8000000,Tombstone,cluster,0.4,0,0.0,0.152245,0.929499,0.97344
MS-MARCO-RBAC,8000000,8000000,Tombstone,cluster,0.4,1,0.0,0.15411,0.93851,0.977966
MS-MARCO-RBAC,8000000,8000000,Tombstone,cluster,0.4,2,0.0,0.146987,0.935568,0.97692
MS-MARCO-RBAC,8000000,8000000,Tombstone,cluster,0.4,3,0.0,0.139203,0.935288,0.977082
MS-MARCO-RBAC,8000000,8000000,Tombstone,cluster,0.4,4,0.0,0.146944,0.937425,0.977127
MS-MARCO-RBAC,8000000,8000000,Tombstone,cluster,0.4,5,0.0,0.147344,0.931138,0.976609
MS-MARCO-RBAC,8000000,8000000,Tombstone,cluster,0.4,6,0.0,0.14485,0.936756,0.979231
MS-MARCO-RBAC,8000000,8000000,Tombstone,cluster,0.4,7,0.0,0.149652,0.939209,0.979293
MS-MARCO-RBAC,8000000,8000000,Tombstone,cluster,0.4,8,0.0,0.150889,0.932281,0.975192
MS-MARCO-RBAC,8000000,8000000,Tombstone,cluster,0.4,9,0.0,0.147935,0.939591,0.977455
MS-MARCO-RBAC,8000000,8000000,Post-filter,cluster,0.4,0,0.0,0.155342,0.934076,0.979595
MS-MARCO-RBAC,8000000,8000000,Post-filter,cluster,0.4,1,0.0,0.161133,0.937162,0.979496
MS-MARCO-RBAC,8000000,8000000,Post-filter,cluster,0.4,2,0.0,0.162983,0.93324,0.978148
MS-MARCO-RBAC,8000000,8000000,Post-filter,cluster,0.4,3,0.0,0.157791,0.929587,0.974982
MS-MARCO-RBAC,8000000,8000000,Post-filter,cluster,0.4,4,0.0,0.156571,0.933933,0.978685
MS-MARCO-RBAC,8000000,8000000,Post-filter,cluster,0.4,5,0.0,0.16115,0.936228,0.979911
MS-MARCO-RBAC,8000000,8000000,Post-filter,cluster,0.4,6,0.0,0.162158,0.933938,0.977732
MS-MARCO-RBAC,8000000,8000000,Post-filter,cluster,0.4,7,0.0,0.16511,0.934255,0.980476
MS-MARCO-RBAC,8000000,8000000,Post-filter,cluster,0.4,8,0.0,0.156928,0.932164,0.975491
MS-MARCO-RBAC,8000000,8000000,Post-filter,cluster,0.4,9,0.0,0.158897,0.933614,0.980562
MS-MARCO-RBAC,8000000,8000000,Lethe,cluster,0.4,0,0.0,0.004575,0.975343,0.979276
MS-MARCO-RBAC,8000000,8000000,Lethe,cluster,0.4,1,0.0,0.001902,0.97619,0.978013
MS-MARCO-RBAC,8000000,8000000,Lethe,cluster,0.4,2,0.0,0.010683,0.973208,0.975777
MS-MARCO-RBAC,8000000,8000000,Lethe,cluster,0.4,3,0.0,0.010531,0.973585,0.980233
MS-MARCO-RBAC,8000000,8000000,Lethe,cluster,0.4,4,0.0,0.011293,0.97391,0.978913
MS-MARCO-RBAC,8000000,8000000,Lethe,cluster,0.4,5,0.0,0.01022,0.972981,0.978352
MS-MARCO-RBAC,8000000,8000000,Lethe,cluster,0.4,6,0.0,0.010447,0.975551,0.980006
MS-MARCO-RBAC,8000000,8000000,Lethe,cluster,0.4,7,0.0,0.007506,0.974299,0.978079
MS-MARCO-RBAC,8000000,8000000,Lethe,cluster,0.4,8,0.0,0.009179,0.97253,0.977846
MS-MARCO-RBAC,8000000,8000000,Lethe,cluster,0.4,9,0.0,0.010153,0.974174,0.979869
MS-MARCO-RBAC,8000000,8000000,Lethe-no-bypass,cluster,0.4,0,0.0,0.050982,0.918245,0.974548
MS-MARCO-RBAC,8000000,8000000,Lethe-no-bypass,cluster,0.4,1,0.0,0.046568,0.921612,0.974585
MS-MARCO-RBAC,8000000,8000000,Lethe-no-bypass,cluster,0.4,2,0.0,0.050174,0.922862,0.979121
MS-MARCO-RBAC,8000000,8000000,Lethe-no-bypass,cluster,0.4,3,0.0,0.049567,0.925296,0.97893
MS-MARCO-RBAC,8000000,8000000,Lethe-no-bypass,cluster,0.4,4,0.0,0.051661,0.924952,0.977033
MS-MARCO-RBAC,8000000,8000000,Lethe-no-bypass,cluster,0.4,5,0.0,0.049255,0.919698,0.97651
MS-MARCO-RBAC,8000000,8000000,Lethe-no-bypass,cluster,0.4,6,0.0,0.050394,0.92374,0.97825
MS-MARCO-RBAC,8000000,8000000,Lethe-no-bypass,cluster,0.4,7,0.0,0.04945,0.92046,0.978141
MS-MARCO-RBAC,8000000,8000000,Lethe-no-bypass,cluster,0.4,8,0.0,0.043766,0.922213,0.977483
MS-MARCO-RBAC,8000000,8000000,Lethe-no-bypass,cluster,0.4,9,0.0,0.042856,0.919584,0.976939
MS-MARCO-RBAC,8000000,8000000,Lethe-no-revaware-traversal,cluster,0.4,0,0.0,0.139779,0.955791,0.980468
MS-MARCO-RBAC,8000000,8000000,Lethe-no-revaware-traversal,cluster,0.4,1,0.0,0.142492,0.949244,0.977734
MS-MARCO-RBAC,8000000,8000000,Lethe-no-revaware-traversal,cluster,0.4,2,0.0,0.138186,0.953188,0.977033
MS-MARCO-RBAC,8000000,8000000,Lethe-no-revaware-traversal,cluster,0.4,3,0.0,0.13213,0.952855,0.979147
MS-MARCO-RBAC,8000000,8000000,Lethe-no-revaware-traversal,cluster,0.4,4,0.0,0.138109,0.949168,0.97644
MS-MARCO-RBAC,8000000,8000000,Lethe-no-revaware-traversal,cluster,0.4,5,0.0,0.139908,0.953657,0.981299
MS-MARCO-RBAC,8000000,8000000,Lethe-no-revaware-traversal,cluster,0.4,6,0.0,0.142801,0.952361,0.978654
MS-MARCO-RBAC,8000000,8000000,Lethe-no-revaware-traversal,cluster,0.4,7,0.0,0.140172,0.955027,0.977576
MS-MARCO-RBAC,8000000,8000000,Lethe-no-revaware-traversal,cluster,0.4,8,0.0,0.138981,0.95475,0.981646
MS-MARCO-RBAC,8000000,8000000,Lethe-no-revaware-traversal,cluster,0.4,9,0.0,0.137208,0.952213,0.978678
MS-MARCO-RBAC,8000000,8000000,Physical-delete,cluster,0.4,0,0.0,0.032009,0.941167,0.979904
MS-MARCO-RBAC,8000000,8000000,Physical-delete,cluster,0.4,1,0.0,0.034432,0.93935,0.976734
MS-MARCO-RBAC,8000000,8000000,Physical-delete,cluster,0.4,2,0.0,0.027236,0.938585,0.975988
MS-MARCO-RBAC,8000000,8000000,Physical-delete,cluster,0.4,3,0.0,0.035449,0.946048,0.978201
MS-MARCO-RBAC,8000000,8000000,Physical-delete,cluster,0.4,4,0.0,0.03667,0.941912,0.977782
MS-MARCO-RBAC,8000000,8000000,Physical-delete,cluster,0.4,5,0.0,0.039541,0.948109,0.981556
MS-MARCO-RBAC,8000000,8000000,Physical-delete,cluster,0.4,6,0.0,0.043411,0.941998,0.978533
MS-MARCO-RBAC,8000000,8000000,Physical-delete,cluster,0.4,7,0.0,0.035659,0.944098,0.980636
MS-MARCO-RBAC,8000000,8000000,Physical-delete,cluster,0.4,8,0.0,0.040852,0.941777,0.975691
MS-MARCO-RBAC,8000000,8000000,Physical-delete,cluster,0.4,9,0.0,0.037791,0.942773,0.980179
MS-MARCO-RBAC,8000000,8000000,Periodic-rebuild,cluster,0.4,0,0.0,0.074753,0.960045,0.979658
MS-MARCO-RBAC,8000000,8000000,Periodic-rebuild,cluster,0.4,1,0.0,0.068219,0.961724,0.979135
MS-MARCO-RBAC,8000000,8000000,Periodic-rebuild,cluster,0.4,2,0.0,0.066365,0.961557,0.977415
MS-MARCO-RBAC,8000000,8000000,Periodic-rebuild,cluster,0.4,3,0.0,0.072581,0.963585,0.978779
MS-MARCO-RBAC,8000000,8000000,Periodic-rebuild,cluster,0.4,4,0.0,0.079323,0.961736,0.977629
MS-MARCO-RBAC,8000000,8000000,Periodic-rebuild,cluster,0.4,5,0.0,0.074583,0.960186,0.97869
MS-MARCO-RBAC,8000000,8000000,Periodic-rebuild,cluster,0.4,6,0.0,0.077928,0.953295,0.974444
MS-MARCO-RBAC,8000000,8000000,Periodic-rebuild,cluster,0.4,7,0.0,0.070759,0.960694,0.979512
MS-MARCO-RBAC,8000000,8000000,Periodic-rebuild,cluster,0.4,8,0.0,0.072505,0.965769,0.982941
MS-MARCO-RBAC,8000000,8000000,Periodic-rebuild,cluster,0.4,9,0.0,0.065412,0.966246,0.978768
MS-MARCO-RBAC,8000000,8000000,Per-role-index,cluster,0.4,0,0.0,0.001499,0.97338,0.976402
MS-MARCO-RBAC,8000000,8000000,Per-role-index,cluster,0.4,1,0.0,0.005714,0.971862,0.977535
MS-MARCO-RBAC,8000000,8000000,Per-role-index,cluster,0.4,2,0.0,0.002273,0.973194,0.975797
MS-MARCO-RBAC,8000000,8000000,Per-role-index,cluster,0.4,3,0.0,0.008657,0.975098,0.980076
MS-MARCO-RBAC,8000000,8000000,Per-role-index,cluster,0.4,4,0.0,0.003336,0.978665,0.982636
MS-MARCO-RBAC,8000000,8000000,Per-role-index,cluster,0.4,5,0.0,0.0,0.975448,0.9777
MS-MARCO-RBAC,8000000,8000000,Per-role-index,cluster,0.4,6,0.0,0.003186,0.976559,0.977438
MS-MARCO-RBAC,8000000,8000000,Per-role-index,cluster,0.4,7,0.0,0.013799,0.973518,0.978757
MS-MARCO-RBAC,8000000,8000000,Per-role-index,cluster,0.4,8,0.0,0.004021,0.974557,0.978447
MS-MARCO-RBAC,8000000,8000000,Per-role-index,cluster,0.4,9,0.0,0.006488,0.975082,0.977639
MS-MARCO-RBAC,8000000,8000000,ACORN,cluster,0.4,0,0.0,0.068288,0.956374,0.979423
MS-MARCO-RBAC,8000000,8000000,ACORN,cluster,0.4,1,0.0,0.065212,0.959003,0.981058
MS-MARCO-RBAC,8000000,8000000,ACORN,cluster,0.4,2,0.0,0.060465,0.959956,0.978503
MS-MARCO-RBAC,8000000,8000000,ACORN,cluster,0.4,3,0.0,0.059126,0.959604,0.97728
MS-MARCO-RBAC,8000000,8000000,ACORN,cluster,0.4,4,0.0,0.064889,0.95615,0.979117
MS-MARCO-RBAC,8000000,8000000,ACORN,cluster,0.4,5,0.0,0.060204,0.952416,0.974201
MS-MARCO-RBAC,8000000,8000000,ACORN,cluster,0.4,6,0.0,0.069833,0.958011,0.979114
MS-MARCO-RBAC,8000000,8000000,ACORN,cluster,0.4,7,0.0,0.061008,0.95567,0.976274
MS-MARCO-RBAC,8000000,8000000,ACORN,cluster,0.4,8,0.0,0.061631,0.957927,0.978109
MS-MARCO-RBAC,8000000,8000000,ACORN,cluster,0.4,9,0.0,0.067269,0.95666,0.977894
MS-MARCO-RBAC,8000000,8000000,HoneyBee,cluster,0.4,0,0.0,0.048574,0.960796,0.979426
MS-MARCO-RBAC,8000000,8000000,HoneyBee,cluster,0.4,1,0.0,0.055768,0.958202,0.979345
MS-MARCO-RBAC,8000000,8000000,HoneyBee,cluster,0.4,2,0.0,0.052401,0.958773,0.975983
MS-MARCO-RBAC,8000000,8000000,HoneyBee,cluster,0.4,3,0.0,0.042787,0.959085,0.980452
MS-MARCO-RBAC,8000000,8000000,HoneyBee,cluster,0.4,4,0.0,0.04967,0.955137,0.974151
MS-MARCO-RBAC,8000000,8000000,HoneyBee,cluster,0.4,5,0.0,0.048516,0.958119,0.979169
MS-MARCO-RBAC,8000000,8000000,HoneyBee,cluster,0.4,6,0.0,0.04737,0.95488,0.974886
MS-MARCO-RBAC,8000000,8000000,HoneyBee,cluster,0.4,7,0.0,0.046593,0.959486,0.978174
MS-MARCO-RBAC,8000000,8000000,HoneyBee,cluster,0.4,8,0.0,0.051789,0.961047,0.981415
MS-MARCO-RBAC,8000000,8000000,HoneyBee,cluster,0.4,9,0.0,0.048367,0.958657,0.976453
MS-MARCO-RBAC,8000000,8000000,SPFresh,cluster,0.4,0,0.0,0.093134,0.951728,0.977431
MS-MARCO-RBAC,8000000,8000000,SPFresh,cluster,0.4,1,0.0,0.088404,0.953424,0.97861
MS-MARCO-RBAC,8000000,8000000,SPFresh,cluster,0.4,2,0.0,0.090199,0.950827,0.97794
MS-MARCO-RBAC,8000000,8000000,SPFresh,cluster,0.4,3,0.0,0.092423,0.957522,0.982666
MS-MARCO-RBAC,8000000,8000000,SPFresh,cluster,0.4,4,0.0,0.090683,0.947156,0.975587
MS-MARCO-RBAC,8000000,8000000,SPFresh,cluster,0.4,5,0.0,0.081531,0.945214,0.976792
MS-MARCO-RBAC,8000000,8000000,SPFresh,cluster,0.4,6,0.0,0.095899,0.946301,0.976138
MS-MARCO-RBAC,8000000,8000000,SPFresh,cluster,0.4,7,0.0,0.090197,0.948155,0.975857
MS-MARCO-RBAC,8000000,8000000,SPFresh,cluster,0.4,8,0.0,0.087335,0.947888,0.976107
MS-MARCO-RBAC,8000000,8000000,SPFresh,cluster,0.4,9,0.0,0.098708,0.951806,0.979917
MS-MARCO-RBAC,8000000,8000000,Oracle,cluster,0.4,0,0.0,0.0,0.976155,0.976155
MS-MARCO-RBAC,8000000,8000000,Oracle,cluster,0.4,1,0.0,0.0,0.978468,0.978468
MS-MARCO-RBAC,8000000,8000000,Oracle,cluster,0.4,2,0.0,0.0,0.97525,0.97525
MS-MARCO-RBAC,8000000,8000000,Oracle,cluster,0.4,3,0.0,0.0,0.977685,0.977685
MS-MARCO-RBAC,8000000,8000000,Oracle,cluster,0.4,4,0.0,0.0,0.978926,0.978926
MS-MARCO-RBAC,8000000,8000000,Oracle,cluster,0.4,5,0.0,0.0,0.98092,0.98092
MS-MARCO-RBAC,8000000,8000000,Oracle,cluster,0.4,6,0.0,0.0,0.9778,0.9778
MS-MARCO-RBAC,8000000,8000000,Oracle,cluster,0.4,7,0.0,0.0,0.981833,0.981833
MS-MARCO-RBAC,8000000,8000000,Oracle,cluster,0.4,8,0.0,0.0,0.976259,0.976259
MS-MARCO-RBAC,8000000,8000000,Oracle,cluster,0.4,9,0.0,0.0,0.979038,0.979038
MS-MARCO-RBAC,8000000,8000000,Tombstone,cluster,0.5,0,0.0,0.177559,0.934545,0.976275
MS-MARCO-RBAC,8000000,8000000,Tombstone,cluster,0.5,1,0.0,0.174442,0.940746,0.980564
MS-MARCO-RBAC,8000000,8000000,Tombstone,cluster,0.5,2,0.0,0.181926,0.940016,0.9803
MS-MARCO-RBAC,8000000,8000000,Tombstone,cluster,0.5,3,0.0,0.177196,0.933523,0.977872
MS-MARCO-RBAC,8000000,8000000,Tombstone,cluster,0.5,4,0.0,0.177058,0.939561,0.97894
MS-MARCO-RBAC,8000000,8000000,Tombstone,cluster,0.5,5,0.0,0.176208,0.938908,0.979749
MS-MARCO-RBAC,8000000,8000000,Tombstone,cluster,0.5,6,0.0,0.17222,0.936482,0.979121
MS-MARCO-RBAC,8000000,8000000,Tombstone,cluster,0.5,7,0.0,0.174403,0.941367,0.980566
MS-MARCO-RBAC,8000000,8000000,Tombstone,cluster,0.5,8,0.0,0.182756,0.936506,0.977441
MS-MARCO-RBAC,8000000,8000000,Tombstone,cluster,0.5,9,0.0,0.16762,0.93935,0.977883
MS-MARCO-RBAC,8000000,8000000,Post-filter,cluster,0.5,0,0.0,0.187978,0.932071,0.978285
MS-MARCO-RBAC,8000000,8000000,Post-filter,cluster,0.5,1,0.0,0.185795,0.932474,0.976624
MS-MARCO-RBAC,8000000,8000000,Post-filter,cluster,0.5,2,0.0,0.192339,0.934092,0.980406
MS-MARCO-RBAC,8000000,8000000,Post-filter,cluster,0.5,3,0.0,0.189342,0.929443,0.976184
MS-MARCO-RBAC,8000000,8000000,Post-filter,cluster,0.5,4,0.0,0.186108,0.932373,0.978208
MS-MARCO-RBAC,8000000,8000000,Post-filter,cluster,0.5,5,0.0,0.182784,0.934238,0.976446
MS-MARCO-RBAC,8000000,8000000,Post-filter,cluster,0.5,6,0.0,0.185201,0.929855,0.977611
MS-MARCO-RBAC,8000000,8000000,Post-filter,cluster,0.5,7,0.0,0.194155,0.931161,0.978346
MS-MARCO-RBAC,8000000,8000000,Post-filter,cluster,0.5,8,0.0,0.190823,0.931887,0.975929
MS-MARCO-RBAC,8000000,8000000,Post-filter,cluster,0.5,9,0.0,0.19675,0.930499,0.977537
MS-MARCO-RBAC,8000000,8000000,Lethe,cluster,0.5,0,0.0,0.01633,0.974933,0.978924
MS-MARCO-RBAC,8000000,8000000,Lethe,cluster,0.5,1,0.0,0.014088,0.973659,0.978809
MS-MARCO-RBAC,8000000,8000000,Lethe,cluster,0.5,2,0.0,0.007966,0.975248,0.980034
MS-MARCO-RBAC,8000000,8000000,Lethe,cluster,0.5,3,0.0,0.013466,0.976718,0.979624
MS-MARCO-RBAC,8000000,8000000,Lethe,cluster,0.5,4,0.0,0.013062,0.978941,0.981549
MS-MARCO-RBAC,8000000,8000000,Lethe,cluster,0.5,5,0.0,0.006401,0.978466,0.98077
MS-MARCO-RBAC,8000000,8000000,Lethe,cluster,0.5,6,0.0,0.006836,0.969707,0.977158
MS-MARCO-RBAC,8000000,8000000,Lethe,cluster,0.5,7,0.0,0.020179,0.973146,0.978522
MS-MARCO-RBAC,8000000,8000000,Lethe,cluster,0.5,8,0.0,0.006004,0.970976,0.974699
MS-MARCO-RBAC,8000000,8000000,Lethe,cluster,0.5,9,0.0,0.013358,0.974214,0.977237
MS-MARCO-RBAC,8000000,8000000,Lethe-no-bypass,cluster,0.5,0,0.0,0.062518,0.925353,0.977886
MS-MARCO-RBAC,8000000,8000000,Lethe-no-bypass,cluster,0.5,1,0.0,0.062181,0.920871,0.976197
MS-MARCO-RBAC,8000000,8000000,Lethe-no-bypass,cluster,0.5,2,0.0,0.057125,0.922696,0.978202
MS-MARCO-RBAC,8000000,8000000,Lethe-no-bypass,cluster,0.5,3,0.0,0.065292,0.918305,0.976293
MS-MARCO-RBAC,8000000,8000000,Lethe-no-bypass,cluster,0.5,4,0.0,0.063243,0.923622,0.979413
MS-MARCO-RBAC,8000000,8000000,Lethe-no-bypass,cluster,0.5,5,0.0,0.061652,0.922026,0.978565
MS-MARCO-RBAC,8000000,8000000,Lethe-no-bypass,cluster,0.5,6,0.0,0.063661,0.923192,0.979038
MS-MARCO-RBAC,8000000,8000000,Lethe-no-bypass,cluster,0.5,7,0.0,0.062699,0.924883,0.981731
MS-MARCO-RBAC,8000000,8000000,Lethe-no-bypass,cluster,0.5,8,0.0,0.059021,0.917083,0.973876
MS-MARCO-RBAC,8000000,8000000,Lethe-no-bypass,cluster,0.5,9,0.0,0.059259,0.919087,0.975637
MS-MARCO-RBAC,8000000,8000000,Lethe-no-revaware-traversal,cluster,0.5,0,0.0,0.168798,0.956054,0.978333
MS-MARCO-RBAC,8000000,8000000,Lethe-no-revaware-traversal,cluster,0.5,1,0.0,0.162162,0.957249,0.981152
MS-MARCO-RBAC,8000000,8000000,Lethe-no-revaware-traversal,cluster,0.5,2,0.0,0.168366,0.950294,0.979689
MS-MARCO-RBAC,8000000,8000000,Lethe-no-revaware-traversal,cluster,0.5,3,0.0,0.164018,0.954525,0.981091
MS-MARCO-RBAC,8000000,8000000,Lethe-no-revaware-traversal,cluster,0.5,4,0.0,0.164641,0.948158,0.974696
MS-MARCO-RBAC,8000000,8000000,Lethe-no-revaware-traversal,cluster,0.5,5,0.0,0.16558,0.950949,0.978618
MS-MARCO-RBAC,8000000,8000000,Lethe-no-revaware-traversal,cluster,0.5,6,0.0,0.163405,0.950102,0.974001
MS-MARCO-RBAC,8000000,8000000,Lethe-no-revaware-traversal,cluster,0.5,7,0.0,0.167197,0.950195,0.978165
MS-MARCO-RBAC,8000000,8000000,Lethe-no-revaware-traversal,cluster,0.5,8,0.0,0.169858,0.94581,0.972945
MS-MARCO-RBAC,8000000,8000000,Lethe-no-revaware-traversal,cluster,0.5,9,0.0,0.16926,0.951648,0.975856
MS-MARCO-RBAC,8000000,8000000,Physical-delete,cluster,0.5,0,0.0,0.039215,0.943695,0.980216
MS-MARCO-RBAC,8000000,8000000,Physical-delete,cluster,0.5,1,0.0,0.043114,0.945151,0.978377
MS-MARCO-RBAC,8000000,8000000,Physical-delete,cluster,0.5,2,0.0,0.044055,0.941543,0.977421
MS-MARCO-RBAC,8000000,8000000,Physical-delete,cluster,0.5,3,0.0,0.045245,0.93928,0.978133
MS-MARCO-RBAC,8000000,8000000,Physical-delete,cluster,0.5,4,0.0,0.042731,0.942207,0.980101
MS-MARCO-RBAC,8000000,8000000,Physical-delete,cluster,0.5,5,0.0,0.043302,0.942009,0.978125
MS-MARCO-RBAC,8000000,8000000,Physical-delete,cluster,0.5,6,0.0,0.040606,0.941993,0.980072
MS-MARCO-RBAC,8000000,8000000,Physical-delete,cluster,0.5,7,0.0,0.037473,0.939954,0.977097
MS-MARCO-RBAC,8000000,8000000,Physical-delete,cluster,0.5,8,0.0,0.041124,0.93842,0.97636
MS-MARCO-RBAC,8000000,8000000,Physical-delete,cluster,0.5,9,0.0,0.037585,0.941712,0.976859
MS-MARCO-RBAC,8000000,8000000,Periodic-rebuild,cluster,0.5,0,0.0,0.07973,0.957711,0.978203
MS-MARCO-RBAC,8000000,8000000,Periodic-rebuild,cluster,0.5,1,0.0,0.077828,0.959862,0.976373
MS-MARCO-RBAC,8000000,8000000,Periodic-rebuild,cluster,0.5,2,0.0,0.087556,0.963894,0.981294
MS-MARCO-RBAC,8000000,8000000,Periodic-rebuild,cluster,0.5,3,0.0,0.085873,0.961704,0.97954
MS-MARCO-RBAC,8000000,8000000,Periodic-rebuild,cluster,0.5,4,0.0,0.085891,0.961395,0.977836
MS-MARCO-RBAC,8000000,8000000,Periodic-rebuild,cluster,0.5,5,0.0,0.087155,0.959731,0.97866
MS-MARCO-RBAC,8000000,8000000,Periodic-rebuild,cluster,0.5,6,0.0,0.089699,0.958311,0.979723
MS-MARCO-RBAC,8000000,8000000,Periodic-rebuild,cluster,0.5,7,0.0,0.082622,0.95922,0.977407
MS-MARCO-RBAC,8000000,8000000,Periodic-rebuild,cluster,0.5,8,0.0,0.07913,0.956405,0.976831
MS-MARCO-RBAC,8000000,8000000,Periodic-rebuild,cluster,0.5,9,0.0,0.092693,0.957955,0.975955
MS-MARCO-RBAC,8000000,8000000,Per-role-index,cluster,0.5,0,0.0,0.011727,0.978985,0.983038
MS-MARCO-RBAC,8000000,8000000,Per-role-index,cluster,0.5,1,0.0,0.006381,0.973306,0.97846
MS-MARCO-RBAC,8000000,8000000,Per-role-index,cluster,0.5,2,0.0,0.004302,0.965716,0.975116
MS-MARCO-RBAC,8000000,8000000,Per-role-index,cluster,0.5,3,0.0,0.005733,0.974275,0.978716
MS-MARCO-RBAC,8000000,8000000,Per-role-index,cluster,0.5,4,0.0,0.005974,0.975581,0.97919
MS-MARCO-RBAC,8000000,8000000,Per-role-index,cluster,0.5,5,0.0,0.011707,0.977337,0.978494
MS-MARCO-RBAC,8000000,8000000,Per-role-index,cluster,0.5,6,0.0,0.00176,0.976409,0.978873
MS-MARCO-RBAC,8000000,8000000,Per-role-index,cluster,0.5,7,0.0,0.003653,0.978219,0.980895
MS-MARCO-RBAC,8000000,8000000,Per-role-index,cluster,0.5,8,0.0,0.009912,0.972402,0.979343
MS-MARCO-RBAC,8000000,8000000,Per-role-index,cluster,0.5,9,0.0,0.009083,0.968488,0.975319
MS-MARCO-RBAC,8000000,8000000,ACORN,cluster,0.5,0,0.0,0.063315,0.953917,0.975496
MS-MARCO-RBAC,8000000,8000000,ACORN,cluster,0.5,1,0.0,0.072389,0.953246,0.975588
MS-MARCO-RBAC,8000000,8000000,ACORN,cluster,0.5,2,0.0,0.079944,0.953837,0.977901
MS-MARCO-RBAC,8000000,8000000,ACORN,cluster,0.5,3,0.0,0.077115,0.959954,0.981345
MS-MARCO-RBAC,8000000,8000000,ACORN,cluster,0.5,4,0.0,0.075836,0.951195,0.97459
MS-MARCO-RBAC,8000000,8000000,ACORN,cluster,0.5,5,0.0,0.080929,0.952301,0.978281
MS-MARCO-RBAC,8000000,8000000,ACORN,cluster,0.5,6,0.0,0.077374,0.957423,0.978139
MS-MARCO-RBAC,8000000,8000000,ACORN,cluster,0.5,7,0.0,0.074045,0.952611,0.977116
MS-MARCO-RBAC,8000000,8000000,ACORN,cluster,0.5,8,0.0,0.069124,0.957761,0.976302
MS-MARCO-RBAC,8000000,8000000,ACORN,cluster,0.5,9,0.0,0.07757,0.960875,0.9788
MS-MARCO-RBAC,8000000,8000000,HoneyBee,cluster,0.5,0,0.0,0.062322,0.958227,0.976709
MS-MARCO-RBAC,8000000,8000000,HoneyBee,cluster,0.5,1,0.0,0.066704,0.956534,0.975958
MS-MARCO-RBAC,8000000,8000000,HoneyBee,cluster,0.5,2,0.0,0.066196,0.958716,0.977142
MS-MARCO-RBAC,8000000,8000000,HoneyBee,cluster,0.5,3,0.0,0.064656,0.958364,0.977958
MS-MARCO-RBAC,8000000,8000000,HoneyBee,cluster,0.5,4,0.0,0.053932,0.959405,0.976352
MS-MARCO-RBAC,8000000,8000000,HoneyBee,cluster,0.5,5,0.0,0.059889,0.960593,0.980157
MS-MARCO-RBAC,8000000,8000000,HoneyBee,cluster,0.5,6,0.0,0.062062,0.954437,0.974608
MS-MARCO-RBAC,8000000,8000000,HoneyBee,cluster,0.5,7,0.0,0.060501,0.962628,0.978353
MS-MARCO-RBAC,8000000,8000000,HoneyBee,cluster,0.5,8,0.0,0.058387,0.960961,0.978568
MS-MARCO-RBAC,8000000,8000000,HoneyBee,cluster,0.5,9,0.0,0.061254,0.957681,0.977116
MS-MARCO-RBAC,8000000,8000000,SPFresh,cluster,0.5,0,0.0,0.115991,0.952043,0.977522
MS-MARCO-RBAC,8000000,8000000,SPFresh,cluster,0.5,1,0.0,0.10706,0.954048,0.979235
MS-MARCO-RBAC,8000000,8000000,SPFresh,cluster,0.5,2,0.0,0.107211,0.952815,0.979389
MS-MARCO-RBAC,8000000,8000000,SPFresh,cluster,0.5,3,0.0,0.110904,0.953942,0.977764
MS-MARCO-RBAC,8000000,8000000,SPFresh,cluster,0.5,4,0.0,0.112279,0.952896,0.979697
MS-MARCO-RBAC,8000000,8000000,SPFresh,cluster,0.5,5,0.0,0.114993,0.951587,0.977622
MS-MARCO-RBAC,8000000,8000000,SPFresh,cluster,0.5,6,0.0,0.11196,0.952159,0.978821
MS-MARCO-RBAC,8000000,8000000,SPFresh,cluster,0.5,7,0.0,0.112931,0.952374,0.98007
MS-MARCO-RBAC,8000000,8000000,SPFresh,cluster,0.5,8,0.0,0.10554,0.953706,0.980312
MS-MARCO-RBAC,8000000,8000000,SPFresh,cluster,0.5,9,0.0,0.108068,0.951191,0.9773
MS-MARCO-RBAC,8000000,8000000,Oracle,cluster,0.5,0,0.0,0.0,0.978318,0.978318
MS-MARCO-RBAC,8000000,8000000,Oracle,cluster,0.5,1,0.0,0.0,0.977116,0.977116
MS-MARCO-RBAC,8000000,8000000,Oracle,cluster,0.5,2,0.0,0.0,0.974268,0.974268
MS-MARCO-RBAC,8000000,8000000,Oracle,cluster,0.5,3,0.0,0.0,0.979455,0.979455
MS-MARCO-RBAC,8000000,8000000,Oracle,cluster,0.5,4,0.0,0.0,0.976426,0.976426
MS-MARCO-RBAC,8000000,8000000,Oracle,cluster,0.5,5,0.0,0.0,0.979435,0.979435
MS-MARCO-RBAC,8000000,8000000,Oracle,cluster,0.5,6,0.0,0.0,0.976211,0.976211
MS-MARCO-RBAC,8000000,8000000,Oracle,cluster,0.5,7,0.0,0.0,0.981922,0.981922
MS-MARCO-RBAC,8000000,8000000,Oracle,cluster,0.5,8,0.0,0.0,0.976991,0.976991
MS-MARCO-RBAC,8000000,8000000,Oracle,cluster,0.5,9,0.0,0.0,0.979189,0.979189
MS-MARCO-RBAC,8000000,8000000,Tombstone,bridge,0.0,0,0.0,0.0,0.937764,0.978713
MS-MARCO-RBAC,8000000,8000000,Tombstone,bridge,0.0,1,0.0,0.0,0.937735,0.975869
MS-MARCO-RBAC,8000000,8000000,Tombstone,bridge,0.0,2,0.0,0.0,0.939029,0.976802
MS-MARCO-RBAC,8000000,8000000,Tombstone,bridge,0.0,3,0.0,0.0,0.941689,0.979428
MS-MARCO-RBAC,8000000,8000000,Tombstone,bridge,0.0,4,0.0,0.0,0.940178,0.978763
MS-MARCO-RBAC,8000000,8000000,Tombstone,bridge,0.0,5,0.0,0.0,0.941258,0.978816
MS-MARCO-RBAC,8000000,8000000,Tombstone,bridge,0.0,6,0.0,0.0,0.939316,0.978229
MS-MARCO-RBAC,8000000,8000000,Tombstone,bridge,0.0,7,0.0,0.0,0.94138,0.979174
MS-MARCO-RBAC,8000000,8000000,Tombstone,bridge,0.0,8,0.0,0.0,0.9422,0.97867
MS-MARCO-RBAC,8000000,8000000,Tombstone,bridge,0.0,9,0.0,0.0,0.939559,0.978178
MS-MARCO-RBAC,8000000,8000000,Post-filter,bridge,0.0,0,0.0,0.0,0.9352,0.978938
MS-MARCO-RBAC,8000000,8000000,Post-filter,bridge,0.0,1,0.0,0.0,0.933705,0.977429
MS-MARCO-RBAC,8000000,8000000,Post-filter,bridge,0.0,2,0.0,0.0,0.930772,0.975298
MS-MARCO-RBAC,8000000,8000000,Post-filter,bridge,0.0,3,0.0,0.0,0.93732,0.980694
MS-MARCO-RBAC,8000000,8000000,Post-filter,bridge,0.0,4,0.0,0.0,0.93391,0.975849
MS-MARCO-RBAC,8000000,8000000,Post-filter,bridge,0.0,5,0.0,0.0,0.936206,0.98013
MS-MARCO-RBAC,8000000,8000000,Post-filter,bridge,0.0,6,0.0,0.0,0.934684,0.978713
MS-MARCO-RBAC,8000000,8000000,Post-filter,bridge,0.0,7,0.0,0.0,0.93663,0.977215
MS-MARCO-RBAC,8000000,8000000,Post-filter,bridge,0.0,8,0.0,0.0,0.932809,0.976222
MS-MARCO-RBAC,8000000,8000000,Post-filter,bridge,0.0,9,0.0,0.0,0.932587,0.977278
MS-MARCO-RBAC,8000000,8000000,Lethe,bridge,0.0,0,0.0,0.0,0.971531,0.975325
MS-MARCO-RBAC,8000000,8000000,Lethe,bridge,0.0,1,0.0,0.0,0.974702,0.978255
MS-MARCO-RBAC,8000000,8000000,Lethe,bridge,0.0,2,0.0,0.0,0.970293,0.9746
MS-MARCO-RBAC,8000000,8000000,Lethe,bridge,0.0,3,0.0,0.0,0.972414,0.978263
MS-MARCO-RBAC,8000000,8000000,Lethe,bridge,0.0,4,0.0,0.0,0.970464,0.975027
MS-MARCO-RBAC,8000000,8000000,Lethe,bridge,0.0,5,0.0,0.0,0.970795,0.97496
MS-MARCO-RBAC,8000000,8000000,Lethe,bridge,0.0,6,0.0,0.0,0.972325,0.978736
MS-MARCO-RBAC,8000000,8000000,Lethe,bridge,0.0,7,0.0,0.0,0.976008,0.978294
MS-MARCO-RBAC,8000000,8000000,Lethe,bridge,0.0,8,0.0,0.0,0.973691,0.977933
MS-MARCO-RBAC,8000000,8000000,Lethe,bridge,0.0,9,0.0,0.0,0.973473,0.979623
MS-MARCO-RBAC,8000000,8000000,Lethe-no-bypass,bridge,0.0,0,0.0,0.0,0.924238,0.979979
MS-MARCO-RBAC,8000000,8000000,Lethe-no-bypass,bridge,0.0,1,0.0,0.0,0.916962,0.973936
MS-MARCO-RBAC,8000000,8000000,Lethe-no-bypass,bridge,0.0,2,0.0,0.0,0.926876,0.983385
MS-MARCO-RBAC,8000000,8000000,Lethe-no-bypass,bridge,0.0,3,0.0,0.0,0.920993,0.974916
MS-MARCO-RBAC,8000000,8000000,Lethe-no-bypass,bridge,0.0,4,0.0,0.0,0.924114,0.975268
MS-MARCO-RBAC,8000000,8000000,Lethe-no-bypass,bridge,0.0,5,0.0,0.0,0.921393,0.975989
MS-MARCO-RBAC,8000000,8000000,Lethe-no-bypass,bridge,0.0,6,0.0,0.0,0.929715,0.978657
MS-MARCO-RBAC,8000000,8000000,Lethe-no-bypass,bridge,0.0,7,0.0,0.0,0.922575,0.97455
MS-MARCO-RBAC,8000000,8000000,Lethe-no-bypass,bridge,0.0,8,0.0,0.0,0.923767,0.978794
MS-MARCO-RBAC,8000000,8000000,Lethe-no-bypass,bridge,0.0,9,0.0,0.0,0.922057,0.978693
MS-MARCO-RBAC,8000000,8000000,Lethe-no-revaware-traversal,bridge,0.0,0,0.0,0.0,0.947612,0.976491
MS-MARCO-RBAC,8000000,8000000,Lethe-no-revaware-traversal,bridge,0.0,1,0.0,0.0,0.94593,0.975443
MS-MARCO-RBAC,8000000,8000000,Lethe-no-revaware-traversal,bridge,0.0,2,0.0,0.0,0.953489,0.975792
MS-MARCO-RBAC,8000000,8000000,Lethe-no-revaware-traversal,bridge,0.0,3,0.0,0.0,0.952897,0.975431
MS-MARCO-RBAC,8000000,8000000,Lethe-no-revaware-traversal,bridge,0.0,4,0.0,0.0,0.952531,0.978762
MS-MARCO-RBAC,8000000,8000000,Lethe-no-revaware-traversal,bridge,0.0,5,0.0,0.0,0.958016,0.980317
MS-MARCO-RBAC,8000000,8000000,Lethe-no-revaware-traversal,bridge,0.0,6,0.0,0.0,0.955071,0.978457
MS-MARCO-RBAC,8000000,8000000,Lethe-no-revaware-traversal,bridge,0.0,7,0.0,0.0,0.95096,0.980636
MS-MARCO-RBAC,8000000,8000000,Lethe-no-revaware-traversal,bridge,0.0,8,0.0,0.0,0.952189,0.97825
MS-MARCO-RBAC,8000000,8000000,Lethe-no-revaware-traversal,bridge,0.0,9,0.0,0.0,0.956546,0.978024
MS-MARCO-RBAC,8000000,8000000,Physical-delete,bridge,0.0,0,0.0,0.0,0.944956,0.980634
MS-MARCO-RBAC,8000000,8000000,Physical-delete,bridge,0.0,1,0.0,0.0,0.939134,0.977412
MS-MARCO-RBAC,8000000,8000000,Physical-delete,bridge,0.0,2,0.0,0.0,0.946801,0.980765
MS-MARCO-RBAC,8000000,8000000,Physical-delete,bridge,0.0,3,0.0,0.0,0.946556,0.981882
MS-MARCO-RBAC,8000000,8000000,Physical-delete,bridge,0.0,4,0.0,0.0,0.941032,0.977284
MS-MARCO-RBAC,8000000,8000000,Physical-delete,bridge,0.0,5,0.0,0.0,0.940425,0.978159
MS-MARCO-RBAC,8000000,8000000,Physical-delete,bridge,0.0,6,0.0,0.0,0.946561,0.979763
MS-MARCO-RBAC,8000000,8000000,Physical-delete,bridge,0.0,7,0.0,0.0,0.938141,0.974946
MS-MARCO-RBAC,8000000,8000000,Physical-delete,bridge,0.0,8,0.0,0.0,0.942606,0.977004
MS-MARCO-RBAC,8000000,8000000,Physical-delete,bridge,0.0,9,0.0,0.0,0.944407,0.978787
MS-MARCO-RBAC,8000000,8000000,Periodic-rebuild,bridge,0.0,0,0.0,0.0,0.96242,0.979816
MS-MARCO-RBAC,8000000,8000000,Periodic-rebuild,bridge,0.0,1,0.0,0.0,0.962351,0.976793
MS-MARCO-RBAC,8000000,8000000,Periodic-rebuild,bridge,0.0,2,0.0,0.0,0.959988,0.977773
MS-MARCO-RBAC,8000000,8000000,Periodic-rebuild,bridge,0.0,3,0.0,0.0,0.957619,0.976607
MS-MARCO-RBAC,8000000,8000000,Periodic-rebuild,bridge,0.0,4,0.0,0.0,0.957603,0.9766
MS-MARCO-RBAC,8000000,8000000,Periodic-rebuild,bridge,0.0,5,0.0,0.0,0.957989,0.976816
MS-MARCO-RBAC,8000000,8000000,Periodic-rebuild,bridge,0.0,6,0.0,0.0,0.958754,0.976263
MS-MARCO-RBAC,8000000,8000000,Periodic-rebuild,bridge,0.0,7,0.0,0.0,0.966113,0.98204
MS-MARCO-RBAC,8000000,8000000,Periodic-rebuild,bridge,0.0,8,0.0,0.0,0.966238,0.980862
MS-MARCO-RBAC,8000000,8000000,Periodic-rebuild,bridge,0.0,9,0.0,0.0,0.95844,0.97476
MS-MARCO-RBAC,8000000,8000000,Per-role-index,bridge,0.0,0,0.0,0.0,0.974378,0.980021
MS-MARCO-RBAC,8000000,8000000,Per-role-index,bridge,0.0,1,0.0,0.0,0.974192,0.97681
MS-MARCO-RBAC,8000000,8000000,Per-role-index,bridge,0.0,2,0.0,0.0,0.967189,0.975121
MS-MARCO-RBAC,8000000,8000000,Per-role-index,bridge,0.0,3,0.0,0.0,0.97108,0.976862
MS-MARCO-RBAC,8000000,8000000,Per-role-index,bridge,0.0,4,0.0,0.0,0.974258,0.977714
MS-MARCO-RBAC,8000000,8000000,Per-role-index,bridge,0.0,5,0.0,0.0,0.972031,0.975708
MS-MARCO-RBAC,8000000,8000000,Per-role-index,bridge,0.0,6,0.0,0.0,0.975236,0.978182
MS-MARCO-RBAC,8000000,8000000,Per-role-index,bridge,0.0,7,0.0,0.0,0.971882,0.978374
MS-MARCO-RBAC,8000000,8000000,Per-role-index,bridge,0.0,8,0.0,0.0,0.972433,0.978344
MS-MARCO-RBAC,8000000,8000000,Per-role-index,bridge,0.0,9,0.0,0.0,0.972589,0.978527
MS-MARCO-RBAC,8000000,8000000,ACORN,bridge,0.0,0,0.0,0.0,0.956119,0.978122
MS-MARCO-RBAC,8000000,8000000,ACORN,bridge,0.0,1,0.0,0.0,0.96234,0.979073
MS-MARCO-RBAC,8000000,8000000,ACORN,bridge,0.0,2,0.0,0.0,0.955831,0.97489
MS-MARCO-RBAC,8000000,8000000,ACORN,bridge,0.0,3,0.0,0.0,0.958568,0.977168
MS-MARCO-RBAC,8000000,8000000,ACORN,bridge,0.0,4,0.0,0.0,0.960405,0.977905
MS-MARCO-RBAC,8000000,8000000,ACORN,bridge,0.0,5,0.0,0.0,0.958869,0.978238
MS-MARCO-RBAC,8000000,8000000,ACORN,bridge,0.0,6,0.0,0.0,0.956042,0.977497
MS-MARCO-RBAC,8000000,8000000,ACORN,bridge,0.0,7,0.0,0.0,0.955371,0.975778
MS-MARCO-RBAC,8000000,8000000,ACORN,bridge,0.0,8,0.0,0.0,0.958004,0.975107
MS-MARCO-RBAC,8000000,8000000,ACORN,bridge,0.0,9,0.0,0.0,0.959461,0.97863
MS-MARCO-RBAC,8000000,8000000,HoneyBee,bridge,0.0,0,0.0,0.0,0.962115,0.977133
MS-MARCO-RBAC,8000000,8000000,HoneyBee,bridge,0.0,1,0.0,0.0,0.962777,0.980178
MS-MARCO-RBAC,8000000,8000000,HoneyBee,bridge,0.0,2,0.0,0.0,0.963693,0.980746
MS-MARCO-RBAC,8000000,8000000,HoneyBee,bridge,0.0,3,0.0,0.0,0.957029,0.977917
MS-MARCO-RBAC,8000000,8000000,HoneyBee,bridge,0.0,4,0.0,0.0,0.965104,0.980406
MS-MARCO-RBAC,8000000,8000000,HoneyBee,bridge,0.0,5,0.0,0.0,0.954108,0.974952
MS-MARCO-RBAC,8000000,8000000,HoneyBee,bridge,0.0,6,0.0,0.0,0.960222,0.97613
MS-MARCO-RBAC,8000000,8000000,HoneyBee,bridge,0.0,7,0.0,0.0,0.958429,0.979378
MS-MARCO-RBAC,8000000,8000000,HoneyBee,bridge,0.0,8,0.0,0.0,0.956957,0.976165
MS-MARCO-RBAC,8000000,8000000,HoneyBee,bridge,0.0,9,0.0,0.0,0.960047,0.978794
MS-MARCO-RBAC,8000000,8000000,SPFresh,bridge,0.0,0,0.0,0.0,0.954636,0.981279
MS-MARCO-RBAC,8000000,8000000,SPFresh,bridge,0.0,1,0.0,0.0,0.955255,0.978998
MS-MARCO-RBAC,8000000,8000000,SPFresh,bridge,0.0,2,0.0,0.0,0.950284,0.976642
MS-MARCO-RBAC,8000000,8000000,SPFresh,bridge,0.0,3,0.0,0.0,0.95104,0.978875
MS-MARCO-RBAC,8000000,8000000,SPFresh,bridge,0.0,4,0.0,0.0,0.954884,0.978627
MS-MARCO-RBAC,8000000,8000000,SPFresh,bridge,0.0,5,0.0,0.0,0.953481,0.977939
MS-MARCO-RBAC,8000000,8000000,SPFresh,bridge,0.0,6,0.0,0.0,0.9516,0.978345
MS-MARCO-RBAC,8000000,8000000,SPFresh,bridge,0.0,7,0.0,0.0,0.948513,0.976868
MS-MARCO-RBAC,8000000,8000000,SPFresh,bridge,0.0,8,0.0,0.0,0.950501,0.97845
MS-MARCO-RBAC,8000000,8000000,SPFresh,bridge,0.0,9,0.0,0.0,0.956893,0.977307
MS-MARCO-RBAC,8000000,8000000,Oracle,bridge,0.0,0,0.0,0.0,0.978949,0.978949
MS-MARCO-RBAC,8000000,8000000,Oracle,bridge,0.0,1,0.0,0.0,0.979848,0.979848
MS-MARCO-RBAC,8000000,8000000,Oracle,bridge,0.0,2,0.0,0.0,0.980077,0.980077
MS-MARCO-RBAC,8000000,8000000,Oracle,bridge,0.0,3,0.0,0.0,0.976683,0.976683
MS-MARCO-RBAC,8000000,8000000,Oracle,bridge,0.0,4,0.0,0.0,0.979386,0.979386
MS-MARCO-RBAC,8000000,8000000,Oracle,bridge,0.0,5,0.0,0.0,0.975583,0.975583
MS-MARCO-RBAC,8000000,8000000,Oracle,bridge,0.0,6,0.0,0.0,0.974616,0.974616
MS-MARCO-RBAC,8000000,8000000,Oracle,bridge,0.0,7,0.0,0.0,0.977722,0.977722
MS-MARCO-RBAC,8000000,8000000,Oracle,bridge,0.0,8,0.0,0.0,0.978779,0.978779
MS-MARCO-RBAC,8000000,8000000,Oracle,bridge,0.0,9,0.0,0.0,0.976932,0.976932
MS-MARCO-RBAC,8000000,8000000,Tombstone,bridge,0.1,0,0.0,0.069973,0.939514,0.977426
MS-MARCO-RBAC,8000000,8000000,Tombstone,bridge,0.1,1,0.0,0.070708,0.938501,0.977668
MS-MARCO-RBAC,8000000,8000000,Tombstone,bridge,0.1,2,0.0,0.070181,0.937211,0.976011
MS-MARCO-RBAC,8000000,8000000,Tombstone,bridge,0.1,3,0.0,0.071822,0.938531,0.978431
MS-MARCO-RBAC,8000000,8000000,Tombstone,bridge,0.1,4,0.0,0.066042,0.939728,0.975813
MS-MARCO-RBAC,8000000,8000000,Tombstone,bridge,0.1,5,0.0,0.070586,0.937915,0.977605
MS-MARCO-RBAC,8000000,8000000,Tombstone,bridge,0.1,6,0.0,0.063523,0.93672,0.975466
MS-MARCO-RBAC,8000000,8000000,Tombstone,bridge,0.1,7,0.0,0.070309,0.938371,0.976698
MS-MARCO-RBAC,8000000,8000000,Tombstone,bridge,0.1,8,0.0,0.066026,0.936252,0.975292
MS-MARCO-RBAC,8000000,8000000,Tombstone,bridge,0.1,9,0.0,0.068822,0.938925,0.976667
MS-MARCO-RBAC,8000000,8000000,Post-filter,bridge,0.1,0,0.0,0.071979,0.932167,0.977508
MS-MARCO-RBAC,8000000,8000000,Post-filter,bridge,0.1,1,0.0,0.076865,0.936606,0.978944
MS-MARCO-RBAC,8000000,8000000,Post-filter,bridge,0.1,2,0.0,0.075469,0.934389,0.975499
MS-MARCO-RBAC,8000000,8000000,Post-filter,bridge,0.1,3,0.0,0.068031,0.932775,0.977024
MS-MARCO-RBAC,8000000,8000000,Post-filter,bridge,0.1,4,0.0,0.076977,0.937311,0.978856
MS-MARCO-RBAC,8000000,8000000,Post-filter,bridge,0.1,5,0.0,0.071386,0.936195,0.977249
MS-MARCO-RBAC,8000000,8000000,Post-filter,bridge,0.1,6,0.0,0.075157,0.932695,0.977142
MS-MARCO-RBAC,8000000,8000000,Post-filter,bridge,0.1,7,0.0,0.074863,0.934148,0.979204
MS-MARCO-RBAC,8000000,8000000,Post-filter,bridge,0.1,8,0.0,0.07847,0.932211,0.978376
MS-MARCO-RBAC,8000000,8000000,Post-filter,bridge,0.1,9,0.0,0.074781,0.935491,0.97673
MS-MARCO-RBAC,8000000,8000000,Lethe,bridge,0.1,0,0.0,0.006743,0.975448,0.977743
MS-MARCO-RBAC,8000000,8000000,Lethe,bridge,0.1,1,0.0,0.004087,0.971583,0.975645
MS-MARCO-RBAC,8000000,8000000,Lethe,bridge,0.1,2,0.0,0.0,0.973808,0.975055
MS-MARCO-RBAC,8000000,8000000,Lethe,bridge,0.1,3,0.0,0.006165,0.974835,0.978941
MS-MARCO-RBAC,8000000,8000000,Lethe,bridge,0.1,4,0.0,0.0,0.975522,0.980636
MS-MARCO-RBAC,8000000,8000000,Lethe,bridge,0.1,5,0.0,0.004717,0.974306,0.976744
MS-MARCO-RBAC,8000000,8000000,Lethe,bridge,0.1,6,0.0,0.006601,0.973649,0.979921
MS-MARCO-RBAC,8000000,8000000,Lethe,bridge,0.1,7,0.0,0.005186,0.967859,0.973734
MS-MARCO-RBAC,8000000,8000000,Lethe,bridge,0.1,8,0.0,0.007773,0.977803,0.980269
MS-MARCO-RBAC,8000000,8000000,Lethe,bridge,0.1,9,0.0,0.0,0.974282,0.977295
MS-MARCO-RBAC,8000000,8000000,Lethe-no-bypass,bridge,0.1,0,0.0,0.024841,0.921345,0.97843
MS-MARCO-RBAC,8000000,8000000,Lethe-no-bypass,bridge,0.1,1,0.0,0.021809,0.921902,0.977891
MS-MARCO-RBAC,8000000,8000000,Lethe-no-bypass,bridge,0.1,2,0.0,0.020845,0.920442,0.976194
MS-MARCO-RBAC,8000000,8000000,Lethe-no-bypass,bridge,0.1,3,0.0,0.024102,0.921961,0.979459
MS-MARCO-RBAC,8000000,8000000,Lethe-no-bypass,bridge,0.1,4,0.0,0.022793,0.918284,0.975513
MS-MARCO-RBAC,8000000,8000000,Lethe-no-bypass,bridge,0.1,5,0.0,0.028312,0.917362,0.97827
MS-MARCO-RBAC,8000000,8000000,Lethe-no-bypass,bridge,0.1,6,0.0,0.023293,0.924252,0.981198
MS-MARCO-RBAC,8000000,8000000,Lethe-no-bypass,bridge,0.1,7,0.0,0.02436,0.920029,0.976602
MS-MARCO-RBAC,8000000,8000000,Lethe-no-bypass,bridge,0.1,8,0.0,0.022241,0.919649,0.975943
MS-MARCO-RBAC,8000000,8000000,Lethe-no-bypass,bridge,0.1,9,0.0,0.02247,0.92452,0.978536
MS-MARCO-RBAC,8000000,8000000,Lethe-no-revaware-traversal,bridge,0.1,0,0.0,0.066541,0.950728,0.97706
MS-MARCO-RBAC,8000000,8000000,Lethe-no-revaware-traversal,bridge,0.1,1,0.0,0.066833,0.955507,0.978024
MS-MARCO-RBAC,8000000,8000000,Lethe-no-revaware-traversal,bridge,0.1,2,0.0,0.063537,0.949901,0.975957
MS-MARCO-RBAC,8000000,8000000,Lethe-no-revaware-traversal,bridge,0.1,3,0.0,0.060868,0.952441,0.976371
MS-MARCO-RBAC,8000000,8000000,Lethe-no-revaware-traversal,bridge,0.1,4,0.0,0.067109,0.951513,0.977533
MS-MARCO-RBAC,8000000,8000000,Lethe-no-revaware-traversal,bridge,0.1,5,0.0,0.060367,0.949427,0.974311
MS-MARCO-RBAC,8000000,8000000,Lethe-no-revaware-traversal,bridge,0.1,6,0.0,0.061748,0.953145,0.978786
MS-MARCO-RBAC,8000000,8000000,Lethe-no-revaware-traversal,bridge,0.1,7,0.0,0.067806,0.951017,0.975867
MS-MARCO-RBAC,8000000,8000000,Lethe-no-revaware-traversal,bridge,0.1,8,0.0,0.064676,0.948429,0.977121
MS-MARCO-RBAC,8000000,8000000,Lethe-no-revaware-traversal,bridge,0.1,9,0.0,0.062562,0.956948,0.979823
MS-MARCO-RBAC,8000000,8000000,Physical-delete,bridge,0.1,0,0.0,0.013629,0.94277,0.979317
MS-MARCO-RBAC,8000000,8000000,Physical-delete,bridge,0.1,1,0.0,0.016759,0.939021,0.97735
MS-MARCO-RBAC,8000000,8000000,Physical-delete,bridge,0.1,2,0.0,0.017325,0.943453,0.976577
MS-MARCO-RBAC,8000000,8000000,Physical-delete,bridge,0.1,3,0.0,0.017863,0.940426,0.978383
MS-MARCO-RBAC,8000000,8000000,Physical-delete,bridge,0.1,4,0.0,0.015898,0.939244,0.974163
MS-MARCO-RBAC,8000000,8000000,Physical-delete,bridge,0.1,5,0.0,0.013248,0.940075,0.975395
MS-MARCO-RBAC,8000000,8000000,Physical-delete,bridge,0.1,6,0.0,0.02271,0.942489,0.978131
MS-MARCO-RBAC,8000000,8000000,Physical-delete,bridge,0.1,7,0.0,0.018338,0.941188,0.976571
MS-MARCO-RBAC,8000000,8000000,Physical-delete,bridge,0.1,8,0.0,0.01968,0.946803,0.980447
MS-MARCO-RBAC,8000000,8000000,Physical-delete,bridge,0.1,9,0.0,0.015528,0.942337,0.97572
MS-MARCO-RBAC,8000000,8000000,Periodic-rebuild,bridge,0.1,0,0.0,0.039012,0.955615,0.973018
MS-MARCO-RBAC,8000000,8000000,Periodic-rebuild,bridge,0.1,1,0.0,0.032367,0.955602,0.976468
MS-MARCO-RBAC,8000000,8000000,Periodic-rebuild,bridge,0.1,2,0.0,0.031327,0.957435,0.97524
MS-MARCO-RBAC,8000000,8000000,Periodic-rebuild,bridge,0.1,3,0.0,0.029826,0.959243,0.977904
MS-MARCO-RBAC,8000000,8000000,Periodic-rebuild,bridge,0.1,4,0.0,0.032986,0.961744,0.980785
MS-MARCO-RBAC,8000000,8000000,Periodic-rebuild,bridge,0.1,5,0.0,0.03267,0.959702,0.976367
MS-MARCO-RBAC,8000000,8000000,Periodic-rebuild,bridge,0.1,6,0.0,0.034787,0.958237,0.976492
MS-MARCO-RBAC,8000000,8000000,Periodic-rebuild,bridge,0.1,7,0.0,0.034554,0.957094,0.977544
MS-MARCO-RBAC,8000000,8000000,Periodic-rebuild,bridge,0.1,8,0.0,0.02546,0.964961,0.978428
MS-MARCO-RBAC,8000000,8000000,Periodic-rebuild,bridge,0.1,9,0.0,0.027777,0.960813,0.979161
MS-MARCO-RBAC,8000000,8000000,Per-role-index,bridge,0.1,0,0.0,0.003247,0.971698,0.974663
MS-MARCO-RBAC,8000000,8000000,Per-role-index,bridge,0.1,1,0.0,0.005865,0.974316,0.978952
MS-MARCO-RBAC,8000000,8000000,Per-role-index,bridge,0.1,2,0.0,0.006605,0.972996,0.977093
MS-MARCO-RBAC,8000000,8000000,Per-role-index,bridge,0.1,3,0.0,0.003798,0.970917,0.97876
MS-MARCO-RBAC,8000000,8000000,Per-role-index,bridge,0.1,4,0.0,0.004718,0.976428,0.979945
MS-MARCO-RBAC,8000000,8000000,Per-role-index,bridge,0.1,5,0.0,0.003483,0.972404,0.976703
MS-MARCO-RBAC,8000000,8000000,Per-role-index,bridge,0.1,6,0.0,0.003274,0.974766,0.980128
MS-MARCO-RBAC,8000000,8000000,Per-role-index,bridge,0.1,7,0.0,0.003193,0.973395,0.97698
MS-MARCO-RBAC,8000000,8000000,Per-role-index,bridge,0.1,8,0.0,0.002623,0.973691,0.979737
MS-MARCO-RBAC,8000000,8000000,Per-role-index,bridge,0.1,9,0.0,0.002949,0.975576,0.979697
MS-MARCO-RBAC,8000000,8000000,ACORN,bridge,0.1,0,0.0,0.028302,0.961754,0.979612
MS-MARCO-RBAC,8000000,8000000,ACORN,bridge,0.1,1,0.0,0.028724,0.956721,0.977145
MS-MARCO-RBAC,8000000,8000000,ACORN,bridge,0.1,2,0.0,0.031168,0.956157,0.97817
MS-MARCO-RBAC,8000000,8000000,ACORN,bridge,0.1,3,0.0,0.025116,0.96068,0.97895
MS-MARCO-RBAC,8000000,8000000,ACORN,bridge,0.1,4,0.0,0.025151,0.962281,0.979445
MS-MARCO-RBAC,8000000,8000000,ACORN,bridge,0.1,5,0.0,0.025295,0.954685,0.976917
MS-MARCO-RBAC,8000000,8000000,ACORN,bridge,0.1,6,0.0,0.030397,0.952786,0.976647
MS-MARCO-RBAC,8000000,8000000,ACORN,bridge,0.1,7,0.0,0.027339,0.956325,0.977279
MS-MARCO-RBAC,8000000,8000000,ACORN,bridge,0.1,8,0.0,0.03154,0.958357,0.978211
MS-MARCO-RBAC,8000000,8000000,ACORN,bridge,0.1,9,0.0,0.032083,0.956759,0.979158
MS-MARCO-RBAC,8000000,8000000,HoneyBee,bridge,0.1,0,0.0,0.026489,0.963096,0.982905
MS-MARCO-RBAC,8000000,8000000,HoneyBee,bridge,0.1,1,0.0,0.023928,0.959824,0.978083
MS-MARCO-RBAC,8000000,8000000,HoneyBee,bridge,0.1,2,0.0,0.02814,0.962348,0.97763
MS-MARCO-RBAC,8000000,8000000,HoneyBee,bridge,0.1,3,0.0,0.027879,0.959247,0.977701
MS-MARCO-RBAC,8000000,8000000,HoneyBee,bridge,0.1,4,0.0,0.024761,0.957962,0.975573
MS-MARCO-RBAC,8000000,8000000,HoneyBee,bridge,0.1,5,0.0,0.024466,0.958069,0.978199
MS-MARCO-RBAC,8000000,8000000,HoneyBee,bridge,0.1,6,0.0,0.027442,0.962032,0.982038
MS-MARCO-RBAC,8000000,8000000,HoneyBee,bridge,0.1,7,0.0,0.02195,0.967768,0.982906
MS-MARCO-RBAC,8000000,8000000,HoneyBee,bridge,0.1,8,0.0,0.024308,0.962971,0.981519
MS-MARCO-RBAC,8000000,8000000,HoneyBee,bridge,0.1,9,0.0,0.020276,0.95328,0.975855
MS-MARCO-RBAC,8000000,8000000,SPFresh,bridge,0.1,0,0.0,0.040721,0.955046,0.980049
MS-MARCO-RBAC,8000000,8000000,SPFresh,bridge,0.1,1,0.0,0.04687,0.95426,0.980611
MS-MARCO-RBAC,8000000,8000000,SPFresh,bridge,0.1,2,0.0,0.047194,0.95336,0.977455
MS-MARCO-RBAC,8000000,8000000,SPFresh,bridge,0.1,3,0.0,0.044552,0.949568,0.978162
MS-MARCO-RBAC,8000000,8000000,SPFresh,bridge,0.1,4,0.0,0.044743,0.954185,0.982431
MS-MARCO-RBAC,8000000,8000000,SPFresh,bridge,0.1,5,0.0,0.041394,0.953941,0.979888
MS-MARCO-RBAC,8000000,8000000,SPFresh,bridge,0.1,6,0.0,0.044286,0.953252,0.977574
MS-MARCO-RBAC,8000000,8000000,SPFresh,bridge,0.1,7,0.0,0.041945,0.951214,0.978357
MS-MARCO-RBAC,8000000,8000000,SPFresh,bridge,0.1,8,0.0,0.039887,0.949935,0.976231
MS-MARCO-RBAC,8000000,8000000,SPFresh,bridge,0.1,9,0.0,0.043487,0.950488,0.976026
MS-MARCO-RBAC,8000000,8000000,Oracle,bridge,0.1,0,0.0,0.0,0.97517,0.97517
MS-MARCO-RBAC,8000000,8000000,Oracle,bridge,0.1,1,0.0,0.0,0.973608,0.973608
MS-MARCO-RBAC,8000000,8000000,Oracle,bridge,0.1,2,0.0,0.0,0.978931,0.978931
MS-MARCO-RBAC,8000000,8000000,Oracle,bridge,0.1,3,0.0,0.0,0.978136,0.978136
MS-MARCO-RBAC,8000000,8000000,Oracle,bridge,0.1,4,0.0,0.0,0.978672,0.978672
MS-MARCO-RBAC,8000000,8000000,Oracle,bridge,0.1,5,0.0,0.0,0.981476,0.981476
MS-MARCO-RBAC,8000000,8000000,Oracle,bridge,0.1,6,0.0,0.0,0.979465,0.979465
MS-MARCO-RBAC,8000000,8000000,Oracle,bridge,0.1,7,0.0,0.0,0.9777,0.9777
MS-MARCO-RBAC,8000000,8000000,Oracle,bridge,0.1,8,0.0,0.0,0.978484,0.978484
MS-MARCO-RBAC,8000000,8000000,Oracle,bridge,0.1,9,0.0,0.0,0.977969,0.977969
MS-MARCO-RBAC,8000000,8000000,Tombstone,bridge,0.2,0,0.0,0.120368,0.943281,0.978833
MS-MARCO-RBAC,8000000,8000000,Tombstone,bridge,0.2,1,0.0,0.120255,0.940006,0.977043
MS-MARCO-RBAC,8000000,8000000,Tombstone,bridge,0.2,2,0.0,0.119527,0.939153,0.979052
MS-MARCO-RBAC,8000000,8000000,Tombstone,bridge,0.2,3,0.0,0.12833,0.940631,0.982312
MS-MARCO-RBAC,8000000,8000000,Tombstone,bridge,0.2,4,0.0,0.123307,0.938517,0.978879
MS-MARCO-RBAC,8000000,8000000,Tombstone,bridge,0.2,5,0.0,0.121756,0.935833,0.976519
MS-MARCO-RBAC,8000000,8000000,Tombstone,bridge,0.2,6,0.0,0.119813,0.94047,0.982126
MS-MARCO-RBAC,8000000,8000000,Tombstone,bridge,0.2,7,0.0,0.116623,0.937793,0.976917
MS-MARCO-RBAC,8000000,8000000,Tombstone,bridge,0.2,8,0.0,0.120589,0.93843,0.975899
MS-MARCO-RBAC,8000000,8000000,Tombstone,bridge,0.2,9,0.0,0.121187,0.9373,0.974758
MS-MARCO-RBAC,8000000,8000000,Post-filter,bridge,0.2,0,0.0,0.127476,0.93059,0.977304
MS-MARCO-RBAC,8000000,8000000,Post-filter,bridge,0.2,1,0.0,0.131173,0.930686,0.97811
MS-MARCO-RBAC,8000000,8000000,Post-filter,bridge,0.2,2,0.0,0.137545,0.935021,0.980127
MS-MARCO-RBAC,8000000,8000000,Post-filter,bridge,0.2,3,0.0,0.129236,0.931403,0.976585
MS-MARCO-RBAC,8000000,8000000,Post-filter,bridge,0.2,4,0.0,0.136822,0.93662,0.979163
MS-MARCO-RBAC,8000000,8000000,Post-filter,bridge,0.2,5,0.0,0.129286,0.934326,0.976831
MS-MARCO-RBAC,8000000,8000000,Post-filter,bridge,0.2,6,0.0,0.125189,0.933886,0.977867
MS-MARCO-RBAC,8000000,8000000,Post-filter,bridge,0.2,7,0.0,0.1293,0.935662,0.979518
MS-MARCO-RBAC,8000000,8000000,Post-filter,bridge,0.2,8,0.0,0.128688,0.936464,0.979785
MS-MARCO-RBAC,8000000,8000000,Post-filter,bridge,0.2,9,0.0,0.130356,0.929883,0.978609
MS-MARCO-RBAC,8000000,8000000,Lethe,bridge,0.2,0,0.0,0.00766,0.970063,0.975909
MS-MARCO-RBAC,8000000,8000000,Lethe,bridge,0.2,1,0.0,0.001928,0.970826,0.97715
MS-MARCO-RBAC,8000000,8000000,Lethe,bridge,0.2,2,0.0,0.00896,0.969673,0.97222
MS-MARCO-RBAC,8000000,8000000,Lethe,bridge,0.2,3,0.0,0.011086,0.971575,0.977127
MS-MARCO-RBAC,8000000,8000000,Lethe,bridge,0.2,4,0.0,0.010744,0.972899,0.977335
MS-MARCO-RBAC,8000000,8000000,Lethe,bridge,0.2,5,0.0,0.00819,0.968388,0.976689
MS-MARCO-RBAC,8000000,8000000,Lethe,bridge,0.2,6,0.0,0.000718,0.972823,0.977482
MS-MARCO-RBAC,8000000,8000000,Lethe,bridge,0.2,7,0.0,0.008416,0.974105,0.979072
MS-MARCO-RBAC,8000000,8000000,Lethe,bridge,0.2,8,0.0,0.005943,0.974613,0.978606
MS-MARCO-RBAC,8000000,8000000,Lethe,bridge,0.2,9,0.0,0.010542,0.970582,0.975653
MS-MARCO-RBAC,8000000,8000000,Lethe-no-bypass,bridge,0.2,0,0.0,0.040292,0.923519,0.978003
MS-MARCO-RBAC,8000000,8000000,Lethe-no-bypass,bridge,0.2,1,0.0,0.036482,0.923354,0.978976
MS-MARCO-RBAC,8000000,8000000,Lethe-no-bypass,bridge,0.2,2,0.0,0.046683,0.921082,0.978633
MS-MARCO-RBAC,8000000,8000000,Lethe-no-bypass,bridge,0.2,3,0.0,0.041867,0.925815,0.98062
MS-MARCO-RBAC,8000000,8000000,Lethe-no-bypass,bridge,0.2,4,0.0,0.038955,0.91775,0.975953
MS-MARCO-RBAC,8000000,8000000,Lethe-no-bypass,bridge,0.2,5,0.0,0.038442,0.924183,0.977588
MS-MARCO-RBAC,8000000,8000000,Lethe-no-bypass,bridge,0.2,6,0.0,0.036398,0.92584,0.979329
MS-MARCO-RBAC,8000000,8000000,Lethe-no-bypass,bridge,0.2,7,0.0,0.041063,0.922409,0.979906
MS-MARCO-RBAC,8000000,8000000,Lethe-no-bypass,bridge,0.2,8,0.0,0.044591,0.919245,0.976552
MS-MARCO-RBAC,8000000,8000000,Lethe-no-bypass,bridge,0.2,9,0.0,0.040696,0.923108,0.979504
MS-MARCO-RBAC,8000000,8000000,Lethe-no-revaware-traversal,bridge,0.2,0,0.0,0.114957,0.945367,0.974009
MS-MARCO-RBAC,8000000,8000000,Lethe-no-revaware-traversal,bridge,0.2,1,0.0,0.113335,0.955256,0.978091
MS-MARCO-RBAC,8000000,8000000,Lethe-no-revaware-traversal,bridge,0.2,2,0.0,0.108044,0.954705,0.975398
MS-MARCO-RBAC,8000000,8000000,Lethe-no-revaware-traversal,bridge,0.2,3,0.0,0.109365,0.951881,0.97994
MS-MARCO-RBAC,8000000,8000000,Lethe-no-revaware-traversal,bridge,0.2,4,0.0,0.108003,0.951356,0.979926
MS-MARCO-RBAC,8000000,8000000,Lethe-no-revaware-traversal,bridge,0.2,5,0.0,0.119549,0.947293,0.977124
MS-MARCO-RBAC,8000000,8000000,Lethe-no-revaware-traversal,bridge,0.2,6,0.0,0.116548,0.951738,0.97643
MS-MARCO-RBAC,8000000,8000000,Lethe-no-revaware-traversal,bridge,0.2,7,0.0,0.114981,0.94924,0.97805
MS-MARCO-RBAC,8000000,8000000,Lethe-no-revaware-traversal,bridge,0.2,8,0.0,0.112617,0.943756,0.975376
MS-MARCO-RBAC,8000000,8000000,Lethe-no-revaware-traversal,bridge,0.2,9,0.0,0.106769,0.949886,0.978298
MS-MARCO-RBAC,8000000,8000000,Physical-delete,bridge,0.2,0,0.0,0.027784,0.940004,0.977105
MS-MARCO-RBAC,8000000,8000000,Physical-delete,bridge,0.2,1,0.0,0.029459,0.945112,0.980422
MS-MARCO-RBAC,8000000,8000000,Physical-delete,bridge,0.2,2,0.0,0.030243,0.942682,0.979148
MS-MARCO-RBAC,8000000,8000000,Physical-delete,bridge,0.2,3,0.0,0.035048,0.944626,0.980668
MS-MARCO-RBAC,8000000,8000000,Physical-delete,bridge,0.2,4,0.0,0.031973,0.943394,0.977089
MS-MARCO-RBAC,8000000,8000000,Physical-delete,bridge,0.2,5,0.0,0.026051,0.946403,0.982235
MS-MARCO-RBAC,8000000,8000000,Physical-delete,bridge,0.2,6,0.0,0.021711,0.937954,0.975238
MS-MARCO-RBAC,8000000,8000000,Physical-delete,bridge,0.2,7,0.0,0.035882,0.938118,0.977934
MS-MARCO-RBAC,8000000,8000000,Physical-delete,bridge,0.2,8,0.0,0.031827,0.94024,0.978212
MS-MARCO-RBAC,8000000,8000000,Physical-delete,bridge,0.2,9,0.0,0.027635,0.941074,0.978918
MS-MARCO-RBAC,8000000,8000000,Periodic-rebuild,bridge,0.2,0,0.0,0.058852,0.957758,0.976132
MS-MARCO-RBAC,8000000,8000000,Periodic-rebuild,bridge,0.2,1,0.0,0.056206,0.960232,0.980074
MS-MARCO-RBAC,8000000,8000000,Periodic-rebuild,bridge,0.2,2,0.0,0.060757,0.959306,0.978505
MS-MARCO-RBAC,8000000,8000000,Periodic-rebuild,bridge,0.2,3,0.0,0.059522,0.956645,0.977008
MS-MARCO-RBAC,8000000,8000000,Periodic-rebuild,bridge,0.2,4,0.0,0.054256,0.961582,0.977053
MS-MARCO-RBAC,8000000,8000000,Periodic-rebuild,bridge,0.2,5,0.0,0.05377,0.959477,0.97639
MS-MARCO-RBAC,8000000,8000000,Periodic-rebuild,bridge,0.2,6,0.0,0.059089,0.960522,0.97898
MS-MARCO-RBAC,8000000,8000000,Periodic-rebuild,bridge,0.2,7,0.0,0.058588,0.961186,0.976755
MS-MARCO-RBAC,8000000,8000000,Periodic-rebuild,bridge,0.2,8,0.0,0.057296,0.956451,0.975213
MS-MARCO-RBAC,8000000,8000000,Periodic-rebuild,bridge,0.2,9,0.0,0.057601,0.957138,0.973617
MS-MARCO-RBAC,8000000,8000000,Per-role-index,bridge,0.2,0,0.0,0.007401,0.975621,0.979398
MS-MARCO-RBAC,8000000,8000000,Per-role-index,bridge,0.2,1,0.0,0.004775,0.978474,0.978407
MS-MARCO-RBAC,8000000,8000000,Per-role-index,bridge,0.2,2,0.0,0.0,0.973797,0.978451
MS-MARCO-RBAC,8000000,8000000,Per-role-index,bridge,0.2,3,0.0,0.007562,0.97326,0.977886
MS-MARCO-RBAC,8000000,8000000,Per-role-index,bridge,0.2,4,0.0,0.003098,0.974054,0.98091
MS-MARCO-RBAC,8000000,8000000,Per-role-index,bridge,0.2,5,0.0,0.001344,0.972897,0.978946
MS-MARCO-RBAC,8000000,8000000,Per-role-index,bridge,0.2,6,0.0,0.005877,0.975778,0.980164
MS-MARCO-RBAC,8000000,8000000,Per-role-index,bridge,0.2,7,0.0,0.006956,0.970712,0.975408
MS-MARCO-RBAC,8000000,8000000,Per-role-index,bridge,0.2,8,0.0,0.0,0.971112,0.978084
MS-MARCO-RBAC,8000000,8000000,Per-role-index,bridge,0.2,9,0.0,0.006873,0.979679,0.981571
MS-MARCO-RBAC,8000000,8000000,ACORN,bridge,0.2,0,0.0,0.046571,0.958281,0.979247
MS-MARCO-RBAC,8000000,8000000,ACORN,bridge,0.2,1,0.0,0.045397,0.952932,0.974507
MS-MARCO-RBAC,8000000,8000000,ACORN,bridge,0.2,2,0.0,0.05116,0.959897,0.977642
MS-MARCO-RBAC,8000000,8000000,ACORN,bridge,0.2,3,0.0,0.0517,0.953681,0.976579
MS-MARCO-RBAC,8000000,8000000,ACORN,bridge,0.2,4,0.0,0.053488,0.954233,0.975908
MS-MARCO-RBAC,8000000,8000000,ACORN,bridge,0.2,5,0.0,0.0447,0.956647,0.979432
MS-MARCO-RBAC,8000000,8000000,ACORN,bridge,0.2,6,0.0,0.049745,0.959534,0.979998
MS-MARCO-RBAC,8000000,8000000,ACORN,bridge,0.2,7,0.0,0.047371,0.950496,0.976052
MS-MARCO-RBAC,8000000,8000000,ACORN,bridge,0.2,8,0.0,0.050126,0.955193,0.976594
MS-MARCO-RBAC,8000000,8000000,ACORN,bridge,0.2,9,0.0,0.05068,0.958571,0.979932
MS-MARCO-RBAC,8000000,8000000,HoneyBee,bridge,0.2,0,0.0,0.046737,0.954494,0.974021
MS-MARCO-RBAC,8000000,8000000,HoneyBee,bridge,0.2,1,0.0,0.048632,0.959475,0.980785
MS-MARCO-RBAC,8000000,8000000,HoneyBee,bridge,0.2,2,0.0,0.043258,0.959717,0.978098
MS-MARCO-RBAC,8000000,8000000,HoneyBee,bridge,0.2,3,0.0,0.045718,0.95932,0.978214
MS-MARCO-RBAC,8000000,8000000,HoneyBee,bridge,0.2,4,0.0,0.041012,0.958946,0.976807
MS-MARCO-RBAC,8000000,8000000,HoneyBee,bridge,0.2,5,0.0,0.04104,0.96322,0.979463
MS-MARCO-RBAC,8000000,8000000,HoneyBee,bridge,0.2,6,0.0,0.041409,0.958622,0.975843
MS-MARCO-RBAC,8000000,8000000,HoneyBee,bridge,0.2,7,0.0,0.045624,0.961765,0.97695
MS-MARCO-RBAC,8000000,8000000,HoneyBee,bridge,0.2,8,0.0,0.041866,0.963709,0.9798
MS-MARCO-RBAC,8000000,8000000,HoneyBee,bridge,0.2,9,0.0,0.041828,0.963561,0.978827
MS-MARCO-RBAC,8000000,8000000,SPFresh,bridge,0.2,0,0.0,0.076818,0.946587,0.974209
MS-MARCO-RBAC,8000000,8000000,SPFresh,bridge,0.2,1,0.0,0.076204,0.948979,0.977016
MS-MARCO-RBAC,8000000,8000000,SPFresh,bridge,0.2,2,0.0,0.072874,0.948703,0.97564
MS-MARCO-RBAC,8000000,8000000,SPFresh,bridge,0.2,3,0.0,0.072941,0.951095,0.978145
MS-MARCO-RBAC,8000000,8000000,SPFresh,bridge,0.2,4,0.0,0.072431,0.952602,0.978389
MS-MARCO-RBAC,8000000,8000000,SPFresh,bridge,0.2,5,0.0,0.079462,0.948234,0.976297
MS-MARCO-RBAC,8000000,8000000,SPFresh,bridge,0.2,6,0.0,0.067358,0.948556,0.974958
MS-MARCO-RBAC,8000000,8000000,SPFresh,bridge,0.2,7,0.0,0.07447,0.950776,0.979322
MS-MARCO-RBAC,8000000,8000000,SPFresh,bridge,0.2,8,0.0,0.075384,0.949166,0.979053
MS-MARCO-RBAC,8000000,8000000,SPFresh,bridge,0.2,9,0.0,0.078588,0.952069,0.977357
MS-MARCO-RBAC,8000000,8000000,Oracle,bridge,0.2,0,0.0,0.0,0.977874,0.977874
MS-MARCO-RBAC,8000000,8000000,Oracle,bridge,0.2,1,0.0,0.0,0.979433,0.979433
MS-MARCO-RBAC,8000000,8000000,Oracle,bridge,0.2,2,0.0,0.0,0.976565,0.976565
MS-MARCO-RBAC,8000000,8000000,Oracle,bridge,0.2,3,0.0,0.0,0.978246,0.978246
MS-MARCO-RBAC,8000000,8000000,Oracle,bridge,0.2,4,0.0,0.0,0.978124,0.978124
MS-MARCO-RBAC,8000000,8000000,Oracle,bridge,0.2,5,0.0,0.0,0.975414,0.975414
MS-MARCO-RBAC,8000000,8000000,Oracle,bridge,0.2,6,0.0,0.0,0.979172,0.979172
MS-MARCO-RBAC,8000000,8000000,Oracle,bridge,0.2,7,0.0,0.0,0.978943,0.978943
MS-MARCO-RBAC,8000000,8000000,Oracle,bridge,0.2,8,0.0,0.0,0.978626,0.978626
MS-MARCO-RBAC,8000000,8000000,Oracle,bridge,0.2,9,0.0,0.0,0.978685,0.978685
MS-MARCO-RBAC,8000000,8000000,Tombstone,bridge,0.3,0,0.0,0.163522,0.93627,0.976563
MS-MARCO-RBAC,8000000,8000000,Tombstone,bridge,0.3,1,0.0,0.161489,0.934816,0.973014
MS-MARCO-RBAC,8000000,8000000,Tombstone,bridge,0.3,2,0.0,0.157329,0.934637,0.979045
MS-MARCO-RBAC,8000000,8000000,Tombstone,bridge,0.3,3,0.0,0.155528,0.934085,0.977568
MS-MARCO-RBAC,8000000,8000000,Tombstone,bridge,0.3,4,0.0,0.162893,0.936461,0.978451
MS-MARCO-RBAC,8000000,8000000,Tombstone,bridge,0.3,5,0.0,0.162392,0.938595,0.980701
MS-MARCO-RBAC,8000000,8000000,Tombstone,bridge,0.3,6,0.0,0.163766,0.933909,0.976943
MS-MARCO-RBAC,8000000,8000000,Tombstone,bridge,0.3,7,0.0,0.157545,0.935715,0.97666
MS-MARCO-RBAC,8000000,8000000,Tombstone,bridge,0.3,8,0.0,0.169152,0.937885,0.977283
MS-MARCO-RBAC,8000000,8000000,Tombstone,bridge,0.3,9,0.0,0.15977,0.942767,0.981156
MS-MARCO-RBAC,8000000,8000000,Post-filter,bridge,0.3,0,0.0,0.179308,0.93479,0.979377
MS-MARCO-RBAC,8000000,8000000,Post-filter,bridge,0.3,1,0.0,0.174725,0.934172,0.977843
MS-MARCO-RBAC,8000000,8000000,Post-filter,bridge,0.3,2,0.0,0.177723,0.930417,0.977549
MS-MARCO-RBAC,8000000,8000000,Post-filter,bridge,0.3,3,0.0,0.175324,0.93762,0.981968
MS-MARCO-RBAC,8000000,8000000,Post-filter,bridge,0.3,4,0.0,0.172558,0.933117,0.977257
MS-MARCO-RBAC,8000000,8000000,Post-filter,bridge,0.3,5,0.0,0.175532,0.935413,0.976403
MS-MARCO-RBAC,8000000,8000000,Post-filter,bridge,0.3,6,0.0,0.173037,0.935777,0.979999
MS-MARCO-RBAC,8000000,8000000,Post-filter,bridge,0.3,7,0.0,0.171588,0.931834,0.976846
MS-MARCO-RBAC,8000000,8000000,Post-filter,bridge,0.3,8,0.0,0.169237,0.933769,0.978207
MS-MARCO-RBAC,8000000,8000000,Post-filter,bridge,0.3,9,0.0,0.178859,0.928191,0.975021
MS-MARCO-RBAC,8000000,8000000,Lethe,bridge,0.3,0,0.0,0.006822,0.971456,0.978555
MS-MARCO-RBAC,8000000,8000000,Lethe,bridge,0.3,1,0.0,0.004752,0.973425,0.977595
MS-MARCO-RBAC,8000000,8000000,Lethe,bridge,0.3,2,0.0,0.003377,0.97424,0.97852
MS-MARCO-RBAC,8000000,8000000,Lethe,bridge,0.3,3,0.0,0.006784,0.972446,0.978377
MS-MARCO-RBAC,8000000,8000000,Lethe,bridge,0.3,4,0.0,0.008104,0.972849,0.978036
MS-MARCO-RBAC,8000000,8000000,Lethe,bridge,0.3,5,0.0,0.004945,0.973985,0.977555
MS-MARCO-RBAC,8000000,8000000,Lethe,bridge,0.3,6,0.0,0.012181,0.971542,0.976678
MS-MARCO-RBAC,8000000,8000000,Lethe,bridge,0.3,7,0.0,0.007579,0.968926,0.973938
MS-MARCO-RBAC,8000000,8000000,Lethe,bridge,0.3,8,0.0,0.005204,0.976902,0.98083
MS-MARCO-RBAC,8000000,8000000,Lethe,bridge,0.3,9,0.0,0.005574,0.973058,0.979473
MS-MARCO-RBAC,8000000,8000000,Lethe-no-bypass,bridge,0.3,0,0.0,0.05602,0.922553,0.979472
MS-MARCO-RBAC,8000000,8000000,Lethe-no-bypass,bridge,0.3,1,0.0,0.05589,0.922775,0.977044
MS-MARCO-RBAC,8000000,8000000,Lethe-no-bypass,bridge,0.3,2,0.0,0.062375,0.923376,0.978943
MS-MARCO-RBAC,8000000,8000000,Lethe-no-bypass,bridge,0.3,3,0.0,0.053553,0.920268,0.975041
MS-MARCO-RBAC,8000000,8000000,Lethe-no-bypass,bridge,0.3,4,0.0,0.05109,0.922855,0.978285
MS-MARCO-RBAC,8000000,8000000,Lethe-no-bypass,bridge,0.3,5,0.0,0.05528,0.921063,0.979017
MS-MARCO-RBAC,8000000,8000000,Lethe-no-bypass,bridge,0.3,6,0.0,0.054169,0.921949,0.978458
MS-MARCO-RBAC,8000000,8000000,Lethe-no-bypass,bridge,0.3,7,0.0,0.053224,0.922732,0.981301
MS-MARCO-RBAC,8000000,8000000,Lethe-no-bypass,bridge,0.3,8,0.0,0.053242,0.925159,0.980061
MS-MARCO-RBAC,8000000,8000000,Lethe-no-bypass,bridge,0.3,9,0.0,0.055535,0.92829,0.980444
MS-MARCO-RBAC,8000000,8000000,Lethe-no-revaware-traversal,bridge,0.3,0,0.0,0.156892,0.952523,0.979448
MS-MARCO-RBAC,8000000,8000000,Lethe-no-revaware-traversal,bridge,0.3,1,0.0,0.155201,0.946252,0.97463
MS-MARCO-RBAC,8000000,8000000,Lethe-no-revaware-traversal,bridge,0.3,2,0.0,0.15734,0.948824,0.977873
MS-MARCO-RBAC,8000000,8000000,Lethe-no-revaware-traversal,bridge,0.3,3,0.0,0.157259,0.949965,0.979055
MS-MARCO-RBAC,8000000,8000000,Lethe-no-revaware-traversal,bridge,0.3,4,0.0,0.154535,0.950313,0.979145
MS-MARCO-RBAC,8000000,8000000,Lethe-no-revaware-traversal,bridge,0.3,5,0.0,0.152179,0.951864,0.978904
MS-MARCO-RBAC,8000000,8000000,Lethe-no-revaware-traversal,bridge,0.3,6,0.0,0.155561,0.947498,0.975683
MS-MARCO-RBAC,8000000,8000000,Lethe-no-revaware-traversal,bridge,0.3,7,0.0,0.149714,0.955075,0.97956
MS-MARCO-RBAC,8000000,8000000,Lethe-no-revaware-traversal,bridge,0.3,8,0.0,0.154453,0.955417,0.980079
MS-MARCO-RBAC,8000000,8000000,Lethe-no-revaware-traversal,bridge,0.3,9,0.0,0.154115,0.948839,0.97568
MS-MARCO-RBAC,8000000,8000000,Physical-delete,bridge,0.3,0,0.0,0.04072,0.938238,0.977367
MS-MARCO-RBAC,8000000,8000000,Physical-delete,bridge,0.3,1,0.0,0.038072,0.939422,0.977577
MS-MARCO-RBAC,8000000,8000000,Physical-delete,bridge,0.3,2,0.0,0.040235,0.939306,0.979579
MS-MARCO-RBAC,8000000,8000000,Physical-delete,bridge,0.3,3,0.0,0.034274,0.937858,0.974473
MS-MARCO-RBAC,8000000,8000000,Physical-delete,bridge,0.3,4,0.0,0.041664,0.942478,0.977709
MS-MARCO-RBAC,8000000,8000000,Physical-delete,bridge,0.3,5,0.0,0.038843,0.945633,0.981287
MS-MARCO-RBAC,8000000,8000000,Physical-delete,bridge,0.3,6,0.0,0.039074,0.942853,0.980457
MS-MARCO-RBAC,8000000,8000000,Physical-delete,bridge,0.3,7,0.0,0.04093,0.939829,0.97916
MS-MARCO-RBAC,8000000,8000000,Physical-delete,bridge,0.3,8,0.0,0.033896,0.941013,0.977999
MS-MARCO-RBAC,8000000,8000000,Physical-delete,bridge,0.3,9,0.0,0.041253,0.945441,0.979589
MS-MARCO-RBAC,8000000,8000000,Periodic-rebuild,bridge,0.3,0,0.0,0.07633,0.959199,0.977303
MS-MARCO-RBAC,8000000,8000000,Periodic-rebuild,bridge,0.3,1,0.0,0.076905,0.956928,0.975148
MS-MARCO-RBAC,8000000,8000000,Periodic-rebuild,bridge,0.3,2,0.0,0.076363,0.962291,0.978107
MS-MARCO-RBAC,8000000,8000000,Periodic-rebuild,bridge,0.3,3,0.0,0.076437,0.964712,0.980895
MS-MARCO-RBAC,8000000,8000000,Periodic-rebuild,bridge,0.3,4,0.0,0.076501,0.962753,0.979693
MS-MARCO-RBAC,8000000,8000000,Periodic-rebuild,bridge,0.3,5,0.0,0.079034,0.959057,0.975495
MS-MARCO-RBAC,8000000,8000000,Periodic-rebuild,bridge,0.3,6,0.0,0.083672,0.96574,0.981104
MS-MARCO-RBAC,8000000,8000000,Periodic-rebuild,bridge,0.3,7,0.0,0.078803,0.960653,0.979221
MS-MARCO-RBAC,8000000,8000000,Periodic-rebuild,bridge,0.3,8,0.0,0.080727,0.959573,0.974804
MS-MARCO-RBAC,8000000,8000000,Periodic-rebuild,bridge,0.3,9,0.0,0.073168,0.959806,0.977246
MS-MARCO-RBAC,8000000,8000000,Per-role-index,bridge,0.3,0,0.0,0.003413,0.975032,0.978989
MS-MARCO-RBAC,8000000,8000000,Per-role-index,bridge,0.3,1,0.0,0.002673,0.971036,0.976936
MS-MARCO-RBAC,8000000,8000000,Per-role-index,bridge,0.3,2,0.0,0.007542,0.97399,0.977326
MS-MARCO-RBAC,8000000,8000000,Per-role-index,bridge,0.3,3,0.0,0.002695,0.979661,0.980353
MS-MARCO-RBAC,8000000,8000000,Per-role-index,bridge,0.3,4,0.0,0.007557,0.973013,0.979052
MS-MARCO-RBAC,8000000,8000000,Per-role-index,bridge,0.3,5,0.0,0.002133,0.972618,0.977966
MS-MARCO-RBAC,8000000,8000000,Per-role-index,bridge,0.3,6,0.0,0.002821,0.976518,0.981189
MS-MARCO-RBAC,8000000,8000000,Per-role-index,bridge,0.3,7,0.0,0.009354,0.97527,0.976918
MS-MARCO-RBAC,8000000,8000000,Per-role-index,bridge,0.3,8,0.0,0.007632,0.972302,0.975937
MS-MARCO-RBAC,8000000,8000000,Per-role-index,bridge,0.3,9,0.0,0.001189,0.969904,0.977775
MS-MARCO-RBAC,8000000,8000000,ACORN,bridge,0.3,0,0.0,0.067471,0.962929,0.979399
MS-MARCO-RBAC,8000000,8000000,ACORN,bridge,0.3,1,0.0,0.073617,0.956865,0.97837
MS-MARCO-RBAC,8000000,8000000,ACORN,bridge,0.3,2,0.0,0.072351,0.956861,0.976606
MS-MARCO-RBAC,8000000,8000000,ACORN,bridge,0.3,3,0.0,0.059337,0.960648,0.980163
MS-MARCO-RBAC,8000000,8000000,ACORN,bridge,0.3,4,0.0,0.068871,0.95785,0.978229
MS-MARCO-RBAC,8000000,8000000,ACORN,bridge,0.3,5,0.0,0.074146,0.955701,0.978181
MS-MARCO-RBAC,8000000,8000000,ACORN,bridge,0.3,6,0.0,0.06232,0.955889,0.977993
MS-MARCO-RBAC,8000000,8000000,ACORN,bridge,0.3,7,0.0,0.06369,0.961719,0.981319
MS-MARCO-RBAC,8000000,8000000,ACORN,bridge,0.3,8,0.0,0.070615,0.9617,0.982862
MS-MARCO-RBAC,8000000,8000000,ACORN,bridge,0.3,9,0.0,0.066048,0.958467,0.979796
MS-MARCO-RBAC,8000000,8000000,HoneyBee,bridge,0.3,0,0.0,0.061049,0.967048,0.980094
MS-MARCO-RBAC,8000000,8000000,HoneyBee,bridge,0.3,1,0.0,0.062032,0.960208,0.980048
MS-MARCO-RBAC,8000000,8000000,HoneyBee,bridge,0.3,2,0.0,0.054605,0.959768,0.978009
MS-MARCO-RBAC,8000000,8000000,HoneyBee,bridge,0.3,3,0.0,0.053128,0.961662,0.975912
MS-MARCO-RBAC,8000000,8000000,HoneyBee,bridge,0.3,4,0.0,0.061112,0.963096,0.980478
MS-MARCO-RBAC,8000000,8000000,HoneyBee,bridge,0.3,5,0.0,0.059436,0.96368,0.978233
MS-MARCO-RBAC,8000000,8000000,HoneyBee,bridge,0.3,6,0.0,0.056106,0.961967,0.981337
MS-MARCO-RBAC,8000000,8000000,HoneyBee,bridge,0.3,7,0.0,0.059657,0.956188,0.974632
MS-MARCO-RBAC,8000000,8000000,HoneyBee,bridge,0.3,8,0.0,0.05922,0.961987,0.980063
MS-MARCO-RBAC,8000000,8000000,HoneyBee,bridge,0.3,9,0.0,0.05425,0.955416,0.974686
MS-MARCO-RBAC,8000000,8000000,SPFresh,bridge,0.3,0,0.0,0.100041,0.949428,0.976747
MS-MARCO-RBAC,8000000,8000000,SPFresh,bridge,0.3,1,0.0,0.099254,0.949097,0.978657
MS-MARCO-RBAC,8000000,8000000,SPFresh,bridge,0.3,2,0.0,0.104871,0.953139,0.977588
MS-MARCO-RBAC,8000000,8000000,SPFresh,bridge,0.3,3,0.0,0.101724,0.954342,0.983875
MS-MARCO-RBAC,8000000,8000000,SPFresh,bridge,0.3,4,0.0,0.1025,0.948792,0.976479
MS-MARCO-RBAC,8000000,8000000,SPFresh,bridge,0.3,5,0.0,0.094371,0.949715,0.976812
MS-MARCO-RBAC,8000000,8000000,SPFresh,bridge,0.3,6,0.0,0.103445,0.948929,0.976878
MS-MARCO-RBAC,8000000,8000000,SPFresh,bridge,0.3,7,0.0,0.102349,0.95438,0.97974
MS-MARCO-RBAC,8000000,8000000,SPFresh,bridge,0.3,8,0.0,0.099848,0.949159,0.977242
MS-MARCO-RBAC,8000000,8000000,SPFresh,bridge,0.3,9,0.0,0.105264,0.945318,0.975852
MS-MARCO-RBAC,8000000,8000000,Oracle,bridge,0.3,0,0.0,0.0,0.979218,0.979218
MS-MARCO-RBAC,8000000,8000000,Oracle,bridge,0.3,1,0.0,0.0,0.975697,0.975697
MS-MARCO-RBAC,8000000,8000000,Oracle,bridge,0.3,2,0.0,0.0,0.97764,0.97764
MS-MARCO-RBAC,8000000,8000000,Oracle,bridge,0.3,3,0.0,0.0,0.9778,0.9778
MS-MARCO-RBAC,8000000,8000000,Oracle,bridge,0.3,4,0.0,0.0,0.979028,0.979028
MS-MARCO-RBAC,8000000,8000000,Oracle,bridge,0.3,5,0.0,0.0,0.979212,0.979212
MS-MARCO-RBAC,8000000,8000000,Oracle,bridge,0.3,6,0.0,0.0,0.979756,0.979756
MS-MARCO-RBAC,8000000,8000000,Oracle,bridge,0.3,7,0.0,0.0,0.977624,0.977624
MS-MARCO-RBAC,8000000,8000000,Oracle,bridge,0.3,8,0.0,0.0,0.979882,0.979882
MS-MARCO-RBAC,8000000,8000000,Oracle,bridge,0.3,9,0.0,0.0,0.979644,0.979644
MS-MARCO-RBAC,8000000,8000000,Tombstone,bridge,0.4,0,0.0,0.209057,0.939308,0.977284
MS-MARCO-RBAC,8000000,8000000,Tombstone,bridge,0.4,1,0.0,0.201217,0.936053,0.978222
MS-MARCO-RBAC,8000000,8000000,Tombstone,bridge,0.4,2,0.0,0.199827,0.941393,0.977923
MS-MARCO-RBAC,8000000,8000000,Tombstone,bridge,0.4,3,0.0,0.206289,0.935813,0.976429
MS-MARCO-RBAC,8000000,8000000,Tombstone,bridge,0.4,4,0.0,0.202352,0.935276,0.973366
MS-MARCO-RBAC,8000000,8000000,Tombstone,bridge,0.4,5,0.0,0.206963,0.934812,0.97567
MS-MARCO-RBAC,8000000,8000000,Tombstone,bridge,0.4,6,0.0,0.207969,0.939297,0.978375
MS-MARCO-RBAC,8000000,8000000,Tombstone,bridge,0.4,7,0.0,0.19867,0.942411,0.979082
MS-MARCO-RBAC,8000000,8000000,Tombstone,bridge,0.4,8,0.0,0.20475,0.934337,0.977476
MS-MARCO-RBAC,8000000,8000000,Tombstone,bridge,0.4,9,0.0,0.20529,0.94043,0.977939
MS-MARCO-RBAC,8000000,8000000,Post-filter,bridge,0.4,0,0.0,0.223659,0.935185,0.980204
MS-MARCO-RBAC,8000000,8000000,Post-filter,bridge,0.4,1,0.0,0.217349,0.933166,0.977091
MS-MARCO-RBAC,8000000,8000000,Post-filter,bridge,0.4,2,0.0,0.219054,0.936665,0.978059
MS-MARCO-RBAC,8000000,8000000,Post-filter,bridge,0.4,3,0.0,0.221925,0.934208,0.980911
MS-MARCO-RBAC,8000000,8000000,Post-filter,bridge,0.4,4,0.0,0.22202,0.9302,0.976803
MS-MARCO-RBAC,8000000,8000000,Post-filter,bridge,0.4,5,0.0,0.223793,0.932027,0.977027
MS-MARCO-RBAC,8000000,8000000,Post-filter,bridge,0.4,6,0.0,0.225909,0.928184,0.977845
MS-MARCO-RBAC,8000000,8000000,Post-filter,bridge,0.4,7,0.0,0.22743,0.928876,0.976677
MS-MARCO-RBAC,8000000,8000000,Post-filter,bridge,0.4,8,0.0,0.225135,0.93721,0.980011
MS-MARCO-RBAC,8000000,8000000,Post-filter,bridge,0.4,9,0.0,0.226968,0.932178,0.976396
MS-MARCO-RBAC,8000000,8000000,Lethe,bridge,0.4,0,0.0,0.005891,0.974662,0.978995
MS-MARCO-RBAC,8000000,8000000,Lethe,bridge,0.4,1,0.0,0.009681,0.971102,0.975034
MS-MARCO-RBAC,8000000,8000000,Lethe,bridge,0.4,2,0.0,0.015731,0.965407,0.971798
MS-MARCO-RBAC,8000000,8000000,Lethe,bridge,0.4,3,0.0,0.00949,0.974208,0.980528
MS-MARCO-RBAC,8000000,8000000,Lethe,bridge,0.4,4,0.0,0.008338,0.971495,0.976249
MS-MARCO-RBAC,8000000,8000000,Lethe,bridge,0.4,5,0.0,0.010375,0.972731,0.979455
MS-MARCO-RBAC,8000000,8000000,Lethe,bridge,0.4,6,0.0,0.00891,0.971206,0.976589
MS-MARCO-RBAC,8000000,8000000,Lethe,bridge,0.4,7,0.0,0.007751,0.977235,0.979357
MS-MARCO-RBAC,8000000,8000000,Lethe,bridge,0.4,8,0.0,0.011304,0.971043,0.977114
MS-MARCO-RBAC,8000000,8000000,Lethe,bridge,0.4,9,0.0,0.010267,0.972607,0.976321
MS-MARCO-RBAC,8000000,8000000,Lethe-no-bypass,bridge,0.4,0,0.0,0.069143,0.920048,0.97758
MS-MARCO-RBAC,8000000,8000000,Lethe-no-bypass,bridge,0.4,1,0.0,0.07214,0.923007,0.979885
MS-MARCO-RBAC,8000000,8000000,Lethe-no-bypass,bridge,0.4,2,0.0,0.068603,0.925943,0.980231
MS-MARCO-RBAC,8000000,8000000,Lethe-no-bypass,bridge,0.4,3,0.0,0.068899,0.92551,0.978609
MS-MARCO-RBAC,8000000,8000000,Lethe-no-bypass,bridge,0.4,4,0.0,0.069846,0.921394,0.979219
MS-MARCO-RBAC,8000000,8000000,Lethe-no-bypass,bridge,0.4,5,0.0,0.070028,0.922351,0.978272
MS-MARCO-RBAC,8000000,8000000,Lethe-no-bypass,bridge,0.4,6,0.0,0.066395,0.921817,0.978803
MS-MARCO-RBAC,8000000,8000000,Lethe-no-bypass,bridge,0.4,7,0.0,0.070488,0.921681,0.977177
MS-MARCO-RBAC,8000000,8000000,Lethe-no-bypass,bridge,0.4,8,0.0,0.065464,0.923062,0.978176
MS-MARCO-RBAC,8000000,8000000,Lethe-no-bypass,bridge,0.4,9,0.0,0.070532,0.917722,0.974521
MS-MARCO-RBAC,8000000,8000000,Lethe-no-revaware-traversal,bridge,0.4,0,0.0,0.188721,0.951046,0.978503
MS-MARCO-RBAC,8000000,8000000,Lethe-no-revaware-traversal,bridge,0.4,1,0.0,0.184201,0.95242,0.979739
MS-MARCO-RBAC,8000000,8000000,Lethe-no-revaware-traversal,bridge,0.4,2,0.0,0.197494,0.944796,0.977537
MS-MARCO-RBAC,8000000,8000000,Lethe-no-revaware-traversal,bridge,0.4,3,0.0,0.185417,0.949501,0.979859
MS-MARCO-RBAC,8000000,8000000,Lethe-no-revaware-traversal,bridge,0.4,4,0.0,0.195264,0.949699,0.976951
MS-MARCO-RBAC,8000000,8000000,Lethe-no-revaware-traversal,bridge,0.4,5,0.0,0.191628,0.947389,0.97216
MS-MARCO-RBAC,8000000,8000000,Lethe-no-revaware-traversal,bridge,0.4,6,0.0,0.192697,0.951873,0.978982
MS-MARCO-RBAC,8000000,8000000,Lethe-no-revaware-traversal,bridge,0.4,7,0.0,0.193233,0.948457,0.978017
MS-MARCO-RBAC,8000000,8000000,Lethe-no-revaware-traversal,bridge,0.4,8,0.0,0.189742,0.949649,0.978438
MS-MARCO-RBAC,8000000,8000000,Lethe-no-revaware-traversal,bridge,0.4,9,0.0,0.187061,0.9515,0.980662
MS-MARCO-RBAC,8000000,8000000,Physical-delete,bridge,0.4,0,0.0,0.052725,0.943653,0.979543
MS-MARCO-RBAC,8000000,8000000,Physical-delete,bridge,0.4,1,0.0,0.046529,0.945327,0.979989
MS-MARCO-RBAC,8000000,8000000,Physical-delete,bridge,0.4,2,0.0,0.046755,0.940113,0.971046
MS-MARCO-RBAC,8000000,8000000,Physical-delete,bridge,0.4,3,0.0,0.047404,0.944254,0.977574
MS-MARCO-RBAC,8000000,8000000,Physical-delete,bridge,0.4,4,0.0,0.04925,0.948998,0.981761
MS-MARCO-RBAC,8000000,8000000,Physical-delete,bridge,0.4,5,0.0,0.052746,0.941179,0.977707
MS-MARCO-RBAC,8000000,8000000,Physical-delete,bridge,0.4,6,0.0,0.050672,0.940385,0.978313
MS-MARCO-RBAC,8000000,8000000,Physical-delete,bridge,0.4,7,0.0,0.050416,0.941093,0.97576
MS-MARCO-RBAC,8000000,8000000,Physical-delete,bridge,0.4,8,0.0,0.049394,0.943318,0.979723
MS-MARCO-RBAC,8000000,8000000,Physical-delete,bridge,0.4,9,0.0,0.046123,0.936423,0.974513
MS-MARCO-RBAC,8000000,8000000,Periodic-rebuild,bridge,0.4,0,0.0,0.094392,0.959811,0.977709
MS-MARCO-RBAC,8000000,8000000,Periodic-rebuild,bridge,0.4,1,0.0,0.098049,0.956815,0.975831
MS-MARCO-RBAC,8000000,8000000,Periodic-rebuild,bridge,0.4,2,0.0,0.098274,0.961029,0.97976
MS-MARCO-RBAC,8000000,8000000,Periodic-rebuild,bridge,0.4,3,0.0,0.098815,0.956644,0.975184
MS-MARCO-RBAC,8000000,8000000,Periodic-rebuild,bridge,0.4,4,0.0,0.097313,0.960458,0.979804
MS-MARCO-RBAC,8000000,8000000,Periodic-rebuild,bridge,0.4,5,0.0,0.095933,0.960877,0.977374
MS-MARCO-RBAC,8000000,8000000,Periodic-rebuild,bridge,0.4,6,0.0,0.094209,0.958621,0.979408
MS-MARCO-RBAC,8000000,8000000,Periodic-rebuild,bridge,0.4,7,0.0,0.105291,0.955234,0.974806
MS-MARCO-RBAC,8000000,8000000,Periodic-rebuild,bridge,0.4,8,0.0,0.099152,0.960562,0.979894
MS-MARCO-RBAC,8000000,8000000,Periodic-rebuild,bridge,0.4,9,0.0,0.095642,0.959641,0.976547
MS-MARCO-RBAC,8000000,8000000,Per-role-index,bridge,0.4,0,0.0,0.009925,0.972252,0.975269
MS-MARCO-RBAC,8000000,8000000,Per-role-index,bridge,0.4,1,0.0,0.006783,0.982144,0.981077
MS-MARCO-RBAC,8000000,8000000,Per-role-index,bridge,0.4,2,0.0,0.005934,0.973072,0.97593
MS-MARCO-RBAC,8000000,8000000,Per-role-index,bridge,0.4,3,0.0,0.012513,0.975543,0.979574
MS-MARCO-RBAC,8000000,8000000,Per-role-index,bridge,0.4,4,0.0,0.005267,0.970345,0.976727
MS-MARCO-RBAC,8000000,8000000,Per-role-index,bridge,0.4,5,0.0,0.003943,0.976461,0.978129
MS-MARCO-RBAC,8000000,8000000,Per-role-index,bridge,0.4,6,0.0,0.00999,0.970414,0.97629
MS-MARCO-RBAC,8000000,8000000,Per-role-index,bridge,0.4,7,0.0,0.009779,0.975349,0.978709
MS-MARCO-RBAC,8000000,8000000,Per-role-index,bridge,0.4,8,0.0,0.012543,0.972264,0.976092
MS-MARCO-RBAC,8000000,8000000,Per-role-index,bridge,0.4,9,0.0,0.007092,0.972951,0.976291
MS-MARCO-RBAC,8000000,8000000,ACORN,bridge,0.4,0,0.0,0.089802,0.957498,0.978949
MS-MARCO-RBAC,8000000,8000000,ACORN,bridge,0.4,1,0.0,0.0876,0.956671,0.977323
MS-MARCO-RBAC,8000000,8000000,ACORN,bridge,0.4,2,0.0,0.080627,0.96155,0.979763
MS-MARCO-RBAC,8000000,8000000,ACORN,bridge,0.4,3,0.0,0.084359,0.959396,0.979472
MS-MARCO-RBAC,8000000,8000000,ACORN,bridge,0.4,4,0.0,0.0981,0.955989,0.979707
MS-MARCO-RBAC,8000000,8000000,ACORN,bridge,0.4,5,0.0,0.09125,0.958386,0.977683
MS-MARCO-RBAC,8000000,8000000,ACORN,bridge,0.4,6,0.0,0.091262,0.956231,0.976771
MS-MARCO-RBAC,8000000,8000000,ACORN,bridge,0.4,7,0.0,0.087302,0.961215,0.981721
MS-MARCO-RBAC,8000000,8000000,ACORN,bridge,0.4,8,0.0,0.088239,0.957682,0.978486
MS-MARCO-RBAC,8000000,8000000,ACORN,bridge,0.4,9,0.0,0.081875,0.959286,0.978683
MS-MARCO-RBAC,8000000,8000000,HoneyBee,bridge,0.4,0,0.0,0.075833,0.96229,0.979722
MS-MARCO-RBAC,8000000,8000000,HoneyBee,bridge,0.4,1,0.0,0.073542,0.961131,0.978147
MS-MARCO-RBAC,8000000,8000000,HoneyBee,bridge,0.4,2,0.0,0.077862,0.962401,0.979142
MS-MARCO-RBAC,8000000,8000000,HoneyBee,bridge,0.4,3,0.0,0.075657,0.959301,0.977295
MS-MARCO-RBAC,8000000,8000000,HoneyBee,bridge,0.4,4,0.0,0.074048,0.957344,0.977912
MS-MARCO-RBAC,8000000,8000000,HoneyBee,bridge,0.4,5,0.0,0.069411,0.963986,0.979656
MS-MARCO-RBAC,8000000,8000000,HoneyBee,bridge,0.4,6,0.0,0.069314,0.961725,0.98023
MS-MARCO-RBAC,8000000,8000000,HoneyBee,bridge,0.4,7,0.0,0.073212,0.963542,0.978871
MS-MARCO-RBAC,8000000,8000000,HoneyBee,bridge,0.4,8,0.0,0.072523,0.956069,0.976821
MS-MARCO-RBAC,8000000,8000000,HoneyBee,bridge,0.4,9,0.0,0.069225,0.960368,0.977234
MS-MARCO-RBAC,8000000,8000000,SPFresh,bridge,0.4,0,0.0,0.124603,0.952438,0.978465
MS-MARCO-RBAC,8000000,8000000,SPFresh,bridge,0.4,1,0.0,0.119621,0.951122,0.976975
MS-MARCO-RBAC,8000000,8000000,SPFresh,bridge,0.4,2,0.0,0.130131,0.944386,0.975223
MS-MARCO-RBAC,8000000,8000000,SPFresh,bridge,0.4,3,0.0,0.129381,0.953043,0.978754
MS-MARCO-RBAC,8000000,8000000,SPFresh,bridge,0.4,4,0.0,0.127019,0.94908,0.975426
MS-MARCO-RBAC,8000000,8000000,SPFresh,bridge,0.4,5,0.0,0.129259,0.95241,0.979886
MS-MARCO-RBAC,8000000,8000000,SPFresh,bridge,0.4,6,0.0,0.130044,0.948576,0.977937
MS-MARCO-RBAC,8000000,8000000,SPFresh,bridge,0.4,7,0.0,0.129129,0.953377,0.981197
MS-MARCO-RBAC,8000000,8000000,SPFresh,bridge,0.4,8,0.0,0.13143,0.951622,0.9762
MS-MARCO-RBAC,8000000,8000000,SPFresh,bridge,0.4,9,0.0,0.122054,0.949838,0.976891
MS-MARCO-RBAC,8000000,8000000,Oracle,bridge,0.4,0,0.0,0.0,0.97796,0.97796
MS-MARCO-RBAC,8000000,8000000,Oracle,bridge,0.4,1,0.0,0.0,0.978454,0.978454
MS-MARCO-RBAC,8000000,8000000,Oracle,bridge,0.4,2,0.0,0.0,0.975155,0.975155
MS-MARCO-RBAC,8000000,8000000,Oracle,bridge,0.4,3,0.0,0.0,0.980804,0.980804
MS-MARCO-RBAC,8000000,8000000,Oracle,bridge,0.4,4,0.0,0.0,0.979069,0.979069
MS-MARCO-RBAC,8000000,8000000,Oracle,bridge,0.4,5,0.0,0.0,0.979695,0.979695
MS-MARCO-RBAC,8000000,8000000,Oracle,bridge,0.4,6,0.0,0.0,0.975883,0.975883
MS-MARCO-RBAC,8000000,8000000,Oracle,bridge,0.4,7,0.0,0.0,0.979001,0.979001
MS-MARCO-RBAC,8000000,8000000,Oracle,bridge,0.4,8,0.0,0.0,0.976315,0.976315
MS-MARCO-RBAC,8000000,8000000,Oracle,bridge,0.4,9,0.0,0.0,0.978373,0.978373
MS-MARCO-RBAC,8000000,8000000,Tombstone,bridge,0.5,0,0.0,0.247276,0.938725,0.977892
MS-MARCO-RBAC,8000000,8000000,Tombstone,bridge,0.5,1,0.0,0.241474,0.936892,0.978059
MS-MARCO-RBAC,8000000,8000000,Tombstone,bridge,0.5,2,0.0,0.243599,0.937262,0.978855
MS-MARCO-RBAC,8000000,8000000,Tombstone,bridge,0.5,3,0.0,0.250568,0.936448,0.97723
MS-MARCO-RBAC,8000000,8000000,Tombstone,bridge,0.5,4,0.0,0.247881,0.9403,0.977596
MS-MARCO-RBAC,8000000,8000000,Tombstone,bridge,0.5,5,0.0,0.243655,0.936379,0.975138
MS-MARCO-RBAC,8000000,8000000,Tombstone,bridge,0.5,6,0.0,0.2467,0.941741,0.980058
MS-MARCO-RBAC,8000000,8000000,Tombstone,bridge,0.5,7,0.0,0.242603,0.935733,0.978845
MS-MARCO-RBAC,8000000,8000000,Tombstone,bridge,0.5,8,0.0,0.245253,0.932559,0.975229
MS-MARCO-RBAC,8000000,8000000,Tombstone,bridge,0.5,9,0.0,0.242193,0.94045,0.979006
MS-MARCO-RBAC,8000000,8000000,Post-filter,bridge,0.5,0,0.0,0.270291,0.9324,0.977355
MS-MARCO-RBAC,8000000,8000000,Post-filter,bridge,0.5,1,0.0,0.265189,0.926384,0.974459
MS-MARCO-RBAC,8000000,8000000,Post-filter,bridge,0.5,2,0.0,0.262514,0.930724,0.977275
MS-MARCO-RBAC,8000000,8000000,Post-filter,bridge,0.5,3,0.0,0.254411,0.928829,0.977541
MS-MARCO-RBAC,8000000,8000000,Post-filter,bridge,0.5,4,0.0,0.265468,0.93179,0.978798
MS-MARCO-RBAC,8000000,8000000,Post-filter,bridge,0.5,5,0.0,0.265513,0.929236,0.974653
MS-MARCO-RBAC,8000000,8000000,Post-filter,bridge,0.5,6,0.0,0.26629,0.932649,0.978752
MS-MARCO-RBAC,8000000,8000000,Post-filter,bridge,0.5,7,0.0,0.261984,0.93449,0.977861
MS-MARCO-RBAC,8000000,8000000,Post-filter,bridge,0.5,8,0.0,0.262538,0.92978,0.977307
MS-MARCO-RBAC,8000000,8000000,Post-filter,bridge,0.5,9,0.0,0.269215,0.935879,0.978742
MS-MARCO-RBAC,8000000,8000000,Lethe,bridge,0.5,0,0.0,0.009961,0.977446,0.979509
MS-MARCO-RBAC,8000000,8000000,Lethe,bridge,0.5,1,0.0,0.013938,0.970534,0.972827
MS-MARCO-RBAC,8000000,8000000,Lethe,bridge,0.5,2,0.0,0.009009,0.975246,0.978489
MS-MARCO-RBAC,8000000,8000000,Lethe,bridge,0.5,3,0.0,0.007581,0.972997,0.977481
MS-MARCO-RBAC,8000000,8000000,Lethe,bridge,0.5,4,0.0,0.017106,0.977541,0.980612
MS-MARCO-RBAC,8000000,8000000,Lethe,bridge,0.5,5,0.0,0.00725,0.973806,0.979715
MS-MARCO-RBAC,8000000,8000000,Lethe,bridge,0.5,6,0.0,0.002166,0.97493,0.978846
MS-MARCO-RBAC,8000000,8000000,Lethe,bridge,0.5,7,0.0,0.010208,0.966999,0.974942
MS-MARCO-RBAC,8000000,8000000,Lethe,bridge,0.5,8,0.0,0.013062,0.979748,0.982412
MS-MARCO-RBAC,8000000,8000000,Lethe,bridge,0.5,9,0.0,0.016527,0.971491,0.976789
MS-MARCO-RBAC,8000000,8000000,Lethe-no-bypass,bridge,0.5,0,0.0,0.081282,0.920738,0.976532
MS-MARCO-RBAC,8000000,8000000,Lethe-no-bypass,bridge,0.5,1,0.0,0.077549,0.918896,0.97549
MS-MARCO-RBAC,8000000,8000000,Lethe-no-bypass,bridge,0.5,2,0.0,0.085481,0.922061,0.979318
MS-MARCO-RBAC,8000000,8000000,Lethe-no-bypass,bridge,0.5,3,0.0,0.084141,0.920809,0.977471
MS-MARCO-RBAC,8000000,8000000,Lethe-no-bypass,bridge,0.5,4,0.0,0.078461,0.92399,0.977689
MS-MARCO-RBAC,8000000,8000000,Lethe-no-bypass,bridge,0.5,5,0.0,0.08159,0.926891,0.981798
MS-MARCO-RBAC,8000000,8000000,Lethe-no-bypass,bridge,0.5,6,0.0,0.082975,0.923369,0.979173
MS-MARCO-RBAC,8000000,8000000,Lethe-no-bypass,bridge,0.5,7,0.0,0.078049,0.921023,0.977676
MS-MARCO-RBAC,8000000,8000000,Lethe-no-bypass,bridge,0.5,8,0.0,0.085179,0.923668,0.979245
MS-MARCO-RBAC,8000000,8000000,Lethe-no-bypass,bridge,0.5,9,0.0,0.08614,0.922865,0.975521
MS-MARCO-RBAC,8000000,8000000,Lethe-no-revaware-traversal,bridge,0.5,0,0.0,0.230343,0.952644,0.978789
MS-MARCO-RBAC,8000000,8000000,Lethe-no-revaware-traversal,bridge,0.5,1,0.0,0.228205,0.951974,0.978702
MS-MARCO-RBAC,8000000,8000000,Lethe-no-revaware-traversal,bridge,0.5,2,0.0,0.230862,0.949059,0.977892
MS-MARCO-RBAC,8000000,8000000,Lethe-no-revaware-traversal,bridge,0.5,3,0.0,0.226246,0.948253,0.978535
MS-MARCO-RBAC,8000000,8000000,Lethe-no-revaware-traversal,bridge,0.5,4,0.0,0.224531,0.949543,0.980141
MS-MARCO-RBAC,8000000,8000000,Lethe-no-revaware-traversal,bridge,0.5,5,0.0,0.227187,0.950804,0.979267
MS-MARCO-RBAC,8000000,8000000,Lethe-no-revaware-traversal,bridge,0.5,6,0.0,0.228241,0.953049,0.980729
MS-MARCO-RBAC,8000000,8000000,Lethe-no-revaware-traversal,bridge,0.5,7,0.0,0.229036,0.948541,0.977031
MS-MARCO-RBAC,8000000,8000000,Lethe-no-revaware-traversal,bridge,0.5,8,0.0,0.230493,0.952277,0.97992
MS-MARCO-RBAC,8000000,8000000,Lethe-no-revaware-traversal,bridge,0.5,9,0.0,0.227409,0.952508,0.98052
MS-MARCO-RBAC,8000000,8000000,Physical-delete,bridge,0.5,0,0.0,0.062608,0.942184,0.979359
MS-MARCO-RBAC,8000000,8000000,Physical-delete,bridge,0.5,1,0.0,0.056572,0.942677,0.976675
MS-MARCO-RBAC,8000000,8000000,Physical-delete,bridge,0.5,2,0.0,0.056208,0.941412,0.979243
MS-MARCO-RBAC,8000000,8000000,Physical-delete,bridge,0.5,3,0.0,0.059757,0.942852,0.982299
MS-MARCO-RBAC,8000000,8000000,Physical-delete,bridge,0.5,4,0.0,0.057375,0.94339,0.978172
MS-MARCO-RBAC,8000000,8000000,Physical-delete,bridge,0.5,5,0.0,0.054585,0.943236,0.97944
MS-MARCO-RBAC,8000000,8000000,Physical-delete,bridge,0.5,6,0.0,0.06071,0.944471,0.979844
MS-MARCO-RBAC,8000000,8000000,Physical-delete,bridge,0.5,7,0.0,0.062981,0.944604,0.979793
MS-MARCO-RBAC,8000000,8000000,Physical-delete,bridge,0.5,8,0.0,0.056395,0.94025,0.977845
MS-MARCO-RBAC,8000000,8000000,Physical-delete,bridge,0.5,9,0.0,0.062532,0.944395,0.979578
MS-MARCO-RBAC,8000000,8000000,Periodic-rebuild,bridge,0.5,0,0.0,0.115242,0.958944,0.976352
MS-MARCO-RBAC,8000000,8000000,Periodic-rebuild,bridge,0.5,1,0.0,0.113692,0.957847,0.977486
MS-MARCO-RBAC,8000000,8000000,Periodic-rebuild,bridge,0.5,2,0.0,0.124812,0.960325,0.978467
MS-MARCO-RBAC,8000000,8000000,Periodic-rebuild,bridge,0.5,3,0.0,0.112019,0.960247,0.978824
MS-MARCO-RBAC,8000000,8000000,Periodic-rebuild,bridge,0.5,4,0.0,0.112612,0.956246,0.977316
MS-MARCO-RBAC,8000000,8000000,Periodic-rebuild,bridge,0.5,5,0.0,0.112008,0.960084,0.980989
MS-MARCO-RBAC,8000000,8000000,Periodic-rebuild,bridge,0.5,6,0.0,0.115041,0.960211,0.979436
MS-MARCO-RBAC,8000000,8000000,Periodic-rebuild,bridge,0.5,7,0.0,0.11293,0.959912,0.97888
MS-MARCO-RBAC,8000000,8000000,Periodic-rebuild,bridge,0.5,8,0.0,0.114694,0.960113,0.978345
MS-MARCO-RBAC,8000000,8000000,Periodic-rebuild,bridge,0.5,9,0.0,0.11796,0.960439,0.977888
MS-MARCO-RBAC,8000000,8000000,Per-role-index,bridge,0.5,0,0.0,0.009896,0.969226,0.977408
MS-MARCO-RBAC,8000000,8000000,Per-role-index,bridge,0.5,1,0.0,0.010486,0.977275,0.979541
MS-MARCO-RBAC,8000000,8000000,Per-role-index,bridge,0.5,2,0.0,0.008546,0.97346,0.97681
MS-MARCO-RBAC,8000000,8000000,Per-role-index,bridge,0.5,3,0.0,0.009936,0.972278,0.977308
MS-MARCO-RBAC,8000000,8000000,Per-role-index,bridge,0.5,4,0.0,0.001496,0.971156,0.978798
MS-MARCO-RBAC,8000000,8000000,Per-role-index,bridge,0.5,5,0.0,0.006257,0.973793,0.977067
MS-MARCO-RBAC,8000000,8000000,Per-role-index,bridge,0.5,6,0.0,0.011416,0.976613,0.978994
MS-MARCO-RBAC,8000000,8000000,Per-role-index,bridge,0.5,7,0.0,0.013305,0.973732,0.978237
MS-MARCO-RBAC,8000000,8000000,Per-role-index,bridge,0.5,8,0.0,0.005832,0.970797,0.977017
MS-MARCO-RBAC,8000000,8000000,Per-role-index,bridge,0.5,9,0.0,0.01047,0.975887,0.977938
MS-MARCO-RBAC,8000000,8000000,ACORN,bridge,0.5,0,0.0,0.097241,0.959922,0.981231
MS-MARCO-RBAC,8000000,8000000,ACORN,bridge,0.5,1,0.0,0.106126,0.959862,0.980812
MS-MARCO-RBAC,8000000,8000000,ACORN,bridge,0.5,2,0.0,0.104359,0.959196,0.980784
MS-MARCO-RBAC,8000000,8000000,ACORN,bridge,0.5,3,0.0,0.101744,0.955437,0.977909
MS-MARCO-RBAC,8000000,8000000,ACORN,bridge,0.5,4,0.0,0.104252,0.960325,0.980876
MS-MARCO-RBAC,8000000,8000000,ACORN,bridge,0.5,5,0.0,0.105501,0.958516,0.978833
MS-MARCO-RBAC,8000000,8000000,ACORN,bridge,0.5,6,0.0,0.103739,0.95663,0.977827
MS-MARCO-RBAC,8000000,8000000,ACORN,bridge,0.5,7,0.0,0.106576,0.95444,0.976542
MS-MARCO-RBAC,8000000,8000000,ACORN,bridge,0.5,8,0.0,0.099877,0.958172,0.976712
MS-MARCO-RBAC,8000000,8000000,ACORN,bridge,0.5,9,0.0,0.106004,0.958599,0.980333
MS-MARCO-RBAC,8000000,8000000,HoneyBee,bridge,0.5,0,0.0,0.080737,0.962865,0.980685
MS-MARCO-RBAC,8000000,8000000,HoneyBee,bridge,0.5,1,0.0,0.083985,0.958436,0.978554
MS-MARCO-RBAC,8000000,8000000,HoneyBee,bridge,0.5,2,0.0,0.086353,0.95336,0.977749
MS-MARCO-RBAC,8000000,8000000,HoneyBee,bridge,0.5,3,0.0,0.085573,0.961298,0.978083
MS-MARCO-RBAC,8000000,8000000,HoneyBee,bridge,0.5,4,0.0,0.08744,0.956595,0.977299
MS-MARCO-RBAC,8000000,8000000,HoneyBee,bridge,0.5,5,0.0,0.088834,0.96208,0.979653
MS-MARCO-RBAC,8000000,8000000,HoneyBee,bridge,0.5,6,0.0,0.081537,0.953225,0.977218
MS-MARCO-RBAC,8000000,8000000,HoneyBee,bridge,0.5,7,0.0,0.087025,0.955422,0.975026
MS-MARCO-RBAC,8000000,8000000,HoneyBee,bridge,0.5,8,0.0,0.090119,0.958578,0.976717
MS-MARCO-RBAC,8000000,8000000,HoneyBee,bridge,0.5,9,0.0,0.081694,0.960862,0.978177
MS-MARCO-RBAC,8000000,8000000,SPFresh,bridge,0.5,0,0.0,0.152151,0.949015,0.978513
MS-MARCO-RBAC,8000000,8000000,SPFresh,bridge,0.5,1,0.0,0.140923,0.946808,0.975963
MS-MARCO-RBAC,8000000,8000000,SPFresh,bridge,0.5,2,0.0,0.150337,0.956925,0.980314
MS-MARCO-RBAC,8000000,8000000,SPFresh,bridge,0.5,3,0.0,0.154162,0.951606,0.9789
MS-MARCO-RBAC,8000000,8000000,SPFresh,bridge,0.5,4,0.0,0.148634,0.950102,0.979609
MS-MARCO-RBAC,8000000,8000000,SPFresh,bridge,0.5,5,0.0,0.150382,0.946322,0.976724
MS-MARCO-RBAC,8000000,8000000,SPFresh,bridge,0.5,6,0.0,0.149071,0.953158,0.978623
MS-MARCO-RBAC,8000000,8000000,SPFresh,bridge,0.5,7,0.0,0.142606,0.951323,0.976931
MS-MARCO-RBAC,8000000,8000000,SPFresh,bridge,0.5,8,0.0,0.148706,0.948189,0.977043
MS-MARCO-RBAC,8000000,8000000,SPFresh,bridge,0.5,9,0.0,0.153846,0.949262,0.978132
MS-MARCO-RBAC,8000000,8000000,Oracle,bridge,0.5,0,0.0,0.0,0.976384,0.976384
MS-MARCO-RBAC,8000000,8000000,Oracle,bridge,0.5,1,0.0,0.0,0.976265,0.976265
MS-MARCO-RBAC,8000000,8000000,Oracle,bridge,0.5,2,0.0,0.0,0.978623,0.978623
MS-MARCO-RBAC,8000000,8000000,Oracle,bridge,0.5,3,0.0,0.0,0.980352,0.980352
MS-MARCO-RBAC,8000000,8000000,Oracle,bridge,0.5,4,0.0,0.0,0.975572,0.975572
MS-MARCO-RBAC,8000000,8000000,Oracle,bridge,0.5,5,0.0,0.0,0.981071,0.981071
MS-MARCO-RBAC,8000000,8000000,Oracle,bridge,0.5,6,0.0,0.0,0.978228,0.978228
MS-MARCO-RBAC,8000000,8000000,Oracle,bridge,0.5,7,0.0,0.0,0.978344,0.978344
MS-MARCO-RBAC,8000000,8000000,Oracle,bridge,0.5,8,0.0,0.0,0.975498,0.975498
MS-MARCO-RBAC,8000000,8000000,Oracle,bridge,0.5,9,0.0,0.0,0.980323,0.980323
SIFT1M,1000000,1000000,Tombstone,random,0.0,0,0.0,0.0,0.948364,0.98766
SIFT1M,1000000,1000000,Tombstone,random,0.0,1,0.0,0.0,0.948322,0.989684
SIFT1M,1000000,1000000,Tombstone,random,0.0,2,0.0,0.0,0.943091,0.98363
SIFT1M,1000000,1000000,Tombstone,random,0.0,3,0.0,0.0,0.94389,0.984633
SIFT1M,1000000,1000000,Tombstone,random,0.0,4,0.0,0.0,0.946986,0.984207
SIFT1M,1000000,1000000,Tombstone,random,0.0,5,0.0,0.0,0.952886,0.991234
SIFT1M,1000000,1000000,Tombstone,random,0.0,6,0.0,0.0,0.943222,0.983332
SIFT1M,1000000,1000000,Tombstone,random,0.0,7,0.0,0.0,0.948821,0.989492
SIFT1M,1000000,1000000,Tombstone,random,0.0,8,0.0,0.0,0.945448,0.986781
SIFT1M,1000000,1000000,Tombstone,random,0.0,9,0.0,0.0,0.950061,0.987597
SIFT1M,1000000,1000000,Post-filter,random,0.0,0,0.0,0.0,0.939147,0.986394
SIFT1M,1000000,1000000,Post-filter,random,0.0,1,0.0,0.0,0.941722,0.986318
SIFT1M,1000000,1000000,Post-filter,random,0.0,2,0.0,0.0,0.941681,0.984805
SIFT1M,1000000,1000000,Post-filter,random,0.0,3,0.0,0.0,0.93729,0.98193
SIFT1M,1000000,1000000,Post-filter,random,0.0,4,0.0,0.0,0.949135,0.989984
SIFT1M,1000000,1000000,Post-filter,random,0.0,5,0.0,0.0,0.943374,0.984931
SIFT1M,1000000,1000000,Post-filter,random,0.0,6,0.0,0.0,0.942641,0.983623
SIFT1M,1000000,1000000,Post-filter,random,0.0,7,0.0,0.0,0.944069,0.985722
SIFT1M,1000000,1000000,Post-filter,random,0.0,8,0.0,0.0,0.943671,0.98527
SIFT1M,1000000,1000000,Post-filter,random,0.0,9,0.0,0.0,0.939762,0.984427
SIFT1M,1000000,1000000,Lethe,random,0.0,0,0.0,0.0,0.981986,0.987461
SIFT1M,1000000,1000000,Lethe,random,0.0,1,0.0,0.0,0.985685,0.988386
SIFT1M,1000000,1000000,Lethe,random,0.0,2,0.0,0.0,0.979747,0.9844
SIFT1M,1000000,1000000,Lethe,random,0.0,3,0.0,0.0,0.980629,0.986676
SIFT1M,1000000,1000000,Lethe,random,0.0,4,0.0,0.0,0.981326,0.986256
SIFT1M,1000000,1000000,Lethe,random,0.0,5,0.0,0.0,0.983843,0.985732
SIFT1M,1000000,1000000,Lethe,random,0.0,6,0.0,0.0,0.986156,0.989628
SIFT1M,1000000,1000000,Lethe,random,0.0,7,0.0,0.0,0.981751,0.986172
SIFT1M,1000000,1000000,Lethe,random,0.0,8,0.0,0.0,0.979926,0.983928
SIFT1M,1000000,1000000,Lethe,random,0.0,9,0.0,0.0,0.978096,0.984884
SIFT1M,1000000,1000000,Lethe-no-bypass,random,0.0,0,0.0,0.0,0.932388,0.98802
SIFT1M,1000000,1000000,Lethe-no-bypass,random,0.0,1,0.0,0.0,0.932606,0.986068
SIFT1M,1000000,1000000,Lethe-no-bypass,random,0.0,2,0.0,0.0,0.930179,0.984558
SIFT1M,1000000,1000000,Lethe-no-bypass,random,0.0,3,0.0,0.0,0.928259,0.984502
SIFT1M,1000000,1000000,Lethe-no-bypass,random,0.0,4,0.0,0.0,0.930129,0.988226
SIFT1M,1000000,1000000,Lethe-no-bypass,random,0.0,5,0.0,0.0,0.932405,0.986151
SIFT1M,1000000,1000000,Lethe-no-bypass,random,0.0,6,0.0,0.0,0.929047,0.982862
SIFT1M,1000000,1000000,Lethe-no-bypass,random,0.0,7,0.0,0.0,0.93049,0.985616
SIFT1M,1000000,1000000,Lethe-no-bypass,random,0.0,8,0.0,0.0,0.933475,0.988151
SIFT1M,1000000,1000000,Lethe-no-bypass,random,0.0,9,0.0,0.0,0.926511,0.984559
SIFT1M,1000000,1000000,Lethe-no-revaware-traversal,random,0.0,0,0.0,0.0,0.96188,0.985193
SIFT1M,1000000,1000000,Lethe-no-revaware-traversal,random,0.0,1,0.0,0.0,0.961546,0.984554
SIFT1M,1000000,1000000,Lethe-no-revaware-traversal,random,0.0,2,0.0,0.0,0.961897,0.987348
SIFT1M,1000000,1000000,Lethe-no-revaware-traversal,random,0.0,3,0.0,0.0,0.959667,0.983588
SIFT1M,1000000,1000000,Lethe-no-revaware-traversal,random,0.0,4,0.0,0.0,0.958934,0.985131
SIFT1M,1000000,1000000,Lethe-no-revaware-traversal,random,0.0,5,0.0,0.0,0.958705,0.982613
SIFT1M,1000000,1000000,Lethe-no-revaware-traversal,random,0.0,6,0.0,0.0,0.960822,0.985081
SIFT1M,1000000,1000000,Lethe-no-revaware-traversal,random,0.0,7,0.0,0.0,0.959847,0.985239
SIFT1M,1000000,1000000,Lethe-no-revaware-traversal,random,0.0,8,0.0,0.0,0.961608,0.986502
SIFT1M,1000000,1000000,Lethe-no-revaware-traversal,random,0.0,9,0.0,0.0,0.960311,0.98782
SIFT1M,1000000,1000000,Physical-delete,random,0.0,0,0.0,0.0,0.948617,0.985476
SIFT1M,1000000,1000000,Physical-delete,random,0.0,1,0.0,0.0,0.946917,0.987275
SIFT1M,1000000,1000000,Physical-delete,random,0.0,2,0.0,0.0,0.948967,0.98405
SIFT1M,1000000,1000000,Physical-delete,random,0.0,3,0.0,0.0,0.946126,0.984513
SIFT1M,1000000,1000000,Physical-delete,random,0.0,4,0.0,0.0,0.951748,0.986398
SIFT1M,1000000,1000000,Physical-delete,random,0.0,5,0.0,0.0,0.948423,0.985233
SIFT1M,1000000,1000000,Physical-delete,random,0.0,6,0.0,0.0,0.949371,0.985961
SIFT1M,1000000,1000000,Physical-delete,random,0.0,7,0.0,0.0,0.953269,0.991239
SIFT1M,1000000,1000000,Physical-delete,random,0.0,8,0.0,0.0,0.952615,0.987949
SIFT1M,1000000,1000000,Physical-delete,random,0.0,9,0.0,0.0,0.952493,0.985719
SIFT1M,1000000,1000000,Periodic-rebuild,random,0.0,0,0.0,0.0,0.967014,0.98443
SIFT1M,1000000,1000000,Periodic-rebuild,random,0.0,1,0.0,0.0,0.968626,0.986635
SIFT1M,1000000,1000000,Periodic-rebuild,random,0.0,2,0.0,0.0,0.968156,0.986213
SIFT1M,1000000,1000000,Periodic-rebuild,random,0.0,3,0.0,0.0,0.967807,0.986916
SIFT1M,1000000,1000000,Periodic-rebuild,random,0.0,4,0.0,0.0,0.975722,0.989186
SIFT1M,1000000,1000000,Periodic-rebuild,random,0.0,5,0.0,0.0,0.97336,0.987272
SIFT1M,1000000,1000000,Periodic-rebuild,random,0.0,6,0.0,0.0,0.967729,0.982871
SIFT1M,1000000,1000000,Periodic-rebuild,random,0.0,7,0.0,0.0,0.968248,0.985841
SIFT1M,1000000,1000000,Periodic-rebuild,random,0.0,8,0.0,0.0,0.971936,0.989015
SIFT1M,1000000,1000000,Periodic-rebuild,random,0.0,9,0.0,0.0,0.968652,0.984625
SIFT1M,1000000,1000000,Per-role-index,random,0.0,0,0.0,0.0,0.980687,0.984953
SIFT1M,1000000,1000000,Per-role-index,random,0.0,1,0.0,0.0,0.98389,0.987171
SIFT1M,1000000,1000000,Per-role-index,random,0.0,2,0.0,0.0,0.984574,0.986765
SIFT1M,1000000,1000000,Per-role-index,random,0.0,3,0.0,0.0,0.981294,0.985711
SIFT1M,1000000,1000000,Per-role-index,random,0.0,4,0.0,0.0,0.981053,0.985924
SIFT1M,1000000,1000000,Per-role-index,random,0.0,5,0.0,0.0,0.979445,0.98639
SIFT1M,1000000,1000000,Per-role-index,random,0.0,6,0.0,0.0,0.978122,0.983341
SIFT1M,1000000,1000000,Per-role-index,random,0.0,7,0.0,0.0,0.981645,0.987225
SIFT1M,1000000,1000000,Per-role-index,random,0.0,8,0.0,0.0,0.985457,0.986766
SIFT1M,1000000,1000000,Per-role-index,random,0.0,9,0.0,0.0,0.985597,0.987158
SIFT1M,1000000,1000000,ACORN,random,0.0,0,0.0,0.0,0.966541,0.986098
SIFT1M,1000000,1000000,ACORN,random,0.0,1,0.0,0.0,0.968966,0.986263
SIFT1M,1000000,1000000,ACORN,random,0.0,2,0.0,0.0,0.968249,0.990918
SIFT1M,1000000,1000000,ACORN,random,0.0,3,0.0,0.0,0.969429,0.989771
SIFT1M,1000000,1000000,ACORN,random,0.0,4,0.0,0.0,0.965693,0.986636
SIFT1M,1000000,1000000,ACORN,random,0.0,5,0.0,0.0,0.961995,0.983248
SIFT1M,1000000,1000000,ACORN,random,0.0,6,0.0,0.0,0.963891,0.986229
SIFT1M,1000000,1000000,ACORN,random,0.0,7,0.0,0.0,0.963941,0.985111
SIFT1M,1000000,1000000,ACORN,random,0.0,8,0.0,0.0,0.966495,0.985674
SIFT1M,1000000,1000000,ACORN,random,0.0,9,0.0,0.0,0.96502,0.984188
SIFT1M,1000000,1000000,HoneyBee,random,0.0,0,0.0,0.0,0.968351,0.986519
SIFT1M,1000000,1000000,HoneyBee,random,0.0,1,0.0,0.0,0.967413,0.98537
SIFT1M,1000000,1000000,HoneyBee,random,0.0,2,0.0,0.0,0.970064,0.986276
SIFT1M,1000000,1000000,HoneyBee,random,0.0,3,0.0,0.0,0.97452,0.992
SIFT1M,1000000,1000000,HoneyBee,random,0.0,4,0.0,0.0,0.966208,0.983491
SIFT1M,1000000,1000000,HoneyBee,random,0.0,5,0.0,0.0,0.971623,0.986102
SIFT1M,1000000,1000000,HoneyBee,random,0.0,6,0.0,0.0,0.968089,0.986504
SIFT1M,1000000,1000000,HoneyBee,random,0.0,7,0.0,0.0,0.969323,0.989312
SIFT1M,1000000,1000000,HoneyBee,random,0.0,8,0.0,0.0,0.969601,0.985862
SIFT1M,1000000,1000000,HoneyBee,random,0.0,9,0.0,0.0,0.966916,0.985483
SIFT1M,1000000,1000000,SPFresh,random,0.0,0,0.0,0.0,0.960315,0.985618
SIFT1M,1000000,1000000,SPFresh,random,0.0,1,0.0,0.0,0.957282,0.985464
SIFT1M,1000000,1000000,SPFresh,random,0.0,2,0.0,0.0,0.960664,0.986656
SIFT1M,1000000,1000000,SPFresh,random,0.0,3,0.0,0.0,0.958436,0.984586
SIFT1M,1000000,1000000,SPFresh,random,0.0,4,0.0,0.0,0.958969,0.986486
SIFT1M,1000000,1000000,SPFresh,random,0.0,5,0.0,0.0,0.960807,0.985431
SIFT1M,1000000,1000000,SPFresh,random,0.0,6,0.0,0.0,0.961403,0.984132
SIFT1M,1000000,1000000,SPFresh,random,0.0,7,0.0,0.0,0.960098,0.98689
SIFT1M,1000000,1000000,SPFresh,random,0.0,8,0.0,0.0,0.957204,0.983845
SIFT1M,1000000,1000000,SPFresh,random,0.0,9,0.0,0.0,0.958782,0.983675
SIFT1M,1000000,1000000,Oracle,random,0.0,0,0.0,0.0,0.986085,0.986085
SIFT1M,1000000,1000000,Oracle,random,0.0,1,0.0,0.0,0.984215,0.984215
SIFT1M,1000000,1000000,Oracle,random,0.0,2,0.0,0.0,0.987297,0.987297
SIFT1M,1000000,1000000,Oracle,random,0.0,3,0.0,0.0,0.986472,0.986472
SIFT1M,1000000,1000000,Oracle,random,0.0,4,0.0,0.0,0.985135,0.985135
SIFT1M,1000000,1000000,Oracle,random,0.0,5,0.0,0.0,0.985309,0.985309
SIFT1M,1000000,1000000,Oracle,random,0.0,6,0.0,0.0,0.984888,0.984888
SIFT1M,1000000,1000000,Oracle,random,0.0,7,0.0,0.0,0.986981,0.986981
SIFT1M,1000000,1000000,Oracle,random,0.0,8,0.0,0.0,0.983982,0.983982
SIFT1M,1000000,1000000,Oracle,random,0.0,9,0.0,0.0,0.98718,0.98718
SIFT1M,1000000,1000000,Tombstone,random,0.1,0,0.0,0.032531,0.942953,0.984188
SIFT1M,1000000,1000000,Tombstone,random,0.1,1,0.0,0.034375,0.944646,0.983966
SIFT1M,1000000,1000000,Tombstone,random,0.1,2,0.0,0.034383,0.952259,0.987098
SIFT1M,1000000,1000000,Tombstone,random,0.1,3,0.0,0.035667,0.944992,0.986557
SIFT1M,1000000,1000000,Tombstone,random,0.1,4,0.0,0.034511,0.947394,0.984521
SIFT1M,1000000,1000000,Tombstone,random,0.1,5,0.0,0.03709,0.945142,0.984297
SIFT1M,1000000,1000000,Tombstone,random,0.1,6,0.0,0.032768,0.952628,0.990034
SIFT1M,1000000,1000000,Tombstone,random,0.1,7,0.0,0.031991,0.947827,0.985688
SIFT1M,1000000,1000000,Tombstone,random,0.1,8,0.0,0.03619,0.945152,0.986006
SIFT1M,1000000,1000000,Tombstone,random,0.1,9,0.0,0.034976,0.945971,0.985153
SIFT1M,1000000,1000000,Post-filter,random,0.1,0,0.0,0.030631,0.941776,0.985611
SIFT1M,1000000,1000000,Post-filter,random,0.1,1,0.0,0.034271,0.93708,0.982935
SIFT1M,1000000,1000000,Post-filter,random,0.1,2,0.0,0.039738,0.944368,0.985214
SIFT1M,1000000,1000000,Post-filter,random,0.1,3,0.0,0.03323,0.945279,0.98797
SIFT1M,1000000,1000000,Post-filter,random,0.1,4,0.0,0.043765,0.944283,0.987411
SIFT1M,1000000,1000000,Post-filter,random,0.1,5,0.0,0.034238,0.942634,0.985488
SIFT1M,1000000,1000000,Post-filter,random,0.1,6,0.0,0.040492,0.939949,0.98492
SIFT1M,1000000,1000000,Post-filter,random,0.1,7,0.0,0.039568,0.947307,0.987961
SIFT1M,1000000,1000000,Post-filter,random,0.1,8,0.0,0.03501,0.940394,0.985132
SIFT1M,1000000,1000000,Post-filter,random,0.1,9,0.0,0.039519,0.942218,0.984375
SIFT1M,1000000,1000000,Lethe,random,0.1,0,0.0,0.0,0.98169,0.984221
SIFT1M,1000000,1000000,Lethe,random,0.1,1,0.0,0.0,0.979814,0.983936
SIFT1M,1000000,1000000,Lethe,random,0.1,2,0.0,0.006343,0.983259,0.987174
SIFT1M,1000000,1000000,Lethe,random,0.1,3,0.0,0.000911,0.98183,0.985374
SIFT1M,1000000,1000000,Lethe,random,0.1,4,0.0,0.000759,0.981549,0.985221
SIFT1M,1000000,1000000,Lethe,random,0.1,5,0.0,0.004357,0.980279,0.985693
SIFT1M,1000000,1000000,Lethe,random,0.1,6,0.0,0.001965,0.982057,0.987148
SIFT1M,1000000,1000000,Lethe,random,0.1,7,0.0,0.004872,0.98659,0.989475
SIFT1M,1000000,1000000,Lethe,random,0.1,8,0.0,8.9e-05,0.978825,0.985613
SIFT1M,1000000,1000000,Lethe,random,0.1,9,0.0,0.002908,0.980374,0.986889
SIFT1M,1000000,1000000,Lethe-no-bypass,random,0.1,0,0.0,0.009611,0.929597,0.985924
SIFT1M,1000000,1000000,Lethe-no-bypass,random,0.1,1,0.0,0.010432,0.934992,0.988435
SIFT1M,1000000,1000000,Lethe-no-bypass,random,0.1,2,0.0,0.012546,0.929994,0.986629
SIFT1M,1000000,1000000,Lethe-no-bypass,random,0.1,3,0.0,0.018802,0.935796,0.987205
SIFT1M,1000000,1000000,Lethe-no-bypass,random,0.1,4,0.0,0.016698,0.928479,0.984089
SIFT1M,1000000,1000000,Lethe-no-bypass,random,0.1,5,0.0,0.015443,0.929895,0.987699
SIFT1M,1000000,1000000,Lethe-no-bypass,random,0.1,6,0.0,0.010213,0.929339,0.987512
SIFT1M,1000000,1000000,Lethe-no-bypass,random,0.1,7,0.0,0.014179,0.935516,0.987882
SIFT1M,1000000,1000000,Lethe-no-bypass,random,0.1,8,0.0,0.012268,0.928114,0.984018
SIFT1M,1000000,1000000,Lethe-no-bypass,random,0.1,9,0.0,0.011239,0.933355,0.985391
SIFT1M,1000000,1000000,Lethe-no-revaware-traversal,random,0.1,0,0.0,0.034067,0.959502,0.985076
SIFT1M,1000000,1000000,Lethe-no-revaware-traversal,random,0.1,1,0.0,0.033034,0.958714,0.986153
SIFT1M,1000000,1000000,Lethe-no-revaware-traversal,random,0.1,2,0.0,0.038181,0.96098,0.989748
SIFT1M,1000000,1000000,Lethe-no-revaware-traversal,random,0.1,3,0.0,0.030164,0.963408,0.988965
SIFT1M,1000000,1000000,Lethe-no-revaware-traversal,random,0.1,4,0.0,0.032845,0.959492,0.987892
SIFT1M,1000000,1000000,Lethe-no-revaware-traversal,random,0.1,5,0.0,0.034586,0.959298,0.986002
SIFT1M,1000000,1000000,Lethe-no-revaware-traversal,random,0.1,6,0.0,0.030596,0.960802,0.986103
SIFT1M,1000000,1000000,Lethe-no-revaware-traversal,random,0.1,7,0.0,0.031802,0.963514,0.987769
SIFT1M,1000000,1000000,Lethe-no-revaware-traversal,random,0.1,8,0.0,0.035968,0.956467,0.984653
SIFT1M,1000000,1000000,Lethe-no-revaware-traversal,random,0.1,9,0.0,0.036499,0.965427,0.987751
SIFT1M,1000000,1000000,Physical-delete,random,0.1,0,0.0,0.009618,0.952448,0.987133
SIFT1M,1000000,1000000,Physical-delete,random,0.1,1,0.0,0.010662,0.951423,0.985077
SIFT1M,1000000,1000000,Physical-delete,random,0.1,2,0.0,0.008196,0.952729,0.987567
SIFT1M,1000000,1000000,Physical-delete,random,0.1,3,0.0,0.005808,0.950843,0.986871
SIFT1M,1000000,1000000,Physical-delete,random,0.1,4,0.0,0.004132,0.95151,0.987978
SIFT1M,1000000,1000000,Physical-delete,random,0.1,5,0.0,0.01033,0.953564,0.989211
SIFT1M,1000000,1000000,Physical-delete,random,0.1,6,0.0,0.006378,0.946721,0.986604
SIFT1M,1000000,1000000,Physical-delete,random,0.1,7,0.0,0.00598,0.944175,0.982684
SIFT1M,1000000,1000000,Physical-delete,random,0.1,8,0.0,0.008598,0.94782,0.985023
SIFT1M,1000000,1000000,Physical-delete,random,0.1,9,0.0,0.006849,0.950362,0.986046
SIFT1M,1000000,1000000,Periodic-rebuild,random,0.1,0,0.0,0.017289,0.966338,0.985805
SIFT1M,1000000,1000000,Periodic-rebuild,random,0.1,1,0.0,0.018365,0.965401,0.983697
SIFT1M,1000000,1000000,Periodic-rebuild,random,0.1,2,0.0,0.016907,0.970486,0.986243
SIFT1M,1000000,1000000,Periodic-rebuild,random,0.1,3,0.0,0.016631,0.964758,0.985343
SIFT1M,1000000,1000000,Periodic-rebuild,random,0.1,4,0.0,0.012596,0.968435,0.986096
SIFT1M,1000000,1000000,Periodic-rebuild,random,0.1,5,0.0,0.018378,0.967356,0.985196
SIFT1M,1000000,1000000,Periodic-rebuild,random,0.1,6,0.0,0.018242,0.969522,0.984121
SIFT1M,1000000,1000000,Periodic-rebuild,random,0.1,7,0.0,0.018189,0.97096,0.983921
SIFT1M,1000000,1000000,Periodic-rebuild,random,0.1,8,0.0,0.01664,0.966535,0.983877
SIFT1M,1000000,1000000,Periodic-rebuild,random,0.1,9,0.0,0.011218,0.967315,0.988968
SIFT1M,1000000,1000000,Per-role-index,random,0.1,0,0.0,0.007675,0.975651,0.985856
SIFT1M,1000000,1000000,Per-role-index,random,0.1,1,0.0,0.0,0.980908,0.989269
SIFT1M,1000000,1000000,Per-role-index,random,0.1,2,0.0,0.0,0.981459,0.984705
SIFT1M,1000000,1000000,Per-role-index,random,0.1,3,0.0,0.005561,0.983885,0.985606
SIFT1M,1000000,1000000,Per-role-index,random,0.1,4,0.0,0.0,0.979136,0.98329
SIFT1M,1000000,1000000,Per-role-index,random,0.1,5,0.0,0.002882,0.983431,0.986177
SIFT1M,1000000,1000000,Per-role-index,random,0.1,6,0.0,0.0,0.979022,0.983653
SIFT1M,1000000,1000000,Per-role-index,random,0.1,7,0.0,0.0,0.982988,0.986415
SIFT1M,1000000,1000000,Per-role-index,random,0.1,8,0.0,0.002442,0.980344,0.985761
SIFT1M,1000000,1000000,Per-role-index,random,0.1,9,0.0,0.0,0.981208,0.984356
SIFT1M,1000000,1000000,ACORN,random,0.1,0,0.0,0.018211,0.95891,0.983421
SIFT1M,1000000,1000000,ACORN,random,0.1,1,0.0,0.010313,0.965764,0.98592
SIFT1M,1000000,1000000,ACORN,random,0.1,2,0.0,0.015496,0.967342,0.986143
SIFT1M,1000000,1000000,ACORN,random,0.1,3,0.0,0.015768,0.964693,0.987071
SIFT1M,1000000,1000000,ACORN,random,0.1,4,0.0,0.015376,0.967845,0.986818
SIFT1M,1000000,1000000,ACORN,random,0.1,5,0.0,0.018338,0.96085,0.984798
SIFT1M,1000000,1000000,ACORN,random,0.1,6,0.0,0.01378,0.962692,0.983814
SIFT1M,1000000,1000000,ACORN,random,0.1,7,0.0,0.011774,0.965584,0.986213
SIFT1M,1000000,1000000,ACORN,random,0.1,8,0.0,0.012181,0.969816,0.987483
SIFT1M,1000000,1000000,ACORN,random,0.1,9,0.0,0.016373,0.964451,0.988825
SIFT1M,1000000,1000000,HoneyBee,random,0.1,0,0.0,0.009242,0.969626,0.986786
SIFT1M,1000000,1000000,HoneyBee,random,0.1,1,0.0,0.008321,0.969742,0.988563
SIFT1M,1000000,1000000,HoneyBee,random,0.1,2,0.0,0.012746,0.96857,0.985949
SIFT1M,1000000,1000000,HoneyBee,random,0.1,3,0.0,0.014452,0.966608,0.985102
SIFT1M,1000000,1000000,HoneyBee,random,0.1,4,0.0,0.01442,0.970549,0.988439
SIFT1M,1000000,1000000,HoneyBee,random,0.1,5,0.0,0.016099,0.962886,0.983536
SIFT1M,1000000,1000000,HoneyBee,random,0.1,6,0.0,0.009882,0.97068,0.986981
SIFT1M,1000000,1000000,HoneyBee,random,0.1,7,0.0,0.010688,0.968165,0.98685
SIFT1M,1000000,1000000,HoneyBee,random,0.1,8,0.0,0.014328,0.96448,0.985214
SIFT1M,1000000,1000000,HoneyBee,random,0.1,9,0.0,0.014402,0.968319,0.986687
SIFT1M,1000000,1000000,SPFresh,random,0.1,0,0.0,0.022728,0.96263,0.987183
SIFT1M,1000000,1000000,SPFresh,random,0.1,1,0.0,0.020462,0.959142,0.986025
SIFT1M,1000000,1000000,SPFresh,random,0.1,2,0.0,0.022607,0.962579,0.989403
SIFT1M,1000000,1000000,SPFresh,random,0.1,3,0.0,0.021269,0.957718,0.984363
SIFT1M,1000000,1000000,SPFresh,random,0.1,4,0.0,0.01871,0.960064,0.984693
SIFT1M,1000000,1000000,SPFresh,random,0.1,5,0.0,0.021357,0.961935,0.9885
SIFT1M,1000000,1000000,SPFresh,random,0.1,6,0.0,0.02303,0.960486,0.988128
SIFT1M,1000000,1000000,SPFresh,random,0.1,7,0.0,0.023447,0.964826,0.988068
SIFT1M,1000000,1000000,SPFresh,random,0.1,8,0.0,0.021529,0.960954,0.983577
SIFT1M,1000000,1000000,SPFresh,random,0.1,9,0.0,0.018299,0.961702,0.988301
SIFT1M,1000000,1000000,Oracle,random,0.1,0,0.0,0.0,0.987756,0.987756
SIFT1M,1000000,1000000,Oracle,random,0.1,1,0.0,0.0,0.984856,0.984856
SIFT1M,1000000,1000000,Oracle,random,0.1,2,0.0,0.0,0.986208,0.986208
SIFT1M,1000000,1000000,Oracle,random,0.1,3,0.0,0.0,0.989678,0.989678
SIFT1M,1000000,1000000,Oracle,random,0.1,4,0.0,0.0,0.985399,0.985399
SIFT1M,1000000,1000000,Oracle,random,0.1,5,0.0,0.0,0.98911,0.98911
SIFT1M,1000000,1000000,Oracle,random,0.1,6,0.0,0.0,0.984702,0.984702
SIFT1M,1000000,1000000,Oracle,random,0.1,7,0.0,0.0,0.987081,0.987081
SIFT1M,1000000,1000000,Oracle,random,0.1,8,0.0,0.0,0.986074,0.986074
SIFT1M,1000000,1000000,Oracle,random,0.1,9,0.0,0.0,0.986463,0.986463
SIFT1M,1000000,1000000,Tombstone,random,0.2,0,0.0,0.060813,0.949667,0.988162
SIFT1M,1000000,1000000,Tombstone,random,0.2,1,0.0,0.061717,0.946305,0.985377
SIFT1M,1000000,1000000,Tombstone,random,0.2,2,0.0,0.064796,0.950438,0.987999
SIFT1M,1000000,1000000,Tombstone,random,0.2,3,0.0,0.061424,0.948483,0.985921
SIFT1M,1000000,1000000,Tombstone,random,0.2,4,0.0,0.059448,0.945912,0.983809
SIFT1M,1000000,1000000,Tombstone,random,0.2,5,0.0,0.059415,0.953664,0.989234
SIFT1M,1000000,1000000,Tombstone,random,0.2,6,0.0,0.058076,0.943219,0.985851
SIFT1M,1000000,1000000,Tombstone,random,0.2,7,0.0,0.062921,0.947914,0.987412
SIFT1M,1000000,1000000,Tombstone,random,0.2,8,0.0,0.058788,0.948193,0.986785
SIFT1M,1000000,1000000,Tombstone,random,0.2,9,0.0,0.055815,0.946781,0.987412
SIFT1M,1000000,1000000,Post-filter,random,0.2,0,0.0,0.06695,0.93785,0.985677
SIFT1M,1000000,1000000,Post-filter,random,0.2,1,0.0,0.063556,0.942254,0.984785
SIFT1M,1000000,1000000,Post-filter,random,0.2,2,0.0,0.064765,0.940877,0.986721
SIFT1M,1000000,1000000,Post-filter,random,0.2,3,0.0,0.07081,0.940163,0.985595
SIFT1M,1000000,1000000,Post-filter,random,0.2,4,0.0,0.067947,0.939415,0.983471
SIFT1M,1000000,1000000,Post-filter,random,0.2,5,0.0,0.068206,0.939575,0.98446
SIFT1M,1000000,1000000,Post-filter,random,0.2,6,0.0,0.064541,0.938976,0.983598
SIFT1M,1000000,1000000,Post-filter,random,0.2,7,0.0,0.069436,0.945329,0.987642
SIFT1M,1000000,1000000,Post-filter,random,0.2,8,0.0,0.065869,0.951431,0.992
SIFT1M,1000000,1000000,Post-filter,random,0.2,9,0.0,0.070787,0.945569,0.986868
SIFT1M,1000000,1000000,Lethe,random,0.2,0,0.0,0.006589,0.977181,0.981062
SIFT1M,1000000,1000000,Lethe,random,0.2,1,0.0,0.0,0.978735,0.984513
SIFT1M,1000000,1000000,Lethe,random,0.2,2,0.0,0.00119,0.979199,0.983837
SIFT1M,1000000,1000000,Lethe,random,0.2,3,0.0,0.004324,0.984224,0.985077
SIFT1M,1000000,1000000,Lethe,random,0.2,4,0.0,0.006259,0.979104,0.98315
SIFT1M,1000000,1000000,Lethe,random,0.2,5,0.0,0.0,0.979578,0.983914
SIFT1M,1000000,1000000,Lethe,random,0.2,6,0.0,0.006226,0.983997,0.989128
SIFT1M,1000000,1000000,Lethe,random,0.2,7,0.0,0.00525,0.981798,0.986332
SIFT1M,1000000,1000000,Lethe,random,0.2,8,0.0,0.006925,0.980142,0.982587
SIFT1M,1000000,1000000,Lethe,random,0.2,9,0.0,0.003463,0.981917,0.986994
SIFT1M,1000000,1000000,Lethe-no-bypass,random,0.2,0,0.0,0.022282,0.936108,0.987899
SIFT1M,1000000,1000000,Lethe-no-bypass,random,0.2,1,0.0,0.022703,0.934807,0.985657
SIFT1M,1000000,1000000,Lethe-no-bypass,random,0.2,2,0.0,0.022162,0.929112,0.98664
SIFT1M,1000000,1000000,Lethe-no-bypass,random,0.2,3,0.0,0.018447,0.93119,0.989197
SIFT1M,1000000,1000000,Lethe-no-bypass,random,0.2,4,0.0,0.016779,0.929564,0.98402
SIFT1M,1000000,1000000,Lethe-no-bypass,random,0.2,5,0.0,0.022785,0.933111,0.985477
SIFT1M,1000000,1000000,Lethe-no-bypass,random,0.2,6,0.0,0.018332,0.936635,0.988587
SIFT1M,1000000,1000000,Lethe-no-bypass,random,0.2,7,0.0,0.024859,0.928811,0.986554
SIFT1M,1000000,1000000,Lethe-no-bypass,random,0.2,8,0.0,0.018201,0.931991,0.987082
SIFT1M,1000000,1000000,Lethe-no-bypass,random,0.2,9,0.0,0.022086,0.929391,0.984668
SIFT1M,1000000,1000000,Lethe-no-revaware-traversal,random,0.2,0,0.0,0.062162,0.95541,0.985676
SIFT1M,1000000,1000000,Lethe-no-revaware-traversal,random,0.2,1,0.0,0.0556,0.963271,0.9871
SIFT1M,1000000,1000000,Lethe-no-revaware-traversal,random,0.2,2,0.0,0.056876,0.95918,0.982927
SIFT1M,1000000,1000000,Lethe-no-revaware-traversal,random,0.2,3,0.0,0.054905,0.955554,0.982388
SIFT1M,1000000,1000000,Lethe-no-revaware-traversal,random,0.2,4,0.0,0.060843,0.959211,0.984455
SIFT1M,1000000,1000000,Lethe-no-revaware-traversal,random,0.2,5,0.0,0.058886,0.95962,0.985933
SIFT1M,1000000,1000000,Lethe-no-revaware-traversal,random,0.2,6,0.0,0.055998,0.964948,0.988584
SIFT1M,1000000,1000000,Lethe-no-revaware-traversal,random,0.2,7,0.0,0.052616,0.960018,0.985905
SIFT1M,1000000,1000000,Lethe-no-revaware-traversal,random,0.2,8,0.0,0.052116,0.963582,0.986371
SIFT1M,1000000,1000000,Lethe-no-revaware-traversal,random,0.2,9,0.0,0.050753,0.960515,0.985697
SIFT1M,1000000,1000000,Physical-delete,random,0.2,0,0.0,0.011101,0.949042,0.984837
SIFT1M,1000000,1000000,Physical-delete,random,0.2,1,0.0,0.014433,0.949567,0.988241
SIFT1M,1000000,1000000,Physical-delete,random,0.2,2,0.0,0.010879,0.951332,0.986609
SIFT1M,1000000,1000000,Physical-delete,random,0.2,3,0.0,0.014463,0.952881,0.987815
SIFT1M,1000000,1000000,Physical-delete,random,0.2,4,0.0,0.014592,0.952793,0.989374
SIFT1M,1000000,1000000,Physical-delete,random,0.2,5,0.0,0.015418,0.947782,0.985931
SIFT1M,1000000,1000000,Physical-delete,random,0.2,6,0.0,0.016789,0.946575,0.98446
SIFT1M,1000000,1000000,Physical-delete,random,0.2,7,0.0,0.0199,0.946108,0.984953
SIFT1M,1000000,1000000,Physical-delete,random,0.2,8,0.0,0.017459,0.941145,0.982267
SIFT1M,1000000,1000000,Physical-delete,random,0.2,9,0.0,0.016356,0.949304,0.986254
SIFT1M,1000000,1000000,Periodic-rebuild,random,0.2,0,0.0,0.027742,0.969857,0.986346
SIFT1M,1000000,1000000,Periodic-rebuild,random,0.2,1,0.0,0.035284,0.966743,0.983883
SIFT1M,1000000,1000000,Periodic-rebuild,random,0.2,2,0.0,0.028869,0.96684,0.983688
SIFT1M,1000000,1000000,Periodic-rebuild,random,0.2,3,0.0,0.02925,0.968196,0.984188
SIFT1M,1000000,1000000,Periodic-rebuild,random,0.2,4,0.0,0.028935,0.968607,0.986301
SIFT1M,1000000,1000000,Periodic-rebuild,random,0.2,5,0.0,0.032973,0.972735,0.990325
SIFT1M,1000000,1000000,Periodic-rebuild,random,0.2,6,0.0,0.034115,0.962925,0.983278
SIFT1M,1000000,1000000,Periodic-rebuild,random,0.2,7,0.0,0.029471,0.972099,0.98823
SIFT1M,1000000,1000000,Periodic-rebuild,random,0.2,8,0.0,0.028623,0.968774,0.985773
SIFT1M,1000000,1000000,Periodic-rebuild,random,0.2,9,0.0,0.030432,0.967765,0.986116
SIFT1M,1000000,1000000,Per-role-index,random,0.2,0,0.0,0.008688,0.980503,0.986497
SIFT1M,1000000,1000000,Per-role-index,random,0.2,1,0.0,0.003206,0.986757,0.991304
SIFT1M,1000000,1000000,Per-role-index,random,0.2,2,0.0,0.004571,0.979065,0.984442
SIFT1M,1000000,1000000,Per-role-index,random,0.2,3,0.0,0.005303,0.984754,0.986449
SIFT1M,1000000,1000000,Per-role-index,random,0.2,4,0.0,0.002753,0.980628,0.985141
SIFT1M,1000000,1000000,Per-role-index,random,0.2,5,0.0,0.0,0.983486,0.987549
SIFT1M,1000000,1000000,Per-role-index,random,0.2,6,0.0,0.00176,0.982699,0.987619
SIFT1M,1000000,1000000,Per-role-index,random,0.2,7,0.0,0.004195,0.98585,0.987175
SIFT1M,1000000,1000000,Per-role-index,random,0.2,8,0.0,0.003521,0.986008,0.987106
SIFT1M,1000000,1000000,Per-role-index,random,0.2,9,0.0,0.002828,0.984458,0.987285
SIFT1M,1000000,1000000,ACORN,random,0.2,0,0.0,0.026648,0.964352,0.984426
SIFT1M,1000000,1000000,ACORN,random,0.2,1,0.0,0.024997,0.968654,0.988167
SIFT1M,1000000,1000000,ACORN,random,0.2,2,0.0,0.02428,0.969581,0.987421
SIFT1M,1000000,1000000,ACORN,random,0.2,3,0.0,0.025363,0.969827,0.989634
SIFT1M,1000000,1000000,ACORN,random,0.2,4,0.0,0.022646,0.970374,0.987637
SIFT1M,1000000,1000000,ACORN,random,0.2,5,0.0,0.027245,0.963453,0.983496
SIFT1M,1000000,1000000,ACORN,random,0.2,6,0.0,0.030472,0.961309,0.983068
SIFT1M,1000000,1000000,ACORN,random,0.2,7,0.0,0.024118,0.966253,0.986106
SIFT1M,1000000,1000000,ACORN,random,0.2,8,0.0,0.025659,0.962483,0.98458
SIFT1M,1000000,1000000,ACORN,random,0.2,9,0.0,0.027585,0.965701,0.98552
SIFT1M,1000000,1000000,HoneyBee,random,0.2,0,0.0,0.015547,0.970115,0.987154
SIFT1M,1000000,1000000,HoneyBee,random,0.2,1,0.0,0.02194,0.968118,0.986859
SIFT1M,1000000,1000000,HoneyBee,random,0.2,2,0.0,0.02256,0.970723,0.985124
SIFT1M,1000000,1000000,HoneyBee,random,0.2,3,0.0,0.021359,0.966945,0.984527
SIFT1M,1000000,1000000,HoneyBee,random,0.2,4,0.0,0.022244,0.968514,0.987397
SIFT1M,1000000,1000000,HoneyBee,random,0.2,5,0.0,0.022168,0.96963,0.989014
SIFT1M,1000000,1000000,HoneyBee,random,0.2,6,0.0,0.014734,0.966044,0.984866
SIFT1M,1000000,1000000,HoneyBee,random,0.2,7,0.0,0.017711,0.968564,0.988708
SIFT1M,1000000,1000000,HoneyBee,random,0.2,8,0.0,0.021013,0.966638,0.98742
SIFT1M,1000000,1000000,HoneyBee,random,0.2,9,0.0,0.018493,0.969717,0.985312
SIFT1M,1000000,1000000,SPFresh,random,0.2,0,0.0,0.034362,0.95791,0.987956
SIFT1M,1000000,1000000,SPFresh,random,0.2,1,0.0,0.038227,0.957521,0.984447
SIFT1M,1000000,1000000,SPFresh,random,0.2,2,0.0,0.029431,0.960692,0.98747
SIFT1M,1000000,1000000,SPFresh,random,0.2,3,0.0,0.042056,0.959763,0.985133
SIFT1M,1000000,1000000,SPFresh,random,0.2,4,0.0,0.034705,0.955991,0.983837
SIFT1M,1000000,1000000,SPFresh,random,0.2,5,0.0,0.037213,0.958061,0.987958
SIFT1M,1000000,1000000,SPFresh,random,0.2,6,0.0,0.037323,0.957869,0.984508
SIFT1M,1000000,1000000,SPFresh,random,0.2,7,0.0,0.037579,0.96136,0.98884
SIFT1M,1000000,1000000,SPFresh,random,0.2,8,0.0,0.040355,0.959787,0.987619
SIFT1M,1000000,1000000,SPFresh,random,0.2,9,0.0,0.037577,0.958472,0.986544
SIFT1M,1000000,1000000,Oracle,random,0.2,0,0.0,0.0,0.987508,0.987508
SIFT1M,1000000,1000000,Oracle,random,0.2,1,0.0,0.0,0.984157,0.984157
SIFT1M,1000000,1000000,Oracle,random,0.2,2,0.0,0.0,0.983097,0.983097
SIFT1M,1000000,1000000,Oracle,random,0.2,3,0.0,0.0,0.991754,0.991754
SIFT1M,1000000,1000000,Oracle,random,0.2,4,0.0,0.0,0.988097,0.988097
SIFT1M,1000000,1000000,Oracle,random,0.2,5,0.0,0.0,0.987202,0.987202
SIFT1M,1000000,1000000,Oracle,random,0.2,6,0.0,0.0,0.985075,0.985075
SIFT1M,1000000,1000000,Oracle,random,0.2,7,0.0,0.0,0.985869,0.985869
SIFT1M,1000000,1000000,Oracle,random,0.2,8,0.0,0.0,0.985857,0.985857
SIFT1M,1000000,1000000,Oracle,random,0.2,9,0.0,0.0,0.986,0.986
SIFT1M,1000000,1000000,Tombstone,random,0.3,0,0.0,0.085746,0.945011,0.982192
SIFT1M,1000000,1000000,Tombstone,random,0.3,1,0.0,0.075822,0.945046,0.986078
SIFT1M,1000000,1000000,Tombstone,random,0.3,2,0.0,0.082855,0.943846,0.987219
SIFT1M,1000000,1000000,Tombstone,random,0.3,3,0.0,0.082684,0.942016,0.986943
SIFT1M,1000000,1000000,Tombstone,random,0.3,4,0.0,0.079217,0.945561,0.985458
SIFT1M,1000000,1000000,Tombstone,random,0.3,5,0.0,0.084157,0.948163,0.986879
SIFT1M,1000000,1000000,Tombstone,random,0.3,6,0.0,0.081709,0.9475,0.985806
SIFT1M,1000000,1000000,Tombstone,random,0.3,7,0.0,0.083352,0.942734,0.985405
SIFT1M,1000000,1000000,Tombstone,random,0.3,8,0.0,0.077818,0.948901,0.985862
SIFT1M,1000000,1000000,Tombstone,random,0.3,9,0.0,0.084956,0.946329,0.986621
SIFT1M,1000000,1000000,Post-filter,random,0.3,0,0.0,0.082002,0.939901,0.986629
SIFT1M,1000000,1000000,Post-filter,random,0.3,1,0.0,0.09093,0.939215,0.985074
SIFT1M,1000000,1000000,Post-filter,random,0.3,2,0.0,0.085905,0.942708,0.988955
SIFT1M,1000000,1000000,Post-filter,random,0.3,3,0.0,0.08922,0.935615,0.982394
SIFT1M,1000000,1000000,Post-filter,random,0.3,4,0.0,0.09232,0.939178,0.983729
SIFT1M,1000000,1000000,Post-filter,random,0.3,5,0.0,0.089909,0.942703,0.984883
SIFT1M,1000000,1000000,Post-filter,random,0.3,6,0.0,0.088804,0.941614,0.98429
SIFT1M,1000000,1000000,Post-filter,random,0.3,7,0.0,0.092167,0.943605,0.984845
SIFT1M,1000000,1000000,Post-filter,random,0.3,8,0.0,0.097348,0.942573,0.987013
SIFT1M,1000000,1000000,Post-filter,random,0.3,9,0.0,0.089125,0.942806,0.987849
SIFT1M,1000000,1000000,Lethe,random,0.3,0,0.0,0.006869,0.979859,0.985716
SIFT1M,1000000,1000000,Lethe,random,0.3,1,0.0,0.000894,0.982624,0.987237
SIFT1M,1000000,1000000,Lethe,random,0.3,2,0.0,0.009606,0.9834,0.988881
SIFT1M,1000000,1000000,Lethe,random,0.3,3,0.0,0.004114,0.979604,0.984684
SIFT1M,1000000,1000000,Lethe,random,0.3,4,0.0,0.009276,0.979834,0.984177
SIFT1M,1000000,1000000,Lethe,random,0.3,5,0.0,0.005888,0.983347,0.98848
SIFT1M,1000000,1000000,Lethe,random,0.3,6,0.0,0.00661,0.980264,0.986664
SIFT1M,1000000,1000000,Lethe,random,0.3,7,0.0,0.001033,0.982654,0.985425
SIFT1M,1000000,1000000,Lethe,random,0.3,8,0.0,0.010999,0.987209,0.987802
SIFT1M,1000000,1000000,Lethe,random,0.3,9,0.0,0.005411,0.982437,0.987434
SIFT1M,1000000,1000000,Lethe-no-bypass,random,0.3,0,0.0,0.025235,0.933861,0.985261
SIFT1M,1000000,1000000,Lethe-no-bypass,random,0.3,1,0.0,0.026088,0.933581,0.989811
SIFT1M,1000000,1000000,Lethe-no-bypass,random,0.3,2,0.0,0.025356,0.929485,0.984433
SIFT1M,1000000,1000000,Lethe-no-bypass,random,0.3,3,0.0,0.020213,0.929961,0.986621
SIFT1M,1000000,1000000,Lethe-no-bypass,random,0.3,4,0.0,0.02718,0.930882,0.985961
SIFT1M,1000000,1000000,Lethe-no-bypass,random,0.3,5,0.0,0.03028,0.929947,0.984041
SIFT1M,1000000,1000000,Lethe-no-bypass,random,0.3,6,0.0,0.030598,0.930295,0.98444
SIFT1M,1000000,1000000,Lethe-no-bypass,random,0.3,7,0.0,0.030713,0.934029,0.985552
SIFT1M,1000000,1000000,Lethe-no-bypass,random,0.3,8,0.0,0.029063,0.927895,0.984664
SIFT1M,1000000,1000000,Lethe-no-bypass,random,0.3,9,0.0,0.024955,0.933454,0.986855
SIFT1M,1000000,1000000,Lethe-no-revaware-traversal,random,0.3,0,0.0,0.076541,0.95957,0.984471
SIFT1M,1000000,1000000,Lethe-no-revaware-traversal,random,0.3,1,0.0,0.080999,0.963094,0.988205
SIFT1M,1000000,1000000,Lethe-no-revaware-traversal,random,0.3,2,0.0,0.075065,0.959128,0.987467
SIFT1M,1000000,1000000,Lethe-no-revaware-traversal,random,0.3,3,0.0,0.074268,0.955287,0.984153
SIFT1M,1000000,1000000,Lethe-no-revaware-traversal,random,0.3,4,0.0,0.080408,0.96047,0.985201
SIFT1M,1000000,1000000,Lethe-no-revaware-traversal,random,0.3,5,0.0,0.071501,0.96033,0.985031
SIFT1M,1000000,1000000,Lethe-no-revaware-traversal,random,0.3,6,0.0,0.083412,0.959058,0.986036
SIFT1M,1000000,1000000,Lethe-no-revaware-traversal,random,0.3,7,0.0,0.077706,0.96293,0.988558
SIFT1M,1000000,1000000,Lethe-no-revaware-traversal,random,0.3,8,0.0,0.080236,0.960421,0.984353
SIFT1M,1000000,1000000,Lethe-no-revaware-traversal,random,0.3,9,0.0,0.083989,0.960235,0.987369
SIFT1M,1000000,1000000,Physical-delete,random,0.3,0,0.0,0.018689,0.95063,0.987393
SIFT1M,1000000,1000000,Physical-delete,random,0.3,1,0.0,0.024779,0.953117,0.987283
SIFT1M,1000000,1000000,Physical-delete,random,0.3,2,0.0,0.021502,0.953526,0.990715
SIFT1M,1000000,1000000,Physical-delete,random,0.3,3,0.0,0.019061,0.946417,0.983004
SIFT1M,1000000,1000000,Physical-delete,random,0.3,4,0.0,0.02176,0.95068,0.985525
SIFT1M,1000000,1000000,Physical-delete,random,0.3,5,0.0,0.01641,0.952728,0.987029
SIFT1M,1000000,1000000,Physical-delete,random,0.3,6,0.0,0.021636,0.948245,0.985417
SIFT1M,1000000,1000000,Physical-delete,random,0.3,7,0.0,0.025422,0.949784,0.984586
SIFT1M,1000000,1000000,Physical-delete,random,0.3,8,0.0,0.021642,0.953574,0.987632
SIFT1M,1000000,1000000,Physical-delete,random,0.3,9,0.0,0.022397,0.945983,0.984332
SIFT1M,1000000,1000000,Periodic-rebuild,random,0.3,0,0.0,0.043396,0.973528,0.988536
SIFT1M,1000000,1000000,Periodic-rebuild,random,0.3,1,0.0,0.041476,0.966717,0.987706
SIFT1M,1000000,1000000,Periodic-rebuild,random,0.3,2,0.0,0.037884,0.970812,0.990441
SIFT1M,1000000,1000000,Periodic-rebuild,random,0.3,3,0.0,0.040738,0.971193,0.988058
SIFT1M,1000000,1000000,Periodic-rebuild,random,0.3,4,0.0,0.038309,0.963754,0.980629
SIFT1M,1000000,1000000,Periodic-rebuild,random,0.3,5,0.0,0.039462,0.96414,0.982626
SIFT1M,1000000,1000000,Periodic-rebuild,random,0.3,6,0.0,0.037201,0.967121,0.983199
SIFT1M,1000000,1000000,Periodic-rebuild,random,0.3,7,0.0,0.035359,0.964359,0.982784
SIFT1M,1000000,1000000,Periodic-rebuild,random,0.3,8,0.0,0.039192,0.962632,0.983024
SIFT1M,1000000,1000000,Periodic-rebuild,random,0.3,9,0.0,0.034264,0.968345,0.986516
SIFT1M,1000000,1000000,Per-role-index,random,0.3,0,0.0,0.0,0.983738,0.983212
SIFT1M,1000000,1000000,Per-role-index,random,0.3,1,0.0,0.00827,0.987137,0.989072
SIFT1M,1000000,1000000,Per-role-index,random,0.3,2,0.0,0.003532,0.983192,0.985833
SIFT1M,1000000,1000000,Per-role-index,random,0.3,3,0.0,0.000576,0.984479,0.986514
SIFT1M,1000000,1000000,Per-role-index,random,0.3,4,0.0,0.001018,0.976119,0.982058
SIFT1M,1000000,1000000,Per-role-index,random,0.3,5,0.0,0.003185,0.98616,0.989554
SIFT1M,1000000,1000000,Per-role-index,random,0.3,6,0.0,0.000156,0.979801,0.985092
SIFT1M,1000000,1000000,Per-role-index,random,0.3,7,0.0,0.009559,0.980024,0.985068
SIFT1M,1000000,1000000,Per-role-index,random,0.3,8,0.0,5.3e-05,0.976761,0.984519
SIFT1M,1000000,1000000,Per-role-index,random,0.3,9,0.0,0.002496,0.982256,0.984449
SIFT1M,1000000,1000000,ACORN,random,0.3,0,0.0,0.032684,0.973549,0.987189
SIFT1M,1000000,1000000,ACORN,random,0.3,1,0.0,0.039635,0.965805,0.984799
SIFT1M,1000000,1000000,ACORN,random,0.3,2,0.0,0.03678,0.967287,0.987974
SIFT1M,1000000,1000000,ACORN,random,0.3,3,0.0,0.037025,0.965163,0.986543
SIFT1M,1000000,1000000,ACORN,random,0.3,4,0.0,0.039807,0.962564,0.987097
SIFT1M,1000000,1000000,ACORN,random,0.3,5,0.0,0.039209,0.970981,0.988682
SIFT1M,1000000,1000000,ACORN,random,0.3,6,0.0,0.036389,0.96668,0.984976
SIFT1M,1000000,1000000,ACORN,random,0.3,7,0.0,0.035933,0.967681,0.98723
SIFT1M,1000000,1000000,ACORN,random,0.3,8,0.0,0.03506,0.963772,0.988221
SIFT1M,1000000,1000000,ACORN,random,0.3,9,0.0,0.034132,0.960721,0.982113
SIFT1M,1000000,1000000,HoneyBee,random,0.3,0,0.0,0.031416,0.966581,0.985167
SIFT1M,1000000,1000000,HoneyBee,random,0.3,1,0.0,0.035226,0.968591,0.986991
SIFT1M,1000000,1000000,HoneyBee,random,0.3,2,0.0,0.028793,0.966123,0.982311
SIFT1M,1000000,1000000,HoneyBee,random,0.3,3,0.0,0.02707,0.968621,0.988921
SIFT1M,1000000,1000000,HoneyBee,random,0.3,4,0.0,0.029407,0.970877,0.986251
SIFT1M,1000000,1000000,HoneyBee,random,0.3,5,0.0,0.021969,0.968697,0.984697
SIFT1M,1000000,1000000,HoneyBee,random,0.3,6,0.0,0.033021,0.965509,0.983751
SIFT1M,1000000,1000000,HoneyBee,random,0.3,7,0.0,0.027186,0.966119,0.983815
SIFT1M,1000000,1000000,HoneyBee,random,0.3,8,0.0,0.033558,0.966937,0.985737
SIFT1M,1000000,1000000,HoneyBee,random,0.3,9,0.0,0.031775,0.96766,0.984863
SIFT1M,1000000,1000000,SPFresh,random,0.3,0,0.0,0.0504,0.959565,0.985856
SIFT1M,1000000,1000000,SPFresh,random,0.3,1,0.0,0.053025,0.960364,0.988032
SIFT1M,1000000,1000000,SPFresh,random,0.3,2,0.0,0.052628,0.961596,0.98625
SIFT1M,1000000,1000000,SPFresh,random,0.3,3,0.0,0.052751,0.962201,0.987488
SIFT1M,1000000,1000000,SPFresh,random,0.3,4,0.0,0.051574,0.963451,0.987025
SIFT1M,1000000,1000000,SPFresh,random,0.3,5,0.0,0.055568,0.956876,0.984147
SIFT1M,1000000,1000000,SPFresh,random,0.3,6,0.0,0.050976,0.958673,0.984116
SIFT1M,1000000,1000000,SPFresh,random,0.3,7,0.0,0.053888,0.958629,0.987401
SIFT1M,1000000,1000000,SPFresh,random,0.3,8,0.0,0.04079,0.965774,0.988835
SIFT1M,1000000,1000000,SPFresh,random,0.3,9,0.0,0.051519,0.95714,0.984875
SIFT1M,1000000,1000000,Oracle,random,0.3,0,0.0,0.0,0.985735,0.985735
SIFT1M,1000000,1000000,Oracle,random,0.3,1,0.0,0.0,0.986275,0.986275
SIFT1M,1000000,1000000,Oracle,random,0.3,2,0.0,0.0,0.985634,0.985634
SIFT1M,1000000,1000000,Oracle,random,0.3,3,0.0,0.0,0.986946,0.986946
SIFT1M,1000000,1000000,Oracle,random,0.3,4,0.0,0.0,0.98677,0.98677
SIFT1M,1000000,1000000,Oracle,random,0.3,5,0.0,0.0,0.984999,0.984999
SIFT1M,1000000,1000000,Oracle,random,0.3,6,0.0,0.0,0.986668,0.986668
SIFT1M,1000000,1000000,Oracle,random,0.3,7,0.0,0.0,0.984972,0.984972
SIFT1M,1000000,1000000,Oracle,random,0.3,8,0.0,0.0,0.984178,0.984178
SIFT1M,1000000,1000000,Oracle,random,0.3,9,0.0,0.0,0.983715,0.983715
SIFT1M,1000000,1000000,Tombstone,random,0.4,0,0.0,0.101383,0.945048,0.987565
SIFT1M,1000000,1000000,Tombstone,random,0.4,1,0.0,0.107879,0.949716,0.988378
SIFT1M,1000000,1000000,Tombstone,random,0.4,2,0.0,0.102417,0.943804,0.985063
SIFT1M,1000000,1000000,Tombstone,random,0.4,3,0.0,0.093071,0.944822,0.985338
SIFT1M,1000000,1000000,Tombstone,random,0.4,4,0.0,0.100629,0.955123,0.992
SIFT1M,1000000,1000000,Tombstone,random,0.4,5,0.0,0.103261,0.94338,0.983492
SIFT1M,1000000,1000000,Tombstone,random,0.4,6,0.0,0.104276,0.947899,0.986902
SIFT1M,1000000,1000000,Tombstone,random,0.4,7,0.0,0.098178,0.943412,0.982475
SIFT1M,1000000,1000000,Tombstone,random,0.4,8,0.0,0.105895,0.944576,0.984922
SIFT1M,1000000,1000000,Tombstone,random,0.4,9,0.0,0.106479,0.945067,0.986425
SIFT1M,1000000,1000000,Post-filter,random,0.4,0,0.0,0.114722,0.94705,0.987593
SIFT1M,1000000,1000000,Post-filter,random,0.4,1,0.0,0.105047,0.938263,0.986948
SIFT1M,1000000,1000000,Post-filter,random,0.4,2,0.0,0.109806,0.94197,0.986798
SIFT1M,1000000,1000000,Post-filter,random,0.4,3,0.0,0.110918,0.946857,0.989919
SIFT1M,1000000,1000000,Post-filter,random,0.4,4,0.0,0.107333,0.942398,0.987782
SIFT1M,1000000,1000000,Post-filter,random,0.4,5,0.0,0.109556,0.941214,0.987627
SIFT1M,1000000,1000000,Post-filter,random,0.4,6,0.0,0.108939,0.940976,0.983991
SIFT1M,1000000,1000000,Post-filter,random,0.4,7,0.0,0.112688,0.933447,0.982184
SIFT1M,1000000,1000000,Post-filter,random,0.4,8,0.0,0.115284,0.944456,0.987977
SIFT1M,1000000,1000000,Post-filter,random,0.4,9,0.0,0.109705,0.942809,0.987327
SIFT1M,1000000,1000000,Lethe,random,0.4,0,0.0,0.008347,0.985183,0.987478
SIFT1M,1000000,1000000,Lethe,random,0.4,1,0.0,0.003731,0.979378,0.983997
SIFT1M,1000000,1000000,Lethe,random,0.4,2,0.0,0.009718,0.982168,0.985479
SIFT1M,1000000,1000000,Lethe,random,0.4,3,0.0,0.005979,0.981687,0.986888
SIFT1M,1000000,1000000,Lethe,random,0.4,4,0.0,0.008088,0.981615,0.988365
SIFT1M,1000000,1000000,Lethe,random,0.4,5,0.0,0.005594,0.976505,0.982751
SIFT1M,1000000,1000000,Lethe,random,0.4,6,0.0,0.010648,0.985443,0.988461
SIFT1M,1000000,1000000,Lethe,random,0.4,7,0.0,0.007371,0.983802,0.985557
SIFT1M,1000000,1000000,Lethe,random,0.4,8,0.0,0.005466,0.982198,0.984849
SIFT1M,1000000,1000000,Lethe,random,0.4,9,0.0,0.003433,0.978657,0.982454
SIFT1M,1000000,1000000,Lethe-no-bypass,random,0.4,0,0.0,0.030628,0.928772,0.985298
SIFT1M,1000000,1000000,Lethe-no-bypass,random,0.4,1,0.0,0.039443,0.932806,0.987485
SIFT1M,1000000,1000000,Lethe-no-bypass,random,0.4,2,0.0,0.035515,0.932739,0.984525
SIFT1M,1000000,1000000,Lethe-no-bypass,random,0.4,3,0.0,0.033138,0.92723,0.983896
SIFT1M,1000000,1000000,Lethe-no-bypass,random,0.4,4,0.0,0.030211,0.93082,0.985647
SIFT1M,1000000,1000000,Lethe-no-bypass,random,0.4,5,0.0,0.032408,0.931133,0.986054
SIFT1M,1000000,1000000,Lethe-no-bypass,random,0.4,6,0.0,0.033468,0.93348,0.987407
SIFT1M,1000000,1000000,Lethe-no-bypass,random,0.4,7,0.0,0.034705,0.928933,0.985419
SIFT1M,1000000,1000000,Lethe-no-bypass,random,0.4,8,0.0,0.044046,0.931371,0.987852
SIFT1M,1000000,1000000,Lethe-no-bypass,random,0.4,9,0.0,0.036552,0.931728,0.984998
SIFT1M,1000000,1000000,Lethe-no-revaware-traversal,random,0.4,0,0.0,0.099491,0.962917,0.987003
SIFT1M,1000000,1000000,Lethe-no-revaware-traversal,random,0.4,1,0.0,0.094456,0.965891,0.990048
SIFT1M,1000000,1000000,Lethe-no-revaware-traversal,random,0.4,2,0.0,0.096696,0.96038,0.986811
SIFT1M,1000000,1000000,Lethe-no-revaware-traversal,random,0.4,3,0.0,0.096858,0.962391,0.990122
SIFT1M,1000000,1000000,Lethe-no-revaware-traversal,random,0.4,4,0.0,0.099704,0.961554,0.984364
SIFT1M,1000000,1000000,Lethe-no-revaware-traversal,random,0.4,5,0.0,0.097687,0.961296,0.985007
SIFT1M,1000000,1000000,Lethe-no-revaware-traversal,random,0.4,6,0.0,0.101902,0.960361,0.985027
SIFT1M,1000000,1000000,Lethe-no-revaware-traversal,random,0.4,7,0.0,0.096183,0.961103,0.986289
SIFT1M,1000000,1000000,Lethe-no-revaware-traversal,random,0.4,8,0.0,0.096057,0.958967,0.986061
SIFT1M,1000000,1000000,Lethe-no-revaware-traversal,random,0.4,9,0.0,0.093226,0.959863,0.988389
SIFT1M,1000000,1000000,Physical-delete,random,0.4,0,0.0,0.025016,0.945575,0.983558
SIFT1M,1000000,1000000,Physical-delete,random,0.4,1,0.0,0.022206,0.94929,0.985856
SIFT1M,1000000,1000000,Physical-delete,random,0.4,2,0.0,0.026411,0.95535,0.990906
SIFT1M,1000000,1000000,Physical-delete,random,0.4,3,0.0,0.025485,0.953226,0.989112
SIFT1M,1000000,1000000,Physical-delete,random,0.4,4,0.0,0.021518,0.954273,0.986073
SIFT1M,1000000,1000000,Physical-delete,random,0.4,5,0.0,0.02143,0.951437,0.987745
SIFT1M,1000000,1000000,Physical-delete,random,0.4,6,0.0,0.023835,0.951119,0.986098
SIFT1M,1000000,1000000,Physical-delete,random,0.4,7,0.0,0.035558,0.947911,0.985387
SIFT1M,1000000,1000000,Physical-delete,random,0.4,8,0.0,0.02994,0.948396,0.9864
SIFT1M,1000000,1000000,Physical-delete,random,0.4,9,0.0,0.027229,0.947335,0.981979
SIFT1M,1000000,1000000,Periodic-rebuild,random,0.4,0,0.0,0.048542,0.965663,0.985723
SIFT1M,1000000,1000000,Periodic-rebuild,random,0.4,1,0.0,0.055595,0.964104,0.985253
SIFT1M,1000000,1000000,Periodic-rebuild,random,0.4,2,0.0,0.046569,0.972491,0.986986
SIFT1M,1000000,1000000,Periodic-rebuild,random,0.4,3,0.0,0.056746,0.967232,0.985118
SIFT1M,1000000,1000000,Periodic-rebuild,random,0.4,4,0.0,0.055036,0.970017,0.985738
SIFT1M,1000000,1000000,Periodic-rebuild,random,0.4,5,0.0,0.054823,0.966148,0.982746
SIFT1M,1000000,1000000,Periodic-rebuild,random,0.4,6,0.0,0.046044,0.969544,0.984709
SIFT1M,1000000,1000000,Periodic-rebuild,random,0.4,7,0.0,0.041392,0.968869,0.985216
SIFT1M,1000000,1000000,Periodic-rebuild,random,0.4,8,0.0,0.044025,0.970395,0.987066
SIFT1M,1000000,1000000,Periodic-rebuild,random,0.4,9,0.0,0.046212,0.968073,0.985822
SIFT1M,1000000,1000000,Per-role-index,random,0.4,0,0.0,0.003879,0.981763,0.987485
SIFT1M,1000000,1000000,Per-role-index,random,0.4,1,0.0,0.001909,0.985733,0.987567
SIFT1M,1000000,1000000,Per-role-index,random,0.4,2,0.0,0.007344,0.985385,0.990542
SIFT1M,1000000,1000000,Per-role-index,random,0.4,3,0.0,0.001656,0.980138,0.982476
SIFT1M,1000000,1000000,Per-role-index,random,0.4,4,0.0,0.002702,0.98595,0.987239
SIFT1M,1000000,1000000,Per-role-index,random,0.4,5,0.0,0.00016,0.984391,0.98733
SIFT1M,1000000,1000000,Per-role-index,random,0.4,6,0.0,0.0,0.98636,0.986433
SIFT1M,1000000,1000000,Per-role-index,random,0.4,7,0.0,0.0,0.982781,0.986215
SIFT1M,1000000,1000000,Per-role-index,random,0.4,8,0.0,0.007193,0.981984,0.985253
SIFT1M,1000000,1000000,Per-role-index,random,0.4,9,0.0,0.003195,0.978334,0.984487
SIFT1M,1000000,1000000,ACORN,random,0.4,0,0.0,0.041865,0.969948,0.987514
SIFT1M,1000000,1000000,ACORN,random,0.4,1,0.0,0.046024,0.965413,0.985054
SIFT1M,1000000,1000000,ACORN,random,0.4,2,0.0,0.049584,0.967673,0.989206
SIFT1M,1000000,1000000,ACORN,random,0.4,3,0.0,0.040503,0.965625,0.986609
SIFT1M,1000000,1000000,ACORN,random,0.4,4,0.0,0.040349,0.968935,0.986843
SIFT1M,1000000,1000000,ACORN,random,0.4,5,0.0,0.040124,0.96962,0.988613
SIFT1M,1000000,1000000,ACORN,random,0.4,6,0.0,0.043546,0.964859,0.985996
SIFT1M,1000000,1000000,ACORN,random,0.4,7,0.0,0.043123,0.963183,0.986485
SIFT1M,1000000,1000000,ACORN,random,0.4,8,0.0,0.042647,0.966714,0.986987
SIFT1M,1000000,1000000,ACORN,random,0.4,9,0.0,0.044896,0.967292,0.989466
SIFT1M,1000000,1000000,HoneyBee,random,0.4,0,0.0,0.035916,0.972872,0.987832
SIFT1M,1000000,1000000,HoneyBee,random,0.4,1,0.0,0.04118,0.965931,0.986932
SIFT1M,1000000,1000000,HoneyBee,random,0.4,2,0.0,0.028902,0.96707,0.981762
SIFT1M,1000000,1000000,HoneyBee,random,0.4,3,0.0,0.042233,0.965602,0.98342
SIFT1M,1000000,1000000,HoneyBee,random,0.4,4,0.0,0.042865,0.962383,0.983334
SIFT1M,1000000,1000000,HoneyBee,random,0.4,5,0.0,0.040893,0.96422,0.984172
SIFT1M,1000000,1000000,HoneyBee,random,0.4,6,0.0,0.033767,0.96707,0.988213
SIFT1M,1000000,1000000,HoneyBee,random,0.4,7,0.0,0.040229,0.970315,0.985912
SIFT1M,1000000,1000000,HoneyBee,random,0.4,8,0.0,0.035561,0.966429,0.989019
SIFT1M,1000000,1000000,HoneyBee,random,0.4,9,0.0,0.040419,0.968229,0.989076
SIFT1M,1000000,1000000,SPFresh,random,0.4,0,0.0,0.064478,0.959376,0.986067
SIFT1M,1000000,1000000,SPFresh,random,0.4,1,0.0,0.066626,0.957501,0.983563
SIFT1M,1000000,1000000,SPFresh,random,0.4,2,0.0,0.064329,0.959499,0.983916
SIFT1M,1000000,1000000,SPFresh,random,0.4,3,0.0,0.063616,0.95512,0.984238
SIFT1M,1000000,1000000,SPFresh,random,0.4,4,0.0,0.06459,0.957378,0.985206
SIFT1M,1000000,1000000,SPFresh,random,0.4,5,0.0,0.064829,0.962916,0.985337
SIFT1M,1000000,1000000,SPFresh,random,0.4,6,0.0,0.070459,0.953374,0.98553
SIFT1M,1000000,1000000,SPFresh,random,0.4,7,0.0,0.072288,0.958881,0.985411
SIFT1M,1000000,1000000,SPFresh,random,0.4,8,0.0,0.065282,0.958014,0.984403
SIFT1M,1000000,1000000,SPFresh,random,0.4,9,0.0,0.066285,0.960436,0.987769
SIFT1M,1000000,1000000,Oracle,random,0.4,0,0.0,0.0,0.988856,0.988856
SIFT1M,1000000,1000000,Oracle,random,0.4,1,0.0,0.0,0.981737,0.981737
SIFT1M,1000000,1000000,Oracle,random,0.4,2,0.0,0.0,0.985341,0.985341
SIFT1M,1000000,1000000,Oracle,random,0.4,3,0.0,0.0,0.987951,0.987951
SIFT1M,1000000,1000000,Oracle,random,0.4,4,0.0,0.0,0.987433,0.987433
SIFT1M,1000000,1000000,Oracle,random,0.4,5,0.0,0.0,0.986769,0.986769
SIFT1M,1000000,1000000,Oracle,random,0.4,6,0.0,0.0,0.986612,0.986612
SIFT1M,1000000,1000000,Oracle,random,0.4,7,0.0,0.0,0.984485,0.984485
SIFT1M,1000000,1000000,Oracle,random,0.4,8,0.0,0.0,0.986822,0.986822
SIFT1M,1000000,1000000,Oracle,random,0.4,9,0.0,0.0,0.983571,0.983571
SIFT1M,1000000,1000000,Tombstone,random,0.5,0,0.0,0.119534,0.951394,0.990686
SIFT1M,1000000,1000000,Tombstone,random,0.5,1,0.0,0.119913,0.948959,0.987841
SIFT1M,1000000,1000000,Tombstone,random,0.5,2,0.0,0.120116,0.951441,0.990729
SIFT1M,1000000,1000000,Tombstone,random,0.5,3,0.0,0.123764,0.946984,0.98936
SIFT1M,1000000,1000000,Tombstone,random,0.5,4,0.0,0.12848,0.942655,0.984437
SIFT1M,1000000,1000000,Tombstone,random,0.5,5,0.0,0.125468,0.945683,0.986477
SIFT1M,1000000,1000000,Tombstone,random,0.5,6,0.0,0.122354,0.946484,0.98788
SIFT1M,1000000,1000000,Tombstone,random,0.5,7,0.0,0.121746,0.950458,0.988619
SIFT1M,1000000,1000000,Tombstone,random,0.5,8,0.0,0.124767,0.949378,0.986821
SIFT1M,1000000,1000000,Tombstone,random,0.5,9,0.0,0.128752,0.95036,0.98847
SIFT1M,1000000,1000000,Post-filter,random,0.5,0,0.0,0.127394,0.942009,0.986269
SIFT1M,1000000,1000000,Post-filter,random,0.5,1,0.0,0.136096,0.938745,0.983757
SIFT1M,1000000,1000000,Post-filter,random,0.5,2,0.0,0.133913,0.93861,0.984859
SIFT1M,1000000,1000000,Post-filter,random,0.5,3,0.0,0.131068,0.941787,0.986893
SIFT1M,1000000,1000000,Post-filter,random,0.5,4,0.0,0.128502,0.942326,0.985935
SIFT1M,1000000,1000000,Post-filter,random,0.5,5,0.0,0.13705,0.944783,0.983686
SIFT1M,1000000,1000000,Post-filter,random,0.5,6,0.0,0.126689,0.938588,0.984462
SIFT1M,1000000,1000000,Post-filter,random,0.5,7,0.0,0.122075,0.939676,0.986045
SIFT1M,1000000,1000000,Post-filter,random,0.5,8,0.0,0.136237,0.943647,0.984011
SIFT1M,1000000,1000000,Post-filter,random,0.5,9,0.0,0.13322,0.942948,0.988227
SIFT1M,1000000,1000000,Lethe,random,0.5,0,0.0,0.004475,0.979941,0.985482
SIFT1M,1000000,1000000,Lethe,random,0.5,1,0.0,0.006095,0.983852,0.987719
SIFT1M,1000000,1000000,Lethe,random,0.5,2,0.0,0.011787,0.978415,0.98368
SIFT1M,1000000,1000000,Lethe,random,0.5,3,0.0,0.012367,0.980712,0.981938
SIFT1M,1000000,1000000,Lethe,random,0.5,4,0.0,0.00169,0.979557,0.984165
SIFT1M,1000000,1000000,Lethe,random,0.5,5,0.0,0.010904,0.978437,0.981374
SIFT1M,1000000,1000000,Lethe,random,0.5,6,0.0,0.007841,0.984873,0.989328
SIFT1M,1000000,1000000,Lethe,random,0.5,7,0.0,0.008064,0.983446,0.989819
SIFT1M,1000000,1000000,Lethe,random,0.5,8,0.0,0.008401,0.981373,0.984958
SIFT1M,1000000,1000000,Lethe,random,0.5,9,0.0,0.009827,0.980013,0.981624
SIFT1M,1000000,1000000,Lethe-no-bypass,random,0.5,0,0.0,0.042178,0.926538,0.982028
SIFT1M,1000000,1000000,Lethe-no-bypass,random,0.5,1,0.0,0.042486,0.928219,0.984904
SIFT1M,1000000,1000000,Lethe-no-bypass,random,0.5,2,0.0,0.041949,0.928554,0.985819
SIFT1M,1000000,1000000,Lethe-no-bypass,random,0.5,3,0.0,0.045867,0.927634,0.98541
SIFT1M,1000000,1000000,Lethe-no-bypass,random,0.5,4,0.0,0.044601,0.931307,0.987689
SIFT1M,1000000,1000000,Lethe-no-bypass,random,0.5,5,0.0,0.034964,0.927024,0.986536
SIFT1M,1000000,1000000,Lethe-no-bypass,random,0.5,6,0.0,0.039179,0.931162,0.98622
SIFT1M,1000000,1000000,Lethe-no-bypass,random,0.5,7,0.0,0.039669,0.929027,0.984358
SIFT1M,1000000,1000000,Lethe-no-bypass,random,0.5,8,0.0,0.039896,0.930534,0.987208
SIFT1M,1000000,1000000,Lethe-no-bypass,random,0.5,9,0.0,0.041616,0.931367,0.984262
SIFT1M,1000000,1000000,Lethe-no-revaware-traversal,random,0.5,0,0.0,0.113468,0.9599,0.987078
SIFT1M,1000000,1000000,Lethe-no-revaware-traversal,random,0.5,1,0.0,0.110721,0.959918,0.986803
SIFT1M,1000000,1000000,Lethe-no-revaware-traversal,random,0.5,2,0.0,0.109248,0.953595,0.983726
SIFT1M,1000000,1000000,Lethe-no-revaware-traversal,random,0.5,3,0.0,0.124323,0.960613,0.984413
SIFT1M,1000000,1000000,Lethe-no-revaware-traversal,random,0.5,4,0.0,0.108845,0.959985,0.985311
SIFT1M,1000000,1000000,Lethe-no-revaware-traversal,random,0.5,5,0.0,0.118498,0.959551,0.985444
SIFT1M,1000000,1000000,Lethe-no-revaware-traversal,random,0.5,6,0.0,0.104691,0.955178,0.985345
SIFT1M,1000000,1000000,Lethe-no-revaware-traversal,random,0.5,7,0.0,0.118455,0.958164,0.987509
SIFT1M,1000000,1000000,Lethe-no-revaware-traversal,random,0.5,8,0.0,0.1046,0.960903,0.984974
SIFT1M,1000000,1000000,Lethe-no-revaware-traversal,random,0.5,9,0.0,0.117079,0.960503,0.984427
SIFT1M,1000000,1000000,Physical-delete,random,0.5,0,0.0,0.027352,0.950231,0.98604
SIFT1M,1000000,1000000,Physical-delete,random,0.5,1,0.0,0.039384,0.951864,0.987065
SIFT1M,1000000,1000000,Physical-delete,random,0.5,2,0.0,0.030538,0.949952,0.988125
SIFT1M,1000000,1000000,Physical-delete,random,0.5,3,0.0,0.02744,0.949736,0.984821
SIFT1M,1000000,1000000,Physical-delete,random,0.5,4,0.0,0.032734,0.951369,0.987522
SIFT1M,1000000,1000000,Physical-delete,random,0.5,5,0.0,0.027095,0.951797,0.99136
SIFT1M,1000000,1000000,Physical-delete,random,0.5,6,0.0,0.028549,0.947215,0.98371
SIFT1M,1000000,1000000,Physical-delete,random,0.5,7,0.0,0.034716,0.95084,0.988869
SIFT1M,1000000,1000000,Physical-delete,random,0.5,8,0.0,0.024953,0.94905,0.984517
SIFT1M,1000000,1000000,Physical-delete,random,0.5,9,0.0,0.029126,0.954385,0.986625
SIFT1M,1000000,1000000,Periodic-rebuild,random,0.5,0,0.0,0.056323,0.967663,0.986447
SIFT1M,1000000,1000000,Periodic-rebuild,random,0.5,1,0.0,0.056614,0.967335,0.986108
SIFT1M,1000000,1000000,Periodic-rebuild,random,0.5,2,0.0,0.055784,0.967291,0.985676
SIFT1M,1000000,1000000,Periodic-rebuild,random,0.5,3,0.0,0.057182,0.967899,0.985612
SIFT1M,1000000,1000000,Periodic-rebuild,random,0.5,4,0.0,0.061876,0.96638,0.983156
SIFT1M,1000000,1000000,Periodic-rebuild,random,0.5,5,0.0,0.055454,0.966953,0.984048
SIFT1M,1000000,1000000,Periodic-rebuild,random,0.5,6,0.0,0.056575,0.969101,0.986486
SIFT1M,1000000,1000000,Periodic-rebuild,random,0.5,7,0.0,0.059458,0.967902,0.986062
SIFT1M,1000000,1000000,Periodic-rebuild,random,0.5,8,0.0,0.06186,0.970727,0.987711
SIFT1M,1000000,1000000,Periodic-rebuild,random,0.5,9,0.0,0.057614,0.967101,0.986078
SIFT1M,1000000,1000000,Per-role-index,random,0.5,0,0.0,0.007181,0.981641,0.98548
SIFT1M,1000000,1000000,Per-role-index,random,0.5,1,0.0,0.0,0.982835,0.985687
SIFT1M,1000000,1000000,Per-role-index,random,0.5,2,0.0,0.002695,0.987367,0.98747
SIFT1M,1000000,1000000,Per-role-index,random,0.5,3,0.0,0.004869,0.985462,0.987552
SIFT1M,1000000,1000000,Per-role-index,random,0.5,4,0.0,0.000571,0.984878,0.986062
SIFT1M,1000000,1000000,Per-role-index,random,0.5,5,0.0,0.0,0.983915,0.987026
SIFT1M,1000000,1000000,Per-role-index,random,0.5,6,0.0,0.001611,0.984112,0.983777
SIFT1M,1000000,1000000,Per-role-index,random,0.5,7,0.0,0.0,0.983152,0.986486
SIFT1M,1000000,1000000,Per-role-index,random,0.5,8,0.0,9.2e-05,0.983126,0.988083
SIFT1M,1000000,1000000,Per-role-index,random,0.5,9,0.0,0.008292,0.985053,0.988588
SIFT1M,1000000,1000000,ACORN,random,0.5,0,0.0,0.04805,0.969429,0.988656
SIFT1M,1000000,1000000,ACORN,random,0.5,1,0.0,0.053624,0.964608,0.984482
SIFT1M,1000000,1000000,ACORN,random,0.5,2,0.0,0.046174,0.966678,0.988277
SIFT1M,1000000,1000000,ACORN,random,0.5,3,0.0,0.042559,0.97063,0.990283
SIFT1M,1000000,1000000,ACORN,random,0.5,4,0.0,0.047689,0.962061,0.981605
SIFT1M,1000000,1000000,ACORN,random,0.5,5,0.0,0.053683,0.970123,0.987234
SIFT1M,1000000,1000000,ACORN,random,0.5,6,0.0,0.055512,0.960682,0.982181
SIFT1M,1000000,1000000,ACORN,random,0.5,7,0.0,0.049223,0.967897,0.983787
SIFT1M,1000000,1000000,ACORN,random,0.5,8,0.0,0.052545,0.962362,0.983857
SIFT1M,1000000,1000000,ACORN,random,0.5,9,0.0,0.050097,0.963751,0.984952
SIFT1M,1000000,1000000,HoneyBee,random,0.5,0,0.0,0.041359,0.96308,0.983161
SIFT1M,1000000,1000000,HoneyBee,random,0.5,1,0.0,0.040857,0.961919,0.985307
SIFT1M,1000000,1000000,HoneyBee,random,0.5,2,0.0,0.048736,0.970954,0.986487
SIFT1M,1000000,1000000,HoneyBee,random,0.5,3,0.0,0.042256,0.973514,0.988187
SIFT1M,1000000,1000000,HoneyBee,random,0.5,4,0.0,0.041319,0.972161,0.987718
SIFT1M,1000000,1000000,HoneyBee,random,0.5,5,0.0,0.042043,0.969494,0.985582
SIFT1M,1000000,1000000,HoneyBee,random,0.5,6,0.0,0.049312,0.964678,0.98398
SIFT1M,1000000,1000000,HoneyBee,random,0.5,7,0.0,0.036875,0.965242,0.985769
SIFT1M,1000000,1000000,HoneyBee,random,0.5,8,0.0,0.042818,0.962677,0.983065
SIFT1M,1000000,1000000,HoneyBee,random,0.5,9,0.0,0.040635,0.9691,0.986485
SIFT1M,1000000,1000000,SPFresh,random,0.5,0,0.0,0.074858,0.956401,0.985793
SIFT1M,1000000,1000000,SPFresh,random,0.5,1,0.0,0.076574,0.956386,0.98357
SIFT1M,1000000,1000000,SPFresh,random,0.5,2,0.0,0.076143,0.955997,0.984404
SIFT1M,1000000,1000000,SPFresh,random,0.5,3,0.0,0.071519,0.962685,0.98695
SIFT1M,1000000,1000000,SPFresh,random,0.5,4,0.0,0.072807,0.964834,0.988034
SIFT1M,1000000,1000000,SPFresh,random,0.5,5,0.0,0.074143,0.958403,0.986946
SIFT1M,1000000,1000000,SPFresh,random,0.5,6,0.0,0.074335,0.954964,0.984515
SIFT1M,1000000,1000000,SPFresh,random,0.5,7,0.0,0.07521,0.957291,0.986039
SIFT1M,1000000,1000000,SPFresh,random,0.5,8,0.0,0.077448,0.958948,0.985497
SIFT1M,1000000,1000000,SPFresh,random,0.5,9,0.0,0.07193,0.963842,0.988449
SIFT1M,1000000,1000000,Oracle,random,0.5,0,0.0,0.0,0.989234,0.989234
SIFT1M,1000000,1000000,Oracle,random,0.5,1,0.0,0.0,0.984777,0.984777
SIFT1M,1000000,1000000,Oracle,random,0.5,2,0.0,0.0,0.987605,0.987605
SIFT1M,1000000,1000000,Oracle,random,0.5,3,0.0,0.0,0.984634,0.984634
SIFT1M,1000000,1000000,Oracle,random,0.5,4,0.0,0.0,0.989448,0.989448
SIFT1M,1000000,1000000,Oracle,random,0.5,5,0.0,0.0,0.986968,0.986968
SIFT1M,1000000,1000000,Oracle,random,0.5,6,0.0,0.0,0.987184,0.987184
SIFT1M,1000000,1000000,Oracle,random,0.5,7,0.0,0.0,0.985444,0.985444
SIFT1M,1000000,1000000,Oracle,random,0.5,8,0.0,0.0,0.991182,0.991182
SIFT1M,1000000,1000000,Oracle,random,0.5,9,0.0,0.0,0.986723,0.986723
SIFT1M,1000000,1000000,Tombstone,hub,0.0,0,0.0,0.0,0.941178,0.981725
SIFT1M,1000000,1000000,Tombstone,hub,0.0,1,0.0,0.0,0.948003,0.986822
SIFT1M,1000000,1000000,Tombstone,hub,0.0,2,0.0,0.0,0.949095,0.987944
SIFT1M,1000000,1000000,Tombstone,hub,0.0,3,0.0,0.0,0.943753,0.983894
SIFT1M,1000000,1000000,Tombstone,hub,0.0,4,0.0,0.0,0.950931,0.986174
SIFT1M,1000000,1000000,Tombstone,hub,0.0,5,0.0,0.0,0.950621,0.987154
SIFT1M,1000000,1000000,Tombstone,hub,0.0,6,0.0,0.0,0.952557,0.990419
SIFT1M,1000000,1000000,Tombstone,hub,0.0,7,0.0,0.0,0.948989,0.985677
SIFT1M,1000000,1000000,Tombstone,hub,0.0,8,0.0,0.0,0.943846,0.984511
SIFT1M,1000000,1000000,Tombstone,hub,0.0,9,0.0,0.0,0.948072,0.988984
SIFT1M,1000000,1000000,Post-filter,hub,0.0,0,0.0,0.0,0.940376,0.985224
SIFT1M,1000000,1000000,Post-filter,hub,0.0,1,0.0,0.0,0.934445,0.981888
SIFT1M,1000000,1000000,Post-filter,hub,0.0,2,0.0,0.0,0.94486,0.988678
SIFT1M,1000000,1000000,Post-filter,hub,0.0,3,0.0,0.0,0.944073,0.985417
SIFT1M,1000000,1000000,Post-filter,hub,0.0,4,0.0,0.0,0.934353,0.983195
SIFT1M,1000000,1000000,Post-filter,hub,0.0,5,0.0,0.0,0.947009,0.987286
SIFT1M,1000000,1000000,Post-filter,hub,0.0,6,0.0,0.0,0.945551,0.988351
SIFT1M,1000000,1000000,Post-filter,hub,0.0,7,0.0,0.0,0.946486,0.987738
SIFT1M,1000000,1000000,Post-filter,hub,0.0,8,0.0,0.0,0.94112,0.984442
SIFT1M,1000000,1000000,Post-filter,hub,0.0,9,0.0,0.0,0.939263,0.984434
SIFT1M,1000000,1000000,Lethe,hub,0.0,0,0.0,0.0,0.982206,0.985906
SIFT1M,1000000,1000000,Lethe,hub,0.0,1,0.0,0.0,0.981878,0.985755
SIFT1M,1000000,1000000,Lethe,hub,0.0,2,0.0,0.0,0.983452,0.988308
SIFT1M,1000000,1000000,Lethe,hub,0.0,3,0.0,0.0,0.982679,0.986425
SIFT1M,1000000,1000000,Lethe,hub,0.0,4,0.0,0.0,0.978272,0.983571
SIFT1M,1000000,1000000,Lethe,hub,0.0,5,0.0,0.0,0.980235,0.984721
SIFT1M,1000000,1000000,Lethe,hub,0.0,6,0.0,0.0,0.982557,0.986483
SIFT1M,1000000,1000000,Lethe,hub,0.0,7,0.0,0.0,0.980811,0.986508
SIFT1M,1000000,1000000,Lethe,hub,0.0,8,0.0,0.0,0.978904,0.984884
SIFT1M,1000000,1000000,Lethe,hub,0.0,9,0.0,0.0,0.981817,0.987891
SIFT1M,1000000,1000000,Lethe-no-bypass,hub,0.0,0,0.0,0.0,0.933118,0.986643
SIFT1M,1000000,1000000,Lethe-no-bypass,hub,0.0,1,0.0,0.0,0.931629,0.98778
SIFT1M,1000000,1000000,Lethe-no-bypass,hub,0.0,2,0.0,0.0,0.932534,0.986548
SIFT1M,1000000,1000000,Lethe-no-bypass,hub,0.0,3,0.0,0.0,0.927057,0.984838
SIFT1M,1000000,1000000,Lethe-no-bypass,hub,0.0,4,0.0,0.0,0.929322,0.986451
SIFT1M,1000000,1000000,Lethe-no-bypass,hub,0.0,5,0.0,0.0,0.936165,0.989911
SIFT1M,1000000,1000000,Lethe-no-bypass,hub,0.0,6,0.0,0.0,0.93204,0.986584
SIFT1M,1000000,1000000,Lethe-no-bypass,hub,0.0,7,0.0,0.0,0.925923,0.983755
SIFT1M,1000000,1000000,Lethe-no-bypass,hub,0.0,8,0.0,0.0,0.928365,0.982482
SIFT1M,1000000,1000000,Lethe-no-bypass,hub,0.0,9,0.0,0.0,0.933977,0.989252
SIFT1M,1000000,1000000,Lethe-no-revaware-traversal,hub,0.0,0,0.0,0.0,0.962739,0.987363
SIFT1M,1000000,1000000,Lethe-no-revaware-traversal,hub,0.0,1,0.0,0.0,0.96755,0.987602
SIFT1M,1000000,1000000,Lethe-no-revaware-traversal,hub,0.0,2,0.0,0.0,0.960793,0.985624
SIFT1M,1000000,1000000,Lethe-no-revaware-traversal,hub,0.0,3,0.0,0.0,0.957913,0.986121
SIFT1M,1000000,1000000,Lethe-no-revaware-traversal,hub,0.0,4,0.0,0.0,0.959907,0.984554
SIFT1M,1000000,1000000,Lethe-no-revaware-traversal,hub,0.0,5,0.0,0.0,0.959726,0.985835
SIFT1M,1000000,1000000,Lethe-no-revaware-traversal,hub,0.0,6,0.0,0.0,0.956328,0.982323
SIFT1M,1000000,1000000,Lethe-no-revaware-traversal,hub,0.0,7,0.0,0.0,0.963658,0.988935
SIFT1M,1000000,1000000,Lethe-no-revaware-traversal,hub,0.0,8,0.0,0.0,0.963351,0.990074
SIFT1M,1000000,1000000,Lethe-no-revaware-traversal,hub,0.0,9,0.0,0.0,0.958347,0.983531
SIFT1M,1000000,1000000,Physical-delete,hub,0.0,0,0.0,0.0,0.946619,0.984282
SIFT1M,1000000,1000000,Physical-delete,hub,0.0,1,0.0,0.0,0.9505,0.987509
SIFT1M,1000000,1000000,Physical-delete,hub,0.0,2,0.0,0.0,0.948116,0.985795
SIFT1M,1000000,1000000,Physical-delete,hub,0.0,3,0.0,0.0,0.954106,0.98408
SIFT1M,1000000,1000000,Physical-delete,hub,0.0,4,0.0,0.0,0.952145,0.986323
SIFT1M,1000000,1000000,Physical-delete,hub,0.0,5,0.0,0.0,0.950852,0.985666
SIFT1M,1000000,1000000,Physical-delete,hub,0.0,6,0.0,0.0,0.946817,0.983695
SIFT1M,1000000,1000000,Physical-delete,hub,0.0,7,0.0,0.0,0.953076,0.987256
SIFT1M,1000000,1000000,Physical-delete,hub,0.0,8,0.0,0.0,0.949141,0.9821
SIFT1M,1000000,1000000,Physical-delete,hub,0.0,9,0.0,0.0,0.947204,0.987058
SIFT1M,1000000,1000000,Periodic-rebuild,hub,0.0,0,0.0,0.0,0.966335,0.983164
SIFT1M,1000000,1000000,Periodic-rebuild,hub,0.0,1,0.0,0.0,0.965124,0.982932
SIFT1M,1000000,1000000,Periodic-rebuild,hub,0.0,2,0.0,0.0,0.967963,0.986762
SIFT1M,1000000,1000000,Periodic-rebuild,hub,0.0,3,0.0,0.0,0.967904,0.987964
SIFT1M,1000000,1000000,Periodic-rebuild,hub,0.0,4,0.0,0.0,0.970647,0.986047
SIFT1M,1000000,1000000,Periodic-rebuild,hub,0.0,5,0.0,0.0,0.968464,0.984258
SIFT1M,1000000,1000000,Periodic-rebuild,hub,0.0,6,0.0,0.0,0.970886,0.987105
SIFT1M,1000000,1000000,Periodic-rebuild,hub,0.0,7,0.0,0.0,0.968172,0.985142
SIFT1M,1000000,1000000,Periodic-rebuild,hub,0.0,8,0.0,0.0,0.971032,0.98529
SIFT1M,1000000,1000000,Periodic-rebuild,hub,0.0,9,0.0,0.0,0.970592,0.989395
SIFT1M,1000000,1000000,Per-role-index,hub,0.0,0,0.0,0.0,0.984115,0.985956
SIFT1M,1000000,1000000,Per-role-index,hub,0.0,1,0.0,0.0,0.981424,0.986284
SIFT1M,1000000,1000000,Per-role-index,hub,0.0,2,0.0,0.0,0.983142,0.986798
SIFT1M,1000000,1000000,Per-role-index,hub,0.0,3,0.0,0.0,0.986205,0.987847
SIFT1M,1000000,1000000,Per-role-index,hub,0.0,4,0.0,0.0,0.986364,0.988942
SIFT1M,1000000,1000000,Per-role-index,hub,0.0,5,0.0,0.0,0.985859,0.988494
SIFT1M,1000000,1000000,Per-role-index,hub,0.0,6,0.0,0.0,0.983262,0.98905
SIFT1M,1000000,1000000,Per-role-index,hub,0.0,7,0.0,0.0,0.983593,0.987177
SIFT1M,1000000,1000000,Per-role-index,hub,0.0,8,0.0,0.0,0.981253,0.983609
SIFT1M,1000000,1000000,Per-role-index,hub,0.0,9,0.0,0.0,0.982903,0.985365
SIFT1M,1000000,1000000,ACORN,hub,0.0,0,0.0,0.0,0.964391,0.98535
SIFT1M,1000000,1000000,ACORN,hub,0.0,1,0.0,0.0,0.971763,0.98883
SIFT1M,1000000,1000000,ACORN,hub,0.0,2,0.0,0.0,0.961602,0.985609
SIFT1M,1000000,1000000,ACORN,hub,0.0,3,0.0,0.0,0.963717,0.987282
SIFT1M,1000000,1000000,ACORN,hub,0.0,4,0.0,0.0,0.962714,0.983553
SIFT1M,1000000,1000000,ACORN,hub,0.0,5,0.0,0.0,0.971003,0.987325
SIFT1M,1000000,1000000,ACORN,hub,0.0,6,0.0,0.0,0.96397,0.985589
SIFT1M,1000000,1000000,ACORN,hub,0.0,7,0.0,0.0,0.965733,0.98433
SIFT1M,1000000,1000000,ACORN,hub,0.0,8,0.0,0.0,0.966075,0.986906
SIFT1M,1000000,1000000,ACORN,hub,0.0,9,0.0,0.0,0.96322,0.983703
SIFT1M,1000000,1000000,HoneyBee,hub,0.0,0,0.0,0.0,0.962895,0.985412
SIFT1M,1000000,1000000,HoneyBee,hub,0.0,1,0.0,0.0,0.967772,0.984715
SIFT1M,1000000,1000000,HoneyBee,hub,0.0,2,0.0,0.0,0.9682,0.985706
SIFT1M,1000000,1000000,HoneyBee,hub,0.0,3,0.0,0.0,0.967478,0.985369
SIFT1M,1000000,1000000,HoneyBee,hub,0.0,4,0.0,0.0,0.96655,0.988059
SIFT1M,1000000,1000000,HoneyBee,hub,0.0,5,0.0,0.0,0.962349,0.983461
SIFT1M,1000000,1000000,HoneyBee,hub,0.0,6,0.0,0.0,0.966261,0.983238
SIFT1M,1000000,1000000,HoneyBee,hub,0.0,7,0.0,0.0,0.972258,0.988436
SIFT1M,1000000,1000000,HoneyBee,hub,0.0,8,0.0,0.0,0.965776,0.982376
SIFT1M,1000000,1000000,HoneyBee,hub,0.0,9,0.0,0.0,0.970623,0.987826
SIFT1M,1000000,1000000,SPFresh,hub,0.0,0,0.0,0.0,0.96022,0.988797
SIFT1M,1000000,1000000,SPFresh,hub,0.0,1,0.0,0.0,0.959913,0.986721
SIFT1M,1000000,1000000,SPFresh,hub,0.0,2,0.0,0.0,0.955294,0.9824
SIFT1M,1000000,1000000,SPFresh,hub,0.0,3,0.0,0.0,0.959675,0.983975
SIFT1M,1000000,1000000,SPFresh,hub,0.0,4,0.0,0.0,0.962486,0.985836
SIFT1M,1000000,1000000,SPFresh,hub,0.0,5,0.0,0.0,0.958129,0.984843
SIFT1M,1000000,1000000,SPFresh,hub,0.0,6,0.0,0.0,0.958233,0.984707
SIFT1M,1000000,1000000,SPFresh,hub,0.0,7,0.0,0.0,0.963482,0.986326
SIFT1M,1000000,1000000,SPFresh,hub,0.0,8,0.0,0.0,0.965224,0.989462
SIFT1M,1000000,1000000,SPFresh,hub,0.0,9,0.0,0.0,0.959155,0.98706
SIFT1M,1000000,1000000,Oracle,hub,0.0,0,0.0,0.0,0.985777,0.985777
SIFT1M,1000000,1000000,Oracle,hub,0.0,1,0.0,0.0,0.986441,0.986441
SIFT1M,1000000,1000000,Oracle,hub,0.0,2,0.0,0.0,0.986348,0.986348
SIFT1M,1000000,1000000,Oracle,hub,0.0,3,0.0,0.0,0.986546,0.986546
SIFT1M,1000000,1000000,Oracle,hub,0.0,4,0.0,0.0,0.987484,0.987484
SIFT1M,1000000,1000000,Oracle,hub,0.0,5,0.0,0.0,0.984748,0.984748
SIFT1M,1000000,1000000,Oracle,hub,0.0,6,0.0,0.0,0.98643,0.98643
SIFT1M,1000000,1000000,Oracle,hub,0.0,7,0.0,0.0,0.984236,0.984236
SIFT1M,1000000,1000000,Oracle,hub,0.0,8,0.0,0.0,0.986802,0.986802
SIFT1M,1000000,1000000,Oracle,hub,0.0,9,0.0,0.0,0.986227,0.986227
SIFT1M,1000000,1000000,Tombstone,hub,0.1,0,0.0,0.062634,0.94904,0.986201
SIFT1M,1000000,1000000,Tombstone,hub,0.1,1,0.0,0.062244,0.946388,0.987119
SIFT1M,1000000,1000000,Tombstone,hub,0.1,2,0.0,0.061492,0.942614,0.982324
SIFT1M,1000000,1000000,Tombstone,hub,0.1,3,0.0,0.065129,0.948607,0.985881
SIFT1M,1000000,1000000,Tombstone,hub,0.1,4,0.0,0.064755,0.947707,0.986342
SIFT1M,1000000,1000000,Tombstone,hub,0.1,5,0.0,0.066102,0.945915,0.98733
SIFT1M,1000000,1000000,Tombstone,hub,0.1,6,0.0,0.058344,0.947983,0.98474
SIFT1M,1000000,1000000,Tombstone,hub,0.1,7,0.0,0.061433,0.943732,0.983927
SIFT1M,1000000,1000000,Tombstone,hub,0.1,8,0.0,0.066464,0.945461,0.985107
SIFT1M,1000000,1000000,Tombstone,hub,0.1,9,0.0,0.066664,0.952105,0.988119
SIFT1M,1000000,1000000,Post-filter,hub,0.1,0,0.0,0.075303,0.941244,0.986064
SIFT1M,1000000,1000000,Post-filter,hub,0.1,1,0.0,0.067954,0.942276,0.987076
SIFT1M,1000000,1000000,Post-filter,hub,0.1,2,0.0,0.069393,0.942879,0.986021
SIFT1M,1000000,1000000,Post-filter,hub,0.1,3,0.0,0.068631,0.945258,0.988732
SIFT1M,1000000,1000000,Post-filter,hub,0.1,4,0.0,0.066995,0.942832,0.984862
SIFT1M,1000000,1000000,Post-filter,hub,0.1,5,0.0,0.070486,0.941882,0.986469
SIFT1M,1000000,1000000,Post-filter,hub,0.1,6,0.0,0.07025,0.940633,0.984233
SIFT1M,1000000,1000000,Post-filter,hub,0.1,7,0.0,0.067454,0.939702,0.981932
SIFT1M,1000000,1000000,Post-filter,hub,0.1,8,0.0,0.069072,0.941426,0.986172
SIFT1M,1000000,1000000,Post-filter,hub,0.1,9,0.0,0.072544,0.937155,0.984472
SIFT1M,1000000,1000000,Lethe,hub,0.1,0,0.0,0.001569,0.981362,0.98577
SIFT1M,1000000,1000000,Lethe,hub,0.1,1,0.0,0.005732,0.981868,0.987426
SIFT1M,1000000,1000000,Lethe,hub,0.1,2,0.0,0.0,0.981213,0.985705
SIFT1M,1000000,1000000,Lethe,hub,0.1,3,0.0,0.009132,0.985792,0.988643
SIFT1M,1000000,1000000,Lethe,hub,0.1,4,0.0,0.0,0.981161,0.98675
SIFT1M,1000000,1000000,Lethe,hub,0.1,5,0.0,0.006498,0.979762,0.984095
SIFT1M,1000000,1000000,Lethe,hub,0.1,6,0.0,0.004313,0.98622,0.98825
SIFT1M,1000000,1000000,Lethe,hub,0.1,7,0.0,0.002111,0.979977,0.985427
SIFT1M,1000000,1000000,Lethe,hub,0.1,8,0.0,0.000336,0.979257,0.984409
SIFT1M,1000000,1000000,Lethe,hub,0.1,9,0.0,0.00349,0.98575,0.988705
SIFT1M,1000000,1000000,Lethe-no-bypass,hub,0.1,0,0.0,0.021611,0.930596,0.984114
SIFT1M,1000000,1000000,Lethe-no-bypass,hub,0.1,1,0.0,0.02081,0.932448,0.986563
SIFT1M,1000000,1000000,Lethe-no-bypass,hub,0.1,2,0.0,0.018013,0.934691,0.988394
SIFT1M,1000000,1000000,Lethe-no-bypass,hub,0.1,3,0.0,0.015195,0.934954,0.98965
SIFT1M,1000000,1000000,Lethe-no-bypass,hub,0.1,4,0.0,0.022684,0.93249,0.987726
SIFT1M,1000000,1000000,Lethe-no-bypass,hub,0.1,5,0.0,0.021474,0.932526,0.988842
SIFT1M,1000000,1000000,Lethe-no-bypass,hub,0.1,6,0.0,0.023199,0.929883,0.982808
SIFT1M,1000000,1000000,Lethe-no-bypass,hub,0.1,7,0.0,0.022051,0.935575,0.988058
SIFT1M,1000000,1000000,Lethe-no-bypass,hub,0.1,8,0.0,0.023764,0.929593,0.985501
SIFT1M,1000000,1000000,Lethe-no-bypass,hub,0.1,9,0.0,0.018028,0.935215,0.988513
SIFT1M,1000000,1000000,Lethe-no-revaware-traversal,hub,0.1,0,0.0,0.057464,0.960525,0.984984
SIFT1M,1000000,1000000,Lethe-no-revaware-traversal,hub,0.1,1,0.0,0.060496,0.957316,0.983511
SIFT1M,1000000,1000000,Lethe-no-revaware-traversal,hub,0.1,2,0.0,0.064978,0.965009,0.991221
SIFT1M,1000000,1000000,Lethe-no-revaware-traversal,hub,0.1,3,0.0,0.054644,0.963223,0.984967
SIFT1M,1000000,1000000,Lethe-no-revaware-traversal,hub,0.1,4,0.0,0.054047,0.962279,0.985983
SIFT1M,1000000,1000000,Lethe-no-revaware-traversal,hub,0.1,5,0.0,0.057952,0.964006,0.988448
SIFT1M,1000000,1000000,Lethe-no-revaware-traversal,hub,0.1,6,0.0,0.058374,0.963411,0.989974
SIFT1M,1000000,1000000,Lethe-no-revaware-traversal,hub,0.1,7,0.0,0.058171,0.9575,0.981438
SIFT1M,1000000,1000000,Lethe-no-revaware-traversal,hub,0.1,8,0.0,0.05911,0.961145,0.986386
SIFT1M,1000000,1000000,Lethe-no-revaware-traversal,hub,0.1,9,0.0,0.061112,0.959186,0.985316
SIFT1M,1000000,1000000,Physical-delete,hub,0.1,0,0.0,0.014645,0.952243,0.98658
SIFT1M,1000000,1000000,Physical-delete,hub,0.1,1,0.0,0.013288,0.956211,0.988997
SIFT1M,1000000,1000000,Physical-delete,hub,0.1,2,0.0,0.008345,0.945712,0.985914
SIFT1M,1000000,1000000,Physical-delete,hub,0.1,3,0.0,0.013947,0.951263,0.986994
SIFT1M,1000000,1000000,Physical-delete,hub,0.1,4,0.0,0.013053,0.951264,0.990023
SIFT1M,1000000,1000000,Physical-delete,hub,0.1,5,0.0,0.014627,0.948617,0.98562
SIFT1M,1000000,1000000,Physical-delete,hub,0.1,6,0.0,0.016751,0.945061,0.982279
SIFT1M,1000000,1000000,Physical-delete,hub,0.1,7,0.0,0.013571,0.950307,0.987932
SIFT1M,1000000,1000000,Physical-delete,hub,0.1,8,0.0,0.017933,0.952764,0.985874
SIFT1M,1000000,1000000,Physical-delete,hub,0.1,9,0.0,0.01041,0.947611,0.985042
SIFT1M,1000000,1000000,Periodic-rebuild,hub,0.1,0,0.0,0.031437,0.96877,0.985153
SIFT1M,1000000,1000000,Periodic-rebuild,hub,0.1,1,0.0,0.027665,0.968359,0.986061
SIFT1M,1000000,1000000,Periodic-rebuild,hub,0.1,2,0.0,0.030549,0.966501,0.984849
SIFT1M,1000000,1000000,Periodic-rebuild,hub,0.1,3,0.0,0.02571,0.960124,0.982336
SIFT1M,1000000,1000000,Periodic-rebuild,hub,0.1,4,0.0,0.026584,0.973091,0.988616
SIFT1M,1000000,1000000,Periodic-rebuild,hub,0.1,5,0.0,0.028676,0.970361,0.988376
SIFT1M,1000000,1000000,Periodic-rebuild,hub,0.1,6,0.0,0.030305,0.970023,0.986509
SIFT1M,1000000,1000000,Periodic-rebuild,hub,0.1,7,0.0,0.02663,0.968233,0.986146
SIFT1M,1000000,1000000,Periodic-rebuild,hub,0.1,8,0.0,0.026493,0.968548,0.985205
SIFT1M,1000000,1000000,Periodic-rebuild,hub,0.1,9,0.0,0.028808,0.964729,0.985133
SIFT1M,1000000,1000000,Per-role-index,hub,0.1,0,0.0,0.003249,0.978025,0.984877
SIFT1M,1000000,1000000,Per-role-index,hub,0.1,1,0.0,0.000699,0.982132,0.985912
SIFT1M,1000000,1000000,Per-role-index,hub,0.1,2,0.0,0.007173,0.981788,0.985854
SIFT1M,1000000,1000000,Per-role-index,hub,0.1,3,0.0,0.0,0.983039,0.986919
SIFT1M,1000000,1000000,Per-role-index,hub,0.1,4,0.0,0.006708,0.984004,0.986788
SIFT1M,1000000,1000000,Per-role-index,hub,0.1,5,0.0,0.002815,0.978156,0.983424
SIFT1M,1000000,1000000,Per-role-index,hub,0.1,6,0.0,0.006261,0.984384,0.986301
SIFT1M,1000000,1000000,Per-role-index,hub,0.1,7,0.0,0.001536,0.987838,0.992
SIFT1M,1000000,1000000,Per-role-index,hub,0.1,8,0.0,0.00369,0.985686,0.986541
SIFT1M,1000000,1000000,Per-role-index,hub,0.1,9,0.0,0.001252,0.98041,0.986129
SIFT1M,1000000,1000000,ACORN,hub,0.1,0,0.0,0.028266,0.966298,0.986019
SIFT1M,1000000,1000000,ACORN,hub,0.1,1,0.0,0.027512,0.965226,0.986125
SIFT1M,1000000,1000000,ACORN,hub,0.1,2,0.0,0.028618,0.965079,0.987264
SIFT1M,1000000,1000000,ACORN,hub,0.1,3,0.0,0.025059,0.969197,0.989909
SIFT1M,1000000,1000000,ACORN,hub,0.1,4,0.0,0.027872,0.970748,0.987424
SIFT1M,1000000,1000000,ACORN,hub,0.1,5,0.0,0.024896,0.967973,0.98656
SIFT1M,1000000,1000000,ACORN,hub,0.1,6,0.0,0.025653,0.965204,0.985604
SIFT1M,1000000,1000000,ACORN,hub,0.1,7,0.0,0.023741,0.964894,0.985445
SIFT1M,1000000,1000000,ACORN,hub,0.1,8,0.0,0.027508,0.968525,0.985857
SIFT1M,1000000,1000000,ACORN,hub,0.1,9,0.0,0.027423,0.96723,0.984935
SIFT1M,1000000,1000000,HoneyBee,hub,0.1,0,0.0,0.024104,0.966123,0.98546
SIFT1M,1000000,1000000,HoneyBee,hub,0.1,1,0.0,0.019735,0.970292,0.987328
SIFT1M,1000000,1000000,HoneyBee,hub,0.1,2,0.0,0.021897,0.966743,0.986006
SIFT1M,1000000,1000000,HoneyBee,hub,0.1,3,0.0,0.020891,0.968683,0.987524
SIFT1M,1000000,1000000,HoneyBee,hub,0.1,4,0.0,0.020384,0.967816,0.988197
SIFT1M,1000000,1000000,HoneyBee,hub,0.1,5,0.0,0.023029,0.965158,0.985905
SIFT1M,1000000,1000000,HoneyBee,hub,0.1,6,0.0,0.026842,0.961077,0.982386
SIFT1M,1000000,1000000,HoneyBee,hub,0.1,7,0.0,0.025107,0.968247,0.984386
SIFT1M,1000000,1000000,HoneyBee,hub,0.1,8,0.0,0.018701,0.969354,0.986746
SIFT1M,1000000,1000000,HoneyBee,hub,0.1,9,0.0,0.020191,0.966502,0.984776
SIFT1M,1000000,1000000,SPFresh,hub,0.1,0,0.0,0.041492,0.957455,0.985571
SIFT1M,1000000,1000000,SPFresh,hub,0.1,1,0.0,0.03957,0.958052,0.98705
SIFT1M,1000000,1000000,SPFresh,hub,0.1,2,0.0,0.03857,0.958446,0.984116
SIFT1M,1000000,1000000,SPFresh,hub,0.1,3,0.0,0.040573,0.959345,0.984798
SIFT1M,1000000,1000000,SPFresh,hub,0.1,4,0.0,0.037606,0.958556,0.984246
SIFT1M,1000000,1000000,SPFresh,hub,0.1,5,0.0,0.036252,0.963297,0.987916
SIFT1M,1000000,1000000,SPFresh,hub,0.1,6,0.0,0.035556,0.955027,0.984123
SIFT1M,1000000,1000000,SPFresh,hub,0.1,7,0.0,0.046008,0.963846,0.986931
SIFT1M,1000000,1000000,SPFresh,hub,0.1,8,0.0,0.037543,0.959945,0.98613
SIFT1M,1000000,1000000,SPFresh,hub,0.1,9,0.0,0.037696,0.961586,0.985941
SIFT1M,1000000,1000000,Oracle,hub,0.1,0,0.0,0.0,0.988682,0.988682
SIFT1M,1000000,1000000,Oracle,hub,0.1,1,0.0,0.0,0.988789,0.988789
SIFT1M,1000000,1000000,Oracle,hub,0.1,2,0.0,0.0,0.983705,0.983705
SIFT1M,1000000,1000000,Oracle,hub,0.1,3,0.0,0.0,0.980061,0.980061
SIFT1M,1000000,1000000,Oracle,hub,0.1,4,0.0,0.0,0.985923,0.985923
SIFT1M,1000000,1000000,Oracle,hub,0.1,5,0.0,0.0,0.983465,0.983465
SIFT1M,1000000,1000000,Oracle,hub,0.1,6,0.0,0.0,0.989548,0.989548
SIFT1M,1000000,1000000,Oracle,hub,0.1,7,0.0,0.0,0.987563,0.987563
SIFT1M,1000000,1000000,Oracle,hub,0.1,8,0.0,0.0,0.982658,0.982658
SIFT1M,1000000,1000000,Oracle,hub,0.1,9,0.0,0.0,0.983501,0.983501
SIFT1M,1000000,1000000,Tombstone,hub,0.2,0,0.0,0.113445,0.947062,0.987296
SIFT1M,1000000,1000000,Tombstone,hub,0.2,1,0.0,0.116025,0.94945,0.986543
SIFT1M,1000000,1000000,Tombstone,hub,0.2,2,0.0,0.10895,0.945713,0.987722
SIFT1M,1000000,1000000,Tombstone,hub,0.2,3,0.0,0.112779,0.948069,0.985869
SIFT1M,1000000,1000000,Tombstone,hub,0.2,4,0.0,0.104917,0.948011,0.987013
SIFT1M,1000000,1000000,Tombstone,hub,0.2,5,0.0,0.111727,0.948064,0.98524
SIFT1M,1000000,1000000,Tombstone,hub,0.2,6,0.0,0.113491,0.945758,0.984031
SIFT1M,1000000,1000000,Tombstone,hub,0.2,7,0.0,0.108604,0.94731,0.985827
SIFT1M,1000000,1000000,Tombstone,hub,0.2,8,0.0,0.110516,0.955673,0.990919
SIFT1M,1000000,1000000,Tombstone,hub,0.2,9,0.0,0.103819,0.94485,0.98497
SIFT1M,1000000,1000000,Post-filter,hub,0.2,0,0.0,0.127779,0.944017,0.988043
SIFT1M,1000000,1000000,Post-filter,hub,0.2,1,0.0,0.116537,0.943157,0.986548
SIFT1M,1000000,1000000,Post-filter,hub,0.2,2,0.0,0.122949,0.945293,0.987784
SIFT1M,1000000,1000000,Post-filter,hub,0.2,3,0.0,0.122513,0.939592,0.983813
SIFT1M,1000000,1000000,Post-filter,hub,0.2,4,0.0,0.11851,0.940011,0.986879
SIFT1M,1000000,1000000,Post-filter,hub,0.2,5,0.0,0.125558,0.941118,0.986328
SIFT1M,1000000,1000000,Post-filter,hub,0.2,6,0.0,0.121032,0.941825,0.987646
SIFT1M,1000000,1000000,Post-filter,hub,0.2,7,0.0,0.123143,0.93682,0.985468
SIFT1M,1000000,1000000,Post-filter,hub,0.2,8,0.0,0.125798,0.941061,0.986658
SIFT1M,1000000,1000000,Post-filter,hub,0.2,9,0.0,0.117589,0.941926,0.985957
SIFT1M,1000000,1000000,Lethe,hub,0.2,0,0.0,0.004774,0.985289,0.989227
SIFT1M,1000000,1000000,Lethe,hub,0.2,1,0.0,0.009621,0.983481,0.985985
SIFT1M,1000000,1000000,Lethe,hub,0.2,2,0.0,0.002379,0.982942,0.98755
SIFT1M,1000000,1000000,Lethe,hub,0.2,3,0.0,0.002376,0.982501,0.987307
SIFT1M,1000000,1000000,Lethe,hub,0.2,4,0.0,0.004846,0.984789,0.989822
SIFT1M,1000000,1000000,Lethe,hub,0.2,5,0.0,0.006364,0.982366,0.986015
SIFT1M,1000000,1000000,Lethe,hub,0.2,6,0.0,0.004296,0.983067,0.987343
SIFT1M,1000000,1000000,Lethe,hub,0.2,7,0.0,0.01028,0.983253,0.985535
SIFT1M,1000000,1000000,Lethe,hub,0.2,8,0.0,0.009212,0.97898,0.984341
SIFT1M,1000000,1000000,Lethe,hub,0.2,9,0.0,0.01172,0.98099,0.986414
SIFT1M,1000000,1000000,Lethe-no-bypass,hub,0.2,0,0.0,0.036511,0.932851,0.988031
SIFT1M,1000000,1000000,Lethe-no-bypass,hub,0.2,1,0.0,0.036135,0.931291,0.988365
SIFT1M,1000000,1000000,Lethe-no-bypass,hub,0.2,2,0.0,0.043004,0.929931,0.988208
SIFT1M,1000000,1000000,Lethe-no-bypass,hub,0.2,3,0.0,0.038458,0.931278,0.985941
SIFT1M,1000000,1000000,Lethe-no-bypass,hub,0.2,4,0.0,0.041413,0.935834,0.987794
SIFT1M,1000000,1000000,Lethe-no-bypass,hub,0.2,5,0.0,0.040238,0.933023,0.984542
SIFT1M,1000000,1000000,Lethe-no-bypass,hub,0.2,6,0.0,0.036843,0.926855,0.98267
SIFT1M,1000000,1000000,Lethe-no-bypass,hub,0.2,7,0.0,0.035037,0.932878,0.984652
SIFT1M,1000000,1000000,Lethe-no-bypass,hub,0.2,8,0.0,0.04256,0.936945,0.992
SIFT1M,1000000,1000000,Lethe-no-bypass,hub,0.2,9,0.0,0.042633,0.928332,0.984558
SIFT1M,1000000,1000000,Lethe-no-revaware-traversal,hub,0.2,0,0.0,0.105648,0.9584,0.98318
SIFT1M,1000000,1000000,Lethe-no-revaware-traversal,hub,0.2,1,0.0,0.101534,0.958172,0.98367
SIFT1M,1000000,1000000,Lethe-no-revaware-traversal,hub,0.2,2,0.0,0.108402,0.962627,0.988866
SIFT1M,1000000,1000000,Lethe-no-revaware-traversal,hub,0.2,3,0.0,0.107929,0.9604,0.985883
SIFT1M,1000000,1000000,Lethe-no-revaware-traversal,hub,0.2,4,0.0,0.103989,0.959456,0.985214
SIFT1M,1000000,1000000,Lethe-no-revaware-traversal,hub,0.2,5,0.0,0.103272,0.957355,0.98599
SIFT1M,1000000,1000000,Lethe-no-revaware-traversal,hub,0.2,6,0.0,0.105467,0.95889,0.985792
SIFT1M,1000000,1000000,Lethe-no-revaware-traversal,hub,0.2,7,0.0,0.108594,0.961376,0.984567
SIFT1M,1000000,1000000,Lethe-no-revaware-traversal,hub,0.2,8,0.0,0.10664,0.964738,0.988018
SIFT1M,1000000,1000000,Lethe-no-revaware-traversal,hub,0.2,9,0.0,0.104005,0.960233,0.986558
SIFT1M,1000000,1000000,Physical-delete,hub,0.2,0,0.0,0.028281,0.946769,0.983536
SIFT1M,1000000,1000000,Physical-delete,hub,0.2,1,0.0,0.028549,0.953251,0.987839
SIFT1M,1000000,1000000,Physical-delete,hub,0.2,2,0.0,0.026283,0.945521,0.983962
SIFT1M,1000000,1000000,Physical-delete,hub,0.2,3,0.0,0.031441,0.947851,0.984545
SIFT1M,1000000,1000000,Physical-delete,hub,0.2,4,0.0,0.024595,0.949191,0.987928
SIFT1M,1000000,1000000,Physical-delete,hub,0.2,5,0.0,0.024718,0.948773,0.985603
SIFT1M,1000000,1000000,Physical-delete,hub,0.2,6,0.0,0.024622,0.951833,0.987193
SIFT1M,1000000,1000000,Physical-delete,hub,0.2,7,0.0,0.026874,0.953817,0.98556
SIFT1M,1000000,1000000,Physical-delete,hub,0.2,8,0.0,0.030867,0.947242,0.984075
SIFT1M,1000000,1000000,Physical-delete,hub,0.2,9,0.0,0.02474,0.951614,0.986411
SIFT1M,1000000,1000000,Periodic-rebuild,hub,0.2,0,0.0,0.058335,0.966868,0.986462
SIFT1M,1000000,1000000,Periodic-rebuild,hub,0.2,1,0.0,0.053019,0.96768,0.985985
SIFT1M,1000000,1000000,Periodic-rebuild,hub,0.2,2,0.0,0.050462,0.965117,0.982175
SIFT1M,1000000,1000000,Periodic-rebuild,hub,0.2,3,0.0,0.051461,0.966054,0.985037
SIFT1M,1000000,1000000,Periodic-rebuild,hub,0.2,4,0.0,0.050783,0.965407,0.983937
SIFT1M,1000000,1000000,Periodic-rebuild,hub,0.2,5,0.0,0.054797,0.969351,0.986855
SIFT1M,1000000,1000000,Periodic-rebuild,hub,0.2,6,0.0,0.054581,0.971742,0.989575
SIFT1M,1000000,1000000,Periodic-rebuild,hub,0.2,7,0.0,0.048745,0.967272,0.986229
SIFT1M,1000000,1000000,Periodic-rebuild,hub,0.2,8,0.0,0.045225,0.966883,0.987465
SIFT1M,1000000,1000000,Periodic-rebuild,hub,0.2,9,0.0,0.053558,0.963026,0.982389
SIFT1M,1000000,1000000,Per-role-index,hub,0.2,0,0.0,0.008335,0.976958,0.983499
SIFT1M,1000000,1000000,Per-role-index,hub,0.2,1,0.0,0.008211,0.980607,0.987162
SIFT1M,1000000,1000000,Per-role-index,hub,0.2,2,0.0,0.00331,0.983675,0.987655
SIFT1M,1000000,1000000,Per-role-index,hub,0.2,3,0.0,0.001287,0.985662,0.98838
SIFT1M,1000000,1000000,Per-role-index,hub,0.2,4,0.0,0.005484,0.983111,0.986162
SIFT1M,1000000,1000000,Per-role-index,hub,0.2,5,0.0,0.002117,0.978953,0.984387
SIFT1M,1000000,1000000,Per-role-index,hub,0.2,6,0.0,0.004722,0.982849,0.985437
SIFT1M,1000000,1000000,Per-role-index,hub,0.2,7,0.0,0.006499,0.983854,0.986108
SIFT1M,1000000,1000000,Per-role-index,hub,0.2,8,0.0,0.005281,0.982273,0.986165
SIFT1M,1000000,1000000,Per-role-index,hub,0.2,9,0.0,0.003025,0.979681,0.988244
SIFT1M,1000000,1000000,ACORN,hub,0.2,0,0.0,0.051196,0.965265,0.984574
SIFT1M,1000000,1000000,ACORN,hub,0.2,1,0.0,0.042842,0.96397,0.98509
SIFT1M,1000000,1000000,ACORN,hub,0.2,2,0.0,0.043987,0.968177,0.986484
SIFT1M,1000000,1000000,ACORN,hub,0.2,3,0.0,0.047496,0.964945,0.986048
SIFT1M,1000000,1000000,ACORN,hub,0.2,4,0.0,0.048264,0.963034,0.985012
SIFT1M,1000000,1000000,ACORN,hub,0.2,5,0.0,0.049471,0.966805,0.987784
SIFT1M,1000000,1000000,ACORN,hub,0.2,6,0.0,0.042332,0.966835,0.986541
SIFT1M,1000000,1000000,ACORN,hub,0.2,7,0.0,0.042994,0.965825,0.986309
SIFT1M,1000000,1000000,ACORN,hub,0.2,8,0.0,0.050868,0.965716,0.984957
SIFT1M,1000000,1000000,ACORN,hub,0.2,9,0.0,0.041398,0.966863,0.986068
SIFT1M,1000000,1000000,HoneyBee,hub,0.2,0,0.0,0.045051,0.967509,0.986721
SIFT1M,1000000,1000000,HoneyBee,hub,0.2,1,0.0,0.043368,0.96205,0.983308
SIFT1M,1000000,1000000,HoneyBee,hub,0.2,2,0.0,0.033333,0.968149,0.987305
SIFT1M,1000000,1000000,HoneyBee,hub,0.2,3,0.0,0.045329,0.968523,0.986899
SIFT1M,1000000,1000000,HoneyBee,hub,0.2,4,0.0,0.037706,0.965461,0.982733
SIFT1M,1000000,1000000,HoneyBee,hub,0.2,5,0.0,0.037139,0.967185,0.983938
SIFT1M,1000000,1000000,HoneyBee,hub,0.2,6,0.0,0.041118,0.970314,0.986156
SIFT1M,1000000,1000000,HoneyBee,hub,0.2,7,0.0,0.0445,0.969273,0.984575
SIFT1M,1000000,1000000,HoneyBee,hub,0.2,8,0.0,0.03441,0.972903,0.986261
SIFT1M,1000000,1000000,HoneyBee,hub,0.2,9,0.0,0.046549,0.969001,0.986162
SIFT1M,1000000,1000000,SPFresh,hub,0.2,0,0.0,0.06414,0.960016,0.985444
SIFT1M,1000000,1000000,SPFresh,hub,0.2,1,0.0,0.073313,0.961758,0.988797
SIFT1M,1000000,1000000,SPFresh,hub,0.2,2,0.0,0.072097,0.958092,0.98259
SIFT1M,1000000,1000000,SPFresh,hub,0.2,3,0.0,0.071938,0.955992,0.984633
SIFT1M,1000000,1000000,SPFresh,hub,0.2,4,0.0,0.070122,0.95748,0.983431
SIFT1M,1000000,1000000,SPFresh,hub,0.2,5,0.0,0.070102,0.953627,0.982178
SIFT1M,1000000,1000000,SPFresh,hub,0.2,6,0.0,0.066148,0.958695,0.988094
SIFT1M,1000000,1000000,SPFresh,hub,0.2,7,0.0,0.062886,0.959902,0.985021
SIFT1M,1000000,1000000,SPFresh,hub,0.2,8,0.0,0.065304,0.962067,0.987317
SIFT1M,1000000,1000000,SPFresh,hub,0.2,9,0.0,0.065234,0.95758,0.984506
SIFT1M,1000000,1000000,Oracle,hub,0.2,0,0.0,0.0,0.984929,0.984929
SIFT1M,1000000,1000000,Oracle,hub,0.2,1,0.0,0.0,0.987179,0.987179
SIFT1M,1000000,1000000,Oracle,hub,0.2,2,0.0,0.0,0.984978,0.984978
SIFT1M,1000000,1000000,Oracle,hub,0.2,3,0.0,0.0,0.984811,0.984811
SIFT1M,1000000,1000000,Oracle,hub,0.2,4,0.0,0.0,0.985797,0.985797
SIFT1M,1000000,1000000,Oracle,hub,0.2,5,0.0,0.0,0.988117,0.988117
SIFT1M,1000000,1000000,Oracle,hub,0.2,6,0.0,0.0,0.983664,0.983664
SIFT1M,1000000,1000000,Oracle,hub,0.2,7,0.0,0.0,0.988129,0.988129
SIFT1M,1000000,1000000,Oracle,hub,0.2,8,0.0,0.0,0.98634,0.98634
SIFT1M,1000000,1000000,Oracle,hub,0.2,9,0.0,0.0,0.988863,0.988863
SIFT1M,1000000,1000000,Tombstone,hub,0.3,0,0.0,0.14653,0.945908,0.98547
SIFT1M,1000000,1000000,Tombstone,hub,0.3,1,0.0,0.150699,0.942457,0.983443
SIFT1M,1000000,1000000,Tombstone,hub,0.3,2,0.0,0.154397,0.94878,0.985788
SIFT1M,1000000,1000000,Tombstone,hub,0.3,3,0.0,0.153872,0.948653,0.983962
SIFT1M,1000000,1000000,Tombstone,hub,0.3,4,0.0,0.149434,0.949818,0.991367
SIFT1M,1000000,1000000,Tombstone,hub,0.3,5,0.0,0.149794,0.951694,0.988468
SIFT1M,1000000,1000000,Tombstone,hub,0.3,6,0.0,0.149007,0.948873,0.988439
SIFT1M,1000000,1000000,Tombstone,hub,0.3,7,0.0,0.156918,0.947253,0.990094
SIFT1M,1000000,1000000,Tombstone,hub,0.3,8,0.0,0.146755,0.945602,0.987566
SIFT1M,1000000,1000000,Tombstone,hub,0.3,9,0.0,0.157161,0.946774,0.985698
SIFT1M,1000000,1000000,Post-filter,hub,0.3,0,0.0,0.163941,0.941546,0.986369
SIFT1M,1000000,1000000,Post-filter,hub,0.3,1,0.0,0.158808,0.940384,0.985007
SIFT1M,1000000,1000000,Post-filter,hub,0.3,2,0.0,0.163067,0.944627,0.988725
SIFT1M,1000000,1000000,Post-filter,hub,0.3,3,0.0,0.161462,0.939716,0.984864
SIFT1M,1000000,1000000,Post-filter,hub,0.3,4,0.0,0.165649,0.945532,0.990462
SIFT1M,1000000,1000000,Post-filter,hub,0.3,5,0.0,0.163091,0.942526,0.986017
SIFT1M,1000000,1000000,Post-filter,hub,0.3,6,0.0,0.164782,0.939833,0.984449
SIFT1M,1000000,1000000,Post-filter,hub,0.3,7,0.0,0.162327,0.939332,0.983668
SIFT1M,1000000,1000000,Post-filter,hub,0.3,8,0.0,0.161294,0.940047,0.985276
SIFT1M,1000000,1000000,Post-filter,hub,0.3,9,0.0,0.158791,0.942983,0.986107
SIFT1M,1000000,1000000,Lethe,hub,0.3,0,0.0,0.010186,0.980466,0.986685
SIFT1M,1000000,1000000,Lethe,hub,0.3,1,0.0,0.007827,0.978404,0.985463
SIFT1M,1000000,1000000,Lethe,hub,0.3,2,0.0,0.00559,0.980255,0.984943
SIFT1M,1000000,1000000,Lethe,hub,0.3,3,0.0,0.007857,0.979287,0.984512
SIFT1M,1000000,1000000,Lethe,hub,0.3,4,0.0,0.005335,0.983495,0.988552
SIFT1M,1000000,1000000,Lethe,hub,0.3,5,0.0,0.012666,0.983512,0.988504
SIFT1M,1000000,1000000,Lethe,hub,0.3,6,0.0,0.000465,0.978909,0.983898
SIFT1M,1000000,1000000,Lethe,hub,0.3,7,0.0,0.005781,0.97946,0.984602
SIFT1M,1000000,1000000,Lethe,hub,0.3,8,0.0,0.011553,0.979988,0.984421
SIFT1M,1000000,1000000,Lethe,hub,0.3,9,0.0,0.000427,0.980903,0.985001
SIFT1M,1000000,1000000,Lethe-no-bypass,hub,0.3,0,0.0,0.053368,0.93226,0.988375
SIFT1M,1000000,1000000,Lethe-no-bypass,hub,0.3,1,0.0,0.051157,0.935039,0.986711
SIFT1M,1000000,1000000,Lethe-no-bypass,hub,0.3,2,0.0,0.055558,0.934135,0.987721
SIFT1M,1000000,1000000,Lethe-no-bypass,hub,0.3,3,0.0,0.056407,0.929825,0.985302
SIFT1M,1000000,1000000,Lethe-no-bypass,hub,0.3,4,0.0,0.04947,0.927863,0.986248
SIFT1M,1000000,1000000,Lethe-no-bypass,hub,0.3,5,0.0,0.049367,0.931927,0.983824
SIFT1M,1000000,1000000,Lethe-no-bypass,hub,0.3,6,0.0,0.04897,0.927511,0.983859
SIFT1M,1000000,1000000,Lethe-no-bypass,hub,0.3,7,0.0,0.052496,0.932815,0.98601
SIFT1M,1000000,1000000,Lethe-no-bypass,hub,0.3,8,0.0,0.052123,0.9247,0.982733
SIFT1M,1000000,1000000,Lethe-no-bypass,hub,0.3,9,0.0,0.046994,0.930411,0.986554
SIFT1M,1000000,1000000,Lethe-no-revaware-traversal,hub,0.3,0,0.0,0.145166,0.960692,0.986572
SIFT1M,1000000,1000000,Lethe-no-revaware-traversal,hub,0.3,1,0.0,0.141281,0.960088,0.987688
SIFT1M,1000000,1000000,Lethe-no-revaware-traversal,hub,0.3,2,0.0,0.149725,0.956415,0.986752
SIFT1M,1000000,1000000,Lethe-no-revaware-traversal,hub,0.3,3,0.0,0.147551,0.95926,0.985131
SIFT1M,1000000,1000000,Lethe-no-revaware-traversal,hub,0.3,4,0.0,0.142216,0.958138,0.986792
SIFT1M,1000000,1000000,Lethe-no-revaware-traversal,hub,0.3,5,0.0,0.136051,0.958169,0.985111
SIFT1M,1000000,1000000,Lethe-no-revaware-traversal,hub,0.3,6,0.0,0.147763,0.958142,0.987065
SIFT1M,1000000,1000000,Lethe-no-revaware-traversal,hub,0.3,7,0.0,0.140238,0.956475,0.983872
SIFT1M,1000000,1000000,Lethe-no-revaware-traversal,hub,0.3,8,0.0,0.145209,0.958024,0.985167
SIFT1M,1000000,1000000,Lethe-no-revaware-traversal,hub,0.3,9,0.0,0.145515,0.955981,0.98574
SIFT1M,1000000,1000000,Physical-delete,hub,0.3,0,0.0,0.035216,0.950484,0.989718
SIFT1M,1000000,1000000,Physical-delete,hub,0.3,1,0.0,0.026874,0.949753,0.985686
SIFT1M,1000000,1000000,Physical-delete,hub,0.3,2,0.0,0.033143,0.950422,0.985743
SIFT1M,1000000,1000000,Physical-delete,hub,0.3,3,0.0,0.034542,0.946029,0.98545
SIFT1M,1000000,1000000,Physical-delete,hub,0.3,4,0.0,0.035469,0.957803,0.989444
SIFT1M,1000000,1000000,Physical-delete,hub,0.3,5,0.0,0.032385,0.946211,0.984111
SIFT1M,1000000,1000000,Physical-delete,hub,0.3,6,0.0,0.035621,0.946849,0.984372
SIFT1M,1000000,1000000,Physical-delete,hub,0.3,7,0.0,0.037621,0.953203,0.987029
SIFT1M,1000000,1000000,Physical-delete,hub,0.3,8,0.0,0.038428,0.946683,0.984189
SIFT1M,1000000,1000000,Physical-delete,hub,0.3,9,0.0,0.04212,0.948938,0.98424
SIFT1M,1000000,1000000,Periodic-rebuild,hub,0.3,0,0.0,0.077112,0.967617,0.985564
SIFT1M,1000000,1000000,Periodic-rebuild,hub,0.3,1,0.0,0.070577,0.969942,0.98875
SIFT1M,1000000,1000000,Periodic-rebuild,hub,0.3,2,0.0,0.07152,0.9704,0.988619
SIFT1M,1000000,1000000,Periodic-rebuild,hub,0.3,3,0.0,0.075255,0.97138,0.99061
SIFT1M,1000000,1000000,Periodic-rebuild,hub,0.3,4,0.0,0.068238,0.970789,0.98709
SIFT1M,1000000,1000000,Periodic-rebuild,hub,0.3,5,0.0,0.073819,0.964916,0.984655
SIFT1M,1000000,1000000,Periodic-rebuild,hub,0.3,6,0.0,0.070757,0.967151,0.986354
SIFT1M,1000000,1000000,Periodic-rebuild,hub,0.3,7,0.0,0.073066,0.967354,0.986157
SIFT1M,1000000,1000000,Periodic-rebuild,hub,0.3,8,0.0,0.072075,0.969476,0.986041
SIFT1M,1000000,1000000,Periodic-rebuild,hub,0.3,9,0.0,0.073458,0.964071,0.982376
SIFT1M,1000000,1000000,Per-role-index,hub,0.3,0,0.0,0.00345,0.978849,0.983202
SIFT1M,1000000,1000000,Per-role-index,hub,0.3,1,0.0,0.00605,0.981117,0.984484
SIFT1M,1000000,1000000,Per-role-index,hub,0.3,2,0.0,0.007344,0.9854,0.991245
SIFT1M,1000000,1000000,Per-role-index,hub,0.3,3,0.0,0.002187,0.976146,0.980525
SIFT1M,1000000,1000000,Per-role-index,hub,0.3,4,0.0,0.006803,0.981372,0.985006
SIFT1M,1000000,1000000,Per-role-index,hub,0.3,5,0.0,0.008272,0.980395,0.983935
SIFT1M,1000000,1000000,Per-role-index,hub,0.3,6,0.0,0.003438,0.981573,0.987075
SIFT1M,1000000,1000000,Per-role-index,hub,0.3,7,0.0,0.002881,0.982275,0.985978
SIFT1M,1000000,1000000,Per-role-index,hub,0.3,8,0.0,0.008156,0.982641,0.98849
SIFT1M,1000000,1000000,Per-role-index,hub,0.3,9,0.0,0.005503,0.98347,0.988374
SIFT1M,1000000,1000000,ACORN,hub,0.3,0,0.0,0.065228,0.966433,0.985914
SIFT1M,1000000,1000000,ACORN,hub,0.3,1,0.0,0.066829,0.964268,0.985052
SIFT1M,1000000,1000000,ACORN,hub,0.3,2,0.0,0.065612,0.967345,0.987799
SIFT1M,1000000,1000000,ACORN,hub,0.3,3,0.0,0.066165,0.964594,0.988657
SIFT1M,1000000,1000000,ACORN,hub,0.3,4,0.0,0.064854,0.963418,0.986077
SIFT1M,1000000,1000000,ACORN,hub,0.3,5,0.0,0.066829,0.964089,0.985967
SIFT1M,1000000,1000000,ACORN,hub,0.3,6,0.0,0.064369,0.967239,0.98713
SIFT1M,1000000,1000000,ACORN,hub,0.3,7,0.0,0.057849,0.970776,0.989016
SIFT1M,1000000,1000000,ACORN,hub,0.3,8,0.0,0.061906,0.971954,0.989732
SIFT1M,1000000,1000000,ACORN,hub,0.3,9,0.0,0.058397,0.968444,0.985707
SIFT1M,1000000,1000000,HoneyBee,hub,0.3,0,0.0,0.052222,0.96883,0.988311
SIFT1M,1000000,1000000,HoneyBee,hub,0.3,1,0.0,0.056018,0.970257,0.987336
SIFT1M,1000000,1000000,HoneyBee,hub,0.3,2,0.0,0.053694,0.966408,0.984753
SIFT1M,1000000,1000000,HoneyBee,hub,0.3,3,0.0,0.05069,0.96797,0.987695
SIFT1M,1000000,1000000,HoneyBee,hub,0.3,4,0.0,0.055459,0.968682,0.985959
SIFT1M,1000000,1000000,HoneyBee,hub,0.3,5,0.0,0.05396,0.962325,0.983072
SIFT1M,1000000,1000000,HoneyBee,hub,0.3,6,0.0,0.048866,0.966885,0.985702
SIFT1M,1000000,1000000,HoneyBee,hub,0.3,7,0.0,0.051394,0.963047,0.984061
SIFT1M,1000000,1000000,HoneyBee,hub,0.3,8,0.0,0.054765,0.968391,0.986824
SIFT1M,1000000,1000000,HoneyBee,hub,0.3,9,0.0,0.050745,0.96842,0.986636
SIFT1M,1000000,1000000,SPFresh,hub,0.3,0,0.0,0.091876,0.959221,0.98739
SIFT1M,1000000,1000000,SPFresh,hub,0.3,1,0.0,0.095397,0.95423,0.983032
SIFT1M,1000000,1000000,SPFresh,hub,0.3,2,0.0,0.09447,0.960382,0.985611
SIFT1M,1000000,1000000,SPFresh,hub,0.3,3,0.0,0.092742,0.955501,0.983479
SIFT1M,1000000,1000000,SPFresh,hub,0.3,4,0.0,0.092991,0.963389,0.989755
SIFT1M,1000000,1000000,SPFresh,hub,0.3,5,0.0,0.094049,0.961131,0.98931
SIFT1M,1000000,1000000,SPFresh,hub,0.3,6,0.0,0.099102,0.962196,0.988679
SIFT1M,1000000,1000000,SPFresh,hub,0.3,7,0.0,0.093675,0.962071,0.989081
SIFT1M,1000000,1000000,SPFresh,hub,0.3,8,0.0,0.091619,0.95745,0.986034
SIFT1M,1000000,1000000,SPFresh,hub,0.3,9,0.0,0.099124,0.959967,0.986961
SIFT1M,1000000,1000000,Oracle,hub,0.3,0,0.0,0.0,0.985442,0.985442
SIFT1M,1000000,1000000,Oracle,hub,0.3,1,0.0,0.0,0.983027,0.983027
SIFT1M,1000000,1000000,Oracle,hub,0.3,2,0.0,0.0,0.984049,0.984049
SIFT1M,1000000,1000000,Oracle,hub,0.3,3,0.0,0.0,0.985853,0.985853
SIFT1M,1000000,1000000,Oracle,hub,0.3,4,0.0,0.0,0.982015,0.982015
SIFT1M,1000000,1000000,Oracle,hub,0.3,5,0.0,0.0,0.987163,0.987163
SIFT1M,1000000,1000000,Oracle,hub,0.3,6,0.0,0.0,0.987619,0.987619
SIFT1M,1000000,1000000,Oracle,hub,0.3,7,0.0,0.0,0.988335,0.988335
SIFT1M,1000000,1000000,Oracle,hub,0.3,8,0.0,0.0,0.986819,0.986819
SIFT1M,1000000,1000000,Oracle,hub,0.3,9,0.0,0.0,0.98527,0.98527
SIFT1M,1000000,1000000,Tombstone,hub,0.4,0,0.0,0.18838,0.944581,0.985589
SIFT1M,1000000,1000000,Tombstone,hub,0.4,1,0.0,0.185086,0.945621,0.983484
SIFT1M,1000000,1000000,Tombstone,hub,0.4,2,0.0,0.191902,0.946184,0.984747
SIFT1M,1000000,1000000,Tombstone,hub,0.4,3,0.0,0.189084,0.949503,0.991034
SIFT1M,1000000,1000000,Tombstone,hub,0.4,4,0.0,0.190925,0.943868,0.983742
SIFT1M,1000000,1000000,Tombstone,hub,0.4,5,0.0,0.190337,0.952582,0.991311
SIFT1M,1000000,1000000,Tombstone,hub,0.4,6,0.0,0.185826,0.944313,0.983905
SIFT1M,1000000,1000000,Tombstone,hub,0.4,7,0.0,0.189173,0.945818,0.985024
SIFT1M,1000000,1000000,Tombstone,hub,0.4,8,0.0,0.18393,0.944339,0.985171
SIFT1M,1000000,1000000,Tombstone,hub,0.4,9,0.0,0.19442,0.9458,0.986615
SIFT1M,1000000,1000000,Post-filter,hub,0.4,0,0.0,0.200584,0.943683,0.989459
SIFT1M,1000000,1000000,Post-filter,hub,0.4,1,0.0,0.203331,0.938072,0.984418
SIFT1M,1000000,1000000,Post-filter,hub,0.4,2,0.0,0.201077,0.941265,0.984781
SIFT1M,1000000,1000000,Post-filter,hub,0.4,3,0.0,0.207324,0.939043,0.984317
SIFT1M,1000000,1000000,Post-filter,hub,0.4,4,0.0,0.20271,0.941716,0.985629
SIFT1M,1000000,1000000,Post-filter,hub,0.4,5,0.0,0.204294,0.936754,0.983149
SIFT1M,1000000,1000000,Post-filter,hub,0.4,6,0.0,0.201186,0.939872,0.98961
SIFT1M,1000000,1000000,Post-filter,hub,0.4,7,0.0,0.212561,0.942045,0.988063
SIFT1M,1000000,1000000,Post-filter,hub,0.4,8,0.0,0.202619,0.938266,0.984283
SIFT1M,1000000,1000000,Post-filter,hub,0.4,9,0.0,0.20458,0.943636,0.987116
SIFT1M,1000000,1000000,Lethe,hub,0.4,0,0.0,0.013444,0.978716,0.984577
SIFT1M,1000000,1000000,Lethe,hub,0.4,1,0.0,0.017041,0.983414,0.983914
SIFT1M,1000000,1000000,Lethe,hub,0.4,2,0.0,0.009769,0.984497,0.988983
SIFT1M,1000000,1000000,Lethe,hub,0.4,3,0.0,0.016691,0.977704,0.983879
SIFT1M,1000000,1000000,Lethe,hub,0.4,4,0.0,0.012132,0.98269,0.988228
SIFT1M,1000000,1000000,Lethe,hub,0.4,5,0.0,0.005843,0.979648,0.984282
SIFT1M,1000000,1000000,Lethe,hub,0.4,6,0.0,0.01092,0.982297,0.98523
SIFT1M,1000000,1000000,Lethe,hub,0.4,7,0.0,0.010996,0.979024,0.983151
SIFT1M,1000000,1000000,Lethe,hub,0.4,8,0.0,0.005908,0.986127,0.98736
SIFT1M,1000000,1000000,Lethe,hub,0.4,9,0.0,0.014954,0.988461,0.98942
SIFT1M,1000000,1000000,Lethe-no-bypass,hub,0.4,0,0.0,0.063617,0.933213,0.985808
SIFT1M,1000000,1000000,Lethe-no-bypass,hub,0.4,1,0.0,0.061649,0.931006,0.986247
SIFT1M,1000000,1000000,Lethe-no-bypass,hub,0.4,2,0.0,0.069153,0.929778,0.984734
SIFT1M,1000000,1000000,Lethe-no-bypass,hub,0.4,3,0.0,0.062481,0.926603,0.981662
SIFT1M,1000000,1000000,Lethe-no-bypass,hub,0.4,4,0.0,0.061617,0.923934,0.985064
SIFT1M,1000000,1000000,Lethe-no-bypass,hub,0.4,5,0.0,0.068849,0.929089,0.985106
SIFT1M,1000000,1000000,Lethe-no-bypass,hub,0.4,6,0.0,0.061244,0.931861,0.985497
SIFT1M,1000000,1000000,Lethe-no-bypass,hub,0.4,7,0.0,0.060259,0.932327,0.987103
SIFT1M,1000000,1000000,Lethe-no-bypass,hub,0.4,8,0.0,0.067197,0.9294,0.985001
SIFT1M,1000000,1000000,Lethe-no-bypass,hub,0.4,9,0.0,0.068903,0.931712,0.986558
SIFT1M,1000000,1000000,Lethe-no-revaware-traversal,hub,0.4,0,0.0,0.176764,0.960205,0.988222
SIFT1M,1000000,1000000,Lethe-no-revaware-traversal,hub,0.4,1,0.0,0.175992,0.957112,0.982972
SIFT1M,1000000,1000000,Lethe-no-revaware-traversal,hub,0.4,2,0.0,0.1727,0.957805,0.985439
SIFT1M,1000000,1000000,Lethe-no-revaware-traversal,hub,0.4,3,0.0,0.182323,0.958109,0.986606
SIFT1M,1000000,1000000,Lethe-no-revaware-traversal,hub,0.4,4,0.0,0.180758,0.953217,0.98577
SIFT1M,1000000,1000000,Lethe-no-revaware-traversal,hub,0.4,5,0.0,0.17955,0.959452,0.986105
SIFT1M,1000000,1000000,Lethe-no-revaware-traversal,hub,0.4,6,0.0,0.175862,0.953846,0.98403
SIFT1M,1000000,1000000,Lethe-no-revaware-traversal,hub,0.4,7,0.0,0.171021,0.961458,0.987522
SIFT1M,1000000,1000000,Lethe-no-revaware-traversal,hub,0.4,8,0.0,0.177205,0.959784,0.987494
SIFT1M,1000000,1000000,Lethe-no-revaware-traversal,hub,0.4,9,0.0,0.177304,0.96019,0.985901
SIFT1M,1000000,1000000,Physical-delete,hub,0.4,0,0.0,0.049022,0.950883,0.98865
SIFT1M,1000000,1000000,Physical-delete,hub,0.4,1,0.0,0.041909,0.947432,0.982755
SIFT1M,1000000,1000000,Physical-delete,hub,0.4,2,0.0,0.049635,0.952538,0.986289
SIFT1M,1000000,1000000,Physical-delete,hub,0.4,3,0.0,0.051726,0.947918,0.986157
SIFT1M,1000000,1000000,Physical-delete,hub,0.4,4,0.0,0.048908,0.949686,0.987033
SIFT1M,1000000,1000000,Physical-delete,hub,0.4,5,0.0,0.047136,0.94474,0.983769
SIFT1M,1000000,1000000,Physical-delete,hub,0.4,6,0.0,0.047194,0.951646,0.984981
SIFT1M,1000000,1000000,Physical-delete,hub,0.4,7,0.0,0.043965,0.945804,0.984929
SIFT1M,1000000,1000000,Physical-delete,hub,0.4,8,0.0,0.046352,0.94951,0.986416
SIFT1M,1000000,1000000,Physical-delete,hub,0.4,9,0.0,0.046568,0.951816,0.988565
SIFT1M,1000000,1000000,Periodic-rebuild,hub,0.4,0,0.0,0.090994,0.963862,0.981411
SIFT1M,1000000,1000000,Periodic-rebuild,hub,0.4,1,0.0,0.086489,0.96431,0.982575
SIFT1M,1000000,1000000,Periodic-rebuild,hub,0.4,2,0.0,0.09109,0.971428,0.987678
SIFT1M,1000000,1000000,Periodic-rebuild,hub,0.4,3,0.0,0.094292,0.97057,0.988784
SIFT1M,1000000,1000000,Periodic-rebuild,hub,0.4,4,0.0,0.086818,0.965901,0.983035
SIFT1M,1000000,1000000,Periodic-rebuild,hub,0.4,5,0.0,0.084884,0.966843,0.987044
SIFT1M,1000000,1000000,Periodic-rebuild,hub,0.4,6,0.0,0.092307,0.965726,0.985365
SIFT1M,1000000,1000000,Periodic-rebuild,hub,0.4,7,0.0,0.090256,0.965189,0.984452
SIFT1M,1000000,1000000,Periodic-rebuild,hub,0.4,8,0.0,0.091088,0.968703,0.984511
SIFT1M,1000000,1000000,Periodic-rebuild,hub,0.4,9,0.0,0.098654,0.963547,0.981607
SIFT1M,1000000,1000000,Per-role-index,hub,0.4,0,0.0,0.007122,0.980064,0.986109
SIFT1M,1000000,1000000,Per-role-index,hub,0.4,1,0.0,0.003849,0.983124,0.988005
SIFT1M,1000000,1000000,Per-role-index,hub,0.4,2,0.0,0.005486,0.981825,0.985311
SIFT1M,1000000,1000000,Per-role-index,hub,0.4,3,0.0,0.009538,0.982566,0.985299
SIFT1M,1000000,1000000,Per-role-index,hub,0.4,4,0.0,0.0,0.975192,0.983362
SIFT1M,1000000,1000000,Per-role-index,hub,0.4,5,0.0,0.0057,0.976865,0.982868
SIFT1M,1000000,1000000,Per-role-index,hub,0.4,6,0.0,0.004091,0.979133,0.982514
SIFT1M,1000000,1000000,Per-role-index,hub,0.4,7,0.0,0.00763,0.984891,0.986367
SIFT1M,1000000,1000000,Per-role-index,hub,0.4,8,0.0,0.009353,0.982914,0.987824
SIFT1M,1000000,1000000,Per-role-index,hub,0.4,9,0.0,0.008457,0.981404,0.986626
SIFT1M,1000000,1000000,ACORN,hub,0.4,0,0.0,0.078445,0.965496,0.986276
SIFT1M,1000000,1000000,ACORN,hub,0.4,1,0.0,0.081604,0.963202,0.983759
SIFT1M,1000000,1000000,ACORN,hub,0.4,2,0.0,0.083252,0.963502,0.986069
SIFT1M,1000000,1000000,ACORN,hub,0.4,3,0.0,0.075646,0.959708,0.983295
SIFT1M,1000000,1000000,ACORN,hub,0.4,4,0.0,0.081903,0.963778,0.98727
SIFT1M,1000000,1000000,ACORN,hub,0.4,5,0.0,0.083356,0.961237,0.985103
SIFT1M,1000000,1000000,ACORN,hub,0.4,6,0.0,0.074808,0.967062,0.986571
SIFT1M,1000000,1000000,ACORN,hub,0.4,7,0.0,0.080829,0.963911,0.984734
SIFT1M,1000000,1000000,ACORN,hub,0.4,8,0.0,0.071763,0.96549,0.987035
SIFT1M,1000000,1000000,ACORN,hub,0.4,9,0.0,0.072985,0.963324,0.984879
SIFT1M,1000000,1000000,HoneyBee,hub,0.4,0,0.0,0.063501,0.965427,0.98446
SIFT1M,1000000,1000000,HoneyBee,hub,0.4,1,0.0,0.067788,0.969791,0.984407
SIFT1M,1000000,1000000,HoneyBee,hub,0.4,2,0.0,0.058288,0.966705,0.985943
SIFT1M,1000000,1000000,HoneyBee,hub,0.4,3,0.0,0.065496,0.970063,0.987753
SIFT1M,1000000,1000000,HoneyBee,hub,0.4,4,0.0,0.069962,0.968083,0.987029
SIFT1M,1000000,1000000,HoneyBee,hub,0.4,5,0.0,0.06797,0.966744,0.984462
SIFT1M,1000000,1000000,HoneyBee,hub,0.4,6,0.0,0.070948,0.968598,0.986388
SIFT1M,1000000,1000000,HoneyBee,hub,0.4,7,0.0,0.067724,0.964865,0.986091
SIFT1M,1000000,1000000,HoneyBee,hub,0.4,8,0.0,0.0629,0.96878,0.985996
SIFT1M,1000000,1000000,HoneyBee,hub,0.4,9,0.0,0.064262,0.964073,0.986992
SIFT1M,1000000,1000000,SPFresh,hub,0.4,0,0.0,0.115846,0.958231,0.984604
SIFT1M,1000000,1000000,SPFresh,hub,0.4,1,0.0,0.114658,0.956009,0.985266
SIFT1M,1000000,1000000,SPFresh,hub,0.4,2,0.0,0.114925,0.962049,0.98562
SIFT1M,1000000,1000000,SPFresh,hub,0.4,3,0.0,0.114795,0.958944,0.985609
SIFT1M,1000000,1000000,SPFresh,hub,0.4,4,0.0,0.116194,0.960941,0.988479
SIFT1M,1000000,1000000,SPFresh,hub,0.4,5,0.0,0.112296,0.959142,0.987285
SIFT1M,1000000,1000000,SPFresh,hub,0.4,6,0.0,0.118297,0.959935,0.98621
SIFT1M,1000000,1000000,SPFresh,hub,0.4,7,0.0,0.108819,0.958552,0.986055
SIFT1M,1000000,1000000,SPFresh,hub,0.4,8,0.0,0.114622,0.954103,0.985295
SIFT1M,1000000,1000000,SPFresh,hub,0.4,9,0.0,0.118869,0.959878,0.985748
SIFT1M,1000000,1000000,Oracle,hub,0.4,0,0.0,0.0,0.985497,0.985497
SIFT1M,1000000,1000000,Oracle,hub,0.4,1,0.0,0.0,0.987668,0.987668
SIFT1M,1000000,1000000,Oracle,hub,0.4,2,0.0,0.0,0.988288,0.988288
SIFT1M,1000000,1000000,Oracle,hub,0.4,3,0.0,0.0,0.989428,0.989428
SIFT1M,1000000,1000000,Oracle,hub,0.4,4,0.0,0.0,0.984795,0.984795
SIFT1M,1000000,1000000,Oracle,hub,0.4,5,0.0,0.0,0.985136,0.985136
SIFT1M,1000000,1000000,Oracle,hub,0.4,6,0.0,0.0,0.983515,0.983515
SIFT1M,1000000,1000000,Oracle,hub,0.4,7,0.0,0.0,0.983439,0.983439
SIFT1M,1000000,1000000,Oracle,hub,0.4,8,0.0,0.0,0.985359,0.985359
SIFT1M,1000000,1000000,Oracle,hub,0.4,9,0.0,0.0,0.986364,0.986364
SIFT1M,1000000,1000000,Tombstone,hub,0.5,0,0.0,0.231594,0.947037,0.987684
SIFT1M,1000000,1000000,Tombstone,hub,0.5,1,0.0,0.223487,0.947983,0.986986
SIFT1M,1000000,1000000,Tombstone,hub,0.5,2,0.0,0.221489,0.946379,0.984365
SIFT1M,1000000,1000000,Tombstone,hub,0.5,3,0.0,0.22445,0.943526,0.986079
SIFT1M,1000000,1000000,Tombstone,hub,0.5,4,0.0,0.22367,0.941649,0.983735
SIFT1M,1000000,1000000,Tombstone,hub,0.5,5,0.0,0.226607,0.944206,0.984959
SIFT1M,1000000,1000000,Tombstone,hub,0.5,6,0.0,0.22055,0.941371,0.982796
SIFT1M,1000000,1000000,Tombstone,hub,0.5,7,0.0,0.225868,0.941677,0.984664
SIFT1M,1000000,1000000,Tombstone,hub,0.5,8,0.0,0.228838,0.944502,0.984655
SIFT1M,1000000,1000000,Tombstone,hub,0.5,9,0.0,0.226134,0.944979,0.987292
SIFT1M,1000000,1000000,Post-filter,hub,0.5,0,0.0,0.239566,0.940974,0.986024
SIFT1M,1000000,1000000,Post-filter,hub,0.5,1,0.0,0.245593,0.936923,0.983556
SIFT1M,1000000,1000000,Post-filter,hub,0.5,2,0.0,0.250282,0.937747,0.983761
SIFT1M,1000000,1000000,Post-filter,hub,0.5,3,0.0,0.24329,0.934828,0.981756
SIFT1M,1000000,1000000,Post-filter,hub,0.5,4,0.0,0.245285,0.941062,0.98601
SIFT1M,1000000,1000000,Post-filter,hub,0.5,5,0.0,0.234276,0.946206,0.989118
SIFT1M,1000000,1000000,Post-filter,hub,0.5,6,0.0,0.244094,0.937157,0.985115
SIFT1M,1000000,1000000,Post-filter,hub,0.5,7,0.0,0.242795,0.940749,0.983811
SIFT1M,1000000,1000000,Post-filter,hub,0.5,8,0.0,0.241509,0.939049,0.986388
SIFT1M,1000000,1000000,Post-filter,hub,0.5,9,0.0,0.236043,0.941215,0.985393
SIFT1M,1000000,1000000,Lethe,hub,0.5,0,0.0,0.017486,0.980635,0.98581
SIFT1M,1000000,1000000,Lethe,hub,0.5,1,0.0,0.008784,0.978444,0.986138
SIFT1M,1000000,1000000,Lethe,hub,0.5,2,0.0,0.013315,0.985273,0.988172
SIFT1M,1000000,1000000,Lethe,hub,0.5,3,0.0,0.018312,0.982879,0.984989
SIFT1M,1000000,1000000,Lethe,hub,0.5,4,0.0,0.004281,0.985642,0.98919
SIFT1M,1000000,1000000,Lethe,hub,0.5,5,0.0,0.013179,0.983789,0.989181
SIFT1M,1000000,1000000,Lethe,hub,0.5,6,0.0,0.012805,0.982066,0.984822
SIFT1M,1000000,1000000,Lethe,hub,0.5,7,0.0,0.008975,0.975881,0.98237
SIFT1M,1000000,1000000,Lethe,hub,0.5,8,0.0,0.013728,0.980539,0.98524
SIFT1M,1000000,1000000,Lethe,hub,0.5,9,0.0,0.010987,0.978875,0.983868
SIFT1M,1000000,1000000,Lethe-no-bypass,hub,0.5,0,0.0,0.070728,0.932075,0.987023
SIFT1M,1000000,1000000,Lethe-no-bypass,hub,0.5,1,0.0,0.080465,0.935651,0.991987
SIFT1M,1000000,1000000,Lethe-no-bypass,hub,0.5,2,0.0,0.076511,0.933794,0.987267
SIFT1M,1000000,1000000,Lethe-no-bypass,hub,0.5,3,0.0,0.074611,0.929793,0.985973
SIFT1M,1000000,1000000,Lethe-no-bypass,hub,0.5,4,0.0,0.068669,0.9255,0.982222
SIFT1M,1000000,1000000,Lethe-no-bypass,hub,0.5,5,0.0,0.072768,0.93726,0.990828
SIFT1M,1000000,1000000,Lethe-no-bypass,hub,0.5,6,0.0,0.07844,0.930223,0.984746
SIFT1M,1000000,1000000,Lethe-no-bypass,hub,0.5,7,0.0,0.080069,0.929323,0.985743
SIFT1M,1000000,1000000,Lethe-no-bypass,hub,0.5,8,0.0,0.075766,0.927287,0.985408
SIFT1M,1000000,1000000,Lethe-no-bypass,hub,0.5,9,0.0,0.070788,0.928608,0.984075
SIFT1M,1000000,1000000,Lethe-no-revaware-traversal,hub,0.5,0,0.0,0.213229,0.95593,0.98441
SIFT1M,1000000,1000000,Lethe-no-revaware-traversal,hub,0.5,1,0.0,0.214953,0.955823,0.982785
SIFT1M,1000000,1000000,Lethe-no-revaware-traversal,hub,0.5,2,0.0,0.212073,0.958809,0.986101
SIFT1M,1000000,1000000,Lethe-no-revaware-traversal,hub,0.5,3,0.0,0.214982,0.965061,0.991182
SIFT1M,1000000,1000000,Lethe-no-revaware-traversal,hub,0.5,4,0.0,0.213702,0.960285,0.987824
SIFT1M,1000000,1000000,Lethe-no-revaware-traversal,hub,0.5,5,0.0,0.217801,0.959099,0.984663
SIFT1M,1000000,1000000,Lethe-no-revaware-traversal,hub,0.5,6,0.0,0.212974,0.958636,0.987581
SIFT1M,1000000,1000000,Lethe-no-revaware-traversal,hub,0.5,7,0.0,0.208542,0.958918,0.988189
SIFT1M,1000000,1000000,Lethe-no-revaware-traversal,hub,0.5,8,0.0,0.214073,0.960895,0.986766
SIFT1M,1000000,1000000,Lethe-no-revaware-traversal,hub,0.5,9,0.0,0.208109,0.961706,0.987558
SIFT1M,1000000,1000000,Physical-delete,hub,0.5,0,0.0,0.054823,0.950458,0.987814
SIFT1M,1000000,1000000,Physical-delete,hub,0.5,1,0.0,0.054004,0.947408,0.986695
SIFT1M,1000000,1000000,Physical-delete,hub,0.5,2,0.0,0.046313,0.950001,0.986644
SIFT1M,1000000,1000000,Physical-delete,hub,0.5,3,0.0,0.056306,0.949081,0.986623
SIFT1M,1000000,1000000,Physical-delete,hub,0.5,4,0.0,0.050229,0.948064,0.986696
SIFT1M,1000000,1000000,Physical-delete,hub,0.5,5,0.0,0.053716,0.951672,0.987048
SIFT1M,1000000,1000000,Physical-delete,hub,0.5,6,0.0,0.054894,0.952257,0.986477
SIFT1M,1000000,1000000,Physical-delete,hub,0.5,7,0.0,0.05095,0.946219,0.987278
SIFT1M,1000000,1000000,Physical-delete,hub,0.5,8,0.0,0.05199,0.949812,0.98599
SIFT1M,1000000,1000000,Physical-delete,hub,0.5,9,0.0,0.055885,0.948129,0.985637
SIFT1M,1000000,1000000,Periodic-rebuild,hub,0.5,0,0.0,0.107843,0.969818,0.99005
SIFT1M,1000000,1000000,Periodic-rebuild,hub,0.5,1,0.0,0.110092,0.9706,0.988728
SIFT1M,1000000,1000000,Periodic-rebuild,hub,0.5,2,0.0,0.108618,0.973133,0.987127
SIFT1M,1000000,1000000,Periodic-rebuild,hub,0.5,3,0.0,0.112275,0.966597,0.986093
SIFT1M,1000000,1000000,Periodic-rebuild,hub,0.5,4,0.0,0.102305,0.968431,0.987358
SIFT1M,1000000,1000000,Periodic-rebuild,hub,0.5,5,0.0,0.09905,0.964033,0.984652
SIFT1M,1000000,1000000,Periodic-rebuild,hub,0.5,6,0.0,0.102724,0.96459,0.982635
SIFT1M,1000000,1000000,Periodic-rebuild,hub,0.5,7,0.0,0.105814,0.969763,0.986247
SIFT1M,1000000,1000000,Periodic-rebuild,hub,0.5,8,0.0,0.113952,0.972643,0.988357
SIFT1M,1000000,1000000,Periodic-rebuild,hub,0.5,9,0.0,0.104835,0.964967,0.984922
SIFT1M,1000000,1000000,Per-role-index,hub,0.5,0,0.0,0.011122,0.982379,0.986802
SIFT1M,1000000,1000000,Per-role-index,hub,0.5,1,0.0,0.013461,0.978553,0.985067
SIFT1M,1000000,1000000,Per-role-index,hub,0.5,2,0.0,0.009911,0.982988,0.987243
SIFT1M,1000000,1000000,Per-role-index,hub,0.5,3,0.0,0.002541,0.977004,0.984615
SIFT1M,1000000,1000000,Per-role-index,hub,0.5,4,0.0,0.006614,0.98302,0.983515
SIFT1M,1000000,1000000,Per-role-index,hub,0.5,5,0.0,0.010853,0.982703,0.987213
SIFT1M,1000000,1000000,Per-role-index,hub,0.5,6,0.0,0.002126,0.980252,0.985638
SIFT1M,1000000,1000000,Per-role-index,hub,0.5,7,0.0,0.011674,0.974933,0.984101
SIFT1M,1000000,1000000,Per-role-index,hub,0.5,8,0.0,0.009903,0.981821,0.985878
SIFT1M,1000000,1000000,Per-role-index,hub,0.5,9,0.0,0.00104,0.98454,0.986077
SIFT1M,1000000,1000000,ACORN,hub,0.5,0,0.0,0.092569,0.96235,0.985625
SIFT1M,1000000,1000000,ACORN,hub,0.5,1,0.0,0.092822,0.967466,0.984631
SIFT1M,1000000,1000000,ACORN,hub,0.5,2,0.0,0.095413,0.965245,0.981621
SIFT1M,1000000,1000000,ACORN,hub,0.5,3,0.0,0.096126,0.961585,0.985566
SIFT1M,1000000,1000000,ACORN,hub,0.5,4,0.0,0.092836,0.958465,0.982722
SIFT1M,1000000,1000000,ACORN,hub,0.5,5,0.0,0.097511,0.965981,0.987495
SIFT1M,1000000,1000000,ACORN,hub,0.5,6,0.0,0.096708,0.968566,0.987409
SIFT1M,1000000,1000000,ACORN,hub,0.5,7,0.0,0.098355,0.963677,0.98773
SIFT1M,1000000,1000000,ACORN,hub,0.5,8,0.0,0.096538,0.963008,0.987356
SIFT1M,1000000,1000000,ACORN,hub,0.5,9,0.0,0.096949,0.970391,0.988824
SIFT1M,1000000,1000000,HoneyBee,hub,0.5,0,0.0,0.069322,0.970942,0.987642
SIFT1M,1000000,1000000,HoneyBee,hub,0.5,1,0.0,0.070907,0.972777,0.988728
SIFT1M,1000000,1000000,HoneyBee,hub,0.5,2,0.0,0.089365,0.967723,0.988849
SIFT1M,1000000,1000000,HoneyBee,hub,0.5,3,0.0,0.079907,0.969503,0.985629
SIFT1M,1000000,1000000,HoneyBee,hub,0.5,4,0.0,0.077047,0.970885,0.985508
SIFT1M,1000000,1000000,HoneyBee,hub,0.5,5,0.0,0.082168,0.969581,0.986654
SIFT1M,1000000,1000000,HoneyBee,hub,0.5,6,0.0,0.083064,0.9675,0.986797
SIFT1M,1000000,1000000,HoneyBee,hub,0.5,7,0.0,0.07751,0.962938,0.983916
SIFT1M,1000000,1000000,HoneyBee,hub,0.5,8,0.0,0.084934,0.960857,0.981856
SIFT1M,1000000,1000000,HoneyBee,hub,0.5,9,0.0,0.081358,0.968177,0.984745
SIFT1M,1000000,1000000,SPFresh,hub,0.5,0,0.0,0.138148,0.951659,0.985176
SIFT1M,1000000,1000000,SPFresh,hub,0.5,1,0.0,0.141353,0.956899,0.985393
SIFT1M,1000000,1000000,SPFresh,hub,0.5,2,0.0,0.141243,0.956564,0.985909
SIFT1M,1000000,1000000,SPFresh,hub,0.5,3,0.0,0.137667,0.961923,0.985919
SIFT1M,1000000,1000000,SPFresh,hub,0.5,4,0.0,0.141209,0.958901,0.984449
SIFT1M,1000000,1000000,SPFresh,hub,0.5,5,0.0,0.143579,0.959628,0.987274
SIFT1M,1000000,1000000,SPFresh,hub,0.5,6,0.0,0.13874,0.960155,0.990012
SIFT1M,1000000,1000000,SPFresh,hub,0.5,7,0.0,0.135466,0.961499,0.990637
SIFT1M,1000000,1000000,SPFresh,hub,0.5,8,0.0,0.144728,0.95823,0.98613
SIFT1M,1000000,1000000,SPFresh,hub,0.5,9,0.0,0.137406,0.963563,0.988001
SIFT1M,1000000,1000000,Oracle,hub,0.5,0,0.0,0.0,0.985645,0.985645
SIFT1M,1000000,1000000,Oracle,hub,0.5,1,0.0,0.0,0.983699,0.983699
SIFT1M,1000000,1000000,Oracle,hub,0.5,2,0.0,0.0,0.984646,0.984646
SIFT1M,1000000,1000000,Oracle,hub,0.5,3,0.0,0.0,0.983435,0.983435
SIFT1M,1000000,1000000,Oracle,hub,0.5,4,0.0,0.0,0.988608,0.988608
SIFT1M,1000000,1000000,Oracle,hub,0.5,5,0.0,0.0,0.987336,0.987336
SIFT1M,1000000,1000000,Oracle,hub,0.5,6,0.0,0.0,0.984352,0.984352
SIFT1M,1000000,1000000,Oracle,hub,0.5,7,0.0,0.0,0.989296,0.989296
SIFT1M,1000000,1000000,Oracle,hub,0.5,8,0.0,0.0,0.98608,0.98608
SIFT1M,1000000,1000000,Oracle,hub,0.5,9,0.0,0.0,0.987498,0.987498
SIFT1M,1000000,1000000,Tombstone,cluster,0.0,0,0.0,0.0,0.93928,0.981191
SIFT1M,1000000,1000000,Tombstone,cluster,0.0,1,0.0,0.0,0.949922,0.985336
SIFT1M,1000000,1000000,Tombstone,cluster,0.0,2,0.0,0.0,0.949069,0.98752
SIFT1M,1000000,1000000,Tombstone,cluster,0.0,3,0.0,0.0,0.946863,0.984989
SIFT1M,1000000,1000000,Tombstone,cluster,0.0,4,0.0,0.0,0.950606,0.988908
SIFT1M,1000000,1000000,Tombstone,cluster,0.0,5,0.0,0.0,0.948512,0.987153
SIFT1M,1000000,1000000,Tombstone,cluster,0.0,6,0.0,0.0,0.950916,0.988458
SIFT1M,1000000,1000000,Tombstone,cluster,0.0,7,0.0,0.0,0.949952,0.987653
SIFT1M,1000000,1000000,Tombstone,cluster,0.0,8,0.0,0.0,0.952019,0.989925
SIFT1M,1000000,1000000,Tombstone,cluster,0.0,9,0.0,0.0,0.948055,0.985572
SIFT1M,1000000,1000000,Post-filter,cluster,0.0,0,0.0,0.0,0.942702,0.989072
SIFT1M,1000000,1000000,Post-filter,cluster,0.0,1,0.0,0.0,0.943507,0.98744
SIFT1M,1000000,1000000,Post-filter,cluster,0.0,2,0.0,0.0,0.943602,0.985972
SIFT1M,1000000,1000000,Post-filter,cluster,0.0,3,0.0,0.0,0.939942,0.984791
SIFT1M,1000000,1000000,Post-filter,cluster,0.0,4,0.0,0.0,0.947354,0.987357
SIFT1M,1000000,1000000,Post-filter,cluster,0.0,5,0.0,0.0,0.942275,0.986133
SIFT1M,1000000,1000000,Post-filter,cluster,0.0,6,0.0,0.0,0.941134,0.984069
SIFT1M,1000000,1000000,Post-filter,cluster,0.0,7,0.0,0.0,0.949183,0.989493
SIFT1M,1000000,1000000,Post-filter,cluster,0.0,8,0.0,0.0,0.938883,0.986155
SIFT1M,1000000,1000000,Post-filter,cluster,0.0,9,0.0,0.0,0.940851,0.9826
SIFT1M,1000000,1000000,Lethe,cluster,0.0,0,0.0,0.0,0.981956,0.985817
SIFT1M,1000000,1000000,Lethe,cluster,0.0,1,0.0,0.0,0.981697,0.984939
SIFT1M,1000000,1000000,Lethe,cluster,0.0,2,0.0,0.0,0.978515,0.9851
SIFT1M,1000000,1000000,Lethe,cluster,0.0,3,0.0,0.0,0.982546,0.984866
SIFT1M,1000000,1000000,Lethe,cluster,0.0,4,0.0,0.0,0.983676,0.987845
SIFT1M,1000000,1000000,Lethe,cluster,0.0,5,0.0,0.0,0.98368,0.984855
SIFT1M,1000000,1000000,Lethe,cluster,0.0,6,0.0,0.0,0.983692,0.98707
SIFT1M,1000000,1000000,Lethe,cluster,0.0,7,0.0,0.0,0.98019,0.986128
SIFT1M,1000000,1000000,Lethe,cluster,0.0,8,0.0,0.0,0.980283,0.98468
SIFT1M,1000000,1000000,Lethe,cluster,0.0,9,0.0,0.0,0.984338,0.9887
SIFT1M,1000000,1000000,Lethe-no-bypass,cluster,0.0,0,0.0,0.0,0.923344,0.983437
SIFT1M,1000000,1000000,Lethe-no-bypass,cluster,0.0,1,0.0,0.0,0.937828,0.98841
SIFT1M,1000000,1000000,Lethe-no-bypass,cluster,0.0,2,0.0,0.0,0.931854,0.984805
SIFT1M,1000000,1000000,Lethe-no-bypass,cluster,0.0,3,0.0,0.0,0.927154,0.981131
SIFT1M,1000000,1000000,Lethe-no-bypass,cluster,0.0,4,0.0,0.0,0.931892,0.984894
SIFT1M,1000000,1000000,Lethe-no-bypass,cluster,0.0,5,0.0,0.0,0.9275,0.984396
SIFT1M,1000000,1000000,Lethe-no-bypass,cluster,0.0,6,0.0,0.0,0.93038,0.985546
SIFT1M,1000000,1000000,Lethe-no-bypass,cluster,0.0,7,0.0,0.0,0.930506,0.984326
SIFT1M,1000000,1000000,Lethe-no-bypass,cluster,0.0,8,0.0,0.0,0.931376,0.984469
SIFT1M,1000000,1000000,Lethe-no-bypass,cluster,0.0,9,0.0,0.0,0.927359,0.985003
SIFT1M,1000000,1000000,Lethe-no-revaware-traversal,cluster,0.0,0,0.0,0.0,0.960344,0.985815
SIFT1M,1000000,1000000,Lethe-no-revaware-traversal,cluster,0.0,1,0.0,0.0,0.964941,0.988973
SIFT1M,1000000,1000000,Lethe-no-revaware-traversal,cluster,0.0,2,0.0,0.0,0.958803,0.987225
SIFT1M,1000000,1000000,Lethe-no-revaware-traversal,cluster,0.0,3,0.0,0.0,0.961997,0.987438
SIFT1M,1000000,1000000,Lethe-no-revaware-traversal,cluster,0.0,4,0.0,0.0,0.95756,0.983365
SIFT1M,1000000,1000000,Lethe-no-revaware-traversal,cluster,0.0,5,0.0,0.0,0.955759,0.984026
SIFT1M,1000000,1000000,Lethe-no-revaware-traversal,cluster,0.0,6,0.0,0.0,0.959959,0.985569
SIFT1M,1000000,1000000,Lethe-no-revaware-traversal,cluster,0.0,7,0.0,0.0,0.964716,0.985395
SIFT1M,1000000,1000000,Lethe-no-revaware-traversal,cluster,0.0,8,0.0,0.0,0.963036,0.985794
SIFT1M,1000000,1000000,Lethe-no-revaware-traversal,cluster,0.0,9,0.0,0.0,0.9661,0.991087
SIFT1M,1000000,1000000,Physical-delete,cluster,0.0,0,0.0,0.0,0.946872,0.984307
SIFT1M,1000000,1000000,Physical-delete,cluster,0.0,1,0.0,0.0,0.947341,0.988243
SIFT1M,1000000,1000000,Physical-delete,cluster,0.0,2,0.0,0.0,0.947218,0.986054
SIFT1M,1000000,1000000,Physical-delete,cluster,0.0,3,0.0,0.0,0.955632,0.98973
SIFT1M,1000000,1000000,Physical-delete,cluster,0.0,4,0.0,0.0,0.951829,0.986608
SIFT1M,1000000,1000000,Physical-delete,cluster,0.0,5,0.0,0.0,0.94874,0.987295
SIFT1M,1000000,1000000,Physical-delete,cluster,0.0,6,0.0,0.0,0.950834,0.988146
SIFT1M,1000000,1000000,Physical-delete,cluster,0.0,7,0.0,0.0,0.949213,0.985427
SIFT1M,1000000,1000000,Physical-delete,cluster,0.0,8,0.0,0.0,0.950579,0.987055
SIFT1M,1000000,1000000,Physical-delete,cluster,0.0,9,0.0,0.0,0.950864,0.984014
SIFT1M,1000000,1000000,Periodic-rebuild,cluster,0.0,0,0.0,0.0,0.971565,0.988567
SIFT1M,1000000,1000000,Periodic-rebuild,cluster,0.0,1,0.0,0.0,0.966819,0.986622
SIFT1M,1000000,1000000,Periodic-rebuild,cluster,0.0,2,0.0,0.0,0.970066,0.985678
SIFT1M,1000000,1000000,Periodic-rebuild,cluster,0.0,3,0.0,0.0,0.968787,0.985286
SIFT1M,1000000,1000000,Periodic-rebuild,cluster,0.0,4,0.0,0.0,0.971925,0.985301
SIFT1M,1000000,1000000,Periodic-rebuild,cluster,0.0,5,0.0,0.0,0.968606,0.985717
SIFT1M,1000000,1000000,Periodic-rebuild,cluster,0.0,6,0.0,0.0,0.963771,0.982868
SIFT1M,1000000,1000000,Periodic-rebuild,cluster,0.0,7,0.0,0.0,0.96235,0.981232
SIFT1M,1000000,1000000,Periodic-rebuild,cluster,0.0,8,0.0,0.0,0.97074,0.987441
SIFT1M,1000000,1000000,Periodic-rebuild,cluster,0.0,9,0.0,0.0,0.965662,0.982295
SIFT1M,1000000,1000000,Per-role-index,cluster,0.0,0,0.0,0.0,0.980128,0.985486
SIFT1M,1000000,1000000,Per-role-index,cluster,0.0,1,0.0,0.0,0.985524,0.988156
SIFT1M,1000000,1000000,Per-role-index,cluster,0.0,2,0.0,0.0,0.982923,0.986997
SIFT1M,1000000,1000000,Per-role-index,cluster,0.0,3,0.0,0.0,0.989126,0.992
SIFT1M,1000000,1000000,Per-role-index,cluster,0.0,4,0.0,0.0,0.980877,0.984224
SIFT1M,1000000,1000000,Per-role-index,cluster,0.0,5,0.0,0.0,0.977651,0.982802
SIFT1M,1000000,1000000,Per-role-index,cluster,0.0,6,0.0,0.0,0.984051,0.987773
SIFT1M,1000000,1000000,Per-role-index,cluster,0.0,7,0.0,0.0,0.985835,0.988173
SIFT1M,1000000,1000000,Per-role-index,cluster,0.0,8,0.0,0.0,0.982596,0.987581
SIFT1M,1000000,1000000,Per-role-index,cluster,0.0,9,0.0,0.0,0.982178,0.9863
SIFT1M,1000000,1000000,ACORN,cluster,0.0,0,0.0,0.0,0.964271,0.98542
SIFT1M,1000000,1000000,ACORN,cluster,0.0,1,0.0,0.0,0.96391,0.984748
SIFT1M,1000000,1000000,ACORN,cluster,0.0,2,0.0,0.0,0.96785,0.988767
SIFT1M,1000000,1000000,ACORN,cluster,0.0,3,0.0,0.0,0.966031,0.984656
SIFT1M,1000000,1000000,ACORN,cluster,0.0,4,0.0,0.0,0.958452,0.981498
SIFT1M,1000000,1000000,ACORN,cluster,0.0,5,0.0,0.0,0.967747,0.985017
SIFT1M,1000000,1000000,ACORN,cluster,0.0,6,0.0,0.0,0.962374,0.985283
SIFT1M,1000000,1000000,ACORN,cluster,0.0,7,0.0,0.0,0.970124,0.986491
SIFT1M,1000000,1000000,ACORN,cluster,0.0,8,0.0,0.0,0.961814,0.984193
SIFT1M,1000000,1000000,ACORN,cluster,0.0,9,0.0,0.0,0.969511,0.988098
SIFT1M,1000000,1000000,HoneyBee,cluster,0.0,0,0.0,0.0,0.970953,0.987381
SIFT1M,1000000,1000000,HoneyBee,cluster,0.0,1,0.0,0.0,0.966007,0.984915
SIFT1M,1000000,1000000,HoneyBee,cluster,0.0,2,0.0,0.0,0.968055,0.987216
SIFT1M,1000000,1000000,HoneyBee,cluster,0.0,3,0.0,0.0,0.970462,0.988387
SIFT1M,1000000,1000000,HoneyBee,cluster,0.0,4,0.0,0.0,0.970517,0.98724
SIFT1M,1000000,1000000,HoneyBee,cluster,0.0,5,0.0,0.0,0.970181,0.987614
SIFT1M,1000000,1000000,HoneyBee,cluster,0.0,6,0.0,0.0,0.967754,0.986966
SIFT1M,1000000,1000000,HoneyBee,cluster,0.0,7,0.0,0.0,0.968523,0.986519
SIFT1M,1000000,1000000,HoneyBee,cluster,0.0,8,0.0,0.0,0.969508,0.984461
SIFT1M,1000000,1000000,HoneyBee,cluster,0.0,9,0.0,0.0,0.970766,0.987417
SIFT1M,1000000,1000000,SPFresh,cluster,0.0,0,0.0,0.0,0.958787,0.983292
SIFT1M,1000000,1000000,SPFresh,cluster,0.0,1,0.0,0.0,0.960642,0.986619
SIFT1M,1000000,1000000,SPFresh,cluster,0.0,2,0.0,0.0,0.959947,0.987115
SIFT1M,1000000,1000000,SPFresh,cluster,0.0,3,0.0,0.0,0.964128,0.988434
SIFT1M,1000000,1000000,SPFresh,cluster,0.0,4,0.0,0.0,0.96446,0.988612
SIFT1M,1000000,1000000,SPFresh,cluster,0.0,5,0.0,0.0,0.95914,0.986352
SIFT1M,1000000,1000000,SPFresh,cluster,0.0,6,0.0,0.0,0.965313,0.985836
SIFT1M,1000000,1000000,SPFresh,cluster,0.0,7,0.0,0.0,0.960419,0.986812
SIFT1M,1000000,1000000,SPFresh,cluster,0.0,8,0.0,0.0,0.959173,0.987245
SIFT1M,1000000,1000000,SPFresh,cluster,0.0,9,0.0,0.0,0.957914,0.986557
SIFT1M,1000000,1000000,Oracle,cluster,0.0,0,0.0,0.0,0.987603,0.987603
SIFT1M,1000000,1000000,Oracle,cluster,0.0,1,0.0,0.0,0.986317,0.986317
SIFT1M,1000000,1000000,Oracle,cluster,0.0,2,0.0,0.0,0.98864,0.98864
SIFT1M,1000000,1000000,Oracle,cluster,0.0,3,0.0,0.0,0.982087,0.982087
SIFT1M,1000000,1000000,Oracle,cluster,0.0,4,0.0,0.0,0.986511,0.986511
SIFT1M,1000000,1000000,Oracle,cluster,0.0,5,0.0,0.0,0.989106,0.989106
SIFT1M,1000000,1000000,Oracle,cluster,0.0,6,0.0,0.0,0.986811,0.986811
SIFT1M,1000000,1000000,Oracle,cluster,0.0,7,0.0,0.0,0.988246,0.988246
SIFT1M,1000000,1000000,Oracle,cluster,0.0,8,0.0,0.0,0.985276,0.985276
SIFT1M,1000000,1000000,Oracle,cluster,0.0,9,0.0,0.0,0.98517,0.98517
SIFT1M,1000000,1000000,Tombstone,cluster,0.1,0,0.0,0.051392,0.946325,0.983993
SIFT1M,1000000,1000000,Tombstone,cluster,0.1,1,0.0,0.052341,0.947462,0.984742
SIFT1M,1000000,1000000,Tombstone,cluster,0.1,2,0.0,0.048899,0.950906,0.988285
SIFT1M,1000000,1000000,Tombstone,cluster,0.1,3,0.0,0.049678,0.942854,0.987026
SIFT1M,1000000,1000000,Tombstone,cluster,0.1,4,0.0,0.046374,0.946824,0.98533
SIFT1M,1000000,1000000,Tombstone,cluster,0.1,5,0.0,0.047411,0.951404,0.987437
SIFT1M,1000000,1000000,Tombstone,cluster,0.1,6,0.0,0.048541,0.94739,0.98669
SIFT1M,1000000,1000000,Tombstone,cluster,0.1,7,0.0,0.054398,0.943138,0.983661
SIFT1M,1000000,1000000,Tombstone,cluster,0.1,8,0.0,0.054084,0.945272,0.98509
SIFT1M,1000000,1000000,Tombstone,cluster,0.1,9,0.0,0.045468,0.948041,0.986951
SIFT1M,1000000,1000000,Post-filter,cluster,0.1,0,0.0,0.051339,0.944295,0.989176
SIFT1M,1000000,1000000,Post-filter,cluster,0.1,1,0.0,0.056361,0.948119,0.987806
SIFT1M,1000000,1000000,Post-filter,cluster,0.1,2,0.0,0.051561,0.941858,0.984675
SIFT1M,1000000,1000000,Post-filter,cluster,0.1,3,0.0,0.054318,0.941012,0.983944
SIFT1M,1000000,1000000,Post-filter,cluster,0.1,4,0.0,0.062315,0.943624,0.986632
SIFT1M,1000000,1000000,Post-filter,cluster,0.1,5,0.0,0.051588,0.944606,0.987121
SIFT1M,1000000,1000000,Post-filter,cluster,0.1,6,0.0,0.049586,0.940635,0.986411
SIFT1M,1000000,1000000,Post-filter,cluster,0.1,7,0.0,0.05023,0.946421,0.988447
SIFT1M,1000000,1000000,Post-filter,cluster,0.1,8,0.0,0.053196,0.944329,0.988229
SIFT1M,1000000,1000000,Post-filter,cluster,0.1,9,0.0,0.053523,0.943886,0.988989
SIFT1M,1000000,1000000,Lethe,cluster,0.1,0,0.0,0.002982,0.98159,0.986179
SIFT1M,1000000,1000000,Lethe,cluster,0.1,1,0.0,0.000872,0.98194,0.985319
SIFT1M,1000000,1000000,Lethe,cluster,0.1,2,0.0,0.00444,0.983919,0.989541
SIFT1M,1000000,1000000,Lethe,cluster,0.1,3,0.0,0.002162,0.980554,0.986164
SIFT1M,1000000,1000000,Lethe,cluster,0.1,4,0.0,0.003035,0.980466,0.98563
SIFT1M,1000000,1000000,Lethe,cluster,0.1,5,0.0,0.0,0.984811,0.987042
SIFT1M,1000000,1000000,Lethe,cluster,0.1,6,0.0,0.002297,0.983024,0.988383
SIFT1M,1000000,1000000,Lethe,cluster,0.1,7,0.0,0.0,0.986815,0.991468
SIFT1M,1000000,1000000,Lethe,cluster,0.1,8,0.0,0.004837,0.981011,0.985604
SIFT1M,1000000,1000000,Lethe,cluster,0.1,9,0.0,0.000913,0.985641,0.990416
SIFT1M,1000000,1000000,Lethe-no-bypass,cluster,0.1,0,0.0,0.013222,0.92802,0.983346
SIFT1M,1000000,1000000,Lethe-no-bypass,cluster,0.1,1,0.0,0.021273,0.929136,0.983152
SIFT1M,1000000,1000000,Lethe-no-bypass,cluster,0.1,2,0.0,0.017183,0.929761,0.985968
SIFT1M,1000000,1000000,Lethe-no-bypass,cluster,0.1,3,0.0,0.017157,0.931257,0.985447
SIFT1M,1000000,1000000,Lethe-no-bypass,cluster,0.1,4,0.0,0.018461,0.931376,0.985203
SIFT1M,1000000,1000000,Lethe-no-bypass,cluster,0.1,5,0.0,0.017161,0.926989,0.984111
SIFT1M,1000000,1000000,Lethe-no-bypass,cluster,0.1,6,0.0,0.021139,0.933919,0.985744
SIFT1M,1000000,1000000,Lethe-no-bypass,cluster,0.1,7,0.0,0.013631,0.927641,0.984558
SIFT1M,1000000,1000000,Lethe-no-bypass,cluster,0.1,8,0.0,0.016042,0.933915,0.987708
SIFT1M,1000000,1000000,Lethe-no-bypass,cluster,0.1,9,0.0,0.019001,0.933332,0.986562
SIFT1M,1000000,1000000,Lethe-no-revaware-traversal,cluster,0.1,0,0.0,0.04676,0.960295,0.984303
SIFT1M,1000000,1000000,Lethe-no-revaware-traversal,cluster,0.1,1,0.0,0.044138,0.956705,0.983473
SIFT1M,1000000,1000000,Lethe-no-revaware-traversal,cluster,0.1,2,0.0,0.043417,0.9593,0.985573
SIFT1M,1000000,1000000,Lethe-no-revaware-traversal,cluster,0.1,3,0.0,0.046551,0.962111,0.987811
SIFT1M,1000000,1000000,Lethe-no-revaware-traversal,cluster,0.1,4,0.0,0.043739,0.962316,0.986625
SIFT1M,1000000,1000000,Lethe-no-revaware-traversal,cluster,0.1,5,0.0,0.045134,0.961777,0.987996
SIFT1M,1000000,1000000,Lethe-no-revaware-traversal,cluster,0.1,6,0.0,0.053764,0.95968,0.985446
SIFT1M,1000000,1000000,Lethe-no-revaware-traversal,cluster,0.1,7,0.0,0.051349,0.961574,0.985418
SIFT1M,1000000,1000000,Lethe-no-revaware-traversal,cluster,0.1,8,0.0,0.050262,0.959448,0.985457
SIFT1M,1000000,1000000,Lethe-no-revaware-traversal,cluster,0.1,9,0.0,0.045576,0.962819,0.990376
SIFT1M,1000000,1000000,Physical-delete,cluster,0.1,0,0.0,0.011094,0.950688,0.986871
SIFT1M,1000000,1000000,Physical-delete,cluster,0.1,1,0.0,0.011949,0.948881,0.985083
SIFT1M,1000000,1000000,Physical-delete,cluster,0.1,2,0.0,0.011849,0.950238,0.986056
SIFT1M,1000000,1000000,Physical-delete,cluster,0.1,3,0.0,0.01105,0.949202,0.986136
SIFT1M,1000000,1000000,Physical-delete,cluster,0.1,4,0.0,0.011222,0.947656,0.985519
SIFT1M,1000000,1000000,Physical-delete,cluster,0.1,5,0.0,0.010916,0.950492,0.986325
SIFT1M,1000000,1000000,Physical-delete,cluster,0.1,6,0.0,0.011919,0.951267,0.986926
SIFT1M,1000000,1000000,Physical-delete,cluster,0.1,7,0.0,0.007849,0.95112,0.989655
SIFT1M,1000000,1000000,Physical-delete,cluster,0.1,8,0.0,0.010722,0.952639,0.987837
SIFT1M,1000000,1000000,Physical-delete,cluster,0.1,9,0.0,0.010635,0.945769,0.982339
SIFT1M,1000000,1000000,Periodic-rebuild,cluster,0.1,0,0.0,0.021439,0.969575,0.985417
SIFT1M,1000000,1000000,Periodic-rebuild,cluster,0.1,1,0.0,0.019783,0.963145,0.982653
SIFT1M,1000000,1000000,Periodic-rebuild,cluster,0.1,2,0.0,0.025686,0.967187,0.98461
SIFT1M,1000000,1000000,Periodic-rebuild,cluster,0.1,3,0.0,0.025264,0.969497,0.987264
SIFT1M,1000000,1000000,Periodic-rebuild,cluster,0.1,4,0.0,0.029122,0.970823,0.987429
SIFT1M,1000000,1000000,Periodic-rebuild,cluster,0.1,5,0.0,0.025544,0.970179,0.987229
SIFT1M,1000000,1000000,Periodic-rebuild,cluster,0.1,6,0.0,0.022857,0.968891,0.985952
SIFT1M,1000000,1000000,Periodic-rebuild,cluster,0.1,7,0.0,0.027744,0.972568,0.988105
SIFT1M,1000000,1000000,Periodic-rebuild,cluster,0.1,8,0.0,0.028702,0.963824,0.982347
SIFT1M,1000000,1000000,Periodic-rebuild,cluster,0.1,9,0.0,0.028138,0.967248,0.985552
SIFT1M,1000000,1000000,Per-role-index,cluster,0.1,0,0.0,0.003185,0.983682,0.986658
SIFT1M,1000000,1000000,Per-role-index,cluster,0.1,1,0.0,0.0,0.985393,0.987285
SIFT1M,1000000,1000000,Per-role-index,cluster,0.1,2,0.0,0.0015,0.978654,0.984679
SIFT1M,1000000,1000000,Per-role-index,cluster,0.1,3,0.0,0.0,0.979426,0.983968
SIFT1M,1000000,1000000,Per-role-index,cluster,0.1,4,0.0,0.0,0.982488,0.985556
SIFT1M,1000000,1000000,Per-role-index,cluster,0.1,5,0.0,0.0,0.982002,0.984171
SIFT1M,1000000,1000000,Per-role-index,cluster,0.1,6,0.0,0.003802,0.9803,0.982217
SIFT1M,1000000,1000000,Per-role-index,cluster,0.1,7,0.0,0.002326,0.982136,0.984738
SIFT1M,1000000,1000000,Per-role-index,cluster,0.1,8,0.0,0.0,0.980763,0.986531
SIFT1M,1000000,1000000,Per-role-index,cluster,0.1,9,0.0,0.00498,0.981384,0.985449
SIFT1M,1000000,1000000,ACORN,cluster,0.1,0,0.0,0.023375,0.966506,0.986489
SIFT1M,1000000,1000000,ACORN,cluster,0.1,1,0.0,0.021939,0.967582,0.984839
SIFT1M,1000000,1000000,ACORN,cluster,0.1,2,0.0,0.025765,0.961547,0.983449
SIFT1M,1000000,1000000,ACORN,cluster,0.1,3,0.0,0.019203,0.966858,0.984087
SIFT1M,1000000,1000000,ACORN,cluster,0.1,4,0.0,0.0212,0.96736,0.988594
SIFT1M,1000000,1000000,ACORN,cluster,0.1,5,0.0,0.019763,0.963381,0.984726
SIFT1M,1000000,1000000,ACORN,cluster,0.1,6,0.0,0.022928,0.96776,0.987088
SIFT1M,1000000,1000000,ACORN,cluster,0.1,7,0.0,0.022677,0.961704,0.983676
SIFT1M,1000000,1000000,ACORN,cluster,0.1,8,0.0,0.022514,0.967408,0.98597
SIFT1M,1000000,1000000,ACORN,cluster,0.1,9,0.0,0.017962,0.962479,0.984486
SIFT1M,1000000,1000000,HoneyBee,cluster,0.1,0,0.0,0.014657,0.964351,0.983068
SIFT1M,1000000,1000000,HoneyBee,cluster,0.1,1,0.0,0.018902,0.963917,0.985333
SIFT1M,1000000,1000000,HoneyBee,cluster,0.1,2,0.0,0.016895,0.972041,0.989466
SIFT1M,1000000,1000000,HoneyBee,cluster,0.1,3,0.0,0.013861,0.972128,0.988223
SIFT1M,1000000,1000000,HoneyBee,cluster,0.1,4,0.0,0.019177,0.961503,0.984179
SIFT1M,1000000,1000000,HoneyBee,cluster,0.1,5,0.0,0.014994,0.972018,0.989066
SIFT1M,1000000,1000000,HoneyBee,cluster,0.1,6,0.0,0.013287,0.971629,0.985965
SIFT1M,1000000,1000000,HoneyBee,cluster,0.1,7,0.0,0.014715,0.96693,0.987585
SIFT1M,1000000,1000000,HoneyBee,cluster,0.1,8,0.0,0.013691,0.967537,0.982423
SIFT1M,1000000,1000000,HoneyBee,cluster,0.1,9,0.0,0.017485,0.964188,0.986069
SIFT1M,1000000,1000000,SPFresh,cluster,0.1,0,0.0,0.027551,0.960288,0.98671
SIFT1M,1000000,1000000,SPFresh,cluster,0.1,1,0.0,0.029243,0.959352,0.986378
SIFT1M,1000000,1000000,SPFresh,cluster,0.1,2,0.0,0.030711,0.96086,0.987022
SIFT1M,1000000,1000000,SPFresh,cluster,0.1,3,0.0,0.034495,0.95908,0.983457
SIFT1M,1000000,1000000,SPFresh,cluster,0.1,4,0.0,0.028674,0.954182,0.9835
SIFT1M,1000000,1000000,SPFresh,cluster,0.1,5,0.0,0.030566,0.957098,0.982976
SIFT1M,1000000,1000000,SPFresh,cluster,0.1,6,0.0,0.030953,0.961096,0.987587
SIFT1M,1000000,1000000,SPFresh,cluster,0.1,7,0.0,0.029833,0.954402,0.983771
SIFT1M,1000000,1000000,SPFresh,cluster,0.1,8,0.0,0.030856,0.963743,0.989002
SIFT1M,1000000,1000000,SPFresh,cluster,0.1,9,0.0,0.037204,0.960885,0.98692
SIFT1M,1000000,1000000,Oracle,cluster,0.1,0,0.0,0.0,0.988439,0.988439
SIFT1M,1000000,1000000,Oracle,cluster,0.1,1,0.0,0.0,0.98521,0.98521
SIFT1M,1000000,1000000,Oracle,cluster,0.1,2,0.0,0.0,0.985541,0.985541
SIFT1M,1000000,1000000,Oracle,cluster,0.1,3,0.0,0.0,0.985986,0.985986
SIFT1M,1000000,1000000,Oracle,cluster,0.1,4,0.0,0.0,0.987855,0.987855
SIFT1M,1000000,1000000,Oracle,cluster,0.1,5,0.0,0.0,0.980807,0.980807
SIFT1M,1000000,1000000,Oracle,cluster,0.1,6,0.0,0.0,0.982733,0.982733
SIFT1M,1000000,1000000,Oracle,cluster,0.1,7,0.0,0.0,0.984828,0.984828
SIFT1M,1000000,1000000,Oracle,cluster,0.1,8,0.0,0.0,0.98397,0.98397
SIFT1M,1000000,1000000,Oracle,cluster,0.1,9,0.0,0.0,0.986068,0.986068
SIFT1M,1000000,1000000,Tombstone,cluster,0.2,0,0.0,0.092056,0.945767,0.984724
SIFT1M,1000000,1000000,Tombstone,cluster,0.2,1,0.0,0.088496,0.947267,0.986999
SIFT1M,1000000,1000000,Tombstone,cluster,0.2,2,0.0,0.086892,0.94703,0.985762
SIFT1M,1000000,1000000,Tombstone,cluster,0.2,3,0.0,0.082835,0.946248,0.988233
SIFT1M,1000000,1000000,Tombstone,cluster,0.2,4,0.0,0.08424,0.95027,0.987742
SIFT1M,1000000,1000000,Tombstone,cluster,0.2,5,0.0,0.091954,0.949239,0.985076
SIFT1M,1000000,1000000,Tombstone,cluster,0.2,6,0.0,0.093336,0.944252,0.984846
SIFT1M,1000000,1000000,Tombstone,cluster,0.2,7,0.0,0.091505,0.946794,0.986362
SIFT1M,1000000,1000000,Tombstone,cluster,0.2,8,0.0,0.079543,0.949435,0.988197
SIFT1M,1000000,1000000,Tombstone,cluster,0.2,9,0.0,0.087073,0.946695,0.984372
SIFT1M,1000000,1000000,Post-filter,cluster,0.2,0,0.0,0.088358,0.939746,0.98422
SIFT1M,1000000,1000000,Post-filter,cluster,0.2,1,0.0,0.097923,0.940942,0.984913
SIFT1M,1000000,1000000,Post-filter,cluster,0.2,2,0.0,0.095071,0.937441,0.981301
SIFT1M,1000000,1000000,Post-filter,cluster,0.2,3,0.0,0.09587,0.938678,0.982974
SIFT1M,1000000,1000000,Post-filter,cluster,0.2,4,0.0,0.097215,0.943003,0.987473
SIFT1M,1000000,1000000,Post-filter,cluster,0.2,5,0.0,0.090981,0.943737,0.987859
SIFT1M,1000000,1000000,Post-filter,cluster,0.2,6,0.0,0.091636,0.938035,0.982773
SIFT1M,1000000,1000000,Post-filter,cluster,0.2,7,0.0,0.097203,0.938658,0.983671
SIFT1M,1000000,1000000,Post-filter,cluster,0.2,8,0.0,0.09326,0.94011,0.98395
SIFT1M,1000000,1000000,Post-filter,cluster,0.2,9,0.0,0.093024,0.942778,0.985189
SIFT1M,1000000,1000000,Lethe,cluster,0.2,0,0.0,0.001742,0.98777,0.991127
SIFT1M,1000000,1000000,Lethe,cluster,0.2,1,0.0,0.006078,0.98122,0.988091
SIFT1M,1000000,1000000,Lethe,cluster,0.2,2,0.0,0.002139,0.979426,0.987608
SIFT1M,1000000,1000000,Lethe,cluster,0.2,3,0.0,0.008087,0.981841,0.984248
SIFT1M,1000000,1000000,Lethe,cluster,0.2,4,0.0,0.004926,0.981001,0.985289
SIFT1M,1000000,1000000,Lethe,cluster,0.2,5,0.0,0.005056,0.980044,0.98541
SIFT1M,1000000,1000000,Lethe,cluster,0.2,6,0.0,0.012167,0.981407,0.986461
SIFT1M,1000000,1000000,Lethe,cluster,0.2,7,0.0,0.00322,0.982159,0.987239
SIFT1M,1000000,1000000,Lethe,cluster,0.2,8,0.0,0.006146,0.977385,0.98313
SIFT1M,1000000,1000000,Lethe,cluster,0.2,9,0.0,0.006821,0.985713,0.99057
SIFT1M,1000000,1000000,Lethe-no-bypass,cluster,0.2,0,0.0,0.026739,0.929942,0.986787
SIFT1M,1000000,1000000,Lethe-no-bypass,cluster,0.2,1,0.0,0.026091,0.930911,0.987733
SIFT1M,1000000,1000000,Lethe-no-bypass,cluster,0.2,2,0.0,0.031871,0.933289,0.988437
SIFT1M,1000000,1000000,Lethe-no-bypass,cluster,0.2,3,0.0,0.027151,0.928195,0.986966
SIFT1M,1000000,1000000,Lethe-no-bypass,cluster,0.2,4,0.0,0.032859,0.925693,0.98406
SIFT1M,1000000,1000000,Lethe-no-bypass,cluster,0.2,5,0.0,0.029265,0.933967,0.987964
SIFT1M,1000000,1000000,Lethe-no-bypass,cluster,0.2,6,0.0,0.02747,0.931063,0.986857
SIFT1M,1000000,1000000,Lethe-no-bypass,cluster,0.2,7,0.0,0.030149,0.933755,0.985169
SIFT1M,1000000,1000000,Lethe-no-bypass,cluster,0.2,8,0.0,0.028394,0.929695,0.986726
SIFT1M,1000000,1000000,Lethe-no-bypass,cluster,0.2,9,0.0,0.025886,0.930513,0.986514
SIFT1M,1000000,1000000,Lethe-no-revaware-traversal,cluster,0.2,0,0.0,0.084393,0.95751,0.986522
SIFT1M,1000000,1000000,Lethe-no-revaware-traversal,cluster,0.2,1,0.0,0.082852,0.96,0.984481
SIFT1M,1000000,1000000,Lethe-no-revaware-traversal,cluster,0.2,2,0.0,0.079151,0.964596,0.989679
SIFT1M,1000000,1000000,Lethe-no-revaware-traversal,cluster,0.2,3,0.0,0.078955,0.95662,0.9829
SIFT1M,1000000,1000000,Lethe-no-revaware-traversal,cluster,0.2,4,0.0,0.074745,0.964098,0.988725
SIFT1M,1000000,1000000,Lethe-no-revaware-traversal,cluster,0.2,5,0.0,0.082013,0.959568,0.984513
SIFT1M,1000000,1000000,Lethe-no-revaware-traversal,cluster,0.2,6,0.0,0.084253,0.952153,0.983525
SIFT1M,1000000,1000000,Lethe-no-revaware-traversal,cluster,0.2,7,0.0,0.081283,0.960306,0.987419
SIFT1M,1000000,1000000,Lethe-no-revaware-traversal,cluster,0.2,8,0.0,0.084321,0.961776,0.985164
SIFT1M,1000000,1000000,Lethe-no-revaware-traversal,cluster,0.2,9,0.0,0.08204,0.962267,0.989013
SIFT1M,1000000,1000000,Physical-delete,cluster,0.2,0,0.0,0.016391,0.947041,0.9836
SIFT1M,1000000,1000000,Physical-delete,cluster,0.2,1,0.0,0.018363,0.956937,0.989654
SIFT1M,1000000,1000000,Physical-delete,cluster,0.2,2,0.0,0.018656,0.950635,0.986115
SIFT1M,1000000,1000000,Physical-delete,cluster,0.2,3,0.0,0.022318,0.944246,0.982841
SIFT1M,1000000,1000000,Physical-delete,cluster,0.2,4,0.0,0.023843,0.950741,0.985195
SIFT1M,1000000,1000000,Physical-delete,cluster,0.2,5,0.0,0.017649,0.952715,0.987751
SIFT1M,1000000,1000000,Physical-delete,cluster,0.2,6,0.0,0.019087,0.952516,0.987824
SIFT1M,1000000,1000000,Physical-delete,cluster,0.2,7,0.0,0.021851,0.949536,0.985578
SIFT1M,1000000,1000000,Physical-delete,cluster,0.2,8,0.0,0.019278,0.955083,0.991465
SIFT1M,1000000,1000000,Physical-delete,cluster,0.2,9,0.0,0.020196,0.947733,0.984453
SIFT1M,1000000,1000000,Periodic-rebuild,cluster,0.2,0,0.0,0.045928,0.972008,0.984833
SIFT1M,1000000,1000000,Periodic-rebuild,cluster,0.2,1,0.0,0.041817,0.97045,0.988036
SIFT1M,1000000,1000000,Periodic-rebuild,cluster,0.2,2,0.0,0.038136,0.966556,0.983785
SIFT1M,1000000,1000000,Periodic-rebuild,cluster,0.2,3,0.0,0.039912,0.969809,0.988087
SIFT1M,1000000,1000000,Periodic-rebuild,cluster,0.2,4,0.0,0.044167,0.970841,0.98639
SIFT1M,1000000,1000000,Periodic-rebuild,cluster,0.2,5,0.0,0.043473,0.970967,0.987076
SIFT1M,1000000,1000000,Periodic-rebuild,cluster,0.2,6,0.0,0.039027,0.962853,0.982564
SIFT1M,1000000,1000000,Periodic-rebuild,cluster,0.2,7,0.0,0.040209,0.968312,0.988735
SIFT1M,1000000,1000000,Periodic-rebuild,cluster,0.2,8,0.0,0.035758,0.965807,0.98311
SIFT1M,1000000,1000000,Periodic-rebuild,cluster,0.2,9,0.0,0.043883,0.962767,0.983245
SIFT1M,1000000,1000000,Per-role-index,cluster,0.2,0,0.0,0.002593,0.977935,0.982834
SIFT1M,1000000,1000000,Per-role-index,cluster,0.2,1,0.0,0.005494,0.981772,0.986182
SIFT1M,1000000,1000000,Per-role-index,cluster,0.2,2,0.0,0.001746,0.981417,0.986404
SIFT1M,1000000,1000000,Per-role-index,cluster,0.2,3,0.0,0.003115,0.981514,0.984223
SIFT1M,1000000,1000000,Per-role-index,cluster,0.2,4,0.0,0.005063,0.982236,0.985903
SIFT1M,1000000,1000000,Per-role-index,cluster,0.2,5,0.0,0.000462,0.984195,0.98745
SIFT1M,1000000,1000000,Per-role-index,cluster,0.2,6,0.0,0.0,0.978362,0.984759
SIFT1M,1000000,1000000,Per-role-index,cluster,0.2,7,0.0,0.000892,0.986539,0.988706
SIFT1M,1000000,1000000,Per-role-index,cluster,0.2,8,0.0,0.0,0.983019,0.987507
SIFT1M,1000000,1000000,Per-role-index,cluster,0.2,9,0.0,0.005476,0.980099,0.986548
SIFT1M,1000000,1000000,ACORN,cluster,0.2,0,0.0,0.036345,0.966041,0.985649
SIFT1M,1000000,1000000,ACORN,cluster,0.2,1,0.0,0.035282,0.965043,0.986312
SIFT1M,1000000,1000000,ACORN,cluster,0.2,2,0.0,0.036392,0.964411,0.98403
SIFT1M,1000000,1000000,ACORN,cluster,0.2,3,0.0,0.033291,0.972484,0.990385
SIFT1M,1000000,1000000,ACORN,cluster,0.2,4,0.0,0.04133,0.966494,0.98898
SIFT1M,1000000,1000000,ACORN,cluster,0.2,5,0.0,0.041201,0.966538,0.983895
SIFT1M,1000000,1000000,ACORN,cluster,0.2,6,0.0,0.037557,0.961968,0.982979
SIFT1M,1000000,1000000,ACORN,cluster,0.2,7,0.0,0.039328,0.965576,0.986004
SIFT1M,1000000,1000000,ACORN,cluster,0.2,8,0.0,0.033683,0.968818,0.988462
SIFT1M,1000000,1000000,ACORN,cluster,0.2,9,0.0,0.033411,0.963277,0.983506
SIFT1M,1000000,1000000,HoneyBee,cluster,0.2,0,0.0,0.0326,0.969887,0.988175
SIFT1M,1000000,1000000,HoneyBee,cluster,0.2,1,0.0,0.031627,0.972002,0.98858
SIFT1M,1000000,1000000,HoneyBee,cluster,0.2,2,0.0,0.039096,0.967295,0.986674
SIFT1M,1000000,1000000,HoneyBee,cluster,0.2,3,0.0,0.028569,0.969023,0.986751
SIFT1M,1000000,1000000,HoneyBee,cluster,0.2,4,0.0,0.024362,0.970086,0.989363
SIFT1M,1000000,1000000,HoneyBee,cluster,0.2,5,0.0,0.031054,0.960117,0.981417
SIFT1M,1000000,1000000,HoneyBee,cluster,0.2,6,0.0,0.032201,0.965912,0.985305
SIFT1M,1000000,1000000,HoneyBee,cluster,0.2,7,0.0,0.028403,0.964129,0.984701
SIFT1M,1000000,1000000,HoneyBee,cluster,0.2,8,0.0,0.027854,0.966429,0.984778
SIFT1M,1000000,1000000,HoneyBee,cluster,0.2,9,0.0,0.032696,0.969805,0.989754
SIFT1M,1000000,1000000,SPFresh,cluster,0.2,0,0.0,0.057055,0.958417,0.982468
SIFT1M,1000000,1000000,SPFresh,cluster,0.2,1,0.0,0.053274,0.957761,0.98284
SIFT1M,1000000,1000000,SPFresh,cluster,0.2,2,0.0,0.054336,0.957405,0.985483
SIFT1M,1000000,1000000,SPFresh,cluster,0.2,3,0.0,0.053153,0.959533,0.983253
SIFT1M,1000000,1000000,SPFresh,cluster,0.2,4,0.0,0.057837,0.957026,0.986916
SIFT1M,1000000,1000000,SPFresh,cluster,0.2,5,0.0,0.053453,0.95675,0.984918
SIFT1M,1000000,1000000,SPFresh,cluster,0.2,6,0.0,0.061546,0.958224,0.985218
SIFT1M,1000000,1000000,SPFresh,cluster,0.2,7,0.0,0.048945,0.956058,0.98413
SIFT1M,1000000,1000000,SPFresh,cluster,0.2,8,0.0,0.047938,0.959735,0.986288
SIFT1M,1000000,1000000,SPFresh,cluster,0.2,9,0.0,0.049013,0.962031,0.98717
SIFT1M,1000000,1000000,Oracle,cluster,0.2,0,0.0,0.0,0.988566,0.988566
SIFT1M,1000000,1000000,Oracle,cluster,0.2,1,0.0,0.0,0.987136,0.987136
SIFT1M,1000000,1000000,Oracle,cluster,0.2,2,0.0,0.0,0.986693,0.986693
SIFT1M,1000000,1000000,Oracle,cluster,0.2,3,0.0,0.0,0.985889,0.985889
SIFT1M,1000000,1000000,Oracle,cluster,0.2,4,0.0,0.0,0.989048,0.989048
SIFT1M,1000000,1000000,Oracle,cluster,0.2,5,0.0,0.0,0.982524,0.982524
SIFT1M,1000000,1000000,Oracle,cluster,0.2,6,0.0,0.0,0.983904,0.983904
SIFT1M,1000000,1000000,Oracle,cluster,0.2,7,0.0,0.0,0.986475,0.986475
SIFT1M,1000000,1000000,Oracle,cluster,0.2,8,0.0,0.0,0.987974,0.987974
SIFT1M,1000000,1000000,Oracle,cluster,0.2,9,0.0,0.0,0.985115,0.985115
SIFT1M,1000000,1000000,Tombstone,cluster,0.3,0,0.0,0.122029,0.945033,0.984625
SIFT1M,1000000,1000000,Tombstone,cluster,0.3,1,0.0,0.118593,0.951055,0.98917
SIFT1M,1000000,1000000,Tombstone,cluster,0.3,2,0.0,0.122392,0.95141,0.987414
SIFT1M,1000000,1000000,Tombstone,cluster,0.3,3,0.0,0.120553,0.949004,0.989229
SIFT1M,1000000,1000000,Tombstone,cluster,0.3,4,0.0,0.116842,0.948594,0.984822
SIFT1M,1000000,1000000,Tombstone,cluster,0.3,5,0.0,0.115437,0.939481,0.982092
SIFT1M,1000000,1000000,Tombstone,cluster,0.3,6,0.0,0.11463,0.948578,0.98911
SIFT1M,1000000,1000000,Tombstone,cluster,0.3,7,0.0,0.12031,0.94803,0.987622
SIFT1M,1000000,1000000,Tombstone,cluster,0.3,8,0.0,0.11346,0.945491,0.985901
SIFT1M,1000000,1000000,Tombstone,cluster,0.3,9,0.0,0.117073,0.948664,0.989758
SIFT1M,1000000,1000000,Post-filter,cluster,0.3,0,0.0,0.129303,0.940881,0.986173
SIFT1M,1000000,1000000,Post-filter,cluster,0.3,1,0.0,0.131261,0.940303,0.98589
SIFT1M,1000000,1000000,Post-filter,cluster,0.3,2,0.0,0.123445,0.940309,0.985838
SIFT1M,1000000,1000000,Post-filter,cluster,0.3,3,0.0,0.128872,0.940782,0.984918
SIFT1M,1000000,1000000,Post-filter,cluster,0.3,4,0.0,0.128331,0.943784,0.986998
SIFT1M,1000000,1000000,Post-filter,cluster,0.3,5,0.0,0.134093,0.945289,0.986365
SIFT1M,1000000,1000000,Post-filter,cluster,0.3,6,0.0,0.126405,0.936046,0.981578
SIFT1M,1000000,1000000,Post-filter,cluster,0.3,7,0.0,0.127111,0.941792,0.984625
SIFT1M,1000000,1000000,Post-filter,cluster,0.3,8,0.0,0.128545,0.941946,0.985547
SIFT1M,1000000,1000000,Post-filter,cluster,0.3,9,0.0,0.129586,0.947578,0.990226
SIFT1M,1000000,1000000,Lethe,cluster,0.3,0,0.0,0.007432,0.983055,0.985725
SIFT1M,1000000,1000000,Lethe,cluster,0.3,1,0.0,0.001483,0.98165,0.987233
SIFT1M,1000000,1000000,Lethe,cluster,0.3,2,0.0,0.00965,0.980003,0.983944
SIFT1M,1000000,1000000,Lethe,cluster,0.3,3,0.0,0.008804,0.982556,0.987265
SIFT1M,1000000,1000000,Lethe,cluster,0.3,4,0.0,0.011347,0.986764,0.988466
SIFT1M,1000000,1000000,Lethe,cluster,0.3,5,0.0,0.008375,0.98169,0.986568
SIFT1M,1000000,1000000,Lethe,cluster,0.3,6,0.0,0.012227,0.982832,0.987011
SIFT1M,1000000,1000000,Lethe,cluster,0.3,7,0.0,0.012013,0.981157,0.986116
SIFT1M,1000000,1000000,Lethe,cluster,0.3,8,0.0,0.009933,0.978302,0.98521
SIFT1M,1000000,1000000,Lethe,cluster,0.3,9,0.0,0.0,0.981723,0.986004
SIFT1M,1000000,1000000,Lethe-no-bypass,cluster,0.3,0,0.0,0.042174,0.931759,0.985247
SIFT1M,1000000,1000000,Lethe-no-bypass,cluster,0.3,1,0.0,0.041577,0.935858,0.988075
SIFT1M,1000000,1000000,Lethe-no-bypass,cluster,0.3,2,0.0,0.036036,0.93228,0.986237
SIFT1M,1000000,1000000,Lethe-no-bypass,cluster,0.3,3,0.0,0.039955,0.927478,0.985512
SIFT1M,1000000,1000000,Lethe-no-bypass,cluster,0.3,4,0.0,0.046736,0.929776,0.983285
SIFT1M,1000000,1000000,Lethe-no-bypass,cluster,0.3,5,0.0,0.034326,0.930785,0.986529
SIFT1M,1000000,1000000,Lethe-no-bypass,cluster,0.3,6,0.0,0.047324,0.929207,0.985159
SIFT1M,1000000,1000000,Lethe-no-bypass,cluster,0.3,7,0.0,0.040994,0.930448,0.985783
SIFT1M,1000000,1000000,Lethe-no-bypass,cluster,0.3,8,0.0,0.041323,0.933026,0.985561
SIFT1M,1000000,1000000,Lethe-no-bypass,cluster,0.3,9,0.0,0.033749,0.930986,0.984831
SIFT1M,1000000,1000000,Lethe-no-revaware-traversal,cluster,0.3,0,0.0,0.112357,0.959114,0.985007
SIFT1M,1000000,1000000,Lethe-no-revaware-traversal,cluster,0.3,1,0.0,0.113793,0.955656,0.987015
SIFT1M,1000000,1000000,Lethe-no-revaware-traversal,cluster,0.3,2,0.0,0.11103,0.966582,0.988398
SIFT1M,1000000,1000000,Lethe-no-revaware-traversal,cluster,0.3,3,0.0,0.113427,0.96027,0.988441
SIFT1M,1000000,1000000,Lethe-no-revaware-traversal,cluster,0.3,4,0.0,0.107921,0.961068,0.988401
SIFT1M,1000000,1000000,Lethe-no-revaware-traversal,cluster,0.3,5,0.0,0.114514,0.963408,0.988116
SIFT1M,1000000,1000000,Lethe-no-revaware-traversal,cluster,0.3,6,0.0,0.108913,0.961431,0.98463
SIFT1M,1000000,1000000,Lethe-no-revaware-traversal,cluster,0.3,7,0.0,0.112635,0.959028,0.985961
SIFT1M,1000000,1000000,Lethe-no-revaware-traversal,cluster,0.3,8,0.0,0.10953,0.954571,0.98502
SIFT1M,1000000,1000000,Lethe-no-revaware-traversal,cluster,0.3,9,0.0,0.116585,0.957088,0.982841
SIFT1M,1000000,1000000,Physical-delete,cluster,0.3,0,0.0,0.028527,0.947383,0.986648
SIFT1M,1000000,1000000,Physical-delete,cluster,0.3,1,0.0,0.023039,0.943744,0.982714
SIFT1M,1000000,1000000,Physical-delete,cluster,0.3,2,0.0,0.023976,0.948101,0.987905
SIFT1M,1000000,1000000,Physical-delete,cluster,0.3,3,0.0,0.025298,0.952369,0.987806
SIFT1M,1000000,1000000,Physical-delete,cluster,0.3,4,0.0,0.031216,0.953253,0.987626
SIFT1M,1000000,1000000,Physical-delete,cluster,0.3,5,0.0,0.027389,0.947039,0.9836
SIFT1M,1000000,1000000,Physical-delete,cluster,0.3,6,0.0,0.026412,0.948923,0.984174
SIFT1M,1000000,1000000,Physical-delete,cluster,0.3,7,0.0,0.029734,0.952864,0.988853
SIFT1M,1000000,1000000,Physical-delete,cluster,0.3,8,0.0,0.030413,0.951919,0.985705
SIFT1M,1000000,1000000,Physical-delete,cluster,0.3,9,0.0,0.030002,0.953403,0.98804
SIFT1M,1000000,1000000,Periodic-rebuild,cluster,0.3,0,0.0,0.061429,0.968027,0.987165
SIFT1M,1000000,1000000,Periodic-rebuild,cluster,0.3,1,0.0,0.056022,0.970495,0.986153
SIFT1M,1000000,1000000,Periodic-rebuild,cluster,0.3,2,0.0,0.055579,0.965392,0.985633
SIFT1M,1000000,1000000,Periodic-rebuild,cluster,0.3,3,0.0,0.05091,0.971953,0.986344
SIFT1M,1000000,1000000,Periodic-rebuild,cluster,0.3,4,0.0,0.061783,0.971495,0.988831
SIFT1M,1000000,1000000,Periodic-rebuild,cluster,0.3,5,0.0,0.060195,0.968251,0.985596
SIFT1M,1000000,1000000,Periodic-rebuild,cluster,0.3,6,0.0,0.05333,0.966522,0.988172
SIFT1M,1000000,1000000,Periodic-rebuild,cluster,0.3,7,0.0,0.057044,0.964108,0.984104
SIFT1M,1000000,1000000,Periodic-rebuild,cluster,0.3,8,0.0,0.058959,0.969742,0.987112
SIFT1M,1000000,1000000,Periodic-rebuild,cluster,0.3,9,0.0,0.062967,0.968954,0.984481
SIFT1M,1000000,1000000,Per-role-index,cluster,0.3,0,0.0,0.004209,0.97754,0.98166
SIFT1M,1000000,1000000,Per-role-index,cluster,0.3,1,0.0,0.0,0.982848,0.985275
SIFT1M,1000000,1000000,Per-role-index,cluster,0.3,2,0.0,0.00227,0.981175,0.988072
SIFT1M,1000000,1000000,Per-role-index,cluster,0.3,3,0.0,0.002069,0.983181,0.984703
SIFT1M,1000000,1000000,Per-role-index,cluster,0.3,4,0.0,0.0,0.978605,0.985397
SIFT1M,1000000,1000000,Per-role-index,cluster,0.3,5,0.0,0.006206,0.989313,0.991097
SIFT1M,1000000,1000000,Per-role-index,cluster,0.3,6,0.0,0.000641,0.979404,0.985464
SIFT1M,1000000,1000000,Per-role-index,cluster,0.3,7,0.0,0.008616,0.980732,0.985096
SIFT1M,1000000,1000000,Per-role-index,cluster,0.3,8,0.0,0.006265,0.979751,0.985037
SIFT1M,1000000,1000000,Per-role-index,cluster,0.3,9,0.0,0.005465,0.9843,0.985961
SIFT1M,1000000,1000000,ACORN,cluster,0.3,0,0.0,0.050876,0.964515,0.985154
SIFT1M,1000000,1000000,ACORN,cluster,0.3,1,0.0,0.048226,0.964266,0.983536
SIFT1M,1000000,1000000,ACORN,cluster,0.3,2,0.0,0.054077,0.964736,0.985011
SIFT1M,1000000,1000000,ACORN,cluster,0.3,3,0.0,0.047425,0.962995,0.98504
SIFT1M,1000000,1000000,ACORN,cluster,0.3,4,0.0,0.047741,0.968096,0.986822
SIFT1M,1000000,1000000,ACORN,cluster,0.3,5,0.0,0.053463,0.962863,0.984834
SIFT1M,1000000,1000000,ACORN,cluster,0.3,6,0.0,0.049774,0.967003,0.987385
SIFT1M,1000000,1000000,ACORN,cluster,0.3,7,0.0,0.054893,0.968392,0.987218
SIFT1M,1000000,1000000,ACORN,cluster,0.3,8,0.0,0.052259,0.963639,0.98472
SIFT1M,1000000,1000000,ACORN,cluster,0.3,9,0.0,0.053484,0.966283,0.984205
SIFT1M,1000000,1000000,HoneyBee,cluster,0.3,0,0.0,0.041266,0.968605,0.98615
SIFT1M,1000000,1000000,HoneyBee,cluster,0.3,1,0.0,0.041683,0.967309,0.985958
SIFT1M,1000000,1000000,HoneyBee,cluster,0.3,2,0.0,0.037386,0.965804,0.985689
SIFT1M,1000000,1000000,HoneyBee,cluster,0.3,3,0.0,0.043784,0.972255,0.990107
SIFT1M,1000000,1000000,HoneyBee,cluster,0.3,4,0.0,0.043474,0.965695,0.986491
SIFT1M,1000000,1000000,HoneyBee,cluster,0.3,5,0.0,0.043777,0.96244,0.985139
SIFT1M,1000000,1000000,HoneyBee,cluster,0.3,6,0.0,0.04526,0.966848,0.984087
SIFT1M,1000000,1000000,HoneyBee,cluster,0.3,7,0.0,0.040046,0.966697,0.983211
SIFT1M,1000000,1000000,HoneyBee,cluster,0.3,8,0.0,0.049411,0.969954,0.986146
SIFT1M,1000000,1000000,HoneyBee,cluster,0.3,9,0.0,0.040568,0.961315,0.980811
SIFT1M,1000000,1000000,SPFresh,cluster,0.3,0,0.0,0.072535,0.957681,0.98674
SIFT1M,1000000,1000000,SPFresh,cluster,0.3,1,0.0,0.069702,0.96397,0.987042
SIFT1M,1000000,1000000,SPFresh,cluster,0.3,2,0.0,0.074234,0.959009,0.985625
SIFT1M,1000000,1000000,SPFresh,cluster,0.3,3,0.0,0.075621,0.961559,0.98847
SIFT1M,1000000,1000000,SPFresh,cluster,0.3,4,0.0,0.073959,0.957884,0.983129
SIFT1M,1000000,1000000,SPFresh,cluster,0.3,5,0.0,0.074891,0.957187,0.98268
SIFT1M,1000000,1000000,SPFresh,cluster,0.3,6,0.0,0.07456,0.959507,0.986845
SIFT1M,1000000,1000000,SPFresh,cluster,0.3,7,0.0,0.068979,0.95674,0.986195
SIFT1M,1000000,1000000,SPFresh,cluster,0.3,8,0.0,0.075106,0.956546,0.982815
SIFT1M,1000000,1000000,SPFresh,cluster,0.3,9,0.0,0.07253,0.955776,0.985142
SIFT1M,1000000,1000000,Oracle,cluster,0.3,0,0.0,0.0,0.981158,0.981158
SIFT1M,1000000,1000000,Oracle,cluster,0.3,1,0.0,0.0,0.984909,0.984909
SIFT1M,1000000,1000000,Oracle,cluster,0.3,2,0.0,0.0,0.987403,0.987403
SIFT1M,1000000,1000000,Oracle,cluster,0.3,3,0.0,0.0,0.987611,0.987611
SIFT1M,1000000,1000000,Oracle,cluster,0.3,4,0.0,0.0,0.989502,0.989502
SIFT1M,1000000,1000000,Oracle,cluster,0.3,5,0.0,0.0,0.985102,0.985102
SIFT1M,1000000,1000000,Oracle,cluster,0.3,6,0.0,0.0,0.986883,0.986883
SIFT1M,1000000,1000000,Oracle,cluster,0.3,7,0.0,0.0,0.981927,0.981927
SIFT1M,1000000,1000000,Oracle,cluster,0.3,8,0.0,0.0,0.988934,0.988934
SIFT1M,1000000,1000000,Oracle,cluster,0.3,9,0.0,0.0,0.990087,0.990087
SIFT1M,1000000,1000000,Tombstone,cluster,0.4,0,0.0,0.1497,0.944195,0.985467
SIFT1M,1000000,1000000,Tombstone,cluster,0.4,1,0.0,0.147947,0.943648,0.98402
SIFT1M,1000000,1000000,Tombstone,cluster,0.4,2,0.0,0.1461,0.940099,0.98198
SIFT1M,1000000,1000000,Tombstone,cluster,0.4,3,0.0,0.145479,0.944877,0.985325
SIFT1M,1000000,1000000,Tombstone,cluster,0.4,4,0.0,0.14639,0.946215,0.984989
SIFT1M,1000000,1000000,Tombstone,cluster,0.4,5,0.0,0.147391,0.945709,0.986903
SIFT1M,1000000,1000000,Tombstone,cluster,0.4,6,0.0,0.149356,0.94562,0.983654
SIFT1M,1000000,1000000,Tombstone,cluster,0.4,7,0.0,0.153955,0.945776,0.98515
SIFT1M,1000000,1000000,Tombstone,cluster,0.4,8,0.0,0.146591,0.940571,0.98468
SIFT1M,1000000,1000000,Tombstone,cluster,0.4,9,0.0,0.145597,0.946711,0.985023
SIFT1M,1000000,1000000,Post-filter,cluster,0.4,0,0.0,0.164185,0.93939,0.987715
SIFT1M,1000000,1000000,Post-filter,cluster,0.4,1,0.0,0.158929,0.935997,0.983167
SIFT1M,1000000,1000000,Post-filter,cluster,0.4,2,0.0,0.157852,0.937875,0.984432
SIFT1M,1000000,1000000,Post-filter,cluster,0.4,3,0.0,0.158544,0.941911,0.984612
SIFT1M,1000000,1000000,Post-filter,cluster,0.4,4,0.0,0.164711,0.943122,0.98769
SIFT1M,1000000,1000000,Post-filter,cluster,0.4,5,0.0,0.160706,0.93771,0.986439
SIFT1M,1000000,1000000,Post-filter,cluster,0.4,6,0.0,0.162374,0.942789,0.987525
SIFT1M,1000000,1000000,Post-filter,cluster,0.4,7,0.0,0.149718,0.94155,0.989786
SIFT1M,1000000,1000000,Post-filter,cluster,0.4,8,0.0,0.158151,0.934211,0.980754
SIFT1M,1000000,1000000,Post-filter,cluster,0.4,9,0.0,0.160458,0.943029,0.988406
SIFT1M,1000000,1000000,Lethe,cluster,0.4,0,0.0,0.009238,0.975731,0.984629
SIFT1M,1000000,1000000,Lethe,cluster,0.4,1,0.0,0.011637,0.982911,0.986113
SIFT1M,1000000,1000000,Lethe,cluster,0.4,2,0.0,0.013147,0.981952,0.986372
SIFT1M,1000000,1000000,Lethe,cluster,0.4,3,0.0,0.010447,0.97668,0.982404
SIFT1M,1000000,1000000,Lethe,cluster,0.4,4,0.0,0.007255,0.980416,0.986294
SIFT1M,1000000,1000000,Lethe,cluster,0.4,5,0.0,0.006747,0.98446,0.98843
SIFT1M,1000000,1000000,Lethe,cluster,0.4,6,0.0,0.008787,0.985746,0.986246
SIFT1M,1000000,1000000,Lethe,cluster,0.4,7,0.0,0.012021,0.978704,0.982744
SIFT1M,1000000,1000000,Lethe,cluster,0.4,8,0.0,0.017303,0.982016,0.985201
SIFT1M,1000000,1000000,Lethe,cluster,0.4,9,0.0,0.009598,0.981783,0.985795
SIFT1M,1000000,1000000,Lethe-no-bypass,cluster,0.4,0,0.0,0.051263,0.928518,0.986091
SIFT1M,1000000,1000000,Lethe-no-bypass,cluster,0.4,1,0.0,0.047822,0.929564,0.986246
SIFT1M,1000000,1000000,Lethe-no-bypass,cluster,0.4,2,0.0,0.052224,0.935477,0.989196
SIFT1M,1000000,1000000,Lethe-no-bypass,cluster,0.4,3,0.0,0.055004,0.930656,0.984575
SIFT1M,1000000,1000000,Lethe-no-bypass,cluster,0.4,4,0.0,0.05352,0.92832,0.983669
SIFT1M,1000000,1000000,Lethe-no-bypass,cluster,0.4,5,0.0,0.055628,0.925246,0.982716
SIFT1M,1000000,1000000,Lethe-no-bypass,cluster,0.4,6,0.0,0.053407,0.929843,0.986917
SIFT1M,1000000,1000000,Lethe-no-bypass,cluster,0.4,7,0.0,0.045058,0.931866,0.987543
SIFT1M,1000000,1000000,Lethe-no-bypass,cluster,0.4,8,0.0,0.054314,0.929131,0.987011
SIFT1M,1000000,1000000,Lethe-no-bypass,cluster,0.4,9,0.0,0.045648,0.927345,0.98628
SIFT1M,1000000,1000000,Lethe-no-revaware-traversal,cluster,0.4,0,0.0,0.139891,0.958948,0.989334
SIFT1M,1000000,1000000,Lethe-no-revaware-traversal,cluster,0.4,1,0.0,0.143064,0.960141,0.986242
SIFT1M,1000000,1000000,Lethe-no-revaware-traversal,cluster,0.4,2,0.0,0.139788,0.954725,0.982143
SIFT1M,1000000,1000000,Lethe-no-revaware-traversal,cluster,0.4,3,0.0,0.144822,0.962157,0.990177
SIFT1M,1000000,1000000,Lethe-no-revaware-traversal,cluster,0.4,4,0.0,0.141812,0.962913,0.988912
SIFT1M,1000000,1000000,Lethe-no-revaware-traversal,cluster,0.4,5,0.0,0.138494,0.960056,0.986924
SIFT1M,1000000,1000000,Lethe-no-revaware-traversal,cluster,0.4,6,0.0,0.139375,0.960403,0.986854
SIFT1M,1000000,1000000,Lethe-no-revaware-traversal,cluster,0.4,7,0.0,0.136131,0.956753,0.984901
SIFT1M,1000000,1000000,Lethe-no-revaware-traversal,cluster,0.4,8,0.0,0.130711,0.959005,0.985235
SIFT1M,1000000,1000000,Lethe-no-revaware-traversal,cluster,0.4,9,0.0,0.143028,0.962629,0.991062
SIFT1M,1000000,1000000,Physical-delete,cluster,0.4,0,0.0,0.036879,0.946107,0.982967
SIFT1M,1000000,1000000,Physical-delete,cluster,0.4,1,0.0,0.028603,0.950159,0.985603
SIFT1M,1000000,1000000,Physical-delete,cluster,0.4,2,0.0,0.034523,0.949465,0.987335
SIFT1M,1000000,1000000,Physical-delete,cluster,0.4,3,0.0,0.041009,0.943882,0.984203
SIFT1M,1000000,1000000,Physical-delete,cluster,0.4,4,0.0,0.040477,0.947807,0.987686
SIFT1M,1000000,1000000,Physical-delete,cluster,0.4,5,0.0,0.038645,0.949382,0.98475
SIFT1M,1000000,1000000,Physical-delete,cluster,0.4,6,0.0,0.034246,0.953199,0.988024
SIFT1M,1000000,1000000,Physical-delete,cluster,0.4,7,0.0,0.036724,0.95052,0.984746
SIFT1M,1000000,1000000,Physical-delete,cluster,0.4,8,0.0,0.035525,0.951257,0.986806
SIFT1M,1000000,1000000,Physical-delete,cluster,0.4,9,0.0,0.039503,0.9534,0.988644
SIFT1M,1000000,1000000,Periodic-rebuild,cluster,0.4,0,0.0,0.07568,0.967616,0.987388
SIFT1M,1000000,1000000,Periodic-rebuild,cluster,0.4,1,0.0,0.067464,0.969171,0.987389
SIFT1M,1000000,1000000,Periodic-rebuild,cluster,0.4,2,0.0,0.072248,0.970076,0.985462
SIFT1M,1000000,1000000,Periodic-rebuild,cluster,0.4,3,0.0,0.067131,0.971194,0.989414
SIFT1M,1000000,1000000,Periodic-rebuild,cluster,0.4,4,0.0,0.075764,0.969238,0.985317
SIFT1M,1000000,1000000,Periodic-rebuild,cluster,0.4,5,0.0,0.069231,0.969895,0.989329
SIFT1M,1000000,1000000,Periodic-rebuild,cluster,0.4,6,0.0,0.074246,0.963408,0.982465
SIFT1M,1000000,1000000,Periodic-rebuild,cluster,0.4,7,0.0,0.070433,0.971014,0.983941
SIFT1M,1000000,1000000,Periodic-rebuild,cluster,0.4,8,0.0,0.070298,0.970078,0.98676
SIFT1M,1000000,1000000,Periodic-rebuild,cluster,0.4,9,0.0,0.075489,0.967332,0.987689
SIFT1M,1000000,1000000,Per-role-index,cluster,0.4,0,0.0,0.004015,0.985818,0.98866
SIFT1M,1000000,1000000,Per-role-index,cluster,0.4,1,0.0,0.010904,0.980955,0.986265
SIFT1M,1000000,1000000,Per-role-index,cluster,0.4,2,0.0,0.007912,0.986847,0.987577
SIFT1M,1000000,1000000,Per-role-index,cluster,0.4,3,0.0,0.005927,0.979061,0.98303
SIFT1M,1000000,1000000,Per-role-index,cluster,0.4,4,0.0,0.010621,0.982154,0.986745
SIFT1M,1000000,1000000,Per-role-index,cluster,0.4,5,0.0,0.005148,0.979518,0.983423
SIFT1M,1000000,1000000,Per-role-index,cluster,0.4,6,0.0,0.006925,0.99,0.989634
SIFT1M,1000000,1000000,Per-role-index,cluster,0.4,7,0.0,0.012775,0.989324,0.990391
SIFT1M,1000000,1000000,Per-role-index,cluster,0.4,8,0.0,0.006392,0.986594,0.986746
SIFT1M,1000000,1000000,Per-role-index,cluster,0.4,9,0.0,0.0,0.983025,0.987136
SIFT1M,1000000,1000000,ACORN,cluster,0.4,0,0.0,0.063207,0.964907,0.986111
SIFT1M,1000000,1000000,ACORN,cluster,0.4,1,0.0,0.06017,0.964302,0.984048
SIFT1M,1000000,1000000,ACORN,cluster,0.4,2,0.0,0.065355,0.967471,0.986458
SIFT1M,1000000,1000000,ACORN,cluster,0.4,3,0.0,0.064538,0.963391,0.985244
SIFT1M,1000000,1000000,ACORN,cluster,0.4,4,0.0,0.056775,0.96427,0.985786
SIFT1M,1000000,1000000,ACORN,cluster,0.4,5,0.0,0.063696,0.970903,0.986354
SIFT1M,1000000,1000000,ACORN,cluster,0.4,6,0.0,0.060384,0.964521,0.985238
SIFT1M,1000000,1000000,ACORN,cluster,0.4,7,0.0,0.066434,0.962245,0.982394
SIFT1M,1000000,1000000,ACORN,cluster,0.4,8,0.0,0.056843,0.963316,0.984116
SIFT1M,1000000,1000000,ACORN,cluster,0.4,9,0.0,0.066322,0.967886,0.986747
SIFT1M,1000000,1000000,HoneyBee,cluster,0.4,0,0.0,0.051799,0.966589,0.986499
SIFT1M,1000000,1000000,HoneyBee,cluster,0.4,1,0.0,0.052518,0.9667,0.985928
SIFT1M,1000000,1000000,HoneyBee,cluster,0.4,2,0.0,0.055292,0.960802,0.984957
SIFT1M,1000000,1000000,HoneyBee,cluster,0.4,3,0.0,0.045943,0.970882,0.989431
SIFT1M,1000000,1000000,HoneyBee,cluster,0.4,4,0.0,0.050547,0.969592,0.984262
SIFT1M,1000000,1000000,HoneyBee,cluster,0.4,5,0.0,0.04881,0.966365,0.987977
SIFT1M,1000000,1000000,HoneyBee,cluster,0.4,6,0.0,0.051233,0.966776,0.985583
SIFT1M,1000000,1000000,HoneyBee,cluster,0.4,7,0.0,0.049302,0.969269,0.985138
SIFT1M,1000000,1000000,HoneyBee,cluster,0.4,8,0.0,0.052635,0.96451,0.984851
SIFT1M,1000000,1000000,HoneyBee,cluster,0.4,9,0.0,0.050724,0.962422,0.98527
SIFT1M,1000000,1000000,SPFresh,cluster,0.4,0,0.0,0.08767,0.962454,0.987523
SIFT1M,1000000,1000000,SPFresh,cluster,0.4,1,0.0,0.088216,0.959147,0.985918
SIFT1M,1000000,1000000,SPFresh,cluster,0.4,2,0.0,0.093536,0.960197,0.987383
SIFT1M,1000000,1000000,SPFresh,cluster,0.4,3,0.0,0.094293,0.957527,0.984123
SIFT1M,1000000,1000000,SPFresh,cluster,0.4,4,0.0,0.086563,0.95703,0.985934
SIFT1M,1000000,1000000,SPFresh,cluster,0.4,5,0.0,0.089896,0.965055,0.988502
SIFT1M,1000000,1000000,SPFresh,cluster,0.4,6,0.0,0.092897,0.95967,0.985386
SIFT1M,1000000,1000000,SPFresh,cluster,0.4,7,0.0,0.098368,0.960583,0.985207
SIFT1M,1000000,1000000,SPFresh,cluster,0.4,8,0.0,0.097862,0.959856,0.986087
SIFT1M,1000000,1000000,SPFresh,cluster,0.4,9,0.0,0.088804,0.958353,0.986168
SIFT1M,1000000,1000000,Oracle,cluster,0.4,0,0.0,0.0,0.986314,0.986314
SIFT1M,1000000,1000000,Oracle,cluster,0.4,1,0.0,0.0,0.983819,0.983819
SIFT1M,1000000,1000000,Oracle,cluster,0.4,2,0.0,0.0,0.986422,0.986422
SIFT1M,1000000,1000000,Oracle,cluster,0.4,3,0.0,0.0,0.984676,0.984676
SIFT1M,1000000,1000000,Oracle,cluster,0.4,4,0.0,0.0,0.982983,0.982983
SIFT1M,1000000,1000000,Oracle,cluster,0.4,5,0.0,0.0,0.988558,0.988558
SIFT1M,1000000,1000000,Oracle,cluster,0.4,6,0.0,0.0,0.991348,0.991348
SIFT1M,1000000,1000000,Oracle,cluster,0.4,7,0.0,0.0,0.985961,0.985961
SIFT1M,1000000,1000000,Oracle,cluster,0.4,8,0.0,0.0,0.984947,0.984947
SIFT1M,1000000,1000000,Oracle,cluster,0.4,9,0.0,0.0,0.983302,0.983302
SIFT1M,1000000,1000000,Tombstone,cluster,0.5,0,0.0,0.178183,0.946876,0.986971
SIFT1M,1000000,1000000,Tombstone,cluster,0.5,1,0.0,0.183471,0.945115,0.984032
SIFT1M,1000000,1000000,Tombstone,cluster,0.5,2,0.0,0.181425,0.946292,0.986607
SIFT1M,1000000,1000000,Tombstone,cluster,0.5,3,0.0,0.175004,0.951016,0.987723
SIFT1M,1000000,1000000,Tombstone,cluster,0.5,4,0.0,0.174767,0.946893,0.985854
SIFT1M,1000000,1000000,Tombstone,cluster,0.5,5,0.0,0.172158,0.947998,0.988823
SIFT1M,1000000,1000000,Tombstone,cluster,0.5,6,0.0,0.173091,0.943656,0.985197
SIFT1M,1000000,1000000,Tombstone,cluster,0.5,7,0.0,0.173612,0.944253,0.985027
SIFT1M,1000000,1000000,Tombstone,cluster,0.5,8,0.0,0.178703,0.947848,0.989268
SIFT1M,1000000,1000000,Tombstone,cluster,0.5,9,0.0,0.174853,0.944565,0.987365
SIFT1M,1000000,1000000,Post-filter,cluster,0.5,0,0.0,0.190817,0.939773,0.986824
SIFT1M,1000000,1000000,Post-filter,cluster,0.5,1,0.0,0.191982,0.942357,0.987242
SIFT1M,1000000,1000000,Post-filter,cluster,0.5,2,0.0,0.190072,0.939062,0.985198
SIFT1M,1000000,1000000,Post-filter,cluster,0.5,3,0.0,0.182392,0.944157,0.988789
SIFT1M,1000000,1000000,Post-filter,cluster,0.5,4,0.0,0.196618,0.939678,0.983303
SIFT1M,1000000,1000000,Post-filter,cluster,0.5,5,0.0,0.184297,0.938834,0.984938
SIFT1M,1000000,1000000,Post-filter,cluster,0.5,6,0.0,0.183982,0.944387,0.989067
SIFT1M,1000000,1000000,Post-filter,cluster,0.5,7,0.0,0.188288,0.940321,0.983631
SIFT1M,1000000,1000000,Post-filter,cluster,0.5,8,0.0,0.187955,0.94035,0.986455
SIFT1M,1000000,1000000,Post-filter,cluster,0.5,9,0.0,0.188186,0.939593,0.982137
SIFT1M,1000000,1000000,Lethe,cluster,0.5,0,0.0,0.012404,0.986204,0.989136
SIFT1M,1000000,1000000,Lethe,cluster,0.5,1,0.0,0.003539,0.983409,0.986287
SIFT1M,1000000,1000000,Lethe,cluster,0.5,2,0.0,0.0086,0.976338,0.982262
SIFT1M,1000000,1000000,Lethe,cluster,0.5,3,0.0,0.008495,0.97916,0.985066
SIFT1M,1000000,1000000,Lethe,cluster,0.5,4,0.0,0.005178,0.9804,0.985916
SIFT1M,1000000,1000000,Lethe,cluster,0.5,5,0.0,0.007868,0.98164,0.985016
SIFT1M,1000000,1000000,Lethe,cluster,0.5,6,0.0,0.008484,0.978505,0.985124
SIFT1M,1000000,1000000,Lethe,cluster,0.5,7,0.0,0.010641,0.983683,0.985438
SIFT1M,1000000,1000000,Lethe,cluster,0.5,8,0.0,0.004267,0.981021,0.982784
SIFT1M,1000000,1000000,Lethe,cluster,0.5,9,0.0,0.005759,0.983149,0.987525
SIFT1M,1000000,1000000,Lethe-no-bypass,cluster,0.5,0,0.0,0.063111,0.927476,0.985731
SIFT1M,1000000,1000000,Lethe-no-bypass,cluster,0.5,1,0.0,0.059363,0.927569,0.984111
SIFT1M,1000000,1000000,Lethe-no-bypass,cluster,0.5,2,0.0,0.057598,0.926827,0.983435
SIFT1M,1000000,1000000,Lethe-no-bypass,cluster,0.5,3,0.0,0.060518,0.928721,0.984971
SIFT1M,1000000,1000000,Lethe-no-bypass,cluster,0.5,4,0.0,0.055632,0.934761,0.987905
SIFT1M,1000000,1000000,Lethe-no-bypass,cluster,0.5,5,0.0,0.058663,0.923263,0.98364
SIFT1M,1000000,1000000,Lethe-no-bypass,cluster,0.5,6,0.0,0.058627,0.931024,0.986827
SIFT1M,1000000,1000000,Lethe-no-bypass,cluster,0.5,7,0.0,0.062285,0.933546,0.988807
SIFT1M,1000000,1000000,Lethe-no-bypass,cluster,0.5,8,0.0,0.05722,0.935824,0.99189
SIFT1M,1000000,1000000,Lethe-no-bypass,cluster,0.5,9,0.0,0.055399,0.929314,0.983984
SIFT1M,1000000,1000000,Lethe-no-revaware-traversal,cluster,0.5,0,0.0,0.162939,0.961897,0.986327
SIFT1M,1000000,1000000,Lethe-no-revaware-traversal,cluster,0.5,1,0.0,0.171113,0.961034,0.989336
SIFT1M,1000000,1000000,Lethe-no-revaware-traversal,cluster,0.5,2,0.0,0.165094,0.961007,0.9877
SIFT1M,1000000,1000000,Lethe-no-revaware-traversal,cluster,0.5,3,0.0,0.16247,0.961392,0.990976
SIFT1M,1000000,1000000,Lethe-no-revaware-traversal,cluster,0.5,4,0.0,0.164855,0.955533,0.982857
SIFT1M,1000000,1000000,Lethe-no-revaware-traversal,cluster,0.5,5,0.0,0.167981,0.95347,0.985054
SIFT1M,1000000,1000000,Lethe-no-revaware-traversal,cluster,0.5,6,0.0,0.174768,0.962715,0.989628
SIFT1M,1000000,1000000,Lethe-no-revaware-traversal,cluster,0.5,7,0.0,0.163656,0.961525,0.988156
SIFT1M,1000000,1000000,Lethe-no-revaware-traversal,cluster,0.5,8,0.0,0.166821,0.960329,0.984524
SIFT1M,1000000,1000000,Lethe-no-revaware-traversal,cluster,0.5,9,0.0,0.161999,0.952629,0.98073
SIFT1M,1000000,1000000,Physical-delete,cluster,0.5,0,0.0,0.0459,0.947643,0.985104
SIFT1M,1000000,1000000,Physical-delete,cluster,0.5,1,0.0,0.039253,0.944005,0.983115
SIFT1M,1000000,1000000,Physical-delete,cluster,0.5,2,0.0,0.046033,0.942516,0.981302
SIFT1M,1000000,1000000,Physical-delete,cluster,0.5,3,0.0,0.044684,0.951524,0.987627
SIFT1M,1000000,1000000,Physical-delete,cluster,0.5,4,0.0,0.039191,0.954219,0.987948
SIFT1M,1000000,1000000,Physical-delete,cluster,0.5,5,0.0,0.035639,0.950572,0.98885
SIFT1M,1000000,1000000,Physical-delete,cluster,0.5,6,0.0,0.043392,0.953447,0.987225
SIFT1M,1000000,1000000,Physical-delete,cluster,0.5,7,0.0,0.039465,0.948513,0.984651
SIFT1M,1000000,1000000,Physical-delete,cluster,0.5,8,0.0,0.048141,0.951177,0.98659
SIFT1M,1000000,1000000,Physical-delete,cluster,0.5,9,0.0,0.043776,0.954321,0.988408
SIFT1M,1000000,1000000,Periodic-rebuild,cluster,0.5,0,0.0,0.080989,0.96834,0.987456
SIFT1M,1000000,1000000,Periodic-rebuild,cluster,0.5,1,0.0,0.086345,0.965548,0.983613
SIFT1M,1000000,1000000,Periodic-rebuild,cluster,0.5,2,0.0,0.082148,0.968254,0.985245
SIFT1M,1000000,1000000,Periodic-rebuild,cluster,0.5,3,0.0,0.085587,0.969278,0.987408
SIFT1M,1000000,1000000,Periodic-rebuild,cluster,0.5,4,0.0,0.085506,0.97298,0.986415
SIFT1M,1000000,1000000,Periodic-rebuild,cluster,0.5,5,0.0,0.078586,0.965569,0.98497
SIFT1M,1000000,1000000,Periodic-rebuild,cluster,0.5,6,0.0,0.082369,0.964745,0.985121
SIFT1M,1000000,1000000,Periodic-rebuild,cluster,0.5,7,0.0,0.084074,0.967365,0.98539
SIFT1M,1000000,1000000,Periodic-rebuild,cluster,0.5,8,0.0,0.083281,0.964528,0.98502
SIFT1M,1000000,1000000,Periodic-rebuild,cluster,0.5,9,0.0,0.086569,0.965113,0.984845
SIFT1M,1000000,1000000,Per-role-index,cluster,0.5,0,0.0,0.0039,0.983985,0.98544
SIFT1M,1000000,1000000,Per-role-index,cluster,0.5,1,0.0,0.005084,0.978184,0.984774
SIFT1M,1000000,1000000,Per-role-index,cluster,0.5,2,0.0,0.006572,0.983693,0.986064
SIFT1M,1000000,1000000,Per-role-index,cluster,0.5,3,0.0,0.0,0.984144,0.985985
SIFT1M,1000000,1000000,Per-role-index,cluster,0.5,4,0.0,0.008489,0.979358,0.983853
SIFT1M,1000000,1000000,Per-role-index,cluster,0.5,5,0.0,0.0,0.981397,0.987148
SIFT1M,1000000,1000000,Per-role-index,cluster,0.5,6,0.0,0.010987,0.983923,0.988554
SIFT1M,1000000,1000000,Per-role-index,cluster,0.5,7,0.0,0.013701,0.98503,0.987649
SIFT1M,1000000,1000000,Per-role-index,cluster,0.5,8,0.0,0.006747,0.977045,0.983785
SIFT1M,1000000,1000000,Per-role-index,cluster,0.5,9,0.0,0.001094,0.978742,0.984545
SIFT1M,1000000,1000000,ACORN,cluster,0.5,0,0.0,0.071055,0.964032,0.984604
SIFT1M,1000000,1000000,ACORN,cluster,0.5,1,0.0,0.076935,0.965454,0.98355
SIFT1M,1000000,1000000,ACORN,cluster,0.5,2,0.0,0.072786,0.960053,0.980828
SIFT1M,1000000,1000000,ACORN,cluster,0.5,3,0.0,0.069727,0.966252,0.987399
SIFT1M,1000000,1000000,ACORN,cluster,0.5,4,0.0,0.072836,0.96549,0.988487
SIFT1M,1000000,1000000,ACORN,cluster,0.5,5,0.0,0.076444,0.968249,0.985803
SIFT1M,1000000,1000000,ACORN,cluster,0.5,6,0.0,0.07383,0.972043,0.986519
SIFT1M,1000000,1000000,ACORN,cluster,0.5,7,0.0,0.071221,0.964191,0.985714
SIFT1M,1000000,1000000,ACORN,cluster,0.5,8,0.0,0.073413,0.961822,0.986637
SIFT1M,1000000,1000000,ACORN,cluster,0.5,9,0.0,0.072971,0.962513,0.984254
SIFT1M,1000000,1000000,HoneyBee,cluster,0.5,0,0.0,0.069807,0.967332,0.985944
SIFT1M,1000000,1000000,HoneyBee,cluster,0.5,1,0.0,0.065857,0.973677,0.99035
SIFT1M,1000000,1000000,HoneyBee,cluster,0.5,2,0.0,0.06552,0.967836,0.986969
SIFT1M,1000000,1000000,HoneyBee,cluster,0.5,3,0.0,0.058332,0.966014,0.982602
SIFT1M,1000000,1000000,HoneyBee,cluster,0.5,4,0.0,0.056982,0.968064,0.98403
SIFT1M,1000000,1000000,HoneyBee,cluster,0.5,5,0.0,0.061218,0.973401,0.991021
SIFT1M,1000000,1000000,HoneyBee,cluster,0.5,6,0.0,0.059135,0.969631,0.986454
SIFT1M,1000000,1000000,HoneyBee,cluster,0.5,7,0.0,0.064711,0.966407,0.985298
SIFT1M,1000000,1000000,HoneyBee,cluster,0.5,8,0.0,0.059734,0.963431,0.983906
SIFT1M,1000000,1000000,HoneyBee,cluster,0.5,9,0.0,0.062427,0.971438,0.987835
SIFT1M,1000000,1000000,SPFresh,cluster,0.5,0,0.0,0.11123,0.957964,0.985215
SIFT1M,1000000,1000000,SPFresh,cluster,0.5,1,0.0,0.114392,0.962127,0.987318
SIFT1M,1000000,1000000,SPFresh,cluster,0.5,2,0.0,0.105624,0.960003,0.984516
SIFT1M,1000000,1000000,SPFresh,cluster,0.5,3,0.0,0.113129,0.958176,0.986756
SIFT1M,1000000,1000000,SPFresh,cluster,0.5,4,0.0,0.106245,0.95687,0.982779
SIFT1M,1000000,1000000,SPFresh,cluster,0.5,5,0.0,0.108545,0.959113,0.988453
SIFT1M,1000000,1000000,SPFresh,cluster,0.5,6,0.0,0.110935,0.959893,0.986883
SIFT1M,1000000,1000000,SPFresh,cluster,0.5,7,0.0,0.104033,0.960433,0.98759
SIFT1M,1000000,1000000,SPFresh,cluster,0.5,8,0.0,0.112668,0.956568,0.984256
SIFT1M,1000000,1000000,SPFresh,cluster,0.5,9,0.0,0.103261,0.962156,0.985749
SIFT1M,1000000,1000000,Oracle,cluster,0.5,0,0.0,0.0,0.985594,0.985594
SIFT1M,1000000,1000000,Oracle,cluster,0.5,1,0.0,0.0,0.981578,0.981578
SIFT1M,1000000,1000000,Oracle,cluster,0.5,2,0.0,0.0,0.985386,0.985386
SIFT1M,1000000,1000000,Oracle,cluster,0.5,3,0.0,0.0,0.985395,0.985395
SIFT1M,1000000,1000000,Oracle,cluster,0.5,4,0.0,0.0,0.984726,0.984726
SIFT1M,1000000,1000000,Oracle,cluster,0.5,5,0.0,0.0,0.983964,0.983964
SIFT1M,1000000,1000000,Oracle,cluster,0.5,6,0.0,0.0,0.984968,0.984968
SIFT1M,1000000,1000000,Oracle,cluster,0.5,7,0.0,0.0,0.987595,0.987595
SIFT1M,1000000,1000000,Oracle,cluster,0.5,8,0.0,0.0,0.982104,0.982104
SIFT1M,1000000,1000000,Oracle,cluster,0.5,9,0.0,0.0,0.983688,0.983688
SIFT1M,1000000,1000000,Tombstone,bridge,0.0,0,0.0,0.0,0.942359,0.984036
SIFT1M,1000000,1000000,Tombstone,bridge,0.0,1,0.0,0.0,0.944408,0.983909
SIFT1M,1000000,1000000,Tombstone,bridge,0.0,2,0.0,0.0,0.950347,0.986384
SIFT1M,1000000,1000000,Tombstone,bridge,0.0,3,0.0,0.0,0.951394,0.988512
SIFT1M,1000000,1000000,Tombstone,bridge,0.0,4,0.0,0.0,0.951525,0.988269
SIFT1M,1000000,1000000,Tombstone,bridge,0.0,5,0.0,0.0,0.944479,0.985784
SIFT1M,1000000,1000000,Tombstone,bridge,0.0,6,0.0,0.0,0.947647,0.985874
SIFT1M,1000000,1000000,Tombstone,bridge,0.0,7,0.0,0.0,0.947035,0.986974
SIFT1M,1000000,1000000,Tombstone,bridge,0.0,8,0.0,0.0,0.948542,0.986395
SIFT1M,1000000,1000000,Tombstone,bridge,0.0,9,0.0,0.0,0.94649,0.986033
SIFT1M,1000000,1000000,Post-filter,bridge,0.0,0,0.0,0.0,0.942138,0.982348
SIFT1M,1000000,1000000,Post-filter,bridge,0.0,1,0.0,0.0,0.945815,0.986003
SIFT1M,1000000,1000000,Post-filter,bridge,0.0,2,0.0,0.0,0.945996,0.988916
SIFT1M,1000000,1000000,Post-filter,bridge,0.0,3,0.0,0.0,0.941674,0.98623
SIFT1M,1000000,1000000,Post-filter,bridge,0.0,4,0.0,0.0,0.943247,0.985709
SIFT1M,1000000,1000000,Post-filter,bridge,0.0,5,0.0,0.0,0.943094,0.986544
SIFT1M,1000000,1000000,Post-filter,bridge,0.0,6,0.0,0.0,0.942908,0.987632
SIFT1M,1000000,1000000,Post-filter,bridge,0.0,7,0.0,0.0,0.94684,0.98879
SIFT1M,1000000,1000000,Post-filter,bridge,0.0,8,0.0,0.0,0.94288,0.987801
SIFT1M,1000000,1000000,Post-filter,bridge,0.0,9,0.0,0.0,0.949398,0.990152
SIFT1M,1000000,1000000,Lethe,bridge,0.0,0,0.0,0.0,0.980572,0.984632
SIFT1M,1000000,1000000,Lethe,bridge,0.0,1,0.0,0.0,0.985061,0.989886
SIFT1M,1000000,1000000,Lethe,bridge,0.0,2,0.0,0.0,0.981924,0.985329
SIFT1M,1000000,1000000,Lethe,bridge,0.0,3,0.0,0.0,0.980969,0.983623
SIFT1M,1000000,1000000,Lethe,bridge,0.0,4,0.0,0.0,0.979964,0.986576
SIFT1M,1000000,1000000,Lethe,bridge,0.0,5,0.0,0.0,0.983457,0.98704
SIFT1M,1000000,1000000,Lethe,bridge,0.0,6,0.0,0.0,0.979927,0.984697
SIFT1M,1000000,1000000,Lethe,bridge,0.0,7,0.0,0.0,0.982136,0.98447
SIFT1M,1000000,1000000,Lethe,bridge,0.0,8,0.0,0.0,0.98543,0.988368
SIFT1M,1000000,1000000,Lethe,bridge,0.0,9,0.0,0.0,0.98109,0.986328
SIFT1M,1000000,1000000,Lethe-no-bypass,bridge,0.0,0,0.0,0.0,0.931415,0.983118
SIFT1M,1000000,1000000,Lethe-no-bypass,bridge,0.0,1,0.0,0.0,0.926738,0.983717
SIFT1M,1000000,1000000,Lethe-no-bypass,bridge,0.0,2,0.0,0.0,0.932738,0.985363
SIFT1M,1000000,1000000,Lethe-no-bypass,bridge,0.0,3,0.0,0.0,0.931586,0.986708
SIFT1M,1000000,1000000,Lethe-no-bypass,bridge,0.0,4,0.0,0.0,0.928699,0.983452
SIFT1M,1000000,1000000,Lethe-no-bypass,bridge,0.0,5,0.0,0.0,0.926291,0.983541
SIFT1M,1000000,1000000,Lethe-no-bypass,bridge,0.0,6,0.0,0.0,0.929355,0.984854
SIFT1M,1000000,1000000,Lethe-no-bypass,bridge,0.0,7,0.0,0.0,0.925159,0.985114
SIFT1M,1000000,1000000,Lethe-no-bypass,bridge,0.0,8,0.0,0.0,0.934515,0.985834
SIFT1M,1000000,1000000,Lethe-no-bypass,bridge,0.0,9,0.0,0.0,0.929659,0.983487
SIFT1M,1000000,1000000,Lethe-no-revaware-traversal,bridge,0.0,0,0.0,0.0,0.957922,0.985281
SIFT1M,1000000,1000000,Lethe-no-revaware-traversal,bridge,0.0,1,0.0,0.0,0.960774,0.987225
SIFT1M,1000000,1000000,Lethe-no-revaware-traversal,bridge,0.0,2,0.0,0.0,0.959775,0.98531
SIFT1M,1000000,1000000,Lethe-no-revaware-traversal,bridge,0.0,3,0.0,0.0,0.960735,0.983922
SIFT1M,1000000,1000000,Lethe-no-revaware-traversal,bridge,0.0,4,0.0,0.0,0.957154,0.984013
SIFT1M,1000000,1000000,Lethe-no-revaware-traversal,bridge,0.0,5,0.0,0.0,0.961465,0.98566
SIFT1M,1000000,1000000,Lethe-no-revaware-traversal,bridge,0.0,6,0.0,0.0,0.957048,0.985461
SIFT1M,1000000,1000000,Lethe-no-revaware-traversal,bridge,0.0,7,0.0,0.0,0.959278,0.984486
SIFT1M,1000000,1000000,Lethe-no-revaware-traversal,bridge,0.0,8,0.0,0.0,0.960138,0.986018
SIFT1M,1000000,1000000,Lethe-no-revaware-traversal,bridge,0.0,9,0.0,0.0,0.957147,0.98206
SIFT1M,1000000,1000000,Physical-delete,bridge,0.0,0,0.0,0.0,0.952717,0.987075
SIFT1M,1000000,1000000,Physical-delete,bridge,0.0,1,0.0,0.0,0.946933,0.982986
SIFT1M,1000000,1000000,Physical-delete,bridge,0.0,2,0.0,0.0,0.949997,0.985943
SIFT1M,1000000,1000000,Physical-delete,bridge,0.0,3,0.0,0.0,0.949891,0.986229
SIFT1M,1000000,1000000,Physical-delete,bridge,0.0,4,0.0,0.0,0.948877,0.985606
SIFT1M,1000000,1000000,Physical-delete,bridge,0.0,5,0.0,0.0,0.948725,0.986433
SIFT1M,1000000,1000000,Physical-delete,bridge,0.0,6,0.0,0.0,0.947224,0.983972
SIFT1M,1000000,1000000,Physical-delete,bridge,0.0,7,0.0,0.0,0.955436,0.986
SIFT1M,1000000,1000000,Physical-delete,bridge,0.0,8,0.0,0.0,0.948701,0.983924
SIFT1M,1000000,1000000,Physical-delete,bridge,0.0,9,0.0,0.0,0.947272,0.985005
SIFT1M,1000000,1000000,Periodic-rebuild,bridge,0.0,0,0.0,0.0,0.964861,0.986472
SIFT1M,1000000,1000000,Periodic-rebuild,bridge,0.0,1,0.0,0.0,0.966376,0.983154
SIFT1M,1000000,1000000,Periodic-rebuild,bridge,0.0,2,0.0,0.0,0.969186,0.986673
SIFT1M,1000000,1000000,Periodic-rebuild,bridge,0.0,3,0.0,0.0,0.966819,0.985343
SIFT1M,1000000,1000000,Periodic-rebuild,bridge,0.0,4,0.0,0.0,0.96427,0.981277
SIFT1M,1000000,1000000,Periodic-rebuild,bridge,0.0,5,0.0,0.0,0.96974,0.986232
SIFT1M,1000000,1000000,Periodic-rebuild,bridge,0.0,6,0.0,0.0,0.965945,0.983462
SIFT1M,1000000,1000000,Periodic-rebuild,bridge,0.0,7,0.0,0.0,0.970318,0.98651
SIFT1M,1000000,1000000,Periodic-rebuild,bridge,0.0,8,0.0,0.0,0.968037,0.98457
SIFT1M,1000000,1000000,Periodic-rebuild,bridge,0.0,9,0.0,0.0,0.966928,0.983441
SIFT1M,1000000,1000000,Per-role-index,bridge,0.0,0,0.0,0.0,0.985916,0.988164
SIFT1M,1000000,1000000,Per-role-index,bridge,0.0,1,0.0,0.0,0.979965,0.985166
SIFT1M,1000000,1000000,Per-role-index,bridge,0.0,2,0.0,0.0,0.983404,0.984604
SIFT1M,1000000,1000000,Per-role-index,bridge,0.0,3,0.0,0.0,0.976123,0.983
SIFT1M,1000000,1000000,Per-role-index,bridge,0.0,4,0.0,0.0,0.983939,0.983575
SIFT1M,1000000,1000000,Per-role-index,bridge,0.0,5,0.0,0.0,0.988566,0.989279
SIFT1M,1000000,1000000,Per-role-index,bridge,0.0,6,0.0,0.0,0.981736,0.984102
SIFT1M,1000000,1000000,Per-role-index,bridge,0.0,7,0.0,0.0,0.983813,0.987888
SIFT1M,1000000,1000000,Per-role-index,bridge,0.0,8,0.0,0.0,0.981754,0.987059
SIFT1M,1000000,1000000,Per-role-index,bridge,0.0,9,0.0,0.0,0.987546,0.99099
SIFT1M,1000000,1000000,ACORN,bridge,0.0,0,0.0,0.0,0.958951,0.981517
SIFT1M,1000000,1000000,ACORN,bridge,0.0,1,0.0,0.0,0.961792,0.983673
SIFT1M,1000000,1000000,ACORN,bridge,0.0,2,0.0,0.0,0.965218,0.984642
SIFT1M,1000000,1000000,ACORN,bridge,0.0,3,0.0,0.0,0.965247,0.987748
SIFT1M,1000000,1000000,ACORN,bridge,0.0,4,0.0,0.0,0.967706,0.988462
SIFT1M,1000000,1000000,ACORN,bridge,0.0,5,0.0,0.0,0.964435,0.984669
SIFT1M,1000000,1000000,ACORN,bridge,0.0,6,0.0,0.0,0.96973,0.986145
SIFT1M,1000000,1000000,ACORN,bridge,0.0,7,0.0,0.0,0.96586,0.984382
SIFT1M,1000000,1000000,ACORN,bridge,0.0,8,0.0,0.0,0.96518,0.986778
SIFT1M,1000000,1000000,ACORN,bridge,0.0,9,0.0,0.0,0.967586,0.984655
SIFT1M,1000000,1000000,HoneyBee,bridge,0.0,0,0.0,0.0,0.969222,0.985946
SIFT1M,1000000,1000000,HoneyBee,bridge,0.0,1,0.0,0.0,0.96769,0.98629
SIFT1M,1000000,1000000,HoneyBee,bridge,0.0,2,0.0,0.0,0.966955,0.983321
SIFT1M,1000000,1000000,HoneyBee,bridge,0.0,3,0.0,0.0,0.970941,0.99084
SIFT1M,1000000,1000000,HoneyBee,bridge,0.0,4,0.0,0.0,0.973831,0.988404
SIFT1M,1000000,1000000,HoneyBee,bridge,0.0,5,0.0,0.0,0.964336,0.983601
SIFT1M,1000000,1000000,HoneyBee,bridge,0.0,6,0.0,0.0,0.968149,0.984991
SIFT1M,1000000,1000000,HoneyBee,bridge,0.0,7,0.0,0.0,0.971083,0.988324
SIFT1M,1000000,1000000,HoneyBee,bridge,0.0,8,0.0,0.0,0.968436,0.983628
SIFT1M,1000000,1000000,HoneyBee,bridge,0.0,9,0.0,0.0,0.967638,0.986548
SIFT1M,1000000,1000000,SPFresh,bridge,0.0,0,0.0,0.0,0.959136,0.985365
SIFT1M,1000000,1000000,SPFresh,bridge,0.0,1,0.0,0.0,0.961061,0.988049
SIFT1M,1000000,1000000,SPFresh,bridge,0.0,2,0.0,0.0,0.961199,0.986341
SIFT1M,1000000,1000000,SPFresh,bridge,0.0,3,0.0,0.0,0.960371,0.985631
SIFT1M,1000000,1000000,SPFresh,bridge,0.0,4,0.0,0.0,0.961163,0.987741
SIFT1M,1000000,1000000,SPFresh,bridge,0.0,5,0.0,0.0,0.956496,0.985418
SIFT1M,1000000,1000000,SPFresh,bridge,0.0,6,0.0,0.0,0.958156,0.98311
SIFT1M,1000000,1000000,SPFresh,bridge,0.0,7,0.0,0.0,0.959591,0.984485
SIFT1M,1000000,1000000,SPFresh,bridge,0.0,8,0.0,0.0,0.962353,0.987167
SIFT1M,1000000,1000000,SPFresh,bridge,0.0,9,0.0,0.0,0.957808,0.985463
SIFT1M,1000000,1000000,Oracle,bridge,0.0,0,0.0,0.0,0.988262,0.988262
SIFT1M,1000000,1000000,Oracle,bridge,0.0,1,0.0,0.0,0.986669,0.986669
SIFT1M,1000000,1000000,Oracle,bridge,0.0,2,0.0,0.0,0.986649,0.986649
SIFT1M,1000000,1000000,Oracle,bridge,0.0,3,0.0,0.0,0.983589,0.983589
SIFT1M,1000000,1000000,Oracle,bridge,0.0,4,0.0,0.0,0.987107,0.987107
SIFT1M,1000000,1000000,Oracle,bridge,0.0,5,0.0,0.0,0.984538,0.984538
SIFT1M,1000000,1000000,Oracle,bridge,0.0,6,0.0,0.0,0.987112,0.987112
SIFT1M,1000000,1000000,Oracle,bridge,0.0,7,0.0,0.0,0.985521,0.985521
SIFT1M,1000000,1000000,Oracle,bridge,0.0,8,0.0,0.0,0.982917,0.982917
SIFT1M,1000000,1000000,Oracle,bridge,0.0,9,0.0,0.0,0.984853,0.984853
SIFT1M,1000000,1000000,Tombstone,bridge,0.1,0,0.0,0.06811,0.941052,0.982963
SIFT1M,1000000,1000000,Tombstone,bridge,0.1,1,0.0,0.064989,0.951359,0.991404
SIFT1M,1000000,1000000,Tombstone,bridge,0.1,2,0.0,0.066715,0.947965,0.985762
SIFT1M,1000000,1000000,Tombstone,bridge,0.1,3,0.0,0.069438,0.948301,0.985998
SIFT1M,1000000,1000000,Tombstone,bridge,0.1,4,0.0,0.071166,0.947324,0.986668
SIFT1M,1000000,1000000,Tombstone,bridge,0.1,5,0.0,0.070606,0.947604,0.987323
SIFT1M,1000000,1000000,Tombstone,bridge,0.1,6,0.0,0.0667,0.95126,0.989197
SIFT1M,1000000,1000000,Tombstone,bridge,0.1,7,0.0,0.076474,0.9484,0.990648
SIFT1M,1000000,1000000,Tombstone,bridge,0.1,8,0.0,0.06658,0.95042,0.990398
SIFT1M,1000000,1000000,Tombstone,bridge,0.1,9,0.0,0.068829,0.952276,0.987854
SIFT1M,1000000,1000000,Post-filter,bridge,0.1,0,0.0,0.074799,0.937162,0.984205
SIFT1M,1000000,1000000,Post-filter,bridge,0.1,1,0.0,0.071587,0.94476,0.992
SIFT1M,1000000,1000000,Post-filter,bridge,0.1,2,0.0,0.073116,0.94246,0.986872
SIFT1M,1000000,1000000,Post-filter,bridge,0.1,3,0.0,0.0729,0.940089,0.984382
SIFT1M,1000000,1000000,Post-filter,bridge,0.1,4,0.0,0.074051,0.940318,0.985257
SIFT1M,1000000,1000000,Post-filter,bridge,0.1,5,0.0,0.076015,0.944924,0.984779
SIFT1M,1000000,1000000,Post-filter,bridge,0.1,6,0.0,0.074242,0.947024,0.986611
SIFT1M,1000000,1000000,Post-filter,bridge,0.1,7,0.0,0.073056,0.943064,0.982313
SIFT1M,1000000,1000000,Post-filter,bridge,0.1,8,0.0,0.072579,0.942012,0.986274
SIFT1M,1000000,1000000,Post-filter,bridge,0.1,9,0.0,0.076943,0.93623,0.983975
SIFT1M,1000000,1000000,Lethe,bridge,0.1,0,0.0,0.005744,0.983255,0.987311
SIFT1M,1000000,1000000,Lethe,bridge,0.1,1,0.0,0.000599,0.980523,0.985937
SIFT1M,1000000,1000000,Lethe,bridge,0.1,2,0.0,0.003438,0.979956,0.985192
SIFT1M,1000000,1000000,Lethe,bridge,0.1,3,0.0,0.00714,0.983365,0.988796
SIFT1M,1000000,1000000,Lethe,bridge,0.1,4,0.0,0.003866,0.978856,0.983355
SIFT1M,1000000,1000000,Lethe,bridge,0.1,5,0.0,0.005382,0.985325,0.988346
SIFT1M,1000000,1000000,Lethe,bridge,0.1,6,0.0,0.002679,0.978456,0.984962
SIFT1M,1000000,1000000,Lethe,bridge,0.1,7,0.0,0.008068,0.981544,0.985898
SIFT1M,1000000,1000000,Lethe,bridge,0.1,8,0.0,0.00062,0.981423,0.985379
SIFT1M,1000000,1000000,Lethe,bridge,0.1,9,0.0,0.006499,0.984085,0.987115
SIFT1M,1000000,1000000,Lethe-no-bypass,bridge,0.1,0,0.0,0.019875,0.931,0.985866
SIFT1M,1000000,1000000,Lethe-no-bypass,bridge,0.1,1,0.0,0.022381,0.929971,0.986953
SIFT1M,1000000,1000000,Lethe-no-bypass,bridge,0.1,2,0.0,0.021498,0.9315,0.985251
SIFT1M,1000000,1000000,Lethe-no-bypass,bridge,0.1,3,0.0,0.029064,0.929046,0.986067
SIFT1M,1000000,1000000,Lethe-no-bypass,bridge,0.1,4,0.0,0.024149,0.933838,0.986066
SIFT1M,1000000,1000000,Lethe-no-bypass,bridge,0.1,5,0.0,0.022597,0.93607,0.988164
SIFT1M,1000000,1000000,Lethe-no-bypass,bridge,0.1,6,0.0,0.016697,0.932474,0.987847
SIFT1M,1000000,1000000,Lethe-no-bypass,bridge,0.1,7,0.0,0.026764,0.929583,0.98475
SIFT1M,1000000,1000000,Lethe-no-bypass,bridge,0.1,8,0.0,0.023944,0.930379,0.985201
SIFT1M,1000000,1000000,Lethe-no-bypass,bridge,0.1,9,0.0,0.020492,0.930438,0.985087
SIFT1M,1000000,1000000,Lethe-no-revaware-traversal,bridge,0.1,0,0.0,0.06438,0.962317,0.98768
SIFT1M,1000000,1000000,Lethe-no-revaware-traversal,bridge,0.1,1,0.0,0.06735,0.959445,0.985193
SIFT1M,1000000,1000000,Lethe-no-revaware-traversal,bridge,0.1,2,0.0,0.061442,0.957101,0.986213
SIFT1M,1000000,1000000,Lethe-no-revaware-traversal,bridge,0.1,3,0.0,0.06223,0.961397,0.987842
SIFT1M,1000000,1000000,Lethe-no-revaware-traversal,bridge,0.1,4,0.0,0.066648,0.964468,0.987048
SIFT1M,1000000,1000000,Lethe-no-revaware-traversal,bridge,0.1,5,0.0,0.065996,0.960966,0.986589
SIFT1M,1000000,1000000,Lethe-no-revaware-traversal,bridge,0.1,6,0.0,0.066954,0.956209,0.98616
SIFT1M,1000000,1000000,Lethe-no-revaware-traversal,bridge,0.1,7,0.0,0.064728,0.963815,0.987122
SIFT1M,1000000,1000000,Lethe-no-revaware-traversal,bridge,0.1,8,0.0,0.065756,0.959432,0.987077
SIFT1M,1000000,1000000,Lethe-no-revaware-traversal,bridge,0.1,9,0.0,0.06655,0.960485,0.985042
SIFT1M,1000000,1000000,Physical-delete,bridge,0.1,0,0.0,0.013854,0.948294,0.986359
SIFT1M,1000000,1000000,Physical-delete,bridge,0.1,1,0.0,0.010481,0.954705,0.989128
SIFT1M,1000000,1000000,Physical-delete,bridge,0.1,2,0.0,0.018602,0.952411,0.988692
SIFT1M,1000000,1000000,Physical-delete,bridge,0.1,3,0.0,0.015483,0.946298,0.984601
SIFT1M,1000000,1000000,Physical-delete,bridge,0.1,4,0.0,0.015893,0.94467,0.982899
SIFT1M,1000000,1000000,Physical-delete,bridge,0.1,5,0.0,0.019258,0.949824,0.985497
SIFT1M,1000000,1000000,Physical-delete,bridge,0.1,6,0.0,0.01803,0.952875,0.987895
SIFT1M,1000000,1000000,Physical-delete,bridge,0.1,7,0.0,0.012031,0.949791,0.987047
SIFT1M,1000000,1000000,Physical-delete,bridge,0.1,8,0.0,0.015477,0.946834,0.983129
SIFT1M,1000000,1000000,Physical-delete,bridge,0.1,9,0.0,0.013887,0.949566,0.986222
SIFT1M,1000000,1000000,Periodic-rebuild,bridge,0.1,0,0.0,0.033955,0.966676,0.983775
SIFT1M,1000000,1000000,Periodic-rebuild,bridge,0.1,1,0.0,0.033849,0.975472,0.986717
SIFT1M,1000000,1000000,Periodic-rebuild,bridge,0.1,2,0.0,0.034227,0.96534,0.982204
SIFT1M,1000000,1000000,Periodic-rebuild,bridge,0.1,3,0.0,0.026884,0.967226,0.982367
SIFT1M,1000000,1000000,Periodic-rebuild,bridge,0.1,4,0.0,0.030653,0.968537,0.986757
SIFT1M,1000000,1000000,Periodic-rebuild,bridge,0.1,5,0.0,0.031104,0.968061,0.98706
SIFT1M,1000000,1000000,Periodic-rebuild,bridge,0.1,6,0.0,0.036556,0.971655,0.985098
SIFT1M,1000000,1000000,Periodic-rebuild,bridge,0.1,7,0.0,0.029922,0.968947,0.987245
SIFT1M,1000000,1000000,Periodic-rebuild,bridge,0.1,8,0.0,0.032432,0.968617,0.986169
SIFT1M,1000000,1000000,Periodic-rebuild,bridge,0.1,9,0.0,0.031355,0.964157,0.984135
SIFT1M,1000000,1000000,Per-role-index,bridge,0.1,0,0.0,0.0,0.984891,0.989632
SIFT1M,1000000,1000000,Per-role-index,bridge,0.1,1,0.0,0.0,0.988038,0.991423
SIFT1M,1000000,1000000,Per-role-index,bridge,0.1,2,0.0,0.004394,0.979292,0.985881
SIFT1M,1000000,1000000,Per-role-index,bridge,0.1,3,0.0,0.0,0.983162,0.985177
SIFT1M,1000000,1000000,Per-role-index,bridge,0.1,4,0.0,0.007434,0.979316,0.983597
SIFT1M,1000000,1000000,Per-role-index,bridge,0.1,5,0.0,0.005001,0.984273,0.98924
SIFT1M,1000000,1000000,Per-role-index,bridge,0.1,6,0.0,0.005532,0.987088,0.988444
SIFT1M,1000000,1000000,Per-role-index,bridge,0.1,7,0.0,0.001384,0.987378,0.988926
SIFT1M,1000000,1000000,Per-role-index,bridge,0.1,8,0.0,0.003446,0.980268,0.985879
SIFT1M,1000000,1000000,Per-role-index,bridge,0.1,9,0.0,0.005813,0.984559,0.986161
SIFT1M,1000000,1000000,ACORN,bridge,0.1,0,0.0,0.02735,0.962748,0.98627
SIFT1M,1000000,1000000,ACORN,bridge,0.1,1,0.0,0.031375,0.965802,0.987635
SIFT1M,1000000,1000000,ACORN,bridge,0.1,2,0.0,0.035339,0.967355,0.988063
SIFT1M,1000000,1000000,ACORN,bridge,0.1,3,0.0,0.026086,0.964051,0.986936
SIFT1M,1000000,1000000,ACORN,bridge,0.1,4,0.0,0.026376,0.966484,0.983297
SIFT1M,1000000,1000000,ACORN,bridge,0.1,5,0.0,0.027902,0.965175,0.98622
SIFT1M,1000000,1000000,ACORN,bridge,0.1,6,0.0,0.024694,0.961028,0.98656
SIFT1M,1000000,1000000,ACORN,bridge,0.1,7,0.0,0.029256,0.965007,0.986366
SIFT1M,1000000,1000000,ACORN,bridge,0.1,8,0.0,0.03035,0.967484,0.986623
SIFT1M,1000000,1000000,ACORN,bridge,0.1,9,0.0,0.024138,0.968046,0.987779
SIFT1M,1000000,1000000,HoneyBee,bridge,0.1,0,0.0,0.022193,0.968449,0.986715
SIFT1M,1000000,1000000,HoneyBee,bridge,0.1,1,0.0,0.019324,0.971207,0.987344
SIFT1M,1000000,1000000,HoneyBee,bridge,0.1,2,0.0,0.024722,0.970107,0.986195
SIFT1M,1000000,1000000,HoneyBee,bridge,0.1,3,0.0,0.029629,0.963266,0.985274
SIFT1M,1000000,1000000,HoneyBee,bridge,0.1,4,0.0,0.02309,0.961337,0.984981
SIFT1M,1000000,1000000,HoneyBee,bridge,0.1,5,0.0,0.025781,0.965053,0.983114
SIFT1M,1000000,1000000,HoneyBee,bridge,0.1,6,0.0,0.024945,0.966207,0.98577
SIFT1M,1000000,1000000,HoneyBee,bridge,0.1,7,0.0,0.0285,0.968443,0.986765
SIFT1M,1000000,1000000,HoneyBee,bridge,0.1,8,0.0,0.02356,0.972281,0.988482
SIFT1M,1000000,1000000,HoneyBee,bridge,0.1,9,0.0,0.025458,0.966406,0.984036
SIFT1M,1000000,1000000,SPFresh,bridge,0.1,0,0.0,0.04054,0.954112,0.982422
SIFT1M,1000000,1000000,SPFresh,bridge,0.1,1,0.0,0.042231,0.959651,0.988089
SIFT1M,1000000,1000000,SPFresh,bridge,0.1,2,0.0,0.042505,0.960015,0.986893
SIFT1M,1000000,1000000,SPFresh,bridge,0.1,3,0.0,0.04358,0.957728,0.984
SIFT1M,1000000,1000000,SPFresh,bridge,0.1,4,0.0,0.038836,0.956937,0.985881
SIFT1M,1000000,1000000,SPFresh,bridge,0.1,5,0.0,0.04447,0.955523,0.985178
SIFT1M,1000000,1000000,SPFresh,bridge,0.1,6,0.0,0.041452,0.957788,0.983626
SIFT1M,1000000,1000000,SPFresh,bridge,0.1,7,0.0,0.04189,0.957928,0.984323
SIFT1M,1000000,1000000,SPFresh,bridge,0.1,8,0.0,0.042592,0.964637,0.989557
SIFT1M,1000000,1000000,SPFresh,bridge,0.1,9,0.0,0.040617,0.954685,0.983838
SIFT1M,1000000,1000000,Oracle,bridge,0.1,0,0.0,0.0,0.989035,0.989035
SIFT1M,1000000,1000000,Oracle,bridge,0.1,1,0.0,0.0,0.986171,0.986171
SIFT1M,1000000,1000000,Oracle,bridge,0.1,2,0.0,0.0,0.990556,0.990556
SIFT1M,1000000,1000000,Oracle,bridge,0.1,3,0.0,0.0,0.983453,0.983453
SIFT1M,1000000,1000000,Oracle,bridge,0.1,4,0.0,0.0,0.983806,0.983806
SIFT1M,1000000,1000000,Oracle,bridge,0.1,5,0.0,0.0,0.98971,0.98971
SIFT1M,1000000,1000000,Oracle,bridge,0.1,6,0.0,0.0,0.985806,0.985806
SIFT1M,1000000,1000000,Oracle,bridge,0.1,7,0.0,0.0,0.987287,0.987287
SIFT1M,1000000,1000000,Oracle,bridge,0.1,8,0.0,0.0,0.986464,0.986464
SIFT1M,1000000,1000000,Oracle,bridge,0.1,9,0.0,0.0,0.983259,0.983259
SIFT1M,1000000,1000000,Tombstone,bridge,0.2,0,0.0,0.116706,0.943713,0.98299
SIFT1M,1000000,1000000,Tombstone,bridge,0.2,1,0.0,0.125613,0.94853,0.990071
SIFT1M,1000000,1000000,Tombstone,bridge,0.2,2,0.0,0.123973,0.945025,0.984727
SIFT1M,1000000,1000000,Tombstone,bridge,0.2,3,0.0,0.121893,0.944491,0.984586
SIFT1M,1000000,1000000,Tombstone,bridge,0.2,4,0.0,0.118454,0.940775,0.983319
SIFT1M,1000000,1000000,Tombstone,bridge,0.2,5,0.0,0.118948,0.949554,0.988885
SIFT1M,1000000,1000000,Tombstone,bridge,0.2,6,0.0,0.120911,0.944341,0.985544
SIFT1M,1000000,1000000,Tombstone,bridge,0.2,7,0.0,0.126251,0.952176,0.989516
SIFT1M,1000000,1000000,Tombstone,bridge,0.2,8,0.0,0.124032,0.942088,0.985488
SIFT1M,1000000,1000000,Tombstone,bridge,0.2,9,0.0,0.123733,0.946379,0.98495
SIFT1M,1000000,1000000,Post-filter,bridge,0.2,0,0.0,0.1267,0.943022,0.985321
SIFT1M,1000000,1000000,Post-filter,bridge,0.2,1,0.0,0.126323,0.941203,0.984617
SIFT1M,1000000,1000000,Post-filter,bridge,0.2,2,0.0,0.124726,0.941467,0.987188
SIFT1M,1000000,1000000,Post-filter,bridge,0.2,3,0.0,0.135469,0.939434,0.984021
SIFT1M,1000000,1000000,Post-filter,bridge,0.2,4,0.0,0.127776,0.945312,0.98459
SIFT1M,1000000,1000000,Post-filter,bridge,0.2,5,0.0,0.129341,0.943776,0.98625
SIFT1M,1000000,1000000,Post-filter,bridge,0.2,6,0.0,0.127426,0.939494,0.986297
SIFT1M,1000000,1000000,Post-filter,bridge,0.2,7,0.0,0.131523,0.943805,0.986292
SIFT1M,1000000,1000000,Post-filter,bridge,0.2,8,0.0,0.126293,0.94277,0.988643
SIFT1M,1000000,1000000,Post-filter,bridge,0.2,9,0.0,0.130945,0.941374,0.987613
SIFT1M,1000000,1000000,Lethe,bridge,0.2,0,0.0,0.005407,0.975708,0.981456
SIFT1M,1000000,1000000,Lethe,bridge,0.2,1,0.0,0.006511,0.977617,0.983397
SIFT1M,1000000,1000000,Lethe,bridge,0.2,2,0.0,0.006066,0.980197,0.985193
SIFT1M,1000000,1000000,Lethe,bridge,0.2,3,0.0,0.005365,0.981277,0.985576
SIFT1M,1000000,1000000,Lethe,bridge,0.2,4,0.0,0.003637,0.980481,0.986134
SIFT1M,1000000,1000000,Lethe,bridge,0.2,5,0.0,0.009031,0.980683,0.986011
SIFT1M,1000000,1000000,Lethe,bridge,0.2,6,0.0,0.0,0.984013,0.986054
SIFT1M,1000000,1000000,Lethe,bridge,0.2,7,0.0,0.005676,0.97803,0.983976
SIFT1M,1000000,1000000,Lethe,bridge,0.2,8,0.0,0.002924,0.982458,0.985588
SIFT1M,1000000,1000000,Lethe,bridge,0.2,9,0.0,0.006092,0.981559,0.988221
SIFT1M,1000000,1000000,Lethe-no-bypass,bridge,0.2,0,0.0,0.04226,0.927472,0.982748
SIFT1M,1000000,1000000,Lethe-no-bypass,bridge,0.2,1,0.0,0.03584,0.932264,0.98528
SIFT1M,1000000,1000000,Lethe-no-bypass,bridge,0.2,2,0.0,0.044718,0.931418,0.985464
SIFT1M,1000000,1000000,Lethe-no-bypass,bridge,0.2,3,0.0,0.035039,0.930839,0.983808
SIFT1M,1000000,1000000,Lethe-no-bypass,bridge,0.2,4,0.0,0.040088,0.931347,0.985096
SIFT1M,1000000,1000000,Lethe-no-bypass,bridge,0.2,5,0.0,0.042627,0.930006,0.984524
SIFT1M,1000000,1000000,Lethe-no-bypass,bridge,0.2,6,0.0,0.048363,0.935019,0.989157
SIFT1M,1000000,1000000,Lethe-no-bypass,bridge,0.2,7,0.0,0.033994,0.932994,0.988094
SIFT1M,1000000,1000000,Lethe-no-bypass,bridge,0.2,8,0.0,0.035892,0.930671,0.984357
SIFT1M,1000000,1000000,Lethe-no-bypass,bridge,0.2,9,0.0,0.041417,0.928287,0.985652
SIFT1M,1000000,1000000,Lethe-no-revaware-traversal,bridge,0.2,0,0.0,0.112625,0.960279,0.987252
SIFT1M,1000000,1000000,Lethe-no-revaware-traversal,bridge,0.2,1,0.0,0.111918,0.958801,0.982682
SIFT1M,1000000,1000000,Lethe-no-revaware-traversal,bridge,0.2,2,0.0,0.115442,0.95743,0.984383
SIFT1M,1000000,1000000,Lethe-no-revaware-traversal,bridge,0.2,3,0.0,0.109715,0.959164,0.984572
SIFT1M,1000000,1000000,Lethe-no-revaware-traversal,bridge,0.2,4,0.0,0.11508,0.960954,0.984925
SIFT1M,1000000,1000000,Lethe-no-revaware-traversal,bridge,0.2,5,0.0,0.11289,0.955005,0.982818
SIFT1M,1000000,1000000,Lethe-no-revaware-traversal,bridge,0.2,6,0.0,0.112133,0.958896,0.986348
SIFT1M,1000000,1000000,Lethe-no-revaware-traversal,bridge,0.2,7,0.0,0.114546,0.964869,0.990496
SIFT1M,1000000,1000000,Lethe-no-revaware-traversal,bridge,0.2,8,0.0,0.118411,0.964721,0.988199
SIFT1M,1000000,1000000,Lethe-no-revaware-traversal,bridge,0.2,9,0.0,0.117906,0.958187,0.984488
SIFT1M,1000000,1000000,Physical-delete,bridge,0.2,0,0.0,0.032222,0.944918,0.982668
SIFT1M,1000000,1000000,Physical-delete,bridge,0.2,1,0.0,0.024671,0.949763,0.986354
SIFT1M,1000000,1000000,Physical-delete,bridge,0.2,2,0.0,0.024313,0.94753,0.983832
SIFT1M,1000000,1000000,Physical-delete,bridge,0.2,3,0.0,0.027614,0.946594,0.985871
SIFT1M,1000000,1000000,Physical-delete,bridge,0.2,4,0.0,0.025371,0.949351,0.986713
SIFT1M,1000000,1000000,Physical-delete,bridge,0.2,5,0.0,0.025393,0.94826,0.986126
SIFT1M,1000000,1000000,Physical-delete,bridge,0.2,6,0.0,0.021033,0.948757,0.98725
SIFT1M,1000000,1000000,Physical-delete,bridge,0.2,7,0.0,0.027338,0.949116,0.984975
SIFT1M,1000000,1000000,Physical-delete,bridge,0.2,8,0.0,0.024541,0.943456,0.985137
SIFT1M,1000000,1000000,Physical-delete,bridge,0.2,9,0.0,0.030884,0.948446,0.985821
SIFT1M,1000000,1000000,Periodic-rebuild,bridge,0.2,0,0.0,0.054236,0.963021,0.984343
SIFT1M,1000000,1000000,Periodic-rebuild,bridge,0.2,1,0.0,0.059114,0.964223,0.987305
SIFT1M,1000000,1000000,Periodic-rebuild,bridge,0.2,2,0.0,0.060249,0.966145,0.984699
SIFT1M,1000000,1000000,Periodic-rebuild,bridge,0.2,3,0.0,0.058245,0.966902,0.986466
SIFT1M,1000000,1000000,Periodic-rebuild,bridge,0.2,4,0.0,0.05982,0.970396,0.989411
SIFT1M,1000000,1000000,Periodic-rebuild,bridge,0.2,5,0.0,0.058912,0.963591,0.980092
SIFT1M,1000000,1000000,Periodic-rebuild,bridge,0.2,6,0.0,0.059361,0.965088,0.981442
SIFT1M,1000000,1000000,Periodic-rebuild,bridge,0.2,7,0.0,0.05673,0.96746,0.983708
SIFT1M,1000000,1000000,Periodic-rebuild,bridge,0.2,8,0.0,0.061405,0.958128,0.982873
SIFT1M,1000000,1000000,Periodic-rebuild,bridge,0.2,9,0.0,0.058,0.968173,0.98556
SIFT1M,1000000,1000000,Per-role-index,bridge,0.2,0,0.0,0.000834,0.977387,0.983302
SIFT1M,1000000,1000000,Per-role-index,bridge,0.2,1,0.0,0.006515,0.982508,0.990324
SIFT1M,1000000,1000000,Per-role-index,bridge,0.2,2,0.0,0.003819,0.984688,0.986629
SIFT1M,1000000,1000000,Per-role-index,bridge,0.2,3,0.0,0.001089,0.98327,0.985343
SIFT1M,1000000,1000000,Per-role-index,bridge,0.2,4,0.0,0.004924,0.984579,0.98548
SIFT1M,1000000,1000000,Per-role-index,bridge,0.2,5,0.0,0.009998,0.978613,0.983908
SIFT1M,1000000,1000000,Per-role-index,bridge,0.2,6,0.0,0.013914,0.977287,0.982848
SIFT1M,1000000,1000000,Per-role-index,bridge,0.2,7,0.0,0.002488,0.986541,0.987722
SIFT1M,1000000,1000000,Per-role-index,bridge,0.2,8,0.0,0.004077,0.980595,0.985312
SIFT1M,1000000,1000000,Per-role-index,bridge,0.2,9,0.0,0.005145,0.977729,0.98283
SIFT1M,1000000,1000000,ACORN,bridge,0.2,0,0.0,0.048959,0.962588,0.985923
SIFT1M,1000000,1000000,ACORN,bridge,0.2,1,0.0,0.050614,0.966916,0.989492
SIFT1M,1000000,1000000,ACORN,bridge,0.2,2,0.0,0.049401,0.965909,0.981682
SIFT1M,1000000,1000000,ACORN,bridge,0.2,3,0.0,0.051386,0.956626,0.982772
SIFT1M,1000000,1000000,ACORN,bridge,0.2,4,0.0,0.048269,0.967425,0.98528
SIFT1M,1000000,1000000,ACORN,bridge,0.2,5,0.0,0.050703,0.966042,0.986302
SIFT1M,1000000,1000000,ACORN,bridge,0.2,6,0.0,0.051433,0.96378,0.983598
SIFT1M,1000000,1000000,ACORN,bridge,0.2,7,0.0,0.052129,0.966495,0.987176
SIFT1M,1000000,1000000,ACORN,bridge,0.2,8,0.0,0.04586,0.966412,0.985087
SIFT1M,1000000,1000000,ACORN,bridge,0.2,9,0.0,0.049641,0.96137,0.984985
SIFT1M,1000000,1000000,HoneyBee,bridge,0.2,0,0.0,0.046388,0.967949,0.986146
SIFT1M,1000000,1000000,HoneyBee,bridge,0.2,1,0.0,0.040045,0.973369,0.992
SIFT1M,1000000,1000000,HoneyBee,bridge,0.2,2,0.0,0.04418,0.969484,0.988001
SIFT1M,1000000,1000000,HoneyBee,bridge,0.2,3,0.0,0.042027,0.966946,0.98755
SIFT1M,1000000,1000000,HoneyBee,bridge,0.2,4,0.0,0.046239,0.967943,0.986307
SIFT1M,1000000,1000000,HoneyBee,bridge,0.2,5,0.0,0.038459,0.966926,0.982702
SIFT1M,1000000,1000000,HoneyBee,bridge,0.2,6,0.0,0.043486,0.965343,0.987681
SIFT1M,1000000,1000000,HoneyBee,bridge,0.2,7,0.0,0.038956,0.966367,0.987112
SIFT1M,1000000,1000000,HoneyBee,bridge,0.2,8,0.0,0.043064,0.962895,0.983967
SIFT1M,1000000,1000000,HoneyBee,bridge,0.2,9,0.0,0.038827,0.96676,0.982118
SIFT1M,1000000,1000000,SPFresh,bridge,0.2,0,0.0,0.073204,0.960674,0.98937
SIFT1M,1000000,1000000,SPFresh,bridge,0.2,1,0.0,0.074763,0.957311,0.985777
SIFT1M,1000000,1000000,SPFresh,bridge,0.2,2,0.0,0.074806,0.957565,0.987063
SIFT1M,1000000,1000000,SPFresh,bridge,0.2,3,0.0,0.072844,0.953312,0.981871
SIFT1M,1000000,1000000,SPFresh,bridge,0.2,4,0.0,0.076008,0.959498,0.985611
SIFT1M,1000000,1000000,SPFresh,bridge,0.2,5,0.0,0.074423,0.95798,0.984324
SIFT1M,1000000,1000000,SPFresh,bridge,0.2,6,0.0,0.077774,0.95695,0.986037
SIFT1M,1000000,1000000,SPFresh,bridge,0.2,7,0.0,0.069865,0.959461,0.988383
SIFT1M,1000000,1000000,SPFresh,bridge,0.2,8,0.0,0.069185,0.959683,0.984719
SIFT1M,1000000,1000000,SPFresh,bridge,0.2,9,0.0,0.072663,0.963475,0.988346
SIFT1M,1000000,1000000,Oracle,bridge,0.2,0,0.0,0.0,0.98568,0.98568
SIFT1M,1000000,1000000,Oracle,bridge,0.2,1,0.0,0.0,0.986759,0.986759
SIFT1M,1000000,1000000,Oracle,bridge,0.2,2,0.0,0.0,0.985879,0.985879
SIFT1M,1000000,1000000,Oracle,bridge,0.2,3,0.0,0.0,0.986277,0.986277
SIFT1M,1000000,1000000,Oracle,bridge,0.2,4,0.0,0.0,0.986259,0.986259
SIFT1M,1000000,1000000,Oracle,bridge,0.2,5,0.0,0.0,0.985642,0.985642
SIFT1M,1000000,1000000,Oracle,bridge,0.2,6,0.0,0.0,0.987448,0.987448
SIFT1M,1000000,1000000,Oracle,bridge,0.2,7,0.0,0.0,0.984875,0.984875
SIFT1M,1000000,1000000,Oracle,bridge,0.2,8,0.0,0.0,0.987297,0.987297
SIFT1M,1000000,1000000,Oracle,bridge,0.2,9,0.0,0.0,0.984817,0.984817
SIFT1M,1000000,1000000,Tombstone,bridge,0.3,0,0.0,0.164986,0.944436,0.985774
SIFT1M,1000000,1000000,Tombstone,bridge,0.3,1,0.0,0.167011,0.94454,0.984103
SIFT1M,1000000,1000000,Tombstone,bridge,0.3,2,0.0,0.170152,0.946412,0.986698
SIFT1M,1000000,1000000,Tombstone,bridge,0.3,3,0.0,0.161436,0.949026,0.98704
SIFT1M,1000000,1000000,Tombstone,bridge,0.3,4,0.0,0.161768,0.948475,0.986499
SIFT1M,1000000,1000000,Tombstone,bridge,0.3,5,0.0,0.163075,0.945653,0.986042
SIFT1M,1000000,1000000,Tombstone,bridge,0.3,6,0.0,0.164755,0.943615,0.984121
SIFT1M,1000000,1000000,Tombstone,bridge,0.3,7,0.0,0.159371,0.947093,0.987045
SIFT1M,1000000,1000000,Tombstone,bridge,0.3,8,0.0,0.164794,0.947417,0.984251
SIFT1M,1000000,1000000,Tombstone,bridge,0.3,9,0.0,0.156121,0.9477,0.985974
SIFT1M,1000000,1000000,Post-filter,bridge,0.3,0,0.0,0.173592,0.942552,0.986127
SIFT1M,1000000,1000000,Post-filter,bridge,0.3,1,0.0,0.174078,0.943782,0.986855
SIFT1M,1000000,1000000,Post-filter,bridge,0.3,2,0.0,0.176515,0.939156,0.984096
SIFT1M,1000000,1000000,Post-filter,bridge,0.3,3,0.0,0.174698,0.940934,0.985708
SIFT1M,1000000,1000000,Post-filter,bridge,0.3,4,0.0,0.180581,0.939507,0.985491
SIFT1M,1000000,1000000,Post-filter,bridge,0.3,5,0.0,0.177219,0.939458,0.988381
SIFT1M,1000000,1000000,Post-filter,bridge,0.3,6,0.0,0.171059,0.942714,0.986666
SIFT1M,1000000,1000000,Post-filter,bridge,0.3,7,0.0,0.180442,0.940849,0.986259
SIFT1M,1000000,1000000,Post-filter,bridge,0.3,8,0.0,0.172974,0.941642,0.988684
SIFT1M,1000000,1000000,Post-filter,bridge,0.3,9,0.0,0.169505,0.945654,0.989094
SIFT1M,1000000,1000000,Lethe,bridge,0.3,0,0.0,0.009447,0.980312,0.984091
SIFT1M,1000000,1000000,Lethe,bridge,0.3,1,0.0,0.018396,0.982493,0.985215
SIFT1M,1000000,1000000,Lethe,bridge,0.3,2,0.0,0.008717,0.9792,0.984448
SIFT1M,1000000,1000000,Lethe,bridge,0.3,3,0.0,0.005929,0.982366,0.985088
SIFT1M,1000000,1000000,Lethe,bridge,0.3,4,0.0,0.006923,0.987949,0.990732
SIFT1M,1000000,1000000,Lethe,bridge,0.3,5,0.0,0.007311,0.983015,0.988441
SIFT1M,1000000,1000000,Lethe,bridge,0.3,6,0.0,0.011708,0.980909,0.985855
SIFT1M,1000000,1000000,Lethe,bridge,0.3,7,0.0,0.005978,0.979627,0.983828
SIFT1M,1000000,1000000,Lethe,bridge,0.3,8,0.0,0.00722,0.981938,0.984972
SIFT1M,1000000,1000000,Lethe,bridge,0.3,9,0.0,0.008476,0.982177,0.989437
SIFT1M,1000000,1000000,Lethe-no-bypass,bridge,0.3,0,0.0,0.059363,0.93086,0.985085
SIFT1M,1000000,1000000,Lethe-no-bypass,bridge,0.3,1,0.0,0.050849,0.927432,0.985904
SIFT1M,1000000,1000000,Lethe-no-bypass,bridge,0.3,2,0.0,0.055047,0.934701,0.986187
SIFT1M,1000000,1000000,Lethe-no-bypass,bridge,0.3,3,0.0,0.053343,0.93049,0.98454
SIFT1M,1000000,1000000,Lethe-no-bypass,bridge,0.3,4,0.0,0.05319,0.929059,0.985946
SIFT1M,1000000,1000000,Lethe-no-bypass,bridge,0.3,5,0.0,0.055093,0.927812,0.98349
SIFT1M,1000000,1000000,Lethe-no-bypass,bridge,0.3,6,0.0,0.047925,0.929402,0.985826
SIFT1M,1000000,1000000,Lethe-no-bypass,bridge,0.3,7,0.0,0.051267,0.933205,0.987577
SIFT1M,1000000,1000000,Lethe-no-bypass,bridge,0.3,8,0.0,0.051036,0.930675,0.98408
SIFT1M,1000000,1000000,Lethe-no-bypass,bridge,0.3,9,0.0,0.054596,0.931941,0.98679
SIFT1M,1000000,1000000,Lethe-no-revaware-traversal,bridge,0.3,0,0.0,0.154963,0.955851,0.982483
SIFT1M,1000000,1000000,Lethe-no-revaware-traversal,bridge,0.3,1,0.0,0.153856,0.957276,0.985286
SIFT1M,1000000,1000000,Lethe-no-revaware-traversal,bridge,0.3,2,0.0,0.146664,0.955288,0.982572
SIFT1M,1000000,1000000,Lethe-no-revaware-traversal,bridge,0.3,3,0.0,0.154741,0.95917,0.986451
SIFT1M,1000000,1000000,Lethe-no-revaware-traversal,bridge,0.3,4,0.0,0.149917,0.965948,0.990059
SIFT1M,1000000,1000000,Lethe-no-revaware-traversal,bridge,0.3,5,0.0,0.153472,0.957006,0.986514
SIFT1M,1000000,1000000,Lethe-no-revaware-traversal,bridge,0.3,6,0.0,0.151508,0.961576,0.986748
SIFT1M,1000000,1000000,Lethe-no-revaware-traversal,bridge,0.3,7,0.0,0.156714,0.962146,0.987196
SIFT1M,1000000,1000000,Lethe-no-revaware-traversal,bridge,0.3,8,0.0,0.153459,0.964696,0.988599
SIFT1M,1000000,1000000,Lethe-no-revaware-traversal,bridge,0.3,9,0.0,0.150874,0.955604,0.985208
SIFT1M,1000000,1000000,Physical-delete,bridge,0.3,0,0.0,0.041213,0.95293,0.987437
SIFT1M,1000000,1000000,Physical-delete,bridge,0.3,1,0.0,0.038821,0.95183,0.986319
SIFT1M,1000000,1000000,Physical-delete,bridge,0.3,2,0.0,0.037799,0.951176,0.985994
SIFT1M,1000000,1000000,Physical-delete,bridge,0.3,3,0.0,0.03659,0.955493,0.989549
SIFT1M,1000000,1000000,Physical-delete,bridge,0.3,4,0.0,0.041755,0.94467,0.984045
SIFT1M,1000000,1000000,Physical-delete,bridge,0.3,5,0.0,0.037859,0.950099,0.986343
SIFT1M,1000000,1000000,Physical-delete,bridge,0.3,6,0.0,0.037232,0.950582,0.98717
SIFT1M,1000000,1000000,Physical-delete,bridge,0.3,7,0.0,0.039324,0.950252,0.987869
SIFT1M,1000000,1000000,Physical-delete,bridge,0.3,8,0.0,0.039152,0.948876,0.986665
SIFT1M,1000000,1000000,Physical-delete,bridge,0.3,9,0.0,0.040886,0.948556,0.985621
SIFT1M,1000000,1000000,Periodic-rebuild,bridge,0.3,0,0.0,0.073774,0.96904,0.985738
SIFT1M,1000000,1000000,Periodic-rebuild,bridge,0.3,1,0.0,0.081697,0.968082,0.985763
SIFT1M,1000000,1000000,Periodic-rebuild,bridge,0.3,2,0.0,0.078698,0.969615,0.987313
SIFT1M,1000000,1000000,Periodic-rebuild,bridge,0.3,3,0.0,0.079048,0.972147,0.989374
SIFT1M,1000000,1000000,Periodic-rebuild,bridge,0.3,4,0.0,0.077019,0.974322,0.987073
SIFT1M,1000000,1000000,Periodic-rebuild,bridge,0.3,5,0.0,0.074452,0.969608,0.9846
SIFT1M,1000000,1000000,Periodic-rebuild,bridge,0.3,6,0.0,0.078238,0.974234,0.989637
SIFT1M,1000000,1000000,Periodic-rebuild,bridge,0.3,7,0.0,0.082007,0.966085,0.98401
SIFT1M,1000000,1000000,Periodic-rebuild,bridge,0.3,8,0.0,0.079162,0.964652,0.985235
SIFT1M,1000000,1000000,Periodic-rebuild,bridge,0.3,9,0.0,0.075694,0.967264,0.986066
SIFT1M,1000000,1000000,Per-role-index,bridge,0.3,0,0.0,0.004817,0.983879,0.987011
SIFT1M,1000000,1000000,Per-role-index,bridge,0.3,1,0.0,0.010972,0.983754,0.98592
SIFT1M,1000000,1000000,Per-role-index,bridge,0.3,2,0.0,0.003991,0.97814,0.983349
SIFT1M,1000000,1000000,Per-role-index,bridge,0.3,3,0.0,0.006739,0.984289,0.987842
SIFT1M,1000000,1000000,Per-role-index,bridge,0.3,4,0.0,0.012596,0.984299,0.990672
SIFT1M,1000000,1000000,Per-role-index,bridge,0.3,5,0.0,0.005912,0.986156,0.987748
SIFT1M,1000000,1000000,Per-role-index,bridge,0.3,6,0.0,0.0,0.981977,0.988019
SIFT1M,1000000,1000000,Per-role-index,bridge,0.3,7,0.0,0.0048,0.981566,0.986356
SIFT1M,1000000,1000000,Per-role-index,bridge,0.3,8,0.0,0.006732,0.987364,0.989541
SIFT1M,1000000,1000000,Per-role-index,bridge,0.3,9,0.0,0.005526,0.980382,0.985717
SIFT1M,1000000,1000000,ACORN,bridge,0.3,0,0.0,0.065801,0.964393,0.984494
SIFT1M,1000000,1000000,ACORN,bridge,0.3,1,0.0,0.067148,0.967307,0.987338
SIFT1M,1000000,1000000,ACORN,bridge,0.3,2,0.0,0.070605,0.961714,0.985875
SIFT1M,1000000,1000000,ACORN,bridge,0.3,3,0.0,0.067932,0.964514,0.98427
SIFT1M,1000000,1000000,ACORN,bridge,0.3,4,0.0,0.072277,0.967951,0.986613
SIFT1M,1000000,1000000,ACORN,bridge,0.3,5,0.0,0.071431,0.967389,0.988493
SIFT1M,1000000,1000000,ACORN,bridge,0.3,6,0.0,0.073378,0.962085,0.985761
SIFT1M,1000000,1000000,ACORN,bridge,0.3,7,0.0,0.069073,0.970843,0.989435
SIFT1M,1000000,1000000,ACORN,bridge,0.3,8,0.0,0.066927,0.964222,0.984037
SIFT1M,1000000,1000000,ACORN,bridge,0.3,9,0.0,0.066431,0.962332,0.985695
SIFT1M,1000000,1000000,HoneyBee,bridge,0.3,0,0.0,0.056987,0.973315,0.987669
SIFT1M,1000000,1000000,HoneyBee,bridge,0.3,1,0.0,0.051192,0.965837,0.982636
SIFT1M,1000000,1000000,HoneyBee,bridge,0.3,2,0.0,0.057056,0.962452,0.982656
SIFT1M,1000000,1000000,HoneyBee,bridge,0.3,3,0.0,0.06114,0.970078,0.986435
SIFT1M,1000000,1000000,HoneyBee,bridge,0.3,4,0.0,0.051066,0.964127,0.984026
SIFT1M,1000000,1000000,HoneyBee,bridge,0.3,5,0.0,0.059448,0.963839,0.984685
SIFT1M,1000000,1000000,HoneyBee,bridge,0.3,6,0.0,0.056212,0.966697,0.985288
SIFT1M,1000000,1000000,HoneyBee,bridge,0.3,7,0.0,0.064981,0.96769,0.984491
SIFT1M,1000000,1000000,HoneyBee,bridge,0.3,8,0.0,0.060613,0.971384,0.988722
SIFT1M,1000000,1000000,HoneyBee,bridge,0.3,9,0.0,0.058526,0.969805,0.988572
SIFT1M,1000000,1000000,SPFresh,bridge,0.3,0,0.0,0.102702,0.958604,0.985851
SIFT1M,1000000,1000000,SPFresh,bridge,0.3,1,0.0,0.104558,0.955737,0.983504
SIFT1M,1000000,1000000,SPFresh,bridge,0.3,2,0.0,0.106173,0.955364,0.98442
SIFT1M,1000000,1000000,SPFresh,bridge,0.3,3,0.0,0.101857,0.960711,0.98486
SIFT1M,1000000,1000000,SPFresh,bridge,0.3,4,0.0,0.099293,0.957675,0.984974
SIFT1M,1000000,1000000,SPFresh,bridge,0.3,5,0.0,0.102008,0.953801,0.984806
SIFT1M,1000000,1000000,SPFresh,bridge,0.3,6,0.0,0.100664,0.956494,0.987733
SIFT1M,1000000,1000000,SPFresh,bridge,0.3,7,0.0,0.101122,0.957894,0.98636
SIFT1M,1000000,1000000,SPFresh,bridge,0.3,8,0.0,0.097767,0.961617,0.987851
SIFT1M,1000000,1000000,SPFresh,bridge,0.3,9,0.0,0.106326,0.960698,0.987052
SIFT1M,1000000,1000000,Oracle,bridge,0.3,0,0.0,0.0,0.985237,0.985237
SIFT1M,1000000,1000000,Oracle,bridge,0.3,1,0.0,0.0,0.986098,0.986098
SIFT1M,1000000,1000000,Oracle,bridge,0.3,2,0.0,0.0,0.986766,0.986766
SIFT1M,1000000,1000000,Oracle,bridge,0.3,3,0.0,0.0,0.979653,0.979653
SIFT1M,1000000,1000000,Oracle,bridge,0.3,4,0.0,0.0,0.989299,0.989299
SIFT1M,1000000,1000000,Oracle,bridge,0.3,5,0.0,0.0,0.986676,0.986676
SIFT1M,1000000,1000000,Oracle,bridge,0.3,6,0.0,0.0,0.986943,0.986943
SIFT1M,1000000,1000000,Oracle,bridge,0.3,7,0.0,0.0,0.982836,0.982836
SIFT1M,1000000,1000000,Oracle,bridge,0.3,8,0.0,0.0,0.986529,0.986529
SIFT1M,1000000,1000000,Oracle,bridge,0.3,9,0.0,0.0,0.986674,0.986674
SIFT1M,1000000,1000000,Tombstone,bridge,0.4,0,0.0,0.200115,0.94546,0.98661
SIFT1M,1000000,1000000,Tombstone,bridge,0.4,1,0.0,0.197632,0.948392,0.985899
SIFT1M,1000000,1000000,Tombstone,bridge,0.4,2,0.0,0.209256,0.948597,0.989256
SIFT1M,1000000,1000000,Tombstone,bridge,0.4,3,0.0,0.198071,0.944332,0.984159
SIFT1M,1000000,1000000,Tombstone,bridge,0.4,4,0.0,0.201365,0.945814,0.988634
SIFT1M,1000000,1000000,Tombstone,bridge,0.4,5,0.0,0.202751,0.94419,0.98658
SIFT1M,1000000,1000000,Tombstone,bridge,0.4,6,0.0,0.204928,0.945934,0.983959
SIFT1M,1000000,1000000,Tombstone,bridge,0.4,7,0.0,0.205745,0.945056,0.984449
SIFT1M,1000000,1000000,Tombstone,bridge,0.4,8,0.0,0.207123,0.946552,0.985667
SIFT1M,1000000,1000000,Tombstone,bridge,0.4,9,0.0,0.200148,0.947417,0.988699
SIFT1M,1000000,1000000,Post-filter,bridge,0.4,0,0.0,0.214313,0.945039,0.988248
SIFT1M,1000000,1000000,Post-filter,bridge,0.4,1,0.0,0.216085,0.937019,0.984019
SIFT1M,1000000,1000000,Post-filter,bridge,0.4,2,0.0,0.221235,0.939448,0.985445
SIFT1M,1000000,1000000,Post-filter,bridge,0.4,3,0.0,0.217884,0.940559,0.98703
SIFT1M,1000000,1000000,Post-filter,bridge,0.4,4,0.0,0.216038,0.939748,0.983653
SIFT1M,1000000,1000000,Post-filter,bridge,0.4,5,0.0,0.226796,0.942981,0.988097
SIFT1M,1000000,1000000,Post-filter,bridge,0.4,6,0.0,0.218382,0.937742,0.985521
SIFT1M,1000000,1000000,Post-filter,bridge,0.4,7,0.0,0.225074,0.936314,0.985383
SIFT1M,1000000,1000000,Post-filter,bridge,0.4,8,0.0,0.220101,0.944485,0.987982
SIFT1M,1000000,1000000,Post-filter,bridge,0.4,9,0.0,0.222404,0.936168,0.983768
SIFT1M,1000000,1000000,Lethe,bridge,0.4,0,0.0,0.014692,0.980796,0.985701
SIFT1M,1000000,1000000,Lethe,bridge,0.4,1,0.0,0.014329,0.98138,0.984984
SIFT1M,1000000,1000000,Lethe,bridge,0.4,2,0.0,0.012881,0.980861,0.985679
SIFT1M,1000000,1000000,Lethe,bridge,0.4,3,0.0,0.012815,0.982443,0.986338
SIFT1M,1000000,1000000,Lethe,bridge,0.4,4,0.0,0.011661,0.980613,0.985213
SIFT1M,1000000,1000000,Lethe,bridge,0.4,5,0.0,0.010481,0.978933,0.983869
SIFT1M,1000000,1000000,Lethe,bridge,0.4,6,0.0,0.009885,0.979813,0.98602
SIFT1M,1000000,1000000,Lethe,bridge,0.4,7,0.0,0.015588,0.983881,0.986977
SIFT1M,1000000,1000000,Lethe,bridge,0.4,8,0.0,0.009716,0.979791,0.983525
SIFT1M,1000000,1000000,Lethe,bridge,0.4,9,0.0,0.010267,0.977146,0.982934
SIFT1M,1000000,1000000,Lethe-no-bypass,bridge,0.4,0,0.0,0.068209,0.928791,0.983588
SIFT1M,1000000,1000000,Lethe-no-bypass,bridge,0.4,1,0.0,0.066763,0.932648,0.986998
SIFT1M,1000000,1000000,Lethe-no-bypass,bridge,0.4,2,0.0,0.073618,0.929383,0.985967
SIFT1M,1000000,1000000,Lethe-no-bypass,bridge,0.4,3,0.0,0.070879,0.930612,0.986096
SIFT1M,1000000,1000000,Lethe-no-bypass,bridge,0.4,4,0.0,0.070237,0.932376,0.987522
SIFT1M,1000000,1000000,Lethe-no-bypass,bridge,0.4,5,0.0,0.073142,0.934264,0.988065
SIFT1M,1000000,1000000,Lethe-no-bypass,bridge,0.4,6,0.0,0.073799,0.927199,0.984698
SIFT1M,1000000,1000000,Lethe-no-bypass,bridge,0.4,7,0.0,0.061526,0.923786,0.983543
SIFT1M,1000000,1000000,Lethe-no-bypass,bridge,0.4,8,0.0,0.06285,0.930988,0.987028
SIFT1M,1000000,1000000,Lethe-no-bypass,bridge,0.4,9,0.0,0.072047,0.932401,0.98519
SIFT1M,1000000,1000000,Lethe-no-revaware-traversal,bridge,0.4,0,0.0,0.19187,0.958438,0.9851
SIFT1M,1000000,1000000,Lethe-no-revaware-traversal,bridge,0.4,1,0.0,0.193265,0.961899,0.98725
SIFT1M,1000000,1000000,Lethe-no-revaware-traversal,bridge,0.4,2,0.0,0.193883,0.959998,0.984534
SIFT1M,1000000,1000000,Lethe-no-revaware-traversal,bridge,0.4,3,0.0,0.193579,0.957048,0.985929
SIFT1M,1000000,1000000,Lethe-no-revaware-traversal,bridge,0.4,4,0.0,0.187143,0.95857,0.986166
SIFT1M,1000000,1000000,Lethe-no-revaware-traversal,bridge,0.4,5,0.0,0.19249,0.956906,0.983103
SIFT1M,1000000,1000000,Lethe-no-revaware-traversal,bridge,0.4,6,0.0,0.188018,0.959749,0.987425
SIFT1M,1000000,1000000,Lethe-no-revaware-traversal,bridge,0.4,7,0.0,0.19254,0.949036,0.982611
SIFT1M,1000000,1000000,Lethe-no-revaware-traversal,bridge,0.4,8,0.0,0.194835,0.962288,0.987476
SIFT1M,1000000,1000000,Lethe-no-revaware-traversal,bridge,0.4,9,0.0,0.198842,0.954751,0.98599
SIFT1M,1000000,1000000,Physical-delete,bridge,0.4,0,0.0,0.053822,0.950945,0.987814
SIFT1M,1000000,1000000,Physical-delete,bridge,0.4,1,0.0,0.043247,0.945553,0.982875
SIFT1M,1000000,1000000,Physical-delete,bridge,0.4,2,0.0,0.047525,0.948957,0.984359
SIFT1M,1000000,1000000,Physical-delete,bridge,0.4,3,0.0,0.047653,0.949402,0.985916
SIFT1M,1000000,1000000,Physical-delete,bridge,0.4,4,0.0,0.056201,0.951705,0.988939
SIFT1M,1000000,1000000,Physical-delete,bridge,0.4,5,0.0,0.051341,0.949501,0.986337
SIFT1M,1000000,1000000,Physical-delete,bridge,0.4,6,0.0,0.047245,0.944806,0.983133
SIFT1M,1000000,1000000,Physical-delete,bridge,0.4,7,0.0,0.047267,0.95056,0.989327
SIFT1M,1000000,1000000,Physical-delete,bridge,0.4,8,0.0,0.048892,0.948701,0.984553
SIFT1M,1000000,1000000,Physical-delete,bridge,0.4,9,0.0,0.051528,0.944707,0.986277
SIFT1M,1000000,1000000,Periodic-rebuild,bridge,0.4,0,0.0,0.097601,0.96776,0.987506
SIFT1M,1000000,1000000,Periodic-rebuild,bridge,0.4,1,0.0,0.094638,0.968202,0.984853
SIFT1M,1000000,1000000,Periodic-rebuild,bridge,0.4,2,0.0,0.098981,0.96459,0.983518
SIFT1M,1000000,1000000,Periodic-rebuild,bridge,0.4,3,0.0,0.09209,0.972814,0.990913
SIFT1M,1000000,1000000,Periodic-rebuild,bridge,0.4,4,0.0,0.097037,0.967024,0.984852
SIFT1M,1000000,1000000,Periodic-rebuild,bridge,0.4,5,0.0,0.091183,0.969433,0.987422
SIFT1M,1000000,1000000,Periodic-rebuild,bridge,0.4,6,0.0,0.099562,0.965596,0.98678
SIFT1M,1000000,1000000,Periodic-rebuild,bridge,0.4,7,0.0,0.106944,0.973456,0.989238
SIFT1M,1000000,1000000,Periodic-rebuild,bridge,0.4,8,0.0,0.095362,0.967518,0.984337
SIFT1M,1000000,1000000,Periodic-rebuild,bridge,0.4,9,0.0,0.103881,0.966103,0.987493
SIFT1M,1000000,1000000,Per-role-index,bridge,0.4,0,0.0,0.009509,0.980595,0.982267
SIFT1M,1000000,1000000,Per-role-index,bridge,0.4,1,0.0,0.012661,0.983718,0.987789
SIFT1M,1000000,1000000,Per-role-index,bridge,0.4,2,0.0,0.004413,0.984358,0.987954
SIFT1M,1000000,1000000,Per-role-index,bridge,0.4,3,0.0,0.009477,0.986413,0.986942
SIFT1M,1000000,1000000,Per-role-index,bridge,0.4,4,0.0,0.0,0.981436,0.984459
SIFT1M,1000000,1000000,Per-role-index,bridge,0.4,5,0.0,0.011216,0.978506,0.983708
SIFT1M,1000000,1000000,Per-role-index,bridge,0.4,6,0.0,0.00703,0.980855,0.986856
SIFT1M,1000000,1000000,Per-role-index,bridge,0.4,7,0.0,0.008041,0.981792,0.984888
SIFT1M,1000000,1000000,Per-role-index,bridge,0.4,8,0.0,0.000808,0.980051,0.98606
SIFT1M,1000000,1000000,Per-role-index,bridge,0.4,9,0.0,0.007543,0.983826,0.98368
SIFT1M,1000000,1000000,ACORN,bridge,0.4,0,0.0,0.084806,0.967514,0.988966
SIFT1M,1000000,1000000,ACORN,bridge,0.4,1,0.0,0.089259,0.961827,0.983529
SIFT1M,1000000,1000000,ACORN,bridge,0.4,2,0.0,0.090576,0.959882,0.984487
SIFT1M,1000000,1000000,ACORN,bridge,0.4,3,0.0,0.090799,0.965299,0.987729
SIFT1M,1000000,1000000,ACORN,bridge,0.4,4,0.0,0.087281,0.967564,0.985519
SIFT1M,1000000,1000000,ACORN,bridge,0.4,5,0.0,0.085876,0.964141,0.988389
SIFT1M,1000000,1000000,ACORN,bridge,0.4,6,0.0,0.084045,0.965433,0.986681
SIFT1M,1000000,1000000,ACORN,bridge,0.4,7,0.0,0.086245,0.959709,0.984684
SIFT1M,1000000,1000000,ACORN,bridge,0.4,8,0.0,0.080621,0.968083,0.98744
SIFT1M,1000000,1000000,ACORN,bridge,0.4,9,0.0,0.083266,0.96854,0.984572
SIFT1M,1000000,1000000,HoneyBee,bridge,0.4,0,0.0,0.071411,0.970935,0.986128
SIFT1M,1000000,1000000,HoneyBee,bridge,0.4,1,0.0,0.07244,0.968293,0.987637
SIFT1M,1000000,1000000,HoneyBee,bridge,0.4,2,0.0,0.070374,0.966831,0.985253
SIFT1M,1000000,1000000,HoneyBee,bridge,0.4,3,0.0,0.063078,0.9681,0.98458
SIFT1M,1000000,1000000,HoneyBee,bridge,0.4,4,0.0,0.07034,0.968869,0.987804
SIFT1M,1000000,1000000,HoneyBee,bridge,0.4,5,0.0,0.070179,0.965434,0.988176
SIFT1M,1000000,1000000,HoneyBee,bridge,0.4,6,0.0,0.071805,0.963812,0.986487
SIFT1M,1000000,1000000,HoneyBee,bridge,0.4,7,0.0,0.072438,0.967477,0.984091
SIFT1M,1000000,1000000,HoneyBee,bridge,0.4,8,0.0,0.073421,0.962675,0.982519
SIFT1M,1000000,1000000,HoneyBee,bridge,0.4,9,0.0,0.066189,0.968353,0.986646
SIFT1M,1000000,1000000,SPFresh,bridge,0.4,0,0.0,0.121886,0.957914,0.985157
SIFT1M,1000000,1000000,SPFresh,bridge,0.4,1,0.0,0.127039,0.959811,0.9889
SIFT1M,1000000,1000000,SPFresh,bridge,0.4,2,0.0,0.124288,0.955493,0.984677
SIFT1M,1000000,1000000,SPFresh,bridge,0.4,3,0.0,0.126202,0.960713,0.98579
SIFT1M,1000000,1000000,SPFresh,bridge,0.4,4,0.0,0.119385,0.953629,0.981071
SIFT1M,1000000,1000000,SPFresh,bridge,0.4,5,0.0,0.129832,0.955486,0.986384
SIFT1M,1000000,1000000,SPFresh,bridge,0.4,6,0.0,0.134788,0.95681,0.984507
SIFT1M,1000000,1000000,SPFresh,bridge,0.4,7,0.0,0.127853,0.959083,0.98591
SIFT1M,1000000,1000000,SPFresh,bridge,0.4,8,0.0,0.123382,0.95724,0.986032
SIFT1M,1000000,1000000,SPFresh,bridge,0.4,9,0.0,0.123842,0.961446,0.9871
SIFT1M,1000000,1000000,Oracle,bridge,0.4,0,0.0,0.0,0.987695,0.987695
SIFT1M,1000000,1000000,Oracle,bridge,0.4,1,0.0,0.0,0.990339,0.990339
SIFT1M,1000000,1000000,Oracle,bridge,0.4,2,0.0,0.0,0.985398,0.985398
SIFT1M,1000000,1000000,Oracle,bridge,0.4,3,0.0,0.0,0.987626,0.987626
SIFT1M,1000000,1000000,Oracle,bridge,0.4,4,0.0,0.0,0.985926,0.985926
SIFT1M,1000000,1000000,Oracle,bridge,0.4,5,0.0,0.0,0.986697,0.986697
SIFT1M,1000000,1000000,Oracle,bridge,0.4,6,0.0,0.0,0.985271,0.985271
SIFT1M,1000000,1000000,Oracle,bridge,0.4,7,0.0,0.0,0.987113,0.987113
SIFT1M,1000000,1000000,Oracle,bridge,0.4,8,0.0,0.0,0.988039,0.988039
SIFT1M,1000000,1000000,Oracle,bridge,0.4,9,0.0,0.0,0.986273,0.986273
SIFT1M,1000000,1000000,Tombstone,bridge,0.5,0,0.0,0.244006,0.948024,0.988447
SIFT1M,1000000,1000000,Tombstone,bridge,0.5,1,0.0,0.24184,0.945164,0.986964
SIFT1M,1000000,1000000,Tombstone,bridge,0.5,2,0.0,0.247776,0.947521,0.986958
SIFT1M,1000000,1000000,Tombstone,bridge,0.5,3,0.0,0.2427,0.943652,0.984845
SIFT1M,1000000,1000000,Tombstone,bridge,0.5,4,0.0,0.239353,0.941829,0.985773
SIFT1M,1000000,1000000,Tombstone,bridge,0.5,5,0.0,0.245744,0.94443,0.988718
SIFT1M,1000000,1000000,Tombstone,bridge,0.5,6,0.0,0.243094,0.949644,0.987365
SIFT1M,1000000,1000000,Tombstone,bridge,0.5,7,0.0,0.243787,0.945421,0.986462
SIFT1M,1000000,1000000,Tombstone,bridge,0.5,8,0.0,0.247468,0.94883,0.988969
SIFT1M,1000000,1000000,Tombstone,bridge,0.5,9,0.0,0.231753,0.946935,0.987988
SIFT1M,1000000,1000000,Post-filter,bridge,0.5,0,0.0,0.262569,0.940505,0.986354
SIFT1M,1000000,1000000,Post-filter,bridge,0.5,1,0.0,0.270428,0.937686,0.985234
SIFT1M,1000000,1000000,Post-filter,bridge,0.5,2,0.0,0.259625,0.943245,0.98785
SIFT1M,1000000,1000000,Post-filter,bridge,0.5,3,0.0,0.259221,0.941636,0.987824
SIFT1M,1000000,1000000,Post-filter,bridge,0.5,4,0.0,0.261951,0.941557,0.985967
SIFT1M,1000000,1000000,Post-filter,bridge,0.5,5,0.0,0.265076,0.939662,0.984142
SIFT1M,1000000,1000000,Post-filter,bridge,0.5,6,0.0,0.263345,0.937579,0.984076
SIFT1M,1000000,1000000,Post-filter,bridge,0.5,7,0.0,0.266238,0.941798,0.986547
SIFT1M,1000000,1000000,Post-filter,bridge,0.5,8,0.0,0.263687,0.946076,0.990264
SIFT1M,1000000,1000000,Post-filter,bridge,0.5,9,0.0,0.257968,0.936292,0.984734
SIFT1M,1000000,1000000,Lethe,bridge,0.5,0,0.0,0.012073,0.984766,0.988741
SIFT1M,1000000,1000000,Lethe,bridge,0.5,1,0.0,0.010309,0.982767,0.985367
SIFT1M,1000000,1000000,Lethe,bridge,0.5,2,0.0,0.016109,0.97979,0.984809
SIFT1M,1000000,1000000,Lethe,bridge,0.5,3,0.0,0.016307,0.98107,0.986363
SIFT1M,1000000,1000000,Lethe,bridge,0.5,4,0.0,0.010422,0.98195,0.986307
SIFT1M,1000000,1000000,Lethe,bridge,0.5,5,0.0,0.018922,0.980129,0.9841
SIFT1M,1000000,1000000,Lethe,bridge,0.5,6,0.0,0.016188,0.982762,0.986353
SIFT1M,1000000,1000000,Lethe,bridge,0.5,7,0.0,0.016591,0.97997,0.985916
SIFT1M,1000000,1000000,Lethe,bridge,0.5,8,0.0,0.020081,0.982739,0.98659
SIFT1M,1000000,1000000,Lethe,bridge,0.5,9,0.0,0.014145,0.978155,0.983475
SIFT1M,1000000,1000000,Lethe-no-bypass,bridge,0.5,0,0.0,0.079593,0.926092,0.985746
SIFT1M,1000000,1000000,Lethe-no-bypass,bridge,0.5,1,0.0,0.082645,0.929512,0.984413
SIFT1M,1000000,1000000,Lethe-no-bypass,bridge,0.5,2,0.0,0.084141,0.9226,0.982566
SIFT1M,1000000,1000000,Lethe-no-bypass,bridge,0.5,3,0.0,0.082188,0.927271,0.986873
SIFT1M,1000000,1000000,Lethe-no-bypass,bridge,0.5,4,0.0,0.081267,0.935143,0.988013
SIFT1M,1000000,1000000,Lethe-no-bypass,bridge,0.5,5,0.0,0.083611,0.929111,0.985997
SIFT1M,1000000,1000000,Lethe-no-bypass,bridge,0.5,6,0.0,0.085033,0.927738,0.984297
SIFT1M,1000000,1000000,Lethe-no-bypass,bridge,0.5,7,0.0,0.089363,0.927959,0.98416
SIFT1M,1000000,1000000,Lethe-no-bypass,bridge,0.5,8,0.0,0.082319,0.92966,0.986424
SIFT1M,1000000,1000000,Lethe-no-bypass,bridge,0.5,9,0.0,0.084927,0.930518,0.986536
SIFT1M,1000000,1000000,Lethe-no-revaware-traversal,bridge,0.5,0,0.0,0.226412,0.96013,0.988295
SIFT1M,1000000,1000000,Lethe-no-revaware-traversal,bridge,0.5,1,0.0,0.227077,0.963131,0.987243
SIFT1M,1000000,1000000,Lethe-no-revaware-traversal,bridge,0.5,2,0.0,0.231194,0.958468,0.984414
SIFT1M,1000000,1000000,Lethe-no-revaware-traversal,bridge,0.5,3,0.0,0.225875,0.953323,0.984201
SIFT1M,1000000,1000000,Lethe-no-revaware-traversal,bridge,0.5,4,0.0,0.226082,0.955396,0.983515
SIFT1M,1000000,1000000,Lethe-no-revaware-traversal,bridge,0.5,5,0.0,0.232721,0.958993,0.987038
SIFT1M,1000000,1000000,Lethe-no-revaware-traversal,bridge,0.5,6,0.0,0.22367,0.96342,0.989445
SIFT1M,1000000,1000000,Lethe-no-revaware-traversal,bridge,0.5,7,0.0,0.226944,0.963801,0.988763
SIFT1M,1000000,1000000,Lethe-no-revaware-traversal,bridge,0.5,8,0.0,0.230175,0.9627,0.987137
SIFT1M,1000000,1000000,Lethe-no-revaware-traversal,bridge,0.5,9,0.0,0.226377,0.958137,0.985526
SIFT1M,1000000,1000000,Physical-delete,bridge,0.5,0,0.0,0.056948,0.946999,0.984877
SIFT1M,1000000,1000000,Physical-delete,bridge,0.5,1,0.0,0.05502,0.945817,0.985514
SIFT1M,1000000,1000000,Physical-delete,bridge,0.5,2,0.0,0.061417,0.951544,0.99128
SIFT1M,1000000,1000000,Physical-delete,bridge,0.5,3,0.0,0.060244,0.94364,0.982952
SIFT1M,1000000,1000000,Physical-delete,bridge,0.5,4,0.0,0.054681,0.947552,0.985633
SIFT1M,1000000,1000000,Physical-delete,bridge,0.5,5,0.0,0.056638,0.94618,0.985686
SIFT1M,1000000,1000000,Physical-delete,bridge,0.5,6,0.0,0.060159,0.949991,0.987417
SIFT1M,1000000,1000000,Physical-delete,bridge,0.5,7,0.0,0.055366,0.952733,0.988292
SIFT1M,1000000,1000000,Physical-delete,bridge,0.5,8,0.0,0.053394,0.948941,0.987769
SIFT1M,1000000,1000000,Physical-delete,bridge,0.5,9,0.0,0.063793,0.951935,0.986419
SIFT1M,1000000,1000000,Periodic-rebuild,bridge,0.5,0,0.0,0.116606,0.968835,0.987243
SIFT1M,1000000,1000000,Periodic-rebuild,bridge,0.5,1,0.0,0.116689,0.966966,0.983389
SIFT1M,1000000,1000000,Periodic-rebuild,bridge,0.5,2,0.0,0.118353,0.969858,0.987741
SIFT1M,1000000,1000000,Periodic-rebuild,bridge,0.5,3,0.0,0.118453,0.961919,0.98477
SIFT1M,1000000,1000000,Periodic-rebuild,bridge,0.5,4,0.0,0.11924,0.966997,0.983925
SIFT1M,1000000,1000000,Periodic-rebuild,bridge,0.5,5,0.0,0.115475,0.968258,0.98753
SIFT1M,1000000,1000000,Periodic-rebuild,bridge,0.5,6,0.0,0.112304,0.972607,0.987545
SIFT1M,1000000,1000000,Periodic-rebuild,bridge,0.5,7,0.0,0.112191,0.971548,0.98801
SIFT1M,1000000,1000000,Periodic-rebuild,bridge,0.5,8,0.0,0.120189,0.967353,0.984644
SIFT1M,1000000,1000000,Periodic-rebuild,bridge,0.5,9,0.0,0.11458,0.968267,0.984955
SIFT1M,1000000,1000000,Per-role-index,bridge,0.5,0,0.0,0.008033,0.984731,0.986345
SIFT1M,1000000,1000000,Per-role-index,bridge,0.5,1,0.0,0.015035,0.985993,0.988366
SIFT1M,1000000,1000000,Per-role-index,bridge,0.5,2,0.0,0.014226,0.98532,0.991089
SIFT1M,1000000,1000000,Per-role-index,bridge,0.5,3,0.0,0.01396,0.978416,0.986684
SIFT1M,1000000,1000000,Per-role-index,bridge,0.5,4,0.0,0.005363,0.985395,0.992
SIFT1M,1000000,1000000,Per-role-index,bridge,0.5,5,0.0,0.006457,0.98322,0.986433
SIFT1M,1000000,1000000,Per-role-index,bridge,0.5,6,0.0,0.013418,0.983341,0.985655
SIFT1M,1000000,1000000,Per-role-index,bridge,0.5,7,0.0,0.011527,0.987001,0.985948
SIFT1M,1000000,1000000,Per-role-index,bridge,0.5,8,0.0,0.00472,0.982492,0.986711
SIFT1M,1000000,1000000,Per-role-index,bridge,0.5,9,0.0,0.010543,0.983149,0.984047
SIFT1M,1000000,1000000,ACORN,bridge,0.5,0,0.0,0.101406,0.970462,0.991933
SIFT1M,1000000,1000000,ACORN,bridge,0.5,1,0.0,0.103883,0.96396,0.987145
SIFT1M,1000000,1000000,ACORN,bridge,0.5,2,0.0,0.101699,0.959886,0.983095
SIFT1M,1000000,1000000,ACORN,bridge,0.5,3,0.0,0.101941,0.965566,0.986532
SIFT1M,1000000,1000000,ACORN,bridge,0.5,4,0.0,0.102103,0.961238,0.98671
SIFT1M,1000000,1000000,ACORN,bridge,0.5,5,0.0,0.098839,0.961061,0.984308
SIFT1M,1000000,1000000,ACORN,bridge,0.5,6,0.0,0.099805,0.965715,0.988076
SIFT1M,1000000,1000000,ACORN,bridge,0.5,7,0.0,0.100119,0.963144,0.984113
SIFT1M,1000000,1000000,ACORN,bridge,0.5,8,0.0,0.103545,0.963245,0.983771
SIFT1M,1000000,1000000,ACORN,bridge,0.5,9,0.0,0.10658,0.965964,0.986786
SIFT1M,1000000,1000000,HoneyBee,bridge,0.5,0,0.0,0.085019,0.965776,0.98559
SIFT1M,1000000,1000000,HoneyBee,bridge,0.5,1,0.0,0.07837,0.967796,0.986675
SIFT1M,1000000,1000000,HoneyBee,bridge,0.5,2,0.0,0.089122,0.973428,0.989161
SIFT1M,1000000,1000000,HoneyBee,bridge,0.5,3,0.0,0.085553,0.969274,0.989715
SIFT1M,1000000,1000000,HoneyBee,bridge,0.5,4,0.0,0.083085,0.968144,0.987736
SIFT1M,1000000,1000000,HoneyBee,bridge,0.5,5,0.0,0.084229,0.965702,0.986423
SIFT1M,1000000,1000000,HoneyBee,bridge,0.5,6,0.0,0.089437,0.966277,0.984771
SIFT1M,1000000,1000000,HoneyBee,bridge,0.5,7,0.0,0.085347,0.962528,0.986669
SIFT1M,1000000,1000000,HoneyBee,bridge,0.5,8,0.0,0.089824,0.963807,0.984161
SIFT1M,1000000,1000000,HoneyBee,bridge,0.5,9,0.0,0.091289,0.970377,0.986836
SIFT1M,1000000,1000000,SPFresh,bridge,0.5,0,0.0,0.153636,0.95632,0.984363
SIFT1M,1000000,1000000,SPFresh,bridge,0.5,1,0.0,0.14635,0.957681,0.985509
SIFT1M,1000000,1000000,SPFresh,bridge,0.5,2,0.0,0.149569,0.952913,0.982237
SIFT1M,1000000,1000000,SPFresh,bridge,0.5,3,0.0,0.154329,0.966102,0.992
SIFT1M,1000000,1000000,SPFresh,bridge,0.5,4,0.0,0.143875,0.959562,0.986805
SIFT1M,1000000,1000000,SPFresh,bridge,0.5,5,0.0,0.151211,0.957796,0.986164
SIFT1M,1000000,1000000,SPFresh,bridge,0.5,6,0.0,0.154615,0.955799,0.985291
SIFT1M,1000000,1000000,SPFresh,bridge,0.5,7,0.0,0.148282,0.957538,0.985559
SIFT1M,1000000,1000000,SPFresh,bridge,0.5,8,0.0,0.145779,0.958799,0.987848
SIFT1M,1000000,1000000,SPFresh,bridge,0.5,9,0.0,0.148384,0.960173,0.98909
SIFT1M,1000000,1000000,Oracle,bridge,0.5,0,0.0,0.0,0.985105,0.985105
SIFT1M,1000000,1000000,Oracle,bridge,0.5,1,0.0,0.0,0.986976,0.986976
SIFT1M,1000000,1000000,Oracle,bridge,0.5,2,0.0,0.0,0.986415,0.986415
SIFT1M,1000000,1000000,Oracle,bridge,0.5,3,0.0,0.0,0.986158,0.986158
SIFT1M,1000000,1000000,Oracle,bridge,0.5,4,0.0,0.0,0.988438,0.988438
SIFT1M,1000000,1000000,Oracle,bridge,0.5,5,0.0,0.0,0.987195,0.987195
SIFT1M,1000000,1000000,Oracle,bridge,0.5,6,0.0,0.0,0.985164,0.985164
SIFT1M,1000000,1000000,Oracle,bridge,0.5,7,0.0,0.0,0.98483,0.98483
SIFT1M,1000000,1000000,Oracle,bridge,0.5,8,0.0,0.0,0.985234,0.985234
SIFT1M,1000000,1000000,Oracle,bridge,0.5,9,0.0,0.0,0.982898,0.982898
MIMIC-IV-CaseStudy,1800000,1800000,Tombstone,random,0.0,0,0.0,0.0,0.945007,0.978979
MIMIC-IV-CaseStudy,1800000,1800000,Tombstone,random,0.0,1,0.0,0.0,0.938501,0.972978
MIMIC-IV-CaseStudy,1800000,1800000,Tombstone,random,0.0,2,0.0,0.0,0.933006,0.971283
MIMIC-IV-CaseStudy,1800000,1800000,Tombstone,random,0.0,3,0.0,0.0,0.937079,0.973785
MIMIC-IV-CaseStudy,1800000,1800000,Tombstone,random,0.0,4,0.0,0.0,0.940462,0.978061
MIMIC-IV-CaseStudy,1800000,1800000,Tombstone,random,0.0,5,0.0,0.0,0.939664,0.98022
MIMIC-IV-CaseStudy,1800000,1800000,Tombstone,random,0.0,6,0.0,0.0,0.93765,0.975121
MIMIC-IV-CaseStudy,1800000,1800000,Tombstone,random,0.0,7,0.0,0.0,0.936723,0.9748
MIMIC-IV-CaseStudy,1800000,1800000,Tombstone,random,0.0,8,0.0,0.0,0.93925,0.976471
MIMIC-IV-CaseStudy,1800000,1800000,Tombstone,random,0.0,9,0.0,0.0,0.931414,0.972708
MIMIC-IV-CaseStudy,1800000,1800000,Post-filter,random,0.0,0,0.0,0.0,0.932144,0.975462
MIMIC-IV-CaseStudy,1800000,1800000,Post-filter,random,0.0,1,0.0,0.0,0.928084,0.972565
MIMIC-IV-CaseStudy,1800000,1800000,Post-filter,random,0.0,2,0.0,0.0,0.934075,0.97726
MIMIC-IV-CaseStudy,1800000,1800000,Post-filter,random,0.0,3,0.0,0.0,0.930617,0.974824
MIMIC-IV-CaseStudy,1800000,1800000,Post-filter,random,0.0,4,0.0,0.0,0.93399,0.977387
MIMIC-IV-CaseStudy,1800000,1800000,Post-filter,random,0.0,5,0.0,0.0,0.938286,0.977465
MIMIC-IV-CaseStudy,1800000,1800000,Post-filter,random,0.0,6,0.0,0.0,0.933356,0.974683
MIMIC-IV-CaseStudy,1800000,1800000,Post-filter,random,0.0,7,0.0,0.0,0.936663,0.977301
MIMIC-IV-CaseStudy,1800000,1800000,Post-filter,random,0.0,8,0.0,0.0,0.93063,0.973669
MIMIC-IV-CaseStudy,1800000,1800000,Post-filter,random,0.0,9,0.0,0.0,0.933249,0.977424
MIMIC-IV-CaseStudy,1800000,1800000,Lethe,random,0.0,0,0.0,0.0,0.971837,0.975597
MIMIC-IV-CaseStudy,1800000,1800000,Lethe,random,0.0,1,0.0,0.0,0.971428,0.974455
MIMIC-IV-CaseStudy,1800000,1800000,Lethe,random,0.0,2,0.0,0.0,0.968933,0.976144
MIMIC-IV-CaseStudy,1800000,1800000,Lethe,random,0.0,3,0.0,0.0,0.972168,0.975677
MIMIC-IV-CaseStudy,1800000,1800000,Lethe,random,0.0,4,0.0,0.0,0.971172,0.975916
MIMIC-IV-CaseStudy,1800000,1800000,Lethe,random,0.0,5,0.0,0.0,0.972923,0.976004
MIMIC-IV-CaseStudy,1800000,1800000,Lethe,random,0.0,6,0.0,0.0,0.974076,0.976493
MIMIC-IV-CaseStudy,1800000,1800000,Lethe,random,0.0,7,0.0,0.0,0.968493,0.974241
MIMIC-IV-CaseStudy,1800000,1800000,Lethe,random,0.0,8,0.0,0.0,0.968668,0.974103
MIMIC-IV-CaseStudy,1800000,1800000,Lethe,random,0.0,9,0.0,0.0,0.97025,0.975596
MIMIC-IV-CaseStudy,1800000,1800000,Lethe-no-bypass,random,0.0,0,0.0,0.0,0.924922,0.978201
MIMIC-IV-CaseStudy,1800000,1800000,Lethe-no-bypass,random,0.0,1,0.0,0.0,0.923615,0.97598
MIMIC-IV-CaseStudy,1800000,1800000,Lethe-no-bypass,random,0.0,2,0.0,0.0,0.924738,0.978481
MIMIC-IV-CaseStudy,1800000,1800000,Lethe-no-bypass,random,0.0,3,0.0,0.0,0.921557,0.977342
MIMIC-IV-CaseStudy,1800000,1800000,Lethe-no-bypass,random,0.0,4,0.0,0.0,0.921616,0.97603
MIMIC-IV-CaseStudy,1800000,1800000,Lethe-no-bypass,random,0.0,5,0.0,0.0,0.917072,0.972209
MIMIC-IV-CaseStudy,1800000,1800000,Lethe-no-bypass,random,0.0,6,0.0,0.0,0.926056,0.981728
MIMIC-IV-CaseStudy,1800000,1800000,Lethe-no-bypass,random,0.0,7,0.0,0.0,0.921153,0.974668
MIMIC-IV-CaseStudy,1800000,1800000,Lethe-no-bypass,random,0.0,8,0.0,0.0,0.921923,0.97825
MIMIC-IV-CaseStudy,1800000,1800000,Lethe-no-bypass,random,0.0,9,0.0,0.0,0.926554,0.976767
MIMIC-IV-CaseStudy,1800000,1800000,Lethe-no-revaware-traversal,random,0.0,0,0.0,0.0,0.948291,0.974577
MIMIC-IV-CaseStudy,1800000,1800000,Lethe-no-revaware-traversal,random,0.0,1,0.0,0.0,0.948071,0.973347
MIMIC-IV-CaseStudy,1800000,1800000,Lethe-no-revaware-traversal,random,0.0,2,0.0,0.0,0.954726,0.976529
MIMIC-IV-CaseStudy,1800000,1800000,Lethe-no-revaware-traversal,random,0.0,3,0.0,0.0,0.95052,0.976898
MIMIC-IV-CaseStudy,1800000,1800000,Lethe-no-revaware-traversal,random,0.0,4,0.0,0.0,0.949014,0.976629
MIMIC-IV-CaseStudy,1800000,1800000,Lethe-no-revaware-traversal,random,0.0,5,0.0,0.0,0.951641,0.976869
MIMIC-IV-CaseStudy,1800000,1800000,Lethe-no-revaware-traversal,random,0.0,6,0.0,0.0,0.948119,0.973605
MIMIC-IV-CaseStudy,1800000,1800000,Lethe-no-revaware-traversal,random,0.0,7,0.0,0.0,0.9442,0.973028
MIMIC-IV-CaseStudy,1800000,1800000,Lethe-no-revaware-traversal,random,0.0,8,0.0,0.0,0.949779,0.975387
MIMIC-IV-CaseStudy,1800000,1800000,Lethe-no-revaware-traversal,random,0.0,9,0.0,0.0,0.951748,0.978126
MIMIC-IV-CaseStudy,1800000,1800000,Physical-delete,random,0.0,0,0.0,0.0,0.941575,0.976724
MIMIC-IV-CaseStudy,1800000,1800000,Physical-delete,random,0.0,1,0.0,0.0,0.93915,0.976066
MIMIC-IV-CaseStudy,1800000,1800000,Physical-delete,random,0.0,2,0.0,0.0,0.936052,0.97493
MIMIC-IV-CaseStudy,1800000,1800000,Physical-delete,random,0.0,3,0.0,0.0,0.938059,0.973881
MIMIC-IV-CaseStudy,1800000,1800000,Physical-delete,random,0.0,4,0.0,0.0,0.941267,0.976021
MIMIC-IV-CaseStudy,1800000,1800000,Physical-delete,random,0.0,5,0.0,0.0,0.936797,0.973995
MIMIC-IV-CaseStudy,1800000,1800000,Physical-delete,random,0.0,6,0.0,0.0,0.937135,0.975545
MIMIC-IV-CaseStudy,1800000,1800000,Physical-delete,random,0.0,7,0.0,0.0,0.937951,0.973628
MIMIC-IV-CaseStudy,1800000,1800000,Physical-delete,random,0.0,8,0.0,0.0,0.937098,0.973874
MIMIC-IV-CaseStudy,1800000,1800000,Physical-delete,random,0.0,9,0.0,0.0,0.940183,0.976097
MIMIC-IV-CaseStudy,1800000,1800000,Periodic-rebuild,random,0.0,0,0.0,0.0,0.960554,0.975738
MIMIC-IV-CaseStudy,1800000,1800000,Periodic-rebuild,random,0.0,1,0.0,0.0,0.961925,0.976072
MIMIC-IV-CaseStudy,1800000,1800000,Periodic-rebuild,random,0.0,2,0.0,0.0,0.957549,0.975746
MIMIC-IV-CaseStudy,1800000,1800000,Periodic-rebuild,random,0.0,3,0.0,0.0,0.960056,0.977105
MIMIC-IV-CaseStudy,1800000,1800000,Periodic-rebuild,random,0.0,4,0.0,0.0,0.961453,0.977223
MIMIC-IV-CaseStudy,1800000,1800000,Periodic-rebuild,random,0.0,5,0.0,0.0,0.956197,0.973059
MIMIC-IV-CaseStudy,1800000,1800000,Periodic-rebuild,random,0.0,6,0.0,0.0,0.957096,0.974302
MIMIC-IV-CaseStudy,1800000,1800000,Periodic-rebuild,random,0.0,7,0.0,0.0,0.960184,0.97637
MIMIC-IV-CaseStudy,1800000,1800000,Periodic-rebuild,random,0.0,8,0.0,0.0,0.958581,0.976893
MIMIC-IV-CaseStudy,1800000,1800000,Periodic-rebuild,random,0.0,9,0.0,0.0,0.958834,0.97447
MIMIC-IV-CaseStudy,1800000,1800000,Per-role-index,random,0.0,0,0.0,0.0,0.971478,0.974457
MIMIC-IV-CaseStudy,1800000,1800000,Per-role-index,random,0.0,1,0.0,0.0,0.969489,0.9753
MIMIC-IV-CaseStudy,1800000,1800000,Per-role-index,random,0.0,2,0.0,0.0,0.97262,0.975287
MIMIC-IV-CaseStudy,1800000,1800000,Per-role-index,random,0.0,3,0.0,0.0,0.972212,0.974187
MIMIC-IV-CaseStudy,1800000,1800000,Per-role-index,random,0.0,4,0.0,0.0,0.973172,0.975562
MIMIC-IV-CaseStudy,1800000,1800000,Per-role-index,random,0.0,5,0.0,0.0,0.973956,0.977471
MIMIC-IV-CaseStudy,1800000,1800000,Per-role-index,random,0.0,6,0.0,0.0,0.970098,0.975072
MIMIC-IV-CaseStudy,1800000,1800000,Per-role-index,random,0.0,7,0.0,0.0,0.969231,0.974643
MIMIC-IV-CaseStudy,1800000,1800000,Per-role-index,random,0.0,8,0.0,0.0,0.975705,0.977426
MIMIC-IV-CaseStudy,1800000,1800000,Per-role-index,random,0.0,9,0.0,0.0,0.976891,0.976714
MIMIC-IV-CaseStudy,1800000,1800000,ACORN,random,0.0,0,0.0,0.0,0.959217,0.975143
MIMIC-IV-CaseStudy,1800000,1800000,ACORN,random,0.0,1,0.0,0.0,0.952524,0.9746
MIMIC-IV-CaseStudy,1800000,1800000,ACORN,random,0.0,2,0.0,0.0,0.952951,0.973567
MIMIC-IV-CaseStudy,1800000,1800000,ACORN,random,0.0,3,0.0,0.0,0.955476,0.974911
MIMIC-IV-CaseStudy,1800000,1800000,ACORN,random,0.0,4,0.0,0.0,0.960957,0.977976
MIMIC-IV-CaseStudy,1800000,1800000,ACORN,random,0.0,5,0.0,0.0,0.955518,0.977356
MIMIC-IV-CaseStudy,1800000,1800000,ACORN,random,0.0,6,0.0,0.0,0.954728,0.976791
MIMIC-IV-CaseStudy,1800000,1800000,ACORN,random,0.0,7,0.0,0.0,0.955425,0.976026
MIMIC-IV-CaseStudy,1800000,1800000,ACORN,random,0.0,8,0.0,0.0,0.957632,0.975008
MIMIC-IV-CaseStudy,1800000,1800000,ACORN,random,0.0,9,0.0,0.0,0.957654,0.977779
MIMIC-IV-CaseStudy,1800000,1800000,HoneyBee,random,0.0,0,0.0,0.0,0.954636,0.972114
MIMIC-IV-CaseStudy,1800000,1800000,HoneyBee,random,0.0,1,0.0,0.0,0.954528,0.975226
MIMIC-IV-CaseStudy,1800000,1800000,HoneyBee,random,0.0,2,0.0,0.0,0.957096,0.976079
MIMIC-IV-CaseStudy,1800000,1800000,HoneyBee,random,0.0,3,0.0,0.0,0.956477,0.975403
MIMIC-IV-CaseStudy,1800000,1800000,HoneyBee,random,0.0,4,0.0,0.0,0.954799,0.973249
MIMIC-IV-CaseStudy,1800000,1800000,HoneyBee,random,0.0,5,0.0,0.0,0.955434,0.974338
MIMIC-IV-CaseStudy,1800000,1800000,HoneyBee,random,0.0,6,0.0,0.0,0.962663,0.976806
MIMIC-IV-CaseStudy,1800000,1800000,HoneyBee,random,0.0,7,0.0,0.0,0.957253,0.976353
MIMIC-IV-CaseStudy,1800000,1800000,HoneyBee,random,0.0,8,0.0,0.0,0.958374,0.97516
MIMIC-IV-CaseStudy,1800000,1800000,HoneyBee,random,0.0,9,0.0,0.0,0.962339,0.977593
MIMIC-IV-CaseStudy,1800000,1800000,SPFresh,random,0.0,0,0.0,0.0,0.953268,0.979447
MIMIC-IV-CaseStudy,1800000,1800000,SPFresh,random,0.0,1,0.0,0.0,0.948312,0.975491
MIMIC-IV-CaseStudy,1800000,1800000,SPFresh,random,0.0,2,0.0,0.0,0.948352,0.974912
MIMIC-IV-CaseStudy,1800000,1800000,SPFresh,random,0.0,3,0.0,0.0,0.952761,0.975607
MIMIC-IV-CaseStudy,1800000,1800000,SPFresh,random,0.0,4,0.0,0.0,0.949933,0.973899
MIMIC-IV-CaseStudy,1800000,1800000,SPFresh,random,0.0,5,0.0,0.0,0.951093,0.977224
MIMIC-IV-CaseStudy,1800000,1800000,SPFresh,random,0.0,6,0.0,0.0,0.949003,0.974798
MIMIC-IV-CaseStudy,1800000,1800000,SPFresh,random,0.0,7,0.0,0.0,0.951933,0.976097
MIMIC-IV-CaseStudy,1800000,1800000,SPFresh,random,0.0,8,0.0,0.0,0.949802,0.976101
MIMIC-IV-CaseStudy,1800000,1800000,SPFresh,random,0.0,9,0.0,0.0,0.944793,0.974596
MIMIC-IV-CaseStudy,1800000,1800000,Oracle,random,0.0,0,0.0,0.0,0.9765,0.9765
MIMIC-IV-CaseStudy,1800000,1800000,Oracle,random,0.0,1,0.0,0.0,0.972616,0.972616
MIMIC-IV-CaseStudy,1800000,1800000,Oracle,random,0.0,2,0.0,0.0,0.975483,0.975483
MIMIC-IV-CaseStudy,1800000,1800000,Oracle,random,0.0,3,0.0,0.0,0.97765,0.97765
MIMIC-IV-CaseStudy,1800000,1800000,Oracle,random,0.0,4,0.0,0.0,0.976772,0.976772
MIMIC-IV-CaseStudy,1800000,1800000,Oracle,random,0.0,5,0.0,0.0,0.975272,0.975272
MIMIC-IV-CaseStudy,1800000,1800000,Oracle,random,0.0,6,0.0,0.0,0.975722,0.975722
MIMIC-IV-CaseStudy,1800000,1800000,Oracle,random,0.0,7,0.0,0.0,0.975677,0.975677
MIMIC-IV-CaseStudy,1800000,1800000,Oracle,random,0.0,8,0.0,0.0,0.975507,0.975507
MIMIC-IV-CaseStudy,1800000,1800000,Oracle,random,0.0,9,0.0,0.0,0.978504,0.978504
MIMIC-IV-CaseStudy,1800000,1800000,Tombstone,random,0.1,0,0.0,0.041277,0.931342,0.972977
MIMIC-IV-CaseStudy,1800000,1800000,Tombstone,random,0.1,1,0.0,0.03583,0.937852,0.97574
MIMIC-IV-CaseStudy,1800000,1800000,Tombstone,random,0.1,2,0.0,0.03264,0.935031,0.976087
MIMIC-IV-CaseStudy,1800000,1800000,Tombstone,random,0.1,3,0.0,0.037627,0.94306,0.979551
MIMIC-IV-CaseStudy,1800000,1800000,Tombstone,random,0.1,4,0.0,0.036515,0.939239,0.978779
MIMIC-IV-CaseStudy,1800000,1800000,Tombstone,random,0.1,5,0.0,0.034861,0.937198,0.974217
MIMIC-IV-CaseStudy,1800000,1800000,Tombstone,random,0.1,6,0.0,0.038791,0.937531,0.975941
MIMIC-IV-CaseStudy,1800000,1800000,Tombstone,random,0.1,7,0.0,0.040636,0.935695,0.973775
MIMIC-IV-CaseStudy,1800000,1800000,Tombstone,random,0.1,8,0.0,0.036809,0.944876,0.981603
MIMIC-IV-CaseStudy,1800000,1800000,Tombstone,random,0.1,9,0.0,0.037995,0.937962,0.977838
MIMIC-IV-CaseStudy,1800000,1800000,Post-filter,random,0.1,0,0.0,0.036566,0.930578,0.975821
MIMIC-IV-CaseStudy,1800000,1800000,Post-filter,random,0.1,1,0.0,0.035637,0.934034,0.977451
MIMIC-IV-CaseStudy,1800000,1800000,Post-filter,random,0.1,2,0.0,0.035591,0.932432,0.975511
MIMIC-IV-CaseStudy,1800000,1800000,Post-filter,random,0.1,3,0.0,0.033019,0.929776,0.974358
MIMIC-IV-CaseStudy,1800000,1800000,Post-filter,random,0.1,4,0.0,0.034243,0.932346,0.975107
MIMIC-IV-CaseStudy,1800000,1800000,Post-filter,random,0.1,5,0.0,0.034084,0.935565,0.977314
MIMIC-IV-CaseStudy,1800000,1800000,Post-filter,random,0.1,6,0.0,0.043047,0.935196,0.975324
MIMIC-IV-CaseStudy,1800000,1800000,Post-filter,random,0.1,7,0.0,0.032712,0.935378,0.979371
MIMIC-IV-CaseStudy,1800000,1800000,Post-filter,random,0.1,8,0.0,0.041042,0.931857,0.974599
MIMIC-IV-CaseStudy,1800000,1800000,Post-filter,random,0.1,9,0.0,0.035456,0.934113,0.977013
MIMIC-IV-CaseStudy,1800000,1800000,Lethe,random,0.1,0,0.0,0.000254,0.974574,0.978535
MIMIC-IV-CaseStudy,1800000,1800000,Lethe,random,0.1,1,0.0,0.006351,0.973982,0.977847
MIMIC-IV-CaseStudy,1800000,1800000,Lethe,random,0.1,2,0.0,0.0,0.971136,0.973567
MIMIC-IV-CaseStudy,1800000,1800000,Lethe,random,0.1,3,0.0,4.5e-05,0.973534,0.977093
MIMIC-IV-CaseStudy,1800000,1800000,Lethe,random,0.1,4,0.0,0.0,0.972637,0.977464
MIMIC-IV-CaseStudy,1800000,1800000,Lethe,random,0.1,5,0.0,0.002106,0.97071,0.975827
MIMIC-IV-CaseStudy,1800000,1800000,Lethe,random,0.1,6,0.0,0.000367,0.971007,0.97412
MIMIC-IV-CaseStudy,1800000,1800000,Lethe,random,0.1,7,0.0,0.0,0.974586,0.97712
MIMIC-IV-CaseStudy,1800000,1800000,Lethe,random,0.1,8,0.0,0.0,0.971853,0.974335
MIMIC-IV-CaseStudy,1800000,1800000,Lethe,random,0.1,9,0.0,0.000106,0.968728,0.976215
MIMIC-IV-CaseStudy,1800000,1800000,Lethe-no-bypass,random,0.1,0,0.0,0.011238,0.92359,0.975956
MIMIC-IV-CaseStudy,1800000,1800000,Lethe-no-bypass,random,0.1,1,0.0,0.009884,0.926384,0.978716
MIMIC-IV-CaseStudy,1800000,1800000,Lethe-no-bypass,random,0.1,2,0.0,0.010116,0.924121,0.979826
MIMIC-IV-CaseStudy,1800000,1800000,Lethe-no-bypass,random,0.1,3,0.0,0.014579,0.919687,0.975179
MIMIC-IV-CaseStudy,1800000,1800000,Lethe-no-bypass,random,0.1,4,0.0,0.011513,0.923823,0.977899
MIMIC-IV-CaseStudy,1800000,1800000,Lethe-no-bypass,random,0.1,5,0.0,0.011187,0.917284,0.972536
MIMIC-IV-CaseStudy,1800000,1800000,Lethe-no-bypass,random,0.1,6,0.0,0.010733,0.924213,0.977456
MIMIC-IV-CaseStudy,1800000,1800000,Lethe-no-bypass,random,0.1,7,0.0,0.011004,0.924183,0.977369
MIMIC-IV-CaseStudy,1800000,1800000,Lethe-no-bypass,random,0.1,8,0.0,0.012349,0.922245,0.975132
MIMIC-IV-CaseStudy,1800000,1800000,Lethe-no-bypass,random,0.1,9,0.0,0.009287,0.91891,0.975837
MIMIC-IV-CaseStudy,1800000,1800000,Lethe-no-revaware-traversal,random,0.1,0,0.0,0.032427,0.94561,0.973524
MIMIC-IV-CaseStudy,1800000,1800000,Lethe-no-revaware-traversal,random,0.1,1,0.0,0.034028,0.955822,0.977542
MIMIC-IV-CaseStudy,1800000,1800000,Lethe-no-revaware-traversal,random,0.1,2,0.0,0.032824,0.952104,0.976559
MIMIC-IV-CaseStudy,1800000,1800000,Lethe-no-revaware-traversal,random,0.1,3,0.0,0.034724,0.946235,0.973105
MIMIC-IV-CaseStudy,1800000,1800000,Lethe-no-revaware-traversal,random,0.1,4,0.0,0.030137,0.949915,0.975563
MIMIC-IV-CaseStudy,1800000,1800000,Lethe-no-revaware-traversal,random,0.1,5,0.0,0.03221,0.951986,0.975654
MIMIC-IV-CaseStudy,1800000,1800000,Lethe-no-revaware-traversal,random,0.1,6,0.0,0.034087,0.945867,0.974308
MIMIC-IV-CaseStudy,1800000,1800000,Lethe-no-revaware-traversal,random,0.1,7,0.0,0.040406,0.951484,0.977181
MIMIC-IV-CaseStudy,1800000,1800000,Lethe-no-revaware-traversal,random,0.1,8,0.0,0.027292,0.95144,0.975408
MIMIC-IV-CaseStudy,1800000,1800000,Lethe-no-revaware-traversal,random,0.1,9,0.0,0.033025,0.953361,0.977392
MIMIC-IV-CaseStudy,1800000,1800000,Physical-delete,random,0.1,0,0.0,0.006124,0.941069,0.975012
MIMIC-IV-CaseStudy,1800000,1800000,Physical-delete,random,0.1,1,0.0,0.010645,0.939693,0.974313
MIMIC-IV-CaseStudy,1800000,1800000,Physical-delete,random,0.1,2,0.0,0.006226,0.934796,0.974405
MIMIC-IV-CaseStudy,1800000,1800000,Physical-delete,random,0.1,3,0.0,0.009267,0.943991,0.977954
MIMIC-IV-CaseStudy,1800000,1800000,Physical-delete,random,0.1,4,0.0,0.011751,0.938597,0.977176
MIMIC-IV-CaseStudy,1800000,1800000,Physical-delete,random,0.1,5,0.0,0.008059,0.938306,0.975209
MIMIC-IV-CaseStudy,1800000,1800000,Physical-delete,random,0.1,6,0.0,0.011398,0.939234,0.974317
MIMIC-IV-CaseStudy,1800000,1800000,Physical-delete,random,0.1,7,0.0,0.007148,0.936189,0.974149
MIMIC-IV-CaseStudy,1800000,1800000,Physical-delete,random,0.1,8,0.0,0.008453,0.936375,0.974784
MIMIC-IV-CaseStudy,1800000,1800000,Physical-delete,random,0.1,9,0.0,0.008895,0.935829,0.973778
MIMIC-IV-CaseStudy,1800000,1800000,Periodic-rebuild,random,0.1,0,0.0,0.020262,0.958805,0.975898
MIMIC-IV-CaseStudy,1800000,1800000,Periodic-rebuild,random,0.1,1,0.0,0.021561,0.958306,0.97467
MIMIC-IV-CaseStudy,1800000,1800000,Periodic-rebuild,random,0.1,2,0.0,0.015488,0.962897,0.979128
MIMIC-IV-CaseStudy,1800000,1800000,Periodic-rebuild,random,0.1,3,0.0,0.020817,0.958004,0.976264
MIMIC-IV-CaseStudy,1800000,1800000,Periodic-rebuild,random,0.1,4,0.0,0.01721,0.961511,0.977685
MIMIC-IV-CaseStudy,1800000,1800000,Periodic-rebuild,random,0.1,5,0.0,0.016359,0.961583,0.977217
MIMIC-IV-CaseStudy,1800000,1800000,Periodic-rebuild,random,0.1,6,0.0,0.014061,0.956471,0.975967
MIMIC-IV-CaseStudy,1800000,1800000,Periodic-rebuild,random,0.1,7,0.0,0.020796,0.954767,0.972902
MIMIC-IV-CaseStudy,1800000,1800000,Periodic-rebuild,random,0.1,8,0.0,0.020735,0.959201,0.974481
MIMIC-IV-CaseStudy,1800000,1800000,Periodic-rebuild,random,0.1,9,0.0,0.015571,0.959926,0.976012
MIMIC-IV-CaseStudy,1800000,1800000,Per-role-index,random,0.1,0,0.0,0.0,0.973427,0.977964
MIMIC-IV-CaseStudy,1800000,1800000,Per-role-index,random,0.1,1,0.0,0.0,0.970697,0.977595
MIMIC-IV-CaseStudy,1800000,1800000,Per-role-index,random,0.1,2,0.0,0.0,0.97808,0.9811
MIMIC-IV-CaseStudy,1800000,1800000,Per-role-index,random,0.1,3,0.0,0.0,0.969171,0.973748
MIMIC-IV-CaseStudy,1800000,1800000,Per-role-index,random,0.1,4,0.0,0.00228,0.972045,0.974036
MIMIC-IV-CaseStudy,1800000,1800000,Per-role-index,random,0.1,5,0.0,0.000762,0.974147,0.975212
MIMIC-IV-CaseStudy,1800000,1800000,Per-role-index,random,0.1,6,0.0,0.0,0.975268,0.977327
MIMIC-IV-CaseStudy,1800000,1800000,Per-role-index,random,0.1,7,0.0,0.0,0.974622,0.977829
MIMIC-IV-CaseStudy,1800000,1800000,Per-role-index,random,0.1,8,0.0,0.005314,0.966655,0.975172
MIMIC-IV-CaseStudy,1800000,1800000,Per-role-index,random,0.1,9,0.0,0.000773,0.976329,0.977074
MIMIC-IV-CaseStudy,1800000,1800000,ACORN,random,0.1,0,0.0,0.011659,0.952806,0.972356
MIMIC-IV-CaseStudy,1800000,1800000,ACORN,random,0.1,1,0.0,0.011901,0.961218,0.978773
MIMIC-IV-CaseStudy,1800000,1800000,ACORN,random,0.1,2,0.0,0.015657,0.956796,0.978298
MIMIC-IV-CaseStudy,1800000,1800000,ACORN,random,0.1,3,0.0,0.011238,0.956073,0.974186
MIMIC-IV-CaseStudy,1800000,1800000,ACORN,random,0.1,4,0.0,0.018005,0.958602,0.97857
MIMIC-IV-CaseStudy,1800000,1800000,ACORN,random,0.1,5,0.0,0.014763,0.95619,0.976429
MIMIC-IV-CaseStudy,1800000,1800000,ACORN,random,0.1,6,0.0,0.018753,0.957077,0.974157
MIMIC-IV-CaseStudy,1800000,1800000,ACORN,random,0.1,7,0.0,0.013309,0.955123,0.976587
MIMIC-IV-CaseStudy,1800000,1800000,ACORN,random,0.1,8,0.0,0.013667,0.954842,0.976289
MIMIC-IV-CaseStudy,1800000,1800000,ACORN,random,0.1,9,0.0,0.017095,0.954507,0.976926
MIMIC-IV-CaseStudy,1800000,1800000,HoneyBee,random,0.1,0,0.0,0.012593,0.957963,0.975431
MIMIC-IV-CaseStudy,1800000,1800000,HoneyBee,random,0.1,1,0.0,0.012477,0.961779,0.977139
MIMIC-IV-CaseStudy,1800000,1800000,HoneyBee,random,0.1,2,0.0,0.008999,0.953413,0.974674
MIMIC-IV-CaseStudy,1800000,1800000,HoneyBee,random,0.1,3,0.0,0.011371,0.955382,0.975996
MIMIC-IV-CaseStudy,1800000,1800000,HoneyBee,random,0.1,4,0.0,0.011516,0.960013,0.979063
MIMIC-IV-CaseStudy,1800000,1800000,HoneyBee,random,0.1,5,0.0,0.0116,0.95513,0.972702
MIMIC-IV-CaseStudy,1800000,1800000,HoneyBee,random,0.1,6,0.0,0.009259,0.961962,0.975679
MIMIC-IV-CaseStudy,1800000,1800000,HoneyBee,random,0.1,7,0.0,0.017675,0.963926,0.978841
MIMIC-IV-CaseStudy,1800000,1800000,HoneyBee,random,0.1,8,0.0,0.008629,0.953226,0.973579
MIMIC-IV-CaseStudy,1800000,1800000,HoneyBee,random,0.1,9,0.0,0.013182,0.954139,0.974421
MIMIC-IV-CaseStudy,1800000,1800000,SPFresh,random,0.1,0,0.0,0.015892,0.949232,0.97441
MIMIC-IV-CaseStudy,1800000,1800000,SPFresh,random,0.1,1,0.0,0.021136,0.949628,0.974656
MIMIC-IV-CaseStudy,1800000,1800000,SPFresh,random,0.1,2,0.0,0.023486,0.949304,0.974593
MIMIC-IV-CaseStudy,1800000,1800000,SPFresh,random,0.1,3,0.0,0.027091,0.952479,0.974403
MIMIC-IV-CaseStudy,1800000,1800000,SPFresh,random,0.1,4,0.0,0.02244,0.948555,0.974519
MIMIC-IV-CaseStudy,1800000,1800000,SPFresh,random,0.1,5,0.0,0.02182,0.947075,0.972484
MIMIC-IV-CaseStudy,1800000,1800000,SPFresh,random,0.1,6,0.0,0.016773,0.945111,0.972901
MIMIC-IV-CaseStudy,1800000,1800000,SPFresh,random,0.1,7,0.0,0.023477,0.946034,0.973856
MIMIC-IV-CaseStudy,1800000,1800000,SPFresh,random,0.1,8,0.0,0.021531,0.94874,0.975283
MIMIC-IV-CaseStudy,1800000,1800000,SPFresh,random,0.1,9,0.0,0.026833,0.947054,0.975538
MIMIC-IV-CaseStudy,1800000,1800000,Oracle,random,0.1,0,0.0,0.0,0.975494,0.975494
MIMIC-IV-CaseStudy,1800000,1800000,Oracle,random,0.1,1,0.0,0.0,0.975415,0.975415
MIMIC-IV-CaseStudy,1800000,1800000,Oracle,random,0.1,2,0.0,0.0,0.976026,0.976026
MIMIC-IV-CaseStudy,1800000,1800000,Oracle,random,0.1,3,0.0,0.0,0.974504,0.974504
MIMIC-IV-CaseStudy,1800000,1800000,Oracle,random,0.1,4,0.0,0.0,0.975023,0.975023
MIMIC-IV-CaseStudy,1800000,1800000,Oracle,random,0.1,5,0.0,0.0,0.974358,0.974358
MIMIC-IV-CaseStudy,1800000,1800000,Oracle,random,0.1,6,0.0,0.0,0.974881,0.974881
MIMIC-IV-CaseStudy,1800000,1800000,Oracle,random,0.1,7,0.0,0.0,0.973487,0.973487
MIMIC-IV-CaseStudy,1800000,1800000,Oracle,random,0.1,8,0.0,0.0,0.972888,0.972888
MIMIC-IV-CaseStudy,1800000,1800000,Oracle,random,0.1,9,0.0,0.0,0.974847,0.974847
MIMIC-IV-CaseStudy,1800000,1800000,Tombstone,random,0.2,0,0.0,0.061704,0.939421,0.98092
MIMIC-IV-CaseStudy,1800000,1800000,Tombstone,random,0.2,1,0.0,0.061508,0.941989,0.977902
MIMIC-IV-CaseStudy,1800000,1800000,Tombstone,random,0.2,2,0.0,0.059341,0.935463,0.976626
MIMIC-IV-CaseStudy,1800000,1800000,Tombstone,random,0.2,3,0.0,0.061872,0.938887,0.977555
MIMIC-IV-CaseStudy,1800000,1800000,Tombstone,random,0.2,4,0.0,0.060458,0.93723,0.976855
MIMIC-IV-CaseStudy,1800000,1800000,Tombstone,random,0.2,5,0.0,0.058255,0.933327,0.977108
MIMIC-IV-CaseStudy,1800000,1800000,Tombstone,random,0.2,6,0.0,0.057377,0.935745,0.977265
MIMIC-IV-CaseStudy,1800000,1800000,Tombstone,random,0.2,7,0.0,0.05952,0.933871,0.975135
MIMIC-IV-CaseStudy,1800000,1800000,Tombstone,random,0.2,8,0.0,0.06078,0.940608,0.977859
MIMIC-IV-CaseStudy,1800000,1800000,Tombstone,random,0.2,9,0.0,0.061429,0.941925,0.976344
MIMIC-IV-CaseStudy,1800000,1800000,Post-filter,random,0.2,0,0.0,0.070444,0.932873,0.97549
MIMIC-IV-CaseStudy,1800000,1800000,Post-filter,random,0.2,1,0.0,0.063161,0.928674,0.975444
MIMIC-IV-CaseStudy,1800000,1800000,Post-filter,random,0.2,2,0.0,0.067951,0.929364,0.975094
MIMIC-IV-CaseStudy,1800000,1800000,Post-filter,random,0.2,3,0.0,0.065257,0.93082,0.973308
MIMIC-IV-CaseStudy,1800000,1800000,Post-filter,random,0.2,4,0.0,0.067475,0.934584,0.979163
MIMIC-IV-CaseStudy,1800000,1800000,Post-filter,random,0.2,5,0.0,0.062259,0.933905,0.978294
MIMIC-IV-CaseStudy,1800000,1800000,Post-filter,random,0.2,6,0.0,0.06613,0.927641,0.974222
MIMIC-IV-CaseStudy,1800000,1800000,Post-filter,random,0.2,7,0.0,0.06349,0.930432,0.976121
MIMIC-IV-CaseStudy,1800000,1800000,Post-filter,random,0.2,8,0.0,0.066737,0.92892,0.973486
MIMIC-IV-CaseStudy,1800000,1800000,Post-filter,random,0.2,9,0.0,0.064915,0.936017,0.978206
MIMIC-IV-CaseStudy,1800000,1800000,Lethe,random,0.2,0,0.0,0.006102,0.969548,0.973375
MIMIC-IV-CaseStudy,1800000,1800000,Lethe,random,0.2,1,0.0,0.0,0.973994,0.97699
MIMIC-IV-CaseStudy,1800000,1800000,Lethe,random,0.2,2,0.0,0.003306,0.971239,0.976943
MIMIC-IV-CaseStudy,1800000,1800000,Lethe,random,0.2,3,0.0,0.000729,0.971434,0.976339
MIMIC-IV-CaseStudy,1800000,1800000,Lethe,random,0.2,4,0.0,0.0,0.972804,0.978244
MIMIC-IV-CaseStudy,1800000,1800000,Lethe,random,0.2,5,0.0,0.006139,0.970681,0.975034
MIMIC-IV-CaseStudy,1800000,1800000,Lethe,random,0.2,6,0.0,0.001642,0.972514,0.975466
MIMIC-IV-CaseStudy,1800000,1800000,Lethe,random,0.2,7,0.0,0.005666,0.971032,0.974478
MIMIC-IV-CaseStudy,1800000,1800000,Lethe,random,0.2,8,0.0,0.002823,0.977482,0.978717
MIMIC-IV-CaseStudy,1800000,1800000,Lethe,random,0.2,9,0.0,0.0,0.966948,0.972454
MIMIC-IV-CaseStudy,1800000,1800000,Lethe-no-bypass,random,0.2,0,0.0,0.025392,0.919443,0.974368
MIMIC-IV-CaseStudy,1800000,1800000,Lethe-no-bypass,random,0.2,1,0.0,0.016938,0.926488,0.978073
MIMIC-IV-CaseStudy,1800000,1800000,Lethe-no-bypass,random,0.2,2,0.0,0.019086,0.919451,0.974557
MIMIC-IV-CaseStudy,1800000,1800000,Lethe-no-bypass,random,0.2,3,0.0,0.01728,0.91957,0.977713
MIMIC-IV-CaseStudy,1800000,1800000,Lethe-no-bypass,random,0.2,4,0.0,0.020405,0.919598,0.974659
MIMIC-IV-CaseStudy,1800000,1800000,Lethe-no-bypass,random,0.2,5,0.0,0.019889,0.921257,0.979114
MIMIC-IV-CaseStudy,1800000,1800000,Lethe-no-bypass,random,0.2,6,0.0,0.022268,0.917847,0.976133
MIMIC-IV-CaseStudy,1800000,1800000,Lethe-no-bypass,random,0.2,7,0.0,0.013004,0.921587,0.975242
MIMIC-IV-CaseStudy,1800000,1800000,Lethe-no-bypass,random,0.2,8,0.0,0.023559,0.915593,0.973502
MIMIC-IV-CaseStudy,1800000,1800000,Lethe-no-bypass,random,0.2,9,0.0,0.017295,0.915501,0.970522
MIMIC-IV-CaseStudy,1800000,1800000,Lethe-no-revaware-traversal,random,0.2,0,0.0,0.061285,0.949118,0.975684
MIMIC-IV-CaseStudy,1800000,1800000,Lethe-no-revaware-traversal,random,0.2,1,0.0,0.055636,0.951079,0.97786
MIMIC-IV-CaseStudy,1800000,1800000,Lethe-no-revaware-traversal,random,0.2,2,0.0,0.056388,0.94814,0.974424
MIMIC-IV-CaseStudy,1800000,1800000,Lethe-no-revaware-traversal,random,0.2,3,0.0,0.058081,0.951511,0.977134
MIMIC-IV-CaseStudy,1800000,1800000,Lethe-no-revaware-traversal,random,0.2,4,0.0,0.058779,0.949857,0.976008
MIMIC-IV-CaseStudy,1800000,1800000,Lethe-no-revaware-traversal,random,0.2,5,0.0,0.053648,0.949385,0.974227
MIMIC-IV-CaseStudy,1800000,1800000,Lethe-no-revaware-traversal,random,0.2,6,0.0,0.065431,0.94564,0.974491
MIMIC-IV-CaseStudy,1800000,1800000,Lethe-no-revaware-traversal,random,0.2,7,0.0,0.055623,0.951867,0.975866
MIMIC-IV-CaseStudy,1800000,1800000,Lethe-no-revaware-traversal,random,0.2,8,0.0,0.056075,0.94934,0.977479
MIMIC-IV-CaseStudy,1800000,1800000,Lethe-no-revaware-traversal,random,0.2,9,0.0,0.055401,0.948826,0.973352
MIMIC-IV-CaseStudy,1800000,1800000,Physical-delete,random,0.2,0,0.0,0.015314,0.939715,0.973963
MIMIC-IV-CaseStudy,1800000,1800000,Physical-delete,random,0.2,1,0.0,0.011833,0.940118,0.975607
MIMIC-IV-CaseStudy,1800000,1800000,Physical-delete,random,0.2,2,0.0,0.01686,0.937993,0.974838
MIMIC-IV-CaseStudy,1800000,1800000,Physical-delete,random,0.2,3,0.0,0.010777,0.943766,0.976966
MIMIC-IV-CaseStudy,1800000,1800000,Physical-delete,random,0.2,4,0.0,0.01118,0.940743,0.977572
MIMIC-IV-CaseStudy,1800000,1800000,Physical-delete,random,0.2,5,0.0,0.012691,0.937047,0.974727
MIMIC-IV-CaseStudy,1800000,1800000,Physical-delete,random,0.2,6,0.0,0.017208,0.940278,0.975823
MIMIC-IV-CaseStudy,1800000,1800000,Physical-delete,random,0.2,7,0.0,0.01298,0.943107,0.979088
MIMIC-IV-CaseStudy,1800000,1800000,Physical-delete,random,0.2,8,0.0,0.015469,0.934837,0.973916
MIMIC-IV-CaseStudy,1800000,1800000,Physical-delete,random,0.2,9,0.0,0.008978,0.942085,0.979103
MIMIC-IV-CaseStudy,1800000,1800000,Periodic-rebuild,random,0.2,0,0.0,0.031056,0.958493,0.973196
MIMIC-IV-CaseStudy,1800000,1800000,Periodic-rebuild,random,0.2,1,0.0,0.029744,0.963563,0.980685
MIMIC-IV-CaseStudy,1800000,1800000,Periodic-rebuild,random,0.2,2,0.0,0.030624,0.956988,0.975566
MIMIC-IV-CaseStudy,1800000,1800000,Periodic-rebuild,random,0.2,3,0.0,0.031063,0.960869,0.980401
MIMIC-IV-CaseStudy,1800000,1800000,Periodic-rebuild,random,0.2,4,0.0,0.031388,0.959585,0.976971
MIMIC-IV-CaseStudy,1800000,1800000,Periodic-rebuild,random,0.2,5,0.0,0.026904,0.955008,0.973575
MIMIC-IV-CaseStudy,1800000,1800000,Periodic-rebuild,random,0.2,6,0.0,0.026389,0.955577,0.974109
MIMIC-IV-CaseStudy,1800000,1800000,Periodic-rebuild,random,0.2,7,0.0,0.033485,0.959653,0.976877
MIMIC-IV-CaseStudy,1800000,1800000,Periodic-rebuild,random,0.2,8,0.0,0.02764,0.955731,0.973207
MIMIC-IV-CaseStudy,1800000,1800000,Periodic-rebuild,random,0.2,9,0.0,0.033225,0.96388,0.977167
MIMIC-IV-CaseStudy,1800000,1800000,Per-role-index,random,0.2,0,0.0,0.0087,0.970452,0.975916
MIMIC-IV-CaseStudy,1800000,1800000,Per-role-index,random,0.2,1,0.0,0.003842,0.97496,0.979613
MIMIC-IV-CaseStudy,1800000,1800000,Per-role-index,random,0.2,2,0.0,0.003136,0.973072,0.979275
MIMIC-IV-CaseStudy,1800000,1800000,Per-role-index,random,0.2,3,0.0,0.004731,0.969385,0.975374
MIMIC-IV-CaseStudy,1800000,1800000,Per-role-index,random,0.2,4,0.0,0.005038,0.974209,0.977383
MIMIC-IV-CaseStudy,1800000,1800000,Per-role-index,random,0.2,5,0.0,0.001428,0.970037,0.976757
MIMIC-IV-CaseStudy,1800000,1800000,Per-role-index,random,0.2,6,0.0,0.004422,0.967073,0.97382
MIMIC-IV-CaseStudy,1800000,1800000,Per-role-index,random,0.2,7,0.0,0.004204,0.974266,0.976756
MIMIC-IV-CaseStudy,1800000,1800000,Per-role-index,random,0.2,8,0.0,0.006018,0.970688,0.974748
MIMIC-IV-CaseStudy,1800000,1800000,Per-role-index,random,0.2,9,0.0,0.003239,0.969906,0.975202
MIMIC-IV-CaseStudy,1800000,1800000,ACORN,random,0.2,0,0.0,0.028296,0.955133,0.975683
MIMIC-IV-CaseStudy,1800000,1800000,ACORN,random,0.2,1,0.0,0.01905,0.955638,0.977934
MIMIC-IV-CaseStudy,1800000,1800000,ACORN,random,0.2,2,0.0,0.024193,0.955872,0.976519
MIMIC-IV-CaseStudy,1800000,1800000,ACORN,random,0.2,3,0.0,0.024588,0.954634,0.975781
MIMIC-IV-CaseStudy,1800000,1800000,ACORN,random,0.2,4,0.0,0.02756,0.956903,0.976213
MIMIC-IV-CaseStudy,1800000,1800000,ACORN,random,0.2,5,0.0,0.026345,0.957601,0.975109
MIMIC-IV-CaseStudy,1800000,1800000,ACORN,random,0.2,6,0.0,0.024425,0.954956,0.973322
MIMIC-IV-CaseStudy,1800000,1800000,ACORN,random,0.2,7,0.0,0.028859,0.958309,0.975831
MIMIC-IV-CaseStudy,1800000,1800000,ACORN,random,0.2,8,0.0,0.023324,0.957387,0.975958
MIMIC-IV-CaseStudy,1800000,1800000,ACORN,random,0.2,9,0.0,0.020748,0.952782,0.976194
MIMIC-IV-CaseStudy,1800000,1800000,HoneyBee,random,0.2,0,0.0,0.026928,0.957591,0.978207
MIMIC-IV-CaseStudy,1800000,1800000,HoneyBee,random,0.2,1,0.0,0.020155,0.956829,0.977345
MIMIC-IV-CaseStudy,1800000,1800000,HoneyBee,random,0.2,2,0.0,0.018567,0.957796,0.977117
MIMIC-IV-CaseStudy,1800000,1800000,HoneyBee,random,0.2,3,0.0,0.020008,0.958291,0.974134
MIMIC-IV-CaseStudy,1800000,1800000,HoneyBee,random,0.2,4,0.0,0.020904,0.958721,0.973966
MIMIC-IV-CaseStudy,1800000,1800000,HoneyBee,random,0.2,5,0.0,0.02075,0.958697,0.974315
MIMIC-IV-CaseStudy,1800000,1800000,HoneyBee,random,0.2,6,0.0,0.018639,0.956222,0.972883
MIMIC-IV-CaseStudy,1800000,1800000,HoneyBee,random,0.2,7,0.0,0.023166,0.961697,0.978159
MIMIC-IV-CaseStudy,1800000,1800000,HoneyBee,random,0.2,8,0.0,0.022901,0.956643,0.975483
MIMIC-IV-CaseStudy,1800000,1800000,HoneyBee,random,0.2,9,0.0,0.023423,0.963577,0.978574
MIMIC-IV-CaseStudy,1800000,1800000,SPFresh,random,0.2,0,0.0,0.041007,0.950798,0.975861
MIMIC-IV-CaseStudy,1800000,1800000,SPFresh,random,0.2,1,0.0,0.039889,0.948512,0.974271
MIMIC-IV-CaseStudy,1800000,1800000,SPFresh,random,0.2,2,0.0,0.037078,0.953272,0.976388
MIMIC-IV-CaseStudy,1800000,1800000,SPFresh,random,0.2,3,0.0,0.035014,0.945559,0.973474
MIMIC-IV-CaseStudy,1800000,1800000,SPFresh,random,0.2,4,0.0,0.039574,0.949182,0.976965
MIMIC-IV-CaseStudy,1800000,1800000,SPFresh,random,0.2,5,0.0,0.038995,0.951139,0.977193
MIMIC-IV-CaseStudy,1800000,1800000,SPFresh,random,0.2,6,0.0,0.038387,0.949821,0.977241
MIMIC-IV-CaseStudy,1800000,1800000,SPFresh,random,0.2,7,0.0,0.045513,0.950249,0.975459
MIMIC-IV-CaseStudy,1800000,1800000,SPFresh,random,0.2,8,0.0,0.03662,0.950336,0.9771
MIMIC-IV-CaseStudy,1800000,1800000,SPFresh,random,0.2,9,0.0,0.028899,0.951185,0.976722
MIMIC-IV-CaseStudy,1800000,1800000,Oracle,random,0.2,0,0.0,0.0,0.97624,0.97624
MIMIC-IV-CaseStudy,1800000,1800000,Oracle,random,0.2,1,0.0,0.0,0.976443,0.976443
MIMIC-IV-CaseStudy,1800000,1800000,Oracle,random,0.2,2,0.0,0.0,0.976803,0.976803
MIMIC-IV-CaseStudy,1800000,1800000,Oracle,random,0.2,3,0.0,0.0,0.968865,0.968865
MIMIC-IV-CaseStudy,1800000,1800000,Oracle,random,0.2,4,0.0,0.0,0.976252,0.976252
MIMIC-IV-CaseStudy,1800000,1800000,Oracle,random,0.2,5,0.0,0.0,0.976664,0.976664
MIMIC-IV-CaseStudy,1800000,1800000,Oracle,random,0.2,6,0.0,0.0,0.978248,0.978248
MIMIC-IV-CaseStudy,1800000,1800000,Oracle,random,0.2,7,0.0,0.0,0.975829,0.975829
MIMIC-IV-CaseStudy,1800000,1800000,Oracle,random,0.2,8,0.0,0.0,0.975578,0.975578
MIMIC-IV-CaseStudy,1800000,1800000,Oracle,random,0.2,9,0.0,0.0,0.974073,0.974073
MIMIC-IV-CaseStudy,1800000,1800000,Tombstone,random,0.3,0,0.0,0.083405,0.936854,0.975663
MIMIC-IV-CaseStudy,1800000,1800000,Tombstone,random,0.3,1,0.0,0.085148,0.936865,0.976444
MIMIC-IV-CaseStudy,1800000,1800000,Tombstone,random,0.3,2,0.0,0.077373,0.936047,0.977937
MIMIC-IV-CaseStudy,1800000,1800000,Tombstone,random,0.3,3,0.0,0.080571,0.934606,0.974612
MIMIC-IV-CaseStudy,1800000,1800000,Tombstone,random,0.3,4,0.0,0.085624,0.933598,0.975749
MIMIC-IV-CaseStudy,1800000,1800000,Tombstone,random,0.3,5,0.0,0.088423,0.939861,0.976543
MIMIC-IV-CaseStudy,1800000,1800000,Tombstone,random,0.3,6,0.0,0.077814,0.940363,0.978865
MIMIC-IV-CaseStudy,1800000,1800000,Tombstone,random,0.3,7,0.0,0.080032,0.937483,0.978022
MIMIC-IV-CaseStudy,1800000,1800000,Tombstone,random,0.3,8,0.0,0.084169,0.935929,0.976782
MIMIC-IV-CaseStudy,1800000,1800000,Tombstone,random,0.3,9,0.0,0.080719,0.940581,0.976674
MIMIC-IV-CaseStudy,1800000,1800000,Post-filter,random,0.3,0,0.0,0.090957,0.932809,0.976628
MIMIC-IV-CaseStudy,1800000,1800000,Post-filter,random,0.3,1,0.0,0.090877,0.936118,0.98064
MIMIC-IV-CaseStudy,1800000,1800000,Post-filter,random,0.3,2,0.0,0.088626,0.929535,0.974441
MIMIC-IV-CaseStudy,1800000,1800000,Post-filter,random,0.3,3,0.0,0.093036,0.928882,0.972808
MIMIC-IV-CaseStudy,1800000,1800000,Post-filter,random,0.3,4,0.0,0.088963,0.931768,0.977549
MIMIC-IV-CaseStudy,1800000,1800000,Post-filter,random,0.3,5,0.0,0.08727,0.935408,0.978703
MIMIC-IV-CaseStudy,1800000,1800000,Post-filter,random,0.3,6,0.0,0.088894,0.930563,0.975749
MIMIC-IV-CaseStudy,1800000,1800000,Post-filter,random,0.3,7,0.0,0.086091,0.932773,0.976694
MIMIC-IV-CaseStudy,1800000,1800000,Post-filter,random,0.3,8,0.0,0.094633,0.931268,0.975615
MIMIC-IV-CaseStudy,1800000,1800000,Post-filter,random,0.3,9,0.0,0.091446,0.93329,0.979466
MIMIC-IV-CaseStudy,1800000,1800000,Lethe,random,0.3,0,0.0,0.003008,0.968208,0.975756
MIMIC-IV-CaseStudy,1800000,1800000,Lethe,random,0.3,1,0.0,0.0,0.970175,0.975437
MIMIC-IV-CaseStudy,1800000,1800000,Lethe,random,0.3,2,0.0,0.007721,0.974768,0.976938
MIMIC-IV-CaseStudy,1800000,1800000,Lethe,random,0.3,3,0.0,0.006353,0.973014,0.978601
MIMIC-IV-CaseStudy,1800000,1800000,Lethe,random,0.3,4,0.0,0.009475,0.973762,0.97548
MIMIC-IV-CaseStudy,1800000,1800000,Lethe,random,0.3,5,0.0,0.00157,0.976526,0.979461
MIMIC-IV-CaseStudy,1800000,1800000,Lethe,random,0.3,6,0.0,0.007449,0.971792,0.975909
MIMIC-IV-CaseStudy,1800000,1800000,Lethe,random,0.3,7,0.0,0.0,0.969583,0.97469
MIMIC-IV-CaseStudy,1800000,1800000,Lethe,random,0.3,8,0.0,0.005253,0.970787,0.977261
MIMIC-IV-CaseStudy,1800000,1800000,Lethe,random,0.3,9,0.0,0.00366,0.971864,0.97961
MIMIC-IV-CaseStudy,1800000,1800000,Lethe-no-bypass,random,0.3,0,0.0,0.032129,0.922754,0.97693
MIMIC-IV-CaseStudy,1800000,1800000,Lethe-no-bypass,random,0.3,1,0.0,0.020276,0.918987,0.975485
MIMIC-IV-CaseStudy,1800000,1800000,Lethe-no-bypass,random,0.3,2,0.0,0.024727,0.921573,0.976694
MIMIC-IV-CaseStudy,1800000,1800000,Lethe-no-bypass,random,0.3,3,0.0,0.027861,0.915311,0.97358
MIMIC-IV-CaseStudy,1800000,1800000,Lethe-no-bypass,random,0.3,4,0.0,0.030444,0.920943,0.975865
MIMIC-IV-CaseStudy,1800000,1800000,Lethe-no-bypass,random,0.3,5,0.0,0.029603,0.9208,0.973389
MIMIC-IV-CaseStudy,1800000,1800000,Lethe-no-bypass,random,0.3,6,0.0,0.027507,0.921052,0.979075
MIMIC-IV-CaseStudy,1800000,1800000,Lethe-no-bypass,random,0.3,7,0.0,0.026546,0.919266,0.975726
MIMIC-IV-CaseStudy,1800000,1800000,Lethe-no-bypass,random,0.3,8,0.0,0.030829,0.918897,0.973456
MIMIC-IV-CaseStudy,1800000,1800000,Lethe-no-bypass,random,0.3,9,0.0,0.025735,0.924095,0.977788
MIMIC-IV-CaseStudy,1800000,1800000,Lethe-no-revaware-traversal,random,0.3,0,0.0,0.077935,0.954228,0.977066
MIMIC-IV-CaseStudy,1800000,1800000,Lethe-no-revaware-traversal,random,0.3,1,0.0,0.075765,0.948966,0.974609
MIMIC-IV-CaseStudy,1800000,1800000,Lethe-no-revaware-traversal,random,0.3,2,0.0,0.080451,0.947848,0.978413
MIMIC-IV-CaseStudy,1800000,1800000,Lethe-no-revaware-traversal,random,0.3,3,0.0,0.080946,0.947749,0.974532
MIMIC-IV-CaseStudy,1800000,1800000,Lethe-no-revaware-traversal,random,0.3,4,0.0,0.078272,0.951622,0.973601
MIMIC-IV-CaseStudy,1800000,1800000,Lethe-no-revaware-traversal,random,0.3,5,0.0,0.079184,0.958445,0.980291
MIMIC-IV-CaseStudy,1800000,1800000,Lethe-no-revaware-traversal,random,0.3,6,0.0,0.078297,0.952946,0.97696
MIMIC-IV-CaseStudy,1800000,1800000,Lethe-no-revaware-traversal,random,0.3,7,0.0,0.076507,0.945889,0.974617
MIMIC-IV-CaseStudy,1800000,1800000,Lethe-no-revaware-traversal,random,0.3,8,0.0,0.07886,0.951383,0.976427
MIMIC-IV-CaseStudy,1800000,1800000,Lethe-no-revaware-traversal,random,0.3,9,0.0,0.081038,0.94894,0.976144
MIMIC-IV-CaseStudy,1800000,1800000,Physical-delete,random,0.3,0,0.0,0.017538,0.937682,0.974956
MIMIC-IV-CaseStudy,1800000,1800000,Physical-delete,random,0.3,1,0.0,0.014129,0.943029,0.979552
MIMIC-IV-CaseStudy,1800000,1800000,Physical-delete,random,0.3,2,0.0,0.015933,0.94228,0.979083
MIMIC-IV-CaseStudy,1800000,1800000,Physical-delete,random,0.3,3,0.0,0.019428,0.94042,0.976846
MIMIC-IV-CaseStudy,1800000,1800000,Physical-delete,random,0.3,4,0.0,0.018116,0.93973,0.974196
MIMIC-IV-CaseStudy,1800000,1800000,Physical-delete,random,0.3,5,0.0,0.018056,0.941021,0.973172
MIMIC-IV-CaseStudy,1800000,1800000,Physical-delete,random,0.3,6,0.0,0.019726,0.936048,0.974199
MIMIC-IV-CaseStudy,1800000,1800000,Physical-delete,random,0.3,7,0.0,0.019805,0.940505,0.976074
MIMIC-IV-CaseStudy,1800000,1800000,Physical-delete,random,0.3,8,0.0,0.023924,0.937835,0.97425
MIMIC-IV-CaseStudy,1800000,1800000,Physical-delete,random,0.3,9,0.0,0.024086,0.936,0.97277
MIMIC-IV-CaseStudy,1800000,1800000,Periodic-rebuild,random,0.3,0,0.0,0.042728,0.956456,0.974833
MIMIC-IV-CaseStudy,1800000,1800000,Periodic-rebuild,random,0.3,1,0.0,0.032238,0.956808,0.976191
MIMIC-IV-CaseStudy,1800000,1800000,Periodic-rebuild,random,0.3,2,0.0,0.035612,0.962556,0.97704
MIMIC-IV-CaseStudy,1800000,1800000,Periodic-rebuild,random,0.3,3,0.0,0.041758,0.955434,0.975586
MIMIC-IV-CaseStudy,1800000,1800000,Periodic-rebuild,random,0.3,4,0.0,0.039743,0.959435,0.976387
MIMIC-IV-CaseStudy,1800000,1800000,Periodic-rebuild,random,0.3,5,0.0,0.038647,0.96028,0.974978
MIMIC-IV-CaseStudy,1800000,1800000,Periodic-rebuild,random,0.3,6,0.0,0.039574,0.954042,0.974117
MIMIC-IV-CaseStudy,1800000,1800000,Periodic-rebuild,random,0.3,7,0.0,0.042166,0.955557,0.975693
MIMIC-IV-CaseStudy,1800000,1800000,Periodic-rebuild,random,0.3,8,0.0,0.030585,0.960724,0.977307
MIMIC-IV-CaseStudy,1800000,1800000,Periodic-rebuild,random,0.3,9,0.0,0.040362,0.961162,0.977047
MIMIC-IV-CaseStudy,1800000,1800000,Per-role-index,random,0.3,0,0.0,0.004224,0.973043,0.975934
MIMIC-IV-CaseStudy,1800000,1800000,Per-role-index,random,0.3,1,0.0,0.0,0.971371,0.977956
MIMIC-IV-CaseStudy,1800000,1800000,Per-role-index,random,0.3,2,0.0,0.002139,0.97024,0.976895
MIMIC-IV-CaseStudy,1800000,1800000,Per-role-index,random,0.3,3,0.0,0.0042,0.975883,0.978315
MIMIC-IV-CaseStudy,1800000,1800000,Per-role-index,random,0.3,4,0.0,0.00093,0.969746,0.972686
MIMIC-IV-CaseStudy,1800000,1800000,Per-role-index,random,0.3,5,0.0,0.000333,0.974186,0.975617
MIMIC-IV-CaseStudy,1800000,1800000,Per-role-index,random,0.3,6,0.0,0.003154,0.973114,0.977114
MIMIC-IV-CaseStudy,1800000,1800000,Per-role-index,random,0.3,7,0.0,0.005395,0.979184,0.980333
MIMIC-IV-CaseStudy,1800000,1800000,Per-role-index,random,0.3,8,0.0,0.001508,0.977911,0.977669
MIMIC-IV-CaseStudy,1800000,1800000,Per-role-index,random,0.3,9,0.0,0.004006,0.972087,0.974591
MIMIC-IV-CaseStudy,1800000,1800000,ACORN,random,0.3,0,0.0,0.03348,0.955764,0.976274
MIMIC-IV-CaseStudy,1800000,1800000,ACORN,random,0.3,1,0.0,0.032888,0.953824,0.973933
MIMIC-IV-CaseStudy,1800000,1800000,ACORN,random,0.3,2,0.0,0.033744,0.955882,0.975717
MIMIC-IV-CaseStudy,1800000,1800000,ACORN,random,0.3,3,0.0,0.030999,0.957175,0.978272
MIMIC-IV-CaseStudy,1800000,1800000,ACORN,random,0.3,4,0.0,0.037246,0.956109,0.97611
MIMIC-IV-CaseStudy,1800000,1800000,ACORN,random,0.3,5,0.0,0.030202,0.955394,0.978036
MIMIC-IV-CaseStudy,1800000,1800000,ACORN,random,0.3,6,0.0,0.030846,0.954606,0.975501
MIMIC-IV-CaseStudy,1800000,1800000,ACORN,random,0.3,7,0.0,0.031827,0.952591,0.974318
MIMIC-IV-CaseStudy,1800000,1800000,ACORN,random,0.3,8,0.0,0.035105,0.953644,0.974836
MIMIC-IV-CaseStudy,1800000,1800000,ACORN,random,0.3,9,0.0,0.037435,0.950557,0.973284
MIMIC-IV-CaseStudy,1800000,1800000,HoneyBee,random,0.3,0,0.0,0.023287,0.960213,0.976737
MIMIC-IV-CaseStudy,1800000,1800000,HoneyBee,random,0.3,1,0.0,0.027916,0.960164,0.977042
MIMIC-IV-CaseStudy,1800000,1800000,HoneyBee,random,0.3,2,0.0,0.029383,0.958817,0.978271
MIMIC-IV-CaseStudy,1800000,1800000,HoneyBee,random,0.3,3,0.0,0.029483,0.958916,0.974206
MIMIC-IV-CaseStudy,1800000,1800000,HoneyBee,random,0.3,4,0.0,0.030596,0.95638,0.976894
MIMIC-IV-CaseStudy,1800000,1800000,HoneyBee,random,0.3,5,0.0,0.025937,0.95232,0.971199
MIMIC-IV-CaseStudy,1800000,1800000,HoneyBee,random,0.3,6,0.0,0.025466,0.958014,0.973483
MIMIC-IV-CaseStudy,1800000,1800000,HoneyBee,random,0.3,7,0.0,0.023268,0.96045,0.978168
MIMIC-IV-CaseStudy,1800000,1800000,HoneyBee,random,0.3,8,0.0,0.02864,0.956118,0.974095
MIMIC-IV-CaseStudy,1800000,1800000,HoneyBee,random,0.3,9,0.0,0.018791,0.959673,0.976367
MIMIC-IV-CaseStudy,1800000,1800000,SPFresh,random,0.3,0,0.0,0.051776,0.949736,0.979423
MIMIC-IV-CaseStudy,1800000,1800000,SPFresh,random,0.3,1,0.0,0.050817,0.954034,0.977551
MIMIC-IV-CaseStudy,1800000,1800000,SPFresh,random,0.3,2,0.0,0.055553,0.946017,0.975552
MIMIC-IV-CaseStudy,1800000,1800000,SPFresh,random,0.3,3,0.0,0.046657,0.955898,0.980476
MIMIC-IV-CaseStudy,1800000,1800000,SPFresh,random,0.3,4,0.0,0.044255,0.951318,0.976488
MIMIC-IV-CaseStudy,1800000,1800000,SPFresh,random,0.3,5,0.0,0.049314,0.954768,0.977498
MIMIC-IV-CaseStudy,1800000,1800000,SPFresh,random,0.3,6,0.0,0.048361,0.951162,0.974702
MIMIC-IV-CaseStudy,1800000,1800000,SPFresh,random,0.3,7,0.0,0.050191,0.94971,0.97676
MIMIC-IV-CaseStudy,1800000,1800000,SPFresh,random,0.3,8,0.0,0.049595,0.945671,0.971785
MIMIC-IV-CaseStudy,1800000,1800000,SPFresh,random,0.3,9,0.0,0.053298,0.950162,0.978175
MIMIC-IV-CaseStudy,1800000,1800000,Oracle,random,0.3,0,0.0,0.0,0.976271,0.976271
MIMIC-IV-CaseStudy,1800000,1800000,Oracle,random,0.3,1,0.0,0.0,0.976949,0.976949
MIMIC-IV-CaseStudy,1800000,1800000,Oracle,random,0.3,2,0.0,0.0,0.973127,0.973127
MIMIC-IV-CaseStudy,1800000,1800000,Oracle,random,0.3,3,0.0,0.0,0.972652,0.972652
MIMIC-IV-CaseStudy,1800000,1800000,Oracle,random,0.3,4,0.0,0.0,0.974364,0.974364
MIMIC-IV-CaseStudy,1800000,1800000,Oracle,random,0.3,5,0.0,0.0,0.976345,0.976345
MIMIC-IV-CaseStudy,1800000,1800000,Oracle,random,0.3,6,0.0,0.0,0.9768,0.9768
MIMIC-IV-CaseStudy,1800000,1800000,Oracle,random,0.3,7,0.0,0.0,0.974394,0.974394
MIMIC-IV-CaseStudy,1800000,1800000,Oracle,random,0.3,8,0.0,0.0,0.970913,0.970913
MIMIC-IV-CaseStudy,1800000,1800000,Oracle,random,0.3,9,0.0,0.0,0.974223,0.974223
MIMIC-IV-CaseStudy,1800000,1800000,Tombstone,random,0.4,0,0.0,0.103534,0.937639,0.978031
MIMIC-IV-CaseStudy,1800000,1800000,Tombstone,random,0.4,1,0.0,0.102592,0.93524,0.973902
MIMIC-IV-CaseStudy,1800000,1800000,Tombstone,random,0.4,2,0.0,0.103057,0.933772,0.974219
MIMIC-IV-CaseStudy,1800000,1800000,Tombstone,random,0.4,3,0.0,0.101006,0.941198,0.978709
MIMIC-IV-CaseStudy,1800000,1800000,Tombstone,random,0.4,4,0.0,0.102046,0.931221,0.973832
MIMIC-IV-CaseStudy,1800000,1800000,Tombstone,random,0.4,5,0.0,0.102434,0.938318,0.976102
MIMIC-IV-CaseStudy,1800000,1800000,Tombstone,random,0.4,6,0.0,0.105381,0.936409,0.97893
MIMIC-IV-CaseStudy,1800000,1800000,Tombstone,random,0.4,7,0.0,0.095172,0.937664,0.977484
MIMIC-IV-CaseStudy,1800000,1800000,Tombstone,random,0.4,8,0.0,0.101897,0.941813,0.976142
MIMIC-IV-CaseStudy,1800000,1800000,Tombstone,random,0.4,9,0.0,0.101646,0.933906,0.971378
MIMIC-IV-CaseStudy,1800000,1800000,Post-filter,random,0.4,0,0.0,0.111906,0.936574,0.979573
MIMIC-IV-CaseStudy,1800000,1800000,Post-filter,random,0.4,1,0.0,0.111842,0.9282,0.97321
MIMIC-IV-CaseStudy,1800000,1800000,Post-filter,random,0.4,2,0.0,0.120521,0.92567,0.972193
MIMIC-IV-CaseStudy,1800000,1800000,Post-filter,random,0.4,3,0.0,0.110134,0.924447,0.972342
MIMIC-IV-CaseStudy,1800000,1800000,Post-filter,random,0.4,4,0.0,0.109222,0.930977,0.974627
MIMIC-IV-CaseStudy,1800000,1800000,Post-filter,random,0.4,5,0.0,0.109341,0.930683,0.974203
MIMIC-IV-CaseStudy,1800000,1800000,Post-filter,random,0.4,6,0.0,0.113142,0.932548,0.97525
MIMIC-IV-CaseStudy,1800000,1800000,Post-filter,random,0.4,7,0.0,0.115468,0.931934,0.975595
MIMIC-IV-CaseStudy,1800000,1800000,Post-filter,random,0.4,8,0.0,0.109478,0.933704,0.975881
MIMIC-IV-CaseStudy,1800000,1800000,Post-filter,random,0.4,9,0.0,0.11327,0.931554,0.979355
MIMIC-IV-CaseStudy,1800000,1800000,Lethe,random,0.4,0,0.0,0.001133,0.966214,0.971149
MIMIC-IV-CaseStudy,1800000,1800000,Lethe,random,0.4,1,0.0,0.007097,0.966534,0.971881
MIMIC-IV-CaseStudy,1800000,1800000,Lethe,random,0.4,2,0.0,0.002456,0.975888,0.978908
MIMIC-IV-CaseStudy,1800000,1800000,Lethe,random,0.4,3,0.0,0.00059,0.970995,0.97327
MIMIC-IV-CaseStudy,1800000,1800000,Lethe,random,0.4,4,0.0,0.000238,0.970492,0.974594
MIMIC-IV-CaseStudy,1800000,1800000,Lethe,random,0.4,5,0.0,0.008684,0.968686,0.973825
MIMIC-IV-CaseStudy,1800000,1800000,Lethe,random,0.4,6,0.0,0.004277,0.973855,0.978121
MIMIC-IV-CaseStudy,1800000,1800000,Lethe,random,0.4,7,0.0,0.001511,0.974863,0.976261
MIMIC-IV-CaseStudy,1800000,1800000,Lethe,random,0.4,8,0.0,0.009299,0.970759,0.977286
MIMIC-IV-CaseStudy,1800000,1800000,Lethe,random,0.4,9,0.0,0.013828,0.973183,0.978728
MIMIC-IV-CaseStudy,1800000,1800000,Lethe-no-bypass,random,0.4,0,0.0,0.031887,0.91827,0.973581
MIMIC-IV-CaseStudy,1800000,1800000,Lethe-no-bypass,random,0.4,1,0.0,0.0321,0.922257,0.975425
MIMIC-IV-CaseStudy,1800000,1800000,Lethe-no-bypass,random,0.4,2,0.0,0.037585,0.921276,0.976933
MIMIC-IV-CaseStudy,1800000,1800000,Lethe-no-bypass,random,0.4,3,0.0,0.027481,0.91206,0.971427
MIMIC-IV-CaseStudy,1800000,1800000,Lethe-no-bypass,random,0.4,4,0.0,0.040542,0.918676,0.973756
MIMIC-IV-CaseStudy,1800000,1800000,Lethe-no-bypass,random,0.4,5,0.0,0.034388,0.925397,0.9784
MIMIC-IV-CaseStudy,1800000,1800000,Lethe-no-bypass,random,0.4,6,0.0,0.033377,0.921138,0.977305
MIMIC-IV-CaseStudy,1800000,1800000,Lethe-no-bypass,random,0.4,7,0.0,0.032589,0.921068,0.976827
MIMIC-IV-CaseStudy,1800000,1800000,Lethe-no-bypass,random,0.4,8,0.0,0.032022,0.922687,0.975633
MIMIC-IV-CaseStudy,1800000,1800000,Lethe-no-bypass,random,0.4,9,0.0,0.033131,0.921194,0.97681
MIMIC-IV-CaseStudy,1800000,1800000,Lethe-no-revaware-traversal,random,0.4,0,0.0,0.095589,0.943756,0.973307
MIMIC-IV-CaseStudy,1800000,1800000,Lethe-no-revaware-traversal,random,0.4,1,0.0,0.099817,0.948681,0.977085
MIMIC-IV-CaseStudy,1800000,1800000,Lethe-no-revaware-traversal,random,0.4,2,0.0,0.096948,0.947777,0.973638
MIMIC-IV-CaseStudy,1800000,1800000,Lethe-no-revaware-traversal,random,0.4,3,0.0,0.092944,0.948009,0.975714
MIMIC-IV-CaseStudy,1800000,1800000,Lethe-no-revaware-traversal,random,0.4,4,0.0,0.094002,0.949148,0.976007
MIMIC-IV-CaseStudy,1800000,1800000,Lethe-no-revaware-traversal,random,0.4,5,0.0,0.099622,0.955016,0.979466
MIMIC-IV-CaseStudy,1800000,1800000,Lethe-no-revaware-traversal,random,0.4,6,0.0,0.100614,0.949616,0.973837
MIMIC-IV-CaseStudy,1800000,1800000,Lethe-no-revaware-traversal,random,0.4,7,0.0,0.095606,0.951492,0.97645
MIMIC-IV-CaseStudy,1800000,1800000,Lethe-no-revaware-traversal,random,0.4,8,0.0,0.10287,0.951569,0.977936
MIMIC-IV-CaseStudy,1800000,1800000,Lethe-no-revaware-traversal,random,0.4,9,0.0,0.093649,0.949399,0.975727
MIMIC-IV-CaseStudy,1800000,1800000,Physical-delete,random,0.4,0,0.0,0.020199,0.938389,0.974756
MIMIC-IV-CaseStudy,1800000,1800000,Physical-delete,random,0.4,1,0.0,0.024945,0.936331,0.973939
MIMIC-IV-CaseStudy,1800000,1800000,Physical-delete,random,0.4,2,0.0,0.025363,0.939295,0.975772
MIMIC-IV-CaseStudy,1800000,1800000,Physical-delete,random,0.4,3,0.0,0.021289,0.942675,0.978454
MIMIC-IV-CaseStudy,1800000,1800000,Physical-delete,random,0.4,4,0.0,0.025425,0.941983,0.976233
MIMIC-IV-CaseStudy,1800000,1800000,Physical-delete,random,0.4,5,0.0,0.027016,0.942688,0.976095
MIMIC-IV-CaseStudy,1800000,1800000,Physical-delete,random,0.4,6,0.0,0.028944,0.935647,0.974712
MIMIC-IV-CaseStudy,1800000,1800000,Physical-delete,random,0.4,7,0.0,0.025905,0.94343,0.978173
MIMIC-IV-CaseStudy,1800000,1800000,Physical-delete,random,0.4,8,0.0,0.026389,0.93323,0.973599
MIMIC-IV-CaseStudy,1800000,1800000,Physical-delete,random,0.4,9,0.0,0.020151,0.940114,0.97683
MIMIC-IV-CaseStudy,1800000,1800000,Periodic-rebuild,random,0.4,0,0.0,0.054073,0.9555,0.974195
MIMIC-IV-CaseStudy,1800000,1800000,Periodic-rebuild,random,0.4,1,0.0,0.045762,0.959194,0.973937
MIMIC-IV-CaseStudy,1800000,1800000,Periodic-rebuild,random,0.4,2,0.0,0.04493,0.960852,0.978233
MIMIC-IV-CaseStudy,1800000,1800000,Periodic-rebuild,random,0.4,3,0.0,0.044314,0.957149,0.976766
MIMIC-IV-CaseStudy,1800000,1800000,Periodic-rebuild,random,0.4,4,0.0,0.045816,0.958896,0.976604
MIMIC-IV-CaseStudy,1800000,1800000,Periodic-rebuild,random,0.4,5,0.0,0.044181,0.959162,0.977209
MIMIC-IV-CaseStudy,1800000,1800000,Periodic-rebuild,random,0.4,6,0.0,0.049409,0.95887,0.977445
MIMIC-IV-CaseStudy,1800000,1800000,Periodic-rebuild,random,0.4,7,0.0,0.045367,0.956738,0.975759
MIMIC-IV-CaseStudy,1800000,1800000,Periodic-rebuild,random,0.4,8,0.0,0.051679,0.958335,0.977462
MIMIC-IV-CaseStudy,1800000,1800000,Periodic-rebuild,random,0.4,9,0.0,0.04752,0.958707,0.975239
MIMIC-IV-CaseStudy,1800000,1800000,Per-role-index,random,0.4,0,0.0,0.006755,0.970138,0.975309
MIMIC-IV-CaseStudy,1800000,1800000,Per-role-index,random,0.4,1,0.0,0.001448,0.970102,0.976678
MIMIC-IV-CaseStudy,1800000,1800000,Per-role-index,random,0.4,2,0.0,0.004836,0.970381,0.97496
MIMIC-IV-CaseStudy,1800000,1800000,Per-role-index,random,0.4,3,0.0,0.002349,0.974296,0.976877
MIMIC-IV-CaseStudy,1800000,1800000,Per-role-index,random,0.4,4,0.0,0.00104,0.971881,0.974464
MIMIC-IV-CaseStudy,1800000,1800000,Per-role-index,random,0.4,5,0.0,0.004226,0.96632,0.972461
MIMIC-IV-CaseStudy,1800000,1800000,Per-role-index,random,0.4,6,0.0,0.007611,0.969324,0.974965
MIMIC-IV-CaseStudy,1800000,1800000,Per-role-index,random,0.4,7,0.0,0.009036,0.966861,0.974267
MIMIC-IV-CaseStudy,1800000,1800000,Per-role-index,random,0.4,8,0.0,0.000978,0.975374,0.979015
MIMIC-IV-CaseStudy,1800000,1800000,Per-role-index,random,0.4,9,0.0,0.005852,0.966233,0.974632
MIMIC-IV-CaseStudy,1800000,1800000,ACORN,random,0.4,0,0.0,0.043477,0.952323,0.972291
MIMIC-IV-CaseStudy,1800000,1800000,ACORN,random,0.4,1,0.0,0.039329,0.964654,0.98142
MIMIC-IV-CaseStudy,1800000,1800000,ACORN,random,0.4,2,0.0,0.043692,0.9597,0.978373
MIMIC-IV-CaseStudy,1800000,1800000,ACORN,random,0.4,3,0.0,0.04178,0.956858,0.974541
MIMIC-IV-CaseStudy,1800000,1800000,ACORN,random,0.4,4,0.0,0.03878,0.962382,0.97866
MIMIC-IV-CaseStudy,1800000,1800000,ACORN,random,0.4,5,0.0,0.05007,0.957091,0.976638
MIMIC-IV-CaseStudy,1800000,1800000,ACORN,random,0.4,6,0.0,0.043135,0.952438,0.972666
MIMIC-IV-CaseStudy,1800000,1800000,ACORN,random,0.4,7,0.0,0.051706,0.962815,0.978529
MIMIC-IV-CaseStudy,1800000,1800000,ACORN,random,0.4,8,0.0,0.04333,0.952966,0.973538
MIMIC-IV-CaseStudy,1800000,1800000,ACORN,random,0.4,9,0.0,0.046085,0.955546,0.974977
MIMIC-IV-CaseStudy,1800000,1800000,HoneyBee,random,0.4,0,0.0,0.035939,0.959884,0.978721
MIMIC-IV-CaseStudy,1800000,1800000,HoneyBee,random,0.4,1,0.0,0.033578,0.956921,0.97431
MIMIC-IV-CaseStudy,1800000,1800000,HoneyBee,random,0.4,2,0.0,0.034376,0.960995,0.975804
MIMIC-IV-CaseStudy,1800000,1800000,HoneyBee,random,0.4,3,0.0,0.036542,0.958673,0.976989
MIMIC-IV-CaseStudy,1800000,1800000,HoneyBee,random,0.4,4,0.0,0.028666,0.959487,0.976034
MIMIC-IV-CaseStudy,1800000,1800000,HoneyBee,random,0.4,5,0.0,0.029808,0.958103,0.975511
MIMIC-IV-CaseStudy,1800000,1800000,HoneyBee,random,0.4,6,0.0,0.035377,0.959006,0.978494
MIMIC-IV-CaseStudy,1800000,1800000,HoneyBee,random,0.4,7,0.0,0.041663,0.96074,0.976611
MIMIC-IV-CaseStudy,1800000,1800000,HoneyBee,random,0.4,8,0.0,0.03751,0.955764,0.97641
MIMIC-IV-CaseStudy,1800000,1800000,HoneyBee,random,0.4,9,0.0,0.036563,0.956473,0.97557
MIMIC-IV-CaseStudy,1800000,1800000,SPFresh,random,0.4,0,0.0,0.067748,0.948861,0.974927
MIMIC-IV-CaseStudy,1800000,1800000,SPFresh,random,0.4,1,0.0,0.06699,0.949552,0.978586
MIMIC-IV-CaseStudy,1800000,1800000,SPFresh,random,0.4,2,0.0,0.06538,0.952752,0.975708
MIMIC-IV-CaseStudy,1800000,1800000,SPFresh,random,0.4,3,0.0,0.066095,0.949057,0.976993
MIMIC-IV-CaseStudy,1800000,1800000,SPFresh,random,0.4,4,0.0,0.061347,0.945267,0.973814
MIMIC-IV-CaseStudy,1800000,1800000,SPFresh,random,0.4,5,0.0,0.064776,0.946356,0.973443
MIMIC-IV-CaseStudy,1800000,1800000,SPFresh,random,0.4,6,0.0,0.054273,0.9544,0.97771
MIMIC-IV-CaseStudy,1800000,1800000,SPFresh,random,0.4,7,0.0,0.059053,0.947047,0.976371
MIMIC-IV-CaseStudy,1800000,1800000,SPFresh,random,0.4,8,0.0,0.061635,0.952851,0.978151
MIMIC-IV-CaseStudy,1800000,1800000,SPFresh,random,0.4,9,0.0,0.058137,0.953499,0.977471
MIMIC-IV-CaseStudy,1800000,1800000,Oracle,random,0.4,0,0.0,0.0,0.976083,0.976083
MIMIC-IV-CaseStudy,1800000,1800000,Oracle,random,0.4,1,0.0,0.0,0.972887,0.972887
MIMIC-IV-CaseStudy,1800000,1800000,Oracle,random,0.4,2,0.0,0.0,0.979059,0.979059
MIMIC-IV-CaseStudy,1800000,1800000,Oracle,random,0.4,3,0.0,0.0,0.97487,0.97487
MIMIC-IV-CaseStudy,1800000,1800000,Oracle,random,0.4,4,0.0,0.0,0.976219,0.976219
MIMIC-IV-CaseStudy,1800000,1800000,Oracle,random,0.4,5,0.0,0.0,0.973156,0.973156
MIMIC-IV-CaseStudy,1800000,1800000,Oracle,random,0.4,6,0.0,0.0,0.972627,0.972627
MIMIC-IV-CaseStudy,1800000,1800000,Oracle,random,0.4,7,0.0,0.0,0.974881,0.974881
MIMIC-IV-CaseStudy,1800000,1800000,Oracle,random,0.4,8,0.0,0.0,0.976482,0.976482
MIMIC-IV-CaseStudy,1800000,1800000,Oracle,random,0.4,9,0.0,0.0,0.974675,0.974675
MIMIC-IV-CaseStudy,1800000,1800000,Tombstone,random,0.5,0,0.0,0.120546,0.935935,0.975845
MIMIC-IV-CaseStudy,1800000,1800000,Tombstone,random,0.5,1,0.0,0.127163,0.936819,0.975739
MIMIC-IV-CaseStudy,1800000,1800000,Tombstone,random,0.5,2,0.0,0.123253,0.937994,0.976519
MIMIC-IV-CaseStudy,1800000,1800000,Tombstone,random,0.5,3,0.0,0.125328,0.934663,0.976379
MIMIC-IV-CaseStudy,1800000,1800000,Tombstone,random,0.5,4,0.0,0.120984,0.936437,0.975148
MIMIC-IV-CaseStudy,1800000,1800000,Tombstone,random,0.5,5,0.0,0.125207,0.936518,0.976886
MIMIC-IV-CaseStudy,1800000,1800000,Tombstone,random,0.5,6,0.0,0.124292,0.935192,0.976702
MIMIC-IV-CaseStudy,1800000,1800000,Tombstone,random,0.5,7,0.0,0.124674,0.935958,0.976936
MIMIC-IV-CaseStudy,1800000,1800000,Tombstone,random,0.5,8,0.0,0.129155,0.933602,0.976304
MIMIC-IV-CaseStudy,1800000,1800000,Tombstone,random,0.5,9,0.0,0.123239,0.932457,0.971234
MIMIC-IV-CaseStudy,1800000,1800000,Post-filter,random,0.5,0,0.0,0.129375,0.933225,0.976529
MIMIC-IV-CaseStudy,1800000,1800000,Post-filter,random,0.5,1,0.0,0.122543,0.935294,0.981211
MIMIC-IV-CaseStudy,1800000,1800000,Post-filter,random,0.5,2,0.0,0.133942,0.9307,0.97689
MIMIC-IV-CaseStudy,1800000,1800000,Post-filter,random,0.5,3,0.0,0.141936,0.933175,0.977682
MIMIC-IV-CaseStudy,1800000,1800000,Post-filter,random,0.5,4,0.0,0.132177,0.929018,0.976734
MIMIC-IV-CaseStudy,1800000,1800000,Post-filter,random,0.5,5,0.0,0.132771,0.930737,0.976578
MIMIC-IV-CaseStudy,1800000,1800000,Post-filter,random,0.5,6,0.0,0.138292,0.930264,0.975412
MIMIC-IV-CaseStudy,1800000,1800000,Post-filter,random,0.5,7,0.0,0.132325,0.934923,0.978809
MIMIC-IV-CaseStudy,1800000,1800000,Post-filter,random,0.5,8,0.0,0.13923,0.93562,0.976775
MIMIC-IV-CaseStudy,1800000,1800000,Post-filter,random,0.5,9,0.0,0.135707,0.929831,0.973817
MIMIC-IV-CaseStudy,1800000,1800000,Lethe,random,0.5,0,0.0,0.006653,0.969319,0.974797
MIMIC-IV-CaseStudy,1800000,1800000,Lethe,random,0.5,1,0.0,0.002185,0.968433,0.973719
MIMIC-IV-CaseStudy,1800000,1800000,Lethe,random,0.5,2,0.0,0.002661,0.970332,0.976559
MIMIC-IV-CaseStudy,1800000,1800000,Lethe,random,0.5,3,0.0,0.005007,0.970177,0.975738
MIMIC-IV-CaseStudy,1800000,1800000,Lethe,random,0.5,4,0.0,0.002831,0.971257,0.976291
MIMIC-IV-CaseStudy,1800000,1800000,Lethe,random,0.5,5,0.0,0.010506,0.970051,0.976138
MIMIC-IV-CaseStudy,1800000,1800000,Lethe,random,0.5,6,0.0,0.007383,0.970787,0.975551
MIMIC-IV-CaseStudy,1800000,1800000,Lethe,random,0.5,7,0.0,0.002826,0.968011,0.975074
MIMIC-IV-CaseStudy,1800000,1800000,Lethe,random,0.5,8,0.0,0.006204,0.973661,0.977007
MIMIC-IV-CaseStudy,1800000,1800000,Lethe,random,0.5,9,0.0,0.008047,0.970419,0.973247
MIMIC-IV-CaseStudy,1800000,1800000,Lethe-no-bypass,random,0.5,0,0.0,0.037657,0.920802,0.978489
MIMIC-IV-CaseStudy,1800000,1800000,Lethe-no-bypass,random,0.5,1,0.0,0.038528,0.91911,0.978064
MIMIC-IV-CaseStudy,1800000,1800000,Lethe-no-bypass,random,0.5,2,0.0,0.03455,0.924352,0.978002
MIMIC-IV-CaseStudy,1800000,1800000,Lethe-no-bypass,random,0.5,3,0.0,0.041294,0.925578,0.978617
MIMIC-IV-CaseStudy,1800000,1800000,Lethe-no-bypass,random,0.5,4,0.0,0.040112,0.924198,0.974227
MIMIC-IV-CaseStudy,1800000,1800000,Lethe-no-bypass,random,0.5,5,0.0,0.037688,0.92263,0.977656
MIMIC-IV-CaseStudy,1800000,1800000,Lethe-no-bypass,random,0.5,6,0.0,0.04272,0.923199,0.976119
MIMIC-IV-CaseStudy,1800000,1800000,Lethe-no-bypass,random,0.5,7,0.0,0.048997,0.924844,0.977908
MIMIC-IV-CaseStudy,1800000,1800000,Lethe-no-bypass,random,0.5,8,0.0,0.042087,0.926064,0.980188
MIMIC-IV-CaseStudy,1800000,1800000,Lethe-no-bypass,random,0.5,9,0.0,0.038462,0.920681,0.975785
MIMIC-IV-CaseStudy,1800000,1800000,Lethe-no-revaware-traversal,random,0.5,0,0.0,0.117056,0.94841,0.976061
MIMIC-IV-CaseStudy,1800000,1800000,Lethe-no-revaware-traversal,random,0.5,1,0.0,0.119626,0.950017,0.976362
MIMIC-IV-CaseStudy,1800000,1800000,Lethe-no-revaware-traversal,random,0.5,2,0.0,0.112071,0.947897,0.974511
MIMIC-IV-CaseStudy,1800000,1800000,Lethe-no-revaware-traversal,random,0.5,3,0.0,0.118318,0.950835,0.97723
MIMIC-IV-CaseStudy,1800000,1800000,Lethe-no-revaware-traversal,random,0.5,4,0.0,0.111221,0.949237,0.974914
MIMIC-IV-CaseStudy,1800000,1800000,Lethe-no-revaware-traversal,random,0.5,5,0.0,0.117801,0.94401,0.973774
MIMIC-IV-CaseStudy,1800000,1800000,Lethe-no-revaware-traversal,random,0.5,6,0.0,0.121483,0.949463,0.975889
MIMIC-IV-CaseStudy,1800000,1800000,Lethe-no-revaware-traversal,random,0.5,7,0.0,0.113562,0.951947,0.976795
MIMIC-IV-CaseStudy,1800000,1800000,Lethe-no-revaware-traversal,random,0.5,8,0.0,0.1202,0.951036,0.976779
MIMIC-IV-CaseStudy,1800000,1800000,Lethe-no-revaware-traversal,random,0.5,9,0.0,0.108593,0.951621,0.97679
MIMIC-IV-CaseStudy,1800000,1800000,Physical-delete,random,0.5,0,0.0,0.031411,0.937676,0.974573
MIMIC-IV-CaseStudy,1800000,1800000,Physical-delete,random,0.5,1,0.0,0.036777,0.941511,0.976919
MIMIC-IV-CaseStudy,1800000,1800000,Physical-delete,random,0.5,2,0.0,0.024524,0.942444,0.979732
MIMIC-IV-CaseStudy,1800000,1800000,Physical-delete,random,0.5,3,0.0,0.031203,0.936693,0.973542
MIMIC-IV-CaseStudy,1800000,1800000,Physical-delete,random,0.5,4,0.0,0.02979,0.932695,0.972602
MIMIC-IV-CaseStudy,1800000,1800000,Physical-delete,random,0.5,5,0.0,0.038893,0.939737,0.974553
MIMIC-IV-CaseStudy,1800000,1800000,Physical-delete,random,0.5,6,0.0,0.029039,0.944899,0.980021
MIMIC-IV-CaseStudy,1800000,1800000,Physical-delete,random,0.5,7,0.0,0.036495,0.934786,0.970459
MIMIC-IV-CaseStudy,1800000,1800000,Physical-delete,random,0.5,8,0.0,0.034276,0.939906,0.974859
MIMIC-IV-CaseStudy,1800000,1800000,Physical-delete,random,0.5,9,0.0,0.027302,0.939722,0.975034
MIMIC-IV-CaseStudy,1800000,1800000,Periodic-rebuild,random,0.5,0,0.0,0.055895,0.958214,0.976875
MIMIC-IV-CaseStudy,1800000,1800000,Periodic-rebuild,random,0.5,1,0.0,0.051465,0.959887,0.978831
MIMIC-IV-CaseStudy,1800000,1800000,Periodic-rebuild,random,0.5,2,0.0,0.061491,0.959065,0.974511
MIMIC-IV-CaseStudy,1800000,1800000,Periodic-rebuild,random,0.5,3,0.0,0.055633,0.958353,0.975373
MIMIC-IV-CaseStudy,1800000,1800000,Periodic-rebuild,random,0.5,4,0.0,0.05745,0.959283,0.976758
MIMIC-IV-CaseStudy,1800000,1800000,Periodic-rebuild,random,0.5,5,0.0,0.058701,0.961252,0.977694
MIMIC-IV-CaseStudy,1800000,1800000,Periodic-rebuild,random,0.5,6,0.0,0.059834,0.956569,0.974979
MIMIC-IV-CaseStudy,1800000,1800000,Periodic-rebuild,random,0.5,7,0.0,0.05309,0.955658,0.972782
MIMIC-IV-CaseStudy,1800000,1800000,Periodic-rebuild,random,0.5,8,0.0,0.05524,0.959107,0.980059
MIMIC-IV-CaseStudy,1800000,1800000,Periodic-rebuild,random,0.5,9,0.0,0.05996,0.956555,0.975006
MIMIC-IV-CaseStudy,1800000,1800000,Per-role-index,random,0.5,0,0.0,0.003292,0.971123,0.976873
MIMIC-IV-CaseStudy,1800000,1800000,Per-role-index,random,0.5,1,0.0,0.004483,0.974638,0.977816
MIMIC-IV-CaseStudy,1800000,1800000,Per-role-index,random,0.5,2,0.0,0.004268,0.970253,0.974974
MIMIC-IV-CaseStudy,1800000,1800000,Per-role-index,random,0.5,3,0.0,0.003353,0.975385,0.975974
MIMIC-IV-CaseStudy,1800000,1800000,Per-role-index,random,0.5,4,0.0,0.007358,0.970484,0.976456
MIMIC-IV-CaseStudy,1800000,1800000,Per-role-index,random,0.5,5,0.0,0.003843,0.970244,0.975339
MIMIC-IV-CaseStudy,1800000,1800000,Per-role-index,random,0.5,6,0.0,0.003284,0.974512,0.979692
MIMIC-IV-CaseStudy,1800000,1800000,Per-role-index,random,0.5,7,0.0,0.0,0.970414,0.976264
MIMIC-IV-CaseStudy,1800000,1800000,Per-role-index,random,0.5,8,0.0,0.007942,0.970822,0.974582
MIMIC-IV-CaseStudy,1800000,1800000,Per-role-index,random,0.5,9,0.0,0.0,0.974777,0.978372
MIMIC-IV-CaseStudy,1800000,1800000,ACORN,random,0.5,0,0.0,0.051214,0.954557,0.975339
MIMIC-IV-CaseStudy,1800000,1800000,ACORN,random,0.5,1,0.0,0.050717,0.952669,0.975636
MIMIC-IV-CaseStudy,1800000,1800000,ACORN,random,0.5,2,0.0,0.049633,0.954779,0.975682
MIMIC-IV-CaseStudy,1800000,1800000,ACORN,random,0.5,3,0.0,0.059557,0.950359,0.972373
MIMIC-IV-CaseStudy,1800000,1800000,ACORN,random,0.5,4,0.0,0.052228,0.955782,0.975068
MIMIC-IV-CaseStudy,1800000,1800000,ACORN,random,0.5,5,0.0,0.053737,0.955429,0.975696
MIMIC-IV-CaseStudy,1800000,1800000,ACORN,random,0.5,6,0.0,0.049334,0.955051,0.977649
MIMIC-IV-CaseStudy,1800000,1800000,ACORN,random,0.5,7,0.0,0.049648,0.95309,0.974655
MIMIC-IV-CaseStudy,1800000,1800000,ACORN,random,0.5,8,0.0,0.053636,0.953964,0.972923
MIMIC-IV-CaseStudy,1800000,1800000,ACORN,random,0.5,9,0.0,0.054102,0.95352,0.976401
MIMIC-IV-CaseStudy,1800000,1800000,HoneyBee,random,0.5,0,0.0,0.040246,0.955974,0.973157
MIMIC-IV-CaseStudy,1800000,1800000,HoneyBee,random,0.5,1,0.0,0.037772,0.959347,0.978774
MIMIC-IV-CaseStudy,1800000,1800000,HoneyBee,random,0.5,2,0.0,0.047224,0.959104,0.974946
MIMIC-IV-CaseStudy,1800000,1800000,HoneyBee,random,0.5,3,0.0,0.038385,0.960009,0.978039
MIMIC-IV-CaseStudy,1800000,1800000,HoneyBee,random,0.5,4,0.0,0.04481,0.956187,0.976012
MIMIC-IV-CaseStudy,1800000,1800000,HoneyBee,random,0.5,5,0.0,0.047771,0.960282,0.978736
MIMIC-IV-CaseStudy,1800000,1800000,HoneyBee,random,0.5,6,0.0,0.048067,0.962103,0.979026
MIMIC-IV-CaseStudy,1800000,1800000,HoneyBee,random,0.5,7,0.0,0.037804,0.957691,0.974987
MIMIC-IV-CaseStudy,1800000,1800000,HoneyBee,random,0.5,8,0.0,0.048177,0.954694,0.976519
MIMIC-IV-CaseStudy,1800000,1800000,HoneyBee,random,0.5,9,0.0,0.036813,0.959225,0.976958
MIMIC-IV-CaseStudy,1800000,1800000,SPFresh,random,0.5,0,0.0,0.075451,0.955209,0.979119
MIMIC-IV-CaseStudy,1800000,1800000,SPFresh,random,0.5,1,0.0,0.077863,0.946936,0.973565
MIMIC-IV-CaseStudy,1800000,1800000,SPFresh,random,0.5,2,0.0,0.078723,0.952055,0.977732
MIMIC-IV-CaseStudy,1800000,1800000,SPFresh,random,0.5,3,0.0,0.077706,0.94589,0.97219
MIMIC-IV-CaseStudy,1800000,1800000,SPFresh,random,0.5,4,0.0,0.060565,0.956161,0.977882
MIMIC-IV-CaseStudy,1800000,1800000,SPFresh,random,0.5,5,0.0,0.075369,0.946959,0.973706
MIMIC-IV-CaseStudy,1800000,1800000,SPFresh,random,0.5,6,0.0,0.070216,0.952947,0.977505
MIMIC-IV-CaseStudy,1800000,1800000,SPFresh,random,0.5,7,0.0,0.068378,0.949451,0.976447
MIMIC-IV-CaseStudy,1800000,1800000,SPFresh,random,0.5,8,0.0,0.070862,0.945991,0.972306
MIMIC-IV-CaseStudy,1800000,1800000,SPFresh,random,0.5,9,0.0,0.07618,0.948083,0.975596
MIMIC-IV-CaseStudy,1800000,1800000,Oracle,random,0.5,0,0.0,0.0,0.976712,0.976712
MIMIC-IV-CaseStudy,1800000,1800000,Oracle,random,0.5,1,0.0,0.0,0.97324,0.97324
MIMIC-IV-CaseStudy,1800000,1800000,Oracle,random,0.5,2,0.0,0.0,0.980421,0.980421
MIMIC-IV-CaseStudy,1800000,1800000,Oracle,random,0.5,3,0.0,0.0,0.978268,0.978268
MIMIC-IV-CaseStudy,1800000,1800000,Oracle,random,0.5,4,0.0,0.0,0.976383,0.976383
MIMIC-IV-CaseStudy,1800000,1800000,Oracle,random,0.5,5,0.0,0.0,0.974045,0.974045
MIMIC-IV-CaseStudy,1800000,1800000,Oracle,random,0.5,6,0.0,0.0,0.974988,0.974988
MIMIC-IV-CaseStudy,1800000,1800000,Oracle,random,0.5,7,0.0,0.0,0.977118,0.977118
MIMIC-IV-CaseStudy,1800000,1800000,Oracle,random,0.5,8,0.0,0.0,0.973282,0.973282
MIMIC-IV-CaseStudy,1800000,1800000,Oracle,random,0.5,9,0.0,0.0,0.974529,0.974529
MIMIC-IV-CaseStudy,1800000,1800000,Tombstone,hub,0.0,0,0.0,0.0,0.935586,0.977837
MIMIC-IV-CaseStudy,1800000,1800000,Tombstone,hub,0.0,1,0.0,0.0,0.938883,0.977897
MIMIC-IV-CaseStudy,1800000,1800000,Tombstone,hub,0.0,2,0.0,0.0,0.934978,0.975672
MIMIC-IV-CaseStudy,1800000,1800000,Tombstone,hub,0.0,3,0.0,0.0,0.937136,0.977183
MIMIC-IV-CaseStudy,1800000,1800000,Tombstone,hub,0.0,4,0.0,0.0,0.939337,0.977545
MIMIC-IV-CaseStudy,1800000,1800000,Tombstone,hub,0.0,5,0.0,0.0,0.938649,0.975949
MIMIC-IV-CaseStudy,1800000,1800000,Tombstone,hub,0.0,6,0.0,0.0,0.936354,0.974514
MIMIC-IV-CaseStudy,1800000,1800000,Tombstone,hub,0.0,7,0.0,0.0,0.941687,0.976631
MIMIC-IV-CaseStudy,1800000,1800000,Tombstone,hub,0.0,8,0.0,0.0,0.936953,0.973231
MIMIC-IV-CaseStudy,1800000,1800000,Tombstone,hub,0.0,9,0.0,0.0,0.935977,0.974476
MIMIC-IV-CaseStudy,1800000,1800000,Post-filter,hub,0.0,0,0.0,0.0,0.93097,0.977237
MIMIC-IV-CaseStudy,1800000,1800000,Post-filter,hub,0.0,1,0.0,0.0,0.933887,0.977603
MIMIC-IV-CaseStudy,1800000,1800000,Post-filter,hub,0.0,2,0.0,0.0,0.932555,0.974707
MIMIC-IV-CaseStudy,1800000,1800000,Post-filter,hub,0.0,3,0.0,0.0,0.933921,0.976767
MIMIC-IV-CaseStudy,1800000,1800000,Post-filter,hub,0.0,4,0.0,0.0,0.933986,0.978799
MIMIC-IV-CaseStudy,1800000,1800000,Post-filter,hub,0.0,5,0.0,0.0,0.937222,0.978977
MIMIC-IV-CaseStudy,1800000,1800000,Post-filter,hub,0.0,6,0.0,0.0,0.93586,0.975398
MIMIC-IV-CaseStudy,1800000,1800000,Post-filter,hub,0.0,7,0.0,0.0,0.933428,0.974421
MIMIC-IV-CaseStudy,1800000,1800000,Post-filter,hub,0.0,8,0.0,0.0,0.934576,0.975553
MIMIC-IV-CaseStudy,1800000,1800000,Post-filter,hub,0.0,9,0.0,0.0,0.932228,0.975889
MIMIC-IV-CaseStudy,1800000,1800000,Lethe,hub,0.0,0,0.0,0.0,0.974369,0.977696
MIMIC-IV-CaseStudy,1800000,1800000,Lethe,hub,0.0,1,0.0,0.0,0.976815,0.979959
MIMIC-IV-CaseStudy,1800000,1800000,Lethe,hub,0.0,2,0.0,0.0,0.973101,0.977335
MIMIC-IV-CaseStudy,1800000,1800000,Lethe,hub,0.0,3,0.0,0.0,0.970867,0.976478
MIMIC-IV-CaseStudy,1800000,1800000,Lethe,hub,0.0,4,0.0,0.0,0.971962,0.978411
MIMIC-IV-CaseStudy,1800000,1800000,Lethe,hub,0.0,5,0.0,0.0,0.97287,0.975696
MIMIC-IV-CaseStudy,1800000,1800000,Lethe,hub,0.0,6,0.0,0.0,0.974287,0.978593
MIMIC-IV-CaseStudy,1800000,1800000,Lethe,hub,0.0,7,0.0,0.0,0.971838,0.975399
MIMIC-IV-CaseStudy,1800000,1800000,Lethe,hub,0.0,8,0.0,0.0,0.971554,0.976545
MIMIC-IV-CaseStudy,1800000,1800000,Lethe,hub,0.0,9,0.0,0.0,0.97022,0.973716
MIMIC-IV-CaseStudy,1800000,1800000,Lethe-no-bypass,hub,0.0,0,0.0,0.0,0.921572,0.974308
MIMIC-IV-CaseStudy,1800000,1800000,Lethe-no-bypass,hub,0.0,1,0.0,0.0,0.919311,0.975024
MIMIC-IV-CaseStudy,1800000,1800000,Lethe-no-bypass,hub,0.0,2,0.0,0.0,0.916253,0.974945
MIMIC-IV-CaseStudy,1800000,1800000,Lethe-no-bypass,hub,0.0,3,0.0,0.0,0.918358,0.97801
MIMIC-IV-CaseStudy,1800000,1800000,Lethe-no-bypass,hub,0.0,4,0.0,0.0,0.9195,0.972653
MIMIC-IV-CaseStudy,1800000,1800000,Lethe-no-bypass,hub,0.0,5,0.0,0.0,0.927175,0.9773
MIMIC-IV-CaseStudy,1800000,1800000,Lethe-no-bypass,hub,0.0,6,0.0,0.0,0.921932,0.974789
MIMIC-IV-CaseStudy,1800000,1800000,Lethe-no-bypass,hub,0.0,7,0.0,0.0,0.920612,0.976616
MIMIC-IV-CaseStudy,1800000,1800000,Lethe-no-bypass,hub,0.0,8,0.0,0.0,0.923963,0.979512
MIMIC-IV-CaseStudy,1800000,1800000,Lethe-no-bypass,hub,0.0,9,0.0,0.0,0.925245,0.979784
MIMIC-IV-CaseStudy,1800000,1800000,Lethe-no-revaware-traversal,hub,0.0,0,0.0,0.0,0.952574,0.97741
MIMIC-IV-CaseStudy,1800000,1800000,Lethe-no-revaware-traversal,hub,0.0,1,0.0,0.0,0.950025,0.971783
MIMIC-IV-CaseStudy,1800000,1800000,Lethe-no-revaware-traversal,hub,0.0,2,0.0,0.0,0.952303,0.975318
MIMIC-IV-CaseStudy,1800000,1800000,Lethe-no-revaware-traversal,hub,0.0,3,0.0,0.0,0.945529,0.971338
MIMIC-IV-CaseStudy,1800000,1800000,Lethe-no-revaware-traversal,hub,0.0,4,0.0,0.0,0.953121,0.976296
MIMIC-IV-CaseStudy,1800000,1800000,Lethe-no-revaware-traversal,hub,0.0,5,0.0,0.0,0.952407,0.977061
MIMIC-IV-CaseStudy,1800000,1800000,Lethe-no-revaware-traversal,hub,0.0,6,0.0,0.0,0.951916,0.977068
MIMIC-IV-CaseStudy,1800000,1800000,Lethe-no-revaware-traversal,hub,0.0,7,0.0,0.0,0.952468,0.977134
MIMIC-IV-CaseStudy,1800000,1800000,Lethe-no-revaware-traversal,hub,0.0,8,0.0,0.0,0.950606,0.972121
MIMIC-IV-CaseStudy,1800000,1800000,Lethe-no-revaware-traversal,hub,0.0,9,0.0,0.0,0.951408,0.977286
MIMIC-IV-CaseStudy,1800000,1800000,Physical-delete,hub,0.0,0,0.0,0.0,0.939018,0.976837
MIMIC-IV-CaseStudy,1800000,1800000,Physical-delete,hub,0.0,1,0.0,0.0,0.941406,0.97616
MIMIC-IV-CaseStudy,1800000,1800000,Physical-delete,hub,0.0,2,0.0,0.0,0.935926,0.971641
MIMIC-IV-CaseStudy,1800000,1800000,Physical-delete,hub,0.0,3,0.0,0.0,0.937828,0.973935
MIMIC-IV-CaseStudy,1800000,1800000,Physical-delete,hub,0.0,4,0.0,0.0,0.939125,0.978069
MIMIC-IV-CaseStudy,1800000,1800000,Physical-delete,hub,0.0,5,0.0,0.0,0.935895,0.974478
MIMIC-IV-CaseStudy,1800000,1800000,Physical-delete,hub,0.0,6,0.0,0.0,0.938968,0.974666
MIMIC-IV-CaseStudy,1800000,1800000,Physical-delete,hub,0.0,7,0.0,0.0,0.941008,0.974905
MIMIC-IV-CaseStudy,1800000,1800000,Physical-delete,hub,0.0,8,0.0,0.0,0.943441,0.978722
MIMIC-IV-CaseStudy,1800000,1800000,Physical-delete,hub,0.0,9,0.0,0.0,0.936001,0.976577
MIMIC-IV-CaseStudy,1800000,1800000,Periodic-rebuild,hub,0.0,0,0.0,0.0,0.962125,0.977682
MIMIC-IV-CaseStudy,1800000,1800000,Periodic-rebuild,hub,0.0,1,0.0,0.0,0.961135,0.977127
MIMIC-IV-CaseStudy,1800000,1800000,Periodic-rebuild,hub,0.0,2,0.0,0.0,0.960364,0.97622
MIMIC-IV-CaseStudy,1800000,1800000,Periodic-rebuild,hub,0.0,3,0.0,0.0,0.963104,0.977682
MIMIC-IV-CaseStudy,1800000,1800000,Periodic-rebuild,hub,0.0,4,0.0,0.0,0.959768,0.977196
MIMIC-IV-CaseStudy,1800000,1800000,Periodic-rebuild,hub,0.0,5,0.0,0.0,0.962415,0.978748
MIMIC-IV-CaseStudy,1800000,1800000,Periodic-rebuild,hub,0.0,6,0.0,0.0,0.960093,0.977806
MIMIC-IV-CaseStudy,1800000,1800000,Periodic-rebuild,hub,0.0,7,0.0,0.0,0.959151,0.973305
MIMIC-IV-CaseStudy,1800000,1800000,Periodic-rebuild,hub,0.0,8,0.0,0.0,0.956721,0.973875
MIMIC-IV-CaseStudy,1800000,1800000,Periodic-rebuild,hub,0.0,9,0.0,0.0,0.960004,0.976672
MIMIC-IV-CaseStudy,1800000,1800000,Per-role-index,hub,0.0,0,0.0,0.0,0.974202,0.976989
MIMIC-IV-CaseStudy,1800000,1800000,Per-role-index,hub,0.0,1,0.0,0.0,0.971853,0.976556
MIMIC-IV-CaseStudy,1800000,1800000,Per-role-index,hub,0.0,2,0.0,0.0,0.97464,0.977696
MIMIC-IV-CaseStudy,1800000,1800000,Per-role-index,hub,0.0,3,0.0,0.0,0.970353,0.97439
MIMIC-IV-CaseStudy,1800000,1800000,Per-role-index,hub,0.0,4,0.0,0.0,0.974152,0.974892
MIMIC-IV-CaseStudy,1800000,1800000,Per-role-index,hub,0.0,5,0.0,0.0,0.97467,0.978432
MIMIC-IV-CaseStudy,1800000,1800000,Per-role-index,hub,0.0,6,0.0,0.0,0.972069,0.978261
MIMIC-IV-CaseStudy,1800000,1800000,Per-role-index,hub,0.0,7,0.0,0.0,0.9701,0.973269
MIMIC-IV-CaseStudy,1800000,1800000,Per-role-index,hub,0.0,8,0.0,0.0,0.972947,0.975598
MIMIC-IV-CaseStudy,1800000,1800000,Per-role-index,hub,0.0,9,0.0,0.0,0.97596,0.976776
MIMIC-IV-CaseStudy,1800000,1800000,ACORN,hub,0.0,0,0.0,0.0,0.955175,0.975494
MIMIC-IV-CaseStudy,1800000,1800000,ACORN,hub,0.0,1,0.0,0.0,0.952806,0.97429
MIMIC-IV-CaseStudy,1800000,1800000,ACORN,hub,0.0,2,0.0,0.0,0.95723,0.977693
MIMIC-IV-CaseStudy,1800000,1800000,ACORN,hub,0.0,3,0.0,0.0,0.955968,0.975949
MIMIC-IV-CaseStudy,1800000,1800000,ACORN,hub,0.0,4,0.0,0.0,0.957888,0.977668
MIMIC-IV-CaseStudy,1800000,1800000,ACORN,hub,0.0,5,0.0,0.0,0.958121,0.97807
MIMIC-IV-CaseStudy,1800000,1800000,ACORN,hub,0.0,6,0.0,0.0,0.951834,0.975056
MIMIC-IV-CaseStudy,1800000,1800000,ACORN,hub,0.0,7,0.0,0.0,0.956914,0.979516
MIMIC-IV-CaseStudy,1800000,1800000,ACORN,hub,0.0,8,0.0,0.0,0.952526,0.971761
MIMIC-IV-CaseStudy,1800000,1800000,ACORN,hub,0.0,9,0.0,0.0,0.957327,0.978444
MIMIC-IV-CaseStudy,1800000,1800000,HoneyBee,hub,0.0,0,0.0,0.0,0.955616,0.972433
MIMIC-IV-CaseStudy,1800000,1800000,HoneyBee,hub,0.0,1,0.0,0.0,0.953095,0.972548
MIMIC-IV-CaseStudy,1800000,1800000,HoneyBee,hub,0.0,2,0.0,0.0,0.956497,0.975438
MIMIC-IV-CaseStudy,1800000,1800000,HoneyBee,hub,0.0,3,0.0,0.0,0.957296,0.975023
MIMIC-IV-CaseStudy,1800000,1800000,HoneyBee,hub,0.0,4,0.0,0.0,0.957307,0.975098
MIMIC-IV-CaseStudy,1800000,1800000,HoneyBee,hub,0.0,5,0.0,0.0,0.95974,0.976503
MIMIC-IV-CaseStudy,1800000,1800000,HoneyBee,hub,0.0,6,0.0,0.0,0.965273,0.97794
MIMIC-IV-CaseStudy,1800000,1800000,HoneyBee,hub,0.0,7,0.0,0.0,0.957579,0.976438
MIMIC-IV-CaseStudy,1800000,1800000,HoneyBee,hub,0.0,8,0.0,0.0,0.959726,0.975236
MIMIC-IV-CaseStudy,1800000,1800000,HoneyBee,hub,0.0,9,0.0,0.0,0.956406,0.972156
MIMIC-IV-CaseStudy,1800000,1800000,SPFresh,hub,0.0,0,0.0,0.0,0.951655,0.979275
MIMIC-IV-CaseStudy,1800000,1800000,SPFresh,hub,0.0,1,0.0,0.0,0.948729,0.976821
MIMIC-IV-CaseStudy,1800000,1800000,SPFresh,hub,0.0,2,0.0,0.0,0.948266,0.972075
MIMIC-IV-CaseStudy,1800000,1800000,SPFresh,hub,0.0,3,0.0,0.0,0.945399,0.973946
MIMIC-IV-CaseStudy,1800000,1800000,SPFresh,hub,0.0,4,0.0,0.0,0.951857,0.975849
MIMIC-IV-CaseStudy,1800000,1800000,SPFresh,hub,0.0,5,0.0,0.0,0.949477,0.976448
MIMIC-IV-CaseStudy,1800000,1800000,SPFresh,hub,0.0,6,0.0,0.0,0.950678,0.976658
MIMIC-IV-CaseStudy,1800000,1800000,SPFresh,hub,0.0,7,0.0,0.0,0.94917,0.973692
MIMIC-IV-CaseStudy,1800000,1800000,SPFresh,hub,0.0,8,0.0,0.0,0.951789,0.978422
MIMIC-IV-CaseStudy,1800000,1800000,SPFresh,hub,0.0,9,0.0,0.0,0.952211,0.976749
MIMIC-IV-CaseStudy,1800000,1800000,Oracle,hub,0.0,0,0.0,0.0,0.97686,0.97686
MIMIC-IV-CaseStudy,1800000,1800000,Oracle,hub,0.0,1,0.0,0.0,0.9755,0.9755
MIMIC-IV-CaseStudy,1800000,1800000,Oracle,hub,0.0,2,0.0,0.0,0.973766,0.973766
MIMIC-IV-CaseStudy,1800000,1800000,Oracle,hub,0.0,3,0.0,0.0,0.974943,0.974943
MIMIC-IV-CaseStudy,1800000,1800000,Oracle,hub,0.0,4,0.0,0.0,0.974956,0.974956
MIMIC-IV-CaseStudy,1800000,1800000,Oracle,hub,0.0,5,0.0,0.0,0.976417,0.976417
MIMIC-IV-CaseStudy,1800000,1800000,Oracle,hub,0.0,6,0.0,0.0,0.975619,0.975619
MIMIC-IV-CaseStudy,1800000,1800000,Oracle,hub,0.0,7,0.0,0.0,0.974884,0.974884
MIMIC-IV-CaseStudy,1800000,1800000,Oracle,hub,0.0,8,0.0,0.0,0.978079,0.978079
MIMIC-IV-CaseStudy,1800000,1800000,Oracle,hub,0.0,9,0.0,0.0,0.976114,0.976114
MIMIC-IV-CaseStudy,1800000,1800000,Tombstone,hub,0.1,0,0.0,0.061944,0.939383,0.976973
MIMIC-IV-CaseStudy,1800000,1800000,Tombstone,hub,0.1,1,0.0,0.063714,0.935567,0.974669
MIMIC-IV-CaseStudy,1800000,1800000,Tombstone,hub,0.1,2,0.0,0.061806,0.936938,0.975936
MIMIC-IV-CaseStudy,1800000,1800000,Tombstone,hub,0.1,3,0.0,0.066253,0.93574,0.975329
MIMIC-IV-CaseStudy,1800000,1800000,Tombstone,hub,0.1,4,0.0,0.063693,0.935396,0.973994
MIMIC-IV-CaseStudy,1800000,1800000,Tombstone,hub,0.1,5,0.0,0.060535,0.938464,0.978173
MIMIC-IV-CaseStudy,1800000,1800000,Tombstone,hub,0.1,6,0.0,0.062193,0.941423,0.978892
MIMIC-IV-CaseStudy,1800000,1800000,Tombstone,hub,0.1,7,0.0,0.063006,0.934708,0.976929
MIMIC-IV-CaseStudy,1800000,1800000,Tombstone,hub,0.1,8,0.0,0.065772,0.935822,0.977367
MIMIC-IV-CaseStudy,1800000,1800000,Tombstone,hub,0.1,9,0.0,0.067833,0.938192,0.975909
MIMIC-IV-CaseStudy,1800000,1800000,Post-filter,hub,0.1,0,0.0,0.073669,0.935444,0.977368
MIMIC-IV-CaseStudy,1800000,1800000,Post-filter,hub,0.1,1,0.0,0.069987,0.929399,0.976403
MIMIC-IV-CaseStudy,1800000,1800000,Post-filter,hub,0.1,2,0.0,0.06697,0.933022,0.973785
MIMIC-IV-CaseStudy,1800000,1800000,Post-filter,hub,0.1,3,0.0,0.07069,0.938239,0.977568
MIMIC-IV-CaseStudy,1800000,1800000,Post-filter,hub,0.1,4,0.0,0.070912,0.934315,0.97791
MIMIC-IV-CaseStudy,1800000,1800000,Post-filter,hub,0.1,5,0.0,0.071634,0.933876,0.977709
MIMIC-IV-CaseStudy,1800000,1800000,Post-filter,hub,0.1,6,0.0,0.070591,0.933077,0.973688
MIMIC-IV-CaseStudy,1800000,1800000,Post-filter,hub,0.1,7,0.0,0.072125,0.935178,0.974719
MIMIC-IV-CaseStudy,1800000,1800000,Post-filter,hub,0.1,8,0.0,0.06636,0.932558,0.976748
MIMIC-IV-CaseStudy,1800000,1800000,Post-filter,hub,0.1,9,0.0,0.070534,0.936281,0.976886
MIMIC-IV-CaseStudy,1800000,1800000,Lethe,hub,0.1,0,0.0,0.001981,0.970184,0.977685
MIMIC-IV-CaseStudy,1800000,1800000,Lethe,hub,0.1,1,0.0,0.001017,0.972362,0.976065
MIMIC-IV-CaseStudy,1800000,1800000,Lethe,hub,0.1,2,0.0,0.0,0.967889,0.973188
MIMIC-IV-CaseStudy,1800000,1800000,Lethe,hub,0.1,3,0.0,0.002175,0.97182,0.975866
MIMIC-IV-CaseStudy,1800000,1800000,Lethe,hub,0.1,4,0.0,0.004119,0.971449,0.974789
MIMIC-IV-CaseStudy,1800000,1800000,Lethe,hub,0.1,5,0.0,0.0,0.968184,0.97429
MIMIC-IV-CaseStudy,1800000,1800000,Lethe,hub,0.1,6,0.0,0.003776,0.973875,0.978603
MIMIC-IV-CaseStudy,1800000,1800000,Lethe,hub,0.1,7,0.0,0.0,0.972569,0.97915
MIMIC-IV-CaseStudy,1800000,1800000,Lethe,hub,0.1,8,0.0,0.001915,0.969153,0.971536
MIMIC-IV-CaseStudy,1800000,1800000,Lethe,hub,0.1,9,0.0,0.001703,0.969839,0.977469
MIMIC-IV-CaseStudy,1800000,1800000,Lethe-no-bypass,hub,0.1,0,0.0,0.018498,0.925816,0.979032
MIMIC-IV-CaseStudy,1800000,1800000,Lethe-no-bypass,hub,0.1,1,0.0,0.018549,0.921135,0.977145
MIMIC-IV-CaseStudy,1800000,1800000,Lethe-no-bypass,hub,0.1,2,0.0,0.021464,0.916141,0.973644
MIMIC-IV-CaseStudy,1800000,1800000,Lethe-no-bypass,hub,0.1,3,0.0,0.019845,0.917216,0.975469
MIMIC-IV-CaseStudy,1800000,1800000,Lethe-no-bypass,hub,0.1,4,0.0,0.022454,0.916315,0.972903
MIMIC-IV-CaseStudy,1800000,1800000,Lethe-no-bypass,hub,0.1,5,0.0,0.021056,0.919809,0.978061
MIMIC-IV-CaseStudy,1800000,1800000,Lethe-no-bypass,hub,0.1,6,0.0,0.022526,0.91516,0.972031
MIMIC-IV-CaseStudy,1800000,1800000,Lethe-no-bypass,hub,0.1,7,0.0,0.017165,0.92413,0.979655
MIMIC-IV-CaseStudy,1800000,1800000,Lethe-no-bypass,hub,0.1,8,0.0,0.022168,0.920925,0.975578
MIMIC-IV-CaseStudy,1800000,1800000,Lethe-no-bypass,hub,0.1,9,0.0,0.019657,0.918343,0.973412
MIMIC-IV-CaseStudy,1800000,1800000,Lethe-no-revaware-traversal,hub,0.1,0,0.0,0.061328,0.952193,0.976661
MIMIC-IV-CaseStudy,1800000,1800000,Lethe-no-revaware-traversal,hub,0.1,1,0.0,0.062596,0.953521,0.977619
MIMIC-IV-CaseStudy,1800000,1800000,Lethe-no-revaware-traversal,hub,0.1,2,0.0,0.063845,0.946687,0.974211
MIMIC-IV-CaseStudy,1800000,1800000,Lethe-no-revaware-traversal,hub,0.1,3,0.0,0.055822,0.950894,0.97607
MIMIC-IV-CaseStudy,1800000,1800000,Lethe-no-revaware-traversal,hub,0.1,4,0.0,0.06238,0.949127,0.976461
MIMIC-IV-CaseStudy,1800000,1800000,Lethe-no-revaware-traversal,hub,0.1,5,0.0,0.06367,0.947486,0.972844
MIMIC-IV-CaseStudy,1800000,1800000,Lethe-no-revaware-traversal,hub,0.1,6,0.0,0.060385,0.946186,0.974605
MIMIC-IV-CaseStudy,1800000,1800000,Lethe-no-revaware-traversal,hub,0.1,7,0.0,0.067208,0.947991,0.976591
MIMIC-IV-CaseStudy,1800000,1800000,Lethe-no-revaware-traversal,hub,0.1,8,0.0,0.063049,0.949059,0.976964
MIMIC-IV-CaseStudy,1800000,1800000,Lethe-no-revaware-traversal,hub,0.1,9,0.0,0.06182,0.950431,0.97757
MIMIC-IV-CaseStudy,1800000,1800000,Physical-delete,hub,0.1,0,0.0,0.013337,0.941246,0.977893
MIMIC-IV-CaseStudy,1800000,1800000,Physical-delete,hub,0.1,1,0.0,0.010494,0.936088,0.973944
MIMIC-IV-CaseStudy,1800000,1800000,Physical-delete,hub,0.1,2,0.0,0.014067,0.941972,0.979228
MIMIC-IV-CaseStudy,1800000,1800000,Physical-delete,hub,0.1,3,0.0,0.016426,0.939081,0.97267
MIMIC-IV-CaseStudy,1800000,1800000,Physical-delete,hub,0.1,4,0.0,0.014498,0.942609,0.977685
MIMIC-IV-CaseStudy,1800000,1800000,Physical-delete,hub,0.1,5,0.0,0.013156,0.939808,0.977436
MIMIC-IV-CaseStudy,1800000,1800000,Physical-delete,hub,0.1,6,0.0,0.020423,0.940426,0.976538
MIMIC-IV-CaseStudy,1800000,1800000,Physical-delete,hub,0.1,7,0.0,0.013884,0.938966,0.975833
MIMIC-IV-CaseStudy,1800000,1800000,Physical-delete,hub,0.1,8,0.0,0.01311,0.945892,0.979456
MIMIC-IV-CaseStudy,1800000,1800000,Physical-delete,hub,0.1,9,0.0,0.014911,0.940139,0.97415
MIMIC-IV-CaseStudy,1800000,1800000,Periodic-rebuild,hub,0.1,0,0.0,0.033122,0.959951,0.976481
MIMIC-IV-CaseStudy,1800000,1800000,Periodic-rebuild,hub,0.1,1,0.0,0.031983,0.953563,0.971121
MIMIC-IV-CaseStudy,1800000,1800000,Periodic-rebuild,hub,0.1,2,0.0,0.03161,0.959487,0.979426
MIMIC-IV-CaseStudy,1800000,1800000,Periodic-rebuild,hub,0.1,3,0.0,0.032835,0.958319,0.972774
MIMIC-IV-CaseStudy,1800000,1800000,Periodic-rebuild,hub,0.1,4,0.0,0.031451,0.96444,0.980018
MIMIC-IV-CaseStudy,1800000,1800000,Periodic-rebuild,hub,0.1,5,0.0,0.03022,0.958424,0.976368
MIMIC-IV-CaseStudy,1800000,1800000,Periodic-rebuild,hub,0.1,6,0.0,0.03106,0.958717,0.977939
MIMIC-IV-CaseStudy,1800000,1800000,Periodic-rebuild,hub,0.1,7,0.0,0.030186,0.954957,0.973283
MIMIC-IV-CaseStudy,1800000,1800000,Periodic-rebuild,hub,0.1,8,0.0,0.02897,0.953556,0.971394
MIMIC-IV-CaseStudy,1800000,1800000,Periodic-rebuild,hub,0.1,9,0.0,0.035418,0.958193,0.975508
MIMIC-IV-CaseStudy,1800000,1800000,Per-role-index,hub,0.1,0,0.0,0.002731,0.973678,0.979113
MIMIC-IV-CaseStudy,1800000,1800000,Per-role-index,hub,0.1,1,0.0,0.001999,0.974255,0.977177
MIMIC-IV-CaseStudy,1800000,1800000,Per-role-index,hub,0.1,2,0.0,0.002408,0.973434,0.976255
MIMIC-IV-CaseStudy,1800000,1800000,Per-role-index,hub,0.1,3,0.0,0.003946,0.973843,0.977768
MIMIC-IV-CaseStudy,1800000,1800000,Per-role-index,hub,0.1,4,0.0,0.0,0.972388,0.976391
MIMIC-IV-CaseStudy,1800000,1800000,Per-role-index,hub,0.1,5,0.0,0.0,0.974712,0.97748
MIMIC-IV-CaseStudy,1800000,1800000,Per-role-index,hub,0.1,6,0.0,0.003705,0.972241,0.975204
MIMIC-IV-CaseStudy,1800000,1800000,Per-role-index,hub,0.1,7,0.0,0.005537,0.972232,0.976632
MIMIC-IV-CaseStudy,1800000,1800000,Per-role-index,hub,0.1,8,0.0,0.004023,0.971138,0.976176
MIMIC-IV-CaseStudy,1800000,1800000,Per-role-index,hub,0.1,9,0.0,0.003638,0.969173,0.971404
MIMIC-IV-CaseStudy,1800000,1800000,ACORN,hub,0.1,0,0.0,0.025497,0.949043,0.971584
MIMIC-IV-CaseStudy,1800000,1800000,ACORN,hub,0.1,1,0.0,0.027266,0.954136,0.976177
MIMIC-IV-CaseStudy,1800000,1800000,ACORN,hub,0.1,2,0.0,0.021766,0.959116,0.979173
MIMIC-IV-CaseStudy,1800000,1800000,ACORN,hub,0.1,3,0.0,0.02636,0.95602,0.976209
MIMIC-IV-CaseStudy,1800000,1800000,ACORN,hub,0.1,4,0.0,0.031695,0.957189,0.977705
MIMIC-IV-CaseStudy,1800000,1800000,ACORN,hub,0.1,5,0.0,0.026393,0.958263,0.974264
MIMIC-IV-CaseStudy,1800000,1800000,ACORN,hub,0.1,6,0.0,0.03378,0.951858,0.972021
MIMIC-IV-CaseStudy,1800000,1800000,ACORN,hub,0.1,7,0.0,0.024412,0.953644,0.973784
MIMIC-IV-CaseStudy,1800000,1800000,ACORN,hub,0.1,8,0.0,0.029838,0.959577,0.979851
MIMIC-IV-CaseStudy,1800000,1800000,ACORN,hub,0.1,9,0.0,0.023344,0.956087,0.978064
MIMIC-IV-CaseStudy,1800000,1800000,HoneyBee,hub,0.1,0,0.0,0.027657,0.954223,0.973322
MIMIC-IV-CaseStudy,1800000,1800000,HoneyBee,hub,0.1,1,0.0,0.02685,0.959707,0.975116
MIMIC-IV-CaseStudy,1800000,1800000,HoneyBee,hub,0.1,2,0.0,0.020245,0.953458,0.972754
MIMIC-IV-CaseStudy,1800000,1800000,HoneyBee,hub,0.1,3,0.0,0.022533,0.959589,0.977268
MIMIC-IV-CaseStudy,1800000,1800000,HoneyBee,hub,0.1,4,0.0,0.022237,0.955434,0.975497
MIMIC-IV-CaseStudy,1800000,1800000,HoneyBee,hub,0.1,5,0.0,0.026687,0.959701,0.978425
MIMIC-IV-CaseStudy,1800000,1800000,HoneyBee,hub,0.1,6,0.0,0.021336,0.955456,0.975541
MIMIC-IV-CaseStudy,1800000,1800000,HoneyBee,hub,0.1,7,0.0,0.022235,0.955796,0.976664
MIMIC-IV-CaseStudy,1800000,1800000,HoneyBee,hub,0.1,8,0.0,0.020478,0.962062,0.978795
MIMIC-IV-CaseStudy,1800000,1800000,HoneyBee,hub,0.1,9,0.0,0.021618,0.959668,0.976975
MIMIC-IV-CaseStudy,1800000,1800000,SPFresh,hub,0.1,0,0.0,0.04059,0.948285,0.97867
MIMIC-IV-CaseStudy,1800000,1800000,SPFresh,hub,0.1,1,0.0,0.039685,0.950411,0.974675
MIMIC-IV-CaseStudy,1800000,1800000,SPFresh,hub,0.1,2,0.0,0.039666,0.9475,0.973421
MIMIC-IV-CaseStudy,1800000,1800000,SPFresh,hub,0.1,3,0.0,0.043278,0.950453,0.97611
MIMIC-IV-CaseStudy,1800000,1800000,SPFresh,hub,0.1,4,0.0,0.039396,0.955943,0.979475
MIMIC-IV-CaseStudy,1800000,1800000,SPFresh,hub,0.1,5,0.0,0.041325,0.950555,0.975234
MIMIC-IV-CaseStudy,1800000,1800000,SPFresh,hub,0.1,6,0.0,0.042585,0.952997,0.97503
MIMIC-IV-CaseStudy,1800000,1800000,SPFresh,hub,0.1,7,0.0,0.036966,0.94766,0.97705
MIMIC-IV-CaseStudy,1800000,1800000,SPFresh,hub,0.1,8,0.0,0.038608,0.949518,0.977219
MIMIC-IV-CaseStudy,1800000,1800000,SPFresh,hub,0.1,9,0.0,0.038857,0.944582,0.972197
MIMIC-IV-CaseStudy,1800000,1800000,Oracle,hub,0.1,0,0.0,0.0,0.977558,0.977558
MIMIC-IV-CaseStudy,1800000,1800000,Oracle,hub,0.1,1,0.0,0.0,0.974124,0.974124
MIMIC-IV-CaseStudy,1800000,1800000,Oracle,hub,0.1,2,0.0,0.0,0.979857,0.979857
MIMIC-IV-CaseStudy,1800000,1800000,Oracle,hub,0.1,3,0.0,0.0,0.973635,0.973635
MIMIC-IV-CaseStudy,1800000,1800000,Oracle,hub,0.1,4,0.0,0.0,0.975435,0.975435
MIMIC-IV-CaseStudy,1800000,1800000,Oracle,hub,0.1,5,0.0,0.0,0.979235,0.979235
MIMIC-IV-CaseStudy,1800000,1800000,Oracle,hub,0.1,6,0.0,0.0,0.97682,0.97682
MIMIC-IV-CaseStudy,1800000,1800000,Oracle,hub,0.1,7,0.0,0.0,0.973089,0.973089
MIMIC-IV-CaseStudy,1800000,1800000,Oracle,hub,0.1,8,0.0,0.0,0.975994,0.975994
MIMIC-IV-CaseStudy,1800000,1800000,Oracle,hub,0.1,9,0.0,0.0,0.977549,0.977549
MIMIC-IV-CaseStudy,1800000,1800000,Tombstone,hub,0.2,0,0.0,0.10894,0.940861,0.97659
MIMIC-IV-CaseStudy,1800000,1800000,Tombstone,hub,0.2,1,0.0,0.10686,0.937185,0.9754
MIMIC-IV-CaseStudy,1800000,1800000,Tombstone,hub,0.2,2,0.0,0.111335,0.934578,0.97313
MIMIC-IV-CaseStudy,1800000,1800000,Tombstone,hub,0.2,3,0.0,0.108587,0.941415,0.975251
MIMIC-IV-CaseStudy,1800000,1800000,Tombstone,hub,0.2,4,0.0,0.108527,0.939824,0.977907
MIMIC-IV-CaseStudy,1800000,1800000,Tombstone,hub,0.2,5,0.0,0.114963,0.937806,0.976801
MIMIC-IV-CaseStudy,1800000,1800000,Tombstone,hub,0.2,6,0.0,0.111247,0.93868,0.977765
MIMIC-IV-CaseStudy,1800000,1800000,Tombstone,hub,0.2,7,0.0,0.107518,0.933507,0.973855
MIMIC-IV-CaseStudy,1800000,1800000,Tombstone,hub,0.2,8,0.0,0.116369,0.935281,0.975405
MIMIC-IV-CaseStudy,1800000,1800000,Tombstone,hub,0.2,9,0.0,0.105366,0.933297,0.973624
MIMIC-IV-CaseStudy,1800000,1800000,Post-filter,hub,0.2,0,0.0,0.122985,0.92568,0.974595
MIMIC-IV-CaseStudy,1800000,1800000,Post-filter,hub,0.2,1,0.0,0.122204,0.929828,0.973222
MIMIC-IV-CaseStudy,1800000,1800000,Post-filter,hub,0.2,2,0.0,0.124107,0.933443,0.976345
MIMIC-IV-CaseStudy,1800000,1800000,Post-filter,hub,0.2,3,0.0,0.118589,0.936295,0.980394
MIMIC-IV-CaseStudy,1800000,1800000,Post-filter,hub,0.2,4,0.0,0.121131,0.932459,0.97897
MIMIC-IV-CaseStudy,1800000,1800000,Post-filter,hub,0.2,5,0.0,0.118871,0.934034,0.976275
MIMIC-IV-CaseStudy,1800000,1800000,Post-filter,hub,0.2,6,0.0,0.118568,0.930323,0.973159
MIMIC-IV-CaseStudy,1800000,1800000,Post-filter,hub,0.2,7,0.0,0.128879,0.934803,0.979652
MIMIC-IV-CaseStudy,1800000,1800000,Post-filter,hub,0.2,8,0.0,0.122108,0.935097,0.975629
MIMIC-IV-CaseStudy,1800000,1800000,Post-filter,hub,0.2,9,0.0,0.119586,0.931913,0.977268
MIMIC-IV-CaseStudy,1800000,1800000,Lethe,hub,0.2,0,0.0,0.001854,0.970456,0.976377
MIMIC-IV-CaseStudy,1800000,1800000,Lethe,hub,0.2,1,0.0,0.002598,0.970867,0.976683
MIMIC-IV-CaseStudy,1800000,1800000,Lethe,hub,0.2,2,0.0,0.003959,0.969882,0.97288
MIMIC-IV-CaseStudy,1800000,1800000,Lethe,hub,0.2,3,0.0,0.008446,0.973894,0.976407
MIMIC-IV-CaseStudy,1800000,1800000,Lethe,hub,0.2,4,0.0,0.005517,0.974867,0.978133
MIMIC-IV-CaseStudy,1800000,1800000,Lethe,hub,0.2,5,0.0,0.007533,0.970349,0.975671
MIMIC-IV-CaseStudy,1800000,1800000,Lethe,hub,0.2,6,0.0,0.007594,0.975789,0.978018
MIMIC-IV-CaseStudy,1800000,1800000,Lethe,hub,0.2,7,0.0,0.003843,0.970028,0.975477
MIMIC-IV-CaseStudy,1800000,1800000,Lethe,hub,0.2,8,0.0,0.006984,0.97312,0.975962
MIMIC-IV-CaseStudy,1800000,1800000,Lethe,hub,0.2,9,0.0,0.010098,0.973368,0.977288
MIMIC-IV-CaseStudy,1800000,1800000,Lethe-no-bypass,hub,0.2,0,0.0,0.034059,0.920377,0.977469
MIMIC-IV-CaseStudy,1800000,1800000,Lethe-no-bypass,hub,0.2,1,0.0,0.046693,0.9196,0.975342
MIMIC-IV-CaseStudy,1800000,1800000,Lethe-no-bypass,hub,0.2,2,0.0,0.036807,0.914494,0.972398
MIMIC-IV-CaseStudy,1800000,1800000,Lethe-no-bypass,hub,0.2,3,0.0,0.0395,0.921745,0.97512
MIMIC-IV-CaseStudy,1800000,1800000,Lethe-no-bypass,hub,0.2,4,0.0,0.04006,0.923283,0.975733
MIMIC-IV-CaseStudy,1800000,1800000,Lethe-no-bypass,hub,0.2,5,0.0,0.037281,0.920822,0.974926
MIMIC-IV-CaseStudy,1800000,1800000,Lethe-no-bypass,hub,0.2,6,0.0,0.034692,0.921766,0.977466
MIMIC-IV-CaseStudy,1800000,1800000,Lethe-no-bypass,hub,0.2,7,0.0,0.0396,0.914823,0.971614
MIMIC-IV-CaseStudy,1800000,1800000,Lethe-no-bypass,hub,0.2,8,0.0,0.038178,0.923914,0.978926
MIMIC-IV-CaseStudy,1800000,1800000,Lethe-no-bypass,hub,0.2,9,0.0,0.041766,0.920389,0.975847
MIMIC-IV-CaseStudy,1800000,1800000,Lethe-no-revaware-traversal,hub,0.2,0,0.0,0.108607,0.949041,0.975051
MIMIC-IV-CaseStudy,1800000,1800000,Lethe-no-revaware-traversal,hub,0.2,1,0.0,0.104762,0.948793,0.9759
MIMIC-IV-CaseStudy,1800000,1800000,Lethe-no-revaware-traversal,hub,0.2,2,0.0,0.10552,0.948782,0.976003
MIMIC-IV-CaseStudy,1800000,1800000,Lethe-no-revaware-traversal,hub,0.2,3,0.0,0.106209,0.945784,0.973158
MIMIC-IV-CaseStudy,1800000,1800000,Lethe-no-revaware-traversal,hub,0.2,4,0.0,0.099642,0.950044,0.975644
MIMIC-IV-CaseStudy,1800000,1800000,Lethe-no-revaware-traversal,hub,0.2,5,0.0,0.103415,0.950799,0.975218
MIMIC-IV-CaseStudy,1800000,1800000,Lethe-no-revaware-traversal,hub,0.2,6,0.0,0.102158,0.955512,0.981385
MIMIC-IV-CaseStudy,1800000,1800000,Lethe-no-revaware-traversal,hub,0.2,7,0.0,0.104699,0.948806,0.974343
MIMIC-IV-CaseStudy,1800000,1800000,Lethe-no-revaware-traversal,hub,0.2,8,0.0,0.100932,0.950939,0.978004
MIMIC-IV-CaseStudy,1800000,1800000,Lethe-no-revaware-traversal,hub,0.2,9,0.0,0.107428,0.951227,0.978476
MIMIC-IV-CaseStudy,1800000,1800000,Physical-delete,hub,0.2,0,0.0,0.027261,0.940947,0.975451
MIMIC-IV-CaseStudy,1800000,1800000,Physical-delete,hub,0.2,1,0.0,0.023885,0.937714,0.97149
MIMIC-IV-CaseStudy,1800000,1800000,Physical-delete,hub,0.2,2,0.0,0.024096,0.935547,0.974627
MIMIC-IV-CaseStudy,1800000,1800000,Physical-delete,hub,0.2,3,0.0,0.026584,0.94401,0.980512
MIMIC-IV-CaseStudy,1800000,1800000,Physical-delete,hub,0.2,4,0.0,0.026458,0.940707,0.975666
MIMIC-IV-CaseStudy,1800000,1800000,Physical-delete,hub,0.2,5,0.0,0.029866,0.9379,0.976318
MIMIC-IV-CaseStudy,1800000,1800000,Physical-delete,hub,0.2,6,0.0,0.028426,0.937532,0.975117
MIMIC-IV-CaseStudy,1800000,1800000,Physical-delete,hub,0.2,7,0.0,0.029215,0.938347,0.97675
MIMIC-IV-CaseStudy,1800000,1800000,Physical-delete,hub,0.2,8,0.0,0.022304,0.940916,0.976389
MIMIC-IV-CaseStudy,1800000,1800000,Physical-delete,hub,0.2,9,0.0,0.021415,0.941416,0.97843
MIMIC-IV-CaseStudy,1800000,1800000,Periodic-rebuild,hub,0.2,0,0.0,0.049326,0.960065,0.978652
MIMIC-IV-CaseStudy,1800000,1800000,Periodic-rebuild,hub,0.2,1,0.0,0.051881,0.956467,0.97578
MIMIC-IV-CaseStudy,1800000,1800000,Periodic-rebuild,hub,0.2,2,0.0,0.049665,0.956159,0.973914
MIMIC-IV-CaseStudy,1800000,1800000,Periodic-rebuild,hub,0.2,3,0.0,0.049767,0.956258,0.976718
MIMIC-IV-CaseStudy,1800000,1800000,Periodic-rebuild,hub,0.2,4,0.0,0.052247,0.959519,0.976923
MIMIC-IV-CaseStudy,1800000,1800000,Periodic-rebuild,hub,0.2,5,0.0,0.055057,0.959518,0.977295
MIMIC-IV-CaseStudy,1800000,1800000,Periodic-rebuild,hub,0.2,6,0.0,0.055815,0.955644,0.973656
MIMIC-IV-CaseStudy,1800000,1800000,Periodic-rebuild,hub,0.2,7,0.0,0.05349,0.963506,0.979796
MIMIC-IV-CaseStudy,1800000,1800000,Periodic-rebuild,hub,0.2,8,0.0,0.054589,0.956589,0.974661
MIMIC-IV-CaseStudy,1800000,1800000,Periodic-rebuild,hub,0.2,9,0.0,0.050875,0.955034,0.972385
MIMIC-IV-CaseStudy,1800000,1800000,Per-role-index,hub,0.2,0,0.0,0.002268,0.973722,0.975887
MIMIC-IV-CaseStudy,1800000,1800000,Per-role-index,hub,0.2,1,0.0,0.00157,0.969326,0.973551
MIMIC-IV-CaseStudy,1800000,1800000,Per-role-index,hub,0.2,2,0.0,0.004221,0.971255,0.976459
MIMIC-IV-CaseStudy,1800000,1800000,Per-role-index,hub,0.2,3,0.0,0.006551,0.970297,0.974204
MIMIC-IV-CaseStudy,1800000,1800000,Per-role-index,hub,0.2,4,0.0,0.002008,0.970998,0.974359
MIMIC-IV-CaseStudy,1800000,1800000,Per-role-index,hub,0.2,5,0.0,0.000783,0.970246,0.976108
MIMIC-IV-CaseStudy,1800000,1800000,Per-role-index,hub,0.2,6,0.0,0.001378,0.972778,0.97438
MIMIC-IV-CaseStudy,1800000,1800000,Per-role-index,hub,0.2,7,0.0,0.00702,0.977997,0.979714
MIMIC-IV-CaseStudy,1800000,1800000,Per-role-index,hub,0.2,8,0.0,0.002413,0.967914,0.972269
MIMIC-IV-CaseStudy,1800000,1800000,Per-role-index,hub,0.2,9,0.0,0.005835,0.970036,0.974105
MIMIC-IV-CaseStudy,1800000,1800000,ACORN,hub,0.2,0,0.0,0.046644,0.954156,0.976826
MIMIC-IV-CaseStudy,1800000,1800000,ACORN,hub,0.2,1,0.0,0.038114,0.951631,0.973995
MIMIC-IV-CaseStudy,1800000,1800000,ACORN,hub,0.2,2,0.0,0.046853,0.955418,0.977301
MIMIC-IV-CaseStudy,1800000,1800000,ACORN,hub,0.2,3,0.0,0.046901,0.954673,0.97618
MIMIC-IV-CaseStudy,1800000,1800000,ACORN,hub,0.2,4,0.0,0.04914,0.959806,0.976787
MIMIC-IV-CaseStudy,1800000,1800000,ACORN,hub,0.2,5,0.0,0.04438,0.962375,0.979346
MIMIC-IV-CaseStudy,1800000,1800000,ACORN,hub,0.2,6,0.0,0.046065,0.951147,0.973407
MIMIC-IV-CaseStudy,1800000,1800000,ACORN,hub,0.2,7,0.0,0.040204,0.956526,0.975738
MIMIC-IV-CaseStudy,1800000,1800000,ACORN,hub,0.2,8,0.0,0.049736,0.953898,0.973523
MIMIC-IV-CaseStudy,1800000,1800000,ACORN,hub,0.2,9,0.0,0.04999,0.957256,0.978579
MIMIC-IV-CaseStudy,1800000,1800000,HoneyBee,hub,0.2,0,0.0,0.038861,0.961371,0.979094
MIMIC-IV-CaseStudy,1800000,1800000,HoneyBee,hub,0.2,1,0.0,0.040964,0.962173,0.979002
MIMIC-IV-CaseStudy,1800000,1800000,HoneyBee,hub,0.2,2,0.0,0.035242,0.95902,0.977313
MIMIC-IV-CaseStudy,1800000,1800000,HoneyBee,hub,0.2,3,0.0,0.035119,0.955812,0.974552
MIMIC-IV-CaseStudy,1800000,1800000,HoneyBee,hub,0.2,4,0.0,0.041578,0.958883,0.977857
MIMIC-IV-CaseStudy,1800000,1800000,HoneyBee,hub,0.2,5,0.0,0.040159,0.960512,0.977073
MIMIC-IV-CaseStudy,1800000,1800000,HoneyBee,hub,0.2,6,0.0,0.043075,0.959267,0.974462
MIMIC-IV-CaseStudy,1800000,1800000,HoneyBee,hub,0.2,7,0.0,0.042794,0.959249,0.976678
MIMIC-IV-CaseStudy,1800000,1800000,HoneyBee,hub,0.2,8,0.0,0.034601,0.957135,0.975763
MIMIC-IV-CaseStudy,1800000,1800000,HoneyBee,hub,0.2,9,0.0,0.037803,0.955136,0.97519
MIMIC-IV-CaseStudy,1800000,1800000,SPFresh,hub,0.2,0,0.0,0.067827,0.94693,0.975958
MIMIC-IV-CaseStudy,1800000,1800000,SPFresh,hub,0.2,1,0.0,0.067308,0.948109,0.974442
MIMIC-IV-CaseStudy,1800000,1800000,SPFresh,hub,0.2,2,0.0,0.065342,0.946164,0.973716
MIMIC-IV-CaseStudy,1800000,1800000,SPFresh,hub,0.2,3,0.0,0.06679,0.950008,0.976518
MIMIC-IV-CaseStudy,1800000,1800000,SPFresh,hub,0.2,4,0.0,0.071001,0.949575,0.97575
MIMIC-IV-CaseStudy,1800000,1800000,SPFresh,hub,0.2,5,0.0,0.070454,0.94892,0.975261
MIMIC-IV-CaseStudy,1800000,1800000,SPFresh,hub,0.2,6,0.0,0.068943,0.949109,0.97603
MIMIC-IV-CaseStudy,1800000,1800000,SPFresh,hub,0.2,7,0.0,0.069098,0.952548,0.977686
MIMIC-IV-CaseStudy,1800000,1800000,SPFresh,hub,0.2,8,0.0,0.069035,0.947668,0.976224
MIMIC-IV-CaseStudy,1800000,1800000,SPFresh,hub,0.2,9,0.0,0.072278,0.941532,0.971929
MIMIC-IV-CaseStudy,1800000,1800000,Oracle,hub,0.2,0,0.0,0.0,0.977112,0.977112
MIMIC-IV-CaseStudy,1800000,1800000,Oracle,hub,0.2,1,0.0,0.0,0.976759,0.976759
MIMIC-IV-CaseStudy,1800000,1800000,Oracle,hub,0.2,2,0.0,0.0,0.973425,0.973425
MIMIC-IV-CaseStudy,1800000,1800000,Oracle,hub,0.2,3,0.0,0.0,0.975911,0.975911
MIMIC-IV-CaseStudy,1800000,1800000,Oracle,hub,0.2,4,0.0,0.0,0.972207,0.972207
MIMIC-IV-CaseStudy,1800000,1800000,Oracle,hub,0.2,5,0.0,0.0,0.978646,0.978646
MIMIC-IV-CaseStudy,1800000,1800000,Oracle,hub,0.2,6,0.0,0.0,0.976352,0.976352
MIMIC-IV-CaseStudy,1800000,1800000,Oracle,hub,0.2,7,0.0,0.0,0.971977,0.971977
MIMIC-IV-CaseStudy,1800000,1800000,Oracle,hub,0.2,8,0.0,0.0,0.972883,0.972883
MIMIC-IV-CaseStudy,1800000,1800000,Oracle,hub,0.2,9,0.0,0.0,0.972792,0.972792
MIMIC-IV-CaseStudy,1800000,1800000,Tombstone,hub,0.3,0,0.0,0.154602,0.940535,0.980383
MIMIC-IV-CaseStudy,1800000,1800000,Tombstone,hub,0.3,1,0.0,0.15284,0.935165,0.978187
MIMIC-IV-CaseStudy,1800000,1800000,Tombstone,hub,0.3,2,0.0,0.151526,0.937129,0.978774
MIMIC-IV-CaseStudy,1800000,1800000,Tombstone,hub,0.3,3,0.0,0.147524,0.935753,0.976472
MIMIC-IV-CaseStudy,1800000,1800000,Tombstone,hub,0.3,4,0.0,0.151475,0.931585,0.972611
MIMIC-IV-CaseStudy,1800000,1800000,Tombstone,hub,0.3,5,0.0,0.154989,0.936648,0.976091
MIMIC-IV-CaseStudy,1800000,1800000,Tombstone,hub,0.3,6,0.0,0.154914,0.930629,0.972821
MIMIC-IV-CaseStudy,1800000,1800000,Tombstone,hub,0.3,7,0.0,0.157501,0.937826,0.974634
MIMIC-IV-CaseStudy,1800000,1800000,Tombstone,hub,0.3,8,0.0,0.154202,0.935176,0.972387
MIMIC-IV-CaseStudy,1800000,1800000,Tombstone,hub,0.3,9,0.0,0.150475,0.936784,0.976548
MIMIC-IV-CaseStudy,1800000,1800000,Post-filter,hub,0.3,0,0.0,0.167865,0.927156,0.975995
MIMIC-IV-CaseStudy,1800000,1800000,Post-filter,hub,0.3,1,0.0,0.161086,0.931985,0.976749
MIMIC-IV-CaseStudy,1800000,1800000,Post-filter,hub,0.3,2,0.0,0.165304,0.932464,0.977536
MIMIC-IV-CaseStudy,1800000,1800000,Post-filter,hub,0.3,3,0.0,0.158705,0.935479,0.979494
MIMIC-IV-CaseStudy,1800000,1800000,Post-filter,hub,0.3,4,0.0,0.171953,0.930664,0.973487
MIMIC-IV-CaseStudy,1800000,1800000,Post-filter,hub,0.3,5,0.0,0.165656,0.929663,0.975411
MIMIC-IV-CaseStudy,1800000,1800000,Post-filter,hub,0.3,6,0.0,0.165205,0.929091,0.976928
MIMIC-IV-CaseStudy,1800000,1800000,Post-filter,hub,0.3,7,0.0,0.165843,0.93286,0.977659
MIMIC-IV-CaseStudy,1800000,1800000,Post-filter,hub,0.3,8,0.0,0.164986,0.929832,0.97514
MIMIC-IV-CaseStudy,1800000,1800000,Post-filter,hub,0.3,9,0.0,0.1626,0.930364,0.977419
MIMIC-IV-CaseStudy,1800000,1800000,Lethe,hub,0.3,0,0.0,0.00313,0.975133,0.978425
MIMIC-IV-CaseStudy,1800000,1800000,Lethe,hub,0.3,1,0.0,0.014525,0.970583,0.976822
MIMIC-IV-CaseStudy,1800000,1800000,Lethe,hub,0.3,2,0.0,0.008581,0.973788,0.97785
MIMIC-IV-CaseStudy,1800000,1800000,Lethe,hub,0.3,3,0.0,0.00128,0.970842,0.976414
MIMIC-IV-CaseStudy,1800000,1800000,Lethe,hub,0.3,4,0.0,0.01058,0.965867,0.972119
MIMIC-IV-CaseStudy,1800000,1800000,Lethe,hub,0.3,5,0.0,0.006104,0.968351,0.974225
MIMIC-IV-CaseStudy,1800000,1800000,Lethe,hub,0.3,6,0.0,0.011135,0.970233,0.971757
MIMIC-IV-CaseStudy,1800000,1800000,Lethe,hub,0.3,7,0.0,0.003811,0.971595,0.977587
MIMIC-IV-CaseStudy,1800000,1800000,Lethe,hub,0.3,8,0.0,0.013342,0.974307,0.977939
MIMIC-IV-CaseStudy,1800000,1800000,Lethe,hub,0.3,9,0.0,0.014048,0.969842,0.973839
MIMIC-IV-CaseStudy,1800000,1800000,Lethe-no-bypass,hub,0.3,0,0.0,0.052678,0.915109,0.972476
MIMIC-IV-CaseStudy,1800000,1800000,Lethe-no-bypass,hub,0.3,1,0.0,0.053053,0.920463,0.975801
MIMIC-IV-CaseStudy,1800000,1800000,Lethe-no-bypass,hub,0.3,2,0.0,0.05093,0.921161,0.97691
MIMIC-IV-CaseStudy,1800000,1800000,Lethe-no-bypass,hub,0.3,3,0.0,0.050305,0.921874,0.977399
MIMIC-IV-CaseStudy,1800000,1800000,Lethe-no-bypass,hub,0.3,4,0.0,0.051233,0.91929,0.974639
MIMIC-IV-CaseStudy,1800000,1800000,Lethe-no-bypass,hub,0.3,5,0.0,0.050807,0.920788,0.978737
MIMIC-IV-CaseStudy,1800000,1800000,Lethe-no-bypass,hub,0.3,6,0.0,0.054267,0.920754,0.974768
MIMIC-IV-CaseStudy,1800000,1800000,Lethe-no-bypass,hub,0.3,7,0.0,0.056559,0.917676,0.973543
MIMIC-IV-CaseStudy,1800000,1800000,Lethe-no-bypass,hub,0.3,8,0.0,0.048804,0.922816,0.975188
MIMIC-IV-CaseStudy,1800000,1800000,Lethe-no-bypass,hub,0.3,9,0.0,0.050142,0.913539,0.973371
MIMIC-IV-CaseStudy,1800000,1800000,Lethe-no-revaware-traversal,hub,0.3,0,0.0,0.14152,0.949542,0.976519
MIMIC-IV-CaseStudy,1800000,1800000,Lethe-no-revaware-traversal,hub,0.3,1,0.0,0.139283,0.953414,0.978499
MIMIC-IV-CaseStudy,1800000,1800000,Lethe-no-revaware-traversal,hub,0.3,2,0.0,0.142732,0.950337,0.976822
MIMIC-IV-CaseStudy,1800000,1800000,Lethe-no-revaware-traversal,hub,0.3,3,0.0,0.148268,0.948405,0.97649
MIMIC-IV-CaseStudy,1800000,1800000,Lethe-no-revaware-traversal,hub,0.3,4,0.0,0.143525,0.945676,0.974524
MIMIC-IV-CaseStudy,1800000,1800000,Lethe-no-revaware-traversal,hub,0.3,5,0.0,0.144712,0.947811,0.97439
MIMIC-IV-CaseStudy,1800000,1800000,Lethe-no-revaware-traversal,hub,0.3,6,0.0,0.15442,0.948109,0.976105
MIMIC-IV-CaseStudy,1800000,1800000,Lethe-no-revaware-traversal,hub,0.3,7,0.0,0.144912,0.94819,0.976808
MIMIC-IV-CaseStudy,1800000,1800000,Lethe-no-revaware-traversal,hub,0.3,8,0.0,0.141212,0.951721,0.976822
MIMIC-IV-CaseStudy,1800000,1800000,Lethe-no-revaware-traversal,hub,0.3,9,0.0,0.138965,0.940638,0.970994
MIMIC-IV-CaseStudy,1800000,1800000,Physical-delete,hub,0.3,0,0.0,0.038995,0.934142,0.972884
MIMIC-IV-CaseStudy,1800000,1800000,Physical-delete,hub,0.3,1,0.0,0.03961,0.938833,0.977051
MIMIC-IV-CaseStudy,1800000,1800000,Physical-delete,hub,0.3,2,0.0,0.034468,0.938873,0.977514
MIMIC-IV-CaseStudy,1800000,1800000,Physical-delete,hub,0.3,3,0.0,0.036596,0.935959,0.974829
MIMIC-IV-CaseStudy,1800000,1800000,Physical-delete,hub,0.3,4,0.0,0.033041,0.938883,0.977185
MIMIC-IV-CaseStudy,1800000,1800000,Physical-delete,hub,0.3,5,0.0,0.039927,0.934431,0.975436
MIMIC-IV-CaseStudy,1800000,1800000,Physical-delete,hub,0.3,6,0.0,0.035112,0.938974,0.975891
MIMIC-IV-CaseStudy,1800000,1800000,Physical-delete,hub,0.3,7,0.0,0.03801,0.931262,0.971166
MIMIC-IV-CaseStudy,1800000,1800000,Physical-delete,hub,0.3,8,0.0,0.035744,0.935226,0.972381
MIMIC-IV-CaseStudy,1800000,1800000,Physical-delete,hub,0.3,9,0.0,0.033318,0.940164,0.976189
MIMIC-IV-CaseStudy,1800000,1800000,Periodic-rebuild,hub,0.3,0,0.0,0.077035,0.95573,0.973617
MIMIC-IV-CaseStudy,1800000,1800000,Periodic-rebuild,hub,0.3,1,0.0,0.071705,0.960843,0.978538
MIMIC-IV-CaseStudy,1800000,1800000,Periodic-rebuild,hub,0.3,2,0.0,0.070905,0.955849,0.974327
MIMIC-IV-CaseStudy,1800000,1800000,Periodic-rebuild,hub,0.3,3,0.0,0.079168,0.962779,0.977296
MIMIC-IV-CaseStudy,1800000,1800000,Periodic-rebuild,hub,0.3,4,0.0,0.070033,0.95587,0.97316
MIMIC-IV-CaseStudy,1800000,1800000,Periodic-rebuild,hub,0.3,5,0.0,0.067086,0.95692,0.97406
MIMIC-IV-CaseStudy,1800000,1800000,Periodic-rebuild,hub,0.3,6,0.0,0.079682,0.957966,0.976491
MIMIC-IV-CaseStudy,1800000,1800000,Periodic-rebuild,hub,0.3,7,0.0,0.071953,0.960465,0.978265
MIMIC-IV-CaseStudy,1800000,1800000,Periodic-rebuild,hub,0.3,8,0.0,0.076329,0.954598,0.97065
MIMIC-IV-CaseStudy,1800000,1800000,Periodic-rebuild,hub,0.3,9,0.0,0.073357,0.955464,0.976455
MIMIC-IV-CaseStudy,1800000,1800000,Per-role-index,hub,0.3,0,0.0,0.002731,0.973003,0.978044
MIMIC-IV-CaseStudy,1800000,1800000,Per-role-index,hub,0.3,1,0.0,0.004983,0.972645,0.975775
MIMIC-IV-CaseStudy,1800000,1800000,Per-role-index,hub,0.3,2,0.0,0.007236,0.977254,0.979935
MIMIC-IV-CaseStudy,1800000,1800000,Per-role-index,hub,0.3,3,0.0,0.0,0.973123,0.977278
MIMIC-IV-CaseStudy,1800000,1800000,Per-role-index,hub,0.3,4,0.0,0.005258,0.969974,0.973419
MIMIC-IV-CaseStudy,1800000,1800000,Per-role-index,hub,0.3,5,0.0,0.008496,0.973359,0.976894
MIMIC-IV-CaseStudy,1800000,1800000,Per-role-index,hub,0.3,6,0.0,0.001911,0.976836,0.979664
MIMIC-IV-CaseStudy,1800000,1800000,Per-role-index,hub,0.3,7,0.0,0.003653,0.969,0.974705
MIMIC-IV-CaseStudy,1800000,1800000,Per-role-index,hub,0.3,8,0.0,0.012007,0.97323,0.974914
MIMIC-IV-CaseStudy,1800000,1800000,Per-role-index,hub,0.3,9,0.0,0.005464,0.971298,0.976949
MIMIC-IV-CaseStudy,1800000,1800000,ACORN,hub,0.3,0,0.0,0.063788,0.959082,0.977778
MIMIC-IV-CaseStudy,1800000,1800000,ACORN,hub,0.3,1,0.0,0.066007,0.951752,0.975346
MIMIC-IV-CaseStudy,1800000,1800000,ACORN,hub,0.3,2,0.0,0.063982,0.956892,0.976428
MIMIC-IV-CaseStudy,1800000,1800000,ACORN,hub,0.3,3,0.0,0.067073,0.953826,0.973492
MIMIC-IV-CaseStudy,1800000,1800000,ACORN,hub,0.3,4,0.0,0.067165,0.956838,0.975213
MIMIC-IV-CaseStudy,1800000,1800000,ACORN,hub,0.3,5,0.0,0.063251,0.954388,0.976993
MIMIC-IV-CaseStudy,1800000,1800000,ACORN,hub,0.3,6,0.0,0.064499,0.953952,0.974769
MIMIC-IV-CaseStudy,1800000,1800000,ACORN,hub,0.3,7,0.0,0.058961,0.952884,0.97521
MIMIC-IV-CaseStudy,1800000,1800000,ACORN,hub,0.3,8,0.0,0.062748,0.955929,0.975437
MIMIC-IV-CaseStudy,1800000,1800000,ACORN,hub,0.3,9,0.0,0.061444,0.954079,0.975092
MIMIC-IV-CaseStudy,1800000,1800000,HoneyBee,hub,0.3,0,0.0,0.049489,0.956944,0.976263
MIMIC-IV-CaseStudy,1800000,1800000,HoneyBee,hub,0.3,1,0.0,0.047126,0.957676,0.977637
MIMIC-IV-CaseStudy,1800000,1800000,HoneyBee,hub,0.3,2,0.0,0.056535,0.963825,0.978697
MIMIC-IV-CaseStudy,1800000,1800000,HoneyBee,hub,0.3,3,0.0,0.048467,0.957679,0.975064
MIMIC-IV-CaseStudy,1800000,1800000,HoneyBee,hub,0.3,4,0.0,0.063202,0.957565,0.978122
MIMIC-IV-CaseStudy,1800000,1800000,HoneyBee,hub,0.3,5,0.0,0.0528,0.958737,0.980338
MIMIC-IV-CaseStudy,1800000,1800000,HoneyBee,hub,0.3,6,0.0,0.054785,0.961149,0.979407
MIMIC-IV-CaseStudy,1800000,1800000,HoneyBee,hub,0.3,7,0.0,0.053373,0.957827,0.978145
MIMIC-IV-CaseStudy,1800000,1800000,HoneyBee,hub,0.3,8,0.0,0.04748,0.960492,0.978968
MIMIC-IV-CaseStudy,1800000,1800000,HoneyBee,hub,0.3,9,0.0,0.05294,0.956334,0.976955
MIMIC-IV-CaseStudy,1800000,1800000,SPFresh,hub,0.3,0,0.0,0.095842,0.94895,0.976754
MIMIC-IV-CaseStudy,1800000,1800000,SPFresh,hub,0.3,1,0.0,0.094149,0.949732,0.976667
MIMIC-IV-CaseStudy,1800000,1800000,SPFresh,hub,0.3,2,0.0,0.097137,0.94962,0.976785
MIMIC-IV-CaseStudy,1800000,1800000,SPFresh,hub,0.3,3,0.0,0.094572,0.949974,0.97774
MIMIC-IV-CaseStudy,1800000,1800000,SPFresh,hub,0.3,4,0.0,0.097128,0.952563,0.977577
MIMIC-IV-CaseStudy,1800000,1800000,SPFresh,hub,0.3,5,0.0,0.093568,0.944484,0.974729
MIMIC-IV-CaseStudy,1800000,1800000,SPFresh,hub,0.3,6,0.0,0.096805,0.948346,0.97722
MIMIC-IV-CaseStudy,1800000,1800000,SPFresh,hub,0.3,7,0.0,0.09098,0.950794,0.976493
MIMIC-IV-CaseStudy,1800000,1800000,SPFresh,hub,0.3,8,0.0,0.093854,0.94591,0.971793
MIMIC-IV-CaseStudy,1800000,1800000,SPFresh,hub,0.3,9,0.0,0.091275,0.9482,0.974145
MIMIC-IV-CaseStudy,1800000,1800000,Oracle,hub,0.3,0,0.0,0.0,0.975952,0.975952
MIMIC-IV-CaseStudy,1800000,1800000,Oracle,hub,0.3,1,0.0,0.0,0.973157,0.973157
MIMIC-IV-CaseStudy,1800000,1800000,Oracle,hub,0.3,2,0.0,0.0,0.977384,0.977384
MIMIC-IV-CaseStudy,1800000,1800000,Oracle,hub,0.3,3,0.0,0.0,0.974816,0.974816
MIMIC-IV-CaseStudy,1800000,1800000,Oracle,hub,0.3,4,0.0,0.0,0.977721,0.977721
MIMIC-IV-CaseStudy,1800000,1800000,Oracle,hub,0.3,5,0.0,0.0,0.977946,0.977946
MIMIC-IV-CaseStudy,1800000,1800000,Oracle,hub,0.3,6,0.0,0.0,0.97439,0.97439
MIMIC-IV-CaseStudy,1800000,1800000,Oracle,hub,0.3,7,0.0,0.0,0.975236,0.975236
MIMIC-IV-CaseStudy,1800000,1800000,Oracle,hub,0.3,8,0.0,0.0,0.978925,0.978925
MIMIC-IV-CaseStudy,1800000,1800000,Oracle,hub,0.3,9,0.0,0.0,0.973919,0.973919
MIMIC-IV-CaseStudy,1800000,1800000,Tombstone,hub,0.4,0,0.0,0.189607,0.932708,0.975216
MIMIC-IV-CaseStudy,1800000,1800000,Tombstone,hub,0.4,1,0.0,0.188195,0.937254,0.97784
MIMIC-IV-CaseStudy,1800000,1800000,Tombstone,hub,0.4,2,0.0,0.19009,0.934599,0.976285
MIMIC-IV-CaseStudy,1800000,1800000,Tombstone,hub,0.4,3,0.0,0.188689,0.935163,0.975532
MIMIC-IV-CaseStudy,1800000,1800000,Tombstone,hub,0.4,4,0.0,0.196938,0.939346,0.978376
MIMIC-IV-CaseStudy,1800000,1800000,Tombstone,hub,0.4,5,0.0,0.193095,0.933591,0.974553
MIMIC-IV-CaseStudy,1800000,1800000,Tombstone,hub,0.4,6,0.0,0.190996,0.937963,0.975399
MIMIC-IV-CaseStudy,1800000,1800000,Tombstone,hub,0.4,7,0.0,0.186519,0.938351,0.975983
MIMIC-IV-CaseStudy,1800000,1800000,Tombstone,hub,0.4,8,0.0,0.185426,0.935522,0.976272
MIMIC-IV-CaseStudy,1800000,1800000,Tombstone,hub,0.4,9,0.0,0.193628,0.939187,0.975557
MIMIC-IV-CaseStudy,1800000,1800000,Post-filter,hub,0.4,0,0.0,0.202816,0.928696,0.975023
MIMIC-IV-CaseStudy,1800000,1800000,Post-filter,hub,0.4,1,0.0,0.205966,0.929068,0.976169
MIMIC-IV-CaseStudy,1800000,1800000,Post-filter,hub,0.4,2,0.0,0.207183,0.933415,0.977895
MIMIC-IV-CaseStudy,1800000,1800000,Post-filter,hub,0.4,3,0.0,0.200744,0.933677,0.975894
MIMIC-IV-CaseStudy,1800000,1800000,Post-filter,hub,0.4,4,0.0,0.2082,0.931148,0.978172
MIMIC-IV-CaseStudy,1800000,1800000,Post-filter,hub,0.4,5,0.0,0.207506,0.927384,0.97344
MIMIC-IV-CaseStudy,1800000,1800000,Post-filter,hub,0.4,6,0.0,0.209131,0.934647,0.97869
MIMIC-IV-CaseStudy,1800000,1800000,Post-filter,hub,0.4,7,0.0,0.200326,0.933223,0.976854
MIMIC-IV-CaseStudy,1800000,1800000,Post-filter,hub,0.4,8,0.0,0.209624,0.931849,0.977703
MIMIC-IV-CaseStudy,1800000,1800000,Post-filter,hub,0.4,9,0.0,0.207589,0.932785,0.977972
MIMIC-IV-CaseStudy,1800000,1800000,Lethe,hub,0.4,0,0.0,0.007955,0.971213,0.973675
MIMIC-IV-CaseStudy,1800000,1800000,Lethe,hub,0.4,1,0.0,0.00862,0.97458,0.977652
MIMIC-IV-CaseStudy,1800000,1800000,Lethe,hub,0.4,2,0.0,0.014905,0.974073,0.977389
MIMIC-IV-CaseStudy,1800000,1800000,Lethe,hub,0.4,3,0.0,0.007168,0.972839,0.974736
MIMIC-IV-CaseStudy,1800000,1800000,Lethe,hub,0.4,4,0.0,0.0141,0.967529,0.972729
MIMIC-IV-CaseStudy,1800000,1800000,Lethe,hub,0.4,5,0.0,0.016047,0.969017,0.975015
MIMIC-IV-CaseStudy,1800000,1800000,Lethe,hub,0.4,6,0.0,0.011221,0.970886,0.975449
MIMIC-IV-CaseStudy,1800000,1800000,Lethe,hub,0.4,7,0.0,0.006906,0.971044,0.978801
MIMIC-IV-CaseStudy,1800000,1800000,Lethe,hub,0.4,8,0.0,0.006426,0.969806,0.973493
MIMIC-IV-CaseStudy,1800000,1800000,Lethe,hub,0.4,9,0.0,0.008129,0.972021,0.977347
MIMIC-IV-CaseStudy,1800000,1800000,Lethe-no-bypass,hub,0.4,0,0.0,0.063859,0.92322,0.977791
MIMIC-IV-CaseStudy,1800000,1800000,Lethe-no-bypass,hub,0.4,1,0.0,0.069384,0.92226,0.978721
MIMIC-IV-CaseStudy,1800000,1800000,Lethe-no-bypass,hub,0.4,2,0.0,0.068748,0.923337,0.974015
MIMIC-IV-CaseStudy,1800000,1800000,Lethe-no-bypass,hub,0.4,3,0.0,0.064996,0.922234,0.978354
MIMIC-IV-CaseStudy,1800000,1800000,Lethe-no-bypass,hub,0.4,4,0.0,0.062389,0.92306,0.97739
MIMIC-IV-CaseStudy,1800000,1800000,Lethe-no-bypass,hub,0.4,5,0.0,0.065348,0.91774,0.9743
MIMIC-IV-CaseStudy,1800000,1800000,Lethe-no-bypass,hub,0.4,6,0.0,0.066687,0.92167,0.975365
MIMIC-IV-CaseStudy,1800000,1800000,Lethe-no-bypass,hub,0.4,7,0.0,0.066771,0.918536,0.97571
MIMIC-IV-CaseStudy,1800000,1800000,Lethe-no-bypass,hub,0.4,8,0.0,0.067134,0.921007,0.97616
MIMIC-IV-CaseStudy,1800000,1800000,Lethe-no-bypass,hub,0.4,9,0.0,0.064978,0.923905,0.978507
MIMIC-IV-CaseStudy,1800000,1800000,Lethe-no-revaware-traversal,hub,0.4,0,0.0,0.175656,0.952264,0.978006
MIMIC-IV-CaseStudy,1800000,1800000,Lethe-no-revaware-traversal,hub,0.4,1,0.0,0.177943,0.944579,0.976169
MIMIC-IV-CaseStudy,1800000,1800000,Lethe-no-revaware-traversal,hub,0.4,2,0.0,0.185602,0.950891,0.977725
MIMIC-IV-CaseStudy,1800000,1800000,Lethe-no-revaware-traversal,hub,0.4,3,0.0,0.186093,0.943282,0.973068
MIMIC-IV-CaseStudy,1800000,1800000,Lethe-no-revaware-traversal,hub,0.4,4,0.0,0.181447,0.952456,0.978746
MIMIC-IV-CaseStudy,1800000,1800000,Lethe-no-revaware-traversal,hub,0.4,5,0.0,0.177123,0.944475,0.971092
MIMIC-IV-CaseStudy,1800000,1800000,Lethe-no-revaware-traversal,hub,0.4,6,0.0,0.1825,0.944521,0.973918
MIMIC-IV-CaseStudy,1800000,1800000,Lethe-no-revaware-traversal,hub,0.4,7,0.0,0.177989,0.949315,0.975314
MIMIC-IV-CaseStudy,1800000,1800000,Lethe-no-revaware-traversal,hub,0.4,8,0.0,0.174386,0.944237,0.97467
MIMIC-IV-CaseStudy,1800000,1800000,Lethe-no-revaware-traversal,hub,0.4,9,0.0,0.180922,0.950057,0.974453
MIMIC-IV-CaseStudy,1800000,1800000,Physical-delete,hub,0.4,0,0.0,0.043726,0.932694,0.974329
MIMIC-IV-CaseStudy,1800000,1800000,Physical-delete,hub,0.4,1,0.0,0.047147,0.93966,0.975679
MIMIC-IV-CaseStudy,1800000,1800000,Physical-delete,hub,0.4,2,0.0,0.050204,0.939729,0.974951
MIMIC-IV-CaseStudy,1800000,1800000,Physical-delete,hub,0.4,3,0.0,0.051096,0.947476,0.978575
MIMIC-IV-CaseStudy,1800000,1800000,Physical-delete,hub,0.4,4,0.0,0.04703,0.935007,0.976718
MIMIC-IV-CaseStudy,1800000,1800000,Physical-delete,hub,0.4,5,0.0,0.048143,0.940435,0.974662
MIMIC-IV-CaseStudy,1800000,1800000,Physical-delete,hub,0.4,6,0.0,0.04148,0.94055,0.977973
MIMIC-IV-CaseStudy,1800000,1800000,Physical-delete,hub,0.4,7,0.0,0.040724,0.939172,0.974636
MIMIC-IV-CaseStudy,1800000,1800000,Physical-delete,hub,0.4,8,0.0,0.046991,0.941741,0.974834
MIMIC-IV-CaseStudy,1800000,1800000,Physical-delete,hub,0.4,9,0.0,0.0417,0.941521,0.976191
MIMIC-IV-CaseStudy,1800000,1800000,Periodic-rebuild,hub,0.4,0,0.0,0.087436,0.958101,0.974826
MIMIC-IV-CaseStudy,1800000,1800000,Periodic-rebuild,hub,0.4,1,0.0,0.081686,0.955331,0.974384
MIMIC-IV-CaseStudy,1800000,1800000,Periodic-rebuild,hub,0.4,2,0.0,0.090079,0.957173,0.975109
MIMIC-IV-CaseStudy,1800000,1800000,Periodic-rebuild,hub,0.4,3,0.0,0.085431,0.959879,0.978611
MIMIC-IV-CaseStudy,1800000,1800000,Periodic-rebuild,hub,0.4,4,0.0,0.094392,0.959528,0.977211
MIMIC-IV-CaseStudy,1800000,1800000,Periodic-rebuild,hub,0.4,5,0.0,0.092773,0.957831,0.975465
MIMIC-IV-CaseStudy,1800000,1800000,Periodic-rebuild,hub,0.4,6,0.0,0.093946,0.957844,0.975697
MIMIC-IV-CaseStudy,1800000,1800000,Periodic-rebuild,hub,0.4,7,0.0,0.095411,0.952323,0.970089
MIMIC-IV-CaseStudy,1800000,1800000,Periodic-rebuild,hub,0.4,8,0.0,0.096386,0.959124,0.978236
MIMIC-IV-CaseStudy,1800000,1800000,Periodic-rebuild,hub,0.4,9,0.0,0.088577,0.959751,0.976284
MIMIC-IV-CaseStudy,1800000,1800000,Per-role-index,hub,0.4,0,0.0,0.001491,0.972917,0.976376
MIMIC-IV-CaseStudy,1800000,1800000,Per-role-index,hub,0.4,1,0.0,0.006515,0.97542,0.978457
MIMIC-IV-CaseStudy,1800000,1800000,Per-role-index,hub,0.4,2,0.0,0.012794,0.975004,0.976178
MIMIC-IV-CaseStudy,1800000,1800000,Per-role-index,hub,0.4,3,0.0,0.0,0.970887,0.975028
MIMIC-IV-CaseStudy,1800000,1800000,Per-role-index,hub,0.4,4,0.0,0.0056,0.970217,0.97576
MIMIC-IV-CaseStudy,1800000,1800000,Per-role-index,hub,0.4,5,0.0,0.006729,0.973349,0.974184
MIMIC-IV-CaseStudy,1800000,1800000,Per-role-index,hub,0.4,6,0.0,0.008543,0.969696,0.974754
MIMIC-IV-CaseStudy,1800000,1800000,Per-role-index,hub,0.4,7,0.0,0.001266,0.973237,0.974584
MIMIC-IV-CaseStudy,1800000,1800000,Per-role-index,hub,0.4,8,0.0,0.007829,0.973485,0.975966
MIMIC-IV-CaseStudy,1800000,1800000,Per-role-index,hub,0.4,9,0.0,0.005136,0.974026,0.976593
MIMIC-IV-CaseStudy,1800000,1800000,ACORN,hub,0.4,0,0.0,0.081485,0.95203,0.974157
MIMIC-IV-CaseStudy,1800000,1800000,ACORN,hub,0.4,1,0.0,0.080255,0.952987,0.97724
MIMIC-IV-CaseStudy,1800000,1800000,ACORN,hub,0.4,2,0.0,0.076949,0.961744,0.977824
MIMIC-IV-CaseStudy,1800000,1800000,ACORN,hub,0.4,3,0.0,0.07991,0.954947,0.97577
MIMIC-IV-CaseStudy,1800000,1800000,ACORN,hub,0.4,4,0.0,0.080015,0.956624,0.973921
MIMIC-IV-CaseStudy,1800000,1800000,ACORN,hub,0.4,5,0.0,0.075971,0.952655,0.973209
MIMIC-IV-CaseStudy,1800000,1800000,ACORN,hub,0.4,6,0.0,0.080709,0.950897,0.972606
MIMIC-IV-CaseStudy,1800000,1800000,ACORN,hub,0.4,7,0.0,0.079924,0.953681,0.974566
MIMIC-IV-CaseStudy,1800000,1800000,ACORN,hub,0.4,8,0.0,0.075659,0.953024,0.975769
MIMIC-IV-CaseStudy,1800000,1800000,ACORN,hub,0.4,9,0.0,0.080144,0.955807,0.975897
MIMIC-IV-CaseStudy,1800000,1800000,HoneyBee,hub,0.4,0,0.0,0.067272,0.959281,0.978479
MIMIC-IV-CaseStudy,1800000,1800000,HoneyBee,hub,0.4,1,0.0,0.057726,0.955419,0.974238
MIMIC-IV-CaseStudy,1800000,1800000,HoneyBee,hub,0.4,2,0.0,0.065183,0.951316,0.973061
MIMIC-IV-CaseStudy,1800000,1800000,HoneyBee,hub,0.4,3,0.0,0.069565,0.957816,0.976046
MIMIC-IV-CaseStudy,1800000,1800000,HoneyBee,hub,0.4,4,0.0,0.062407,0.958407,0.976356
MIMIC-IV-CaseStudy,1800000,1800000,HoneyBee,hub,0.4,5,0.0,0.061925,0.957907,0.975626
MIMIC-IV-CaseStudy,1800000,1800000,HoneyBee,hub,0.4,6,0.0,0.069114,0.952661,0.973198
MIMIC-IV-CaseStudy,1800000,1800000,HoneyBee,hub,0.4,7,0.0,0.075024,0.959621,0.974508
MIMIC-IV-CaseStudy,1800000,1800000,HoneyBee,hub,0.4,8,0.0,0.069554,0.961662,0.977318
MIMIC-IV-CaseStudy,1800000,1800000,HoneyBee,hub,0.4,9,0.0,0.069393,0.959029,0.977074
MIMIC-IV-CaseStudy,1800000,1800000,SPFresh,hub,0.4,0,0.0,0.115814,0.946111,0.975815
MIMIC-IV-CaseStudy,1800000,1800000,SPFresh,hub,0.4,1,0.0,0.11945,0.945714,0.974163
MIMIC-IV-CaseStudy,1800000,1800000,SPFresh,hub,0.4,2,0.0,0.112787,0.955042,0.979917
MIMIC-IV-CaseStudy,1800000,1800000,SPFresh,hub,0.4,3,0.0,0.115903,0.947914,0.977718
MIMIC-IV-CaseStudy,1800000,1800000,SPFresh,hub,0.4,4,0.0,0.115929,0.949096,0.974253
MIMIC-IV-CaseStudy,1800000,1800000,SPFresh,hub,0.4,5,0.0,0.113801,0.945512,0.972862
MIMIC-IV-CaseStudy,1800000,1800000,SPFresh,hub,0.4,6,0.0,0.117059,0.943008,0.973022
MIMIC-IV-CaseStudy,1800000,1800000,SPFresh,hub,0.4,7,0.0,0.116854,0.948333,0.976518
MIMIC-IV-CaseStudy,1800000,1800000,SPFresh,hub,0.4,8,0.0,0.121011,0.950144,0.976702
MIMIC-IV-CaseStudy,1800000,1800000,SPFresh,hub,0.4,9,0.0,0.116526,0.950723,0.976371
MIMIC-IV-CaseStudy,1800000,1800000,Oracle,hub,0.4,0,0.0,0.0,0.974956,0.974956
MIMIC-IV-CaseStudy,1800000,1800000,Oracle,hub,0.4,1,0.0,0.0,0.980031,0.980031
MIMIC-IV-CaseStudy,1800000,1800000,Oracle,hub,0.4,2,0.0,0.0,0.975991,0.975991
MIMIC-IV-CaseStudy,1800000,1800000,Oracle,hub,0.4,3,0.0,0.0,0.974853,0.974853
MIMIC-IV-CaseStudy,1800000,1800000,Oracle,hub,0.4,4,0.0,0.0,0.975613,0.975613
MIMIC-IV-CaseStudy,1800000,1800000,Oracle,hub,0.4,5,0.0,0.0,0.977041,0.977041
MIMIC-IV-CaseStudy,1800000,1800000,Oracle,hub,0.4,6,0.0,0.0,0.976691,0.976691
MIMIC-IV-CaseStudy,1800000,1800000,Oracle,hub,0.4,7,0.0,0.0,0.977921,0.977921
MIMIC-IV-CaseStudy,1800000,1800000,Oracle,hub,0.4,8,0.0,0.0,0.975875,0.975875
MIMIC-IV-CaseStudy,1800000,1800000,Oracle,hub,0.4,9,0.0,0.0,0.976026,0.976026
MIMIC-IV-CaseStudy,1800000,1800000,Tombstone,hub,0.5,0,0.0,0.225892,0.93491,0.972541
MIMIC-IV-CaseStudy,1800000,1800000,Tombstone,hub,0.5,1,0.0,0.226066,0.940042,0.978031
MIMIC-IV-CaseStudy,1800000,1800000,Tombstone,hub,0.5,2,0.0,0.225279,0.932464,0.972616
MIMIC-IV-CaseStudy,1800000,1800000,Tombstone,hub,0.5,3,0.0,0.217377,0.939356,0.978646
MIMIC-IV-CaseStudy,1800000,1800000,Tombstone,hub,0.5,4,0.0,0.228385,0.931699,0.973642
MIMIC-IV-CaseStudy,1800000,1800000,Tombstone,hub,0.5,5,0.0,0.222234,0.933362,0.974067
MIMIC-IV-CaseStudy,1800000,1800000,Tombstone,hub,0.5,6,0.0,0.228167,0.9316,0.97614
MIMIC-IV-CaseStudy,1800000,1800000,Tombstone,hub,0.5,7,0.0,0.22668,0.932288,0.975398
MIMIC-IV-CaseStudy,1800000,1800000,Tombstone,hub,0.5,8,0.0,0.217451,0.931718,0.972598
MIMIC-IV-CaseStudy,1800000,1800000,Tombstone,hub,0.5,9,0.0,0.222827,0.932014,0.97247
MIMIC-IV-CaseStudy,1800000,1800000,Post-filter,hub,0.5,0,0.0,0.247364,0.925089,0.973158
MIMIC-IV-CaseStudy,1800000,1800000,Post-filter,hub,0.5,1,0.0,0.245201,0.933553,0.977955
MIMIC-IV-CaseStudy,1800000,1800000,Post-filter,hub,0.5,2,0.0,0.249483,0.93045,0.97641
MIMIC-IV-CaseStudy,1800000,1800000,Post-filter,hub,0.5,3,0.0,0.242308,0.932827,0.974563
MIMIC-IV-CaseStudy,1800000,1800000,Post-filter,hub,0.5,4,0.0,0.245135,0.926058,0.973927
MIMIC-IV-CaseStudy,1800000,1800000,Post-filter,hub,0.5,5,0.0,0.242069,0.932132,0.978763
MIMIC-IV-CaseStudy,1800000,1800000,Post-filter,hub,0.5,6,0.0,0.238651,0.9294,0.973843
MIMIC-IV-CaseStudy,1800000,1800000,Post-filter,hub,0.5,7,0.0,0.2372,0.932269,0.975772
MIMIC-IV-CaseStudy,1800000,1800000,Post-filter,hub,0.5,8,0.0,0.241031,0.926924,0.975849
MIMIC-IV-CaseStudy,1800000,1800000,Post-filter,hub,0.5,9,0.0,0.246652,0.931186,0.97326
MIMIC-IV-CaseStudy,1800000,1800000,Lethe,hub,0.5,0,0.0,0.004057,0.970946,0.978393
MIMIC-IV-CaseStudy,1800000,1800000,Lethe,hub,0.5,1,0.0,0.016464,0.969903,0.976011
MIMIC-IV-CaseStudy,1800000,1800000,Lethe,hub,0.5,2,0.0,0.007201,0.972094,0.976723
MIMIC-IV-CaseStudy,1800000,1800000,Lethe,hub,0.5,3,0.0,0.012407,0.972057,0.975992
MIMIC-IV-CaseStudy,1800000,1800000,Lethe,hub,0.5,4,0.0,0.011571,0.976586,0.979631
MIMIC-IV-CaseStudy,1800000,1800000,Lethe,hub,0.5,5,0.0,0.010288,0.971089,0.975405
MIMIC-IV-CaseStudy,1800000,1800000,Lethe,hub,0.5,6,0.0,0.016469,0.968887,0.975532
MIMIC-IV-CaseStudy,1800000,1800000,Lethe,hub,0.5,7,0.0,0.014176,0.971109,0.975213
MIMIC-IV-CaseStudy,1800000,1800000,Lethe,hub,0.5,8,0.0,0.010149,0.97142,0.97689
MIMIC-IV-CaseStudy,1800000,1800000,Lethe,hub,0.5,9,0.0,0.015177,0.974798,0.977428
MIMIC-IV-CaseStudy,1800000,1800000,Lethe-no-bypass,hub,0.5,0,0.0,0.077866,0.91901,0.973472
MIMIC-IV-CaseStudy,1800000,1800000,Lethe-no-bypass,hub,0.5,1,0.0,0.089895,0.91652,0.976368
MIMIC-IV-CaseStudy,1800000,1800000,Lethe-no-bypass,hub,0.5,2,0.0,0.079733,0.919169,0.975276
MIMIC-IV-CaseStudy,1800000,1800000,Lethe-no-bypass,hub,0.5,3,0.0,0.077545,0.922136,0.977543
MIMIC-IV-CaseStudy,1800000,1800000,Lethe-no-bypass,hub,0.5,4,0.0,0.069439,0.920035,0.977462
MIMIC-IV-CaseStudy,1800000,1800000,Lethe-no-bypass,hub,0.5,5,0.0,0.080983,0.924043,0.979596
MIMIC-IV-CaseStudy,1800000,1800000,Lethe-no-bypass,hub,0.5,6,0.0,0.075478,0.918204,0.970868
MIMIC-IV-CaseStudy,1800000,1800000,Lethe-no-bypass,hub,0.5,7,0.0,0.07916,0.924327,0.981433
MIMIC-IV-CaseStudy,1800000,1800000,Lethe-no-bypass,hub,0.5,8,0.0,0.080764,0.917055,0.974136
MIMIC-IV-CaseStudy,1800000,1800000,Lethe-no-bypass,hub,0.5,9,0.0,0.076328,0.918184,0.974682
MIMIC-IV-CaseStudy,1800000,1800000,Lethe-no-revaware-traversal,hub,0.5,0,0.0,0.213282,0.950681,0.977472
MIMIC-IV-CaseStudy,1800000,1800000,Lethe-no-revaware-traversal,hub,0.5,1,0.0,0.213676,0.955683,0.977794
MIMIC-IV-CaseStudy,1800000,1800000,Lethe-no-revaware-traversal,hub,0.5,2,0.0,0.210443,0.948288,0.975468
MIMIC-IV-CaseStudy,1800000,1800000,Lethe-no-revaware-traversal,hub,0.5,3,0.0,0.214306,0.95141,0.975475
MIMIC-IV-CaseStudy,1800000,1800000,Lethe-no-revaware-traversal,hub,0.5,4,0.0,0.209155,0.948544,0.977449
MIMIC-IV-CaseStudy,1800000,1800000,Lethe-no-revaware-traversal,hub,0.5,5,0.0,0.218278,0.945856,0.973066
MIMIC-IV-CaseStudy,1800000,1800000,Lethe-no-revaware-traversal,hub,0.5,6,0.0,0.213877,0.943359,0.973086
MIMIC-IV-CaseStudy,1800000,1800000,Lethe-no-revaware-traversal,hub,0.5,7,0.0,0.20998,0.948527,0.978215
MIMIC-IV-CaseStudy,1800000,1800000,Lethe-no-revaware-traversal,hub,0.5,8,0.0,0.208023,0.949562,0.977667
MIMIC-IV-CaseStudy,1800000,1800000,Lethe-no-revaware-traversal,hub,0.5,9,0.0,0.209994,0.942807,0.973038
MIMIC-IV-CaseStudy,1800000,1800000,Physical-delete,hub,0.5,0,0.0,0.056593,0.941729,0.975653
MIMIC-IV-CaseStudy,1800000,1800000,Physical-delete,hub,0.5,1,0.0,0.051724,0.942799,0.977909
MIMIC-IV-CaseStudy,1800000,1800000,Physical-delete,hub,0.5,2,0.0,0.046854,0.94135,0.976393
MIMIC-IV-CaseStudy,1800000,1800000,Physical-delete,hub,0.5,3,0.0,0.055679,0.943043,0.978199
MIMIC-IV-CaseStudy,1800000,1800000,Physical-delete,hub,0.5,4,0.0,0.053401,0.939429,0.977343
MIMIC-IV-CaseStudy,1800000,1800000,Physical-delete,hub,0.5,5,0.0,0.056033,0.940689,0.973505
MIMIC-IV-CaseStudy,1800000,1800000,Physical-delete,hub,0.5,6,0.0,0.053527,0.943853,0.979705
MIMIC-IV-CaseStudy,1800000,1800000,Physical-delete,hub,0.5,7,0.0,0.056026,0.934446,0.973767
MIMIC-IV-CaseStudy,1800000,1800000,Physical-delete,hub,0.5,8,0.0,0.051326,0.938812,0.975706
MIMIC-IV-CaseStudy,1800000,1800000,Physical-delete,hub,0.5,9,0.0,0.050604,0.937772,0.976743
MIMIC-IV-CaseStudy,1800000,1800000,Periodic-rebuild,hub,0.5,0,0.0,0.106568,0.958543,0.973318
MIMIC-IV-CaseStudy,1800000,1800000,Periodic-rebuild,hub,0.5,1,0.0,0.103386,0.958878,0.976274
MIMIC-IV-CaseStudy,1800000,1800000,Periodic-rebuild,hub,0.5,2,0.0,0.107015,0.960458,0.978632
MIMIC-IV-CaseStudy,1800000,1800000,Periodic-rebuild,hub,0.5,3,0.0,0.104959,0.959142,0.975692
MIMIC-IV-CaseStudy,1800000,1800000,Periodic-rebuild,hub,0.5,4,0.0,0.110235,0.959259,0.97586
MIMIC-IV-CaseStudy,1800000,1800000,Periodic-rebuild,hub,0.5,5,0.0,0.1105,0.958772,0.977379
MIMIC-IV-CaseStudy,1800000,1800000,Periodic-rebuild,hub,0.5,6,0.0,0.108321,0.952348,0.971019
MIMIC-IV-CaseStudy,1800000,1800000,Periodic-rebuild,hub,0.5,7,0.0,0.108059,0.960012,0.979006
MIMIC-IV-CaseStudy,1800000,1800000,Periodic-rebuild,hub,0.5,8,0.0,0.103955,0.958903,0.977499
MIMIC-IV-CaseStudy,1800000,1800000,Periodic-rebuild,hub,0.5,9,0.0,0.105785,0.957746,0.976707
MIMIC-IV-CaseStudy,1800000,1800000,Per-role-index,hub,0.5,0,0.0,0.006651,0.972083,0.979273
MIMIC-IV-CaseStudy,1800000,1800000,Per-role-index,hub,0.5,1,0.0,0.002702,0.969601,0.973118
MIMIC-IV-CaseStudy,1800000,1800000,Per-role-index,hub,0.5,2,0.0,0.009554,0.96674,0.973778
MIMIC-IV-CaseStudy,1800000,1800000,Per-role-index,hub,0.5,3,0.0,0.00911,0.972984,0.977114
MIMIC-IV-CaseStudy,1800000,1800000,Per-role-index,hub,0.5,4,0.0,0.01001,0.971832,0.973203
MIMIC-IV-CaseStudy,1800000,1800000,Per-role-index,hub,0.5,5,0.0,0.006645,0.972026,0.975721
MIMIC-IV-CaseStudy,1800000,1800000,Per-role-index,hub,0.5,6,0.0,0.008146,0.97429,0.974866
MIMIC-IV-CaseStudy,1800000,1800000,Per-role-index,hub,0.5,7,0.0,0.010807,0.970916,0.976506
MIMIC-IV-CaseStudy,1800000,1800000,Per-role-index,hub,0.5,8,0.0,0.007127,0.971921,0.976734
MIMIC-IV-CaseStudy,1800000,1800000,Per-role-index,hub,0.5,9,0.0,0.010948,0.974624,0.97664
MIMIC-IV-CaseStudy,1800000,1800000,ACORN,hub,0.5,0,0.0,0.092177,0.950858,0.971968
MIMIC-IV-CaseStudy,1800000,1800000,ACORN,hub,0.5,1,0.0,0.093391,0.953824,0.973981
MIMIC-IV-CaseStudy,1800000,1800000,ACORN,hub,0.5,2,0.0,0.095282,0.952912,0.974395
MIMIC-IV-CaseStudy,1800000,1800000,ACORN,hub,0.5,3,0.0,0.097638,0.955562,0.976672
MIMIC-IV-CaseStudy,1800000,1800000,ACORN,hub,0.5,4,0.0,0.099348,0.953461,0.974141
MIMIC-IV-CaseStudy,1800000,1800000,ACORN,hub,0.5,5,0.0,0.099546,0.957429,0.975258
MIMIC-IV-CaseStudy,1800000,1800000,ACORN,hub,0.5,6,0.0,0.094275,0.952312,0.973906
MIMIC-IV-CaseStudy,1800000,1800000,ACORN,hub,0.5,7,0.0,0.097084,0.954106,0.975773
MIMIC-IV-CaseStudy,1800000,1800000,ACORN,hub,0.5,8,0.0,0.095591,0.95756,0.978035
MIMIC-IV-CaseStudy,1800000,1800000,ACORN,hub,0.5,9,0.0,0.090291,0.956829,0.975186
MIMIC-IV-CaseStudy,1800000,1800000,HoneyBee,hub,0.5,0,0.0,0.078161,0.95441,0.974642
MIMIC-IV-CaseStudy,1800000,1800000,HoneyBee,hub,0.5,1,0.0,0.080524,0.955651,0.975436
MIMIC-IV-CaseStudy,1800000,1800000,HoneyBee,hub,0.5,2,0.0,0.078124,0.95074,0.971048
MIMIC-IV-CaseStudy,1800000,1800000,HoneyBee,hub,0.5,3,0.0,0.075236,0.956543,0.972986
MIMIC-IV-CaseStudy,1800000,1800000,HoneyBee,hub,0.5,4,0.0,0.082506,0.957546,0.979458
MIMIC-IV-CaseStudy,1800000,1800000,HoneyBee,hub,0.5,5,0.0,0.086458,0.957468,0.976387
MIMIC-IV-CaseStudy,1800000,1800000,HoneyBee,hub,0.5,6,0.0,0.080408,0.957436,0.973493
MIMIC-IV-CaseStudy,1800000,1800000,HoneyBee,hub,0.5,7,0.0,0.076776,0.955009,0.973514
MIMIC-IV-CaseStudy,1800000,1800000,HoneyBee,hub,0.5,8,0.0,0.082399,0.954803,0.973053
MIMIC-IV-CaseStudy,1800000,1800000,HoneyBee,hub,0.5,9,0.0,0.080671,0.955516,0.973699
MIMIC-IV-CaseStudy,1800000,1800000,SPFresh,hub,0.5,0,0.0,0.134812,0.953308,0.980334
MIMIC-IV-CaseStudy,1800000,1800000,SPFresh,hub,0.5,1,0.0,0.142922,0.950515,0.976805
MIMIC-IV-CaseStudy,1800000,1800000,SPFresh,hub,0.5,2,0.0,0.135587,0.947726,0.974458
MIMIC-IV-CaseStudy,1800000,1800000,SPFresh,hub,0.5,3,0.0,0.137113,0.946384,0.97403
MIMIC-IV-CaseStudy,1800000,1800000,SPFresh,hub,0.5,4,0.0,0.137564,0.948311,0.974588
MIMIC-IV-CaseStudy,1800000,1800000,SPFresh,hub,0.5,5,0.0,0.143417,0.952603,0.980244
MIMIC-IV-CaseStudy,1800000,1800000,SPFresh,hub,0.5,6,0.0,0.135094,0.952159,0.978791
MIMIC-IV-CaseStudy,1800000,1800000,SPFresh,hub,0.5,7,0.0,0.13615,0.950486,0.976311
MIMIC-IV-CaseStudy,1800000,1800000,SPFresh,hub,0.5,8,0.0,0.134295,0.949137,0.978022
MIMIC-IV-CaseStudy,1800000,1800000,SPFresh,hub,0.5,9,0.0,0.13843,0.947797,0.974377
MIMIC-IV-CaseStudy,1800000,1800000,Oracle,hub,0.5,0,0.0,0.0,0.978149,0.978149
MIMIC-IV-CaseStudy,1800000,1800000,Oracle,hub,0.5,1,0.0,0.0,0.976991,0.976991
MIMIC-IV-CaseStudy,1800000,1800000,Oracle,hub,0.5,2,0.0,0.0,0.97679,0.97679
MIMIC-IV-CaseStudy,1800000,1800000,Oracle,hub,0.5,3,0.0,0.0,0.973644,0.973644
MIMIC-IV-CaseStudy,1800000,1800000,Oracle,hub,0.5,4,0.0,0.0,0.972403,0.972403
MIMIC-IV-CaseStudy,1800000,1800000,Oracle,hub,0.5,5,0.0,0.0,0.976935,0.976935
MIMIC-IV-CaseStudy,1800000,1800000,Oracle,hub,0.5,6,0.0,0.0,0.976911,0.976911
MIMIC-IV-CaseStudy,1800000,1800000,Oracle,hub,0.5,7,0.0,0.0,0.97552,0.97552
MIMIC-IV-CaseStudy,1800000,1800000,Oracle,hub,0.5,8,0.0,0.0,0.974127,0.974127
MIMIC-IV-CaseStudy,1800000,1800000,Oracle,hub,0.5,9,0.0,0.0,0.975351,0.975351
MIMIC-IV-CaseStudy,1800000,1800000,Tombstone,cluster,0.0,0,0.0,0.0,0.936355,0.97272
MIMIC-IV-CaseStudy,1800000,1800000,Tombstone,cluster,0.0,1,0.0,0.0,0.939356,0.975937
MIMIC-IV-CaseStudy,1800000,1800000,Tombstone,cluster,0.0,2,0.0,0.0,0.939415,0.976559
MIMIC-IV-CaseStudy,1800000,1800000,Tombstone,cluster,0.0,3,0.0,0.0,0.937941,0.977153
MIMIC-IV-CaseStudy,1800000,1800000,Tombstone,cluster,0.0,4,0.0,0.0,0.937034,0.974646
MIMIC-IV-CaseStudy,1800000,1800000,Tombstone,cluster,0.0,5,0.0,0.0,0.940347,0.97736
MIMIC-IV-CaseStudy,1800000,1800000,Tombstone,cluster,0.0,6,0.0,0.0,0.93687,0.974491
MIMIC-IV-CaseStudy,1800000,1800000,Tombstone,cluster,0.0,7,0.0,0.0,0.934074,0.97539
MIMIC-IV-CaseStudy,1800000,1800000,Tombstone,cluster,0.0,8,0.0,0.0,0.934127,0.973464
MIMIC-IV-CaseStudy,1800000,1800000,Tombstone,cluster,0.0,9,0.0,0.0,0.93573,0.972404
MIMIC-IV-CaseStudy,1800000,1800000,Post-filter,cluster,0.0,0,0.0,0.0,0.93376,0.977214
MIMIC-IV-CaseStudy,1800000,1800000,Post-filter,cluster,0.0,1,0.0,0.0,0.930589,0.973611
MIMIC-IV-CaseStudy,1800000,1800000,Post-filter,cluster,0.0,2,0.0,0.0,0.927193,0.973207
MIMIC-IV-CaseStudy,1800000,1800000,Post-filter,cluster,0.0,3,0.0,0.0,0.935156,0.976255
MIMIC-IV-CaseStudy,1800000,1800000,Post-filter,cluster,0.0,4,0.0,0.0,0.933857,0.975535
MIMIC-IV-CaseStudy,1800000,1800000,Post-filter,cluster,0.0,5,0.0,0.0,0.932568,0.975415
MIMIC-IV-CaseStudy,1800000,1800000,Post-filter,cluster,0.0,6,0.0,0.0,0.935272,0.976672
MIMIC-IV-CaseStudy,1800000,1800000,Post-filter,cluster,0.0,7,0.0,0.0,0.931688,0.975947
MIMIC-IV-CaseStudy,1800000,1800000,Post-filter,cluster,0.0,8,0.0,0.0,0.930666,0.975015
MIMIC-IV-CaseStudy,1800000,1800000,Post-filter,cluster,0.0,9,0.0,0.0,0.934491,0.975961
MIMIC-IV-CaseStudy,1800000,1800000,Lethe,cluster,0.0,0,0.0,0.0,0.971487,0.977618
MIMIC-IV-CaseStudy,1800000,1800000,Lethe,cluster,0.0,1,0.0,0.0,0.970741,0.972741
MIMIC-IV-CaseStudy,1800000,1800000,Lethe,cluster,0.0,2,0.0,0.0,0.97328,0.976035
MIMIC-IV-CaseStudy,1800000,1800000,Lethe,cluster,0.0,3,0.0,0.0,0.96971,0.975149
MIMIC-IV-CaseStudy,1800000,1800000,Lethe,cluster,0.0,4,0.0,0.0,0.973783,0.977648
MIMIC-IV-CaseStudy,1800000,1800000,Lethe,cluster,0.0,5,0.0,0.0,0.973011,0.97596
MIMIC-IV-CaseStudy,1800000,1800000,Lethe,cluster,0.0,6,0.0,0.0,0.971838,0.975149
MIMIC-IV-CaseStudy,1800000,1800000,Lethe,cluster,0.0,7,0.0,0.0,0.973008,0.975444
MIMIC-IV-CaseStudy,1800000,1800000,Lethe,cluster,0.0,8,0.0,0.0,0.968246,0.973138
MIMIC-IV-CaseStudy,1800000,1800000,Lethe,cluster,0.0,9,0.0,0.0,0.972842,0.976974
MIMIC-IV-CaseStudy,1800000,1800000,Lethe-no-bypass,cluster,0.0,0,0.0,0.0,0.920769,0.975423
MIMIC-IV-CaseStudy,1800000,1800000,Lethe-no-bypass,cluster,0.0,1,0.0,0.0,0.921197,0.975539
MIMIC-IV-CaseStudy,1800000,1800000,Lethe-no-bypass,cluster,0.0,2,0.0,0.0,0.921631,0.977248
MIMIC-IV-CaseStudy,1800000,1800000,Lethe-no-bypass,cluster,0.0,3,0.0,0.0,0.920364,0.973438
MIMIC-IV-CaseStudy,1800000,1800000,Lethe-no-bypass,cluster,0.0,4,0.0,0.0,0.9141,0.973258
MIMIC-IV-CaseStudy,1800000,1800000,Lethe-no-bypass,cluster,0.0,5,0.0,0.0,0.926767,0.978103
MIMIC-IV-CaseStudy,1800000,1800000,Lethe-no-bypass,cluster,0.0,6,0.0,0.0,0.921466,0.976445
MIMIC-IV-CaseStudy,1800000,1800000,Lethe-no-bypass,cluster,0.0,7,0.0,0.0,0.923529,0.974916
MIMIC-IV-CaseStudy,1800000,1800000,Lethe-no-bypass,cluster,0.0,8,0.0,0.0,0.918141,0.974354
MIMIC-IV-CaseStudy,1800000,1800000,Lethe-no-bypass,cluster,0.0,9,0.0,0.0,0.91894,0.974304
MIMIC-IV-CaseStudy,1800000,1800000,Lethe-no-revaware-traversal,cluster,0.0,0,0.0,0.0,0.952257,0.97782
MIMIC-IV-CaseStudy,1800000,1800000,Lethe-no-revaware-traversal,cluster,0.0,1,0.0,0.0,0.955542,0.978295
MIMIC-IV-CaseStudy,1800000,1800000,Lethe-no-revaware-traversal,cluster,0.0,2,0.0,0.0,0.951302,0.976328
MIMIC-IV-CaseStudy,1800000,1800000,Lethe-no-revaware-traversal,cluster,0.0,3,0.0,0.0,0.948816,0.978369
MIMIC-IV-CaseStudy,1800000,1800000,Lethe-no-revaware-traversal,cluster,0.0,4,0.0,0.0,0.950285,0.974697
MIMIC-IV-CaseStudy,1800000,1800000,Lethe-no-revaware-traversal,cluster,0.0,5,0.0,0.0,0.946524,0.973331
MIMIC-IV-CaseStudy,1800000,1800000,Lethe-no-revaware-traversal,cluster,0.0,6,0.0,0.0,0.956688,0.976405
MIMIC-IV-CaseStudy,1800000,1800000,Lethe-no-revaware-traversal,cluster,0.0,7,0.0,0.0,0.947488,0.97375
MIMIC-IV-CaseStudy,1800000,1800000,Lethe-no-revaware-traversal,cluster,0.0,8,0.0,0.0,0.95423,0.977204
MIMIC-IV-CaseStudy,1800000,1800000,Lethe-no-revaware-traversal,cluster,0.0,9,0.0,0.0,0.954531,0.977331
MIMIC-IV-CaseStudy,1800000,1800000,Physical-delete,cluster,0.0,0,0.0,0.0,0.94322,0.9775
MIMIC-IV-CaseStudy,1800000,1800000,Physical-delete,cluster,0.0,1,0.0,0.0,0.938566,0.975819
MIMIC-IV-CaseStudy,1800000,1800000,Physical-delete,cluster,0.0,2,0.0,0.0,0.938302,0.973871
MIMIC-IV-CaseStudy,1800000,1800000,Physical-delete,cluster,0.0,3,0.0,0.0,0.944075,0.977257
MIMIC-IV-CaseStudy,1800000,1800000,Physical-delete,cluster,0.0,4,0.0,0.0,0.938732,0.976858
MIMIC-IV-CaseStudy,1800000,1800000,Physical-delete,cluster,0.0,5,0.0,0.0,0.939208,0.979539
MIMIC-IV-CaseStudy,1800000,1800000,Physical-delete,cluster,0.0,6,0.0,0.0,0.942922,0.977582
MIMIC-IV-CaseStudy,1800000,1800000,Physical-delete,cluster,0.0,7,0.0,0.0,0.941321,0.978461
MIMIC-IV-CaseStudy,1800000,1800000,Physical-delete,cluster,0.0,8,0.0,0.0,0.939027,0.97465
MIMIC-IV-CaseStudy,1800000,1800000,Physical-delete,cluster,0.0,9,0.0,0.0,0.944907,0.976922
MIMIC-IV-CaseStudy,1800000,1800000,Periodic-rebuild,cluster,0.0,0,0.0,0.0,0.960214,0.97648
MIMIC-IV-CaseStudy,1800000,1800000,Periodic-rebuild,cluster,0.0,1,0.0,0.0,0.958336,0.975094
MIMIC-IV-CaseStudy,1800000,1800000,Periodic-rebuild,cluster,0.0,2,0.0,0.0,0.960039,0.975457
MIMIC-IV-CaseStudy,1800000,1800000,Periodic-rebuild,cluster,0.0,3,0.0,0.0,0.96009,0.976006
MIMIC-IV-CaseStudy,1800000,1800000,Periodic-rebuild,cluster,0.0,4,0.0,0.0,0.96106,0.976747
MIMIC-IV-CaseStudy,1800000,1800000,Periodic-rebuild,cluster,0.0,5,0.0,0.0,0.962228,0.975191
MIMIC-IV-CaseStudy,1800000,1800000,Periodic-rebuild,cluster,0.0,6,0.0,0.0,0.957134,0.978685
MIMIC-IV-CaseStudy,1800000,1800000,Periodic-rebuild,cluster,0.0,7,0.0,0.0,0.955706,0.971359
MIMIC-IV-CaseStudy,1800000,1800000,Periodic-rebuild,cluster,0.0,8,0.0,0.0,0.959887,0.977679
MIMIC-IV-CaseStudy,1800000,1800000,Periodic-rebuild,cluster,0.0,9,0.0,0.0,0.958306,0.975862
MIMIC-IV-CaseStudy,1800000,1800000,Per-role-index,cluster,0.0,0,0.0,0.0,0.97584,0.978708
MIMIC-IV-CaseStudy,1800000,1800000,Per-role-index,cluster,0.0,1,0.0,0.0,0.969134,0.972512
MIMIC-IV-CaseStudy,1800000,1800000,Per-role-index,cluster,0.0,2,0.0,0.0,0.972277,0.974749
MIMIC-IV-CaseStudy,1800000,1800000,Per-role-index,cluster,0.0,3,0.0,0.0,0.968798,0.975365
MIMIC-IV-CaseStudy,1800000,1800000,Per-role-index,cluster,0.0,4,0.0,0.0,0.969692,0.974427
MIMIC-IV-CaseStudy,1800000,1800000,Per-role-index,cluster,0.0,5,0.0,0.0,0.971856,0.976218
MIMIC-IV-CaseStudy,1800000,1800000,Per-role-index,cluster,0.0,6,0.0,0.0,0.971084,0.974797
MIMIC-IV-CaseStudy,1800000,1800000,Per-role-index,cluster,0.0,7,0.0,0.0,0.972518,0.975711
MIMIC-IV-CaseStudy,1800000,1800000,Per-role-index,cluster,0.0,8,0.0,0.0,0.976791,0.978057
MIMIC-IV-CaseStudy,1800000,1800000,Per-role-index,cluster,0.0,9,0.0,0.0,0.972908,0.97661
MIMIC-IV-CaseStudy,1800000,1800000,ACORN,cluster,0.0,0,0.0,0.0,0.953504,0.976051
MIMIC-IV-CaseStudy,1800000,1800000,ACORN,cluster,0.0,1,0.0,0.0,0.959173,0.97865
MIMIC-IV-CaseStudy,1800000,1800000,ACORN,cluster,0.0,2,0.0,0.0,0.962849,0.979422
MIMIC-IV-CaseStudy,1800000,1800000,ACORN,cluster,0.0,3,0.0,0.0,0.953003,0.974726
MIMIC-IV-CaseStudy,1800000,1800000,ACORN,cluster,0.0,4,0.0,0.0,0.958135,0.976921
MIMIC-IV-CaseStudy,1800000,1800000,ACORN,cluster,0.0,5,0.0,0.0,0.956088,0.975787
MIMIC-IV-CaseStudy,1800000,1800000,ACORN,cluster,0.0,6,0.0,0.0,0.952052,0.974452
MIMIC-IV-CaseStudy,1800000,1800000,ACORN,cluster,0.0,7,0.0,0.0,0.959624,0.977281
MIMIC-IV-CaseStudy,1800000,1800000,ACORN,cluster,0.0,8,0.0,0.0,0.958373,0.977803
MIMIC-IV-CaseStudy,1800000,1800000,ACORN,cluster,0.0,9,0.0,0.0,0.959482,0.978446
MIMIC-IV-CaseStudy,1800000,1800000,HoneyBee,cluster,0.0,0,0.0,0.0,0.958096,0.973912
MIMIC-IV-CaseStudy,1800000,1800000,HoneyBee,cluster,0.0,1,0.0,0.0,0.961212,0.980538
MIMIC-IV-CaseStudy,1800000,1800000,HoneyBee,cluster,0.0,2,0.0,0.0,0.963887,0.981354
MIMIC-IV-CaseStudy,1800000,1800000,HoneyBee,cluster,0.0,3,0.0,0.0,0.957464,0.974371
MIMIC-IV-CaseStudy,1800000,1800000,HoneyBee,cluster,0.0,4,0.0,0.0,0.959183,0.978987
MIMIC-IV-CaseStudy,1800000,1800000,HoneyBee,cluster,0.0,5,0.0,0.0,0.960995,0.978374
MIMIC-IV-CaseStudy,1800000,1800000,HoneyBee,cluster,0.0,6,0.0,0.0,0.957433,0.977878
MIMIC-IV-CaseStudy,1800000,1800000,HoneyBee,cluster,0.0,7,0.0,0.0,0.957966,0.978363
MIMIC-IV-CaseStudy,1800000,1800000,HoneyBee,cluster,0.0,8,0.0,0.0,0.962548,0.978007
MIMIC-IV-CaseStudy,1800000,1800000,HoneyBee,cluster,0.0,9,0.0,0.0,0.954268,0.973524
MIMIC-IV-CaseStudy,1800000,1800000,SPFresh,cluster,0.0,0,0.0,0.0,0.952602,0.975853
MIMIC-IV-CaseStudy,1800000,1800000,SPFresh,cluster,0.0,1,0.0,0.0,0.948282,0.975103
MIMIC-IV-CaseStudy,1800000,1800000,SPFresh,cluster,0.0,2,0.0,0.0,0.950974,0.975971
MIMIC-IV-CaseStudy,1800000,1800000,SPFresh,cluster,0.0,3,0.0,0.0,0.95392,0.975496
MIMIC-IV-CaseStudy,1800000,1800000,SPFresh,cluster,0.0,4,0.0,0.0,0.953108,0.975245
MIMIC-IV-CaseStudy,1800000,1800000,SPFresh,cluster,0.0,5,0.0,0.0,0.952675,0.977472
MIMIC-IV-CaseStudy,1800000,1800000,SPFresh,cluster,0.0,6,0.0,0.0,0.94879,0.976217
MIMIC-IV-CaseStudy,1800000,1800000,SPFresh,cluster,0.0,7,0.0,0.0,0.948187,0.977842
MIMIC-IV-CaseStudy,1800000,1800000,SPFresh,cluster,0.0,8,0.0,0.0,0.945603,0.975419
MIMIC-IV-CaseStudy,1800000,1800000,SPFresh,cluster,0.0,9,0.0,0.0,0.945615,0.973003
MIMIC-IV-CaseStudy,1800000,1800000,Oracle,cluster,0.0,0,0.0,0.0,0.977718,0.977718
MIMIC-IV-CaseStudy,1800000,1800000,Oracle,cluster,0.0,1,0.0,0.0,0.975725,0.975725
MIMIC-IV-CaseStudy,1800000,1800000,Oracle,cluster,0.0,2,0.0,0.0,0.973375,0.973375
MIMIC-IV-CaseStudy,1800000,1800000,Oracle,cluster,0.0,3,0.0,0.0,0.979745,0.979745
MIMIC-IV-CaseStudy,1800000,1800000,Oracle,cluster,0.0,4,0.0,0.0,0.978191,0.978191
MIMIC-IV-CaseStudy,1800000,1800000,Oracle,cluster,0.0,5,0.0,0.0,0.974394,0.974394
MIMIC-IV-CaseStudy,1800000,1800000,Oracle,cluster,0.0,6,0.0,0.0,0.973679,0.973679
MIMIC-IV-CaseStudy,1800000,1800000,Oracle,cluster,0.0,7,0.0,0.0,0.977049,0.977049
MIMIC-IV-CaseStudy,1800000,1800000,Oracle,cluster,0.0,8,0.0,0.0,0.978205,0.978205
MIMIC-IV-CaseStudy,1800000,1800000,Oracle,cluster,0.0,9,0.0,0.0,0.975883,0.975883
MIMIC-IV-CaseStudy,1800000,1800000,Tombstone,cluster,0.1,0,0.0,0.049073,0.935419,0.975065
MIMIC-IV-CaseStudy,1800000,1800000,Tombstone,cluster,0.1,1,0.0,0.050621,0.937555,0.975763
MIMIC-IV-CaseStudy,1800000,1800000,Tombstone,cluster,0.1,2,0.0,0.050356,0.940453,0.97639
MIMIC-IV-CaseStudy,1800000,1800000,Tombstone,cluster,0.1,3,0.0,0.047198,0.938189,0.974633
MIMIC-IV-CaseStudy,1800000,1800000,Tombstone,cluster,0.1,4,0.0,0.04822,0.93859,0.977671
MIMIC-IV-CaseStudy,1800000,1800000,Tombstone,cluster,0.1,5,0.0,0.047797,0.94112,0.9789
MIMIC-IV-CaseStudy,1800000,1800000,Tombstone,cluster,0.1,6,0.0,0.051368,0.933239,0.974257
MIMIC-IV-CaseStudy,1800000,1800000,Tombstone,cluster,0.1,7,0.0,0.052799,0.937897,0.975821
MIMIC-IV-CaseStudy,1800000,1800000,Tombstone,cluster,0.1,8,0.0,0.049161,0.935027,0.974516
MIMIC-IV-CaseStudy,1800000,1800000,Tombstone,cluster,0.1,9,0.0,0.051814,0.939298,0.975745
MIMIC-IV-CaseStudy,1800000,1800000,Post-filter,cluster,0.1,0,0.0,0.053985,0.933198,0.976959
MIMIC-IV-CaseStudy,1800000,1800000,Post-filter,cluster,0.1,1,0.0,0.060499,0.931463,0.975431
MIMIC-IV-CaseStudy,1800000,1800000,Post-filter,cluster,0.1,2,0.0,0.055084,0.938705,0.978201
MIMIC-IV-CaseStudy,1800000,1800000,Post-filter,cluster,0.1,3,0.0,0.055215,0.925004,0.971504
MIMIC-IV-CaseStudy,1800000,1800000,Post-filter,cluster,0.1,4,0.0,0.053373,0.932367,0.978021
MIMIC-IV-CaseStudy,1800000,1800000,Post-filter,cluster,0.1,5,0.0,0.052925,0.930651,0.975072
MIMIC-IV-CaseStudy,1800000,1800000,Post-filter,cluster,0.1,6,0.0,0.053432,0.936292,0.978646
MIMIC-IV-CaseStudy,1800000,1800000,Post-filter,cluster,0.1,7,0.0,0.052619,0.929483,0.975797
MIMIC-IV-CaseStudy,1800000,1800000,Post-filter,cluster,0.1,8,0.0,0.057207,0.932365,0.976968
MIMIC-IV-CaseStudy,1800000,1800000,Post-filter,cluster,0.1,9,0.0,0.054451,0.933452,0.977652
MIMIC-IV-CaseStudy,1800000,1800000,Lethe,cluster,0.1,0,0.0,0.003312,0.972073,0.977775
MIMIC-IV-CaseStudy,1800000,1800000,Lethe,cluster,0.1,1,0.0,0.004791,0.96683,0.973944
MIMIC-IV-CaseStudy,1800000,1800000,Lethe,cluster,0.1,2,0.0,0.004316,0.97412,0.976728
MIMIC-IV-CaseStudy,1800000,1800000,Lethe,cluster,0.1,3,0.0,0.0075,0.97252,0.975354
MIMIC-IV-CaseStudy,1800000,1800000,Lethe,cluster,0.1,4,0.0,0.003994,0.973792,0.977624
MIMIC-IV-CaseStudy,1800000,1800000,Lethe,cluster,0.1,5,0.0,0.0,0.967381,0.971572
MIMIC-IV-CaseStudy,1800000,1800000,Lethe,cluster,0.1,6,0.0,0.008294,0.968526,0.975046
MIMIC-IV-CaseStudy,1800000,1800000,Lethe,cluster,0.1,7,0.0,0.000674,0.97257,0.975266
MIMIC-IV-CaseStudy,1800000,1800000,Lethe,cluster,0.1,8,0.0,0.0,0.969757,0.976238
MIMIC-IV-CaseStudy,1800000,1800000,Lethe,cluster,0.1,9,0.0,0.0,0.968401,0.972974
MIMIC-IV-CaseStudy,1800000,1800000,Lethe-no-bypass,cluster,0.1,0,0.0,0.015799,0.920346,0.97454
MIMIC-IV-CaseStudy,1800000,1800000,Lethe-no-bypass,cluster,0.1,1,0.0,0.015193,0.917791,0.972171
MIMIC-IV-CaseStudy,1800000,1800000,Lethe-no-bypass,cluster,0.1,2,0.0,0.016479,0.922599,0.975512
MIMIC-IV-CaseStudy,1800000,1800000,Lethe-no-bypass,cluster,0.1,3,0.0,0.020045,0.920502,0.97715
MIMIC-IV-CaseStudy,1800000,1800000,Lethe-no-bypass,cluster,0.1,4,0.0,0.017961,0.918978,0.975663
MIMIC-IV-CaseStudy,1800000,1800000,Lethe-no-bypass,cluster,0.1,5,0.0,0.018464,0.920759,0.976009
MIMIC-IV-CaseStudy,1800000,1800000,Lethe-no-bypass,cluster,0.1,6,0.0,0.012162,0.916654,0.971945
MIMIC-IV-CaseStudy,1800000,1800000,Lethe-no-bypass,cluster,0.1,7,0.0,0.020571,0.922414,0.975945
MIMIC-IV-CaseStudy,1800000,1800000,Lethe-no-bypass,cluster,0.1,8,0.0,0.018019,0.923241,0.977013
MIMIC-IV-CaseStudy,1800000,1800000,Lethe-no-bypass,cluster,0.1,9,0.0,0.015732,0.918701,0.973895
MIMIC-IV-CaseStudy,1800000,1800000,Lethe-no-revaware-traversal,cluster,0.1,0,0.0,0.049889,0.950735,0.976028
MIMIC-IV-CaseStudy,1800000,1800000,Lethe-no-revaware-traversal,cluster,0.1,1,0.0,0.045805,0.94729,0.974111
MIMIC-IV-CaseStudy,1800000,1800000,Lethe-no-revaware-traversal,cluster,0.1,2,0.0,0.047506,0.953249,0.978027
MIMIC-IV-CaseStudy,1800000,1800000,Lethe-no-revaware-traversal,cluster,0.1,3,0.0,0.050601,0.954639,0.977725
MIMIC-IV-CaseStudy,1800000,1800000,Lethe-no-revaware-traversal,cluster,0.1,4,0.0,0.045908,0.946594,0.97273
MIMIC-IV-CaseStudy,1800000,1800000,Lethe-no-revaware-traversal,cluster,0.1,5,0.0,0.042893,0.949168,0.973769
MIMIC-IV-CaseStudy,1800000,1800000,Lethe-no-revaware-traversal,cluster,0.1,6,0.0,0.045093,0.948679,0.974973
MIMIC-IV-CaseStudy,1800000,1800000,Lethe-no-revaware-traversal,cluster,0.1,7,0.0,0.050207,0.948817,0.974849
MIMIC-IV-CaseStudy,1800000,1800000,Lethe-no-revaware-traversal,cluster,0.1,8,0.0,0.047452,0.952771,0.973902
MIMIC-IV-CaseStudy,1800000,1800000,Lethe-no-revaware-traversal,cluster,0.1,9,0.0,0.050437,0.953163,0.977742
MIMIC-IV-CaseStudy,1800000,1800000,Physical-delete,cluster,0.1,0,0.0,0.009237,0.939471,0.976468
MIMIC-IV-CaseStudy,1800000,1800000,Physical-delete,cluster,0.1,1,0.0,0.012582,0.937173,0.977026
MIMIC-IV-CaseStudy,1800000,1800000,Physical-delete,cluster,0.1,2,0.0,0.012939,0.947057,0.983021
MIMIC-IV-CaseStudy,1800000,1800000,Physical-delete,cluster,0.1,3,0.0,0.010788,0.937869,0.974433
MIMIC-IV-CaseStudy,1800000,1800000,Physical-delete,cluster,0.1,4,0.0,0.017066,0.938952,0.975778
MIMIC-IV-CaseStudy,1800000,1800000,Physical-delete,cluster,0.1,5,0.0,0.007394,0.937303,0.975178
MIMIC-IV-CaseStudy,1800000,1800000,Physical-delete,cluster,0.1,6,0.0,0.013215,0.940165,0.976441
MIMIC-IV-CaseStudy,1800000,1800000,Physical-delete,cluster,0.1,7,0.0,0.009842,0.945041,0.979678
MIMIC-IV-CaseStudy,1800000,1800000,Physical-delete,cluster,0.1,8,0.0,0.013953,0.944477,0.978908
MIMIC-IV-CaseStudy,1800000,1800000,Physical-delete,cluster,0.1,9,0.0,0.016648,0.940832,0.977016
MIMIC-IV-CaseStudy,1800000,1800000,Periodic-rebuild,cluster,0.1,0,0.0,0.024537,0.960439,0.977945
MIMIC-IV-CaseStudy,1800000,1800000,Periodic-rebuild,cluster,0.1,1,0.0,0.020655,0.956574,0.975072
MIMIC-IV-CaseStudy,1800000,1800000,Periodic-rebuild,cluster,0.1,2,0.0,0.024942,0.960781,0.976221
MIMIC-IV-CaseStudy,1800000,1800000,Periodic-rebuild,cluster,0.1,3,0.0,0.024434,0.952867,0.97484
MIMIC-IV-CaseStudy,1800000,1800000,Periodic-rebuild,cluster,0.1,4,0.0,0.025677,0.959695,0.976556
MIMIC-IV-CaseStudy,1800000,1800000,Periodic-rebuild,cluster,0.1,5,0.0,0.02196,0.955624,0.975814
MIMIC-IV-CaseStudy,1800000,1800000,Periodic-rebuild,cluster,0.1,6,0.0,0.026224,0.957722,0.975727
MIMIC-IV-CaseStudy,1800000,1800000,Periodic-rebuild,cluster,0.1,7,0.0,0.023652,0.955155,0.976095
MIMIC-IV-CaseStudy,1800000,1800000,Periodic-rebuild,cluster,0.1,8,0.0,0.022603,0.960872,0.978887
MIMIC-IV-CaseStudy,1800000,1800000,Periodic-rebuild,cluster,0.1,9,0.0,0.017465,0.962249,0.978219
MIMIC-IV-CaseStudy,1800000,1800000,Per-role-index,cluster,0.1,0,0.0,0.00401,0.971285,0.976188
MIMIC-IV-CaseStudy,1800000,1800000,Per-role-index,cluster,0.1,1,0.0,0.0,0.972701,0.978835
MIMIC-IV-CaseStudy,1800000,1800000,Per-role-index,cluster,0.1,2,0.0,0.000238,0.978784,0.978512
MIMIC-IV-CaseStudy,1800000,1800000,Per-role-index,cluster,0.1,3,0.0,0.00146,0.970397,0.975024
MIMIC-IV-CaseStudy,1800000,1800000,Per-role-index,cluster,0.1,4,0.0,0.0,0.972137,0.975912
MIMIC-IV-CaseStudy,1800000,1800000,Per-role-index,cluster,0.1,5,0.0,0.002261,0.973729,0.977532
MIMIC-IV-CaseStudy,1800000,1800000,Per-role-index,cluster,0.1,6,0.0,0.001095,0.970995,0.978185
MIMIC-IV-CaseStudy,1800000,1800000,Per-role-index,cluster,0.1,7,0.0,0.001708,0.969799,0.975651
MIMIC-IV-CaseStudy,1800000,1800000,Per-role-index,cluster,0.1,8,0.0,0.0,0.96901,0.971451
MIMIC-IV-CaseStudy,1800000,1800000,Per-role-index,cluster,0.1,9,0.0,0.004035,0.972195,0.975298
MIMIC-IV-CaseStudy,1800000,1800000,ACORN,cluster,0.1,0,0.0,0.021995,0.956148,0.97426
MIMIC-IV-CaseStudy,1800000,1800000,ACORN,cluster,0.1,1,0.0,0.020936,0.956402,0.977263
MIMIC-IV-CaseStudy,1800000,1800000,ACORN,cluster,0.1,2,0.0,0.019417,0.955408,0.975445
MIMIC-IV-CaseStudy,1800000,1800000,ACORN,cluster,0.1,3,0.0,0.02307,0.956242,0.976626
MIMIC-IV-CaseStudy,1800000,1800000,ACORN,cluster,0.1,4,0.0,0.022829,0.963266,0.977985
MIMIC-IV-CaseStudy,1800000,1800000,ACORN,cluster,0.1,5,0.0,0.023374,0.958188,0.978953
MIMIC-IV-CaseStudy,1800000,1800000,ACORN,cluster,0.1,6,0.0,0.022592,0.955742,0.974954
MIMIC-IV-CaseStudy,1800000,1800000,ACORN,cluster,0.1,7,0.0,0.021182,0.958091,0.978082
MIMIC-IV-CaseStudy,1800000,1800000,ACORN,cluster,0.1,8,0.0,0.022802,0.951905,0.974928
MIMIC-IV-CaseStudy,1800000,1800000,ACORN,cluster,0.1,9,0.0,0.018908,0.954521,0.976194
MIMIC-IV-CaseStudy,1800000,1800000,HoneyBee,cluster,0.1,0,0.0,0.019722,0.954759,0.976518
MIMIC-IV-CaseStudy,1800000,1800000,HoneyBee,cluster,0.1,1,0.0,0.022475,0.957032,0.974915
MIMIC-IV-CaseStudy,1800000,1800000,HoneyBee,cluster,0.1,2,0.0,0.017372,0.960044,0.977909
MIMIC-IV-CaseStudy,1800000,1800000,HoneyBee,cluster,0.1,3,0.0,0.01453,0.959334,0.976832
MIMIC-IV-CaseStudy,1800000,1800000,HoneyBee,cluster,0.1,4,0.0,0.012874,0.955198,0.974881
MIMIC-IV-CaseStudy,1800000,1800000,HoneyBee,cluster,0.1,5,0.0,0.017437,0.956898,0.975622
MIMIC-IV-CaseStudy,1800000,1800000,HoneyBee,cluster,0.1,6,0.0,0.017304,0.95966,0.976468
MIMIC-IV-CaseStudy,1800000,1800000,HoneyBee,cluster,0.1,7,0.0,0.019051,0.959489,0.97611
MIMIC-IV-CaseStudy,1800000,1800000,HoneyBee,cluster,0.1,8,0.0,0.012461,0.958557,0.9753
MIMIC-IV-CaseStudy,1800000,1800000,HoneyBee,cluster,0.1,9,0.0,0.016334,0.959958,0.978422
MIMIC-IV-CaseStudy,1800000,1800000,SPFresh,cluster,0.1,0,0.0,0.030479,0.948395,0.976653
MIMIC-IV-CaseStudy,1800000,1800000,SPFresh,cluster,0.1,1,0.0,0.027402,0.95347,0.979639
MIMIC-IV-CaseStudy,1800000,1800000,SPFresh,cluster,0.1,2,0.0,0.035647,0.948583,0.975997
MIMIC-IV-CaseStudy,1800000,1800000,SPFresh,cluster,0.1,3,0.0,0.028571,0.949017,0.977953
MIMIC-IV-CaseStudy,1800000,1800000,SPFresh,cluster,0.1,4,0.0,0.030367,0.947022,0.977585
MIMIC-IV-CaseStudy,1800000,1800000,SPFresh,cluster,0.1,5,0.0,0.032553,0.948152,0.974563
MIMIC-IV-CaseStudy,1800000,1800000,SPFresh,cluster,0.1,6,0.0,0.033495,0.947702,0.97431
MIMIC-IV-CaseStudy,1800000,1800000,SPFresh,cluster,0.1,7,0.0,0.030711,0.952293,0.977393
MIMIC-IV-CaseStudy,1800000,1800000,SPFresh,cluster,0.1,8,0.0,0.032079,0.949703,0.976066
MIMIC-IV-CaseStudy,1800000,1800000,SPFresh,cluster,0.1,9,0.0,0.034101,0.948501,0.974556
MIMIC-IV-CaseStudy,1800000,1800000,Oracle,cluster,0.1,0,0.0,0.0,0.977746,0.977746
MIMIC-IV-CaseStudy,1800000,1800000,Oracle,cluster,0.1,1,0.0,0.0,0.97658,0.97658
MIMIC-IV-CaseStudy,1800000,1800000,Oracle,cluster,0.1,2,0.0,0.0,0.975364,0.975364
MIMIC-IV-CaseStudy,1800000,1800000,Oracle,cluster,0.1,3,0.0,0.0,0.977633,0.977633
MIMIC-IV-CaseStudy,1800000,1800000,Oracle,cluster,0.1,4,0.0,0.0,0.979498,0.979498
MIMIC-IV-CaseStudy,1800000,1800000,Oracle,cluster,0.1,5,0.0,0.0,0.978426,0.978426
MIMIC-IV-CaseStudy,1800000,1800000,Oracle,cluster,0.1,6,0.0,0.0,0.975765,0.975765
MIMIC-IV-CaseStudy,1800000,1800000,Oracle,cluster,0.1,7,0.0,0.0,0.974929,0.974929
MIMIC-IV-CaseStudy,1800000,1800000,Oracle,cluster,0.1,8,0.0,0.0,0.971739,0.971739
MIMIC-IV-CaseStudy,1800000,1800000,Oracle,cluster,0.1,9,0.0,0.0,0.976463,0.976463
MIMIC-IV-CaseStudy,1800000,1800000,Tombstone,cluster,0.2,0,0.0,0.084529,0.934718,0.974374
MIMIC-IV-CaseStudy,1800000,1800000,Tombstone,cluster,0.2,1,0.0,0.088585,0.932881,0.975757
MIMIC-IV-CaseStudy,1800000,1800000,Tombstone,cluster,0.2,2,0.0,0.087188,0.942169,0.978628
MIMIC-IV-CaseStudy,1800000,1800000,Tombstone,cluster,0.2,3,0.0,0.08537,0.937228,0.975287
MIMIC-IV-CaseStudy,1800000,1800000,Tombstone,cluster,0.2,4,0.0,0.086185,0.938755,0.976479
MIMIC-IV-CaseStudy,1800000,1800000,Tombstone,cluster,0.2,5,0.0,0.09007,0.934196,0.97423
MIMIC-IV-CaseStudy,1800000,1800000,Tombstone,cluster,0.2,6,0.0,0.082418,0.939304,0.976818
MIMIC-IV-CaseStudy,1800000,1800000,Tombstone,cluster,0.2,7,0.0,0.094046,0.93753,0.976153
MIMIC-IV-CaseStudy,1800000,1800000,Tombstone,cluster,0.2,8,0.0,0.083068,0.940635,0.979434
MIMIC-IV-CaseStudy,1800000,1800000,Tombstone,cluster,0.2,9,0.0,0.084117,0.941489,0.97764
MIMIC-IV-CaseStudy,1800000,1800000,Post-filter,cluster,0.2,0,0.0,0.091892,0.929318,0.97406
MIMIC-IV-CaseStudy,1800000,1800000,Post-filter,cluster,0.2,1,0.0,0.094451,0.929483,0.974288
MIMIC-IV-CaseStudy,1800000,1800000,Post-filter,cluster,0.2,2,0.0,0.094752,0.935937,0.980345
MIMIC-IV-CaseStudy,1800000,1800000,Post-filter,cluster,0.2,3,0.0,0.091491,0.929051,0.973285
MIMIC-IV-CaseStudy,1800000,1800000,Post-filter,cluster,0.2,4,0.0,0.092221,0.933397,0.976113
MIMIC-IV-CaseStudy,1800000,1800000,Post-filter,cluster,0.2,5,0.0,0.096068,0.93272,0.977666
MIMIC-IV-CaseStudy,1800000,1800000,Post-filter,cluster,0.2,6,0.0,0.090727,0.930336,0.978302
MIMIC-IV-CaseStudy,1800000,1800000,Post-filter,cluster,0.2,7,0.0,0.094427,0.934553,0.978023
MIMIC-IV-CaseStudy,1800000,1800000,Post-filter,cluster,0.2,8,0.0,0.093511,0.934921,0.975411
MIMIC-IV-CaseStudy,1800000,1800000,Post-filter,cluster,0.2,9,0.0,0.095095,0.927386,0.97454
MIMIC-IV-CaseStudy,1800000,1800000,Lethe,cluster,0.2,0,0.0,0.000917,0.972694,0.977855
MIMIC-IV-CaseStudy,1800000,1800000,Lethe,cluster,0.2,1,0.0,0.008042,0.971852,0.977339
MIMIC-IV-CaseStudy,1800000,1800000,Lethe,cluster,0.2,2,0.0,0.006656,0.975433,0.976442
MIMIC-IV-CaseStudy,1800000,1800000,Lethe,cluster,0.2,3,0.0,0.002161,0.968658,0.972653
MIMIC-IV-CaseStudy,1800000,1800000,Lethe,cluster,0.2,4,0.0,0.003276,0.972655,0.97747
MIMIC-IV-CaseStudy,1800000,1800000,Lethe,cluster,0.2,5,0.0,0.004591,0.967449,0.974193
MIMIC-IV-CaseStudy,1800000,1800000,Lethe,cluster,0.2,6,0.0,0.004061,0.970817,0.972753
MIMIC-IV-CaseStudy,1800000,1800000,Lethe,cluster,0.2,7,0.0,0.007773,0.971186,0.976113
MIMIC-IV-CaseStudy,1800000,1800000,Lethe,cluster,0.2,8,0.0,0.005407,0.978585,0.979174
MIMIC-IV-CaseStudy,1800000,1800000,Lethe,cluster,0.2,9,0.0,0.006997,0.973695,0.979564
MIMIC-IV-CaseStudy,1800000,1800000,Lethe-no-bypass,cluster,0.2,0,0.0,0.034355,0.919941,0.973521
MIMIC-IV-CaseStudy,1800000,1800000,Lethe-no-bypass,cluster,0.2,1,0.0,0.030303,0.919756,0.978163
MIMIC-IV-CaseStudy,1800000,1800000,Lethe-no-bypass,cluster,0.2,2,0.0,0.027001,0.927268,0.979643
MIMIC-IV-CaseStudy,1800000,1800000,Lethe-no-bypass,cluster,0.2,3,0.0,0.029835,0.924235,0.979018
MIMIC-IV-CaseStudy,1800000,1800000,Lethe-no-bypass,cluster,0.2,4,0.0,0.030407,0.919531,0.976958
MIMIC-IV-CaseStudy,1800000,1800000,Lethe-no-bypass,cluster,0.2,5,0.0,0.024757,0.920333,0.976181
MIMIC-IV-CaseStudy,1800000,1800000,Lethe-no-bypass,cluster,0.2,6,0.0,0.025864,0.919032,0.975534
MIMIC-IV-CaseStudy,1800000,1800000,Lethe-no-bypass,cluster,0.2,7,0.0,0.023902,0.91875,0.97423
MIMIC-IV-CaseStudy,1800000,1800000,Lethe-no-bypass,cluster,0.2,8,0.0,0.034189,0.921844,0.976806
MIMIC-IV-CaseStudy,1800000,1800000,Lethe-no-bypass,cluster,0.2,9,0.0,0.028952,0.917832,0.9731
MIMIC-IV-CaseStudy,1800000,1800000,Lethe-no-revaware-traversal,cluster,0.2,0,0.0,0.087541,0.948663,0.974591
MIMIC-IV-CaseStudy,1800000,1800000,Lethe-no-revaware-traversal,cluster,0.2,1,0.0,0.08608,0.947833,0.975753
MIMIC-IV-CaseStudy,1800000,1800000,Lethe-no-revaware-traversal,cluster,0.2,2,0.0,0.078367,0.951663,0.97722
MIMIC-IV-CaseStudy,1800000,1800000,Lethe-no-revaware-traversal,cluster,0.2,3,0.0,0.084682,0.945722,0.972025
MIMIC-IV-CaseStudy,1800000,1800000,Lethe-no-revaware-traversal,cluster,0.2,4,0.0,0.08702,0.947681,0.975958
MIMIC-IV-CaseStudy,1800000,1800000,Lethe-no-revaware-traversal,cluster,0.2,5,0.0,0.082057,0.950546,0.97714
MIMIC-IV-CaseStudy,1800000,1800000,Lethe-no-revaware-traversal,cluster,0.2,6,0.0,0.0789,0.945431,0.974565
MIMIC-IV-CaseStudy,1800000,1800000,Lethe-no-revaware-traversal,cluster,0.2,7,0.0,0.076982,0.949671,0.974303
MIMIC-IV-CaseStudy,1800000,1800000,Lethe-no-revaware-traversal,cluster,0.2,8,0.0,0.080107,0.951798,0.977169
MIMIC-IV-CaseStudy,1800000,1800000,Lethe-no-revaware-traversal,cluster,0.2,9,0.0,0.084679,0.948749,0.974457
MIMIC-IV-CaseStudy,1800000,1800000,Physical-delete,cluster,0.2,0,0.0,0.026709,0.937023,0.975118
MIMIC-IV-CaseStudy,1800000,1800000,Physical-delete,cluster,0.2,1,0.0,0.020841,0.938139,0.972345
MIMIC-IV-CaseStudy,1800000,1800000,Physical-delete,cluster,0.2,2,0.0,0.022167,0.938864,0.97492
MIMIC-IV-CaseStudy,1800000,1800000,Physical-delete,cluster,0.2,3,0.0,0.016381,0.941289,0.976125
MIMIC-IV-CaseStudy,1800000,1800000,Physical-delete,cluster,0.2,4,0.0,0.021762,0.940404,0.975565
MIMIC-IV-CaseStudy,1800000,1800000,Physical-delete,cluster,0.2,5,0.0,0.023937,0.93606,0.973209
MIMIC-IV-CaseStudy,1800000,1800000,Physical-delete,cluster,0.2,6,0.0,0.023926,0.938484,0.978171
MIMIC-IV-CaseStudy,1800000,1800000,Physical-delete,cluster,0.2,7,0.0,0.019856,0.940114,0.976796
MIMIC-IV-CaseStudy,1800000,1800000,Physical-delete,cluster,0.2,8,0.0,0.026918,0.946867,0.979646
MIMIC-IV-CaseStudy,1800000,1800000,Physical-delete,cluster,0.2,9,0.0,0.017594,0.945039,0.978556
MIMIC-IV-CaseStudy,1800000,1800000,Periodic-rebuild,cluster,0.2,0,0.0,0.03817,0.954748,0.972338
MIMIC-IV-CaseStudy,1800000,1800000,Periodic-rebuild,cluster,0.2,1,0.0,0.039848,0.958572,0.976377
MIMIC-IV-CaseStudy,1800000,1800000,Periodic-rebuild,cluster,0.2,2,0.0,0.03897,0.954921,0.970883
MIMIC-IV-CaseStudy,1800000,1800000,Periodic-rebuild,cluster,0.2,3,0.0,0.037612,0.961231,0.978106
MIMIC-IV-CaseStudy,1800000,1800000,Periodic-rebuild,cluster,0.2,4,0.0,0.040891,0.958497,0.975528
MIMIC-IV-CaseStudy,1800000,1800000,Periodic-rebuild,cluster,0.2,5,0.0,0.043339,0.960136,0.978451
MIMIC-IV-CaseStudy,1800000,1800000,Periodic-rebuild,cluster,0.2,6,0.0,0.044789,0.958491,0.975467
MIMIC-IV-CaseStudy,1800000,1800000,Periodic-rebuild,cluster,0.2,7,0.0,0.047446,0.966511,0.982654
MIMIC-IV-CaseStudy,1800000,1800000,Periodic-rebuild,cluster,0.2,8,0.0,0.035264,0.958298,0.975885
MIMIC-IV-CaseStudy,1800000,1800000,Periodic-rebuild,cluster,0.2,9,0.0,0.039882,0.959213,0.978098
MIMIC-IV-CaseStudy,1800000,1800000,Per-role-index,cluster,0.2,0,0.0,0.00439,0.976861,0.977008
MIMIC-IV-CaseStudy,1800000,1800000,Per-role-index,cluster,0.2,1,0.0,0.0,0.970101,0.975506
MIMIC-IV-CaseStudy,1800000,1800000,Per-role-index,cluster,0.2,2,0.0,0.002015,0.969319,0.975739
MIMIC-IV-CaseStudy,1800000,1800000,Per-role-index,cluster,0.2,3,0.0,0.008838,0.969418,0.973114
MIMIC-IV-CaseStudy,1800000,1800000,Per-role-index,cluster,0.2,4,0.0,0.008131,0.970884,0.976753
MIMIC-IV-CaseStudy,1800000,1800000,Per-role-index,cluster,0.2,5,0.0,0.002939,0.96788,0.97303
MIMIC-IV-CaseStudy,1800000,1800000,Per-role-index,cluster,0.2,6,0.0,0.0,0.975505,0.976942
MIMIC-IV-CaseStudy,1800000,1800000,Per-role-index,cluster,0.2,7,0.0,0.002705,0.971004,0.976733
MIMIC-IV-CaseStudy,1800000,1800000,Per-role-index,cluster,0.2,8,0.0,0.000263,0.968113,0.975435
MIMIC-IV-CaseStudy,1800000,1800000,Per-role-index,cluster,0.2,9,0.0,0.001983,0.973265,0.979469
MIMIC-IV-CaseStudy,1800000,1800000,ACORN,cluster,0.2,0,0.0,0.040162,0.953582,0.97541
MIMIC-IV-CaseStudy,1800000,1800000,ACORN,cluster,0.2,1,0.0,0.040911,0.95491,0.976449
MIMIC-IV-CaseStudy,1800000,1800000,ACORN,cluster,0.2,2,0.0,0.033015,0.953245,0.97499
MIMIC-IV-CaseStudy,1800000,1800000,ACORN,cluster,0.2,3,0.0,0.037507,0.955065,0.976801
MIMIC-IV-CaseStudy,1800000,1800000,ACORN,cluster,0.2,4,0.0,0.039178,0.952973,0.975625
MIMIC-IV-CaseStudy,1800000,1800000,ACORN,cluster,0.2,5,0.0,0.035851,0.953956,0.977332
MIMIC-IV-CaseStudy,1800000,1800000,ACORN,cluster,0.2,6,0.0,0.035129,0.959323,0.976139
MIMIC-IV-CaseStudy,1800000,1800000,ACORN,cluster,0.2,7,0.0,0.033857,0.948984,0.971775
MIMIC-IV-CaseStudy,1800000,1800000,ACORN,cluster,0.2,8,0.0,0.031868,0.958291,0.97689
MIMIC-IV-CaseStudy,1800000,1800000,ACORN,cluster,0.2,9,0.0,0.035346,0.959604,0.979117
MIMIC-IV-CaseStudy,1800000,1800000,HoneyBee,cluster,0.2,0,0.0,0.035306,0.955879,0.978279
MIMIC-IV-CaseStudy,1800000,1800000,HoneyBee,cluster,0.2,1,0.0,0.027312,0.955787,0.972856
MIMIC-IV-CaseStudy,1800000,1800000,HoneyBee,cluster,0.2,2,0.0,0.034229,0.957915,0.976298
MIMIC-IV-CaseStudy,1800000,1800000,HoneyBee,cluster,0.2,3,0.0,0.035179,0.954758,0.97668
MIMIC-IV-CaseStudy,1800000,1800000,HoneyBee,cluster,0.2,4,0.0,0.031611,0.953113,0.972636
MIMIC-IV-CaseStudy,1800000,1800000,HoneyBee,cluster,0.2,5,0.0,0.028525,0.953785,0.973115
MIMIC-IV-CaseStudy,1800000,1800000,HoneyBee,cluster,0.2,6,0.0,0.031713,0.957915,0.975767
MIMIC-IV-CaseStudy,1800000,1800000,HoneyBee,cluster,0.2,7,0.0,0.029794,0.962247,0.977594
MIMIC-IV-CaseStudy,1800000,1800000,HoneyBee,cluster,0.2,8,0.0,0.030119,0.957483,0.975122
MIMIC-IV-CaseStudy,1800000,1800000,HoneyBee,cluster,0.2,9,0.0,0.029264,0.957298,0.976931
MIMIC-IV-CaseStudy,1800000,1800000,SPFresh,cluster,0.2,0,0.0,0.049877,0.946124,0.97235
MIMIC-IV-CaseStudy,1800000,1800000,SPFresh,cluster,0.2,1,0.0,0.052033,0.948778,0.975583
MIMIC-IV-CaseStudy,1800000,1800000,SPFresh,cluster,0.2,2,0.0,0.050602,0.947895,0.974824
MIMIC-IV-CaseStudy,1800000,1800000,SPFresh,cluster,0.2,3,0.0,0.054254,0.946199,0.973414
MIMIC-IV-CaseStudy,1800000,1800000,SPFresh,cluster,0.2,4,0.0,0.055414,0.951134,0.97325
MIMIC-IV-CaseStudy,1800000,1800000,SPFresh,cluster,0.2,5,0.0,0.054128,0.946591,0.975358
MIMIC-IV-CaseStudy,1800000,1800000,SPFresh,cluster,0.2,6,0.0,0.050666,0.95106,0.977542
MIMIC-IV-CaseStudy,1800000,1800000,SPFresh,cluster,0.2,7,0.0,0.056561,0.946219,0.974702
MIMIC-IV-CaseStudy,1800000,1800000,SPFresh,cluster,0.2,8,0.0,0.05361,0.94922,0.976186
MIMIC-IV-CaseStudy,1800000,1800000,SPFresh,cluster,0.2,9,0.0,0.05824,0.947656,0.976611
MIMIC-IV-CaseStudy,1800000,1800000,Oracle,cluster,0.2,0,0.0,0.0,0.975353,0.975353
MIMIC-IV-CaseStudy,1800000,1800000,Oracle,cluster,0.2,1,0.0,0.0,0.976885,0.976885
MIMIC-IV-CaseStudy,1800000,1800000,Oracle,cluster,0.2,2,0.0,0.0,0.979667,0.979667
MIMIC-IV-CaseStudy,1800000,1800000,Oracle,cluster,0.2,3,0.0,0.0,0.973714,0.973714
MIMIC-IV-CaseStudy,1800000,1800000,Oracle,cluster,0.2,4,0.0,0.0,0.979786,0.979786
MIMIC-IV-CaseStudy,1800000,1800000,Oracle,cluster,0.2,5,0.0,0.0,0.976048,0.976048
MIMIC-IV-CaseStudy,1800000,1800000,Oracle,cluster,0.2,6,0.0,0.0,0.979973,0.979973
MIMIC-IV-CaseStudy,1800000,1800000,Oracle,cluster,0.2,7,0.0,0.0,0.973879,0.973879
MIMIC-IV-CaseStudy,1800000,1800000,Oracle,cluster,0.2,8,0.0,0.0,0.975273,0.975273
MIMIC-IV-CaseStudy,1800000,1800000,Oracle,cluster,0.2,9,0.0,0.0,0.9742,0.9742
MIMIC-IV-CaseStudy,1800000,1800000,Tombstone,cluster,0.3,0,0.0,0.11782,0.935213,0.973968
MIMIC-IV-CaseStudy,1800000,1800000,Tombstone,cluster,0.3,1,0.0,0.115775,0.933084,0.974891
MIMIC-IV-CaseStudy,1800000,1800000,Tombstone,cluster,0.3,2,0.0,0.113613,0.931909,0.971956
MIMIC-IV-CaseStudy,1800000,1800000,Tombstone,cluster,0.3,3,0.0,0.116752,0.941649,0.976735
MIMIC-IV-CaseStudy,1800000,1800000,Tombstone,cluster,0.3,4,0.0,0.121158,0.933544,0.974322
MIMIC-IV-CaseStudy,1800000,1800000,Tombstone,cluster,0.3,5,0.0,0.122934,0.935,0.975207
MIMIC-IV-CaseStudy,1800000,1800000,Tombstone,cluster,0.3,6,0.0,0.117448,0.931222,0.973831
MIMIC-IV-CaseStudy,1800000,1800000,Tombstone,cluster,0.3,7,0.0,0.114076,0.935228,0.975434
MIMIC-IV-CaseStudy,1800000,1800000,Tombstone,cluster,0.3,8,0.0,0.121128,0.929987,0.973888
MIMIC-IV-CaseStudy,1800000,1800000,Tombstone,cluster,0.3,9,0.0,0.118801,0.933481,0.973985
MIMIC-IV-CaseStudy,1800000,1800000,Post-filter,cluster,0.3,0,0.0,0.122413,0.927683,0.97369
MIMIC-IV-CaseStudy,1800000,1800000,Post-filter,cluster,0.3,1,0.0,0.133323,0.926775,0.974405
MIMIC-IV-CaseStudy,1800000,1800000,Post-filter,cluster,0.3,2,0.0,0.130812,0.933739,0.975418
MIMIC-IV-CaseStudy,1800000,1800000,Post-filter,cluster,0.3,3,0.0,0.122668,0.930498,0.973383
MIMIC-IV-CaseStudy,1800000,1800000,Post-filter,cluster,0.3,4,0.0,0.136071,0.932171,0.976165
MIMIC-IV-CaseStudy,1800000,1800000,Post-filter,cluster,0.3,5,0.0,0.128416,0.930884,0.976612
MIMIC-IV-CaseStudy,1800000,1800000,Post-filter,cluster,0.3,6,0.0,0.1246,0.933692,0.977706
MIMIC-IV-CaseStudy,1800000,1800000,Post-filter,cluster,0.3,7,0.0,0.127383,0.933516,0.977153
MIMIC-IV-CaseStudy,1800000,1800000,Post-filter,cluster,0.3,8,0.0,0.130627,0.929988,0.972569
MIMIC-IV-CaseStudy,1800000,1800000,Post-filter,cluster,0.3,9,0.0,0.126241,0.934595,0.979763
MIMIC-IV-CaseStudy,1800000,1800000,Lethe,cluster,0.3,0,0.0,0.009139,0.975992,0.979872
MIMIC-IV-CaseStudy,1800000,1800000,Lethe,cluster,0.3,1,0.0,0.006571,0.969016,0.972493
MIMIC-IV-CaseStudy,1800000,1800000,Lethe,cluster,0.3,2,0.0,0.001947,0.973365,0.976984
MIMIC-IV-CaseStudy,1800000,1800000,Lethe,cluster,0.3,3,0.0,0.009054,0.972669,0.978325
MIMIC-IV-CaseStudy,1800000,1800000,Lethe,cluster,0.3,4,0.0,0.006191,0.970022,0.975552
MIMIC-IV-CaseStudy,1800000,1800000,Lethe,cluster,0.3,5,0.0,0.003371,0.967816,0.975813
MIMIC-IV-CaseStudy,1800000,1800000,Lethe,cluster,0.3,6,0.0,0.007301,0.970744,0.976101
MIMIC-IV-CaseStudy,1800000,1800000,Lethe,cluster,0.3,7,0.0,0.004382,0.972955,0.977966
MIMIC-IV-CaseStudy,1800000,1800000,Lethe,cluster,0.3,8,0.0,0.009495,0.969098,0.975175
MIMIC-IV-CaseStudy,1800000,1800000,Lethe,cluster,0.3,9,0.0,0.009421,0.971012,0.975962
MIMIC-IV-CaseStudy,1800000,1800000,Lethe-no-bypass,cluster,0.3,0,0.0,0.036637,0.92385,0.979471
MIMIC-IV-CaseStudy,1800000,1800000,Lethe-no-bypass,cluster,0.3,1,0.0,0.036187,0.917137,0.973854
MIMIC-IV-CaseStudy,1800000,1800000,Lethe-no-bypass,cluster,0.3,2,0.0,0.041187,0.913713,0.972285
MIMIC-IV-CaseStudy,1800000,1800000,Lethe-no-bypass,cluster,0.3,3,0.0,0.040028,0.923669,0.978788
MIMIC-IV-CaseStudy,1800000,1800000,Lethe-no-bypass,cluster,0.3,4,0.0,0.045306,0.92051,0.976615
MIMIC-IV-CaseStudy,1800000,1800000,Lethe-no-bypass,cluster,0.3,5,0.0,0.042565,0.916393,0.972432
MIMIC-IV-CaseStudy,1800000,1800000,Lethe-no-bypass,cluster,0.3,6,0.0,0.042874,0.921125,0.974764
MIMIC-IV-CaseStudy,1800000,1800000,Lethe-no-bypass,cluster,0.3,7,0.0,0.042455,0.921243,0.976362
MIMIC-IV-CaseStudy,1800000,1800000,Lethe-no-bypass,cluster,0.3,8,0.0,0.04062,0.919036,0.975241
MIMIC-IV-CaseStudy,1800000,1800000,Lethe-no-bypass,cluster,0.3,9,0.0,0.04093,0.919512,0.974184
MIMIC-IV-CaseStudy,1800000,1800000,Lethe-no-revaware-traversal,cluster,0.3,0,0.0,0.111726,0.948352,0.978806
MIMIC-IV-CaseStudy,1800000,1800000,Lethe-no-revaware-traversal,cluster,0.3,1,0.0,0.105621,0.948178,0.973424
MIMIC-IV-CaseStudy,1800000,1800000,Lethe-no-revaware-traversal,cluster,0.3,2,0.0,0.107822,0.950095,0.977393
MIMIC-IV-CaseStudy,1800000,1800000,Lethe-no-revaware-traversal,cluster,0.3,3,0.0,0.114134,0.950022,0.976563
MIMIC-IV-CaseStudy,1800000,1800000,Lethe-no-revaware-traversal,cluster,0.3,4,0.0,0.108015,0.947103,0.975943
MIMIC-IV-CaseStudy,1800000,1800000,Lethe-no-revaware-traversal,cluster,0.3,5,0.0,0.113828,0.954234,0.977029
MIMIC-IV-CaseStudy,1800000,1800000,Lethe-no-revaware-traversal,cluster,0.3,6,0.0,0.108129,0.952326,0.977056
MIMIC-IV-CaseStudy,1800000,1800000,Lethe-no-revaware-traversal,cluster,0.3,7,0.0,0.11218,0.953451,0.980125
MIMIC-IV-CaseStudy,1800000,1800000,Lethe-no-revaware-traversal,cluster,0.3,8,0.0,0.11263,0.951779,0.976322
MIMIC-IV-CaseStudy,1800000,1800000,Lethe-no-revaware-traversal,cluster,0.3,9,0.0,0.111192,0.94738,0.974736
MIMIC-IV-CaseStudy,1800000,1800000,Physical-delete,cluster,0.3,0,0.0,0.023343,0.940208,0.975859
MIMIC-IV-CaseStudy,1800000,1800000,Physical-delete,cluster,0.3,1,0.0,0.030083,0.93707,0.975896
MIMIC-IV-CaseStudy,1800000,1800000,Physical-delete,cluster,0.3,2,0.0,0.033358,0.937956,0.975148
MIMIC-IV-CaseStudy,1800000,1800000,Physical-delete,cluster,0.3,3,0.0,0.031505,0.939125,0.978051
MIMIC-IV-CaseStudy,1800000,1800000,Physical-delete,cluster,0.3,4,0.0,0.026359,0.93883,0.974985
MIMIC-IV-CaseStudy,1800000,1800000,Physical-delete,cluster,0.3,5,0.0,0.03131,0.930657,0.96963
MIMIC-IV-CaseStudy,1800000,1800000,Physical-delete,cluster,0.3,6,0.0,0.033951,0.936538,0.9734
MIMIC-IV-CaseStudy,1800000,1800000,Physical-delete,cluster,0.3,7,0.0,0.029659,0.939347,0.976861
MIMIC-IV-CaseStudy,1800000,1800000,Physical-delete,cluster,0.3,8,0.0,0.033689,0.939602,0.975878
MIMIC-IV-CaseStudy,1800000,1800000,Physical-delete,cluster,0.3,9,0.0,0.026643,0.940343,0.97675
MIMIC-IV-CaseStudy,1800000,1800000,Periodic-rebuild,cluster,0.3,0,0.0,0.059307,0.959776,0.978138
MIMIC-IV-CaseStudy,1800000,1800000,Periodic-rebuild,cluster,0.3,1,0.0,0.058247,0.956403,0.976256
MIMIC-IV-CaseStudy,1800000,1800000,Periodic-rebuild,cluster,0.3,2,0.0,0.055985,0.956851,0.974557
MIMIC-IV-CaseStudy,1800000,1800000,Periodic-rebuild,cluster,0.3,3,0.0,0.055926,0.959503,0.976895
MIMIC-IV-CaseStudy,1800000,1800000,Periodic-rebuild,cluster,0.3,4,0.0,0.059085,0.957525,0.975698
MIMIC-IV-CaseStudy,1800000,1800000,Periodic-rebuild,cluster,0.3,5,0.0,0.058173,0.954685,0.974328
MIMIC-IV-CaseStudy,1800000,1800000,Periodic-rebuild,cluster,0.3,6,0.0,0.054285,0.961814,0.974297
MIMIC-IV-CaseStudy,1800000,1800000,Periodic-rebuild,cluster,0.3,7,0.0,0.058236,0.957718,0.97502
MIMIC-IV-CaseStudy,1800000,1800000,Periodic-rebuild,cluster,0.3,8,0.0,0.050799,0.962156,0.978798
MIMIC-IV-CaseStudy,1800000,1800000,Periodic-rebuild,cluster,0.3,9,0.0,0.053213,0.956233,0.97497
MIMIC-IV-CaseStudy,1800000,1800000,Per-role-index,cluster,0.3,0,0.0,0.006577,0.976125,0.977937
MIMIC-IV-CaseStudy,1800000,1800000,Per-role-index,cluster,0.3,1,0.0,0.006636,0.970905,0.976426
MIMIC-IV-CaseStudy,1800000,1800000,Per-role-index,cluster,0.3,2,0.0,0.0,0.972792,0.977979
MIMIC-IV-CaseStudy,1800000,1800000,Per-role-index,cluster,0.3,3,0.0,0.0,0.972321,0.978008
MIMIC-IV-CaseStudy,1800000,1800000,Per-role-index,cluster,0.3,4,0.0,0.002091,0.970482,0.974569
MIMIC-IV-CaseStudy,1800000,1800000,Per-role-index,cluster,0.3,5,0.0,0.001477,0.976103,0.979105
MIMIC-IV-CaseStudy,1800000,1800000,Per-role-index,cluster,0.3,6,0.0,0.0,0.973018,0.977133
MIMIC-IV-CaseStudy,1800000,1800000,Per-role-index,cluster,0.3,7,0.0,0.005115,0.974657,0.978139
MIMIC-IV-CaseStudy,1800000,1800000,Per-role-index,cluster,0.3,8,0.0,0.00409,0.972701,0.974533
MIMIC-IV-CaseStudy,1800000,1800000,Per-role-index,cluster,0.3,9,0.0,0.0,0.970501,0.975187
MIMIC-IV-CaseStudy,1800000,1800000,ACORN,cluster,0.3,0,0.0,0.04515,0.951736,0.975761
MIMIC-IV-CaseStudy,1800000,1800000,ACORN,cluster,0.3,1,0.0,0.048651,0.957949,0.977942
MIMIC-IV-CaseStudy,1800000,1800000,ACORN,cluster,0.3,2,0.0,0.046147,0.956147,0.977285
MIMIC-IV-CaseStudy,1800000,1800000,ACORN,cluster,0.3,3,0.0,0.044568,0.954777,0.974363
MIMIC-IV-CaseStudy,1800000,1800000,ACORN,cluster,0.3,4,0.0,0.048774,0.951247,0.973819
MIMIC-IV-CaseStudy,1800000,1800000,ACORN,cluster,0.3,5,0.0,0.049553,0.952235,0.972551
MIMIC-IV-CaseStudy,1800000,1800000,ACORN,cluster,0.3,6,0.0,0.046764,0.951821,0.97425
MIMIC-IV-CaseStudy,1800000,1800000,ACORN,cluster,0.3,7,0.0,0.045723,0.957315,0.97531
MIMIC-IV-CaseStudy,1800000,1800000,ACORN,cluster,0.3,8,0.0,0.051531,0.955597,0.976866
MIMIC-IV-CaseStudy,1800000,1800000,ACORN,cluster,0.3,9,0.0,0.048269,0.957785,0.975859
MIMIC-IV-CaseStudy,1800000,1800000,HoneyBee,cluster,0.3,0,0.0,0.040417,0.958133,0.975331
MIMIC-IV-CaseStudy,1800000,1800000,HoneyBee,cluster,0.3,1,0.0,0.038583,0.957109,0.973997
MIMIC-IV-CaseStudy,1800000,1800000,HoneyBee,cluster,0.3,2,0.0,0.0344,0.956191,0.974955
MIMIC-IV-CaseStudy,1800000,1800000,HoneyBee,cluster,0.3,3,0.0,0.045378,0.957851,0.977663
MIMIC-IV-CaseStudy,1800000,1800000,HoneyBee,cluster,0.3,4,0.0,0.043088,0.959263,0.97779
MIMIC-IV-CaseStudy,1800000,1800000,HoneyBee,cluster,0.3,5,0.0,0.044619,0.96282,0.979736
MIMIC-IV-CaseStudy,1800000,1800000,HoneyBee,cluster,0.3,6,0.0,0.04352,0.957999,0.976138
MIMIC-IV-CaseStudy,1800000,1800000,HoneyBee,cluster,0.3,7,0.0,0.041064,0.958343,0.977127
MIMIC-IV-CaseStudy,1800000,1800000,HoneyBee,cluster,0.3,8,0.0,0.044037,0.963536,0.979235
MIMIC-IV-CaseStudy,1800000,1800000,HoneyBee,cluster,0.3,9,0.0,0.042747,0.961418,0.976499
MIMIC-IV-CaseStudy,1800000,1800000,SPFresh,cluster,0.3,0,0.0,0.074026,0.951929,0.977581
MIMIC-IV-CaseStudy,1800000,1800000,SPFresh,cluster,0.3,1,0.0,0.076041,0.949258,0.978684
MIMIC-IV-CaseStudy,1800000,1800000,SPFresh,cluster,0.3,2,0.0,0.072458,0.951161,0.974701
MIMIC-IV-CaseStudy,1800000,1800000,SPFresh,cluster,0.3,3,0.0,0.073489,0.947871,0.974276
MIMIC-IV-CaseStudy,1800000,1800000,SPFresh,cluster,0.3,4,0.0,0.072044,0.947483,0.976371
MIMIC-IV-CaseStudy,1800000,1800000,SPFresh,cluster,0.3,5,0.0,0.082707,0.947279,0.97439
MIMIC-IV-CaseStudy,1800000,1800000,SPFresh,cluster,0.3,6,0.0,0.072921,0.943546,0.973467
MIMIC-IV-CaseStudy,1800000,1800000,SPFresh,cluster,0.3,7,0.0,0.063332,0.951419,0.976372
MIMIC-IV-CaseStudy,1800000,1800000,SPFresh,cluster,0.3,8,0.0,0.070165,0.956819,0.979962
MIMIC-IV-CaseStudy,1800000,1800000,SPFresh,cluster,0.3,9,0.0,0.068225,0.945897,0.975298
MIMIC-IV-CaseStudy,1800000,1800000,Oracle,cluster,0.3,0,0.0,0.0,0.975741,0.975741
MIMIC-IV-CaseStudy,1800000,1800000,Oracle,cluster,0.3,1,0.0,0.0,0.974997,0.974997
MIMIC-IV-CaseStudy,1800000,1800000,Oracle,cluster,0.3,2,0.0,0.0,0.979904,0.979904
MIMIC-IV-CaseStudy,1800000,1800000,Oracle,cluster,0.3,3,0.0,0.0,0.976507,0.976507
MIMIC-IV-CaseStudy,1800000,1800000,Oracle,cluster,0.3,4,0.0,0.0,0.978569,0.978569
MIMIC-IV-CaseStudy,1800000,1800000,Oracle,cluster,0.3,5,0.0,0.0,0.977825,0.977825
MIMIC-IV-CaseStudy,1800000,1800000,Oracle,cluster,0.3,6,0.0,0.0,0.976312,0.976312
MIMIC-IV-CaseStudy,1800000,1800000,Oracle,cluster,0.3,7,0.0,0.0,0.97784,0.97784
MIMIC-IV-CaseStudy,1800000,1800000,Oracle,cluster,0.3,8,0.0,0.0,0.972993,0.972993
MIMIC-IV-CaseStudy,1800000,1800000,Oracle,cluster,0.3,9,0.0,0.0,0.976239,0.976239
MIMIC-IV-CaseStudy,1800000,1800000,Tombstone,cluster,0.4,0,0.0,0.142272,0.932084,0.974364
MIMIC-IV-CaseStudy,1800000,1800000,Tombstone,cluster,0.4,1,0.0,0.144115,0.938245,0.976095
MIMIC-IV-CaseStudy,1800000,1800000,Tombstone,cluster,0.4,2,0.0,0.14815,0.937682,0.976078
MIMIC-IV-CaseStudy,1800000,1800000,Tombstone,cluster,0.4,3,0.0,0.151331,0.933314,0.975931
MIMIC-IV-CaseStudy,1800000,1800000,Tombstone,cluster,0.4,4,0.0,0.144485,0.939292,0.977326
MIMIC-IV-CaseStudy,1800000,1800000,Tombstone,cluster,0.4,5,0.0,0.152387,0.937911,0.976633
MIMIC-IV-CaseStudy,1800000,1800000,Tombstone,cluster,0.4,6,0.0,0.141858,0.93679,0.975254
MIMIC-IV-CaseStudy,1800000,1800000,Tombstone,cluster,0.4,7,0.0,0.143276,0.933795,0.970129
MIMIC-IV-CaseStudy,1800000,1800000,Tombstone,cluster,0.4,8,0.0,0.14308,0.934774,0.975741
MIMIC-IV-CaseStudy,1800000,1800000,Tombstone,cluster,0.4,9,0.0,0.138961,0.936497,0.977721
MIMIC-IV-CaseStudy,1800000,1800000,Post-filter,cluster,0.4,0,0.0,0.157079,0.933549,0.976693
MIMIC-IV-CaseStudy,1800000,1800000,Post-filter,cluster,0.4,1,0.0,0.157112,0.934975,0.978076
MIMIC-IV-CaseStudy,1800000,1800000,Post-filter,cluster,0.4,2,0.0,0.163477,0.937892,0.979917
MIMIC-IV-CaseStudy,1800000,1800000,Post-filter,cluster,0.4,3,0.0,0.152234,0.92951,0.975176
MIMIC-IV-CaseStudy,1800000,1800000,Post-filter,cluster,0.4,4,0.0,0.154864,0.934407,0.976366
MIMIC-IV-CaseStudy,1800000,1800000,Post-filter,cluster,0.4,5,0.0,0.158132,0.934425,0.977466
MIMIC-IV-CaseStudy,1800000,1800000,Post-filter,cluster,0.4,6,0.0,0.156586,0.928449,0.974939
MIMIC-IV-CaseStudy,1800000,1800000,Post-filter,cluster,0.4,7,0.0,0.162062,0.931703,0.977555
MIMIC-IV-CaseStudy,1800000,1800000,Post-filter,cluster,0.4,8,0.0,0.157204,0.931353,0.976915
MIMIC-IV-CaseStudy,1800000,1800000,Post-filter,cluster,0.4,9,0.0,0.162624,0.926494,0.973467
MIMIC-IV-CaseStudy,1800000,1800000,Lethe,cluster,0.4,0,0.0,0.005862,0.973361,0.973861
MIMIC-IV-CaseStudy,1800000,1800000,Lethe,cluster,0.4,1,0.0,0.009684,0.973264,0.975402
MIMIC-IV-CaseStudy,1800000,1800000,Lethe,cluster,0.4,2,0.0,0.010331,0.973178,0.977667
MIMIC-IV-CaseStudy,1800000,1800000,Lethe,cluster,0.4,3,0.0,0.003891,0.974479,0.978311
MIMIC-IV-CaseStudy,1800000,1800000,Lethe,cluster,0.4,4,0.0,0.012457,0.970944,0.974352
MIMIC-IV-CaseStudy,1800000,1800000,Lethe,cluster,0.4,5,0.0,0.006237,0.970786,0.976439
MIMIC-IV-CaseStudy,1800000,1800000,Lethe,cluster,0.4,6,0.0,0.014841,0.969591,0.973631
MIMIC-IV-CaseStudy,1800000,1800000,Lethe,cluster,0.4,7,0.0,0.00529,0.971312,0.975347
MIMIC-IV-CaseStudy,1800000,1800000,Lethe,cluster,0.4,8,0.0,0.011678,0.974117,0.978356
MIMIC-IV-CaseStudy,1800000,1800000,Lethe,cluster,0.4,9,0.0,0.012429,0.971789,0.975083
MIMIC-IV-CaseStudy,1800000,1800000,Lethe-no-bypass,cluster,0.4,0,0.0,0.051755,0.920628,0.977548
MIMIC-IV-CaseStudy,1800000,1800000,Lethe-no-bypass,cluster,0.4,1,0.0,0.052752,0.921609,0.976468
MIMIC-IV-CaseStudy,1800000,1800000,Lethe-no-bypass,cluster,0.4,2,0.0,0.050391,0.919185,0.975174
MIMIC-IV-CaseStudy,1800000,1800000,Lethe-no-bypass,cluster,0.4,3,0.0,0.053915,0.921705,0.976866
MIMIC-IV-CaseStudy,1800000,1800000,Lethe-no-bypass,cluster,0.4,4,0.0,0.051908,0.924231,0.977014
MIMIC-IV-CaseStudy,1800000,1800000,Lethe-no-bypass,cluster,0.4,5,0.0,0.046342,0.91642,0.975292
MIMIC-IV-CaseStudy,1800000,1800000,Lethe-no-bypass,cluster,0.4,6,0.0,0.051451,0.921992,0.976449
MIMIC-IV-CaseStudy,1800000,1800000,Lethe-no-bypass,cluster,0.4,7,0.0,0.055933,0.916125,0.974692
MIMIC-IV-CaseStudy,1800000,1800000,Lethe-no-bypass,cluster,0.4,8,0.0,0.053312,0.918829,0.976065
MIMIC-IV-CaseStudy,1800000,1800000,Lethe-no-bypass,cluster,0.4,9,0.0,0.043388,0.91722,0.973663
MIMIC-IV-CaseStudy,1800000,1800000,Lethe-no-revaware-traversal,cluster,0.4,0,0.0,0.14008,0.951371,0.976515
MIMIC-IV-CaseStudy,1800000,1800000,Lethe-no-revaware-traversal,cluster,0.4,1,0.0,0.141447,0.94379,0.973046
MIMIC-IV-CaseStudy,1800000,1800000,Lethe-no-revaware-traversal,cluster,0.4,2,0.0,0.147399,0.945892,0.973743
MIMIC-IV-CaseStudy,1800000,1800000,Lethe-no-revaware-traversal,cluster,0.4,3,0.0,0.137658,0.950387,0.976949
MIMIC-IV-CaseStudy,1800000,1800000,Lethe-no-revaware-traversal,cluster,0.4,4,0.0,0.14835,0.94775,0.97591
MIMIC-IV-CaseStudy,1800000,1800000,Lethe-no-revaware-traversal,cluster,0.4,5,0.0,0.138131,0.951247,0.97662
MIMIC-IV-CaseStudy,1800000,1800000,Lethe-no-revaware-traversal,cluster,0.4,6,0.0,0.138047,0.947394,0.972846
MIMIC-IV-CaseStudy,1800000,1800000,Lethe-no-revaware-traversal,cluster,0.4,7,0.0,0.134807,0.94906,0.97547
MIMIC-IV-CaseStudy,1800000,1800000,Lethe-no-revaware-traversal,cluster,0.4,8,0.0,0.141171,0.943978,0.97229
MIMIC-IV-CaseStudy,1800000,1800000,Lethe-no-revaware-traversal,cluster,0.4,9,0.0,0.142527,0.94653,0.976999
MIMIC-IV-CaseStudy,1800000,1800000,Physical-delete,cluster,0.4,0,0.0,0.035454,0.941261,0.976254
MIMIC-IV-CaseStudy,1800000,1800000,Physical-delete,cluster,0.4,1,0.0,0.03386,0.942046,0.976658
MIMIC-IV-CaseStudy,1800000,1800000,Physical-delete,cluster,0.4,2,0.0,0.033106,0.939745,0.975855
MIMIC-IV-CaseStudy,1800000,1800000,Physical-delete,cluster,0.4,3,0.0,0.035056,0.940118,0.973718
MIMIC-IV-CaseStudy,1800000,1800000,Physical-delete,cluster,0.4,4,0.0,0.035135,0.937516,0.974277
MIMIC-IV-CaseStudy,1800000,1800000,Physical-delete,cluster,0.4,5,0.0,0.038074,0.941309,0.979487
MIMIC-IV-CaseStudy,1800000,1800000,Physical-delete,cluster,0.4,6,0.0,0.028388,0.938256,0.975821
MIMIC-IV-CaseStudy,1800000,1800000,Physical-delete,cluster,0.4,7,0.0,0.033312,0.943485,0.979352
MIMIC-IV-CaseStudy,1800000,1800000,Physical-delete,cluster,0.4,8,0.0,0.030603,0.942422,0.978253
MIMIC-IV-CaseStudy,1800000,1800000,Physical-delete,cluster,0.4,9,0.0,0.032884,0.937517,0.976144
MIMIC-IV-CaseStudy,1800000,1800000,Periodic-rebuild,cluster,0.4,0,0.0,0.07396,0.961156,0.978332
MIMIC-IV-CaseStudy,1800000,1800000,Periodic-rebuild,cluster,0.4,1,0.0,0.065919,0.960304,0.976168
MIMIC-IV-CaseStudy,1800000,1800000,Periodic-rebuild,cluster,0.4,2,0.0,0.074256,0.956745,0.976572
MIMIC-IV-CaseStudy,1800000,1800000,Periodic-rebuild,cluster,0.4,3,0.0,0.076372,0.963024,0.978165
MIMIC-IV-CaseStudy,1800000,1800000,Periodic-rebuild,cluster,0.4,4,0.0,0.073851,0.959043,0.977868
MIMIC-IV-CaseStudy,1800000,1800000,Periodic-rebuild,cluster,0.4,5,0.0,0.069895,0.954727,0.972355
MIMIC-IV-CaseStudy,1800000,1800000,Periodic-rebuild,cluster,0.4,6,0.0,0.078406,0.963184,0.976652
MIMIC-IV-CaseStudy,1800000,1800000,Periodic-rebuild,cluster,0.4,7,0.0,0.068455,0.960856,0.977331
MIMIC-IV-CaseStudy,1800000,1800000,Periodic-rebuild,cluster,0.4,8,0.0,0.069346,0.959467,0.974163
MIMIC-IV-CaseStudy,1800000,1800000,Periodic-rebuild,cluster,0.4,9,0.0,0.064832,0.957715,0.976259
MIMIC-IV-CaseStudy,1800000,1800000,Per-role-index,cluster,0.4,0,0.0,0.007295,0.972844,0.976505
MIMIC-IV-CaseStudy,1800000,1800000,Per-role-index,cluster,0.4,1,0.0,0.006464,0.97411,0.976729
MIMIC-IV-CaseStudy,1800000,1800000,Per-role-index,cluster,0.4,2,0.0,0.011665,0.970117,0.979197
MIMIC-IV-CaseStudy,1800000,1800000,Per-role-index,cluster,0.4,3,0.0,0.006019,0.974352,0.976508
MIMIC-IV-CaseStudy,1800000,1800000,Per-role-index,cluster,0.4,4,0.0,0.007317,0.964787,0.973182
MIMIC-IV-CaseStudy,1800000,1800000,Per-role-index,cluster,0.4,5,0.0,0.004006,0.972134,0.978391
MIMIC-IV-CaseStudy,1800000,1800000,Per-role-index,cluster,0.4,6,0.0,3.9e-05,0.976631,0.981577
MIMIC-IV-CaseStudy,1800000,1800000,Per-role-index,cluster,0.4,7,0.0,0.00053,0.973553,0.978234
MIMIC-IV-CaseStudy,1800000,1800000,Per-role-index,cluster,0.4,8,0.0,0.004422,0.968007,0.974268
MIMIC-IV-CaseStudy,1800000,1800000,Per-role-index,cluster,0.4,9,0.0,0.00424,0.972058,0.974712
MIMIC-IV-CaseStudy,1800000,1800000,ACORN,cluster,0.4,0,0.0,0.062362,0.956844,0.976389
MIMIC-IV-CaseStudy,1800000,1800000,ACORN,cluster,0.4,1,0.0,0.063063,0.948829,0.972342
MIMIC-IV-CaseStudy,1800000,1800000,ACORN,cluster,0.4,2,0.0,0.063583,0.959045,0.977977
MIMIC-IV-CaseStudy,1800000,1800000,ACORN,cluster,0.4,3,0.0,0.06169,0.955098,0.976164
MIMIC-IV-CaseStudy,1800000,1800000,ACORN,cluster,0.4,4,0.0,0.062209,0.956889,0.975378
MIMIC-IV-CaseStudy,1800000,1800000,ACORN,cluster,0.4,5,0.0,0.059244,0.955498,0.978756
MIMIC-IV-CaseStudy,1800000,1800000,ACORN,cluster,0.4,6,0.0,0.05837,0.953866,0.976236
MIMIC-IV-CaseStudy,1800000,1800000,ACORN,cluster,0.4,7,0.0,0.058433,0.956007,0.976576
MIMIC-IV-CaseStudy,1800000,1800000,ACORN,cluster,0.4,8,0.0,0.064967,0.957583,0.978841
MIMIC-IV-CaseStudy,1800000,1800000,ACORN,cluster,0.4,9,0.0,0.065445,0.952012,0.975589
MIMIC-IV-CaseStudy,1800000,1800000,HoneyBee,cluster,0.4,0,0.0,0.044818,0.950964,0.972369
MIMIC-IV-CaseStudy,1800000,1800000,HoneyBee,cluster,0.4,1,0.0,0.050876,0.956738,0.973571
MIMIC-IV-CaseStudy,1800000,1800000,HoneyBee,cluster,0.4,2,0.0,0.0524,0.954944,0.975402
MIMIC-IV-CaseStudy,1800000,1800000,HoneyBee,cluster,0.4,3,0.0,0.05237,0.957944,0.974435
MIMIC-IV-CaseStudy,1800000,1800000,HoneyBee,cluster,0.4,4,0.0,0.051263,0.961733,0.979208
MIMIC-IV-CaseStudy,1800000,1800000,HoneyBee,cluster,0.4,5,0.0,0.043204,0.956488,0.974539
MIMIC-IV-CaseStudy,1800000,1800000,HoneyBee,cluster,0.4,6,0.0,0.053405,0.959556,0.975379
MIMIC-IV-CaseStudy,1800000,1800000,HoneyBee,cluster,0.4,7,0.0,0.051044,0.955266,0.975287
MIMIC-IV-CaseStudy,1800000,1800000,HoneyBee,cluster,0.4,8,0.0,0.048855,0.959816,0.979006
MIMIC-IV-CaseStudy,1800000,1800000,HoneyBee,cluster,0.4,9,0.0,0.047404,0.954682,0.973594
MIMIC-IV-CaseStudy,1800000,1800000,SPFresh,cluster,0.4,0,0.0,0.094703,0.952988,0.978786
MIMIC-IV-CaseStudy,1800000,1800000,SPFresh,cluster,0.4,1,0.0,0.094253,0.949411,0.976062
MIMIC-IV-CaseStudy,1800000,1800000,SPFresh,cluster,0.4,2,0.0,0.086333,0.949218,0.975553
MIMIC-IV-CaseStudy,1800000,1800000,SPFresh,cluster,0.4,3,0.0,0.091453,0.947456,0.973885
MIMIC-IV-CaseStudy,1800000,1800000,SPFresh,cluster,0.4,4,0.0,0.083449,0.956849,0.980368
MIMIC-IV-CaseStudy,1800000,1800000,SPFresh,cluster,0.4,5,0.0,0.090924,0.949681,0.975555
MIMIC-IV-CaseStudy,1800000,1800000,SPFresh,cluster,0.4,6,0.0,0.087922,0.943389,0.972236
MIMIC-IV-CaseStudy,1800000,1800000,SPFresh,cluster,0.4,7,0.0,0.089012,0.947226,0.973554
MIMIC-IV-CaseStudy,1800000,1800000,SPFresh,cluster,0.4,8,0.0,0.085724,0.952748,0.97553
MIMIC-IV-CaseStudy,1800000,1800000,SPFresh,cluster,0.4,9,0.0,0.092983,0.950173,0.975821
MIMIC-IV-CaseStudy,1800000,1800000,Oracle,cluster,0.4,0,0.0,0.0,0.977391,0.977391
MIMIC-IV-CaseStudy,1800000,1800000,Oracle,cluster,0.4,1,0.0,0.0,0.978449,0.978449
MIMIC-IV-CaseStudy,1800000,1800000,Oracle,cluster,0.4,2,0.0,0.0,0.972751,0.972751
MIMIC-IV-CaseStudy,1800000,1800000,Oracle,cluster,0.4,3,0.0,0.0,0.97492,0.97492
MIMIC-IV-CaseStudy,1800000,1800000,Oracle,cluster,0.4,4,0.0,0.0,0.976736,0.976736
MIMIC-IV-CaseStudy,1800000,1800000,Oracle,cluster,0.4,5,0.0,0.0,0.976446,0.976446
MIMIC-IV-CaseStudy,1800000,1800000,Oracle,cluster,0.4,6,0.0,0.0,0.977092,0.977092
MIMIC-IV-CaseStudy,1800000,1800000,Oracle,cluster,0.4,7,0.0,0.0,0.976485,0.976485
MIMIC-IV-CaseStudy,1800000,1800000,Oracle,cluster,0.4,8,0.0,0.0,0.973819,0.973819
MIMIC-IV-CaseStudy,1800000,1800000,Oracle,cluster,0.4,9,0.0,0.0,0.977833,0.977833
MIMIC-IV-CaseStudy,1800000,1800000,Tombstone,cluster,0.5,0,0.0,0.17662,0.935299,0.975613
MIMIC-IV-CaseStudy,1800000,1800000,Tombstone,cluster,0.5,1,0.0,0.177449,0.934205,0.973347
MIMIC-IV-CaseStudy,1800000,1800000,Tombstone,cluster,0.5,2,0.0,0.171945,0.933465,0.976014
MIMIC-IV-CaseStudy,1800000,1800000,Tombstone,cluster,0.5,3,0.0,0.172536,0.933539,0.973794
MIMIC-IV-CaseStudy,1800000,1800000,Tombstone,cluster,0.5,4,0.0,0.17531,0.931989,0.972994
MIMIC-IV-CaseStudy,1800000,1800000,Tombstone,cluster,0.5,5,0.0,0.173967,0.937838,0.978687
MIMIC-IV-CaseStudy,1800000,1800000,Tombstone,cluster,0.5,6,0.0,0.173183,0.941635,0.979013
MIMIC-IV-CaseStudy,1800000,1800000,Tombstone,cluster,0.5,7,0.0,0.170604,0.934005,0.97371
MIMIC-IV-CaseStudy,1800000,1800000,Tombstone,cluster,0.5,8,0.0,0.177116,0.938621,0.977396
MIMIC-IV-CaseStudy,1800000,1800000,Tombstone,cluster,0.5,9,0.0,0.177483,0.934602,0.975219
MIMIC-IV-CaseStudy,1800000,1800000,Post-filter,cluster,0.5,0,0.0,0.192076,0.92903,0.973926
MIMIC-IV-CaseStudy,1800000,1800000,Post-filter,cluster,0.5,1,0.0,0.182644,0.92933,0.974152
MIMIC-IV-CaseStudy,1800000,1800000,Post-filter,cluster,0.5,2,0.0,0.193036,0.930102,0.977658
MIMIC-IV-CaseStudy,1800000,1800000,Post-filter,cluster,0.5,3,0.0,0.191142,0.937412,0.97952
MIMIC-IV-CaseStudy,1800000,1800000,Post-filter,cluster,0.5,4,0.0,0.183884,0.923476,0.972187
MIMIC-IV-CaseStudy,1800000,1800000,Post-filter,cluster,0.5,5,0.0,0.187128,0.928993,0.975274
MIMIC-IV-CaseStudy,1800000,1800000,Post-filter,cluster,0.5,6,0.0,0.18883,0.930352,0.975947
MIMIC-IV-CaseStudy,1800000,1800000,Post-filter,cluster,0.5,7,0.0,0.184557,0.933512,0.977577
MIMIC-IV-CaseStudy,1800000,1800000,Post-filter,cluster,0.5,8,0.0,0.19206,0.929794,0.97577
MIMIC-IV-CaseStudy,1800000,1800000,Post-filter,cluster,0.5,9,0.0,0.198742,0.929108,0.973604
MIMIC-IV-CaseStudy,1800000,1800000,Lethe,cluster,0.5,0,0.0,0.006554,0.974377,0.977664
MIMIC-IV-CaseStudy,1800000,1800000,Lethe,cluster,0.5,1,0.0,0.007887,0.972819,0.978991
MIMIC-IV-CaseStudy,1800000,1800000,Lethe,cluster,0.5,2,0.0,0.005561,0.970893,0.976988
MIMIC-IV-CaseStudy,1800000,1800000,Lethe,cluster,0.5,3,0.0,0.011185,0.966094,0.971134
MIMIC-IV-CaseStudy,1800000,1800000,Lethe,cluster,0.5,4,0.0,0.007551,0.969913,0.974939
MIMIC-IV-CaseStudy,1800000,1800000,Lethe,cluster,0.5,5,0.0,0.00924,0.970255,0.973968
MIMIC-IV-CaseStudy,1800000,1800000,Lethe,cluster,0.5,6,0.0,0.005871,0.974318,0.97802
MIMIC-IV-CaseStudy,1800000,1800000,Lethe,cluster,0.5,7,0.0,0.006178,0.971422,0.977074
MIMIC-IV-CaseStudy,1800000,1800000,Lethe,cluster,0.5,8,0.0,0.010831,0.970598,0.976039
MIMIC-IV-CaseStudy,1800000,1800000,Lethe,cluster,0.5,9,0.0,0.002099,0.973976,0.975473
MIMIC-IV-CaseStudy,1800000,1800000,Lethe-no-bypass,cluster,0.5,0,0.0,0.054898,0.921585,0.976212
MIMIC-IV-CaseStudy,1800000,1800000,Lethe-no-bypass,cluster,0.5,1,0.0,0.056735,0.919566,0.977219
MIMIC-IV-CaseStudy,1800000,1800000,Lethe-no-bypass,cluster,0.5,2,0.0,0.058596,0.923178,0.977546
MIMIC-IV-CaseStudy,1800000,1800000,Lethe-no-bypass,cluster,0.5,3,0.0,0.061593,0.919217,0.977144
MIMIC-IV-CaseStudy,1800000,1800000,Lethe-no-bypass,cluster,0.5,4,0.0,0.061666,0.915982,0.974794
MIMIC-IV-CaseStudy,1800000,1800000,Lethe-no-bypass,cluster,0.5,5,0.0,0.058559,0.923439,0.976356
MIMIC-IV-CaseStudy,1800000,1800000,Lethe-no-bypass,cluster,0.5,6,0.0,0.054489,0.916503,0.973782
MIMIC-IV-CaseStudy,1800000,1800000,Lethe-no-bypass,cluster,0.5,7,0.0,0.052803,0.918238,0.975595
MIMIC-IV-CaseStudy,1800000,1800000,Lethe-no-bypass,cluster,0.5,8,0.0,0.05646,0.915741,0.973101
MIMIC-IV-CaseStudy,1800000,1800000,Lethe-no-bypass,cluster,0.5,9,0.0,0.053975,0.91886,0.975735
MIMIC-IV-CaseStudy,1800000,1800000,Lethe-no-revaware-traversal,cluster,0.5,0,0.0,0.162812,0.953325,0.977884
MIMIC-IV-CaseStudy,1800000,1800000,Lethe-no-revaware-traversal,cluster,0.5,1,0.0,0.168656,0.948158,0.975214
MIMIC-IV-CaseStudy,1800000,1800000,Lethe-no-revaware-traversal,cluster,0.5,2,0.0,0.157538,0.950775,0.977071
MIMIC-IV-CaseStudy,1800000,1800000,Lethe-no-revaware-traversal,cluster,0.5,3,0.0,0.164851,0.950795,0.978723
MIMIC-IV-CaseStudy,1800000,1800000,Lethe-no-revaware-traversal,cluster,0.5,4,0.0,0.162916,0.947589,0.976685
MIMIC-IV-CaseStudy,1800000,1800000,Lethe-no-revaware-traversal,cluster,0.5,5,0.0,0.169571,0.942791,0.972124
MIMIC-IV-CaseStudy,1800000,1800000,Lethe-no-revaware-traversal,cluster,0.5,6,0.0,0.161634,0.945976,0.973816
MIMIC-IV-CaseStudy,1800000,1800000,Lethe-no-revaware-traversal,cluster,0.5,7,0.0,0.176659,0.94241,0.973662
MIMIC-IV-CaseStudy,1800000,1800000,Lethe-no-revaware-traversal,cluster,0.5,8,0.0,0.166678,0.947559,0.974365
MIMIC-IV-CaseStudy,1800000,1800000,Lethe-no-revaware-traversal,cluster,0.5,9,0.0,0.166874,0.945323,0.974576
MIMIC-IV-CaseStudy,1800000,1800000,Physical-delete,cluster,0.5,0,0.0,0.039845,0.942894,0.978328
MIMIC-IV-CaseStudy,1800000,1800000,Physical-delete,cluster,0.5,1,0.0,0.039664,0.940711,0.977786
MIMIC-IV-CaseStudy,1800000,1800000,Physical-delete,cluster,0.5,2,0.0,0.043217,0.940674,0.976862
MIMIC-IV-CaseStudy,1800000,1800000,Physical-delete,cluster,0.5,3,0.0,0.043291,0.942781,0.974781
MIMIC-IV-CaseStudy,1800000,1800000,Physical-delete,cluster,0.5,4,0.0,0.044081,0.94069,0.976229
MIMIC-IV-CaseStudy,1800000,1800000,Physical-delete,cluster,0.5,5,0.0,0.04674,0.936585,0.978072
MIMIC-IV-CaseStudy,1800000,1800000,Physical-delete,cluster,0.5,6,0.0,0.047102,0.945554,0.978353
MIMIC-IV-CaseStudy,1800000,1800000,Physical-delete,cluster,0.5,7,0.0,0.033581,0.944021,0.976775
MIMIC-IV-CaseStudy,1800000,1800000,Physical-delete,cluster,0.5,8,0.0,0.046732,0.94137,0.975879
MIMIC-IV-CaseStudy,1800000,1800000,Physical-delete,cluster,0.5,9,0.0,0.046947,0.939392,0.97683
MIMIC-IV-CaseStudy,1800000,1800000,Periodic-rebuild,cluster,0.5,0,0.0,0.083815,0.957036,0.975444
MIMIC-IV-CaseStudy,1800000,1800000,Periodic-rebuild,cluster,0.5,1,0.0,0.083033,0.956894,0.973873
MIMIC-IV-CaseStudy,1800000,1800000,Periodic-rebuild,cluster,0.5,2,0.0,0.080901,0.952666,0.973775
MIMIC-IV-CaseStudy,1800000,1800000,Periodic-rebuild,cluster,0.5,3,0.0,0.083464,0.956098,0.972722
MIMIC-IV-CaseStudy,1800000,1800000,Periodic-rebuild,cluster,0.5,4,0.0,0.079257,0.953846,0.973437
MIMIC-IV-CaseStudy,1800000,1800000,Periodic-rebuild,cluster,0.5,5,0.0,0.083076,0.957773,0.976272
MIMIC-IV-CaseStudy,1800000,1800000,Periodic-rebuild,cluster,0.5,6,0.0,0.086959,0.957166,0.975588
MIMIC-IV-CaseStudy,1800000,1800000,Periodic-rebuild,cluster,0.5,7,0.0,0.086408,0.955979,0.975051
MIMIC-IV-CaseStudy,1800000,1800000,Periodic-rebuild,cluster,0.5,8,0.0,0.074604,0.956919,0.972569
MIMIC-IV-CaseStudy,1800000,1800000,Periodic-rebuild,cluster,0.5,9,0.0,0.09138,0.953787,0.974369
MIMIC-IV-CaseStudy,1800000,1800000,Per-role-index,cluster,0.5,0,0.0,0.003622,0.978032,0.98076
MIMIC-IV-CaseStudy,1800000,1800000,Per-role-index,cluster,0.5,1,0.0,0.001467,0.969459,0.976156
MIMIC-IV-CaseStudy,1800000,1800000,Per-role-index,cluster,0.5,2,0.0,0.013691,0.969928,0.974279
MIMIC-IV-CaseStudy,1800000,1800000,Per-role-index,cluster,0.5,3,0.0,0.011747,0.969479,0.975961
MIMIC-IV-CaseStudy,1800000,1800000,Per-role-index,cluster,0.5,4,0.0,0.003467,0.973895,0.977888
MIMIC-IV-CaseStudy,1800000,1800000,Per-role-index,cluster,0.5,5,0.0,0.003939,0.9729,0.977593
MIMIC-IV-CaseStudy,1800000,1800000,Per-role-index,cluster,0.5,6,0.0,0.012032,0.979348,0.979638
MIMIC-IV-CaseStudy,1800000,1800000,Per-role-index,cluster,0.5,7,0.0,0.0,0.972,0.978123
MIMIC-IV-CaseStudy,1800000,1800000,Per-role-index,cluster,0.5,8,0.0,0.0,0.966565,0.972797
MIMIC-IV-CaseStudy,1800000,1800000,Per-role-index,cluster,0.5,9,0.0,0.007078,0.975814,0.977532
MIMIC-IV-CaseStudy,1800000,1800000,ACORN,cluster,0.5,0,0.0,0.077388,0.956936,0.976295
MIMIC-IV-CaseStudy,1800000,1800000,ACORN,cluster,0.5,1,0.0,0.067984,0.954056,0.975819
MIMIC-IV-CaseStudy,1800000,1800000,ACORN,cluster,0.5,2,0.0,0.07105,0.953759,0.976473
MIMIC-IV-CaseStudy,1800000,1800000,ACORN,cluster,0.5,3,0.0,0.070095,0.957972,0.978648
MIMIC-IV-CaseStudy,1800000,1800000,ACORN,cluster,0.5,4,0.0,0.076774,0.951237,0.974706
MIMIC-IV-CaseStudy,1800000,1800000,ACORN,cluster,0.5,5,0.0,0.078016,0.95467,0.975613
MIMIC-IV-CaseStudy,1800000,1800000,ACORN,cluster,0.5,6,0.0,0.070999,0.955245,0.977475
MIMIC-IV-CaseStudy,1800000,1800000,ACORN,cluster,0.5,7,0.0,0.073748,0.958646,0.978591
MIMIC-IV-CaseStudy,1800000,1800000,ACORN,cluster,0.5,8,0.0,0.071352,0.952252,0.976195
MIMIC-IV-CaseStudy,1800000,1800000,ACORN,cluster,0.5,9,0.0,0.074493,0.956118,0.976512
MIMIC-IV-CaseStudy,1800000,1800000,HoneyBee,cluster,0.5,0,0.0,0.053259,0.95847,0.974698
MIMIC-IV-CaseStudy,1800000,1800000,HoneyBee,cluster,0.5,1,0.0,0.061592,0.959654,0.978873
MIMIC-IV-CaseStudy,1800000,1800000,HoneyBee,cluster,0.5,2,0.0,0.05575,0.953896,0.975494
MIMIC-IV-CaseStudy,1800000,1800000,HoneyBee,cluster,0.5,3,0.0,0.064583,0.955589,0.973736
MIMIC-IV-CaseStudy,1800000,1800000,HoneyBee,cluster,0.5,4,0.0,0.066635,0.960963,0.979051
MIMIC-IV-CaseStudy,1800000,1800000,HoneyBee,cluster,0.5,5,0.0,0.061832,0.956483,0.977804
MIMIC-IV-CaseStudy,1800000,1800000,HoneyBee,cluster,0.5,6,0.0,0.064527,0.955857,0.974049
MIMIC-IV-CaseStudy,1800000,1800000,HoneyBee,cluster,0.5,7,0.0,0.05954,0.961223,0.979225
MIMIC-IV-CaseStudy,1800000,1800000,HoneyBee,cluster,0.5,8,0.0,0.061473,0.954455,0.976992
MIMIC-IV-CaseStudy,1800000,1800000,HoneyBee,cluster,0.5,9,0.0,0.059863,0.956304,0.977042
MIMIC-IV-CaseStudy,1800000,1800000,SPFresh,cluster,0.5,0,0.0,0.11819,0.94473,0.97338
MIMIC-IV-CaseStudy,1800000,1800000,SPFresh,cluster,0.5,1,0.0,0.11764,0.943891,0.974558
MIMIC-IV-CaseStudy,1800000,1800000,SPFresh,cluster,0.5,2,0.0,0.106741,0.949227,0.977621
MIMIC-IV-CaseStudy,1800000,1800000,SPFresh,cluster,0.5,3,0.0,0.106212,0.9502,0.974988
MIMIC-IV-CaseStudy,1800000,1800000,SPFresh,cluster,0.5,4,0.0,0.105991,0.946216,0.974228
MIMIC-IV-CaseStudy,1800000,1800000,SPFresh,cluster,0.5,5,0.0,0.109749,0.952823,0.977889
MIMIC-IV-CaseStudy,1800000,1800000,SPFresh,cluster,0.5,6,0.0,0.106511,0.952084,0.978548
MIMIC-IV-CaseStudy,1800000,1800000,SPFresh,cluster,0.5,7,0.0,0.109965,0.953828,0.976804
MIMIC-IV-CaseStudy,1800000,1800000,SPFresh,cluster,0.5,8,0.0,0.11447,0.947186,0.976179
MIMIC-IV-CaseStudy,1800000,1800000,SPFresh,cluster,0.5,9,0.0,0.103966,0.948182,0.975768
MIMIC-IV-CaseStudy,1800000,1800000,Oracle,cluster,0.5,0,0.0,0.0,0.976296,0.976296
MIMIC-IV-CaseStudy,1800000,1800000,Oracle,cluster,0.5,1,0.0,0.0,0.975145,0.975145
MIMIC-IV-CaseStudy,1800000,1800000,Oracle,cluster,0.5,2,0.0,0.0,0.974488,0.974488
MIMIC-IV-CaseStudy,1800000,1800000,Oracle,cluster,0.5,3,0.0,0.0,0.979874,0.979874
MIMIC-IV-CaseStudy,1800000,1800000,Oracle,cluster,0.5,4,0.0,0.0,0.97588,0.97588
MIMIC-IV-CaseStudy,1800000,1800000,Oracle,cluster,0.5,5,0.0,0.0,0.972683,0.972683
MIMIC-IV-CaseStudy,1800000,1800000,Oracle,cluster,0.5,6,0.0,0.0,0.975508,0.975508
MIMIC-IV-CaseStudy,1800000,1800000,Oracle,cluster,0.5,7,0.0,0.0,0.975039,0.975039
MIMIC-IV-CaseStudy,1800000,1800000,Oracle,cluster,0.5,8,0.0,0.0,0.974536,0.974536
MIMIC-IV-CaseStudy,1800000,1800000,Oracle,cluster,0.5,9,0.0,0.0,0.975147,0.975147
MIMIC-IV-CaseStudy,1800000,1800000,Tombstone,bridge,0.0,0,0.0,0.0,0.936015,0.974597
MIMIC-IV-CaseStudy,1800000,1800000,Tombstone,bridge,0.0,1,0.0,0.0,0.934122,0.973526
MIMIC-IV-CaseStudy,1800000,1800000,Tombstone,bridge,0.0,2,0.0,0.0,0.940041,0.977099
MIMIC-IV-CaseStudy,1800000,1800000,Tombstone,bridge,0.0,3,0.0,0.0,0.935043,0.975392
MIMIC-IV-CaseStudy,1800000,1800000,Tombstone,bridge,0.0,4,0.0,0.0,0.937047,0.974656
MIMIC-IV-CaseStudy,1800000,1800000,Tombstone,bridge,0.0,5,0.0,0.0,0.937229,0.976408
MIMIC-IV-CaseStudy,1800000,1800000,Tombstone,bridge,0.0,6,0.0,0.0,0.942485,0.977242
MIMIC-IV-CaseStudy,1800000,1800000,Tombstone,bridge,0.0,7,0.0,0.0,0.93896,0.977588
MIMIC-IV-CaseStudy,1800000,1800000,Tombstone,bridge,0.0,8,0.0,0.0,0.940598,0.978496
MIMIC-IV-CaseStudy,1800000,1800000,Tombstone,bridge,0.0,9,0.0,0.0,0.943541,0.977248
MIMIC-IV-CaseStudy,1800000,1800000,Post-filter,bridge,0.0,0,0.0,0.0,0.934604,0.978242
MIMIC-IV-CaseStudy,1800000,1800000,Post-filter,bridge,0.0,1,0.0,0.0,0.929761,0.972596
MIMIC-IV-CaseStudy,1800000,1800000,Post-filter,bridge,0.0,2,0.0,0.0,0.933355,0.97221
MIMIC-IV-CaseStudy,1800000,1800000,Post-filter,bridge,0.0,3,0.0,0.0,0.933839,0.975288
MIMIC-IV-CaseStudy,1800000,1800000,Post-filter,bridge,0.0,4,0.0,0.0,0.929708,0.973945
MIMIC-IV-CaseStudy,1800000,1800000,Post-filter,bridge,0.0,5,0.0,0.0,0.932145,0.974226
MIMIC-IV-CaseStudy,1800000,1800000,Post-filter,bridge,0.0,6,0.0,0.0,0.924501,0.972106
MIMIC-IV-CaseStudy,1800000,1800000,Post-filter,bridge,0.0,7,0.0,0.0,0.93464,0.977041
MIMIC-IV-CaseStudy,1800000,1800000,Post-filter,bridge,0.0,8,0.0,0.0,0.929383,0.974384
MIMIC-IV-CaseStudy,1800000,1800000,Post-filter,bridge,0.0,9,0.0,0.0,0.928933,0.973296
MIMIC-IV-CaseStudy,1800000,1800000,Lethe,bridge,0.0,0,0.0,0.0,0.975901,0.978155
MIMIC-IV-CaseStudy,1800000,1800000,Lethe,bridge,0.0,1,0.0,0.0,0.967696,0.973011
MIMIC-IV-CaseStudy,1800000,1800000,Lethe,bridge,0.0,2,0.0,0.0,0.968381,0.973508
MIMIC-IV-CaseStudy,1800000,1800000,Lethe,bridge,0.0,3,0.0,0.0,0.971018,0.975163
MIMIC-IV-CaseStudy,1800000,1800000,Lethe,bridge,0.0,4,0.0,0.0,0.974026,0.978305
MIMIC-IV-CaseStudy,1800000,1800000,Lethe,bridge,0.0,5,0.0,0.0,0.973587,0.975928
MIMIC-IV-CaseStudy,1800000,1800000,Lethe,bridge,0.0,6,0.0,0.0,0.973081,0.97703
MIMIC-IV-CaseStudy,1800000,1800000,Lethe,bridge,0.0,7,0.0,0.0,0.974499,0.977827
MIMIC-IV-CaseStudy,1800000,1800000,Lethe,bridge,0.0,8,0.0,0.0,0.967581,0.972653
MIMIC-IV-CaseStudy,1800000,1800000,Lethe,bridge,0.0,9,0.0,0.0,0.971356,0.976181
MIMIC-IV-CaseStudy,1800000,1800000,Lethe-no-bypass,bridge,0.0,0,0.0,0.0,0.922059,0.97529
MIMIC-IV-CaseStudy,1800000,1800000,Lethe-no-bypass,bridge,0.0,1,0.0,0.0,0.918258,0.975565
MIMIC-IV-CaseStudy,1800000,1800000,Lethe-no-bypass,bridge,0.0,2,0.0,0.0,0.923913,0.974403
MIMIC-IV-CaseStudy,1800000,1800000,Lethe-no-bypass,bridge,0.0,3,0.0,0.0,0.922128,0.977164
MIMIC-IV-CaseStudy,1800000,1800000,Lethe-no-bypass,bridge,0.0,4,0.0,0.0,0.917999,0.976663
MIMIC-IV-CaseStudy,1800000,1800000,Lethe-no-bypass,bridge,0.0,5,0.0,0.0,0.923757,0.978954
MIMIC-IV-CaseStudy,1800000,1800000,Lethe-no-bypass,bridge,0.0,6,0.0,0.0,0.922956,0.978075
MIMIC-IV-CaseStudy,1800000,1800000,Lethe-no-bypass,bridge,0.0,7,0.0,0.0,0.916879,0.972983
MIMIC-IV-CaseStudy,1800000,1800000,Lethe-no-bypass,bridge,0.0,8,0.0,0.0,0.919307,0.975493
MIMIC-IV-CaseStudy,1800000,1800000,Lethe-no-bypass,bridge,0.0,9,0.0,0.0,0.923227,0.977241
MIMIC-IV-CaseStudy,1800000,1800000,Lethe-no-revaware-traversal,bridge,0.0,0,0.0,0.0,0.95076,0.97485
MIMIC-IV-CaseStudy,1800000,1800000,Lethe-no-revaware-traversal,bridge,0.0,1,0.0,0.0,0.956697,0.978253
MIMIC-IV-CaseStudy,1800000,1800000,Lethe-no-revaware-traversal,bridge,0.0,2,0.0,0.0,0.948986,0.976194
MIMIC-IV-CaseStudy,1800000,1800000,Lethe-no-revaware-traversal,bridge,0.0,3,0.0,0.0,0.947226,0.973156
MIMIC-IV-CaseStudy,1800000,1800000,Lethe-no-revaware-traversal,bridge,0.0,4,0.0,0.0,0.949744,0.97692
MIMIC-IV-CaseStudy,1800000,1800000,Lethe-no-revaware-traversal,bridge,0.0,5,0.0,0.0,0.952497,0.978879
MIMIC-IV-CaseStudy,1800000,1800000,Lethe-no-revaware-traversal,bridge,0.0,6,0.0,0.0,0.950678,0.975811
MIMIC-IV-CaseStudy,1800000,1800000,Lethe-no-revaware-traversal,bridge,0.0,7,0.0,0.0,0.958437,0.98218
MIMIC-IV-CaseStudy,1800000,1800000,Lethe-no-revaware-traversal,bridge,0.0,8,0.0,0.0,0.953428,0.977168
MIMIC-IV-CaseStudy,1800000,1800000,Lethe-no-revaware-traversal,bridge,0.0,9,0.0,0.0,0.954809,0.979189
MIMIC-IV-CaseStudy,1800000,1800000,Physical-delete,bridge,0.0,0,0.0,0.0,0.947139,0.978619
MIMIC-IV-CaseStudy,1800000,1800000,Physical-delete,bridge,0.0,1,0.0,0.0,0.940856,0.977547
MIMIC-IV-CaseStudy,1800000,1800000,Physical-delete,bridge,0.0,2,0.0,0.0,0.939042,0.975363
MIMIC-IV-CaseStudy,1800000,1800000,Physical-delete,bridge,0.0,3,0.0,0.0,0.935497,0.975238
MIMIC-IV-CaseStudy,1800000,1800000,Physical-delete,bridge,0.0,4,0.0,0.0,0.935799,0.972591
MIMIC-IV-CaseStudy,1800000,1800000,Physical-delete,bridge,0.0,5,0.0,0.0,0.942587,0.974108
MIMIC-IV-CaseStudy,1800000,1800000,Physical-delete,bridge,0.0,6,0.0,0.0,0.940096,0.97538
MIMIC-IV-CaseStudy,1800000,1800000,Physical-delete,bridge,0.0,7,0.0,0.0,0.937843,0.973306
MIMIC-IV-CaseStudy,1800000,1800000,Physical-delete,bridge,0.0,8,0.0,0.0,0.94452,0.978513
MIMIC-IV-CaseStudy,1800000,1800000,Physical-delete,bridge,0.0,9,0.0,0.0,0.940703,0.976135
MIMIC-IV-CaseStudy,1800000,1800000,Periodic-rebuild,bridge,0.0,0,0.0,0.0,0.957152,0.977466
MIMIC-IV-CaseStudy,1800000,1800000,Periodic-rebuild,bridge,0.0,1,0.0,0.0,0.962211,0.978283
MIMIC-IV-CaseStudy,1800000,1800000,Periodic-rebuild,bridge,0.0,2,0.0,0.0,0.956858,0.97048
MIMIC-IV-CaseStudy,1800000,1800000,Periodic-rebuild,bridge,0.0,3,0.0,0.0,0.959606,0.978488
MIMIC-IV-CaseStudy,1800000,1800000,Periodic-rebuild,bridge,0.0,4,0.0,0.0,0.958785,0.978765
MIMIC-IV-CaseStudy,1800000,1800000,Periodic-rebuild,bridge,0.0,5,0.0,0.0,0.960715,0.978482
MIMIC-IV-CaseStudy,1800000,1800000,Periodic-rebuild,bridge,0.0,6,0.0,0.0,0.96569,0.977381
MIMIC-IV-CaseStudy,1800000,1800000,Periodic-rebuild,bridge,0.0,7,0.0,0.0,0.962204,0.979312
MIMIC-IV-CaseStudy,1800000,1800000,Periodic-rebuild,bridge,0.0,8,0.0,0.0,0.962707,0.978345
MIMIC-IV-CaseStudy,1800000,1800000,Periodic-rebuild,bridge,0.0,9,0.0,0.0,0.961868,0.977235
MIMIC-IV-CaseStudy,1800000,1800000,Per-role-index,bridge,0.0,0,0.0,0.0,0.968776,0.973986
MIMIC-IV-CaseStudy,1800000,1800000,Per-role-index,bridge,0.0,1,0.0,0.0,0.978079,0.977735
MIMIC-IV-CaseStudy,1800000,1800000,Per-role-index,bridge,0.0,2,0.0,0.0,0.969843,0.97607
MIMIC-IV-CaseStudy,1800000,1800000,Per-role-index,bridge,0.0,3,0.0,0.0,0.972399,0.973762
MIMIC-IV-CaseStudy,1800000,1800000,Per-role-index,bridge,0.0,4,0.0,0.0,0.973065,0.976159
MIMIC-IV-CaseStudy,1800000,1800000,Per-role-index,bridge,0.0,5,0.0,0.0,0.975344,0.977322
MIMIC-IV-CaseStudy,1800000,1800000,Per-role-index,bridge,0.0,6,0.0,0.0,0.972764,0.974569
MIMIC-IV-CaseStudy,1800000,1800000,Per-role-index,bridge,0.0,7,0.0,0.0,0.972778,0.97493
MIMIC-IV-CaseStudy,1800000,1800000,Per-role-index,bridge,0.0,8,0.0,0.0,0.973301,0.976892
MIMIC-IV-CaseStudy,1800000,1800000,Per-role-index,bridge,0.0,9,0.0,0.0,0.968472,0.972461
MIMIC-IV-CaseStudy,1800000,1800000,ACORN,bridge,0.0,0,0.0,0.0,0.954097,0.975183
MIMIC-IV-CaseStudy,1800000,1800000,ACORN,bridge,0.0,1,0.0,0.0,0.955434,0.978109
MIMIC-IV-CaseStudy,1800000,1800000,ACORN,bridge,0.0,2,0.0,0.0,0.957754,0.975757
MIMIC-IV-CaseStudy,1800000,1800000,ACORN,bridge,0.0,3,0.0,0.0,0.953496,0.975878
MIMIC-IV-CaseStudy,1800000,1800000,ACORN,bridge,0.0,4,0.0,0.0,0.961579,0.978271
MIMIC-IV-CaseStudy,1800000,1800000,ACORN,bridge,0.0,5,0.0,0.0,0.955824,0.975504
MIMIC-IV-CaseStudy,1800000,1800000,ACORN,bridge,0.0,6,0.0,0.0,0.955258,0.977016
MIMIC-IV-CaseStudy,1800000,1800000,ACORN,bridge,0.0,7,0.0,0.0,0.958965,0.976476
MIMIC-IV-CaseStudy,1800000,1800000,ACORN,bridge,0.0,8,0.0,0.0,0.96229,0.978568
MIMIC-IV-CaseStudy,1800000,1800000,ACORN,bridge,0.0,9,0.0,0.0,0.953602,0.978303
MIMIC-IV-CaseStudy,1800000,1800000,HoneyBee,bridge,0.0,0,0.0,0.0,0.957302,0.976062
MIMIC-IV-CaseStudy,1800000,1800000,HoneyBee,bridge,0.0,1,0.0,0.0,0.958311,0.976211
MIMIC-IV-CaseStudy,1800000,1800000,HoneyBee,bridge,0.0,2,0.0,0.0,0.955527,0.973732
MIMIC-IV-CaseStudy,1800000,1800000,HoneyBee,bridge,0.0,3,0.0,0.0,0.958752,0.977125
MIMIC-IV-CaseStudy,1800000,1800000,HoneyBee,bridge,0.0,4,0.0,0.0,0.952527,0.972903
MIMIC-IV-CaseStudy,1800000,1800000,HoneyBee,bridge,0.0,5,0.0,0.0,0.953819,0.973932
MIMIC-IV-CaseStudy,1800000,1800000,HoneyBee,bridge,0.0,6,0.0,0.0,0.959464,0.978123
MIMIC-IV-CaseStudy,1800000,1800000,HoneyBee,bridge,0.0,7,0.0,0.0,0.957692,0.975902
MIMIC-IV-CaseStudy,1800000,1800000,HoneyBee,bridge,0.0,8,0.0,0.0,0.955638,0.975838
MIMIC-IV-CaseStudy,1800000,1800000,HoneyBee,bridge,0.0,9,0.0,0.0,0.961296,0.977304
MIMIC-IV-CaseStudy,1800000,1800000,SPFresh,bridge,0.0,0,0.0,0.0,0.949554,0.975982
MIMIC-IV-CaseStudy,1800000,1800000,SPFresh,bridge,0.0,1,0.0,0.0,0.951099,0.97733
MIMIC-IV-CaseStudy,1800000,1800000,SPFresh,bridge,0.0,2,0.0,0.0,0.954605,0.978616
MIMIC-IV-CaseStudy,1800000,1800000,SPFresh,bridge,0.0,3,0.0,0.0,0.949481,0.977476
MIMIC-IV-CaseStudy,1800000,1800000,SPFresh,bridge,0.0,4,0.0,0.0,0.946806,0.972949
MIMIC-IV-CaseStudy,1800000,1800000,SPFresh,bridge,0.0,5,0.0,0.0,0.948356,0.973439
MIMIC-IV-CaseStudy,1800000,1800000,SPFresh,bridge,0.0,6,0.0,0.0,0.945788,0.97478
MIMIC-IV-CaseStudy,1800000,1800000,SPFresh,bridge,0.0,7,0.0,0.0,0.948655,0.974277
MIMIC-IV-CaseStudy,1800000,1800000,SPFresh,bridge,0.0,8,0.0,0.0,0.950525,0.97584
MIMIC-IV-CaseStudy,1800000,1800000,SPFresh,bridge,0.0,9,0.0,0.0,0.949003,0.977222
MIMIC-IV-CaseStudy,1800000,1800000,Oracle,bridge,0.0,0,0.0,0.0,0.976182,0.976182
MIMIC-IV-CaseStudy,1800000,1800000,Oracle,bridge,0.0,1,0.0,0.0,0.977918,0.977918
MIMIC-IV-CaseStudy,1800000,1800000,Oracle,bridge,0.0,2,0.0,0.0,0.972524,0.972524
MIMIC-IV-CaseStudy,1800000,1800000,Oracle,bridge,0.0,3,0.0,0.0,0.978356,0.978356
MIMIC-IV-CaseStudy,1800000,1800000,Oracle,bridge,0.0,4,0.0,0.0,0.973184,0.973184
MIMIC-IV-CaseStudy,1800000,1800000,Oracle,bridge,0.0,5,0.0,0.0,0.976856,0.976856
MIMIC-IV-CaseStudy,1800000,1800000,Oracle,bridge,0.0,6,0.0,0.0,0.977447,0.977447
MIMIC-IV-CaseStudy,1800000,1800000,Oracle,bridge,0.0,7,0.0,0.0,0.979887,0.979887
MIMIC-IV-CaseStudy,1800000,1800000,Oracle,bridge,0.0,8,0.0,0.0,0.973287,0.973287
MIMIC-IV-CaseStudy,1800000,1800000,Oracle,bridge,0.0,9,0.0,0.0,0.977531,0.977531
MIMIC-IV-CaseStudy,1800000,1800000,Tombstone,bridge,0.1,0,0.0,0.072722,0.936549,0.977426
MIMIC-IV-CaseStudy,1800000,1800000,Tombstone,bridge,0.1,1,0.0,0.070443,0.934938,0.975802
MIMIC-IV-CaseStudy,1800000,1800000,Tombstone,bridge,0.1,2,0.0,0.066675,0.938314,0.975042
MIMIC-IV-CaseStudy,1800000,1800000,Tombstone,bridge,0.1,3,0.0,0.068561,0.939529,0.977118
MIMIC-IV-CaseStudy,1800000,1800000,Tombstone,bridge,0.1,4,0.0,0.068062,0.936899,0.974814
MIMIC-IV-CaseStudy,1800000,1800000,Tombstone,bridge,0.1,5,0.0,0.067483,0.930482,0.972293
MIMIC-IV-CaseStudy,1800000,1800000,Tombstone,bridge,0.1,6,0.0,0.071806,0.939301,0.976366
MIMIC-IV-CaseStudy,1800000,1800000,Tombstone,bridge,0.1,7,0.0,0.070575,0.942403,0.980406
MIMIC-IV-CaseStudy,1800000,1800000,Tombstone,bridge,0.1,8,0.0,0.072649,0.938566,0.976885
MIMIC-IV-CaseStudy,1800000,1800000,Tombstone,bridge,0.1,9,0.0,0.070994,0.937836,0.976124
MIMIC-IV-CaseStudy,1800000,1800000,Post-filter,bridge,0.1,0,0.0,0.07401,0.936563,0.976862
MIMIC-IV-CaseStudy,1800000,1800000,Post-filter,bridge,0.1,1,0.0,0.075017,0.936023,0.978817
MIMIC-IV-CaseStudy,1800000,1800000,Post-filter,bridge,0.1,2,0.0,0.070888,0.926845,0.97749
MIMIC-IV-CaseStudy,1800000,1800000,Post-filter,bridge,0.1,3,0.0,0.072126,0.934749,0.976322
MIMIC-IV-CaseStudy,1800000,1800000,Post-filter,bridge,0.1,4,0.0,0.072659,0.930098,0.973282
MIMIC-IV-CaseStudy,1800000,1800000,Post-filter,bridge,0.1,5,0.0,0.076871,0.930454,0.974459
MIMIC-IV-CaseStudy,1800000,1800000,Post-filter,bridge,0.1,6,0.0,0.070987,0.932405,0.976457
MIMIC-IV-CaseStudy,1800000,1800000,Post-filter,bridge,0.1,7,0.0,0.075182,0.927249,0.973144
MIMIC-IV-CaseStudy,1800000,1800000,Post-filter,bridge,0.1,8,0.0,0.07565,0.930965,0.975895
MIMIC-IV-CaseStudy,1800000,1800000,Post-filter,bridge,0.1,9,0.0,0.074942,0.935363,0.978221
MIMIC-IV-CaseStudy,1800000,1800000,Lethe,bridge,0.1,0,0.0,0.000292,0.974084,0.977757
MIMIC-IV-CaseStudy,1800000,1800000,Lethe,bridge,0.1,1,0.0,0.001829,0.971926,0.975775
MIMIC-IV-CaseStudy,1800000,1800000,Lethe,bridge,0.1,2,0.0,0.007132,0.972438,0.97663
MIMIC-IV-CaseStudy,1800000,1800000,Lethe,bridge,0.1,3,0.0,0.008335,0.971908,0.975712
MIMIC-IV-CaseStudy,1800000,1800000,Lethe,bridge,0.1,4,0.0,0.000404,0.972655,0.976555
MIMIC-IV-CaseStudy,1800000,1800000,Lethe,bridge,0.1,5,0.0,0.002186,0.972202,0.976753
MIMIC-IV-CaseStudy,1800000,1800000,Lethe,bridge,0.1,6,0.0,0.0,0.97552,0.981212
MIMIC-IV-CaseStudy,1800000,1800000,Lethe,bridge,0.1,7,0.0,0.002477,0.974469,0.980019
MIMIC-IV-CaseStudy,1800000,1800000,Lethe,bridge,0.1,8,0.0,0.003557,0.976509,0.978476
MIMIC-IV-CaseStudy,1800000,1800000,Lethe,bridge,0.1,9,0.0,0.002205,0.970587,0.977888
MIMIC-IV-CaseStudy,1800000,1800000,Lethe-no-bypass,bridge,0.1,0,0.0,0.023875,0.918255,0.974173
MIMIC-IV-CaseStudy,1800000,1800000,Lethe-no-bypass,bridge,0.1,1,0.0,0.025468,0.918859,0.974857
MIMIC-IV-CaseStudy,1800000,1800000,Lethe-no-bypass,bridge,0.1,2,0.0,0.022066,0.921446,0.97548
MIMIC-IV-CaseStudy,1800000,1800000,Lethe-no-bypass,bridge,0.1,3,0.0,0.022519,0.918947,0.975767
MIMIC-IV-CaseStudy,1800000,1800000,Lethe-no-bypass,bridge,0.1,4,0.0,0.026977,0.920451,0.974713
MIMIC-IV-CaseStudy,1800000,1800000,Lethe-no-bypass,bridge,0.1,5,0.0,0.027231,0.923366,0.97993
MIMIC-IV-CaseStudy,1800000,1800000,Lethe-no-bypass,bridge,0.1,6,0.0,0.022177,0.92254,0.976572
MIMIC-IV-CaseStudy,1800000,1800000,Lethe-no-bypass,bridge,0.1,7,0.0,0.021777,0.917243,0.975596
MIMIC-IV-CaseStudy,1800000,1800000,Lethe-no-bypass,bridge,0.1,8,0.0,0.023322,0.920839,0.975317
MIMIC-IV-CaseStudy,1800000,1800000,Lethe-no-bypass,bridge,0.1,9,0.0,0.025038,0.923296,0.976047
MIMIC-IV-CaseStudy,1800000,1800000,Lethe-no-revaware-traversal,bridge,0.1,0,0.0,0.063623,0.951259,0.976428
MIMIC-IV-CaseStudy,1800000,1800000,Lethe-no-revaware-traversal,bridge,0.1,1,0.0,0.067617,0.950029,0.975211
MIMIC-IV-CaseStudy,1800000,1800000,Lethe-no-revaware-traversal,bridge,0.1,2,0.0,0.062282,0.951944,0.976712
MIMIC-IV-CaseStudy,1800000,1800000,Lethe-no-revaware-traversal,bridge,0.1,3,0.0,0.05712,0.948733,0.973958
MIMIC-IV-CaseStudy,1800000,1800000,Lethe-no-revaware-traversal,bridge,0.1,4,0.0,0.064119,0.953814,0.980106
MIMIC-IV-CaseStudy,1800000,1800000,Lethe-no-revaware-traversal,bridge,0.1,5,0.0,0.063932,0.951042,0.976384
MIMIC-IV-CaseStudy,1800000,1800000,Lethe-no-revaware-traversal,bridge,0.1,6,0.0,0.067307,0.947626,0.976923
MIMIC-IV-CaseStudy,1800000,1800000,Lethe-no-revaware-traversal,bridge,0.1,7,0.0,0.067783,0.950637,0.974619
MIMIC-IV-CaseStudy,1800000,1800000,Lethe-no-revaware-traversal,bridge,0.1,8,0.0,0.062721,0.948847,0.97581
MIMIC-IV-CaseStudy,1800000,1800000,Lethe-no-revaware-traversal,bridge,0.1,9,0.0,0.069708,0.947881,0.972549
MIMIC-IV-CaseStudy,1800000,1800000,Physical-delete,bridge,0.1,0,0.0,0.015579,0.937805,0.976135
MIMIC-IV-CaseStudy,1800000,1800000,Physical-delete,bridge,0.1,1,0.0,0.011443,0.937208,0.973928
MIMIC-IV-CaseStudy,1800000,1800000,Physical-delete,bridge,0.1,2,0.0,0.016511,0.939992,0.976339
MIMIC-IV-CaseStudy,1800000,1800000,Physical-delete,bridge,0.1,3,0.0,0.013083,0.940735,0.974587
MIMIC-IV-CaseStudy,1800000,1800000,Physical-delete,bridge,0.1,4,0.0,0.012576,0.937879,0.976526
MIMIC-IV-CaseStudy,1800000,1800000,Physical-delete,bridge,0.1,5,0.0,0.012088,0.940818,0.975206
MIMIC-IV-CaseStudy,1800000,1800000,Physical-delete,bridge,0.1,6,0.0,0.019434,0.937939,0.97538
MIMIC-IV-CaseStudy,1800000,1800000,Physical-delete,bridge,0.1,7,0.0,0.01692,0.941826,0.976067
MIMIC-IV-CaseStudy,1800000,1800000,Physical-delete,bridge,0.1,8,0.0,0.013976,0.938856,0.977012
MIMIC-IV-CaseStudy,1800000,1800000,Physical-delete,bridge,0.1,9,0.0,0.013596,0.943754,0.976961
MIMIC-IV-CaseStudy,1800000,1800000,Periodic-rebuild,bridge,0.1,0,0.0,0.029196,0.961422,0.976184
MIMIC-IV-CaseStudy,1800000,1800000,Periodic-rebuild,bridge,0.1,1,0.0,0.037058,0.954325,0.97271
MIMIC-IV-CaseStudy,1800000,1800000,Periodic-rebuild,bridge,0.1,2,0.0,0.030594,0.958341,0.976372
MIMIC-IV-CaseStudy,1800000,1800000,Periodic-rebuild,bridge,0.1,3,0.0,0.029108,0.961991,0.979058
MIMIC-IV-CaseStudy,1800000,1800000,Periodic-rebuild,bridge,0.1,4,0.0,0.033478,0.959271,0.977125
MIMIC-IV-CaseStudy,1800000,1800000,Periodic-rebuild,bridge,0.1,5,0.0,0.032195,0.962512,0.980047
MIMIC-IV-CaseStudy,1800000,1800000,Periodic-rebuild,bridge,0.1,6,0.0,0.032237,0.960201,0.978806
MIMIC-IV-CaseStudy,1800000,1800000,Periodic-rebuild,bridge,0.1,7,0.0,0.031913,0.959782,0.977114
MIMIC-IV-CaseStudy,1800000,1800000,Periodic-rebuild,bridge,0.1,8,0.0,0.034315,0.959131,0.976063
MIMIC-IV-CaseStudy,1800000,1800000,Periodic-rebuild,bridge,0.1,9,0.0,0.032942,0.961979,0.976065
MIMIC-IV-CaseStudy,1800000,1800000,Per-role-index,bridge,0.1,0,0.0,0.004972,0.9803,0.977627
MIMIC-IV-CaseStudy,1800000,1800000,Per-role-index,bridge,0.1,1,0.0,0.003266,0.971672,0.978659
MIMIC-IV-CaseStudy,1800000,1800000,Per-role-index,bridge,0.1,2,0.0,0.001624,0.97512,0.977398
MIMIC-IV-CaseStudy,1800000,1800000,Per-role-index,bridge,0.1,3,0.0,0.001493,0.978428,0.979027
MIMIC-IV-CaseStudy,1800000,1800000,Per-role-index,bridge,0.1,4,0.0,0.00165,0.970394,0.975153
MIMIC-IV-CaseStudy,1800000,1800000,Per-role-index,bridge,0.1,5,0.0,0.0,0.975589,0.975774
MIMIC-IV-CaseStudy,1800000,1800000,Per-role-index,bridge,0.1,6,0.0,0.00216,0.973377,0.975565
MIMIC-IV-CaseStudy,1800000,1800000,Per-role-index,bridge,0.1,7,0.0,0.006569,0.976839,0.979478
MIMIC-IV-CaseStudy,1800000,1800000,Per-role-index,bridge,0.1,8,0.0,0.002787,0.973,0.976022
MIMIC-IV-CaseStudy,1800000,1800000,Per-role-index,bridge,0.1,9,0.0,0.002308,0.969919,0.974496
MIMIC-IV-CaseStudy,1800000,1800000,ACORN,bridge,0.1,0,0.0,0.031203,0.955927,0.97722
MIMIC-IV-CaseStudy,1800000,1800000,ACORN,bridge,0.1,1,0.0,0.027695,0.951871,0.973277
MIMIC-IV-CaseStudy,1800000,1800000,ACORN,bridge,0.1,2,0.0,0.030881,0.953207,0.974033
MIMIC-IV-CaseStudy,1800000,1800000,ACORN,bridge,0.1,3,0.0,0.027845,0.952181,0.973512
MIMIC-IV-CaseStudy,1800000,1800000,ACORN,bridge,0.1,4,0.0,0.026888,0.951661,0.973999
MIMIC-IV-CaseStudy,1800000,1800000,ACORN,bridge,0.1,5,0.0,0.026563,0.95454,0.974237
MIMIC-IV-CaseStudy,1800000,1800000,ACORN,bridge,0.1,6,0.0,0.029087,0.954368,0.97577
MIMIC-IV-CaseStudy,1800000,1800000,ACORN,bridge,0.1,7,0.0,0.029776,0.961183,0.979819
MIMIC-IV-CaseStudy,1800000,1800000,ACORN,bridge,0.1,8,0.0,0.03014,0.956481,0.977733
MIMIC-IV-CaseStudy,1800000,1800000,ACORN,bridge,0.1,9,0.0,0.029881,0.955283,0.974108
MIMIC-IV-CaseStudy,1800000,1800000,HoneyBee,bridge,0.1,0,0.0,0.020695,0.962172,0.97816
MIMIC-IV-CaseStudy,1800000,1800000,HoneyBee,bridge,0.1,1,0.0,0.021192,0.958819,0.976274
MIMIC-IV-CaseStudy,1800000,1800000,HoneyBee,bridge,0.1,2,0.0,0.024112,0.958696,0.976597
MIMIC-IV-CaseStudy,1800000,1800000,HoneyBee,bridge,0.1,3,0.0,0.025628,0.959667,0.974197
MIMIC-IV-CaseStudy,1800000,1800000,HoneyBee,bridge,0.1,4,0.0,0.023999,0.959469,0.977408
MIMIC-IV-CaseStudy,1800000,1800000,HoneyBee,bridge,0.1,5,0.0,0.025083,0.961849,0.978728
MIMIC-IV-CaseStudy,1800000,1800000,HoneyBee,bridge,0.1,6,0.0,0.018947,0.960409,0.974938
MIMIC-IV-CaseStudy,1800000,1800000,HoneyBee,bridge,0.1,7,0.0,0.027913,0.959678,0.978263
MIMIC-IV-CaseStudy,1800000,1800000,HoneyBee,bridge,0.1,8,0.0,0.023542,0.959757,0.977538
MIMIC-IV-CaseStudy,1800000,1800000,HoneyBee,bridge,0.1,9,0.0,0.021077,0.95963,0.977048
MIMIC-IV-CaseStudy,1800000,1800000,SPFresh,bridge,0.1,0,0.0,0.040824,0.950941,0.977079
MIMIC-IV-CaseStudy,1800000,1800000,SPFresh,bridge,0.1,1,0.0,0.041315,0.948102,0.972451
MIMIC-IV-CaseStudy,1800000,1800000,SPFresh,bridge,0.1,2,0.0,0.041919,0.951566,0.972599
MIMIC-IV-CaseStudy,1800000,1800000,SPFresh,bridge,0.1,3,0.0,0.042218,0.949087,0.975007
MIMIC-IV-CaseStudy,1800000,1800000,SPFresh,bridge,0.1,4,0.0,0.039853,0.948131,0.97605
MIMIC-IV-CaseStudy,1800000,1800000,SPFresh,bridge,0.1,5,0.0,0.04448,0.948671,0.975192
MIMIC-IV-CaseStudy,1800000,1800000,SPFresh,bridge,0.1,6,0.0,0.044107,0.954045,0.977595
MIMIC-IV-CaseStudy,1800000,1800000,SPFresh,bridge,0.1,7,0.0,0.042715,0.948291,0.973974
MIMIC-IV-CaseStudy,1800000,1800000,SPFresh,bridge,0.1,8,0.0,0.046333,0.950957,0.978604
MIMIC-IV-CaseStudy,1800000,1800000,SPFresh,bridge,0.1,9,0.0,0.043245,0.949251,0.977567
MIMIC-IV-CaseStudy,1800000,1800000,Oracle,bridge,0.1,0,0.0,0.0,0.975838,0.975838
MIMIC-IV-CaseStudy,1800000,1800000,Oracle,bridge,0.1,1,0.0,0.0,0.97765,0.97765
MIMIC-IV-CaseStudy,1800000,1800000,Oracle,bridge,0.1,2,0.0,0.0,0.973098,0.973098
MIMIC-IV-CaseStudy,1800000,1800000,Oracle,bridge,0.1,3,0.0,0.0,0.973662,0.973662
MIMIC-IV-CaseStudy,1800000,1800000,Oracle,bridge,0.1,4,0.0,0.0,0.97785,0.97785
MIMIC-IV-CaseStudy,1800000,1800000,Oracle,bridge,0.1,5,0.0,0.0,0.978514,0.978514
MIMIC-IV-CaseStudy,1800000,1800000,Oracle,bridge,0.1,6,0.0,0.0,0.975608,0.975608
MIMIC-IV-CaseStudy,1800000,1800000,Oracle,bridge,0.1,7,0.0,0.0,0.975368,0.975368
MIMIC-IV-CaseStudy,1800000,1800000,Oracle,bridge,0.1,8,0.0,0.0,0.976679,0.976679
MIMIC-IV-CaseStudy,1800000,1800000,Oracle,bridge,0.1,9,0.0,0.0,0.973664,0.973664
MIMIC-IV-CaseStudy,1800000,1800000,Tombstone,bridge,0.2,0,0.0,0.123334,0.935405,0.976458
MIMIC-IV-CaseStudy,1800000,1800000,Tombstone,bridge,0.2,1,0.0,0.120293,0.935203,0.974733
MIMIC-IV-CaseStudy,1800000,1800000,Tombstone,bridge,0.2,2,0.0,0.119317,0.930525,0.971896
MIMIC-IV-CaseStudy,1800000,1800000,Tombstone,bridge,0.2,3,0.0,0.11701,0.941699,0.975667
MIMIC-IV-CaseStudy,1800000,1800000,Tombstone,bridge,0.2,4,0.0,0.120516,0.936789,0.979427
MIMIC-IV-CaseStudy,1800000,1800000,Tombstone,bridge,0.2,5,0.0,0.121816,0.936041,0.974837
MIMIC-IV-CaseStudy,1800000,1800000,Tombstone,bridge,0.2,6,0.0,0.119469,0.937457,0.974376
MIMIC-IV-CaseStudy,1800000,1800000,Tombstone,bridge,0.2,7,0.0,0.11996,0.933545,0.974832
MIMIC-IV-CaseStudy,1800000,1800000,Tombstone,bridge,0.2,8,0.0,0.118899,0.936935,0.973468
MIMIC-IV-CaseStudy,1800000,1800000,Tombstone,bridge,0.2,9,0.0,0.120942,0.932309,0.97436
MIMIC-IV-CaseStudy,1800000,1800000,Post-filter,bridge,0.2,0,0.0,0.129677,0.934916,0.977324
MIMIC-IV-CaseStudy,1800000,1800000,Post-filter,bridge,0.2,1,0.0,0.127655,0.937414,0.978679
MIMIC-IV-CaseStudy,1800000,1800000,Post-filter,bridge,0.2,2,0.0,0.132201,0.931548,0.976585
MIMIC-IV-CaseStudy,1800000,1800000,Post-filter,bridge,0.2,3,0.0,0.133766,0.931974,0.978291
MIMIC-IV-CaseStudy,1800000,1800000,Post-filter,bridge,0.2,4,0.0,0.130075,0.929027,0.975832
MIMIC-IV-CaseStudy,1800000,1800000,Post-filter,bridge,0.2,5,0.0,0.133165,0.926431,0.97115
MIMIC-IV-CaseStudy,1800000,1800000,Post-filter,bridge,0.2,6,0.0,0.125732,0.933413,0.974809
MIMIC-IV-CaseStudy,1800000,1800000,Post-filter,bridge,0.2,7,0.0,0.1319,0.930827,0.975456
MIMIC-IV-CaseStudy,1800000,1800000,Post-filter,bridge,0.2,8,0.0,0.126817,0.932537,0.976192
MIMIC-IV-CaseStudy,1800000,1800000,Post-filter,bridge,0.2,9,0.0,0.12511,0.92967,0.975229
MIMIC-IV-CaseStudy,1800000,1800000,Lethe,bridge,0.2,0,0.0,0.000361,0.968225,0.973367
MIMIC-IV-CaseStudy,1800000,1800000,Lethe,bridge,0.2,1,0.0,0.000659,0.969712,0.974634
MIMIC-IV-CaseStudy,1800000,1800000,Lethe,bridge,0.2,2,0.0,0.012295,0.971397,0.975114
MIMIC-IV-CaseStudy,1800000,1800000,Lethe,bridge,0.2,3,0.0,0.002891,0.97165,0.975795
MIMIC-IV-CaseStudy,1800000,1800000,Lethe,bridge,0.2,4,0.0,0.007847,0.974717,0.980754
MIMIC-IV-CaseStudy,1800000,1800000,Lethe,bridge,0.2,5,0.0,0.013294,0.974314,0.977436
MIMIC-IV-CaseStudy,1800000,1800000,Lethe,bridge,0.2,6,0.0,0.006236,0.972723,0.974927
MIMIC-IV-CaseStudy,1800000,1800000,Lethe,bridge,0.2,7,0.0,0.01359,0.974081,0.97797
MIMIC-IV-CaseStudy,1800000,1800000,Lethe,bridge,0.2,8,0.0,0.012747,0.972971,0.973729
MIMIC-IV-CaseStudy,1800000,1800000,Lethe,bridge,0.2,9,0.0,0.0,0.966158,0.971885
MIMIC-IV-CaseStudy,1800000,1800000,Lethe-no-bypass,bridge,0.2,0,0.0,0.039827,0.9197,0.975741
MIMIC-IV-CaseStudy,1800000,1800000,Lethe-no-bypass,bridge,0.2,1,0.0,0.036914,0.920254,0.976592
MIMIC-IV-CaseStudy,1800000,1800000,Lethe-no-bypass,bridge,0.2,2,0.0,0.040945,0.918268,0.975775
MIMIC-IV-CaseStudy,1800000,1800000,Lethe-no-bypass,bridge,0.2,3,0.0,0.040519,0.922885,0.980263
MIMIC-IV-CaseStudy,1800000,1800000,Lethe-no-bypass,bridge,0.2,4,0.0,0.042656,0.919149,0.973564
MIMIC-IV-CaseStudy,1800000,1800000,Lethe-no-bypass,bridge,0.2,5,0.0,0.037191,0.922136,0.978211
MIMIC-IV-CaseStudy,1800000,1800000,Lethe-no-bypass,bridge,0.2,6,0.0,0.045221,0.9194,0.974651
MIMIC-IV-CaseStudy,1800000,1800000,Lethe-no-bypass,bridge,0.2,7,0.0,0.041768,0.919372,0.974682
MIMIC-IV-CaseStudy,1800000,1800000,Lethe-no-bypass,bridge,0.2,8,0.0,0.046581,0.920127,0.979058
MIMIC-IV-CaseStudy,1800000,1800000,Lethe-no-bypass,bridge,0.2,9,0.0,0.043791,0.915352,0.972894
MIMIC-IV-CaseStudy,1800000,1800000,Lethe-no-revaware-traversal,bridge,0.2,0,0.0,0.109696,0.951711,0.977662
MIMIC-IV-CaseStudy,1800000,1800000,Lethe-no-revaware-traversal,bridge,0.2,1,0.0,0.112206,0.95244,0.977369
MIMIC-IV-CaseStudy,1800000,1800000,Lethe-no-revaware-traversal,bridge,0.2,2,0.0,0.117362,0.952488,0.977611
MIMIC-IV-CaseStudy,1800000,1800000,Lethe-no-revaware-traversal,bridge,0.2,3,0.0,0.114129,0.947942,0.974742
MIMIC-IV-CaseStudy,1800000,1800000,Lethe-no-revaware-traversal,bridge,0.2,4,0.0,0.115566,0.946002,0.973172
MIMIC-IV-CaseStudy,1800000,1800000,Lethe-no-revaware-traversal,bridge,0.2,5,0.0,0.116171,0.954588,0.976005
MIMIC-IV-CaseStudy,1800000,1800000,Lethe-no-revaware-traversal,bridge,0.2,6,0.0,0.116772,0.951719,0.973968
MIMIC-IV-CaseStudy,1800000,1800000,Lethe-no-revaware-traversal,bridge,0.2,7,0.0,0.115059,0.953191,0.979535
MIMIC-IV-CaseStudy,1800000,1800000,Lethe-no-revaware-traversal,bridge,0.2,8,0.0,0.11346,0.95154,0.97665
MIMIC-IV-CaseStudy,1800000,1800000,Lethe-no-revaware-traversal,bridge,0.2,9,0.0,0.114626,0.951736,0.97692
MIMIC-IV-CaseStudy,1800000,1800000,Physical-delete,bridge,0.2,0,0.0,0.03226,0.942029,0.975233
MIMIC-IV-CaseStudy,1800000,1800000,Physical-delete,bridge,0.2,1,0.0,0.027069,0.933684,0.973135
MIMIC-IV-CaseStudy,1800000,1800000,Physical-delete,bridge,0.2,2,0.0,0.031499,0.93947,0.975627
MIMIC-IV-CaseStudy,1800000,1800000,Physical-delete,bridge,0.2,3,0.0,0.032684,0.942058,0.977607
MIMIC-IV-CaseStudy,1800000,1800000,Physical-delete,bridge,0.2,4,0.0,0.024547,0.941572,0.976924
MIMIC-IV-CaseStudy,1800000,1800000,Physical-delete,bridge,0.2,5,0.0,0.027256,0.935818,0.973773
MIMIC-IV-CaseStudy,1800000,1800000,Physical-delete,bridge,0.2,6,0.0,0.026991,0.939732,0.976253
MIMIC-IV-CaseStudy,1800000,1800000,Physical-delete,bridge,0.2,7,0.0,0.026973,0.935169,0.973083
MIMIC-IV-CaseStudy,1800000,1800000,Physical-delete,bridge,0.2,8,0.0,0.030402,0.944096,0.976728
MIMIC-IV-CaseStudy,1800000,1800000,Physical-delete,bridge,0.2,9,0.0,0.025798,0.93828,0.97714
MIMIC-IV-CaseStudy,1800000,1800000,Periodic-rebuild,bridge,0.2,0,0.0,0.057155,0.958533,0.977456
MIMIC-IV-CaseStudy,1800000,1800000,Periodic-rebuild,bridge,0.2,1,0.0,0.058381,0.95515,0.974884
MIMIC-IV-CaseStudy,1800000,1800000,Periodic-rebuild,bridge,0.2,2,0.0,0.060752,0.95955,0.975385
MIMIC-IV-CaseStudy,1800000,1800000,Periodic-rebuild,bridge,0.2,3,0.0,0.056624,0.960595,0.977849
MIMIC-IV-CaseStudy,1800000,1800000,Periodic-rebuild,bridge,0.2,4,0.0,0.061426,0.961146,0.978659
MIMIC-IV-CaseStudy,1800000,1800000,Periodic-rebuild,bridge,0.2,5,0.0,0.056269,0.954958,0.976579
MIMIC-IV-CaseStudy,1800000,1800000,Periodic-rebuild,bridge,0.2,6,0.0,0.058583,0.954781,0.974406
MIMIC-IV-CaseStudy,1800000,1800000,Periodic-rebuild,bridge,0.2,7,0.0,0.059839,0.961052,0.976079
MIMIC-IV-CaseStudy,1800000,1800000,Periodic-rebuild,bridge,0.2,8,0.0,0.055263,0.956231,0.976109
MIMIC-IV-CaseStudy,1800000,1800000,Periodic-rebuild,bridge,0.2,9,0.0,0.054197,0.962203,0.977459
MIMIC-IV-CaseStudy,1800000,1800000,Per-role-index,bridge,0.2,0,0.0,0.003971,0.970631,0.976754
MIMIC-IV-CaseStudy,1800000,1800000,Per-role-index,bridge,0.2,1,0.0,0.004876,0.971802,0.974745
MIMIC-IV-CaseStudy,1800000,1800000,Per-role-index,bridge,0.2,2,0.0,0.003636,0.970169,0.977993
MIMIC-IV-CaseStudy,1800000,1800000,Per-role-index,bridge,0.2,3,0.0,0.000765,0.966867,0.972595
MIMIC-IV-CaseStudy,1800000,1800000,Per-role-index,bridge,0.2,4,0.0,0.006092,0.974558,0.978849
MIMIC-IV-CaseStudy,1800000,1800000,Per-role-index,bridge,0.2,5,0.0,0.0,0.971821,0.974535
MIMIC-IV-CaseStudy,1800000,1800000,Per-role-index,bridge,0.2,6,0.0,0.001182,0.970672,0.975292
MIMIC-IV-CaseStudy,1800000,1800000,Per-role-index,bridge,0.2,7,0.0,0.00015,0.975638,0.97554
MIMIC-IV-CaseStudy,1800000,1800000,Per-role-index,bridge,0.2,8,0.0,0.001318,0.96827,0.975796
MIMIC-IV-CaseStudy,1800000,1800000,Per-role-index,bridge,0.2,9,0.0,0.0,0.972964,0.975967
MIMIC-IV-CaseStudy,1800000,1800000,ACORN,bridge,0.2,0,0.0,0.0507,0.952473,0.975868
MIMIC-IV-CaseStudy,1800000,1800000,ACORN,bridge,0.2,1,0.0,0.052915,0.954064,0.975116
MIMIC-IV-CaseStudy,1800000,1800000,ACORN,bridge,0.2,2,0.0,0.048821,0.954499,0.975499
MIMIC-IV-CaseStudy,1800000,1800000,ACORN,bridge,0.2,3,0.0,0.05072,0.953605,0.975787
MIMIC-IV-CaseStudy,1800000,1800000,ACORN,bridge,0.2,4,0.0,0.05114,0.952522,0.973502
MIMIC-IV-CaseStudy,1800000,1800000,ACORN,bridge,0.2,5,0.0,0.051252,0.956926,0.978143
MIMIC-IV-CaseStudy,1800000,1800000,ACORN,bridge,0.2,6,0.0,0.04908,0.954464,0.976047
MIMIC-IV-CaseStudy,1800000,1800000,ACORN,bridge,0.2,7,0.0,0.05472,0.957473,0.978632
MIMIC-IV-CaseStudy,1800000,1800000,ACORN,bridge,0.2,8,0.0,0.046767,0.957721,0.979532
MIMIC-IV-CaseStudy,1800000,1800000,ACORN,bridge,0.2,9,0.0,0.045185,0.95342,0.972605
MIMIC-IV-CaseStudy,1800000,1800000,HoneyBee,bridge,0.2,0,0.0,0.046171,0.959336,0.977067
MIMIC-IV-CaseStudy,1800000,1800000,HoneyBee,bridge,0.2,1,0.0,0.039205,0.954084,0.975469
MIMIC-IV-CaseStudy,1800000,1800000,HoneyBee,bridge,0.2,2,0.0,0.03858,0.959425,0.976327
MIMIC-IV-CaseStudy,1800000,1800000,HoneyBee,bridge,0.2,3,0.0,0.044183,0.961976,0.977681
MIMIC-IV-CaseStudy,1800000,1800000,HoneyBee,bridge,0.2,4,0.0,0.042547,0.957818,0.976294
MIMIC-IV-CaseStudy,1800000,1800000,HoneyBee,bridge,0.2,5,0.0,0.042383,0.960395,0.978082
MIMIC-IV-CaseStudy,1800000,1800000,HoneyBee,bridge,0.2,6,0.0,0.042717,0.951726,0.972762
MIMIC-IV-CaseStudy,1800000,1800000,HoneyBee,bridge,0.2,7,0.0,0.034203,0.956567,0.977064
MIMIC-IV-CaseStudy,1800000,1800000,HoneyBee,bridge,0.2,8,0.0,0.044246,0.959873,0.979295
MIMIC-IV-CaseStudy,1800000,1800000,HoneyBee,bridge,0.2,9,0.0,0.042444,0.959567,0.976991
MIMIC-IV-CaseStudy,1800000,1800000,SPFresh,bridge,0.2,0,0.0,0.075193,0.949182,0.976828
MIMIC-IV-CaseStudy,1800000,1800000,SPFresh,bridge,0.2,1,0.0,0.07457,0.950684,0.976887
MIMIC-IV-CaseStudy,1800000,1800000,SPFresh,bridge,0.2,2,0.0,0.075409,0.950065,0.97415
MIMIC-IV-CaseStudy,1800000,1800000,SPFresh,bridge,0.2,3,0.0,0.072437,0.947998,0.977625
MIMIC-IV-CaseStudy,1800000,1800000,SPFresh,bridge,0.2,4,0.0,0.070786,0.947434,0.974448
MIMIC-IV-CaseStudy,1800000,1800000,SPFresh,bridge,0.2,5,0.0,0.076112,0.951194,0.975111
MIMIC-IV-CaseStudy,1800000,1800000,SPFresh,bridge,0.2,6,0.0,0.074874,0.946364,0.972356
MIMIC-IV-CaseStudy,1800000,1800000,SPFresh,bridge,0.2,7,0.0,0.071939,0.952377,0.977097
MIMIC-IV-CaseStudy,1800000,1800000,SPFresh,bridge,0.2,8,0.0,0.074145,0.94984,0.975319
MIMIC-IV-CaseStudy,1800000,1800000,SPFresh,bridge,0.2,9,0.0,0.073917,0.955282,0.980359
MIMIC-IV-CaseStudy,1800000,1800000,Oracle,bridge,0.2,0,0.0,0.0,0.979172,0.979172
MIMIC-IV-CaseStudy,1800000,1800000,Oracle,bridge,0.2,1,0.0,0.0,0.974289,0.974289
MIMIC-IV-CaseStudy,1800000,1800000,Oracle,bridge,0.2,2,0.0,0.0,0.976136,0.976136
MIMIC-IV-CaseStudy,1800000,1800000,Oracle,bridge,0.2,3,0.0,0.0,0.977167,0.977167
MIMIC-IV-CaseStudy,1800000,1800000,Oracle,bridge,0.2,4,0.0,0.0,0.976616,0.976616
MIMIC-IV-CaseStudy,1800000,1800000,Oracle,bridge,0.2,5,0.0,0.0,0.976808,0.976808
MIMIC-IV-CaseStudy,1800000,1800000,Oracle,bridge,0.2,6,0.0,0.0,0.974784,0.974784
MIMIC-IV-CaseStudy,1800000,1800000,Oracle,bridge,0.2,7,0.0,0.0,0.979763,0.979763
MIMIC-IV-CaseStudy,1800000,1800000,Oracle,bridge,0.2,8,0.0,0.0,0.974724,0.974724
MIMIC-IV-CaseStudy,1800000,1800000,Oracle,bridge,0.2,9,0.0,0.0,0.976417,0.976417
MIMIC-IV-CaseStudy,1800000,1800000,Tombstone,bridge,0.3,0,0.0,0.165819,0.94004,0.978386
MIMIC-IV-CaseStudy,1800000,1800000,Tombstone,bridge,0.3,1,0.0,0.163734,0.936324,0.974808
MIMIC-IV-CaseStudy,1800000,1800000,Tombstone,bridge,0.3,2,0.0,0.161145,0.929801,0.971155
MIMIC-IV-CaseStudy,1800000,1800000,Tombstone,bridge,0.3,3,0.0,0.160395,0.933938,0.97146
MIMIC-IV-CaseStudy,1800000,1800000,Tombstone,bridge,0.3,4,0.0,0.154317,0.938632,0.975708
MIMIC-IV-CaseStudy,1800000,1800000,Tombstone,bridge,0.3,5,0.0,0.160211,0.934713,0.976019
MIMIC-IV-CaseStudy,1800000,1800000,Tombstone,bridge,0.3,6,0.0,0.160289,0.937165,0.978703
MIMIC-IV-CaseStudy,1800000,1800000,Tombstone,bridge,0.3,7,0.0,0.164928,0.939396,0.976083
MIMIC-IV-CaseStudy,1800000,1800000,Tombstone,bridge,0.3,8,0.0,0.166529,0.934196,0.978027
MIMIC-IV-CaseStudy,1800000,1800000,Tombstone,bridge,0.3,9,0.0,0.161789,0.936813,0.977527
MIMIC-IV-CaseStudy,1800000,1800000,Post-filter,bridge,0.3,0,0.0,0.180403,0.928501,0.977133
MIMIC-IV-CaseStudy,1800000,1800000,Post-filter,bridge,0.3,1,0.0,0.172246,0.929382,0.974568
MIMIC-IV-CaseStudy,1800000,1800000,Post-filter,bridge,0.3,2,0.0,0.172622,0.931212,0.978284
MIMIC-IV-CaseStudy,1800000,1800000,Post-filter,bridge,0.3,3,0.0,0.172951,0.934063,0.975106
MIMIC-IV-CaseStudy,1800000,1800000,Post-filter,bridge,0.3,4,0.0,0.166505,0.926387,0.975367
MIMIC-IV-CaseStudy,1800000,1800000,Post-filter,bridge,0.3,5,0.0,0.172782,0.937903,0.979417
MIMIC-IV-CaseStudy,1800000,1800000,Post-filter,bridge,0.3,6,0.0,0.175805,0.930454,0.974239
MIMIC-IV-CaseStudy,1800000,1800000,Post-filter,bridge,0.3,7,0.0,0.173368,0.931175,0.977175
MIMIC-IV-CaseStudy,1800000,1800000,Post-filter,bridge,0.3,8,0.0,0.178823,0.921882,0.971857
MIMIC-IV-CaseStudy,1800000,1800000,Post-filter,bridge,0.3,9,0.0,0.176475,0.934202,0.974619
MIMIC-IV-CaseStudy,1800000,1800000,Lethe,bridge,0.3,0,0.0,0.009531,0.974621,0.978799
MIMIC-IV-CaseStudy,1800000,1800000,Lethe,bridge,0.3,1,0.0,0.010377,0.970575,0.974519
MIMIC-IV-CaseStudy,1800000,1800000,Lethe,bridge,0.3,2,0.0,0.007977,0.967355,0.974877
MIMIC-IV-CaseStudy,1800000,1800000,Lethe,bridge,0.3,3,0.0,0.0093,0.972004,0.976676
MIMIC-IV-CaseStudy,1800000,1800000,Lethe,bridge,0.3,4,0.0,0.009364,0.972298,0.976796
MIMIC-IV-CaseStudy,1800000,1800000,Lethe,bridge,0.3,5,0.0,0.0145,0.970978,0.975656
MIMIC-IV-CaseStudy,1800000,1800000,Lethe,bridge,0.3,6,0.0,0.00612,0.971408,0.977011
MIMIC-IV-CaseStudy,1800000,1800000,Lethe,bridge,0.3,7,0.0,0.010124,0.974974,0.977048
MIMIC-IV-CaseStudy,1800000,1800000,Lethe,bridge,0.3,8,0.0,0.013744,0.97233,0.977568
MIMIC-IV-CaseStudy,1800000,1800000,Lethe,bridge,0.3,9,0.0,0.013966,0.972303,0.97646
MIMIC-IV-CaseStudy,1800000,1800000,Lethe-no-bypass,bridge,0.3,0,0.0,0.061084,0.91824,0.974934
MIMIC-IV-CaseStudy,1800000,1800000,Lethe-no-bypass,bridge,0.3,1,0.0,0.050193,0.920598,0.977012
MIMIC-IV-CaseStudy,1800000,1800000,Lethe-no-bypass,bridge,0.3,2,0.0,0.05228,0.922348,0.976351
MIMIC-IV-CaseStudy,1800000,1800000,Lethe-no-bypass,bridge,0.3,3,0.0,0.058681,0.920493,0.975418
MIMIC-IV-CaseStudy,1800000,1800000,Lethe-no-bypass,bridge,0.3,4,0.0,0.052632,0.922678,0.975757
MIMIC-IV-CaseStudy,1800000,1800000,Lethe-no-bypass,bridge,0.3,5,0.0,0.060982,0.91896,0.973551
MIMIC-IV-CaseStudy,1800000,1800000,Lethe-no-bypass,bridge,0.3,6,0.0,0.057712,0.921526,0.973995
MIMIC-IV-CaseStudy,1800000,1800000,Lethe-no-bypass,bridge,0.3,7,0.0,0.05242,0.91723,0.973216
MIMIC-IV-CaseStudy,1800000,1800000,Lethe-no-bypass,bridge,0.3,8,0.0,0.056375,0.920761,0.976153
MIMIC-IV-CaseStudy,1800000,1800000,Lethe-no-bypass,bridge,0.3,9,0.0,0.051574,0.92301,0.976917
MIMIC-IV-CaseStudy,1800000,1800000,Lethe-no-revaware-traversal,bridge,0.3,0,0.0,0.153018,0.95118,0.97513
MIMIC-IV-CaseStudy,1800000,1800000,Lethe-no-revaware-traversal,bridge,0.3,1,0.0,0.148776,0.950996,0.976058
MIMIC-IV-CaseStudy,1800000,1800000,Lethe-no-revaware-traversal,bridge,0.3,2,0.0,0.152484,0.951003,0.978799
MIMIC-IV-CaseStudy,1800000,1800000,Lethe-no-revaware-traversal,bridge,0.3,3,0.0,0.149821,0.946482,0.976334
MIMIC-IV-CaseStudy,1800000,1800000,Lethe-no-revaware-traversal,bridge,0.3,4,0.0,0.15868,0.946311,0.975217
MIMIC-IV-CaseStudy,1800000,1800000,Lethe-no-revaware-traversal,bridge,0.3,5,0.0,0.152004,0.951743,0.976941
MIMIC-IV-CaseStudy,1800000,1800000,Lethe-no-revaware-traversal,bridge,0.3,6,0.0,0.153594,0.950158,0.975898
MIMIC-IV-CaseStudy,1800000,1800000,Lethe-no-revaware-traversal,bridge,0.3,7,0.0,0.146645,0.950694,0.975339
MIMIC-IV-CaseStudy,1800000,1800000,Lethe-no-revaware-traversal,bridge,0.3,8,0.0,0.151793,0.949611,0.975672
MIMIC-IV-CaseStudy,1800000,1800000,Lethe-no-revaware-traversal,bridge,0.3,9,0.0,0.157172,0.951751,0.978932
MIMIC-IV-CaseStudy,1800000,1800000,Physical-delete,bridge,0.3,0,0.0,0.044301,0.941778,0.976649
MIMIC-IV-CaseStudy,1800000,1800000,Physical-delete,bridge,0.3,1,0.0,0.035967,0.938127,0.975126
MIMIC-IV-CaseStudy,1800000,1800000,Physical-delete,bridge,0.3,2,0.0,0.034851,0.938575,0.975019
MIMIC-IV-CaseStudy,1800000,1800000,Physical-delete,bridge,0.3,3,0.0,0.044147,0.942233,0.974823
MIMIC-IV-CaseStudy,1800000,1800000,Physical-delete,bridge,0.3,4,0.0,0.045727,0.939227,0.974736
MIMIC-IV-CaseStudy,1800000,1800000,Physical-delete,bridge,0.3,5,0.0,0.039556,0.940622,0.97592
MIMIC-IV-CaseStudy,1800000,1800000,Physical-delete,bridge,0.3,6,0.0,0.041241,0.939432,0.975495
MIMIC-IV-CaseStudy,1800000,1800000,Physical-delete,bridge,0.3,7,0.0,0.038627,0.938383,0.975187
MIMIC-IV-CaseStudy,1800000,1800000,Physical-delete,bridge,0.3,8,0.0,0.036365,0.943933,0.980444
MIMIC-IV-CaseStudy,1800000,1800000,Physical-delete,bridge,0.3,9,0.0,0.036632,0.937884,0.975222
MIMIC-IV-CaseStudy,1800000,1800000,Periodic-rebuild,bridge,0.3,0,0.0,0.078069,0.95666,0.973185
MIMIC-IV-CaseStudy,1800000,1800000,Periodic-rebuild,bridge,0.3,1,0.0,0.078715,0.959885,0.977265
MIMIC-IV-CaseStudy,1800000,1800000,Periodic-rebuild,bridge,0.3,2,0.0,0.07624,0.961025,0.978682
MIMIC-IV-CaseStudy,1800000,1800000,Periodic-rebuild,bridge,0.3,3,0.0,0.07723,0.958097,0.975852
MIMIC-IV-CaseStudy,1800000,1800000,Periodic-rebuild,bridge,0.3,4,0.0,0.074634,0.96095,0.977113
MIMIC-IV-CaseStudy,1800000,1800000,Periodic-rebuild,bridge,0.3,5,0.0,0.076221,0.952703,0.972868
MIMIC-IV-CaseStudy,1800000,1800000,Periodic-rebuild,bridge,0.3,6,0.0,0.076275,0.955759,0.978241
MIMIC-IV-CaseStudy,1800000,1800000,Periodic-rebuild,bridge,0.3,7,0.0,0.079051,0.960914,0.977177
MIMIC-IV-CaseStudy,1800000,1800000,Periodic-rebuild,bridge,0.3,8,0.0,0.074977,0.957484,0.975797
MIMIC-IV-CaseStudy,1800000,1800000,Periodic-rebuild,bridge,0.3,9,0.0,0.08233,0.959635,0.976432
MIMIC-IV-CaseStudy,1800000,1800000,Per-role-index,bridge,0.3,0,0.0,0.008465,0.972761,0.974681
MIMIC-IV-CaseStudy,1800000,1800000,Per-role-index,bridge,0.3,1,0.0,0.011112,0.971523,0.977011
MIMIC-IV-CaseStudy,1800000,1800000,Per-role-index,bridge,0.3,2,0.0,0.007327,0.976766,0.979118
MIMIC-IV-CaseStudy,1800000,1800000,Per-role-index,bridge,0.3,3,0.0,0.006141,0.970281,0.974302
MIMIC-IV-CaseStudy,1800000,1800000,Per-role-index,bridge,0.3,4,0.0,0.003237,0.974773,0.97683
MIMIC-IV-CaseStudy,1800000,1800000,Per-role-index,bridge,0.3,5,0.0,0.004769,0.971191,0.976643
MIMIC-IV-CaseStudy,1800000,1800000,Per-role-index,bridge,0.3,6,0.0,0.007581,0.97475,0.976841
MIMIC-IV-CaseStudy,1800000,1800000,Per-role-index,bridge,0.3,7,0.0,0.002128,0.967585,0.972689
MIMIC-IV-CaseStudy,1800000,1800000,Per-role-index,bridge,0.3,8,0.0,0.009994,0.968348,0.975794
MIMIC-IV-CaseStudy,1800000,1800000,Per-role-index,bridge,0.3,9,0.0,0.0,0.975253,0.979964
MIMIC-IV-CaseStudy,1800000,1800000,ACORN,bridge,0.3,0,0.0,0.069356,0.958045,0.977921
MIMIC-IV-CaseStudy,1800000,1800000,ACORN,bridge,0.3,1,0.0,0.075106,0.955095,0.973841
MIMIC-IV-CaseStudy,1800000,1800000,ACORN,bridge,0.3,2,0.0,0.071284,0.956856,0.977919
MIMIC-IV-CaseStudy,1800000,1800000,ACORN,bridge,0.3,3,0.0,0.067106,0.9582,0.978697
MIMIC-IV-CaseStudy,1800000,1800000,ACORN,bridge,0.3,4,0.0,0.067713,0.956911,0.97566
MIMIC-IV-CaseStudy,1800000,1800000,ACORN,bridge,0.3,5,0.0,0.072144,0.956178,0.975979
MIMIC-IV-CaseStudy,1800000,1800000,ACORN,bridge,0.3,6,0.0,0.069114,0.95579,0.979071
MIMIC-IV-CaseStudy,1800000,1800000,ACORN,bridge,0.3,7,0.0,0.069165,0.959854,0.978166
MIMIC-IV-CaseStudy,1800000,1800000,ACORN,bridge,0.3,8,0.0,0.071865,0.959989,0.977714
MIMIC-IV-CaseStudy,1800000,1800000,ACORN,bridge,0.3,9,0.0,0.06575,0.953466,0.974089
MIMIC-IV-CaseStudy,1800000,1800000,HoneyBee,bridge,0.3,0,0.0,0.058004,0.953722,0.972059
MIMIC-IV-CaseStudy,1800000,1800000,HoneyBee,bridge,0.3,1,0.0,0.056181,0.954797,0.973338
MIMIC-IV-CaseStudy,1800000,1800000,HoneyBee,bridge,0.3,2,0.0,0.055813,0.956346,0.977076
MIMIC-IV-CaseStudy,1800000,1800000,HoneyBee,bridge,0.3,3,0.0,0.062344,0.950182,0.973689
MIMIC-IV-CaseStudy,1800000,1800000,HoneyBee,bridge,0.3,4,0.0,0.063188,0.952736,0.971902
MIMIC-IV-CaseStudy,1800000,1800000,HoneyBee,bridge,0.3,5,0.0,0.058792,0.958252,0.973855
MIMIC-IV-CaseStudy,1800000,1800000,HoneyBee,bridge,0.3,6,0.0,0.057653,0.960638,0.975508
MIMIC-IV-CaseStudy,1800000,1800000,HoneyBee,bridge,0.3,7,0.0,0.059393,0.956247,0.975275
MIMIC-IV-CaseStudy,1800000,1800000,HoneyBee,bridge,0.3,8,0.0,0.056526,0.957873,0.978155
MIMIC-IV-CaseStudy,1800000,1800000,HoneyBee,bridge,0.3,9,0.0,0.058947,0.956942,0.975963
MIMIC-IV-CaseStudy,1800000,1800000,SPFresh,bridge,0.3,0,0.0,0.094745,0.951102,0.975802
MIMIC-IV-CaseStudy,1800000,1800000,SPFresh,bridge,0.3,1,0.0,0.0944,0.950019,0.978799
MIMIC-IV-CaseStudy,1800000,1800000,SPFresh,bridge,0.3,2,0.0,0.100784,0.943249,0.973506
MIMIC-IV-CaseStudy,1800000,1800000,SPFresh,bridge,0.3,3,0.0,0.096744,0.950598,0.978361
MIMIC-IV-CaseStudy,1800000,1800000,SPFresh,bridge,0.3,4,0.0,0.094701,0.949546,0.97495
MIMIC-IV-CaseStudy,1800000,1800000,SPFresh,bridge,0.3,5,0.0,0.102627,0.951207,0.977109
MIMIC-IV-CaseStudy,1800000,1800000,SPFresh,bridge,0.3,6,0.0,0.104619,0.949426,0.97627
MIMIC-IV-CaseStudy,1800000,1800000,SPFresh,bridge,0.3,7,0.0,0.102516,0.949125,0.976087
MIMIC-IV-CaseStudy,1800000,1800000,SPFresh,bridge,0.3,8,0.0,0.099808,0.949177,0.97611
MIMIC-IV-CaseStudy,1800000,1800000,SPFresh,bridge,0.3,9,0.0,0.104607,0.951382,0.975916
MIMIC-IV-CaseStudy,1800000,1800000,Oracle,bridge,0.3,0,0.0,0.0,0.977482,0.977482
MIMIC-IV-CaseStudy,1800000,1800000,Oracle,bridge,0.3,1,0.0,0.0,0.974222,0.974222
MIMIC-IV-CaseStudy,1800000,1800000,Oracle,bridge,0.3,2,0.0,0.0,0.97493,0.97493
MIMIC-IV-CaseStudy,1800000,1800000,Oracle,bridge,0.3,3,0.0,0.0,0.976703,0.976703
MIMIC-IV-CaseStudy,1800000,1800000,Oracle,bridge,0.3,4,0.0,0.0,0.975087,0.975087
MIMIC-IV-CaseStudy,1800000,1800000,Oracle,bridge,0.3,5,0.0,0.0,0.973405,0.973405
MIMIC-IV-CaseStudy,1800000,1800000,Oracle,bridge,0.3,6,0.0,0.0,0.977338,0.977338
MIMIC-IV-CaseStudy,1800000,1800000,Oracle,bridge,0.3,7,0.0,0.0,0.977352,0.977352
MIMIC-IV-CaseStudy,1800000,1800000,Oracle,bridge,0.3,8,0.0,0.0,0.97861,0.97861
MIMIC-IV-CaseStudy,1800000,1800000,Oracle,bridge,0.3,9,0.0,0.0,0.977144,0.977144
MIMIC-IV-CaseStudy,1800000,1800000,Tombstone,bridge,0.4,0,0.0,0.205935,0.937759,0.978452
MIMIC-IV-CaseStudy,1800000,1800000,Tombstone,bridge,0.4,1,0.0,0.210963,0.943446,0.979092
MIMIC-IV-CaseStudy,1800000,1800000,Tombstone,bridge,0.4,2,0.0,0.207526,0.931517,0.973924
MIMIC-IV-CaseStudy,1800000,1800000,Tombstone,bridge,0.4,3,0.0,0.198683,0.93062,0.968856
MIMIC-IV-CaseStudy,1800000,1800000,Tombstone,bridge,0.4,4,0.0,0.206567,0.936187,0.978054
MIMIC-IV-CaseStudy,1800000,1800000,Tombstone,bridge,0.4,5,0.0,0.205996,0.935603,0.976251
MIMIC-IV-CaseStudy,1800000,1800000,Tombstone,bridge,0.4,6,0.0,0.204003,0.938484,0.978226
MIMIC-IV-CaseStudy,1800000,1800000,Tombstone,bridge,0.4,7,0.0,0.200032,0.93536,0.974055
MIMIC-IV-CaseStudy,1800000,1800000,Tombstone,bridge,0.4,8,0.0,0.199174,0.939585,0.975955
MIMIC-IV-CaseStudy,1800000,1800000,Tombstone,bridge,0.4,9,0.0,0.201863,0.935063,0.97529
MIMIC-IV-CaseStudy,1800000,1800000,Post-filter,bridge,0.4,0,0.0,0.223772,0.927375,0.974036
MIMIC-IV-CaseStudy,1800000,1800000,Post-filter,bridge,0.4,1,0.0,0.218082,0.925863,0.974352
MIMIC-IV-CaseStudy,1800000,1800000,Post-filter,bridge,0.4,2,0.0,0.220722,0.929165,0.974178
MIMIC-IV-CaseStudy,1800000,1800000,Post-filter,bridge,0.4,3,0.0,0.220661,0.929798,0.976538
MIMIC-IV-CaseStudy,1800000,1800000,Post-filter,bridge,0.4,4,0.0,0.220679,0.934067,0.97647
MIMIC-IV-CaseStudy,1800000,1800000,Post-filter,bridge,0.4,5,0.0,0.220361,0.928376,0.974234
MIMIC-IV-CaseStudy,1800000,1800000,Post-filter,bridge,0.4,6,0.0,0.222004,0.927696,0.975334
MIMIC-IV-CaseStudy,1800000,1800000,Post-filter,bridge,0.4,7,0.0,0.216673,0.930433,0.976141
MIMIC-IV-CaseStudy,1800000,1800000,Post-filter,bridge,0.4,8,0.0,0.221317,0.927561,0.975463
MIMIC-IV-CaseStudy,1800000,1800000,Post-filter,bridge,0.4,9,0.0,0.218293,0.929376,0.975346
MIMIC-IV-CaseStudy,1800000,1800000,Lethe,bridge,0.4,0,0.0,0.013787,0.968356,0.974144
MIMIC-IV-CaseStudy,1800000,1800000,Lethe,bridge,0.4,1,0.0,0.005685,0.969038,0.974075
MIMIC-IV-CaseStudy,1800000,1800000,Lethe,bridge,0.4,2,0.0,0.017496,0.969885,0.973768
MIMIC-IV-CaseStudy,1800000,1800000,Lethe,bridge,0.4,3,0.0,0.013523,0.972242,0.976089
MIMIC-IV-CaseStudy,1800000,1800000,Lethe,bridge,0.4,4,0.0,0.005368,0.976297,0.977846
MIMIC-IV-CaseStudy,1800000,1800000,Lethe,bridge,0.4,5,0.0,0.012664,0.972965,0.976819
MIMIC-IV-CaseStudy,1800000,1800000,Lethe,bridge,0.4,6,0.0,0.016408,0.971649,0.975643
MIMIC-IV-CaseStudy,1800000,1800000,Lethe,bridge,0.4,7,0.0,0.013579,0.971745,0.976428
MIMIC-IV-CaseStudy,1800000,1800000,Lethe,bridge,0.4,8,0.0,0.007319,0.971381,0.977868
MIMIC-IV-CaseStudy,1800000,1800000,Lethe,bridge,0.4,9,0.0,0.015049,0.968014,0.975253
MIMIC-IV-CaseStudy,1800000,1800000,Lethe-no-bypass,bridge,0.4,0,0.0,0.067665,0.917551,0.974539
MIMIC-IV-CaseStudy,1800000,1800000,Lethe-no-bypass,bridge,0.4,1,0.0,0.066222,0.918645,0.975987
MIMIC-IV-CaseStudy,1800000,1800000,Lethe-no-bypass,bridge,0.4,2,0.0,0.066483,0.919498,0.974584
MIMIC-IV-CaseStudy,1800000,1800000,Lethe-no-bypass,bridge,0.4,3,0.0,0.068973,0.920252,0.978447
MIMIC-IV-CaseStudy,1800000,1800000,Lethe-no-bypass,bridge,0.4,4,0.0,0.062626,0.918358,0.976742
MIMIC-IV-CaseStudy,1800000,1800000,Lethe-no-bypass,bridge,0.4,5,0.0,0.073187,0.921168,0.976117
MIMIC-IV-CaseStudy,1800000,1800000,Lethe-no-bypass,bridge,0.4,6,0.0,0.068365,0.924156,0.979415
MIMIC-IV-CaseStudy,1800000,1800000,Lethe-no-bypass,bridge,0.4,7,0.0,0.062154,0.918862,0.974218
MIMIC-IV-CaseStudy,1800000,1800000,Lethe-no-bypass,bridge,0.4,8,0.0,0.066572,0.921012,0.976201
MIMIC-IV-CaseStudy,1800000,1800000,Lethe-no-bypass,bridge,0.4,9,0.0,0.068509,0.922934,0.974813
MIMIC-IV-CaseStudy,1800000,1800000,Lethe-no-revaware-traversal,bridge,0.4,0,0.0,0.195689,0.944716,0.976179
MIMIC-IV-CaseStudy,1800000,1800000,Lethe-no-revaware-traversal,bridge,0.4,1,0.0,0.194168,0.948072,0.974458
MIMIC-IV-CaseStudy,1800000,1800000,Lethe-no-revaware-traversal,bridge,0.4,2,0.0,0.189092,0.950114,0.977806
MIMIC-IV-CaseStudy,1800000,1800000,Lethe-no-revaware-traversal,bridge,0.4,3,0.0,0.192909,0.950056,0.977104
MIMIC-IV-CaseStudy,1800000,1800000,Lethe-no-revaware-traversal,bridge,0.4,4,0.0,0.1944,0.946718,0.976625
MIMIC-IV-CaseStudy,1800000,1800000,Lethe-no-revaware-traversal,bridge,0.4,5,0.0,0.197992,0.947474,0.974274
MIMIC-IV-CaseStudy,1800000,1800000,Lethe-no-revaware-traversal,bridge,0.4,6,0.0,0.190373,0.944493,0.975068
MIMIC-IV-CaseStudy,1800000,1800000,Lethe-no-revaware-traversal,bridge,0.4,7,0.0,0.185532,0.947167,0.975533
MIMIC-IV-CaseStudy,1800000,1800000,Lethe-no-revaware-traversal,bridge,0.4,8,0.0,0.196561,0.948449,0.976451
MIMIC-IV-CaseStudy,1800000,1800000,Lethe-no-revaware-traversal,bridge,0.4,9,0.0,0.191571,0.947962,0.974145
MIMIC-IV-CaseStudy,1800000,1800000,Physical-delete,bridge,0.4,0,0.0,0.046947,0.942074,0.97853
MIMIC-IV-CaseStudy,1800000,1800000,Physical-delete,bridge,0.4,1,0.0,0.049729,0.934292,0.975751
MIMIC-IV-CaseStudy,1800000,1800000,Physical-delete,bridge,0.4,2,0.0,0.055767,0.939913,0.978876
MIMIC-IV-CaseStudy,1800000,1800000,Physical-delete,bridge,0.4,3,0.0,0.045424,0.938066,0.976188
MIMIC-IV-CaseStudy,1800000,1800000,Physical-delete,bridge,0.4,4,0.0,0.050731,0.938547,0.973663
MIMIC-IV-CaseStudy,1800000,1800000,Physical-delete,bridge,0.4,5,0.0,0.048105,0.939963,0.977814
MIMIC-IV-CaseStudy,1800000,1800000,Physical-delete,bridge,0.4,6,0.0,0.050185,0.938745,0.975362
MIMIC-IV-CaseStudy,1800000,1800000,Physical-delete,bridge,0.4,7,0.0,0.049234,0.940636,0.975989
MIMIC-IV-CaseStudy,1800000,1800000,Physical-delete,bridge,0.4,8,0.0,0.055278,0.939869,0.976009
MIMIC-IV-CaseStudy,1800000,1800000,Physical-delete,bridge,0.4,9,0.0,0.045495,0.946351,0.978389
MIMIC-IV-CaseStudy,1800000,1800000,Periodic-rebuild,bridge,0.4,0,0.0,0.09418,0.962739,0.978274
MIMIC-IV-CaseStudy,1800000,1800000,Periodic-rebuild,bridge,0.4,1,0.0,0.09418,0.961392,0.978658
MIMIC-IV-CaseStudy,1800000,1800000,Periodic-rebuild,bridge,0.4,2,0.0,0.095919,0.965468,0.980522
MIMIC-IV-CaseStudy,1800000,1800000,Periodic-rebuild,bridge,0.4,3,0.0,0.0991,0.95541,0.974382
MIMIC-IV-CaseStudy,1800000,1800000,Periodic-rebuild,bridge,0.4,4,0.0,0.101863,0.959427,0.975773
MIMIC-IV-CaseStudy,1800000,1800000,Periodic-rebuild,bridge,0.4,5,0.0,0.094325,0.953673,0.973913
MIMIC-IV-CaseStudy,1800000,1800000,Periodic-rebuild,bridge,0.4,6,0.0,0.100087,0.958798,0.976232
MIMIC-IV-CaseStudy,1800000,1800000,Periodic-rebuild,bridge,0.4,7,0.0,0.098868,0.963227,0.978012
MIMIC-IV-CaseStudy,1800000,1800000,Periodic-rebuild,bridge,0.4,8,0.0,0.102894,0.957975,0.974655
MIMIC-IV-CaseStudy,1800000,1800000,Periodic-rebuild,bridge,0.4,9,0.0,0.098588,0.953331,0.973819
MIMIC-IV-CaseStudy,1800000,1800000,Per-role-index,bridge,0.4,0,0.0,0.001825,0.971825,0.976165
MIMIC-IV-CaseStudy,1800000,1800000,Per-role-index,bridge,0.4,1,0.0,0.012345,0.973587,0.976808
MIMIC-IV-CaseStudy,1800000,1800000,Per-role-index,bridge,0.4,2,0.0,0.007444,0.969553,0.974948
MIMIC-IV-CaseStudy,1800000,1800000,Per-role-index,bridge,0.4,3,0.0,0.006915,0.968883,0.975196
MIMIC-IV-CaseStudy,1800000,1800000,Per-role-index,bridge,0.4,4,0.0,0.007466,0.974559,0.978201
MIMIC-IV-CaseStudy,1800000,1800000,Per-role-index,bridge,0.4,5,0.0,0.005671,0.975562,0.980708
MIMIC-IV-CaseStudy,1800000,1800000,Per-role-index,bridge,0.4,6,0.0,0.00794,0.971972,0.974987
MIMIC-IV-CaseStudy,1800000,1800000,Per-role-index,bridge,0.4,7,0.0,0.012684,0.967542,0.972698
MIMIC-IV-CaseStudy,1800000,1800000,Per-role-index,bridge,0.4,8,0.0,0.013382,0.969482,0.973645
MIMIC-IV-CaseStudy,1800000,1800000,Per-role-index,bridge,0.4,9,0.0,0.006117,0.975334,0.97795
MIMIC-IV-CaseStudy,1800000,1800000,ACORN,bridge,0.4,0,0.0,0.089884,0.949741,0.972034
MIMIC-IV-CaseStudy,1800000,1800000,ACORN,bridge,0.4,1,0.0,0.085682,0.958402,0.9797
MIMIC-IV-CaseStudy,1800000,1800000,ACORN,bridge,0.4,2,0.0,0.085128,0.949832,0.97304
MIMIC-IV-CaseStudy,1800000,1800000,ACORN,bridge,0.4,3,0.0,0.086275,0.953962,0.977944
MIMIC-IV-CaseStudy,1800000,1800000,ACORN,bridge,0.4,4,0.0,0.077385,0.955224,0.975685
MIMIC-IV-CaseStudy,1800000,1800000,ACORN,bridge,0.4,5,0.0,0.085058,0.954651,0.977646
MIMIC-IV-CaseStudy,1800000,1800000,ACORN,bridge,0.4,6,0.0,0.092918,0.953477,0.975636
MIMIC-IV-CaseStudy,1800000,1800000,ACORN,bridge,0.4,7,0.0,0.087361,0.958191,0.976079
MIMIC-IV-CaseStudy,1800000,1800000,ACORN,bridge,0.4,8,0.0,0.087582,0.956722,0.976674
MIMIC-IV-CaseStudy,1800000,1800000,ACORN,bridge,0.4,9,0.0,0.08457,0.9576,0.977197
MIMIC-IV-CaseStudy,1800000,1800000,HoneyBee,bridge,0.4,0,0.0,0.07547,0.95645,0.978271
MIMIC-IV-CaseStudy,1800000,1800000,HoneyBee,bridge,0.4,1,0.0,0.070984,0.958173,0.974385
MIMIC-IV-CaseStudy,1800000,1800000,HoneyBee,bridge,0.4,2,0.0,0.073972,0.956761,0.976139
MIMIC-IV-CaseStudy,1800000,1800000,HoneyBee,bridge,0.4,3,0.0,0.069258,0.957906,0.975351
MIMIC-IV-CaseStudy,1800000,1800000,HoneyBee,bridge,0.4,4,0.0,0.067544,0.955946,0.976895
MIMIC-IV-CaseStudy,1800000,1800000,HoneyBee,bridge,0.4,5,0.0,0.075251,0.953576,0.974326
MIMIC-IV-CaseStudy,1800000,1800000,HoneyBee,bridge,0.4,6,0.0,0.074623,0.957672,0.976652
MIMIC-IV-CaseStudy,1800000,1800000,HoneyBee,bridge,0.4,7,0.0,0.068907,0.957798,0.97587
MIMIC-IV-CaseStudy,1800000,1800000,HoneyBee,bridge,0.4,8,0.0,0.072679,0.960055,0.978123
MIMIC-IV-CaseStudy,1800000,1800000,HoneyBee,bridge,0.4,9,0.0,0.074889,0.960308,0.979682
MIMIC-IV-CaseStudy,1800000,1800000,SPFresh,bridge,0.4,0,0.0,0.125639,0.946226,0.975319
MIMIC-IV-CaseStudy,1800000,1800000,SPFresh,bridge,0.4,1,0.0,0.125635,0.948476,0.975694
MIMIC-IV-CaseStudy,1800000,1800000,SPFresh,bridge,0.4,2,0.0,0.130371,0.947033,0.97801
MIMIC-IV-CaseStudy,1800000,1800000,SPFresh,bridge,0.4,3,0.0,0.121102,0.946883,0.976199
MIMIC-IV-CaseStudy,1800000,1800000,SPFresh,bridge,0.4,4,0.0,0.121498,0.944063,0.97353
MIMIC-IV-CaseStudy,1800000,1800000,SPFresh,bridge,0.4,5,0.0,0.125424,0.952279,0.977381
MIMIC-IV-CaseStudy,1800000,1800000,SPFresh,bridge,0.4,6,0.0,0.128261,0.948645,0.976221
MIMIC-IV-CaseStudy,1800000,1800000,SPFresh,bridge,0.4,7,0.0,0.119465,0.946648,0.975913
MIMIC-IV-CaseStudy,1800000,1800000,SPFresh,bridge,0.4,8,0.0,0.126453,0.948337,0.975615
MIMIC-IV-CaseStudy,1800000,1800000,SPFresh,bridge,0.4,9,0.0,0.123119,0.946773,0.976157
MIMIC-IV-CaseStudy,1800000,1800000,Oracle,bridge,0.4,0,0.0,0.0,0.976946,0.976946
MIMIC-IV-CaseStudy,1800000,1800000,Oracle,bridge,0.4,1,0.0,0.0,0.977181,0.977181
MIMIC-IV-CaseStudy,1800000,1800000,Oracle,bridge,0.4,2,0.0,0.0,0.975122,0.975122
MIMIC-IV-CaseStudy,1800000,1800000,Oracle,bridge,0.4,3,0.0,0.0,0.978095,0.978095
MIMIC-IV-CaseStudy,1800000,1800000,Oracle,bridge,0.4,4,0.0,0.0,0.977397,0.977397
MIMIC-IV-CaseStudy,1800000,1800000,Oracle,bridge,0.4,5,0.0,0.0,0.978226,0.978226
MIMIC-IV-CaseStudy,1800000,1800000,Oracle,bridge,0.4,6,0.0,0.0,0.976488,0.976488
MIMIC-IV-CaseStudy,1800000,1800000,Oracle,bridge,0.4,7,0.0,0.0,0.975582,0.975582
MIMIC-IV-CaseStudy,1800000,1800000,Oracle,bridge,0.4,8,0.0,0.0,0.976085,0.976085
MIMIC-IV-CaseStudy,1800000,1800000,Oracle,bridge,0.4,9,0.0,0.0,0.977441,0.977441
MIMIC-IV-CaseStudy,1800000,1800000,Tombstone,bridge,0.5,0,0.0,0.239212,0.939753,0.978701
MIMIC-IV-CaseStudy,1800000,1800000,Tombstone,bridge,0.5,1,0.0,0.24042,0.938991,0.975978
MIMIC-IV-CaseStudy,1800000,1800000,Tombstone,bridge,0.5,2,0.0,0.246091,0.932792,0.97318
MIMIC-IV-CaseStudy,1800000,1800000,Tombstone,bridge,0.5,3,0.0,0.239694,0.940436,0.976208
MIMIC-IV-CaseStudy,1800000,1800000,Tombstone,bridge,0.5,4,0.0,0.243584,0.938816,0.976925
MIMIC-IV-CaseStudy,1800000,1800000,Tombstone,bridge,0.5,5,0.0,0.24133,0.934549,0.974647
MIMIC-IV-CaseStudy,1800000,1800000,Tombstone,bridge,0.5,6,0.0,0.24177,0.935314,0.977554
MIMIC-IV-CaseStudy,1800000,1800000,Tombstone,bridge,0.5,7,0.0,0.244123,0.934189,0.976299
MIMIC-IV-CaseStudy,1800000,1800000,Tombstone,bridge,0.5,8,0.0,0.240262,0.935445,0.976786
MIMIC-IV-CaseStudy,1800000,1800000,Tombstone,bridge,0.5,9,0.0,0.247496,0.932976,0.975051
MIMIC-IV-CaseStudy,1800000,1800000,Post-filter,bridge,0.5,0,0.0,0.26586,0.923846,0.973304
MIMIC-IV-CaseStudy,1800000,1800000,Post-filter,bridge,0.5,1,0.0,0.262751,0.92882,0.975273
MIMIC-IV-CaseStudy,1800000,1800000,Post-filter,bridge,0.5,2,0.0,0.263474,0.9341,0.979765
MIMIC-IV-CaseStudy,1800000,1800000,Post-filter,bridge,0.5,3,0.0,0.260623,0.929981,0.977991
MIMIC-IV-CaseStudy,1800000,1800000,Post-filter,bridge,0.5,4,0.0,0.261111,0.928058,0.973256
MIMIC-IV-CaseStudy,1800000,1800000,Post-filter,bridge,0.5,5,0.0,0.263163,0.931777,0.976327
MIMIC-IV-CaseStudy,1800000,1800000,Post-filter,bridge,0.5,6,0.0,0.257935,0.924374,0.971752
MIMIC-IV-CaseStudy,1800000,1800000,Post-filter,bridge,0.5,7,0.0,0.257416,0.93094,0.97342
MIMIC-IV-CaseStudy,1800000,1800000,Post-filter,bridge,0.5,8,0.0,0.262169,0.928726,0.974832
MIMIC-IV-CaseStudy,1800000,1800000,Post-filter,bridge,0.5,9,0.0,0.26031,0.929362,0.976695
MIMIC-IV-CaseStudy,1800000,1800000,Lethe,bridge,0.5,0,0.0,0.013513,0.968761,0.975277
MIMIC-IV-CaseStudy,1800000,1800000,Lethe,bridge,0.5,1,0.0,0.014856,0.969507,0.975669
MIMIC-IV-CaseStudy,1800000,1800000,Lethe,bridge,0.5,2,0.0,0.013407,0.96863,0.97389
MIMIC-IV-CaseStudy,1800000,1800000,Lethe,bridge,0.5,3,0.0,0.009844,0.970444,0.974474
MIMIC-IV-CaseStudy,1800000,1800000,Lethe,bridge,0.5,4,0.0,0.010438,0.969148,0.974552
MIMIC-IV-CaseStudy,1800000,1800000,Lethe,bridge,0.5,5,0.0,0.014829,0.966509,0.974443
MIMIC-IV-CaseStudy,1800000,1800000,Lethe,bridge,0.5,6,0.0,0.014243,0.968182,0.973729
MIMIC-IV-CaseStudy,1800000,1800000,Lethe,bridge,0.5,7,0.0,0.011893,0.973038,0.977342
MIMIC-IV-CaseStudy,1800000,1800000,Lethe,bridge,0.5,8,0.0,0.008713,0.970049,0.974043
MIMIC-IV-CaseStudy,1800000,1800000,Lethe,bridge,0.5,9,0.0,0.012865,0.970839,0.975907
MIMIC-IV-CaseStudy,1800000,1800000,Lethe-no-bypass,bridge,0.5,0,0.0,0.079949,0.921884,0.977641
MIMIC-IV-CaseStudy,1800000,1800000,Lethe-no-bypass,bridge,0.5,1,0.0,0.084787,0.915503,0.97404
MIMIC-IV-CaseStudy,1800000,1800000,Lethe-no-bypass,bridge,0.5,2,0.0,0.084207,0.91955,0.974917
MIMIC-IV-CaseStudy,1800000,1800000,Lethe-no-bypass,bridge,0.5,3,0.0,0.077816,0.920141,0.976908
MIMIC-IV-CaseStudy,1800000,1800000,Lethe-no-bypass,bridge,0.5,4,0.0,0.077403,0.916254,0.975192
MIMIC-IV-CaseStudy,1800000,1800000,Lethe-no-bypass,bridge,0.5,5,0.0,0.085209,0.923736,0.978791
MIMIC-IV-CaseStudy,1800000,1800000,Lethe-no-bypass,bridge,0.5,6,0.0,0.087871,0.9145,0.975353
MIMIC-IV-CaseStudy,1800000,1800000,Lethe-no-bypass,bridge,0.5,7,0.0,0.089578,0.913753,0.971804
MIMIC-IV-CaseStudy,1800000,1800000,Lethe-no-bypass,bridge,0.5,8,0.0,0.08554,0.920967,0.977781
MIMIC-IV-CaseStudy,1800000,1800000,Lethe-no-bypass,bridge,0.5,9,0.0,0.080224,0.920487,0.976779
MIMIC-IV-CaseStudy,1800000,1800000,Lethe-no-revaware-traversal,bridge,0.5,0,0.0,0.231956,0.945147,0.975064
MIMIC-IV-CaseStudy,1800000,1800000,Lethe-no-revaware-traversal,bridge,0.5,1,0.0,0.220546,0.953075,0.978004
MIMIC-IV-CaseStudy,1800000,1800000,Lethe-no-revaware-traversal,bridge,0.5,2,0.0,0.234506,0.949952,0.978536
MIMIC-IV-CaseStudy,1800000,1800000,Lethe-no-revaware-traversal,bridge,0.5,3,0.0,0.222837,0.941832,0.969356
MIMIC-IV-CaseStudy,1800000,1800000,Lethe-no-revaware-traversal,bridge,0.5,4,0.0,0.223469,0.947104,0.975321
MIMIC-IV-CaseStudy,1800000,1800000,Lethe-no-revaware-traversal,bridge,0.5,5,0.0,0.227243,0.941364,0.9736
MIMIC-IV-CaseStudy,1800000,1800000,Lethe-no-revaware-traversal,bridge,0.5,6,0.0,0.229957,0.950982,0.975298
MIMIC-IV-CaseStudy,1800000,1800000,Lethe-no-revaware-traversal,bridge,0.5,7,0.0,0.22588,0.954303,0.979396
MIMIC-IV-CaseStudy,1800000,1800000,Lethe-no-revaware-traversal,bridge,0.5,8,0.0,0.233728,0.948452,0.976816
MIMIC-IV-CaseStudy,1800000,1800000,Lethe-no-revaware-traversal,bridge,0.5,9,0.0,0.228877,0.949175,0.974267
MIMIC-IV-CaseStudy,1800000,1800000,Physical-delete,bridge,0.5,0,0.0,0.052635,0.935795,0.974909
MIMIC-IV-CaseStudy,1800000,1800000,Physical-delete,bridge,0.5,1,0.0,0.063473,0.94313,0.97748
MIMIC-IV-CaseStudy,1800000,1800000,Physical-delete,bridge,0.5,2,0.0,0.055994,0.939541,0.97468
MIMIC-IV-CaseStudy,1800000,1800000,Physical-delete,bridge,0.5,3,0.0,0.059995,0.941904,0.976829
MIMIC-IV-CaseStudy,1800000,1800000,Physical-delete,bridge,0.5,4,0.0,0.055961,0.937705,0.976342
MIMIC-IV-CaseStudy,1800000,1800000,Physical-delete,bridge,0.5,5,0.0,0.056558,0.938798,0.977821
MIMIC-IV-CaseStudy,1800000,1800000,Physical-delete,bridge,0.5,6,0.0,0.060987,0.940268,0.976113
MIMIC-IV-CaseStudy,1800000,1800000,Physical-delete,bridge,0.5,7,0.0,0.061498,0.94012,0.975922
MIMIC-IV-CaseStudy,1800000,1800000,Physical-delete,bridge,0.5,8,0.0,0.056787,0.942918,0.977572
MIMIC-IV-CaseStudy,1800000,1800000,Physical-delete,bridge,0.5,9,0.0,0.058946,0.943116,0.977928
MIMIC-IV-CaseStudy,1800000,1800000,Periodic-rebuild,bridge,0.5,0,0.0,0.117851,0.95614,0.974776
MIMIC-IV-CaseStudy,1800000,1800000,Periodic-rebuild,bridge,0.5,1,0.0,0.118291,0.958978,0.976652
MIMIC-IV-CaseStudy,1800000,1800000,Periodic-rebuild,bridge,0.5,2,0.0,0.114079,0.956942,0.978332
MIMIC-IV-CaseStudy,1800000,1800000,Periodic-rebuild,bridge,0.5,3,0.0,0.112281,0.957637,0.976819
MIMIC-IV-CaseStudy,1800000,1800000,Periodic-rebuild,bridge,0.5,4,0.0,0.116167,0.959642,0.977937
MIMIC-IV-CaseStudy,1800000,1800000,Periodic-rebuild,bridge,0.5,5,0.0,0.114272,0.957669,0.975429
MIMIC-IV-CaseStudy,1800000,1800000,Periodic-rebuild,bridge,0.5,6,0.0,0.116827,0.956407,0.977154
MIMIC-IV-CaseStudy,1800000,1800000,Periodic-rebuild,bridge,0.5,7,0.0,0.113462,0.958752,0.977391
MIMIC-IV-CaseStudy,1800000,1800000,Periodic-rebuild,bridge,0.5,8,0.0,0.115754,0.961409,0.977895
MIMIC-IV-CaseStudy,1800000,1800000,Periodic-rebuild,bridge,0.5,9,0.0,0.117654,0.953537,0.975853
MIMIC-IV-CaseStudy,1800000,1800000,Per-role-index,bridge,0.5,0,0.0,0.001471,0.967041,0.973711
MIMIC-IV-CaseStudy,1800000,1800000,Per-role-index,bridge,0.5,1,0.0,0.0,0.973297,0.975905
MIMIC-IV-CaseStudy,1800000,1800000,Per-role-index,bridge,0.5,2,0.0,0.015882,0.969388,0.974264
MIMIC-IV-CaseStudy,1800000,1800000,Per-role-index,bridge,0.5,3,0.0,0.015291,0.962835,0.970122
MIMIC-IV-CaseStudy,1800000,1800000,Per-role-index,bridge,0.5,4,0.0,0.009602,0.975606,0.976528
MIMIC-IV-CaseStudy,1800000,1800000,Per-role-index,bridge,0.5,5,0.0,0.010224,0.972776,0.977621
MIMIC-IV-CaseStudy,1800000,1800000,Per-role-index,bridge,0.5,6,0.0,0.0,0.976763,0.976779
MIMIC-IV-CaseStudy,1800000,1800000,Per-role-index,bridge,0.5,7,0.0,0.005378,0.97171,0.978957
MIMIC-IV-CaseStudy,1800000,1800000,Per-role-index,bridge,0.5,8,0.0,0.001321,0.968481,0.97622
MIMIC-IV-CaseStudy,1800000,1800000,Per-role-index,bridge,0.5,9,0.0,0.011279,0.967887,0.976217
MIMIC-IV-CaseStudy,1800000,1800000,ACORN,bridge,0.5,0,0.0,0.1003,0.95236,0.974839
MIMIC-IV-CaseStudy,1800000,1800000,ACORN,bridge,0.5,1,0.0,0.098149,0.961856,0.979872
MIMIC-IV-CaseStudy,1800000,1800000,ACORN,bridge,0.5,2,0.0,0.104044,0.952563,0.975417
MIMIC-IV-CaseStudy,1800000,1800000,ACORN,bridge,0.5,3,0.0,0.10109,0.955467,0.973862
MIMIC-IV-CaseStudy,1800000,1800000,ACORN,bridge,0.5,4,0.0,0.101651,0.955591,0.977454
MIMIC-IV-CaseStudy,1800000,1800000,ACORN,bridge,0.5,5,0.0,0.100621,0.950965,0.97541
MIMIC-IV-CaseStudy,1800000,1800000,ACORN,bridge,0.5,6,0.0,0.099636,0.955562,0.978555
MIMIC-IV-CaseStudy,1800000,1800000,ACORN,bridge,0.5,7,0.0,0.103764,0.951096,0.974649
MIMIC-IV-CaseStudy,1800000,1800000,ACORN,bridge,0.5,8,0.0,0.100854,0.955356,0.976095
MIMIC-IV-CaseStudy,1800000,1800000,ACORN,bridge,0.5,9,0.0,0.098712,0.95228,0.977973
MIMIC-IV-CaseStudy,1800000,1800000,HoneyBee,bridge,0.5,0,0.0,0.087548,0.954193,0.97372
MIMIC-IV-CaseStudy,1800000,1800000,HoneyBee,bridge,0.5,1,0.0,0.08316,0.960672,0.979553
MIMIC-IV-CaseStudy,1800000,1800000,HoneyBee,bridge,0.5,2,0.0,0.083695,0.952471,0.975242
MIMIC-IV-CaseStudy,1800000,1800000,HoneyBee,bridge,0.5,3,0.0,0.084095,0.952941,0.976792
MIMIC-IV-CaseStudy,1800000,1800000,HoneyBee,bridge,0.5,4,0.0,0.090436,0.955284,0.97426
MIMIC-IV-CaseStudy,1800000,1800000,HoneyBee,bridge,0.5,5,0.0,0.082142,0.952065,0.972789
MIMIC-IV-CaseStudy,1800000,1800000,HoneyBee,bridge,0.5,6,0.0,0.084911,0.95551,0.978288
MIMIC-IV-CaseStudy,1800000,1800000,HoneyBee,bridge,0.5,7,0.0,0.087228,0.954068,0.973468
MIMIC-IV-CaseStudy,1800000,1800000,HoneyBee,bridge,0.5,8,0.0,0.093339,0.956055,0.978951
MIMIC-IV-CaseStudy,1800000,1800000,HoneyBee,bridge,0.5,9,0.0,0.089232,0.95868,0.979743
MIMIC-IV-CaseStudy,1800000,1800000,SPFresh,bridge,0.5,0,0.0,0.153105,0.950464,0.976581
MIMIC-IV-CaseStudy,1800000,1800000,SPFresh,bridge,0.5,1,0.0,0.152545,0.947479,0.976572
MIMIC-IV-CaseStudy,1800000,1800000,SPFresh,bridge,0.5,2,0.0,0.152435,0.948561,0.974889
MIMIC-IV-CaseStudy,1800000,1800000,SPFresh,bridge,0.5,3,0.0,0.153026,0.951524,0.978191
MIMIC-IV-CaseStudy,1800000,1800000,SPFresh,bridge,0.5,4,0.0,0.15213,0.945904,0.974012
MIMIC-IV-CaseStudy,1800000,1800000,SPFresh,bridge,0.5,5,0.0,0.14622,0.945119,0.973628
MIMIC-IV-CaseStudy,1800000,1800000,SPFresh,bridge,0.5,6,0.0,0.158256,0.945089,0.975143
MIMIC-IV-CaseStudy,1800000,1800000,SPFresh,bridge,0.5,7,0.0,0.147524,0.949231,0.97898
MIMIC-IV-CaseStudy,1800000,1800000,SPFresh,bridge,0.5,8,0.0,0.144182,0.950676,0.976581
MIMIC-IV-CaseStudy,1800000,1800000,SPFresh,bridge,0.5,9,0.0,0.147789,0.951591,0.97489
MIMIC-IV-CaseStudy,1800000,1800000,Oracle,bridge,0.5,0,0.0,0.0,0.977044,0.977044
MIMIC-IV-CaseStudy,1800000,1800000,Oracle,bridge,0.5,1,0.0,0.0,0.97734,0.97734
MIMIC-IV-CaseStudy,1800000,1800000,Oracle,bridge,0.5,2,0.0,0.0,0.975921,0.975921
MIMIC-IV-CaseStudy,1800000,1800000,Oracle,bridge,0.5,3,0.0,0.0,0.973818,0.973818
MIMIC-IV-CaseStudy,1800000,1800000,Oracle,bridge,0.5,4,0.0,0.0,0.974711,0.974711
MIMIC-IV-CaseStudy,1800000,1800000,Oracle,bridge,0.5,5,0.0,0.0,0.975062,0.975062
MIMIC-IV-CaseStudy,1800000,1800000,Oracle,bridge,0.5,6,0.0,0.0,0.976321,0.976321
MIMIC-IV-CaseStudy,1800000,1800000,Oracle,bridge,0.5,7,0.0,0.0,0.971135,0.971135
MIMIC-IV-CaseStudy,1800000,1800000,Oracle,bridge,0.5,8,0.0,0.0,0.976129,0.976129
MIMIC-IV-CaseStudy,1800000,1800000,Oracle,bridge,0.5,9,0.0,0.0,0.976929,0.976929
