dataset,N,N_indexed,roles,users,shared_fraction,exception_rate,base_graph_bytes,vector_store_bytes,predicate_table_bytes,exception_bitmap_bytes,reverse_adjacency_bytes,bypass_overlay_bytes,key_metadata_bytes,audit_log_metadata_bytes,alignment_padding_bytes,total_lethe_bytes,per_role_index_bytes,per_user_index_bytes,memory_ratio_vs_shared,memory_ratio_vs_per_role,memory_ratio_vs_per_user
LegalBench-RAG,1200000,1200000,10,1000,0.2,0.0,7124582400,4987207680,45751233,14249164,1310923161,121117900,21373747,7124582,16199363,8661321550,54146826240,6269632512000,1.0,0.15995991,0.001381472
LegalBench-RAG,1200000,1200000,10,1000,0.2,0.01,7124582400,4987207680,46178708,16386539,1310923161,122257833,21373747,7409565,16495746,8665607699,54146826240,6269632512000,1.0,0.16003907,0.0013821556
LegalBench-RAG,1200000,1200000,10,1000,0.2,0.05,7124582400,4987207680,47888608,24936038,1310923161,126817566,21373747,8549498,17681276,8682752294,54146826240,6269632512000,1.0,0.1603557,0.0013848901
LegalBench-RAG,1200000,1200000,10,1000,0.2,0.1,7124582400,4987207680,50025982,35622912,1310923161,132517232,21373747,9974415,19163189,8704183038,54146826240,6269632512000,1.0,0.16075149,0.0013883083
LegalBench-RAG,1200000,1200000,10,1000,0.2,0.2,7124582400,4987207680,54300732,56996659,1310923161,143916564,21373747,12824248,22127016,8747044527,54146826240,6269632512000,1.0,0.16154307,0.0013951447
LegalBench-RAG,1200000,1200000,10,1000,0.2,0.5,7124582400,4987207680,67124980,121117900,1310923161,178114560,21373747,21373747,31018494,8875628989,54146826240,6269632512000,1.0,0.16391781,0.0014156538
LegalBench-RAG,1200000,1200000,10,1000,0.5,0.0,7124582400,4987207680,45751233,14249164,1353670656,195926016,21373747,7124582,22184012,8784861810,58421575680,6269632512000,1.0,0.15037016,0.0014011765
LegalBench-RAG,1200000,1200000,10,1000,0.5,0.01,7124582400,4987207680,46178708,16386539,1353670656,198775848,21373747,7409565,22617187,8790994650,58421575680,6269632512000,1.0,0.15047514,0.0014021547
LegalBench-RAG,1200000,1200000,10,1000,0.5,0.05,7124582400,4987207680,47888608,24936038,1353670656,210175180,21373747,8549498,24349885,8815526012,58421575680,6269632512000,1.0,0.15089504,0.0014060674
LegalBench-RAG,1200000,1200000,10,1000,0.5,0.1,7124582400,4987207680,50025982,35622912,1353670656,224424345,21373747,9974415,26515758,8846190215,58421575680,6269632512000,1.0,0.15141992,0.0014109583
LegalBench-RAG,1200000,1200000,10,1000,0.5,0.2,7124582400,4987207680,54300732,56996659,1353670656,252922675,21373747,12824248,30847505,8907518622,58421575680,6269632512000,1.0,0.15246967,0.0014207401
LegalBench-RAG,1200000,1200000,10,1000,0.5,0.5,7124582400,4987207680,67124980,121117900,1353670656,338417664,21373747,21373747,43842743,9091503837,58421575680,6269632512000,1.0,0.15561894,0.0014500856
LegalBench-RAG,1200000,1200000,10,1000,0.8,0.0,7124582400,4987207680,45751233,14249164,1396418150,270734131,21373747,7124582,28168662,8908402069,62696325120,6269632512000,1.0,0.14208811,0.0014208811
LegalBench-RAG,1200000,1200000,10,1000,0.8,0.01,7124582400,4987207680,46178708,16386539,1396418150,275293863,21373747,7409565,28738628,8916381600,62696325120,6269632512000,1.0,0.14221538,0.0014221538
LegalBench-RAG,1200000,1200000,10,1000,0.8,0.05,7124582400,4987207680,47888608,24936038,1396418150,293532794,21373747,8549498,31018494,8948299729,62696325120,6269632512000,1.0,0.14272447,0.0014272447
LegalBench-RAG,1200000,1200000,10,1000,0.8,0.1,7124582400,4987207680,50025982,35622912,1396418150,316331458,21373747,9974415,33868327,8988197391,62696325120,6269632512000,1.0,0.14336083,0.0014336083
LegalBench-RAG,1200000,1200000,10,1000,0.8,0.2,7124582400,4987207680,54300732,56996659,1396418150,361928785,21373747,12824248,39567993,9067992714,62696325120,6269632512000,1.0,0.14463356,0.0014463356
LegalBench-RAG,1200000,1200000,10,1000,0.8,0.5,7124582400,4987207680,67124980,121117900,1396418150,498720768,21373747,21373747,56666991,9307378683,62696325120,6269632512000,1.0,0.14845174,0.0014845174
LegalBench-RAG,1200000,1200000,10,1000,0.95,0.0,7124582400,4987207680,45751233,14249164,1417791897,308138188,21373747,7124582,31160986,8970172197,64833699839,6269632512000,1.0,0.13835663,0.0014307333
LegalBench-RAG,1200000,1200000,10,1000,0.95,0.01,7124582400,4987207680,46178708,16386539,1417791897,313552871,21373747,7409565,31799349,8979075076,64833699839,6269632512000,1.0,0.13849395,0.0014321533
LegalBench-RAG,1200000,1200000,10,1000,0.95,0.05,7124582400,4987207680,47888608,24936038,1417791897,335211601,21373747,8549498,34352799,9014686588,64833699839,6269632512000,1.0,0.13904322,0.0014378333
LegalBench-RAG,1200000,1200000,10,1000,0.95,0.1,7124582400,4987207680,50025982,35622912,1417791897,362285015,21373747,9974415,37544612,9059200980,64833699839,6269632512000,1.0,0.13972982,0.0014449333
LegalBench-RAG,1200000,1200000,10,1000,0.95,0.2,7124582400,4987207680,54300732,56996659,1417791897,416431841,21373747,12824248,43928238,9148229762,64833699839,6269632512000,1.0,0.141103,0.0014591333
LegalBench-RAG,1200000,1200000,10,1000,0.95,0.5,7124582400,4987207680,67124980,121117900,1417791897,578872320,21373747,21373747,63079115,9415316106,64833699839,6269632512000,1.0,0.14522256,0.0015017333
LegalBench-RAG,1200000,1200000,10,10000,0.2,0.0,7124582400,4987207680,45751233,14249164,1310923161,121117900,21373747,7124582,16199363,8661321550,54146826240,62696325120000,1.0,0.15995991,0.0001381472
LegalBench-RAG,1200000,1200000,10,10000,0.2,0.01,7124582400,4987207680,46178708,16386539,1310923161,122257833,21373747,7409565,16495746,8665607699,54146826240,62696325120000,1.0,0.16003907,0.0001382156
LegalBench-RAG,1200000,1200000,10,10000,0.2,0.05,7124582400,4987207680,47888608,24936038,1310923161,126817566,21373747,8549498,17681276,8682752294,54146826240,62696325120000,1.0,0.1603557,0.000138489
LegalBench-RAG,1200000,1200000,10,10000,0.2,0.1,7124582400,4987207680,50025982,35622912,1310923161,132517232,21373747,9974415,19163189,8704183038,54146826240,62696325120000,1.0,0.16075149,0.0001388308
LegalBench-RAG,1200000,1200000,10,10000,0.2,0.2,7124582400,4987207680,54300732,56996659,1310923161,143916564,21373747,12824248,22127016,8747044527,54146826240,62696325120000,1.0,0.16154307,0.0001395145
LegalBench-RAG,1200000,1200000,10,10000,0.2,0.5,7124582400,4987207680,67124980,121117900,1310923161,178114560,21373747,21373747,31018494,8875628989,54146826240,62696325120000,1.0,0.16391781,0.0001415654
LegalBench-RAG,1200000,1200000,10,10000,0.5,0.0,7124582400,4987207680,45751233,14249164,1353670656,195926016,21373747,7124582,22184012,8784861810,58421575680,62696325120000,1.0,0.15037016,0.0001401177
LegalBench-RAG,1200000,1200000,10,10000,0.5,0.01,7124582400,4987207680,46178708,16386539,1353670656,198775848,21373747,7409565,22617187,8790994650,58421575680,62696325120000,1.0,0.15047514,0.0001402155
LegalBench-RAG,1200000,1200000,10,10000,0.5,0.05,7124582400,4987207680,47888608,24936038,1353670656,210175180,21373747,8549498,24349885,8815526012,58421575680,62696325120000,1.0,0.15089504,0.0001406067
LegalBench-RAG,1200000,1200000,10,10000,0.5,0.1,7124582400,4987207680,50025982,35622912,1353670656,224424345,21373747,9974415,26515758,8846190215,58421575680,62696325120000,1.0,0.15141992,0.0001410958
LegalBench-RAG,1200000,1200000,10,10000,0.5,0.2,7124582400,4987207680,54300732,56996659,1353670656,252922675,21373747,12824248,30847505,8907518622,58421575680,62696325120000,1.0,0.15246967,0.000142074
LegalBench-RAG,1200000,1200000,10,10000,0.5,0.5,7124582400,4987207680,67124980,121117900,1353670656,338417664,21373747,21373747,43842743,9091503837,58421575680,62696325120000,1.0,0.15561894,0.0001450086
LegalBench-RAG,1200000,1200000,10,10000,0.8,0.0,7124582400,4987207680,45751233,14249164,1396418150,270734131,21373747,7124582,28168662,8908402069,62696325120,62696325120000,1.0,0.14208811,0.0001420881
LegalBench-RAG,1200000,1200000,10,10000,0.8,0.01,7124582400,4987207680,46178708,16386539,1396418150,275293863,21373747,7409565,28738628,8916381600,62696325120,62696325120000,1.0,0.14221538,0.0001422154
LegalBench-RAG,1200000,1200000,10,10000,0.8,0.05,7124582400,4987207680,47888608,24936038,1396418150,293532794,21373747,8549498,31018494,8948299729,62696325120,62696325120000,1.0,0.14272447,0.0001427245
LegalBench-RAG,1200000,1200000,10,10000,0.8,0.1,7124582400,4987207680,50025982,35622912,1396418150,316331458,21373747,9974415,33868327,8988197391,62696325120,62696325120000,1.0,0.14336083,0.0001433608
LegalBench-RAG,1200000,1200000,10,10000,0.8,0.2,7124582400,4987207680,54300732,56996659,1396418150,361928785,21373747,12824248,39567993,9067992714,62696325120,62696325120000,1.0,0.14463356,0.0001446336
LegalBench-RAG,1200000,1200000,10,10000,0.8,0.5,7124582400,4987207680,67124980,121117900,1396418150,498720768,21373747,21373747,56666991,9307378683,62696325120,62696325120000,1.0,0.14845174,0.0001484517
LegalBench-RAG,1200000,1200000,10,10000,0.95,0.0,7124582400,4987207680,45751233,14249164,1417791897,308138188,21373747,7124582,31160986,8970172197,64833699839,62696325120000,1.0,0.13835663,0.0001430733
LegalBench-RAG,1200000,1200000,10,10000,0.95,0.01,7124582400,4987207680,46178708,16386539,1417791897,313552871,21373747,7409565,31799349,8979075076,64833699839,62696325120000,1.0,0.13849395,0.0001432153
LegalBench-RAG,1200000,1200000,10,10000,0.95,0.05,7124582400,4987207680,47888608,24936038,1417791897,335211601,21373747,8549498,34352799,9014686588,64833699839,62696325120000,1.0,0.13904322,0.0001437833
LegalBench-RAG,1200000,1200000,10,10000,0.95,0.1,7124582400,4987207680,50025982,35622912,1417791897,362285015,21373747,9974415,37544612,9059200980,64833699839,62696325120000,1.0,0.13972982,0.0001444933
LegalBench-RAG,1200000,1200000,10,10000,0.95,0.2,7124582400,4987207680,54300732,56996659,1417791897,416431841,21373747,12824248,43928238,9148229762,64833699839,62696325120000,1.0,0.141103,0.0001459133
LegalBench-RAG,1200000,1200000,10,10000,0.95,0.5,7124582400,4987207680,67124980,121117900,1417791897,578872320,21373747,21373747,63079115,9415316106,64833699839,62696325120000,1.0,0.14522256,0.0001501733
LegalBench-RAG,1200000,1200000,10,100000,0.2,0.0,7124582400,4987207680,45751233,14249164,1310923161,121117900,21373747,7124582,16199363,8661321550,54146826240,626963251200000,1.0,0.15995991,1.38147e-05
LegalBench-RAG,1200000,1200000,10,100000,0.2,0.01,7124582400,4987207680,46178708,16386539,1310923161,122257833,21373747,7409565,16495746,8665607699,54146826240,626963251200000,1.0,0.16003907,1.38216e-05
LegalBench-RAG,1200000,1200000,10,100000,0.2,0.05,7124582400,4987207680,47888608,24936038,1310923161,126817566,21373747,8549498,17681276,8682752294,54146826240,626963251200000,1.0,0.1603557,1.38489e-05
LegalBench-RAG,1200000,1200000,10,100000,0.2,0.1,7124582400,4987207680,50025982,35622912,1310923161,132517232,21373747,9974415,19163189,8704183038,54146826240,626963251200000,1.0,0.16075149,1.38831e-05
LegalBench-RAG,1200000,1200000,10,100000,0.2,0.2,7124582400,4987207680,54300732,56996659,1310923161,143916564,21373747,12824248,22127016,8747044527,54146826240,626963251200000,1.0,0.16154307,1.39514e-05
LegalBench-RAG,1200000,1200000,10,100000,0.2,0.5,7124582400,4987207680,67124980,121117900,1310923161,178114560,21373747,21373747,31018494,8875628989,54146826240,626963251200000,1.0,0.16391781,1.41565e-05
LegalBench-RAG,1200000,1200000,10,100000,0.5,0.0,7124582400,4987207680,45751233,14249164,1353670656,195926016,21373747,7124582,22184012,8784861810,58421575680,626963251200000,1.0,0.15037016,1.40118e-05
LegalBench-RAG,1200000,1200000,10,100000,0.5,0.01,7124582400,4987207680,46178708,16386539,1353670656,198775848,21373747,7409565,22617187,8790994650,58421575680,626963251200000,1.0,0.15047514,1.40215e-05
LegalBench-RAG,1200000,1200000,10,100000,0.5,0.05,7124582400,4987207680,47888608,24936038,1353670656,210175180,21373747,8549498,24349885,8815526012,58421575680,626963251200000,1.0,0.15089504,1.40607e-05
LegalBench-RAG,1200000,1200000,10,100000,0.5,0.1,7124582400,4987207680,50025982,35622912,1353670656,224424345,21373747,9974415,26515758,8846190215,58421575680,626963251200000,1.0,0.15141992,1.41096e-05
LegalBench-RAG,1200000,1200000,10,100000,0.5,0.2,7124582400,4987207680,54300732,56996659,1353670656,252922675,21373747,12824248,30847505,8907518622,58421575680,626963251200000,1.0,0.15246967,1.42074e-05
LegalBench-RAG,1200000,1200000,10,100000,0.5,0.5,7124582400,4987207680,67124980,121117900,1353670656,338417664,21373747,21373747,43842743,9091503837,58421575680,626963251200000,1.0,0.15561894,1.45009e-05
LegalBench-RAG,1200000,1200000,10,100000,0.8,0.0,7124582400,4987207680,45751233,14249164,1396418150,270734131,21373747,7124582,28168662,8908402069,62696325120,626963251200000,1.0,0.14208811,1.42088e-05
LegalBench-RAG,1200000,1200000,10,100000,0.8,0.01,7124582400,4987207680,46178708,16386539,1396418150,275293863,21373747,7409565,28738628,8916381600,62696325120,626963251200000,1.0,0.14221538,1.42215e-05
LegalBench-RAG,1200000,1200000,10,100000,0.8,0.05,7124582400,4987207680,47888608,24936038,1396418150,293532794,21373747,8549498,31018494,8948299729,62696325120,626963251200000,1.0,0.14272447,1.42724e-05
LegalBench-RAG,1200000,1200000,10,100000,0.8,0.1,7124582400,4987207680,50025982,35622912,1396418150,316331458,21373747,9974415,33868327,8988197391,62696325120,626963251200000,1.0,0.14336083,1.43361e-05
LegalBench-RAG,1200000,1200000,10,100000,0.8,0.2,7124582400,4987207680,54300732,56996659,1396418150,361928785,21373747,12824248,39567993,9067992714,62696325120,626963251200000,1.0,0.14463356,1.44634e-05
LegalBench-RAG,1200000,1200000,10,100000,0.8,0.5,7124582400,4987207680,67124980,121117900,1396418150,498720768,21373747,21373747,56666991,9307378683,62696325120,626963251200000,1.0,0.14845174,1.48452e-05
LegalBench-RAG,1200000,1200000,10,100000,0.95,0.0,7124582400,4987207680,45751233,14249164,1417791897,308138188,21373747,7124582,31160986,8970172197,64833699839,626963251200000,1.0,0.13835663,1.43073e-05
LegalBench-RAG,1200000,1200000,10,100000,0.95,0.01,7124582400,4987207680,46178708,16386539,1417791897,313552871,21373747,7409565,31799349,8979075076,64833699839,626963251200000,1.0,0.13849395,1.43215e-05
LegalBench-RAG,1200000,1200000,10,100000,0.95,0.05,7124582400,4987207680,47888608,24936038,1417791897,335211601,21373747,8549498,34352799,9014686588,64833699839,626963251200000,1.0,0.13904322,1.43783e-05
LegalBench-RAG,1200000,1200000,10,100000,0.95,0.1,7124582400,4987207680,50025982,35622912,1417791897,362285015,21373747,9974415,37544612,9059200980,64833699839,626963251200000,1.0,0.13972982,1.44493e-05
LegalBench-RAG,1200000,1200000,10,100000,0.95,0.2,7124582400,4987207680,54300732,56996659,1417791897,416431841,21373747,12824248,43928238,9148229762,64833699839,626963251200000,1.0,0.141103,1.45913e-05
LegalBench-RAG,1200000,1200000,10,100000,0.95,0.5,7124582400,4987207680,67124980,121117900,1417791897,578872320,21373747,21373747,63079115,9415316106,64833699839,626963251200000,1.0,0.14522256,1.50173e-05
LegalBench-RAG,1200000,1200000,50,1000,0.2,0.0,7124582400,4987207680,56787892,14249164,1310923161,121117900,21373747,7124582,17082296,8673241142,270734131200,6269632512000,1.0,0.03203601,0.0013833731
LegalBench-RAG,1200000,1200000,50,1000,0.2,0.01,7124582400,4987207680,57215367,16386539,1310923161,122257833,21373747,7409565,17378678,8677527290,270734131200,6269632512000,1.0,0.03205184,0.0013840568
LegalBench-RAG,1200000,1200000,50,1000,0.2,0.05,7124582400,4987207680,58925267,24936038,1310923161,126817566,21373747,8549498,18564209,8694671886,270734131200,6269632512000,1.0,0.03211517,0.0013867913
LegalBench-RAG,1200000,1200000,50,1000,0.2,0.1,7124582400,4987207680,61062642,35622912,1310923161,132517232,21373747,9974415,20046122,8716102631,270734131200,6269632512000,1.0,0.03219433,0.0013902095
LegalBench-RAG,1200000,1200000,50,1000,0.2,0.2,7124582400,4987207680,65337391,56996659,1310923161,143916564,21373747,12824248,23009948,8758964118,270734131200,6269632512000,1.0,0.03235264,0.0013970459
LegalBench-RAG,1200000,1200000,50,1000,0.2,0.5,7124582400,4987207680,78161640,121117900,1310923161,178114560,21373747,21373747,31901427,8887548582,270734131200,6269632512000,1.0,0.03282759,0.0014175549
LegalBench-RAG,1200000,1200000,50,1000,0.5,0.0,7124582400,4987207680,56787892,14249164,1353670656,195926016,21373747,7124582,23066945,8796781402,292107878400,6269632512000,1.0,0.03011484,0.0014030777
LegalBench-RAG,1200000,1200000,50,1000,0.5,0.01,7124582400,4987207680,57215367,16386539,1353670656,198775848,21373747,7409565,23500120,8802914242,292107878400,6269632512000,1.0,0.03013583,0.0014040559
LegalBench-RAG,1200000,1200000,50,1000,0.5,0.05,7124582400,4987207680,58925267,24936038,1353670656,210175180,21373747,8549498,25232818,8827445604,292107878400,6269632512000,1.0,0.03021981,0.0014079686
LegalBench-RAG,1200000,1200000,50,1000,0.5,0.1,7124582400,4987207680,61062642,35622912,1353670656,224424345,21373747,9974415,27398691,8858109808,292107878400,6269632512000,1.0,0.03032479,0.0014128595
LegalBench-RAG,1200000,1200000,50,1000,0.5,0.2,7124582400,4987207680,65337391,56996659,1353670656,252922675,21373747,12824248,31730437,8919438213,292107878400,6269632512000,1.0,0.03053474,0.0014226413
LegalBench-RAG,1200000,1200000,50,1000,0.5,0.5,7124582400,4987207680,78161640,121117900,1353670656,338417664,21373747,21373747,44725676,9103423430,292107878400,6269632512000,1.0,0.03116459,0.0014519868
LegalBench-RAG,1200000,1200000,50,1000,0.8,0.0,7124582400,4987207680,56787892,14249164,1396418150,270734131,21373747,7124582,29051594,8920321660,313481625600,6269632512000,1.0,0.02845564,0.0014227822
LegalBench-RAG,1200000,1200000,50,1000,0.8,0.01,7124582400,4987207680,57215367,16386539,1396418150,275293863,21373747,7409565,29621561,8928301192,313481625600,6269632512000,1.0,0.0284811,0.0014240549
LegalBench-RAG,1200000,1200000,50,1000,0.8,0.05,7124582400,4987207680,58925267,24936038,1396418150,293532794,21373747,8549498,31901427,8960219321,313481625600,6269632512000,1.0,0.02858292,0.0014291459
LegalBench-RAG,1200000,1200000,50,1000,0.8,0.1,7124582400,4987207680,61062642,35622912,1396418150,316331458,21373747,9974415,34751260,9000116984,313481625600,6269632512000,1.0,0.02871019,0.0014355095
LegalBench-RAG,1200000,1200000,50,1000,0.8,0.2,7124582400,4987207680,65337391,56996659,1396418150,361928785,21373747,12824248,40450926,9079912306,313481625600,6269632512000,1.0,0.02896474,0.0014482368
LegalBench-RAG,1200000,1200000,50,1000,0.8,0.5,7124582400,4987207680,78161640,121117900,1396418150,498720768,21373747,21373747,57549924,9319298276,313481625600,6269632512000,1.0,0.02972837,0.0014864186
LegalBench-RAG,1200000,1200000,50,1000,0.95,0.0,7124582400,4987207680,56787892,14249164,1417791897,308138188,21373747,7124582,32043919,8982091789,324168499200,6269632512000,1.0,0.0277081,0.0014326345
LegalBench-RAG,1200000,1200000,50,1000,0.95,0.01,7124582400,4987207680,57215367,16386539,1417791897,313552871,21373747,7409565,32682281,8990994667,324168499200,6269632512000,1.0,0.02773556,0.0014340545
LegalBench-RAG,1200000,1200000,50,1000,0.95,0.05,7124582400,4987207680,58925267,24936038,1417791897,335211601,21373747,8549498,35235732,9026606180,324168499200,6269632512000,1.0,0.02784541,0.0014397345
LegalBench-RAG,1200000,1200000,50,1000,0.95,0.1,7124582400,4987207680,61062642,35622912,1417791897,362285015,21373747,9974415,38427545,9071120573,324168499200,6269632512000,1.0,0.02798273,0.0014468345
LegalBench-RAG,1200000,1200000,50,1000,0.95,0.2,7124582400,4987207680,65337391,56996659,1417791897,416431841,21373747,12824248,44811171,9160149354,324168499200,6269632512000,1.0,0.02825737,0.0014610345
LegalBench-RAG,1200000,1200000,50,1000,0.95,0.5,7124582400,4987207680,78161640,121117900,1417791897,578872320,21373747,21373747,63962048,9427235699,324168499200,6269632512000,1.0,0.02908128,0.0015036345
LegalBench-RAG,1200000,1200000,50,10000,0.2,0.0,7124582400,4987207680,56787892,14249164,1310923161,121117900,21373747,7124582,17082296,8673241142,270734131200,62696325120000,1.0,0.03203601,0.0001383373
LegalBench-RAG,1200000,1200000,50,10000,0.2,0.01,7124582400,4987207680,57215367,16386539,1310923161,122257833,21373747,7409565,17378678,8677527290,270734131200,62696325120000,1.0,0.03205184,0.0001384057
LegalBench-RAG,1200000,1200000,50,10000,0.2,0.05,7124582400,4987207680,58925267,24936038,1310923161,126817566,21373747,8549498,18564209,8694671886,270734131200,62696325120000,1.0,0.03211517,0.0001386791
LegalBench-RAG,1200000,1200000,50,10000,0.2,0.1,7124582400,4987207680,61062642,35622912,1310923161,132517232,21373747,9974415,20046122,8716102631,270734131200,62696325120000,1.0,0.03219433,0.0001390209
LegalBench-RAG,1200000,1200000,50,10000,0.2,0.2,7124582400,4987207680,65337391,56996659,1310923161,143916564,21373747,12824248,23009948,8758964118,270734131200,62696325120000,1.0,0.03235264,0.0001397046
LegalBench-RAG,1200000,1200000,50,10000,0.2,0.5,7124582400,4987207680,78161640,121117900,1310923161,178114560,21373747,21373747,31901427,8887548582,270734131200,62696325120000,1.0,0.03282759,0.0001417555
LegalBench-RAG,1200000,1200000,50,10000,0.5,0.0,7124582400,4987207680,56787892,14249164,1353670656,195926016,21373747,7124582,23066945,8796781402,292107878400,62696325120000,1.0,0.03011484,0.0001403078
LegalBench-RAG,1200000,1200000,50,10000,0.5,0.01,7124582400,4987207680,57215367,16386539,1353670656,198775848,21373747,7409565,23500120,8802914242,292107878400,62696325120000,1.0,0.03013583,0.0001404056
LegalBench-RAG,1200000,1200000,50,10000,0.5,0.05,7124582400,4987207680,58925267,24936038,1353670656,210175180,21373747,8549498,25232818,8827445604,292107878400,62696325120000,1.0,0.03021981,0.0001407969
LegalBench-RAG,1200000,1200000,50,10000,0.5,0.1,7124582400,4987207680,61062642,35622912,1353670656,224424345,21373747,9974415,27398691,8858109808,292107878400,62696325120000,1.0,0.03032479,0.0001412859
LegalBench-RAG,1200000,1200000,50,10000,0.5,0.2,7124582400,4987207680,65337391,56996659,1353670656,252922675,21373747,12824248,31730437,8919438213,292107878400,62696325120000,1.0,0.03053474,0.0001422641
LegalBench-RAG,1200000,1200000,50,10000,0.5,0.5,7124582400,4987207680,78161640,121117900,1353670656,338417664,21373747,21373747,44725676,9103423430,292107878400,62696325120000,1.0,0.03116459,0.0001451987
LegalBench-RAG,1200000,1200000,50,10000,0.8,0.0,7124582400,4987207680,56787892,14249164,1396418150,270734131,21373747,7124582,29051594,8920321660,313481625600,62696325120000,1.0,0.02845564,0.0001422782
LegalBench-RAG,1200000,1200000,50,10000,0.8,0.01,7124582400,4987207680,57215367,16386539,1396418150,275293863,21373747,7409565,29621561,8928301192,313481625600,62696325120000,1.0,0.0284811,0.0001424055
LegalBench-RAG,1200000,1200000,50,10000,0.8,0.05,7124582400,4987207680,58925267,24936038,1396418150,293532794,21373747,8549498,31901427,8960219321,313481625600,62696325120000,1.0,0.02858292,0.0001429146
LegalBench-RAG,1200000,1200000,50,10000,0.8,0.1,7124582400,4987207680,61062642,35622912,1396418150,316331458,21373747,9974415,34751260,9000116984,313481625600,62696325120000,1.0,0.02871019,0.0001435509
LegalBench-RAG,1200000,1200000,50,10000,0.8,0.2,7124582400,4987207680,65337391,56996659,1396418150,361928785,21373747,12824248,40450926,9079912306,313481625600,62696325120000,1.0,0.02896474,0.0001448237
LegalBench-RAG,1200000,1200000,50,10000,0.8,0.5,7124582400,4987207680,78161640,121117900,1396418150,498720768,21373747,21373747,57549924,9319298276,313481625600,62696325120000,1.0,0.02972837,0.0001486419
LegalBench-RAG,1200000,1200000,50,10000,0.95,0.0,7124582400,4987207680,56787892,14249164,1417791897,308138188,21373747,7124582,32043919,8982091789,324168499200,62696325120000,1.0,0.0277081,0.0001432634
LegalBench-RAG,1200000,1200000,50,10000,0.95,0.01,7124582400,4987207680,57215367,16386539,1417791897,313552871,21373747,7409565,32682281,8990994667,324168499200,62696325120000,1.0,0.02773556,0.0001434054
LegalBench-RAG,1200000,1200000,50,10000,0.95,0.05,7124582400,4987207680,58925267,24936038,1417791897,335211601,21373747,8549498,35235732,9026606180,324168499200,62696325120000,1.0,0.02784541,0.0001439734
LegalBench-RAG,1200000,1200000,50,10000,0.95,0.1,7124582400,4987207680,61062642,35622912,1417791897,362285015,21373747,9974415,38427545,9071120573,324168499200,62696325120000,1.0,0.02798273,0.0001446834
LegalBench-RAG,1200000,1200000,50,10000,0.95,0.2,7124582400,4987207680,65337391,56996659,1417791897,416431841,21373747,12824248,44811171,9160149354,324168499200,62696325120000,1.0,0.02825737,0.0001461034
LegalBench-RAG,1200000,1200000,50,10000,0.95,0.5,7124582400,4987207680,78161640,121117900,1417791897,578872320,21373747,21373747,63962048,9427235699,324168499200,62696325120000,1.0,0.02908128,0.0001503634
LegalBench-RAG,1200000,1200000,50,100000,0.2,0.0,7124582400,4987207680,56787892,14249164,1310923161,121117900,21373747,7124582,17082296,8673241142,270734131200,626963251200000,1.0,0.03203601,1.38337e-05
LegalBench-RAG,1200000,1200000,50,100000,0.2,0.01,7124582400,4987207680,57215367,16386539,1310923161,122257833,21373747,7409565,17378678,8677527290,270734131200,626963251200000,1.0,0.03205184,1.38406e-05
LegalBench-RAG,1200000,1200000,50,100000,0.2,0.05,7124582400,4987207680,58925267,24936038,1310923161,126817566,21373747,8549498,18564209,8694671886,270734131200,626963251200000,1.0,0.03211517,1.38679e-05
LegalBench-RAG,1200000,1200000,50,100000,0.2,0.1,7124582400,4987207680,61062642,35622912,1310923161,132517232,21373747,9974415,20046122,8716102631,270734131200,626963251200000,1.0,0.03219433,1.39021e-05
LegalBench-RAG,1200000,1200000,50,100000,0.2,0.2,7124582400,4987207680,65337391,56996659,1310923161,143916564,21373747,12824248,23009948,8758964118,270734131200,626963251200000,1.0,0.03235264,1.39705e-05
LegalBench-RAG,1200000,1200000,50,100000,0.2,0.5,7124582400,4987207680,78161640,121117900,1310923161,178114560,21373747,21373747,31901427,8887548582,270734131200,626963251200000,1.0,0.03282759,1.41755e-05
LegalBench-RAG,1200000,1200000,50,100000,0.5,0.0,7124582400,4987207680,56787892,14249164,1353670656,195926016,21373747,7124582,23066945,8796781402,292107878400,626963251200000,1.0,0.03011484,1.40308e-05
LegalBench-RAG,1200000,1200000,50,100000,0.5,0.01,7124582400,4987207680,57215367,16386539,1353670656,198775848,21373747,7409565,23500120,8802914242,292107878400,626963251200000,1.0,0.03013583,1.40406e-05
LegalBench-RAG,1200000,1200000,50,100000,0.5,0.05,7124582400,4987207680,58925267,24936038,1353670656,210175180,21373747,8549498,25232818,8827445604,292107878400,626963251200000,1.0,0.03021981,1.40797e-05
LegalBench-RAG,1200000,1200000,50,100000,0.5,0.1,7124582400,4987207680,61062642,35622912,1353670656,224424345,21373747,9974415,27398691,8858109808,292107878400,626963251200000,1.0,0.03032479,1.41286e-05
LegalBench-RAG,1200000,1200000,50,100000,0.5,0.2,7124582400,4987207680,65337391,56996659,1353670656,252922675,21373747,12824248,31730437,8919438213,292107878400,626963251200000,1.0,0.03053474,1.42264e-05
LegalBench-RAG,1200000,1200000,50,100000,0.5,0.5,7124582400,4987207680,78161640,121117900,1353670656,338417664,21373747,21373747,44725676,9103423430,292107878400,626963251200000,1.0,0.03116459,1.45199e-05
LegalBench-RAG,1200000,1200000,50,100000,0.8,0.0,7124582400,4987207680,56787892,14249164,1396418150,270734131,21373747,7124582,29051594,8920321660,313481625600,626963251200000,1.0,0.02845564,1.42278e-05
LegalBench-RAG,1200000,1200000,50,100000,0.8,0.01,7124582400,4987207680,57215367,16386539,1396418150,275293863,21373747,7409565,29621561,8928301192,313481625600,626963251200000,1.0,0.0284811,1.42405e-05
LegalBench-RAG,1200000,1200000,50,100000,0.8,0.05,7124582400,4987207680,58925267,24936038,1396418150,293532794,21373747,8549498,31901427,8960219321,313481625600,626963251200000,1.0,0.02858292,1.42915e-05
LegalBench-RAG,1200000,1200000,50,100000,0.8,0.1,7124582400,4987207680,61062642,35622912,1396418150,316331458,21373747,9974415,34751260,9000116984,313481625600,626963251200000,1.0,0.02871019,1.43551e-05
LegalBench-RAG,1200000,1200000,50,100000,0.8,0.2,7124582400,4987207680,65337391,56996659,1396418150,361928785,21373747,12824248,40450926,9079912306,313481625600,626963251200000,1.0,0.02896474,1.44824e-05
LegalBench-RAG,1200000,1200000,50,100000,0.8,0.5,7124582400,4987207680,78161640,121117900,1396418150,498720768,21373747,21373747,57549924,9319298276,313481625600,626963251200000,1.0,0.02972837,1.48642e-05
LegalBench-RAG,1200000,1200000,50,100000,0.95,0.0,7124582400,4987207680,56787892,14249164,1417791897,308138188,21373747,7124582,32043919,8982091789,324168499200,626963251200000,1.0,0.0277081,1.43263e-05
LegalBench-RAG,1200000,1200000,50,100000,0.95,0.01,7124582400,4987207680,57215367,16386539,1417791897,313552871,21373747,7409565,32682281,8990994667,324168499200,626963251200000,1.0,0.02773556,1.43405e-05
LegalBench-RAG,1200000,1200000,50,100000,0.95,0.05,7124582400,4987207680,58925267,24936038,1417791897,335211601,21373747,8549498,35235732,9026606180,324168499200,626963251200000,1.0,0.02784541,1.43973e-05
LegalBench-RAG,1200000,1200000,50,100000,0.95,0.1,7124582400,4987207680,61062642,35622912,1417791897,362285015,21373747,9974415,38427545,9071120573,324168499200,626963251200000,1.0,0.02798273,1.44683e-05
LegalBench-RAG,1200000,1200000,50,100000,0.95,0.2,7124582400,4987207680,65337391,56996659,1417791897,416431841,21373747,12824248,44811171,9160149354,324168499200,626963251200000,1.0,0.02825737,1.46103e-05
LegalBench-RAG,1200000,1200000,50,100000,0.95,0.5,7124582400,4987207680,78161640,121117900,1417791897,578872320,21373747,21373747,63962048,9427235699,324168499200,626963251200000,1.0,0.02908128,1.50363e-05
LegalBench-RAG,1200000,1200000,100,1000,0.2,0.0,7124582400,4987207680,61704213,14249164,1310923161,121117900,21373747,7124582,17475601,8678550768,541468262400,6269632512000,1.0,0.01602781,0.00138422
LegalBench-RAG,1200000,1200000,100,1000,0.2,0.01,7124582400,4987207680,62131687,16386539,1310923161,122257833,21373747,7409565,17771984,8682836916,541468262400,6269632512000,1.0,0.01603573,0.0013849036
LegalBench-RAG,1200000,1200000,100,1000,0.2,0.05,7124582400,4987207680,63841587,24936038,1310923161,126817566,21373747,8549498,18957515,8699981512,541468262400,6269632512000,1.0,0.01606739,0.0013876382
LegalBench-RAG,1200000,1200000,100,1000,0.2,0.1,7124582400,4987207680,65978962,35622912,1310923161,132517232,21373747,9974415,20439428,8721412257,541468262400,6269632512000,1.0,0.01610697,0.0013910564
LegalBench-RAG,1200000,1200000,100,1000,0.2,0.2,7124582400,4987207680,70253711,56996659,1310923161,143916564,21373747,12824248,23403254,8764273744,541468262400,6269632512000,1.0,0.01618613,0.0013978927
LegalBench-RAG,1200000,1200000,100,1000,0.2,0.5,7124582400,4987207680,83077960,121117900,1310923161,178114560,21373747,21373747,32294733,8892858208,541468262400,6269632512000,1.0,0.0164236,0.0014184018
LegalBench-RAG,1200000,1200000,100,1000,0.5,0.0,7124582400,4987207680,61704213,14249164,1353670656,195926016,21373747,7124582,23460251,8802091029,584215756800,6269632512000,1.0,0.01506651,0.0014039246
LegalBench-RAG,1200000,1200000,100,1000,0.5,0.01,7124582400,4987207680,62131687,16386539,1353670656,198775848,21373747,7409565,23893425,8808223867,584215756800,6269632512000,1.0,0.015077,0.0014049027
LegalBench-RAG,1200000,1200000,100,1000,0.5,0.05,7124582400,4987207680,63841587,24936038,1353670656,210175180,21373747,8549498,25626124,8832755230,584215756800,6269632512000,1.0,0.015119,0.0014088155
LegalBench-RAG,1200000,1200000,100,1000,0.5,0.1,7124582400,4987207680,65978962,35622912,1353670656,224424345,21373747,9974415,27791997,8863419434,584215756800,6269632512000,1.0,0.01517148,0.0014137064
LegalBench-RAG,1200000,1200000,100,1000,0.5,0.2,7124582400,4987207680,70253711,56996659,1353670656,252922675,21373747,12824248,32123743,8924747839,584215756800,6269632512000,1.0,0.01527646,0.0014234882
LegalBench-RAG,1200000,1200000,100,1000,0.5,0.5,7124582400,4987207680,83077960,121117900,1353670656,338417664,21373747,21373747,45118981,9108733055,584215756800,6269632512000,1.0,0.01559139,0.0014528336
LegalBench-RAG,1200000,1200000,100,1000,0.8,0.0,7124582400,4987207680,61704213,14249164,1396418150,270734131,21373747,7124582,29444900,8925631287,626963251200,6269632512000,1.0,0.01423629,0.0014236291
LegalBench-RAG,1200000,1200000,100,1000,0.8,0.01,7124582400,4987207680,62131687,16386539,1396418150,275293863,21373747,7409565,30014866,8933610817,626963251200,6269632512000,1.0,0.01424902,0.0014249018
LegalBench-RAG,1200000,1200000,100,1000,0.8,0.05,7124582400,4987207680,63841587,24936038,1396418150,293532794,21373747,8549498,32294733,8965528947,626963251200,6269632512000,1.0,0.01429993,0.0014299927
LegalBench-RAG,1200000,1200000,100,1000,0.8,0.1,7124582400,4987207680,65978962,35622912,1396418150,316331458,21373747,9974415,35144566,9005426610,626963251200,6269632512000,1.0,0.01436356,0.0014363564
LegalBench-RAG,1200000,1200000,100,1000,0.8,0.2,7124582400,4987207680,70253711,56996659,1396418150,361928785,21373747,12824248,40844232,9085221932,626963251200,6269632512000,1.0,0.01449084,0.0014490836
LegalBench-RAG,1200000,1200000,100,1000,0.8,0.5,7124582400,4987207680,83077960,121117900,1396418150,498720768,21373747,21373747,57943230,9324607902,626963251200,6269632512000,1.0,0.01487265,0.0014872655
LegalBench-RAG,1200000,1200000,100,1000,0.95,0.0,7124582400,4987207680,61704213,14249164,1417791897,308138188,21373747,7124582,32437224,8987401415,648336998400,6269632512000,1.0,0.01386224,0.0014334814
LegalBench-RAG,1200000,1200000,100,1000,0.95,0.01,7124582400,4987207680,62131687,16386539,1417791897,313552871,21373747,7409565,33075587,8996304293,648336998400,6269632512000,1.0,0.01387597,0.0014349014
LegalBench-RAG,1200000,1200000,100,1000,0.95,0.05,7124582400,4987207680,63841587,24936038,1417791897,335211601,21373747,8549498,35629037,9031915805,648336998400,6269632512000,1.0,0.0139309,0.0014405814
LegalBench-RAG,1200000,1200000,100,1000,0.95,0.1,7124582400,4987207680,65978962,35622912,1417791897,362285015,21373747,9974415,38820850,9076430198,648336998400,6269632512000,1.0,0.01399956,0.0014476814
LegalBench-RAG,1200000,1200000,100,1000,0.95,0.2,7124582400,4987207680,70253711,56996659,1417791897,416431841,21373747,12824248,45204476,9165458979,648336998400,6269632512000,1.0,0.01413687,0.0014618814
LegalBench-RAG,1200000,1200000,100,1000,0.95,0.5,7124582400,4987207680,83077960,121117900,1417791897,578872320,21373747,21373747,64355354,9432545325,648336998400,6269632512000,1.0,0.01454883,0.0015044814
LegalBench-RAG,1200000,1200000,100,10000,0.2,0.0,7124582400,4987207680,61704213,14249164,1310923161,121117900,21373747,7124582,17475601,8678550768,541468262400,62696325120000,1.0,0.01602781,0.000138422
LegalBench-RAG,1200000,1200000,100,10000,0.2,0.01,7124582400,4987207680,62131687,16386539,1310923161,122257833,21373747,7409565,17771984,8682836916,541468262400,62696325120000,1.0,0.01603573,0.0001384904
LegalBench-RAG,1200000,1200000,100,10000,0.2,0.05,7124582400,4987207680,63841587,24936038,1310923161,126817566,21373747,8549498,18957515,8699981512,541468262400,62696325120000,1.0,0.01606739,0.0001387638
LegalBench-RAG,1200000,1200000,100,10000,0.2,0.1,7124582400,4987207680,65978962,35622912,1310923161,132517232,21373747,9974415,20439428,8721412257,541468262400,62696325120000,1.0,0.01610697,0.0001391056
LegalBench-RAG,1200000,1200000,100,10000,0.2,0.2,7124582400,4987207680,70253711,56996659,1310923161,143916564,21373747,12824248,23403254,8764273744,541468262400,62696325120000,1.0,0.01618613,0.0001397893
LegalBench-RAG,1200000,1200000,100,10000,0.2,0.5,7124582400,4987207680,83077960,121117900,1310923161,178114560,21373747,21373747,32294733,8892858208,541468262400,62696325120000,1.0,0.0164236,0.0001418402
LegalBench-RAG,1200000,1200000,100,10000,0.5,0.0,7124582400,4987207680,61704213,14249164,1353670656,195926016,21373747,7124582,23460251,8802091029,584215756800,62696325120000,1.0,0.01506651,0.0001403925
LegalBench-RAG,1200000,1200000,100,10000,0.5,0.01,7124582400,4987207680,62131687,16386539,1353670656,198775848,21373747,7409565,23893425,8808223867,584215756800,62696325120000,1.0,0.015077,0.0001404903
LegalBench-RAG,1200000,1200000,100,10000,0.5,0.05,7124582400,4987207680,63841587,24936038,1353670656,210175180,21373747,8549498,25626124,8832755230,584215756800,62696325120000,1.0,0.015119,0.0001408815
LegalBench-RAG,1200000,1200000,100,10000,0.5,0.1,7124582400,4987207680,65978962,35622912,1353670656,224424345,21373747,9974415,27791997,8863419434,584215756800,62696325120000,1.0,0.01517148,0.0001413706
LegalBench-RAG,1200000,1200000,100,10000,0.5,0.2,7124582400,4987207680,70253711,56996659,1353670656,252922675,21373747,12824248,32123743,8924747839,584215756800,62696325120000,1.0,0.01527646,0.0001423488
LegalBench-RAG,1200000,1200000,100,10000,0.5,0.5,7124582400,4987207680,83077960,121117900,1353670656,338417664,21373747,21373747,45118981,9108733055,584215756800,62696325120000,1.0,0.01559139,0.0001452834
LegalBench-RAG,1200000,1200000,100,10000,0.8,0.0,7124582400,4987207680,61704213,14249164,1396418150,270734131,21373747,7124582,29444900,8925631287,626963251200,62696325120000,1.0,0.01423629,0.0001423629
LegalBench-RAG,1200000,1200000,100,10000,0.8,0.01,7124582400,4987207680,62131687,16386539,1396418150,275293863,21373747,7409565,30014866,8933610817,626963251200,62696325120000,1.0,0.01424902,0.0001424902
LegalBench-RAG,1200000,1200000,100,10000,0.8,0.05,7124582400,4987207680,63841587,24936038,1396418150,293532794,21373747,8549498,32294733,8965528947,626963251200,62696325120000,1.0,0.01429993,0.0001429993
LegalBench-RAG,1200000,1200000,100,10000,0.8,0.1,7124582400,4987207680,65978962,35622912,1396418150,316331458,21373747,9974415,35144566,9005426610,626963251200,62696325120000,1.0,0.01436356,0.0001436356
LegalBench-RAG,1200000,1200000,100,10000,0.8,0.2,7124582400,4987207680,70253711,56996659,1396418150,361928785,21373747,12824248,40844232,9085221932,626963251200,62696325120000,1.0,0.01449084,0.0001449084
LegalBench-RAG,1200000,1200000,100,10000,0.8,0.5,7124582400,4987207680,83077960,121117900,1396418150,498720768,21373747,21373747,57943230,9324607902,626963251200,62696325120000,1.0,0.01487265,0.0001487265
LegalBench-RAG,1200000,1200000,100,10000,0.95,0.0,7124582400,4987207680,61704213,14249164,1417791897,308138188,21373747,7124582,32437224,8987401415,648336998400,62696325120000,1.0,0.01386224,0.0001433481
LegalBench-RAG,1200000,1200000,100,10000,0.95,0.01,7124582400,4987207680,62131687,16386539,1417791897,313552871,21373747,7409565,33075587,8996304293,648336998400,62696325120000,1.0,0.01387597,0.0001434901
LegalBench-RAG,1200000,1200000,100,10000,0.95,0.05,7124582400,4987207680,63841587,24936038,1417791897,335211601,21373747,8549498,35629037,9031915805,648336998400,62696325120000,1.0,0.0139309,0.0001440581
LegalBench-RAG,1200000,1200000,100,10000,0.95,0.1,7124582400,4987207680,65978962,35622912,1417791897,362285015,21373747,9974415,38820850,9076430198,648336998400,62696325120000,1.0,0.01399956,0.0001447681
LegalBench-RAG,1200000,1200000,100,10000,0.95,0.2,7124582400,4987207680,70253711,56996659,1417791897,416431841,21373747,12824248,45204476,9165458979,648336998400,62696325120000,1.0,0.01413687,0.0001461881
LegalBench-RAG,1200000,1200000,100,10000,0.95,0.5,7124582400,4987207680,83077960,121117900,1417791897,578872320,21373747,21373747,64355354,9432545325,648336998400,62696325120000,1.0,0.01454883,0.0001504481
LegalBench-RAG,1200000,1200000,100,100000,0.2,0.0,7124582400,4987207680,61704213,14249164,1310923161,121117900,21373747,7124582,17475601,8678550768,541468262400,626963251200000,1.0,0.01602781,1.38422e-05
LegalBench-RAG,1200000,1200000,100,100000,0.2,0.01,7124582400,4987207680,62131687,16386539,1310923161,122257833,21373747,7409565,17771984,8682836916,541468262400,626963251200000,1.0,0.01603573,1.3849e-05
LegalBench-RAG,1200000,1200000,100,100000,0.2,0.05,7124582400,4987207680,63841587,24936038,1310923161,126817566,21373747,8549498,18957515,8699981512,541468262400,626963251200000,1.0,0.01606739,1.38764e-05
LegalBench-RAG,1200000,1200000,100,100000,0.2,0.1,7124582400,4987207680,65978962,35622912,1310923161,132517232,21373747,9974415,20439428,8721412257,541468262400,626963251200000,1.0,0.01610697,1.39106e-05
LegalBench-RAG,1200000,1200000,100,100000,0.2,0.2,7124582400,4987207680,70253711,56996659,1310923161,143916564,21373747,12824248,23403254,8764273744,541468262400,626963251200000,1.0,0.01618613,1.39789e-05
LegalBench-RAG,1200000,1200000,100,100000,0.2,0.5,7124582400,4987207680,83077960,121117900,1310923161,178114560,21373747,21373747,32294733,8892858208,541468262400,626963251200000,1.0,0.0164236,1.4184e-05
LegalBench-RAG,1200000,1200000,100,100000,0.5,0.0,7124582400,4987207680,61704213,14249164,1353670656,195926016,21373747,7124582,23460251,8802091029,584215756800,626963251200000,1.0,0.01506651,1.40392e-05
LegalBench-RAG,1200000,1200000,100,100000,0.5,0.01,7124582400,4987207680,62131687,16386539,1353670656,198775848,21373747,7409565,23893425,8808223867,584215756800,626963251200000,1.0,0.015077,1.4049e-05
LegalBench-RAG,1200000,1200000,100,100000,0.5,0.05,7124582400,4987207680,63841587,24936038,1353670656,210175180,21373747,8549498,25626124,8832755230,584215756800,626963251200000,1.0,0.015119,1.40882e-05
LegalBench-RAG,1200000,1200000,100,100000,0.5,0.1,7124582400,4987207680,65978962,35622912,1353670656,224424345,21373747,9974415,27791997,8863419434,584215756800,626963251200000,1.0,0.01517148,1.41371e-05
LegalBench-RAG,1200000,1200000,100,100000,0.5,0.2,7124582400,4987207680,70253711,56996659,1353670656,252922675,21373747,12824248,32123743,8924747839,584215756800,626963251200000,1.0,0.01527646,1.42349e-05
LegalBench-RAG,1200000,1200000,100,100000,0.5,0.5,7124582400,4987207680,83077960,121117900,1353670656,338417664,21373747,21373747,45118981,9108733055,584215756800,626963251200000,1.0,0.01559139,1.45283e-05
LegalBench-RAG,1200000,1200000,100,100000,0.8,0.0,7124582400,4987207680,61704213,14249164,1396418150,270734131,21373747,7124582,29444900,8925631287,626963251200,626963251200000,1.0,0.01423629,1.42363e-05
LegalBench-RAG,1200000,1200000,100,100000,0.8,0.01,7124582400,4987207680,62131687,16386539,1396418150,275293863,21373747,7409565,30014866,8933610817,626963251200,626963251200000,1.0,0.01424902,1.4249e-05
LegalBench-RAG,1200000,1200000,100,100000,0.8,0.05,7124582400,4987207680,63841587,24936038,1396418150,293532794,21373747,8549498,32294733,8965528947,626963251200,626963251200000,1.0,0.01429993,1.42999e-05
LegalBench-RAG,1200000,1200000,100,100000,0.8,0.1,7124582400,4987207680,65978962,35622912,1396418150,316331458,21373747,9974415,35144566,9005426610,626963251200,626963251200000,1.0,0.01436356,1.43636e-05
LegalBench-RAG,1200000,1200000,100,100000,0.8,0.2,7124582400,4987207680,70253711,56996659,1396418150,361928785,21373747,12824248,40844232,9085221932,626963251200,626963251200000,1.0,0.01449084,1.44908e-05
LegalBench-RAG,1200000,1200000,100,100000,0.8,0.5,7124582400,4987207680,83077960,121117900,1396418150,498720768,21373747,21373747,57943230,9324607902,626963251200,626963251200000,1.0,0.01487265,1.48727e-05
LegalBench-RAG,1200000,1200000,100,100000,0.95,0.0,7124582400,4987207680,61704213,14249164,1417791897,308138188,21373747,7124582,32437224,8987401415,648336998400,626963251200000,1.0,0.01386224,1.43348e-05
LegalBench-RAG,1200000,1200000,100,100000,0.95,0.01,7124582400,4987207680,62131687,16386539,1417791897,313552871,21373747,7409565,33075587,8996304293,648336998400,626963251200000,1.0,0.01387597,1.4349e-05
LegalBench-RAG,1200000,1200000,100,100000,0.95,0.05,7124582400,4987207680,63841587,24936038,1417791897,335211601,21373747,8549498,35629037,9031915805,648336998400,626963251200000,1.0,0.0139309,1.44058e-05
LegalBench-RAG,1200000,1200000,100,100000,0.95,0.1,7124582400,4987207680,65978962,35622912,1417791897,362285015,21373747,9974415,38820850,9076430198,648336998400,626963251200000,1.0,0.01399956,1.44768e-05
LegalBench-RAG,1200000,1200000,100,100000,0.95,0.2,7124582400,4987207680,70253711,56996659,1417791897,416431841,21373747,12824248,45204476,9165458979,648336998400,626963251200000,1.0,0.01413687,1.46188e-05
LegalBench-RAG,1200000,1200000,100,100000,0.95,0.5,7124582400,4987207680,83077960,121117900,1417791897,578872320,21373747,21373747,64355354,9432545325,648336998400,626963251200000,1.0,0.01454883,1.50448e-05
LegalBench-RAG,1200000,1200000,500,1000,0.2,0.0,7124582400,4987207680,73226933,14249164,1310923161,121117900,21373747,7124582,18397419,8690995306,2707341312000,6269632512000,1.0,0.00321016,0.0013862049
LegalBench-RAG,1200000,1200000,500,1000,0.2,0.01,7124582400,4987207680,73654408,16386539,1310923161,122257833,21373747,7409565,18693802,8695281455,2707341312000,6269632512000,1.0,0.00321174,0.0013868885
LegalBench-RAG,1200000,1200000,500,1000,0.2,0.05,7124582400,4987207680,75364308,24936038,1310923161,126817566,21373747,8549498,19879332,8712426050,2707341312000,6269632512000,1.0,0.00321807,0.0013896231
LegalBench-RAG,1200000,1200000,500,1000,0.2,0.1,7124582400,4987207680,77501682,35622912,1310923161,132517232,21373747,9974415,21361245,8733856794,2707341312000,6269632512000,1.0,0.00322599,0.0013930413
LegalBench-RAG,1200000,1200000,500,1000,0.2,0.2,7124582400,4987207680,81776432,56996659,1310923161,143916564,21373747,12824248,24325072,8776718283,2707341312000,6269632512000,1.0,0.00324182,0.0013998776
LegalBench-RAG,1200000,1200000,500,1000,0.2,0.5,7124582400,4987207680,94600680,121117900,1310923161,178114560,21373747,21373747,33216550,8905302745,2707341312000,6269632512000,1.0,0.00328932,0.0014203867
LegalBench-RAG,1200000,1200000,500,1000,0.5,0.0,7124582400,4987207680,73226933,14249164,1353670656,195926016,21373747,7124582,24382068,8814535566,2921078784000,6269632512000,1.0,0.00301756,0.0014059094
LegalBench-RAG,1200000,1200000,500,1000,0.5,0.01,7124582400,4987207680,73654408,16386539,1353670656,198775848,21373747,7409565,24815243,8820668406,2921078784000,6269632512000,1.0,0.00301966,0.0014068876
LegalBench-RAG,1200000,1200000,500,1000,0.5,0.05,7124582400,4987207680,75364308,24936038,1353670656,210175180,21373747,8549498,26547941,8845199768,2921078784000,6269632512000,1.0,0.00302806,0.0014108004
LegalBench-RAG,1200000,1200000,500,1000,0.5,0.1,7124582400,4987207680,77501682,35622912,1353670656,224424345,21373747,9974415,28713814,8875863971,2921078784000,6269632512000,1.0,0.00303856,0.0014156913
LegalBench-RAG,1200000,1200000,500,1000,0.5,0.2,7124582400,4987207680,81776432,56996659,1353670656,252922675,21373747,12824248,33045561,8937192378,2921078784000,6269632512000,1.0,0.00305955,0.0014254731
LegalBench-RAG,1200000,1200000,500,1000,0.5,0.5,7124582400,4987207680,94600680,121117900,1353670656,338417664,21373747,21373747,46040799,9121177593,2921078784000,6269632512000,1.0,0.00312254,0.0014548185
LegalBench-RAG,1200000,1200000,500,1000,0.8,0.0,7124582400,4987207680,73226933,14249164,1396418150,270734131,21373747,7124582,30366718,8938075825,3134816256000,6269632512000,1.0,0.00285123,0.001425614
LegalBench-RAG,1200000,1200000,500,1000,0.8,0.01,7124582400,4987207680,73654408,16386539,1396418150,275293863,21373747,7409565,30936684,8946055356,3134816256000,6269632512000,1.0,0.00285377,0.0014268867
LegalBench-RAG,1200000,1200000,500,1000,0.8,0.05,7124582400,4987207680,75364308,24936038,1396418150,293532794,21373747,8549498,33216550,8977973485,3134816256000,6269632512000,1.0,0.00286396,0.0014319776
LegalBench-RAG,1200000,1200000,500,1000,0.8,0.1,7124582400,4987207680,77501682,35622912,1396418150,316331458,21373747,9974415,36066383,9017871147,3134816256000,6269632512000,1.0,0.00287668,0.0014383413
LegalBench-RAG,1200000,1200000,500,1000,0.8,0.2,7124582400,4987207680,81776432,56996659,1396418150,361928785,21373747,12824248,41766049,9097666470,3134816256000,6269632512000,1.0,0.00290214,0.0014510685
LegalBench-RAG,1200000,1200000,500,1000,0.8,0.5,7124582400,4987207680,94600680,121117900,1396418150,498720768,21373747,21373747,58865047,9337052439,3134816256000,6269632512000,1.0,0.0029785,0.0014892504
LegalBench-RAG,1200000,1200000,500,1000,0.95,0.0,7124582400,4987207680,73226933,14249164,1417791897,308138188,21373747,7124582,33359042,8999845953,3241684991999,6269632512000,1.0,0.00277629,0.0014354663
LegalBench-RAG,1200000,1200000,500,1000,0.95,0.01,7124582400,4987207680,73654408,16386539,1417791897,313552871,21373747,7409565,33997405,9008748832,3241684991999,6269632512000,1.0,0.00277903,0.0014368863
LegalBench-RAG,1200000,1200000,500,1000,0.95,0.05,7124582400,4987207680,75364308,24936038,1417791897,335211601,21373747,8549498,36550855,9044360344,3241684991999,6269632512000,1.0,0.00279002,0.0014425663
LegalBench-RAG,1200000,1200000,500,1000,0.95,0.1,7124582400,4987207680,77501682,35622912,1417791897,362285015,21373747,9974415,39742668,9088874736,3241684991999,6269632512000,1.0,0.00280375,0.0014496663
LegalBench-RAG,1200000,1200000,500,1000,0.95,0.2,7124582400,4987207680,81776432,56996659,1417791897,416431841,21373747,12824248,46126294,9177903518,3241684991999,6269632512000,1.0,0.00283121,0.0014638663
LegalBench-RAG,1200000,1200000,500,1000,0.95,0.5,7124582400,4987207680,94600680,121117900,1417791897,578872320,21373747,21373747,65277171,9444989862,3241684991999,6269632512000,1.0,0.00291361,0.0015064663
LegalBench-RAG,1200000,1200000,500,10000,0.2,0.0,7124582400,4987207680,73226933,14249164,1310923161,121117900,21373747,7124582,18397419,8690995306,2707341312000,62696325120000,1.0,0.00321016,0.0001386205
LegalBench-RAG,1200000,1200000,500,10000,0.2,0.01,7124582400,4987207680,73654408,16386539,1310923161,122257833,21373747,7409565,18693802,8695281455,2707341312000,62696325120000,1.0,0.00321174,0.0001386889
LegalBench-RAG,1200000,1200000,500,10000,0.2,0.05,7124582400,4987207680,75364308,24936038,1310923161,126817566,21373747,8549498,19879332,8712426050,2707341312000,62696325120000,1.0,0.00321807,0.0001389623
LegalBench-RAG,1200000,1200000,500,10000,0.2,0.1,7124582400,4987207680,77501682,35622912,1310923161,132517232,21373747,9974415,21361245,8733856794,2707341312000,62696325120000,1.0,0.00322599,0.0001393041
LegalBench-RAG,1200000,1200000,500,10000,0.2,0.2,7124582400,4987207680,81776432,56996659,1310923161,143916564,21373747,12824248,24325072,8776718283,2707341312000,62696325120000,1.0,0.00324182,0.0001399878
LegalBench-RAG,1200000,1200000,500,10000,0.2,0.5,7124582400,4987207680,94600680,121117900,1310923161,178114560,21373747,21373747,33216550,8905302745,2707341312000,62696325120000,1.0,0.00328932,0.0001420387
LegalBench-RAG,1200000,1200000,500,10000,0.5,0.0,7124582400,4987207680,73226933,14249164,1353670656,195926016,21373747,7124582,24382068,8814535566,2921078784000,62696325120000,1.0,0.00301756,0.0001405909
LegalBench-RAG,1200000,1200000,500,10000,0.5,0.01,7124582400,4987207680,73654408,16386539,1353670656,198775848,21373747,7409565,24815243,8820668406,2921078784000,62696325120000,1.0,0.00301966,0.0001406888
LegalBench-RAG,1200000,1200000,500,10000,0.5,0.05,7124582400,4987207680,75364308,24936038,1353670656,210175180,21373747,8549498,26547941,8845199768,2921078784000,62696325120000,1.0,0.00302806,0.00014108
LegalBench-RAG,1200000,1200000,500,10000,0.5,0.1,7124582400,4987207680,77501682,35622912,1353670656,224424345,21373747,9974415,28713814,8875863971,2921078784000,62696325120000,1.0,0.00303856,0.0001415691
LegalBench-RAG,1200000,1200000,500,10000,0.5,0.2,7124582400,4987207680,81776432,56996659,1353670656,252922675,21373747,12824248,33045561,8937192378,2921078784000,62696325120000,1.0,0.00305955,0.0001425473
LegalBench-RAG,1200000,1200000,500,10000,0.5,0.5,7124582400,4987207680,94600680,121117900,1353670656,338417664,21373747,21373747,46040799,9121177593,2921078784000,62696325120000,1.0,0.00312254,0.0001454819
LegalBench-RAG,1200000,1200000,500,10000,0.8,0.0,7124582400,4987207680,73226933,14249164,1396418150,270734131,21373747,7124582,30366718,8938075825,3134816256000,62696325120000,1.0,0.00285123,0.0001425614
LegalBench-RAG,1200000,1200000,500,10000,0.8,0.01,7124582400,4987207680,73654408,16386539,1396418150,275293863,21373747,7409565,30936684,8946055356,3134816256000,62696325120000,1.0,0.00285377,0.0001426887
LegalBench-RAG,1200000,1200000,500,10000,0.8,0.05,7124582400,4987207680,75364308,24936038,1396418150,293532794,21373747,8549498,33216550,8977973485,3134816256000,62696325120000,1.0,0.00286396,0.0001431978
LegalBench-RAG,1200000,1200000,500,10000,0.8,0.1,7124582400,4987207680,77501682,35622912,1396418150,316331458,21373747,9974415,36066383,9017871147,3134816256000,62696325120000,1.0,0.00287668,0.0001438341
LegalBench-RAG,1200000,1200000,500,10000,0.8,0.2,7124582400,4987207680,81776432,56996659,1396418150,361928785,21373747,12824248,41766049,9097666470,3134816256000,62696325120000,1.0,0.00290214,0.0001451069
LegalBench-RAG,1200000,1200000,500,10000,0.8,0.5,7124582400,4987207680,94600680,121117900,1396418150,498720768,21373747,21373747,58865047,9337052439,3134816256000,62696325120000,1.0,0.0029785,0.000148925
LegalBench-RAG,1200000,1200000,500,10000,0.95,0.0,7124582400,4987207680,73226933,14249164,1417791897,308138188,21373747,7124582,33359042,8999845953,3241684991999,62696325120000,1.0,0.00277629,0.0001435466
LegalBench-RAG,1200000,1200000,500,10000,0.95,0.01,7124582400,4987207680,73654408,16386539,1417791897,313552871,21373747,7409565,33997405,9008748832,3241684991999,62696325120000,1.0,0.00277903,0.0001436886
LegalBench-RAG,1200000,1200000,500,10000,0.95,0.05,7124582400,4987207680,75364308,24936038,1417791897,335211601,21373747,8549498,36550855,9044360344,3241684991999,62696325120000,1.0,0.00279002,0.0001442566
LegalBench-RAG,1200000,1200000,500,10000,0.95,0.1,7124582400,4987207680,77501682,35622912,1417791897,362285015,21373747,9974415,39742668,9088874736,3241684991999,62696325120000,1.0,0.00280375,0.0001449666
LegalBench-RAG,1200000,1200000,500,10000,0.95,0.2,7124582400,4987207680,81776432,56996659,1417791897,416431841,21373747,12824248,46126294,9177903518,3241684991999,62696325120000,1.0,0.00283121,0.0001463866
LegalBench-RAG,1200000,1200000,500,10000,0.95,0.5,7124582400,4987207680,94600680,121117900,1417791897,578872320,21373747,21373747,65277171,9444989862,3241684991999,62696325120000,1.0,0.00291361,0.0001506466
LegalBench-RAG,1200000,1200000,500,100000,0.2,0.0,7124582400,4987207680,73226933,14249164,1310923161,121117900,21373747,7124582,18397419,8690995306,2707341312000,626963251200000,1.0,0.00321016,1.3862e-05
LegalBench-RAG,1200000,1200000,500,100000,0.2,0.01,7124582400,4987207680,73654408,16386539,1310923161,122257833,21373747,7409565,18693802,8695281455,2707341312000,626963251200000,1.0,0.00321174,1.38689e-05
LegalBench-RAG,1200000,1200000,500,100000,0.2,0.05,7124582400,4987207680,75364308,24936038,1310923161,126817566,21373747,8549498,19879332,8712426050,2707341312000,626963251200000,1.0,0.00321807,1.38962e-05
LegalBench-RAG,1200000,1200000,500,100000,0.2,0.1,7124582400,4987207680,77501682,35622912,1310923161,132517232,21373747,9974415,21361245,8733856794,2707341312000,626963251200000,1.0,0.00322599,1.39304e-05
LegalBench-RAG,1200000,1200000,500,100000,0.2,0.2,7124582400,4987207680,81776432,56996659,1310923161,143916564,21373747,12824248,24325072,8776718283,2707341312000,626963251200000,1.0,0.00324182,1.39988e-05
LegalBench-RAG,1200000,1200000,500,100000,0.2,0.5,7124582400,4987207680,94600680,121117900,1310923161,178114560,21373747,21373747,33216550,8905302745,2707341312000,626963251200000,1.0,0.00328932,1.42039e-05
LegalBench-RAG,1200000,1200000,500,100000,0.5,0.0,7124582400,4987207680,73226933,14249164,1353670656,195926016,21373747,7124582,24382068,8814535566,2921078784000,626963251200000,1.0,0.00301756,1.40591e-05
LegalBench-RAG,1200000,1200000,500,100000,0.5,0.01,7124582400,4987207680,73654408,16386539,1353670656,198775848,21373747,7409565,24815243,8820668406,2921078784000,626963251200000,1.0,0.00301966,1.40689e-05
LegalBench-RAG,1200000,1200000,500,100000,0.5,0.05,7124582400,4987207680,75364308,24936038,1353670656,210175180,21373747,8549498,26547941,8845199768,2921078784000,626963251200000,1.0,0.00302806,1.4108e-05
LegalBench-RAG,1200000,1200000,500,100000,0.5,0.1,7124582400,4987207680,77501682,35622912,1353670656,224424345,21373747,9974415,28713814,8875863971,2921078784000,626963251200000,1.0,0.00303856,1.41569e-05
LegalBench-RAG,1200000,1200000,500,100000,0.5,0.2,7124582400,4987207680,81776432,56996659,1353670656,252922675,21373747,12824248,33045561,8937192378,2921078784000,626963251200000,1.0,0.00305955,1.42547e-05
LegalBench-RAG,1200000,1200000,500,100000,0.5,0.5,7124582400,4987207680,94600680,121117900,1353670656,338417664,21373747,21373747,46040799,9121177593,2921078784000,626963251200000,1.0,0.00312254,1.45482e-05
LegalBench-RAG,1200000,1200000,500,100000,0.8,0.0,7124582400,4987207680,73226933,14249164,1396418150,270734131,21373747,7124582,30366718,8938075825,3134816256000,626963251200000,1.0,0.00285123,1.42561e-05
LegalBench-RAG,1200000,1200000,500,100000,0.8,0.01,7124582400,4987207680,73654408,16386539,1396418150,275293863,21373747,7409565,30936684,8946055356,3134816256000,626963251200000,1.0,0.00285377,1.42689e-05
LegalBench-RAG,1200000,1200000,500,100000,0.8,0.05,7124582400,4987207680,75364308,24936038,1396418150,293532794,21373747,8549498,33216550,8977973485,3134816256000,626963251200000,1.0,0.00286396,1.43198e-05
LegalBench-RAG,1200000,1200000,500,100000,0.8,0.1,7124582400,4987207680,77501682,35622912,1396418150,316331458,21373747,9974415,36066383,9017871147,3134816256000,626963251200000,1.0,0.00287668,1.43834e-05
LegalBench-RAG,1200000,1200000,500,100000,0.8,0.2,7124582400,4987207680,81776432,56996659,1396418150,361928785,21373747,12824248,41766049,9097666470,3134816256000,626963251200000,1.0,0.00290214,1.45107e-05
LegalBench-RAG,1200000,1200000,500,100000,0.8,0.5,7124582400,4987207680,94600680,121117900,1396418150,498720768,21373747,21373747,58865047,9337052439,3134816256000,626963251200000,1.0,0.0029785,1.48925e-05
LegalBench-RAG,1200000,1200000,500,100000,0.95,0.0,7124582400,4987207680,73226933,14249164,1417791897,308138188,21373747,7124582,33359042,8999845953,3241684991999,626963251200000,1.0,0.00277629,1.43547e-05
LegalBench-RAG,1200000,1200000,500,100000,0.95,0.01,7124582400,4987207680,73654408,16386539,1417791897,313552871,21373747,7409565,33997405,9008748832,3241684991999,626963251200000,1.0,0.00277903,1.43689e-05
LegalBench-RAG,1200000,1200000,500,100000,0.95,0.05,7124582400,4987207680,75364308,24936038,1417791897,335211601,21373747,8549498,36550855,9044360344,3241684991999,626963251200000,1.0,0.00279002,1.44257e-05
LegalBench-RAG,1200000,1200000,500,100000,0.95,0.1,7124582400,4987207680,77501682,35622912,1417791897,362285015,21373747,9974415,39742668,9088874736,3241684991999,626963251200000,1.0,0.00280375,1.44967e-05
LegalBench-RAG,1200000,1200000,500,100000,0.95,0.2,7124582400,4987207680,81776432,56996659,1417791897,416431841,21373747,12824248,46126294,9177903518,3241684991999,626963251200000,1.0,0.00283121,1.46387e-05
LegalBench-RAG,1200000,1200000,500,100000,0.95,0.5,7124582400,4987207680,94600680,121117900,1417791897,578872320,21373747,21373747,65277171,9444989862,3241684991999,626963251200000,1.0,0.00291361,1.50647e-05
LegalBench-RAG,1200000,1200000,1000,1000,0.2,0.0,7124582400,4987207680,78206956,14249164,1310923161,121117900,21373747,7124582,18795821,8696373731,5414682624000,6269632512000,1.0,0.00160607,0.0013870628
LegalBench-RAG,1200000,1200000,1000,1000,0.2,0.01,7124582400,4987207680,78634431,16386539,1310923161,122257833,21373747,7409565,19092204,8700659880,5414682624000,6269632512000,1.0,0.00160686,0.0013877464
LegalBench-RAG,1200000,1200000,1000,1000,0.2,0.05,7124582400,4987207680,80344331,24936038,1310923161,126817566,21373747,8549498,20277734,8717804475,5414682624000,6269632512000,1.0,0.00161003,0.0013904809
LegalBench-RAG,1200000,1200000,1000,1000,0.2,0.1,7124582400,4987207680,82481706,35622912,1310923161,132517232,21373747,9974415,21759647,8739235220,5414682624000,6269632512000,1.0,0.00161399,0.0013938991
LegalBench-RAG,1200000,1200000,1000,1000,0.2,0.2,7124582400,4987207680,86756455,56996659,1310923161,143916564,21373747,12824248,24723474,8782096708,5414682624000,6269632512000,1.0,0.0016219,0.0014007355
LegalBench-RAG,1200000,1200000,1000,1000,0.2,0.5,7124582400,4987207680,99580704,121117900,1310923161,178114560,21373747,21373747,33614952,8910681171,5414682624000,6269632512000,1.0,0.00164565,0.0014212446
LegalBench-RAG,1200000,1200000,1000,1000,0.5,0.0,7124582400,4987207680,78206956,14249164,1353670656,195926016,21373747,7124582,24780470,8819913991,5842157568000,6269632512000,1.0,0.0015097,0.0014067673
LegalBench-RAG,1200000,1200000,1000,1000,0.5,0.01,7124582400,4987207680,78634431,16386539,1353670656,198775848,21373747,7409565,25213645,8826046831,5842157568000,6269632512000,1.0,0.00151075,0.0014077455
LegalBench-RAG,1200000,1200000,1000,1000,0.5,0.05,7124582400,4987207680,80344331,24936038,1353670656,210175180,21373747,8549498,26946343,8850578193,5842157568000,6269632512000,1.0,0.00151495,0.0014116582
LegalBench-RAG,1200000,1200000,1000,1000,0.5,0.1,7124582400,4987207680,82481706,35622912,1353670656,224424345,21373747,9974415,29112216,8881242397,5842157568000,6269632512000,1.0,0.0015202,0.0014165491
LegalBench-RAG,1200000,1200000,1000,1000,0.5,0.2,7124582400,4987207680,86756455,56996659,1353670656,252922675,21373747,12824248,33443962,8942570802,5842157568000,6269632512000,1.0,0.0015307,0.0014263309
LegalBench-RAG,1200000,1200000,1000,1000,0.5,0.5,7124582400,4987207680,99580704,121117900,1353670656,338417664,21373747,21373747,46439201,9126556019,5842157568000,6269632512000,1.0,0.00156219,0.0014556764
LegalBench-RAG,1200000,1200000,1000,1000,0.8,0.0,7124582400,4987207680,78206956,14249164,1396418150,270734131,21373747,7124582,30765119,8943454249,6269632512000,6269632512000,1.0,0.00142647,0.0014264718
LegalBench-RAG,1200000,1200000,1000,1000,0.8,0.01,7124582400,4987207680,78634431,16386539,1396418150,275293863,21373747,7409565,31335086,8951433781,6269632512000,6269632512000,1.0,0.00142774,0.0014277446
LegalBench-RAG,1200000,1200000,1000,1000,0.8,0.05,7124582400,4987207680,80344331,24936038,1396418150,293532794,21373747,8549498,33614952,8983351910,6269632512000,6269632512000,1.0,0.00143284,0.0014328355
LegalBench-RAG,1200000,1200000,1000,1000,0.8,0.1,7124582400,4987207680,82481706,35622912,1396418150,316331458,21373747,9974415,36464785,9023249573,6269632512000,6269632512000,1.0,0.0014392,0.0014391991
LegalBench-RAG,1200000,1200000,1000,1000,0.8,0.2,7124582400,4987207680,86756455,56996659,1396418150,361928785,21373747,12824248,42164451,9103044895,6269632512000,6269632512000,1.0,0.00145193,0.0014519264
LegalBench-RAG,1200000,1200000,1000,1000,0.8,0.5,7124582400,4987207680,99580704,121117900,1396418150,498720768,21373747,21373747,59263449,9342430865,6269632512000,6269632512000,1.0,0.00149011,0.0014901082
LegalBench-RAG,1200000,1200000,1000,1000,0.95,0.0,7124582400,4987207680,78206956,14249164,1417791897,308138188,21373747,7124582,33757444,9005224378,6483369983999,6269632512000,1.0,0.00138897,0.0014363241
LegalBench-RAG,1200000,1200000,1000,1000,0.95,0.01,7124582400,4987207680,78634431,16386539,1417791897,313552871,21373747,7409565,34395807,9014127257,6483369983999,6269632512000,1.0,0.00139035,0.0014377441
LegalBench-RAG,1200000,1200000,1000,1000,0.95,0.05,7124582400,4987207680,80344331,24936038,1417791897,335211601,21373747,8549498,36949257,9049738769,6483369983999,6269632512000,1.0,0.00139584,0.0014434241
LegalBench-RAG,1200000,1200000,1000,1000,0.95,0.1,7124582400,4987207680,82481706,35622912,1417791897,362285015,21373747,9974415,40141070,9094253162,6483369983999,6269632512000,1.0,0.0014027,0.0014505241
LegalBench-RAG,1200000,1200000,1000,1000,0.95,0.2,7124582400,4987207680,86756455,56996659,1417791897,416431841,21373747,12824248,46524696,9183281943,6483369983999,6269632512000,1.0,0.00141644,0.0014647241
LegalBench-RAG,1200000,1200000,1000,1000,0.95,0.5,7124582400,4987207680,99580704,121117900,1417791897,578872320,21373747,21373747,65675573,9450368288,6483369983999,6269632512000,1.0,0.00145763,0.0015073241
LegalBench-RAG,1200000,1200000,1000,10000,0.2,0.0,7124582400,4987207680,78206956,14249164,1310923161,121117900,21373747,7124582,18795821,8696373731,5414682624000,62696325120000,1.0,0.00160607,0.0001387063
LegalBench-RAG,1200000,1200000,1000,10000,0.2,0.01,7124582400,4987207680,78634431,16386539,1310923161,122257833,21373747,7409565,19092204,8700659880,5414682624000,62696325120000,1.0,0.00160686,0.0001387746
LegalBench-RAG,1200000,1200000,1000,10000,0.2,0.05,7124582400,4987207680,80344331,24936038,1310923161,126817566,21373747,8549498,20277734,8717804475,5414682624000,62696325120000,1.0,0.00161003,0.0001390481
LegalBench-RAG,1200000,1200000,1000,10000,0.2,0.1,7124582400,4987207680,82481706,35622912,1310923161,132517232,21373747,9974415,21759647,8739235220,5414682624000,62696325120000,1.0,0.00161399,0.0001393899
LegalBench-RAG,1200000,1200000,1000,10000,0.2,0.2,7124582400,4987207680,86756455,56996659,1310923161,143916564,21373747,12824248,24723474,8782096708,5414682624000,62696325120000,1.0,0.0016219,0.0001400735
LegalBench-RAG,1200000,1200000,1000,10000,0.2,0.5,7124582400,4987207680,99580704,121117900,1310923161,178114560,21373747,21373747,33614952,8910681171,5414682624000,62696325120000,1.0,0.00164565,0.0001421245
LegalBench-RAG,1200000,1200000,1000,10000,0.5,0.0,7124582400,4987207680,78206956,14249164,1353670656,195926016,21373747,7124582,24780470,8819913991,5842157568000,62696325120000,1.0,0.0015097,0.0001406767
LegalBench-RAG,1200000,1200000,1000,10000,0.5,0.01,7124582400,4987207680,78634431,16386539,1353670656,198775848,21373747,7409565,25213645,8826046831,5842157568000,62696325120000,1.0,0.00151075,0.0001407745
LegalBench-RAG,1200000,1200000,1000,10000,0.5,0.05,7124582400,4987207680,80344331,24936038,1353670656,210175180,21373747,8549498,26946343,8850578193,5842157568000,62696325120000,1.0,0.00151495,0.0001411658
LegalBench-RAG,1200000,1200000,1000,10000,0.5,0.1,7124582400,4987207680,82481706,35622912,1353670656,224424345,21373747,9974415,29112216,8881242397,5842157568000,62696325120000,1.0,0.0015202,0.0001416549
LegalBench-RAG,1200000,1200000,1000,10000,0.5,0.2,7124582400,4987207680,86756455,56996659,1353670656,252922675,21373747,12824248,33443962,8942570802,5842157568000,62696325120000,1.0,0.0015307,0.0001426331
LegalBench-RAG,1200000,1200000,1000,10000,0.5,0.5,7124582400,4987207680,99580704,121117900,1353670656,338417664,21373747,21373747,46439201,9126556019,5842157568000,62696325120000,1.0,0.00156219,0.0001455676
LegalBench-RAG,1200000,1200000,1000,10000,0.8,0.0,7124582400,4987207680,78206956,14249164,1396418150,270734131,21373747,7124582,30765119,8943454249,6269632512000,62696325120000,1.0,0.00142647,0.0001426472
LegalBench-RAG,1200000,1200000,1000,10000,0.8,0.01,7124582400,4987207680,78634431,16386539,1396418150,275293863,21373747,7409565,31335086,8951433781,6269632512000,62696325120000,1.0,0.00142774,0.0001427745
LegalBench-RAG,1200000,1200000,1000,10000,0.8,0.05,7124582400,4987207680,80344331,24936038,1396418150,293532794,21373747,8549498,33614952,8983351910,6269632512000,62696325120000,1.0,0.00143284,0.0001432835
LegalBench-RAG,1200000,1200000,1000,10000,0.8,0.1,7124582400,4987207680,82481706,35622912,1396418150,316331458,21373747,9974415,36464785,9023249573,6269632512000,62696325120000,1.0,0.0014392,0.0001439199
LegalBench-RAG,1200000,1200000,1000,10000,0.8,0.2,7124582400,4987207680,86756455,56996659,1396418150,361928785,21373747,12824248,42164451,9103044895,6269632512000,62696325120000,1.0,0.00145193,0.0001451926
LegalBench-RAG,1200000,1200000,1000,10000,0.8,0.5,7124582400,4987207680,99580704,121117900,1396418150,498720768,21373747,21373747,59263449,9342430865,6269632512000,62696325120000,1.0,0.00149011,0.0001490108
LegalBench-RAG,1200000,1200000,1000,10000,0.95,0.0,7124582400,4987207680,78206956,14249164,1417791897,308138188,21373747,7124582,33757444,9005224378,6483369983999,62696325120000,1.0,0.00138897,0.0001436324
LegalBench-RAG,1200000,1200000,1000,10000,0.95,0.01,7124582400,4987207680,78634431,16386539,1417791897,313552871,21373747,7409565,34395807,9014127257,6483369983999,62696325120000,1.0,0.00139035,0.0001437744
LegalBench-RAG,1200000,1200000,1000,10000,0.95,0.05,7124582400,4987207680,80344331,24936038,1417791897,335211601,21373747,8549498,36949257,9049738769,6483369983999,62696325120000,1.0,0.00139584,0.0001443424
LegalBench-RAG,1200000,1200000,1000,10000,0.95,0.1,7124582400,4987207680,82481706,35622912,1417791897,362285015,21373747,9974415,40141070,9094253162,6483369983999,62696325120000,1.0,0.0014027,0.0001450524
LegalBench-RAG,1200000,1200000,1000,10000,0.95,0.2,7124582400,4987207680,86756455,56996659,1417791897,416431841,21373747,12824248,46524696,9183281943,6483369983999,62696325120000,1.0,0.00141644,0.0001464724
LegalBench-RAG,1200000,1200000,1000,10000,0.95,0.5,7124582400,4987207680,99580704,121117900,1417791897,578872320,21373747,21373747,65675573,9450368288,6483369983999,62696325120000,1.0,0.00145763,0.0001507324
LegalBench-RAG,1200000,1200000,1000,100000,0.2,0.0,7124582400,4987207680,78206956,14249164,1310923161,121117900,21373747,7124582,18795821,8696373731,5414682624000,626963251200000,1.0,0.00160607,1.38706e-05
LegalBench-RAG,1200000,1200000,1000,100000,0.2,0.01,7124582400,4987207680,78634431,16386539,1310923161,122257833,21373747,7409565,19092204,8700659880,5414682624000,626963251200000,1.0,0.00160686,1.38775e-05
LegalBench-RAG,1200000,1200000,1000,100000,0.2,0.05,7124582400,4987207680,80344331,24936038,1310923161,126817566,21373747,8549498,20277734,8717804475,5414682624000,626963251200000,1.0,0.00161003,1.39048e-05
LegalBench-RAG,1200000,1200000,1000,100000,0.2,0.1,7124582400,4987207680,82481706,35622912,1310923161,132517232,21373747,9974415,21759647,8739235220,5414682624000,626963251200000,1.0,0.00161399,1.3939e-05
LegalBench-RAG,1200000,1200000,1000,100000,0.2,0.2,7124582400,4987207680,86756455,56996659,1310923161,143916564,21373747,12824248,24723474,8782096708,5414682624000,626963251200000,1.0,0.0016219,1.40074e-05
LegalBench-RAG,1200000,1200000,1000,100000,0.2,0.5,7124582400,4987207680,99580704,121117900,1310923161,178114560,21373747,21373747,33614952,8910681171,5414682624000,626963251200000,1.0,0.00164565,1.42124e-05
LegalBench-RAG,1200000,1200000,1000,100000,0.5,0.0,7124582400,4987207680,78206956,14249164,1353670656,195926016,21373747,7124582,24780470,8819913991,5842157568000,626963251200000,1.0,0.0015097,1.40677e-05
LegalBench-RAG,1200000,1200000,1000,100000,0.5,0.01,7124582400,4987207680,78634431,16386539,1353670656,198775848,21373747,7409565,25213645,8826046831,5842157568000,626963251200000,1.0,0.00151075,1.40775e-05
LegalBench-RAG,1200000,1200000,1000,100000,0.5,0.05,7124582400,4987207680,80344331,24936038,1353670656,210175180,21373747,8549498,26946343,8850578193,5842157568000,626963251200000,1.0,0.00151495,1.41166e-05
LegalBench-RAG,1200000,1200000,1000,100000,0.5,0.1,7124582400,4987207680,82481706,35622912,1353670656,224424345,21373747,9974415,29112216,8881242397,5842157568000,626963251200000,1.0,0.0015202,1.41655e-05
LegalBench-RAG,1200000,1200000,1000,100000,0.5,0.2,7124582400,4987207680,86756455,56996659,1353670656,252922675,21373747,12824248,33443962,8942570802,5842157568000,626963251200000,1.0,0.0015307,1.42633e-05
LegalBench-RAG,1200000,1200000,1000,100000,0.5,0.5,7124582400,4987207680,99580704,121117900,1353670656,338417664,21373747,21373747,46439201,9126556019,5842157568000,626963251200000,1.0,0.00156219,1.45568e-05
LegalBench-RAG,1200000,1200000,1000,100000,0.8,0.0,7124582400,4987207680,78206956,14249164,1396418150,270734131,21373747,7124582,30765119,8943454249,6269632512000,626963251200000,1.0,0.00142647,1.42647e-05
LegalBench-RAG,1200000,1200000,1000,100000,0.8,0.01,7124582400,4987207680,78634431,16386539,1396418150,275293863,21373747,7409565,31335086,8951433781,6269632512000,626963251200000,1.0,0.00142774,1.42774e-05
LegalBench-RAG,1200000,1200000,1000,100000,0.8,0.05,7124582400,4987207680,80344331,24936038,1396418150,293532794,21373747,8549498,33614952,8983351910,6269632512000,626963251200000,1.0,0.00143284,1.43284e-05
LegalBench-RAG,1200000,1200000,1000,100000,0.8,0.1,7124582400,4987207680,82481706,35622912,1396418150,316331458,21373747,9974415,36464785,9023249573,6269632512000,626963251200000,1.0,0.0014392,1.4392e-05
LegalBench-RAG,1200000,1200000,1000,100000,0.8,0.2,7124582400,4987207680,86756455,56996659,1396418150,361928785,21373747,12824248,42164451,9103044895,6269632512000,626963251200000,1.0,0.00145193,1.45193e-05
LegalBench-RAG,1200000,1200000,1000,100000,0.8,0.5,7124582400,4987207680,99580704,121117900,1396418150,498720768,21373747,21373747,59263449,9342430865,6269632512000,626963251200000,1.0,0.00149011,1.49011e-05
LegalBench-RAG,1200000,1200000,1000,100000,0.95,0.0,7124582400,4987207680,78206956,14249164,1417791897,308138188,21373747,7124582,33757444,9005224378,6483369983999,626963251200000,1.0,0.00138897,1.43632e-05
LegalBench-RAG,1200000,1200000,1000,100000,0.95,0.01,7124582400,4987207680,78634431,16386539,1417791897,313552871,21373747,7409565,34395807,9014127257,6483369983999,626963251200000,1.0,0.00139035,1.43774e-05
LegalBench-RAG,1200000,1200000,1000,100000,0.95,0.05,7124582400,4987207680,80344331,24936038,1417791897,335211601,21373747,8549498,36949257,9049738769,6483369983999,626963251200000,1.0,0.00139584,1.44342e-05
LegalBench-RAG,1200000,1200000,1000,100000,0.95,0.1,7124582400,4987207680,82481706,35622912,1417791897,362285015,21373747,9974415,40141070,9094253162,6483369983999,626963251200000,1.0,0.0014027,1.45052e-05
LegalBench-RAG,1200000,1200000,1000,100000,0.95,0.2,7124582400,4987207680,86756455,56996659,1417791897,416431841,21373747,12824248,46524696,9183281943,6483369983999,626963251200000,1.0,0.00141644,1.46472e-05
LegalBench-RAG,1200000,1200000,1000,100000,0.95,0.5,7124582400,4987207680,99580704,121117900,1417791897,578872320,21373747,21373747,65675573,9450368288,6483369983999,626963251200000,1.0,0.00145763,1.50732e-05
MS-MARCO-RBAC,8000000,8000000,10,1000,0.2,0.0,45232128000,31662489599,290462729,90464256,8322711552,768946176,135696384,45232128,102845563,54988486788,343764172800,39804272640000,1.0,0.15995991,0.001381472
MS-MARCO-RBAC,8000000,8000000,10,1000,0.2,0.01,45232128000,31662489599,293176657,104033894,8322711552,776183316,135696384,47041413,104727220,55015698436,343764172800,39804272640000,1.0,0.16003907,0.0013821556
MS-MARCO-RBAC,8000000,8000000,10,1000,0.2,0.05,45232128000,31662489599,304032368,158312448,8322711552,805131878,135696384,54278553,112253846,55124545029,343764172800,39804272640000,1.0,0.1603557,0.0013848901
MS-MARCO-RBAC,8000000,8000000,10,1000,0.2,0.1,45232128000,31662489599,317602006,226160640,8322711552,841317580,135696384,63324979,121662128,55260603269,343764172800,39804272640000,1.0,0.16075149,0.0013883083
MS-MARCO-RBAC,8000000,8000000,10,1000,0.2,0.2,45232128000,31662489599,344741283,361857024,8322711552,913688985,135696384,81417830,140478694,55532719752,343764172800,39804272640000,1.0,0.16154307,0.0013951447
MS-MARCO-RBAC,8000000,8000000,10,1000,0.2,0.5,45232128000,31662489599,426159113,768946176,8322711552,1130803200,135696384,135696384,196928389,56349069198,343764172800,39804272640000,1.0,0.16391781,0.0014156538
MS-MARCO-RBAC,8000000,8000000,10,1000,0.5,0.0,45232128000,31662489599,290462729,90464256,8594104320,1243883520,135696384,45232128,140840551,55772811888,370903449600,39804272640000,1.0,0.15037016,0.0014011765
MS-MARCO-RBAC,8000000,8000000,10,1000,0.5,0.01,45232128000,31662489599,293176657,104033894,8594104320,1261976371,135696384,47041413,143590664,55811747703,370903449600,39804272640000,1.0,0.15047514,0.0014021547
MS-MARCO-RBAC,8000000,8000000,10,1000,0.5,0.05,45232128000,31662489599,304032368,158312448,8594104320,1334347776,135696384,54278553,154591118,55967490967,370903449600,39804272640000,1.0,0.15089504,0.0014060674
MS-MARCO-RBAC,8000000,8000000,10,1000,0.5,0.1,45232128000,31662489599,317602006,226160640,8594104320,1424812032,135696384,63324979,168341684,56162170045,370903449600,39804272640000,1.0,0.15141992,0.0014109583
MS-MARCO-RBAC,8000000,8000000,10,1000,0.5,0.2,45232128000,31662489599,344741283,361857024,8594104320,1605740544,135696384,81417830,195842818,56551528203,370903449600,39804272640000,1.0,0.15246967,0.0014207401
MS-MARCO-RBAC,8000000,8000000,10,1000,0.5,0.5,45232128000,31662489599,426159113,768946176,8594104320,2148526080,135696384,135696384,278346220,57719602677,370903449600,39804272640000,1.0,0.15561894,0.0014500856
MS-MARCO-RBAC,8000000,8000000,10,1000,0.8,0.0,45232128000,31662489599,290462729,90464256,8865497088,1718820864,135696384,45232128,178835538,56557136987,398042726400,39804272640000,1.0,0.14208811,0.0014208811
MS-MARCO-RBAC,8000000,8000000,10,1000,0.8,0.01,45232128000,31662489599,293176657,104033894,8865497088,1747769425,135696384,47041413,182454108,56607796969,398042726400,39804272640000,1.0,0.14221538,0.0014221538
MS-MARCO-RBAC,8000000,8000000,10,1000,0.8,0.05,45232128000,31662489599,304032368,158312448,8865497088,1863563673,135696384,54278553,196928389,56810436903,398042726400,39804272640000,1.0,0.14272447,0.0014272447
MS-MARCO-RBAC,8000000,8000000,10,1000,0.8,0.1,45232128000,31662489599,317602006,226160640,8865497088,2008306483,135696384,63324979,215021241,57063736821,398042726400,39804272640000,1.0,0.14336083,0.0014336083
MS-MARCO-RBAC,8000000,8000000,10,1000,0.8,0.2,45232128000,31662489599,344741283,361857024,8865497088,2297792102,135696384,81417830,251206943,57570336654,398042726400,39804272640000,1.0,0.14463356,0.0014463356
MS-MARCO-RBAC,8000000,8000000,10,1000,0.8,0.5,45232128000,31662489599,426159113,768946176,8865497088,3166248960,135696384,135696384,359764050,59090136155,398042726400,39804272640000,1.0,0.14845174,0.0014845174
MS-MARCO-RBAC,8000000,8000000,10,1000,0.95,0.0,45232128000,31662489599,290462729,90464256,9001193472,1956289536,135696384,45232128,197833032,56949299537,411612364799,39804272640000,1.0,0.13835663,0.0014307333
MS-MARCO-RBAC,8000000,8000000,10,1000,0.95,0.01,45232128000,31662489599,293176657,104033894,9001193472,1990665953,135696384,47041413,201885831,57005821604,411612364799,39804272640000,1.0,0.13849395,0.0014321533
MS-MARCO-RBAC,8000000,8000000,10,1000,0.95,0.05,45232128000,31662489599,304032368,158312448,9001193472,2128171622,135696384,54278553,218097025,57231909872,411612364799,39804272640000,1.0,0.13904322,0.0014378333
MS-MARCO-RBAC,8000000,8000000,10,1000,0.95,0.1,45232128000,31662489599,317602006,226160640,9001193472,2300053708,135696384,63324979,238361019,57514520208,411612364799,39804272640000,1.0,0.13972982,0.0014449333
MS-MARCO-RBAC,8000000,8000000,10,1000,0.95,0.2,45232128000,31662489599,344741283,361857024,9001193472,2643817881,135696384,81417830,278889005,58079740879,411612364799,39804272640000,1.0,0.141103,0.0014591333
MS-MARCO-RBAC,8000000,8000000,10,1000,0.95,0.5,45232128000,31662489599,426159113,768946176,9001193472,3675110400,135696384,135696384,400472965,59775402894,411612364799,39804272640000,1.0,0.14522256,0.0015017333
MS-MARCO-RBAC,8000000,8000000,10,10000,0.2,0.0,45232128000,31662489599,290462729,90464256,8322711552,768946176,135696384,45232128,102845563,54988486788,343764172800,398042726400000,1.0,0.15995991,0.0001381472
MS-MARCO-RBAC,8000000,8000000,10,10000,0.2,0.01,45232128000,31662489599,293176657,104033894,8322711552,776183316,135696384,47041413,104727220,55015698436,343764172800,398042726400000,1.0,0.16003907,0.0001382156
MS-MARCO-RBAC,8000000,8000000,10,10000,0.2,0.05,45232128000,31662489599,304032368,158312448,8322711552,805131878,135696384,54278553,112253846,55124545029,343764172800,398042726400000,1.0,0.1603557,0.000138489
MS-MARCO-RBAC,8000000,8000000,10,10000,0.2,0.1,45232128000,31662489599,317602006,226160640,8322711552,841317580,135696384,63324979,121662128,55260603269,343764172800,398042726400000,1.0,0.16075149,0.0001388308
MS-MARCO-RBAC,8000000,8000000,10,10000,0.2,0.2,45232128000,31662489599,344741283,361857024,8322711552,913688985,135696384,81417830,140478694,55532719752,343764172800,398042726400000,1.0,0.16154307,0.0001395145
MS-MARCO-RBAC,8000000,8000000,10,10000,0.2,0.5,45232128000,31662489599,426159113,768946176,8322711552,1130803200,135696384,135696384,196928389,56349069198,343764172800,398042726400000,1.0,0.16391781,0.0001415654
MS-MARCO-RBAC,8000000,8000000,10,10000,0.5,0.0,45232128000,31662489599,290462729,90464256,8594104320,1243883520,135696384,45232128,140840551,55772811888,370903449600,398042726400000,1.0,0.15037016,0.0001401177
MS-MARCO-RBAC,8000000,8000000,10,10000,0.5,0.01,45232128000,31662489599,293176657,104033894,8594104320,1261976371,135696384,47041413,143590664,55811747703,370903449600,398042726400000,1.0,0.15047514,0.0001402155
MS-MARCO-RBAC,8000000,8000000,10,10000,0.5,0.05,45232128000,31662489599,304032368,158312448,8594104320,1334347776,135696384,54278553,154591118,55967490967,370903449600,398042726400000,1.0,0.15089504,0.0001406067
MS-MARCO-RBAC,8000000,8000000,10,10000,0.5,0.1,45232128000,31662489599,317602006,226160640,8594104320,1424812032,135696384,63324979,168341684,56162170045,370903449600,398042726400000,1.0,0.15141992,0.0001410958
MS-MARCO-RBAC,8000000,8000000,10,10000,0.5,0.2,45232128000,31662489599,344741283,361857024,8594104320,1605740544,135696384,81417830,195842818,56551528203,370903449600,398042726400000,1.0,0.15246967,0.000142074
MS-MARCO-RBAC,8000000,8000000,10,10000,0.5,0.5,45232128000,31662489599,426159113,768946176,8594104320,2148526080,135696384,135696384,278346220,57719602677,370903449600,398042726400000,1.0,0.15561894,0.0001450086
MS-MARCO-RBAC,8000000,8000000,10,10000,0.8,0.0,45232128000,31662489599,290462729,90464256,8865497088,1718820864,135696384,45232128,178835538,56557136987,398042726400,398042726400000,1.0,0.14208811,0.0001420881
MS-MARCO-RBAC,8000000,8000000,10,10000,0.8,0.01,45232128000,31662489599,293176657,104033894,8865497088,1747769425,135696384,47041413,182454108,56607796969,398042726400,398042726400000,1.0,0.14221538,0.0001422154
MS-MARCO-RBAC,8000000,8000000,10,10000,0.8,0.05,45232128000,31662489599,304032368,158312448,8865497088,1863563673,135696384,54278553,196928389,56810436903,398042726400,398042726400000,1.0,0.14272447,0.0001427245
MS-MARCO-RBAC,8000000,8000000,10,10000,0.8,0.1,45232128000,31662489599,317602006,226160640,8865497088,2008306483,135696384,63324979,215021241,57063736821,398042726400,398042726400000,1.0,0.14336083,0.0001433608
MS-MARCO-RBAC,8000000,8000000,10,10000,0.8,0.2,45232128000,31662489599,344741283,361857024,8865497088,2297792102,135696384,81417830,251206943,57570336654,398042726400,398042726400000,1.0,0.14463356,0.0001446336
MS-MARCO-RBAC,8000000,8000000,10,10000,0.8,0.5,45232128000,31662489599,426159113,768946176,8865497088,3166248960,135696384,135696384,359764050,59090136155,398042726400,398042726400000,1.0,0.14845174,0.0001484517
MS-MARCO-RBAC,8000000,8000000,10,10000,0.95,0.0,45232128000,31662489599,290462729,90464256,9001193472,1956289536,135696384,45232128,197833032,56949299537,411612364799,398042726400000,1.0,0.13835663,0.0001430733
MS-MARCO-RBAC,8000000,8000000,10,10000,0.95,0.01,45232128000,31662489599,293176657,104033894,9001193472,1990665953,135696384,47041413,201885831,57005821604,411612364799,398042726400000,1.0,0.13849395,0.0001432153
MS-MARCO-RBAC,8000000,8000000,10,10000,0.95,0.05,45232128000,31662489599,304032368,158312448,9001193472,2128171622,135696384,54278553,218097025,57231909872,411612364799,398042726400000,1.0,0.13904322,0.0001437833
MS-MARCO-RBAC,8000000,8000000,10,10000,0.95,0.1,45232128000,31662489599,317602006,226160640,9001193472,2300053708,135696384,63324979,238361019,57514520208,411612364799,398042726400000,1.0,0.13972982,0.0001444933
MS-MARCO-RBAC,8000000,8000000,10,10000,0.95,0.2,45232128000,31662489599,344741283,361857024,9001193472,2643817881,135696384,81417830,278889005,58079740879,411612364799,398042726400000,1.0,0.141103,0.0001459133
MS-MARCO-RBAC,8000000,8000000,10,10000,0.95,0.5,45232128000,31662489599,426159113,768946176,9001193472,3675110400,135696384,135696384,400472965,59775402894,411612364799,398042726400000,1.0,0.14522256,0.0001501733
MS-MARCO-RBAC,8000000,8000000,10,100000,0.2,0.0,45232128000,31662489599,290462729,90464256,8322711552,768946176,135696384,45232128,102845563,54988486788,343764172800,3980427264000000,1.0,0.15995991,1.38147e-05
MS-MARCO-RBAC,8000000,8000000,10,100000,0.2,0.01,45232128000,31662489599,293176657,104033894,8322711552,776183316,135696384,47041413,104727220,55015698436,343764172800,3980427264000000,1.0,0.16003907,1.38216e-05
MS-MARCO-RBAC,8000000,8000000,10,100000,0.2,0.05,45232128000,31662489599,304032368,158312448,8322711552,805131878,135696384,54278553,112253846,55124545029,343764172800,3980427264000000,1.0,0.1603557,1.38489e-05
MS-MARCO-RBAC,8000000,8000000,10,100000,0.2,0.1,45232128000,31662489599,317602006,226160640,8322711552,841317580,135696384,63324979,121662128,55260603269,343764172800,3980427264000000,1.0,0.16075149,1.38831e-05
MS-MARCO-RBAC,8000000,8000000,10,100000,0.2,0.2,45232128000,31662489599,344741283,361857024,8322711552,913688985,135696384,81417830,140478694,55532719752,343764172800,3980427264000000,1.0,0.16154307,1.39514e-05
MS-MARCO-RBAC,8000000,8000000,10,100000,0.2,0.5,45232128000,31662489599,426159113,768946176,8322711552,1130803200,135696384,135696384,196928389,56349069198,343764172800,3980427264000000,1.0,0.16391781,1.41565e-05
MS-MARCO-RBAC,8000000,8000000,10,100000,0.5,0.0,45232128000,31662489599,290462729,90464256,8594104320,1243883520,135696384,45232128,140840551,55772811888,370903449600,3980427264000000,1.0,0.15037016,1.40118e-05
MS-MARCO-RBAC,8000000,8000000,10,100000,0.5,0.01,45232128000,31662489599,293176657,104033894,8594104320,1261976371,135696384,47041413,143590664,55811747703,370903449600,3980427264000000,1.0,0.15047514,1.40215e-05
MS-MARCO-RBAC,8000000,8000000,10,100000,0.5,0.05,45232128000,31662489599,304032368,158312448,8594104320,1334347776,135696384,54278553,154591118,55967490967,370903449600,3980427264000000,1.0,0.15089504,1.40607e-05
MS-MARCO-RBAC,8000000,8000000,10,100000,0.5,0.1,45232128000,31662489599,317602006,226160640,8594104320,1424812032,135696384,63324979,168341684,56162170045,370903449600,3980427264000000,1.0,0.15141992,1.41096e-05
MS-MARCO-RBAC,8000000,8000000,10,100000,0.5,0.2,45232128000,31662489599,344741283,361857024,8594104320,1605740544,135696384,81417830,195842818,56551528203,370903449600,3980427264000000,1.0,0.15246967,1.42074e-05
MS-MARCO-RBAC,8000000,8000000,10,100000,0.5,0.5,45232128000,31662489599,426159113,768946176,8594104320,2148526080,135696384,135696384,278346220,57719602677,370903449600,3980427264000000,1.0,0.15561894,1.45009e-05
MS-MARCO-RBAC,8000000,8000000,10,100000,0.8,0.0,45232128000,31662489599,290462729,90464256,8865497088,1718820864,135696384,45232128,178835538,56557136987,398042726400,3980427264000000,1.0,0.14208811,1.42088e-05
MS-MARCO-RBAC,8000000,8000000,10,100000,0.8,0.01,45232128000,31662489599,293176657,104033894,8865497088,1747769425,135696384,47041413,182454108,56607796969,398042726400,3980427264000000,1.0,0.14221538,1.42215e-05
MS-MARCO-RBAC,8000000,8000000,10,100000,0.8,0.05,45232128000,31662489599,304032368,158312448,8865497088,1863563673,135696384,54278553,196928389,56810436903,398042726400,3980427264000000,1.0,0.14272447,1.42724e-05
MS-MARCO-RBAC,8000000,8000000,10,100000,0.8,0.1,45232128000,31662489599,317602006,226160640,8865497088,2008306483,135696384,63324979,215021241,57063736821,398042726400,3980427264000000,1.0,0.14336083,1.43361e-05
MS-MARCO-RBAC,8000000,8000000,10,100000,0.8,0.2,45232128000,31662489599,344741283,361857024,8865497088,2297792102,135696384,81417830,251206943,57570336654,398042726400,3980427264000000,1.0,0.14463356,1.44634e-05
MS-MARCO-RBAC,8000000,8000000,10,100000,0.8,0.5,45232128000,31662489599,426159113,768946176,8865497088,3166248960,135696384,135696384,359764050,59090136155,398042726400,3980427264000000,1.0,0.14845174,1.48452e-05
MS-MARCO-RBAC,8000000,8000000,10,100000,0.95,0.0,45232128000,31662489599,290462729,90464256,9001193472,1956289536,135696384,45232128,197833032,56949299537,411612364799,3980427264000000,1.0,0.13835663,1.43073e-05
MS-MARCO-RBAC,8000000,8000000,10,100000,0.95,0.01,45232128000,31662489599,293176657,104033894,9001193472,1990665953,135696384,47041413,201885831,57005821604,411612364799,3980427264000000,1.0,0.13849395,1.43215e-05
MS-MARCO-RBAC,8000000,8000000,10,100000,0.95,0.05,45232128000,31662489599,304032368,158312448,9001193472,2128171622,135696384,54278553,218097025,57231909872,411612364799,3980427264000000,1.0,0.13904322,1.43783e-05
MS-MARCO-RBAC,8000000,8000000,10,100000,0.95,0.1,45232128000,31662489599,317602006,226160640,9001193472,2300053708,135696384,63324979,238361019,57514520208,411612364799,3980427264000000,1.0,0.13972982,1.44493e-05
MS-MARCO-RBAC,8000000,8000000,10,100000,0.95,0.2,45232128000,31662489599,344741283,361857024,9001193472,2643817881,135696384,81417830,278889005,58079740879,411612364799,3980427264000000,1.0,0.141103,1.45913e-05
MS-MARCO-RBAC,8000000,8000000,10,100000,0.95,0.5,45232128000,31662489599,426159113,768946176,9001193472,3675110400,135696384,135696384,400472965,59775402894,411612364799,3980427264000000,1.0,0.14522256,1.50173e-05
MS-MARCO-RBAC,8000000,8000000,50,1000,0.2,0.0,45232128000,31662489599,360531620,90464256,8322711552,768946176,135696384,45232128,108451074,55064161190,1718820864000,39804272640000,1.0,0.03203601,0.0013833731
MS-MARCO-RBAC,8000000,8000000,50,1000,0.2,0.01,45232128000,31662489599,363245548,104033894,8322711552,776183316,135696384,47041413,110332731,55091372838,1718820864000,39804272640000,1.0,0.03205184,0.0013840568
MS-MARCO-RBAC,8000000,8000000,50,1000,0.2,0.05,45232128000,31662489599,374101258,158312448,8322711552,805131878,135696384,54278553,117859357,55200219430,1718820864000,39804272640000,1.0,0.03211517,0.0013867913
MS-MARCO-RBAC,8000000,8000000,50,1000,0.2,0.1,45232128000,31662489599,387670897,226160640,8322711552,841317580,135696384,63324979,127267640,55336277672,1718820864000,39804272640000,1.0,0.03219433,0.0013902095
MS-MARCO-RBAC,8000000,8000000,50,1000,0.2,0.2,45232128000,31662489599,414810173,361857024,8322711552,913688985,135696384,81417830,146084205,55608394153,1718820864000,39804272640000,1.0,0.03235264,0.0013970459
MS-MARCO-RBAC,8000000,8000000,50,1000,0.2,0.5,45232128000,31662489599,496228004,768946176,8322711552,1130803200,135696384,135696384,202533901,56424743601,1718820864000,39804272640000,1.0,0.03282759,0.0014175549
MS-MARCO-RBAC,8000000,8000000,50,1000,0.5,0.0,45232128000,31662489599,360531620,90464256,8594104320,1243883520,135696384,45232128,146446062,55848486290,1854517248000,39804272640000,1.0,0.03011484,0.0014030777
MS-MARCO-RBAC,8000000,8000000,50,1000,0.5,0.01,45232128000,31662489599,363245548,104033894,8594104320,1261976371,135696384,47041413,149196175,55887422105,1854517248000,39804272640000,1.0,0.03013583,0.0014040559
MS-MARCO-RBAC,8000000,8000000,50,1000,0.5,0.05,45232128000,31662489599,374101258,158312448,8594104320,1334347776,135696384,54278553,160196629,56043165368,1854517248000,39804272640000,1.0,0.03021981,0.0014079686
MS-MARCO-RBAC,8000000,8000000,50,1000,0.5,0.1,45232128000,31662489599,387670897,226160640,8594104320,1424812032,135696384,63324979,173947196,56237844448,1854517248000,39804272640000,1.0,0.03032479,0.0014128595
MS-MARCO-RBAC,8000000,8000000,50,1000,0.5,0.2,45232128000,31662489599,414810173,361857024,8594104320,1605740544,135696384,81417830,201448330,56627202605,1854517248000,39804272640000,1.0,0.03053474,0.0014226413
MS-MARCO-RBAC,8000000,8000000,50,1000,0.5,0.5,45232128000,31662489599,496228004,768946176,8594104320,2148526080,135696384,135696384,283951731,57795277079,1854517248000,39804272640000,1.0,0.03116459,0.0014519868
MS-MARCO-RBAC,8000000,8000000,50,1000,0.8,0.0,45232128000,31662489599,360531620,90464256,8865497088,1718820864,135696384,45232128,184441049,56632811389,1990213632000,39804272640000,1.0,0.02845564,0.0014227822
MS-MARCO-RBAC,8000000,8000000,50,1000,0.8,0.01,45232128000,31662489599,363245548,104033894,8865497088,1747769425,135696384,47041413,188059620,56683471372,1990213632000,39804272640000,1.0,0.0284811,0.0014240549
MS-MARCO-RBAC,8000000,8000000,50,1000,0.8,0.05,45232128000,31662489599,374101258,158312448,8865497088,1863563673,135696384,54278553,202533901,56886111305,1990213632000,39804272640000,1.0,0.02858292,0.0014291459
MS-MARCO-RBAC,8000000,8000000,50,1000,0.8,0.1,45232128000,31662489599,387670897,226160640,8865497088,2008306483,135696384,63324979,220626752,57139411223,1990213632000,39804272640000,1.0,0.02871019,0.0014355095
MS-MARCO-RBAC,8000000,8000000,50,1000,0.8,0.2,45232128000,31662489599,414810173,361857024,8865497088,2297792102,135696384,81417830,256812454,57646011055,1990213632000,39804272640000,1.0,0.02896474,0.0014482368
MS-MARCO-RBAC,8000000,8000000,50,1000,0.8,0.5,45232128000,31662489599,496228004,768946176,8865497088,3166248960,135696384,135696384,365369561,59165810557,1990213632000,39804272640000,1.0,0.02972837,0.0014864186
MS-MARCO-RBAC,8000000,8000000,50,1000,0.95,0.0,45232128000,31662489599,360531620,90464256,9001193472,1956289536,135696384,45232128,203438543,57024973939,2058061823999,39804272640000,1.0,0.0277081,0.0014326345
MS-MARCO-RBAC,8000000,8000000,50,1000,0.95,0.01,45232128000,31662489599,363245548,104033894,9001193472,1990665953,135696384,47041413,207491342,57081496006,2058061823999,39804272640000,1.0,0.02773556,0.0014340545
MS-MARCO-RBAC,8000000,8000000,50,1000,0.95,0.05,45232128000,31662489599,374101258,158312448,9001193472,2128171622,135696384,54278553,223702536,57307584273,2058061823999,39804272640000,1.0,0.02784541,0.0014397345
MS-MARCO-RBAC,8000000,8000000,50,1000,0.95,0.1,45232128000,31662489599,387670897,226160640,9001193472,2300053708,135696384,63324979,243966530,57590194610,2058061823999,39804272640000,1.0,0.02798273,0.0014468345
MS-MARCO-RBAC,8000000,8000000,50,1000,0.95,0.2,45232128000,31662489599,414810173,361857024,9001193472,2643817881,135696384,81417830,284494516,58155415280,2058061823999,39804272640000,1.0,0.02825737,0.0014610345
MS-MARCO-RBAC,8000000,8000000,50,1000,0.95,0.5,45232128000,31662489599,496228004,768946176,9001193472,3675110400,135696384,135696384,406078477,59851077297,2058061823999,39804272640000,1.0,0.02908128,0.0015036345
MS-MARCO-RBAC,8000000,8000000,50,10000,0.2,0.0,45232128000,31662489599,360531620,90464256,8322711552,768946176,135696384,45232128,108451074,55064161190,1718820864000,398042726400000,1.0,0.03203601,0.0001383373
MS-MARCO-RBAC,8000000,8000000,50,10000,0.2,0.01,45232128000,31662489599,363245548,104033894,8322711552,776183316,135696384,47041413,110332731,55091372838,1718820864000,398042726400000,1.0,0.03205184,0.0001384057
MS-MARCO-RBAC,8000000,8000000,50,10000,0.2,0.05,45232128000,31662489599,374101258,158312448,8322711552,805131878,135696384,54278553,117859357,55200219430,1718820864000,398042726400000,1.0,0.03211517,0.0001386791
MS-MARCO-RBAC,8000000,8000000,50,10000,0.2,0.1,45232128000,31662489599,387670897,226160640,8322711552,841317580,135696384,63324979,127267640,55336277672,1718820864000,398042726400000,1.0,0.03219433,0.0001390209
MS-MARCO-RBAC,8000000,8000000,50,10000,0.2,0.2,45232128000,31662489599,414810173,361857024,8322711552,913688985,135696384,81417830,146084205,55608394153,1718820864000,398042726400000,1.0,0.03235264,0.0001397046
MS-MARCO-RBAC,8000000,8000000,50,10000,0.2,0.5,45232128000,31662489599,496228004,768946176,8322711552,1130803200,135696384,135696384,202533901,56424743601,1718820864000,398042726400000,1.0,0.03282759,0.0001417555
MS-MARCO-RBAC,8000000,8000000,50,10000,0.5,0.0,45232128000,31662489599,360531620,90464256,8594104320,1243883520,135696384,45232128,146446062,55848486290,1854517248000,398042726400000,1.0,0.03011484,0.0001403078
MS-MARCO-RBAC,8000000,8000000,50,10000,0.5,0.01,45232128000,31662489599,363245548,104033894,8594104320,1261976371,135696384,47041413,149196175,55887422105,1854517248000,398042726400000,1.0,0.03013583,0.0001404056
MS-MARCO-RBAC,8000000,8000000,50,10000,0.5,0.05,45232128000,31662489599,374101258,158312448,8594104320,1334347776,135696384,54278553,160196629,56043165368,1854517248000,398042726400000,1.0,0.03021981,0.0001407969
MS-MARCO-RBAC,8000000,8000000,50,10000,0.5,0.1,45232128000,31662489599,387670897,226160640,8594104320,1424812032,135696384,63324979,173947196,56237844448,1854517248000,398042726400000,1.0,0.03032479,0.0001412859
MS-MARCO-RBAC,8000000,8000000,50,10000,0.5,0.2,45232128000,31662489599,414810173,361857024,8594104320,1605740544,135696384,81417830,201448330,56627202605,1854517248000,398042726400000,1.0,0.03053474,0.0001422641
MS-MARCO-RBAC,8000000,8000000,50,10000,0.5,0.5,45232128000,31662489599,496228004,768946176,8594104320,2148526080,135696384,135696384,283951731,57795277079,1854517248000,398042726400000,1.0,0.03116459,0.0001451987
MS-MARCO-RBAC,8000000,8000000,50,10000,0.8,0.0,45232128000,31662489599,360531620,90464256,8865497088,1718820864,135696384,45232128,184441049,56632811389,1990213632000,398042726400000,1.0,0.02845564,0.0001422782
MS-MARCO-RBAC,8000000,8000000,50,10000,0.8,0.01,45232128000,31662489599,363245548,104033894,8865497088,1747769425,135696384,47041413,188059620,56683471372,1990213632000,398042726400000,1.0,0.0284811,0.0001424055
MS-MARCO-RBAC,8000000,8000000,50,10000,0.8,0.05,45232128000,31662489599,374101258,158312448,8865497088,1863563673,135696384,54278553,202533901,56886111305,1990213632000,398042726400000,1.0,0.02858292,0.0001429146
MS-MARCO-RBAC,8000000,8000000,50,10000,0.8,0.1,45232128000,31662489599,387670897,226160640,8865497088,2008306483,135696384,63324979,220626752,57139411223,1990213632000,398042726400000,1.0,0.02871019,0.0001435509
MS-MARCO-RBAC,8000000,8000000,50,10000,0.8,0.2,45232128000,31662489599,414810173,361857024,8865497088,2297792102,135696384,81417830,256812454,57646011055,1990213632000,398042726400000,1.0,0.02896474,0.0001448237
MS-MARCO-RBAC,8000000,8000000,50,10000,0.8,0.5,45232128000,31662489599,496228004,768946176,8865497088,3166248960,135696384,135696384,365369561,59165810557,1990213632000,398042726400000,1.0,0.02972837,0.0001486419
MS-MARCO-RBAC,8000000,8000000,50,10000,0.95,0.0,45232128000,31662489599,360531620,90464256,9001193472,1956289536,135696384,45232128,203438543,57024973939,2058061823999,398042726400000,1.0,0.0277081,0.0001432634
MS-MARCO-RBAC,8000000,8000000,50,10000,0.95,0.01,45232128000,31662489599,363245548,104033894,9001193472,1990665953,135696384,47041413,207491342,57081496006,2058061823999,398042726400000,1.0,0.02773556,0.0001434054
MS-MARCO-RBAC,8000000,8000000,50,10000,0.95,0.05,45232128000,31662489599,374101258,158312448,9001193472,2128171622,135696384,54278553,223702536,57307584273,2058061823999,398042726400000,1.0,0.02784541,0.0001439734
MS-MARCO-RBAC,8000000,8000000,50,10000,0.95,0.1,45232128000,31662489599,387670897,226160640,9001193472,2300053708,135696384,63324979,243966530,57590194610,2058061823999,398042726400000,1.0,0.02798273,0.0001446834
MS-MARCO-RBAC,8000000,8000000,50,10000,0.95,0.2,45232128000,31662489599,414810173,361857024,9001193472,2643817881,135696384,81417830,284494516,58155415280,2058061823999,398042726400000,1.0,0.02825737,0.0001461034
MS-MARCO-RBAC,8000000,8000000,50,10000,0.95,0.5,45232128000,31662489599,496228004,768946176,9001193472,3675110400,135696384,135696384,406078477,59851077297,2058061823999,398042726400000,1.0,0.02908128,0.0001503634
MS-MARCO-RBAC,8000000,8000000,50,100000,0.2,0.0,45232128000,31662489599,360531620,90464256,8322711552,768946176,135696384,45232128,108451074,55064161190,1718820864000,3980427264000000,1.0,0.03203601,1.38337e-05
MS-MARCO-RBAC,8000000,8000000,50,100000,0.2,0.01,45232128000,31662489599,363245548,104033894,8322711552,776183316,135696384,47041413,110332731,55091372838,1718820864000,3980427264000000,1.0,0.03205184,1.38406e-05
MS-MARCO-RBAC,8000000,8000000,50,100000,0.2,0.05,45232128000,31662489599,374101258,158312448,8322711552,805131878,135696384,54278553,117859357,55200219430,1718820864000,3980427264000000,1.0,0.03211517,1.38679e-05
MS-MARCO-RBAC,8000000,8000000,50,100000,0.2,0.1,45232128000,31662489599,387670897,226160640,8322711552,841317580,135696384,63324979,127267640,55336277672,1718820864000,3980427264000000,1.0,0.03219433,1.39021e-05
MS-MARCO-RBAC,8000000,8000000,50,100000,0.2,0.2,45232128000,31662489599,414810173,361857024,8322711552,913688985,135696384,81417830,146084205,55608394153,1718820864000,3980427264000000,1.0,0.03235264,1.39705e-05
MS-MARCO-RBAC,8000000,8000000,50,100000,0.2,0.5,45232128000,31662489599,496228004,768946176,8322711552,1130803200,135696384,135696384,202533901,56424743601,1718820864000,3980427264000000,1.0,0.03282759,1.41755e-05
MS-MARCO-RBAC,8000000,8000000,50,100000,0.5,0.0,45232128000,31662489599,360531620,90464256,8594104320,1243883520,135696384,45232128,146446062,55848486290,1854517248000,3980427264000000,1.0,0.03011484,1.40308e-05
MS-MARCO-RBAC,8000000,8000000,50,100000,0.5,0.01,45232128000,31662489599,363245548,104033894,8594104320,1261976371,135696384,47041413,149196175,55887422105,1854517248000,3980427264000000,1.0,0.03013583,1.40406e-05
MS-MARCO-RBAC,8000000,8000000,50,100000,0.5,0.05,45232128000,31662489599,374101258,158312448,8594104320,1334347776,135696384,54278553,160196629,56043165368,1854517248000,3980427264000000,1.0,0.03021981,1.40797e-05
MS-MARCO-RBAC,8000000,8000000,50,100000,0.5,0.1,45232128000,31662489599,387670897,226160640,8594104320,1424812032,135696384,63324979,173947196,56237844448,1854517248000,3980427264000000,1.0,0.03032479,1.41286e-05
MS-MARCO-RBAC,8000000,8000000,50,100000,0.5,0.2,45232128000,31662489599,414810173,361857024,8594104320,1605740544,135696384,81417830,201448330,56627202605,1854517248000,3980427264000000,1.0,0.03053474,1.42264e-05
MS-MARCO-RBAC,8000000,8000000,50,100000,0.5,0.5,45232128000,31662489599,496228004,768946176,8594104320,2148526080,135696384,135696384,283951731,57795277079,1854517248000,3980427264000000,1.0,0.03116459,1.45199e-05
MS-MARCO-RBAC,8000000,8000000,50,100000,0.8,0.0,45232128000,31662489599,360531620,90464256,8865497088,1718820864,135696384,45232128,184441049,56632811389,1990213632000,3980427264000000,1.0,0.02845564,1.42278e-05
MS-MARCO-RBAC,8000000,8000000,50,100000,0.8,0.01,45232128000,31662489599,363245548,104033894,8865497088,1747769425,135696384,47041413,188059620,56683471372,1990213632000,3980427264000000,1.0,0.0284811,1.42405e-05
MS-MARCO-RBAC,8000000,8000000,50,100000,0.8,0.05,45232128000,31662489599,374101258,158312448,8865497088,1863563673,135696384,54278553,202533901,56886111305,1990213632000,3980427264000000,1.0,0.02858292,1.42915e-05
MS-MARCO-RBAC,8000000,8000000,50,100000,0.8,0.1,45232128000,31662489599,387670897,226160640,8865497088,2008306483,135696384,63324979,220626752,57139411223,1990213632000,3980427264000000,1.0,0.02871019,1.43551e-05
MS-MARCO-RBAC,8000000,8000000,50,100000,0.8,0.2,45232128000,31662489599,414810173,361857024,8865497088,2297792102,135696384,81417830,256812454,57646011055,1990213632000,3980427264000000,1.0,0.02896474,1.44824e-05
MS-MARCO-RBAC,8000000,8000000,50,100000,0.8,0.5,45232128000,31662489599,496228004,768946176,8865497088,3166248960,135696384,135696384,365369561,59165810557,1990213632000,3980427264000000,1.0,0.02972837,1.48642e-05
MS-MARCO-RBAC,8000000,8000000,50,100000,0.95,0.0,45232128000,31662489599,360531620,90464256,9001193472,1956289536,135696384,45232128,203438543,57024973939,2058061823999,3980427264000000,1.0,0.0277081,1.43263e-05
MS-MARCO-RBAC,8000000,8000000,50,100000,0.95,0.01,45232128000,31662489599,363245548,104033894,9001193472,1990665953,135696384,47041413,207491342,57081496006,2058061823999,3980427264000000,1.0,0.02773556,1.43405e-05
MS-MARCO-RBAC,8000000,8000000,50,100000,0.95,0.05,45232128000,31662489599,374101258,158312448,9001193472,2128171622,135696384,54278553,223702536,57307584273,2058061823999,3980427264000000,1.0,0.02784541,1.43973e-05
MS-MARCO-RBAC,8000000,8000000,50,100000,0.95,0.1,45232128000,31662489599,387670897,226160640,9001193472,2300053708,135696384,63324979,243966530,57590194610,2058061823999,3980427264000000,1.0,0.02798273,1.44683e-05
MS-MARCO-RBAC,8000000,8000000,50,100000,0.95,0.2,45232128000,31662489599,414810173,361857024,9001193472,2643817881,135696384,81417830,284494516,58155415280,2058061823999,3980427264000000,1.0,0.02825737,1.46103e-05
MS-MARCO-RBAC,8000000,8000000,50,100000,0.95,0.5,45232128000,31662489599,496228004,768946176,9001193472,3675110400,135696384,135696384,406078477,59851077297,2058061823999,3980427264000000,1.0,0.02908128,1.50363e-05
MS-MARCO-RBAC,8000000,8000000,100,1000,0.2,0.0,45232128000,31662489599,391744063,90464256,8322711552,768946176,135696384,45232128,110948070,55097870629,3437641728000,39804272640000,1.0,0.01602781,0.00138422
MS-MARCO-RBAC,8000000,8000000,100,1000,0.2,0.01,45232128000,31662489599,394457991,104033894,8322711552,776183316,135696384,47041413,112829726,55125082276,3437641728000,39804272640000,1.0,0.01603573,0.0013849036
MS-MARCO-RBAC,8000000,8000000,100,1000,0.2,0.05,45232128000,31662489599,405313702,158312448,8322711552,805131878,135696384,54278553,120356352,55233928869,3437641728000,39804272640000,1.0,0.01606739,0.0013876382
MS-MARCO-RBAC,8000000,8000000,100,1000,0.2,0.1,45232128000,31662489599,418883340,226160640,8322711552,841317580,135696384,63324979,129764635,55369987110,3437641728000,39804272640000,1.0,0.01610697,0.0013910564
MS-MARCO-RBAC,8000000,8000000,100,1000,0.2,0.2,45232128000,31662489599,446022617,361857024,8322711552,913688985,135696384,81417830,148581200,55642103592,3437641728000,39804272640000,1.0,0.01618613,0.0013978927
MS-MARCO-RBAC,8000000,8000000,100,1000,0.2,0.5,45232128000,31662489599,527440447,768946176,8322711552,1130803200,135696384,135696384,205030896,56458453039,3437641728000,39804272640000,1.0,0.0164236,0.0014184018
MS-MARCO-RBAC,8000000,8000000,100,1000,0.5,0.0,45232128000,31662489599,391744063,90464256,8594104320,1243883520,135696384,45232128,148943057,55882195728,3709034496000,39804272640000,1.0,0.01506651,0.0014039246
MS-MARCO-RBAC,8000000,8000000,100,1000,0.5,0.01,45232128000,31662489599,394457991,104033894,8594104320,1261976371,135696384,47041413,151693171,55921131544,3709034496000,39804272640000,1.0,0.015077,0.0014049027
MS-MARCO-RBAC,8000000,8000000,100,1000,0.5,0.05,45232128000,31662489599,405313702,158312448,8594104320,1334347776,135696384,54278553,162693624,56076874807,3709034496000,39804272640000,1.0,0.015119,0.0014088155
MS-MARCO-RBAC,8000000,8000000,100,1000,0.5,0.1,45232128000,31662489599,418883340,226160640,8594104320,1424812032,135696384,63324979,176444191,56271553886,3709034496000,39804272640000,1.0,0.01517148,0.0014137064
MS-MARCO-RBAC,8000000,8000000,100,1000,0.5,0.2,45232128000,31662489599,446022617,361857024,8594104320,1605740544,135696384,81417830,203945325,56660912044,3709034496000,39804272640000,1.0,0.01527646,0.0014234882
MS-MARCO-RBAC,8000000,8000000,100,1000,0.5,0.5,45232128000,31662489599,527440447,768946176,8594104320,2148526080,135696384,135696384,286448726,57828986517,3709034496000,39804272640000,1.0,0.01559139,0.0014528336
MS-MARCO-RBAC,8000000,8000000,100,1000,0.8,0.0,45232128000,31662489599,391744063,90464256,8865497088,1718820864,135696384,45232128,186938045,56666520828,3980427264000,39804272640000,1.0,0.01423629,0.0014236291
MS-MARCO-RBAC,8000000,8000000,100,1000,0.8,0.01,45232128000,31662489599,394457991,104033894,8865497088,1747769425,135696384,47041413,190556615,56717180810,3980427264000,39804272640000,1.0,0.01424902,0.0014249018
MS-MARCO-RBAC,8000000,8000000,100,1000,0.8,0.05,45232128000,31662489599,405313702,158312448,8865497088,1863563673,135696384,54278553,205030896,56919820744,3980427264000,39804272640000,1.0,0.01429993,0.0014299927
MS-MARCO-RBAC,8000000,8000000,100,1000,0.8,0.1,45232128000,31662489599,418883340,226160640,8865497088,2008306483,135696384,63324979,223123747,57173120661,3980427264000,39804272640000,1.0,0.01436356,0.0014363564
MS-MARCO-RBAC,8000000,8000000,100,1000,0.8,0.2,45232128000,31662489599,446022617,361857024,8865497088,2297792102,135696384,81417830,259309450,57679720495,3980427264000,39804272640000,1.0,0.01449084,0.0014490836
MS-MARCO-RBAC,8000000,8000000,100,1000,0.8,0.5,45232128000,31662489599,527440447,768946176,8865497088,3166248960,135696384,135696384,367866557,59199519996,3980427264000,39804272640000,1.0,0.01487265,0.0014872655
MS-MARCO-RBAC,8000000,8000000,100,1000,0.95,0.0,45232128000,31662489599,391744063,90464256,9001193472,1956289536,135696384,45232128,205935539,57058683378,4116123647999,39804272640000,1.0,0.01386224,0.0014334814
MS-MARCO-RBAC,8000000,8000000,100,1000,0.95,0.01,45232128000,31662489599,394457991,104033894,9001193472,1990665953,135696384,47041413,209988337,57115205444,4116123647999,39804272640000,1.0,0.01387597,0.0014349014
MS-MARCO-RBAC,8000000,8000000,100,1000,0.95,0.05,45232128000,31662489599,405313702,158312448,9001193472,2128171622,135696384,54278553,226199532,57341293713,4116123647999,39804272640000,1.0,0.0139309,0.0014405814
MS-MARCO-RBAC,8000000,8000000,100,1000,0.95,0.1,45232128000,31662489599,418883340,226160640,9001193472,2300053708,135696384,63324979,246463525,57623904048,4116123647999,39804272640000,1.0,0.01399956,0.0014476814
MS-MARCO-RBAC,8000000,8000000,100,1000,0.95,0.2,45232128000,31662489599,446022617,361857024,9001193472,2643817881,135696384,81417830,286991512,58189124720,4116123647999,39804272640000,1.0,0.01413687,0.0014618814
MS-MARCO-RBAC,8000000,8000000,100,1000,0.95,0.5,45232128000,31662489599,527440447,768946176,9001193472,3675110400,135696384,135696384,408575472,59884786735,4116123647999,39804272640000,1.0,0.01454883,0.0015044814
MS-MARCO-RBAC,8000000,8000000,100,10000,0.2,0.0,45232128000,31662489599,391744063,90464256,8322711552,768946176,135696384,45232128,110948070,55097870629,3437641728000,398042726400000,1.0,0.01602781,0.000138422
MS-MARCO-RBAC,8000000,8000000,100,10000,0.2,0.01,45232128000,31662489599,394457991,104033894,8322711552,776183316,135696384,47041413,112829726,55125082276,3437641728000,398042726400000,1.0,0.01603573,0.0001384904
MS-MARCO-RBAC,8000000,8000000,100,10000,0.2,0.05,45232128000,31662489599,405313702,158312448,8322711552,805131878,135696384,54278553,120356352,55233928869,3437641728000,398042726400000,1.0,0.01606739,0.0001387638
MS-MARCO-RBAC,8000000,8000000,100,10000,0.2,0.1,45232128000,31662489599,418883340,226160640,8322711552,841317580,135696384,63324979,129764635,55369987110,3437641728000,398042726400000,1.0,0.01610697,0.0001391056
MS-MARCO-RBAC,8000000,8000000,100,10000,0.2,0.2,45232128000,31662489599,446022617,361857024,8322711552,913688985,135696384,81417830,148581200,55642103592,3437641728000,398042726400000,1.0,0.01618613,0.0001397893
MS-MARCO-RBAC,8000000,8000000,100,10000,0.2,0.5,45232128000,31662489599,527440447,768946176,8322711552,1130803200,135696384,135696384,205030896,56458453039,3437641728000,398042726400000,1.0,0.0164236,0.0001418402
MS-MARCO-RBAC,8000000,8000000,100,10000,0.5,0.0,45232128000,31662489599,391744063,90464256,8594104320,1243883520,135696384,45232128,148943057,55882195728,3709034496000,398042726400000,1.0,0.01506651,0.0001403925
MS-MARCO-RBAC,8000000,8000000,100,10000,0.5,0.01,45232128000,31662489599,394457991,104033894,8594104320,1261976371,135696384,47041413,151693171,55921131544,3709034496000,398042726400000,1.0,0.015077,0.0001404903
MS-MARCO-RBAC,8000000,8000000,100,10000,0.5,0.05,45232128000,31662489599,405313702,158312448,8594104320,1334347776,135696384,54278553,162693624,56076874807,3709034496000,398042726400000,1.0,0.015119,0.0001408815
MS-MARCO-RBAC,8000000,8000000,100,10000,0.5,0.1,45232128000,31662489599,418883340,226160640,8594104320,1424812032,135696384,63324979,176444191,56271553886,3709034496000,398042726400000,1.0,0.01517148,0.0001413706
MS-MARCO-RBAC,8000000,8000000,100,10000,0.5,0.2,45232128000,31662489599,446022617,361857024,8594104320,1605740544,135696384,81417830,203945325,56660912044,3709034496000,398042726400000,1.0,0.01527646,0.0001423488
MS-MARCO-RBAC,8000000,8000000,100,10000,0.5,0.5,45232128000,31662489599,527440447,768946176,8594104320,2148526080,135696384,135696384,286448726,57828986517,3709034496000,398042726400000,1.0,0.01559139,0.0001452834
MS-MARCO-RBAC,8000000,8000000,100,10000,0.8,0.0,45232128000,31662489599,391744063,90464256,8865497088,1718820864,135696384,45232128,186938045,56666520828,3980427264000,398042726400000,1.0,0.01423629,0.0001423629
MS-MARCO-RBAC,8000000,8000000,100,10000,0.8,0.01,45232128000,31662489599,394457991,104033894,8865497088,1747769425,135696384,47041413,190556615,56717180810,3980427264000,398042726400000,1.0,0.01424902,0.0001424902
MS-MARCO-RBAC,8000000,8000000,100,10000,0.8,0.05,45232128000,31662489599,405313702,158312448,8865497088,1863563673,135696384,54278553,205030896,56919820744,3980427264000,398042726400000,1.0,0.01429993,0.0001429993
MS-MARCO-RBAC,8000000,8000000,100,10000,0.8,0.1,45232128000,31662489599,418883340,226160640,8865497088,2008306483,135696384,63324979,223123747,57173120661,3980427264000,398042726400000,1.0,0.01436356,0.0001436356
MS-MARCO-RBAC,8000000,8000000,100,10000,0.8,0.2,45232128000,31662489599,446022617,361857024,8865497088,2297792102,135696384,81417830,259309450,57679720495,3980427264000,398042726400000,1.0,0.01449084,0.0001449084
MS-MARCO-RBAC,8000000,8000000,100,10000,0.8,0.5,45232128000,31662489599,527440447,768946176,8865497088,3166248960,135696384,135696384,367866557,59199519996,3980427264000,398042726400000,1.0,0.01487265,0.0001487265
MS-MARCO-RBAC,8000000,8000000,100,10000,0.95,0.0,45232128000,31662489599,391744063,90464256,9001193472,1956289536,135696384,45232128,205935539,57058683378,4116123647999,398042726400000,1.0,0.01386224,0.0001433481
MS-MARCO-RBAC,8000000,8000000,100,10000,0.95,0.01,45232128000,31662489599,394457991,104033894,9001193472,1990665953,135696384,47041413,209988337,57115205444,4116123647999,398042726400000,1.0,0.01387597,0.0001434901
MS-MARCO-RBAC,8000000,8000000,100,10000,0.95,0.05,45232128000,31662489599,405313702,158312448,9001193472,2128171622,135696384,54278553,226199532,57341293713,4116123647999,398042726400000,1.0,0.0139309,0.0001440581
MS-MARCO-RBAC,8000000,8000000,100,10000,0.95,0.1,45232128000,31662489599,418883340,226160640,9001193472,2300053708,135696384,63324979,246463525,57623904048,4116123647999,398042726400000,1.0,0.01399956,0.0001447681
MS-MARCO-RBAC,8000000,8000000,100,10000,0.95,0.2,45232128000,31662489599,446022617,361857024,9001193472,2643817881,135696384,81417830,286991512,58189124720,4116123647999,398042726400000,1.0,0.01413687,0.0001461881
MS-MARCO-RBAC,8000000,8000000,100,10000,0.95,0.5,45232128000,31662489599,527440447,768946176,9001193472,3675110400,135696384,135696384,408575472,59884786735,4116123647999,398042726400000,1.0,0.01454883,0.0001504481
MS-MARCO-RBAC,8000000,8000000,100,100000,0.2,0.0,45232128000,31662489599,391744063,90464256,8322711552,768946176,135696384,45232128,110948070,55097870629,3437641728000,3980427264000000,1.0,0.01602781,1.38422e-05
MS-MARCO-RBAC,8000000,8000000,100,100000,0.2,0.01,45232128000,31662489599,394457991,104033894,8322711552,776183316,135696384,47041413,112829726,55125082276,3437641728000,3980427264000000,1.0,0.01603573,1.3849e-05
MS-MARCO-RBAC,8000000,8000000,100,100000,0.2,0.05,45232128000,31662489599,405313702,158312448,8322711552,805131878,135696384,54278553,120356352,55233928869,3437641728000,3980427264000000,1.0,0.01606739,1.38764e-05
MS-MARCO-RBAC,8000000,8000000,100,100000,0.2,0.1,45232128000,31662489599,418883340,226160640,8322711552,841317580,135696384,63324979,129764635,55369987110,3437641728000,3980427264000000,1.0,0.01610697,1.39106e-05
MS-MARCO-RBAC,8000000,8000000,100,100000,0.2,0.2,45232128000,31662489599,446022617,361857024,8322711552,913688985,135696384,81417830,148581200,55642103592,3437641728000,3980427264000000,1.0,0.01618613,1.39789e-05
MS-MARCO-RBAC,8000000,8000000,100,100000,0.2,0.5,45232128000,31662489599,527440447,768946176,8322711552,1130803200,135696384,135696384,205030896,56458453039,3437641728000,3980427264000000,1.0,0.0164236,1.4184e-05
MS-MARCO-RBAC,8000000,8000000,100,100000,0.5,0.0,45232128000,31662489599,391744063,90464256,8594104320,1243883520,135696384,45232128,148943057,55882195728,3709034496000,3980427264000000,1.0,0.01506651,1.40392e-05
MS-MARCO-RBAC,8000000,8000000,100,100000,0.5,0.01,45232128000,31662489599,394457991,104033894,8594104320,1261976371,135696384,47041413,151693171,55921131544,3709034496000,3980427264000000,1.0,0.015077,1.4049e-05
MS-MARCO-RBAC,8000000,8000000,100,100000,0.5,0.05,45232128000,31662489599,405313702,158312448,8594104320,1334347776,135696384,54278553,162693624,56076874807,3709034496000,3980427264000000,1.0,0.015119,1.40882e-05
MS-MARCO-RBAC,8000000,8000000,100,100000,0.5,0.1,45232128000,31662489599,418883340,226160640,8594104320,1424812032,135696384,63324979,176444191,56271553886,3709034496000,3980427264000000,1.0,0.01517148,1.41371e-05
MS-MARCO-RBAC,8000000,8000000,100,100000,0.5,0.2,45232128000,31662489599,446022617,361857024,8594104320,1605740544,135696384,81417830,203945325,56660912044,3709034496000,3980427264000000,1.0,0.01527646,1.42349e-05
MS-MARCO-RBAC,8000000,8000000,100,100000,0.5,0.5,45232128000,31662489599,527440447,768946176,8594104320,2148526080,135696384,135696384,286448726,57828986517,3709034496000,3980427264000000,1.0,0.01559139,1.45283e-05
MS-MARCO-RBAC,8000000,8000000,100,100000,0.8,0.0,45232128000,31662489599,391744063,90464256,8865497088,1718820864,135696384,45232128,186938045,56666520828,3980427264000,3980427264000000,1.0,0.01423629,1.42363e-05
MS-MARCO-RBAC,8000000,8000000,100,100000,0.8,0.01,45232128000,31662489599,394457991,104033894,8865497088,1747769425,135696384,47041413,190556615,56717180810,3980427264000,3980427264000000,1.0,0.01424902,1.4249e-05
MS-MARCO-RBAC,8000000,8000000,100,100000,0.8,0.05,45232128000,31662489599,405313702,158312448,8865497088,1863563673,135696384,54278553,205030896,56919820744,3980427264000,3980427264000000,1.0,0.01429993,1.42999e-05
MS-MARCO-RBAC,8000000,8000000,100,100000,0.8,0.1,45232128000,31662489599,418883340,226160640,8865497088,2008306483,135696384,63324979,223123747,57173120661,3980427264000,3980427264000000,1.0,0.01436356,1.43636e-05
MS-MARCO-RBAC,8000000,8000000,100,100000,0.8,0.2,45232128000,31662489599,446022617,361857024,8865497088,2297792102,135696384,81417830,259309450,57679720495,3980427264000,3980427264000000,1.0,0.01449084,1.44908e-05
MS-MARCO-RBAC,8000000,8000000,100,100000,0.8,0.5,45232128000,31662489599,527440447,768946176,8865497088,3166248960,135696384,135696384,367866557,59199519996,3980427264000,3980427264000000,1.0,0.01487265,1.48727e-05
MS-MARCO-RBAC,8000000,8000000,100,100000,0.95,0.0,45232128000,31662489599,391744063,90464256,9001193472,1956289536,135696384,45232128,205935539,57058683378,4116123647999,3980427264000000,1.0,0.01386224,1.43348e-05
MS-MARCO-RBAC,8000000,8000000,100,100000,0.95,0.01,45232128000,31662489599,394457991,104033894,9001193472,1990665953,135696384,47041413,209988337,57115205444,4116123647999,3980427264000000,1.0,0.01387597,1.4349e-05
MS-MARCO-RBAC,8000000,8000000,100,100000,0.95,0.05,45232128000,31662489599,405313702,158312448,9001193472,2128171622,135696384,54278553,226199532,57341293713,4116123647999,3980427264000000,1.0,0.0139309,1.44058e-05
MS-MARCO-RBAC,8000000,8000000,100,100000,0.95,0.1,45232128000,31662489599,418883340,226160640,9001193472,2300053708,135696384,63324979,246463525,57623904048,4116123647999,3980427264000000,1.0,0.01399956,1.44768e-05
MS-MARCO-RBAC,8000000,8000000,100,100000,0.95,0.2,45232128000,31662489599,446022617,361857024,9001193472,2643817881,135696384,81417830,286991512,58189124720,4116123647999,3980427264000000,1.0,0.01413687,1.46188e-05
MS-MARCO-RBAC,8000000,8000000,100,100000,0.95,0.5,45232128000,31662489599,527440447,768946176,9001193472,3675110400,135696384,135696384,408575472,59884786735,4116123647999,3980427264000000,1.0,0.01454883,1.50448e-05
MS-MARCO-RBAC,8000000,8000000,500,1000,0.2,0.0,45232128000,31662489599,464898831,90464256,8322711552,768946176,135696384,45232128,116800451,55176877778,17188208640000,39804272640000,1.0,0.00321016,0.0013862049
MS-MARCO-RBAC,8000000,8000000,500,1000,0.2,0.01,45232128000,31662489599,467612758,104033894,8322711552,776183316,135696384,47041413,118682108,55204089425,17188208640000,39804272640000,1.0,0.00321174,0.0013868885
MS-MARCO-RBAC,8000000,8000000,500,1000,0.2,0.05,45232128000,31662489599,478468469,158312448,8322711552,805131878,135696384,54278553,126208734,55312936018,17188208640000,39804272640000,1.0,0.00321807,0.0013896231
MS-MARCO-RBAC,8000000,8000000,500,1000,0.2,0.1,45232128000,31662489599,492038107,226160640,8322711552,841317580,135696384,63324979,135617016,55448994258,17188208640000,39804272640000,1.0,0.00322599,0.0013930413
MS-MARCO-RBAC,8000000,8000000,500,1000,0.2,0.2,45232128000,31662489599,519177384,361857024,8322711552,913688985,135696384,81417830,154433582,55721110741,17188208640000,39804272640000,1.0,0.00324182,0.0013998776
MS-MARCO-RBAC,8000000,8000000,500,1000,0.2,0.5,45232128000,31662489599,600595215,768946176,8322711552,1130803200,135696384,135696384,210883278,56537460189,17188208640000,39804272640000,1.0,0.00328932,0.0014203867
MS-MARCO-RBAC,8000000,8000000,500,1000,0.5,0.0,45232128000,31662489599,464898831,90464256,8594104320,1243883520,135696384,45232128,154795439,55961202878,18545172480000,39804272640000,1.0,0.00301756,0.0014059094
MS-MARCO-RBAC,8000000,8000000,500,1000,0.5,0.01,45232128000,31662489599,467612758,104033894,8594104320,1261976371,135696384,47041413,157545552,56000138692,18545172480000,39804272640000,1.0,0.00301966,0.0014068876
MS-MARCO-RBAC,8000000,8000000,500,1000,0.5,0.05,45232128000,31662489599,478468469,158312448,8594104320,1334347776,135696384,54278553,168546006,56155881956,18545172480000,39804272640000,1.0,0.00302806,0.0014108004
MS-MARCO-RBAC,8000000,8000000,500,1000,0.5,0.1,45232128000,31662489599,492038107,226160640,8594104320,1424812032,135696384,63324979,182296573,56350561035,18545172480000,39804272640000,1.0,0.00303856,0.0014156913
MS-MARCO-RBAC,8000000,8000000,500,1000,0.5,0.2,45232128000,31662489599,519177384,361857024,8594104320,1605740544,135696384,81417830,209797706,56739919192,18545172480000,39804272640000,1.0,0.00305955,0.0014254731
MS-MARCO-RBAC,8000000,8000000,500,1000,0.5,0.5,45232128000,31662489599,600595215,768946176,8594104320,2148526080,135696384,135696384,292301108,57907993667,18545172480000,39804272640000,1.0,0.00312254,0.0014548185
MS-MARCO-RBAC,8000000,8000000,500,1000,0.8,0.0,45232128000,31662489599,464898831,90464256,8865497088,1718820864,135696384,45232128,192790426,56745527977,19902136320000,39804272640000,1.0,0.00285123,0.001425614
MS-MARCO-RBAC,8000000,8000000,500,1000,0.8,0.01,45232128000,31662489599,467612758,104033894,8865497088,1747769425,135696384,47041413,196408996,56796187958,19902136320000,39804272640000,1.0,0.00285377,0.0014268867
MS-MARCO-RBAC,8000000,8000000,500,1000,0.8,0.05,45232128000,31662489599,478468469,158312448,8865497088,1863563673,135696384,54278553,210883277,56998827892,19902136320000,39804272640000,1.0,0.00286396,0.0014319776
MS-MARCO-RBAC,8000000,8000000,500,1000,0.8,0.1,45232128000,31662489599,492038107,226160640,8865497088,2008306483,135696384,63324979,228976129,57252127810,19902136320000,39804272640000,1.0,0.00287668,0.0014383413
MS-MARCO-RBAC,8000000,8000000,500,1000,0.8,0.2,45232128000,31662489599,519177384,361857024,8865497088,2297792102,135696384,81417830,265161831,57758727643,19902136320000,39804272640000,1.0,0.00290214,0.0014510685
MS-MARCO-RBAC,8000000,8000000,500,1000,0.8,0.5,45232128000,31662489599,600595215,768946176,8865497088,3166248960,135696384,135696384,373718938,59278527145,19902136320000,39804272640000,1.0,0.0029785,0.0014892504
MS-MARCO-RBAC,8000000,8000000,500,1000,0.95,0.0,45232128000,31662489599,464898831,90464256,9001193472,1956289536,135696384,45232128,211787920,57137690527,20580618240000,39804272640000,1.0,0.00277629,0.0014354663
MS-MARCO-RBAC,8000000,8000000,500,1000,0.95,0.01,45232128000,31662489599,467612758,104033894,9001193472,1990665953,135696384,47041413,215840719,57194212593,20580618240000,39804272640000,1.0,0.00277903,0.0014368863
MS-MARCO-RBAC,8000000,8000000,500,1000,0.95,0.05,45232128000,31662489599,478468469,158312448,9001193472,2128171622,135696384,54278553,232051913,57420300861,20580618240000,39804272640000,1.0,0.00279002,0.0014425663
MS-MARCO-RBAC,8000000,8000000,500,1000,0.95,0.1,45232128000,31662489599,492038107,226160640,9001193472,2300053708,135696384,63324979,252315907,57702911197,20580618240000,39804272640000,1.0,0.00280375,0.0014496663
MS-MARCO-RBAC,8000000,8000000,500,1000,0.95,0.2,45232128000,31662489599,519177384,361857024,9001193472,2643817881,135696384,81417830,292843893,58268131868,20580618240000,39804272640000,1.0,0.00283121,0.0014638663
MS-MARCO-RBAC,8000000,8000000,500,1000,0.95,0.5,45232128000,31662489599,600595215,768946176,9001193472,3675110400,135696384,135696384,414427854,59963793885,20580618240000,39804272640000,1.0,0.00291361,0.0015064663
MS-MARCO-RBAC,8000000,8000000,500,10000,0.2,0.0,45232128000,31662489599,464898831,90464256,8322711552,768946176,135696384,45232128,116800451,55176877778,17188208640000,398042726400000,1.0,0.00321016,0.0001386205
MS-MARCO-RBAC,8000000,8000000,500,10000,0.2,0.01,45232128000,31662489599,467612758,104033894,8322711552,776183316,135696384,47041413,118682108,55204089425,17188208640000,398042726400000,1.0,0.00321174,0.0001386889
MS-MARCO-RBAC,8000000,8000000,500,10000,0.2,0.05,45232128000,31662489599,478468469,158312448,8322711552,805131878,135696384,54278553,126208734,55312936018,17188208640000,398042726400000,1.0,0.00321807,0.0001389623
MS-MARCO-RBAC,8000000,8000000,500,10000,0.2,0.1,45232128000,31662489599,492038107,226160640,8322711552,841317580,135696384,63324979,135617016,55448994258,17188208640000,398042726400000,1.0,0.00322599,0.0001393041
MS-MARCO-RBAC,8000000,8000000,500,10000,0.2,0.2,45232128000,31662489599,519177384,361857024,8322711552,913688985,135696384,81417830,154433582,55721110741,17188208640000,398042726400000,1.0,0.00324182,0.0001399878
MS-MARCO-RBAC,8000000,8000000,500,10000,0.2,0.5,45232128000,31662489599,600595215,768946176,8322711552,1130803200,135696384,135696384,210883278,56537460189,17188208640000,398042726400000,1.0,0.00328932,0.0001420387
MS-MARCO-RBAC,8000000,8000000,500,10000,0.5,0.0,45232128000,31662489599,464898831,90464256,8594104320,1243883520,135696384,45232128,154795439,55961202878,18545172480000,398042726400000,1.0,0.00301756,0.0001405909
MS-MARCO-RBAC,8000000,8000000,500,10000,0.5,0.01,45232128000,31662489599,467612758,104033894,8594104320,1261976371,135696384,47041413,157545552,56000138692,18545172480000,398042726400000,1.0,0.00301966,0.0001406888
MS-MARCO-RBAC,8000000,8000000,500,10000,0.5,0.05,45232128000,31662489599,478468469,158312448,8594104320,1334347776,135696384,54278553,168546006,56155881956,18545172480000,398042726400000,1.0,0.00302806,0.00014108
MS-MARCO-RBAC,8000000,8000000,500,10000,0.5,0.1,45232128000,31662489599,492038107,226160640,8594104320,1424812032,135696384,63324979,182296573,56350561035,18545172480000,398042726400000,1.0,0.00303856,0.0001415691
MS-MARCO-RBAC,8000000,8000000,500,10000,0.5,0.2,45232128000,31662489599,519177384,361857024,8594104320,1605740544,135696384,81417830,209797706,56739919192,18545172480000,398042726400000,1.0,0.00305955,0.0001425473
MS-MARCO-RBAC,8000000,8000000,500,10000,0.5,0.5,45232128000,31662489599,600595215,768946176,8594104320,2148526080,135696384,135696384,292301108,57907993667,18545172480000,398042726400000,1.0,0.00312254,0.0001454819
MS-MARCO-RBAC,8000000,8000000,500,10000,0.8,0.0,45232128000,31662489599,464898831,90464256,8865497088,1718820864,135696384,45232128,192790426,56745527977,19902136320000,398042726400000,1.0,0.00285123,0.0001425614
MS-MARCO-RBAC,8000000,8000000,500,10000,0.8,0.01,45232128000,31662489599,467612758,104033894,8865497088,1747769425,135696384,47041413,196408996,56796187958,19902136320000,398042726400000,1.0,0.00285377,0.0001426887
MS-MARCO-RBAC,8000000,8000000,500,10000,0.8,0.05,45232128000,31662489599,478468469,158312448,8865497088,1863563673,135696384,54278553,210883277,56998827892,19902136320000,398042726400000,1.0,0.00286396,0.0001431978
MS-MARCO-RBAC,8000000,8000000,500,10000,0.8,0.1,45232128000,31662489599,492038107,226160640,8865497088,2008306483,135696384,63324979,228976129,57252127810,19902136320000,398042726400000,1.0,0.00287668,0.0001438341
MS-MARCO-RBAC,8000000,8000000,500,10000,0.8,0.2,45232128000,31662489599,519177384,361857024,8865497088,2297792102,135696384,81417830,265161831,57758727643,19902136320000,398042726400000,1.0,0.00290214,0.0001451069
MS-MARCO-RBAC,8000000,8000000,500,10000,0.8,0.5,45232128000,31662489599,600595215,768946176,8865497088,3166248960,135696384,135696384,373718938,59278527145,19902136320000,398042726400000,1.0,0.0029785,0.000148925
MS-MARCO-RBAC,8000000,8000000,500,10000,0.95,0.0,45232128000,31662489599,464898831,90464256,9001193472,1956289536,135696384,45232128,211787920,57137690527,20580618240000,398042726400000,1.0,0.00277629,0.0001435466
MS-MARCO-RBAC,8000000,8000000,500,10000,0.95,0.01,45232128000,31662489599,467612758,104033894,9001193472,1990665953,135696384,47041413,215840719,57194212593,20580618240000,398042726400000,1.0,0.00277903,0.0001436886
MS-MARCO-RBAC,8000000,8000000,500,10000,0.95,0.05,45232128000,31662489599,478468469,158312448,9001193472,2128171622,135696384,54278553,232051913,57420300861,20580618240000,398042726400000,1.0,0.00279002,0.0001442566
MS-MARCO-RBAC,8000000,8000000,500,10000,0.95,0.1,45232128000,31662489599,492038107,226160640,9001193472,2300053708,135696384,63324979,252315907,57702911197,20580618240000,398042726400000,1.0,0.00280375,0.0001449666
MS-MARCO-RBAC,8000000,8000000,500,10000,0.95,0.2,45232128000,31662489599,519177384,361857024,9001193472,2643817881,135696384,81417830,292843893,58268131868,20580618240000,398042726400000,1.0,0.00283121,0.0001463866
MS-MARCO-RBAC,8000000,8000000,500,10000,0.95,0.5,45232128000,31662489599,600595215,768946176,9001193472,3675110400,135696384,135696384,414427854,59963793885,20580618240000,398042726400000,1.0,0.00291361,0.0001506466
MS-MARCO-RBAC,8000000,8000000,500,100000,0.2,0.0,45232128000,31662489599,464898831,90464256,8322711552,768946176,135696384,45232128,116800451,55176877778,17188208640000,3980427264000000,1.0,0.00321016,1.3862e-05
MS-MARCO-RBAC,8000000,8000000,500,100000,0.2,0.01,45232128000,31662489599,467612758,104033894,8322711552,776183316,135696384,47041413,118682108,55204089425,17188208640000,3980427264000000,1.0,0.00321174,1.38689e-05
MS-MARCO-RBAC,8000000,8000000,500,100000,0.2,0.05,45232128000,31662489599,478468469,158312448,8322711552,805131878,135696384,54278553,126208734,55312936018,17188208640000,3980427264000000,1.0,0.00321807,1.38962e-05
MS-MARCO-RBAC,8000000,8000000,500,100000,0.2,0.1,45232128000,31662489599,492038107,226160640,8322711552,841317580,135696384,63324979,135617016,55448994258,17188208640000,3980427264000000,1.0,0.00322599,1.39304e-05
MS-MARCO-RBAC,8000000,8000000,500,100000,0.2,0.2,45232128000,31662489599,519177384,361857024,8322711552,913688985,135696384,81417830,154433582,55721110741,17188208640000,3980427264000000,1.0,0.00324182,1.39988e-05
MS-MARCO-RBAC,8000000,8000000,500,100000,0.2,0.5,45232128000,31662489599,600595215,768946176,8322711552,1130803200,135696384,135696384,210883278,56537460189,17188208640000,3980427264000000,1.0,0.00328932,1.42039e-05
MS-MARCO-RBAC,8000000,8000000,500,100000,0.5,0.0,45232128000,31662489599,464898831,90464256,8594104320,1243883520,135696384,45232128,154795439,55961202878,18545172480000,3980427264000000,1.0,0.00301756,1.40591e-05
MS-MARCO-RBAC,8000000,8000000,500,100000,0.5,0.01,45232128000,31662489599,467612758,104033894,8594104320,1261976371,135696384,47041413,157545552,56000138692,18545172480000,3980427264000000,1.0,0.00301966,1.40689e-05
MS-MARCO-RBAC,8000000,8000000,500,100000,0.5,0.05,45232128000,31662489599,478468469,158312448,8594104320,1334347776,135696384,54278553,168546006,56155881956,18545172480000,3980427264000000,1.0,0.00302806,1.4108e-05
MS-MARCO-RBAC,8000000,8000000,500,100000,0.5,0.1,45232128000,31662489599,492038107,226160640,8594104320,1424812032,135696384,63324979,182296573,56350561035,18545172480000,3980427264000000,1.0,0.00303856,1.41569e-05
MS-MARCO-RBAC,8000000,8000000,500,100000,0.5,0.2,45232128000,31662489599,519177384,361857024,8594104320,1605740544,135696384,81417830,209797706,56739919192,18545172480000,3980427264000000,1.0,0.00305955,1.42547e-05
MS-MARCO-RBAC,8000000,8000000,500,100000,0.5,0.5,45232128000,31662489599,600595215,768946176,8594104320,2148526080,135696384,135696384,292301108,57907993667,18545172480000,3980427264000000,1.0,0.00312254,1.45482e-05
MS-MARCO-RBAC,8000000,8000000,500,100000,0.8,0.0,45232128000,31662489599,464898831,90464256,8865497088,1718820864,135696384,45232128,192790426,56745527977,19902136320000,3980427264000000,1.0,0.00285123,1.42561e-05
MS-MARCO-RBAC,8000000,8000000,500,100000,0.8,0.01,45232128000,31662489599,467612758,104033894,8865497088,1747769425,135696384,47041413,196408996,56796187958,19902136320000,3980427264000000,1.0,0.00285377,1.42689e-05
MS-MARCO-RBAC,8000000,8000000,500,100000,0.8,0.05,45232128000,31662489599,478468469,158312448,8865497088,1863563673,135696384,54278553,210883277,56998827892,19902136320000,3980427264000000,1.0,0.00286396,1.43198e-05
MS-MARCO-RBAC,8000000,8000000,500,100000,0.8,0.1,45232128000,31662489599,492038107,226160640,8865497088,2008306483,135696384,63324979,228976129,57252127810,19902136320000,3980427264000000,1.0,0.00287668,1.43834e-05
MS-MARCO-RBAC,8000000,8000000,500,100000,0.8,0.2,45232128000,31662489599,519177384,361857024,8865497088,2297792102,135696384,81417830,265161831,57758727643,19902136320000,3980427264000000,1.0,0.00290214,1.45107e-05
MS-MARCO-RBAC,8000000,8000000,500,100000,0.8,0.5,45232128000,31662489599,600595215,768946176,8865497088,3166248960,135696384,135696384,373718938,59278527145,19902136320000,3980427264000000,1.0,0.0029785,1.48925e-05
MS-MARCO-RBAC,8000000,8000000,500,100000,0.95,0.0,45232128000,31662489599,464898831,90464256,9001193472,1956289536,135696384,45232128,211787920,57137690527,20580618240000,3980427264000000,1.0,0.00277629,1.43547e-05
MS-MARCO-RBAC,8000000,8000000,500,100000,0.95,0.01,45232128000,31662489599,467612758,104033894,9001193472,1990665953,135696384,47041413,215840719,57194212593,20580618240000,3980427264000000,1.0,0.00277903,1.43689e-05
MS-MARCO-RBAC,8000000,8000000,500,100000,0.95,0.05,45232128000,31662489599,478468469,158312448,9001193472,2128171622,135696384,54278553,232051913,57420300861,20580618240000,3980427264000000,1.0,0.00279002,1.44257e-05
MS-MARCO-RBAC,8000000,8000000,500,100000,0.95,0.1,45232128000,31662489599,492038107,226160640,9001193472,2300053708,135696384,63324979,252315907,57702911197,20580618240000,3980427264000000,1.0,0.00280375,1.44967e-05
MS-MARCO-RBAC,8000000,8000000,500,100000,0.95,0.2,45232128000,31662489599,519177384,361857024,9001193472,2643817881,135696384,81417830,292843893,58268131868,20580618240000,3980427264000000,1.0,0.00283121,1.46387e-05
MS-MARCO-RBAC,8000000,8000000,500,100000,0.95,0.5,45232128000,31662489599,600595215,768946176,9001193472,3675110400,135696384,135696384,414427854,59963793885,20580618240000,3980427264000000,1.0,0.00291361,1.50647e-05
MS-MARCO-RBAC,8000000,8000000,1000,1000,0.2,0.0,45232128000,31662489599,496515709,90464256,8322711552,768946176,135696384,45232128,119329802,55211024007,34376417280000,39804272640000,1.0,0.00160607,0.0013870628
MS-MARCO-RBAC,8000000,8000000,1000,1000,0.2,0.01,45232128000,31662489599,499229637,104033894,8322711552,776183316,135696384,47041413,121211458,55238235654,34376417280000,39804272640000,1.0,0.00160686,0.0013877464
MS-MARCO-RBAC,8000000,8000000,1000,1000,0.2,0.05,45232128000,31662489599,510085348,158312448,8322711552,805131878,135696384,54278553,128738084,55347082247,34376417280000,39804272640000,1.0,0.00161003,0.0013904809
MS-MARCO-RBAC,8000000,8000000,1000,1000,0.2,0.1,45232128000,31662489599,523654986,226160640,8322711552,841317580,135696384,63324979,138146367,55483140488,34376417280000,39804272640000,1.0,0.00161399,0.0013938991
MS-MARCO-RBAC,8000000,8000000,1000,1000,0.2,0.2,45232128000,31662489599,550794263,361857024,8322711552,913688985,135696384,81417830,156962932,55755256970,34376417280000,39804272640000,1.0,0.0016219,0.0014007355
MS-MARCO-RBAC,8000000,8000000,1000,1000,0.2,0.5,45232128000,31662489599,632212093,768946176,8322711552,1130803200,135696384,135696384,213412628,56571606417,34376417280000,39804272640000,1.0,0.00164565,0.0014212446
MS-MARCO-RBAC,8000000,8000000,1000,1000,0.5,0.0,45232128000,31662489599,496515709,90464256,8594104320,1243883520,135696384,45232128,157324789,55995349106,37090344960000,39804272640000,1.0,0.0015097,0.0014067673
MS-MARCO-RBAC,8000000,8000000,1000,1000,0.5,0.01,45232128000,31662489599,499229637,104033894,8594104320,1261976371,135696384,47041413,160074902,56034284921,37090344960000,39804272640000,1.0,0.00151075,0.0014077455
MS-MARCO-RBAC,8000000,8000000,1000,1000,0.5,0.05,45232128000,31662489599,510085348,158312448,8594104320,1334347776,135696384,54278553,171075356,56190028185,37090344960000,39804272640000,1.0,0.00151495,0.0014116582
MS-MARCO-RBAC,8000000,8000000,1000,1000,0.5,0.1,45232128000,31662489599,523654986,226160640,8594104320,1424812032,135696384,63324979,184825923,56384707264,37090344960000,39804272640000,1.0,0.0015202,0.0014165491
MS-MARCO-RBAC,8000000,8000000,1000,1000,0.5,0.2,45232128000,31662489599,550794263,361857024,8594104320,1605740544,135696384,81417830,212327057,56774065422,37090344960000,39804272640000,1.0,0.0015307,0.0014263309
MS-MARCO-RBAC,8000000,8000000,1000,1000,0.5,0.5,45232128000,31662489599,632212093,768946176,8594104320,2148526080,135696384,135696384,294830458,57942139895,37090344960000,39804272640000,1.0,0.00156219,0.0014556764
MS-MARCO-RBAC,8000000,8000000,1000,1000,0.8,0.0,45232128000,31662489599,496515709,90464256,8865497088,1718820864,135696384,45232128,195319777,56779674206,39804272640000,39804272640000,1.0,0.00142647,0.0014264718
MS-MARCO-RBAC,8000000,8000000,1000,1000,0.8,0.01,45232128000,31662489599,499229637,104033894,8865497088,1747769425,135696384,47041413,198938347,56830334188,39804272640000,39804272640000,1.0,0.00142774,0.0014277446
MS-MARCO-RBAC,8000000,8000000,1000,1000,0.8,0.05,45232128000,31662489599,510085348,158312448,8865497088,1863563673,135696384,54278553,213412628,57032974122,39804272640000,39804272640000,1.0,0.00143284,0.0014328355
MS-MARCO-RBAC,8000000,8000000,1000,1000,0.8,0.1,45232128000,31662489599,523654986,226160640,8865497088,2008306483,135696384,63324979,231505479,57286274039,39804272640000,39804272640000,1.0,0.0014392,0.0014391991
MS-MARCO-RBAC,8000000,8000000,1000,1000,0.8,0.2,45232128000,31662489599,550794263,361857024,8865497088,2297792102,135696384,81417830,267691181,57792873872,39804272640000,39804272640000,1.0,0.00145193,0.0014519264
MS-MARCO-RBAC,8000000,8000000,1000,1000,0.8,0.5,45232128000,31662489599,632212093,768946176,8865497088,3166248960,135696384,135696384,376248289,59312673374,39804272640000,39804272640000,1.0,0.00149011,0.0014901082
MS-MARCO-RBAC,8000000,8000000,1000,1000,0.95,0.0,45232128000,31662489599,496515709,90464256,9001193472,1956289536,135696384,45232128,214317270,57171836755,41161236480000,39804272640000,1.0,0.00138897,0.0014363241
MS-MARCO-RBAC,8000000,8000000,1000,1000,0.95,0.01,45232128000,31662489599,499229637,104033894,9001193472,1990665953,135696384,47041413,218370069,57228358822,41161236480000,39804272640000,1.0,0.00139035,0.0014377441
MS-MARCO-RBAC,8000000,8000000,1000,1000,0.95,0.05,45232128000,31662489599,510085348,158312448,9001193472,2128171622,135696384,54278553,234581264,57454447091,41161236480000,39804272640000,1.0,0.00139584,0.0014434241
MS-MARCO-RBAC,8000000,8000000,1000,1000,0.95,0.1,45232128000,31662489599,523654986,226160640,9001193472,2300053708,135696384,63324979,254845257,57737057426,41161236480000,39804272640000,1.0,0.0014027,0.0014505241
MS-MARCO-RBAC,8000000,8000000,1000,1000,0.95,0.2,45232128000,31662489599,550794263,361857024,9001193472,2643817881,135696384,81417830,295373244,58302278098,41161236480000,39804272640000,1.0,0.00141644,0.0014647241
MS-MARCO-RBAC,8000000,8000000,1000,1000,0.95,0.5,45232128000,31662489599,632212093,768946176,9001193472,3675110400,135696384,135696384,416957204,59997940113,41161236480000,39804272640000,1.0,0.00145763,0.0015073241
MS-MARCO-RBAC,8000000,8000000,1000,10000,0.2,0.0,45232128000,31662489599,496515709,90464256,8322711552,768946176,135696384,45232128,119329802,55211024007,34376417280000,398042726400000,1.0,0.00160607,0.0001387063
MS-MARCO-RBAC,8000000,8000000,1000,10000,0.2,0.01,45232128000,31662489599,499229637,104033894,8322711552,776183316,135696384,47041413,121211458,55238235654,34376417280000,398042726400000,1.0,0.00160686,0.0001387746
MS-MARCO-RBAC,8000000,8000000,1000,10000,0.2,0.05,45232128000,31662489599,510085348,158312448,8322711552,805131878,135696384,54278553,128738084,55347082247,34376417280000,398042726400000,1.0,0.00161003,0.0001390481
MS-MARCO-RBAC,8000000,8000000,1000,10000,0.2,0.1,45232128000,31662489599,523654986,226160640,8322711552,841317580,135696384,63324979,138146367,55483140488,34376417280000,398042726400000,1.0,0.00161399,0.0001393899
MS-MARCO-RBAC,8000000,8000000,1000,10000,0.2,0.2,45232128000,31662489599,550794263,361857024,8322711552,913688985,135696384,81417830,156962932,55755256970,34376417280000,398042726400000,1.0,0.0016219,0.0001400735
MS-MARCO-RBAC,8000000,8000000,1000,10000,0.2,0.5,45232128000,31662489599,632212093,768946176,8322711552,1130803200,135696384,135696384,213412628,56571606417,34376417280000,398042726400000,1.0,0.00164565,0.0001421245
MS-MARCO-RBAC,8000000,8000000,1000,10000,0.5,0.0,45232128000,31662489599,496515709,90464256,8594104320,1243883520,135696384,45232128,157324789,55995349106,37090344960000,398042726400000,1.0,0.0015097,0.0001406767
MS-MARCO-RBAC,8000000,8000000,1000,10000,0.5,0.01,45232128000,31662489599,499229637,104033894,8594104320,1261976371,135696384,47041413,160074902,56034284921,37090344960000,398042726400000,1.0,0.00151075,0.0001407745
MS-MARCO-RBAC,8000000,8000000,1000,10000,0.5,0.05,45232128000,31662489599,510085348,158312448,8594104320,1334347776,135696384,54278553,171075356,56190028185,37090344960000,398042726400000,1.0,0.00151495,0.0001411658
MS-MARCO-RBAC,8000000,8000000,1000,10000,0.5,0.1,45232128000,31662489599,523654986,226160640,8594104320,1424812032,135696384,63324979,184825923,56384707264,37090344960000,398042726400000,1.0,0.0015202,0.0001416549
MS-MARCO-RBAC,8000000,8000000,1000,10000,0.5,0.2,45232128000,31662489599,550794263,361857024,8594104320,1605740544,135696384,81417830,212327057,56774065422,37090344960000,398042726400000,1.0,0.0015307,0.0001426331
MS-MARCO-RBAC,8000000,8000000,1000,10000,0.5,0.5,45232128000,31662489599,632212093,768946176,8594104320,2148526080,135696384,135696384,294830458,57942139895,37090344960000,398042726400000,1.0,0.00156219,0.0001455676
MS-MARCO-RBAC,8000000,8000000,1000,10000,0.8,0.0,45232128000,31662489599,496515709,90464256,8865497088,1718820864,135696384,45232128,195319777,56779674206,39804272640000,398042726400000,1.0,0.00142647,0.0001426472
MS-MARCO-RBAC,8000000,8000000,1000,10000,0.8,0.01,45232128000,31662489599,499229637,104033894,8865497088,1747769425,135696384,47041413,198938347,56830334188,39804272640000,398042726400000,1.0,0.00142774,0.0001427745
MS-MARCO-RBAC,8000000,8000000,1000,10000,0.8,0.05,45232128000,31662489599,510085348,158312448,8865497088,1863563673,135696384,54278553,213412628,57032974122,39804272640000,398042726400000,1.0,0.00143284,0.0001432835
MS-MARCO-RBAC,8000000,8000000,1000,10000,0.8,0.1,45232128000,31662489599,523654986,226160640,8865497088,2008306483,135696384,63324979,231505479,57286274039,39804272640000,398042726400000,1.0,0.0014392,0.0001439199
MS-MARCO-RBAC,8000000,8000000,1000,10000,0.8,0.2,45232128000,31662489599,550794263,361857024,8865497088,2297792102,135696384,81417830,267691181,57792873872,39804272640000,398042726400000,1.0,0.00145193,0.0001451926
MS-MARCO-RBAC,8000000,8000000,1000,10000,0.8,0.5,45232128000,31662489599,632212093,768946176,8865497088,3166248960,135696384,135696384,376248289,59312673374,39804272640000,398042726400000,1.0,0.00149011,0.0001490108
MS-MARCO-RBAC,8000000,8000000,1000,10000,0.95,0.0,45232128000,31662489599,496515709,90464256,9001193472,1956289536,135696384,45232128,214317270,57171836755,41161236480000,398042726400000,1.0,0.00138897,0.0001436324
MS-MARCO-RBAC,8000000,8000000,1000,10000,0.95,0.01,45232128000,31662489599,499229637,104033894,9001193472,1990665953,135696384,47041413,218370069,57228358822,41161236480000,398042726400000,1.0,0.00139035,0.0001437744
MS-MARCO-RBAC,8000000,8000000,1000,10000,0.95,0.05,45232128000,31662489599,510085348,158312448,9001193472,2128171622,135696384,54278553,234581264,57454447091,41161236480000,398042726400000,1.0,0.00139584,0.0001443424
MS-MARCO-RBAC,8000000,8000000,1000,10000,0.95,0.1,45232128000,31662489599,523654986,226160640,9001193472,2300053708,135696384,63324979,254845257,57737057426,41161236480000,398042726400000,1.0,0.0014027,0.0001450524
MS-MARCO-RBAC,8000000,8000000,1000,10000,0.95,0.2,45232128000,31662489599,550794263,361857024,9001193472,2643817881,135696384,81417830,295373244,58302278098,41161236480000,398042726400000,1.0,0.00141644,0.0001464724
MS-MARCO-RBAC,8000000,8000000,1000,10000,0.95,0.5,45232128000,31662489599,632212093,768946176,9001193472,3675110400,135696384,135696384,416957204,59997940113,41161236480000,398042726400000,1.0,0.00145763,0.0001507324
MS-MARCO-RBAC,8000000,8000000,1000,100000,0.2,0.0,45232128000,31662489599,496515709,90464256,8322711552,768946176,135696384,45232128,119329802,55211024007,34376417280000,3980427264000000,1.0,0.00160607,1.38706e-05
MS-MARCO-RBAC,8000000,8000000,1000,100000,0.2,0.01,45232128000,31662489599,499229637,104033894,8322711552,776183316,135696384,47041413,121211458,55238235654,34376417280000,3980427264000000,1.0,0.00160686,1.38775e-05
MS-MARCO-RBAC,8000000,8000000,1000,100000,0.2,0.05,45232128000,31662489599,510085348,158312448,8322711552,805131878,135696384,54278553,128738084,55347082247,34376417280000,3980427264000000,1.0,0.00161003,1.39048e-05
MS-MARCO-RBAC,8000000,8000000,1000,100000,0.2,0.1,45232128000,31662489599,523654986,226160640,8322711552,841317580,135696384,63324979,138146367,55483140488,34376417280000,3980427264000000,1.0,0.00161399,1.3939e-05
MS-MARCO-RBAC,8000000,8000000,1000,100000,0.2,0.2,45232128000,31662489599,550794263,361857024,8322711552,913688985,135696384,81417830,156962932,55755256970,34376417280000,3980427264000000,1.0,0.0016219,1.40074e-05
MS-MARCO-RBAC,8000000,8000000,1000,100000,0.2,0.5,45232128000,31662489599,632212093,768946176,8322711552,1130803200,135696384,135696384,213412628,56571606417,34376417280000,3980427264000000,1.0,0.00164565,1.42124e-05
MS-MARCO-RBAC,8000000,8000000,1000,100000,0.5,0.0,45232128000,31662489599,496515709,90464256,8594104320,1243883520,135696384,45232128,157324789,55995349106,37090344960000,3980427264000000,1.0,0.0015097,1.40677e-05
MS-MARCO-RBAC,8000000,8000000,1000,100000,0.5,0.01,45232128000,31662489599,499229637,104033894,8594104320,1261976371,135696384,47041413,160074902,56034284921,37090344960000,3980427264000000,1.0,0.00151075,1.40775e-05
MS-MARCO-RBAC,8000000,8000000,1000,100000,0.5,0.05,45232128000,31662489599,510085348,158312448,8594104320,1334347776,135696384,54278553,171075356,56190028185,37090344960000,3980427264000000,1.0,0.00151495,1.41166e-05
MS-MARCO-RBAC,8000000,8000000,1000,100000,0.5,0.1,45232128000,31662489599,523654986,226160640,8594104320,1424812032,135696384,63324979,184825923,56384707264,37090344960000,3980427264000000,1.0,0.0015202,1.41655e-05
MS-MARCO-RBAC,8000000,8000000,1000,100000,0.5,0.2,45232128000,31662489599,550794263,361857024,8594104320,1605740544,135696384,81417830,212327057,56774065422,37090344960000,3980427264000000,1.0,0.0015307,1.42633e-05
MS-MARCO-RBAC,8000000,8000000,1000,100000,0.5,0.5,45232128000,31662489599,632212093,768946176,8594104320,2148526080,135696384,135696384,294830458,57942139895,37090344960000,3980427264000000,1.0,0.00156219,1.45568e-05
MS-MARCO-RBAC,8000000,8000000,1000,100000,0.8,0.0,45232128000,31662489599,496515709,90464256,8865497088,1718820864,135696384,45232128,195319777,56779674206,39804272640000,3980427264000000,1.0,0.00142647,1.42647e-05
MS-MARCO-RBAC,8000000,8000000,1000,100000,0.8,0.01,45232128000,31662489599,499229637,104033894,8865497088,1747769425,135696384,47041413,198938347,56830334188,39804272640000,3980427264000000,1.0,0.00142774,1.42774e-05
MS-MARCO-RBAC,8000000,8000000,1000,100000,0.8,0.05,45232128000,31662489599,510085348,158312448,8865497088,1863563673,135696384,54278553,213412628,57032974122,39804272640000,3980427264000000,1.0,0.00143284,1.43284e-05
MS-MARCO-RBAC,8000000,8000000,1000,100000,0.8,0.1,45232128000,31662489599,523654986,226160640,8865497088,2008306483,135696384,63324979,231505479,57286274039,39804272640000,3980427264000000,1.0,0.0014392,1.4392e-05
MS-MARCO-RBAC,8000000,8000000,1000,100000,0.8,0.2,45232128000,31662489599,550794263,361857024,8865497088,2297792102,135696384,81417830,267691181,57792873872,39804272640000,3980427264000000,1.0,0.00145193,1.45193e-05
MS-MARCO-RBAC,8000000,8000000,1000,100000,0.8,0.5,45232128000,31662489599,632212093,768946176,8865497088,3166248960,135696384,135696384,376248289,59312673374,39804272640000,3980427264000000,1.0,0.00149011,1.49011e-05
MS-MARCO-RBAC,8000000,8000000,1000,100000,0.95,0.0,45232128000,31662489599,496515709,90464256,9001193472,1956289536,135696384,45232128,214317270,57171836755,41161236480000,3980427264000000,1.0,0.00138897,1.43632e-05
MS-MARCO-RBAC,8000000,8000000,1000,100000,0.95,0.01,45232128000,31662489599,499229637,104033894,9001193472,1990665953,135696384,47041413,218370069,57228358822,41161236480000,3980427264000000,1.0,0.00139035,1.43774e-05
MS-MARCO-RBAC,8000000,8000000,1000,100000,0.95,0.05,45232128000,31662489599,510085348,158312448,9001193472,2128171622,135696384,54278553,234581264,57454447091,41161236480000,3980427264000000,1.0,0.00139584,1.44342e-05
MS-MARCO-RBAC,8000000,8000000,1000,100000,0.95,0.1,45232128000,31662489599,523654986,226160640,9001193472,2300053708,135696384,63324979,254845257,57737057426,41161236480000,3980427264000000,1.0,0.0014027,1.45052e-05
MS-MARCO-RBAC,8000000,8000000,1000,100000,0.95,0.2,45232128000,31662489599,550794263,361857024,9001193472,2643817881,135696384,81417830,295373244,58302278098,41161236480000,3980427264000000,1.0,0.00141644,1.46472e-05
MS-MARCO-RBAC,8000000,8000000,1000,100000,0.95,0.5,45232128000,31662489599,632212093,768946176,9001193472,3675110400,135696384,135696384,416957204,59997940113,41161236480000,3980427264000000,1.0,0.00145763,1.50732e-05
SIFT1M,1000000,1000000,10,1000,0.2,0.0,793600000,555520000,5096183,1587200,146022400,13491200,2380800,793600,1804430,964775813,6031360000,698368000000,1.0,0.15995991,0.001381472
SIFT1M,1000000,1000000,10,1000,0.2,0.01,793600000,555520000,5143799,1825280,146022400,13618176,2380800,825344,1837444,965253243,6031360000,698368000000,1.0,0.16003907,0.0013821556
SIFT1M,1000000,1000000,10,1000,0.2,0.05,793600000,555520000,5334263,2777600,146022400,14126080,2380800,952320,1969499,967162962,6031360000,698368000000,1.0,0.1603557,0.0013848901
SIFT1M,1000000,1000000,10,1000,0.2,0.1,793600000,555520000,5572343,3968000,146022400,14760960,2380800,1111040,2134568,969550111,6031360000,698368000000,1.0,0.16075149,0.0013883083
SIFT1M,1000000,1000000,10,1000,0.2,0.2,793600000,555520000,6048503,6348800,146022400,16030720,2380800,1428480,2464705,974324408,6031360000,698368000000,1.0,0.16154307,0.0013951447
SIFT1M,1000000,1000000,10,1000,0.2,0.5,793600000,555520000,7476983,13491200,146022400,19840000,2380800,2380800,3455118,988647301,6031360000,698368000000,1.0,0.16391781,0.0014156538
SIFT1M,1000000,1000000,10,1000,0.5,0.0,793600000,555520000,5096183,1587200,150784000,21824000,2380800,793600,2471054,978536837,6507520000,698368000000,1.0,0.15037016,0.0014011765
SIFT1M,1000000,1000000,10,1000,0.5,0.01,793600000,555520000,5143799,1825280,150784000,22141440,2380800,825344,2519305,979219968,6507520000,698368000000,1.0,0.15047514,0.0014021547
SIFT1M,1000000,1000000,10,1000,0.5,0.05,793600000,555520000,5334263,2777600,150784000,23411200,2380800,952320,2712309,981952492,6507520000,698368000000,1.0,0.15089504,0.0014060674
SIFT1M,1000000,1000000,10,1000,0.5,0.1,793600000,555520000,5572343,3968000,150784000,24998400,2380800,1111040,2953563,985368146,6507520000,698368000000,1.0,0.15141992,0.0014109583
SIFT1M,1000000,1000000,10,1000,0.5,0.2,793600000,555520000,6048503,6348800,150784000,28172800,2380800,1428480,3436072,992199455,6507520000,698368000000,1.0,0.15246967,0.0014207401
SIFT1M,1000000,1000000,10,1000,0.5,0.5,793600000,555520000,7476983,13491200,150784000,37696000,2380800,2380800,4883598,1012693381,6507520000,698368000000,1.0,0.15561894,0.0014500856
SIFT1M,1000000,1000000,10,1000,0.8,0.0,793600000,555520000,5096183,1587200,155545600,30156800,2380800,793600,3137678,992297861,6983680000,698368000000,1.0,0.14208811,0.0014208811
SIFT1M,1000000,1000000,10,1000,0.8,0.01,793600000,555520000,5143799,1825280,155545600,30664704,2380800,825344,3201166,993186693,6983680000,698368000000,1.0,0.14221538,0.0014221538
SIFT1M,1000000,1000000,10,1000,0.8,0.05,793600000,555520000,5334263,2777600,155545600,32696320,2380800,952320,3455118,996742021,6983680000,698368000000,1.0,0.14272447,0.0014272447
SIFT1M,1000000,1000000,10,1000,0.8,0.1,793600000,555520000,5572343,3968000,155545600,35235840,2380800,1111040,3772558,1001186181,6983680000,698368000000,1.0,0.14336083,0.0014336083
SIFT1M,1000000,1000000,10,1000,0.8,0.2,793600000,555520000,6048503,6348800,155545600,40314880,2380800,1428480,4407438,1010074501,6983680000,698368000000,1.0,0.14463356,0.0014463356
SIFT1M,1000000,1000000,10,1000,0.8,0.5,793600000,555520000,7476983,13491200,155545600,55552000,2380800,2380800,6312078,1036739461,6983680000,698368000000,1.0,0.14845174,0.0014845174
SIFT1M,1000000,1000000,10,1000,0.95,0.0,793600000,555520000,5096183,1587200,157926400,34323200,2380800,793600,3470990,999178373,7221759999,698368000000,1.0,0.13835663,0.0014307333
SIFT1M,1000000,1000000,10,1000,0.95,0.01,793600000,555520000,5143799,1825280,157926400,34926336,2380800,825344,3542097,1000170056,7221759999,698368000000,1.0,0.13849395,0.0014321533
SIFT1M,1000000,1000000,10,1000,0.95,0.05,793600000,555520000,5334263,2777600,157926400,37338880,2380800,952320,3826523,1004136786,7221759999,698368000000,1.0,0.13904322,0.0014378333
SIFT1M,1000000,1000000,10,1000,0.95,0.1,793600000,555520000,5572343,3968000,157926400,40354560,2380800,1111040,4182056,1009095199,7221759999,698368000000,1.0,0.13972982,0.0014449333
SIFT1M,1000000,1000000,10,1000,0.95,0.2,793600000,555520000,6048503,6348800,157926400,46385920,2380800,1428480,4893121,1019012024,7221759999,698368000000,1.0,0.141103,0.0014591333
SIFT1M,1000000,1000000,10,1000,0.95,0.5,793600000,555520000,7476983,13491200,157926400,64480000,2380800,2380800,7026318,1048762501,7221759999,698368000000,1.0,0.14522256,0.0015017333
SIFT1M,1000000,1000000,10,10000,0.2,0.0,793600000,555520000,5096183,1587200,146022400,13491200,2380800,793600,1804430,964775813,6031360000,6983680000000,1.0,0.15995991,0.0001381472
SIFT1M,1000000,1000000,10,10000,0.2,0.01,793600000,555520000,5143799,1825280,146022400,13618176,2380800,825344,1837444,965253243,6031360000,6983680000000,1.0,0.16003907,0.0001382156
SIFT1M,1000000,1000000,10,10000,0.2,0.05,793600000,555520000,5334263,2777600,146022400,14126080,2380800,952320,1969499,967162962,6031360000,6983680000000,1.0,0.1603557,0.000138489
SIFT1M,1000000,1000000,10,10000,0.2,0.1,793600000,555520000,5572343,3968000,146022400,14760960,2380800,1111040,2134568,969550111,6031360000,6983680000000,1.0,0.16075149,0.0001388308
SIFT1M,1000000,1000000,10,10000,0.2,0.2,793600000,555520000,6048503,6348800,146022400,16030720,2380800,1428480,2464705,974324408,6031360000,6983680000000,1.0,0.16154307,0.0001395145
SIFT1M,1000000,1000000,10,10000,0.2,0.5,793600000,555520000,7476983,13491200,146022400,19840000,2380800,2380800,3455118,988647301,6031360000,6983680000000,1.0,0.16391781,0.0001415654
SIFT1M,1000000,1000000,10,10000,0.5,0.0,793600000,555520000,5096183,1587200,150784000,21824000,2380800,793600,2471054,978536837,6507520000,6983680000000,1.0,0.15037016,0.0001401177
SIFT1M,1000000,1000000,10,10000,0.5,0.01,793600000,555520000,5143799,1825280,150784000,22141440,2380800,825344,2519305,979219968,6507520000,6983680000000,1.0,0.15047514,0.0001402155
SIFT1M,1000000,1000000,10,10000,0.5,0.05,793600000,555520000,5334263,2777600,150784000,23411200,2380800,952320,2712309,981952492,6507520000,6983680000000,1.0,0.15089504,0.0001406067
SIFT1M,1000000,1000000,10,10000,0.5,0.1,793600000,555520000,5572343,3968000,150784000,24998400,2380800,1111040,2953563,985368146,6507520000,6983680000000,1.0,0.15141992,0.0001410958
SIFT1M,1000000,1000000,10,10000,0.5,0.2,793600000,555520000,6048503,6348800,150784000,28172800,2380800,1428480,3436072,992199455,6507520000,6983680000000,1.0,0.15246967,0.000142074
SIFT1M,1000000,1000000,10,10000,0.5,0.5,793600000,555520000,7476983,13491200,150784000,37696000,2380800,2380800,4883598,1012693381,6507520000,6983680000000,1.0,0.15561894,0.0001450086
SIFT1M,1000000,1000000,10,10000,0.8,0.0,793600000,555520000,5096183,1587200,155545600,30156800,2380800,793600,3137678,992297861,6983680000,6983680000000,1.0,0.14208811,0.0001420881
SIFT1M,1000000,1000000,10,10000,0.8,0.01,793600000,555520000,5143799,1825280,155545600,30664704,2380800,825344,3201166,993186693,6983680000,6983680000000,1.0,0.14221538,0.0001422154
SIFT1M,1000000,1000000,10,10000,0.8,0.05,793600000,555520000,5334263,2777600,155545600,32696320,2380800,952320,3455118,996742021,6983680000,6983680000000,1.0,0.14272447,0.0001427245
SIFT1M,1000000,1000000,10,10000,0.8,0.1,793600000,555520000,5572343,3968000,155545600,35235840,2380800,1111040,3772558,1001186181,6983680000,6983680000000,1.0,0.14336083,0.0001433608
SIFT1M,1000000,1000000,10,10000,0.8,0.2,793600000,555520000,6048503,6348800,155545600,40314880,2380800,1428480,4407438,1010074501,6983680000,6983680000000,1.0,0.14463356,0.0001446336
SIFT1M,1000000,1000000,10,10000,0.8,0.5,793600000,555520000,7476983,13491200,155545600,55552000,2380800,2380800,6312078,1036739461,6983680000,6983680000000,1.0,0.14845174,0.0001484517
SIFT1M,1000000,1000000,10,10000,0.95,0.0,793600000,555520000,5096183,1587200,157926400,34323200,2380800,793600,3470990,999178373,7221759999,6983680000000,1.0,0.13835663,0.0001430733
SIFT1M,1000000,1000000,10,10000,0.95,0.01,793600000,555520000,5143799,1825280,157926400,34926336,2380800,825344,3542097,1000170056,7221759999,6983680000000,1.0,0.13849395,0.0001432153
SIFT1M,1000000,1000000,10,10000,0.95,0.05,793600000,555520000,5334263,2777600,157926400,37338880,2380800,952320,3826523,1004136786,7221759999,6983680000000,1.0,0.13904322,0.0001437833
SIFT1M,1000000,1000000,10,10000,0.95,0.1,793600000,555520000,5572343,3968000,157926400,40354560,2380800,1111040,4182056,1009095199,7221759999,6983680000000,1.0,0.13972982,0.0001444933
SIFT1M,1000000,1000000,10,10000,0.95,0.2,793600000,555520000,6048503,6348800,157926400,46385920,2380800,1428480,4893121,1019012024,7221759999,6983680000000,1.0,0.141103,0.0001459133
SIFT1M,1000000,1000000,10,10000,0.95,0.5,793600000,555520000,7476983,13491200,157926400,64480000,2380800,2380800,7026318,1048762501,7221759999,6983680000000,1.0,0.14522256,0.0001501733
SIFT1M,1000000,1000000,10,100000,0.2,0.0,793600000,555520000,5096183,1587200,146022400,13491200,2380800,793600,1804430,964775813,6031360000,69836800000000,1.0,0.15995991,1.38147e-05
SIFT1M,1000000,1000000,10,100000,0.2,0.01,793600000,555520000,5143799,1825280,146022400,13618176,2380800,825344,1837444,965253243,6031360000,69836800000000,1.0,0.16003907,1.38216e-05
SIFT1M,1000000,1000000,10,100000,0.2,0.05,793600000,555520000,5334263,2777600,146022400,14126080,2380800,952320,1969499,967162962,6031360000,69836800000000,1.0,0.1603557,1.38489e-05
SIFT1M,1000000,1000000,10,100000,0.2,0.1,793600000,555520000,5572343,3968000,146022400,14760960,2380800,1111040,2134568,969550111,6031360000,69836800000000,1.0,0.16075149,1.38831e-05
SIFT1M,1000000,1000000,10,100000,0.2,0.2,793600000,555520000,6048503,6348800,146022400,16030720,2380800,1428480,2464705,974324408,6031360000,69836800000000,1.0,0.16154307,1.39514e-05
SIFT1M,1000000,1000000,10,100000,0.2,0.5,793600000,555520000,7476983,13491200,146022400,19840000,2380800,2380800,3455118,988647301,6031360000,69836800000000,1.0,0.16391781,1.41565e-05
SIFT1M,1000000,1000000,10,100000,0.5,0.0,793600000,555520000,5096183,1587200,150784000,21824000,2380800,793600,2471054,978536837,6507520000,69836800000000,1.0,0.15037016,1.40118e-05
SIFT1M,1000000,1000000,10,100000,0.5,0.01,793600000,555520000,5143799,1825280,150784000,22141440,2380800,825344,2519305,979219968,6507520000,69836800000000,1.0,0.15047514,1.40215e-05
SIFT1M,1000000,1000000,10,100000,0.5,0.05,793600000,555520000,5334263,2777600,150784000,23411200,2380800,952320,2712309,981952492,6507520000,69836800000000,1.0,0.15089504,1.40607e-05
SIFT1M,1000000,1000000,10,100000,0.5,0.1,793600000,555520000,5572343,3968000,150784000,24998400,2380800,1111040,2953563,985368146,6507520000,69836800000000,1.0,0.15141992,1.41096e-05
SIFT1M,1000000,1000000,10,100000,0.5,0.2,793600000,555520000,6048503,6348800,150784000,28172800,2380800,1428480,3436072,992199455,6507520000,69836800000000,1.0,0.15246967,1.42074e-05
SIFT1M,1000000,1000000,10,100000,0.5,0.5,793600000,555520000,7476983,13491200,150784000,37696000,2380800,2380800,4883598,1012693381,6507520000,69836800000000,1.0,0.15561894,1.45009e-05
SIFT1M,1000000,1000000,10,100000,0.8,0.0,793600000,555520000,5096183,1587200,155545600,30156800,2380800,793600,3137678,992297861,6983680000,69836800000000,1.0,0.14208811,1.42088e-05
SIFT1M,1000000,1000000,10,100000,0.8,0.01,793600000,555520000,5143799,1825280,155545600,30664704,2380800,825344,3201166,993186693,6983680000,69836800000000,1.0,0.14221538,1.42215e-05
SIFT1M,1000000,1000000,10,100000,0.8,0.05,793600000,555520000,5334263,2777600,155545600,32696320,2380800,952320,3455118,996742021,6983680000,69836800000000,1.0,0.14272447,1.42724e-05
SIFT1M,1000000,1000000,10,100000,0.8,0.1,793600000,555520000,5572343,3968000,155545600,35235840,2380800,1111040,3772558,1001186181,6983680000,69836800000000,1.0,0.14336083,1.43361e-05
SIFT1M,1000000,1000000,10,100000,0.8,0.2,793600000,555520000,6048503,6348800,155545600,40314880,2380800,1428480,4407438,1010074501,6983680000,69836800000000,1.0,0.14463356,1.44634e-05
SIFT1M,1000000,1000000,10,100000,0.8,0.5,793600000,555520000,7476983,13491200,155545600,55552000,2380800,2380800,6312078,1036739461,6983680000,69836800000000,1.0,0.14845174,1.48452e-05
SIFT1M,1000000,1000000,10,100000,0.95,0.0,793600000,555520000,5096183,1587200,157926400,34323200,2380800,793600,3470990,999178373,7221759999,69836800000000,1.0,0.13835663,1.43073e-05
SIFT1M,1000000,1000000,10,100000,0.95,0.01,793600000,555520000,5143799,1825280,157926400,34926336,2380800,825344,3542097,1000170056,7221759999,69836800000000,1.0,0.13849395,1.43215e-05
SIFT1M,1000000,1000000,10,100000,0.95,0.05,793600000,555520000,5334263,2777600,157926400,37338880,2380800,952320,3826523,1004136786,7221759999,69836800000000,1.0,0.13904322,1.43783e-05
SIFT1M,1000000,1000000,10,100000,0.95,0.1,793600000,555520000,5572343,3968000,157926400,40354560,2380800,1111040,4182056,1009095199,7221759999,69836800000000,1.0,0.13972982,1.44493e-05
SIFT1M,1000000,1000000,10,100000,0.95,0.2,793600000,555520000,6048503,6348800,157926400,46385920,2380800,1428480,4893121,1019012024,7221759999,69836800000000,1.0,0.141103,1.45913e-05
SIFT1M,1000000,1000000,10,100000,0.95,0.5,793600000,555520000,7476983,13491200,157926400,64480000,2380800,2380800,7026318,1048762501,7221759999,69836800000000,1.0,0.14522256,1.50173e-05
SIFT1M,1000000,1000000,50,1000,0.2,0.0,793600000,555520000,6325545,1587200,146022400,13491200,2380800,793600,1902779,966103524,30156800000,698368000000,1.0,0.03203601,0.0013833731
SIFT1M,1000000,1000000,50,1000,0.2,0.01,793600000,555520000,6373161,1825280,146022400,13618176,2380800,825344,1935793,966580954,30156800000,698368000000,1.0,0.03205184,0.0013840568
SIFT1M,1000000,1000000,50,1000,0.2,0.05,793600000,555520000,6563625,2777600,146022400,14126080,2380800,952320,2067848,968490673,30156800000,698368000000,1.0,0.03211517,0.0013867913
SIFT1M,1000000,1000000,50,1000,0.2,0.1,793600000,555520000,6801705,3968000,146022400,14760960,2380800,1111040,2232917,970877822,30156800000,698368000000,1.0,0.03219433,0.0013902095
SIFT1M,1000000,1000000,50,1000,0.2,0.2,793600000,555520000,7277865,6348800,146022400,16030720,2380800,1428480,2563054,975652119,30156800000,698368000000,1.0,0.03235264,0.0013970459
SIFT1M,1000000,1000000,50,1000,0.2,0.5,793600000,555520000,8706345,13491200,146022400,19840000,2380800,2380800,3553467,989975012,30156800000,698368000000,1.0,0.03282759,0.0014175549
SIFT1M,1000000,1000000,50,1000,0.5,0.0,793600000,555520000,6325545,1587200,150784000,21824000,2380800,793600,2569403,979864548,32537599999,698368000000,1.0,0.03011484,0.0014030777
SIFT1M,1000000,1000000,50,1000,0.5,0.01,793600000,555520000,6373161,1825280,150784000,22141440,2380800,825344,2617654,980547679,32537599999,698368000000,1.0,0.03013583,0.0014040559
SIFT1M,1000000,1000000,50,1000,0.5,0.05,793600000,555520000,6563625,2777600,150784000,23411200,2380800,952320,2810658,983280203,32537599999,698368000000,1.0,0.03021981,0.0014079686
SIFT1M,1000000,1000000,50,1000,0.5,0.1,793600000,555520000,6801705,3968000,150784000,24998400,2380800,1111040,3051912,986695857,32537599999,698368000000,1.0,0.03032479,0.0014128595
SIFT1M,1000000,1000000,50,1000,0.5,0.2,793600000,555520000,7277865,6348800,150784000,28172800,2380800,1428480,3534421,993527166,32537599999,698368000000,1.0,0.03053474,0.0014226413
SIFT1M,1000000,1000000,50,1000,0.5,0.5,793600000,555520000,8706345,13491200,150784000,37696000,2380800,2380800,4981947,1014021092,32537599999,698368000000,1.0,0.03116459,0.0014519868
SIFT1M,1000000,1000000,50,1000,0.8,0.0,793600000,555520000,6325545,1587200,155545600,30156800,2380800,793600,3236027,993625572,34918400000,698368000000,1.0,0.02845564,0.0014227822
SIFT1M,1000000,1000000,50,1000,0.8,0.01,793600000,555520000,6373161,1825280,155545600,30664704,2380800,825344,3299515,994514404,34918400000,698368000000,1.0,0.0284811,0.0014240549
SIFT1M,1000000,1000000,50,1000,0.8,0.05,793600000,555520000,6563625,2777600,155545600,32696320,2380800,952320,3553467,998069732,34918400000,698368000000,1.0,0.02858292,0.0014291459
SIFT1M,1000000,1000000,50,1000,0.8,0.1,793600000,555520000,6801705,3968000,155545600,35235840,2380800,1111040,3870907,1002513892,34918400000,698368000000,1.0,0.02871019,0.0014355095
SIFT1M,1000000,1000000,50,1000,0.8,0.2,793600000,555520000,7277865,6348800,155545600,40314880,2380800,1428480,4505787,1011402212,34918400000,698368000000,1.0,0.02896474,0.0014482368
SIFT1M,1000000,1000000,50,1000,0.8,0.5,793600000,555520000,8706345,13491200,155545600,55552000,2380800,2380800,6410427,1038067172,34918400000,698368000000,1.0,0.02972837,0.0014864186
SIFT1M,1000000,1000000,50,1000,0.95,0.0,793600000,555520000,6325545,1587200,157926400,34323200,2380800,793600,3569339,1000506084,36108800000,698368000000,1.0,0.0277081,0.0014326345
SIFT1M,1000000,1000000,50,1000,0.95,0.01,793600000,555520000,6373161,1825280,157926400,34926336,2380800,825344,3640446,1001497767,36108800000,698368000000,1.0,0.02773556,0.0014340545
SIFT1M,1000000,1000000,50,1000,0.95,0.05,793600000,555520000,6563625,2777600,157926400,37338880,2380800,952320,3924872,1005464497,36108800000,698368000000,1.0,0.02784541,0.0014397345
SIFT1M,1000000,1000000,50,1000,0.95,0.1,793600000,555520000,6801705,3968000,157926400,40354560,2380800,1111040,4280405,1010422910,36108800000,698368000000,1.0,0.02798273,0.0014468345
SIFT1M,1000000,1000000,50,1000,0.95,0.2,793600000,555520000,7277865,6348800,157926400,46385920,2380800,1428480,4991470,1020339735,36108800000,698368000000,1.0,0.02825737,0.0014610345
SIFT1M,1000000,1000000,50,1000,0.95,0.5,793600000,555520000,8706345,13491200,157926400,64480000,2380800,2380800,7124667,1050090212,36108800000,698368000000,1.0,0.02908128,0.0015036345
SIFT1M,1000000,1000000,50,10000,0.2,0.0,793600000,555520000,6325545,1587200,146022400,13491200,2380800,793600,1902779,966103524,30156800000,6983680000000,1.0,0.03203601,0.0001383373
SIFT1M,1000000,1000000,50,10000,0.2,0.01,793600000,555520000,6373161,1825280,146022400,13618176,2380800,825344,1935793,966580954,30156800000,6983680000000,1.0,0.03205184,0.0001384057
SIFT1M,1000000,1000000,50,10000,0.2,0.05,793600000,555520000,6563625,2777600,146022400,14126080,2380800,952320,2067848,968490673,30156800000,6983680000000,1.0,0.03211517,0.0001386791
SIFT1M,1000000,1000000,50,10000,0.2,0.1,793600000,555520000,6801705,3968000,146022400,14760960,2380800,1111040,2232917,970877822,30156800000,6983680000000,1.0,0.03219433,0.0001390209
SIFT1M,1000000,1000000,50,10000,0.2,0.2,793600000,555520000,7277865,6348800,146022400,16030720,2380800,1428480,2563054,975652119,30156800000,6983680000000,1.0,0.03235264,0.0001397046
SIFT1M,1000000,1000000,50,10000,0.2,0.5,793600000,555520000,8706345,13491200,146022400,19840000,2380800,2380800,3553467,989975012,30156800000,6983680000000,1.0,0.03282759,0.0001417555
SIFT1M,1000000,1000000,50,10000,0.5,0.0,793600000,555520000,6325545,1587200,150784000,21824000,2380800,793600,2569403,979864548,32537599999,6983680000000,1.0,0.03011484,0.0001403078
SIFT1M,1000000,1000000,50,10000,0.5,0.01,793600000,555520000,6373161,1825280,150784000,22141440,2380800,825344,2617654,980547679,32537599999,6983680000000,1.0,0.03013583,0.0001404056
SIFT1M,1000000,1000000,50,10000,0.5,0.05,793600000,555520000,6563625,2777600,150784000,23411200,2380800,952320,2810658,983280203,32537599999,6983680000000,1.0,0.03021981,0.0001407969
SIFT1M,1000000,1000000,50,10000,0.5,0.1,793600000,555520000,6801705,3968000,150784000,24998400,2380800,1111040,3051912,986695857,32537599999,6983680000000,1.0,0.03032479,0.0001412859
SIFT1M,1000000,1000000,50,10000,0.5,0.2,793600000,555520000,7277865,6348800,150784000,28172800,2380800,1428480,3534421,993527166,32537599999,6983680000000,1.0,0.03053474,0.0001422641
SIFT1M,1000000,1000000,50,10000,0.5,0.5,793600000,555520000,8706345,13491200,150784000,37696000,2380800,2380800,4981947,1014021092,32537599999,6983680000000,1.0,0.03116459,0.0001451987
SIFT1M,1000000,1000000,50,10000,0.8,0.0,793600000,555520000,6325545,1587200,155545600,30156800,2380800,793600,3236027,993625572,34918400000,6983680000000,1.0,0.02845564,0.0001422782
SIFT1M,1000000,1000000,50,10000,0.8,0.01,793600000,555520000,6373161,1825280,155545600,30664704,2380800,825344,3299515,994514404,34918400000,6983680000000,1.0,0.0284811,0.0001424055
SIFT1M,1000000,1000000,50,10000,0.8,0.05,793600000,555520000,6563625,2777600,155545600,32696320,2380800,952320,3553467,998069732,34918400000,6983680000000,1.0,0.02858292,0.0001429146
SIFT1M,1000000,1000000,50,10000,0.8,0.1,793600000,555520000,6801705,3968000,155545600,35235840,2380800,1111040,3870907,1002513892,34918400000,6983680000000,1.0,0.02871019,0.0001435509
SIFT1M,1000000,1000000,50,10000,0.8,0.2,793600000,555520000,7277865,6348800,155545600,40314880,2380800,1428480,4505787,1011402212,34918400000,6983680000000,1.0,0.02896474,0.0001448237
SIFT1M,1000000,1000000,50,10000,0.8,0.5,793600000,555520000,8706345,13491200,155545600,55552000,2380800,2380800,6410427,1038067172,34918400000,6983680000000,1.0,0.02972837,0.0001486419
SIFT1M,1000000,1000000,50,10000,0.95,0.0,793600000,555520000,6325545,1587200,157926400,34323200,2380800,793600,3569339,1000506084,36108800000,6983680000000,1.0,0.0277081,0.0001432634
SIFT1M,1000000,1000000,50,10000,0.95,0.01,793600000,555520000,6373161,1825280,157926400,34926336,2380800,825344,3640446,1001497767,36108800000,6983680000000,1.0,0.02773556,0.0001434054
SIFT1M,1000000,1000000,50,10000,0.95,0.05,793600000,555520000,6563625,2777600,157926400,37338880,2380800,952320,3924872,1005464497,36108800000,6983680000000,1.0,0.02784541,0.0001439734
SIFT1M,1000000,1000000,50,10000,0.95,0.1,793600000,555520000,6801705,3968000,157926400,40354560,2380800,1111040,4280405,1010422910,36108800000,6983680000000,1.0,0.02798273,0.0001446834
SIFT1M,1000000,1000000,50,10000,0.95,0.2,793600000,555520000,7277865,6348800,157926400,46385920,2380800,1428480,4991470,1020339735,36108800000,6983680000000,1.0,0.02825737,0.0001461034
SIFT1M,1000000,1000000,50,10000,0.95,0.5,793600000,555520000,8706345,13491200,157926400,64480000,2380800,2380800,7124667,1050090212,36108800000,6983680000000,1.0,0.02908128,0.0001503634
SIFT1M,1000000,1000000,50,100000,0.2,0.0,793600000,555520000,6325545,1587200,146022400,13491200,2380800,793600,1902779,966103524,30156800000,69836800000000,1.0,0.03203601,1.38337e-05
SIFT1M,1000000,1000000,50,100000,0.2,0.01,793600000,555520000,6373161,1825280,146022400,13618176,2380800,825344,1935793,966580954,30156800000,69836800000000,1.0,0.03205184,1.38406e-05
SIFT1M,1000000,1000000,50,100000,0.2,0.05,793600000,555520000,6563625,2777600,146022400,14126080,2380800,952320,2067848,968490673,30156800000,69836800000000,1.0,0.03211517,1.38679e-05
SIFT1M,1000000,1000000,50,100000,0.2,0.1,793600000,555520000,6801705,3968000,146022400,14760960,2380800,1111040,2232917,970877822,30156800000,69836800000000,1.0,0.03219433,1.39021e-05
SIFT1M,1000000,1000000,50,100000,0.2,0.2,793600000,555520000,7277865,6348800,146022400,16030720,2380800,1428480,2563054,975652119,30156800000,69836800000000,1.0,0.03235264,1.39705e-05
SIFT1M,1000000,1000000,50,100000,0.2,0.5,793600000,555520000,8706345,13491200,146022400,19840000,2380800,2380800,3553467,989975012,30156800000,69836800000000,1.0,0.03282759,1.41755e-05
SIFT1M,1000000,1000000,50,100000,0.5,0.0,793600000,555520000,6325545,1587200,150784000,21824000,2380800,793600,2569403,979864548,32537599999,69836800000000,1.0,0.03011484,1.40308e-05
SIFT1M,1000000,1000000,50,100000,0.5,0.01,793600000,555520000,6373161,1825280,150784000,22141440,2380800,825344,2617654,980547679,32537599999,69836800000000,1.0,0.03013583,1.40406e-05
SIFT1M,1000000,1000000,50,100000,0.5,0.05,793600000,555520000,6563625,2777600,150784000,23411200,2380800,952320,2810658,983280203,32537599999,69836800000000,1.0,0.03021981,1.40797e-05
SIFT1M,1000000,1000000,50,100000,0.5,0.1,793600000,555520000,6801705,3968000,150784000,24998400,2380800,1111040,3051912,986695857,32537599999,69836800000000,1.0,0.03032479,1.41286e-05
SIFT1M,1000000,1000000,50,100000,0.5,0.2,793600000,555520000,7277865,6348800,150784000,28172800,2380800,1428480,3534421,993527166,32537599999,69836800000000,1.0,0.03053474,1.42264e-05
SIFT1M,1000000,1000000,50,100000,0.5,0.5,793600000,555520000,8706345,13491200,150784000,37696000,2380800,2380800,4981947,1014021092,32537599999,69836800000000,1.0,0.03116459,1.45199e-05
SIFT1M,1000000,1000000,50,100000,0.8,0.0,793600000,555520000,6325545,1587200,155545600,30156800,2380800,793600,3236027,993625572,34918400000,69836800000000,1.0,0.02845564,1.42278e-05
SIFT1M,1000000,1000000,50,100000,0.8,0.01,793600000,555520000,6373161,1825280,155545600,30664704,2380800,825344,3299515,994514404,34918400000,69836800000000,1.0,0.0284811,1.42405e-05
SIFT1M,1000000,1000000,50,100000,0.8,0.05,793600000,555520000,6563625,2777600,155545600,32696320,2380800,952320,3553467,998069732,34918400000,69836800000000,1.0,0.02858292,1.42915e-05
SIFT1M,1000000,1000000,50,100000,0.8,0.1,793600000,555520000,6801705,3968000,155545600,35235840,2380800,1111040,3870907,1002513892,34918400000,69836800000000,1.0,0.02871019,1.43551e-05
SIFT1M,1000000,1000000,50,100000,0.8,0.2,793600000,555520000,7277865,6348800,155545600,40314880,2380800,1428480,4505787,1011402212,34918400000,69836800000000,1.0,0.02896474,1.44824e-05
SIFT1M,1000000,1000000,50,100000,0.8,0.5,793600000,555520000,8706345,13491200,155545600,55552000,2380800,2380800,6410427,1038067172,34918400000,69836800000000,1.0,0.02972837,1.48642e-05
SIFT1M,1000000,1000000,50,100000,0.95,0.0,793600000,555520000,6325545,1587200,157926400,34323200,2380800,793600,3569339,1000506084,36108800000,69836800000000,1.0,0.0277081,1.43263e-05
SIFT1M,1000000,1000000,50,100000,0.95,0.01,793600000,555520000,6373161,1825280,157926400,34926336,2380800,825344,3640446,1001497767,36108800000,69836800000000,1.0,0.02773556,1.43405e-05
SIFT1M,1000000,1000000,50,100000,0.95,0.05,793600000,555520000,6563625,2777600,157926400,37338880,2380800,952320,3924872,1005464497,36108800000,69836800000000,1.0,0.02784541,1.43973e-05
SIFT1M,1000000,1000000,50,100000,0.95,0.1,793600000,555520000,6801705,3968000,157926400,40354560,2380800,1111040,4280405,1010422910,36108800000,69836800000000,1.0,0.02798273,1.44683e-05
SIFT1M,1000000,1000000,50,100000,0.95,0.2,793600000,555520000,7277865,6348800,157926400,46385920,2380800,1428480,4991470,1020339735,36108800000,69836800000000,1.0,0.02825737,1.46103e-05
SIFT1M,1000000,1000000,50,100000,0.95,0.5,793600000,555520000,8706345,13491200,157926400,64480000,2380800,2380800,7124667,1050090212,36108800000,69836800000000,1.0,0.02908128,1.50363e-05
SIFT1M,1000000,1000000,100,1000,0.2,0.0,793600000,555520000,6873169,1587200,146022400,13491200,2380800,793600,1946589,966694958,60313600000,698368000000,1.0,0.01602781,0.00138422
SIFT1M,1000000,1000000,100,1000,0.2,0.01,793600000,555520000,6920785,1825280,146022400,13618176,2380800,825344,1979603,967172388,60313600000,698368000000,1.0,0.01603573,0.0013849036
SIFT1M,1000000,1000000,100,1000,0.2,0.05,793600000,555520000,7111249,2777600,146022400,14126080,2380800,952320,2111658,969082107,60313600000,698368000000,1.0,0.01606739,0.0013876382
SIFT1M,1000000,1000000,100,1000,0.2,0.1,793600000,555520000,7349329,3968000,146022400,14760960,2380800,1111040,2276727,971469256,60313600000,698368000000,1.0,0.01610697,0.0013910564
SIFT1M,1000000,1000000,100,1000,0.2,0.2,793600000,555520000,7825489,6348800,146022400,16030720,2380800,1428480,2606864,976243553,60313600000,698368000000,1.0,0.01618613,0.0013978927
SIFT1M,1000000,1000000,100,1000,0.2,0.5,793600000,555520000,9253969,13491200,146022400,19840000,2380800,2380800,3597277,990566446,60313600000,698368000000,1.0,0.0164236,0.0014184018
SIFT1M,1000000,1000000,100,1000,0.5,0.0,793600000,555520000,6873169,1587200,150784000,21824000,2380800,793600,2613213,980455982,65075199999,698368000000,1.0,0.01506651,0.0014039246
SIFT1M,1000000,1000000,100,1000,0.5,0.01,793600000,555520000,6920785,1825280,150784000,22141440,2380800,825344,2661464,981139113,65075199999,698368000000,1.0,0.015077,0.0014049027
SIFT1M,1000000,1000000,100,1000,0.5,0.05,793600000,555520000,7111249,2777600,150784000,23411200,2380800,952320,2854467,983871636,65075199999,698368000000,1.0,0.015119,0.0014088155
SIFT1M,1000000,1000000,100,1000,0.5,0.1,793600000,555520000,7349329,3968000,150784000,24998400,2380800,1111040,3095722,987287291,65075199999,698368000000,1.0,0.01517148,0.0014137064
SIFT1M,1000000,1000000,100,1000,0.5,0.2,793600000,555520000,7825489,6348800,150784000,28172800,2380800,1428480,3578231,994118600,65075199999,698368000000,1.0,0.01527646,0.0014234882
SIFT1M,1000000,1000000,100,1000,0.5,0.5,793600000,555520000,9253969,13491200,150784000,37696000,2380800,2380800,5025757,1014612526,65075199999,698368000000,1.0,0.01559139,0.0014528336
SIFT1M,1000000,1000000,100,1000,0.8,0.0,793600000,555520000,6873169,1587200,155545600,30156800,2380800,793600,3279837,994217006,69836800000,698368000000,1.0,0.01423629,0.0014236291
SIFT1M,1000000,1000000,100,1000,0.8,0.01,793600000,555520000,6920785,1825280,155545600,30664704,2380800,825344,3343325,995105838,69836800000,698368000000,1.0,0.01424902,0.0014249018
SIFT1M,1000000,1000000,100,1000,0.8,0.05,793600000,555520000,7111249,2777600,155545600,32696320,2380800,952320,3597277,998661166,69836800000,698368000000,1.0,0.01429993,0.0014299927
SIFT1M,1000000,1000000,100,1000,0.8,0.1,793600000,555520000,7349329,3968000,155545600,35235840,2380800,1111040,3914717,1003105326,69836800000,698368000000,1.0,0.01436356,0.0014363564
SIFT1M,1000000,1000000,100,1000,0.8,0.2,793600000,555520000,7825489,6348800,155545600,40314880,2380800,1428480,4549597,1011993646,69836800000,698368000000,1.0,0.01449084,0.0014490836
SIFT1M,1000000,1000000,100,1000,0.8,0.5,793600000,555520000,9253969,13491200,155545600,55552000,2380800,2380800,6454237,1038658606,69836800000,698368000000,1.0,0.01487265,0.0014872655
SIFT1M,1000000,1000000,100,1000,0.95,0.0,793600000,555520000,6873169,1587200,157926400,34323200,2380800,793600,3613149,1001097518,72217600000,698368000000,1.0,0.01386224,0.0014334814
SIFT1M,1000000,1000000,100,1000,0.95,0.01,793600000,555520000,6920785,1825280,157926400,34926336,2380800,825344,3684256,1002089201,72217600000,698368000000,1.0,0.01387597,0.0014349014
SIFT1M,1000000,1000000,100,1000,0.95,0.05,793600000,555520000,7111249,2777600,157926400,37338880,2380800,952320,3968682,1006055931,72217600000,698368000000,1.0,0.0139309,0.0014405814
SIFT1M,1000000,1000000,100,1000,0.95,0.1,793600000,555520000,7349329,3968000,157926400,40354560,2380800,1111040,4324215,1011014344,72217600000,698368000000,1.0,0.01399956,0.0014476814
SIFT1M,1000000,1000000,100,1000,0.95,0.2,793600000,555520000,7825489,6348800,157926400,46385920,2380800,1428480,5035280,1020931169,72217600000,698368000000,1.0,0.01413687,0.0014618814
SIFT1M,1000000,1000000,100,1000,0.95,0.5,793600000,555520000,9253969,13491200,157926400,64480000,2380800,2380800,7168477,1050681646,72217600000,698368000000,1.0,0.01454883,0.0015044814
SIFT1M,1000000,1000000,100,10000,0.2,0.0,793600000,555520000,6873169,1587200,146022400,13491200,2380800,793600,1946589,966694958,60313600000,6983680000000,1.0,0.01602781,0.000138422
SIFT1M,1000000,1000000,100,10000,0.2,0.01,793600000,555520000,6920785,1825280,146022400,13618176,2380800,825344,1979603,967172388,60313600000,6983680000000,1.0,0.01603573,0.0001384904
SIFT1M,1000000,1000000,100,10000,0.2,0.05,793600000,555520000,7111249,2777600,146022400,14126080,2380800,952320,2111658,969082107,60313600000,6983680000000,1.0,0.01606739,0.0001387638
SIFT1M,1000000,1000000,100,10000,0.2,0.1,793600000,555520000,7349329,3968000,146022400,14760960,2380800,1111040,2276727,971469256,60313600000,6983680000000,1.0,0.01610697,0.0001391056
SIFT1M,1000000,1000000,100,10000,0.2,0.2,793600000,555520000,7825489,6348800,146022400,16030720,2380800,1428480,2606864,976243553,60313600000,6983680000000,1.0,0.01618613,0.0001397893
SIFT1M,1000000,1000000,100,10000,0.2,0.5,793600000,555520000,9253969,13491200,146022400,19840000,2380800,2380800,3597277,990566446,60313600000,6983680000000,1.0,0.0164236,0.0001418402
SIFT1M,1000000,1000000,100,10000,0.5,0.0,793600000,555520000,6873169,1587200,150784000,21824000,2380800,793600,2613213,980455982,65075199999,6983680000000,1.0,0.01506651,0.0001403925
SIFT1M,1000000,1000000,100,10000,0.5,0.01,793600000,555520000,6920785,1825280,150784000,22141440,2380800,825344,2661464,981139113,65075199999,6983680000000,1.0,0.015077,0.0001404903
SIFT1M,1000000,1000000,100,10000,0.5,0.05,793600000,555520000,7111249,2777600,150784000,23411200,2380800,952320,2854467,983871636,65075199999,6983680000000,1.0,0.015119,0.0001408815
SIFT1M,1000000,1000000,100,10000,0.5,0.1,793600000,555520000,7349329,3968000,150784000,24998400,2380800,1111040,3095722,987287291,65075199999,6983680000000,1.0,0.01517148,0.0001413706
SIFT1M,1000000,1000000,100,10000,0.5,0.2,793600000,555520000,7825489,6348800,150784000,28172800,2380800,1428480,3578231,994118600,65075199999,6983680000000,1.0,0.01527646,0.0001423488
SIFT1M,1000000,1000000,100,10000,0.5,0.5,793600000,555520000,9253969,13491200,150784000,37696000,2380800,2380800,5025757,1014612526,65075199999,6983680000000,1.0,0.01559139,0.0001452834
SIFT1M,1000000,1000000,100,10000,0.8,0.0,793600000,555520000,6873169,1587200,155545600,30156800,2380800,793600,3279837,994217006,69836800000,6983680000000,1.0,0.01423629,0.0001423629
SIFT1M,1000000,1000000,100,10000,0.8,0.01,793600000,555520000,6920785,1825280,155545600,30664704,2380800,825344,3343325,995105838,69836800000,6983680000000,1.0,0.01424902,0.0001424902
SIFT1M,1000000,1000000,100,10000,0.8,0.05,793600000,555520000,7111249,2777600,155545600,32696320,2380800,952320,3597277,998661166,69836800000,6983680000000,1.0,0.01429993,0.0001429993
SIFT1M,1000000,1000000,100,10000,0.8,0.1,793600000,555520000,7349329,3968000,155545600,35235840,2380800,1111040,3914717,1003105326,69836800000,6983680000000,1.0,0.01436356,0.0001436356
SIFT1M,1000000,1000000,100,10000,0.8,0.2,793600000,555520000,7825489,6348800,155545600,40314880,2380800,1428480,4549597,1011993646,69836800000,6983680000000,1.0,0.01449084,0.0001449084
SIFT1M,1000000,1000000,100,10000,0.8,0.5,793600000,555520000,9253969,13491200,155545600,55552000,2380800,2380800,6454237,1038658606,69836800000,6983680000000,1.0,0.01487265,0.0001487265
SIFT1M,1000000,1000000,100,10000,0.95,0.0,793600000,555520000,6873169,1587200,157926400,34323200,2380800,793600,3613149,1001097518,72217600000,6983680000000,1.0,0.01386224,0.0001433481
SIFT1M,1000000,1000000,100,10000,0.95,0.01,793600000,555520000,6920785,1825280,157926400,34926336,2380800,825344,3684256,1002089201,72217600000,6983680000000,1.0,0.01387597,0.0001434901
SIFT1M,1000000,1000000,100,10000,0.95,0.05,793600000,555520000,7111249,2777600,157926400,37338880,2380800,952320,3968682,1006055931,72217600000,6983680000000,1.0,0.0139309,0.0001440581
SIFT1M,1000000,1000000,100,10000,0.95,0.1,793600000,555520000,7349329,3968000,157926400,40354560,2380800,1111040,4324215,1011014344,72217600000,6983680000000,1.0,0.01399956,0.0001447681
SIFT1M,1000000,1000000,100,10000,0.95,0.2,793600000,555520000,7825489,6348800,157926400,46385920,2380800,1428480,5035280,1020931169,72217600000,6983680000000,1.0,0.01413687,0.0001461881
SIFT1M,1000000,1000000,100,10000,0.95,0.5,793600000,555520000,9253969,13491200,157926400,64480000,2380800,2380800,7168477,1050681646,72217600000,6983680000000,1.0,0.01454883,0.0001504481
SIFT1M,1000000,1000000,100,100000,0.2,0.0,793600000,555520000,6873169,1587200,146022400,13491200,2380800,793600,1946589,966694958,60313600000,69836800000000,1.0,0.01602781,1.38422e-05
SIFT1M,1000000,1000000,100,100000,0.2,0.01,793600000,555520000,6920785,1825280,146022400,13618176,2380800,825344,1979603,967172388,60313600000,69836800000000,1.0,0.01603573,1.3849e-05
SIFT1M,1000000,1000000,100,100000,0.2,0.05,793600000,555520000,7111249,2777600,146022400,14126080,2380800,952320,2111658,969082107,60313600000,69836800000000,1.0,0.01606739,1.38764e-05
SIFT1M,1000000,1000000,100,100000,0.2,0.1,793600000,555520000,7349329,3968000,146022400,14760960,2380800,1111040,2276727,971469256,60313600000,69836800000000,1.0,0.01610697,1.39106e-05
SIFT1M,1000000,1000000,100,100000,0.2,0.2,793600000,555520000,7825489,6348800,146022400,16030720,2380800,1428480,2606864,976243553,60313600000,69836800000000,1.0,0.01618613,1.39789e-05
SIFT1M,1000000,1000000,100,100000,0.2,0.5,793600000,555520000,9253969,13491200,146022400,19840000,2380800,2380800,3597277,990566446,60313600000,69836800000000,1.0,0.0164236,1.4184e-05
SIFT1M,1000000,1000000,100,100000,0.5,0.0,793600000,555520000,6873169,1587200,150784000,21824000,2380800,793600,2613213,980455982,65075199999,69836800000000,1.0,0.01506651,1.40392e-05
SIFT1M,1000000,1000000,100,100000,0.5,0.01,793600000,555520000,6920785,1825280,150784000,22141440,2380800,825344,2661464,981139113,65075199999,69836800000000,1.0,0.015077,1.4049e-05
SIFT1M,1000000,1000000,100,100000,0.5,0.05,793600000,555520000,7111249,2777600,150784000,23411200,2380800,952320,2854467,983871636,65075199999,69836800000000,1.0,0.015119,1.40882e-05
SIFT1M,1000000,1000000,100,100000,0.5,0.1,793600000,555520000,7349329,3968000,150784000,24998400,2380800,1111040,3095722,987287291,65075199999,69836800000000,1.0,0.01517148,1.41371e-05
SIFT1M,1000000,1000000,100,100000,0.5,0.2,793600000,555520000,7825489,6348800,150784000,28172800,2380800,1428480,3578231,994118600,65075199999,69836800000000,1.0,0.01527646,1.42349e-05
SIFT1M,1000000,1000000,100,100000,0.5,0.5,793600000,555520000,9253969,13491200,150784000,37696000,2380800,2380800,5025757,1014612526,65075199999,69836800000000,1.0,0.01559139,1.45283e-05
SIFT1M,1000000,1000000,100,100000,0.8,0.0,793600000,555520000,6873169,1587200,155545600,30156800,2380800,793600,3279837,994217006,69836800000,69836800000000,1.0,0.01423629,1.42363e-05
SIFT1M,1000000,1000000,100,100000,0.8,0.01,793600000,555520000,6920785,1825280,155545600,30664704,2380800,825344,3343325,995105838,69836800000,69836800000000,1.0,0.01424902,1.4249e-05
SIFT1M,1000000,1000000,100,100000,0.8,0.05,793600000,555520000,7111249,2777600,155545600,32696320,2380800,952320,3597277,998661166,69836800000,69836800000000,1.0,0.01429993,1.42999e-05
SIFT1M,1000000,1000000,100,100000,0.8,0.1,793600000,555520000,7349329,3968000,155545600,35235840,2380800,1111040,3914717,1003105326,69836800000,69836800000000,1.0,0.01436356,1.43636e-05
SIFT1M,1000000,1000000,100,100000,0.8,0.2,793600000,555520000,7825489,6348800,155545600,40314880,2380800,1428480,4549597,1011993646,69836800000,69836800000000,1.0,0.01449084,1.44908e-05
SIFT1M,1000000,1000000,100,100000,0.8,0.5,793600000,555520000,9253969,13491200,155545600,55552000,2380800,2380800,6454237,1038658606,69836800000,69836800000000,1.0,0.01487265,1.48727e-05
SIFT1M,1000000,1000000,100,100000,0.95,0.0,793600000,555520000,6873169,1587200,157926400,34323200,2380800,793600,3613149,1001097518,72217600000,69836800000000,1.0,0.01386224,1.43348e-05
SIFT1M,1000000,1000000,100,100000,0.95,0.01,793600000,555520000,6920785,1825280,157926400,34926336,2380800,825344,3684256,1002089201,72217600000,69836800000000,1.0,0.01387597,1.4349e-05
SIFT1M,1000000,1000000,100,100000,0.95,0.05,793600000,555520000,7111249,2777600,157926400,37338880,2380800,952320,3968682,1006055931,72217600000,69836800000000,1.0,0.0139309,1.44058e-05
SIFT1M,1000000,1000000,100,100000,0.95,0.1,793600000,555520000,7349329,3968000,157926400,40354560,2380800,1111040,4324215,1011014344,72217600000,69836800000000,1.0,0.01399956,1.44768e-05
SIFT1M,1000000,1000000,100,100000,0.95,0.2,793600000,555520000,7825489,6348800,157926400,46385920,2380800,1428480,5035280,1020931169,72217600000,69836800000000,1.0,0.01413687,1.46188e-05
SIFT1M,1000000,1000000,100,100000,0.95,0.5,793600000,555520000,9253969,13491200,157926400,64480000,2380800,2380800,7168477,1050681646,72217600000,69836800000000,1.0,0.01454883,1.50448e-05
SIFT1M,1000000,1000000,500,1000,0.2,0.0,793600000,555520000,8156673,1587200,146022400,13491200,2380800,793600,2049269,968081142,301568000000,698368000000,1.0,0.00321016,0.0013862049
SIFT1M,1000000,1000000,500,1000,0.2,0.01,793600000,555520000,8204289,1825280,146022400,13618176,2380800,825344,2082283,968558572,301568000000,698368000000,1.0,0.00321174,0.0013868885
SIFT1M,1000000,1000000,500,1000,0.2,0.05,793600000,555520000,8394753,2777600,146022400,14126080,2380800,952320,2214338,970468291,301568000000,698368000000,1.0,0.00321807,0.0013896231
SIFT1M,1000000,1000000,500,1000,0.2,0.1,793600000,555520000,8632833,3968000,146022400,14760960,2380800,1111040,2379407,972855440,301568000000,698368000000,1.0,0.00322599,0.0013930413
SIFT1M,1000000,1000000,500,1000,0.2,0.2,793600000,555520000,9108993,6348800,146022400,16030720,2380800,1428480,2709545,977629738,301568000000,698368000000,1.0,0.00324182,0.0013998776
SIFT1M,1000000,1000000,500,1000,0.2,0.5,793600000,555520000,10537473,13491200,146022400,19840000,2380800,2380800,3699957,991952630,301568000000,698368000000,1.0,0.00328932,0.0014203867
SIFT1M,1000000,1000000,500,1000,0.5,0.0,793600000,555520000,8156673,1587200,150784000,21824000,2380800,793600,2715893,981842166,325376000000,698368000000,1.0,0.00301756,0.0014059094
SIFT1M,1000000,1000000,500,1000,0.5,0.01,793600000,555520000,8204289,1825280,150784000,22141440,2380800,825344,2764144,982525297,325376000000,698368000000,1.0,0.00301966,0.0014068876
SIFT1M,1000000,1000000,500,1000,0.5,0.05,793600000,555520000,8394753,2777600,150784000,23411200,2380800,952320,2957148,985257821,325376000000,698368000000,1.0,0.00302806,0.0014108004
SIFT1M,1000000,1000000,500,1000,0.5,0.1,793600000,555520000,8632833,3968000,150784000,24998400,2380800,1111040,3198402,988673475,325376000000,698368000000,1.0,0.00303856,0.0014156913
SIFT1M,1000000,1000000,500,1000,0.5,0.2,793600000,555520000,9108993,6348800,150784000,28172800,2380800,1428480,3680911,995504784,325376000000,698368000000,1.0,0.00305955,0.0014254731
SIFT1M,1000000,1000000,500,1000,0.5,0.5,793600000,555520000,10537473,13491200,150784000,37696000,2380800,2380800,5128437,1015998710,325376000000,698368000000,1.0,0.00312254,0.0014548185
SIFT1M,1000000,1000000,500,1000,0.8,0.0,793600000,555520000,8156673,1587200,155545600,30156800,2380800,793600,3382517,995603190,349184000000,698368000000,1.0,0.00285123,0.001425614
SIFT1M,1000000,1000000,500,1000,0.8,0.01,793600000,555520000,8204289,1825280,155545600,30664704,2380800,825344,3446005,996492022,349184000000,698368000000,1.0,0.00285377,0.0014268867
SIFT1M,1000000,1000000,500,1000,0.8,0.05,793600000,555520000,8394753,2777600,155545600,32696320,2380800,952320,3699957,1000047350,349184000000,698368000000,1.0,0.00286396,0.0014319776
SIFT1M,1000000,1000000,500,1000,0.8,0.1,793600000,555520000,8632833,3968000,155545600,35235840,2380800,1111040,4017397,1004491510,349184000000,698368000000,1.0,0.00287668,0.0014383413
SIFT1M,1000000,1000000,500,1000,0.8,0.2,793600000,555520000,9108993,6348800,155545600,40314880,2380800,1428480,4652277,1013379830,349184000000,698368000000,1.0,0.00290214,0.0014510685
SIFT1M,1000000,1000000,500,1000,0.8,0.5,793600000,555520000,10537473,13491200,155545600,55552000,2380800,2380800,6556917,1040044790,349184000000,698368000000,1.0,0.0029785,0.0014892504
SIFT1M,1000000,1000000,500,1000,0.95,0.0,793600000,555520000,8156673,1587200,157926400,34323200,2380800,793600,3715829,1002483702,361087999999,698368000000,1.0,0.00277629,0.0014354663
SIFT1M,1000000,1000000,500,1000,0.95,0.01,793600000,555520000,8204289,1825280,157926400,34926336,2380800,825344,3786936,1003475385,361087999999,698368000000,1.0,0.00277903,0.0014368863
SIFT1M,1000000,1000000,500,1000,0.95,0.05,793600000,555520000,8394753,2777600,157926400,37338880,2380800,952320,4071362,1007442115,361087999999,698368000000,1.0,0.00279002,0.0014425663
SIFT1M,1000000,1000000,500,1000,0.95,0.1,793600000,555520000,8632833,3968000,157926400,40354560,2380800,1111040,4426895,1012400528,361087999999,698368000000,1.0,0.00280375,0.0014496663
SIFT1M,1000000,1000000,500,1000,0.95,0.2,793600000,555520000,9108993,6348800,157926400,46385920,2380800,1428480,5137961,1022317354,361087999999,698368000000,1.0,0.00283121,0.0014638663
SIFT1M,1000000,1000000,500,1000,0.95,0.5,793600000,555520000,10537473,13491200,157926400,64480000,2380800,2380800,7271157,1052067830,361087999999,698368000000,1.0,0.00291361,0.0015064663
SIFT1M,1000000,1000000,500,10000,0.2,0.0,793600000,555520000,8156673,1587200,146022400,13491200,2380800,793600,2049269,968081142,301568000000,6983680000000,1.0,0.00321016,0.0001386205
SIFT1M,1000000,1000000,500,10000,0.2,0.01,793600000,555520000,8204289,1825280,146022400,13618176,2380800,825344,2082283,968558572,301568000000,6983680000000,1.0,0.00321174,0.0001386889
SIFT1M,1000000,1000000,500,10000,0.2,0.05,793600000,555520000,8394753,2777600,146022400,14126080,2380800,952320,2214338,970468291,301568000000,6983680000000,1.0,0.00321807,0.0001389623
SIFT1M,1000000,1000000,500,10000,0.2,0.1,793600000,555520000,8632833,3968000,146022400,14760960,2380800,1111040,2379407,972855440,301568000000,6983680000000,1.0,0.00322599,0.0001393041
SIFT1M,1000000,1000000,500,10000,0.2,0.2,793600000,555520000,9108993,6348800,146022400,16030720,2380800,1428480,2709545,977629738,301568000000,6983680000000,1.0,0.00324182,0.0001399878
SIFT1M,1000000,1000000,500,10000,0.2,0.5,793600000,555520000,10537473,13491200,146022400,19840000,2380800,2380800,3699957,991952630,301568000000,6983680000000,1.0,0.00328932,0.0001420387
SIFT1M,1000000,1000000,500,10000,0.5,0.0,793600000,555520000,8156673,1587200,150784000,21824000,2380800,793600,2715893,981842166,325376000000,6983680000000,1.0,0.00301756,0.0001405909
SIFT1M,1000000,1000000,500,10000,0.5,0.01,793600000,555520000,8204289,1825280,150784000,22141440,2380800,825344,2764144,982525297,325376000000,6983680000000,1.0,0.00301966,0.0001406888
SIFT1M,1000000,1000000,500,10000,0.5,0.05,793600000,555520000,8394753,2777600,150784000,23411200,2380800,952320,2957148,985257821,325376000000,6983680000000,1.0,0.00302806,0.00014108
SIFT1M,1000000,1000000,500,10000,0.5,0.1,793600000,555520000,8632833,3968000,150784000,24998400,2380800,1111040,3198402,988673475,325376000000,6983680000000,1.0,0.00303856,0.0001415691
SIFT1M,1000000,1000000,500,10000,0.5,0.2,793600000,555520000,9108993,6348800,150784000,28172800,2380800,1428480,3680911,995504784,325376000000,6983680000000,1.0,0.00305955,0.0001425473
SIFT1M,1000000,1000000,500,10000,0.5,0.5,793600000,555520000,10537473,13491200,150784000,37696000,2380800,2380800,5128437,1015998710,325376000000,6983680000000,1.0,0.00312254,0.0001454819
SIFT1M,1000000,1000000,500,10000,0.8,0.0,793600000,555520000,8156673,1587200,155545600,30156800,2380800,793600,3382517,995603190,349184000000,6983680000000,1.0,0.00285123,0.0001425614
SIFT1M,1000000,1000000,500,10000,0.8,0.01,793600000,555520000,8204289,1825280,155545600,30664704,2380800,825344,3446005,996492022,349184000000,6983680000000,1.0,0.00285377,0.0001426887
SIFT1M,1000000,1000000,500,10000,0.8,0.05,793600000,555520000,8394753,2777600,155545600,32696320,2380800,952320,3699957,1000047350,349184000000,6983680000000,1.0,0.00286396,0.0001431978
SIFT1M,1000000,1000000,500,10000,0.8,0.1,793600000,555520000,8632833,3968000,155545600,35235840,2380800,1111040,4017397,1004491510,349184000000,6983680000000,1.0,0.00287668,0.0001438341
SIFT1M,1000000,1000000,500,10000,0.8,0.2,793600000,555520000,9108993,6348800,155545600,40314880,2380800,1428480,4652277,1013379830,349184000000,6983680000000,1.0,0.00290214,0.0001451069
SIFT1M,1000000,1000000,500,10000,0.8,0.5,793600000,555520000,10537473,13491200,155545600,55552000,2380800,2380800,6556917,1040044790,349184000000,6983680000000,1.0,0.0029785,0.000148925
SIFT1M,1000000,1000000,500,10000,0.95,0.0,793600000,555520000,8156673,1587200,157926400,34323200,2380800,793600,3715829,1002483702,361087999999,6983680000000,1.0,0.00277629,0.0001435466
SIFT1M,1000000,1000000,500,10000,0.95,0.01,793600000,555520000,8204289,1825280,157926400,34926336,2380800,825344,3786936,1003475385,361087999999,6983680000000,1.0,0.00277903,0.0001436886
SIFT1M,1000000,1000000,500,10000,0.95,0.05,793600000,555520000,8394753,2777600,157926400,37338880,2380800,952320,4071362,1007442115,361087999999,6983680000000,1.0,0.00279002,0.0001442566
SIFT1M,1000000,1000000,500,10000,0.95,0.1,793600000,555520000,8632833,3968000,157926400,40354560,2380800,1111040,4426895,1012400528,361087999999,6983680000000,1.0,0.00280375,0.0001449666
SIFT1M,1000000,1000000,500,10000,0.95,0.2,793600000,555520000,9108993,6348800,157926400,46385920,2380800,1428480,5137961,1022317354,361087999999,6983680000000,1.0,0.00283121,0.0001463866
SIFT1M,1000000,1000000,500,10000,0.95,0.5,793600000,555520000,10537473,13491200,157926400,64480000,2380800,2380800,7271157,1052067830,361087999999,6983680000000,1.0,0.00291361,0.0001506466
SIFT1M,1000000,1000000,500,100000,0.2,0.0,793600000,555520000,8156673,1587200,146022400,13491200,2380800,793600,2049269,968081142,301568000000,69836800000000,1.0,0.00321016,1.3862e-05
SIFT1M,1000000,1000000,500,100000,0.2,0.01,793600000,555520000,8204289,1825280,146022400,13618176,2380800,825344,2082283,968558572,301568000000,69836800000000,1.0,0.00321174,1.38689e-05
SIFT1M,1000000,1000000,500,100000,0.2,0.05,793600000,555520000,8394753,2777600,146022400,14126080,2380800,952320,2214338,970468291,301568000000,69836800000000,1.0,0.00321807,1.38962e-05
SIFT1M,1000000,1000000,500,100000,0.2,0.1,793600000,555520000,8632833,3968000,146022400,14760960,2380800,1111040,2379407,972855440,301568000000,69836800000000,1.0,0.00322599,1.39304e-05
SIFT1M,1000000,1000000,500,100000,0.2,0.2,793600000,555520000,9108993,6348800,146022400,16030720,2380800,1428480,2709545,977629738,301568000000,69836800000000,1.0,0.00324182,1.39988e-05
SIFT1M,1000000,1000000,500,100000,0.2,0.5,793600000,555520000,10537473,13491200,146022400,19840000,2380800,2380800,3699957,991952630,301568000000,69836800000000,1.0,0.00328932,1.42039e-05
SIFT1M,1000000,1000000,500,100000,0.5,0.0,793600000,555520000,8156673,1587200,150784000,21824000,2380800,793600,2715893,981842166,325376000000,69836800000000,1.0,0.00301756,1.40591e-05
SIFT1M,1000000,1000000,500,100000,0.5,0.01,793600000,555520000,8204289,1825280,150784000,22141440,2380800,825344,2764144,982525297,325376000000,69836800000000,1.0,0.00301966,1.40689e-05
SIFT1M,1000000,1000000,500,100000,0.5,0.05,793600000,555520000,8394753,2777600,150784000,23411200,2380800,952320,2957148,985257821,325376000000,69836800000000,1.0,0.00302806,1.4108e-05
SIFT1M,1000000,1000000,500,100000,0.5,0.1,793600000,555520000,8632833,3968000,150784000,24998400,2380800,1111040,3198402,988673475,325376000000,69836800000000,1.0,0.00303856,1.41569e-05
SIFT1M,1000000,1000000,500,100000,0.5,0.2,793600000,555520000,9108993,6348800,150784000,28172800,2380800,1428480,3680911,995504784,325376000000,69836800000000,1.0,0.00305955,1.42547e-05
SIFT1M,1000000,1000000,500,100000,0.5,0.5,793600000,555520000,10537473,13491200,150784000,37696000,2380800,2380800,5128437,1015998710,325376000000,69836800000000,1.0,0.00312254,1.45482e-05
SIFT1M,1000000,1000000,500,100000,0.8,0.0,793600000,555520000,8156673,1587200,155545600,30156800,2380800,793600,3382517,995603190,349184000000,69836800000000,1.0,0.00285123,1.42561e-05
SIFT1M,1000000,1000000,500,100000,0.8,0.01,793600000,555520000,8204289,1825280,155545600,30664704,2380800,825344,3446005,996492022,349184000000,69836800000000,1.0,0.00285377,1.42689e-05
SIFT1M,1000000,1000000,500,100000,0.8,0.05,793600000,555520000,8394753,2777600,155545600,32696320,2380800,952320,3699957,1000047350,349184000000,69836800000000,1.0,0.00286396,1.43198e-05
SIFT1M,1000000,1000000,500,100000,0.8,0.1,793600000,555520000,8632833,3968000,155545600,35235840,2380800,1111040,4017397,1004491510,349184000000,69836800000000,1.0,0.00287668,1.43834e-05
SIFT1M,1000000,1000000,500,100000,0.8,0.2,793600000,555520000,9108993,6348800,155545600,40314880,2380800,1428480,4652277,1013379830,349184000000,69836800000000,1.0,0.00290214,1.45107e-05
SIFT1M,1000000,1000000,500,100000,0.8,0.5,793600000,555520000,10537473,13491200,155545600,55552000,2380800,2380800,6556917,1040044790,349184000000,69836800000000,1.0,0.0029785,1.48925e-05
SIFT1M,1000000,1000000,500,100000,0.95,0.0,793600000,555520000,8156673,1587200,157926400,34323200,2380800,793600,3715829,1002483702,361087999999,69836800000000,1.0,0.00277629,1.43547e-05
SIFT1M,1000000,1000000,500,100000,0.95,0.01,793600000,555520000,8204289,1825280,157926400,34926336,2380800,825344,3786936,1003475385,361087999999,69836800000000,1.0,0.00277903,1.43689e-05
SIFT1M,1000000,1000000,500,100000,0.95,0.05,793600000,555520000,8394753,2777600,157926400,37338880,2380800,952320,4071362,1007442115,361087999999,69836800000000,1.0,0.00279002,1.44257e-05
SIFT1M,1000000,1000000,500,100000,0.95,0.1,793600000,555520000,8632833,3968000,157926400,40354560,2380800,1111040,4426895,1012400528,361087999999,69836800000000,1.0,0.00280375,1.44967e-05
SIFT1M,1000000,1000000,500,100000,0.95,0.2,793600000,555520000,9108993,6348800,157926400,46385920,2380800,1428480,5137961,1022317354,361087999999,69836800000000,1.0,0.00283121,1.46387e-05
SIFT1M,1000000,1000000,500,100000,0.95,0.5,793600000,555520000,10537473,13491200,157926400,64480000,2380800,2380800,7271157,1052067830,361087999999,69836800000000,1.0,0.00291361,1.50647e-05
SIFT1M,1000000,1000000,1000,1000,0.2,0.0,793600000,555520000,8711393,1587200,146022400,13491200,2380800,793600,2093647,968680240,603136000000,698368000000,1.0,0.00160607,0.0013870628
SIFT1M,1000000,1000000,1000,1000,0.2,0.01,793600000,555520000,8759009,1825280,146022400,13618176,2380800,825344,2126661,969157670,603136000000,698368000000,1.0,0.00160686,0.0013877464
SIFT1M,1000000,1000000,1000,1000,0.2,0.05,793600000,555520000,8949473,2777600,146022400,14126080,2380800,952320,2258716,971067389,603136000000,698368000000,1.0,0.00161003,0.0013904809
SIFT1M,1000000,1000000,1000,1000,0.2,0.1,793600000,555520000,9187553,3968000,146022400,14760960,2380800,1111040,2423785,973454538,603136000000,698368000000,1.0,0.00161399,0.0013938991
SIFT1M,1000000,1000000,1000,1000,0.2,0.2,793600000,555520000,9663713,6348800,146022400,16030720,2380800,1428480,2753922,978228835,603136000000,698368000000,1.0,0.0016219,0.0014007355
SIFT1M,1000000,1000000,1000,1000,0.2,0.5,793600000,555520000,11092193,13491200,146022400,19840000,2380800,2380800,3744335,992551728,603136000000,698368000000,1.0,0.00164565,0.0014212446
SIFT1M,1000000,1000000,1000,1000,0.5,0.0,793600000,555520000,8711393,1587200,150784000,21824000,2380800,793600,2760271,982441264,650752000000,698368000000,1.0,0.0015097,0.0014067673
SIFT1M,1000000,1000000,1000,1000,0.5,0.01,793600000,555520000,8759009,1825280,150784000,22141440,2380800,825344,2808522,983124395,650752000000,698368000000,1.0,0.00151075,0.0014077455
SIFT1M,1000000,1000000,1000,1000,0.5,0.05,793600000,555520000,8949473,2777600,150784000,23411200,2380800,952320,3001525,985856918,650752000000,698368000000,1.0,0.00151495,0.0014116582
SIFT1M,1000000,1000000,1000,1000,0.5,0.1,793600000,555520000,9187553,3968000,150784000,24998400,2380800,1111040,3242780,989272573,650752000000,698368000000,1.0,0.0015202,0.0014165491
SIFT1M,1000000,1000000,1000,1000,0.5,0.2,793600000,555520000,9663713,6348800,150784000,28172800,2380800,1428480,3725289,996103882,650752000000,698368000000,1.0,0.0015307,0.0014263309
SIFT1M,1000000,1000000,1000,1000,0.5,0.5,793600000,555520000,11092193,13491200,150784000,37696000,2380800,2380800,5172815,1016597808,650752000000,698368000000,1.0,0.00156219,0.0014556764
SIFT1M,1000000,1000000,1000,1000,0.8,0.0,793600000,555520000,8711393,1587200,155545600,30156800,2380800,793600,3426895,996202288,698368000000,698368000000,1.0,0.00142647,0.0014264718
SIFT1M,1000000,1000000,1000,1000,0.8,0.01,793600000,555520000,8759009,1825280,155545600,30664704,2380800,825344,3490383,997091120,698368000000,698368000000,1.0,0.00142774,0.0014277446
SIFT1M,1000000,1000000,1000,1000,0.8,0.05,793600000,555520000,8949473,2777600,155545600,32696320,2380800,952320,3744335,1000646448,698368000000,698368000000,1.0,0.00143284,0.0014328355
SIFT1M,1000000,1000000,1000,1000,0.8,0.1,793600000,555520000,9187553,3968000,155545600,35235840,2380800,1111040,4061775,1005090608,698368000000,698368000000,1.0,0.0014392,0.0014391991
SIFT1M,1000000,1000000,1000,1000,0.8,0.2,793600000,555520000,9663713,6348800,155545600,40314880,2380800,1428480,4696655,1013978928,698368000000,698368000000,1.0,0.00145193,0.0014519264
SIFT1M,1000000,1000000,1000,1000,0.8,0.5,793600000,555520000,11092193,13491200,155545600,55552000,2380800,2380800,6601295,1040643888,698368000000,698368000000,1.0,0.00149011,0.0014901082
SIFT1M,1000000,1000000,1000,1000,0.95,0.0,793600000,555520000,8711393,1587200,157926400,34323200,2380800,793600,3760207,1003082800,722175999999,698368000000,1.0,0.00138897,0.0014363241
SIFT1M,1000000,1000000,1000,1000,0.95,0.01,793600000,555520000,8759009,1825280,157926400,34926336,2380800,825344,3831314,1004074483,722175999999,698368000000,1.0,0.00139035,0.0014377441
SIFT1M,1000000,1000000,1000,1000,0.95,0.05,793600000,555520000,8949473,2777600,157926400,37338880,2380800,952320,4115740,1008041213,722175999999,698368000000,1.0,0.00139584,0.0014434241
SIFT1M,1000000,1000000,1000,1000,0.95,0.1,793600000,555520000,9187553,3968000,157926400,40354560,2380800,1111040,4471273,1012999626,722175999999,698368000000,1.0,0.0014027,0.0014505241
SIFT1M,1000000,1000000,1000,1000,0.95,0.2,793600000,555520000,9663713,6348800,157926400,46385920,2380800,1428480,5182338,1022916451,722175999999,698368000000,1.0,0.00141644,0.0014647241
SIFT1M,1000000,1000000,1000,1000,0.95,0.5,793600000,555520000,11092193,13491200,157926400,64480000,2380800,2380800,7315535,1052666928,722175999999,698368000000,1.0,0.00145763,0.0015073241
SIFT1M,1000000,1000000,1000,10000,0.2,0.0,793600000,555520000,8711393,1587200,146022400,13491200,2380800,793600,2093647,968680240,603136000000,6983680000000,1.0,0.00160607,0.0001387063
SIFT1M,1000000,1000000,1000,10000,0.2,0.01,793600000,555520000,8759009,1825280,146022400,13618176,2380800,825344,2126661,969157670,603136000000,6983680000000,1.0,0.00160686,0.0001387746
SIFT1M,1000000,1000000,1000,10000,0.2,0.05,793600000,555520000,8949473,2777600,146022400,14126080,2380800,952320,2258716,971067389,603136000000,6983680000000,1.0,0.00161003,0.0001390481
SIFT1M,1000000,1000000,1000,10000,0.2,0.1,793600000,555520000,9187553,3968000,146022400,14760960,2380800,1111040,2423785,973454538,603136000000,6983680000000,1.0,0.00161399,0.0001393899
SIFT1M,1000000,1000000,1000,10000,0.2,0.2,793600000,555520000,9663713,6348800,146022400,16030720,2380800,1428480,2753922,978228835,603136000000,6983680000000,1.0,0.0016219,0.0001400735
SIFT1M,1000000,1000000,1000,10000,0.2,0.5,793600000,555520000,11092193,13491200,146022400,19840000,2380800,2380800,3744335,992551728,603136000000,6983680000000,1.0,0.00164565,0.0001421245
SIFT1M,1000000,1000000,1000,10000,0.5,0.0,793600000,555520000,8711393,1587200,150784000,21824000,2380800,793600,2760271,982441264,650752000000,6983680000000,1.0,0.0015097,0.0001406767
SIFT1M,1000000,1000000,1000,10000,0.5,0.01,793600000,555520000,8759009,1825280,150784000,22141440,2380800,825344,2808522,983124395,650752000000,6983680000000,1.0,0.00151075,0.0001407745
SIFT1M,1000000,1000000,1000,10000,0.5,0.05,793600000,555520000,8949473,2777600,150784000,23411200,2380800,952320,3001525,985856918,650752000000,6983680000000,1.0,0.00151495,0.0001411658
SIFT1M,1000000,1000000,1000,10000,0.5,0.1,793600000,555520000,9187553,3968000,150784000,24998400,2380800,1111040,3242780,989272573,650752000000,6983680000000,1.0,0.0015202,0.0001416549
SIFT1M,1000000,1000000,1000,10000,0.5,0.2,793600000,555520000,9663713,6348800,150784000,28172800,2380800,1428480,3725289,996103882,650752000000,6983680000000,1.0,0.0015307,0.0001426331
SIFT1M,1000000,1000000,1000,10000,0.5,0.5,793600000,555520000,11092193,13491200,150784000,37696000,2380800,2380800,5172815,1016597808,650752000000,6983680000000,1.0,0.00156219,0.0001455676
SIFT1M,1000000,1000000,1000,10000,0.8,0.0,793600000,555520000,8711393,1587200,155545600,30156800,2380800,793600,3426895,996202288,698368000000,6983680000000,1.0,0.00142647,0.0001426472
SIFT1M,1000000,1000000,1000,10000,0.8,0.01,793600000,555520000,8759009,1825280,155545600,30664704,2380800,825344,3490383,997091120,698368000000,6983680000000,1.0,0.00142774,0.0001427745
SIFT1M,1000000,1000000,1000,10000,0.8,0.05,793600000,555520000,8949473,2777600,155545600,32696320,2380800,952320,3744335,1000646448,698368000000,6983680000000,1.0,0.00143284,0.0001432835
SIFT1M,1000000,1000000,1000,10000,0.8,0.1,793600000,555520000,9187553,3968000,155545600,35235840,2380800,1111040,4061775,1005090608,698368000000,6983680000000,1.0,0.0014392,0.0001439199
SIFT1M,1000000,1000000,1000,10000,0.8,0.2,793600000,555520000,9663713,6348800,155545600,40314880,2380800,1428480,4696655,1013978928,698368000000,6983680000000,1.0,0.00145193,0.0001451926
SIFT1M,1000000,1000000,1000,10000,0.8,0.5,793600000,555520000,11092193,13491200,155545600,55552000,2380800,2380800,6601295,1040643888,698368000000,6983680000000,1.0,0.00149011,0.0001490108
SIFT1M,1000000,1000000,1000,10000,0.95,0.0,793600000,555520000,8711393,1587200,157926400,34323200,2380800,793600,3760207,1003082800,722175999999,6983680000000,1.0,0.00138897,0.0001436324
SIFT1M,1000000,1000000,1000,10000,0.95,0.01,793600000,555520000,8759009,1825280,157926400,34926336,2380800,825344,3831314,1004074483,722175999999,6983680000000,1.0,0.00139035,0.0001437744
SIFT1M,1000000,1000000,1000,10000,0.95,0.05,793600000,555520000,8949473,2777600,157926400,37338880,2380800,952320,4115740,1008041213,722175999999,6983680000000,1.0,0.00139584,0.0001443424
SIFT1M,1000000,1000000,1000,10000,0.95,0.1,793600000,555520000,9187553,3968000,157926400,40354560,2380800,1111040,4471273,1012999626,722175999999,6983680000000,1.0,0.0014027,0.0001450524
SIFT1M,1000000,1000000,1000,10000,0.95,0.2,793600000,555520000,9663713,6348800,157926400,46385920,2380800,1428480,5182338,1022916451,722175999999,6983680000000,1.0,0.00141644,0.0001464724
SIFT1M,1000000,1000000,1000,10000,0.95,0.5,793600000,555520000,11092193,13491200,157926400,64480000,2380800,2380800,7315535,1052666928,722175999999,6983680000000,1.0,0.00145763,0.0001507324
SIFT1M,1000000,1000000,1000,100000,0.2,0.0,793600000,555520000,8711393,1587200,146022400,13491200,2380800,793600,2093647,968680240,603136000000,69836800000000,1.0,0.00160607,1.38706e-05
SIFT1M,1000000,1000000,1000,100000,0.2,0.01,793600000,555520000,8759009,1825280,146022400,13618176,2380800,825344,2126661,969157670,603136000000,69836800000000,1.0,0.00160686,1.38775e-05
SIFT1M,1000000,1000000,1000,100000,0.2,0.05,793600000,555520000,8949473,2777600,146022400,14126080,2380800,952320,2258716,971067389,603136000000,69836800000000,1.0,0.00161003,1.39048e-05
SIFT1M,1000000,1000000,1000,100000,0.2,0.1,793600000,555520000,9187553,3968000,146022400,14760960,2380800,1111040,2423785,973454538,603136000000,69836800000000,1.0,0.00161399,1.3939e-05
SIFT1M,1000000,1000000,1000,100000,0.2,0.2,793600000,555520000,9663713,6348800,146022400,16030720,2380800,1428480,2753922,978228835,603136000000,69836800000000,1.0,0.0016219,1.40074e-05
SIFT1M,1000000,1000000,1000,100000,0.2,0.5,793600000,555520000,11092193,13491200,146022400,19840000,2380800,2380800,3744335,992551728,603136000000,69836800000000,1.0,0.00164565,1.42124e-05
SIFT1M,1000000,1000000,1000,100000,0.5,0.0,793600000,555520000,8711393,1587200,150784000,21824000,2380800,793600,2760271,982441264,650752000000,69836800000000,1.0,0.0015097,1.40677e-05
SIFT1M,1000000,1000000,1000,100000,0.5,0.01,793600000,555520000,8759009,1825280,150784000,22141440,2380800,825344,2808522,983124395,650752000000,69836800000000,1.0,0.00151075,1.40775e-05
SIFT1M,1000000,1000000,1000,100000,0.5,0.05,793600000,555520000,8949473,2777600,150784000,23411200,2380800,952320,3001525,985856918,650752000000,69836800000000,1.0,0.00151495,1.41166e-05
SIFT1M,1000000,1000000,1000,100000,0.5,0.1,793600000,555520000,9187553,3968000,150784000,24998400,2380800,1111040,3242780,989272573,650752000000,69836800000000,1.0,0.0015202,1.41655e-05
SIFT1M,1000000,1000000,1000,100000,0.5,0.2,793600000,555520000,9663713,6348800,150784000,28172800,2380800,1428480,3725289,996103882,650752000000,69836800000000,1.0,0.0015307,1.42633e-05
SIFT1M,1000000,1000000,1000,100000,0.5,0.5,793600000,555520000,11092193,13491200,150784000,37696000,2380800,2380800,5172815,1016597808,650752000000,69836800000000,1.0,0.00156219,1.45568e-05
SIFT1M,1000000,1000000,1000,100000,0.8,0.0,793600000,555520000,8711393,1587200,155545600,30156800,2380800,793600,3426895,996202288,698368000000,69836800000000,1.0,0.00142647,1.42647e-05
SIFT1M,1000000,1000000,1000,100000,0.8,0.01,793600000,555520000,8759009,1825280,155545600,30664704,2380800,825344,3490383,997091120,698368000000,69836800000000,1.0,0.00142774,1.42774e-05
SIFT1M,1000000,1000000,1000,100000,0.8,0.05,793600000,555520000,8949473,2777600,155545600,32696320,2380800,952320,3744335,1000646448,698368000000,69836800000000,1.0,0.00143284,1.43284e-05
SIFT1M,1000000,1000000,1000,100000,0.8,0.1,793600000,555520000,9187553,3968000,155545600,35235840,2380800,1111040,4061775,1005090608,698368000000,69836800000000,1.0,0.0014392,1.4392e-05
SIFT1M,1000000,1000000,1000,100000,0.8,0.2,793600000,555520000,9663713,6348800,155545600,40314880,2380800,1428480,4696655,1013978928,698368000000,69836800000000,1.0,0.00145193,1.45193e-05
SIFT1M,1000000,1000000,1000,100000,0.8,0.5,793600000,555520000,11092193,13491200,155545600,55552000,2380800,2380800,6601295,1040643888,698368000000,69836800000000,1.0,0.00149011,1.49011e-05
SIFT1M,1000000,1000000,1000,100000,0.95,0.0,793600000,555520000,8711393,1587200,157926400,34323200,2380800,793600,3760207,1003082800,722175999999,69836800000000,1.0,0.00138897,1.43632e-05
SIFT1M,1000000,1000000,1000,100000,0.95,0.01,793600000,555520000,8759009,1825280,157926400,34926336,2380800,825344,3831314,1004074483,722175999999,69836800000000,1.0,0.00139035,1.43774e-05
SIFT1M,1000000,1000000,1000,100000,0.95,0.05,793600000,555520000,8949473,2777600,157926400,37338880,2380800,952320,4115740,1008041213,722175999999,69836800000000,1.0,0.00139584,1.44342e-05
SIFT1M,1000000,1000000,1000,100000,0.95,0.1,793600000,555520000,9187553,3968000,157926400,40354560,2380800,1111040,4471273,1012999626,722175999999,69836800000000,1.0,0.0014027,1.45052e-05
SIFT1M,1000000,1000000,1000,100000,0.95,0.2,793600000,555520000,9663713,6348800,157926400,46385920,2380800,1428480,5182338,1022916451,722175999999,69836800000000,1.0,0.00141644,1.46472e-05
SIFT1M,1000000,1000000,1000,100000,0.95,0.5,793600000,555520000,11092193,13491200,157926400,64480000,2380800,2380800,7315535,1052666928,722175999999,69836800000000,1.0,0.00145763,1.50732e-05
MIMIC-IV-CaseStudy,1800000,1800000,10,1000,0.2,0.0,10692864000,7485004800,68665318,21385728,1967486976,181778688,32078592,10692864,24312666,12999264832,81265766400,9409720320000,1.0,0.15995991,0.001381472
MIMIC-IV-CaseStudy,1800000,1800000,10,1000,0.2,0.01,10692864000,7485004800,69306890,24593587,1967486976,183489546,32078592,11120578,24757489,13005697658,81265766400,9409720320000,1.0,0.16003907,0.0013821556
MIMIC-IV-CaseStudy,1800000,1800000,10,1000,0.2,0.05,10692864000,7485004800,71873177,37425024,1967486976,190332979,32078592,12831436,26536781,13031428965,81265766400,9409720320000,1.0,0.1603557,0.0013848901
MIMIC-IV-CaseStudy,1800000,1800000,10,1000,0.2,0.1,10692864000,7485004800,75081036,53464320,1967486976,198887270,32078592,14970009,28760897,13063593100,81265766400,9409720320000,1.0,0.16075149,0.0013883083
MIMIC-IV-CaseStudy,1800000,1800000,10,1000,0.2,0.2,10692864000,7485004800,81496755,85542912,1967486976,215995852,32078592,19247155,33209128,13127921370,81265766400,9409720320000,1.0,0.16154307,0.0013951447
MIMIC-IV-CaseStudy,1800000,1800000,10,1000,0.2,0.5,10692864000,7485004800,100743910,181778688,1967486976,267321600,32078592,32078592,46553823,13320906181,81265766400,9409720320000,1.0,0.16391781,0.0014156538
MIMIC-IV-CaseStudy,1800000,1800000,10,1000,0.5,0.0,10692864000,7485004800,68665318,21385728,2031644160,294053760,32078592,10692864,33294671,13184679093,87681484800,9409720320000,1.0,0.15037016,0.0014011765
MIMIC-IV-CaseStudy,1800000,1800000,10,1000,0.5,0.01,10692864000,7485004800,69306890,24593587,2031644160,298330905,32078592,11120578,33944797,13193883509,87681484800,9409720320000,1.0,0.15047514,0.0014021547
MIMIC-IV-CaseStudy,1800000,1800000,10,1000,0.5,0.05,10692864000,7485004800,71873177,37425024,2031644160,315439488,32078592,12831436,36545302,13230701179,87681484800,9409720320000,1.0,0.15089504,0.0014060674
MIMIC-IV-CaseStudy,1800000,1800000,10,1000,0.5,0.1,10692864000,7485004800,75081036,53464320,2031644160,336825216,32078592,14970009,39795933,13276723266,87681484800,9409720320000,1.0,0.15141992,0.0014109583
MIMIC-IV-CaseStudy,1800000,1800000,10,1000,0.5,0.2,10692864000,7485004800,81496755,85542912,2031644160,379596672,32078592,19247155,46297194,13368767440,87681484800,9409720320000,1.0,0.15246967,0.0014207401
MIMIC-IV-CaseStudy,1800000,1800000,10,1000,0.5,0.5,10692864000,7485004800,100743910,181778688,2031644160,507911040,32078592,32078592,65800978,13644899960,87681484800,9409720320000,1.0,0.15561894,0.0014500856
MIMIC-IV-CaseStudy,1800000,1800000,10,1000,0.8,0.0,10692864000,7485004800,68665318,21385728,2095801344,406328832,32078592,10692864,42276677,13370093355,94097203200,9409720320000,1.0,0.14208811,0.0014208811
MIMIC-IV-CaseStudy,1800000,1800000,10,1000,0.8,0.01,10692864000,7485004800,69306890,24593587,2095801344,413172264,32078592,11120578,43132106,13382069361,94097203200,9409720320000,1.0,0.14221538,0.0014221538
MIMIC-IV-CaseStudy,1800000,1800000,10,1000,0.8,0.05,10692864000,7485004800,71873177,37425024,2095801344,440545996,32078592,12831436,46553823,13429973392,94097203200,9409720320000,1.0,0.14272447,0.0014272447
MIMIC-IV-CaseStudy,1800000,1800000,10,1000,0.8,0.1,10692864000,7485004800,75081036,53464320,2095801344,474763161,32078592,14970009,50830968,13489853430,94097203200,9409720320000,1.0,0.14336083,0.0014336083
MIMIC-IV-CaseStudy,1800000,1800000,10,1000,0.8,0.2,10692864000,7485004800,81496755,85542912,2095801344,543197491,32078592,19247155,59385260,13609613509,94097203200,9409720320000,1.0,0.14463356,0.0014463356
MIMIC-IV-CaseStudy,1800000,1800000,10,1000,0.8,0.5,10692864000,7485004800,100743910,181778688,2095801344,748500480,32078592,32078592,85048133,13968893739,94097203200,9409720320000,1.0,0.14845174,0.0014845174
MIMIC-IV-CaseStudy,1800000,1800000,10,1000,0.95,0.0,10692864000,7485004800,68665318,21385728,2127879935,462466368,32078592,10692864,46767680,13462800485,97305062399,9409720320000,1.0,0.13835663,0.0014307333
MIMIC-IV-CaseStudy,1800000,1800000,10,1000,0.95,0.01,10692864000,7485004800,69306890,24593587,2127879935,470592944,32078592,11120578,47725761,13476162287,97305062399,9409720320000,1.0,0.13849395,0.0014321533
MIMIC-IV-CaseStudy,1800000,1800000,10,1000,0.95,0.05,10692864000,7485004800,71873177,37425024,2127879935,503099251,32078592,12831436,51558083,13529609498,97305062399,9409720320000,1.0,0.13904322,0.0014378333
MIMIC-IV-CaseStudy,1800000,1800000,10,1000,0.95,0.1,10692864000,7485004800,75081036,53464320,2127879935,543732134,32078592,14970009,56348486,13596418512,97305062399,9409720320000,1.0,0.13972982,0.0014449333
MIMIC-IV-CaseStudy,1800000,1800000,10,1000,0.95,0.2,10692864000,7485004800,81496755,85542912,2127879935,624997900,32078592,19247155,65929292,13730036541,97305062399,9409720320000,1.0,0.141103,0.0014591333
MIMIC-IV-CaseStudy,1800000,1800000,10,1000,0.95,0.5,10692864000,7485004800,100743910,181778688,2127879935,868795200,32078592,32078592,94671711,14130890628,97305062399,9409720320000,1.0,0.14522256,0.0015017333
MIMIC-IV-CaseStudy,1800000,1800000,10,10000,0.2,0.0,10692864000,7485004800,68665318,21385728,1967486976,181778688,32078592,10692864,24312666,12999264832,81265766400,94097203200000,1.0,0.15995991,0.0001381472
MIMIC-IV-CaseStudy,1800000,1800000,10,10000,0.2,0.01,10692864000,7485004800,69306890,24593587,1967486976,183489546,32078592,11120578,24757489,13005697658,81265766400,94097203200000,1.0,0.16003907,0.0001382156
MIMIC-IV-CaseStudy,1800000,1800000,10,10000,0.2,0.05,10692864000,7485004800,71873177,37425024,1967486976,190332979,32078592,12831436,26536781,13031428965,81265766400,94097203200000,1.0,0.1603557,0.000138489
MIMIC-IV-CaseStudy,1800000,1800000,10,10000,0.2,0.1,10692864000,7485004800,75081036,53464320,1967486976,198887270,32078592,14970009,28760897,13063593100,81265766400,94097203200000,1.0,0.16075149,0.0001388308
MIMIC-IV-CaseStudy,1800000,1800000,10,10000,0.2,0.2,10692864000,7485004800,81496755,85542912,1967486976,215995852,32078592,19247155,33209128,13127921370,81265766400,94097203200000,1.0,0.16154307,0.0001395145
MIMIC-IV-CaseStudy,1800000,1800000,10,10000,0.2,0.5,10692864000,7485004800,100743910,181778688,1967486976,267321600,32078592,32078592,46553823,13320906181,81265766400,94097203200000,1.0,0.16391781,0.0001415654
MIMIC-IV-CaseStudy,1800000,1800000,10,10000,0.5,0.0,10692864000,7485004800,68665318,21385728,2031644160,294053760,32078592,10692864,33294671,13184679093,87681484800,94097203200000,1.0,0.15037016,0.0001401177
MIMIC-IV-CaseStudy,1800000,1800000,10,10000,0.5,0.01,10692864000,7485004800,69306890,24593587,2031644160,298330905,32078592,11120578,33944797,13193883509,87681484800,94097203200000,1.0,0.15047514,0.0001402155
MIMIC-IV-CaseStudy,1800000,1800000,10,10000,0.5,0.05,10692864000,7485004800,71873177,37425024,2031644160,315439488,32078592,12831436,36545302,13230701179,87681484800,94097203200000,1.0,0.15089504,0.0001406067
MIMIC-IV-CaseStudy,1800000,1800000,10,10000,0.5,0.1,10692864000,7485004800,75081036,53464320,2031644160,336825216,32078592,14970009,39795933,13276723266,87681484800,94097203200000,1.0,0.15141992,0.0001410958
MIMIC-IV-CaseStudy,1800000,1800000,10,10000,0.5,0.2,10692864000,7485004800,81496755,85542912,2031644160,379596672,32078592,19247155,46297194,13368767440,87681484800,94097203200000,1.0,0.15246967,0.000142074
MIMIC-IV-CaseStudy,1800000,1800000,10,10000,0.5,0.5,10692864000,7485004800,100743910,181778688,2031644160,507911040,32078592,32078592,65800978,13644899960,87681484800,94097203200000,1.0,0.15561894,0.0001450086
MIMIC-IV-CaseStudy,1800000,1800000,10,10000,0.8,0.0,10692864000,7485004800,68665318,21385728,2095801344,406328832,32078592,10692864,42276677,13370093355,94097203200,94097203200000,1.0,0.14208811,0.0001420881
MIMIC-IV-CaseStudy,1800000,1800000,10,10000,0.8,0.01,10692864000,7485004800,69306890,24593587,2095801344,413172264,32078592,11120578,43132106,13382069361,94097203200,94097203200000,1.0,0.14221538,0.0001422154
MIMIC-IV-CaseStudy,1800000,1800000,10,10000,0.8,0.05,10692864000,7485004800,71873177,37425024,2095801344,440545996,32078592,12831436,46553823,13429973392,94097203200,94097203200000,1.0,0.14272447,0.0001427245
MIMIC-IV-CaseStudy,1800000,1800000,10,10000,0.8,0.1,10692864000,7485004800,75081036,53464320,2095801344,474763161,32078592,14970009,50830968,13489853430,94097203200,94097203200000,1.0,0.14336083,0.0001433608
MIMIC-IV-CaseStudy,1800000,1800000,10,10000,0.8,0.2,10692864000,7485004800,81496755,85542912,2095801344,543197491,32078592,19247155,59385260,13609613509,94097203200,94097203200000,1.0,0.14463356,0.0001446336
MIMIC-IV-CaseStudy,1800000,1800000,10,10000,0.8,0.5,10692864000,7485004800,100743910,181778688,2095801344,748500480,32078592,32078592,85048133,13968893739,94097203200,94097203200000,1.0,0.14845174,0.0001484517
MIMIC-IV-CaseStudy,1800000,1800000,10,10000,0.95,0.0,10692864000,7485004800,68665318,21385728,2127879935,462466368,32078592,10692864,46767680,13462800485,97305062399,94097203200000,1.0,0.13835663,0.0001430733
MIMIC-IV-CaseStudy,1800000,1800000,10,10000,0.95,0.01,10692864000,7485004800,69306890,24593587,2127879935,470592944,32078592,11120578,47725761,13476162287,97305062399,94097203200000,1.0,0.13849395,0.0001432153
MIMIC-IV-CaseStudy,1800000,1800000,10,10000,0.95,0.05,10692864000,7485004800,71873177,37425024,2127879935,503099251,32078592,12831436,51558083,13529609498,97305062399,94097203200000,1.0,0.13904322,0.0001437833
MIMIC-IV-CaseStudy,1800000,1800000,10,10000,0.95,0.1,10692864000,7485004800,75081036,53464320,2127879935,543732134,32078592,14970009,56348486,13596418512,97305062399,94097203200000,1.0,0.13972982,0.0001444933
MIMIC-IV-CaseStudy,1800000,1800000,10,10000,0.95,0.2,10692864000,7485004800,81496755,85542912,2127879935,624997900,32078592,19247155,65929292,13730036541,97305062399,94097203200000,1.0,0.141103,0.0001459133
MIMIC-IV-CaseStudy,1800000,1800000,10,10000,0.95,0.5,10692864000,7485004800,100743910,181778688,2127879935,868795200,32078592,32078592,94671711,14130890628,97305062399,94097203200000,1.0,0.14522256,0.0001501733
MIMIC-IV-CaseStudy,1800000,1800000,10,100000,0.2,0.0,10692864000,7485004800,68665318,21385728,1967486976,181778688,32078592,10692864,24312666,12999264832,81265766400,940972032000000,1.0,0.15995991,1.38147e-05
MIMIC-IV-CaseStudy,1800000,1800000,10,100000,0.2,0.01,10692864000,7485004800,69306890,24593587,1967486976,183489546,32078592,11120578,24757489,13005697658,81265766400,940972032000000,1.0,0.16003907,1.38216e-05
MIMIC-IV-CaseStudy,1800000,1800000,10,100000,0.2,0.05,10692864000,7485004800,71873177,37425024,1967486976,190332979,32078592,12831436,26536781,13031428965,81265766400,940972032000000,1.0,0.1603557,1.38489e-05
MIMIC-IV-CaseStudy,1800000,1800000,10,100000,0.2,0.1,10692864000,7485004800,75081036,53464320,1967486976,198887270,32078592,14970009,28760897,13063593100,81265766400,940972032000000,1.0,0.16075149,1.38831e-05
MIMIC-IV-CaseStudy,1800000,1800000,10,100000,0.2,0.2,10692864000,7485004800,81496755,85542912,1967486976,215995852,32078592,19247155,33209128,13127921370,81265766400,940972032000000,1.0,0.16154307,1.39514e-05
MIMIC-IV-CaseStudy,1800000,1800000,10,100000,0.2,0.5,10692864000,7485004800,100743910,181778688,1967486976,267321600,32078592,32078592,46553823,13320906181,81265766400,940972032000000,1.0,0.16391781,1.41565e-05
MIMIC-IV-CaseStudy,1800000,1800000,10,100000,0.5,0.0,10692864000,7485004800,68665318,21385728,2031644160,294053760,32078592,10692864,33294671,13184679093,87681484800,940972032000000,1.0,0.15037016,1.40118e-05
MIMIC-IV-CaseStudy,1800000,1800000,10,100000,0.5,0.01,10692864000,7485004800,69306890,24593587,2031644160,298330905,32078592,11120578,33944797,13193883509,87681484800,940972032000000,1.0,0.15047514,1.40215e-05
MIMIC-IV-CaseStudy,1800000,1800000,10,100000,0.5,0.05,10692864000,7485004800,71873177,37425024,2031644160,315439488,32078592,12831436,36545302,13230701179,87681484800,940972032000000,1.0,0.15089504,1.40607e-05
MIMIC-IV-CaseStudy,1800000,1800000,10,100000,0.5,0.1,10692864000,7485004800,75081036,53464320,2031644160,336825216,32078592,14970009,39795933,13276723266,87681484800,940972032000000,1.0,0.15141992,1.41096e-05
MIMIC-IV-CaseStudy,1800000,1800000,10,100000,0.5,0.2,10692864000,7485004800,81496755,85542912,2031644160,379596672,32078592,19247155,46297194,13368767440,87681484800,940972032000000,1.0,0.15246967,1.42074e-05
MIMIC-IV-CaseStudy,1800000,1800000,10,100000,0.5,0.5,10692864000,7485004800,100743910,181778688,2031644160,507911040,32078592,32078592,65800978,13644899960,87681484800,940972032000000,1.0,0.15561894,1.45009e-05
MIMIC-IV-CaseStudy,1800000,1800000,10,100000,0.8,0.0,10692864000,7485004800,68665318,21385728,2095801344,406328832,32078592,10692864,42276677,13370093355,94097203200,940972032000000,1.0,0.14208811,1.42088e-05
MIMIC-IV-CaseStudy,1800000,1800000,10,100000,0.8,0.01,10692864000,7485004800,69306890,24593587,2095801344,413172264,32078592,11120578,43132106,13382069361,94097203200,940972032000000,1.0,0.14221538,1.42215e-05
MIMIC-IV-CaseStudy,1800000,1800000,10,100000,0.8,0.05,10692864000,7485004800,71873177,37425024,2095801344,440545996,32078592,12831436,46553823,13429973392,94097203200,940972032000000,1.0,0.14272447,1.42724e-05
MIMIC-IV-CaseStudy,1800000,1800000,10,100000,0.8,0.1,10692864000,7485004800,75081036,53464320,2095801344,474763161,32078592,14970009,50830968,13489853430,94097203200,940972032000000,1.0,0.14336083,1.43361e-05
MIMIC-IV-CaseStudy,1800000,1800000,10,100000,0.8,0.2,10692864000,7485004800,81496755,85542912,2095801344,543197491,32078592,19247155,59385260,13609613509,94097203200,940972032000000,1.0,0.14463356,1.44634e-05
MIMIC-IV-CaseStudy,1800000,1800000,10,100000,0.8,0.5,10692864000,7485004800,100743910,181778688,2095801344,748500480,32078592,32078592,85048133,13968893739,94097203200,940972032000000,1.0,0.14845174,1.48452e-05
MIMIC-IV-CaseStudy,1800000,1800000,10,100000,0.95,0.0,10692864000,7485004800,68665318,21385728,2127879935,462466368,32078592,10692864,46767680,13462800485,97305062399,940972032000000,1.0,0.13835663,1.43073e-05
MIMIC-IV-CaseStudy,1800000,1800000,10,100000,0.95,0.01,10692864000,7485004800,69306890,24593587,2127879935,470592944,32078592,11120578,47725761,13476162287,97305062399,940972032000000,1.0,0.13849395,1.43215e-05
MIMIC-IV-CaseStudy,1800000,1800000,10,100000,0.95,0.05,10692864000,7485004800,71873177,37425024,2127879935,503099251,32078592,12831436,51558083,13529609498,97305062399,940972032000000,1.0,0.13904322,1.43783e-05
MIMIC-IV-CaseStudy,1800000,1800000,10,100000,0.95,0.1,10692864000,7485004800,75081036,53464320,2127879935,543732134,32078592,14970009,56348486,13596418512,97305062399,940972032000000,1.0,0.13972982,1.44493e-05
MIMIC-IV-CaseStudy,1800000,1800000,10,100000,0.95,0.2,10692864000,7485004800,81496755,85542912,2127879935,624997900,32078592,19247155,65929292,13730036541,97305062399,940972032000000,1.0,0.141103,1.45913e-05
MIMIC-IV-CaseStudy,1800000,1800000,10,100000,0.95,0.5,10692864000,7485004800,100743910,181778688,2127879935,868795200,32078592,32078592,94671711,14130890628,97305062399,940972032000000,1.0,0.14522256,1.50173e-05
MIMIC-IV-CaseStudy,1800000,1800000,50,1000,0.2,0.0,10692864000,7485004800,85229586,21385728,1967486976,181778688,32078592,10692864,25637807,13017154241,406328832000,9409720320000,1.0,0.03203601,0.0013833731
MIMIC-IV-CaseStudy,1800000,1800000,50,1000,0.2,0.01,10692864000,7485004800,85871158,24593587,1967486976,183489546,32078592,11120578,26082630,13023587067,406328832000,9409720320000,1.0,0.03205184,0.0013840568
MIMIC-IV-CaseStudy,1800000,1800000,50,1000,0.2,0.05,10692864000,7485004800,88437446,37425024,1967486976,190332979,32078592,12831436,27861923,13049318376,406328832000,9409720320000,1.0,0.03211517,0.0013867913
MIMIC-IV-CaseStudy,1800000,1800000,50,1000,0.2,0.1,10692864000,7485004800,91645305,53464320,1967486976,198887270,32078592,14970009,30086038,13081482510,406328832000,9409720320000,1.0,0.03219433,0.0013902095
MIMIC-IV-CaseStudy,1800000,1800000,50,1000,0.2,0.2,10692864000,7485004800,98061023,85542912,1967486976,215995852,32078592,19247155,34534270,13145810780,406328832000,9409720320000,1.0,0.03235264,0.0013970459
MIMIC-IV-CaseStudy,1800000,1800000,50,1000,0.2,0.5,10692864000,7485004800,117308178,181778688,1967486976,267321600,32078592,32078592,47878964,13338795590,406328832000,9409720320000,1.0,0.03282759,0.0014175549
MIMIC-IV-CaseStudy,1800000,1800000,50,1000,0.5,0.0,10692864000,7485004800,85229586,21385728,2031644160,294053760,32078592,10692864,34619813,13202568503,438407424000,9409720320000,1.0,0.03011484,0.0014030777
MIMIC-IV-CaseStudy,1800000,1800000,50,1000,0.5,0.01,10692864000,7485004800,85871158,24593587,2031644160,298330905,32078592,11120578,35269939,13211772919,438407424000,9409720320000,1.0,0.03013583,0.0014040559
MIMIC-IV-CaseStudy,1800000,1800000,50,1000,0.5,0.05,10692864000,7485004800,88437446,37425024,2031644160,315439488,32078592,12831436,37870444,13248590590,438407424000,9409720320000,1.0,0.03021981,0.0014079686
MIMIC-IV-CaseStudy,1800000,1800000,50,1000,0.5,0.1,10692864000,7485004800,91645305,53464320,2031644160,336825216,32078592,14970009,41121074,13294612676,438407424000,9409720320000,1.0,0.03032479,0.0014128595
MIMIC-IV-CaseStudy,1800000,1800000,50,1000,0.5,0.2,10692864000,7485004800,98061023,85542912,2031644160,379596672,32078592,19247155,47622335,13386656849,438407424000,9409720320000,1.0,0.03053474,0.0014226413
MIMIC-IV-CaseStudy,1800000,1800000,50,1000,0.5,0.5,10692864000,7485004800,117308178,181778688,2031644160,507911040,32078592,32078592,67126119,13662789369,438407424000,9409720320000,1.0,0.03116459,0.0014519868
MIMIC-IV-CaseStudy,1800000,1800000,50,1000,0.8,0.0,10692864000,7485004800,85229586,21385728,2095801344,406328832,32078592,10692864,43601819,13387982765,470486016000,9409720320000,1.0,0.02845564,0.0014227822
MIMIC-IV-CaseStudy,1800000,1800000,50,1000,0.8,0.01,10692864000,7485004800,85871158,24593587,2095801344,413172264,32078592,11120578,44457248,13399958771,470486016000,9409720320000,1.0,0.0284811,0.0014240549
MIMIC-IV-CaseStudy,1800000,1800000,50,1000,0.8,0.05,10692864000,7485004800,88437446,37425024,2095801344,440545996,32078592,12831436,47878964,13447862802,470486016000,9409720320000,1.0,0.02858292,0.0014291459
MIMIC-IV-CaseStudy,1800000,1800000,50,1000,0.8,0.1,10692864000,7485004800,91645305,53464320,2095801344,474763161,32078592,14970009,52156110,13507742841,470486016000,9409720320000,1.0,0.02871019,0.0014355095
MIMIC-IV-CaseStudy,1800000,1800000,50,1000,0.8,0.2,10692864000,7485004800,98061023,85542912,2095801344,543197491,32078592,19247155,60710401,13627502918,470486016000,9409720320000,1.0,0.02896474,0.0014482368
MIMIC-IV-CaseStudy,1800000,1800000,50,1000,0.8,0.5,10692864000,7485004800,117308178,181778688,2095801344,748500480,32078592,32078592,86373275,13986783149,470486016000,9409720320000,1.0,0.02972837,0.0014864186
MIMIC-IV-CaseStudy,1800000,1800000,50,1000,0.95,0.0,10692864000,7485004800,85229586,21385728,2127879935,462466368,32078592,10692864,48092821,13480689894,486525311999,9409720320000,1.0,0.0277081,0.0014326345
MIMIC-IV-CaseStudy,1800000,1800000,50,1000,0.95,0.01,10692864000,7485004800,85871158,24593587,2127879935,470592944,32078592,11120578,49050902,13494051696,486525311999,9409720320000,1.0,0.02773556,0.0014340545
MIMIC-IV-CaseStudy,1800000,1800000,50,1000,0.95,0.05,10692864000,7485004800,88437446,37425024,2127879935,503099251,32078592,12831436,52883225,13547498909,486525311999,9409720320000,1.0,0.02784541,0.0014397345
MIMIC-IV-CaseStudy,1800000,1800000,50,1000,0.95,0.1,10692864000,7485004800,91645305,53464320,2127879935,543732134,32078592,14970009,57673628,13614307923,486525311999,9409720320000,1.0,0.02798273,0.0014468345
MIMIC-IV-CaseStudy,1800000,1800000,50,1000,0.95,0.2,10692864000,7485004800,98061023,85542912,2127879935,624997900,32078592,19247155,67254434,13747925951,486525311999,9409720320000,1.0,0.02825737,0.0014610345
MIMIC-IV-CaseStudy,1800000,1800000,50,1000,0.95,0.5,10692864000,7485004800,117308178,181778688,2127879935,868795200,32078592,32078592,95996852,14148780037,486525311999,9409720320000,1.0,0.02908128,0.0015036345
MIMIC-IV-CaseStudy,1800000,1800000,50,10000,0.2,0.0,10692864000,7485004800,85229586,21385728,1967486976,181778688,32078592,10692864,25637807,13017154241,406328832000,94097203200000,1.0,0.03203601,0.0001383373
MIMIC-IV-CaseStudy,1800000,1800000,50,10000,0.2,0.01,10692864000,7485004800,85871158,24593587,1967486976,183489546,32078592,11120578,26082630,13023587067,406328832000,94097203200000,1.0,0.03205184,0.0001384057
MIMIC-IV-CaseStudy,1800000,1800000,50,10000,0.2,0.05,10692864000,7485004800,88437446,37425024,1967486976,190332979,32078592,12831436,27861923,13049318376,406328832000,94097203200000,1.0,0.03211517,0.0001386791
MIMIC-IV-CaseStudy,1800000,1800000,50,10000,0.2,0.1,10692864000,7485004800,91645305,53464320,1967486976,198887270,32078592,14970009,30086038,13081482510,406328832000,94097203200000,1.0,0.03219433,0.0001390209
MIMIC-IV-CaseStudy,1800000,1800000,50,10000,0.2,0.2,10692864000,7485004800,98061023,85542912,1967486976,215995852,32078592,19247155,34534270,13145810780,406328832000,94097203200000,1.0,0.03235264,0.0001397046
MIMIC-IV-CaseStudy,1800000,1800000,50,10000,0.2,0.5,10692864000,7485004800,117308178,181778688,1967486976,267321600,32078592,32078592,47878964,13338795590,406328832000,94097203200000,1.0,0.03282759,0.0001417555
MIMIC-IV-CaseStudy,1800000,1800000,50,10000,0.5,0.0,10692864000,7485004800,85229586,21385728,2031644160,294053760,32078592,10692864,34619813,13202568503,438407424000,94097203200000,1.0,0.03011484,0.0001403078
MIMIC-IV-CaseStudy,1800000,1800000,50,10000,0.5,0.01,10692864000,7485004800,85871158,24593587,2031644160,298330905,32078592,11120578,35269939,13211772919,438407424000,94097203200000,1.0,0.03013583,0.0001404056
MIMIC-IV-CaseStudy,1800000,1800000,50,10000,0.5,0.05,10692864000,7485004800,88437446,37425024,2031644160,315439488,32078592,12831436,37870444,13248590590,438407424000,94097203200000,1.0,0.03021981,0.0001407969
MIMIC-IV-CaseStudy,1800000,1800000,50,10000,0.5,0.1,10692864000,7485004800,91645305,53464320,2031644160,336825216,32078592,14970009,41121074,13294612676,438407424000,94097203200000,1.0,0.03032479,0.0001412859
MIMIC-IV-CaseStudy,1800000,1800000,50,10000,0.5,0.2,10692864000,7485004800,98061023,85542912,2031644160,379596672,32078592,19247155,47622335,13386656849,438407424000,94097203200000,1.0,0.03053474,0.0001422641
MIMIC-IV-CaseStudy,1800000,1800000,50,10000,0.5,0.5,10692864000,7485004800,117308178,181778688,2031644160,507911040,32078592,32078592,67126119,13662789369,438407424000,94097203200000,1.0,0.03116459,0.0001451987
MIMIC-IV-CaseStudy,1800000,1800000,50,10000,0.8,0.0,10692864000,7485004800,85229586,21385728,2095801344,406328832,32078592,10692864,43601819,13387982765,470486016000,94097203200000,1.0,0.02845564,0.0001422782
MIMIC-IV-CaseStudy,1800000,1800000,50,10000,0.8,0.01,10692864000,7485004800,85871158,24593587,2095801344,413172264,32078592,11120578,44457248,13399958771,470486016000,94097203200000,1.0,0.0284811,0.0001424055
MIMIC-IV-CaseStudy,1800000,1800000,50,10000,0.8,0.05,10692864000,7485004800,88437446,37425024,2095801344,440545996,32078592,12831436,47878964,13447862802,470486016000,94097203200000,1.0,0.02858292,0.0001429146
MIMIC-IV-CaseStudy,1800000,1800000,50,10000,0.8,0.1,10692864000,7485004800,91645305,53464320,2095801344,474763161,32078592,14970009,52156110,13507742841,470486016000,94097203200000,1.0,0.02871019,0.0001435509
MIMIC-IV-CaseStudy,1800000,1800000,50,10000,0.8,0.2,10692864000,7485004800,98061023,85542912,2095801344,543197491,32078592,19247155,60710401,13627502918,470486016000,94097203200000,1.0,0.02896474,0.0001448237
MIMIC-IV-CaseStudy,1800000,1800000,50,10000,0.8,0.5,10692864000,7485004800,117308178,181778688,2095801344,748500480,32078592,32078592,86373275,13986783149,470486016000,94097203200000,1.0,0.02972837,0.0001486419
MIMIC-IV-CaseStudy,1800000,1800000,50,10000,0.95,0.0,10692864000,7485004800,85229586,21385728,2127879935,462466368,32078592,10692864,48092821,13480689894,486525311999,94097203200000,1.0,0.0277081,0.0001432634
MIMIC-IV-CaseStudy,1800000,1800000,50,10000,0.95,0.01,10692864000,7485004800,85871158,24593587,2127879935,470592944,32078592,11120578,49050902,13494051696,486525311999,94097203200000,1.0,0.02773556,0.0001434054
MIMIC-IV-CaseStudy,1800000,1800000,50,10000,0.95,0.05,10692864000,7485004800,88437446,37425024,2127879935,503099251,32078592,12831436,52883225,13547498909,486525311999,94097203200000,1.0,0.02784541,0.0001439734
MIMIC-IV-CaseStudy,1800000,1800000,50,10000,0.95,0.1,10692864000,7485004800,91645305,53464320,2127879935,543732134,32078592,14970009,57673628,13614307923,486525311999,94097203200000,1.0,0.02798273,0.0001446834
MIMIC-IV-CaseStudy,1800000,1800000,50,10000,0.95,0.2,10692864000,7485004800,98061023,85542912,2127879935,624997900,32078592,19247155,67254434,13747925951,486525311999,94097203200000,1.0,0.02825737,0.0001461034
MIMIC-IV-CaseStudy,1800000,1800000,50,10000,0.95,0.5,10692864000,7485004800,117308178,181778688,2127879935,868795200,32078592,32078592,95996852,14148780037,486525311999,94097203200000,1.0,0.02908128,0.0001503634
MIMIC-IV-CaseStudy,1800000,1800000,50,100000,0.2,0.0,10692864000,7485004800,85229586,21385728,1967486976,181778688,32078592,10692864,25637807,13017154241,406328832000,940972032000000,1.0,0.03203601,1.38337e-05
MIMIC-IV-CaseStudy,1800000,1800000,50,100000,0.2,0.01,10692864000,7485004800,85871158,24593587,1967486976,183489546,32078592,11120578,26082630,13023587067,406328832000,940972032000000,1.0,0.03205184,1.38406e-05
MIMIC-IV-CaseStudy,1800000,1800000,50,100000,0.2,0.05,10692864000,7485004800,88437446,37425024,1967486976,190332979,32078592,12831436,27861923,13049318376,406328832000,940972032000000,1.0,0.03211517,1.38679e-05
MIMIC-IV-CaseStudy,1800000,1800000,50,100000,0.2,0.1,10692864000,7485004800,91645305,53464320,1967486976,198887270,32078592,14970009,30086038,13081482510,406328832000,940972032000000,1.0,0.03219433,1.39021e-05
MIMIC-IV-CaseStudy,1800000,1800000,50,100000,0.2,0.2,10692864000,7485004800,98061023,85542912,1967486976,215995852,32078592,19247155,34534270,13145810780,406328832000,940972032000000,1.0,0.03235264,1.39705e-05
MIMIC-IV-CaseStudy,1800000,1800000,50,100000,0.2,0.5,10692864000,7485004800,117308178,181778688,1967486976,267321600,32078592,32078592,47878964,13338795590,406328832000,940972032000000,1.0,0.03282759,1.41755e-05
MIMIC-IV-CaseStudy,1800000,1800000,50,100000,0.5,0.0,10692864000,7485004800,85229586,21385728,2031644160,294053760,32078592,10692864,34619813,13202568503,438407424000,940972032000000,1.0,0.03011484,1.40308e-05
MIMIC-IV-CaseStudy,1800000,1800000,50,100000,0.5,0.01,10692864000,7485004800,85871158,24593587,2031644160,298330905,32078592,11120578,35269939,13211772919,438407424000,940972032000000,1.0,0.03013583,1.40406e-05
MIMIC-IV-CaseStudy,1800000,1800000,50,100000,0.5,0.05,10692864000,7485004800,88437446,37425024,2031644160,315439488,32078592,12831436,37870444,13248590590,438407424000,940972032000000,1.0,0.03021981,1.40797e-05
MIMIC-IV-CaseStudy,1800000,1800000,50,100000,0.5,0.1,10692864000,7485004800,91645305,53464320,2031644160,336825216,32078592,14970009,41121074,13294612676,438407424000,940972032000000,1.0,0.03032479,1.41286e-05
MIMIC-IV-CaseStudy,1800000,1800000,50,100000,0.5,0.2,10692864000,7485004800,98061023,85542912,2031644160,379596672,32078592,19247155,47622335,13386656849,438407424000,940972032000000,1.0,0.03053474,1.42264e-05
MIMIC-IV-CaseStudy,1800000,1800000,50,100000,0.5,0.5,10692864000,7485004800,117308178,181778688,2031644160,507911040,32078592,32078592,67126119,13662789369,438407424000,940972032000000,1.0,0.03116459,1.45199e-05
MIMIC-IV-CaseStudy,1800000,1800000,50,100000,0.8,0.0,10692864000,7485004800,85229586,21385728,2095801344,406328832,32078592,10692864,43601819,13387982765,470486016000,940972032000000,1.0,0.02845564,1.42278e-05
MIMIC-IV-CaseStudy,1800000,1800000,50,100000,0.8,0.01,10692864000,7485004800,85871158,24593587,2095801344,413172264,32078592,11120578,44457248,13399958771,470486016000,940972032000000,1.0,0.0284811,1.42405e-05
MIMIC-IV-CaseStudy,1800000,1800000,50,100000,0.8,0.05,10692864000,7485004800,88437446,37425024,2095801344,440545996,32078592,12831436,47878964,13447862802,470486016000,940972032000000,1.0,0.02858292,1.42915e-05
MIMIC-IV-CaseStudy,1800000,1800000,50,100000,0.8,0.1,10692864000,7485004800,91645305,53464320,2095801344,474763161,32078592,14970009,52156110,13507742841,470486016000,940972032000000,1.0,0.02871019,1.43551e-05
MIMIC-IV-CaseStudy,1800000,1800000,50,100000,0.8,0.2,10692864000,7485004800,98061023,85542912,2095801344,543197491,32078592,19247155,60710401,13627502918,470486016000,940972032000000,1.0,0.02896474,1.44824e-05
MIMIC-IV-CaseStudy,1800000,1800000,50,100000,0.8,0.5,10692864000,7485004800,117308178,181778688,2095801344,748500480,32078592,32078592,86373275,13986783149,470486016000,940972032000000,1.0,0.02972837,1.48642e-05
MIMIC-IV-CaseStudy,1800000,1800000,50,100000,0.95,0.0,10692864000,7485004800,85229586,21385728,2127879935,462466368,32078592,10692864,48092821,13480689894,486525311999,940972032000000,1.0,0.0277081,1.43263e-05
MIMIC-IV-CaseStudy,1800000,1800000,50,100000,0.95,0.01,10692864000,7485004800,85871158,24593587,2127879935,470592944,32078592,11120578,49050902,13494051696,486525311999,940972032000000,1.0,0.02773556,1.43405e-05
MIMIC-IV-CaseStudy,1800000,1800000,50,100000,0.95,0.05,10692864000,7485004800,88437446,37425024,2127879935,503099251,32078592,12831436,52883225,13547498909,486525311999,940972032000000,1.0,0.02784541,1.43973e-05
MIMIC-IV-CaseStudy,1800000,1800000,50,100000,0.95,0.1,10692864000,7485004800,91645305,53464320,2127879935,543732134,32078592,14970009,57673628,13614307923,486525311999,940972032000000,1.0,0.02798273,1.44683e-05
MIMIC-IV-CaseStudy,1800000,1800000,50,100000,0.95,0.2,10692864000,7485004800,98061023,85542912,2127879935,624997900,32078592,19247155,67254434,13747925951,486525311999,940972032000000,1.0,0.02825737,1.46103e-05
MIMIC-IV-CaseStudy,1800000,1800000,50,100000,0.95,0.5,10692864000,7485004800,117308178,181778688,2127879935,868795200,32078592,32078592,95996852,14148780037,486525311999,940972032000000,1.0,0.02908128,1.50363e-05
MIMIC-IV-CaseStudy,1800000,1800000,100,1000,0.2,0.0,10692864000,7485004800,92608200,21385728,1967486976,181778688,32078592,10692864,26228096,13025123144,812657664000,9409720320000,1.0,0.01602781,0.00138422
MIMIC-IV-CaseStudy,1800000,1800000,100,1000,0.2,0.01,10692864000,7485004800,93249772,24593587,1967486976,183489546,32078592,11120578,26672919,13031555970,812657664000,9409720320000,1.0,0.01603573,0.0013849036
MIMIC-IV-CaseStudy,1800000,1800000,100,1000,0.2,0.05,10692864000,7485004800,95816060,37425024,1967486976,190332979,32078592,12831436,28452212,13057287279,812657664000,9409720320000,1.0,0.01606739,0.0013876382
MIMIC-IV-CaseStudy,1800000,1800000,100,1000,0.2,0.1,10692864000,7485004800,99023919,53464320,1967486976,198887270,32078592,14970009,30676328,13089451414,812657664000,9409720320000,1.0,0.01610697,0.0013910564
MIMIC-IV-CaseStudy,1800000,1800000,100,1000,0.2,0.2,10692864000,7485004800,105439637,85542912,1967486976,215995852,32078592,19247155,35124559,13153779683,812657664000,9409720320000,1.0,0.01618613,0.0013978927
MIMIC-IV-CaseStudy,1800000,1800000,100,1000,0.2,0.5,10692864000,7485004800,124686792,181778688,1967486976,267321600,32078592,32078592,48469253,13346764493,812657664000,9409720320000,1.0,0.0164236,0.0014184018
MIMIC-IV-CaseStudy,1800000,1800000,100,1000,0.5,0.0,10692864000,7485004800,92608200,21385728,2031644160,294053760,32078592,10692864,35210102,13210537406,876814848000,9409720320000,1.0,0.01506651,0.0014039246
MIMIC-IV-CaseStudy,1800000,1800000,100,1000,0.5,0.01,10692864000,7485004800,93249772,24593587,2031644160,298330905,32078592,11120578,35860228,13219741822,876814848000,9409720320000,1.0,0.015077,0.0014049027
MIMIC-IV-CaseStudy,1800000,1800000,100,1000,0.5,0.05,10692864000,7485004800,95816060,37425024,2031644160,315439488,32078592,12831436,38460733,13256559493,876814848000,9409720320000,1.0,0.015119,0.0014088155
MIMIC-IV-CaseStudy,1800000,1800000,100,1000,0.5,0.1,10692864000,7485004800,99023919,53464320,2031644160,336825216,32078592,14970009,41711363,13302581579,876814848000,9409720320000,1.0,0.01517148,0.0014137064
MIMIC-IV-CaseStudy,1800000,1800000,100,1000,0.5,0.2,10692864000,7485004800,105439637,85542912,2031644160,379596672,32078592,19247155,48212625,13394625753,876814848000,9409720320000,1.0,0.01527646,0.0014234882
MIMIC-IV-CaseStudy,1800000,1800000,100,1000,0.5,0.5,10692864000,7485004800,124686792,181778688,2031644160,507911040,32078592,32078592,67716408,13670758272,876814848000,9409720320000,1.0,0.01559139,0.0014528336
MIMIC-IV-CaseStudy,1800000,1800000,100,1000,0.8,0.0,10692864000,7485004800,92608200,21385728,2095801344,406328832,32078592,10692864,44192108,13395951668,940972032000,9409720320000,1.0,0.01423629,0.0014236291
MIMIC-IV-CaseStudy,1800000,1800000,100,1000,0.8,0.01,10692864000,7485004800,93249772,24593587,2095801344,413172264,32078592,11120578,45047537,13407927674,940972032000,9409720320000,1.0,0.01424902,0.0014249018
MIMIC-IV-CaseStudy,1800000,1800000,100,1000,0.8,0.05,10692864000,7485004800,95816060,37425024,2095801344,440545996,32078592,12831436,48469253,13455831705,940972032000,9409720320000,1.0,0.01429993,0.0014299927
MIMIC-IV-CaseStudy,1800000,1800000,100,1000,0.8,0.1,10692864000,7485004800,99023919,53464320,2095801344,474763161,32078592,14970009,52746399,13515711744,940972032000,9409720320000,1.0,0.01436356,0.0014363564
MIMIC-IV-CaseStudy,1800000,1800000,100,1000,0.8,0.2,10692864000,7485004800,105439637,85542912,2095801344,543197491,32078592,19247155,61300690,13635471821,940972032000,9409720320000,1.0,0.01449084,0.0014490836
MIMIC-IV-CaseStudy,1800000,1800000,100,1000,0.8,0.5,10692864000,7485004800,124686792,181778688,2095801344,748500480,32078592,32078592,86963564,13994752052,940972032000,9409720320000,1.0,0.01487265,0.0014872655
MIMIC-IV-CaseStudy,1800000,1800000,100,1000,0.95,0.0,10692864000,7485004800,92608200,21385728,2127879935,462466368,32078592,10692864,48683111,13488658798,973050623999,9409720320000,1.0,0.01386224,0.0014334814
MIMIC-IV-CaseStudy,1800000,1800000,100,1000,0.95,0.01,10692864000,7485004800,93249772,24593587,2127879935,470592944,32078592,11120578,49641191,13502020599,973050623999,9409720320000,1.0,0.01387597,0.0014349014
MIMIC-IV-CaseStudy,1800000,1800000,100,1000,0.95,0.05,10692864000,7485004800,95816060,37425024,2127879935,503099251,32078592,12831436,53473514,13555467812,973050623999,9409720320000,1.0,0.0139309,0.0014405814
MIMIC-IV-CaseStudy,1800000,1800000,100,1000,0.95,0.1,10692864000,7485004800,99023919,53464320,2127879935,543732134,32078592,14970009,58263917,13622276826,973050623999,9409720320000,1.0,0.01399956,0.0014476814
MIMIC-IV-CaseStudy,1800000,1800000,100,1000,0.95,0.2,10692864000,7485004800,105439637,85542912,2127879935,624997900,32078592,19247155,67844723,13755894854,973050623999,9409720320000,1.0,0.01413687,0.0014618814
MIMIC-IV-CaseStudy,1800000,1800000,100,1000,0.95,0.5,10692864000,7485004800,124686792,181778688,2127879935,868795200,32078592,32078592,96587141,14156748940,973050623999,9409720320000,1.0,0.01454883,0.0015044814
MIMIC-IV-CaseStudy,1800000,1800000,100,10000,0.2,0.0,10692864000,7485004800,92608200,21385728,1967486976,181778688,32078592,10692864,26228096,13025123144,812657664000,94097203200000,1.0,0.01602781,0.000138422
MIMIC-IV-CaseStudy,1800000,1800000,100,10000,0.2,0.01,10692864000,7485004800,93249772,24593587,1967486976,183489546,32078592,11120578,26672919,13031555970,812657664000,94097203200000,1.0,0.01603573,0.0001384904
MIMIC-IV-CaseStudy,1800000,1800000,100,10000,0.2,0.05,10692864000,7485004800,95816060,37425024,1967486976,190332979,32078592,12831436,28452212,13057287279,812657664000,94097203200000,1.0,0.01606739,0.0001387638
MIMIC-IV-CaseStudy,1800000,1800000,100,10000,0.2,0.1,10692864000,7485004800,99023919,53464320,1967486976,198887270,32078592,14970009,30676328,13089451414,812657664000,94097203200000,1.0,0.01610697,0.0001391056
MIMIC-IV-CaseStudy,1800000,1800000,100,10000,0.2,0.2,10692864000,7485004800,105439637,85542912,1967486976,215995852,32078592,19247155,35124559,13153779683,812657664000,94097203200000,1.0,0.01618613,0.0001397893
MIMIC-IV-CaseStudy,1800000,1800000,100,10000,0.2,0.5,10692864000,7485004800,124686792,181778688,1967486976,267321600,32078592,32078592,48469253,13346764493,812657664000,94097203200000,1.0,0.0164236,0.0001418402
MIMIC-IV-CaseStudy,1800000,1800000,100,10000,0.5,0.0,10692864000,7485004800,92608200,21385728,2031644160,294053760,32078592,10692864,35210102,13210537406,876814848000,94097203200000,1.0,0.01506651,0.0001403925
MIMIC-IV-CaseStudy,1800000,1800000,100,10000,0.5,0.01,10692864000,7485004800,93249772,24593587,2031644160,298330905,32078592,11120578,35860228,13219741822,876814848000,94097203200000,1.0,0.015077,0.0001404903
MIMIC-IV-CaseStudy,1800000,1800000,100,10000,0.5,0.05,10692864000,7485004800,95816060,37425024,2031644160,315439488,32078592,12831436,38460733,13256559493,876814848000,94097203200000,1.0,0.015119,0.0001408815
MIMIC-IV-CaseStudy,1800000,1800000,100,10000,0.5,0.1,10692864000,7485004800,99023919,53464320,2031644160,336825216,32078592,14970009,41711363,13302581579,876814848000,94097203200000,1.0,0.01517148,0.0001413706
MIMIC-IV-CaseStudy,1800000,1800000,100,10000,0.5,0.2,10692864000,7485004800,105439637,85542912,2031644160,379596672,32078592,19247155,48212625,13394625753,876814848000,94097203200000,1.0,0.01527646,0.0001423488
MIMIC-IV-CaseStudy,1800000,1800000,100,10000,0.5,0.5,10692864000,7485004800,124686792,181778688,2031644160,507911040,32078592,32078592,67716408,13670758272,876814848000,94097203200000,1.0,0.01559139,0.0001452834
MIMIC-IV-CaseStudy,1800000,1800000,100,10000,0.8,0.0,10692864000,7485004800,92608200,21385728,2095801344,406328832,32078592,10692864,44192108,13395951668,940972032000,94097203200000,1.0,0.01423629,0.0001423629
MIMIC-IV-CaseStudy,1800000,1800000,100,10000,0.8,0.01,10692864000,7485004800,93249772,24593587,2095801344,413172264,32078592,11120578,45047537,13407927674,940972032000,94097203200000,1.0,0.01424902,0.0001424902
MIMIC-IV-CaseStudy,1800000,1800000,100,10000,0.8,0.05,10692864000,7485004800,95816060,37425024,2095801344,440545996,32078592,12831436,48469253,13455831705,940972032000,94097203200000,1.0,0.01429993,0.0001429993
MIMIC-IV-CaseStudy,1800000,1800000,100,10000,0.8,0.1,10692864000,7485004800,99023919,53464320,2095801344,474763161,32078592,14970009,52746399,13515711744,940972032000,94097203200000,1.0,0.01436356,0.0001436356
MIMIC-IV-CaseStudy,1800000,1800000,100,10000,0.8,0.2,10692864000,7485004800,105439637,85542912,2095801344,543197491,32078592,19247155,61300690,13635471821,940972032000,94097203200000,1.0,0.01449084,0.0001449084
MIMIC-IV-CaseStudy,1800000,1800000,100,10000,0.8,0.5,10692864000,7485004800,124686792,181778688,2095801344,748500480,32078592,32078592,86963564,13994752052,940972032000,94097203200000,1.0,0.01487265,0.0001487265
MIMIC-IV-CaseStudy,1800000,1800000,100,10000,0.95,0.0,10692864000,7485004800,92608200,21385728,2127879935,462466368,32078592,10692864,48683111,13488658798,973050623999,94097203200000,1.0,0.01386224,0.0001433481
MIMIC-IV-CaseStudy,1800000,1800000,100,10000,0.95,0.01,10692864000,7485004800,93249772,24593587,2127879935,470592944,32078592,11120578,49641191,13502020599,973050623999,94097203200000,1.0,0.01387597,0.0001434901
MIMIC-IV-CaseStudy,1800000,1800000,100,10000,0.95,0.05,10692864000,7485004800,95816060,37425024,2127879935,503099251,32078592,12831436,53473514,13555467812,973050623999,94097203200000,1.0,0.0139309,0.0001440581
MIMIC-IV-CaseStudy,1800000,1800000,100,10000,0.95,0.1,10692864000,7485004800,99023919,53464320,2127879935,543732134,32078592,14970009,58263917,13622276826,973050623999,94097203200000,1.0,0.01399956,0.0001447681
MIMIC-IV-CaseStudy,1800000,1800000,100,10000,0.95,0.2,10692864000,7485004800,105439637,85542912,2127879935,624997900,32078592,19247155,67844723,13755894854,973050623999,94097203200000,1.0,0.01413687,0.0001461881
MIMIC-IV-CaseStudy,1800000,1800000,100,10000,0.95,0.5,10692864000,7485004800,124686792,181778688,2127879935,868795200,32078592,32078592,96587141,14156748940,973050623999,94097203200000,1.0,0.01454883,0.0001504481
MIMIC-IV-CaseStudy,1800000,1800000,100,100000,0.2,0.0,10692864000,7485004800,92608200,21385728,1967486976,181778688,32078592,10692864,26228096,13025123144,812657664000,940972032000000,1.0,0.01602781,1.38422e-05
MIMIC-IV-CaseStudy,1800000,1800000,100,100000,0.2,0.01,10692864000,7485004800,93249772,24593587,1967486976,183489546,32078592,11120578,26672919,13031555970,812657664000,940972032000000,1.0,0.01603573,1.3849e-05
MIMIC-IV-CaseStudy,1800000,1800000,100,100000,0.2,0.05,10692864000,7485004800,95816060,37425024,1967486976,190332979,32078592,12831436,28452212,13057287279,812657664000,940972032000000,1.0,0.01606739,1.38764e-05
MIMIC-IV-CaseStudy,1800000,1800000,100,100000,0.2,0.1,10692864000,7485004800,99023919,53464320,1967486976,198887270,32078592,14970009,30676328,13089451414,812657664000,940972032000000,1.0,0.01610697,1.39106e-05
MIMIC-IV-CaseStudy,1800000,1800000,100,100000,0.2,0.2,10692864000,7485004800,105439637,85542912,1967486976,215995852,32078592,19247155,35124559,13153779683,812657664000,940972032000000,1.0,0.01618613,1.39789e-05
MIMIC-IV-CaseStudy,1800000,1800000,100,100000,0.2,0.5,10692864000,7485004800,124686792,181778688,1967486976,267321600,32078592,32078592,48469253,13346764493,812657664000,940972032000000,1.0,0.0164236,1.4184e-05
MIMIC-IV-CaseStudy,1800000,1800000,100,100000,0.5,0.0,10692864000,7485004800,92608200,21385728,2031644160,294053760,32078592,10692864,35210102,13210537406,876814848000,940972032000000,1.0,0.01506651,1.40392e-05
MIMIC-IV-CaseStudy,1800000,1800000,100,100000,0.5,0.01,10692864000,7485004800,93249772,24593587,2031644160,298330905,32078592,11120578,35860228,13219741822,876814848000,940972032000000,1.0,0.015077,1.4049e-05
MIMIC-IV-CaseStudy,1800000,1800000,100,100000,0.5,0.05,10692864000,7485004800,95816060,37425024,2031644160,315439488,32078592,12831436,38460733,13256559493,876814848000,940972032000000,1.0,0.015119,1.40882e-05
MIMIC-IV-CaseStudy,1800000,1800000,100,100000,0.5,0.1,10692864000,7485004800,99023919,53464320,2031644160,336825216,32078592,14970009,41711363,13302581579,876814848000,940972032000000,1.0,0.01517148,1.41371e-05
MIMIC-IV-CaseStudy,1800000,1800000,100,100000,0.5,0.2,10692864000,7485004800,105439637,85542912,2031644160,379596672,32078592,19247155,48212625,13394625753,876814848000,940972032000000,1.0,0.01527646,1.42349e-05
MIMIC-IV-CaseStudy,1800000,1800000,100,100000,0.5,0.5,10692864000,7485004800,124686792,181778688,2031644160,507911040,32078592,32078592,67716408,13670758272,876814848000,940972032000000,1.0,0.01559139,1.45283e-05
MIMIC-IV-CaseStudy,1800000,1800000,100,100000,0.8,0.0,10692864000,7485004800,92608200,21385728,2095801344,406328832,32078592,10692864,44192108,13395951668,940972032000,940972032000000,1.0,0.01423629,1.42363e-05
MIMIC-IV-CaseStudy,1800000,1800000,100,100000,0.8,0.01,10692864000,7485004800,93249772,24593587,2095801344,413172264,32078592,11120578,45047537,13407927674,940972032000,940972032000000,1.0,0.01424902,1.4249e-05
MIMIC-IV-CaseStudy,1800000,1800000,100,100000,0.8,0.05,10692864000,7485004800,95816060,37425024,2095801344,440545996,32078592,12831436,48469253,13455831705,940972032000,940972032000000,1.0,0.01429993,1.42999e-05
MIMIC-IV-CaseStudy,1800000,1800000,100,100000,0.8,0.1,10692864000,7485004800,99023919,53464320,2095801344,474763161,32078592,14970009,52746399,13515711744,940972032000,940972032000000,1.0,0.01436356,1.43636e-05
MIMIC-IV-CaseStudy,1800000,1800000,100,100000,0.8,0.2,10692864000,7485004800,105439637,85542912,2095801344,543197491,32078592,19247155,61300690,13635471821,940972032000,940972032000000,1.0,0.01449084,1.44908e-05
MIMIC-IV-CaseStudy,1800000,1800000,100,100000,0.8,0.5,10692864000,7485004800,124686792,181778688,2095801344,748500480,32078592,32078592,86963564,13994752052,940972032000,940972032000000,1.0,0.01487265,1.48727e-05
MIMIC-IV-CaseStudy,1800000,1800000,100,100000,0.95,0.0,10692864000,7485004800,92608200,21385728,2127879935,462466368,32078592,10692864,48683111,13488658798,973050623999,940972032000000,1.0,0.01386224,1.43348e-05
MIMIC-IV-CaseStudy,1800000,1800000,100,100000,0.95,0.01,10692864000,7485004800,93249772,24593587,2127879935,470592944,32078592,11120578,49641191,13502020599,973050623999,940972032000000,1.0,0.01387597,1.4349e-05
MIMIC-IV-CaseStudy,1800000,1800000,100,100000,0.95,0.05,10692864000,7485004800,95816060,37425024,2127879935,503099251,32078592,12831436,53473514,13555467812,973050623999,940972032000000,1.0,0.0139309,1.44058e-05
MIMIC-IV-CaseStudy,1800000,1800000,100,100000,0.95,0.1,10692864000,7485004800,99023919,53464320,2127879935,543732134,32078592,14970009,58263917,13622276826,973050623999,940972032000000,1.0,0.01399956,1.44768e-05
MIMIC-IV-CaseStudy,1800000,1800000,100,100000,0.95,0.2,10692864000,7485004800,105439637,85542912,2127879935,624997900,32078592,19247155,67844723,13755894854,973050623999,940972032000000,1.0,0.01413687,1.46188e-05
MIMIC-IV-CaseStudy,1800000,1800000,100,100000,0.95,0.5,10692864000,7485004800,124686792,181778688,2127879935,868795200,32078592,32078592,96587141,14156748940,973050623999,940972032000000,1.0,0.01454883,1.50448e-05
MIMIC-IV-CaseStudy,1800000,1800000,500,1000,0.2,0.0,10692864000,7485004800,109901969,21385728,1967486976,181778688,32078592,10692864,27611598,13043800415,4063288320000,9409720320000,1.0,0.00321016,0.0013862049
MIMIC-IV-CaseStudy,1800000,1800000,500,1000,0.2,0.01,10692864000,7485004800,110543541,24593587,1967486976,183489546,32078592,11120578,28056421,13050233241,4063288320000,9409720320000,1.0,0.00321174,0.0013868885
MIMIC-IV-CaseStudy,1800000,1800000,500,1000,0.2,0.05,10692864000,7485004800,113109829,37425024,1967486976,190332979,32078592,12831436,29835713,13075964549,4063288320000,9409720320000,1.0,0.00321807,0.0013896231
MIMIC-IV-CaseStudy,1800000,1800000,500,1000,0.2,0.1,10692864000,7485004800,116317688,53464320,1967486976,198887270,32078592,14970009,32059829,13108128684,4063288320000,9409720320000,1.0,0.00322599,0.0013930413
MIMIC-IV-CaseStudy,1800000,1800000,500,1000,0.2,0.2,10692864000,7485004800,122733406,85542912,1967486976,215995852,32078592,19247155,36508060,13172456953,4063288320000,9409720320000,1.0,0.00324182,0.0013998776
MIMIC-IV-CaseStudy,1800000,1800000,500,1000,0.2,0.5,10692864000,7485004800,141980561,181778688,1967486976,267321600,32078592,32078592,49852755,13365441764,4063288320000,9409720320000,1.0,0.00328932,0.0014203867
MIMIC-IV-CaseStudy,1800000,1800000,500,1000,0.5,0.0,10692864000,7485004800,109901969,21385728,2031644160,294053760,32078592,10692864,36593603,13229214676,4384074239999,9409720320000,1.0,0.00301756,0.0014059094
MIMIC-IV-CaseStudy,1800000,1800000,500,1000,0.5,0.01,10692864000,7485004800,110543541,24593587,2031644160,298330905,32078592,11120578,37243730,13238419093,4384074239999,9409720320000,1.0,0.00301966,0.0014068876
MIMIC-IV-CaseStudy,1800000,1800000,500,1000,0.5,0.05,10692864000,7485004800,113109829,37425024,2031644160,315439488,32078592,12831436,39844234,13275236763,4384074239999,9409720320000,1.0,0.00302806,0.0014108004
MIMIC-IV-CaseStudy,1800000,1800000,500,1000,0.5,0.1,10692864000,7485004800,116317688,53464320,2031644160,336825216,32078592,14970009,43094865,13321258850,4384074239999,9409720320000,1.0,0.00303856,0.0014156913
MIMIC-IV-CaseStudy,1800000,1800000,500,1000,0.5,0.2,10692864000,7485004800,122733406,85542912,2031644160,379596672,32078592,19247155,49596126,13413303023,4384074239999,9409720320000,1.0,0.00305955,0.0014254731
MIMIC-IV-CaseStudy,1800000,1800000,500,1000,0.5,0.5,10692864000,7485004800,141980561,181778688,2031644160,507911040,32078592,32078592,69099910,13689435543,4384074239999,9409720320000,1.0,0.00312254,0.0014548185
MIMIC-IV-CaseStudy,1800000,1800000,500,1000,0.8,0.0,10692864000,7485004800,109901969,21385728,2095801344,406328832,32078592,10692864,45575609,13414628938,4704860160000,9409720320000,1.0,0.00285123,0.001425614
MIMIC-IV-CaseStudy,1800000,1800000,500,1000,0.8,0.01,10692864000,7485004800,110543541,24593587,2095801344,413172264,32078592,11120578,46431038,13426604944,4704860160000,9409720320000,1.0,0.00285377,0.0014268867
MIMIC-IV-CaseStudy,1800000,1800000,500,1000,0.8,0.05,10692864000,7485004800,113109829,37425024,2095801344,440545996,32078592,12831436,49852755,13474508976,4704860160000,9409720320000,1.0,0.00286396,0.0014319776
MIMIC-IV-CaseStudy,1800000,1800000,500,1000,0.8,0.1,10692864000,7485004800,116317688,53464320,2095801344,474763161,32078592,14970009,54129900,13534389014,4704860160000,9409720320000,1.0,0.00287668,0.0014383413
MIMIC-IV-CaseStudy,1800000,1800000,500,1000,0.8,0.2,10692864000,7485004800,122733406,85542912,2095801344,543197491,32078592,19247155,62684192,13654149092,4704860160000,9409720320000,1.0,0.00290214,0.0014510685
MIMIC-IV-CaseStudy,1800000,1800000,500,1000,0.8,0.5,10692864000,7485004800,141980561,181778688,2095801344,748500480,32078592,32078592,88347065,14013429322,4704860160000,9409720320000,1.0,0.0029785,0.0014892504
MIMIC-IV-CaseStudy,1800000,1800000,500,1000,0.95,0.0,10692864000,7485004800,109901969,21385728,2127879935,462466368,32078592,10692864,50066612,13507336068,4865253120000,9409720320000,1.0,0.00277629,0.0014354663
MIMIC-IV-CaseStudy,1800000,1800000,500,1000,0.95,0.01,10692864000,7485004800,110543541,24593587,2127879935,470592944,32078592,11120578,51024693,13520697870,4865253120000,9409720320000,1.0,0.00277903,0.0014368863
MIMIC-IV-CaseStudy,1800000,1800000,500,1000,0.95,0.05,10692864000,7485004800,113109829,37425024,2127879935,503099251,32078592,12831436,54857015,13574145082,4865253120000,9409720320000,1.0,0.00279002,0.0014425663
MIMIC-IV-CaseStudy,1800000,1800000,500,1000,0.95,0.1,10692864000,7485004800,116317688,53464320,2127879935,543732134,32078592,14970009,59647418,13640954096,4865253120000,9409720320000,1.0,0.00280375,0.0014496663
MIMIC-IV-CaseStudy,1800000,1800000,500,1000,0.95,0.2,10692864000,7485004800,122733406,85542912,2127879935,624997900,32078592,19247155,69228224,13774572124,4865253120000,9409720320000,1.0,0.00283121,0.0014638663
MIMIC-IV-CaseStudy,1800000,1800000,500,1000,0.95,0.5,10692864000,7485004800,141980561,181778688,2127879935,868795200,32078592,32078592,97970643,14175426211,4865253120000,9409720320000,1.0,0.00291361,0.0015064663
MIMIC-IV-CaseStudy,1800000,1800000,500,10000,0.2,0.0,10692864000,7485004800,109901969,21385728,1967486976,181778688,32078592,10692864,27611598,13043800415,4063288320000,94097203200000,1.0,0.00321016,0.0001386205
MIMIC-IV-CaseStudy,1800000,1800000,500,10000,0.2,0.01,10692864000,7485004800,110543541,24593587,1967486976,183489546,32078592,11120578,28056421,13050233241,4063288320000,94097203200000,1.0,0.00321174,0.0001386889
MIMIC-IV-CaseStudy,1800000,1800000,500,10000,0.2,0.05,10692864000,7485004800,113109829,37425024,1967486976,190332979,32078592,12831436,29835713,13075964549,4063288320000,94097203200000,1.0,0.00321807,0.0001389623
MIMIC-IV-CaseStudy,1800000,1800000,500,10000,0.2,0.1,10692864000,7485004800,116317688,53464320,1967486976,198887270,32078592,14970009,32059829,13108128684,4063288320000,94097203200000,1.0,0.00322599,0.0001393041
MIMIC-IV-CaseStudy,1800000,1800000,500,10000,0.2,0.2,10692864000,7485004800,122733406,85542912,1967486976,215995852,32078592,19247155,36508060,13172456953,4063288320000,94097203200000,1.0,0.00324182,0.0001399878
MIMIC-IV-CaseStudy,1800000,1800000,500,10000,0.2,0.5,10692864000,7485004800,141980561,181778688,1967486976,267321600,32078592,32078592,49852755,13365441764,4063288320000,94097203200000,1.0,0.00328932,0.0001420387
MIMIC-IV-CaseStudy,1800000,1800000,500,10000,0.5,0.0,10692864000,7485004800,109901969,21385728,2031644160,294053760,32078592,10692864,36593603,13229214676,4384074239999,94097203200000,1.0,0.00301756,0.0001405909
MIMIC-IV-CaseStudy,1800000,1800000,500,10000,0.5,0.01,10692864000,7485004800,110543541,24593587,2031644160,298330905,32078592,11120578,37243730,13238419093,4384074239999,94097203200000,1.0,0.00301966,0.0001406888
MIMIC-IV-CaseStudy,1800000,1800000,500,10000,0.5,0.05,10692864000,7485004800,113109829,37425024,2031644160,315439488,32078592,12831436,39844234,13275236763,4384074239999,94097203200000,1.0,0.00302806,0.00014108
MIMIC-IV-CaseStudy,1800000,1800000,500,10000,0.5,0.1,10692864000,7485004800,116317688,53464320,2031644160,336825216,32078592,14970009,43094865,13321258850,4384074239999,94097203200000,1.0,0.00303856,0.0001415691
MIMIC-IV-CaseStudy,1800000,1800000,500,10000,0.5,0.2,10692864000,7485004800,122733406,85542912,2031644160,379596672,32078592,19247155,49596126,13413303023,4384074239999,94097203200000,1.0,0.00305955,0.0001425473
MIMIC-IV-CaseStudy,1800000,1800000,500,10000,0.5,0.5,10692864000,7485004800,141980561,181778688,2031644160,507911040,32078592,32078592,69099910,13689435543,4384074239999,94097203200000,1.0,0.00312254,0.0001454819
MIMIC-IV-CaseStudy,1800000,1800000,500,10000,0.8,0.0,10692864000,7485004800,109901969,21385728,2095801344,406328832,32078592,10692864,45575609,13414628938,4704860160000,94097203200000,1.0,0.00285123,0.0001425614
MIMIC-IV-CaseStudy,1800000,1800000,500,10000,0.8,0.01,10692864000,7485004800,110543541,24593587,2095801344,413172264,32078592,11120578,46431038,13426604944,4704860160000,94097203200000,1.0,0.00285377,0.0001426887
MIMIC-IV-CaseStudy,1800000,1800000,500,10000,0.8,0.05,10692864000,7485004800,113109829,37425024,2095801344,440545996,32078592,12831436,49852755,13474508976,4704860160000,94097203200000,1.0,0.00286396,0.0001431978
MIMIC-IV-CaseStudy,1800000,1800000,500,10000,0.8,0.1,10692864000,7485004800,116317688,53464320,2095801344,474763161,32078592,14970009,54129900,13534389014,4704860160000,94097203200000,1.0,0.00287668,0.0001438341
MIMIC-IV-CaseStudy,1800000,1800000,500,10000,0.8,0.2,10692864000,7485004800,122733406,85542912,2095801344,543197491,32078592,19247155,62684192,13654149092,4704860160000,94097203200000,1.0,0.00290214,0.0001451069
MIMIC-IV-CaseStudy,1800000,1800000,500,10000,0.8,0.5,10692864000,7485004800,141980561,181778688,2095801344,748500480,32078592,32078592,88347065,14013429322,4704860160000,94097203200000,1.0,0.0029785,0.000148925
MIMIC-IV-CaseStudy,1800000,1800000,500,10000,0.95,0.0,10692864000,7485004800,109901969,21385728,2127879935,462466368,32078592,10692864,50066612,13507336068,4865253120000,94097203200000,1.0,0.00277629,0.0001435466
MIMIC-IV-CaseStudy,1800000,1800000,500,10000,0.95,0.01,10692864000,7485004800,110543541,24593587,2127879935,470592944,32078592,11120578,51024693,13520697870,4865253120000,94097203200000,1.0,0.00277903,0.0001436886
MIMIC-IV-CaseStudy,1800000,1800000,500,10000,0.95,0.05,10692864000,7485004800,113109829,37425024,2127879935,503099251,32078592,12831436,54857015,13574145082,4865253120000,94097203200000,1.0,0.00279002,0.0001442566
MIMIC-IV-CaseStudy,1800000,1800000,500,10000,0.95,0.1,10692864000,7485004800,116317688,53464320,2127879935,543732134,32078592,14970009,59647418,13640954096,4865253120000,94097203200000,1.0,0.00280375,0.0001449666
MIMIC-IV-CaseStudy,1800000,1800000,500,10000,0.95,0.2,10692864000,7485004800,122733406,85542912,2127879935,624997900,32078592,19247155,69228224,13774572124,4865253120000,94097203200000,1.0,0.00283121,0.0001463866
MIMIC-IV-CaseStudy,1800000,1800000,500,10000,0.95,0.5,10692864000,7485004800,141980561,181778688,2127879935,868795200,32078592,32078592,97970643,14175426211,4865253120000,94097203200000,1.0,0.00291361,0.0001506466
MIMIC-IV-CaseStudy,1800000,1800000,500,100000,0.2,0.0,10692864000,7485004800,109901969,21385728,1967486976,181778688,32078592,10692864,27611598,13043800415,4063288320000,940972032000000,1.0,0.00321016,1.3862e-05
MIMIC-IV-CaseStudy,1800000,1800000,500,100000,0.2,0.01,10692864000,7485004800,110543541,24593587,1967486976,183489546,32078592,11120578,28056421,13050233241,4063288320000,940972032000000,1.0,0.00321174,1.38689e-05
MIMIC-IV-CaseStudy,1800000,1800000,500,100000,0.2,0.05,10692864000,7485004800,113109829,37425024,1967486976,190332979,32078592,12831436,29835713,13075964549,4063288320000,940972032000000,1.0,0.00321807,1.38962e-05
MIMIC-IV-CaseStudy,1800000,1800000,500,100000,0.2,0.1,10692864000,7485004800,116317688,53464320,1967486976,198887270,32078592,14970009,32059829,13108128684,4063288320000,940972032000000,1.0,0.00322599,1.39304e-05
MIMIC-IV-CaseStudy,1800000,1800000,500,100000,0.2,0.2,10692864000,7485004800,122733406,85542912,1967486976,215995852,32078592,19247155,36508060,13172456953,4063288320000,940972032000000,1.0,0.00324182,1.39988e-05
MIMIC-IV-CaseStudy,1800000,1800000,500,100000,0.2,0.5,10692864000,7485004800,141980561,181778688,1967486976,267321600,32078592,32078592,49852755,13365441764,4063288320000,940972032000000,1.0,0.00328932,1.42039e-05
MIMIC-IV-CaseStudy,1800000,1800000,500,100000,0.5,0.0,10692864000,7485004800,109901969,21385728,2031644160,294053760,32078592,10692864,36593603,13229214676,4384074239999,940972032000000,1.0,0.00301756,1.40591e-05
MIMIC-IV-CaseStudy,1800000,1800000,500,100000,0.5,0.01,10692864000,7485004800,110543541,24593587,2031644160,298330905,32078592,11120578,37243730,13238419093,4384074239999,940972032000000,1.0,0.00301966,1.40689e-05
MIMIC-IV-CaseStudy,1800000,1800000,500,100000,0.5,0.05,10692864000,7485004800,113109829,37425024,2031644160,315439488,32078592,12831436,39844234,13275236763,4384074239999,940972032000000,1.0,0.00302806,1.4108e-05
MIMIC-IV-CaseStudy,1800000,1800000,500,100000,0.5,0.1,10692864000,7485004800,116317688,53464320,2031644160,336825216,32078592,14970009,43094865,13321258850,4384074239999,940972032000000,1.0,0.00303856,1.41569e-05
MIMIC-IV-CaseStudy,1800000,1800000,500,100000,0.5,0.2,10692864000,7485004800,122733406,85542912,2031644160,379596672,32078592,19247155,49596126,13413303023,4384074239999,940972032000000,1.0,0.00305955,1.42547e-05
MIMIC-IV-CaseStudy,1800000,1800000,500,100000,0.5,0.5,10692864000,7485004800,141980561,181778688,2031644160,507911040,32078592,32078592,69099910,13689435543,4384074239999,940972032000000,1.0,0.00312254,1.45482e-05
MIMIC-IV-CaseStudy,1800000,1800000,500,100000,0.8,0.0,10692864000,7485004800,109901969,21385728,2095801344,406328832,32078592,10692864,45575609,13414628938,4704860160000,940972032000000,1.0,0.00285123,1.42561e-05
MIMIC-IV-CaseStudy,1800000,1800000,500,100000,0.8,0.01,10692864000,7485004800,110543541,24593587,2095801344,413172264,32078592,11120578,46431038,13426604944,4704860160000,940972032000000,1.0,0.00285377,1.42689e-05
MIMIC-IV-CaseStudy,1800000,1800000,500,100000,0.8,0.05,10692864000,7485004800,113109829,37425024,2095801344,440545996,32078592,12831436,49852755,13474508976,4704860160000,940972032000000,1.0,0.00286396,1.43198e-05
MIMIC-IV-CaseStudy,1800000,1800000,500,100000,0.8,0.1,10692864000,7485004800,116317688,53464320,2095801344,474763161,32078592,14970009,54129900,13534389014,4704860160000,940972032000000,1.0,0.00287668,1.43834e-05
MIMIC-IV-CaseStudy,1800000,1800000,500,100000,0.8,0.2,10692864000,7485004800,122733406,85542912,2095801344,543197491,32078592,19247155,62684192,13654149092,4704860160000,940972032000000,1.0,0.00290214,1.45107e-05
MIMIC-IV-CaseStudy,1800000,1800000,500,100000,0.8,0.5,10692864000,7485004800,141980561,181778688,2095801344,748500480,32078592,32078592,88347065,14013429322,4704860160000,940972032000000,1.0,0.0029785,1.48925e-05
MIMIC-IV-CaseStudy,1800000,1800000,500,100000,0.95,0.0,10692864000,7485004800,109901969,21385728,2127879935,462466368,32078592,10692864,50066612,13507336068,4865253120000,940972032000000,1.0,0.00277629,1.43547e-05
MIMIC-IV-CaseStudy,1800000,1800000,500,100000,0.95,0.01,10692864000,7485004800,110543541,24593587,2127879935,470592944,32078592,11120578,51024693,13520697870,4865253120000,940972032000000,1.0,0.00277903,1.43689e-05
MIMIC-IV-CaseStudy,1800000,1800000,500,100000,0.95,0.05,10692864000,7485004800,113109829,37425024,2127879935,503099251,32078592,12831436,54857015,13574145082,4865253120000,940972032000000,1.0,0.00279002,1.44257e-05
MIMIC-IV-CaseStudy,1800000,1800000,500,100000,0.95,0.1,10692864000,7485004800,116317688,53464320,2127879935,543732134,32078592,14970009,59647418,13640954096,4865253120000,940972032000000,1.0,0.00280375,1.44967e-05
MIMIC-IV-CaseStudy,1800000,1800000,500,100000,0.95,0.2,10692864000,7485004800,122733406,85542912,2127879935,624997900,32078592,19247155,69228224,13774572124,4865253120000,940972032000000,1.0,0.00283121,1.46387e-05
MIMIC-IV-CaseStudy,1800000,1800000,500,100000,0.95,0.5,10692864000,7485004800,141980561,181778688,2127879935,868795200,32078592,32078592,97970643,14175426211,4865253120000,940972032000000,1.0,0.00291361,1.50647e-05
MIMIC-IV-CaseStudy,1800000,1800000,1000,1000,0.2,0.0,10692864000,7485004800,117376192,21385728,1967486976,181778688,32078592,10692864,28209536,13051872576,8126576640000,9409720320000,1.0,0.00160607,0.0013870628
MIMIC-IV-CaseStudy,1800000,1800000,1000,1000,0.2,0.01,10692864000,7485004800,118017764,24593587,1967486976,183489546,32078592,11120578,28654359,13058305402,8126576640000,9409720320000,1.0,0.00160686,0.0013877464
MIMIC-IV-CaseStudy,1800000,1800000,1000,1000,0.2,0.05,10692864000,7485004800,120584051,37425024,1967486976,190332979,32078592,12831436,30433651,13084036709,8126576640000,9409720320000,1.0,0.00161003,0.0013904809
MIMIC-IV-CaseStudy,1800000,1800000,1000,1000,0.2,0.1,10692864000,7485004800,123791910,53464320,1967486976,198887270,32078592,14970009,32657767,13116200844,8126576640000,9409720320000,1.0,0.00161399,0.0013938991
MIMIC-IV-CaseStudy,1800000,1800000,1000,1000,0.2,0.2,10692864000,7485004800,130207629,85542912,1967486976,215995852,32078592,19247155,37105998,13180529114,8126576640000,9409720320000,1.0,0.0016219,0.0014007355
MIMIC-IV-CaseStudy,1800000,1800000,1000,1000,0.2,0.5,10692864000,7485004800,149454784,181778688,1967486976,267321600,32078592,32078592,50450693,13373513925,8126576640000,9409720320000,1.0,0.00164565,0.0014212446
MIMIC-IV-CaseStudy,1800000,1800000,1000,1000,0.5,0.0,10692864000,7485004800,117376192,21385728,2031644160,294053760,32078592,10692864,37191541,13237286837,8768148479999,9409720320000,1.0,0.0015097,0.0014067673
MIMIC-IV-CaseStudy,1800000,1800000,1000,1000,0.5,0.01,10692864000,7485004800,118017764,24593587,2031644160,298330905,32078592,11120578,37841667,13246491253,8768148479999,9409720320000,1.0,0.00151075,0.0014077455
MIMIC-IV-CaseStudy,1800000,1800000,1000,1000,0.5,0.05,10692864000,7485004800,120584051,37425024,2031644160,315439488,32078592,12831436,40442172,13283308923,8768148479999,9409720320000,1.0,0.00151495,0.0014116582
MIMIC-IV-CaseStudy,1800000,1800000,1000,1000,0.5,0.1,10692864000,7485004800,123791910,53464320,2031644160,336825216,32078592,14970009,43692803,13329331010,8768148479999,9409720320000,1.0,0.0015202,0.0014165491
MIMIC-IV-CaseStudy,1800000,1800000,1000,1000,0.5,0.2,10692864000,7485004800,130207629,85542912,2031644160,379596672,32078592,19247155,50194064,13421375184,8768148479999,9409720320000,1.0,0.0015307,0.0014263309
MIMIC-IV-CaseStudy,1800000,1800000,1000,1000,0.5,0.5,10692864000,7485004800,149454784,181778688,2031644160,507911040,32078592,32078592,69697848,13697507704,8768148479999,9409720320000,1.0,0.00156219,0.0014556764
MIMIC-IV-CaseStudy,1800000,1800000,1000,1000,0.8,0.0,10692864000,7485004800,117376192,21385728,2095801344,406328832,32078592,10692864,46173547,13422701099,9409720320000,9409720320000,1.0,0.00142647,0.0014264718
MIMIC-IV-CaseStudy,1800000,1800000,1000,1000,0.8,0.01,10692864000,7485004800,118017764,24593587,2095801344,413172264,32078592,11120578,47028976,13434677105,9409720320000,9409720320000,1.0,0.00142774,0.0014277446
MIMIC-IV-CaseStudy,1800000,1800000,1000,1000,0.8,0.05,10692864000,7485004800,120584051,37425024,2095801344,440545996,32078592,12831436,50450693,13482581136,9409720320000,9409720320000,1.0,0.00143284,0.0014328355
MIMIC-IV-CaseStudy,1800000,1800000,1000,1000,0.8,0.1,10692864000,7485004800,123791910,53464320,2095801344,474763161,32078592,14970009,54727838,13542461174,9409720320000,9409720320000,1.0,0.0014392,0.0014391991
MIMIC-IV-CaseStudy,1800000,1800000,1000,1000,0.8,0.2,10692864000,7485004800,130207629,85542912,2095801344,543197491,32078592,19247155,63282129,13662221252,9409720320000,9409720320000,1.0,0.00145193,0.0014519264
MIMIC-IV-CaseStudy,1800000,1800000,1000,1000,0.8,0.5,10692864000,7485004800,149454784,181778688,2095801344,748500480,32078592,32078592,88945003,14021501483,9409720320000,9409720320000,1.0,0.00149011,0.0014901082
MIMIC-IV-CaseStudy,1800000,1800000,1000,1000,0.95,0.0,10692864000,7485004800,117376192,21385728,2127879935,462466368,32078592,10692864,50664550,13515408229,9730506240000,9409720320000,1.0,0.00138897,0.0014363241
MIMIC-IV-CaseStudy,1800000,1800000,1000,1000,0.95,0.01,10692864000,7485004800,118017764,24593587,2127879935,470592944,32078592,11120578,51622630,13528770030,9730506240000,9409720320000,1.0,0.00139035,0.0014377441
MIMIC-IV-CaseStudy,1800000,1800000,1000,1000,0.95,0.05,10692864000,7485004800,120584051,37425024,2127879935,503099251,32078592,12831436,55454953,13582217242,9730506240000,9409720320000,1.0,0.00139584,0.0014434241
MIMIC-IV-CaseStudy,1800000,1800000,1000,1000,0.95,0.1,10692864000,7485004800,123791910,53464320,2127879935,543732134,32078592,14970009,60245356,13649026256,9730506240000,9409720320000,1.0,0.0014027,0.0014505241
MIMIC-IV-CaseStudy,1800000,1800000,1000,1000,0.95,0.2,10692864000,7485004800,130207629,85542912,2127879935,624997900,32078592,19247155,69826162,13782644285,9730506240000,9409720320000,1.0,0.00141644,0.0014647241
MIMIC-IV-CaseStudy,1800000,1800000,1000,1000,0.95,0.5,10692864000,7485004800,149454784,181778688,2127879935,868795200,32078592,32078592,98568581,14183498372,9730506240000,9409720320000,1.0,0.00145763,0.0015073241
MIMIC-IV-CaseStudy,1800000,1800000,1000,10000,0.2,0.0,10692864000,7485004800,117376192,21385728,1967486976,181778688,32078592,10692864,28209536,13051872576,8126576640000,94097203200000,1.0,0.00160607,0.0001387063
MIMIC-IV-CaseStudy,1800000,1800000,1000,10000,0.2,0.01,10692864000,7485004800,118017764,24593587,1967486976,183489546,32078592,11120578,28654359,13058305402,8126576640000,94097203200000,1.0,0.00160686,0.0001387746
MIMIC-IV-CaseStudy,1800000,1800000,1000,10000,0.2,0.05,10692864000,7485004800,120584051,37425024,1967486976,190332979,32078592,12831436,30433651,13084036709,8126576640000,94097203200000,1.0,0.00161003,0.0001390481
MIMIC-IV-CaseStudy,1800000,1800000,1000,10000,0.2,0.1,10692864000,7485004800,123791910,53464320,1967486976,198887270,32078592,14970009,32657767,13116200844,8126576640000,94097203200000,1.0,0.00161399,0.0001393899
MIMIC-IV-CaseStudy,1800000,1800000,1000,10000,0.2,0.2,10692864000,7485004800,130207629,85542912,1967486976,215995852,32078592,19247155,37105998,13180529114,8126576640000,94097203200000,1.0,0.0016219,0.0001400735
MIMIC-IV-CaseStudy,1800000,1800000,1000,10000,0.2,0.5,10692864000,7485004800,149454784,181778688,1967486976,267321600,32078592,32078592,50450693,13373513925,8126576640000,94097203200000,1.0,0.00164565,0.0001421245
MIMIC-IV-CaseStudy,1800000,1800000,1000,10000,0.5,0.0,10692864000,7485004800,117376192,21385728,2031644160,294053760,32078592,10692864,37191541,13237286837,8768148479999,94097203200000,1.0,0.0015097,0.0001406767
MIMIC-IV-CaseStudy,1800000,1800000,1000,10000,0.5,0.01,10692864000,7485004800,118017764,24593587,2031644160,298330905,32078592,11120578,37841667,13246491253,8768148479999,94097203200000,1.0,0.00151075,0.0001407745
MIMIC-IV-CaseStudy,1800000,1800000,1000,10000,0.5,0.05,10692864000,7485004800,120584051,37425024,2031644160,315439488,32078592,12831436,40442172,13283308923,8768148479999,94097203200000,1.0,0.00151495,0.0001411658
MIMIC-IV-CaseStudy,1800000,1800000,1000,10000,0.5,0.1,10692864000,7485004800,123791910,53464320,2031644160,336825216,32078592,14970009,43692803,13329331010,8768148479999,94097203200000,1.0,0.0015202,0.0001416549
MIMIC-IV-CaseStudy,1800000,1800000,1000,10000,0.5,0.2,10692864000,7485004800,130207629,85542912,2031644160,379596672,32078592,19247155,50194064,13421375184,8768148479999,94097203200000,1.0,0.0015307,0.0001426331
MIMIC-IV-CaseStudy,1800000,1800000,1000,10000,0.5,0.5,10692864000,7485004800,149454784,181778688,2031644160,507911040,32078592,32078592,69697848,13697507704,8768148479999,94097203200000,1.0,0.00156219,0.0001455676
MIMIC-IV-CaseStudy,1800000,1800000,1000,10000,0.8,0.0,10692864000,7485004800,117376192,21385728,2095801344,406328832,32078592,10692864,46173547,13422701099,9409720320000,94097203200000,1.0,0.00142647,0.0001426472
MIMIC-IV-CaseStudy,1800000,1800000,1000,10000,0.8,0.01,10692864000,7485004800,118017764,24593587,2095801344,413172264,32078592,11120578,47028976,13434677105,9409720320000,94097203200000,1.0,0.00142774,0.0001427745
MIMIC-IV-CaseStudy,1800000,1800000,1000,10000,0.8,0.05,10692864000,7485004800,120584051,37425024,2095801344,440545996,32078592,12831436,50450693,13482581136,9409720320000,94097203200000,1.0,0.00143284,0.0001432835
MIMIC-IV-CaseStudy,1800000,1800000,1000,10000,0.8,0.1,10692864000,7485004800,123791910,53464320,2095801344,474763161,32078592,14970009,54727838,13542461174,9409720320000,94097203200000,1.0,0.0014392,0.0001439199
MIMIC-IV-CaseStudy,1800000,1800000,1000,10000,0.8,0.2,10692864000,7485004800,130207629,85542912,2095801344,543197491,32078592,19247155,63282129,13662221252,9409720320000,94097203200000,1.0,0.00145193,0.0001451926
MIMIC-IV-CaseStudy,1800000,1800000,1000,10000,0.8,0.5,10692864000,7485004800,149454784,181778688,2095801344,748500480,32078592,32078592,88945003,14021501483,9409720320000,94097203200000,1.0,0.00149011,0.0001490108
MIMIC-IV-CaseStudy,1800000,1800000,1000,10000,0.95,0.0,10692864000,7485004800,117376192,21385728,2127879935,462466368,32078592,10692864,50664550,13515408229,9730506240000,94097203200000,1.0,0.00138897,0.0001436324
MIMIC-IV-CaseStudy,1800000,1800000,1000,10000,0.95,0.01,10692864000,7485004800,118017764,24593587,2127879935,470592944,32078592,11120578,51622630,13528770030,9730506240000,94097203200000,1.0,0.00139035,0.0001437744
MIMIC-IV-CaseStudy,1800000,1800000,1000,10000,0.95,0.05,10692864000,7485004800,120584051,37425024,2127879935,503099251,32078592,12831436,55454953,13582217242,9730506240000,94097203200000,1.0,0.00139584,0.0001443424
MIMIC-IV-CaseStudy,1800000,1800000,1000,10000,0.95,0.1,10692864000,7485004800,123791910,53464320,2127879935,543732134,32078592,14970009,60245356,13649026256,9730506240000,94097203200000,1.0,0.0014027,0.0001450524
MIMIC-IV-CaseStudy,1800000,1800000,1000,10000,0.95,0.2,10692864000,7485004800,130207629,85542912,2127879935,624997900,32078592,19247155,69826162,13782644285,9730506240000,94097203200000,1.0,0.00141644,0.0001464724
MIMIC-IV-CaseStudy,1800000,1800000,1000,10000,0.95,0.5,10692864000,7485004800,149454784,181778688,2127879935,868795200,32078592,32078592,98568581,14183498372,9730506240000,94097203200000,1.0,0.00145763,0.0001507324
MIMIC-IV-CaseStudy,1800000,1800000,1000,100000,0.2,0.0,10692864000,7485004800,117376192,21385728,1967486976,181778688,32078592,10692864,28209536,13051872576,8126576640000,940972032000000,1.0,0.00160607,1.38706e-05
MIMIC-IV-CaseStudy,1800000,1800000,1000,100000,0.2,0.01,10692864000,7485004800,118017764,24593587,1967486976,183489546,32078592,11120578,28654359,13058305402,8126576640000,940972032000000,1.0,0.00160686,1.38775e-05
MIMIC-IV-CaseStudy,1800000,1800000,1000,100000,0.2,0.05,10692864000,7485004800,120584051,37425024,1967486976,190332979,32078592,12831436,30433651,13084036709,8126576640000,940972032000000,1.0,0.00161003,1.39048e-05
MIMIC-IV-CaseStudy,1800000,1800000,1000,100000,0.2,0.1,10692864000,7485004800,123791910,53464320,1967486976,198887270,32078592,14970009,32657767,13116200844,8126576640000,940972032000000,1.0,0.00161399,1.3939e-05
MIMIC-IV-CaseStudy,1800000,1800000,1000,100000,0.2,0.2,10692864000,7485004800,130207629,85542912,1967486976,215995852,32078592,19247155,37105998,13180529114,8126576640000,940972032000000,1.0,0.0016219,1.40074e-05
MIMIC-IV-CaseStudy,1800000,1800000,1000,100000,0.2,0.5,10692864000,7485004800,149454784,181778688,1967486976,267321600,32078592,32078592,50450693,13373513925,8126576640000,940972032000000,1.0,0.00164565,1.42124e-05
MIMIC-IV-CaseStudy,1800000,1800000,1000,100000,0.5,0.0,10692864000,7485004800,117376192,21385728,2031644160,294053760,32078592,10692864,37191541,13237286837,8768148479999,940972032000000,1.0,0.0015097,1.40677e-05
MIMIC-IV-CaseStudy,1800000,1800000,1000,100000,0.5,0.01,10692864000,7485004800,118017764,24593587,2031644160,298330905,32078592,11120578,37841667,13246491253,8768148479999,940972032000000,1.0,0.00151075,1.40775e-05
MIMIC-IV-CaseStudy,1800000,1800000,1000,100000,0.5,0.05,10692864000,7485004800,120584051,37425024,2031644160,315439488,32078592,12831436,40442172,13283308923,8768148479999,940972032000000,1.0,0.00151495,1.41166e-05
MIMIC-IV-CaseStudy,1800000,1800000,1000,100000,0.5,0.1,10692864000,7485004800,123791910,53464320,2031644160,336825216,32078592,14970009,43692803,13329331010,8768148479999,940972032000000,1.0,0.0015202,1.41655e-05
MIMIC-IV-CaseStudy,1800000,1800000,1000,100000,0.5,0.2,10692864000,7485004800,130207629,85542912,2031644160,379596672,32078592,19247155,50194064,13421375184,8768148479999,940972032000000,1.0,0.0015307,1.42633e-05
MIMIC-IV-CaseStudy,1800000,1800000,1000,100000,0.5,0.5,10692864000,7485004800,149454784,181778688,2031644160,507911040,32078592,32078592,69697848,13697507704,8768148479999,940972032000000,1.0,0.00156219,1.45568e-05
MIMIC-IV-CaseStudy,1800000,1800000,1000,100000,0.8,0.0,10692864000,7485004800,117376192,21385728,2095801344,406328832,32078592,10692864,46173547,13422701099,9409720320000,940972032000000,1.0,0.00142647,1.42647e-05
MIMIC-IV-CaseStudy,1800000,1800000,1000,100000,0.8,0.01,10692864000,7485004800,118017764,24593587,2095801344,413172264,32078592,11120578,47028976,13434677105,9409720320000,940972032000000,1.0,0.00142774,1.42774e-05
MIMIC-IV-CaseStudy,1800000,1800000,1000,100000,0.8,0.05,10692864000,7485004800,120584051,37425024,2095801344,440545996,32078592,12831436,50450693,13482581136,9409720320000,940972032000000,1.0,0.00143284,1.43284e-05
MIMIC-IV-CaseStudy,1800000,1800000,1000,100000,0.8,0.1,10692864000,7485004800,123791910,53464320,2095801344,474763161,32078592,14970009,54727838,13542461174,9409720320000,940972032000000,1.0,0.0014392,1.4392e-05
MIMIC-IV-CaseStudy,1800000,1800000,1000,100000,0.8,0.2,10692864000,7485004800,130207629,85542912,2095801344,543197491,32078592,19247155,63282129,13662221252,9409720320000,940972032000000,1.0,0.00145193,1.45193e-05
MIMIC-IV-CaseStudy,1800000,1800000,1000,100000,0.8,0.5,10692864000,7485004800,149454784,181778688,2095801344,748500480,32078592,32078592,88945003,14021501483,9409720320000,940972032000000,1.0,0.00149011,1.49011e-05
MIMIC-IV-CaseStudy,1800000,1800000,1000,100000,0.95,0.0,10692864000,7485004800,117376192,21385728,2127879935,462466368,32078592,10692864,50664550,13515408229,9730506240000,940972032000000,1.0,0.00138897,1.43632e-05
MIMIC-IV-CaseStudy,1800000,1800000,1000,100000,0.95,0.01,10692864000,7485004800,118017764,24593587,2127879935,470592944,32078592,11120578,51622630,13528770030,9730506240000,940972032000000,1.0,0.00139035,1.43774e-05
MIMIC-IV-CaseStudy,1800000,1800000,1000,100000,0.95,0.05,10692864000,7485004800,120584051,37425024,2127879935,503099251,32078592,12831436,55454953,13582217242,9730506240000,940972032000000,1.0,0.00139584,1.44342e-05
MIMIC-IV-CaseStudy,1800000,1800000,1000,100000,0.95,0.1,10692864000,7485004800,123791910,53464320,2127879935,543732134,32078592,14970009,60245356,13649026256,9730506240000,940972032000000,1.0,0.0014027,1.45052e-05
MIMIC-IV-CaseStudy,1800000,1800000,1000,100000,0.95,0.2,10692864000,7485004800,130207629,85542912,2127879935,624997900,32078592,19247155,69826162,13782644285,9730506240000,940972032000000,1.0,0.00141644,1.46472e-05
MIMIC-IV-CaseStudy,1800000,1800000,1000,100000,0.95,0.5,10692864000,7485004800,149454784,181778688,2127879935,868795200,32078592,32078592,98568581,14183498372,9730506240000,940972032000000,1.0,0.00145763,1.50732e-05
