dataset,N,N_indexed,index_type,authorized_set_id,comparison,seed_i,seed_j,drift10,recall_exact_i,recall_exact_j
LegalBench-RAG,1200000,1200000,HNSW,0,oracle_same_seed_rerun,0,0,0.0,0.980493,0.984235
LegalBench-RAG,1200000,1200000,HNSW,0,oracle_same_seed_rerun,1,1,0.0,0.981928,0.982218
LegalBench-RAG,1200000,1200000,HNSW,0,oracle_same_seed_rerun,2,2,0.0,0.98216,0.980475
LegalBench-RAG,1200000,1200000,HNSW,0,oracle_same_seed_rerun,3,3,0.0,0.978494,0.980383
LegalBench-RAG,1200000,1200000,HNSW,0,oracle_same_seed_rerun,4,4,0.0,0.97943,0.982694
LegalBench-RAG,1200000,1200000,HNSW,0,oracle_same_seed_rerun,5,5,0.0,0.98508,0.984895
LegalBench-RAG,1200000,1200000,HNSW,0,oracle_same_seed_rerun,6,6,0.0,0.982505,0.982453
LegalBench-RAG,1200000,1200000,HNSW,0,oracle_same_seed_rerun,7,7,0.0,0.982331,0.981515
LegalBench-RAG,1200000,1200000,HNSW,0,oracle_same_seed_rerun,8,8,0.0,0.984011,0.984308
LegalBench-RAG,1200000,1200000,HNSW,0,oracle_same_seed_rerun,9,9,0.0,0.983926,0.981209
LegalBench-RAG,1200000,1200000,HNSW,0,oracle_different_seed,0,1,0.005125,0.980607,0.978993
LegalBench-RAG,1200000,1200000,HNSW,0,oracle_different_seed,0,2,0.002915,0.981154,0.977894
LegalBench-RAG,1200000,1200000,HNSW,0,oracle_different_seed,0,3,0.002701,0.978729,0.981814
LegalBench-RAG,1200000,1200000,HNSW,0,oracle_different_seed,0,4,0.002601,0.985534,0.984314
LegalBench-RAG,1200000,1200000,HNSW,0,oracle_different_seed,0,5,0.007504,0.981525,0.981207
LegalBench-RAG,1200000,1200000,HNSW,0,oracle_different_seed,0,6,0.006537,0.98678,0.982859
LegalBench-RAG,1200000,1200000,HNSW,0,oracle_different_seed,0,7,0.004648,0.982348,0.98207
LegalBench-RAG,1200000,1200000,HNSW,0,oracle_different_seed,0,8,0.004798,0.982506,0.981943
LegalBench-RAG,1200000,1200000,HNSW,0,oracle_different_seed,0,9,0.003596,0.980669,0.982068
LegalBench-RAG,1200000,1200000,HNSW,0,oracle_different_seed,1,2,0.006841,0.98092,0.983152
LegalBench-RAG,1200000,1200000,HNSW,0,oracle_different_seed,1,3,0.003519,0.979983,0.98168
LegalBench-RAG,1200000,1200000,HNSW,0,oracle_different_seed,1,4,0.002457,0.981676,0.980346
LegalBench-RAG,1200000,1200000,HNSW,0,oracle_different_seed,1,5,0.006779,0.985404,0.983213
LegalBench-RAG,1200000,1200000,HNSW,0,oracle_different_seed,1,6,0.001063,0.980918,0.983165
LegalBench-RAG,1200000,1200000,HNSW,0,oracle_different_seed,1,7,0.004699,0.980008,0.982823
LegalBench-RAG,1200000,1200000,HNSW,0,oracle_different_seed,1,8,0.006722,0.979737,0.979991
LegalBench-RAG,1200000,1200000,HNSW,0,oracle_different_seed,1,9,0.005173,0.98011,0.984126
LegalBench-RAG,1200000,1200000,HNSW,0,oracle_different_seed,2,3,0.005309,0.977844,0.980888
LegalBench-RAG,1200000,1200000,HNSW,0,oracle_different_seed,2,4,0.002174,0.980748,0.981897
LegalBench-RAG,1200000,1200000,HNSW,0,oracle_different_seed,2,5,0.000883,0.981976,0.980336
LegalBench-RAG,1200000,1200000,HNSW,0,oracle_different_seed,2,6,0.002722,0.980953,0.98282
LegalBench-RAG,1200000,1200000,HNSW,0,oracle_different_seed,2,7,0.005004,0.981637,0.980155
LegalBench-RAG,1200000,1200000,HNSW,0,oracle_different_seed,2,8,0.003233,0.981964,0.984235
LegalBench-RAG,1200000,1200000,HNSW,0,oracle_different_seed,2,9,0.005337,0.984907,0.982131
LegalBench-RAG,1200000,1200000,HNSW,0,oracle_different_seed,3,4,0.005306,0.982924,0.985007
LegalBench-RAG,1200000,1200000,HNSW,0,oracle_different_seed,3,5,0.002554,0.983894,0.982869
LegalBench-RAG,1200000,1200000,HNSW,0,oracle_different_seed,3,6,0.0005,0.984771,0.983025
LegalBench-RAG,1200000,1200000,HNSW,0,oracle_different_seed,3,7,0.002907,0.981906,0.983567
LegalBench-RAG,1200000,1200000,HNSW,0,oracle_different_seed,3,8,0.005965,0.978663,0.981497
LegalBench-RAG,1200000,1200000,HNSW,0,oracle_different_seed,3,9,0.005862,0.980816,0.984663
LegalBench-RAG,1200000,1200000,HNSW,0,oracle_different_seed,4,5,0.004737,0.982368,0.985136
LegalBench-RAG,1200000,1200000,HNSW,0,oracle_different_seed,4,6,0.005294,0.985212,0.983458
LegalBench-RAG,1200000,1200000,HNSW,0,oracle_different_seed,4,7,0.003787,0.982984,0.981408
LegalBench-RAG,1200000,1200000,HNSW,0,oracle_different_seed,4,8,0.007379,0.983023,0.982989
LegalBench-RAG,1200000,1200000,HNSW,0,oracle_different_seed,4,9,0.008644,0.985642,0.980236
LegalBench-RAG,1200000,1200000,HNSW,0,oracle_different_seed,5,6,0.006385,0.987231,0.983053
LegalBench-RAG,1200000,1200000,HNSW,0,oracle_different_seed,5,7,0.003768,0.982414,0.979518
LegalBench-RAG,1200000,1200000,HNSW,0,oracle_different_seed,5,8,0.002385,0.982728,0.98341
LegalBench-RAG,1200000,1200000,HNSW,0,oracle_different_seed,5,9,0.00769,0.981715,0.979125
LegalBench-RAG,1200000,1200000,HNSW,0,oracle_different_seed,6,7,0.00367,0.983369,0.982482
LegalBench-RAG,1200000,1200000,HNSW,0,oracle_different_seed,6,8,0.004012,0.980859,0.984092
LegalBench-RAG,1200000,1200000,HNSW,0,oracle_different_seed,6,9,0.005361,0.980256,0.979977
LegalBench-RAG,1200000,1200000,HNSW,0,oracle_different_seed,7,8,0.004853,0.98136,0.981117
LegalBench-RAG,1200000,1200000,HNSW,0,oracle_different_seed,7,9,0.002638,0.981408,0.982814
LegalBench-RAG,1200000,1200000,HNSW,0,oracle_different_seed,8,9,0.007423,0.981522,0.982732
LegalBench-RAG,1200000,1200000,HNSW,1,oracle_same_seed_rerun,0,0,0.0,0.981798,0.983424
LegalBench-RAG,1200000,1200000,HNSW,1,oracle_same_seed_rerun,1,1,0.0,0.983295,0.982226
LegalBench-RAG,1200000,1200000,HNSW,1,oracle_same_seed_rerun,2,2,0.0,0.984301,0.979067
LegalBench-RAG,1200000,1200000,HNSW,1,oracle_same_seed_rerun,3,3,0.0,0.98232,0.984143
LegalBench-RAG,1200000,1200000,HNSW,1,oracle_same_seed_rerun,4,4,0.0,0.982992,0.98269
LegalBench-RAG,1200000,1200000,HNSW,1,oracle_same_seed_rerun,5,5,0.0,0.983327,0.981939
LegalBench-RAG,1200000,1200000,HNSW,1,oracle_same_seed_rerun,6,6,0.0,0.980794,0.980925
LegalBench-RAG,1200000,1200000,HNSW,1,oracle_same_seed_rerun,7,7,0.0,0.980215,0.980105
LegalBench-RAG,1200000,1200000,HNSW,1,oracle_same_seed_rerun,8,8,0.0,0.982433,0.981108
LegalBench-RAG,1200000,1200000,HNSW,1,oracle_same_seed_rerun,9,9,0.0,0.981541,0.981582
LegalBench-RAG,1200000,1200000,HNSW,1,oracle_different_seed,0,1,0.002201,0.980003,0.981234
LegalBench-RAG,1200000,1200000,HNSW,1,oracle_different_seed,0,2,0.004019,0.981153,0.984093
LegalBench-RAG,1200000,1200000,HNSW,1,oracle_different_seed,0,3,0.008243,0.978813,0.981295
LegalBench-RAG,1200000,1200000,HNSW,1,oracle_different_seed,0,4,0.004138,0.980832,0.982178
LegalBench-RAG,1200000,1200000,HNSW,1,oracle_different_seed,0,5,0.003839,0.983817,0.983069
LegalBench-RAG,1200000,1200000,HNSW,1,oracle_different_seed,0,6,0.002294,0.981369,0.983475
LegalBench-RAG,1200000,1200000,HNSW,1,oracle_different_seed,0,7,0.0005,0.987039,0.981635
LegalBench-RAG,1200000,1200000,HNSW,1,oracle_different_seed,0,8,0.006118,0.985635,0.983626
LegalBench-RAG,1200000,1200000,HNSW,1,oracle_different_seed,0,9,0.0005,0.979775,0.983154
LegalBench-RAG,1200000,1200000,HNSW,1,oracle_different_seed,1,2,0.00347,0.983935,0.980688
LegalBench-RAG,1200000,1200000,HNSW,1,oracle_different_seed,1,3,0.002549,0.980165,0.979776
LegalBench-RAG,1200000,1200000,HNSW,1,oracle_different_seed,1,4,0.001917,0.979457,0.981773
LegalBench-RAG,1200000,1200000,HNSW,1,oracle_different_seed,1,5,0.005401,0.979812,0.982651
LegalBench-RAG,1200000,1200000,HNSW,1,oracle_different_seed,1,6,0.003209,0.983005,0.982922
LegalBench-RAG,1200000,1200000,HNSW,1,oracle_different_seed,1,7,0.003095,0.978688,0.980538
LegalBench-RAG,1200000,1200000,HNSW,1,oracle_different_seed,1,8,0.002275,0.983307,0.98013
LegalBench-RAG,1200000,1200000,HNSW,1,oracle_different_seed,1,9,0.001826,0.984941,0.983201
LegalBench-RAG,1200000,1200000,HNSW,1,oracle_different_seed,2,3,0.004131,0.983251,0.98304
LegalBench-RAG,1200000,1200000,HNSW,1,oracle_different_seed,2,4,0.001548,0.985807,0.978908
LegalBench-RAG,1200000,1200000,HNSW,1,oracle_different_seed,2,5,0.004871,0.983715,0.982983
LegalBench-RAG,1200000,1200000,HNSW,1,oracle_different_seed,2,6,0.010655,0.983395,0.981151
LegalBench-RAG,1200000,1200000,HNSW,1,oracle_different_seed,2,7,0.006699,0.98548,0.982246
LegalBench-RAG,1200000,1200000,HNSW,1,oracle_different_seed,2,8,0.002776,0.984455,0.979737
LegalBench-RAG,1200000,1200000,HNSW,1,oracle_different_seed,2,9,0.006393,0.983503,0.980996
LegalBench-RAG,1200000,1200000,HNSW,1,oracle_different_seed,3,4,0.002958,0.983654,0.981839
LegalBench-RAG,1200000,1200000,HNSW,1,oracle_different_seed,3,5,0.005231,0.98109,0.979255
LegalBench-RAG,1200000,1200000,HNSW,1,oracle_different_seed,3,6,0.003157,0.981568,0.984037
LegalBench-RAG,1200000,1200000,HNSW,1,oracle_different_seed,3,7,0.004274,0.983939,0.983689
LegalBench-RAG,1200000,1200000,HNSW,1,oracle_different_seed,3,8,0.003629,0.981018,0.981346
LegalBench-RAG,1200000,1200000,HNSW,1,oracle_different_seed,3,9,0.00445,0.981852,0.980148
LegalBench-RAG,1200000,1200000,HNSW,1,oracle_different_seed,4,5,0.002899,0.978364,0.983805
LegalBench-RAG,1200000,1200000,HNSW,1,oracle_different_seed,4,6,0.007398,0.980347,0.978283
LegalBench-RAG,1200000,1200000,HNSW,1,oracle_different_seed,4,7,0.0054,0.981071,0.980106
LegalBench-RAG,1200000,1200000,HNSW,1,oracle_different_seed,4,8,0.00503,0.981166,0.982892
LegalBench-RAG,1200000,1200000,HNSW,1,oracle_different_seed,4,9,0.003551,0.982108,0.977914
LegalBench-RAG,1200000,1200000,HNSW,1,oracle_different_seed,5,6,0.003681,0.980975,0.979757
LegalBench-RAG,1200000,1200000,HNSW,1,oracle_different_seed,5,7,0.004561,0.983222,0.983485
LegalBench-RAG,1200000,1200000,HNSW,1,oracle_different_seed,5,8,0.003943,0.976537,0.979481
LegalBench-RAG,1200000,1200000,HNSW,1,oracle_different_seed,5,9,0.003942,0.982158,0.982571
LegalBench-RAG,1200000,1200000,HNSW,1,oracle_different_seed,6,7,0.000834,0.978358,0.979316
LegalBench-RAG,1200000,1200000,HNSW,1,oracle_different_seed,6,8,0.0051,0.980861,0.983181
LegalBench-RAG,1200000,1200000,HNSW,1,oracle_different_seed,6,9,0.003051,0.982238,0.982777
LegalBench-RAG,1200000,1200000,HNSW,1,oracle_different_seed,7,8,0.002762,0.983706,0.982394
LegalBench-RAG,1200000,1200000,HNSW,1,oracle_different_seed,7,9,0.004066,0.983686,0.981983
LegalBench-RAG,1200000,1200000,HNSW,1,oracle_different_seed,8,9,0.00378,0.980994,0.980715
LegalBench-RAG,1200000,1200000,HNSW,2,oracle_same_seed_rerun,0,0,0.0,0.982401,0.981483
LegalBench-RAG,1200000,1200000,HNSW,2,oracle_same_seed_rerun,1,1,0.0,0.983729,0.980413
LegalBench-RAG,1200000,1200000,HNSW,2,oracle_same_seed_rerun,2,2,0.0,0.980622,0.981305
LegalBench-RAG,1200000,1200000,HNSW,2,oracle_same_seed_rerun,3,3,0.0,0.984566,0.982461
LegalBench-RAG,1200000,1200000,HNSW,2,oracle_same_seed_rerun,4,4,0.0,0.98394,0.981408
LegalBench-RAG,1200000,1200000,HNSW,2,oracle_same_seed_rerun,5,5,0.0,0.980038,0.980358
LegalBench-RAG,1200000,1200000,HNSW,2,oracle_same_seed_rerun,6,6,0.0,0.982959,0.981269
LegalBench-RAG,1200000,1200000,HNSW,2,oracle_same_seed_rerun,7,7,0.0,0.981844,0.980501
LegalBench-RAG,1200000,1200000,HNSW,2,oracle_same_seed_rerun,8,8,0.0,0.98227,0.983137
LegalBench-RAG,1200000,1200000,HNSW,2,oracle_same_seed_rerun,9,9,0.0,0.978545,0.981405
LegalBench-RAG,1200000,1200000,HNSW,2,oracle_different_seed,0,1,0.004735,0.980082,0.979519
LegalBench-RAG,1200000,1200000,HNSW,2,oracle_different_seed,0,2,0.002269,0.980808,0.983905
LegalBench-RAG,1200000,1200000,HNSW,2,oracle_different_seed,0,3,0.004282,0.982589,0.983986
LegalBench-RAG,1200000,1200000,HNSW,2,oracle_different_seed,0,4,0.003166,0.981984,0.979985
LegalBench-RAG,1200000,1200000,HNSW,2,oracle_different_seed,0,5,0.003606,0.98545,0.984155
LegalBench-RAG,1200000,1200000,HNSW,2,oracle_different_seed,0,6,0.003501,0.980678,0.983
LegalBench-RAG,1200000,1200000,HNSW,2,oracle_different_seed,0,7,0.003377,0.983267,0.982671
LegalBench-RAG,1200000,1200000,HNSW,2,oracle_different_seed,0,8,0.003704,0.982111,0.982511
LegalBench-RAG,1200000,1200000,HNSW,2,oracle_different_seed,0,9,0.007515,0.98358,0.98175
LegalBench-RAG,1200000,1200000,HNSW,2,oracle_different_seed,1,2,0.003792,0.979787,0.985644
LegalBench-RAG,1200000,1200000,HNSW,2,oracle_different_seed,1,3,0.006432,0.98187,0.982875
LegalBench-RAG,1200000,1200000,HNSW,2,oracle_different_seed,1,4,0.006687,0.97851,0.982588
LegalBench-RAG,1200000,1200000,HNSW,2,oracle_different_seed,1,5,0.006955,0.979768,0.984234
LegalBench-RAG,1200000,1200000,HNSW,2,oracle_different_seed,1,6,0.0069,0.982578,0.979812
LegalBench-RAG,1200000,1200000,HNSW,2,oracle_different_seed,1,7,0.003658,0.984106,0.981894
LegalBench-RAG,1200000,1200000,HNSW,2,oracle_different_seed,1,8,0.004441,0.988962,0.980061
LegalBench-RAG,1200000,1200000,HNSW,2,oracle_different_seed,1,9,0.003205,0.984499,0.980756
LegalBench-RAG,1200000,1200000,HNSW,2,oracle_different_seed,2,3,0.004877,0.984763,0.981758
LegalBench-RAG,1200000,1200000,HNSW,2,oracle_different_seed,2,4,0.008234,0.981043,0.981398
LegalBench-RAG,1200000,1200000,HNSW,2,oracle_different_seed,2,5,0.005173,0.986224,0.981725
LegalBench-RAG,1200000,1200000,HNSW,2,oracle_different_seed,2,6,0.006486,0.979808,0.979701
LegalBench-RAG,1200000,1200000,HNSW,2,oracle_different_seed,2,7,0.00626,0.982213,0.983976
LegalBench-RAG,1200000,1200000,HNSW,2,oracle_different_seed,2,8,0.003616,0.983173,0.983107
LegalBench-RAG,1200000,1200000,HNSW,2,oracle_different_seed,2,9,0.005121,0.983399,0.981035
LegalBench-RAG,1200000,1200000,HNSW,2,oracle_different_seed,3,4,0.005779,0.982155,0.982901
LegalBench-RAG,1200000,1200000,HNSW,2,oracle_different_seed,3,5,0.002887,0.98313,0.982425
LegalBench-RAG,1200000,1200000,HNSW,2,oracle_different_seed,3,6,0.004233,0.983256,0.981445
LegalBench-RAG,1200000,1200000,HNSW,2,oracle_different_seed,3,7,0.007224,0.98093,0.979948
LegalBench-RAG,1200000,1200000,HNSW,2,oracle_different_seed,3,8,0.00674,0.983578,0.979924
LegalBench-RAG,1200000,1200000,HNSW,2,oracle_different_seed,3,9,0.007259,0.979901,0.983942
LegalBench-RAG,1200000,1200000,HNSW,2,oracle_different_seed,4,5,0.005542,0.984597,0.981737
LegalBench-RAG,1200000,1200000,HNSW,2,oracle_different_seed,4,6,0.006456,0.983855,0.980578
LegalBench-RAG,1200000,1200000,HNSW,2,oracle_different_seed,4,7,0.004404,0.982235,0.983221
LegalBench-RAG,1200000,1200000,HNSW,2,oracle_different_seed,4,8,0.006378,0.979612,0.979694
LegalBench-RAG,1200000,1200000,HNSW,2,oracle_different_seed,4,9,0.003704,0.984023,0.983967
LegalBench-RAG,1200000,1200000,HNSW,2,oracle_different_seed,5,6,0.005513,0.98006,0.984478
LegalBench-RAG,1200000,1200000,HNSW,2,oracle_different_seed,5,7,0.005896,0.982957,0.979568
LegalBench-RAG,1200000,1200000,HNSW,2,oracle_different_seed,5,8,0.003654,0.987543,0.981076
LegalBench-RAG,1200000,1200000,HNSW,2,oracle_different_seed,5,9,0.005171,0.979069,0.982666
LegalBench-RAG,1200000,1200000,HNSW,2,oracle_different_seed,6,7,0.007955,0.981132,0.98049
LegalBench-RAG,1200000,1200000,HNSW,2,oracle_different_seed,6,8,0.004297,0.978548,0.980801
LegalBench-RAG,1200000,1200000,HNSW,2,oracle_different_seed,6,9,0.004261,0.983262,0.984206
LegalBench-RAG,1200000,1200000,HNSW,2,oracle_different_seed,7,8,0.00677,0.978297,0.977951
LegalBench-RAG,1200000,1200000,HNSW,2,oracle_different_seed,7,9,0.005179,0.982965,0.983263
LegalBench-RAG,1200000,1200000,HNSW,2,oracle_different_seed,8,9,0.005322,0.982224,0.982074
LegalBench-RAG,1200000,1200000,HNSW,3,oracle_same_seed_rerun,0,0,0.0,0.982026,0.981752
LegalBench-RAG,1200000,1200000,HNSW,3,oracle_same_seed_rerun,1,1,0.0,0.981101,0.981226
LegalBench-RAG,1200000,1200000,HNSW,3,oracle_same_seed_rerun,2,2,0.0,0.982674,0.983178
LegalBench-RAG,1200000,1200000,HNSW,3,oracle_same_seed_rerun,3,3,0.0,0.979276,0.983523
LegalBench-RAG,1200000,1200000,HNSW,3,oracle_same_seed_rerun,4,4,0.0,0.982335,0.981252
LegalBench-RAG,1200000,1200000,HNSW,3,oracle_same_seed_rerun,5,5,0.0,0.982876,0.982293
LegalBench-RAG,1200000,1200000,HNSW,3,oracle_same_seed_rerun,6,6,0.0,0.980684,0.981525
LegalBench-RAG,1200000,1200000,HNSW,3,oracle_same_seed_rerun,7,7,0.0,0.983466,0.981929
LegalBench-RAG,1200000,1200000,HNSW,3,oracle_same_seed_rerun,8,8,0.0,0.981757,0.985318
LegalBench-RAG,1200000,1200000,HNSW,3,oracle_same_seed_rerun,9,9,0.0,0.981806,0.980016
LegalBench-RAG,1200000,1200000,HNSW,3,oracle_different_seed,0,1,0.004396,0.983415,0.983706
LegalBench-RAG,1200000,1200000,HNSW,3,oracle_different_seed,0,2,0.007709,0.983278,0.982837
LegalBench-RAG,1200000,1200000,HNSW,3,oracle_different_seed,0,3,0.0005,0.983445,0.981965
LegalBench-RAG,1200000,1200000,HNSW,3,oracle_different_seed,0,4,0.004537,0.979707,0.981932
LegalBench-RAG,1200000,1200000,HNSW,3,oracle_different_seed,0,5,0.003586,0.981395,0.985442
LegalBench-RAG,1200000,1200000,HNSW,3,oracle_different_seed,0,6,0.002806,0.980156,0.986976
LegalBench-RAG,1200000,1200000,HNSW,3,oracle_different_seed,0,7,0.002248,0.982615,0.979251
LegalBench-RAG,1200000,1200000,HNSW,3,oracle_different_seed,0,8,0.002988,0.981504,0.983827
LegalBench-RAG,1200000,1200000,HNSW,3,oracle_different_seed,0,9,0.00448,0.985675,0.981209
LegalBench-RAG,1200000,1200000,HNSW,3,oracle_different_seed,1,2,0.006873,0.979091,0.982157
LegalBench-RAG,1200000,1200000,HNSW,3,oracle_different_seed,1,3,0.003564,0.982683,0.984038
LegalBench-RAG,1200000,1200000,HNSW,3,oracle_different_seed,1,4,0.007084,0.984706,0.982647
LegalBench-RAG,1200000,1200000,HNSW,3,oracle_different_seed,1,5,0.005548,0.983784,0.980362
LegalBench-RAG,1200000,1200000,HNSW,3,oracle_different_seed,1,6,0.005384,0.980089,0.983943
LegalBench-RAG,1200000,1200000,HNSW,3,oracle_different_seed,1,7,0.002709,0.982692,0.983124
LegalBench-RAG,1200000,1200000,HNSW,3,oracle_different_seed,1,8,0.003494,0.981647,0.982298
LegalBench-RAG,1200000,1200000,HNSW,3,oracle_different_seed,1,9,0.003686,0.980483,0.980627
LegalBench-RAG,1200000,1200000,HNSW,3,oracle_different_seed,2,3,0.002174,0.983397,0.979525
LegalBench-RAG,1200000,1200000,HNSW,3,oracle_different_seed,2,4,0.006551,0.981283,0.979443
LegalBench-RAG,1200000,1200000,HNSW,3,oracle_different_seed,2,5,0.002611,0.97943,0.982466
LegalBench-RAG,1200000,1200000,HNSW,3,oracle_different_seed,2,6,0.006147,0.984684,0.984608
LegalBench-RAG,1200000,1200000,HNSW,3,oracle_different_seed,2,7,0.004664,0.981033,0.979021
LegalBench-RAG,1200000,1200000,HNSW,3,oracle_different_seed,2,8,0.008537,0.983387,0.982735
LegalBench-RAG,1200000,1200000,HNSW,3,oracle_different_seed,2,9,0.007579,0.984162,0.983708
LegalBench-RAG,1200000,1200000,HNSW,3,oracle_different_seed,3,4,0.006667,0.978894,0.980916
LegalBench-RAG,1200000,1200000,HNSW,3,oracle_different_seed,3,5,0.004836,0.982795,0.981219
LegalBench-RAG,1200000,1200000,HNSW,3,oracle_different_seed,3,6,0.002804,0.984335,0.978892
LegalBench-RAG,1200000,1200000,HNSW,3,oracle_different_seed,3,7,0.0005,0.978537,0.985766
LegalBench-RAG,1200000,1200000,HNSW,3,oracle_different_seed,3,8,0.002267,0.979241,0.98215
LegalBench-RAG,1200000,1200000,HNSW,3,oracle_different_seed,3,9,0.004777,0.982386,0.979477
LegalBench-RAG,1200000,1200000,HNSW,3,oracle_different_seed,4,5,0.006174,0.981633,0.983217
LegalBench-RAG,1200000,1200000,HNSW,3,oracle_different_seed,4,6,0.005087,0.982665,0.987372
LegalBench-RAG,1200000,1200000,HNSW,3,oracle_different_seed,4,7,0.003845,0.983698,0.982446
LegalBench-RAG,1200000,1200000,HNSW,3,oracle_different_seed,4,8,0.004108,0.981548,0.981547
LegalBench-RAG,1200000,1200000,HNSW,3,oracle_different_seed,4,9,0.005871,0.983396,0.981613
LegalBench-RAG,1200000,1200000,HNSW,3,oracle_different_seed,5,6,0.007389,0.98405,0.982648
LegalBench-RAG,1200000,1200000,HNSW,3,oracle_different_seed,5,7,0.002837,0.985005,0.981459
LegalBench-RAG,1200000,1200000,HNSW,3,oracle_different_seed,5,8,0.003761,0.981469,0.979771
LegalBench-RAG,1200000,1200000,HNSW,3,oracle_different_seed,5,9,0.008365,0.980673,0.984114
LegalBench-RAG,1200000,1200000,HNSW,3,oracle_different_seed,6,7,0.007025,0.982402,0.981292
LegalBench-RAG,1200000,1200000,HNSW,3,oracle_different_seed,6,8,0.005297,0.981976,0.986411
LegalBench-RAG,1200000,1200000,HNSW,3,oracle_different_seed,6,9,0.006164,0.98069,0.980017
LegalBench-RAG,1200000,1200000,HNSW,3,oracle_different_seed,7,8,0.002039,0.98514,0.984045
LegalBench-RAG,1200000,1200000,HNSW,3,oracle_different_seed,7,9,0.001349,0.981225,0.984001
LegalBench-RAG,1200000,1200000,HNSW,3,oracle_different_seed,8,9,0.005762,0.980828,0.980998
LegalBench-RAG,1200000,1200000,HNSW,4,oracle_same_seed_rerun,0,0,0.0,0.981785,0.98162
LegalBench-RAG,1200000,1200000,HNSW,4,oracle_same_seed_rerun,1,1,0.0,0.983475,0.984465
LegalBench-RAG,1200000,1200000,HNSW,4,oracle_same_seed_rerun,2,2,0.0,0.981123,0.983149
LegalBench-RAG,1200000,1200000,HNSW,4,oracle_same_seed_rerun,3,3,0.0,0.985216,0.983513
LegalBench-RAG,1200000,1200000,HNSW,4,oracle_same_seed_rerun,4,4,0.0,0.98271,0.981547
LegalBench-RAG,1200000,1200000,HNSW,4,oracle_same_seed_rerun,5,5,0.0,0.981059,0.980526
LegalBench-RAG,1200000,1200000,HNSW,4,oracle_same_seed_rerun,6,6,0.0,0.98123,0.981413
LegalBench-RAG,1200000,1200000,HNSW,4,oracle_same_seed_rerun,7,7,0.0,0.981992,0.982714
LegalBench-RAG,1200000,1200000,HNSW,4,oracle_same_seed_rerun,8,8,0.0,0.98284,0.981768
LegalBench-RAG,1200000,1200000,HNSW,4,oracle_same_seed_rerun,9,9,0.0,0.982668,0.980834
LegalBench-RAG,1200000,1200000,HNSW,4,oracle_different_seed,0,1,0.001413,0.981003,0.980808
LegalBench-RAG,1200000,1200000,HNSW,4,oracle_different_seed,0,2,0.006473,0.978846,0.98266
LegalBench-RAG,1200000,1200000,HNSW,4,oracle_different_seed,0,3,0.004114,0.981789,0.978326
LegalBench-RAG,1200000,1200000,HNSW,4,oracle_different_seed,0,4,0.005056,0.981736,0.984982
LegalBench-RAG,1200000,1200000,HNSW,4,oracle_different_seed,0,5,0.003465,0.980694,0.981709
LegalBench-RAG,1200000,1200000,HNSW,4,oracle_different_seed,0,6,0.007082,0.978676,0.984243
LegalBench-RAG,1200000,1200000,HNSW,4,oracle_different_seed,0,7,0.002495,0.984405,0.978818
LegalBench-RAG,1200000,1200000,HNSW,4,oracle_different_seed,0,8,0.004669,0.982359,0.984205
LegalBench-RAG,1200000,1200000,HNSW,4,oracle_different_seed,0,9,0.004111,0.98063,0.982604
LegalBench-RAG,1200000,1200000,HNSW,4,oracle_different_seed,1,2,0.007247,0.983909,0.984178
LegalBench-RAG,1200000,1200000,HNSW,4,oracle_different_seed,1,3,0.008935,0.98249,0.980261
LegalBench-RAG,1200000,1200000,HNSW,4,oracle_different_seed,1,4,0.006325,0.982289,0.980854
LegalBench-RAG,1200000,1200000,HNSW,4,oracle_different_seed,1,5,0.006302,0.982268,0.981655
LegalBench-RAG,1200000,1200000,HNSW,4,oracle_different_seed,1,6,0.003804,0.981211,0.982376
LegalBench-RAG,1200000,1200000,HNSW,4,oracle_different_seed,1,7,0.002829,0.982954,0.98429
LegalBench-RAG,1200000,1200000,HNSW,4,oracle_different_seed,1,8,0.007475,0.979407,0.983048
LegalBench-RAG,1200000,1200000,HNSW,4,oracle_different_seed,1,9,0.004731,0.984352,0.984355
LegalBench-RAG,1200000,1200000,HNSW,4,oracle_different_seed,2,3,0.00738,0.976811,0.98342
LegalBench-RAG,1200000,1200000,HNSW,4,oracle_different_seed,2,4,0.003139,0.978095,0.982639
LegalBench-RAG,1200000,1200000,HNSW,4,oracle_different_seed,2,5,0.003477,0.980568,0.984644
LegalBench-RAG,1200000,1200000,HNSW,4,oracle_different_seed,2,6,0.003881,0.982151,0.98397
LegalBench-RAG,1200000,1200000,HNSW,4,oracle_different_seed,2,7,0.005326,0.980602,0.981773
LegalBench-RAG,1200000,1200000,HNSW,4,oracle_different_seed,2,8,0.005379,0.98085,0.985891
LegalBench-RAG,1200000,1200000,HNSW,4,oracle_different_seed,2,9,0.004631,0.977652,0.982743
LegalBench-RAG,1200000,1200000,HNSW,4,oracle_different_seed,3,4,0.003744,0.98401,0.980139
LegalBench-RAG,1200000,1200000,HNSW,4,oracle_different_seed,3,5,0.004182,0.984173,0.983394
LegalBench-RAG,1200000,1200000,HNSW,4,oracle_different_seed,3,6,0.003405,0.982064,0.984045
LegalBench-RAG,1200000,1200000,HNSW,4,oracle_different_seed,3,7,0.005209,0.981397,0.98395
LegalBench-RAG,1200000,1200000,HNSW,4,oracle_different_seed,3,8,0.004751,0.980091,0.984631
LegalBench-RAG,1200000,1200000,HNSW,4,oracle_different_seed,3,9,0.003607,0.981999,0.984864
LegalBench-RAG,1200000,1200000,HNSW,4,oracle_different_seed,4,5,0.003999,0.981322,0.982681
LegalBench-RAG,1200000,1200000,HNSW,4,oracle_different_seed,4,6,0.002406,0.980413,0.980069
LegalBench-RAG,1200000,1200000,HNSW,4,oracle_different_seed,4,7,0.00527,0.982459,0.982407
LegalBench-RAG,1200000,1200000,HNSW,4,oracle_different_seed,4,8,0.004775,0.983822,0.978608
LegalBench-RAG,1200000,1200000,HNSW,4,oracle_different_seed,4,9,0.006809,0.984436,0.98279
LegalBench-RAG,1200000,1200000,HNSW,4,oracle_different_seed,5,6,0.002565,0.982933,0.979826
LegalBench-RAG,1200000,1200000,HNSW,4,oracle_different_seed,5,7,0.0005,0.984636,0.984228
LegalBench-RAG,1200000,1200000,HNSW,4,oracle_different_seed,5,8,0.003073,0.985569,0.982812
LegalBench-RAG,1200000,1200000,HNSW,4,oracle_different_seed,5,9,0.00663,0.98106,0.985127
LegalBench-RAG,1200000,1200000,HNSW,4,oracle_different_seed,6,7,0.00394,0.979756,0.980119
LegalBench-RAG,1200000,1200000,HNSW,4,oracle_different_seed,6,8,0.004524,0.98365,0.977665
LegalBench-RAG,1200000,1200000,HNSW,4,oracle_different_seed,6,9,0.005344,0.983855,0.982582
LegalBench-RAG,1200000,1200000,HNSW,4,oracle_different_seed,7,8,0.004033,0.984861,0.98228
LegalBench-RAG,1200000,1200000,HNSW,4,oracle_different_seed,7,9,0.001605,0.983307,0.978086
LegalBench-RAG,1200000,1200000,HNSW,4,oracle_different_seed,8,9,0.008161,0.98379,0.983197
LegalBench-RAG,1200000,1200000,DiskANN/Vamana,0,oracle_same_seed_rerun,0,0,0.0,0.983238,0.981469
LegalBench-RAG,1200000,1200000,DiskANN/Vamana,0,oracle_same_seed_rerun,1,1,0.0,0.984653,0.983704
LegalBench-RAG,1200000,1200000,DiskANN/Vamana,0,oracle_same_seed_rerun,2,2,0.0,0.981933,0.981842
LegalBench-RAG,1200000,1200000,DiskANN/Vamana,0,oracle_same_seed_rerun,3,3,0.0,0.979816,0.980983
LegalBench-RAG,1200000,1200000,DiskANN/Vamana,0,oracle_same_seed_rerun,4,4,0.0,0.980467,0.983225
LegalBench-RAG,1200000,1200000,DiskANN/Vamana,0,oracle_same_seed_rerun,5,5,0.0,0.980903,0.982324
LegalBench-RAG,1200000,1200000,DiskANN/Vamana,0,oracle_same_seed_rerun,6,6,0.0,0.980831,0.983604
LegalBench-RAG,1200000,1200000,DiskANN/Vamana,0,oracle_same_seed_rerun,7,7,0.0,0.979348,0.981175
LegalBench-RAG,1200000,1200000,DiskANN/Vamana,0,oracle_same_seed_rerun,8,8,0.0,0.982513,0.980777
LegalBench-RAG,1200000,1200000,DiskANN/Vamana,0,oracle_same_seed_rerun,9,9,0.0,0.981888,0.981767
LegalBench-RAG,1200000,1200000,DiskANN/Vamana,0,oracle_different_seed,0,1,0.004901,0.978059,0.981362
LegalBench-RAG,1200000,1200000,DiskANN/Vamana,0,oracle_different_seed,0,2,0.00473,0.982285,0.97921
LegalBench-RAG,1200000,1200000,DiskANN/Vamana,0,oracle_different_seed,0,3,0.008228,0.979144,0.986024
LegalBench-RAG,1200000,1200000,DiskANN/Vamana,0,oracle_different_seed,0,4,0.003636,0.982847,0.980298
LegalBench-RAG,1200000,1200000,DiskANN/Vamana,0,oracle_different_seed,0,5,0.00579,0.98094,0.979249
LegalBench-RAG,1200000,1200000,DiskANN/Vamana,0,oracle_different_seed,0,6,0.003497,0.982677,0.981325
LegalBench-RAG,1200000,1200000,DiskANN/Vamana,0,oracle_different_seed,0,7,0.004887,0.978468,0.981187
LegalBench-RAG,1200000,1200000,DiskANN/Vamana,0,oracle_different_seed,0,8,0.003876,0.983228,0.985422
LegalBench-RAG,1200000,1200000,DiskANN/Vamana,0,oracle_different_seed,0,9,0.002506,0.984603,0.980793
LegalBench-RAG,1200000,1200000,DiskANN/Vamana,0,oracle_different_seed,1,2,0.002521,0.984795,0.98129
LegalBench-RAG,1200000,1200000,DiskANN/Vamana,0,oracle_different_seed,1,3,0.003696,0.979075,0.982087
LegalBench-RAG,1200000,1200000,DiskANN/Vamana,0,oracle_different_seed,1,4,0.005386,0.979987,0.979175
LegalBench-RAG,1200000,1200000,DiskANN/Vamana,0,oracle_different_seed,1,5,0.006047,0.983529,0.978461
LegalBench-RAG,1200000,1200000,DiskANN/Vamana,0,oracle_different_seed,1,6,0.0005,0.981399,0.983971
LegalBench-RAG,1200000,1200000,DiskANN/Vamana,0,oracle_different_seed,1,7,0.003427,0.979355,0.983323
LegalBench-RAG,1200000,1200000,DiskANN/Vamana,0,oracle_different_seed,1,8,0.01014,0.98124,0.983042
LegalBench-RAG,1200000,1200000,DiskANN/Vamana,0,oracle_different_seed,1,9,0.007658,0.985095,0.981917
LegalBench-RAG,1200000,1200000,DiskANN/Vamana,0,oracle_different_seed,2,3,0.004307,0.981778,0.980599
LegalBench-RAG,1200000,1200000,DiskANN/Vamana,0,oracle_different_seed,2,4,0.005277,0.983982,0.980075
LegalBench-RAG,1200000,1200000,DiskANN/Vamana,0,oracle_different_seed,2,5,0.0011,0.983822,0.98078
LegalBench-RAG,1200000,1200000,DiskANN/Vamana,0,oracle_different_seed,2,6,0.004072,0.982366,0.982438
LegalBench-RAG,1200000,1200000,DiskANN/Vamana,0,oracle_different_seed,2,7,0.002277,0.983228,0.985181
LegalBench-RAG,1200000,1200000,DiskANN/Vamana,0,oracle_different_seed,2,8,0.005547,0.97932,0.984144
LegalBench-RAG,1200000,1200000,DiskANN/Vamana,0,oracle_different_seed,2,9,0.007024,0.983874,0.980437
LegalBench-RAG,1200000,1200000,DiskANN/Vamana,0,oracle_different_seed,3,4,0.008147,0.978614,0.981577
LegalBench-RAG,1200000,1200000,DiskANN/Vamana,0,oracle_different_seed,3,5,0.002416,0.983004,0.982507
LegalBench-RAG,1200000,1200000,DiskANN/Vamana,0,oracle_different_seed,3,6,0.006438,0.983677,0.981824
LegalBench-RAG,1200000,1200000,DiskANN/Vamana,0,oracle_different_seed,3,7,0.006426,0.98015,0.985871
LegalBench-RAG,1200000,1200000,DiskANN/Vamana,0,oracle_different_seed,3,8,0.006137,0.98042,0.984746
LegalBench-RAG,1200000,1200000,DiskANN/Vamana,0,oracle_different_seed,3,9,0.004543,0.98343,0.985834
LegalBench-RAG,1200000,1200000,DiskANN/Vamana,0,oracle_different_seed,4,5,0.002076,0.984724,0.98492
LegalBench-RAG,1200000,1200000,DiskANN/Vamana,0,oracle_different_seed,4,6,0.003177,0.977131,0.983171
LegalBench-RAG,1200000,1200000,DiskANN/Vamana,0,oracle_different_seed,4,7,0.003899,0.982938,0.983984
LegalBench-RAG,1200000,1200000,DiskANN/Vamana,0,oracle_different_seed,4,8,0.001575,0.986455,0.981144
LegalBench-RAG,1200000,1200000,DiskANN/Vamana,0,oracle_different_seed,4,9,0.003122,0.984505,0.979226
LegalBench-RAG,1200000,1200000,DiskANN/Vamana,0,oracle_different_seed,5,6,0.003393,0.981229,0.983146
LegalBench-RAG,1200000,1200000,DiskANN/Vamana,0,oracle_different_seed,5,7,0.00303,0.98216,0.983648
LegalBench-RAG,1200000,1200000,DiskANN/Vamana,0,oracle_different_seed,5,8,0.004124,0.984691,0.978179
LegalBench-RAG,1200000,1200000,DiskANN/Vamana,0,oracle_different_seed,5,9,0.004443,0.980803,0.982461
LegalBench-RAG,1200000,1200000,DiskANN/Vamana,0,oracle_different_seed,6,7,0.004872,0.983663,0.980324
LegalBench-RAG,1200000,1200000,DiskANN/Vamana,0,oracle_different_seed,6,8,0.006597,0.980887,0.981196
LegalBench-RAG,1200000,1200000,DiskANN/Vamana,0,oracle_different_seed,6,9,0.00406,0.981195,0.983202
LegalBench-RAG,1200000,1200000,DiskANN/Vamana,0,oracle_different_seed,7,8,0.002805,0.979848,0.986271
LegalBench-RAG,1200000,1200000,DiskANN/Vamana,0,oracle_different_seed,7,9,0.008714,0.98125,0.978115
LegalBench-RAG,1200000,1200000,DiskANN/Vamana,0,oracle_different_seed,8,9,0.001913,0.981282,0.978408
LegalBench-RAG,1200000,1200000,DiskANN/Vamana,1,oracle_same_seed_rerun,0,0,0.0,0.981604,0.982723
LegalBench-RAG,1200000,1200000,DiskANN/Vamana,1,oracle_same_seed_rerun,1,1,0.0,0.981643,0.985536
LegalBench-RAG,1200000,1200000,DiskANN/Vamana,1,oracle_same_seed_rerun,2,2,0.0,0.98468,0.979938
LegalBench-RAG,1200000,1200000,DiskANN/Vamana,1,oracle_same_seed_rerun,3,3,0.0,0.983104,0.981464
LegalBench-RAG,1200000,1200000,DiskANN/Vamana,1,oracle_same_seed_rerun,4,4,0.0,0.984567,0.983127
LegalBench-RAG,1200000,1200000,DiskANN/Vamana,1,oracle_same_seed_rerun,5,5,0.0,0.982841,0.982736
LegalBench-RAG,1200000,1200000,DiskANN/Vamana,1,oracle_same_seed_rerun,6,6,0.0,0.9791,0.979717
LegalBench-RAG,1200000,1200000,DiskANN/Vamana,1,oracle_same_seed_rerun,7,7,0.0,0.983214,0.985531
LegalBench-RAG,1200000,1200000,DiskANN/Vamana,1,oracle_same_seed_rerun,8,8,0.0,0.982306,0.981975
LegalBench-RAG,1200000,1200000,DiskANN/Vamana,1,oracle_same_seed_rerun,9,9,0.0,0.979237,0.983517
LegalBench-RAG,1200000,1200000,DiskANN/Vamana,1,oracle_different_seed,0,1,0.005156,0.980293,0.98049
LegalBench-RAG,1200000,1200000,DiskANN/Vamana,1,oracle_different_seed,0,2,0.004767,0.977993,0.979598
LegalBench-RAG,1200000,1200000,DiskANN/Vamana,1,oracle_different_seed,0,3,0.003611,0.983964,0.982341
LegalBench-RAG,1200000,1200000,DiskANN/Vamana,1,oracle_different_seed,0,4,0.003135,0.983626,0.984667
LegalBench-RAG,1200000,1200000,DiskANN/Vamana,1,oracle_different_seed,0,5,0.003413,0.979857,0.983805
LegalBench-RAG,1200000,1200000,DiskANN/Vamana,1,oracle_different_seed,0,6,0.00533,0.984064,0.985161
LegalBench-RAG,1200000,1200000,DiskANN/Vamana,1,oracle_different_seed,0,7,0.004605,0.984773,0.981367
LegalBench-RAG,1200000,1200000,DiskANN/Vamana,1,oracle_different_seed,0,8,0.001629,0.982108,0.979736
LegalBench-RAG,1200000,1200000,DiskANN/Vamana,1,oracle_different_seed,0,9,0.004914,0.982803,0.985697
LegalBench-RAG,1200000,1200000,DiskANN/Vamana,1,oracle_different_seed,1,2,0.004494,0.983327,0.983374
LegalBench-RAG,1200000,1200000,DiskANN/Vamana,1,oracle_different_seed,1,3,0.003439,0.980619,0.980208
LegalBench-RAG,1200000,1200000,DiskANN/Vamana,1,oracle_different_seed,1,4,0.00488,0.985891,0.986608
LegalBench-RAG,1200000,1200000,DiskANN/Vamana,1,oracle_different_seed,1,5,0.005786,0.985853,0.98192
LegalBench-RAG,1200000,1200000,DiskANN/Vamana,1,oracle_different_seed,1,6,0.002193,0.980884,0.98074
LegalBench-RAG,1200000,1200000,DiskANN/Vamana,1,oracle_different_seed,1,7,0.003302,0.978486,0.98138
LegalBench-RAG,1200000,1200000,DiskANN/Vamana,1,oracle_different_seed,1,8,0.004736,0.983225,0.983194
LegalBench-RAG,1200000,1200000,DiskANN/Vamana,1,oracle_different_seed,1,9,0.001878,0.982248,0.984308
LegalBench-RAG,1200000,1200000,DiskANN/Vamana,1,oracle_different_seed,2,3,0.002165,0.985375,0.97789
LegalBench-RAG,1200000,1200000,DiskANN/Vamana,1,oracle_different_seed,2,4,0.002959,0.981424,0.983954
LegalBench-RAG,1200000,1200000,DiskANN/Vamana,1,oracle_different_seed,2,5,0.003558,0.981959,0.981841
LegalBench-RAG,1200000,1200000,DiskANN/Vamana,1,oracle_different_seed,2,6,0.002907,0.985281,0.982276
LegalBench-RAG,1200000,1200000,DiskANN/Vamana,1,oracle_different_seed,2,7,0.005436,0.9816,0.984145
LegalBench-RAG,1200000,1200000,DiskANN/Vamana,1,oracle_different_seed,2,8,0.006824,0.987207,0.985069
LegalBench-RAG,1200000,1200000,DiskANN/Vamana,1,oracle_different_seed,2,9,0.003569,0.98705,0.982802
LegalBench-RAG,1200000,1200000,DiskANN/Vamana,1,oracle_different_seed,3,4,0.002238,0.981311,0.984398
LegalBench-RAG,1200000,1200000,DiskANN/Vamana,1,oracle_different_seed,3,5,0.003815,0.983276,0.984794
LegalBench-RAG,1200000,1200000,DiskANN/Vamana,1,oracle_different_seed,3,6,0.007096,0.982573,0.982462
LegalBench-RAG,1200000,1200000,DiskANN/Vamana,1,oracle_different_seed,3,7,0.005829,0.982393,0.981027
LegalBench-RAG,1200000,1200000,DiskANN/Vamana,1,oracle_different_seed,3,8,0.003129,0.979259,0.979322
LegalBench-RAG,1200000,1200000,DiskANN/Vamana,1,oracle_different_seed,3,9,0.006194,0.98379,0.980238
LegalBench-RAG,1200000,1200000,DiskANN/Vamana,1,oracle_different_seed,4,5,0.004043,0.980366,0.984262
LegalBench-RAG,1200000,1200000,DiskANN/Vamana,1,oracle_different_seed,4,6,0.004784,0.978984,0.981394
LegalBench-RAG,1200000,1200000,DiskANN/Vamana,1,oracle_different_seed,4,7,0.006786,0.985126,0.98279
LegalBench-RAG,1200000,1200000,DiskANN/Vamana,1,oracle_different_seed,4,8,0.005006,0.986312,0.980556
LegalBench-RAG,1200000,1200000,DiskANN/Vamana,1,oracle_different_seed,4,9,0.002093,0.982705,0.982396
LegalBench-RAG,1200000,1200000,DiskANN/Vamana,1,oracle_different_seed,5,6,0.003525,0.982219,0.983548
LegalBench-RAG,1200000,1200000,DiskANN/Vamana,1,oracle_different_seed,5,7,0.005354,0.980913,0.980453
LegalBench-RAG,1200000,1200000,DiskANN/Vamana,1,oracle_different_seed,5,8,0.007792,0.981639,0.979773
LegalBench-RAG,1200000,1200000,DiskANN/Vamana,1,oracle_different_seed,5,9,0.003945,0.981068,0.982558
LegalBench-RAG,1200000,1200000,DiskANN/Vamana,1,oracle_different_seed,6,7,0.004698,0.982712,0.98203
LegalBench-RAG,1200000,1200000,DiskANN/Vamana,1,oracle_different_seed,6,8,0.002886,0.980242,0.981104
LegalBench-RAG,1200000,1200000,DiskANN/Vamana,1,oracle_different_seed,6,9,0.005119,0.981484,0.9844
LegalBench-RAG,1200000,1200000,DiskANN/Vamana,1,oracle_different_seed,7,8,0.004264,0.983579,0.983605
LegalBench-RAG,1200000,1200000,DiskANN/Vamana,1,oracle_different_seed,7,9,0.002501,0.982704,0.980979
LegalBench-RAG,1200000,1200000,DiskANN/Vamana,1,oracle_different_seed,8,9,0.00366,0.982271,0.981922
LegalBench-RAG,1200000,1200000,DiskANN/Vamana,2,oracle_same_seed_rerun,0,0,0.0,0.983152,0.983836
LegalBench-RAG,1200000,1200000,DiskANN/Vamana,2,oracle_same_seed_rerun,1,1,0.0,0.979523,0.981852
LegalBench-RAG,1200000,1200000,DiskANN/Vamana,2,oracle_same_seed_rerun,2,2,0.0,0.982978,0.981364
LegalBench-RAG,1200000,1200000,DiskANN/Vamana,2,oracle_same_seed_rerun,3,3,0.0,0.982275,0.983981
LegalBench-RAG,1200000,1200000,DiskANN/Vamana,2,oracle_same_seed_rerun,4,4,0.0,0.980754,0.981687
LegalBench-RAG,1200000,1200000,DiskANN/Vamana,2,oracle_same_seed_rerun,5,5,0.0,0.982698,0.98024
LegalBench-RAG,1200000,1200000,DiskANN/Vamana,2,oracle_same_seed_rerun,6,6,0.0,0.983,0.983254
LegalBench-RAG,1200000,1200000,DiskANN/Vamana,2,oracle_same_seed_rerun,7,7,0.0,0.9792,0.982664
LegalBench-RAG,1200000,1200000,DiskANN/Vamana,2,oracle_same_seed_rerun,8,8,0.0,0.982019,0.983567
LegalBench-RAG,1200000,1200000,DiskANN/Vamana,2,oracle_same_seed_rerun,9,9,0.0,0.98374,0.981756
LegalBench-RAG,1200000,1200000,DiskANN/Vamana,2,oracle_different_seed,0,1,0.005537,0.981903,0.980442
LegalBench-RAG,1200000,1200000,DiskANN/Vamana,2,oracle_different_seed,0,2,0.002417,0.980287,0.983818
LegalBench-RAG,1200000,1200000,DiskANN/Vamana,2,oracle_different_seed,0,3,0.005376,0.982136,0.979612
LegalBench-RAG,1200000,1200000,DiskANN/Vamana,2,oracle_different_seed,0,4,0.004989,0.978095,0.983843
LegalBench-RAG,1200000,1200000,DiskANN/Vamana,2,oracle_different_seed,0,5,0.000758,0.981549,0.982151
LegalBench-RAG,1200000,1200000,DiskANN/Vamana,2,oracle_different_seed,0,6,0.007099,0.984071,0.980741
LegalBench-RAG,1200000,1200000,DiskANN/Vamana,2,oracle_different_seed,0,7,0.007554,0.979401,0.98049
LegalBench-RAG,1200000,1200000,DiskANN/Vamana,2,oracle_different_seed,0,8,0.006216,0.980769,0.983775
LegalBench-RAG,1200000,1200000,DiskANN/Vamana,2,oracle_different_seed,0,9,0.00422,0.983458,0.978679
LegalBench-RAG,1200000,1200000,DiskANN/Vamana,2,oracle_different_seed,1,2,0.000754,0.981713,0.983129
LegalBench-RAG,1200000,1200000,DiskANN/Vamana,2,oracle_different_seed,1,3,0.004542,0.98096,0.979073
LegalBench-RAG,1200000,1200000,DiskANN/Vamana,2,oracle_different_seed,1,4,0.004011,0.9839,0.985495
LegalBench-RAG,1200000,1200000,DiskANN/Vamana,2,oracle_different_seed,1,5,0.003765,0.983384,0.983138
LegalBench-RAG,1200000,1200000,DiskANN/Vamana,2,oracle_different_seed,1,6,0.003569,0.980107,0.977992
LegalBench-RAG,1200000,1200000,DiskANN/Vamana,2,oracle_different_seed,1,7,0.00333,0.980512,0.98089
LegalBench-RAG,1200000,1200000,DiskANN/Vamana,2,oracle_different_seed,1,8,0.006161,0.980839,0.981984
LegalBench-RAG,1200000,1200000,DiskANN/Vamana,2,oracle_different_seed,1,9,0.005006,0.982621,0.981078
LegalBench-RAG,1200000,1200000,DiskANN/Vamana,2,oracle_different_seed,2,3,0.003963,0.981579,0.982737
LegalBench-RAG,1200000,1200000,DiskANN/Vamana,2,oracle_different_seed,2,4,0.003615,0.978959,0.983595
LegalBench-RAG,1200000,1200000,DiskANN/Vamana,2,oracle_different_seed,2,5,0.00529,0.978609,0.985323
LegalBench-RAG,1200000,1200000,DiskANN/Vamana,2,oracle_different_seed,2,6,0.005743,0.981904,0.982069
LegalBench-RAG,1200000,1200000,DiskANN/Vamana,2,oracle_different_seed,2,7,0.004676,0.97845,0.982998
LegalBench-RAG,1200000,1200000,DiskANN/Vamana,2,oracle_different_seed,2,8,0.006422,0.981532,0.98234
LegalBench-RAG,1200000,1200000,DiskANN/Vamana,2,oracle_different_seed,2,9,0.001715,0.983957,0.980672
LegalBench-RAG,1200000,1200000,DiskANN/Vamana,2,oracle_different_seed,3,4,0.00191,0.979741,0.98407
LegalBench-RAG,1200000,1200000,DiskANN/Vamana,2,oracle_different_seed,3,5,0.004019,0.983775,0.98315
LegalBench-RAG,1200000,1200000,DiskANN/Vamana,2,oracle_different_seed,3,6,0.005509,0.982587,0.985287
LegalBench-RAG,1200000,1200000,DiskANN/Vamana,2,oracle_different_seed,3,7,0.008067,0.979609,0.981047
LegalBench-RAG,1200000,1200000,DiskANN/Vamana,2,oracle_different_seed,3,8,0.004514,0.984879,0.983351
LegalBench-RAG,1200000,1200000,DiskANN/Vamana,2,oracle_different_seed,3,9,0.005517,0.979077,0.984954
LegalBench-RAG,1200000,1200000,DiskANN/Vamana,2,oracle_different_seed,4,5,0.003976,0.982013,0.983725
LegalBench-RAG,1200000,1200000,DiskANN/Vamana,2,oracle_different_seed,4,6,0.008134,0.981203,0.982455
LegalBench-RAG,1200000,1200000,DiskANN/Vamana,2,oracle_different_seed,4,7,0.006088,0.981339,0.979393
LegalBench-RAG,1200000,1200000,DiskANN/Vamana,2,oracle_different_seed,4,8,0.009364,0.983801,0.98314
LegalBench-RAG,1200000,1200000,DiskANN/Vamana,2,oracle_different_seed,4,9,0.006823,0.980243,0.981927
LegalBench-RAG,1200000,1200000,DiskANN/Vamana,2,oracle_different_seed,5,6,0.008159,0.978403,0.982312
LegalBench-RAG,1200000,1200000,DiskANN/Vamana,2,oracle_different_seed,5,7,0.002449,0.985347,0.981003
LegalBench-RAG,1200000,1200000,DiskANN/Vamana,2,oracle_different_seed,5,8,0.003816,0.981663,0.984202
LegalBench-RAG,1200000,1200000,DiskANN/Vamana,2,oracle_different_seed,5,9,0.002583,0.977478,0.979781
LegalBench-RAG,1200000,1200000,DiskANN/Vamana,2,oracle_different_seed,6,7,0.002265,0.98136,0.982598
LegalBench-RAG,1200000,1200000,DiskANN/Vamana,2,oracle_different_seed,6,8,0.006067,0.987914,0.98305
LegalBench-RAG,1200000,1200000,DiskANN/Vamana,2,oracle_different_seed,6,9,0.004146,0.985888,0.980858
LegalBench-RAG,1200000,1200000,DiskANN/Vamana,2,oracle_different_seed,7,8,0.006348,0.980774,0.981715
LegalBench-RAG,1200000,1200000,DiskANN/Vamana,2,oracle_different_seed,7,9,0.005185,0.981864,0.981401
LegalBench-RAG,1200000,1200000,DiskANN/Vamana,2,oracle_different_seed,8,9,0.001258,0.986648,0.98277
LegalBench-RAG,1200000,1200000,DiskANN/Vamana,3,oracle_same_seed_rerun,0,0,0.0,0.982989,0.980886
LegalBench-RAG,1200000,1200000,DiskANN/Vamana,3,oracle_same_seed_rerun,1,1,0.0,0.982537,0.982084
LegalBench-RAG,1200000,1200000,DiskANN/Vamana,3,oracle_same_seed_rerun,2,2,0.0,0.984538,0.98367
LegalBench-RAG,1200000,1200000,DiskANN/Vamana,3,oracle_same_seed_rerun,3,3,0.0,0.979081,0.982605
LegalBench-RAG,1200000,1200000,DiskANN/Vamana,3,oracle_same_seed_rerun,4,4,0.0,0.980446,0.981894
LegalBench-RAG,1200000,1200000,DiskANN/Vamana,3,oracle_same_seed_rerun,5,5,0.0,0.98065,0.981576
LegalBench-RAG,1200000,1200000,DiskANN/Vamana,3,oracle_same_seed_rerun,6,6,0.0,0.978974,0.983929
LegalBench-RAG,1200000,1200000,DiskANN/Vamana,3,oracle_same_seed_rerun,7,7,0.0,0.982554,0.982865
LegalBench-RAG,1200000,1200000,DiskANN/Vamana,3,oracle_same_seed_rerun,8,8,0.0,0.984877,0.982547
LegalBench-RAG,1200000,1200000,DiskANN/Vamana,3,oracle_same_seed_rerun,9,9,0.0,0.979351,0.982825
LegalBench-RAG,1200000,1200000,DiskANN/Vamana,3,oracle_different_seed,0,1,0.002552,0.981174,0.981676
LegalBench-RAG,1200000,1200000,DiskANN/Vamana,3,oracle_different_seed,0,2,0.0005,0.982442,0.981576
LegalBench-RAG,1200000,1200000,DiskANN/Vamana,3,oracle_different_seed,0,3,0.00517,0.983234,0.983043
LegalBench-RAG,1200000,1200000,DiskANN/Vamana,3,oracle_different_seed,0,4,0.00305,0.980429,0.985876
LegalBench-RAG,1200000,1200000,DiskANN/Vamana,3,oracle_different_seed,0,5,0.003502,0.983075,0.980246
LegalBench-RAG,1200000,1200000,DiskANN/Vamana,3,oracle_different_seed,0,6,0.007935,0.984261,0.982186
LegalBench-RAG,1200000,1200000,DiskANN/Vamana,3,oracle_different_seed,0,7,0.000949,0.984035,0.984288
LegalBench-RAG,1200000,1200000,DiskANN/Vamana,3,oracle_different_seed,0,8,0.00776,0.981639,0.980024
LegalBench-RAG,1200000,1200000,DiskANN/Vamana,3,oracle_different_seed,0,9,0.005946,0.984802,0.984881
LegalBench-RAG,1200000,1200000,DiskANN/Vamana,3,oracle_different_seed,1,2,0.006902,0.983005,0.983872
LegalBench-RAG,1200000,1200000,DiskANN/Vamana,3,oracle_different_seed,1,3,0.00789,0.978507,0.98249
LegalBench-RAG,1200000,1200000,DiskANN/Vamana,3,oracle_different_seed,1,4,0.0005,0.984242,0.983245
LegalBench-RAG,1200000,1200000,DiskANN/Vamana,3,oracle_different_seed,1,5,0.00207,0.985956,0.981557
LegalBench-RAG,1200000,1200000,DiskANN/Vamana,3,oracle_different_seed,1,6,0.0066,0.981253,0.976855
LegalBench-RAG,1200000,1200000,DiskANN/Vamana,3,oracle_different_seed,1,7,0.005217,0.983439,0.978821
LegalBench-RAG,1200000,1200000,DiskANN/Vamana,3,oracle_different_seed,1,8,0.004571,0.979075,0.982531
LegalBench-RAG,1200000,1200000,DiskANN/Vamana,3,oracle_different_seed,1,9,0.003704,0.982932,0.982469
LegalBench-RAG,1200000,1200000,DiskANN/Vamana,3,oracle_different_seed,2,3,0.001848,0.983522,0.984778
LegalBench-RAG,1200000,1200000,DiskANN/Vamana,3,oracle_different_seed,2,4,0.004208,0.981605,0.977527
LegalBench-RAG,1200000,1200000,DiskANN/Vamana,3,oracle_different_seed,2,5,0.00381,0.98389,0.983534
LegalBench-RAG,1200000,1200000,DiskANN/Vamana,3,oracle_different_seed,2,6,0.003074,0.980943,0.981532
LegalBench-RAG,1200000,1200000,DiskANN/Vamana,3,oracle_different_seed,2,7,0.005101,0.98441,0.979278
LegalBench-RAG,1200000,1200000,DiskANN/Vamana,3,oracle_different_seed,2,8,0.004716,0.98374,0.982263
LegalBench-RAG,1200000,1200000,DiskANN/Vamana,3,oracle_different_seed,2,9,0.006925,0.982319,0.983971
LegalBench-RAG,1200000,1200000,DiskANN/Vamana,3,oracle_different_seed,3,4,0.003149,0.98399,0.985071
LegalBench-RAG,1200000,1200000,DiskANN/Vamana,3,oracle_different_seed,3,5,0.005808,0.981179,0.98503
LegalBench-RAG,1200000,1200000,DiskANN/Vamana,3,oracle_different_seed,3,6,0.006396,0.974059,0.981222
LegalBench-RAG,1200000,1200000,DiskANN/Vamana,3,oracle_different_seed,3,7,0.001673,0.981077,0.985671
LegalBench-RAG,1200000,1200000,DiskANN/Vamana,3,oracle_different_seed,3,8,0.005002,0.984887,0.983492
LegalBench-RAG,1200000,1200000,DiskANN/Vamana,3,oracle_different_seed,3,9,0.002219,0.9801,0.979146
LegalBench-RAG,1200000,1200000,DiskANN/Vamana,3,oracle_different_seed,4,5,0.002511,0.980011,0.984248
LegalBench-RAG,1200000,1200000,DiskANN/Vamana,3,oracle_different_seed,4,6,0.002096,0.980761,0.981106
LegalBench-RAG,1200000,1200000,DiskANN/Vamana,3,oracle_different_seed,4,7,0.004516,0.979751,0.984718
LegalBench-RAG,1200000,1200000,DiskANN/Vamana,3,oracle_different_seed,4,8,0.003629,0.980925,0.98094
LegalBench-RAG,1200000,1200000,DiskANN/Vamana,3,oracle_different_seed,4,9,0.005971,0.982541,0.982837
LegalBench-RAG,1200000,1200000,DiskANN/Vamana,3,oracle_different_seed,5,6,0.003847,0.981891,0.984965
LegalBench-RAG,1200000,1200000,DiskANN/Vamana,3,oracle_different_seed,5,7,0.00303,0.978168,0.978824
LegalBench-RAG,1200000,1200000,DiskANN/Vamana,3,oracle_different_seed,5,8,0.000897,0.981263,0.980828
LegalBench-RAG,1200000,1200000,DiskANN/Vamana,3,oracle_different_seed,5,9,0.006284,0.979788,0.978342
LegalBench-RAG,1200000,1200000,DiskANN/Vamana,3,oracle_different_seed,6,7,0.00643,0.982959,0.982937
LegalBench-RAG,1200000,1200000,DiskANN/Vamana,3,oracle_different_seed,6,8,0.0005,0.981449,0.983273
LegalBench-RAG,1200000,1200000,DiskANN/Vamana,3,oracle_different_seed,6,9,0.001684,0.982487,0.984975
LegalBench-RAG,1200000,1200000,DiskANN/Vamana,3,oracle_different_seed,7,8,0.006696,0.982722,0.985038
LegalBench-RAG,1200000,1200000,DiskANN/Vamana,3,oracle_different_seed,7,9,0.004676,0.983593,0.982759
LegalBench-RAG,1200000,1200000,DiskANN/Vamana,3,oracle_different_seed,8,9,0.002847,0.983262,0.979878
LegalBench-RAG,1200000,1200000,DiskANN/Vamana,4,oracle_same_seed_rerun,0,0,0.0,0.984039,0.980692
LegalBench-RAG,1200000,1200000,DiskANN/Vamana,4,oracle_same_seed_rerun,1,1,0.0,0.982919,0.98247
LegalBench-RAG,1200000,1200000,DiskANN/Vamana,4,oracle_same_seed_rerun,2,2,0.0,0.981771,0.98037
LegalBench-RAG,1200000,1200000,DiskANN/Vamana,4,oracle_same_seed_rerun,3,3,0.0,0.980797,0.983193
LegalBench-RAG,1200000,1200000,DiskANN/Vamana,4,oracle_same_seed_rerun,4,4,0.0,0.984274,0.981392
LegalBench-RAG,1200000,1200000,DiskANN/Vamana,4,oracle_same_seed_rerun,5,5,0.0,0.980887,0.984123
LegalBench-RAG,1200000,1200000,DiskANN/Vamana,4,oracle_same_seed_rerun,6,6,0.0,0.982528,0.983103
LegalBench-RAG,1200000,1200000,DiskANN/Vamana,4,oracle_same_seed_rerun,7,7,0.0,0.981102,0.982976
LegalBench-RAG,1200000,1200000,DiskANN/Vamana,4,oracle_same_seed_rerun,8,8,0.0,0.983916,0.984404
LegalBench-RAG,1200000,1200000,DiskANN/Vamana,4,oracle_same_seed_rerun,9,9,0.0,0.982374,0.979883
LegalBench-RAG,1200000,1200000,DiskANN/Vamana,4,oracle_different_seed,0,1,0.003789,0.987224,0.983392
LegalBench-RAG,1200000,1200000,DiskANN/Vamana,4,oracle_different_seed,0,2,0.004839,0.981632,0.976081
LegalBench-RAG,1200000,1200000,DiskANN/Vamana,4,oracle_different_seed,0,3,0.003998,0.983494,0.978755
LegalBench-RAG,1200000,1200000,DiskANN/Vamana,4,oracle_different_seed,0,4,0.004043,0.984938,0.986636
LegalBench-RAG,1200000,1200000,DiskANN/Vamana,4,oracle_different_seed,0,5,0.005223,0.980707,0.981385
LegalBench-RAG,1200000,1200000,DiskANN/Vamana,4,oracle_different_seed,0,6,0.003524,0.982865,0.982005
LegalBench-RAG,1200000,1200000,DiskANN/Vamana,4,oracle_different_seed,0,7,0.006826,0.982973,0.982901
LegalBench-RAG,1200000,1200000,DiskANN/Vamana,4,oracle_different_seed,0,8,0.005152,0.982799,0.978881
LegalBench-RAG,1200000,1200000,DiskANN/Vamana,4,oracle_different_seed,0,9,0.003009,0.98137,0.979587
LegalBench-RAG,1200000,1200000,DiskANN/Vamana,4,oracle_different_seed,1,2,0.004066,0.982569,0.982524
LegalBench-RAG,1200000,1200000,DiskANN/Vamana,4,oracle_different_seed,1,3,0.001606,0.982837,0.982224
LegalBench-RAG,1200000,1200000,DiskANN/Vamana,4,oracle_different_seed,1,4,0.004455,0.982629,0.982393
LegalBench-RAG,1200000,1200000,DiskANN/Vamana,4,oracle_different_seed,1,5,0.003653,0.980271,0.981199
LegalBench-RAG,1200000,1200000,DiskANN/Vamana,4,oracle_different_seed,1,6,0.006508,0.981932,0.981569
LegalBench-RAG,1200000,1200000,DiskANN/Vamana,4,oracle_different_seed,1,7,0.004053,0.982895,0.984035
LegalBench-RAG,1200000,1200000,DiskANN/Vamana,4,oracle_different_seed,1,8,0.005853,0.984341,0.982177
LegalBench-RAG,1200000,1200000,DiskANN/Vamana,4,oracle_different_seed,1,9,0.002368,0.982483,0.984916
LegalBench-RAG,1200000,1200000,DiskANN/Vamana,4,oracle_different_seed,2,3,0.006987,0.981656,0.981384
LegalBench-RAG,1200000,1200000,DiskANN/Vamana,4,oracle_different_seed,2,4,0.005206,0.981617,0.983912
LegalBench-RAG,1200000,1200000,DiskANN/Vamana,4,oracle_different_seed,2,5,0.005042,0.98289,0.979861
LegalBench-RAG,1200000,1200000,DiskANN/Vamana,4,oracle_different_seed,2,6,0.003952,0.986699,0.981506
LegalBench-RAG,1200000,1200000,DiskANN/Vamana,4,oracle_different_seed,2,7,0.001334,0.980909,0.977873
LegalBench-RAG,1200000,1200000,DiskANN/Vamana,4,oracle_different_seed,2,8,0.002883,0.979607,0.981659
LegalBench-RAG,1200000,1200000,DiskANN/Vamana,4,oracle_different_seed,2,9,0.005811,0.979203,0.981087
LegalBench-RAG,1200000,1200000,DiskANN/Vamana,4,oracle_different_seed,3,4,0.00515,0.98365,0.982488
LegalBench-RAG,1200000,1200000,DiskANN/Vamana,4,oracle_different_seed,3,5,0.003746,0.978413,0.981473
LegalBench-RAG,1200000,1200000,DiskANN/Vamana,4,oracle_different_seed,3,6,0.002167,0.979276,0.98103
LegalBench-RAG,1200000,1200000,DiskANN/Vamana,4,oracle_different_seed,3,7,0.008333,0.985916,0.980893
LegalBench-RAG,1200000,1200000,DiskANN/Vamana,4,oracle_different_seed,3,8,0.008156,0.983416,0.980539
LegalBench-RAG,1200000,1200000,DiskANN/Vamana,4,oracle_different_seed,3,9,0.004662,0.985965,0.980007
LegalBench-RAG,1200000,1200000,DiskANN/Vamana,4,oracle_different_seed,4,5,0.004505,0.983249,0.982265
LegalBench-RAG,1200000,1200000,DiskANN/Vamana,4,oracle_different_seed,4,6,0.00461,0.983776,0.982773
LegalBench-RAG,1200000,1200000,DiskANN/Vamana,4,oracle_different_seed,4,7,0.004024,0.982794,0.976638
LegalBench-RAG,1200000,1200000,DiskANN/Vamana,4,oracle_different_seed,4,8,0.002442,0.980495,0.985399
LegalBench-RAG,1200000,1200000,DiskANN/Vamana,4,oracle_different_seed,4,9,0.002149,0.984374,0.980649
LegalBench-RAG,1200000,1200000,DiskANN/Vamana,4,oracle_different_seed,5,6,0.003769,0.98278,0.984185
LegalBench-RAG,1200000,1200000,DiskANN/Vamana,4,oracle_different_seed,5,7,0.00756,0.981779,0.981521
LegalBench-RAG,1200000,1200000,DiskANN/Vamana,4,oracle_different_seed,5,8,0.004171,0.982968,0.979635
LegalBench-RAG,1200000,1200000,DiskANN/Vamana,4,oracle_different_seed,5,9,0.004428,0.983275,0.984008
LegalBench-RAG,1200000,1200000,DiskANN/Vamana,4,oracle_different_seed,6,7,0.004713,0.982165,0.981656
LegalBench-RAG,1200000,1200000,DiskANN/Vamana,4,oracle_different_seed,6,8,0.004657,0.980129,0.981248
LegalBench-RAG,1200000,1200000,DiskANN/Vamana,4,oracle_different_seed,6,9,0.004554,0.98005,0.982066
LegalBench-RAG,1200000,1200000,DiskANN/Vamana,4,oracle_different_seed,7,8,0.002309,0.980772,0.983732
LegalBench-RAG,1200000,1200000,DiskANN/Vamana,4,oracle_different_seed,7,9,0.004712,0.984277,0.986495
LegalBench-RAG,1200000,1200000,DiskANN/Vamana,4,oracle_different_seed,8,9,0.007767,0.980145,0.98152
MS-MARCO-RBAC,8000000,8000000,HNSW,0,oracle_same_seed_rerun,0,0,0.0,0.981725,0.97878
MS-MARCO-RBAC,8000000,8000000,HNSW,0,oracle_same_seed_rerun,1,1,0.0,0.976724,0.975509
MS-MARCO-RBAC,8000000,8000000,HNSW,0,oracle_same_seed_rerun,2,2,0.0,0.976731,0.979304
MS-MARCO-RBAC,8000000,8000000,HNSW,0,oracle_same_seed_rerun,3,3,0.0,0.978502,0.977483
MS-MARCO-RBAC,8000000,8000000,HNSW,0,oracle_same_seed_rerun,4,4,0.0,0.978833,0.977886
MS-MARCO-RBAC,8000000,8000000,HNSW,0,oracle_same_seed_rerun,5,5,0.0,0.977569,0.976782
MS-MARCO-RBAC,8000000,8000000,HNSW,0,oracle_same_seed_rerun,6,6,0.0,0.979469,0.978423
MS-MARCO-RBAC,8000000,8000000,HNSW,0,oracle_same_seed_rerun,7,7,0.0,0.977779,0.9775
MS-MARCO-RBAC,8000000,8000000,HNSW,0,oracle_same_seed_rerun,8,8,0.0,0.977013,0.979804
MS-MARCO-RBAC,8000000,8000000,HNSW,0,oracle_same_seed_rerun,9,9,0.0,0.975583,0.976951
MS-MARCO-RBAC,8000000,8000000,HNSW,0,oracle_different_seed,0,1,0.005674,0.976825,0.974193
MS-MARCO-RBAC,8000000,8000000,HNSW,0,oracle_different_seed,0,2,0.003534,0.976466,0.977634
MS-MARCO-RBAC,8000000,8000000,HNSW,0,oracle_different_seed,0,3,0.006905,0.976764,0.977597
MS-MARCO-RBAC,8000000,8000000,HNSW,0,oracle_different_seed,0,4,0.0005,0.978624,0.98137
MS-MARCO-RBAC,8000000,8000000,HNSW,0,oracle_different_seed,0,5,0.006409,0.97504,0.975096
MS-MARCO-RBAC,8000000,8000000,HNSW,0,oracle_different_seed,0,6,0.006366,0.974971,0.979713
MS-MARCO-RBAC,8000000,8000000,HNSW,0,oracle_different_seed,0,7,0.007266,0.97815,0.979499
MS-MARCO-RBAC,8000000,8000000,HNSW,0,oracle_different_seed,0,8,0.007697,0.973237,0.982423
MS-MARCO-RBAC,8000000,8000000,HNSW,0,oracle_different_seed,0,9,0.006298,0.978952,0.980074
MS-MARCO-RBAC,8000000,8000000,HNSW,0,oracle_different_seed,1,2,0.003127,0.980877,0.975991
MS-MARCO-RBAC,8000000,8000000,HNSW,0,oracle_different_seed,1,3,0.005157,0.978085,0.979087
MS-MARCO-RBAC,8000000,8000000,HNSW,0,oracle_different_seed,1,4,0.00617,0.976715,0.980222
MS-MARCO-RBAC,8000000,8000000,HNSW,0,oracle_different_seed,1,5,0.003357,0.980649,0.975351
MS-MARCO-RBAC,8000000,8000000,HNSW,0,oracle_different_seed,1,6,0.006997,0.980327,0.978638
MS-MARCO-RBAC,8000000,8000000,HNSW,0,oracle_different_seed,1,7,0.00111,0.976891,0.977102
MS-MARCO-RBAC,8000000,8000000,HNSW,0,oracle_different_seed,1,8,0.009622,0.977143,0.980443
MS-MARCO-RBAC,8000000,8000000,HNSW,0,oracle_different_seed,1,9,0.006724,0.978461,0.97627
MS-MARCO-RBAC,8000000,8000000,HNSW,0,oracle_different_seed,2,3,0.006048,0.978955,0.97828
MS-MARCO-RBAC,8000000,8000000,HNSW,0,oracle_different_seed,2,4,0.001864,0.981493,0.978881
MS-MARCO-RBAC,8000000,8000000,HNSW,0,oracle_different_seed,2,5,0.00709,0.978312,0.976508
MS-MARCO-RBAC,8000000,8000000,HNSW,0,oracle_different_seed,2,6,0.000668,0.980329,0.975375
MS-MARCO-RBAC,8000000,8000000,HNSW,0,oracle_different_seed,2,7,0.006018,0.976723,0.977827
MS-MARCO-RBAC,8000000,8000000,HNSW,0,oracle_different_seed,2,8,0.006107,0.980507,0.977166
MS-MARCO-RBAC,8000000,8000000,HNSW,0,oracle_different_seed,2,9,0.006639,0.975307,0.981217
MS-MARCO-RBAC,8000000,8000000,HNSW,0,oracle_different_seed,3,4,0.004149,0.979818,0.978253
MS-MARCO-RBAC,8000000,8000000,HNSW,0,oracle_different_seed,3,5,0.003874,0.976731,0.974862
MS-MARCO-RBAC,8000000,8000000,HNSW,0,oracle_different_seed,3,6,0.0005,0.978149,0.977737
MS-MARCO-RBAC,8000000,8000000,HNSW,0,oracle_different_seed,3,7,0.004133,0.976883,0.977258
MS-MARCO-RBAC,8000000,8000000,HNSW,0,oracle_different_seed,3,8,0.006495,0.980154,0.977612
MS-MARCO-RBAC,8000000,8000000,HNSW,0,oracle_different_seed,3,9,0.004611,0.976989,0.978159
MS-MARCO-RBAC,8000000,8000000,HNSW,0,oracle_different_seed,4,5,0.003264,0.977175,0.979517
MS-MARCO-RBAC,8000000,8000000,HNSW,0,oracle_different_seed,4,6,0.004673,0.976572,0.979241
MS-MARCO-RBAC,8000000,8000000,HNSW,0,oracle_different_seed,4,7,0.000954,0.977568,0.98443
MS-MARCO-RBAC,8000000,8000000,HNSW,0,oracle_different_seed,4,8,0.00606,0.977533,0.979891
MS-MARCO-RBAC,8000000,8000000,HNSW,0,oracle_different_seed,4,9,0.004001,0.97593,0.977346
MS-MARCO-RBAC,8000000,8000000,HNSW,0,oracle_different_seed,5,6,0.006753,0.977045,0.97914
MS-MARCO-RBAC,8000000,8000000,HNSW,0,oracle_different_seed,5,7,0.00515,0.977778,0.976902
MS-MARCO-RBAC,8000000,8000000,HNSW,0,oracle_different_seed,5,8,0.002417,0.976649,0.975853
MS-MARCO-RBAC,8000000,8000000,HNSW,0,oracle_different_seed,5,9,0.006727,0.976907,0.978164
MS-MARCO-RBAC,8000000,8000000,HNSW,0,oracle_different_seed,6,7,0.002424,0.976395,0.978664
MS-MARCO-RBAC,8000000,8000000,HNSW,0,oracle_different_seed,6,8,0.004668,0.97635,0.977996
MS-MARCO-RBAC,8000000,8000000,HNSW,0,oracle_different_seed,6,9,0.004162,0.981168,0.979142
MS-MARCO-RBAC,8000000,8000000,HNSW,0,oracle_different_seed,7,8,0.005922,0.978729,0.980585
MS-MARCO-RBAC,8000000,8000000,HNSW,0,oracle_different_seed,7,9,0.00598,0.977295,0.977186
MS-MARCO-RBAC,8000000,8000000,HNSW,0,oracle_different_seed,8,9,0.004528,0.978117,0.979639
MS-MARCO-RBAC,8000000,8000000,HNSW,1,oracle_same_seed_rerun,0,0,0.0,0.975833,0.978874
MS-MARCO-RBAC,8000000,8000000,HNSW,1,oracle_same_seed_rerun,1,1,0.0,0.976981,0.979578
MS-MARCO-RBAC,8000000,8000000,HNSW,1,oracle_same_seed_rerun,2,2,0.0,0.978766,0.97933
MS-MARCO-RBAC,8000000,8000000,HNSW,1,oracle_same_seed_rerun,3,3,0.0,0.977696,0.982577
MS-MARCO-RBAC,8000000,8000000,HNSW,1,oracle_same_seed_rerun,4,4,0.0,0.977901,0.973857
MS-MARCO-RBAC,8000000,8000000,HNSW,1,oracle_same_seed_rerun,5,5,0.0,0.976479,0.979278
MS-MARCO-RBAC,8000000,8000000,HNSW,1,oracle_same_seed_rerun,6,6,0.0,0.977038,0.977983
MS-MARCO-RBAC,8000000,8000000,HNSW,1,oracle_same_seed_rerun,7,7,0.0,0.98039,0.976137
MS-MARCO-RBAC,8000000,8000000,HNSW,1,oracle_same_seed_rerun,8,8,0.0,0.974995,0.975373
MS-MARCO-RBAC,8000000,8000000,HNSW,1,oracle_same_seed_rerun,9,9,0.0,0.977346,0.976767
MS-MARCO-RBAC,8000000,8000000,HNSW,1,oracle_different_seed,0,1,0.005941,0.979997,0.976609
MS-MARCO-RBAC,8000000,8000000,HNSW,1,oracle_different_seed,0,2,0.002141,0.978254,0.976548
MS-MARCO-RBAC,8000000,8000000,HNSW,1,oracle_different_seed,0,3,0.002985,0.980264,0.97482
MS-MARCO-RBAC,8000000,8000000,HNSW,1,oracle_different_seed,0,4,0.00708,0.978275,0.977548
MS-MARCO-RBAC,8000000,8000000,HNSW,1,oracle_different_seed,0,5,0.00129,0.976776,0.978766
MS-MARCO-RBAC,8000000,8000000,HNSW,1,oracle_different_seed,0,6,0.006238,0.980553,0.979138
MS-MARCO-RBAC,8000000,8000000,HNSW,1,oracle_different_seed,0,7,0.000811,0.978751,0.977527
MS-MARCO-RBAC,8000000,8000000,HNSW,1,oracle_different_seed,0,8,0.002969,0.976454,0.979546
MS-MARCO-RBAC,8000000,8000000,HNSW,1,oracle_different_seed,0,9,0.002817,0.979675,0.980451
MS-MARCO-RBAC,8000000,8000000,HNSW,1,oracle_different_seed,1,2,0.004883,0.981928,0.975743
MS-MARCO-RBAC,8000000,8000000,HNSW,1,oracle_different_seed,1,3,0.001665,0.978729,0.97789
MS-MARCO-RBAC,8000000,8000000,HNSW,1,oracle_different_seed,1,4,0.002959,0.975614,0.980127
MS-MARCO-RBAC,8000000,8000000,HNSW,1,oracle_different_seed,1,5,0.007129,0.974724,0.977586
MS-MARCO-RBAC,8000000,8000000,HNSW,1,oracle_different_seed,1,6,0.004526,0.978074,0.975341
MS-MARCO-RBAC,8000000,8000000,HNSW,1,oracle_different_seed,1,7,0.004397,0.976268,0.975141
MS-MARCO-RBAC,8000000,8000000,HNSW,1,oracle_different_seed,1,8,0.007731,0.979954,0.979253
MS-MARCO-RBAC,8000000,8000000,HNSW,1,oracle_different_seed,1,9,0.004157,0.979967,0.980646
MS-MARCO-RBAC,8000000,8000000,HNSW,1,oracle_different_seed,2,3,0.002903,0.97756,0.980017
MS-MARCO-RBAC,8000000,8000000,HNSW,1,oracle_different_seed,2,4,0.003608,0.978856,0.974462
MS-MARCO-RBAC,8000000,8000000,HNSW,1,oracle_different_seed,2,5,0.00458,0.976215,0.977975
MS-MARCO-RBAC,8000000,8000000,HNSW,1,oracle_different_seed,2,6,0.001817,0.979499,0.976298
MS-MARCO-RBAC,8000000,8000000,HNSW,1,oracle_different_seed,2,7,0.006092,0.974741,0.978906
MS-MARCO-RBAC,8000000,8000000,HNSW,1,oracle_different_seed,2,8,0.00617,0.974527,0.97907
MS-MARCO-RBAC,8000000,8000000,HNSW,1,oracle_different_seed,2,9,0.003604,0.977279,0.977859
MS-MARCO-RBAC,8000000,8000000,HNSW,1,oracle_different_seed,3,4,0.005175,0.976246,0.978214
MS-MARCO-RBAC,8000000,8000000,HNSW,1,oracle_different_seed,3,5,0.0005,0.979928,0.976976
MS-MARCO-RBAC,8000000,8000000,HNSW,1,oracle_different_seed,3,6,0.003199,0.980445,0.979966
MS-MARCO-RBAC,8000000,8000000,HNSW,1,oracle_different_seed,3,7,0.002761,0.978916,0.976323
MS-MARCO-RBAC,8000000,8000000,HNSW,1,oracle_different_seed,3,8,0.00558,0.978824,0.98034
MS-MARCO-RBAC,8000000,8000000,HNSW,1,oracle_different_seed,3,9,0.006991,0.977905,0.980621
MS-MARCO-RBAC,8000000,8000000,HNSW,1,oracle_different_seed,4,5,0.000696,0.977566,0.981203
MS-MARCO-RBAC,8000000,8000000,HNSW,1,oracle_different_seed,4,6,0.0005,0.975525,0.975995
MS-MARCO-RBAC,8000000,8000000,HNSW,1,oracle_different_seed,4,7,0.005835,0.977454,0.977163
MS-MARCO-RBAC,8000000,8000000,HNSW,1,oracle_different_seed,4,8,0.004034,0.97883,0.977932
MS-MARCO-RBAC,8000000,8000000,HNSW,1,oracle_different_seed,4,9,0.005696,0.979216,0.974756
MS-MARCO-RBAC,8000000,8000000,HNSW,1,oracle_different_seed,5,6,0.00517,0.976451,0.977955
MS-MARCO-RBAC,8000000,8000000,HNSW,1,oracle_different_seed,5,7,0.002975,0.978694,0.977395
MS-MARCO-RBAC,8000000,8000000,HNSW,1,oracle_different_seed,5,8,0.00504,0.978637,0.978224
MS-MARCO-RBAC,8000000,8000000,HNSW,1,oracle_different_seed,5,9,0.006053,0.975443,0.980472
MS-MARCO-RBAC,8000000,8000000,HNSW,1,oracle_different_seed,6,7,0.005369,0.975763,0.978434
MS-MARCO-RBAC,8000000,8000000,HNSW,1,oracle_different_seed,6,8,0.003806,0.978369,0.981438
MS-MARCO-RBAC,8000000,8000000,HNSW,1,oracle_different_seed,6,9,0.00641,0.977745,0.977305
MS-MARCO-RBAC,8000000,8000000,HNSW,1,oracle_different_seed,7,8,0.003243,0.977366,0.976309
MS-MARCO-RBAC,8000000,8000000,HNSW,1,oracle_different_seed,7,9,0.007214,0.978539,0.979098
MS-MARCO-RBAC,8000000,8000000,HNSW,1,oracle_different_seed,8,9,0.002337,0.975977,0.976521
MS-MARCO-RBAC,8000000,8000000,HNSW,2,oracle_same_seed_rerun,0,0,0.0,0.978353,0.979289
MS-MARCO-RBAC,8000000,8000000,HNSW,2,oracle_same_seed_rerun,1,1,0.0,0.979181,0.978382
MS-MARCO-RBAC,8000000,8000000,HNSW,2,oracle_same_seed_rerun,2,2,0.0,0.981836,0.979297
MS-MARCO-RBAC,8000000,8000000,HNSW,2,oracle_same_seed_rerun,3,3,0.0,0.979789,0.978721
MS-MARCO-RBAC,8000000,8000000,HNSW,2,oracle_same_seed_rerun,4,4,0.0,0.977572,0.978567
MS-MARCO-RBAC,8000000,8000000,HNSW,2,oracle_same_seed_rerun,5,5,0.0,0.978796,0.977711
MS-MARCO-RBAC,8000000,8000000,HNSW,2,oracle_same_seed_rerun,6,6,0.0,0.978681,0.98053
MS-MARCO-RBAC,8000000,8000000,HNSW,2,oracle_same_seed_rerun,7,7,0.0,0.978773,0.980424
MS-MARCO-RBAC,8000000,8000000,HNSW,2,oracle_same_seed_rerun,8,8,0.0,0.979802,0.978397
MS-MARCO-RBAC,8000000,8000000,HNSW,2,oracle_same_seed_rerun,9,9,0.0,0.977435,0.974088
MS-MARCO-RBAC,8000000,8000000,HNSW,2,oracle_different_seed,0,1,0.001004,0.975852,0.982032
MS-MARCO-RBAC,8000000,8000000,HNSW,2,oracle_different_seed,0,2,0.007878,0.977542,0.976275
MS-MARCO-RBAC,8000000,8000000,HNSW,2,oracle_different_seed,0,3,0.002765,0.978167,0.97576
MS-MARCO-RBAC,8000000,8000000,HNSW,2,oracle_different_seed,0,4,0.006603,0.979989,0.977718
MS-MARCO-RBAC,8000000,8000000,HNSW,2,oracle_different_seed,0,5,0.00352,0.979244,0.978067
MS-MARCO-RBAC,8000000,8000000,HNSW,2,oracle_different_seed,0,6,0.006393,0.974874,0.978325
MS-MARCO-RBAC,8000000,8000000,HNSW,2,oracle_different_seed,0,7,0.008056,0.980589,0.978031
MS-MARCO-RBAC,8000000,8000000,HNSW,2,oracle_different_seed,0,8,0.005001,0.975324,0.979762
MS-MARCO-RBAC,8000000,8000000,HNSW,2,oracle_different_seed,0,9,0.006253,0.980138,0.974132
MS-MARCO-RBAC,8000000,8000000,HNSW,2,oracle_different_seed,1,2,0.003429,0.979441,0.976314
MS-MARCO-RBAC,8000000,8000000,HNSW,2,oracle_different_seed,1,3,0.00247,0.974389,0.97391
MS-MARCO-RBAC,8000000,8000000,HNSW,2,oracle_different_seed,1,4,0.006758,0.976171,0.976495
MS-MARCO-RBAC,8000000,8000000,HNSW,2,oracle_different_seed,1,5,0.006798,0.975645,0.979393
MS-MARCO-RBAC,8000000,8000000,HNSW,2,oracle_different_seed,1,6,0.007618,0.977509,0.976732
MS-MARCO-RBAC,8000000,8000000,HNSW,2,oracle_different_seed,1,7,0.005047,0.980695,0.981526
MS-MARCO-RBAC,8000000,8000000,HNSW,2,oracle_different_seed,1,8,0.0035,0.977685,0.979568
MS-MARCO-RBAC,8000000,8000000,HNSW,2,oracle_different_seed,1,9,0.005966,0.977204,0.974649
MS-MARCO-RBAC,8000000,8000000,HNSW,2,oracle_different_seed,2,3,0.002313,0.975698,0.98174
MS-MARCO-RBAC,8000000,8000000,HNSW,2,oracle_different_seed,2,4,0.003439,0.978626,0.979508
MS-MARCO-RBAC,8000000,8000000,HNSW,2,oracle_different_seed,2,5,0.005269,0.980792,0.979235
MS-MARCO-RBAC,8000000,8000000,HNSW,2,oracle_different_seed,2,6,0.00369,0.974653,0.976896
MS-MARCO-RBAC,8000000,8000000,HNSW,2,oracle_different_seed,2,7,0.00363,0.980391,0.977629
MS-MARCO-RBAC,8000000,8000000,HNSW,2,oracle_different_seed,2,8,0.002423,0.98054,0.976053
MS-MARCO-RBAC,8000000,8000000,HNSW,2,oracle_different_seed,2,9,0.00249,0.976731,0.979125
MS-MARCO-RBAC,8000000,8000000,HNSW,2,oracle_different_seed,3,4,0.0005,0.974239,0.977799
MS-MARCO-RBAC,8000000,8000000,HNSW,2,oracle_different_seed,3,5,0.00387,0.975058,0.978459
MS-MARCO-RBAC,8000000,8000000,HNSW,2,oracle_different_seed,3,6,0.003486,0.980176,0.977949
MS-MARCO-RBAC,8000000,8000000,HNSW,2,oracle_different_seed,3,7,0.004595,0.971922,0.979792
MS-MARCO-RBAC,8000000,8000000,HNSW,2,oracle_different_seed,3,8,0.007155,0.979914,0.977713
MS-MARCO-RBAC,8000000,8000000,HNSW,2,oracle_different_seed,3,9,0.00784,0.975401,0.979017
MS-MARCO-RBAC,8000000,8000000,HNSW,2,oracle_different_seed,4,5,0.007078,0.979912,0.976417
MS-MARCO-RBAC,8000000,8000000,HNSW,2,oracle_different_seed,4,6,0.003772,0.979761,0.976271
MS-MARCO-RBAC,8000000,8000000,HNSW,2,oracle_different_seed,4,7,0.004257,0.979762,0.976268
MS-MARCO-RBAC,8000000,8000000,HNSW,2,oracle_different_seed,4,8,0.004223,0.976934,0.975132
MS-MARCO-RBAC,8000000,8000000,HNSW,2,oracle_different_seed,4,9,0.004283,0.980182,0.978302
MS-MARCO-RBAC,8000000,8000000,HNSW,2,oracle_different_seed,5,6,0.004908,0.978537,0.979087
MS-MARCO-RBAC,8000000,8000000,HNSW,2,oracle_different_seed,5,7,0.003611,0.976412,0.976589
MS-MARCO-RBAC,8000000,8000000,HNSW,2,oracle_different_seed,5,8,0.002589,0.980082,0.979415
MS-MARCO-RBAC,8000000,8000000,HNSW,2,oracle_different_seed,5,9,0.006679,0.978169,0.976379
MS-MARCO-RBAC,8000000,8000000,HNSW,2,oracle_different_seed,6,7,0.002888,0.978158,0.977052
MS-MARCO-RBAC,8000000,8000000,HNSW,2,oracle_different_seed,6,8,0.005734,0.978084,0.980433
MS-MARCO-RBAC,8000000,8000000,HNSW,2,oracle_different_seed,6,9,0.006653,0.976726,0.978629
MS-MARCO-RBAC,8000000,8000000,HNSW,2,oracle_different_seed,7,8,0.008827,0.977915,0.979275
MS-MARCO-RBAC,8000000,8000000,HNSW,2,oracle_different_seed,7,9,0.004267,0.980374,0.976188
MS-MARCO-RBAC,8000000,8000000,HNSW,2,oracle_different_seed,8,9,0.006996,0.979255,0.98006
MS-MARCO-RBAC,8000000,8000000,HNSW,3,oracle_same_seed_rerun,0,0,0.0,0.977233,0.977609
MS-MARCO-RBAC,8000000,8000000,HNSW,3,oracle_same_seed_rerun,1,1,0.0,0.978167,0.980228
MS-MARCO-RBAC,8000000,8000000,HNSW,3,oracle_same_seed_rerun,2,2,0.0,0.977346,0.980048
MS-MARCO-RBAC,8000000,8000000,HNSW,3,oracle_same_seed_rerun,3,3,0.0,0.980768,0.979322
MS-MARCO-RBAC,8000000,8000000,HNSW,3,oracle_same_seed_rerun,4,4,0.0,0.980124,0.9792
MS-MARCO-RBAC,8000000,8000000,HNSW,3,oracle_same_seed_rerun,5,5,0.0,0.974231,0.978341
MS-MARCO-RBAC,8000000,8000000,HNSW,3,oracle_same_seed_rerun,6,6,0.0,0.979997,0.981788
MS-MARCO-RBAC,8000000,8000000,HNSW,3,oracle_same_seed_rerun,7,7,0.0,0.978949,0.978317
MS-MARCO-RBAC,8000000,8000000,HNSW,3,oracle_same_seed_rerun,8,8,0.0,0.977944,0.975959
MS-MARCO-RBAC,8000000,8000000,HNSW,3,oracle_same_seed_rerun,9,9,0.0,0.977939,0.974286
MS-MARCO-RBAC,8000000,8000000,HNSW,3,oracle_different_seed,0,1,0.003414,0.977375,0.977039
MS-MARCO-RBAC,8000000,8000000,HNSW,3,oracle_different_seed,0,2,0.002849,0.978847,0.978474
MS-MARCO-RBAC,8000000,8000000,HNSW,3,oracle_different_seed,0,3,0.003222,0.981386,0.976729
MS-MARCO-RBAC,8000000,8000000,HNSW,3,oracle_different_seed,0,4,0.006256,0.975066,0.974803
MS-MARCO-RBAC,8000000,8000000,HNSW,3,oracle_different_seed,0,5,0.003131,0.978174,0.977265
MS-MARCO-RBAC,8000000,8000000,HNSW,3,oracle_different_seed,0,6,0.0005,0.97947,0.978818
MS-MARCO-RBAC,8000000,8000000,HNSW,3,oracle_different_seed,0,7,0.00475,0.977115,0.977844
MS-MARCO-RBAC,8000000,8000000,HNSW,3,oracle_different_seed,0,8,0.002494,0.976533,0.978706
MS-MARCO-RBAC,8000000,8000000,HNSW,3,oracle_different_seed,0,9,0.00683,0.97526,0.974689
MS-MARCO-RBAC,8000000,8000000,HNSW,3,oracle_different_seed,1,2,0.00631,0.979328,0.979102
MS-MARCO-RBAC,8000000,8000000,HNSW,3,oracle_different_seed,1,3,0.004569,0.979767,0.975523
MS-MARCO-RBAC,8000000,8000000,HNSW,3,oracle_different_seed,1,4,0.004247,0.980911,0.976227
MS-MARCO-RBAC,8000000,8000000,HNSW,3,oracle_different_seed,1,5,0.005689,0.977748,0.975243
MS-MARCO-RBAC,8000000,8000000,HNSW,3,oracle_different_seed,1,6,0.003605,0.983902,0.976812
MS-MARCO-RBAC,8000000,8000000,HNSW,3,oracle_different_seed,1,7,0.00444,0.98293,0.980877
MS-MARCO-RBAC,8000000,8000000,HNSW,3,oracle_different_seed,1,8,0.005852,0.98053,0.980376
MS-MARCO-RBAC,8000000,8000000,HNSW,3,oracle_different_seed,1,9,0.002769,0.976561,0.977671
MS-MARCO-RBAC,8000000,8000000,HNSW,3,oracle_different_seed,2,3,0.003436,0.975633,0.979537
MS-MARCO-RBAC,8000000,8000000,HNSW,3,oracle_different_seed,2,4,0.006904,0.97754,0.975517
MS-MARCO-RBAC,8000000,8000000,HNSW,3,oracle_different_seed,2,5,0.004887,0.974689,0.974367
MS-MARCO-RBAC,8000000,8000000,HNSW,3,oracle_different_seed,2,6,0.003175,0.977749,0.978936
MS-MARCO-RBAC,8000000,8000000,HNSW,3,oracle_different_seed,2,7,0.002115,0.978226,0.976295
MS-MARCO-RBAC,8000000,8000000,HNSW,3,oracle_different_seed,2,8,0.005623,0.977494,0.979672
MS-MARCO-RBAC,8000000,8000000,HNSW,3,oracle_different_seed,2,9,0.004545,0.978447,0.978276
MS-MARCO-RBAC,8000000,8000000,HNSW,3,oracle_different_seed,3,4,0.002939,0.980119,0.976894
MS-MARCO-RBAC,8000000,8000000,HNSW,3,oracle_different_seed,3,5,0.00428,0.977887,0.978056
MS-MARCO-RBAC,8000000,8000000,HNSW,3,oracle_different_seed,3,6,0.006287,0.980539,0.976382
MS-MARCO-RBAC,8000000,8000000,HNSW,3,oracle_different_seed,3,7,0.006572,0.973413,0.975567
MS-MARCO-RBAC,8000000,8000000,HNSW,3,oracle_different_seed,3,8,0.006315,0.979863,0.977788
MS-MARCO-RBAC,8000000,8000000,HNSW,3,oracle_different_seed,3,9,0.006849,0.976526,0.976915
MS-MARCO-RBAC,8000000,8000000,HNSW,3,oracle_different_seed,4,5,0.006691,0.981381,0.976696
MS-MARCO-RBAC,8000000,8000000,HNSW,3,oracle_different_seed,4,6,0.006287,0.97551,0.98103
MS-MARCO-RBAC,8000000,8000000,HNSW,3,oracle_different_seed,4,7,0.007889,0.980034,0.976895
MS-MARCO-RBAC,8000000,8000000,HNSW,3,oracle_different_seed,4,8,0.006247,0.974554,0.976341
MS-MARCO-RBAC,8000000,8000000,HNSW,3,oracle_different_seed,4,9,0.008467,0.977722,0.97704
MS-MARCO-RBAC,8000000,8000000,HNSW,3,oracle_different_seed,5,6,0.003892,0.979441,0.984458
MS-MARCO-RBAC,8000000,8000000,HNSW,3,oracle_different_seed,5,7,0.002997,0.980376,0.981256
MS-MARCO-RBAC,8000000,8000000,HNSW,3,oracle_different_seed,5,8,0.003528,0.977141,0.976513
MS-MARCO-RBAC,8000000,8000000,HNSW,3,oracle_different_seed,5,9,0.002425,0.979104,0.975445
MS-MARCO-RBAC,8000000,8000000,HNSW,3,oracle_different_seed,6,7,0.005173,0.976926,0.979861
MS-MARCO-RBAC,8000000,8000000,HNSW,3,oracle_different_seed,6,8,0.005077,0.977567,0.979255
MS-MARCO-RBAC,8000000,8000000,HNSW,3,oracle_different_seed,6,9,0.006655,0.976406,0.977569
MS-MARCO-RBAC,8000000,8000000,HNSW,3,oracle_different_seed,7,8,0.002597,0.978543,0.977008
MS-MARCO-RBAC,8000000,8000000,HNSW,3,oracle_different_seed,7,9,0.002976,0.979447,0.978323
MS-MARCO-RBAC,8000000,8000000,HNSW,3,oracle_different_seed,8,9,0.005582,0.976118,0.979846
MS-MARCO-RBAC,8000000,8000000,HNSW,4,oracle_same_seed_rerun,0,0,0.0,0.977622,0.975577
MS-MARCO-RBAC,8000000,8000000,HNSW,4,oracle_same_seed_rerun,1,1,0.0,0.978086,0.979959
MS-MARCO-RBAC,8000000,8000000,HNSW,4,oracle_same_seed_rerun,2,2,0.0,0.978017,0.977649
MS-MARCO-RBAC,8000000,8000000,HNSW,4,oracle_same_seed_rerun,3,3,0.0,0.979729,0.977718
MS-MARCO-RBAC,8000000,8000000,HNSW,4,oracle_same_seed_rerun,4,4,0.0,0.977294,0.977516
MS-MARCO-RBAC,8000000,8000000,HNSW,4,oracle_same_seed_rerun,5,5,0.0,0.979315,0.976681
MS-MARCO-RBAC,8000000,8000000,HNSW,4,oracle_same_seed_rerun,6,6,0.0,0.980521,0.977321
MS-MARCO-RBAC,8000000,8000000,HNSW,4,oracle_same_seed_rerun,7,7,0.0,0.978572,0.977295
MS-MARCO-RBAC,8000000,8000000,HNSW,4,oracle_same_seed_rerun,8,8,0.0,0.975814,0.975904
MS-MARCO-RBAC,8000000,8000000,HNSW,4,oracle_same_seed_rerun,9,9,0.0,0.976819,0.976723
MS-MARCO-RBAC,8000000,8000000,HNSW,4,oracle_different_seed,0,1,0.006161,0.978324,0.977592
MS-MARCO-RBAC,8000000,8000000,HNSW,4,oracle_different_seed,0,2,0.00676,0.978565,0.977344
MS-MARCO-RBAC,8000000,8000000,HNSW,4,oracle_different_seed,0,3,0.004542,0.979666,0.981016
MS-MARCO-RBAC,8000000,8000000,HNSW,4,oracle_different_seed,0,4,0.007855,0.98,0.974832
MS-MARCO-RBAC,8000000,8000000,HNSW,4,oracle_different_seed,0,5,0.003542,0.977255,0.980597
MS-MARCO-RBAC,8000000,8000000,HNSW,4,oracle_different_seed,0,6,0.003876,0.976566,0.979248
MS-MARCO-RBAC,8000000,8000000,HNSW,4,oracle_different_seed,0,7,0.004483,0.977199,0.980474
MS-MARCO-RBAC,8000000,8000000,HNSW,4,oracle_different_seed,0,8,0.007557,0.977722,0.976783
MS-MARCO-RBAC,8000000,8000000,HNSW,4,oracle_different_seed,0,9,0.010284,0.979941,0.97786
MS-MARCO-RBAC,8000000,8000000,HNSW,4,oracle_different_seed,1,2,0.005671,0.979245,0.976687
MS-MARCO-RBAC,8000000,8000000,HNSW,4,oracle_different_seed,1,3,0.003477,0.979435,0.978785
MS-MARCO-RBAC,8000000,8000000,HNSW,4,oracle_different_seed,1,4,0.005361,0.978067,0.977724
MS-MARCO-RBAC,8000000,8000000,HNSW,4,oracle_different_seed,1,5,0.004922,0.979454,0.977413
MS-MARCO-RBAC,8000000,8000000,HNSW,4,oracle_different_seed,1,6,0.006464,0.977187,0.977356
MS-MARCO-RBAC,8000000,8000000,HNSW,4,oracle_different_seed,1,7,0.006223,0.977781,0.97902
MS-MARCO-RBAC,8000000,8000000,HNSW,4,oracle_different_seed,1,8,0.003422,0.976885,0.982102
MS-MARCO-RBAC,8000000,8000000,HNSW,4,oracle_different_seed,1,9,0.007767,0.979926,0.977596
MS-MARCO-RBAC,8000000,8000000,HNSW,4,oracle_different_seed,2,3,0.00313,0.980022,0.978188
MS-MARCO-RBAC,8000000,8000000,HNSW,4,oracle_different_seed,2,4,0.005609,0.978535,0.977014
MS-MARCO-RBAC,8000000,8000000,HNSW,4,oracle_different_seed,2,5,0.006725,0.979451,0.974644
MS-MARCO-RBAC,8000000,8000000,HNSW,4,oracle_different_seed,2,6,0.002379,0.976219,0.979998
MS-MARCO-RBAC,8000000,8000000,HNSW,4,oracle_different_seed,2,7,0.004305,0.978086,0.976449
MS-MARCO-RBAC,8000000,8000000,HNSW,4,oracle_different_seed,2,8,0.002843,0.978273,0.975965
MS-MARCO-RBAC,8000000,8000000,HNSW,4,oracle_different_seed,2,9,0.003977,0.978716,0.979119
MS-MARCO-RBAC,8000000,8000000,HNSW,4,oracle_different_seed,3,4,0.003491,0.976076,0.979199
MS-MARCO-RBAC,8000000,8000000,HNSW,4,oracle_different_seed,3,5,0.0005,0.977054,0.976902
MS-MARCO-RBAC,8000000,8000000,HNSW,4,oracle_different_seed,3,6,0.005345,0.97893,0.976317
MS-MARCO-RBAC,8000000,8000000,HNSW,4,oracle_different_seed,3,7,0.003764,0.975048,0.977283
MS-MARCO-RBAC,8000000,8000000,HNSW,4,oracle_different_seed,3,8,0.00138,0.978835,0.97762
MS-MARCO-RBAC,8000000,8000000,HNSW,4,oracle_different_seed,3,9,0.004525,0.978175,0.975772
MS-MARCO-RBAC,8000000,8000000,HNSW,4,oracle_different_seed,4,5,0.0057,0.976609,0.979823
MS-MARCO-RBAC,8000000,8000000,HNSW,4,oracle_different_seed,4,6,0.004638,0.97838,0.976133
MS-MARCO-RBAC,8000000,8000000,HNSW,4,oracle_different_seed,4,7,0.000612,0.980118,0.975118
MS-MARCO-RBAC,8000000,8000000,HNSW,4,oracle_different_seed,4,8,0.00477,0.977242,0.978047
MS-MARCO-RBAC,8000000,8000000,HNSW,4,oracle_different_seed,4,9,0.002107,0.979367,0.977721
MS-MARCO-RBAC,8000000,8000000,HNSW,4,oracle_different_seed,5,6,0.001816,0.975626,0.977504
MS-MARCO-RBAC,8000000,8000000,HNSW,4,oracle_different_seed,5,7,0.002248,0.978966,0.980344
MS-MARCO-RBAC,8000000,8000000,HNSW,4,oracle_different_seed,5,8,0.008334,0.976903,0.981443
MS-MARCO-RBAC,8000000,8000000,HNSW,4,oracle_different_seed,5,9,0.005194,0.980195,0.974448
MS-MARCO-RBAC,8000000,8000000,HNSW,4,oracle_different_seed,6,7,0.005576,0.977497,0.978066
MS-MARCO-RBAC,8000000,8000000,HNSW,4,oracle_different_seed,6,8,0.002713,0.979598,0.979195
MS-MARCO-RBAC,8000000,8000000,HNSW,4,oracle_different_seed,6,9,0.006552,0.978443,0.978594
MS-MARCO-RBAC,8000000,8000000,HNSW,4,oracle_different_seed,7,8,0.004951,0.978721,0.978479
MS-MARCO-RBAC,8000000,8000000,HNSW,4,oracle_different_seed,7,9,0.00393,0.977325,0.97777
MS-MARCO-RBAC,8000000,8000000,HNSW,4,oracle_different_seed,8,9,0.003665,0.978205,0.976522
MS-MARCO-RBAC,8000000,8000000,DiskANN/Vamana,0,oracle_same_seed_rerun,0,0,0.0,0.976676,0.977535
MS-MARCO-RBAC,8000000,8000000,DiskANN/Vamana,0,oracle_same_seed_rerun,1,1,0.0,0.975794,0.978247
MS-MARCO-RBAC,8000000,8000000,DiskANN/Vamana,0,oracle_same_seed_rerun,2,2,0.0,0.976657,0.980061
MS-MARCO-RBAC,8000000,8000000,DiskANN/Vamana,0,oracle_same_seed_rerun,3,3,0.0,0.980115,0.975365
MS-MARCO-RBAC,8000000,8000000,DiskANN/Vamana,0,oracle_same_seed_rerun,4,4,0.0,0.975863,0.977052
MS-MARCO-RBAC,8000000,8000000,DiskANN/Vamana,0,oracle_same_seed_rerun,5,5,0.0,0.978692,0.976541
MS-MARCO-RBAC,8000000,8000000,DiskANN/Vamana,0,oracle_same_seed_rerun,6,6,0.0,0.97968,0.977942
MS-MARCO-RBAC,8000000,8000000,DiskANN/Vamana,0,oracle_same_seed_rerun,7,7,0.0,0.977231,0.977565
MS-MARCO-RBAC,8000000,8000000,DiskANN/Vamana,0,oracle_same_seed_rerun,8,8,0.0,0.979131,0.976562
MS-MARCO-RBAC,8000000,8000000,DiskANN/Vamana,0,oracle_same_seed_rerun,9,9,0.0,0.97808,0.977607
MS-MARCO-RBAC,8000000,8000000,DiskANN/Vamana,0,oracle_different_seed,0,1,0.004515,0.97611,0.981255
MS-MARCO-RBAC,8000000,8000000,DiskANN/Vamana,0,oracle_different_seed,0,2,0.005411,0.981443,0.978988
MS-MARCO-RBAC,8000000,8000000,DiskANN/Vamana,0,oracle_different_seed,0,3,0.002656,0.980042,0.976501
MS-MARCO-RBAC,8000000,8000000,DiskANN/Vamana,0,oracle_different_seed,0,4,0.005054,0.974386,0.975905
MS-MARCO-RBAC,8000000,8000000,DiskANN/Vamana,0,oracle_different_seed,0,5,0.004713,0.981533,0.979639
MS-MARCO-RBAC,8000000,8000000,DiskANN/Vamana,0,oracle_different_seed,0,6,0.003866,0.981497,0.975241
MS-MARCO-RBAC,8000000,8000000,DiskANN/Vamana,0,oracle_different_seed,0,7,0.005296,0.978886,0.979173
MS-MARCO-RBAC,8000000,8000000,DiskANN/Vamana,0,oracle_different_seed,0,8,0.002122,0.980513,0.979749
MS-MARCO-RBAC,8000000,8000000,DiskANN/Vamana,0,oracle_different_seed,0,9,0.006044,0.974713,0.976427
MS-MARCO-RBAC,8000000,8000000,DiskANN/Vamana,0,oracle_different_seed,1,2,0.008696,0.978635,0.978541
MS-MARCO-RBAC,8000000,8000000,DiskANN/Vamana,0,oracle_different_seed,1,3,0.001581,0.980139,0.977689
MS-MARCO-RBAC,8000000,8000000,DiskANN/Vamana,0,oracle_different_seed,1,4,0.004272,0.976199,0.979432
MS-MARCO-RBAC,8000000,8000000,DiskANN/Vamana,0,oracle_different_seed,1,5,0.007853,0.977192,0.977807
MS-MARCO-RBAC,8000000,8000000,DiskANN/Vamana,0,oracle_different_seed,1,6,0.002109,0.981077,0.978095
MS-MARCO-RBAC,8000000,8000000,DiskANN/Vamana,0,oracle_different_seed,1,7,0.004286,0.974376,0.977561
MS-MARCO-RBAC,8000000,8000000,DiskANN/Vamana,0,oracle_different_seed,1,8,0.004564,0.9775,0.975431
MS-MARCO-RBAC,8000000,8000000,DiskANN/Vamana,0,oracle_different_seed,1,9,0.001512,0.977876,0.977637
MS-MARCO-RBAC,8000000,8000000,DiskANN/Vamana,0,oracle_different_seed,2,3,0.004517,0.977351,0.980238
MS-MARCO-RBAC,8000000,8000000,DiskANN/Vamana,0,oracle_different_seed,2,4,0.004442,0.983894,0.97783
MS-MARCO-RBAC,8000000,8000000,DiskANN/Vamana,0,oracle_different_seed,2,5,0.004026,0.975894,0.975568
MS-MARCO-RBAC,8000000,8000000,DiskANN/Vamana,0,oracle_different_seed,2,6,0.007049,0.977882,0.974226
MS-MARCO-RBAC,8000000,8000000,DiskANN/Vamana,0,oracle_different_seed,2,7,0.004003,0.97755,0.980244
MS-MARCO-RBAC,8000000,8000000,DiskANN/Vamana,0,oracle_different_seed,2,8,0.007355,0.98061,0.977992
MS-MARCO-RBAC,8000000,8000000,DiskANN/Vamana,0,oracle_different_seed,2,9,0.007627,0.97817,0.974927
MS-MARCO-RBAC,8000000,8000000,DiskANN/Vamana,0,oracle_different_seed,3,4,0.0005,0.976067,0.978656
MS-MARCO-RBAC,8000000,8000000,DiskANN/Vamana,0,oracle_different_seed,3,5,0.006269,0.98034,0.980741
MS-MARCO-RBAC,8000000,8000000,DiskANN/Vamana,0,oracle_different_seed,3,6,0.004904,0.977737,0.979631
MS-MARCO-RBAC,8000000,8000000,DiskANN/Vamana,0,oracle_different_seed,3,7,0.0005,0.978996,0.97619
MS-MARCO-RBAC,8000000,8000000,DiskANN/Vamana,0,oracle_different_seed,3,8,0.002028,0.978359,0.979128
MS-MARCO-RBAC,8000000,8000000,DiskANN/Vamana,0,oracle_different_seed,3,9,0.005955,0.975919,0.97788
MS-MARCO-RBAC,8000000,8000000,DiskANN/Vamana,0,oracle_different_seed,4,5,0.006213,0.980027,0.978068
MS-MARCO-RBAC,8000000,8000000,DiskANN/Vamana,0,oracle_different_seed,4,6,0.005344,0.977372,0.978093
MS-MARCO-RBAC,8000000,8000000,DiskANN/Vamana,0,oracle_different_seed,4,7,0.004437,0.978723,0.975726
MS-MARCO-RBAC,8000000,8000000,DiskANN/Vamana,0,oracle_different_seed,4,8,0.007691,0.978693,0.979182
MS-MARCO-RBAC,8000000,8000000,DiskANN/Vamana,0,oracle_different_seed,4,9,0.003598,0.974161,0.9811
MS-MARCO-RBAC,8000000,8000000,DiskANN/Vamana,0,oracle_different_seed,5,6,0.006196,0.974545,0.976607
MS-MARCO-RBAC,8000000,8000000,DiskANN/Vamana,0,oracle_different_seed,5,7,0.003603,0.980353,0.975904
MS-MARCO-RBAC,8000000,8000000,DiskANN/Vamana,0,oracle_different_seed,5,8,0.004259,0.978348,0.975923
MS-MARCO-RBAC,8000000,8000000,DiskANN/Vamana,0,oracle_different_seed,5,9,0.00369,0.980987,0.981071
MS-MARCO-RBAC,8000000,8000000,DiskANN/Vamana,0,oracle_different_seed,6,7,0.00278,0.978692,0.980374
MS-MARCO-RBAC,8000000,8000000,DiskANN/Vamana,0,oracle_different_seed,6,8,0.006247,0.975889,0.979957
MS-MARCO-RBAC,8000000,8000000,DiskANN/Vamana,0,oracle_different_seed,6,9,0.000578,0.974797,0.974103
MS-MARCO-RBAC,8000000,8000000,DiskANN/Vamana,0,oracle_different_seed,7,8,0.001515,0.977436,0.976365
MS-MARCO-RBAC,8000000,8000000,DiskANN/Vamana,0,oracle_different_seed,7,9,0.005145,0.979277,0.976258
MS-MARCO-RBAC,8000000,8000000,DiskANN/Vamana,0,oracle_different_seed,8,9,0.002014,0.973575,0.979705
MS-MARCO-RBAC,8000000,8000000,DiskANN/Vamana,1,oracle_same_seed_rerun,0,0,0.0,0.978105,0.975462
MS-MARCO-RBAC,8000000,8000000,DiskANN/Vamana,1,oracle_same_seed_rerun,1,1,0.0,0.97836,0.979229
MS-MARCO-RBAC,8000000,8000000,DiskANN/Vamana,1,oracle_same_seed_rerun,2,2,0.0,0.977838,0.975579
MS-MARCO-RBAC,8000000,8000000,DiskANN/Vamana,1,oracle_same_seed_rerun,3,3,0.0,0.97567,0.980134
MS-MARCO-RBAC,8000000,8000000,DiskANN/Vamana,1,oracle_same_seed_rerun,4,4,0.0,0.980689,0.978391
MS-MARCO-RBAC,8000000,8000000,DiskANN/Vamana,1,oracle_same_seed_rerun,5,5,0.0,0.976254,0.977687
MS-MARCO-RBAC,8000000,8000000,DiskANN/Vamana,1,oracle_same_seed_rerun,6,6,0.0,0.979265,0.975747
MS-MARCO-RBAC,8000000,8000000,DiskANN/Vamana,1,oracle_same_seed_rerun,7,7,0.0,0.977585,0.979416
MS-MARCO-RBAC,8000000,8000000,DiskANN/Vamana,1,oracle_same_seed_rerun,8,8,0.0,0.978899,0.975219
MS-MARCO-RBAC,8000000,8000000,DiskANN/Vamana,1,oracle_same_seed_rerun,9,9,0.0,0.979595,0.980611
MS-MARCO-RBAC,8000000,8000000,DiskANN/Vamana,1,oracle_different_seed,0,1,0.002807,0.97746,0.975901
MS-MARCO-RBAC,8000000,8000000,DiskANN/Vamana,1,oracle_different_seed,0,2,0.006917,0.978412,0.975145
MS-MARCO-RBAC,8000000,8000000,DiskANN/Vamana,1,oracle_different_seed,0,3,0.004662,0.9772,0.97816
MS-MARCO-RBAC,8000000,8000000,DiskANN/Vamana,1,oracle_different_seed,0,4,0.005602,0.978936,0.978797
MS-MARCO-RBAC,8000000,8000000,DiskANN/Vamana,1,oracle_different_seed,0,5,0.002551,0.979903,0.975855
MS-MARCO-RBAC,8000000,8000000,DiskANN/Vamana,1,oracle_different_seed,0,6,0.006926,0.977054,0.976852
MS-MARCO-RBAC,8000000,8000000,DiskANN/Vamana,1,oracle_different_seed,0,7,0.003106,0.97933,0.974437
MS-MARCO-RBAC,8000000,8000000,DiskANN/Vamana,1,oracle_different_seed,0,8,0.004345,0.979463,0.979178
MS-MARCO-RBAC,8000000,8000000,DiskANN/Vamana,1,oracle_different_seed,0,9,0.004508,0.97912,0.98012
MS-MARCO-RBAC,8000000,8000000,DiskANN/Vamana,1,oracle_different_seed,1,2,0.003122,0.980466,0.978933
MS-MARCO-RBAC,8000000,8000000,DiskANN/Vamana,1,oracle_different_seed,1,3,0.006679,0.97838,0.976864
MS-MARCO-RBAC,8000000,8000000,DiskANN/Vamana,1,oracle_different_seed,1,4,0.007424,0.9778,0.973712
MS-MARCO-RBAC,8000000,8000000,DiskANN/Vamana,1,oracle_different_seed,1,5,0.005122,0.97977,0.977619
MS-MARCO-RBAC,8000000,8000000,DiskANN/Vamana,1,oracle_different_seed,1,6,0.00126,0.979806,0.980324
MS-MARCO-RBAC,8000000,8000000,DiskANN/Vamana,1,oracle_different_seed,1,7,0.004541,0.977127,0.976613
MS-MARCO-RBAC,8000000,8000000,DiskANN/Vamana,1,oracle_different_seed,1,8,0.003654,0.978147,0.980173
MS-MARCO-RBAC,8000000,8000000,DiskANN/Vamana,1,oracle_different_seed,1,9,0.006413,0.977497,0.978119
MS-MARCO-RBAC,8000000,8000000,DiskANN/Vamana,1,oracle_different_seed,2,3,0.0027,0.982313,0.980134
MS-MARCO-RBAC,8000000,8000000,DiskANN/Vamana,1,oracle_different_seed,2,4,0.003306,0.975243,0.977063
MS-MARCO-RBAC,8000000,8000000,DiskANN/Vamana,1,oracle_different_seed,2,5,0.003278,0.97632,0.981365
MS-MARCO-RBAC,8000000,8000000,DiskANN/Vamana,1,oracle_different_seed,2,6,0.003793,0.980067,0.980957
MS-MARCO-RBAC,8000000,8000000,DiskANN/Vamana,1,oracle_different_seed,2,7,0.004494,0.976871,0.977963
MS-MARCO-RBAC,8000000,8000000,DiskANN/Vamana,1,oracle_different_seed,2,8,0.00432,0.97744,0.976323
MS-MARCO-RBAC,8000000,8000000,DiskANN/Vamana,1,oracle_different_seed,2,9,0.005257,0.975209,0.976881
MS-MARCO-RBAC,8000000,8000000,DiskANN/Vamana,1,oracle_different_seed,3,4,0.003707,0.975198,0.980128
MS-MARCO-RBAC,8000000,8000000,DiskANN/Vamana,1,oracle_different_seed,3,5,0.003358,0.976063,0.979881
MS-MARCO-RBAC,8000000,8000000,DiskANN/Vamana,1,oracle_different_seed,3,6,0.007752,0.979595,0.979086
MS-MARCO-RBAC,8000000,8000000,DiskANN/Vamana,1,oracle_different_seed,3,7,0.00219,0.981622,0.978019
MS-MARCO-RBAC,8000000,8000000,DiskANN/Vamana,1,oracle_different_seed,3,8,0.003956,0.978087,0.978356
MS-MARCO-RBAC,8000000,8000000,DiskANN/Vamana,1,oracle_different_seed,3,9,0.002056,0.97786,0.976959
MS-MARCO-RBAC,8000000,8000000,DiskANN/Vamana,1,oracle_different_seed,4,5,0.003982,0.975205,0.979358
MS-MARCO-RBAC,8000000,8000000,DiskANN/Vamana,1,oracle_different_seed,4,6,0.007124,0.979971,0.976299
MS-MARCO-RBAC,8000000,8000000,DiskANN/Vamana,1,oracle_different_seed,4,7,0.003219,0.977723,0.980011
MS-MARCO-RBAC,8000000,8000000,DiskANN/Vamana,1,oracle_different_seed,4,8,0.006755,0.976916,0.976617
MS-MARCO-RBAC,8000000,8000000,DiskANN/Vamana,1,oracle_different_seed,4,9,0.002026,0.975235,0.981687
MS-MARCO-RBAC,8000000,8000000,DiskANN/Vamana,1,oracle_different_seed,5,6,0.001742,0.980968,0.981238
MS-MARCO-RBAC,8000000,8000000,DiskANN/Vamana,1,oracle_different_seed,5,7,0.005,0.97934,0.974238
MS-MARCO-RBAC,8000000,8000000,DiskANN/Vamana,1,oracle_different_seed,5,8,0.004023,0.978747,0.979602
MS-MARCO-RBAC,8000000,8000000,DiskANN/Vamana,1,oracle_different_seed,5,9,0.005095,0.977256,0.977572
MS-MARCO-RBAC,8000000,8000000,DiskANN/Vamana,1,oracle_different_seed,6,7,0.003257,0.978087,0.977515
MS-MARCO-RBAC,8000000,8000000,DiskANN/Vamana,1,oracle_different_seed,6,8,0.006176,0.976117,0.97782
MS-MARCO-RBAC,8000000,8000000,DiskANN/Vamana,1,oracle_different_seed,6,9,0.000562,0.976325,0.978973
MS-MARCO-RBAC,8000000,8000000,DiskANN/Vamana,1,oracle_different_seed,7,8,0.004444,0.976442,0.980731
MS-MARCO-RBAC,8000000,8000000,DiskANN/Vamana,1,oracle_different_seed,7,9,0.004628,0.974046,0.975203
MS-MARCO-RBAC,8000000,8000000,DiskANN/Vamana,1,oracle_different_seed,8,9,0.00761,0.975771,0.976949
MS-MARCO-RBAC,8000000,8000000,DiskANN/Vamana,2,oracle_same_seed_rerun,0,0,0.0,0.978105,0.976567
MS-MARCO-RBAC,8000000,8000000,DiskANN/Vamana,2,oracle_same_seed_rerun,1,1,0.0,0.977103,0.980993
MS-MARCO-RBAC,8000000,8000000,DiskANN/Vamana,2,oracle_same_seed_rerun,2,2,0.0,0.978444,0.977164
MS-MARCO-RBAC,8000000,8000000,DiskANN/Vamana,2,oracle_same_seed_rerun,3,3,0.0,0.980211,0.977075
MS-MARCO-RBAC,8000000,8000000,DiskANN/Vamana,2,oracle_same_seed_rerun,4,4,0.0,0.979481,0.977936
MS-MARCO-RBAC,8000000,8000000,DiskANN/Vamana,2,oracle_same_seed_rerun,5,5,0.0,0.975818,0.977444
MS-MARCO-RBAC,8000000,8000000,DiskANN/Vamana,2,oracle_same_seed_rerun,6,6,0.0,0.978329,0.978532
MS-MARCO-RBAC,8000000,8000000,DiskANN/Vamana,2,oracle_same_seed_rerun,7,7,0.0,0.97878,0.979839
MS-MARCO-RBAC,8000000,8000000,DiskANN/Vamana,2,oracle_same_seed_rerun,8,8,0.0,0.976938,0.977812
MS-MARCO-RBAC,8000000,8000000,DiskANN/Vamana,2,oracle_same_seed_rerun,9,9,0.0,0.977345,0.978791
MS-MARCO-RBAC,8000000,8000000,DiskANN/Vamana,2,oracle_different_seed,0,1,0.0051,0.979045,0.976846
MS-MARCO-RBAC,8000000,8000000,DiskANN/Vamana,2,oracle_different_seed,0,2,0.002353,0.978465,0.977302
MS-MARCO-RBAC,8000000,8000000,DiskANN/Vamana,2,oracle_different_seed,0,3,0.006772,0.973541,0.975095
MS-MARCO-RBAC,8000000,8000000,DiskANN/Vamana,2,oracle_different_seed,0,4,0.00572,0.974633,0.98105
MS-MARCO-RBAC,8000000,8000000,DiskANN/Vamana,2,oracle_different_seed,0,5,0.006983,0.975428,0.978178
MS-MARCO-RBAC,8000000,8000000,DiskANN/Vamana,2,oracle_different_seed,0,6,0.005311,0.975294,0.977925
MS-MARCO-RBAC,8000000,8000000,DiskANN/Vamana,2,oracle_different_seed,0,7,0.005366,0.978377,0.979413
MS-MARCO-RBAC,8000000,8000000,DiskANN/Vamana,2,oracle_different_seed,0,8,0.00767,0.976565,0.977645
MS-MARCO-RBAC,8000000,8000000,DiskANN/Vamana,2,oracle_different_seed,0,9,0.004274,0.978705,0.979737
MS-MARCO-RBAC,8000000,8000000,DiskANN/Vamana,2,oracle_different_seed,1,2,0.004615,0.975907,0.978011
MS-MARCO-RBAC,8000000,8000000,DiskANN/Vamana,2,oracle_different_seed,1,3,0.003905,0.979748,0.978045
MS-MARCO-RBAC,8000000,8000000,DiskANN/Vamana,2,oracle_different_seed,1,4,0.003289,0.980725,0.977245
MS-MARCO-RBAC,8000000,8000000,DiskANN/Vamana,2,oracle_different_seed,1,5,0.003969,0.98,0.97689
MS-MARCO-RBAC,8000000,8000000,DiskANN/Vamana,2,oracle_different_seed,1,6,0.006758,0.977212,0.980577
MS-MARCO-RBAC,8000000,8000000,DiskANN/Vamana,2,oracle_different_seed,1,7,0.006086,0.978403,0.97528
MS-MARCO-RBAC,8000000,8000000,DiskANN/Vamana,2,oracle_different_seed,1,8,0.00568,0.977706,0.974293
MS-MARCO-RBAC,8000000,8000000,DiskANN/Vamana,2,oracle_different_seed,1,9,0.007854,0.974513,0.981712
MS-MARCO-RBAC,8000000,8000000,DiskANN/Vamana,2,oracle_different_seed,2,3,0.006151,0.982025,0.976649
MS-MARCO-RBAC,8000000,8000000,DiskANN/Vamana,2,oracle_different_seed,2,4,0.004606,0.9788,0.980506
MS-MARCO-RBAC,8000000,8000000,DiskANN/Vamana,2,oracle_different_seed,2,5,0.001872,0.977833,0.978938
MS-MARCO-RBAC,8000000,8000000,DiskANN/Vamana,2,oracle_different_seed,2,6,0.004477,0.97623,0.97832
MS-MARCO-RBAC,8000000,8000000,DiskANN/Vamana,2,oracle_different_seed,2,7,0.005394,0.978687,0.978639
MS-MARCO-RBAC,8000000,8000000,DiskANN/Vamana,2,oracle_different_seed,2,8,0.005648,0.981714,0.976721
MS-MARCO-RBAC,8000000,8000000,DiskANN/Vamana,2,oracle_different_seed,2,9,0.004935,0.981517,0.979097
MS-MARCO-RBAC,8000000,8000000,DiskANN/Vamana,2,oracle_different_seed,3,4,0.001075,0.977753,0.974754
MS-MARCO-RBAC,8000000,8000000,DiskANN/Vamana,2,oracle_different_seed,3,5,0.005306,0.977135,0.977943
MS-MARCO-RBAC,8000000,8000000,DiskANN/Vamana,2,oracle_different_seed,3,6,0.004494,0.980091,0.979627
MS-MARCO-RBAC,8000000,8000000,DiskANN/Vamana,2,oracle_different_seed,3,7,0.008732,0.979378,0.979083
MS-MARCO-RBAC,8000000,8000000,DiskANN/Vamana,2,oracle_different_seed,3,8,0.002388,0.9755,0.977059
MS-MARCO-RBAC,8000000,8000000,DiskANN/Vamana,2,oracle_different_seed,3,9,0.002961,0.97781,0.979275
MS-MARCO-RBAC,8000000,8000000,DiskANN/Vamana,2,oracle_different_seed,4,5,0.004221,0.97656,0.979757
MS-MARCO-RBAC,8000000,8000000,DiskANN/Vamana,2,oracle_different_seed,4,6,0.006631,0.978676,0.978854
MS-MARCO-RBAC,8000000,8000000,DiskANN/Vamana,2,oracle_different_seed,4,7,0.006414,0.97989,0.977209
MS-MARCO-RBAC,8000000,8000000,DiskANN/Vamana,2,oracle_different_seed,4,8,0.003913,0.976688,0.979187
MS-MARCO-RBAC,8000000,8000000,DiskANN/Vamana,2,oracle_different_seed,4,9,0.003825,0.980651,0.980679
MS-MARCO-RBAC,8000000,8000000,DiskANN/Vamana,2,oracle_different_seed,5,6,0.00592,0.97946,0.979496
MS-MARCO-RBAC,8000000,8000000,DiskANN/Vamana,2,oracle_different_seed,5,7,0.002082,0.977759,0.978764
MS-MARCO-RBAC,8000000,8000000,DiskANN/Vamana,2,oracle_different_seed,5,8,0.003206,0.974543,0.978731
MS-MARCO-RBAC,8000000,8000000,DiskANN/Vamana,2,oracle_different_seed,5,9,0.006477,0.976939,0.981441
MS-MARCO-RBAC,8000000,8000000,DiskANN/Vamana,2,oracle_different_seed,6,7,0.001996,0.975744,0.976473
MS-MARCO-RBAC,8000000,8000000,DiskANN/Vamana,2,oracle_different_seed,6,8,0.008298,0.977726,0.976318
MS-MARCO-RBAC,8000000,8000000,DiskANN/Vamana,2,oracle_different_seed,6,9,0.003791,0.977636,0.977663
MS-MARCO-RBAC,8000000,8000000,DiskANN/Vamana,2,oracle_different_seed,7,8,0.002642,0.97591,0.976459
MS-MARCO-RBAC,8000000,8000000,DiskANN/Vamana,2,oracle_different_seed,7,9,0.004715,0.975981,0.97456
MS-MARCO-RBAC,8000000,8000000,DiskANN/Vamana,2,oracle_different_seed,8,9,0.005238,0.979614,0.979676
MS-MARCO-RBAC,8000000,8000000,DiskANN/Vamana,3,oracle_same_seed_rerun,0,0,0.0,0.977443,0.977338
MS-MARCO-RBAC,8000000,8000000,DiskANN/Vamana,3,oracle_same_seed_rerun,1,1,0.0,0.977589,0.979335
MS-MARCO-RBAC,8000000,8000000,DiskANN/Vamana,3,oracle_same_seed_rerun,2,2,0.0,0.979019,0.977444
MS-MARCO-RBAC,8000000,8000000,DiskANN/Vamana,3,oracle_same_seed_rerun,3,3,0.0,0.979705,0.978866
MS-MARCO-RBAC,8000000,8000000,DiskANN/Vamana,3,oracle_same_seed_rerun,4,4,0.0,0.97705,0.977989
MS-MARCO-RBAC,8000000,8000000,DiskANN/Vamana,3,oracle_same_seed_rerun,5,5,0.0,0.97889,0.977446
MS-MARCO-RBAC,8000000,8000000,DiskANN/Vamana,3,oracle_same_seed_rerun,6,6,0.0,0.978737,0.978441
MS-MARCO-RBAC,8000000,8000000,DiskANN/Vamana,3,oracle_same_seed_rerun,7,7,0.0,0.975438,0.97931
MS-MARCO-RBAC,8000000,8000000,DiskANN/Vamana,3,oracle_same_seed_rerun,8,8,0.0,0.979718,0.976898
MS-MARCO-RBAC,8000000,8000000,DiskANN/Vamana,3,oracle_same_seed_rerun,9,9,0.0,0.977756,0.97862
MS-MARCO-RBAC,8000000,8000000,DiskANN/Vamana,3,oracle_different_seed,0,1,0.006207,0.981442,0.978881
MS-MARCO-RBAC,8000000,8000000,DiskANN/Vamana,3,oracle_different_seed,0,2,0.003052,0.978536,0.978856
MS-MARCO-RBAC,8000000,8000000,DiskANN/Vamana,3,oracle_different_seed,0,3,0.001426,0.977796,0.97574
MS-MARCO-RBAC,8000000,8000000,DiskANN/Vamana,3,oracle_different_seed,0,4,0.001972,0.97691,0.980263
MS-MARCO-RBAC,8000000,8000000,DiskANN/Vamana,3,oracle_different_seed,0,5,0.007891,0.976123,0.980458
MS-MARCO-RBAC,8000000,8000000,DiskANN/Vamana,3,oracle_different_seed,0,6,0.002027,0.974838,0.976447
MS-MARCO-RBAC,8000000,8000000,DiskANN/Vamana,3,oracle_different_seed,0,7,0.00346,0.981913,0.979371
MS-MARCO-RBAC,8000000,8000000,DiskANN/Vamana,3,oracle_different_seed,0,8,0.005717,0.977176,0.975338
MS-MARCO-RBAC,8000000,8000000,DiskANN/Vamana,3,oracle_different_seed,0,9,0.001321,0.978266,0.979252
MS-MARCO-RBAC,8000000,8000000,DiskANN/Vamana,3,oracle_different_seed,1,2,0.0005,0.975528,0.978317
MS-MARCO-RBAC,8000000,8000000,DiskANN/Vamana,3,oracle_different_seed,1,3,0.007985,0.976712,0.980278
MS-MARCO-RBAC,8000000,8000000,DiskANN/Vamana,3,oracle_different_seed,1,4,0.004965,0.977858,0.975994
MS-MARCO-RBAC,8000000,8000000,DiskANN/Vamana,3,oracle_different_seed,1,5,0.004467,0.978632,0.978272
MS-MARCO-RBAC,8000000,8000000,DiskANN/Vamana,3,oracle_different_seed,1,6,0.006188,0.98012,0.976383
MS-MARCO-RBAC,8000000,8000000,DiskANN/Vamana,3,oracle_different_seed,1,7,0.006879,0.979449,0.976497
MS-MARCO-RBAC,8000000,8000000,DiskANN/Vamana,3,oracle_different_seed,1,8,0.003743,0.975516,0.979646
MS-MARCO-RBAC,8000000,8000000,DiskANN/Vamana,3,oracle_different_seed,1,9,0.002457,0.977364,0.977058
MS-MARCO-RBAC,8000000,8000000,DiskANN/Vamana,3,oracle_different_seed,2,3,0.007162,0.979101,0.979452
MS-MARCO-RBAC,8000000,8000000,DiskANN/Vamana,3,oracle_different_seed,2,4,0.003016,0.9777,0.975352
MS-MARCO-RBAC,8000000,8000000,DiskANN/Vamana,3,oracle_different_seed,2,5,0.006481,0.973965,0.976031
MS-MARCO-RBAC,8000000,8000000,DiskANN/Vamana,3,oracle_different_seed,2,6,0.004274,0.9791,0.980534
MS-MARCO-RBAC,8000000,8000000,DiskANN/Vamana,3,oracle_different_seed,2,7,0.001496,0.976396,0.978049
MS-MARCO-RBAC,8000000,8000000,DiskANN/Vamana,3,oracle_different_seed,2,8,0.002757,0.978485,0.977035
MS-MARCO-RBAC,8000000,8000000,DiskANN/Vamana,3,oracle_different_seed,2,9,0.004788,0.977256,0.977317
MS-MARCO-RBAC,8000000,8000000,DiskANN/Vamana,3,oracle_different_seed,3,4,0.003676,0.979374,0.977795
MS-MARCO-RBAC,8000000,8000000,DiskANN/Vamana,3,oracle_different_seed,3,5,0.002767,0.979195,0.978406
MS-MARCO-RBAC,8000000,8000000,DiskANN/Vamana,3,oracle_different_seed,3,6,0.002354,0.9793,0.977729
MS-MARCO-RBAC,8000000,8000000,DiskANN/Vamana,3,oracle_different_seed,3,7,0.005066,0.978998,0.975899
MS-MARCO-RBAC,8000000,8000000,DiskANN/Vamana,3,oracle_different_seed,3,8,0.009239,0.976265,0.977286
MS-MARCO-RBAC,8000000,8000000,DiskANN/Vamana,3,oracle_different_seed,3,9,0.005364,0.97546,0.979064
MS-MARCO-RBAC,8000000,8000000,DiskANN/Vamana,3,oracle_different_seed,4,5,0.005227,0.98224,0.978023
MS-MARCO-RBAC,8000000,8000000,DiskANN/Vamana,3,oracle_different_seed,4,6,0.003617,0.977857,0.979047
MS-MARCO-RBAC,8000000,8000000,DiskANN/Vamana,3,oracle_different_seed,4,7,0.004897,0.978602,0.978947
MS-MARCO-RBAC,8000000,8000000,DiskANN/Vamana,3,oracle_different_seed,4,8,0.004238,0.976517,0.973653
MS-MARCO-RBAC,8000000,8000000,DiskANN/Vamana,3,oracle_different_seed,4,9,0.001016,0.976838,0.979197
MS-MARCO-RBAC,8000000,8000000,DiskANN/Vamana,3,oracle_different_seed,5,6,0.006505,0.977972,0.981113
MS-MARCO-RBAC,8000000,8000000,DiskANN/Vamana,3,oracle_different_seed,5,7,0.003601,0.976976,0.980851
MS-MARCO-RBAC,8000000,8000000,DiskANN/Vamana,3,oracle_different_seed,5,8,0.005174,0.979448,0.983796
MS-MARCO-RBAC,8000000,8000000,DiskANN/Vamana,3,oracle_different_seed,5,9,0.007257,0.976374,0.976836
MS-MARCO-RBAC,8000000,8000000,DiskANN/Vamana,3,oracle_different_seed,6,7,0.004661,0.979724,0.97533
MS-MARCO-RBAC,8000000,8000000,DiskANN/Vamana,3,oracle_different_seed,6,8,0.001293,0.981091,0.975788
MS-MARCO-RBAC,8000000,8000000,DiskANN/Vamana,3,oracle_different_seed,6,9,0.007194,0.978787,0.978288
MS-MARCO-RBAC,8000000,8000000,DiskANN/Vamana,3,oracle_different_seed,7,8,0.004264,0.97945,0.979584
MS-MARCO-RBAC,8000000,8000000,DiskANN/Vamana,3,oracle_different_seed,7,9,0.002362,0.973143,0.97504
MS-MARCO-RBAC,8000000,8000000,DiskANN/Vamana,3,oracle_different_seed,8,9,0.004502,0.976719,0.976943
MS-MARCO-RBAC,8000000,8000000,DiskANN/Vamana,4,oracle_same_seed_rerun,0,0,0.0,0.97624,0.974926
MS-MARCO-RBAC,8000000,8000000,DiskANN/Vamana,4,oracle_same_seed_rerun,1,1,0.0,0.97985,0.97636
MS-MARCO-RBAC,8000000,8000000,DiskANN/Vamana,4,oracle_same_seed_rerun,2,2,0.0,0.976162,0.975099
MS-MARCO-RBAC,8000000,8000000,DiskANN/Vamana,4,oracle_same_seed_rerun,3,3,0.0,0.977845,0.977226
MS-MARCO-RBAC,8000000,8000000,DiskANN/Vamana,4,oracle_same_seed_rerun,4,4,0.0,0.978851,0.978779
MS-MARCO-RBAC,8000000,8000000,DiskANN/Vamana,4,oracle_same_seed_rerun,5,5,0.0,0.977224,0.981153
MS-MARCO-RBAC,8000000,8000000,DiskANN/Vamana,4,oracle_same_seed_rerun,6,6,0.0,0.979,0.978217
MS-MARCO-RBAC,8000000,8000000,DiskANN/Vamana,4,oracle_same_seed_rerun,7,7,0.0,0.978441,0.979021
MS-MARCO-RBAC,8000000,8000000,DiskANN/Vamana,4,oracle_same_seed_rerun,8,8,0.0,0.976875,0.979346
MS-MARCO-RBAC,8000000,8000000,DiskANN/Vamana,4,oracle_same_seed_rerun,9,9,0.0,0.979255,0.977116
MS-MARCO-RBAC,8000000,8000000,DiskANN/Vamana,4,oracle_different_seed,0,1,0.004617,0.97789,0.97887
MS-MARCO-RBAC,8000000,8000000,DiskANN/Vamana,4,oracle_different_seed,0,2,0.002449,0.980711,0.979759
MS-MARCO-RBAC,8000000,8000000,DiskANN/Vamana,4,oracle_different_seed,0,3,0.004452,0.97939,0.981198
MS-MARCO-RBAC,8000000,8000000,DiskANN/Vamana,4,oracle_different_seed,0,4,0.009448,0.977988,0.979203
MS-MARCO-RBAC,8000000,8000000,DiskANN/Vamana,4,oracle_different_seed,0,5,0.006019,0.979252,0.977353
MS-MARCO-RBAC,8000000,8000000,DiskANN/Vamana,4,oracle_different_seed,0,6,0.005968,0.976231,0.978715
MS-MARCO-RBAC,8000000,8000000,DiskANN/Vamana,4,oracle_different_seed,0,7,0.00339,0.980671,0.97886
MS-MARCO-RBAC,8000000,8000000,DiskANN/Vamana,4,oracle_different_seed,0,8,0.005832,0.978508,0.977927
MS-MARCO-RBAC,8000000,8000000,DiskANN/Vamana,4,oracle_different_seed,0,9,0.006686,0.978031,0.974845
MS-MARCO-RBAC,8000000,8000000,DiskANN/Vamana,4,oracle_different_seed,1,2,0.005289,0.977866,0.977416
MS-MARCO-RBAC,8000000,8000000,DiskANN/Vamana,4,oracle_different_seed,1,3,0.000718,0.978215,0.977131
MS-MARCO-RBAC,8000000,8000000,DiskANN/Vamana,4,oracle_different_seed,1,4,0.005958,0.98069,0.978676
MS-MARCO-RBAC,8000000,8000000,DiskANN/Vamana,4,oracle_different_seed,1,5,0.002546,0.978526,0.977008
MS-MARCO-RBAC,8000000,8000000,DiskANN/Vamana,4,oracle_different_seed,1,6,0.00414,0.974216,0.978483
MS-MARCO-RBAC,8000000,8000000,DiskANN/Vamana,4,oracle_different_seed,1,7,0.006082,0.979364,0.974835
MS-MARCO-RBAC,8000000,8000000,DiskANN/Vamana,4,oracle_different_seed,1,8,0.00577,0.977785,0.976103
MS-MARCO-RBAC,8000000,8000000,DiskANN/Vamana,4,oracle_different_seed,1,9,0.0005,0.979978,0.978128
MS-MARCO-RBAC,8000000,8000000,DiskANN/Vamana,4,oracle_different_seed,2,3,0.004535,0.979203,0.97843
MS-MARCO-RBAC,8000000,8000000,DiskANN/Vamana,4,oracle_different_seed,2,4,0.006342,0.977933,0.976282
MS-MARCO-RBAC,8000000,8000000,DiskANN/Vamana,4,oracle_different_seed,2,5,0.005095,0.978885,0.978475
MS-MARCO-RBAC,8000000,8000000,DiskANN/Vamana,4,oracle_different_seed,2,6,0.004332,0.97805,0.978649
MS-MARCO-RBAC,8000000,8000000,DiskANN/Vamana,4,oracle_different_seed,2,7,0.005496,0.974716,0.977283
MS-MARCO-RBAC,8000000,8000000,DiskANN/Vamana,4,oracle_different_seed,2,8,0.004302,0.976761,0.974163
MS-MARCO-RBAC,8000000,8000000,DiskANN/Vamana,4,oracle_different_seed,2,9,0.003797,0.976995,0.978635
MS-MARCO-RBAC,8000000,8000000,DiskANN/Vamana,4,oracle_different_seed,3,4,0.003634,0.978494,0.976613
MS-MARCO-RBAC,8000000,8000000,DiskANN/Vamana,4,oracle_different_seed,3,5,0.001616,0.98063,0.980724
MS-MARCO-RBAC,8000000,8000000,DiskANN/Vamana,4,oracle_different_seed,3,6,0.003719,0.978394,0.978293
MS-MARCO-RBAC,8000000,8000000,DiskANN/Vamana,4,oracle_different_seed,3,7,0.0005,0.97962,0.978199
MS-MARCO-RBAC,8000000,8000000,DiskANN/Vamana,4,oracle_different_seed,3,8,0.005198,0.977033,0.979685
MS-MARCO-RBAC,8000000,8000000,DiskANN/Vamana,4,oracle_different_seed,3,9,0.005513,0.982059,0.97945
MS-MARCO-RBAC,8000000,8000000,DiskANN/Vamana,4,oracle_different_seed,4,5,0.006623,0.977859,0.977084
MS-MARCO-RBAC,8000000,8000000,DiskANN/Vamana,4,oracle_different_seed,4,6,0.003055,0.97897,0.980031
MS-MARCO-RBAC,8000000,8000000,DiskANN/Vamana,4,oracle_different_seed,4,7,0.005919,0.979403,0.978335
MS-MARCO-RBAC,8000000,8000000,DiskANN/Vamana,4,oracle_different_seed,4,8,0.006756,0.974706,0.975989
MS-MARCO-RBAC,8000000,8000000,DiskANN/Vamana,4,oracle_different_seed,4,9,0.003145,0.979839,0.980087
MS-MARCO-RBAC,8000000,8000000,DiskANN/Vamana,4,oracle_different_seed,5,6,0.004248,0.976596,0.981958
MS-MARCO-RBAC,8000000,8000000,DiskANN/Vamana,4,oracle_different_seed,5,7,0.005401,0.978369,0.975226
MS-MARCO-RBAC,8000000,8000000,DiskANN/Vamana,4,oracle_different_seed,5,8,0.001829,0.973136,0.976263
MS-MARCO-RBAC,8000000,8000000,DiskANN/Vamana,4,oracle_different_seed,5,9,0.00578,0.976429,0.979464
MS-MARCO-RBAC,8000000,8000000,DiskANN/Vamana,4,oracle_different_seed,6,7,0.004046,0.97201,0.977531
MS-MARCO-RBAC,8000000,8000000,DiskANN/Vamana,4,oracle_different_seed,6,8,0.00508,0.97437,0.970073
MS-MARCO-RBAC,8000000,8000000,DiskANN/Vamana,4,oracle_different_seed,6,9,0.005085,0.98256,0.974769
MS-MARCO-RBAC,8000000,8000000,DiskANN/Vamana,4,oracle_different_seed,7,8,0.002788,0.975741,0.975493
MS-MARCO-RBAC,8000000,8000000,DiskANN/Vamana,4,oracle_different_seed,7,9,0.008253,0.97936,0.97793
MS-MARCO-RBAC,8000000,8000000,DiskANN/Vamana,4,oracle_different_seed,8,9,0.005203,0.978016,0.975876
SIFT1M,1000000,1000000,HNSW,0,oracle_same_seed_rerun,0,0,0.0,0.986183,0.985614
SIFT1M,1000000,1000000,HNSW,0,oracle_same_seed_rerun,1,1,0.0,0.986873,0.98518
SIFT1M,1000000,1000000,HNSW,0,oracle_same_seed_rerun,2,2,0.0,0.987195,0.986532
SIFT1M,1000000,1000000,HNSW,0,oracle_same_seed_rerun,3,3,0.0,0.985127,0.987689
SIFT1M,1000000,1000000,HNSW,0,oracle_same_seed_rerun,4,4,0.0,0.98427,0.986356
SIFT1M,1000000,1000000,HNSW,0,oracle_same_seed_rerun,5,5,0.0,0.985552,0.986528
SIFT1M,1000000,1000000,HNSW,0,oracle_same_seed_rerun,6,6,0.0,0.984799,0.986873
SIFT1M,1000000,1000000,HNSW,0,oracle_same_seed_rerun,7,7,0.0,0.984993,0.987562
SIFT1M,1000000,1000000,HNSW,0,oracle_same_seed_rerun,8,8,0.0,0.982404,0.986075
SIFT1M,1000000,1000000,HNSW,0,oracle_same_seed_rerun,9,9,0.0,0.988028,0.987076
SIFT1M,1000000,1000000,HNSW,0,oracle_different_seed,0,1,0.006518,0.988511,0.983492
SIFT1M,1000000,1000000,HNSW,0,oracle_different_seed,0,2,0.005383,0.982164,0.987186
SIFT1M,1000000,1000000,HNSW,0,oracle_different_seed,0,3,0.003723,0.98734,0.983253
SIFT1M,1000000,1000000,HNSW,0,oracle_different_seed,0,4,0.001484,0.986319,0.986952
SIFT1M,1000000,1000000,HNSW,0,oracle_different_seed,0,5,0.004,0.985782,0.986138
SIFT1M,1000000,1000000,HNSW,0,oracle_different_seed,0,6,0.004073,0.990146,0.987113
SIFT1M,1000000,1000000,HNSW,0,oracle_different_seed,0,7,0.007502,0.982777,0.986364
SIFT1M,1000000,1000000,HNSW,0,oracle_different_seed,0,8,0.00626,0.985315,0.987022
SIFT1M,1000000,1000000,HNSW,0,oracle_different_seed,0,9,0.005442,0.983362,0.987205
SIFT1M,1000000,1000000,HNSW,0,oracle_different_seed,1,2,0.005102,0.985798,0.987079
SIFT1M,1000000,1000000,HNSW,0,oracle_different_seed,1,3,0.006392,0.984357,0.986326
SIFT1M,1000000,1000000,HNSW,0,oracle_different_seed,1,4,0.000993,0.984527,0.984086
SIFT1M,1000000,1000000,HNSW,0,oracle_different_seed,1,5,0.00447,0.98485,0.982875
SIFT1M,1000000,1000000,HNSW,0,oracle_different_seed,1,6,0.003732,0.986534,0.987238
SIFT1M,1000000,1000000,HNSW,0,oracle_different_seed,1,7,0.003598,0.984199,0.984945
SIFT1M,1000000,1000000,HNSW,0,oracle_different_seed,1,8,0.003475,0.984482,0.979915
SIFT1M,1000000,1000000,HNSW,0,oracle_different_seed,1,9,0.004759,0.990629,0.984157
SIFT1M,1000000,1000000,HNSW,0,oracle_different_seed,2,3,0.005006,0.98627,0.988496
SIFT1M,1000000,1000000,HNSW,0,oracle_different_seed,2,4,0.000523,0.987548,0.986264
SIFT1M,1000000,1000000,HNSW,0,oracle_different_seed,2,5,0.001882,0.985397,0.986653
SIFT1M,1000000,1000000,HNSW,0,oracle_different_seed,2,6,0.004459,0.982922,0.986687
SIFT1M,1000000,1000000,HNSW,0,oracle_different_seed,2,7,0.006194,0.984734,0.98725
SIFT1M,1000000,1000000,HNSW,0,oracle_different_seed,2,8,0.002657,0.984699,0.987007
SIFT1M,1000000,1000000,HNSW,0,oracle_different_seed,2,9,0.006691,0.985295,0.985365
SIFT1M,1000000,1000000,HNSW,0,oracle_different_seed,3,4,0.0005,0.985231,0.982292
SIFT1M,1000000,1000000,HNSW,0,oracle_different_seed,3,5,0.002951,0.986558,0.984531
SIFT1M,1000000,1000000,HNSW,0,oracle_different_seed,3,6,0.001041,0.987487,0.988584
SIFT1M,1000000,1000000,HNSW,0,oracle_different_seed,3,7,0.00614,0.986103,0.989857
SIFT1M,1000000,1000000,HNSW,0,oracle_different_seed,3,8,0.004471,0.985377,0.988127
SIFT1M,1000000,1000000,HNSW,0,oracle_different_seed,3,9,0.003524,0.987123,0.98715
SIFT1M,1000000,1000000,HNSW,0,oracle_different_seed,4,5,0.004866,0.984622,0.987424
SIFT1M,1000000,1000000,HNSW,0,oracle_different_seed,4,6,0.001383,0.988404,0.988927
SIFT1M,1000000,1000000,HNSW,0,oracle_different_seed,4,7,0.001413,0.986214,0.985695
SIFT1M,1000000,1000000,HNSW,0,oracle_different_seed,4,8,0.006514,0.983163,0.988158
SIFT1M,1000000,1000000,HNSW,0,oracle_different_seed,4,9,0.006213,0.984313,0.984678
SIFT1M,1000000,1000000,HNSW,0,oracle_different_seed,5,6,0.00713,0.987395,0.985809
SIFT1M,1000000,1000000,HNSW,0,oracle_different_seed,5,7,0.006726,0.988105,0.986009
SIFT1M,1000000,1000000,HNSW,0,oracle_different_seed,5,8,0.002714,0.984018,0.986145
SIFT1M,1000000,1000000,HNSW,0,oracle_different_seed,5,9,0.008191,0.988289,0.984186
SIFT1M,1000000,1000000,HNSW,0,oracle_different_seed,6,7,0.006144,0.987677,0.986273
SIFT1M,1000000,1000000,HNSW,0,oracle_different_seed,6,8,0.005395,0.985985,0.984148
SIFT1M,1000000,1000000,HNSW,0,oracle_different_seed,6,9,0.005762,0.98345,0.987629
SIFT1M,1000000,1000000,HNSW,0,oracle_different_seed,7,8,0.005503,0.988256,0.984795
SIFT1M,1000000,1000000,HNSW,0,oracle_different_seed,7,9,0.004752,0.98392,0.984411
SIFT1M,1000000,1000000,HNSW,0,oracle_different_seed,8,9,0.005723,0.985586,0.985048
SIFT1M,1000000,1000000,HNSW,1,oracle_same_seed_rerun,0,0,0.0,0.984878,0.985955
SIFT1M,1000000,1000000,HNSW,1,oracle_same_seed_rerun,1,1,0.0,0.987406,0.986621
SIFT1M,1000000,1000000,HNSW,1,oracle_same_seed_rerun,2,2,0.0,0.987791,0.988274
SIFT1M,1000000,1000000,HNSW,1,oracle_same_seed_rerun,3,3,0.0,0.986752,0.983031
SIFT1M,1000000,1000000,HNSW,1,oracle_same_seed_rerun,4,4,0.0,0.987008,0.986907
SIFT1M,1000000,1000000,HNSW,1,oracle_same_seed_rerun,5,5,0.0,0.987783,0.985852
SIFT1M,1000000,1000000,HNSW,1,oracle_same_seed_rerun,6,6,0.0,0.986174,0.982396
SIFT1M,1000000,1000000,HNSW,1,oracle_same_seed_rerun,7,7,0.0,0.988202,0.987075
SIFT1M,1000000,1000000,HNSW,1,oracle_same_seed_rerun,8,8,0.0,0.984603,0.986441
SIFT1M,1000000,1000000,HNSW,1,oracle_same_seed_rerun,9,9,0.0,0.988343,0.987337
SIFT1M,1000000,1000000,HNSW,1,oracle_different_seed,0,1,0.0057,0.982814,0.987656
SIFT1M,1000000,1000000,HNSW,1,oracle_different_seed,0,2,0.002402,0.986896,0.989211
SIFT1M,1000000,1000000,HNSW,1,oracle_different_seed,0,3,0.001295,0.986967,0.986432
SIFT1M,1000000,1000000,HNSW,1,oracle_different_seed,0,4,0.004756,0.985533,0.984878
SIFT1M,1000000,1000000,HNSW,1,oracle_different_seed,0,5,0.004076,0.987969,0.985473
SIFT1M,1000000,1000000,HNSW,1,oracle_different_seed,0,6,0.002744,0.986098,0.98629
SIFT1M,1000000,1000000,HNSW,1,oracle_different_seed,0,7,0.003661,0.985708,0.980863
SIFT1M,1000000,1000000,HNSW,1,oracle_different_seed,0,8,0.008442,0.988412,0.984231
SIFT1M,1000000,1000000,HNSW,1,oracle_different_seed,0,9,0.006082,0.983492,0.983633
SIFT1M,1000000,1000000,HNSW,1,oracle_different_seed,1,2,0.003041,0.984764,0.987529
SIFT1M,1000000,1000000,HNSW,1,oracle_different_seed,1,3,0.005572,0.98746,0.98632
SIFT1M,1000000,1000000,HNSW,1,oracle_different_seed,1,4,0.006534,0.985646,0.983973
SIFT1M,1000000,1000000,HNSW,1,oracle_different_seed,1,5,0.006105,0.983779,0.985159
SIFT1M,1000000,1000000,HNSW,1,oracle_different_seed,1,6,0.002293,0.985052,0.989193
SIFT1M,1000000,1000000,HNSW,1,oracle_different_seed,1,7,0.005995,0.987124,0.984568
SIFT1M,1000000,1000000,HNSW,1,oracle_different_seed,1,8,0.003971,0.989863,0.983637
SIFT1M,1000000,1000000,HNSW,1,oracle_different_seed,1,9,0.005778,0.988842,0.983112
SIFT1M,1000000,1000000,HNSW,1,oracle_different_seed,2,3,0.009257,0.985597,0.989097
SIFT1M,1000000,1000000,HNSW,1,oracle_different_seed,2,4,0.001944,0.985056,0.98344
SIFT1M,1000000,1000000,HNSW,1,oracle_different_seed,2,5,0.002225,0.982252,0.986496
SIFT1M,1000000,1000000,HNSW,1,oracle_different_seed,2,6,0.005754,0.98592,0.985495
SIFT1M,1000000,1000000,HNSW,1,oracle_different_seed,2,7,0.00347,0.9883,0.986062
SIFT1M,1000000,1000000,HNSW,1,oracle_different_seed,2,8,0.004317,0.988802,0.988095
SIFT1M,1000000,1000000,HNSW,1,oracle_different_seed,2,9,0.003377,0.985016,0.988237
SIFT1M,1000000,1000000,HNSW,1,oracle_different_seed,3,4,0.005736,0.988767,0.98826
SIFT1M,1000000,1000000,HNSW,1,oracle_different_seed,3,5,0.004796,0.983711,0.984467
SIFT1M,1000000,1000000,HNSW,1,oracle_different_seed,3,6,0.007448,0.985271,0.984656
SIFT1M,1000000,1000000,HNSW,1,oracle_different_seed,3,7,0.001978,0.984027,0.982344
SIFT1M,1000000,1000000,HNSW,1,oracle_different_seed,3,8,0.001501,0.984357,0.985975
SIFT1M,1000000,1000000,HNSW,1,oracle_different_seed,3,9,0.006468,0.986415,0.982034
SIFT1M,1000000,1000000,HNSW,1,oracle_different_seed,4,5,0.002521,0.988651,0.988878
SIFT1M,1000000,1000000,HNSW,1,oracle_different_seed,4,6,0.003511,0.986689,0.985517
SIFT1M,1000000,1000000,HNSW,1,oracle_different_seed,4,7,0.003985,0.988131,0.984458
SIFT1M,1000000,1000000,HNSW,1,oracle_different_seed,4,8,0.006338,0.98684,0.984757
SIFT1M,1000000,1000000,HNSW,1,oracle_different_seed,4,9,0.003678,0.988354,0.992
SIFT1M,1000000,1000000,HNSW,1,oracle_different_seed,5,6,0.007652,0.984948,0.987773
SIFT1M,1000000,1000000,HNSW,1,oracle_different_seed,5,7,0.001642,0.984224,0.987618
SIFT1M,1000000,1000000,HNSW,1,oracle_different_seed,5,8,0.004666,0.986438,0.984233
SIFT1M,1000000,1000000,HNSW,1,oracle_different_seed,5,9,0.004951,0.983015,0.99051
SIFT1M,1000000,1000000,HNSW,1,oracle_different_seed,6,7,0.004269,0.984746,0.987742
SIFT1M,1000000,1000000,HNSW,1,oracle_different_seed,6,8,0.000541,0.986404,0.98564
SIFT1M,1000000,1000000,HNSW,1,oracle_different_seed,6,9,0.0005,0.98371,0.989189
SIFT1M,1000000,1000000,HNSW,1,oracle_different_seed,7,8,0.004903,0.983893,0.987974
SIFT1M,1000000,1000000,HNSW,1,oracle_different_seed,7,9,0.004911,0.986723,0.985188
SIFT1M,1000000,1000000,HNSW,1,oracle_different_seed,8,9,0.004117,0.985425,0.987279
SIFT1M,1000000,1000000,HNSW,2,oracle_same_seed_rerun,0,0,0.0,0.98456,0.986314
SIFT1M,1000000,1000000,HNSW,2,oracle_same_seed_rerun,1,1,0.0,0.986105,0.986249
SIFT1M,1000000,1000000,HNSW,2,oracle_same_seed_rerun,2,2,0.0,0.987764,0.988394
SIFT1M,1000000,1000000,HNSW,2,oracle_same_seed_rerun,3,3,0.0,0.98701,0.986577
SIFT1M,1000000,1000000,HNSW,2,oracle_same_seed_rerun,4,4,0.0,0.98566,0.987601
SIFT1M,1000000,1000000,HNSW,2,oracle_same_seed_rerun,5,5,0.0,0.986413,0.985107
SIFT1M,1000000,1000000,HNSW,2,oracle_same_seed_rerun,6,6,0.0,0.983094,0.9866
SIFT1M,1000000,1000000,HNSW,2,oracle_same_seed_rerun,7,7,0.0,0.987571,0.986717
SIFT1M,1000000,1000000,HNSW,2,oracle_same_seed_rerun,8,8,0.0,0.985006,0.986446
SIFT1M,1000000,1000000,HNSW,2,oracle_same_seed_rerun,9,9,0.0,0.986866,0.986519
SIFT1M,1000000,1000000,HNSW,2,oracle_different_seed,0,1,0.004365,0.983805,0.98588
SIFT1M,1000000,1000000,HNSW,2,oracle_different_seed,0,2,0.00554,0.983016,0.983473
SIFT1M,1000000,1000000,HNSW,2,oracle_different_seed,0,3,0.004326,0.987788,0.987097
SIFT1M,1000000,1000000,HNSW,2,oracle_different_seed,0,4,0.003995,0.988407,0.986806
SIFT1M,1000000,1000000,HNSW,2,oracle_different_seed,0,5,0.004265,0.980731,0.987713
SIFT1M,1000000,1000000,HNSW,2,oracle_different_seed,0,6,0.001804,0.987369,0.985788
SIFT1M,1000000,1000000,HNSW,2,oracle_different_seed,0,7,0.004492,0.988008,0.983399
SIFT1M,1000000,1000000,HNSW,2,oracle_different_seed,0,8,0.005888,0.98811,0.987109
SIFT1M,1000000,1000000,HNSW,2,oracle_different_seed,0,9,0.002551,0.982064,0.984165
SIFT1M,1000000,1000000,HNSW,2,oracle_different_seed,1,2,0.004873,0.984356,0.987487
SIFT1M,1000000,1000000,HNSW,2,oracle_different_seed,1,3,0.004009,0.987408,0.984968
SIFT1M,1000000,1000000,HNSW,2,oracle_different_seed,1,4,0.006398,0.985928,0.988938
SIFT1M,1000000,1000000,HNSW,2,oracle_different_seed,1,5,0.00499,0.987028,0.988876
SIFT1M,1000000,1000000,HNSW,2,oracle_different_seed,1,6,0.008468,0.988778,0.988573
SIFT1M,1000000,1000000,HNSW,2,oracle_different_seed,1,7,0.0005,0.986062,0.985493
SIFT1M,1000000,1000000,HNSW,2,oracle_different_seed,1,8,0.006191,0.986523,0.982695
SIFT1M,1000000,1000000,HNSW,2,oracle_different_seed,1,9,0.005267,0.982614,0.986359
SIFT1M,1000000,1000000,HNSW,2,oracle_different_seed,2,3,0.007002,0.982877,0.984185
SIFT1M,1000000,1000000,HNSW,2,oracle_different_seed,2,4,0.001998,0.987868,0.985367
SIFT1M,1000000,1000000,HNSW,2,oracle_different_seed,2,5,0.009339,0.986873,0.986472
SIFT1M,1000000,1000000,HNSW,2,oracle_different_seed,2,6,0.008886,0.988435,0.98384
SIFT1M,1000000,1000000,HNSW,2,oracle_different_seed,2,7,0.003112,0.986652,0.987128
SIFT1M,1000000,1000000,HNSW,2,oracle_different_seed,2,8,0.003875,0.987622,0.984516
SIFT1M,1000000,1000000,HNSW,2,oracle_different_seed,2,9,0.007432,0.983845,0.989567
SIFT1M,1000000,1000000,HNSW,2,oracle_different_seed,3,4,0.002527,0.984621,0.986277
SIFT1M,1000000,1000000,HNSW,2,oracle_different_seed,3,5,0.006249,0.985358,0.985562
SIFT1M,1000000,1000000,HNSW,2,oracle_different_seed,3,6,0.001695,0.989318,0.982871
SIFT1M,1000000,1000000,HNSW,2,oracle_different_seed,3,7,0.003805,0.985746,0.985235
SIFT1M,1000000,1000000,HNSW,2,oracle_different_seed,3,8,0.005999,0.989013,0.985914
SIFT1M,1000000,1000000,HNSW,2,oracle_different_seed,3,9,0.003067,0.987696,0.984452
SIFT1M,1000000,1000000,HNSW,2,oracle_different_seed,4,5,0.002842,0.984356,0.980187
SIFT1M,1000000,1000000,HNSW,2,oracle_different_seed,4,6,0.003074,0.985897,0.987756
SIFT1M,1000000,1000000,HNSW,2,oracle_different_seed,4,7,0.007928,0.987594,0.982408
SIFT1M,1000000,1000000,HNSW,2,oracle_different_seed,4,8,0.003275,0.98782,0.983193
SIFT1M,1000000,1000000,HNSW,2,oracle_different_seed,4,9,0.004921,0.986879,0.987479
SIFT1M,1000000,1000000,HNSW,2,oracle_different_seed,5,6,0.002603,0.986621,0.982953
SIFT1M,1000000,1000000,HNSW,2,oracle_different_seed,5,7,0.0005,0.98609,0.988684
SIFT1M,1000000,1000000,HNSW,2,oracle_different_seed,5,8,0.004847,0.982957,0.985184
SIFT1M,1000000,1000000,HNSW,2,oracle_different_seed,5,9,0.004707,0.983334,0.986079
SIFT1M,1000000,1000000,HNSW,2,oracle_different_seed,6,7,0.004783,0.986666,0.986131
SIFT1M,1000000,1000000,HNSW,2,oracle_different_seed,6,8,0.006566,0.985638,0.986016
SIFT1M,1000000,1000000,HNSW,2,oracle_different_seed,6,9,0.005486,0.987672,0.984273
SIFT1M,1000000,1000000,HNSW,2,oracle_different_seed,7,8,0.0005,0.989882,0.982179
SIFT1M,1000000,1000000,HNSW,2,oracle_different_seed,7,9,0.002434,0.985469,0.985911
SIFT1M,1000000,1000000,HNSW,2,oracle_different_seed,8,9,0.007683,0.990543,0.986757
SIFT1M,1000000,1000000,HNSW,3,oracle_same_seed_rerun,0,0,0.0,0.9857,0.985363
SIFT1M,1000000,1000000,HNSW,3,oracle_same_seed_rerun,1,1,0.0,0.985025,0.983294
SIFT1M,1000000,1000000,HNSW,3,oracle_same_seed_rerun,2,2,0.0,0.984049,0.984433
SIFT1M,1000000,1000000,HNSW,3,oracle_same_seed_rerun,3,3,0.0,0.986991,0.985516
SIFT1M,1000000,1000000,HNSW,3,oracle_same_seed_rerun,4,4,0.0,0.984945,0.983876
SIFT1M,1000000,1000000,HNSW,3,oracle_same_seed_rerun,5,5,0.0,0.986163,0.987827
SIFT1M,1000000,1000000,HNSW,3,oracle_same_seed_rerun,6,6,0.0,0.985581,0.985263
SIFT1M,1000000,1000000,HNSW,3,oracle_same_seed_rerun,7,7,0.0,0.986921,0.987394
SIFT1M,1000000,1000000,HNSW,3,oracle_same_seed_rerun,8,8,0.0,0.986048,0.984757
SIFT1M,1000000,1000000,HNSW,3,oracle_same_seed_rerun,9,9,0.0,0.985047,0.983797
SIFT1M,1000000,1000000,HNSW,3,oracle_different_seed,0,1,0.006373,0.98948,0.985695
SIFT1M,1000000,1000000,HNSW,3,oracle_different_seed,0,2,0.006977,0.984713,0.986533
SIFT1M,1000000,1000000,HNSW,3,oracle_different_seed,0,3,0.007022,0.987758,0.983786
SIFT1M,1000000,1000000,HNSW,3,oracle_different_seed,0,4,0.003722,0.987051,0.98599
SIFT1M,1000000,1000000,HNSW,3,oracle_different_seed,0,5,0.001826,0.986854,0.981949
SIFT1M,1000000,1000000,HNSW,3,oracle_different_seed,0,6,0.004399,0.987064,0.985679
SIFT1M,1000000,1000000,HNSW,3,oracle_different_seed,0,7,0.003249,0.98809,0.987097
SIFT1M,1000000,1000000,HNSW,3,oracle_different_seed,0,8,0.007155,0.98716,0.986342
SIFT1M,1000000,1000000,HNSW,3,oracle_different_seed,0,9,0.007081,0.988255,0.986124
SIFT1M,1000000,1000000,HNSW,3,oracle_different_seed,1,2,0.005877,0.988426,0.984917
SIFT1M,1000000,1000000,HNSW,3,oracle_different_seed,1,3,0.005488,0.990668,0.985868
SIFT1M,1000000,1000000,HNSW,3,oracle_different_seed,1,4,0.003268,0.982733,0.986036
SIFT1M,1000000,1000000,HNSW,3,oracle_different_seed,1,5,0.001405,0.985282,0.986867
SIFT1M,1000000,1000000,HNSW,3,oracle_different_seed,1,6,0.007532,0.98608,0.986011
SIFT1M,1000000,1000000,HNSW,3,oracle_different_seed,1,7,0.003722,0.986622,0.988147
SIFT1M,1000000,1000000,HNSW,3,oracle_different_seed,1,8,0.001271,0.982469,0.989264
SIFT1M,1000000,1000000,HNSW,3,oracle_different_seed,1,9,0.005847,0.984917,0.984838
SIFT1M,1000000,1000000,HNSW,3,oracle_different_seed,2,3,0.004794,0.988859,0.986516
SIFT1M,1000000,1000000,HNSW,3,oracle_different_seed,2,4,0.003692,0.983287,0.986754
SIFT1M,1000000,1000000,HNSW,3,oracle_different_seed,2,5,0.0005,0.982541,0.983467
SIFT1M,1000000,1000000,HNSW,3,oracle_different_seed,2,6,0.0005,0.982663,0.985644
SIFT1M,1000000,1000000,HNSW,3,oracle_different_seed,2,7,0.001229,0.984209,0.986651
SIFT1M,1000000,1000000,HNSW,3,oracle_different_seed,2,8,0.004805,0.984432,0.987353
SIFT1M,1000000,1000000,HNSW,3,oracle_different_seed,2,9,0.004688,0.989119,0.985501
SIFT1M,1000000,1000000,HNSW,3,oracle_different_seed,3,4,0.002991,0.984917,0.986097
SIFT1M,1000000,1000000,HNSW,3,oracle_different_seed,3,5,0.004324,0.984596,0.984448
SIFT1M,1000000,1000000,HNSW,3,oracle_different_seed,3,6,0.003327,0.986468,0.986417
SIFT1M,1000000,1000000,HNSW,3,oracle_different_seed,3,7,0.002258,0.987047,0.984551
SIFT1M,1000000,1000000,HNSW,3,oracle_different_seed,3,8,0.00475,0.986996,0.982876
SIFT1M,1000000,1000000,HNSW,3,oracle_different_seed,3,9,0.003108,0.986562,0.987617
SIFT1M,1000000,1000000,HNSW,3,oracle_different_seed,4,5,0.00209,0.986727,0.987421
SIFT1M,1000000,1000000,HNSW,3,oracle_different_seed,4,6,0.00464,0.986199,0.98865
SIFT1M,1000000,1000000,HNSW,3,oracle_different_seed,4,7,0.002347,0.986321,0.984379
SIFT1M,1000000,1000000,HNSW,3,oracle_different_seed,4,8,0.002981,0.98502,0.987319
SIFT1M,1000000,1000000,HNSW,3,oracle_different_seed,4,9,0.00346,0.988499,0.984592
SIFT1M,1000000,1000000,HNSW,3,oracle_different_seed,5,6,0.004146,0.99143,0.987079
SIFT1M,1000000,1000000,HNSW,3,oracle_different_seed,5,7,0.004725,0.988721,0.988177
SIFT1M,1000000,1000000,HNSW,3,oracle_different_seed,5,8,0.0005,0.987757,0.986373
SIFT1M,1000000,1000000,HNSW,3,oracle_different_seed,5,9,0.008376,0.986202,0.986439
SIFT1M,1000000,1000000,HNSW,3,oracle_different_seed,6,7,0.003425,0.984322,0.982737
SIFT1M,1000000,1000000,HNSW,3,oracle_different_seed,6,8,0.003532,0.986317,0.985089
SIFT1M,1000000,1000000,HNSW,3,oracle_different_seed,6,9,0.004752,0.982338,0.985596
SIFT1M,1000000,1000000,HNSW,3,oracle_different_seed,7,8,0.001032,0.988822,0.985296
SIFT1M,1000000,1000000,HNSW,3,oracle_different_seed,7,9,0.005288,0.986272,0.98652
SIFT1M,1000000,1000000,HNSW,3,oracle_different_seed,8,9,0.003807,0.988179,0.987584
SIFT1M,1000000,1000000,HNSW,4,oracle_same_seed_rerun,0,0,0.0,0.985105,0.98911
SIFT1M,1000000,1000000,HNSW,4,oracle_same_seed_rerun,1,1,0.0,0.986894,0.983203
SIFT1M,1000000,1000000,HNSW,4,oracle_same_seed_rerun,2,2,0.0,0.986285,0.986085
SIFT1M,1000000,1000000,HNSW,4,oracle_same_seed_rerun,3,3,0.0,0.987064,0.984617
SIFT1M,1000000,1000000,HNSW,4,oracle_same_seed_rerun,4,4,0.0,0.988148,0.984675
SIFT1M,1000000,1000000,HNSW,4,oracle_same_seed_rerun,5,5,0.0,0.987743,0.985471
SIFT1M,1000000,1000000,HNSW,4,oracle_same_seed_rerun,6,6,0.0,0.984803,0.985186
SIFT1M,1000000,1000000,HNSW,4,oracle_same_seed_rerun,7,7,0.0,0.987544,0.984859
SIFT1M,1000000,1000000,HNSW,4,oracle_same_seed_rerun,8,8,0.0,0.98543,0.986125
SIFT1M,1000000,1000000,HNSW,4,oracle_same_seed_rerun,9,9,0.0,0.98783,0.986107
SIFT1M,1000000,1000000,HNSW,4,oracle_different_seed,0,1,0.005856,0.986839,0.985488
SIFT1M,1000000,1000000,HNSW,4,oracle_different_seed,0,2,0.005641,0.986844,0.983021
SIFT1M,1000000,1000000,HNSW,4,oracle_different_seed,0,3,0.00256,0.984007,0.988066
SIFT1M,1000000,1000000,HNSW,4,oracle_different_seed,0,4,0.004707,0.984268,0.986374
SIFT1M,1000000,1000000,HNSW,4,oracle_different_seed,0,5,0.006545,0.985962,0.984688
SIFT1M,1000000,1000000,HNSW,4,oracle_different_seed,0,6,0.003663,0.984553,0.983992
SIFT1M,1000000,1000000,HNSW,4,oracle_different_seed,0,7,0.004365,0.9835,0.985482
SIFT1M,1000000,1000000,HNSW,4,oracle_different_seed,0,8,0.001046,0.987918,0.983844
SIFT1M,1000000,1000000,HNSW,4,oracle_different_seed,0,9,0.002322,0.982345,0.98915
SIFT1M,1000000,1000000,HNSW,4,oracle_different_seed,1,2,0.007014,0.986965,0.986033
SIFT1M,1000000,1000000,HNSW,4,oracle_different_seed,1,3,0.002539,0.986417,0.982393
SIFT1M,1000000,1000000,HNSW,4,oracle_different_seed,1,4,0.009677,0.982633,0.983144
SIFT1M,1000000,1000000,HNSW,4,oracle_different_seed,1,5,0.004691,0.988247,0.985587
SIFT1M,1000000,1000000,HNSW,4,oracle_different_seed,1,6,0.000671,0.984785,0.987939
SIFT1M,1000000,1000000,HNSW,4,oracle_different_seed,1,7,0.004761,0.987461,0.985537
SIFT1M,1000000,1000000,HNSW,4,oracle_different_seed,1,8,0.002977,0.986393,0.986197
SIFT1M,1000000,1000000,HNSW,4,oracle_different_seed,1,9,0.004471,0.984498,0.984264
SIFT1M,1000000,1000000,HNSW,4,oracle_different_seed,2,3,0.003616,0.986824,0.983724
SIFT1M,1000000,1000000,HNSW,4,oracle_different_seed,2,4,0.005523,0.984718,0.985111
SIFT1M,1000000,1000000,HNSW,4,oracle_different_seed,2,5,0.005074,0.985624,0.986302
SIFT1M,1000000,1000000,HNSW,4,oracle_different_seed,2,6,0.0005,0.986614,0.986898
SIFT1M,1000000,1000000,HNSW,4,oracle_different_seed,2,7,0.006603,0.987376,0.985047
SIFT1M,1000000,1000000,HNSW,4,oracle_different_seed,2,8,0.004187,0.984602,0.986205
SIFT1M,1000000,1000000,HNSW,4,oracle_different_seed,2,9,0.008748,0.986751,0.981861
SIFT1M,1000000,1000000,HNSW,4,oracle_different_seed,3,4,0.001869,0.984278,0.987557
SIFT1M,1000000,1000000,HNSW,4,oracle_different_seed,3,5,0.003538,0.987751,0.987565
SIFT1M,1000000,1000000,HNSW,4,oracle_different_seed,3,6,0.002647,0.986307,0.984844
SIFT1M,1000000,1000000,HNSW,4,oracle_different_seed,3,7,0.004126,0.984013,0.986119
SIFT1M,1000000,1000000,HNSW,4,oracle_different_seed,3,8,0.002162,0.984872,0.990848
SIFT1M,1000000,1000000,HNSW,4,oracle_different_seed,3,9,0.004952,0.987728,0.986639
SIFT1M,1000000,1000000,HNSW,4,oracle_different_seed,4,5,0.000594,0.985968,0.989787
SIFT1M,1000000,1000000,HNSW,4,oracle_different_seed,4,6,0.009502,0.987036,0.986076
SIFT1M,1000000,1000000,HNSW,4,oracle_different_seed,4,7,0.004514,0.986629,0.985847
SIFT1M,1000000,1000000,HNSW,4,oracle_different_seed,4,8,0.006203,0.990244,0.984974
SIFT1M,1000000,1000000,HNSW,4,oracle_different_seed,4,9,0.005441,0.98802,0.98282
SIFT1M,1000000,1000000,HNSW,4,oracle_different_seed,5,6,0.005956,0.986637,0.985101
SIFT1M,1000000,1000000,HNSW,4,oracle_different_seed,5,7,0.002486,0.988087,0.987478
SIFT1M,1000000,1000000,HNSW,4,oracle_different_seed,5,8,0.005974,0.987582,0.9862
SIFT1M,1000000,1000000,HNSW,4,oracle_different_seed,5,9,0.006434,0.98471,0.986503
SIFT1M,1000000,1000000,HNSW,4,oracle_different_seed,6,7,0.004444,0.984606,0.988208
SIFT1M,1000000,1000000,HNSW,4,oracle_different_seed,6,8,0.005872,0.984243,0.985619
SIFT1M,1000000,1000000,HNSW,4,oracle_different_seed,6,9,0.00477,0.988445,0.985843
SIFT1M,1000000,1000000,HNSW,4,oracle_different_seed,7,8,0.004106,0.990182,0.985771
SIFT1M,1000000,1000000,HNSW,4,oracle_different_seed,7,9,0.003761,0.986371,0.985374
SIFT1M,1000000,1000000,HNSW,4,oracle_different_seed,8,9,0.006306,0.98331,0.986168
SIFT1M,1000000,1000000,DiskANN/Vamana,0,oracle_same_seed_rerun,0,0,0.0,0.984304,0.983188
SIFT1M,1000000,1000000,DiskANN/Vamana,0,oracle_same_seed_rerun,1,1,0.0,0.985905,0.988455
SIFT1M,1000000,1000000,DiskANN/Vamana,0,oracle_same_seed_rerun,2,2,0.0,0.986281,0.985412
SIFT1M,1000000,1000000,DiskANN/Vamana,0,oracle_same_seed_rerun,3,3,0.0,0.987108,0.98617
SIFT1M,1000000,1000000,DiskANN/Vamana,0,oracle_same_seed_rerun,4,4,0.0,0.982427,0.983828
SIFT1M,1000000,1000000,DiskANN/Vamana,0,oracle_same_seed_rerun,5,5,0.0,0.987192,0.985131
SIFT1M,1000000,1000000,DiskANN/Vamana,0,oracle_same_seed_rerun,6,6,0.0,0.986433,0.987059
SIFT1M,1000000,1000000,DiskANN/Vamana,0,oracle_same_seed_rerun,7,7,0.0,0.985688,0.985906
SIFT1M,1000000,1000000,DiskANN/Vamana,0,oracle_same_seed_rerun,8,8,0.0,0.985282,0.98301
SIFT1M,1000000,1000000,DiskANN/Vamana,0,oracle_same_seed_rerun,9,9,0.0,0.988746,0.984265
SIFT1M,1000000,1000000,DiskANN/Vamana,0,oracle_different_seed,0,1,0.005521,0.989761,0.985407
SIFT1M,1000000,1000000,DiskANN/Vamana,0,oracle_different_seed,0,2,0.002344,0.986762,0.984781
SIFT1M,1000000,1000000,DiskANN/Vamana,0,oracle_different_seed,0,3,0.00687,0.982899,0.985543
SIFT1M,1000000,1000000,DiskANN/Vamana,0,oracle_different_seed,0,4,0.001663,0.983923,0.984567
SIFT1M,1000000,1000000,DiskANN/Vamana,0,oracle_different_seed,0,5,0.004514,0.984989,0.985216
SIFT1M,1000000,1000000,DiskANN/Vamana,0,oracle_different_seed,0,6,0.002769,0.984981,0.989276
SIFT1M,1000000,1000000,DiskANN/Vamana,0,oracle_different_seed,0,7,0.004315,0.989318,0.987789
SIFT1M,1000000,1000000,DiskANN/Vamana,0,oracle_different_seed,0,8,0.006046,0.984873,0.988712
SIFT1M,1000000,1000000,DiskANN/Vamana,0,oracle_different_seed,0,9,0.005504,0.985524,0.987891
SIFT1M,1000000,1000000,DiskANN/Vamana,0,oracle_different_seed,1,2,0.006574,0.986846,0.987521
SIFT1M,1000000,1000000,DiskANN/Vamana,0,oracle_different_seed,1,3,0.00809,0.983232,0.989023
SIFT1M,1000000,1000000,DiskANN/Vamana,0,oracle_different_seed,1,4,0.007091,0.988871,0.983035
SIFT1M,1000000,1000000,DiskANN/Vamana,0,oracle_different_seed,1,5,0.005516,0.984828,0.988938
SIFT1M,1000000,1000000,DiskANN/Vamana,0,oracle_different_seed,1,6,0.005307,0.98452,0.986271
SIFT1M,1000000,1000000,DiskANN/Vamana,0,oracle_different_seed,1,7,0.003759,0.986891,0.987963
SIFT1M,1000000,1000000,DiskANN/Vamana,0,oracle_different_seed,1,8,0.002937,0.98667,0.987333
SIFT1M,1000000,1000000,DiskANN/Vamana,0,oracle_different_seed,1,9,0.003459,0.986465,0.985321
SIFT1M,1000000,1000000,DiskANN/Vamana,0,oracle_different_seed,2,3,0.005806,0.987003,0.985329
SIFT1M,1000000,1000000,DiskANN/Vamana,0,oracle_different_seed,2,4,0.005508,0.986376,0.983668
SIFT1M,1000000,1000000,DiskANN/Vamana,0,oracle_different_seed,2,5,0.004167,0.982211,0.984676
SIFT1M,1000000,1000000,DiskANN/Vamana,0,oracle_different_seed,2,6,0.004495,0.985362,0.988112
SIFT1M,1000000,1000000,DiskANN/Vamana,0,oracle_different_seed,2,7,0.003858,0.983471,0.986328
SIFT1M,1000000,1000000,DiskANN/Vamana,0,oracle_different_seed,2,8,0.004755,0.984915,0.98513
SIFT1M,1000000,1000000,DiskANN/Vamana,0,oracle_different_seed,2,9,0.003793,0.985859,0.984896
SIFT1M,1000000,1000000,DiskANN/Vamana,0,oracle_different_seed,3,4,0.005759,0.986417,0.982359
SIFT1M,1000000,1000000,DiskANN/Vamana,0,oracle_different_seed,3,5,0.005341,0.987934,0.988415
SIFT1M,1000000,1000000,DiskANN/Vamana,0,oracle_different_seed,3,6,0.002181,0.986609,0.98503
SIFT1M,1000000,1000000,DiskANN/Vamana,0,oracle_different_seed,3,7,0.003256,0.988563,0.988052
SIFT1M,1000000,1000000,DiskANN/Vamana,0,oracle_different_seed,3,8,0.002721,0.985798,0.985174
SIFT1M,1000000,1000000,DiskANN/Vamana,0,oracle_different_seed,3,9,0.004893,0.98483,0.986945
SIFT1M,1000000,1000000,DiskANN/Vamana,0,oracle_different_seed,4,5,0.006429,0.982539,0.986508
SIFT1M,1000000,1000000,DiskANN/Vamana,0,oracle_different_seed,4,6,0.008757,0.982268,0.982856
SIFT1M,1000000,1000000,DiskANN/Vamana,0,oracle_different_seed,4,7,0.002559,0.98478,0.987772
SIFT1M,1000000,1000000,DiskANN/Vamana,0,oracle_different_seed,4,8,0.009399,0.983941,0.982907
SIFT1M,1000000,1000000,DiskANN/Vamana,0,oracle_different_seed,4,9,0.00185,0.986306,0.986474
SIFT1M,1000000,1000000,DiskANN/Vamana,0,oracle_different_seed,5,6,0.00453,0.983007,0.98712
SIFT1M,1000000,1000000,DiskANN/Vamana,0,oracle_different_seed,5,7,0.003756,0.987076,0.988229
SIFT1M,1000000,1000000,DiskANN/Vamana,0,oracle_different_seed,5,8,0.000701,0.985258,0.985431
SIFT1M,1000000,1000000,DiskANN/Vamana,0,oracle_different_seed,5,9,0.005665,0.985123,0.988795
SIFT1M,1000000,1000000,DiskANN/Vamana,0,oracle_different_seed,6,7,0.001481,0.984677,0.984718
SIFT1M,1000000,1000000,DiskANN/Vamana,0,oracle_different_seed,6,8,0.003499,0.987607,0.9869
SIFT1M,1000000,1000000,DiskANN/Vamana,0,oracle_different_seed,6,9,0.002993,0.98629,0.985065
SIFT1M,1000000,1000000,DiskANN/Vamana,0,oracle_different_seed,7,8,0.00519,0.984085,0.985918
SIFT1M,1000000,1000000,DiskANN/Vamana,0,oracle_different_seed,7,9,0.004059,0.984386,0.984226
SIFT1M,1000000,1000000,DiskANN/Vamana,0,oracle_different_seed,8,9,0.003788,0.986926,0.986463
SIFT1M,1000000,1000000,DiskANN/Vamana,1,oracle_same_seed_rerun,0,0,0.0,0.986588,0.985228
SIFT1M,1000000,1000000,DiskANN/Vamana,1,oracle_same_seed_rerun,1,1,0.0,0.987579,0.988005
SIFT1M,1000000,1000000,DiskANN/Vamana,1,oracle_same_seed_rerun,2,2,0.0,0.987008,0.982704
SIFT1M,1000000,1000000,DiskANN/Vamana,1,oracle_same_seed_rerun,3,3,0.0,0.985395,0.986707
SIFT1M,1000000,1000000,DiskANN/Vamana,1,oracle_same_seed_rerun,4,4,0.0,0.984817,0.98695
SIFT1M,1000000,1000000,DiskANN/Vamana,1,oracle_same_seed_rerun,5,5,0.0,0.984462,0.984775
SIFT1M,1000000,1000000,DiskANN/Vamana,1,oracle_same_seed_rerun,6,6,0.0,0.986005,0.986888
SIFT1M,1000000,1000000,DiskANN/Vamana,1,oracle_same_seed_rerun,7,7,0.0,0.986377,0.984821
SIFT1M,1000000,1000000,DiskANN/Vamana,1,oracle_same_seed_rerun,8,8,0.0,0.985846,0.985269
SIFT1M,1000000,1000000,DiskANN/Vamana,1,oracle_same_seed_rerun,9,9,0.0,0.98621,0.985931
SIFT1M,1000000,1000000,DiskANN/Vamana,1,oracle_different_seed,0,1,0.005049,0.985694,0.98415
SIFT1M,1000000,1000000,DiskANN/Vamana,1,oracle_different_seed,0,2,0.00351,0.983789,0.984841
SIFT1M,1000000,1000000,DiskANN/Vamana,1,oracle_different_seed,0,3,0.005149,0.984251,0.988137
SIFT1M,1000000,1000000,DiskANN/Vamana,1,oracle_different_seed,0,4,0.006889,0.980471,0.98651
SIFT1M,1000000,1000000,DiskANN/Vamana,1,oracle_different_seed,0,5,0.004063,0.98396,0.984354
SIFT1M,1000000,1000000,DiskANN/Vamana,1,oracle_different_seed,0,6,0.003274,0.989288,0.986016
SIFT1M,1000000,1000000,DiskANN/Vamana,1,oracle_different_seed,0,7,0.004274,0.985798,0.984413
SIFT1M,1000000,1000000,DiskANN/Vamana,1,oracle_different_seed,0,8,0.006902,0.983871,0.985966
SIFT1M,1000000,1000000,DiskANN/Vamana,1,oracle_different_seed,0,9,0.00554,0.985216,0.983561
SIFT1M,1000000,1000000,DiskANN/Vamana,1,oracle_different_seed,1,2,0.004912,0.985053,0.985591
SIFT1M,1000000,1000000,DiskANN/Vamana,1,oracle_different_seed,1,3,0.005718,0.984837,0.985719
SIFT1M,1000000,1000000,DiskANN/Vamana,1,oracle_different_seed,1,4,0.003655,0.986277,0.982114
SIFT1M,1000000,1000000,DiskANN/Vamana,1,oracle_different_seed,1,5,0.006105,0.983767,0.987031
SIFT1M,1000000,1000000,DiskANN/Vamana,1,oracle_different_seed,1,6,0.007208,0.983543,0.98623
SIFT1M,1000000,1000000,DiskANN/Vamana,1,oracle_different_seed,1,7,0.006277,0.985768,0.986598
SIFT1M,1000000,1000000,DiskANN/Vamana,1,oracle_different_seed,1,8,0.004021,0.985046,0.984824
SIFT1M,1000000,1000000,DiskANN/Vamana,1,oracle_different_seed,1,9,0.004516,0.985644,0.985967
SIFT1M,1000000,1000000,DiskANN/Vamana,1,oracle_different_seed,2,3,0.002682,0.986411,0.987869
SIFT1M,1000000,1000000,DiskANN/Vamana,1,oracle_different_seed,2,4,0.003906,0.985702,0.988436
SIFT1M,1000000,1000000,DiskANN/Vamana,1,oracle_different_seed,2,5,0.005615,0.98719,0.986847
SIFT1M,1000000,1000000,DiskANN/Vamana,1,oracle_different_seed,2,6,0.005095,0.987374,0.987513
SIFT1M,1000000,1000000,DiskANN/Vamana,1,oracle_different_seed,2,7,0.002054,0.985348,0.987135
SIFT1M,1000000,1000000,DiskANN/Vamana,1,oracle_different_seed,2,8,0.0005,0.986894,0.986678
SIFT1M,1000000,1000000,DiskANN/Vamana,1,oracle_different_seed,2,9,0.001981,0.985437,0.98606
SIFT1M,1000000,1000000,DiskANN/Vamana,1,oracle_different_seed,3,4,0.003864,0.984674,0.98801
SIFT1M,1000000,1000000,DiskANN/Vamana,1,oracle_different_seed,3,5,0.004065,0.983697,0.987626
SIFT1M,1000000,1000000,DiskANN/Vamana,1,oracle_different_seed,3,6,0.005167,0.985997,0.987561
SIFT1M,1000000,1000000,DiskANN/Vamana,1,oracle_different_seed,3,7,0.003196,0.983939,0.983942
SIFT1M,1000000,1000000,DiskANN/Vamana,1,oracle_different_seed,3,8,0.00388,0.987308,0.987531
SIFT1M,1000000,1000000,DiskANN/Vamana,1,oracle_different_seed,3,9,0.004515,0.985087,0.987662
SIFT1M,1000000,1000000,DiskANN/Vamana,1,oracle_different_seed,4,5,0.004177,0.986215,0.987544
SIFT1M,1000000,1000000,DiskANN/Vamana,1,oracle_different_seed,4,6,0.00672,0.986428,0.985729
SIFT1M,1000000,1000000,DiskANN/Vamana,1,oracle_different_seed,4,7,0.002709,0.990121,0.988378
SIFT1M,1000000,1000000,DiskANN/Vamana,1,oracle_different_seed,4,8,0.005329,0.986058,0.984805
SIFT1M,1000000,1000000,DiskANN/Vamana,1,oracle_different_seed,4,9,0.001965,0.983427,0.983239
SIFT1M,1000000,1000000,DiskANN/Vamana,1,oracle_different_seed,5,6,0.002918,0.989805,0.987187
SIFT1M,1000000,1000000,DiskANN/Vamana,1,oracle_different_seed,5,7,0.007148,0.98547,0.987598
SIFT1M,1000000,1000000,DiskANN/Vamana,1,oracle_different_seed,5,8,0.003082,0.988061,0.98438
SIFT1M,1000000,1000000,DiskANN/Vamana,1,oracle_different_seed,5,9,0.003517,0.985435,0.988184
SIFT1M,1000000,1000000,DiskANN/Vamana,1,oracle_different_seed,6,7,0.005905,0.986724,0.988464
SIFT1M,1000000,1000000,DiskANN/Vamana,1,oracle_different_seed,6,8,0.005801,0.987672,0.985004
SIFT1M,1000000,1000000,DiskANN/Vamana,1,oracle_different_seed,6,9,0.002627,0.985641,0.983725
SIFT1M,1000000,1000000,DiskANN/Vamana,1,oracle_different_seed,7,8,0.004071,0.989826,0.984281
SIFT1M,1000000,1000000,DiskANN/Vamana,1,oracle_different_seed,7,9,0.007174,0.987669,0.986137
SIFT1M,1000000,1000000,DiskANN/Vamana,1,oracle_different_seed,8,9,0.007094,0.986563,0.984982
SIFT1M,1000000,1000000,DiskANN/Vamana,2,oracle_same_seed_rerun,0,0,0.0,0.983365,0.987293
SIFT1M,1000000,1000000,DiskANN/Vamana,2,oracle_same_seed_rerun,1,1,0.0,0.986562,0.984093
SIFT1M,1000000,1000000,DiskANN/Vamana,2,oracle_same_seed_rerun,2,2,0.0,0.986107,0.986948
SIFT1M,1000000,1000000,DiskANN/Vamana,2,oracle_same_seed_rerun,3,3,0.0,0.982959,0.987759
SIFT1M,1000000,1000000,DiskANN/Vamana,2,oracle_same_seed_rerun,4,4,0.0,0.985068,0.984819
SIFT1M,1000000,1000000,DiskANN/Vamana,2,oracle_same_seed_rerun,5,5,0.0,0.988336,0.984645
SIFT1M,1000000,1000000,DiskANN/Vamana,2,oracle_same_seed_rerun,6,6,0.0,0.987363,0.984521
SIFT1M,1000000,1000000,DiskANN/Vamana,2,oracle_same_seed_rerun,7,7,0.0,0.98407,0.987921
SIFT1M,1000000,1000000,DiskANN/Vamana,2,oracle_same_seed_rerun,8,8,0.0,0.986959,0.984305
SIFT1M,1000000,1000000,DiskANN/Vamana,2,oracle_same_seed_rerun,9,9,0.0,0.988943,0.983512
SIFT1M,1000000,1000000,DiskANN/Vamana,2,oracle_different_seed,0,1,0.007691,0.988262,0.985332
SIFT1M,1000000,1000000,DiskANN/Vamana,2,oracle_different_seed,0,2,0.001996,0.986684,0.985014
SIFT1M,1000000,1000000,DiskANN/Vamana,2,oracle_different_seed,0,3,0.006065,0.983868,0.983021
SIFT1M,1000000,1000000,DiskANN/Vamana,2,oracle_different_seed,0,4,0.005128,0.984609,0.987375
SIFT1M,1000000,1000000,DiskANN/Vamana,2,oracle_different_seed,0,5,0.000673,0.98696,0.986626
SIFT1M,1000000,1000000,DiskANN/Vamana,2,oracle_different_seed,0,6,0.009098,0.988014,0.989006
SIFT1M,1000000,1000000,DiskANN/Vamana,2,oracle_different_seed,0,7,0.001921,0.985115,0.984277
SIFT1M,1000000,1000000,DiskANN/Vamana,2,oracle_different_seed,0,8,0.003127,0.988152,0.983159
SIFT1M,1000000,1000000,DiskANN/Vamana,2,oracle_different_seed,0,9,0.002987,0.982878,0.985913
SIFT1M,1000000,1000000,DiskANN/Vamana,2,oracle_different_seed,1,2,0.004509,0.985467,0.982814
SIFT1M,1000000,1000000,DiskANN/Vamana,2,oracle_different_seed,1,3,0.005646,0.986053,0.982227
SIFT1M,1000000,1000000,DiskANN/Vamana,2,oracle_different_seed,1,4,0.010637,0.983217,0.982762
SIFT1M,1000000,1000000,DiskANN/Vamana,2,oracle_different_seed,1,5,0.0005,0.985058,0.981887
SIFT1M,1000000,1000000,DiskANN/Vamana,2,oracle_different_seed,1,6,0.000825,0.989649,0.982898
SIFT1M,1000000,1000000,DiskANN/Vamana,2,oracle_different_seed,1,7,0.003524,0.984795,0.985601
SIFT1M,1000000,1000000,DiskANN/Vamana,2,oracle_different_seed,1,8,0.005561,0.985662,0.984296
SIFT1M,1000000,1000000,DiskANN/Vamana,2,oracle_different_seed,1,9,0.004721,0.98709,0.982718
SIFT1M,1000000,1000000,DiskANN/Vamana,2,oracle_different_seed,2,3,0.002681,0.988137,0.986792
SIFT1M,1000000,1000000,DiskANN/Vamana,2,oracle_different_seed,2,4,0.004464,0.98361,0.987731
SIFT1M,1000000,1000000,DiskANN/Vamana,2,oracle_different_seed,2,5,0.005187,0.985261,0.984995
SIFT1M,1000000,1000000,DiskANN/Vamana,2,oracle_different_seed,2,6,0.004427,0.984377,0.985327
SIFT1M,1000000,1000000,DiskANN/Vamana,2,oracle_different_seed,2,7,0.003365,0.986511,0.989988
SIFT1M,1000000,1000000,DiskANN/Vamana,2,oracle_different_seed,2,8,0.005458,0.985746,0.988689
SIFT1M,1000000,1000000,DiskANN/Vamana,2,oracle_different_seed,2,9,0.006704,0.988157,0.987596
SIFT1M,1000000,1000000,DiskANN/Vamana,2,oracle_different_seed,3,4,0.003167,0.987285,0.9862
SIFT1M,1000000,1000000,DiskANN/Vamana,2,oracle_different_seed,3,5,0.005433,0.9861,0.987033
SIFT1M,1000000,1000000,DiskANN/Vamana,2,oracle_different_seed,3,6,0.001729,0.985379,0.983178
SIFT1M,1000000,1000000,DiskANN/Vamana,2,oracle_different_seed,3,7,0.004694,0.982619,0.987913
SIFT1M,1000000,1000000,DiskANN/Vamana,2,oracle_different_seed,3,8,0.005189,0.988181,0.986644
SIFT1M,1000000,1000000,DiskANN/Vamana,2,oracle_different_seed,3,9,0.004371,0.987716,0.984606
SIFT1M,1000000,1000000,DiskANN/Vamana,2,oracle_different_seed,4,5,0.003025,0.984739,0.984258
SIFT1M,1000000,1000000,DiskANN/Vamana,2,oracle_different_seed,4,6,0.007424,0.985006,0.987416
SIFT1M,1000000,1000000,DiskANN/Vamana,2,oracle_different_seed,4,7,0.002645,0.988762,0.985277
SIFT1M,1000000,1000000,DiskANN/Vamana,2,oracle_different_seed,4,8,0.008923,0.98377,0.986013
SIFT1M,1000000,1000000,DiskANN/Vamana,2,oracle_different_seed,4,9,0.001776,0.98928,0.98804
SIFT1M,1000000,1000000,DiskANN/Vamana,2,oracle_different_seed,5,6,0.003635,0.985458,0.984434
SIFT1M,1000000,1000000,DiskANN/Vamana,2,oracle_different_seed,5,7,0.003634,0.985028,0.98659
SIFT1M,1000000,1000000,DiskANN/Vamana,2,oracle_different_seed,5,8,0.003009,0.987492,0.984773
SIFT1M,1000000,1000000,DiskANN/Vamana,2,oracle_different_seed,5,9,0.003094,0.988264,0.983912
SIFT1M,1000000,1000000,DiskANN/Vamana,2,oracle_different_seed,6,7,0.005738,0.983171,0.988921
SIFT1M,1000000,1000000,DiskANN/Vamana,2,oracle_different_seed,6,8,0.005303,0.986373,0.984099
SIFT1M,1000000,1000000,DiskANN/Vamana,2,oracle_different_seed,6,9,0.002768,0.98361,0.985319
SIFT1M,1000000,1000000,DiskANN/Vamana,2,oracle_different_seed,7,8,0.001979,0.987881,0.990366
SIFT1M,1000000,1000000,DiskANN/Vamana,2,oracle_different_seed,7,9,0.002843,0.981346,0.987495
SIFT1M,1000000,1000000,DiskANN/Vamana,2,oracle_different_seed,8,9,0.004181,0.989047,0.984236
SIFT1M,1000000,1000000,DiskANN/Vamana,3,oracle_same_seed_rerun,0,0,0.0,0.987398,0.986905
SIFT1M,1000000,1000000,DiskANN/Vamana,3,oracle_same_seed_rerun,1,1,0.0,0.985186,0.986172
SIFT1M,1000000,1000000,DiskANN/Vamana,3,oracle_same_seed_rerun,2,2,0.0,0.989352,0.989955
SIFT1M,1000000,1000000,DiskANN/Vamana,3,oracle_same_seed_rerun,3,3,0.0,0.985461,0.987609
SIFT1M,1000000,1000000,DiskANN/Vamana,3,oracle_same_seed_rerun,4,4,0.0,0.984187,0.988124
SIFT1M,1000000,1000000,DiskANN/Vamana,3,oracle_same_seed_rerun,5,5,0.0,0.985937,0.986431
SIFT1M,1000000,1000000,DiskANN/Vamana,3,oracle_same_seed_rerun,6,6,0.0,0.986132,0.986483
SIFT1M,1000000,1000000,DiskANN/Vamana,3,oracle_same_seed_rerun,7,7,0.0,0.98268,0.986011
SIFT1M,1000000,1000000,DiskANN/Vamana,3,oracle_same_seed_rerun,8,8,0.0,0.986526,0.98502
SIFT1M,1000000,1000000,DiskANN/Vamana,3,oracle_same_seed_rerun,9,9,0.0,0.985281,0.986451
SIFT1M,1000000,1000000,DiskANN/Vamana,3,oracle_different_seed,0,1,0.007605,0.985775,0.98307
SIFT1M,1000000,1000000,DiskANN/Vamana,3,oracle_different_seed,0,2,0.003505,0.9895,0.986246
SIFT1M,1000000,1000000,DiskANN/Vamana,3,oracle_different_seed,0,3,0.003986,0.98585,0.985553
SIFT1M,1000000,1000000,DiskANN/Vamana,3,oracle_different_seed,0,4,0.003106,0.983577,0.984239
SIFT1M,1000000,1000000,DiskANN/Vamana,3,oracle_different_seed,0,5,0.005133,0.984703,0.987691
SIFT1M,1000000,1000000,DiskANN/Vamana,3,oracle_different_seed,0,6,0.003431,0.985458,0.985959
SIFT1M,1000000,1000000,DiskANN/Vamana,3,oracle_different_seed,0,7,0.006256,0.987475,0.980895
SIFT1M,1000000,1000000,DiskANN/Vamana,3,oracle_different_seed,0,8,0.003231,0.985796,0.989931
SIFT1M,1000000,1000000,DiskANN/Vamana,3,oracle_different_seed,0,9,0.005211,0.988235,0.987684
SIFT1M,1000000,1000000,DiskANN/Vamana,3,oracle_different_seed,1,2,0.002707,0.988733,0.986832
SIFT1M,1000000,1000000,DiskANN/Vamana,3,oracle_different_seed,1,3,0.00315,0.988702,0.985156
SIFT1M,1000000,1000000,DiskANN/Vamana,3,oracle_different_seed,1,4,0.0005,0.983944,0.984716
SIFT1M,1000000,1000000,DiskANN/Vamana,3,oracle_different_seed,1,5,0.005275,0.985138,0.985133
SIFT1M,1000000,1000000,DiskANN/Vamana,3,oracle_different_seed,1,6,0.004138,0.984766,0.988208
SIFT1M,1000000,1000000,DiskANN/Vamana,3,oracle_different_seed,1,7,0.005389,0.987063,0.985857
SIFT1M,1000000,1000000,DiskANN/Vamana,3,oracle_different_seed,1,8,0.000553,0.987183,0.986171
SIFT1M,1000000,1000000,DiskANN/Vamana,3,oracle_different_seed,1,9,0.004862,0.987178,0.982198
SIFT1M,1000000,1000000,DiskANN/Vamana,3,oracle_different_seed,2,3,0.006354,0.98248,0.984432
SIFT1M,1000000,1000000,DiskANN/Vamana,3,oracle_different_seed,2,4,0.001863,0.987272,0.986127
SIFT1M,1000000,1000000,DiskANN/Vamana,3,oracle_different_seed,2,5,0.005607,0.98547,0.989286
SIFT1M,1000000,1000000,DiskANN/Vamana,3,oracle_different_seed,2,6,0.003222,0.98606,0.989519
SIFT1M,1000000,1000000,DiskANN/Vamana,3,oracle_different_seed,2,7,0.006666,0.982993,0.987136
SIFT1M,1000000,1000000,DiskANN/Vamana,3,oracle_different_seed,2,8,0.004065,0.987924,0.98557
SIFT1M,1000000,1000000,DiskANN/Vamana,3,oracle_different_seed,2,9,0.00227,0.986182,0.987007
SIFT1M,1000000,1000000,DiskANN/Vamana,3,oracle_different_seed,3,4,0.003836,0.987558,0.986214
SIFT1M,1000000,1000000,DiskANN/Vamana,3,oracle_different_seed,3,5,0.004743,0.982893,0.987617
SIFT1M,1000000,1000000,DiskANN/Vamana,3,oracle_different_seed,3,6,0.004994,0.982825,0.984335
SIFT1M,1000000,1000000,DiskANN/Vamana,3,oracle_different_seed,3,7,0.00385,0.987475,0.991946
SIFT1M,1000000,1000000,DiskANN/Vamana,3,oracle_different_seed,3,8,0.00578,0.982758,0.981383
SIFT1M,1000000,1000000,DiskANN/Vamana,3,oracle_different_seed,3,9,0.007439,0.985592,0.984717
SIFT1M,1000000,1000000,DiskANN/Vamana,3,oracle_different_seed,4,5,0.00491,0.984083,0.986636
SIFT1M,1000000,1000000,DiskANN/Vamana,3,oracle_different_seed,4,6,0.004441,0.985294,0.98625
SIFT1M,1000000,1000000,DiskANN/Vamana,3,oracle_different_seed,4,7,0.006596,0.988261,0.984264
SIFT1M,1000000,1000000,DiskANN/Vamana,3,oracle_different_seed,4,8,0.002895,0.98863,0.987436
SIFT1M,1000000,1000000,DiskANN/Vamana,3,oracle_different_seed,4,9,0.003832,0.987887,0.9891
SIFT1M,1000000,1000000,DiskANN/Vamana,3,oracle_different_seed,5,6,0.008451,0.987339,0.987682
SIFT1M,1000000,1000000,DiskANN/Vamana,3,oracle_different_seed,5,7,0.004532,0.984726,0.986824
SIFT1M,1000000,1000000,DiskANN/Vamana,3,oracle_different_seed,5,8,0.001582,0.982505,0.984892
SIFT1M,1000000,1000000,DiskANN/Vamana,3,oracle_different_seed,5,9,0.008029,0.985692,0.983035
SIFT1M,1000000,1000000,DiskANN/Vamana,3,oracle_different_seed,6,7,0.002519,0.98332,0.982254
SIFT1M,1000000,1000000,DiskANN/Vamana,3,oracle_different_seed,6,8,0.003372,0.98477,0.987625
SIFT1M,1000000,1000000,DiskANN/Vamana,3,oracle_different_seed,6,9,0.002284,0.98509,0.984687
SIFT1M,1000000,1000000,DiskANN/Vamana,3,oracle_different_seed,7,8,0.003492,0.988798,0.988969
SIFT1M,1000000,1000000,DiskANN/Vamana,3,oracle_different_seed,7,9,0.007072,0.984569,0.989653
SIFT1M,1000000,1000000,DiskANN/Vamana,3,oracle_different_seed,8,9,0.006811,0.985035,0.988018
SIFT1M,1000000,1000000,DiskANN/Vamana,4,oracle_same_seed_rerun,0,0,0.0,0.986001,0.98984
SIFT1M,1000000,1000000,DiskANN/Vamana,4,oracle_same_seed_rerun,1,1,0.0,0.988672,0.983859
SIFT1M,1000000,1000000,DiskANN/Vamana,4,oracle_same_seed_rerun,2,2,0.0,0.985923,0.98517
SIFT1M,1000000,1000000,DiskANN/Vamana,4,oracle_same_seed_rerun,3,3,0.0,0.986402,0.986361
SIFT1M,1000000,1000000,DiskANN/Vamana,4,oracle_same_seed_rerun,4,4,0.0,0.985942,0.986807
SIFT1M,1000000,1000000,DiskANN/Vamana,4,oracle_same_seed_rerun,5,5,0.0,0.987507,0.988877
SIFT1M,1000000,1000000,DiskANN/Vamana,4,oracle_same_seed_rerun,6,6,0.0,0.986545,0.987234
SIFT1M,1000000,1000000,DiskANN/Vamana,4,oracle_same_seed_rerun,7,7,0.0,0.98563,0.988036
SIFT1M,1000000,1000000,DiskANN/Vamana,4,oracle_same_seed_rerun,8,8,0.0,0.985845,0.984009
SIFT1M,1000000,1000000,DiskANN/Vamana,4,oracle_same_seed_rerun,9,9,0.0,0.98681,0.988049
SIFT1M,1000000,1000000,DiskANN/Vamana,4,oracle_different_seed,0,1,0.004952,0.98661,0.985903
SIFT1M,1000000,1000000,DiskANN/Vamana,4,oracle_different_seed,0,2,0.007412,0.983467,0.984294
SIFT1M,1000000,1000000,DiskANN/Vamana,4,oracle_different_seed,0,3,0.003836,0.984537,0.984638
SIFT1M,1000000,1000000,DiskANN/Vamana,4,oracle_different_seed,0,4,0.002586,0.986943,0.986646
SIFT1M,1000000,1000000,DiskANN/Vamana,4,oracle_different_seed,0,5,0.004615,0.983587,0.986543
SIFT1M,1000000,1000000,DiskANN/Vamana,4,oracle_different_seed,0,6,0.005781,0.983019,0.985372
SIFT1M,1000000,1000000,DiskANN/Vamana,4,oracle_different_seed,0,7,0.000883,0.983834,0.984279
SIFT1M,1000000,1000000,DiskANN/Vamana,4,oracle_different_seed,0,8,0.009403,0.988621,0.986636
SIFT1M,1000000,1000000,DiskANN/Vamana,4,oracle_different_seed,0,9,0.004634,0.989956,0.984479
SIFT1M,1000000,1000000,DiskANN/Vamana,4,oracle_different_seed,1,2,0.002542,0.984216,0.985901
SIFT1M,1000000,1000000,DiskANN/Vamana,4,oracle_different_seed,1,3,0.004395,0.984485,0.986526
SIFT1M,1000000,1000000,DiskANN/Vamana,4,oracle_different_seed,1,4,0.004174,0.988926,0.986526
SIFT1M,1000000,1000000,DiskANN/Vamana,4,oracle_different_seed,1,5,0.003944,0.988299,0.979942
SIFT1M,1000000,1000000,DiskANN/Vamana,4,oracle_different_seed,1,6,0.001819,0.987037,0.982763
SIFT1M,1000000,1000000,DiskANN/Vamana,4,oracle_different_seed,1,7,0.002482,0.986801,0.981318
SIFT1M,1000000,1000000,DiskANN/Vamana,4,oracle_different_seed,1,8,0.009657,0.985385,0.986533
SIFT1M,1000000,1000000,DiskANN/Vamana,4,oracle_different_seed,1,9,0.004605,0.98529,0.983375
SIFT1M,1000000,1000000,DiskANN/Vamana,4,oracle_different_seed,2,3,0.005305,0.985856,0.985865
SIFT1M,1000000,1000000,DiskANN/Vamana,4,oracle_different_seed,2,4,0.009387,0.985091,0.987132
SIFT1M,1000000,1000000,DiskANN/Vamana,4,oracle_different_seed,2,5,0.005006,0.983607,0.98623
SIFT1M,1000000,1000000,DiskANN/Vamana,4,oracle_different_seed,2,6,0.00391,0.982818,0.981729
SIFT1M,1000000,1000000,DiskANN/Vamana,4,oracle_different_seed,2,7,0.005504,0.982832,0.986742
SIFT1M,1000000,1000000,DiskANN/Vamana,4,oracle_different_seed,2,8,0.005712,0.986915,0.98584
SIFT1M,1000000,1000000,DiskANN/Vamana,4,oracle_different_seed,2,9,0.000911,0.98404,0.984991
SIFT1M,1000000,1000000,DiskANN/Vamana,4,oracle_different_seed,3,4,0.004358,0.987119,0.983752
SIFT1M,1000000,1000000,DiskANN/Vamana,4,oracle_different_seed,3,5,0.002516,0.985008,0.987098
SIFT1M,1000000,1000000,DiskANN/Vamana,4,oracle_different_seed,3,6,0.004137,0.982902,0.985595
SIFT1M,1000000,1000000,DiskANN/Vamana,4,oracle_different_seed,3,7,0.002757,0.987242,0.987419
SIFT1M,1000000,1000000,DiskANN/Vamana,4,oracle_different_seed,3,8,0.006816,0.986484,0.987957
SIFT1M,1000000,1000000,DiskANN/Vamana,4,oracle_different_seed,3,9,0.005505,0.985026,0.986057
SIFT1M,1000000,1000000,DiskANN/Vamana,4,oracle_different_seed,4,5,0.005388,0.986588,0.985305
SIFT1M,1000000,1000000,DiskANN/Vamana,4,oracle_different_seed,4,6,0.002889,0.985948,0.984369
SIFT1M,1000000,1000000,DiskANN/Vamana,4,oracle_different_seed,4,7,0.006035,0.988532,0.983269
SIFT1M,1000000,1000000,DiskANN/Vamana,4,oracle_different_seed,4,8,0.005538,0.984754,0.982934
SIFT1M,1000000,1000000,DiskANN/Vamana,4,oracle_different_seed,4,9,0.00519,0.983932,0.987342
SIFT1M,1000000,1000000,DiskANN/Vamana,4,oracle_different_seed,5,6,0.002956,0.985985,0.982244
SIFT1M,1000000,1000000,DiskANN/Vamana,4,oracle_different_seed,5,7,0.000875,0.986426,0.985049
SIFT1M,1000000,1000000,DiskANN/Vamana,4,oracle_different_seed,5,8,0.002707,0.985765,0.989154
SIFT1M,1000000,1000000,DiskANN/Vamana,4,oracle_different_seed,5,9,0.004025,0.986572,0.982968
SIFT1M,1000000,1000000,DiskANN/Vamana,4,oracle_different_seed,6,7,0.006658,0.986549,0.986213
SIFT1M,1000000,1000000,DiskANN/Vamana,4,oracle_different_seed,6,8,0.003063,0.982697,0.985427
SIFT1M,1000000,1000000,DiskANN/Vamana,4,oracle_different_seed,6,9,0.003561,0.982701,0.984429
SIFT1M,1000000,1000000,DiskANN/Vamana,4,oracle_different_seed,7,8,0.002162,0.984857,0.982742
SIFT1M,1000000,1000000,DiskANN/Vamana,4,oracle_different_seed,7,9,0.004177,0.988409,0.981609
SIFT1M,1000000,1000000,DiskANN/Vamana,4,oracle_different_seed,8,9,0.007346,0.987507,0.984308
MIMIC-IV-CaseStudy,1800000,1800000,HNSW,0,oracle_same_seed_rerun,0,0,0.0,0.972605,0.977025
MIMIC-IV-CaseStudy,1800000,1800000,HNSW,0,oracle_same_seed_rerun,1,1,0.0,0.977908,0.974756
MIMIC-IV-CaseStudy,1800000,1800000,HNSW,0,oracle_same_seed_rerun,2,2,0.0,0.975854,0.976315
MIMIC-IV-CaseStudy,1800000,1800000,HNSW,0,oracle_same_seed_rerun,3,3,0.0,0.974963,0.976395
MIMIC-IV-CaseStudy,1800000,1800000,HNSW,0,oracle_same_seed_rerun,4,4,0.0,0.974763,0.975794
MIMIC-IV-CaseStudy,1800000,1800000,HNSW,0,oracle_same_seed_rerun,5,5,0.0,0.974679,0.974226
MIMIC-IV-CaseStudy,1800000,1800000,HNSW,0,oracle_same_seed_rerun,6,6,0.0,0.977021,0.977354
MIMIC-IV-CaseStudy,1800000,1800000,HNSW,0,oracle_same_seed_rerun,7,7,0.0,0.975479,0.976165
MIMIC-IV-CaseStudy,1800000,1800000,HNSW,0,oracle_same_seed_rerun,8,8,0.0,0.973419,0.977078
MIMIC-IV-CaseStudy,1800000,1800000,HNSW,0,oracle_same_seed_rerun,9,9,0.0,0.976631,0.978784
MIMIC-IV-CaseStudy,1800000,1800000,HNSW,0,oracle_different_seed,0,1,0.003919,0.975505,0.975365
MIMIC-IV-CaseStudy,1800000,1800000,HNSW,0,oracle_different_seed,0,2,0.005769,0.975111,0.974788
MIMIC-IV-CaseStudy,1800000,1800000,HNSW,0,oracle_different_seed,0,3,0.005625,0.978002,0.976784
MIMIC-IV-CaseStudy,1800000,1800000,HNSW,0,oracle_different_seed,0,4,0.004377,0.979822,0.9773
MIMIC-IV-CaseStudy,1800000,1800000,HNSW,0,oracle_different_seed,0,5,0.006325,0.972272,0.974551
MIMIC-IV-CaseStudy,1800000,1800000,HNSW,0,oracle_different_seed,0,6,0.005772,0.980263,0.97591
MIMIC-IV-CaseStudy,1800000,1800000,HNSW,0,oracle_different_seed,0,7,0.003907,0.975349,0.97132
MIMIC-IV-CaseStudy,1800000,1800000,HNSW,0,oracle_different_seed,0,8,0.003311,0.975255,0.974861
MIMIC-IV-CaseStudy,1800000,1800000,HNSW,0,oracle_different_seed,0,9,0.001957,0.974059,0.974762
MIMIC-IV-CaseStudy,1800000,1800000,HNSW,0,oracle_different_seed,1,2,0.005771,0.975797,0.974378
MIMIC-IV-CaseStudy,1800000,1800000,HNSW,0,oracle_different_seed,1,3,0.005216,0.97681,0.972782
MIMIC-IV-CaseStudy,1800000,1800000,HNSW,0,oracle_different_seed,1,4,0.00295,0.974116,0.975
MIMIC-IV-CaseStudy,1800000,1800000,HNSW,0,oracle_different_seed,1,5,0.006385,0.976694,0.975191
MIMIC-IV-CaseStudy,1800000,1800000,HNSW,0,oracle_different_seed,1,6,0.003466,0.973123,0.978722
MIMIC-IV-CaseStudy,1800000,1800000,HNSW,0,oracle_different_seed,1,7,0.0005,0.976066,0.979238
MIMIC-IV-CaseStudy,1800000,1800000,HNSW,0,oracle_different_seed,1,8,0.007227,0.972367,0.97724
MIMIC-IV-CaseStudy,1800000,1800000,HNSW,0,oracle_different_seed,1,9,0.007066,0.978791,0.975289
MIMIC-IV-CaseStudy,1800000,1800000,HNSW,0,oracle_different_seed,2,3,0.001896,0.978233,0.976716
MIMIC-IV-CaseStudy,1800000,1800000,HNSW,0,oracle_different_seed,2,4,0.005289,0.977158,0.973997
MIMIC-IV-CaseStudy,1800000,1800000,HNSW,0,oracle_different_seed,2,5,0.003712,0.975782,0.97595
MIMIC-IV-CaseStudy,1800000,1800000,HNSW,0,oracle_different_seed,2,6,0.004664,0.977956,0.975026
MIMIC-IV-CaseStudy,1800000,1800000,HNSW,0,oracle_different_seed,2,7,0.00608,0.978469,0.977679
MIMIC-IV-CaseStudy,1800000,1800000,HNSW,0,oracle_different_seed,2,8,0.008763,0.9788,0.978347
MIMIC-IV-CaseStudy,1800000,1800000,HNSW,0,oracle_different_seed,2,9,0.001526,0.973117,0.975065
MIMIC-IV-CaseStudy,1800000,1800000,HNSW,0,oracle_different_seed,3,4,0.002581,0.976659,0.973762
MIMIC-IV-CaseStudy,1800000,1800000,HNSW,0,oracle_different_seed,3,5,0.004712,0.975969,0.978138
MIMIC-IV-CaseStudy,1800000,1800000,HNSW,0,oracle_different_seed,3,6,0.002237,0.9758,0.977209
MIMIC-IV-CaseStudy,1800000,1800000,HNSW,0,oracle_different_seed,3,7,0.005847,0.975643,0.978903
MIMIC-IV-CaseStudy,1800000,1800000,HNSW,0,oracle_different_seed,3,8,0.002965,0.977381,0.976911
MIMIC-IV-CaseStudy,1800000,1800000,HNSW,0,oracle_different_seed,3,9,0.004512,0.977969,0.973656
MIMIC-IV-CaseStudy,1800000,1800000,HNSW,0,oracle_different_seed,4,5,0.004679,0.97579,0.975876
MIMIC-IV-CaseStudy,1800000,1800000,HNSW,0,oracle_different_seed,4,6,0.003785,0.973157,0.97643
MIMIC-IV-CaseStudy,1800000,1800000,HNSW,0,oracle_different_seed,4,7,0.004821,0.976126,0.977489
MIMIC-IV-CaseStudy,1800000,1800000,HNSW,0,oracle_different_seed,4,8,0.004681,0.979082,0.974622
MIMIC-IV-CaseStudy,1800000,1800000,HNSW,0,oracle_different_seed,4,9,0.001066,0.973162,0.973694
MIMIC-IV-CaseStudy,1800000,1800000,HNSW,0,oracle_different_seed,5,6,0.004311,0.974174,0.97755
MIMIC-IV-CaseStudy,1800000,1800000,HNSW,0,oracle_different_seed,5,7,0.005475,0.974256,0.973426
MIMIC-IV-CaseStudy,1800000,1800000,HNSW,0,oracle_different_seed,5,8,0.004047,0.973134,0.976258
MIMIC-IV-CaseStudy,1800000,1800000,HNSW,0,oracle_different_seed,5,9,0.009119,0.972946,0.974079
MIMIC-IV-CaseStudy,1800000,1800000,HNSW,0,oracle_different_seed,6,7,0.00293,0.977179,0.976901
MIMIC-IV-CaseStudy,1800000,1800000,HNSW,0,oracle_different_seed,6,8,0.004656,0.972036,0.973548
MIMIC-IV-CaseStudy,1800000,1800000,HNSW,0,oracle_different_seed,6,9,0.005846,0.979685,0.977393
MIMIC-IV-CaseStudy,1800000,1800000,HNSW,0,oracle_different_seed,7,8,0.005387,0.97626,0.976434
MIMIC-IV-CaseStudy,1800000,1800000,HNSW,0,oracle_different_seed,7,9,0.002137,0.975208,0.974661
MIMIC-IV-CaseStudy,1800000,1800000,HNSW,0,oracle_different_seed,8,9,0.005351,0.975267,0.974832
MIMIC-IV-CaseStudy,1800000,1800000,HNSW,1,oracle_same_seed_rerun,0,0,0.0,0.974436,0.979088
MIMIC-IV-CaseStudy,1800000,1800000,HNSW,1,oracle_same_seed_rerun,1,1,0.0,0.977573,0.97602
MIMIC-IV-CaseStudy,1800000,1800000,HNSW,1,oracle_same_seed_rerun,2,2,0.0,0.975503,0.977706
MIMIC-IV-CaseStudy,1800000,1800000,HNSW,1,oracle_same_seed_rerun,3,3,0.0,0.977508,0.974973
MIMIC-IV-CaseStudy,1800000,1800000,HNSW,1,oracle_same_seed_rerun,4,4,0.0,0.976647,0.974429
MIMIC-IV-CaseStudy,1800000,1800000,HNSW,1,oracle_same_seed_rerun,5,5,0.0,0.972731,0.976272
MIMIC-IV-CaseStudy,1800000,1800000,HNSW,1,oracle_same_seed_rerun,6,6,0.0,0.975725,0.973941
MIMIC-IV-CaseStudy,1800000,1800000,HNSW,1,oracle_same_seed_rerun,7,7,0.0,0.973436,0.977795
MIMIC-IV-CaseStudy,1800000,1800000,HNSW,1,oracle_same_seed_rerun,8,8,0.0,0.975069,0.97475
MIMIC-IV-CaseStudy,1800000,1800000,HNSW,1,oracle_same_seed_rerun,9,9,0.0,0.978025,0.973242
MIMIC-IV-CaseStudy,1800000,1800000,HNSW,1,oracle_different_seed,0,1,0.002584,0.9761,0.977983
MIMIC-IV-CaseStudy,1800000,1800000,HNSW,1,oracle_different_seed,0,2,0.007605,0.975266,0.974057
MIMIC-IV-CaseStudy,1800000,1800000,HNSW,1,oracle_different_seed,0,3,0.001763,0.975357,0.976129
MIMIC-IV-CaseStudy,1800000,1800000,HNSW,1,oracle_different_seed,0,4,0.001857,0.972901,0.97486
MIMIC-IV-CaseStudy,1800000,1800000,HNSW,1,oracle_different_seed,0,5,0.006781,0.974668,0.98123
MIMIC-IV-CaseStudy,1800000,1800000,HNSW,1,oracle_different_seed,0,6,0.002145,0.976052,0.976108
MIMIC-IV-CaseStudy,1800000,1800000,HNSW,1,oracle_different_seed,0,7,0.007315,0.975877,0.976375
MIMIC-IV-CaseStudy,1800000,1800000,HNSW,1,oracle_different_seed,0,8,0.002632,0.979667,0.97416
MIMIC-IV-CaseStudy,1800000,1800000,HNSW,1,oracle_different_seed,0,9,0.008126,0.977897,0.976085
MIMIC-IV-CaseStudy,1800000,1800000,HNSW,1,oracle_different_seed,1,2,0.002229,0.974939,0.976403
MIMIC-IV-CaseStudy,1800000,1800000,HNSW,1,oracle_different_seed,1,3,0.002834,0.975445,0.977321
MIMIC-IV-CaseStudy,1800000,1800000,HNSW,1,oracle_different_seed,1,4,0.00217,0.975246,0.977502
MIMIC-IV-CaseStudy,1800000,1800000,HNSW,1,oracle_different_seed,1,5,0.0067,0.975928,0.971417
MIMIC-IV-CaseStudy,1800000,1800000,HNSW,1,oracle_different_seed,1,6,0.008344,0.979118,0.979445
MIMIC-IV-CaseStudy,1800000,1800000,HNSW,1,oracle_different_seed,1,7,0.003886,0.973422,0.974761
MIMIC-IV-CaseStudy,1800000,1800000,HNSW,1,oracle_different_seed,1,8,0.005482,0.974756,0.978632
MIMIC-IV-CaseStudy,1800000,1800000,HNSW,1,oracle_different_seed,1,9,0.008821,0.977623,0.978885
MIMIC-IV-CaseStudy,1800000,1800000,HNSW,1,oracle_different_seed,2,3,0.004516,0.976915,0.978245
MIMIC-IV-CaseStudy,1800000,1800000,HNSW,1,oracle_different_seed,2,4,0.002932,0.976945,0.976738
MIMIC-IV-CaseStudy,1800000,1800000,HNSW,1,oracle_different_seed,2,5,0.005183,0.975277,0.97374
MIMIC-IV-CaseStudy,1800000,1800000,HNSW,1,oracle_different_seed,2,6,0.005761,0.975525,0.975575
MIMIC-IV-CaseStudy,1800000,1800000,HNSW,1,oracle_different_seed,2,7,0.000565,0.975174,0.977653
MIMIC-IV-CaseStudy,1800000,1800000,HNSW,1,oracle_different_seed,2,8,0.008227,0.976159,0.977603
MIMIC-IV-CaseStudy,1800000,1800000,HNSW,1,oracle_different_seed,2,9,0.003443,0.977824,0.979555
MIMIC-IV-CaseStudy,1800000,1800000,HNSW,1,oracle_different_seed,3,4,0.004263,0.976146,0.974576
MIMIC-IV-CaseStudy,1800000,1800000,HNSW,1,oracle_different_seed,3,5,0.006106,0.978145,0.975039
MIMIC-IV-CaseStudy,1800000,1800000,HNSW,1,oracle_different_seed,3,6,0.004079,0.974398,0.974671
MIMIC-IV-CaseStudy,1800000,1800000,HNSW,1,oracle_different_seed,3,7,0.002779,0.973104,0.977601
MIMIC-IV-CaseStudy,1800000,1800000,HNSW,1,oracle_different_seed,3,8,0.000922,0.975933,0.975626
MIMIC-IV-CaseStudy,1800000,1800000,HNSW,1,oracle_different_seed,3,9,0.004415,0.979096,0.976059
MIMIC-IV-CaseStudy,1800000,1800000,HNSW,1,oracle_different_seed,4,5,0.007214,0.971244,0.975445
MIMIC-IV-CaseStudy,1800000,1800000,HNSW,1,oracle_different_seed,4,6,0.00461,0.973791,0.973711
MIMIC-IV-CaseStudy,1800000,1800000,HNSW,1,oracle_different_seed,4,7,0.004632,0.981901,0.973063
MIMIC-IV-CaseStudy,1800000,1800000,HNSW,1,oracle_different_seed,4,8,0.002442,0.977512,0.974836
MIMIC-IV-CaseStudy,1800000,1800000,HNSW,1,oracle_different_seed,4,9,0.000684,0.974994,0.975024
MIMIC-IV-CaseStudy,1800000,1800000,HNSW,1,oracle_different_seed,5,6,0.004377,0.973531,0.976127
MIMIC-IV-CaseStudy,1800000,1800000,HNSW,1,oracle_different_seed,5,7,0.004184,0.978956,0.975845
MIMIC-IV-CaseStudy,1800000,1800000,HNSW,1,oracle_different_seed,5,8,0.004281,0.974307,0.972076
MIMIC-IV-CaseStudy,1800000,1800000,HNSW,1,oracle_different_seed,5,9,0.002726,0.978357,0.973535
MIMIC-IV-CaseStudy,1800000,1800000,HNSW,1,oracle_different_seed,6,7,0.008026,0.976757,0.97671
MIMIC-IV-CaseStudy,1800000,1800000,HNSW,1,oracle_different_seed,6,8,0.001394,0.973214,0.973297
MIMIC-IV-CaseStudy,1800000,1800000,HNSW,1,oracle_different_seed,6,9,0.004291,0.978946,0.977989
MIMIC-IV-CaseStudy,1800000,1800000,HNSW,1,oracle_different_seed,7,8,0.0005,0.976209,0.97216
MIMIC-IV-CaseStudy,1800000,1800000,HNSW,1,oracle_different_seed,7,9,0.006178,0.979012,0.973911
MIMIC-IV-CaseStudy,1800000,1800000,HNSW,1,oracle_different_seed,8,9,0.005343,0.978135,0.976433
MIMIC-IV-CaseStudy,1800000,1800000,HNSW,2,oracle_same_seed_rerun,0,0,0.0,0.97601,0.977052
MIMIC-IV-CaseStudy,1800000,1800000,HNSW,2,oracle_same_seed_rerun,1,1,0.0,0.977531,0.976715
MIMIC-IV-CaseStudy,1800000,1800000,HNSW,2,oracle_same_seed_rerun,2,2,0.0,0.974901,0.972548
MIMIC-IV-CaseStudy,1800000,1800000,HNSW,2,oracle_same_seed_rerun,3,3,0.0,0.974386,0.974604
MIMIC-IV-CaseStudy,1800000,1800000,HNSW,2,oracle_same_seed_rerun,4,4,0.0,0.974173,0.975272
MIMIC-IV-CaseStudy,1800000,1800000,HNSW,2,oracle_same_seed_rerun,5,5,0.0,0.977966,0.974483
MIMIC-IV-CaseStudy,1800000,1800000,HNSW,2,oracle_same_seed_rerun,6,6,0.0,0.976482,0.976395
MIMIC-IV-CaseStudy,1800000,1800000,HNSW,2,oracle_same_seed_rerun,7,7,0.0,0.974493,0.975561
MIMIC-IV-CaseStudy,1800000,1800000,HNSW,2,oracle_same_seed_rerun,8,8,0.0,0.975691,0.976565
MIMIC-IV-CaseStudy,1800000,1800000,HNSW,2,oracle_same_seed_rerun,9,9,0.0,0.976354,0.976432
MIMIC-IV-CaseStudy,1800000,1800000,HNSW,2,oracle_different_seed,0,1,0.004592,0.976693,0.976394
MIMIC-IV-CaseStudy,1800000,1800000,HNSW,2,oracle_different_seed,0,2,0.003139,0.974401,0.978233
MIMIC-IV-CaseStudy,1800000,1800000,HNSW,2,oracle_different_seed,0,3,0.006066,0.975016,0.977375
MIMIC-IV-CaseStudy,1800000,1800000,HNSW,2,oracle_different_seed,0,4,0.005484,0.97922,0.977029
MIMIC-IV-CaseStudy,1800000,1800000,HNSW,2,oracle_different_seed,0,5,0.001193,0.977552,0.971884
MIMIC-IV-CaseStudy,1800000,1800000,HNSW,2,oracle_different_seed,0,6,0.003928,0.970829,0.976144
MIMIC-IV-CaseStudy,1800000,1800000,HNSW,2,oracle_different_seed,0,7,0.006317,0.976445,0.976767
MIMIC-IV-CaseStudy,1800000,1800000,HNSW,2,oracle_different_seed,0,8,0.001817,0.976082,0.975058
MIMIC-IV-CaseStudy,1800000,1800000,HNSW,2,oracle_different_seed,0,9,0.005328,0.976255,0.978427
MIMIC-IV-CaseStudy,1800000,1800000,HNSW,2,oracle_different_seed,1,2,0.00335,0.976016,0.976243
MIMIC-IV-CaseStudy,1800000,1800000,HNSW,2,oracle_different_seed,1,3,0.00298,0.9781,0.974463
MIMIC-IV-CaseStudy,1800000,1800000,HNSW,2,oracle_different_seed,1,4,0.003703,0.97768,0.973428
MIMIC-IV-CaseStudy,1800000,1800000,HNSW,2,oracle_different_seed,1,5,0.004777,0.977325,0.975543
MIMIC-IV-CaseStudy,1800000,1800000,HNSW,2,oracle_different_seed,1,6,0.004052,0.978392,0.976379
MIMIC-IV-CaseStudy,1800000,1800000,HNSW,2,oracle_different_seed,1,7,0.006957,0.979574,0.975275
MIMIC-IV-CaseStudy,1800000,1800000,HNSW,2,oracle_different_seed,1,8,0.005466,0.977912,0.975793
MIMIC-IV-CaseStudy,1800000,1800000,HNSW,2,oracle_different_seed,1,9,0.006045,0.972689,0.975716
MIMIC-IV-CaseStudy,1800000,1800000,HNSW,2,oracle_different_seed,2,3,0.005083,0.972827,0.975876
MIMIC-IV-CaseStudy,1800000,1800000,HNSW,2,oracle_different_seed,2,4,0.00547,0.97916,0.975794
MIMIC-IV-CaseStudy,1800000,1800000,HNSW,2,oracle_different_seed,2,5,0.004822,0.97373,0.978614
MIMIC-IV-CaseStudy,1800000,1800000,HNSW,2,oracle_different_seed,2,6,0.00697,0.977172,0.97492
MIMIC-IV-CaseStudy,1800000,1800000,HNSW,2,oracle_different_seed,2,7,0.007602,0.973867,0.972156
MIMIC-IV-CaseStudy,1800000,1800000,HNSW,2,oracle_different_seed,2,8,0.002945,0.97289,0.975935
MIMIC-IV-CaseStudy,1800000,1800000,HNSW,2,oracle_different_seed,2,9,0.004297,0.973249,0.976164
MIMIC-IV-CaseStudy,1800000,1800000,HNSW,2,oracle_different_seed,3,4,0.005214,0.975691,0.973637
MIMIC-IV-CaseStudy,1800000,1800000,HNSW,2,oracle_different_seed,3,5,0.005732,0.973931,0.973159
MIMIC-IV-CaseStudy,1800000,1800000,HNSW,2,oracle_different_seed,3,6,0.008882,0.973628,0.974964
MIMIC-IV-CaseStudy,1800000,1800000,HNSW,2,oracle_different_seed,3,7,0.003232,0.975365,0.97478
MIMIC-IV-CaseStudy,1800000,1800000,HNSW,2,oracle_different_seed,3,8,0.002378,0.976687,0.977382
MIMIC-IV-CaseStudy,1800000,1800000,HNSW,2,oracle_different_seed,3,9,0.004648,0.975893,0.976364
MIMIC-IV-CaseStudy,1800000,1800000,HNSW,2,oracle_different_seed,4,5,0.00732,0.977453,0.978176
MIMIC-IV-CaseStudy,1800000,1800000,HNSW,2,oracle_different_seed,4,6,0.00363,0.975657,0.980885
MIMIC-IV-CaseStudy,1800000,1800000,HNSW,2,oracle_different_seed,4,7,0.009112,0.971852,0.976042
MIMIC-IV-CaseStudy,1800000,1800000,HNSW,2,oracle_different_seed,4,8,0.002488,0.979452,0.971125
MIMIC-IV-CaseStudy,1800000,1800000,HNSW,2,oracle_different_seed,4,9,0.001075,0.974074,0.977321
MIMIC-IV-CaseStudy,1800000,1800000,HNSW,2,oracle_different_seed,5,6,0.004833,0.975964,0.974647
MIMIC-IV-CaseStudy,1800000,1800000,HNSW,2,oracle_different_seed,5,7,0.005661,0.976724,0.975938
MIMIC-IV-CaseStudy,1800000,1800000,HNSW,2,oracle_different_seed,5,8,0.002223,0.980215,0.972227
MIMIC-IV-CaseStudy,1800000,1800000,HNSW,2,oracle_different_seed,5,9,0.0076,0.973417,0.974833
MIMIC-IV-CaseStudy,1800000,1800000,HNSW,2,oracle_different_seed,6,7,0.006988,0.976775,0.97925
MIMIC-IV-CaseStudy,1800000,1800000,HNSW,2,oracle_different_seed,6,8,0.007681,0.97638,0.974609
MIMIC-IV-CaseStudy,1800000,1800000,HNSW,2,oracle_different_seed,6,9,0.0005,0.977854,0.972995
MIMIC-IV-CaseStudy,1800000,1800000,HNSW,2,oracle_different_seed,7,8,0.002895,0.974664,0.975624
MIMIC-IV-CaseStudy,1800000,1800000,HNSW,2,oracle_different_seed,7,9,0.003036,0.976674,0.974327
MIMIC-IV-CaseStudy,1800000,1800000,HNSW,2,oracle_different_seed,8,9,0.0005,0.975724,0.975053
MIMIC-IV-CaseStudy,1800000,1800000,HNSW,3,oracle_same_seed_rerun,0,0,0.0,0.974224,0.974726
MIMIC-IV-CaseStudy,1800000,1800000,HNSW,3,oracle_same_seed_rerun,1,1,0.0,0.97805,0.975535
MIMIC-IV-CaseStudy,1800000,1800000,HNSW,3,oracle_same_seed_rerun,2,2,0.0,0.976931,0.977054
MIMIC-IV-CaseStudy,1800000,1800000,HNSW,3,oracle_same_seed_rerun,3,3,0.0,0.975144,0.973953
MIMIC-IV-CaseStudy,1800000,1800000,HNSW,3,oracle_same_seed_rerun,4,4,0.0,0.973758,0.977729
MIMIC-IV-CaseStudy,1800000,1800000,HNSW,3,oracle_same_seed_rerun,5,5,0.0,0.976276,0.974641
MIMIC-IV-CaseStudy,1800000,1800000,HNSW,3,oracle_same_seed_rerun,6,6,0.0,0.977058,0.976938
MIMIC-IV-CaseStudy,1800000,1800000,HNSW,3,oracle_same_seed_rerun,7,7,0.0,0.976048,0.976427
MIMIC-IV-CaseStudy,1800000,1800000,HNSW,3,oracle_same_seed_rerun,8,8,0.0,0.974721,0.978021
MIMIC-IV-CaseStudy,1800000,1800000,HNSW,3,oracle_same_seed_rerun,9,9,0.0,0.97452,0.976465
MIMIC-IV-CaseStudy,1800000,1800000,HNSW,3,oracle_different_seed,0,1,0.006163,0.976324,0.975758
MIMIC-IV-CaseStudy,1800000,1800000,HNSW,3,oracle_different_seed,0,2,0.004934,0.974489,0.974929
MIMIC-IV-CaseStudy,1800000,1800000,HNSW,3,oracle_different_seed,0,3,0.001145,0.972893,0.974388
MIMIC-IV-CaseStudy,1800000,1800000,HNSW,3,oracle_different_seed,0,4,0.006121,0.973601,0.974691
MIMIC-IV-CaseStudy,1800000,1800000,HNSW,3,oracle_different_seed,0,5,0.004412,0.97057,0.977488
MIMIC-IV-CaseStudy,1800000,1800000,HNSW,3,oracle_different_seed,0,6,0.006236,0.974538,0.977431
MIMIC-IV-CaseStudy,1800000,1800000,HNSW,3,oracle_different_seed,0,7,0.006524,0.977388,0.97821
MIMIC-IV-CaseStudy,1800000,1800000,HNSW,3,oracle_different_seed,0,8,0.004844,0.974463,0.978371
MIMIC-IV-CaseStudy,1800000,1800000,HNSW,3,oracle_different_seed,0,9,0.004296,0.976294,0.975087
MIMIC-IV-CaseStudy,1800000,1800000,HNSW,3,oracle_different_seed,1,2,0.006064,0.973829,0.975317
MIMIC-IV-CaseStudy,1800000,1800000,HNSW,3,oracle_different_seed,1,3,0.006112,0.972358,0.975613
MIMIC-IV-CaseStudy,1800000,1800000,HNSW,3,oracle_different_seed,1,4,0.006192,0.975916,0.973186
MIMIC-IV-CaseStudy,1800000,1800000,HNSW,3,oracle_different_seed,1,5,0.003584,0.975096,0.973067
MIMIC-IV-CaseStudy,1800000,1800000,HNSW,3,oracle_different_seed,1,6,0.004921,0.978074,0.975242
MIMIC-IV-CaseStudy,1800000,1800000,HNSW,3,oracle_different_seed,1,7,0.008716,0.974908,0.977145
MIMIC-IV-CaseStudy,1800000,1800000,HNSW,3,oracle_different_seed,1,8,0.003921,0.974057,0.973533
MIMIC-IV-CaseStudy,1800000,1800000,HNSW,3,oracle_different_seed,1,9,0.007226,0.978909,0.975451
MIMIC-IV-CaseStudy,1800000,1800000,HNSW,3,oracle_different_seed,2,3,0.003698,0.973899,0.975038
MIMIC-IV-CaseStudy,1800000,1800000,HNSW,3,oracle_different_seed,2,4,0.004035,0.97419,0.976682
MIMIC-IV-CaseStudy,1800000,1800000,HNSW,3,oracle_different_seed,2,5,0.003132,0.974295,0.972408
MIMIC-IV-CaseStudy,1800000,1800000,HNSW,3,oracle_different_seed,2,6,0.006689,0.978611,0.976281
MIMIC-IV-CaseStudy,1800000,1800000,HNSW,3,oracle_different_seed,2,7,0.007197,0.976861,0.978261
MIMIC-IV-CaseStudy,1800000,1800000,HNSW,3,oracle_different_seed,2,8,0.004273,0.97589,0.975288
MIMIC-IV-CaseStudy,1800000,1800000,HNSW,3,oracle_different_seed,2,9,0.003704,0.976659,0.979669
MIMIC-IV-CaseStudy,1800000,1800000,HNSW,3,oracle_different_seed,3,4,0.004115,0.976657,0.977755
MIMIC-IV-CaseStudy,1800000,1800000,HNSW,3,oracle_different_seed,3,5,0.004049,0.973884,0.971976
MIMIC-IV-CaseStudy,1800000,1800000,HNSW,3,oracle_different_seed,3,6,0.003414,0.97408,0.977275
MIMIC-IV-CaseStudy,1800000,1800000,HNSW,3,oracle_different_seed,3,7,0.003783,0.974512,0.978281
MIMIC-IV-CaseStudy,1800000,1800000,HNSW,3,oracle_different_seed,3,8,0.00446,0.970953,0.974369
MIMIC-IV-CaseStudy,1800000,1800000,HNSW,3,oracle_different_seed,3,9,0.002679,0.978499,0.976932
MIMIC-IV-CaseStudy,1800000,1800000,HNSW,3,oracle_different_seed,4,5,0.002151,0.977929,0.975304
MIMIC-IV-CaseStudy,1800000,1800000,HNSW,3,oracle_different_seed,4,6,0.0005,0.976129,0.976079
MIMIC-IV-CaseStudy,1800000,1800000,HNSW,3,oracle_different_seed,4,7,0.004922,0.976961,0.979442
MIMIC-IV-CaseStudy,1800000,1800000,HNSW,3,oracle_different_seed,4,8,0.003037,0.974846,0.973134
MIMIC-IV-CaseStudy,1800000,1800000,HNSW,3,oracle_different_seed,4,9,0.003196,0.975591,0.977652
MIMIC-IV-CaseStudy,1800000,1800000,HNSW,3,oracle_different_seed,5,6,0.004849,0.979378,0.976256
MIMIC-IV-CaseStudy,1800000,1800000,HNSW,3,oracle_different_seed,5,7,0.00274,0.977989,0.977927
MIMIC-IV-CaseStudy,1800000,1800000,HNSW,3,oracle_different_seed,5,8,0.007958,0.97674,0.974509
MIMIC-IV-CaseStudy,1800000,1800000,HNSW,3,oracle_different_seed,5,9,0.000923,0.974591,0.975898
MIMIC-IV-CaseStudy,1800000,1800000,HNSW,3,oracle_different_seed,6,7,0.006079,0.97393,0.976641
MIMIC-IV-CaseStudy,1800000,1800000,HNSW,3,oracle_different_seed,6,8,0.006307,0.97147,0.971468
MIMIC-IV-CaseStudy,1800000,1800000,HNSW,3,oracle_different_seed,6,9,0.006093,0.975128,0.977488
MIMIC-IV-CaseStudy,1800000,1800000,HNSW,3,oracle_different_seed,7,8,0.003213,0.979859,0.973961
MIMIC-IV-CaseStudy,1800000,1800000,HNSW,3,oracle_different_seed,7,9,0.004092,0.978742,0.974339
MIMIC-IV-CaseStudy,1800000,1800000,HNSW,3,oracle_different_seed,8,9,0.0054,0.978841,0.979397
MIMIC-IV-CaseStudy,1800000,1800000,HNSW,4,oracle_same_seed_rerun,0,0,0.0,0.976807,0.974209
MIMIC-IV-CaseStudy,1800000,1800000,HNSW,4,oracle_same_seed_rerun,1,1,0.0,0.980079,0.973337
MIMIC-IV-CaseStudy,1800000,1800000,HNSW,4,oracle_same_seed_rerun,2,2,0.0,0.976859,0.973719
MIMIC-IV-CaseStudy,1800000,1800000,HNSW,4,oracle_same_seed_rerun,3,3,0.0,0.978153,0.977534
MIMIC-IV-CaseStudy,1800000,1800000,HNSW,4,oracle_same_seed_rerun,4,4,0.0,0.976862,0.975209
MIMIC-IV-CaseStudy,1800000,1800000,HNSW,4,oracle_same_seed_rerun,5,5,0.0,0.976434,0.974761
MIMIC-IV-CaseStudy,1800000,1800000,HNSW,4,oracle_same_seed_rerun,6,6,0.0,0.973999,0.977029
MIMIC-IV-CaseStudy,1800000,1800000,HNSW,4,oracle_same_seed_rerun,7,7,0.0,0.975707,0.972301
MIMIC-IV-CaseStudy,1800000,1800000,HNSW,4,oracle_same_seed_rerun,8,8,0.0,0.978134,0.973691
MIMIC-IV-CaseStudy,1800000,1800000,HNSW,4,oracle_same_seed_rerun,9,9,0.0,0.977266,0.976666
MIMIC-IV-CaseStudy,1800000,1800000,HNSW,4,oracle_different_seed,0,1,0.008774,0.976078,0.977815
MIMIC-IV-CaseStudy,1800000,1800000,HNSW,4,oracle_different_seed,0,2,0.003967,0.979395,0.975738
MIMIC-IV-CaseStudy,1800000,1800000,HNSW,4,oracle_different_seed,0,3,0.007615,0.977801,0.976368
MIMIC-IV-CaseStudy,1800000,1800000,HNSW,4,oracle_different_seed,0,4,0.003468,0.97608,0.977647
MIMIC-IV-CaseStudy,1800000,1800000,HNSW,4,oracle_different_seed,0,5,0.005192,0.976351,0.977151
MIMIC-IV-CaseStudy,1800000,1800000,HNSW,4,oracle_different_seed,0,6,0.003756,0.974393,0.973424
MIMIC-IV-CaseStudy,1800000,1800000,HNSW,4,oracle_different_seed,0,7,0.003827,0.974708,0.97506
MIMIC-IV-CaseStudy,1800000,1800000,HNSW,4,oracle_different_seed,0,8,0.00468,0.975784,0.975577
MIMIC-IV-CaseStudy,1800000,1800000,HNSW,4,oracle_different_seed,0,9,0.001376,0.975953,0.978876
MIMIC-IV-CaseStudy,1800000,1800000,HNSW,4,oracle_different_seed,1,2,0.006165,0.976191,0.973471
MIMIC-IV-CaseStudy,1800000,1800000,HNSW,4,oracle_different_seed,1,3,0.004662,0.980654,0.974431
MIMIC-IV-CaseStudy,1800000,1800000,HNSW,4,oracle_different_seed,1,4,0.001516,0.975838,0.974765
MIMIC-IV-CaseStudy,1800000,1800000,HNSW,4,oracle_different_seed,1,5,0.005218,0.97518,0.972732
MIMIC-IV-CaseStudy,1800000,1800000,HNSW,4,oracle_different_seed,1,6,0.006252,0.979033,0.976763
MIMIC-IV-CaseStudy,1800000,1800000,HNSW,4,oracle_different_seed,1,7,0.005512,0.973811,0.979398
MIMIC-IV-CaseStudy,1800000,1800000,HNSW,4,oracle_different_seed,1,8,0.004675,0.975085,0.976274
MIMIC-IV-CaseStudy,1800000,1800000,HNSW,4,oracle_different_seed,1,9,0.004833,0.974088,0.97686
MIMIC-IV-CaseStudy,1800000,1800000,HNSW,4,oracle_different_seed,2,3,0.001591,0.977301,0.972634
MIMIC-IV-CaseStudy,1800000,1800000,HNSW,4,oracle_different_seed,2,4,0.005329,0.976813,0.973894
MIMIC-IV-CaseStudy,1800000,1800000,HNSW,4,oracle_different_seed,2,5,0.005234,0.97419,0.971257
MIMIC-IV-CaseStudy,1800000,1800000,HNSW,4,oracle_different_seed,2,6,0.003252,0.975042,0.973025
MIMIC-IV-CaseStudy,1800000,1800000,HNSW,4,oracle_different_seed,2,7,0.003364,0.977137,0.975353
MIMIC-IV-CaseStudy,1800000,1800000,HNSW,4,oracle_different_seed,2,8,0.008372,0.975927,0.978139
MIMIC-IV-CaseStudy,1800000,1800000,HNSW,4,oracle_different_seed,2,9,0.00725,0.974612,0.977226
MIMIC-IV-CaseStudy,1800000,1800000,HNSW,4,oracle_different_seed,3,4,0.005662,0.972404,0.975742
MIMIC-IV-CaseStudy,1800000,1800000,HNSW,4,oracle_different_seed,3,5,0.00856,0.976718,0.97266
MIMIC-IV-CaseStudy,1800000,1800000,HNSW,4,oracle_different_seed,3,6,0.004101,0.978589,0.97316
MIMIC-IV-CaseStudy,1800000,1800000,HNSW,4,oracle_different_seed,3,7,0.006098,0.976526,0.974175
MIMIC-IV-CaseStudy,1800000,1800000,HNSW,4,oracle_different_seed,3,8,0.002703,0.977994,0.977046
MIMIC-IV-CaseStudy,1800000,1800000,HNSW,4,oracle_different_seed,3,9,0.005687,0.973303,0.979857
MIMIC-IV-CaseStudy,1800000,1800000,HNSW,4,oracle_different_seed,4,5,0.00648,0.976251,0.978216
MIMIC-IV-CaseStudy,1800000,1800000,HNSW,4,oracle_different_seed,4,6,0.003533,0.976423,0.977861
MIMIC-IV-CaseStudy,1800000,1800000,HNSW,4,oracle_different_seed,4,7,0.003923,0.973766,0.976411
MIMIC-IV-CaseStudy,1800000,1800000,HNSW,4,oracle_different_seed,4,8,0.005705,0.976346,0.97376
MIMIC-IV-CaseStudy,1800000,1800000,HNSW,4,oracle_different_seed,4,9,0.005863,0.975116,0.977201
MIMIC-IV-CaseStudy,1800000,1800000,HNSW,4,oracle_different_seed,5,6,0.001601,0.971602,0.975363
MIMIC-IV-CaseStudy,1800000,1800000,HNSW,4,oracle_different_seed,5,7,0.003379,0.975393,0.970147
MIMIC-IV-CaseStudy,1800000,1800000,HNSW,4,oracle_different_seed,5,8,0.003037,0.977418,0.979245
MIMIC-IV-CaseStudy,1800000,1800000,HNSW,4,oracle_different_seed,5,9,0.00543,0.972078,0.974643
MIMIC-IV-CaseStudy,1800000,1800000,HNSW,4,oracle_different_seed,6,7,0.006168,0.975029,0.976908
MIMIC-IV-CaseStudy,1800000,1800000,HNSW,4,oracle_different_seed,6,8,0.004688,0.974836,0.976827
MIMIC-IV-CaseStudy,1800000,1800000,HNSW,4,oracle_different_seed,6,9,0.006742,0.975126,0.975516
MIMIC-IV-CaseStudy,1800000,1800000,HNSW,4,oracle_different_seed,7,8,0.004273,0.97645,0.975873
MIMIC-IV-CaseStudy,1800000,1800000,HNSW,4,oracle_different_seed,7,9,0.003408,0.974863,0.975
MIMIC-IV-CaseStudy,1800000,1800000,HNSW,4,oracle_different_seed,8,9,0.006193,0.9754,0.974757
MIMIC-IV-CaseStudy,1800000,1800000,DiskANN/Vamana,0,oracle_same_seed_rerun,0,0,0.0,0.975418,0.97468
MIMIC-IV-CaseStudy,1800000,1800000,DiskANN/Vamana,0,oracle_same_seed_rerun,1,1,0.0,0.973401,0.975766
MIMIC-IV-CaseStudy,1800000,1800000,DiskANN/Vamana,0,oracle_same_seed_rerun,2,2,0.0,0.97601,0.975501
MIMIC-IV-CaseStudy,1800000,1800000,DiskANN/Vamana,0,oracle_same_seed_rerun,3,3,0.0,0.975291,0.97651
MIMIC-IV-CaseStudy,1800000,1800000,DiskANN/Vamana,0,oracle_same_seed_rerun,4,4,0.0,0.972847,0.976739
MIMIC-IV-CaseStudy,1800000,1800000,DiskANN/Vamana,0,oracle_same_seed_rerun,5,5,0.0,0.975267,0.97327
MIMIC-IV-CaseStudy,1800000,1800000,DiskANN/Vamana,0,oracle_same_seed_rerun,6,6,0.0,0.977856,0.978374
MIMIC-IV-CaseStudy,1800000,1800000,DiskANN/Vamana,0,oracle_same_seed_rerun,7,7,0.0,0.976414,0.974434
MIMIC-IV-CaseStudy,1800000,1800000,DiskANN/Vamana,0,oracle_same_seed_rerun,8,8,0.0,0.97887,0.97835
MIMIC-IV-CaseStudy,1800000,1800000,DiskANN/Vamana,0,oracle_same_seed_rerun,9,9,0.0,0.975016,0.974628
MIMIC-IV-CaseStudy,1800000,1800000,DiskANN/Vamana,0,oracle_different_seed,0,1,0.0011,0.978886,0.979024
MIMIC-IV-CaseStudy,1800000,1800000,DiskANN/Vamana,0,oracle_different_seed,0,2,0.001519,0.973752,0.97262
MIMIC-IV-CaseStudy,1800000,1800000,DiskANN/Vamana,0,oracle_different_seed,0,3,0.002834,0.975457,0.97546
MIMIC-IV-CaseStudy,1800000,1800000,DiskANN/Vamana,0,oracle_different_seed,0,4,0.001927,0.976346,0.979336
MIMIC-IV-CaseStudy,1800000,1800000,DiskANN/Vamana,0,oracle_different_seed,0,5,0.002728,0.976564,0.9762
MIMIC-IV-CaseStudy,1800000,1800000,DiskANN/Vamana,0,oracle_different_seed,0,6,0.004272,0.976772,0.976611
MIMIC-IV-CaseStudy,1800000,1800000,DiskANN/Vamana,0,oracle_different_seed,0,7,0.005833,0.973575,0.979581
MIMIC-IV-CaseStudy,1800000,1800000,DiskANN/Vamana,0,oracle_different_seed,0,8,0.004398,0.97388,0.973211
MIMIC-IV-CaseStudy,1800000,1800000,DiskANN/Vamana,0,oracle_different_seed,0,9,0.004094,0.975714,0.976275
MIMIC-IV-CaseStudy,1800000,1800000,DiskANN/Vamana,0,oracle_different_seed,1,2,0.001185,0.978335,0.977734
MIMIC-IV-CaseStudy,1800000,1800000,DiskANN/Vamana,0,oracle_different_seed,1,3,0.00489,0.977487,0.97468
MIMIC-IV-CaseStudy,1800000,1800000,DiskANN/Vamana,0,oracle_different_seed,1,4,0.005074,0.978677,0.977886
MIMIC-IV-CaseStudy,1800000,1800000,DiskANN/Vamana,0,oracle_different_seed,1,5,0.007169,0.975613,0.975044
MIMIC-IV-CaseStudy,1800000,1800000,DiskANN/Vamana,0,oracle_different_seed,1,6,0.002246,0.97489,0.973115
MIMIC-IV-CaseStudy,1800000,1800000,DiskANN/Vamana,0,oracle_different_seed,1,7,0.005116,0.974909,0.977059
MIMIC-IV-CaseStudy,1800000,1800000,DiskANN/Vamana,0,oracle_different_seed,1,8,0.002518,0.974919,0.97431
MIMIC-IV-CaseStudy,1800000,1800000,DiskANN/Vamana,0,oracle_different_seed,1,9,0.004227,0.975248,0.974088
MIMIC-IV-CaseStudy,1800000,1800000,DiskANN/Vamana,0,oracle_different_seed,2,3,0.001809,0.97399,0.976357
MIMIC-IV-CaseStudy,1800000,1800000,DiskANN/Vamana,0,oracle_different_seed,2,4,0.006744,0.976145,0.975997
MIMIC-IV-CaseStudy,1800000,1800000,DiskANN/Vamana,0,oracle_different_seed,2,5,0.003212,0.978385,0.97246
MIMIC-IV-CaseStudy,1800000,1800000,DiskANN/Vamana,0,oracle_different_seed,2,6,0.007087,0.977455,0.975242
MIMIC-IV-CaseStudy,1800000,1800000,DiskANN/Vamana,0,oracle_different_seed,2,7,0.004384,0.975549,0.978596
MIMIC-IV-CaseStudy,1800000,1800000,DiskANN/Vamana,0,oracle_different_seed,2,8,0.004865,0.976533,0.976996
MIMIC-IV-CaseStudy,1800000,1800000,DiskANN/Vamana,0,oracle_different_seed,2,9,0.005446,0.979721,0.975747
MIMIC-IV-CaseStudy,1800000,1800000,DiskANN/Vamana,0,oracle_different_seed,3,4,0.001396,0.978032,0.977347
MIMIC-IV-CaseStudy,1800000,1800000,DiskANN/Vamana,0,oracle_different_seed,3,5,0.005786,0.974876,0.979946
MIMIC-IV-CaseStudy,1800000,1800000,DiskANN/Vamana,0,oracle_different_seed,3,6,0.006014,0.974455,0.976771
MIMIC-IV-CaseStudy,1800000,1800000,DiskANN/Vamana,0,oracle_different_seed,3,7,0.006114,0.978689,0.972181
MIMIC-IV-CaseStudy,1800000,1800000,DiskANN/Vamana,0,oracle_different_seed,3,8,0.005118,0.979695,0.976745
MIMIC-IV-CaseStudy,1800000,1800000,DiskANN/Vamana,0,oracle_different_seed,3,9,0.00383,0.975204,0.976783
MIMIC-IV-CaseStudy,1800000,1800000,DiskANN/Vamana,0,oracle_different_seed,4,5,0.009243,0.977568,0.975644
MIMIC-IV-CaseStudy,1800000,1800000,DiskANN/Vamana,0,oracle_different_seed,4,6,0.005309,0.976799,0.97691
MIMIC-IV-CaseStudy,1800000,1800000,DiskANN/Vamana,0,oracle_different_seed,4,7,0.007247,0.975624,0.976088
MIMIC-IV-CaseStudy,1800000,1800000,DiskANN/Vamana,0,oracle_different_seed,4,8,0.007001,0.978212,0.977391
MIMIC-IV-CaseStudy,1800000,1800000,DiskANN/Vamana,0,oracle_different_seed,4,9,0.005252,0.977325,0.97536
MIMIC-IV-CaseStudy,1800000,1800000,DiskANN/Vamana,0,oracle_different_seed,5,6,0.008197,0.978933,0.977291
MIMIC-IV-CaseStudy,1800000,1800000,DiskANN/Vamana,0,oracle_different_seed,5,7,0.008215,0.975706,0.975369
MIMIC-IV-CaseStudy,1800000,1800000,DiskANN/Vamana,0,oracle_different_seed,5,8,0.006203,0.978636,0.976337
MIMIC-IV-CaseStudy,1800000,1800000,DiskANN/Vamana,0,oracle_different_seed,5,9,0.00517,0.976292,0.976743
MIMIC-IV-CaseStudy,1800000,1800000,DiskANN/Vamana,0,oracle_different_seed,6,7,0.004314,0.975684,0.972245
MIMIC-IV-CaseStudy,1800000,1800000,DiskANN/Vamana,0,oracle_different_seed,6,8,0.004013,0.977046,0.976698
MIMIC-IV-CaseStudy,1800000,1800000,DiskANN/Vamana,0,oracle_different_seed,6,9,0.008769,0.976006,0.972035
MIMIC-IV-CaseStudy,1800000,1800000,DiskANN/Vamana,0,oracle_different_seed,7,8,0.002654,0.976326,0.97857
MIMIC-IV-CaseStudy,1800000,1800000,DiskANN/Vamana,0,oracle_different_seed,7,9,0.009277,0.974078,0.976337
MIMIC-IV-CaseStudy,1800000,1800000,DiskANN/Vamana,0,oracle_different_seed,8,9,0.001593,0.974847,0.974467
MIMIC-IV-CaseStudy,1800000,1800000,DiskANN/Vamana,1,oracle_same_seed_rerun,0,0,0.0,0.977214,0.976004
MIMIC-IV-CaseStudy,1800000,1800000,DiskANN/Vamana,1,oracle_same_seed_rerun,1,1,0.0,0.973514,0.979972
MIMIC-IV-CaseStudy,1800000,1800000,DiskANN/Vamana,1,oracle_same_seed_rerun,2,2,0.0,0.974825,0.975792
MIMIC-IV-CaseStudy,1800000,1800000,DiskANN/Vamana,1,oracle_same_seed_rerun,3,3,0.0,0.979068,0.97472
MIMIC-IV-CaseStudy,1800000,1800000,DiskANN/Vamana,1,oracle_same_seed_rerun,4,4,0.0,0.976364,0.978281
MIMIC-IV-CaseStudy,1800000,1800000,DiskANN/Vamana,1,oracle_same_seed_rerun,5,5,0.0,0.97697,0.977464
MIMIC-IV-CaseStudy,1800000,1800000,DiskANN/Vamana,1,oracle_same_seed_rerun,6,6,0.0,0.978158,0.975459
MIMIC-IV-CaseStudy,1800000,1800000,DiskANN/Vamana,1,oracle_same_seed_rerun,7,7,0.0,0.9764,0.978775
MIMIC-IV-CaseStudy,1800000,1800000,DiskANN/Vamana,1,oracle_same_seed_rerun,8,8,0.0,0.977345,0.97853
MIMIC-IV-CaseStudy,1800000,1800000,DiskANN/Vamana,1,oracle_same_seed_rerun,9,9,0.0,0.974558,0.972599
MIMIC-IV-CaseStudy,1800000,1800000,DiskANN/Vamana,1,oracle_different_seed,0,1,0.005875,0.978572,0.97797
MIMIC-IV-CaseStudy,1800000,1800000,DiskANN/Vamana,1,oracle_different_seed,0,2,0.00479,0.981808,0.975817
MIMIC-IV-CaseStudy,1800000,1800000,DiskANN/Vamana,1,oracle_different_seed,0,3,0.005086,0.974831,0.976384
MIMIC-IV-CaseStudy,1800000,1800000,DiskANN/Vamana,1,oracle_different_seed,0,4,0.006514,0.97616,0.976924
MIMIC-IV-CaseStudy,1800000,1800000,DiskANN/Vamana,1,oracle_different_seed,0,5,0.007058,0.974965,0.976581
MIMIC-IV-CaseStudy,1800000,1800000,DiskANN/Vamana,1,oracle_different_seed,0,6,0.003792,0.978213,0.972885
MIMIC-IV-CaseStudy,1800000,1800000,DiskANN/Vamana,1,oracle_different_seed,0,7,0.006946,0.978717,0.974307
MIMIC-IV-CaseStudy,1800000,1800000,DiskANN/Vamana,1,oracle_different_seed,0,8,0.006402,0.984318,0.975591
MIMIC-IV-CaseStudy,1800000,1800000,DiskANN/Vamana,1,oracle_different_seed,0,9,0.00538,0.977655,0.974797
MIMIC-IV-CaseStudy,1800000,1800000,DiskANN/Vamana,1,oracle_different_seed,1,2,0.000889,0.974098,0.973817
MIMIC-IV-CaseStudy,1800000,1800000,DiskANN/Vamana,1,oracle_different_seed,1,3,0.00312,0.976508,0.977122
MIMIC-IV-CaseStudy,1800000,1800000,DiskANN/Vamana,1,oracle_different_seed,1,4,0.005137,0.972999,0.976761
MIMIC-IV-CaseStudy,1800000,1800000,DiskANN/Vamana,1,oracle_different_seed,1,5,0.003779,0.972862,0.97665
MIMIC-IV-CaseStudy,1800000,1800000,DiskANN/Vamana,1,oracle_different_seed,1,6,0.003641,0.976623,0.977019
MIMIC-IV-CaseStudy,1800000,1800000,DiskANN/Vamana,1,oracle_different_seed,1,7,0.007824,0.976139,0.974651
MIMIC-IV-CaseStudy,1800000,1800000,DiskANN/Vamana,1,oracle_different_seed,1,8,0.005726,0.974018,0.976466
MIMIC-IV-CaseStudy,1800000,1800000,DiskANN/Vamana,1,oracle_different_seed,1,9,0.005407,0.977688,0.974947
MIMIC-IV-CaseStudy,1800000,1800000,DiskANN/Vamana,1,oracle_different_seed,2,3,0.005888,0.97122,0.978925
MIMIC-IV-CaseStudy,1800000,1800000,DiskANN/Vamana,1,oracle_different_seed,2,4,0.000869,0.97757,0.973029
MIMIC-IV-CaseStudy,1800000,1800000,DiskANN/Vamana,1,oracle_different_seed,2,5,0.0028,0.973897,0.974705
MIMIC-IV-CaseStudy,1800000,1800000,DiskANN/Vamana,1,oracle_different_seed,2,6,0.005162,0.97674,0.975179
MIMIC-IV-CaseStudy,1800000,1800000,DiskANN/Vamana,1,oracle_different_seed,2,7,0.004077,0.975187,0.976564
MIMIC-IV-CaseStudy,1800000,1800000,DiskANN/Vamana,1,oracle_different_seed,2,8,0.001563,0.976928,0.979377
MIMIC-IV-CaseStudy,1800000,1800000,DiskANN/Vamana,1,oracle_different_seed,2,9,0.002744,0.977897,0.975191
MIMIC-IV-CaseStudy,1800000,1800000,DiskANN/Vamana,1,oracle_different_seed,3,4,0.001699,0.973097,0.979348
MIMIC-IV-CaseStudy,1800000,1800000,DiskANN/Vamana,1,oracle_different_seed,3,5,0.005412,0.975388,0.976686
MIMIC-IV-CaseStudy,1800000,1800000,DiskANN/Vamana,1,oracle_different_seed,3,6,0.011,0.978183,0.977086
MIMIC-IV-CaseStudy,1800000,1800000,DiskANN/Vamana,1,oracle_different_seed,3,7,0.004074,0.975129,0.974512
MIMIC-IV-CaseStudy,1800000,1800000,DiskANN/Vamana,1,oracle_different_seed,3,8,0.005245,0.977099,0.972769
MIMIC-IV-CaseStudy,1800000,1800000,DiskANN/Vamana,1,oracle_different_seed,3,9,0.005709,0.975043,0.970705
MIMIC-IV-CaseStudy,1800000,1800000,DiskANN/Vamana,1,oracle_different_seed,4,5,0.00122,0.977218,0.974857
MIMIC-IV-CaseStudy,1800000,1800000,DiskANN/Vamana,1,oracle_different_seed,4,6,0.005141,0.977746,0.981183
MIMIC-IV-CaseStudy,1800000,1800000,DiskANN/Vamana,1,oracle_different_seed,4,7,0.004158,0.976907,0.978403
MIMIC-IV-CaseStudy,1800000,1800000,DiskANN/Vamana,1,oracle_different_seed,4,8,0.002371,0.973035,0.977604
MIMIC-IV-CaseStudy,1800000,1800000,DiskANN/Vamana,1,oracle_different_seed,4,9,0.003339,0.975125,0.978834
MIMIC-IV-CaseStudy,1800000,1800000,DiskANN/Vamana,1,oracle_different_seed,5,6,0.004905,0.977754,0.975744
MIMIC-IV-CaseStudy,1800000,1800000,DiskANN/Vamana,1,oracle_different_seed,5,7,0.007174,0.97954,0.976097
MIMIC-IV-CaseStudy,1800000,1800000,DiskANN/Vamana,1,oracle_different_seed,5,8,0.005606,0.976119,0.975704
MIMIC-IV-CaseStudy,1800000,1800000,DiskANN/Vamana,1,oracle_different_seed,5,9,0.005285,0.977707,0.977647
MIMIC-IV-CaseStudy,1800000,1800000,DiskANN/Vamana,1,oracle_different_seed,6,7,0.002423,0.974818,0.976629
MIMIC-IV-CaseStudy,1800000,1800000,DiskANN/Vamana,1,oracle_different_seed,6,8,0.004427,0.971799,0.975435
MIMIC-IV-CaseStudy,1800000,1800000,DiskANN/Vamana,1,oracle_different_seed,6,9,0.005594,0.975316,0.976864
MIMIC-IV-CaseStudy,1800000,1800000,DiskANN/Vamana,1,oracle_different_seed,7,8,0.001362,0.978449,0.976747
MIMIC-IV-CaseStudy,1800000,1800000,DiskANN/Vamana,1,oracle_different_seed,7,9,0.004516,0.976828,0.975092
MIMIC-IV-CaseStudy,1800000,1800000,DiskANN/Vamana,1,oracle_different_seed,8,9,0.002449,0.978894,0.977913
MIMIC-IV-CaseStudy,1800000,1800000,DiskANN/Vamana,2,oracle_same_seed_rerun,0,0,0.0,0.972844,0.976453
MIMIC-IV-CaseStudy,1800000,1800000,DiskANN/Vamana,2,oracle_same_seed_rerun,1,1,0.0,0.975845,0.975489
MIMIC-IV-CaseStudy,1800000,1800000,DiskANN/Vamana,2,oracle_same_seed_rerun,2,2,0.0,0.974489,0.974569
MIMIC-IV-CaseStudy,1800000,1800000,DiskANN/Vamana,2,oracle_same_seed_rerun,3,3,0.0,0.973767,0.975697
MIMIC-IV-CaseStudy,1800000,1800000,DiskANN/Vamana,2,oracle_same_seed_rerun,4,4,0.0,0.977284,0.974751
MIMIC-IV-CaseStudy,1800000,1800000,DiskANN/Vamana,2,oracle_same_seed_rerun,5,5,0.0,0.974802,0.9775
MIMIC-IV-CaseStudy,1800000,1800000,DiskANN/Vamana,2,oracle_same_seed_rerun,6,6,0.0,0.977282,0.975471
MIMIC-IV-CaseStudy,1800000,1800000,DiskANN/Vamana,2,oracle_same_seed_rerun,7,7,0.0,0.975002,0.976309
MIMIC-IV-CaseStudy,1800000,1800000,DiskANN/Vamana,2,oracle_same_seed_rerun,8,8,0.0,0.973862,0.974929
MIMIC-IV-CaseStudy,1800000,1800000,DiskANN/Vamana,2,oracle_same_seed_rerun,9,9,0.0,0.974378,0.976989
MIMIC-IV-CaseStudy,1800000,1800000,DiskANN/Vamana,2,oracle_different_seed,0,1,0.003235,0.976728,0.976093
MIMIC-IV-CaseStudy,1800000,1800000,DiskANN/Vamana,2,oracle_different_seed,0,2,0.007824,0.976428,0.976987
MIMIC-IV-CaseStudy,1800000,1800000,DiskANN/Vamana,2,oracle_different_seed,0,3,0.006158,0.975651,0.973582
MIMIC-IV-CaseStudy,1800000,1800000,DiskANN/Vamana,2,oracle_different_seed,0,4,0.003461,0.978555,0.97482
MIMIC-IV-CaseStudy,1800000,1800000,DiskANN/Vamana,2,oracle_different_seed,0,5,0.003571,0.974453,0.973883
MIMIC-IV-CaseStudy,1800000,1800000,DiskANN/Vamana,2,oracle_different_seed,0,6,0.005766,0.972886,0.978632
MIMIC-IV-CaseStudy,1800000,1800000,DiskANN/Vamana,2,oracle_different_seed,0,7,0.000529,0.977006,0.973971
MIMIC-IV-CaseStudy,1800000,1800000,DiskANN/Vamana,2,oracle_different_seed,0,8,0.007035,0.977615,0.979998
MIMIC-IV-CaseStudy,1800000,1800000,DiskANN/Vamana,2,oracle_different_seed,0,9,0.004104,0.97312,0.979689
MIMIC-IV-CaseStudy,1800000,1800000,DiskANN/Vamana,2,oracle_different_seed,1,2,0.006085,0.977901,0.976882
MIMIC-IV-CaseStudy,1800000,1800000,DiskANN/Vamana,2,oracle_different_seed,1,3,0.002745,0.977784,0.977435
MIMIC-IV-CaseStudy,1800000,1800000,DiskANN/Vamana,2,oracle_different_seed,1,4,0.004364,0.975242,0.973952
MIMIC-IV-CaseStudy,1800000,1800000,DiskANN/Vamana,2,oracle_different_seed,1,5,0.00822,0.979058,0.975894
MIMIC-IV-CaseStudy,1800000,1800000,DiskANN/Vamana,2,oracle_different_seed,1,6,0.002802,0.977452,0.978352
MIMIC-IV-CaseStudy,1800000,1800000,DiskANN/Vamana,2,oracle_different_seed,1,7,0.006565,0.976893,0.973886
MIMIC-IV-CaseStudy,1800000,1800000,DiskANN/Vamana,2,oracle_different_seed,1,8,0.002905,0.977332,0.972865
MIMIC-IV-CaseStudy,1800000,1800000,DiskANN/Vamana,2,oracle_different_seed,1,9,0.001305,0.972476,0.973212
MIMIC-IV-CaseStudy,1800000,1800000,DiskANN/Vamana,2,oracle_different_seed,2,3,0.005687,0.976616,0.971972
MIMIC-IV-CaseStudy,1800000,1800000,DiskANN/Vamana,2,oracle_different_seed,2,4,0.002879,0.978942,0.97622
MIMIC-IV-CaseStudy,1800000,1800000,DiskANN/Vamana,2,oracle_different_seed,2,5,0.002695,0.975244,0.976161
MIMIC-IV-CaseStudy,1800000,1800000,DiskANN/Vamana,2,oracle_different_seed,2,6,0.007356,0.974165,0.975707
MIMIC-IV-CaseStudy,1800000,1800000,DiskANN/Vamana,2,oracle_different_seed,2,7,0.002638,0.975695,0.977964
MIMIC-IV-CaseStudy,1800000,1800000,DiskANN/Vamana,2,oracle_different_seed,2,8,0.002665,0.975359,0.974909
MIMIC-IV-CaseStudy,1800000,1800000,DiskANN/Vamana,2,oracle_different_seed,2,9,0.002487,0.974519,0.975847
MIMIC-IV-CaseStudy,1800000,1800000,DiskANN/Vamana,2,oracle_different_seed,3,4,0.001759,0.972337,0.976989
MIMIC-IV-CaseStudy,1800000,1800000,DiskANN/Vamana,2,oracle_different_seed,3,5,0.000763,0.977253,0.975455
MIMIC-IV-CaseStudy,1800000,1800000,DiskANN/Vamana,2,oracle_different_seed,3,6,0.003815,0.975275,0.975824
MIMIC-IV-CaseStudy,1800000,1800000,DiskANN/Vamana,2,oracle_different_seed,3,7,0.003896,0.975343,0.97513
MIMIC-IV-CaseStudy,1800000,1800000,DiskANN/Vamana,2,oracle_different_seed,3,8,0.006925,0.972197,0.976625
MIMIC-IV-CaseStudy,1800000,1800000,DiskANN/Vamana,2,oracle_different_seed,3,9,0.006871,0.974281,0.975216
MIMIC-IV-CaseStudy,1800000,1800000,DiskANN/Vamana,2,oracle_different_seed,4,5,0.006114,0.974033,0.973696
MIMIC-IV-CaseStudy,1800000,1800000,DiskANN/Vamana,2,oracle_different_seed,4,6,0.00434,0.977926,0.976477
MIMIC-IV-CaseStudy,1800000,1800000,DiskANN/Vamana,2,oracle_different_seed,4,7,0.008255,0.975048,0.977895
MIMIC-IV-CaseStudy,1800000,1800000,DiskANN/Vamana,2,oracle_different_seed,4,8,0.005292,0.974333,0.977086
MIMIC-IV-CaseStudy,1800000,1800000,DiskANN/Vamana,2,oracle_different_seed,4,9,0.002178,0.978155,0.973977
MIMIC-IV-CaseStudy,1800000,1800000,DiskANN/Vamana,2,oracle_different_seed,5,6,0.003363,0.974961,0.973603
MIMIC-IV-CaseStudy,1800000,1800000,DiskANN/Vamana,2,oracle_different_seed,5,7,0.004618,0.975235,0.976545
MIMIC-IV-CaseStudy,1800000,1800000,DiskANN/Vamana,2,oracle_different_seed,5,8,0.002115,0.976295,0.976888
MIMIC-IV-CaseStudy,1800000,1800000,DiskANN/Vamana,2,oracle_different_seed,5,9,0.005729,0.976737,0.978359
MIMIC-IV-CaseStudy,1800000,1800000,DiskANN/Vamana,2,oracle_different_seed,6,7,0.004888,0.976105,0.974613
MIMIC-IV-CaseStudy,1800000,1800000,DiskANN/Vamana,2,oracle_different_seed,6,8,0.003888,0.975357,0.975725
MIMIC-IV-CaseStudy,1800000,1800000,DiskANN/Vamana,2,oracle_different_seed,6,9,0.005226,0.974916,0.975191
MIMIC-IV-CaseStudy,1800000,1800000,DiskANN/Vamana,2,oracle_different_seed,7,8,0.005229,0.97592,0.975993
MIMIC-IV-CaseStudy,1800000,1800000,DiskANN/Vamana,2,oracle_different_seed,7,9,0.00144,0.972783,0.976613
MIMIC-IV-CaseStudy,1800000,1800000,DiskANN/Vamana,2,oracle_different_seed,8,9,0.003317,0.977849,0.977185
MIMIC-IV-CaseStudy,1800000,1800000,DiskANN/Vamana,3,oracle_same_seed_rerun,0,0,0.0,0.978811,0.975913
MIMIC-IV-CaseStudy,1800000,1800000,DiskANN/Vamana,3,oracle_same_seed_rerun,1,1,0.0,0.97871,0.977565
MIMIC-IV-CaseStudy,1800000,1800000,DiskANN/Vamana,3,oracle_same_seed_rerun,2,2,0.0,0.974819,0.974469
MIMIC-IV-CaseStudy,1800000,1800000,DiskANN/Vamana,3,oracle_same_seed_rerun,3,3,0.0,0.977308,0.972434
MIMIC-IV-CaseStudy,1800000,1800000,DiskANN/Vamana,3,oracle_same_seed_rerun,4,4,0.0,0.976443,0.978212
MIMIC-IV-CaseStudy,1800000,1800000,DiskANN/Vamana,3,oracle_same_seed_rerun,5,5,0.0,0.975535,0.977061
MIMIC-IV-CaseStudy,1800000,1800000,DiskANN/Vamana,3,oracle_same_seed_rerun,6,6,0.0,0.973413,0.975089
MIMIC-IV-CaseStudy,1800000,1800000,DiskANN/Vamana,3,oracle_same_seed_rerun,7,7,0.0,0.976499,0.974331
MIMIC-IV-CaseStudy,1800000,1800000,DiskANN/Vamana,3,oracle_same_seed_rerun,8,8,0.0,0.975638,0.975668
MIMIC-IV-CaseStudy,1800000,1800000,DiskANN/Vamana,3,oracle_same_seed_rerun,9,9,0.0,0.974686,0.975494
MIMIC-IV-CaseStudy,1800000,1800000,DiskANN/Vamana,3,oracle_different_seed,0,1,0.006698,0.978308,0.975242
MIMIC-IV-CaseStudy,1800000,1800000,DiskANN/Vamana,3,oracle_different_seed,0,2,0.005537,0.976507,0.973474
MIMIC-IV-CaseStudy,1800000,1800000,DiskANN/Vamana,3,oracle_different_seed,0,3,0.006221,0.973633,0.976029
MIMIC-IV-CaseStudy,1800000,1800000,DiskANN/Vamana,3,oracle_different_seed,0,4,0.004666,0.975233,0.980894
MIMIC-IV-CaseStudy,1800000,1800000,DiskANN/Vamana,3,oracle_different_seed,0,5,0.004219,0.976947,0.98022
MIMIC-IV-CaseStudy,1800000,1800000,DiskANN/Vamana,3,oracle_different_seed,0,6,0.001974,0.975789,0.979447
MIMIC-IV-CaseStudy,1800000,1800000,DiskANN/Vamana,3,oracle_different_seed,0,7,0.002599,0.973771,0.972137
MIMIC-IV-CaseStudy,1800000,1800000,DiskANN/Vamana,3,oracle_different_seed,0,8,0.002277,0.973155,0.977208
MIMIC-IV-CaseStudy,1800000,1800000,DiskANN/Vamana,3,oracle_different_seed,0,9,0.004283,0.976463,0.97503
MIMIC-IV-CaseStudy,1800000,1800000,DiskANN/Vamana,3,oracle_different_seed,1,2,0.007707,0.976741,0.977756
MIMIC-IV-CaseStudy,1800000,1800000,DiskANN/Vamana,3,oracle_different_seed,1,3,0.003329,0.978655,0.977005
MIMIC-IV-CaseStudy,1800000,1800000,DiskANN/Vamana,3,oracle_different_seed,1,4,0.000517,0.973738,0.975923
MIMIC-IV-CaseStudy,1800000,1800000,DiskANN/Vamana,3,oracle_different_seed,1,5,0.004564,0.974037,0.970466
MIMIC-IV-CaseStudy,1800000,1800000,DiskANN/Vamana,3,oracle_different_seed,1,6,0.005945,0.977384,0.973304
MIMIC-IV-CaseStudy,1800000,1800000,DiskANN/Vamana,3,oracle_different_seed,1,7,0.004218,0.97503,0.977665
MIMIC-IV-CaseStudy,1800000,1800000,DiskANN/Vamana,3,oracle_different_seed,1,8,0.004538,0.973178,0.975208
MIMIC-IV-CaseStudy,1800000,1800000,DiskANN/Vamana,3,oracle_different_seed,1,9,0.005322,0.976332,0.974475
MIMIC-IV-CaseStudy,1800000,1800000,DiskANN/Vamana,3,oracle_different_seed,2,3,0.005071,0.974691,0.975086
MIMIC-IV-CaseStudy,1800000,1800000,DiskANN/Vamana,3,oracle_different_seed,2,4,0.003103,0.975852,0.976006
MIMIC-IV-CaseStudy,1800000,1800000,DiskANN/Vamana,3,oracle_different_seed,2,5,0.004229,0.978222,0.972042
MIMIC-IV-CaseStudy,1800000,1800000,DiskANN/Vamana,3,oracle_different_seed,2,6,0.001758,0.972938,0.978595
MIMIC-IV-CaseStudy,1800000,1800000,DiskANN/Vamana,3,oracle_different_seed,2,7,0.003975,0.977114,0.974256
MIMIC-IV-CaseStudy,1800000,1800000,DiskANN/Vamana,3,oracle_different_seed,2,8,0.00675,0.974774,0.976716
MIMIC-IV-CaseStudy,1800000,1800000,DiskANN/Vamana,3,oracle_different_seed,2,9,0.003879,0.977672,0.975746
MIMIC-IV-CaseStudy,1800000,1800000,DiskANN/Vamana,3,oracle_different_seed,3,4,0.002801,0.975279,0.974388
MIMIC-IV-CaseStudy,1800000,1800000,DiskANN/Vamana,3,oracle_different_seed,3,5,0.004056,0.975598,0.97557
MIMIC-IV-CaseStudy,1800000,1800000,DiskANN/Vamana,3,oracle_different_seed,3,6,0.002678,0.979675,0.981159
MIMIC-IV-CaseStudy,1800000,1800000,DiskANN/Vamana,3,oracle_different_seed,3,7,0.003021,0.976466,0.974469
MIMIC-IV-CaseStudy,1800000,1800000,DiskANN/Vamana,3,oracle_different_seed,3,8,0.004558,0.974793,0.97738
MIMIC-IV-CaseStudy,1800000,1800000,DiskANN/Vamana,3,oracle_different_seed,3,9,0.004811,0.976925,0.973626
MIMIC-IV-CaseStudy,1800000,1800000,DiskANN/Vamana,3,oracle_different_seed,4,5,0.007313,0.974596,0.976244
MIMIC-IV-CaseStudy,1800000,1800000,DiskANN/Vamana,3,oracle_different_seed,4,6,0.004902,0.9748,0.978308
MIMIC-IV-CaseStudy,1800000,1800000,DiskANN/Vamana,3,oracle_different_seed,4,7,0.006961,0.97319,0.973798
MIMIC-IV-CaseStudy,1800000,1800000,DiskANN/Vamana,3,oracle_different_seed,4,8,0.005897,0.976507,0.979115
MIMIC-IV-CaseStudy,1800000,1800000,DiskANN/Vamana,3,oracle_different_seed,4,9,0.002716,0.977339,0.975631
MIMIC-IV-CaseStudy,1800000,1800000,DiskANN/Vamana,3,oracle_different_seed,5,6,0.003838,0.976845,0.977017
MIMIC-IV-CaseStudy,1800000,1800000,DiskANN/Vamana,3,oracle_different_seed,5,7,0.001056,0.972859,0.974082
MIMIC-IV-CaseStudy,1800000,1800000,DiskANN/Vamana,3,oracle_different_seed,5,8,0.001266,0.974697,0.973451
MIMIC-IV-CaseStudy,1800000,1800000,DiskANN/Vamana,3,oracle_different_seed,5,9,0.003842,0.976635,0.980647
MIMIC-IV-CaseStudy,1800000,1800000,DiskANN/Vamana,3,oracle_different_seed,6,7,0.010871,0.971635,0.975946
MIMIC-IV-CaseStudy,1800000,1800000,DiskANN/Vamana,3,oracle_different_seed,6,8,0.010494,0.973395,0.975369
MIMIC-IV-CaseStudy,1800000,1800000,DiskANN/Vamana,3,oracle_different_seed,6,9,0.002091,0.976811,0.97736
MIMIC-IV-CaseStudy,1800000,1800000,DiskANN/Vamana,3,oracle_different_seed,7,8,0.00412,0.978055,0.97395
MIMIC-IV-CaseStudy,1800000,1800000,DiskANN/Vamana,3,oracle_different_seed,7,9,0.004995,0.974817,0.976992
MIMIC-IV-CaseStudy,1800000,1800000,DiskANN/Vamana,3,oracle_different_seed,8,9,0.003462,0.975718,0.976949
MIMIC-IV-CaseStudy,1800000,1800000,DiskANN/Vamana,4,oracle_same_seed_rerun,0,0,0.0,0.976682,0.973278
MIMIC-IV-CaseStudy,1800000,1800000,DiskANN/Vamana,4,oracle_same_seed_rerun,1,1,0.0,0.97313,0.974647
MIMIC-IV-CaseStudy,1800000,1800000,DiskANN/Vamana,4,oracle_same_seed_rerun,2,2,0.0,0.97626,0.977742
MIMIC-IV-CaseStudy,1800000,1800000,DiskANN/Vamana,4,oracle_same_seed_rerun,3,3,0.0,0.974518,0.975662
MIMIC-IV-CaseStudy,1800000,1800000,DiskANN/Vamana,4,oracle_same_seed_rerun,4,4,0.0,0.97629,0.974169
MIMIC-IV-CaseStudy,1800000,1800000,DiskANN/Vamana,4,oracle_same_seed_rerun,5,5,0.0,0.977013,0.976982
MIMIC-IV-CaseStudy,1800000,1800000,DiskANN/Vamana,4,oracle_same_seed_rerun,6,6,0.0,0.978455,0.977237
MIMIC-IV-CaseStudy,1800000,1800000,DiskANN/Vamana,4,oracle_same_seed_rerun,7,7,0.0,0.974451,0.976596
MIMIC-IV-CaseStudy,1800000,1800000,DiskANN/Vamana,4,oracle_same_seed_rerun,8,8,0.0,0.974008,0.975832
MIMIC-IV-CaseStudy,1800000,1800000,DiskANN/Vamana,4,oracle_same_seed_rerun,9,9,0.0,0.978492,0.976954
MIMIC-IV-CaseStudy,1800000,1800000,DiskANN/Vamana,4,oracle_different_seed,0,1,0.008798,0.974679,0.977331
MIMIC-IV-CaseStudy,1800000,1800000,DiskANN/Vamana,4,oracle_different_seed,0,2,0.004414,0.974949,0.97478
MIMIC-IV-CaseStudy,1800000,1800000,DiskANN/Vamana,4,oracle_different_seed,0,3,0.000935,0.975264,0.974386
MIMIC-IV-CaseStudy,1800000,1800000,DiskANN/Vamana,4,oracle_different_seed,0,4,0.004031,0.977237,0.97356
MIMIC-IV-CaseStudy,1800000,1800000,DiskANN/Vamana,4,oracle_different_seed,0,5,0.00557,0.978174,0.9736
MIMIC-IV-CaseStudy,1800000,1800000,DiskANN/Vamana,4,oracle_different_seed,0,6,0.007018,0.972958,0.976
MIMIC-IV-CaseStudy,1800000,1800000,DiskANN/Vamana,4,oracle_different_seed,0,7,0.004498,0.975472,0.969752
MIMIC-IV-CaseStudy,1800000,1800000,DiskANN/Vamana,4,oracle_different_seed,0,8,0.002597,0.975714,0.978545
MIMIC-IV-CaseStudy,1800000,1800000,DiskANN/Vamana,4,oracle_different_seed,0,9,0.008317,0.978516,0.974628
MIMIC-IV-CaseStudy,1800000,1800000,DiskANN/Vamana,4,oracle_different_seed,1,2,0.003353,0.972842,0.974707
MIMIC-IV-CaseStudy,1800000,1800000,DiskANN/Vamana,4,oracle_different_seed,1,3,0.005729,0.976603,0.976807
MIMIC-IV-CaseStudy,1800000,1800000,DiskANN/Vamana,4,oracle_different_seed,1,4,0.004535,0.977091,0.975908
MIMIC-IV-CaseStudy,1800000,1800000,DiskANN/Vamana,4,oracle_different_seed,1,5,0.001681,0.972122,0.974076
MIMIC-IV-CaseStudy,1800000,1800000,DiskANN/Vamana,4,oracle_different_seed,1,6,0.004976,0.975868,0.976198
MIMIC-IV-CaseStudy,1800000,1800000,DiskANN/Vamana,4,oracle_different_seed,1,7,0.001697,0.978068,0.976354
MIMIC-IV-CaseStudy,1800000,1800000,DiskANN/Vamana,4,oracle_different_seed,1,8,0.00478,0.977114,0.977398
MIMIC-IV-CaseStudy,1800000,1800000,DiskANN/Vamana,4,oracle_different_seed,1,9,0.005466,0.980162,0.976791
MIMIC-IV-CaseStudy,1800000,1800000,DiskANN/Vamana,4,oracle_different_seed,2,3,0.003581,0.979922,0.978842
MIMIC-IV-CaseStudy,1800000,1800000,DiskANN/Vamana,4,oracle_different_seed,2,4,0.006655,0.973251,0.97542
MIMIC-IV-CaseStudy,1800000,1800000,DiskANN/Vamana,4,oracle_different_seed,2,5,0.008393,0.975253,0.974639
MIMIC-IV-CaseStudy,1800000,1800000,DiskANN/Vamana,4,oracle_different_seed,2,6,0.0005,0.975483,0.9775
MIMIC-IV-CaseStudy,1800000,1800000,DiskANN/Vamana,4,oracle_different_seed,2,7,0.005404,0.974847,0.972308
MIMIC-IV-CaseStudy,1800000,1800000,DiskANN/Vamana,4,oracle_different_seed,2,8,0.00376,0.977491,0.977197
MIMIC-IV-CaseStudy,1800000,1800000,DiskANN/Vamana,4,oracle_different_seed,2,9,0.004425,0.974044,0.976747
MIMIC-IV-CaseStudy,1800000,1800000,DiskANN/Vamana,4,oracle_different_seed,3,4,0.001879,0.977167,0.975259
MIMIC-IV-CaseStudy,1800000,1800000,DiskANN/Vamana,4,oracle_different_seed,3,5,0.00262,0.978025,0.978704
MIMIC-IV-CaseStudy,1800000,1800000,DiskANN/Vamana,4,oracle_different_seed,3,6,0.0005,0.9788,0.977754
MIMIC-IV-CaseStudy,1800000,1800000,DiskANN/Vamana,4,oracle_different_seed,3,7,0.004547,0.979671,0.973506
MIMIC-IV-CaseStudy,1800000,1800000,DiskANN/Vamana,4,oracle_different_seed,3,8,0.005354,0.976705,0.975573
MIMIC-IV-CaseStudy,1800000,1800000,DiskANN/Vamana,4,oracle_different_seed,3,9,0.00489,0.979468,0.974066
MIMIC-IV-CaseStudy,1800000,1800000,DiskANN/Vamana,4,oracle_different_seed,4,5,0.006842,0.975783,0.978404
MIMIC-IV-CaseStudy,1800000,1800000,DiskANN/Vamana,4,oracle_different_seed,4,6,0.003095,0.976883,0.97614
MIMIC-IV-CaseStudy,1800000,1800000,DiskANN/Vamana,4,oracle_different_seed,4,7,0.005705,0.974215,0.979136
MIMIC-IV-CaseStudy,1800000,1800000,DiskANN/Vamana,4,oracle_different_seed,4,8,0.003935,0.978904,0.976678
MIMIC-IV-CaseStudy,1800000,1800000,DiskANN/Vamana,4,oracle_different_seed,4,9,0.003002,0.972513,0.973547
MIMIC-IV-CaseStudy,1800000,1800000,DiskANN/Vamana,4,oracle_different_seed,5,6,0.004332,0.977219,0.977306
MIMIC-IV-CaseStudy,1800000,1800000,DiskANN/Vamana,4,oracle_different_seed,5,7,0.0005,0.973888,0.975662
MIMIC-IV-CaseStudy,1800000,1800000,DiskANN/Vamana,4,oracle_different_seed,5,8,0.005086,0.978599,0.978229
MIMIC-IV-CaseStudy,1800000,1800000,DiskANN/Vamana,4,oracle_different_seed,5,9,0.002914,0.977432,0.973413
MIMIC-IV-CaseStudy,1800000,1800000,DiskANN/Vamana,4,oracle_different_seed,6,7,0.008786,0.976158,0.976892
MIMIC-IV-CaseStudy,1800000,1800000,DiskANN/Vamana,4,oracle_different_seed,6,8,0.00433,0.979016,0.97318
MIMIC-IV-CaseStudy,1800000,1800000,DiskANN/Vamana,4,oracle_different_seed,6,9,0.006459,0.978184,0.977766
MIMIC-IV-CaseStudy,1800000,1800000,DiskANN/Vamana,4,oracle_different_seed,7,8,0.004982,0.972118,0.969049
MIMIC-IV-CaseStudy,1800000,1800000,DiskANN/Vamana,4,oracle_different_seed,7,9,0.001279,0.975838,0.977467
MIMIC-IV-CaseStudy,1800000,1800000,DiskANN/Vamana,4,oracle_different_seed,8,9,0.006812,0.976395,0.973197
