dataset,N,N_indexed,query_id,method,step,node_id,node_type,is_revoked,access_predicate_checked,distance_scored,frontier_inserted,node_expanded,result_returned,bypass_edge_used,frontier_size_after_step,candidate_score
LegalBench-RAG,1200000,1200000,0,Tombstone,1,authorized_0_1,authorized,False,False,True,True,False,False,False,21,0.15
LegalBench-RAG,1200000,1200000,0,Tombstone,2,authorized_0_2,authorized,False,False,True,True,False,False,False,22,0.25
LegalBench-RAG,1200000,1200000,0,Tombstone,3,authorized_0_3,authorized,False,False,True,True,True,False,False,23,0.35
LegalBench-RAG,1200000,1200000,0,Tombstone,4,revoked_bridge_0_4,revoked_bridge,True,False,True,True,False,False,False,24,0.45
LegalBench-RAG,1200000,1200000,0,Tombstone,5,revoked_bridge_0_5,revoked_bridge,True,False,True,True,False,False,False,25,0.55
LegalBench-RAG,1200000,1200000,0,Tombstone,6,authorized_0_6,authorized,False,False,True,True,True,False,False,26,0.65
LegalBench-RAG,1200000,1200000,0,Tombstone,7,authorized_0_7,authorized,False,False,True,True,False,False,False,27,0.75
LegalBench-RAG,1200000,1200000,0,Tombstone,8,authorized_0_8,authorized,False,False,True,True,False,False,False,28,0.85
LegalBench-RAG,1200000,1200000,0,Tombstone,9,authorized_0_9,authorized,False,False,True,True,True,False,False,29,0.95
LegalBench-RAG,1200000,1200000,0,Tombstone,10,authorized_0_10,authorized,False,False,True,True,False,True,False,30,1.05
LegalBench-RAG,1200000,1200000,0,Tombstone,11,authorized_0_11,authorized,False,False,True,True,False,True,False,31,1.15
LegalBench-RAG,1200000,1200000,0,Tombstone,12,authorized_0_12,authorized,False,False,True,True,True,True,False,32,1.25
LegalBench-RAG,1200000,1200000,0,Lethe,1,authorized_0_1,authorized,False,False,True,True,False,False,False,21,0.15
LegalBench-RAG,1200000,1200000,0,Lethe,2,authorized_0_2,authorized,False,False,True,True,False,False,False,22,0.25
LegalBench-RAG,1200000,1200000,0,Lethe,3,authorized_0_3,authorized,False,False,True,True,True,False,False,23,0.35
LegalBench-RAG,1200000,1200000,0,Lethe,4,revoked_bridge_0_4,revoked_bridge,True,True,False,False,False,False,False,24,0.45
LegalBench-RAG,1200000,1200000,0,Lethe,5,revoked_bridge_0_5,revoked_bridge,True,True,False,False,False,False,False,25,0.55
LegalBench-RAG,1200000,1200000,0,Lethe,6,authorized_0_6,authorized,False,False,True,True,True,False,True,26,0.65
LegalBench-RAG,1200000,1200000,0,Lethe,7,authorized_0_7,authorized,False,False,True,True,False,False,False,27,0.75
LegalBench-RAG,1200000,1200000,0,Lethe,8,authorized_0_8,authorized,False,False,True,True,False,False,False,28,0.85
LegalBench-RAG,1200000,1200000,0,Lethe,9,authorized_0_9,authorized,False,False,True,True,True,False,False,29,0.95
LegalBench-RAG,1200000,1200000,0,Lethe,10,authorized_0_10,authorized,False,False,True,True,False,True,False,30,1.05
LegalBench-RAG,1200000,1200000,0,Lethe,11,authorized_0_11,authorized,False,False,True,True,False,True,False,31,1.15
LegalBench-RAG,1200000,1200000,0,Lethe,12,authorized_0_12,authorized,False,False,True,True,True,True,False,32,1.25
LegalBench-RAG,1200000,1200000,1,Tombstone,1,authorized_1_1,authorized,False,False,True,True,False,False,False,21,0.15
LegalBench-RAG,1200000,1200000,1,Tombstone,2,authorized_1_2,authorized,False,False,True,True,False,False,False,22,0.25
LegalBench-RAG,1200000,1200000,1,Tombstone,3,authorized_1_3,authorized,False,False,True,True,True,False,False,23,0.35
LegalBench-RAG,1200000,1200000,1,Tombstone,4,revoked_bridge_1_4,revoked_bridge,True,False,True,True,False,False,False,24,0.45
LegalBench-RAG,1200000,1200000,1,Tombstone,5,revoked_bridge_1_5,revoked_bridge,True,False,True,True,False,False,False,25,0.55
LegalBench-RAG,1200000,1200000,1,Tombstone,6,authorized_1_6,authorized,False,False,True,True,True,False,False,26,0.65
LegalBench-RAG,1200000,1200000,1,Tombstone,7,authorized_1_7,authorized,False,False,True,True,False,False,False,27,0.75
LegalBench-RAG,1200000,1200000,1,Tombstone,8,authorized_1_8,authorized,False,False,True,True,False,False,False,28,0.85
LegalBench-RAG,1200000,1200000,1,Tombstone,9,authorized_1_9,authorized,False,False,True,True,True,False,False,29,0.95
LegalBench-RAG,1200000,1200000,1,Tombstone,10,authorized_1_10,authorized,False,False,True,True,False,True,False,30,1.05
LegalBench-RAG,1200000,1200000,1,Tombstone,11,authorized_1_11,authorized,False,False,True,True,False,True,False,31,1.15
LegalBench-RAG,1200000,1200000,1,Tombstone,12,authorized_1_12,authorized,False,False,True,True,True,True,False,32,1.25
LegalBench-RAG,1200000,1200000,1,Lethe,1,authorized_1_1,authorized,False,False,True,True,False,False,False,21,0.15
LegalBench-RAG,1200000,1200000,1,Lethe,2,authorized_1_2,authorized,False,False,True,True,False,False,False,22,0.25
LegalBench-RAG,1200000,1200000,1,Lethe,3,authorized_1_3,authorized,False,False,True,True,True,False,False,23,0.35
LegalBench-RAG,1200000,1200000,1,Lethe,4,revoked_bridge_1_4,revoked_bridge,True,True,False,False,False,False,False,24,0.45
LegalBench-RAG,1200000,1200000,1,Lethe,5,revoked_bridge_1_5,revoked_bridge,True,True,False,False,False,False,False,25,0.55
LegalBench-RAG,1200000,1200000,1,Lethe,6,authorized_1_6,authorized,False,False,True,True,True,False,True,26,0.65
LegalBench-RAG,1200000,1200000,1,Lethe,7,authorized_1_7,authorized,False,False,True,True,False,False,False,27,0.75
LegalBench-RAG,1200000,1200000,1,Lethe,8,authorized_1_8,authorized,False,False,True,True,False,False,False,28,0.85
LegalBench-RAG,1200000,1200000,1,Lethe,9,authorized_1_9,authorized,False,False,True,True,True,False,False,29,0.95
LegalBench-RAG,1200000,1200000,1,Lethe,10,authorized_1_10,authorized,False,False,True,True,False,True,False,30,1.05
LegalBench-RAG,1200000,1200000,1,Lethe,11,authorized_1_11,authorized,False,False,True,True,False,True,False,31,1.15
LegalBench-RAG,1200000,1200000,1,Lethe,12,authorized_1_12,authorized,False,False,True,True,True,True,False,32,1.25
LegalBench-RAG,1200000,1200000,2,Tombstone,1,authorized_2_1,authorized,False,False,True,True,False,False,False,21,0.15
LegalBench-RAG,1200000,1200000,2,Tombstone,2,authorized_2_2,authorized,False,False,True,True,False,False,False,22,0.25
LegalBench-RAG,1200000,1200000,2,Tombstone,3,authorized_2_3,authorized,False,False,True,True,True,False,False,23,0.35
LegalBench-RAG,1200000,1200000,2,Tombstone,4,revoked_bridge_2_4,revoked_bridge,True,False,True,True,False,False,False,24,0.45
LegalBench-RAG,1200000,1200000,2,Tombstone,5,revoked_bridge_2_5,revoked_bridge,True,False,True,True,False,False,False,25,0.55
LegalBench-RAG,1200000,1200000,2,Tombstone,6,authorized_2_6,authorized,False,False,True,True,True,False,False,26,0.65
LegalBench-RAG,1200000,1200000,2,Tombstone,7,authorized_2_7,authorized,False,False,True,True,False,False,False,27,0.75
LegalBench-RAG,1200000,1200000,2,Tombstone,8,authorized_2_8,authorized,False,False,True,True,False,False,False,28,0.85
LegalBench-RAG,1200000,1200000,2,Tombstone,9,authorized_2_9,authorized,False,False,True,True,True,False,False,29,0.95
LegalBench-RAG,1200000,1200000,2,Tombstone,10,authorized_2_10,authorized,False,False,True,True,False,True,False,30,1.05
LegalBench-RAG,1200000,1200000,2,Tombstone,11,authorized_2_11,authorized,False,False,True,True,False,True,False,31,1.15
LegalBench-RAG,1200000,1200000,2,Tombstone,12,authorized_2_12,authorized,False,False,True,True,True,True,False,32,1.25
LegalBench-RAG,1200000,1200000,2,Lethe,1,authorized_2_1,authorized,False,False,True,True,False,False,False,21,0.15
LegalBench-RAG,1200000,1200000,2,Lethe,2,authorized_2_2,authorized,False,False,True,True,False,False,False,22,0.25
LegalBench-RAG,1200000,1200000,2,Lethe,3,authorized_2_3,authorized,False,False,True,True,True,False,False,23,0.35
LegalBench-RAG,1200000,1200000,2,Lethe,4,revoked_bridge_2_4,revoked_bridge,True,True,False,False,False,False,False,24,0.45
LegalBench-RAG,1200000,1200000,2,Lethe,5,revoked_bridge_2_5,revoked_bridge,True,True,False,False,False,False,False,25,0.55
LegalBench-RAG,1200000,1200000,2,Lethe,6,authorized_2_6,authorized,False,False,True,True,True,False,True,26,0.65
LegalBench-RAG,1200000,1200000,2,Lethe,7,authorized_2_7,authorized,False,False,True,True,False,False,False,27,0.75
LegalBench-RAG,1200000,1200000,2,Lethe,8,authorized_2_8,authorized,False,False,True,True,False,False,False,28,0.85
LegalBench-RAG,1200000,1200000,2,Lethe,9,authorized_2_9,authorized,False,False,True,True,True,False,False,29,0.95
LegalBench-RAG,1200000,1200000,2,Lethe,10,authorized_2_10,authorized,False,False,True,True,False,True,False,30,1.05
LegalBench-RAG,1200000,1200000,2,Lethe,11,authorized_2_11,authorized,False,False,True,True,False,True,False,31,1.15
LegalBench-RAG,1200000,1200000,2,Lethe,12,authorized_2_12,authorized,False,False,True,True,True,True,False,32,1.25
LegalBench-RAG,1200000,1200000,3,Tombstone,1,authorized_3_1,authorized,False,False,True,True,False,False,False,21,0.15
LegalBench-RAG,1200000,1200000,3,Tombstone,2,authorized_3_2,authorized,False,False,True,True,False,False,False,22,0.25
LegalBench-RAG,1200000,1200000,3,Tombstone,3,authorized_3_3,authorized,False,False,True,True,True,False,False,23,0.35
LegalBench-RAG,1200000,1200000,3,Tombstone,4,revoked_bridge_3_4,revoked_bridge,True,False,True,True,False,False,False,24,0.45
LegalBench-RAG,1200000,1200000,3,Tombstone,5,revoked_bridge_3_5,revoked_bridge,True,False,True,True,False,False,False,25,0.55
LegalBench-RAG,1200000,1200000,3,Tombstone,6,authorized_3_6,authorized,False,False,True,True,True,False,False,26,0.65
LegalBench-RAG,1200000,1200000,3,Tombstone,7,authorized_3_7,authorized,False,False,True,True,False,False,False,27,0.75
LegalBench-RAG,1200000,1200000,3,Tombstone,8,authorized_3_8,authorized,False,False,True,True,False,False,False,28,0.85
LegalBench-RAG,1200000,1200000,3,Tombstone,9,authorized_3_9,authorized,False,False,True,True,True,False,False,29,0.95
LegalBench-RAG,1200000,1200000,3,Tombstone,10,authorized_3_10,authorized,False,False,True,True,False,True,False,30,1.05
LegalBench-RAG,1200000,1200000,3,Tombstone,11,authorized_3_11,authorized,False,False,True,True,False,True,False,31,1.15
LegalBench-RAG,1200000,1200000,3,Tombstone,12,authorized_3_12,authorized,False,False,True,True,True,True,False,32,1.25
LegalBench-RAG,1200000,1200000,3,Lethe,1,authorized_3_1,authorized,False,False,True,True,False,False,False,21,0.15
LegalBench-RAG,1200000,1200000,3,Lethe,2,authorized_3_2,authorized,False,False,True,True,False,False,False,22,0.25
LegalBench-RAG,1200000,1200000,3,Lethe,3,authorized_3_3,authorized,False,False,True,True,True,False,False,23,0.35
LegalBench-RAG,1200000,1200000,3,Lethe,4,revoked_bridge_3_4,revoked_bridge,True,True,False,False,False,False,False,24,0.45
LegalBench-RAG,1200000,1200000,3,Lethe,5,revoked_bridge_3_5,revoked_bridge,True,True,False,False,False,False,False,25,0.55
LegalBench-RAG,1200000,1200000,3,Lethe,6,authorized_3_6,authorized,False,False,True,True,True,False,True,26,0.65
LegalBench-RAG,1200000,1200000,3,Lethe,7,authorized_3_7,authorized,False,False,True,True,False,False,False,27,0.75
LegalBench-RAG,1200000,1200000,3,Lethe,8,authorized_3_8,authorized,False,False,True,True,False,False,False,28,0.85
LegalBench-RAG,1200000,1200000,3,Lethe,9,authorized_3_9,authorized,False,False,True,True,True,False,False,29,0.95
LegalBench-RAG,1200000,1200000,3,Lethe,10,authorized_3_10,authorized,False,False,True,True,False,True,False,30,1.05
LegalBench-RAG,1200000,1200000,3,Lethe,11,authorized_3_11,authorized,False,False,True,True,False,True,False,31,1.15
LegalBench-RAG,1200000,1200000,3,Lethe,12,authorized_3_12,authorized,False,False,True,True,True,True,False,32,1.25
LegalBench-RAG,1200000,1200000,4,Tombstone,1,authorized_4_1,authorized,False,False,True,True,False,False,False,21,0.15
LegalBench-RAG,1200000,1200000,4,Tombstone,2,authorized_4_2,authorized,False,False,True,True,False,False,False,22,0.25
LegalBench-RAG,1200000,1200000,4,Tombstone,3,authorized_4_3,authorized,False,False,True,True,True,False,False,23,0.35
LegalBench-RAG,1200000,1200000,4,Tombstone,4,revoked_bridge_4_4,revoked_bridge,True,False,True,True,False,False,False,24,0.45
LegalBench-RAG,1200000,1200000,4,Tombstone,5,revoked_bridge_4_5,revoked_bridge,True,False,True,True,False,False,False,25,0.55
LegalBench-RAG,1200000,1200000,4,Tombstone,6,authorized_4_6,authorized,False,False,True,True,True,False,False,26,0.65
LegalBench-RAG,1200000,1200000,4,Tombstone,7,authorized_4_7,authorized,False,False,True,True,False,False,False,27,0.75
LegalBench-RAG,1200000,1200000,4,Tombstone,8,authorized_4_8,authorized,False,False,True,True,False,False,False,28,0.85
LegalBench-RAG,1200000,1200000,4,Tombstone,9,authorized_4_9,authorized,False,False,True,True,True,False,False,29,0.95
LegalBench-RAG,1200000,1200000,4,Tombstone,10,authorized_4_10,authorized,False,False,True,True,False,True,False,30,1.05
LegalBench-RAG,1200000,1200000,4,Tombstone,11,authorized_4_11,authorized,False,False,True,True,False,True,False,31,1.15
LegalBench-RAG,1200000,1200000,4,Tombstone,12,authorized_4_12,authorized,False,False,True,True,True,True,False,32,1.25
LegalBench-RAG,1200000,1200000,4,Lethe,1,authorized_4_1,authorized,False,False,True,True,False,False,False,21,0.15
LegalBench-RAG,1200000,1200000,4,Lethe,2,authorized_4_2,authorized,False,False,True,True,False,False,False,22,0.25
LegalBench-RAG,1200000,1200000,4,Lethe,3,authorized_4_3,authorized,False,False,True,True,True,False,False,23,0.35
LegalBench-RAG,1200000,1200000,4,Lethe,4,revoked_bridge_4_4,revoked_bridge,True,True,False,False,False,False,False,24,0.45
LegalBench-RAG,1200000,1200000,4,Lethe,5,revoked_bridge_4_5,revoked_bridge,True,True,False,False,False,False,False,25,0.55
LegalBench-RAG,1200000,1200000,4,Lethe,6,authorized_4_6,authorized,False,False,True,True,True,False,True,26,0.65
LegalBench-RAG,1200000,1200000,4,Lethe,7,authorized_4_7,authorized,False,False,True,True,False,False,False,27,0.75
LegalBench-RAG,1200000,1200000,4,Lethe,8,authorized_4_8,authorized,False,False,True,True,False,False,False,28,0.85
LegalBench-RAG,1200000,1200000,4,Lethe,9,authorized_4_9,authorized,False,False,True,True,True,False,False,29,0.95
LegalBench-RAG,1200000,1200000,4,Lethe,10,authorized_4_10,authorized,False,False,True,True,False,True,False,30,1.05
LegalBench-RAG,1200000,1200000,4,Lethe,11,authorized_4_11,authorized,False,False,True,True,False,True,False,31,1.15
LegalBench-RAG,1200000,1200000,4,Lethe,12,authorized_4_12,authorized,False,False,True,True,True,True,False,32,1.25
LegalBench-RAG,1200000,1200000,5,Tombstone,1,authorized_5_1,authorized,False,False,True,True,False,False,False,21,0.15
LegalBench-RAG,1200000,1200000,5,Tombstone,2,authorized_5_2,authorized,False,False,True,True,False,False,False,22,0.25
LegalBench-RAG,1200000,1200000,5,Tombstone,3,authorized_5_3,authorized,False,False,True,True,True,False,False,23,0.35
LegalBench-RAG,1200000,1200000,5,Tombstone,4,revoked_bridge_5_4,revoked_bridge,True,False,True,True,False,False,False,24,0.45
LegalBench-RAG,1200000,1200000,5,Tombstone,5,revoked_bridge_5_5,revoked_bridge,True,False,True,True,False,False,False,25,0.55
LegalBench-RAG,1200000,1200000,5,Tombstone,6,authorized_5_6,authorized,False,False,True,True,True,False,False,26,0.65
LegalBench-RAG,1200000,1200000,5,Tombstone,7,authorized_5_7,authorized,False,False,True,True,False,False,False,27,0.75
LegalBench-RAG,1200000,1200000,5,Tombstone,8,authorized_5_8,authorized,False,False,True,True,False,False,False,28,0.85
LegalBench-RAG,1200000,1200000,5,Tombstone,9,authorized_5_9,authorized,False,False,True,True,True,False,False,29,0.95
LegalBench-RAG,1200000,1200000,5,Tombstone,10,authorized_5_10,authorized,False,False,True,True,False,True,False,30,1.05
LegalBench-RAG,1200000,1200000,5,Tombstone,11,authorized_5_11,authorized,False,False,True,True,False,True,False,31,1.15
LegalBench-RAG,1200000,1200000,5,Tombstone,12,authorized_5_12,authorized,False,False,True,True,True,True,False,32,1.25
LegalBench-RAG,1200000,1200000,5,Lethe,1,authorized_5_1,authorized,False,False,True,True,False,False,False,21,0.15
LegalBench-RAG,1200000,1200000,5,Lethe,2,authorized_5_2,authorized,False,False,True,True,False,False,False,22,0.25
LegalBench-RAG,1200000,1200000,5,Lethe,3,authorized_5_3,authorized,False,False,True,True,True,False,False,23,0.35
LegalBench-RAG,1200000,1200000,5,Lethe,4,revoked_bridge_5_4,revoked_bridge,True,True,False,False,False,False,False,24,0.45
LegalBench-RAG,1200000,1200000,5,Lethe,5,revoked_bridge_5_5,revoked_bridge,True,True,False,False,False,False,False,25,0.55
LegalBench-RAG,1200000,1200000,5,Lethe,6,authorized_5_6,authorized,False,False,True,True,True,False,True,26,0.65
LegalBench-RAG,1200000,1200000,5,Lethe,7,authorized_5_7,authorized,False,False,True,True,False,False,False,27,0.75
LegalBench-RAG,1200000,1200000,5,Lethe,8,authorized_5_8,authorized,False,False,True,True,False,False,False,28,0.85
LegalBench-RAG,1200000,1200000,5,Lethe,9,authorized_5_9,authorized,False,False,True,True,True,False,False,29,0.95
LegalBench-RAG,1200000,1200000,5,Lethe,10,authorized_5_10,authorized,False,False,True,True,False,True,False,30,1.05
LegalBench-RAG,1200000,1200000,5,Lethe,11,authorized_5_11,authorized,False,False,True,True,False,True,False,31,1.15
LegalBench-RAG,1200000,1200000,5,Lethe,12,authorized_5_12,authorized,False,False,True,True,True,True,False,32,1.25
LegalBench-RAG,1200000,1200000,6,Tombstone,1,authorized_6_1,authorized,False,False,True,True,False,False,False,21,0.15
LegalBench-RAG,1200000,1200000,6,Tombstone,2,authorized_6_2,authorized,False,False,True,True,False,False,False,22,0.25
LegalBench-RAG,1200000,1200000,6,Tombstone,3,authorized_6_3,authorized,False,False,True,True,True,False,False,23,0.35
LegalBench-RAG,1200000,1200000,6,Tombstone,4,revoked_bridge_6_4,revoked_bridge,True,False,True,True,False,False,False,24,0.45
LegalBench-RAG,1200000,1200000,6,Tombstone,5,revoked_bridge_6_5,revoked_bridge,True,False,True,True,False,False,False,25,0.55
LegalBench-RAG,1200000,1200000,6,Tombstone,6,authorized_6_6,authorized,False,False,True,True,True,False,False,26,0.65
LegalBench-RAG,1200000,1200000,6,Tombstone,7,authorized_6_7,authorized,False,False,True,True,False,False,False,27,0.75
LegalBench-RAG,1200000,1200000,6,Tombstone,8,authorized_6_8,authorized,False,False,True,True,False,False,False,28,0.85
LegalBench-RAG,1200000,1200000,6,Tombstone,9,authorized_6_9,authorized,False,False,True,True,True,False,False,29,0.95
LegalBench-RAG,1200000,1200000,6,Tombstone,10,authorized_6_10,authorized,False,False,True,True,False,True,False,30,1.05
LegalBench-RAG,1200000,1200000,6,Tombstone,11,authorized_6_11,authorized,False,False,True,True,False,True,False,31,1.15
LegalBench-RAG,1200000,1200000,6,Tombstone,12,authorized_6_12,authorized,False,False,True,True,True,True,False,32,1.25
LegalBench-RAG,1200000,1200000,6,Lethe,1,authorized_6_1,authorized,False,False,True,True,False,False,False,21,0.15
LegalBench-RAG,1200000,1200000,6,Lethe,2,authorized_6_2,authorized,False,False,True,True,False,False,False,22,0.25
LegalBench-RAG,1200000,1200000,6,Lethe,3,authorized_6_3,authorized,False,False,True,True,True,False,False,23,0.35
LegalBench-RAG,1200000,1200000,6,Lethe,4,revoked_bridge_6_4,revoked_bridge,True,True,False,False,False,False,False,24,0.45
LegalBench-RAG,1200000,1200000,6,Lethe,5,revoked_bridge_6_5,revoked_bridge,True,True,False,False,False,False,False,25,0.55
LegalBench-RAG,1200000,1200000,6,Lethe,6,authorized_6_6,authorized,False,False,True,True,True,False,True,26,0.65
LegalBench-RAG,1200000,1200000,6,Lethe,7,authorized_6_7,authorized,False,False,True,True,False,False,False,27,0.75
LegalBench-RAG,1200000,1200000,6,Lethe,8,authorized_6_8,authorized,False,False,True,True,False,False,False,28,0.85
LegalBench-RAG,1200000,1200000,6,Lethe,9,authorized_6_9,authorized,False,False,True,True,True,False,False,29,0.95
LegalBench-RAG,1200000,1200000,6,Lethe,10,authorized_6_10,authorized,False,False,True,True,False,True,False,30,1.05
LegalBench-RAG,1200000,1200000,6,Lethe,11,authorized_6_11,authorized,False,False,True,True,False,True,False,31,1.15
LegalBench-RAG,1200000,1200000,6,Lethe,12,authorized_6_12,authorized,False,False,True,True,True,True,False,32,1.25
LegalBench-RAG,1200000,1200000,7,Tombstone,1,authorized_7_1,authorized,False,False,True,True,False,False,False,21,0.15
LegalBench-RAG,1200000,1200000,7,Tombstone,2,authorized_7_2,authorized,False,False,True,True,False,False,False,22,0.25
LegalBench-RAG,1200000,1200000,7,Tombstone,3,authorized_7_3,authorized,False,False,True,True,True,False,False,23,0.35
LegalBench-RAG,1200000,1200000,7,Tombstone,4,revoked_bridge_7_4,revoked_bridge,True,False,True,True,False,False,False,24,0.45
LegalBench-RAG,1200000,1200000,7,Tombstone,5,revoked_bridge_7_5,revoked_bridge,True,False,True,True,False,False,False,25,0.55
LegalBench-RAG,1200000,1200000,7,Tombstone,6,authorized_7_6,authorized,False,False,True,True,True,False,False,26,0.65
LegalBench-RAG,1200000,1200000,7,Tombstone,7,authorized_7_7,authorized,False,False,True,True,False,False,False,27,0.75
LegalBench-RAG,1200000,1200000,7,Tombstone,8,authorized_7_8,authorized,False,False,True,True,False,False,False,28,0.85
LegalBench-RAG,1200000,1200000,7,Tombstone,9,authorized_7_9,authorized,False,False,True,True,True,False,False,29,0.95
LegalBench-RAG,1200000,1200000,7,Tombstone,10,authorized_7_10,authorized,False,False,True,True,False,True,False,30,1.05
LegalBench-RAG,1200000,1200000,7,Tombstone,11,authorized_7_11,authorized,False,False,True,True,False,True,False,31,1.15
LegalBench-RAG,1200000,1200000,7,Tombstone,12,authorized_7_12,authorized,False,False,True,True,True,True,False,32,1.25
LegalBench-RAG,1200000,1200000,7,Lethe,1,authorized_7_1,authorized,False,False,True,True,False,False,False,21,0.15
LegalBench-RAG,1200000,1200000,7,Lethe,2,authorized_7_2,authorized,False,False,True,True,False,False,False,22,0.25
LegalBench-RAG,1200000,1200000,7,Lethe,3,authorized_7_3,authorized,False,False,True,True,True,False,False,23,0.35
LegalBench-RAG,1200000,1200000,7,Lethe,4,revoked_bridge_7_4,revoked_bridge,True,True,False,False,False,False,False,24,0.45
LegalBench-RAG,1200000,1200000,7,Lethe,5,revoked_bridge_7_5,revoked_bridge,True,True,False,False,False,False,False,25,0.55
LegalBench-RAG,1200000,1200000,7,Lethe,6,authorized_7_6,authorized,False,False,True,True,True,False,True,26,0.65
LegalBench-RAG,1200000,1200000,7,Lethe,7,authorized_7_7,authorized,False,False,True,True,False,False,False,27,0.75
LegalBench-RAG,1200000,1200000,7,Lethe,8,authorized_7_8,authorized,False,False,True,True,False,False,False,28,0.85
LegalBench-RAG,1200000,1200000,7,Lethe,9,authorized_7_9,authorized,False,False,True,True,True,False,False,29,0.95
LegalBench-RAG,1200000,1200000,7,Lethe,10,authorized_7_10,authorized,False,False,True,True,False,True,False,30,1.05
LegalBench-RAG,1200000,1200000,7,Lethe,11,authorized_7_11,authorized,False,False,True,True,False,True,False,31,1.15
LegalBench-RAG,1200000,1200000,7,Lethe,12,authorized_7_12,authorized,False,False,True,True,True,True,False,32,1.25
LegalBench-RAG,1200000,1200000,8,Tombstone,1,authorized_8_1,authorized,False,False,True,True,False,False,False,21,0.15
LegalBench-RAG,1200000,1200000,8,Tombstone,2,authorized_8_2,authorized,False,False,True,True,False,False,False,22,0.25
LegalBench-RAG,1200000,1200000,8,Tombstone,3,authorized_8_3,authorized,False,False,True,True,True,False,False,23,0.35
LegalBench-RAG,1200000,1200000,8,Tombstone,4,revoked_bridge_8_4,revoked_bridge,True,False,True,True,False,False,False,24,0.45
LegalBench-RAG,1200000,1200000,8,Tombstone,5,revoked_bridge_8_5,revoked_bridge,True,False,True,True,False,False,False,25,0.55
LegalBench-RAG,1200000,1200000,8,Tombstone,6,authorized_8_6,authorized,False,False,True,True,True,False,False,26,0.65
LegalBench-RAG,1200000,1200000,8,Tombstone,7,authorized_8_7,authorized,False,False,True,True,False,False,False,27,0.75
LegalBench-RAG,1200000,1200000,8,Tombstone,8,authorized_8_8,authorized,False,False,True,True,False,False,False,28,0.85
LegalBench-RAG,1200000,1200000,8,Tombstone,9,authorized_8_9,authorized,False,False,True,True,True,False,False,29,0.95
LegalBench-RAG,1200000,1200000,8,Tombstone,10,authorized_8_10,authorized,False,False,True,True,False,True,False,30,1.05
LegalBench-RAG,1200000,1200000,8,Tombstone,11,authorized_8_11,authorized,False,False,True,True,False,True,False,31,1.15
LegalBench-RAG,1200000,1200000,8,Tombstone,12,authorized_8_12,authorized,False,False,True,True,True,True,False,32,1.25
LegalBench-RAG,1200000,1200000,8,Lethe,1,authorized_8_1,authorized,False,False,True,True,False,False,False,21,0.15
LegalBench-RAG,1200000,1200000,8,Lethe,2,authorized_8_2,authorized,False,False,True,True,False,False,False,22,0.25
LegalBench-RAG,1200000,1200000,8,Lethe,3,authorized_8_3,authorized,False,False,True,True,True,False,False,23,0.35
LegalBench-RAG,1200000,1200000,8,Lethe,4,revoked_bridge_8_4,revoked_bridge,True,True,False,False,False,False,False,24,0.45
LegalBench-RAG,1200000,1200000,8,Lethe,5,revoked_bridge_8_5,revoked_bridge,True,True,False,False,False,False,False,25,0.55
LegalBench-RAG,1200000,1200000,8,Lethe,6,authorized_8_6,authorized,False,False,True,True,True,False,True,26,0.65
LegalBench-RAG,1200000,1200000,8,Lethe,7,authorized_8_7,authorized,False,False,True,True,False,False,False,27,0.75
LegalBench-RAG,1200000,1200000,8,Lethe,8,authorized_8_8,authorized,False,False,True,True,False,False,False,28,0.85
LegalBench-RAG,1200000,1200000,8,Lethe,9,authorized_8_9,authorized,False,False,True,True,True,False,False,29,0.95
LegalBench-RAG,1200000,1200000,8,Lethe,10,authorized_8_10,authorized,False,False,True,True,False,True,False,30,1.05
LegalBench-RAG,1200000,1200000,8,Lethe,11,authorized_8_11,authorized,False,False,True,True,False,True,False,31,1.15
LegalBench-RAG,1200000,1200000,8,Lethe,12,authorized_8_12,authorized,False,False,True,True,True,True,False,32,1.25
LegalBench-RAG,1200000,1200000,9,Tombstone,1,authorized_9_1,authorized,False,False,True,True,False,False,False,21,0.15
LegalBench-RAG,1200000,1200000,9,Tombstone,2,authorized_9_2,authorized,False,False,True,True,False,False,False,22,0.25
LegalBench-RAG,1200000,1200000,9,Tombstone,3,authorized_9_3,authorized,False,False,True,True,True,False,False,23,0.35
LegalBench-RAG,1200000,1200000,9,Tombstone,4,revoked_bridge_9_4,revoked_bridge,True,False,True,True,False,False,False,24,0.45
LegalBench-RAG,1200000,1200000,9,Tombstone,5,revoked_bridge_9_5,revoked_bridge,True,False,True,True,False,False,False,25,0.55
LegalBench-RAG,1200000,1200000,9,Tombstone,6,authorized_9_6,authorized,False,False,True,True,True,False,False,26,0.65
LegalBench-RAG,1200000,1200000,9,Tombstone,7,authorized_9_7,authorized,False,False,True,True,False,False,False,27,0.75
LegalBench-RAG,1200000,1200000,9,Tombstone,8,authorized_9_8,authorized,False,False,True,True,False,False,False,28,0.85
LegalBench-RAG,1200000,1200000,9,Tombstone,9,authorized_9_9,authorized,False,False,True,True,True,False,False,29,0.95
LegalBench-RAG,1200000,1200000,9,Tombstone,10,authorized_9_10,authorized,False,False,True,True,False,True,False,30,1.05
LegalBench-RAG,1200000,1200000,9,Tombstone,11,authorized_9_11,authorized,False,False,True,True,False,True,False,31,1.15
LegalBench-RAG,1200000,1200000,9,Tombstone,12,authorized_9_12,authorized,False,False,True,True,True,True,False,32,1.25
LegalBench-RAG,1200000,1200000,9,Lethe,1,authorized_9_1,authorized,False,False,True,True,False,False,False,21,0.15
LegalBench-RAG,1200000,1200000,9,Lethe,2,authorized_9_2,authorized,False,False,True,True,False,False,False,22,0.25
LegalBench-RAG,1200000,1200000,9,Lethe,3,authorized_9_3,authorized,False,False,True,True,True,False,False,23,0.35
LegalBench-RAG,1200000,1200000,9,Lethe,4,revoked_bridge_9_4,revoked_bridge,True,True,False,False,False,False,False,24,0.45
LegalBench-RAG,1200000,1200000,9,Lethe,5,revoked_bridge_9_5,revoked_bridge,True,True,False,False,False,False,False,25,0.55
LegalBench-RAG,1200000,1200000,9,Lethe,6,authorized_9_6,authorized,False,False,True,True,True,False,True,26,0.65
LegalBench-RAG,1200000,1200000,9,Lethe,7,authorized_9_7,authorized,False,False,True,True,False,False,False,27,0.75
LegalBench-RAG,1200000,1200000,9,Lethe,8,authorized_9_8,authorized,False,False,True,True,False,False,False,28,0.85
LegalBench-RAG,1200000,1200000,9,Lethe,9,authorized_9_9,authorized,False,False,True,True,True,False,False,29,0.95
LegalBench-RAG,1200000,1200000,9,Lethe,10,authorized_9_10,authorized,False,False,True,True,False,True,False,30,1.05
LegalBench-RAG,1200000,1200000,9,Lethe,11,authorized_9_11,authorized,False,False,True,True,False,True,False,31,1.15
LegalBench-RAG,1200000,1200000,9,Lethe,12,authorized_9_12,authorized,False,False,True,True,True,True,False,32,1.25
LegalBench-RAG,1200000,1200000,10,Tombstone,1,authorized_10_1,authorized,False,False,True,True,False,False,False,21,0.15
LegalBench-RAG,1200000,1200000,10,Tombstone,2,authorized_10_2,authorized,False,False,True,True,False,False,False,22,0.25
LegalBench-RAG,1200000,1200000,10,Tombstone,3,authorized_10_3,authorized,False,False,True,True,True,False,False,23,0.35
LegalBench-RAG,1200000,1200000,10,Tombstone,4,revoked_bridge_10_4,revoked_bridge,True,False,True,True,False,False,False,24,0.45
LegalBench-RAG,1200000,1200000,10,Tombstone,5,revoked_bridge_10_5,revoked_bridge,True,False,True,True,False,False,False,25,0.55
LegalBench-RAG,1200000,1200000,10,Tombstone,6,authorized_10_6,authorized,False,False,True,True,True,False,False,26,0.65
LegalBench-RAG,1200000,1200000,10,Tombstone,7,authorized_10_7,authorized,False,False,True,True,False,False,False,27,0.75
LegalBench-RAG,1200000,1200000,10,Tombstone,8,authorized_10_8,authorized,False,False,True,True,False,False,False,28,0.85
LegalBench-RAG,1200000,1200000,10,Tombstone,9,authorized_10_9,authorized,False,False,True,True,True,False,False,29,0.95
LegalBench-RAG,1200000,1200000,10,Tombstone,10,authorized_10_10,authorized,False,False,True,True,False,True,False,30,1.05
LegalBench-RAG,1200000,1200000,10,Tombstone,11,authorized_10_11,authorized,False,False,True,True,False,True,False,31,1.15
LegalBench-RAG,1200000,1200000,10,Tombstone,12,authorized_10_12,authorized,False,False,True,True,True,True,False,32,1.25
LegalBench-RAG,1200000,1200000,10,Lethe,1,authorized_10_1,authorized,False,False,True,True,False,False,False,21,0.15
LegalBench-RAG,1200000,1200000,10,Lethe,2,authorized_10_2,authorized,False,False,True,True,False,False,False,22,0.25
LegalBench-RAG,1200000,1200000,10,Lethe,3,authorized_10_3,authorized,False,False,True,True,True,False,False,23,0.35
LegalBench-RAG,1200000,1200000,10,Lethe,4,revoked_bridge_10_4,revoked_bridge,True,True,False,False,False,False,False,24,0.45
LegalBench-RAG,1200000,1200000,10,Lethe,5,revoked_bridge_10_5,revoked_bridge,True,True,False,False,False,False,False,25,0.55
LegalBench-RAG,1200000,1200000,10,Lethe,6,authorized_10_6,authorized,False,False,True,True,True,False,True,26,0.65
LegalBench-RAG,1200000,1200000,10,Lethe,7,authorized_10_7,authorized,False,False,True,True,False,False,False,27,0.75
LegalBench-RAG,1200000,1200000,10,Lethe,8,authorized_10_8,authorized,False,False,True,True,False,False,False,28,0.85
LegalBench-RAG,1200000,1200000,10,Lethe,9,authorized_10_9,authorized,False,False,True,True,True,False,False,29,0.95
LegalBench-RAG,1200000,1200000,10,Lethe,10,authorized_10_10,authorized,False,False,True,True,False,True,False,30,1.05
LegalBench-RAG,1200000,1200000,10,Lethe,11,authorized_10_11,authorized,False,False,True,True,False,True,False,31,1.15
LegalBench-RAG,1200000,1200000,10,Lethe,12,authorized_10_12,authorized,False,False,True,True,True,True,False,32,1.25
LegalBench-RAG,1200000,1200000,11,Tombstone,1,authorized_11_1,authorized,False,False,True,True,False,False,False,21,0.15
LegalBench-RAG,1200000,1200000,11,Tombstone,2,authorized_11_2,authorized,False,False,True,True,False,False,False,22,0.25
LegalBench-RAG,1200000,1200000,11,Tombstone,3,authorized_11_3,authorized,False,False,True,True,True,False,False,23,0.35
LegalBench-RAG,1200000,1200000,11,Tombstone,4,revoked_bridge_11_4,revoked_bridge,True,False,True,True,False,False,False,24,0.45
LegalBench-RAG,1200000,1200000,11,Tombstone,5,revoked_bridge_11_5,revoked_bridge,True,False,True,True,False,False,False,25,0.55
LegalBench-RAG,1200000,1200000,11,Tombstone,6,authorized_11_6,authorized,False,False,True,True,True,False,False,26,0.65
LegalBench-RAG,1200000,1200000,11,Tombstone,7,authorized_11_7,authorized,False,False,True,True,False,False,False,27,0.75
LegalBench-RAG,1200000,1200000,11,Tombstone,8,authorized_11_8,authorized,False,False,True,True,False,False,False,28,0.85
LegalBench-RAG,1200000,1200000,11,Tombstone,9,authorized_11_9,authorized,False,False,True,True,True,False,False,29,0.95
LegalBench-RAG,1200000,1200000,11,Tombstone,10,authorized_11_10,authorized,False,False,True,True,False,True,False,30,1.05
LegalBench-RAG,1200000,1200000,11,Tombstone,11,authorized_11_11,authorized,False,False,True,True,False,True,False,31,1.15
LegalBench-RAG,1200000,1200000,11,Tombstone,12,authorized_11_12,authorized,False,False,True,True,True,True,False,32,1.25
LegalBench-RAG,1200000,1200000,11,Lethe,1,authorized_11_1,authorized,False,False,True,True,False,False,False,21,0.15
LegalBench-RAG,1200000,1200000,11,Lethe,2,authorized_11_2,authorized,False,False,True,True,False,False,False,22,0.25
LegalBench-RAG,1200000,1200000,11,Lethe,3,authorized_11_3,authorized,False,False,True,True,True,False,False,23,0.35
LegalBench-RAG,1200000,1200000,11,Lethe,4,revoked_bridge_11_4,revoked_bridge,True,True,False,False,False,False,False,24,0.45
LegalBench-RAG,1200000,1200000,11,Lethe,5,revoked_bridge_11_5,revoked_bridge,True,True,False,False,False,False,False,25,0.55
LegalBench-RAG,1200000,1200000,11,Lethe,6,authorized_11_6,authorized,False,False,True,True,True,False,True,26,0.65
LegalBench-RAG,1200000,1200000,11,Lethe,7,authorized_11_7,authorized,False,False,True,True,False,False,False,27,0.75
LegalBench-RAG,1200000,1200000,11,Lethe,8,authorized_11_8,authorized,False,False,True,True,False,False,False,28,0.85
LegalBench-RAG,1200000,1200000,11,Lethe,9,authorized_11_9,authorized,False,False,True,True,True,False,False,29,0.95
LegalBench-RAG,1200000,1200000,11,Lethe,10,authorized_11_10,authorized,False,False,True,True,False,True,False,30,1.05
LegalBench-RAG,1200000,1200000,11,Lethe,11,authorized_11_11,authorized,False,False,True,True,False,True,False,31,1.15
LegalBench-RAG,1200000,1200000,11,Lethe,12,authorized_11_12,authorized,False,False,True,True,True,True,False,32,1.25
LegalBench-RAG,1200000,1200000,12,Tombstone,1,authorized_12_1,authorized,False,False,True,True,False,False,False,21,0.15
LegalBench-RAG,1200000,1200000,12,Tombstone,2,authorized_12_2,authorized,False,False,True,True,False,False,False,22,0.25
LegalBench-RAG,1200000,1200000,12,Tombstone,3,authorized_12_3,authorized,False,False,True,True,True,False,False,23,0.35
LegalBench-RAG,1200000,1200000,12,Tombstone,4,revoked_bridge_12_4,revoked_bridge,True,False,True,True,False,False,False,24,0.45
LegalBench-RAG,1200000,1200000,12,Tombstone,5,revoked_bridge_12_5,revoked_bridge,True,False,True,True,False,False,False,25,0.55
LegalBench-RAG,1200000,1200000,12,Tombstone,6,authorized_12_6,authorized,False,False,True,True,True,False,False,26,0.65
LegalBench-RAG,1200000,1200000,12,Tombstone,7,authorized_12_7,authorized,False,False,True,True,False,False,False,27,0.75
LegalBench-RAG,1200000,1200000,12,Tombstone,8,authorized_12_8,authorized,False,False,True,True,False,False,False,28,0.85
LegalBench-RAG,1200000,1200000,12,Tombstone,9,authorized_12_9,authorized,False,False,True,True,True,False,False,29,0.95
LegalBench-RAG,1200000,1200000,12,Tombstone,10,authorized_12_10,authorized,False,False,True,True,False,True,False,30,1.05
LegalBench-RAG,1200000,1200000,12,Tombstone,11,authorized_12_11,authorized,False,False,True,True,False,True,False,31,1.15
LegalBench-RAG,1200000,1200000,12,Tombstone,12,authorized_12_12,authorized,False,False,True,True,True,True,False,32,1.25
LegalBench-RAG,1200000,1200000,12,Lethe,1,authorized_12_1,authorized,False,False,True,True,False,False,False,21,0.15
LegalBench-RAG,1200000,1200000,12,Lethe,2,authorized_12_2,authorized,False,False,True,True,False,False,False,22,0.25
LegalBench-RAG,1200000,1200000,12,Lethe,3,authorized_12_3,authorized,False,False,True,True,True,False,False,23,0.35
LegalBench-RAG,1200000,1200000,12,Lethe,4,revoked_bridge_12_4,revoked_bridge,True,True,False,False,False,False,False,24,0.45
LegalBench-RAG,1200000,1200000,12,Lethe,5,revoked_bridge_12_5,revoked_bridge,True,True,False,False,False,False,False,25,0.55
LegalBench-RAG,1200000,1200000,12,Lethe,6,authorized_12_6,authorized,False,False,True,True,True,False,True,26,0.65
LegalBench-RAG,1200000,1200000,12,Lethe,7,authorized_12_7,authorized,False,False,True,True,False,False,False,27,0.75
LegalBench-RAG,1200000,1200000,12,Lethe,8,authorized_12_8,authorized,False,False,True,True,False,False,False,28,0.85
LegalBench-RAG,1200000,1200000,12,Lethe,9,authorized_12_9,authorized,False,False,True,True,True,False,False,29,0.95
LegalBench-RAG,1200000,1200000,12,Lethe,10,authorized_12_10,authorized,False,False,True,True,False,True,False,30,1.05
LegalBench-RAG,1200000,1200000,12,Lethe,11,authorized_12_11,authorized,False,False,True,True,False,True,False,31,1.15
LegalBench-RAG,1200000,1200000,12,Lethe,12,authorized_12_12,authorized,False,False,True,True,True,True,False,32,1.25
LegalBench-RAG,1200000,1200000,13,Tombstone,1,authorized_13_1,authorized,False,False,True,True,False,False,False,21,0.15
LegalBench-RAG,1200000,1200000,13,Tombstone,2,authorized_13_2,authorized,False,False,True,True,False,False,False,22,0.25
LegalBench-RAG,1200000,1200000,13,Tombstone,3,authorized_13_3,authorized,False,False,True,True,True,False,False,23,0.35
LegalBench-RAG,1200000,1200000,13,Tombstone,4,revoked_bridge_13_4,revoked_bridge,True,False,True,True,False,False,False,24,0.45
LegalBench-RAG,1200000,1200000,13,Tombstone,5,revoked_bridge_13_5,revoked_bridge,True,False,True,True,False,False,False,25,0.55
LegalBench-RAG,1200000,1200000,13,Tombstone,6,authorized_13_6,authorized,False,False,True,True,True,False,False,26,0.65
LegalBench-RAG,1200000,1200000,13,Tombstone,7,authorized_13_7,authorized,False,False,True,True,False,False,False,27,0.75
LegalBench-RAG,1200000,1200000,13,Tombstone,8,authorized_13_8,authorized,False,False,True,True,False,False,False,28,0.85
LegalBench-RAG,1200000,1200000,13,Tombstone,9,authorized_13_9,authorized,False,False,True,True,True,False,False,29,0.95
LegalBench-RAG,1200000,1200000,13,Tombstone,10,authorized_13_10,authorized,False,False,True,True,False,True,False,30,1.05
LegalBench-RAG,1200000,1200000,13,Tombstone,11,authorized_13_11,authorized,False,False,True,True,False,True,False,31,1.15
LegalBench-RAG,1200000,1200000,13,Tombstone,12,authorized_13_12,authorized,False,False,True,True,True,True,False,32,1.25
LegalBench-RAG,1200000,1200000,13,Lethe,1,authorized_13_1,authorized,False,False,True,True,False,False,False,21,0.15
LegalBench-RAG,1200000,1200000,13,Lethe,2,authorized_13_2,authorized,False,False,True,True,False,False,False,22,0.25
LegalBench-RAG,1200000,1200000,13,Lethe,3,authorized_13_3,authorized,False,False,True,True,True,False,False,23,0.35
LegalBench-RAG,1200000,1200000,13,Lethe,4,revoked_bridge_13_4,revoked_bridge,True,True,False,False,False,False,False,24,0.45
LegalBench-RAG,1200000,1200000,13,Lethe,5,revoked_bridge_13_5,revoked_bridge,True,True,False,False,False,False,False,25,0.55
LegalBench-RAG,1200000,1200000,13,Lethe,6,authorized_13_6,authorized,False,False,True,True,True,False,True,26,0.65
LegalBench-RAG,1200000,1200000,13,Lethe,7,authorized_13_7,authorized,False,False,True,True,False,False,False,27,0.75
LegalBench-RAG,1200000,1200000,13,Lethe,8,authorized_13_8,authorized,False,False,True,True,False,False,False,28,0.85
LegalBench-RAG,1200000,1200000,13,Lethe,9,authorized_13_9,authorized,False,False,True,True,True,False,False,29,0.95
LegalBench-RAG,1200000,1200000,13,Lethe,10,authorized_13_10,authorized,False,False,True,True,False,True,False,30,1.05
LegalBench-RAG,1200000,1200000,13,Lethe,11,authorized_13_11,authorized,False,False,True,True,False,True,False,31,1.15
LegalBench-RAG,1200000,1200000,13,Lethe,12,authorized_13_12,authorized,False,False,True,True,True,True,False,32,1.25
LegalBench-RAG,1200000,1200000,14,Tombstone,1,authorized_14_1,authorized,False,False,True,True,False,False,False,21,0.15
LegalBench-RAG,1200000,1200000,14,Tombstone,2,authorized_14_2,authorized,False,False,True,True,False,False,False,22,0.25
LegalBench-RAG,1200000,1200000,14,Tombstone,3,authorized_14_3,authorized,False,False,True,True,True,False,False,23,0.35
LegalBench-RAG,1200000,1200000,14,Tombstone,4,revoked_bridge_14_4,revoked_bridge,True,False,True,True,False,False,False,24,0.45
LegalBench-RAG,1200000,1200000,14,Tombstone,5,revoked_bridge_14_5,revoked_bridge,True,False,True,True,False,False,False,25,0.55
LegalBench-RAG,1200000,1200000,14,Tombstone,6,authorized_14_6,authorized,False,False,True,True,True,False,False,26,0.65
LegalBench-RAG,1200000,1200000,14,Tombstone,7,authorized_14_7,authorized,False,False,True,True,False,False,False,27,0.75
LegalBench-RAG,1200000,1200000,14,Tombstone,8,authorized_14_8,authorized,False,False,True,True,False,False,False,28,0.85
LegalBench-RAG,1200000,1200000,14,Tombstone,9,authorized_14_9,authorized,False,False,True,True,True,False,False,29,0.95
LegalBench-RAG,1200000,1200000,14,Tombstone,10,authorized_14_10,authorized,False,False,True,True,False,True,False,30,1.05
LegalBench-RAG,1200000,1200000,14,Tombstone,11,authorized_14_11,authorized,False,False,True,True,False,True,False,31,1.15
LegalBench-RAG,1200000,1200000,14,Tombstone,12,authorized_14_12,authorized,False,False,True,True,True,True,False,32,1.25
LegalBench-RAG,1200000,1200000,14,Lethe,1,authorized_14_1,authorized,False,False,True,True,False,False,False,21,0.15
LegalBench-RAG,1200000,1200000,14,Lethe,2,authorized_14_2,authorized,False,False,True,True,False,False,False,22,0.25
LegalBench-RAG,1200000,1200000,14,Lethe,3,authorized_14_3,authorized,False,False,True,True,True,False,False,23,0.35
LegalBench-RAG,1200000,1200000,14,Lethe,4,revoked_bridge_14_4,revoked_bridge,True,True,False,False,False,False,False,24,0.45
LegalBench-RAG,1200000,1200000,14,Lethe,5,revoked_bridge_14_5,revoked_bridge,True,True,False,False,False,False,False,25,0.55
LegalBench-RAG,1200000,1200000,14,Lethe,6,authorized_14_6,authorized,False,False,True,True,True,False,True,26,0.65
LegalBench-RAG,1200000,1200000,14,Lethe,7,authorized_14_7,authorized,False,False,True,True,False,False,False,27,0.75
LegalBench-RAG,1200000,1200000,14,Lethe,8,authorized_14_8,authorized,False,False,True,True,False,False,False,28,0.85
LegalBench-RAG,1200000,1200000,14,Lethe,9,authorized_14_9,authorized,False,False,True,True,True,False,False,29,0.95
LegalBench-RAG,1200000,1200000,14,Lethe,10,authorized_14_10,authorized,False,False,True,True,False,True,False,30,1.05
LegalBench-RAG,1200000,1200000,14,Lethe,11,authorized_14_11,authorized,False,False,True,True,False,True,False,31,1.15
LegalBench-RAG,1200000,1200000,14,Lethe,12,authorized_14_12,authorized,False,False,True,True,True,True,False,32,1.25
LegalBench-RAG,1200000,1200000,15,Tombstone,1,authorized_15_1,authorized,False,False,True,True,False,False,False,21,0.15
LegalBench-RAG,1200000,1200000,15,Tombstone,2,authorized_15_2,authorized,False,False,True,True,False,False,False,22,0.25
LegalBench-RAG,1200000,1200000,15,Tombstone,3,authorized_15_3,authorized,False,False,True,True,True,False,False,23,0.35
LegalBench-RAG,1200000,1200000,15,Tombstone,4,revoked_bridge_15_4,revoked_bridge,True,False,True,True,False,False,False,24,0.45
LegalBench-RAG,1200000,1200000,15,Tombstone,5,revoked_bridge_15_5,revoked_bridge,True,False,True,True,False,False,False,25,0.55
LegalBench-RAG,1200000,1200000,15,Tombstone,6,authorized_15_6,authorized,False,False,True,True,True,False,False,26,0.65
LegalBench-RAG,1200000,1200000,15,Tombstone,7,authorized_15_7,authorized,False,False,True,True,False,False,False,27,0.75
LegalBench-RAG,1200000,1200000,15,Tombstone,8,authorized_15_8,authorized,False,False,True,True,False,False,False,28,0.85
LegalBench-RAG,1200000,1200000,15,Tombstone,9,authorized_15_9,authorized,False,False,True,True,True,False,False,29,0.95
LegalBench-RAG,1200000,1200000,15,Tombstone,10,authorized_15_10,authorized,False,False,True,True,False,True,False,30,1.05
LegalBench-RAG,1200000,1200000,15,Tombstone,11,authorized_15_11,authorized,False,False,True,True,False,True,False,31,1.15
LegalBench-RAG,1200000,1200000,15,Tombstone,12,authorized_15_12,authorized,False,False,True,True,True,True,False,32,1.25
LegalBench-RAG,1200000,1200000,15,Lethe,1,authorized_15_1,authorized,False,False,True,True,False,False,False,21,0.15
LegalBench-RAG,1200000,1200000,15,Lethe,2,authorized_15_2,authorized,False,False,True,True,False,False,False,22,0.25
LegalBench-RAG,1200000,1200000,15,Lethe,3,authorized_15_3,authorized,False,False,True,True,True,False,False,23,0.35
LegalBench-RAG,1200000,1200000,15,Lethe,4,revoked_bridge_15_4,revoked_bridge,True,True,False,False,False,False,False,24,0.45
LegalBench-RAG,1200000,1200000,15,Lethe,5,revoked_bridge_15_5,revoked_bridge,True,True,False,False,False,False,False,25,0.55
LegalBench-RAG,1200000,1200000,15,Lethe,6,authorized_15_6,authorized,False,False,True,True,True,False,True,26,0.65
LegalBench-RAG,1200000,1200000,15,Lethe,7,authorized_15_7,authorized,False,False,True,True,False,False,False,27,0.75
LegalBench-RAG,1200000,1200000,15,Lethe,8,authorized_15_8,authorized,False,False,True,True,False,False,False,28,0.85
LegalBench-RAG,1200000,1200000,15,Lethe,9,authorized_15_9,authorized,False,False,True,True,True,False,False,29,0.95
LegalBench-RAG,1200000,1200000,15,Lethe,10,authorized_15_10,authorized,False,False,True,True,False,True,False,30,1.05
LegalBench-RAG,1200000,1200000,15,Lethe,11,authorized_15_11,authorized,False,False,True,True,False,True,False,31,1.15
LegalBench-RAG,1200000,1200000,15,Lethe,12,authorized_15_12,authorized,False,False,True,True,True,True,False,32,1.25
LegalBench-RAG,1200000,1200000,16,Tombstone,1,authorized_16_1,authorized,False,False,True,True,False,False,False,21,0.15
LegalBench-RAG,1200000,1200000,16,Tombstone,2,authorized_16_2,authorized,False,False,True,True,False,False,False,22,0.25
LegalBench-RAG,1200000,1200000,16,Tombstone,3,authorized_16_3,authorized,False,False,True,True,True,False,False,23,0.35
LegalBench-RAG,1200000,1200000,16,Tombstone,4,revoked_bridge_16_4,revoked_bridge,True,False,True,True,False,False,False,24,0.45
LegalBench-RAG,1200000,1200000,16,Tombstone,5,revoked_bridge_16_5,revoked_bridge,True,False,True,True,False,False,False,25,0.55
LegalBench-RAG,1200000,1200000,16,Tombstone,6,authorized_16_6,authorized,False,False,True,True,True,False,False,26,0.65
LegalBench-RAG,1200000,1200000,16,Tombstone,7,authorized_16_7,authorized,False,False,True,True,False,False,False,27,0.75
LegalBench-RAG,1200000,1200000,16,Tombstone,8,authorized_16_8,authorized,False,False,True,True,False,False,False,28,0.85
LegalBench-RAG,1200000,1200000,16,Tombstone,9,authorized_16_9,authorized,False,False,True,True,True,False,False,29,0.95
LegalBench-RAG,1200000,1200000,16,Tombstone,10,authorized_16_10,authorized,False,False,True,True,False,True,False,30,1.05
LegalBench-RAG,1200000,1200000,16,Tombstone,11,authorized_16_11,authorized,False,False,True,True,False,True,False,31,1.15
LegalBench-RAG,1200000,1200000,16,Tombstone,12,authorized_16_12,authorized,False,False,True,True,True,True,False,32,1.25
LegalBench-RAG,1200000,1200000,16,Lethe,1,authorized_16_1,authorized,False,False,True,True,False,False,False,21,0.15
LegalBench-RAG,1200000,1200000,16,Lethe,2,authorized_16_2,authorized,False,False,True,True,False,False,False,22,0.25
LegalBench-RAG,1200000,1200000,16,Lethe,3,authorized_16_3,authorized,False,False,True,True,True,False,False,23,0.35
LegalBench-RAG,1200000,1200000,16,Lethe,4,revoked_bridge_16_4,revoked_bridge,True,True,False,False,False,False,False,24,0.45
LegalBench-RAG,1200000,1200000,16,Lethe,5,revoked_bridge_16_5,revoked_bridge,True,True,False,False,False,False,False,25,0.55
LegalBench-RAG,1200000,1200000,16,Lethe,6,authorized_16_6,authorized,False,False,True,True,True,False,True,26,0.65
LegalBench-RAG,1200000,1200000,16,Lethe,7,authorized_16_7,authorized,False,False,True,True,False,False,False,27,0.75
LegalBench-RAG,1200000,1200000,16,Lethe,8,authorized_16_8,authorized,False,False,True,True,False,False,False,28,0.85
LegalBench-RAG,1200000,1200000,16,Lethe,9,authorized_16_9,authorized,False,False,True,True,True,False,False,29,0.95
LegalBench-RAG,1200000,1200000,16,Lethe,10,authorized_16_10,authorized,False,False,True,True,False,True,False,30,1.05
LegalBench-RAG,1200000,1200000,16,Lethe,11,authorized_16_11,authorized,False,False,True,True,False,True,False,31,1.15
LegalBench-RAG,1200000,1200000,16,Lethe,12,authorized_16_12,authorized,False,False,True,True,True,True,False,32,1.25
LegalBench-RAG,1200000,1200000,17,Tombstone,1,authorized_17_1,authorized,False,False,True,True,False,False,False,21,0.15
LegalBench-RAG,1200000,1200000,17,Tombstone,2,authorized_17_2,authorized,False,False,True,True,False,False,False,22,0.25
LegalBench-RAG,1200000,1200000,17,Tombstone,3,authorized_17_3,authorized,False,False,True,True,True,False,False,23,0.35
LegalBench-RAG,1200000,1200000,17,Tombstone,4,revoked_bridge_17_4,revoked_bridge,True,False,True,True,False,False,False,24,0.45
LegalBench-RAG,1200000,1200000,17,Tombstone,5,revoked_bridge_17_5,revoked_bridge,True,False,True,True,False,False,False,25,0.55
LegalBench-RAG,1200000,1200000,17,Tombstone,6,authorized_17_6,authorized,False,False,True,True,True,False,False,26,0.65
LegalBench-RAG,1200000,1200000,17,Tombstone,7,authorized_17_7,authorized,False,False,True,True,False,False,False,27,0.75
LegalBench-RAG,1200000,1200000,17,Tombstone,8,authorized_17_8,authorized,False,False,True,True,False,False,False,28,0.85
LegalBench-RAG,1200000,1200000,17,Tombstone,9,authorized_17_9,authorized,False,False,True,True,True,False,False,29,0.95
LegalBench-RAG,1200000,1200000,17,Tombstone,10,authorized_17_10,authorized,False,False,True,True,False,True,False,30,1.05
LegalBench-RAG,1200000,1200000,17,Tombstone,11,authorized_17_11,authorized,False,False,True,True,False,True,False,31,1.15
LegalBench-RAG,1200000,1200000,17,Tombstone,12,authorized_17_12,authorized,False,False,True,True,True,True,False,32,1.25
LegalBench-RAG,1200000,1200000,17,Lethe,1,authorized_17_1,authorized,False,False,True,True,False,False,False,21,0.15
LegalBench-RAG,1200000,1200000,17,Lethe,2,authorized_17_2,authorized,False,False,True,True,False,False,False,22,0.25
LegalBench-RAG,1200000,1200000,17,Lethe,3,authorized_17_3,authorized,False,False,True,True,True,False,False,23,0.35
LegalBench-RAG,1200000,1200000,17,Lethe,4,revoked_bridge_17_4,revoked_bridge,True,True,False,False,False,False,False,24,0.45
LegalBench-RAG,1200000,1200000,17,Lethe,5,revoked_bridge_17_5,revoked_bridge,True,True,False,False,False,False,False,25,0.55
LegalBench-RAG,1200000,1200000,17,Lethe,6,authorized_17_6,authorized,False,False,True,True,True,False,True,26,0.65
LegalBench-RAG,1200000,1200000,17,Lethe,7,authorized_17_7,authorized,False,False,True,True,False,False,False,27,0.75
LegalBench-RAG,1200000,1200000,17,Lethe,8,authorized_17_8,authorized,False,False,True,True,False,False,False,28,0.85
LegalBench-RAG,1200000,1200000,17,Lethe,9,authorized_17_9,authorized,False,False,True,True,True,False,False,29,0.95
LegalBench-RAG,1200000,1200000,17,Lethe,10,authorized_17_10,authorized,False,False,True,True,False,True,False,30,1.05
LegalBench-RAG,1200000,1200000,17,Lethe,11,authorized_17_11,authorized,False,False,True,True,False,True,False,31,1.15
LegalBench-RAG,1200000,1200000,17,Lethe,12,authorized_17_12,authorized,False,False,True,True,True,True,False,32,1.25
LegalBench-RAG,1200000,1200000,18,Tombstone,1,authorized_18_1,authorized,False,False,True,True,False,False,False,21,0.15
LegalBench-RAG,1200000,1200000,18,Tombstone,2,authorized_18_2,authorized,False,False,True,True,False,False,False,22,0.25
LegalBench-RAG,1200000,1200000,18,Tombstone,3,authorized_18_3,authorized,False,False,True,True,True,False,False,23,0.35
LegalBench-RAG,1200000,1200000,18,Tombstone,4,revoked_bridge_18_4,revoked_bridge,True,False,True,True,False,False,False,24,0.45
LegalBench-RAG,1200000,1200000,18,Tombstone,5,revoked_bridge_18_5,revoked_bridge,True,False,True,True,False,False,False,25,0.55
LegalBench-RAG,1200000,1200000,18,Tombstone,6,authorized_18_6,authorized,False,False,True,True,True,False,False,26,0.65
LegalBench-RAG,1200000,1200000,18,Tombstone,7,authorized_18_7,authorized,False,False,True,True,False,False,False,27,0.75
LegalBench-RAG,1200000,1200000,18,Tombstone,8,authorized_18_8,authorized,False,False,True,True,False,False,False,28,0.85
LegalBench-RAG,1200000,1200000,18,Tombstone,9,authorized_18_9,authorized,False,False,True,True,True,False,False,29,0.95
LegalBench-RAG,1200000,1200000,18,Tombstone,10,authorized_18_10,authorized,False,False,True,True,False,True,False,30,1.05
LegalBench-RAG,1200000,1200000,18,Tombstone,11,authorized_18_11,authorized,False,False,True,True,False,True,False,31,1.15
LegalBench-RAG,1200000,1200000,18,Tombstone,12,authorized_18_12,authorized,False,False,True,True,True,True,False,32,1.25
LegalBench-RAG,1200000,1200000,18,Lethe,1,authorized_18_1,authorized,False,False,True,True,False,False,False,21,0.15
LegalBench-RAG,1200000,1200000,18,Lethe,2,authorized_18_2,authorized,False,False,True,True,False,False,False,22,0.25
LegalBench-RAG,1200000,1200000,18,Lethe,3,authorized_18_3,authorized,False,False,True,True,True,False,False,23,0.35
LegalBench-RAG,1200000,1200000,18,Lethe,4,revoked_bridge_18_4,revoked_bridge,True,True,False,False,False,False,False,24,0.45
LegalBench-RAG,1200000,1200000,18,Lethe,5,revoked_bridge_18_5,revoked_bridge,True,True,False,False,False,False,False,25,0.55
LegalBench-RAG,1200000,1200000,18,Lethe,6,authorized_18_6,authorized,False,False,True,True,True,False,True,26,0.65
LegalBench-RAG,1200000,1200000,18,Lethe,7,authorized_18_7,authorized,False,False,True,True,False,False,False,27,0.75
LegalBench-RAG,1200000,1200000,18,Lethe,8,authorized_18_8,authorized,False,False,True,True,False,False,False,28,0.85
LegalBench-RAG,1200000,1200000,18,Lethe,9,authorized_18_9,authorized,False,False,True,True,True,False,False,29,0.95
LegalBench-RAG,1200000,1200000,18,Lethe,10,authorized_18_10,authorized,False,False,True,True,False,True,False,30,1.05
LegalBench-RAG,1200000,1200000,18,Lethe,11,authorized_18_11,authorized,False,False,True,True,False,True,False,31,1.15
LegalBench-RAG,1200000,1200000,18,Lethe,12,authorized_18_12,authorized,False,False,True,True,True,True,False,32,1.25
LegalBench-RAG,1200000,1200000,19,Tombstone,1,authorized_19_1,authorized,False,False,True,True,False,False,False,21,0.15
LegalBench-RAG,1200000,1200000,19,Tombstone,2,authorized_19_2,authorized,False,False,True,True,False,False,False,22,0.25
LegalBench-RAG,1200000,1200000,19,Tombstone,3,authorized_19_3,authorized,False,False,True,True,True,False,False,23,0.35
LegalBench-RAG,1200000,1200000,19,Tombstone,4,revoked_bridge_19_4,revoked_bridge,True,False,True,True,False,False,False,24,0.45
LegalBench-RAG,1200000,1200000,19,Tombstone,5,revoked_bridge_19_5,revoked_bridge,True,False,True,True,False,False,False,25,0.55
LegalBench-RAG,1200000,1200000,19,Tombstone,6,authorized_19_6,authorized,False,False,True,True,True,False,False,26,0.65
LegalBench-RAG,1200000,1200000,19,Tombstone,7,authorized_19_7,authorized,False,False,True,True,False,False,False,27,0.75
LegalBench-RAG,1200000,1200000,19,Tombstone,8,authorized_19_8,authorized,False,False,True,True,False,False,False,28,0.85
LegalBench-RAG,1200000,1200000,19,Tombstone,9,authorized_19_9,authorized,False,False,True,True,True,False,False,29,0.95
LegalBench-RAG,1200000,1200000,19,Tombstone,10,authorized_19_10,authorized,False,False,True,True,False,True,False,30,1.05
LegalBench-RAG,1200000,1200000,19,Tombstone,11,authorized_19_11,authorized,False,False,True,True,False,True,False,31,1.15
LegalBench-RAG,1200000,1200000,19,Tombstone,12,authorized_19_12,authorized,False,False,True,True,True,True,False,32,1.25
LegalBench-RAG,1200000,1200000,19,Lethe,1,authorized_19_1,authorized,False,False,True,True,False,False,False,21,0.15
LegalBench-RAG,1200000,1200000,19,Lethe,2,authorized_19_2,authorized,False,False,True,True,False,False,False,22,0.25
LegalBench-RAG,1200000,1200000,19,Lethe,3,authorized_19_3,authorized,False,False,True,True,True,False,False,23,0.35
LegalBench-RAG,1200000,1200000,19,Lethe,4,revoked_bridge_19_4,revoked_bridge,True,True,False,False,False,False,False,24,0.45
LegalBench-RAG,1200000,1200000,19,Lethe,5,revoked_bridge_19_5,revoked_bridge,True,True,False,False,False,False,False,25,0.55
LegalBench-RAG,1200000,1200000,19,Lethe,6,authorized_19_6,authorized,False,False,True,True,True,False,True,26,0.65
LegalBench-RAG,1200000,1200000,19,Lethe,7,authorized_19_7,authorized,False,False,True,True,False,False,False,27,0.75
LegalBench-RAG,1200000,1200000,19,Lethe,8,authorized_19_8,authorized,False,False,True,True,False,False,False,28,0.85
LegalBench-RAG,1200000,1200000,19,Lethe,9,authorized_19_9,authorized,False,False,True,True,True,False,False,29,0.95
LegalBench-RAG,1200000,1200000,19,Lethe,10,authorized_19_10,authorized,False,False,True,True,False,True,False,30,1.05
LegalBench-RAG,1200000,1200000,19,Lethe,11,authorized_19_11,authorized,False,False,True,True,False,True,False,31,1.15
LegalBench-RAG,1200000,1200000,19,Lethe,12,authorized_19_12,authorized,False,False,True,True,True,True,False,32,1.25
LegalBench-RAG,1200000,1200000,20,Tombstone,1,authorized_20_1,authorized,False,False,True,True,False,False,False,21,0.15
LegalBench-RAG,1200000,1200000,20,Tombstone,2,authorized_20_2,authorized,False,False,True,True,False,False,False,22,0.25
LegalBench-RAG,1200000,1200000,20,Tombstone,3,authorized_20_3,authorized,False,False,True,True,True,False,False,23,0.35
LegalBench-RAG,1200000,1200000,20,Tombstone,4,revoked_bridge_20_4,revoked_bridge,True,False,True,True,False,False,False,24,0.45
LegalBench-RAG,1200000,1200000,20,Tombstone,5,revoked_bridge_20_5,revoked_bridge,True,False,True,True,False,False,False,25,0.55
LegalBench-RAG,1200000,1200000,20,Tombstone,6,authorized_20_6,authorized,False,False,True,True,True,False,False,26,0.65
LegalBench-RAG,1200000,1200000,20,Tombstone,7,authorized_20_7,authorized,False,False,True,True,False,False,False,27,0.75
LegalBench-RAG,1200000,1200000,20,Tombstone,8,authorized_20_8,authorized,False,False,True,True,False,False,False,28,0.85
LegalBench-RAG,1200000,1200000,20,Tombstone,9,authorized_20_9,authorized,False,False,True,True,True,False,False,29,0.95
LegalBench-RAG,1200000,1200000,20,Tombstone,10,authorized_20_10,authorized,False,False,True,True,False,True,False,30,1.05
LegalBench-RAG,1200000,1200000,20,Tombstone,11,authorized_20_11,authorized,False,False,True,True,False,True,False,31,1.15
LegalBench-RAG,1200000,1200000,20,Tombstone,12,authorized_20_12,authorized,False,False,True,True,True,True,False,32,1.25
LegalBench-RAG,1200000,1200000,20,Lethe,1,authorized_20_1,authorized,False,False,True,True,False,False,False,21,0.15
LegalBench-RAG,1200000,1200000,20,Lethe,2,authorized_20_2,authorized,False,False,True,True,False,False,False,22,0.25
LegalBench-RAG,1200000,1200000,20,Lethe,3,authorized_20_3,authorized,False,False,True,True,True,False,False,23,0.35
LegalBench-RAG,1200000,1200000,20,Lethe,4,revoked_bridge_20_4,revoked_bridge,True,True,False,False,False,False,False,24,0.45
LegalBench-RAG,1200000,1200000,20,Lethe,5,revoked_bridge_20_5,revoked_bridge,True,True,False,False,False,False,False,25,0.55
LegalBench-RAG,1200000,1200000,20,Lethe,6,authorized_20_6,authorized,False,False,True,True,True,False,True,26,0.65
LegalBench-RAG,1200000,1200000,20,Lethe,7,authorized_20_7,authorized,False,False,True,True,False,False,False,27,0.75
LegalBench-RAG,1200000,1200000,20,Lethe,8,authorized_20_8,authorized,False,False,True,True,False,False,False,28,0.85
LegalBench-RAG,1200000,1200000,20,Lethe,9,authorized_20_9,authorized,False,False,True,True,True,False,False,29,0.95
LegalBench-RAG,1200000,1200000,20,Lethe,10,authorized_20_10,authorized,False,False,True,True,False,True,False,30,1.05
LegalBench-RAG,1200000,1200000,20,Lethe,11,authorized_20_11,authorized,False,False,True,True,False,True,False,31,1.15
LegalBench-RAG,1200000,1200000,20,Lethe,12,authorized_20_12,authorized,False,False,True,True,True,True,False,32,1.25
LegalBench-RAG,1200000,1200000,21,Tombstone,1,authorized_21_1,authorized,False,False,True,True,False,False,False,21,0.15
LegalBench-RAG,1200000,1200000,21,Tombstone,2,authorized_21_2,authorized,False,False,True,True,False,False,False,22,0.25
LegalBench-RAG,1200000,1200000,21,Tombstone,3,authorized_21_3,authorized,False,False,True,True,True,False,False,23,0.35
LegalBench-RAG,1200000,1200000,21,Tombstone,4,revoked_bridge_21_4,revoked_bridge,True,False,True,True,False,False,False,24,0.45
LegalBench-RAG,1200000,1200000,21,Tombstone,5,revoked_bridge_21_5,revoked_bridge,True,False,True,True,False,False,False,25,0.55
LegalBench-RAG,1200000,1200000,21,Tombstone,6,authorized_21_6,authorized,False,False,True,True,True,False,False,26,0.65
LegalBench-RAG,1200000,1200000,21,Tombstone,7,authorized_21_7,authorized,False,False,True,True,False,False,False,27,0.75
LegalBench-RAG,1200000,1200000,21,Tombstone,8,authorized_21_8,authorized,False,False,True,True,False,False,False,28,0.85
LegalBench-RAG,1200000,1200000,21,Tombstone,9,authorized_21_9,authorized,False,False,True,True,True,False,False,29,0.95
LegalBench-RAG,1200000,1200000,21,Tombstone,10,authorized_21_10,authorized,False,False,True,True,False,True,False,30,1.05
LegalBench-RAG,1200000,1200000,21,Tombstone,11,authorized_21_11,authorized,False,False,True,True,False,True,False,31,1.15
LegalBench-RAG,1200000,1200000,21,Tombstone,12,authorized_21_12,authorized,False,False,True,True,True,True,False,32,1.25
LegalBench-RAG,1200000,1200000,21,Lethe,1,authorized_21_1,authorized,False,False,True,True,False,False,False,21,0.15
LegalBench-RAG,1200000,1200000,21,Lethe,2,authorized_21_2,authorized,False,False,True,True,False,False,False,22,0.25
LegalBench-RAG,1200000,1200000,21,Lethe,3,authorized_21_3,authorized,False,False,True,True,True,False,False,23,0.35
LegalBench-RAG,1200000,1200000,21,Lethe,4,revoked_bridge_21_4,revoked_bridge,True,True,False,False,False,False,False,24,0.45
LegalBench-RAG,1200000,1200000,21,Lethe,5,revoked_bridge_21_5,revoked_bridge,True,True,False,False,False,False,False,25,0.55
LegalBench-RAG,1200000,1200000,21,Lethe,6,authorized_21_6,authorized,False,False,True,True,True,False,True,26,0.65
LegalBench-RAG,1200000,1200000,21,Lethe,7,authorized_21_7,authorized,False,False,True,True,False,False,False,27,0.75
LegalBench-RAG,1200000,1200000,21,Lethe,8,authorized_21_8,authorized,False,False,True,True,False,False,False,28,0.85
LegalBench-RAG,1200000,1200000,21,Lethe,9,authorized_21_9,authorized,False,False,True,True,True,False,False,29,0.95
LegalBench-RAG,1200000,1200000,21,Lethe,10,authorized_21_10,authorized,False,False,True,True,False,True,False,30,1.05
LegalBench-RAG,1200000,1200000,21,Lethe,11,authorized_21_11,authorized,False,False,True,True,False,True,False,31,1.15
LegalBench-RAG,1200000,1200000,21,Lethe,12,authorized_21_12,authorized,False,False,True,True,True,True,False,32,1.25
LegalBench-RAG,1200000,1200000,22,Tombstone,1,authorized_22_1,authorized,False,False,True,True,False,False,False,21,0.15
LegalBench-RAG,1200000,1200000,22,Tombstone,2,authorized_22_2,authorized,False,False,True,True,False,False,False,22,0.25
LegalBench-RAG,1200000,1200000,22,Tombstone,3,authorized_22_3,authorized,False,False,True,True,True,False,False,23,0.35
LegalBench-RAG,1200000,1200000,22,Tombstone,4,revoked_bridge_22_4,revoked_bridge,True,False,True,True,False,False,False,24,0.45
LegalBench-RAG,1200000,1200000,22,Tombstone,5,revoked_bridge_22_5,revoked_bridge,True,False,True,True,False,False,False,25,0.55
LegalBench-RAG,1200000,1200000,22,Tombstone,6,authorized_22_6,authorized,False,False,True,True,True,False,False,26,0.65
LegalBench-RAG,1200000,1200000,22,Tombstone,7,authorized_22_7,authorized,False,False,True,True,False,False,False,27,0.75
LegalBench-RAG,1200000,1200000,22,Tombstone,8,authorized_22_8,authorized,False,False,True,True,False,False,False,28,0.85
LegalBench-RAG,1200000,1200000,22,Tombstone,9,authorized_22_9,authorized,False,False,True,True,True,False,False,29,0.95
LegalBench-RAG,1200000,1200000,22,Tombstone,10,authorized_22_10,authorized,False,False,True,True,False,True,False,30,1.05
LegalBench-RAG,1200000,1200000,22,Tombstone,11,authorized_22_11,authorized,False,False,True,True,False,True,False,31,1.15
LegalBench-RAG,1200000,1200000,22,Tombstone,12,authorized_22_12,authorized,False,False,True,True,True,True,False,32,1.25
LegalBench-RAG,1200000,1200000,22,Lethe,1,authorized_22_1,authorized,False,False,True,True,False,False,False,21,0.15
LegalBench-RAG,1200000,1200000,22,Lethe,2,authorized_22_2,authorized,False,False,True,True,False,False,False,22,0.25
LegalBench-RAG,1200000,1200000,22,Lethe,3,authorized_22_3,authorized,False,False,True,True,True,False,False,23,0.35
LegalBench-RAG,1200000,1200000,22,Lethe,4,revoked_bridge_22_4,revoked_bridge,True,True,False,False,False,False,False,24,0.45
LegalBench-RAG,1200000,1200000,22,Lethe,5,revoked_bridge_22_5,revoked_bridge,True,True,False,False,False,False,False,25,0.55
LegalBench-RAG,1200000,1200000,22,Lethe,6,authorized_22_6,authorized,False,False,True,True,True,False,True,26,0.65
LegalBench-RAG,1200000,1200000,22,Lethe,7,authorized_22_7,authorized,False,False,True,True,False,False,False,27,0.75
LegalBench-RAG,1200000,1200000,22,Lethe,8,authorized_22_8,authorized,False,False,True,True,False,False,False,28,0.85
LegalBench-RAG,1200000,1200000,22,Lethe,9,authorized_22_9,authorized,False,False,True,True,True,False,False,29,0.95
LegalBench-RAG,1200000,1200000,22,Lethe,10,authorized_22_10,authorized,False,False,True,True,False,True,False,30,1.05
LegalBench-RAG,1200000,1200000,22,Lethe,11,authorized_22_11,authorized,False,False,True,True,False,True,False,31,1.15
LegalBench-RAG,1200000,1200000,22,Lethe,12,authorized_22_12,authorized,False,False,True,True,True,True,False,32,1.25
LegalBench-RAG,1200000,1200000,23,Tombstone,1,authorized_23_1,authorized,False,False,True,True,False,False,False,21,0.15
LegalBench-RAG,1200000,1200000,23,Tombstone,2,authorized_23_2,authorized,False,False,True,True,False,False,False,22,0.25
LegalBench-RAG,1200000,1200000,23,Tombstone,3,authorized_23_3,authorized,False,False,True,True,True,False,False,23,0.35
LegalBench-RAG,1200000,1200000,23,Tombstone,4,revoked_bridge_23_4,revoked_bridge,True,False,True,True,False,False,False,24,0.45
LegalBench-RAG,1200000,1200000,23,Tombstone,5,revoked_bridge_23_5,revoked_bridge,True,False,True,True,False,False,False,25,0.55
LegalBench-RAG,1200000,1200000,23,Tombstone,6,authorized_23_6,authorized,False,False,True,True,True,False,False,26,0.65
LegalBench-RAG,1200000,1200000,23,Tombstone,7,authorized_23_7,authorized,False,False,True,True,False,False,False,27,0.75
LegalBench-RAG,1200000,1200000,23,Tombstone,8,authorized_23_8,authorized,False,False,True,True,False,False,False,28,0.85
LegalBench-RAG,1200000,1200000,23,Tombstone,9,authorized_23_9,authorized,False,False,True,True,True,False,False,29,0.95
LegalBench-RAG,1200000,1200000,23,Tombstone,10,authorized_23_10,authorized,False,False,True,True,False,True,False,30,1.05
LegalBench-RAG,1200000,1200000,23,Tombstone,11,authorized_23_11,authorized,False,False,True,True,False,True,False,31,1.15
LegalBench-RAG,1200000,1200000,23,Tombstone,12,authorized_23_12,authorized,False,False,True,True,True,True,False,32,1.25
LegalBench-RAG,1200000,1200000,23,Lethe,1,authorized_23_1,authorized,False,False,True,True,False,False,False,21,0.15
LegalBench-RAG,1200000,1200000,23,Lethe,2,authorized_23_2,authorized,False,False,True,True,False,False,False,22,0.25
LegalBench-RAG,1200000,1200000,23,Lethe,3,authorized_23_3,authorized,False,False,True,True,True,False,False,23,0.35
LegalBench-RAG,1200000,1200000,23,Lethe,4,revoked_bridge_23_4,revoked_bridge,True,True,False,False,False,False,False,24,0.45
LegalBench-RAG,1200000,1200000,23,Lethe,5,revoked_bridge_23_5,revoked_bridge,True,True,False,False,False,False,False,25,0.55
LegalBench-RAG,1200000,1200000,23,Lethe,6,authorized_23_6,authorized,False,False,True,True,True,False,True,26,0.65
LegalBench-RAG,1200000,1200000,23,Lethe,7,authorized_23_7,authorized,False,False,True,True,False,False,False,27,0.75
LegalBench-RAG,1200000,1200000,23,Lethe,8,authorized_23_8,authorized,False,False,True,True,False,False,False,28,0.85
LegalBench-RAG,1200000,1200000,23,Lethe,9,authorized_23_9,authorized,False,False,True,True,True,False,False,29,0.95
LegalBench-RAG,1200000,1200000,23,Lethe,10,authorized_23_10,authorized,False,False,True,True,False,True,False,30,1.05
LegalBench-RAG,1200000,1200000,23,Lethe,11,authorized_23_11,authorized,False,False,True,True,False,True,False,31,1.15
LegalBench-RAG,1200000,1200000,23,Lethe,12,authorized_23_12,authorized,False,False,True,True,True,True,False,32,1.25
LegalBench-RAG,1200000,1200000,24,Tombstone,1,authorized_24_1,authorized,False,False,True,True,False,False,False,21,0.15
LegalBench-RAG,1200000,1200000,24,Tombstone,2,authorized_24_2,authorized,False,False,True,True,False,False,False,22,0.25
LegalBench-RAG,1200000,1200000,24,Tombstone,3,authorized_24_3,authorized,False,False,True,True,True,False,False,23,0.35
LegalBench-RAG,1200000,1200000,24,Tombstone,4,revoked_bridge_24_4,revoked_bridge,True,False,True,True,False,False,False,24,0.45
LegalBench-RAG,1200000,1200000,24,Tombstone,5,revoked_bridge_24_5,revoked_bridge,True,False,True,True,False,False,False,25,0.55
LegalBench-RAG,1200000,1200000,24,Tombstone,6,authorized_24_6,authorized,False,False,True,True,True,False,False,26,0.65
LegalBench-RAG,1200000,1200000,24,Tombstone,7,authorized_24_7,authorized,False,False,True,True,False,False,False,27,0.75
LegalBench-RAG,1200000,1200000,24,Tombstone,8,authorized_24_8,authorized,False,False,True,True,False,False,False,28,0.85
LegalBench-RAG,1200000,1200000,24,Tombstone,9,authorized_24_9,authorized,False,False,True,True,True,False,False,29,0.95
LegalBench-RAG,1200000,1200000,24,Tombstone,10,authorized_24_10,authorized,False,False,True,True,False,True,False,30,1.05
LegalBench-RAG,1200000,1200000,24,Tombstone,11,authorized_24_11,authorized,False,False,True,True,False,True,False,31,1.15
LegalBench-RAG,1200000,1200000,24,Tombstone,12,authorized_24_12,authorized,False,False,True,True,True,True,False,32,1.25
LegalBench-RAG,1200000,1200000,24,Lethe,1,authorized_24_1,authorized,False,False,True,True,False,False,False,21,0.15
LegalBench-RAG,1200000,1200000,24,Lethe,2,authorized_24_2,authorized,False,False,True,True,False,False,False,22,0.25
LegalBench-RAG,1200000,1200000,24,Lethe,3,authorized_24_3,authorized,False,False,True,True,True,False,False,23,0.35
LegalBench-RAG,1200000,1200000,24,Lethe,4,revoked_bridge_24_4,revoked_bridge,True,True,False,False,False,False,False,24,0.45
LegalBench-RAG,1200000,1200000,24,Lethe,5,revoked_bridge_24_5,revoked_bridge,True,True,False,False,False,False,False,25,0.55
LegalBench-RAG,1200000,1200000,24,Lethe,6,authorized_24_6,authorized,False,False,True,True,True,False,True,26,0.65
LegalBench-RAG,1200000,1200000,24,Lethe,7,authorized_24_7,authorized,False,False,True,True,False,False,False,27,0.75
LegalBench-RAG,1200000,1200000,24,Lethe,8,authorized_24_8,authorized,False,False,True,True,False,False,False,28,0.85
LegalBench-RAG,1200000,1200000,24,Lethe,9,authorized_24_9,authorized,False,False,True,True,True,False,False,29,0.95
LegalBench-RAG,1200000,1200000,24,Lethe,10,authorized_24_10,authorized,False,False,True,True,False,True,False,30,1.05
LegalBench-RAG,1200000,1200000,24,Lethe,11,authorized_24_11,authorized,False,False,True,True,False,True,False,31,1.15
LegalBench-RAG,1200000,1200000,24,Lethe,12,authorized_24_12,authorized,False,False,True,True,True,True,False,32,1.25
SIFT1M,1000000,1000000,0,Tombstone,1,authorized_0_1,authorized,False,False,True,True,False,False,False,21,0.15
SIFT1M,1000000,1000000,0,Tombstone,2,authorized_0_2,authorized,False,False,True,True,False,False,False,22,0.25
SIFT1M,1000000,1000000,0,Tombstone,3,authorized_0_3,authorized,False,False,True,True,True,False,False,23,0.35
SIFT1M,1000000,1000000,0,Tombstone,4,revoked_bridge_0_4,revoked_bridge,True,False,True,True,False,False,False,24,0.45
SIFT1M,1000000,1000000,0,Tombstone,5,revoked_bridge_0_5,revoked_bridge,True,False,True,True,False,False,False,25,0.55
SIFT1M,1000000,1000000,0,Tombstone,6,authorized_0_6,authorized,False,False,True,True,True,False,False,26,0.65
SIFT1M,1000000,1000000,0,Tombstone,7,authorized_0_7,authorized,False,False,True,True,False,False,False,27,0.75
SIFT1M,1000000,1000000,0,Tombstone,8,authorized_0_8,authorized,False,False,True,True,False,False,False,28,0.85
SIFT1M,1000000,1000000,0,Tombstone,9,authorized_0_9,authorized,False,False,True,True,True,False,False,29,0.95
SIFT1M,1000000,1000000,0,Tombstone,10,authorized_0_10,authorized,False,False,True,True,False,True,False,30,1.05
SIFT1M,1000000,1000000,0,Tombstone,11,authorized_0_11,authorized,False,False,True,True,False,True,False,31,1.15
SIFT1M,1000000,1000000,0,Tombstone,12,authorized_0_12,authorized,False,False,True,True,True,True,False,32,1.25
SIFT1M,1000000,1000000,0,Lethe,1,authorized_0_1,authorized,False,False,True,True,False,False,False,21,0.15
SIFT1M,1000000,1000000,0,Lethe,2,authorized_0_2,authorized,False,False,True,True,False,False,False,22,0.25
SIFT1M,1000000,1000000,0,Lethe,3,authorized_0_3,authorized,False,False,True,True,True,False,False,23,0.35
SIFT1M,1000000,1000000,0,Lethe,4,revoked_bridge_0_4,revoked_bridge,True,True,False,False,False,False,False,24,0.45
SIFT1M,1000000,1000000,0,Lethe,5,revoked_bridge_0_5,revoked_bridge,True,True,False,False,False,False,False,25,0.55
SIFT1M,1000000,1000000,0,Lethe,6,authorized_0_6,authorized,False,False,True,True,True,False,True,26,0.65
SIFT1M,1000000,1000000,0,Lethe,7,authorized_0_7,authorized,False,False,True,True,False,False,False,27,0.75
SIFT1M,1000000,1000000,0,Lethe,8,authorized_0_8,authorized,False,False,True,True,False,False,False,28,0.85
SIFT1M,1000000,1000000,0,Lethe,9,authorized_0_9,authorized,False,False,True,True,True,False,False,29,0.95
SIFT1M,1000000,1000000,0,Lethe,10,authorized_0_10,authorized,False,False,True,True,False,True,False,30,1.05
SIFT1M,1000000,1000000,0,Lethe,11,authorized_0_11,authorized,False,False,True,True,False,True,False,31,1.15
SIFT1M,1000000,1000000,0,Lethe,12,authorized_0_12,authorized,False,False,True,True,True,True,False,32,1.25
SIFT1M,1000000,1000000,1,Tombstone,1,authorized_1_1,authorized,False,False,True,True,False,False,False,21,0.15
SIFT1M,1000000,1000000,1,Tombstone,2,authorized_1_2,authorized,False,False,True,True,False,False,False,22,0.25
SIFT1M,1000000,1000000,1,Tombstone,3,authorized_1_3,authorized,False,False,True,True,True,False,False,23,0.35
SIFT1M,1000000,1000000,1,Tombstone,4,revoked_bridge_1_4,revoked_bridge,True,False,True,True,False,False,False,24,0.45
SIFT1M,1000000,1000000,1,Tombstone,5,revoked_bridge_1_5,revoked_bridge,True,False,True,True,False,False,False,25,0.55
SIFT1M,1000000,1000000,1,Tombstone,6,authorized_1_6,authorized,False,False,True,True,True,False,False,26,0.65
SIFT1M,1000000,1000000,1,Tombstone,7,authorized_1_7,authorized,False,False,True,True,False,False,False,27,0.75
SIFT1M,1000000,1000000,1,Tombstone,8,authorized_1_8,authorized,False,False,True,True,False,False,False,28,0.85
SIFT1M,1000000,1000000,1,Tombstone,9,authorized_1_9,authorized,False,False,True,True,True,False,False,29,0.95
SIFT1M,1000000,1000000,1,Tombstone,10,authorized_1_10,authorized,False,False,True,True,False,True,False,30,1.05
SIFT1M,1000000,1000000,1,Tombstone,11,authorized_1_11,authorized,False,False,True,True,False,True,False,31,1.15
SIFT1M,1000000,1000000,1,Tombstone,12,authorized_1_12,authorized,False,False,True,True,True,True,False,32,1.25
SIFT1M,1000000,1000000,1,Lethe,1,authorized_1_1,authorized,False,False,True,True,False,False,False,21,0.15
SIFT1M,1000000,1000000,1,Lethe,2,authorized_1_2,authorized,False,False,True,True,False,False,False,22,0.25
SIFT1M,1000000,1000000,1,Lethe,3,authorized_1_3,authorized,False,False,True,True,True,False,False,23,0.35
SIFT1M,1000000,1000000,1,Lethe,4,revoked_bridge_1_4,revoked_bridge,True,True,False,False,False,False,False,24,0.45
SIFT1M,1000000,1000000,1,Lethe,5,revoked_bridge_1_5,revoked_bridge,True,True,False,False,False,False,False,25,0.55
SIFT1M,1000000,1000000,1,Lethe,6,authorized_1_6,authorized,False,False,True,True,True,False,True,26,0.65
SIFT1M,1000000,1000000,1,Lethe,7,authorized_1_7,authorized,False,False,True,True,False,False,False,27,0.75
SIFT1M,1000000,1000000,1,Lethe,8,authorized_1_8,authorized,False,False,True,True,False,False,False,28,0.85
SIFT1M,1000000,1000000,1,Lethe,9,authorized_1_9,authorized,False,False,True,True,True,False,False,29,0.95
SIFT1M,1000000,1000000,1,Lethe,10,authorized_1_10,authorized,False,False,True,True,False,True,False,30,1.05
SIFT1M,1000000,1000000,1,Lethe,11,authorized_1_11,authorized,False,False,True,True,False,True,False,31,1.15
SIFT1M,1000000,1000000,1,Lethe,12,authorized_1_12,authorized,False,False,True,True,True,True,False,32,1.25
SIFT1M,1000000,1000000,2,Tombstone,1,authorized_2_1,authorized,False,False,True,True,False,False,False,21,0.15
SIFT1M,1000000,1000000,2,Tombstone,2,authorized_2_2,authorized,False,False,True,True,False,False,False,22,0.25
SIFT1M,1000000,1000000,2,Tombstone,3,authorized_2_3,authorized,False,False,True,True,True,False,False,23,0.35
SIFT1M,1000000,1000000,2,Tombstone,4,revoked_bridge_2_4,revoked_bridge,True,False,True,True,False,False,False,24,0.45
SIFT1M,1000000,1000000,2,Tombstone,5,revoked_bridge_2_5,revoked_bridge,True,False,True,True,False,False,False,25,0.55
SIFT1M,1000000,1000000,2,Tombstone,6,authorized_2_6,authorized,False,False,True,True,True,False,False,26,0.65
SIFT1M,1000000,1000000,2,Tombstone,7,authorized_2_7,authorized,False,False,True,True,False,False,False,27,0.75
SIFT1M,1000000,1000000,2,Tombstone,8,authorized_2_8,authorized,False,False,True,True,False,False,False,28,0.85
SIFT1M,1000000,1000000,2,Tombstone,9,authorized_2_9,authorized,False,False,True,True,True,False,False,29,0.95
SIFT1M,1000000,1000000,2,Tombstone,10,authorized_2_10,authorized,False,False,True,True,False,True,False,30,1.05
SIFT1M,1000000,1000000,2,Tombstone,11,authorized_2_11,authorized,False,False,True,True,False,True,False,31,1.15
SIFT1M,1000000,1000000,2,Tombstone,12,authorized_2_12,authorized,False,False,True,True,True,True,False,32,1.25
SIFT1M,1000000,1000000,2,Lethe,1,authorized_2_1,authorized,False,False,True,True,False,False,False,21,0.15
SIFT1M,1000000,1000000,2,Lethe,2,authorized_2_2,authorized,False,False,True,True,False,False,False,22,0.25
SIFT1M,1000000,1000000,2,Lethe,3,authorized_2_3,authorized,False,False,True,True,True,False,False,23,0.35
SIFT1M,1000000,1000000,2,Lethe,4,revoked_bridge_2_4,revoked_bridge,True,True,False,False,False,False,False,24,0.45
SIFT1M,1000000,1000000,2,Lethe,5,revoked_bridge_2_5,revoked_bridge,True,True,False,False,False,False,False,25,0.55
SIFT1M,1000000,1000000,2,Lethe,6,authorized_2_6,authorized,False,False,True,True,True,False,True,26,0.65
SIFT1M,1000000,1000000,2,Lethe,7,authorized_2_7,authorized,False,False,True,True,False,False,False,27,0.75
SIFT1M,1000000,1000000,2,Lethe,8,authorized_2_8,authorized,False,False,True,True,False,False,False,28,0.85
SIFT1M,1000000,1000000,2,Lethe,9,authorized_2_9,authorized,False,False,True,True,True,False,False,29,0.95
SIFT1M,1000000,1000000,2,Lethe,10,authorized_2_10,authorized,False,False,True,True,False,True,False,30,1.05
SIFT1M,1000000,1000000,2,Lethe,11,authorized_2_11,authorized,False,False,True,True,False,True,False,31,1.15
SIFT1M,1000000,1000000,2,Lethe,12,authorized_2_12,authorized,False,False,True,True,True,True,False,32,1.25
SIFT1M,1000000,1000000,3,Tombstone,1,authorized_3_1,authorized,False,False,True,True,False,False,False,21,0.15
SIFT1M,1000000,1000000,3,Tombstone,2,authorized_3_2,authorized,False,False,True,True,False,False,False,22,0.25
SIFT1M,1000000,1000000,3,Tombstone,3,authorized_3_3,authorized,False,False,True,True,True,False,False,23,0.35
SIFT1M,1000000,1000000,3,Tombstone,4,revoked_bridge_3_4,revoked_bridge,True,False,True,True,False,False,False,24,0.45
SIFT1M,1000000,1000000,3,Tombstone,5,revoked_bridge_3_5,revoked_bridge,True,False,True,True,False,False,False,25,0.55
SIFT1M,1000000,1000000,3,Tombstone,6,authorized_3_6,authorized,False,False,True,True,True,False,False,26,0.65
SIFT1M,1000000,1000000,3,Tombstone,7,authorized_3_7,authorized,False,False,True,True,False,False,False,27,0.75
SIFT1M,1000000,1000000,3,Tombstone,8,authorized_3_8,authorized,False,False,True,True,False,False,False,28,0.85
SIFT1M,1000000,1000000,3,Tombstone,9,authorized_3_9,authorized,False,False,True,True,True,False,False,29,0.95
SIFT1M,1000000,1000000,3,Tombstone,10,authorized_3_10,authorized,False,False,True,True,False,True,False,30,1.05
SIFT1M,1000000,1000000,3,Tombstone,11,authorized_3_11,authorized,False,False,True,True,False,True,False,31,1.15
SIFT1M,1000000,1000000,3,Tombstone,12,authorized_3_12,authorized,False,False,True,True,True,True,False,32,1.25
SIFT1M,1000000,1000000,3,Lethe,1,authorized_3_1,authorized,False,False,True,True,False,False,False,21,0.15
SIFT1M,1000000,1000000,3,Lethe,2,authorized_3_2,authorized,False,False,True,True,False,False,False,22,0.25
SIFT1M,1000000,1000000,3,Lethe,3,authorized_3_3,authorized,False,False,True,True,True,False,False,23,0.35
SIFT1M,1000000,1000000,3,Lethe,4,revoked_bridge_3_4,revoked_bridge,True,True,False,False,False,False,False,24,0.45
SIFT1M,1000000,1000000,3,Lethe,5,revoked_bridge_3_5,revoked_bridge,True,True,False,False,False,False,False,25,0.55
SIFT1M,1000000,1000000,3,Lethe,6,authorized_3_6,authorized,False,False,True,True,True,False,True,26,0.65
SIFT1M,1000000,1000000,3,Lethe,7,authorized_3_7,authorized,False,False,True,True,False,False,False,27,0.75
SIFT1M,1000000,1000000,3,Lethe,8,authorized_3_8,authorized,False,False,True,True,False,False,False,28,0.85
SIFT1M,1000000,1000000,3,Lethe,9,authorized_3_9,authorized,False,False,True,True,True,False,False,29,0.95
SIFT1M,1000000,1000000,3,Lethe,10,authorized_3_10,authorized,False,False,True,True,False,True,False,30,1.05
SIFT1M,1000000,1000000,3,Lethe,11,authorized_3_11,authorized,False,False,True,True,False,True,False,31,1.15
SIFT1M,1000000,1000000,3,Lethe,12,authorized_3_12,authorized,False,False,True,True,True,True,False,32,1.25
SIFT1M,1000000,1000000,4,Tombstone,1,authorized_4_1,authorized,False,False,True,True,False,False,False,21,0.15
SIFT1M,1000000,1000000,4,Tombstone,2,authorized_4_2,authorized,False,False,True,True,False,False,False,22,0.25
SIFT1M,1000000,1000000,4,Tombstone,3,authorized_4_3,authorized,False,False,True,True,True,False,False,23,0.35
SIFT1M,1000000,1000000,4,Tombstone,4,revoked_bridge_4_4,revoked_bridge,True,False,True,True,False,False,False,24,0.45
SIFT1M,1000000,1000000,4,Tombstone,5,revoked_bridge_4_5,revoked_bridge,True,False,True,True,False,False,False,25,0.55
SIFT1M,1000000,1000000,4,Tombstone,6,authorized_4_6,authorized,False,False,True,True,True,False,False,26,0.65
SIFT1M,1000000,1000000,4,Tombstone,7,authorized_4_7,authorized,False,False,True,True,False,False,False,27,0.75
SIFT1M,1000000,1000000,4,Tombstone,8,authorized_4_8,authorized,False,False,True,True,False,False,False,28,0.85
SIFT1M,1000000,1000000,4,Tombstone,9,authorized_4_9,authorized,False,False,True,True,True,False,False,29,0.95
SIFT1M,1000000,1000000,4,Tombstone,10,authorized_4_10,authorized,False,False,True,True,False,True,False,30,1.05
SIFT1M,1000000,1000000,4,Tombstone,11,authorized_4_11,authorized,False,False,True,True,False,True,False,31,1.15
SIFT1M,1000000,1000000,4,Tombstone,12,authorized_4_12,authorized,False,False,True,True,True,True,False,32,1.25
SIFT1M,1000000,1000000,4,Lethe,1,authorized_4_1,authorized,False,False,True,True,False,False,False,21,0.15
SIFT1M,1000000,1000000,4,Lethe,2,authorized_4_2,authorized,False,False,True,True,False,False,False,22,0.25
SIFT1M,1000000,1000000,4,Lethe,3,authorized_4_3,authorized,False,False,True,True,True,False,False,23,0.35
SIFT1M,1000000,1000000,4,Lethe,4,revoked_bridge_4_4,revoked_bridge,True,True,False,False,False,False,False,24,0.45
SIFT1M,1000000,1000000,4,Lethe,5,revoked_bridge_4_5,revoked_bridge,True,True,False,False,False,False,False,25,0.55
SIFT1M,1000000,1000000,4,Lethe,6,authorized_4_6,authorized,False,False,True,True,True,False,True,26,0.65
SIFT1M,1000000,1000000,4,Lethe,7,authorized_4_7,authorized,False,False,True,True,False,False,False,27,0.75
SIFT1M,1000000,1000000,4,Lethe,8,authorized_4_8,authorized,False,False,True,True,False,False,False,28,0.85
SIFT1M,1000000,1000000,4,Lethe,9,authorized_4_9,authorized,False,False,True,True,True,False,False,29,0.95
SIFT1M,1000000,1000000,4,Lethe,10,authorized_4_10,authorized,False,False,True,True,False,True,False,30,1.05
SIFT1M,1000000,1000000,4,Lethe,11,authorized_4_11,authorized,False,False,True,True,False,True,False,31,1.15
SIFT1M,1000000,1000000,4,Lethe,12,authorized_4_12,authorized,False,False,True,True,True,True,False,32,1.25
SIFT1M,1000000,1000000,5,Tombstone,1,authorized_5_1,authorized,False,False,True,True,False,False,False,21,0.15
SIFT1M,1000000,1000000,5,Tombstone,2,authorized_5_2,authorized,False,False,True,True,False,False,False,22,0.25
SIFT1M,1000000,1000000,5,Tombstone,3,authorized_5_3,authorized,False,False,True,True,True,False,False,23,0.35
SIFT1M,1000000,1000000,5,Tombstone,4,revoked_bridge_5_4,revoked_bridge,True,False,True,True,False,False,False,24,0.45
SIFT1M,1000000,1000000,5,Tombstone,5,revoked_bridge_5_5,revoked_bridge,True,False,True,True,False,False,False,25,0.55
SIFT1M,1000000,1000000,5,Tombstone,6,authorized_5_6,authorized,False,False,True,True,True,False,False,26,0.65
SIFT1M,1000000,1000000,5,Tombstone,7,authorized_5_7,authorized,False,False,True,True,False,False,False,27,0.75
SIFT1M,1000000,1000000,5,Tombstone,8,authorized_5_8,authorized,False,False,True,True,False,False,False,28,0.85
SIFT1M,1000000,1000000,5,Tombstone,9,authorized_5_9,authorized,False,False,True,True,True,False,False,29,0.95
SIFT1M,1000000,1000000,5,Tombstone,10,authorized_5_10,authorized,False,False,True,True,False,True,False,30,1.05
SIFT1M,1000000,1000000,5,Tombstone,11,authorized_5_11,authorized,False,False,True,True,False,True,False,31,1.15
SIFT1M,1000000,1000000,5,Tombstone,12,authorized_5_12,authorized,False,False,True,True,True,True,False,32,1.25
SIFT1M,1000000,1000000,5,Lethe,1,authorized_5_1,authorized,False,False,True,True,False,False,False,21,0.15
SIFT1M,1000000,1000000,5,Lethe,2,authorized_5_2,authorized,False,False,True,True,False,False,False,22,0.25
SIFT1M,1000000,1000000,5,Lethe,3,authorized_5_3,authorized,False,False,True,True,True,False,False,23,0.35
SIFT1M,1000000,1000000,5,Lethe,4,revoked_bridge_5_4,revoked_bridge,True,True,False,False,False,False,False,24,0.45
SIFT1M,1000000,1000000,5,Lethe,5,revoked_bridge_5_5,revoked_bridge,True,True,False,False,False,False,False,25,0.55
SIFT1M,1000000,1000000,5,Lethe,6,authorized_5_6,authorized,False,False,True,True,True,False,True,26,0.65
SIFT1M,1000000,1000000,5,Lethe,7,authorized_5_7,authorized,False,False,True,True,False,False,False,27,0.75
SIFT1M,1000000,1000000,5,Lethe,8,authorized_5_8,authorized,False,False,True,True,False,False,False,28,0.85
SIFT1M,1000000,1000000,5,Lethe,9,authorized_5_9,authorized,False,False,True,True,True,False,False,29,0.95
SIFT1M,1000000,1000000,5,Lethe,10,authorized_5_10,authorized,False,False,True,True,False,True,False,30,1.05
SIFT1M,1000000,1000000,5,Lethe,11,authorized_5_11,authorized,False,False,True,True,False,True,False,31,1.15
SIFT1M,1000000,1000000,5,Lethe,12,authorized_5_12,authorized,False,False,True,True,True,True,False,32,1.25
SIFT1M,1000000,1000000,6,Tombstone,1,authorized_6_1,authorized,False,False,True,True,False,False,False,21,0.15
SIFT1M,1000000,1000000,6,Tombstone,2,authorized_6_2,authorized,False,False,True,True,False,False,False,22,0.25
SIFT1M,1000000,1000000,6,Tombstone,3,authorized_6_3,authorized,False,False,True,True,True,False,False,23,0.35
SIFT1M,1000000,1000000,6,Tombstone,4,revoked_bridge_6_4,revoked_bridge,True,False,True,True,False,False,False,24,0.45
SIFT1M,1000000,1000000,6,Tombstone,5,revoked_bridge_6_5,revoked_bridge,True,False,True,True,False,False,False,25,0.55
SIFT1M,1000000,1000000,6,Tombstone,6,authorized_6_6,authorized,False,False,True,True,True,False,False,26,0.65
SIFT1M,1000000,1000000,6,Tombstone,7,authorized_6_7,authorized,False,False,True,True,False,False,False,27,0.75
SIFT1M,1000000,1000000,6,Tombstone,8,authorized_6_8,authorized,False,False,True,True,False,False,False,28,0.85
SIFT1M,1000000,1000000,6,Tombstone,9,authorized_6_9,authorized,False,False,True,True,True,False,False,29,0.95
SIFT1M,1000000,1000000,6,Tombstone,10,authorized_6_10,authorized,False,False,True,True,False,True,False,30,1.05
SIFT1M,1000000,1000000,6,Tombstone,11,authorized_6_11,authorized,False,False,True,True,False,True,False,31,1.15
SIFT1M,1000000,1000000,6,Tombstone,12,authorized_6_12,authorized,False,False,True,True,True,True,False,32,1.25
SIFT1M,1000000,1000000,6,Lethe,1,authorized_6_1,authorized,False,False,True,True,False,False,False,21,0.15
SIFT1M,1000000,1000000,6,Lethe,2,authorized_6_2,authorized,False,False,True,True,False,False,False,22,0.25
SIFT1M,1000000,1000000,6,Lethe,3,authorized_6_3,authorized,False,False,True,True,True,False,False,23,0.35
SIFT1M,1000000,1000000,6,Lethe,4,revoked_bridge_6_4,revoked_bridge,True,True,False,False,False,False,False,24,0.45
SIFT1M,1000000,1000000,6,Lethe,5,revoked_bridge_6_5,revoked_bridge,True,True,False,False,False,False,False,25,0.55
SIFT1M,1000000,1000000,6,Lethe,6,authorized_6_6,authorized,False,False,True,True,True,False,True,26,0.65
SIFT1M,1000000,1000000,6,Lethe,7,authorized_6_7,authorized,False,False,True,True,False,False,False,27,0.75
SIFT1M,1000000,1000000,6,Lethe,8,authorized_6_8,authorized,False,False,True,True,False,False,False,28,0.85
SIFT1M,1000000,1000000,6,Lethe,9,authorized_6_9,authorized,False,False,True,True,True,False,False,29,0.95
SIFT1M,1000000,1000000,6,Lethe,10,authorized_6_10,authorized,False,False,True,True,False,True,False,30,1.05
SIFT1M,1000000,1000000,6,Lethe,11,authorized_6_11,authorized,False,False,True,True,False,True,False,31,1.15
SIFT1M,1000000,1000000,6,Lethe,12,authorized_6_12,authorized,False,False,True,True,True,True,False,32,1.25
SIFT1M,1000000,1000000,7,Tombstone,1,authorized_7_1,authorized,False,False,True,True,False,False,False,21,0.15
SIFT1M,1000000,1000000,7,Tombstone,2,authorized_7_2,authorized,False,False,True,True,False,False,False,22,0.25
SIFT1M,1000000,1000000,7,Tombstone,3,authorized_7_3,authorized,False,False,True,True,True,False,False,23,0.35
SIFT1M,1000000,1000000,7,Tombstone,4,revoked_bridge_7_4,revoked_bridge,True,False,True,True,False,False,False,24,0.45
SIFT1M,1000000,1000000,7,Tombstone,5,revoked_bridge_7_5,revoked_bridge,True,False,True,True,False,False,False,25,0.55
SIFT1M,1000000,1000000,7,Tombstone,6,authorized_7_6,authorized,False,False,True,True,True,False,False,26,0.65
SIFT1M,1000000,1000000,7,Tombstone,7,authorized_7_7,authorized,False,False,True,True,False,False,False,27,0.75
SIFT1M,1000000,1000000,7,Tombstone,8,authorized_7_8,authorized,False,False,True,True,False,False,False,28,0.85
SIFT1M,1000000,1000000,7,Tombstone,9,authorized_7_9,authorized,False,False,True,True,True,False,False,29,0.95
SIFT1M,1000000,1000000,7,Tombstone,10,authorized_7_10,authorized,False,False,True,True,False,True,False,30,1.05
SIFT1M,1000000,1000000,7,Tombstone,11,authorized_7_11,authorized,False,False,True,True,False,True,False,31,1.15
SIFT1M,1000000,1000000,7,Tombstone,12,authorized_7_12,authorized,False,False,True,True,True,True,False,32,1.25
SIFT1M,1000000,1000000,7,Lethe,1,authorized_7_1,authorized,False,False,True,True,False,False,False,21,0.15
SIFT1M,1000000,1000000,7,Lethe,2,authorized_7_2,authorized,False,False,True,True,False,False,False,22,0.25
SIFT1M,1000000,1000000,7,Lethe,3,authorized_7_3,authorized,False,False,True,True,True,False,False,23,0.35
SIFT1M,1000000,1000000,7,Lethe,4,revoked_bridge_7_4,revoked_bridge,True,True,False,False,False,False,False,24,0.45
SIFT1M,1000000,1000000,7,Lethe,5,revoked_bridge_7_5,revoked_bridge,True,True,False,False,False,False,False,25,0.55
SIFT1M,1000000,1000000,7,Lethe,6,authorized_7_6,authorized,False,False,True,True,True,False,True,26,0.65
SIFT1M,1000000,1000000,7,Lethe,7,authorized_7_7,authorized,False,False,True,True,False,False,False,27,0.75
SIFT1M,1000000,1000000,7,Lethe,8,authorized_7_8,authorized,False,False,True,True,False,False,False,28,0.85
SIFT1M,1000000,1000000,7,Lethe,9,authorized_7_9,authorized,False,False,True,True,True,False,False,29,0.95
SIFT1M,1000000,1000000,7,Lethe,10,authorized_7_10,authorized,False,False,True,True,False,True,False,30,1.05
SIFT1M,1000000,1000000,7,Lethe,11,authorized_7_11,authorized,False,False,True,True,False,True,False,31,1.15
SIFT1M,1000000,1000000,7,Lethe,12,authorized_7_12,authorized,False,False,True,True,True,True,False,32,1.25
SIFT1M,1000000,1000000,8,Tombstone,1,authorized_8_1,authorized,False,False,True,True,False,False,False,21,0.15
SIFT1M,1000000,1000000,8,Tombstone,2,authorized_8_2,authorized,False,False,True,True,False,False,False,22,0.25
SIFT1M,1000000,1000000,8,Tombstone,3,authorized_8_3,authorized,False,False,True,True,True,False,False,23,0.35
SIFT1M,1000000,1000000,8,Tombstone,4,revoked_bridge_8_4,revoked_bridge,True,False,True,True,False,False,False,24,0.45
SIFT1M,1000000,1000000,8,Tombstone,5,revoked_bridge_8_5,revoked_bridge,True,False,True,True,False,False,False,25,0.55
SIFT1M,1000000,1000000,8,Tombstone,6,authorized_8_6,authorized,False,False,True,True,True,False,False,26,0.65
SIFT1M,1000000,1000000,8,Tombstone,7,authorized_8_7,authorized,False,False,True,True,False,False,False,27,0.75
SIFT1M,1000000,1000000,8,Tombstone,8,authorized_8_8,authorized,False,False,True,True,False,False,False,28,0.85
SIFT1M,1000000,1000000,8,Tombstone,9,authorized_8_9,authorized,False,False,True,True,True,False,False,29,0.95
SIFT1M,1000000,1000000,8,Tombstone,10,authorized_8_10,authorized,False,False,True,True,False,True,False,30,1.05
SIFT1M,1000000,1000000,8,Tombstone,11,authorized_8_11,authorized,False,False,True,True,False,True,False,31,1.15
SIFT1M,1000000,1000000,8,Tombstone,12,authorized_8_12,authorized,False,False,True,True,True,True,False,32,1.25
SIFT1M,1000000,1000000,8,Lethe,1,authorized_8_1,authorized,False,False,True,True,False,False,False,21,0.15
SIFT1M,1000000,1000000,8,Lethe,2,authorized_8_2,authorized,False,False,True,True,False,False,False,22,0.25
SIFT1M,1000000,1000000,8,Lethe,3,authorized_8_3,authorized,False,False,True,True,True,False,False,23,0.35
SIFT1M,1000000,1000000,8,Lethe,4,revoked_bridge_8_4,revoked_bridge,True,True,False,False,False,False,False,24,0.45
SIFT1M,1000000,1000000,8,Lethe,5,revoked_bridge_8_5,revoked_bridge,True,True,False,False,False,False,False,25,0.55
SIFT1M,1000000,1000000,8,Lethe,6,authorized_8_6,authorized,False,False,True,True,True,False,True,26,0.65
SIFT1M,1000000,1000000,8,Lethe,7,authorized_8_7,authorized,False,False,True,True,False,False,False,27,0.75
SIFT1M,1000000,1000000,8,Lethe,8,authorized_8_8,authorized,False,False,True,True,False,False,False,28,0.85
SIFT1M,1000000,1000000,8,Lethe,9,authorized_8_9,authorized,False,False,True,True,True,False,False,29,0.95
SIFT1M,1000000,1000000,8,Lethe,10,authorized_8_10,authorized,False,False,True,True,False,True,False,30,1.05
SIFT1M,1000000,1000000,8,Lethe,11,authorized_8_11,authorized,False,False,True,True,False,True,False,31,1.15
SIFT1M,1000000,1000000,8,Lethe,12,authorized_8_12,authorized,False,False,True,True,True,True,False,32,1.25
SIFT1M,1000000,1000000,9,Tombstone,1,authorized_9_1,authorized,False,False,True,True,False,False,False,21,0.15
SIFT1M,1000000,1000000,9,Tombstone,2,authorized_9_2,authorized,False,False,True,True,False,False,False,22,0.25
SIFT1M,1000000,1000000,9,Tombstone,3,authorized_9_3,authorized,False,False,True,True,True,False,False,23,0.35
SIFT1M,1000000,1000000,9,Tombstone,4,revoked_bridge_9_4,revoked_bridge,True,False,True,True,False,False,False,24,0.45
SIFT1M,1000000,1000000,9,Tombstone,5,revoked_bridge_9_5,revoked_bridge,True,False,True,True,False,False,False,25,0.55
SIFT1M,1000000,1000000,9,Tombstone,6,authorized_9_6,authorized,False,False,True,True,True,False,False,26,0.65
SIFT1M,1000000,1000000,9,Tombstone,7,authorized_9_7,authorized,False,False,True,True,False,False,False,27,0.75
SIFT1M,1000000,1000000,9,Tombstone,8,authorized_9_8,authorized,False,False,True,True,False,False,False,28,0.85
SIFT1M,1000000,1000000,9,Tombstone,9,authorized_9_9,authorized,False,False,True,True,True,False,False,29,0.95
SIFT1M,1000000,1000000,9,Tombstone,10,authorized_9_10,authorized,False,False,True,True,False,True,False,30,1.05
SIFT1M,1000000,1000000,9,Tombstone,11,authorized_9_11,authorized,False,False,True,True,False,True,False,31,1.15
SIFT1M,1000000,1000000,9,Tombstone,12,authorized_9_12,authorized,False,False,True,True,True,True,False,32,1.25
SIFT1M,1000000,1000000,9,Lethe,1,authorized_9_1,authorized,False,False,True,True,False,False,False,21,0.15
SIFT1M,1000000,1000000,9,Lethe,2,authorized_9_2,authorized,False,False,True,True,False,False,False,22,0.25
SIFT1M,1000000,1000000,9,Lethe,3,authorized_9_3,authorized,False,False,True,True,True,False,False,23,0.35
SIFT1M,1000000,1000000,9,Lethe,4,revoked_bridge_9_4,revoked_bridge,True,True,False,False,False,False,False,24,0.45
SIFT1M,1000000,1000000,9,Lethe,5,revoked_bridge_9_5,revoked_bridge,True,True,False,False,False,False,False,25,0.55
SIFT1M,1000000,1000000,9,Lethe,6,authorized_9_6,authorized,False,False,True,True,True,False,True,26,0.65
SIFT1M,1000000,1000000,9,Lethe,7,authorized_9_7,authorized,False,False,True,True,False,False,False,27,0.75
SIFT1M,1000000,1000000,9,Lethe,8,authorized_9_8,authorized,False,False,True,True,False,False,False,28,0.85
SIFT1M,1000000,1000000,9,Lethe,9,authorized_9_9,authorized,False,False,True,True,True,False,False,29,0.95
SIFT1M,1000000,1000000,9,Lethe,10,authorized_9_10,authorized,False,False,True,True,False,True,False,30,1.05
SIFT1M,1000000,1000000,9,Lethe,11,authorized_9_11,authorized,False,False,True,True,False,True,False,31,1.15
SIFT1M,1000000,1000000,9,Lethe,12,authorized_9_12,authorized,False,False,True,True,True,True,False,32,1.25
SIFT1M,1000000,1000000,10,Tombstone,1,authorized_10_1,authorized,False,False,True,True,False,False,False,21,0.15
SIFT1M,1000000,1000000,10,Tombstone,2,authorized_10_2,authorized,False,False,True,True,False,False,False,22,0.25
SIFT1M,1000000,1000000,10,Tombstone,3,authorized_10_3,authorized,False,False,True,True,True,False,False,23,0.35
SIFT1M,1000000,1000000,10,Tombstone,4,revoked_bridge_10_4,revoked_bridge,True,False,True,True,False,False,False,24,0.45
SIFT1M,1000000,1000000,10,Tombstone,5,revoked_bridge_10_5,revoked_bridge,True,False,True,True,False,False,False,25,0.55
SIFT1M,1000000,1000000,10,Tombstone,6,authorized_10_6,authorized,False,False,True,True,True,False,False,26,0.65
SIFT1M,1000000,1000000,10,Tombstone,7,authorized_10_7,authorized,False,False,True,True,False,False,False,27,0.75
SIFT1M,1000000,1000000,10,Tombstone,8,authorized_10_8,authorized,False,False,True,True,False,False,False,28,0.85
SIFT1M,1000000,1000000,10,Tombstone,9,authorized_10_9,authorized,False,False,True,True,True,False,False,29,0.95
SIFT1M,1000000,1000000,10,Tombstone,10,authorized_10_10,authorized,False,False,True,True,False,True,False,30,1.05
SIFT1M,1000000,1000000,10,Tombstone,11,authorized_10_11,authorized,False,False,True,True,False,True,False,31,1.15
SIFT1M,1000000,1000000,10,Tombstone,12,authorized_10_12,authorized,False,False,True,True,True,True,False,32,1.25
SIFT1M,1000000,1000000,10,Lethe,1,authorized_10_1,authorized,False,False,True,True,False,False,False,21,0.15
SIFT1M,1000000,1000000,10,Lethe,2,authorized_10_2,authorized,False,False,True,True,False,False,False,22,0.25
SIFT1M,1000000,1000000,10,Lethe,3,authorized_10_3,authorized,False,False,True,True,True,False,False,23,0.35
SIFT1M,1000000,1000000,10,Lethe,4,revoked_bridge_10_4,revoked_bridge,True,True,False,False,False,False,False,24,0.45
SIFT1M,1000000,1000000,10,Lethe,5,revoked_bridge_10_5,revoked_bridge,True,True,False,False,False,False,False,25,0.55
SIFT1M,1000000,1000000,10,Lethe,6,authorized_10_6,authorized,False,False,True,True,True,False,True,26,0.65
SIFT1M,1000000,1000000,10,Lethe,7,authorized_10_7,authorized,False,False,True,True,False,False,False,27,0.75
SIFT1M,1000000,1000000,10,Lethe,8,authorized_10_8,authorized,False,False,True,True,False,False,False,28,0.85
SIFT1M,1000000,1000000,10,Lethe,9,authorized_10_9,authorized,False,False,True,True,True,False,False,29,0.95
SIFT1M,1000000,1000000,10,Lethe,10,authorized_10_10,authorized,False,False,True,True,False,True,False,30,1.05
SIFT1M,1000000,1000000,10,Lethe,11,authorized_10_11,authorized,False,False,True,True,False,True,False,31,1.15
SIFT1M,1000000,1000000,10,Lethe,12,authorized_10_12,authorized,False,False,True,True,True,True,False,32,1.25
SIFT1M,1000000,1000000,11,Tombstone,1,authorized_11_1,authorized,False,False,True,True,False,False,False,21,0.15
SIFT1M,1000000,1000000,11,Tombstone,2,authorized_11_2,authorized,False,False,True,True,False,False,False,22,0.25
SIFT1M,1000000,1000000,11,Tombstone,3,authorized_11_3,authorized,False,False,True,True,True,False,False,23,0.35
SIFT1M,1000000,1000000,11,Tombstone,4,revoked_bridge_11_4,revoked_bridge,True,False,True,True,False,False,False,24,0.45
SIFT1M,1000000,1000000,11,Tombstone,5,revoked_bridge_11_5,revoked_bridge,True,False,True,True,False,False,False,25,0.55
SIFT1M,1000000,1000000,11,Tombstone,6,authorized_11_6,authorized,False,False,True,True,True,False,False,26,0.65
SIFT1M,1000000,1000000,11,Tombstone,7,authorized_11_7,authorized,False,False,True,True,False,False,False,27,0.75
SIFT1M,1000000,1000000,11,Tombstone,8,authorized_11_8,authorized,False,False,True,True,False,False,False,28,0.85
SIFT1M,1000000,1000000,11,Tombstone,9,authorized_11_9,authorized,False,False,True,True,True,False,False,29,0.95
SIFT1M,1000000,1000000,11,Tombstone,10,authorized_11_10,authorized,False,False,True,True,False,True,False,30,1.05
SIFT1M,1000000,1000000,11,Tombstone,11,authorized_11_11,authorized,False,False,True,True,False,True,False,31,1.15
SIFT1M,1000000,1000000,11,Tombstone,12,authorized_11_12,authorized,False,False,True,True,True,True,False,32,1.25
SIFT1M,1000000,1000000,11,Lethe,1,authorized_11_1,authorized,False,False,True,True,False,False,False,21,0.15
SIFT1M,1000000,1000000,11,Lethe,2,authorized_11_2,authorized,False,False,True,True,False,False,False,22,0.25
SIFT1M,1000000,1000000,11,Lethe,3,authorized_11_3,authorized,False,False,True,True,True,False,False,23,0.35
SIFT1M,1000000,1000000,11,Lethe,4,revoked_bridge_11_4,revoked_bridge,True,True,False,False,False,False,False,24,0.45
SIFT1M,1000000,1000000,11,Lethe,5,revoked_bridge_11_5,revoked_bridge,True,True,False,False,False,False,False,25,0.55
SIFT1M,1000000,1000000,11,Lethe,6,authorized_11_6,authorized,False,False,True,True,True,False,True,26,0.65
SIFT1M,1000000,1000000,11,Lethe,7,authorized_11_7,authorized,False,False,True,True,False,False,False,27,0.75
SIFT1M,1000000,1000000,11,Lethe,8,authorized_11_8,authorized,False,False,True,True,False,False,False,28,0.85
SIFT1M,1000000,1000000,11,Lethe,9,authorized_11_9,authorized,False,False,True,True,True,False,False,29,0.95
SIFT1M,1000000,1000000,11,Lethe,10,authorized_11_10,authorized,False,False,True,True,False,True,False,30,1.05
SIFT1M,1000000,1000000,11,Lethe,11,authorized_11_11,authorized,False,False,True,True,False,True,False,31,1.15
SIFT1M,1000000,1000000,11,Lethe,12,authorized_11_12,authorized,False,False,True,True,True,True,False,32,1.25
SIFT1M,1000000,1000000,12,Tombstone,1,authorized_12_1,authorized,False,False,True,True,False,False,False,21,0.15
SIFT1M,1000000,1000000,12,Tombstone,2,authorized_12_2,authorized,False,False,True,True,False,False,False,22,0.25
SIFT1M,1000000,1000000,12,Tombstone,3,authorized_12_3,authorized,False,False,True,True,True,False,False,23,0.35
SIFT1M,1000000,1000000,12,Tombstone,4,revoked_bridge_12_4,revoked_bridge,True,False,True,True,False,False,False,24,0.45
SIFT1M,1000000,1000000,12,Tombstone,5,revoked_bridge_12_5,revoked_bridge,True,False,True,True,False,False,False,25,0.55
SIFT1M,1000000,1000000,12,Tombstone,6,authorized_12_6,authorized,False,False,True,True,True,False,False,26,0.65
SIFT1M,1000000,1000000,12,Tombstone,7,authorized_12_7,authorized,False,False,True,True,False,False,False,27,0.75
SIFT1M,1000000,1000000,12,Tombstone,8,authorized_12_8,authorized,False,False,True,True,False,False,False,28,0.85
SIFT1M,1000000,1000000,12,Tombstone,9,authorized_12_9,authorized,False,False,True,True,True,False,False,29,0.95
SIFT1M,1000000,1000000,12,Tombstone,10,authorized_12_10,authorized,False,False,True,True,False,True,False,30,1.05
SIFT1M,1000000,1000000,12,Tombstone,11,authorized_12_11,authorized,False,False,True,True,False,True,False,31,1.15
SIFT1M,1000000,1000000,12,Tombstone,12,authorized_12_12,authorized,False,False,True,True,True,True,False,32,1.25
SIFT1M,1000000,1000000,12,Lethe,1,authorized_12_1,authorized,False,False,True,True,False,False,False,21,0.15
SIFT1M,1000000,1000000,12,Lethe,2,authorized_12_2,authorized,False,False,True,True,False,False,False,22,0.25
SIFT1M,1000000,1000000,12,Lethe,3,authorized_12_3,authorized,False,False,True,True,True,False,False,23,0.35
SIFT1M,1000000,1000000,12,Lethe,4,revoked_bridge_12_4,revoked_bridge,True,True,False,False,False,False,False,24,0.45
SIFT1M,1000000,1000000,12,Lethe,5,revoked_bridge_12_5,revoked_bridge,True,True,False,False,False,False,False,25,0.55
SIFT1M,1000000,1000000,12,Lethe,6,authorized_12_6,authorized,False,False,True,True,True,False,True,26,0.65
SIFT1M,1000000,1000000,12,Lethe,7,authorized_12_7,authorized,False,False,True,True,False,False,False,27,0.75
SIFT1M,1000000,1000000,12,Lethe,8,authorized_12_8,authorized,False,False,True,True,False,False,False,28,0.85
SIFT1M,1000000,1000000,12,Lethe,9,authorized_12_9,authorized,False,False,True,True,True,False,False,29,0.95
SIFT1M,1000000,1000000,12,Lethe,10,authorized_12_10,authorized,False,False,True,True,False,True,False,30,1.05
SIFT1M,1000000,1000000,12,Lethe,11,authorized_12_11,authorized,False,False,True,True,False,True,False,31,1.15
SIFT1M,1000000,1000000,12,Lethe,12,authorized_12_12,authorized,False,False,True,True,True,True,False,32,1.25
SIFT1M,1000000,1000000,13,Tombstone,1,authorized_13_1,authorized,False,False,True,True,False,False,False,21,0.15
SIFT1M,1000000,1000000,13,Tombstone,2,authorized_13_2,authorized,False,False,True,True,False,False,False,22,0.25
SIFT1M,1000000,1000000,13,Tombstone,3,authorized_13_3,authorized,False,False,True,True,True,False,False,23,0.35
SIFT1M,1000000,1000000,13,Tombstone,4,revoked_bridge_13_4,revoked_bridge,True,False,True,True,False,False,False,24,0.45
SIFT1M,1000000,1000000,13,Tombstone,5,revoked_bridge_13_5,revoked_bridge,True,False,True,True,False,False,False,25,0.55
SIFT1M,1000000,1000000,13,Tombstone,6,authorized_13_6,authorized,False,False,True,True,True,False,False,26,0.65
SIFT1M,1000000,1000000,13,Tombstone,7,authorized_13_7,authorized,False,False,True,True,False,False,False,27,0.75
SIFT1M,1000000,1000000,13,Tombstone,8,authorized_13_8,authorized,False,False,True,True,False,False,False,28,0.85
SIFT1M,1000000,1000000,13,Tombstone,9,authorized_13_9,authorized,False,False,True,True,True,False,False,29,0.95
SIFT1M,1000000,1000000,13,Tombstone,10,authorized_13_10,authorized,False,False,True,True,False,True,False,30,1.05
SIFT1M,1000000,1000000,13,Tombstone,11,authorized_13_11,authorized,False,False,True,True,False,True,False,31,1.15
SIFT1M,1000000,1000000,13,Tombstone,12,authorized_13_12,authorized,False,False,True,True,True,True,False,32,1.25
SIFT1M,1000000,1000000,13,Lethe,1,authorized_13_1,authorized,False,False,True,True,False,False,False,21,0.15
SIFT1M,1000000,1000000,13,Lethe,2,authorized_13_2,authorized,False,False,True,True,False,False,False,22,0.25
SIFT1M,1000000,1000000,13,Lethe,3,authorized_13_3,authorized,False,False,True,True,True,False,False,23,0.35
SIFT1M,1000000,1000000,13,Lethe,4,revoked_bridge_13_4,revoked_bridge,True,True,False,False,False,False,False,24,0.45
SIFT1M,1000000,1000000,13,Lethe,5,revoked_bridge_13_5,revoked_bridge,True,True,False,False,False,False,False,25,0.55
SIFT1M,1000000,1000000,13,Lethe,6,authorized_13_6,authorized,False,False,True,True,True,False,True,26,0.65
SIFT1M,1000000,1000000,13,Lethe,7,authorized_13_7,authorized,False,False,True,True,False,False,False,27,0.75
SIFT1M,1000000,1000000,13,Lethe,8,authorized_13_8,authorized,False,False,True,True,False,False,False,28,0.85
SIFT1M,1000000,1000000,13,Lethe,9,authorized_13_9,authorized,False,False,True,True,True,False,False,29,0.95
SIFT1M,1000000,1000000,13,Lethe,10,authorized_13_10,authorized,False,False,True,True,False,True,False,30,1.05
SIFT1M,1000000,1000000,13,Lethe,11,authorized_13_11,authorized,False,False,True,True,False,True,False,31,1.15
SIFT1M,1000000,1000000,13,Lethe,12,authorized_13_12,authorized,False,False,True,True,True,True,False,32,1.25
SIFT1M,1000000,1000000,14,Tombstone,1,authorized_14_1,authorized,False,False,True,True,False,False,False,21,0.15
SIFT1M,1000000,1000000,14,Tombstone,2,authorized_14_2,authorized,False,False,True,True,False,False,False,22,0.25
SIFT1M,1000000,1000000,14,Tombstone,3,authorized_14_3,authorized,False,False,True,True,True,False,False,23,0.35
SIFT1M,1000000,1000000,14,Tombstone,4,revoked_bridge_14_4,revoked_bridge,True,False,True,True,False,False,False,24,0.45
SIFT1M,1000000,1000000,14,Tombstone,5,revoked_bridge_14_5,revoked_bridge,True,False,True,True,False,False,False,25,0.55
SIFT1M,1000000,1000000,14,Tombstone,6,authorized_14_6,authorized,False,False,True,True,True,False,False,26,0.65
SIFT1M,1000000,1000000,14,Tombstone,7,authorized_14_7,authorized,False,False,True,True,False,False,False,27,0.75
SIFT1M,1000000,1000000,14,Tombstone,8,authorized_14_8,authorized,False,False,True,True,False,False,False,28,0.85
SIFT1M,1000000,1000000,14,Tombstone,9,authorized_14_9,authorized,False,False,True,True,True,False,False,29,0.95
SIFT1M,1000000,1000000,14,Tombstone,10,authorized_14_10,authorized,False,False,True,True,False,True,False,30,1.05
SIFT1M,1000000,1000000,14,Tombstone,11,authorized_14_11,authorized,False,False,True,True,False,True,False,31,1.15
SIFT1M,1000000,1000000,14,Tombstone,12,authorized_14_12,authorized,False,False,True,True,True,True,False,32,1.25
SIFT1M,1000000,1000000,14,Lethe,1,authorized_14_1,authorized,False,False,True,True,False,False,False,21,0.15
SIFT1M,1000000,1000000,14,Lethe,2,authorized_14_2,authorized,False,False,True,True,False,False,False,22,0.25
SIFT1M,1000000,1000000,14,Lethe,3,authorized_14_3,authorized,False,False,True,True,True,False,False,23,0.35
SIFT1M,1000000,1000000,14,Lethe,4,revoked_bridge_14_4,revoked_bridge,True,True,False,False,False,False,False,24,0.45
SIFT1M,1000000,1000000,14,Lethe,5,revoked_bridge_14_5,revoked_bridge,True,True,False,False,False,False,False,25,0.55
SIFT1M,1000000,1000000,14,Lethe,6,authorized_14_6,authorized,False,False,True,True,True,False,True,26,0.65
SIFT1M,1000000,1000000,14,Lethe,7,authorized_14_7,authorized,False,False,True,True,False,False,False,27,0.75
SIFT1M,1000000,1000000,14,Lethe,8,authorized_14_8,authorized,False,False,True,True,False,False,False,28,0.85
SIFT1M,1000000,1000000,14,Lethe,9,authorized_14_9,authorized,False,False,True,True,True,False,False,29,0.95
SIFT1M,1000000,1000000,14,Lethe,10,authorized_14_10,authorized,False,False,True,True,False,True,False,30,1.05
SIFT1M,1000000,1000000,14,Lethe,11,authorized_14_11,authorized,False,False,True,True,False,True,False,31,1.15
SIFT1M,1000000,1000000,14,Lethe,12,authorized_14_12,authorized,False,False,True,True,True,True,False,32,1.25
SIFT1M,1000000,1000000,15,Tombstone,1,authorized_15_1,authorized,False,False,True,True,False,False,False,21,0.15
SIFT1M,1000000,1000000,15,Tombstone,2,authorized_15_2,authorized,False,False,True,True,False,False,False,22,0.25
SIFT1M,1000000,1000000,15,Tombstone,3,authorized_15_3,authorized,False,False,True,True,True,False,False,23,0.35
SIFT1M,1000000,1000000,15,Tombstone,4,revoked_bridge_15_4,revoked_bridge,True,False,True,True,False,False,False,24,0.45
SIFT1M,1000000,1000000,15,Tombstone,5,revoked_bridge_15_5,revoked_bridge,True,False,True,True,False,False,False,25,0.55
SIFT1M,1000000,1000000,15,Tombstone,6,authorized_15_6,authorized,False,False,True,True,True,False,False,26,0.65
SIFT1M,1000000,1000000,15,Tombstone,7,authorized_15_7,authorized,False,False,True,True,False,False,False,27,0.75
SIFT1M,1000000,1000000,15,Tombstone,8,authorized_15_8,authorized,False,False,True,True,False,False,False,28,0.85
SIFT1M,1000000,1000000,15,Tombstone,9,authorized_15_9,authorized,False,False,True,True,True,False,False,29,0.95
SIFT1M,1000000,1000000,15,Tombstone,10,authorized_15_10,authorized,False,False,True,True,False,True,False,30,1.05
SIFT1M,1000000,1000000,15,Tombstone,11,authorized_15_11,authorized,False,False,True,True,False,True,False,31,1.15
SIFT1M,1000000,1000000,15,Tombstone,12,authorized_15_12,authorized,False,False,True,True,True,True,False,32,1.25
SIFT1M,1000000,1000000,15,Lethe,1,authorized_15_1,authorized,False,False,True,True,False,False,False,21,0.15
SIFT1M,1000000,1000000,15,Lethe,2,authorized_15_2,authorized,False,False,True,True,False,False,False,22,0.25
SIFT1M,1000000,1000000,15,Lethe,3,authorized_15_3,authorized,False,False,True,True,True,False,False,23,0.35
SIFT1M,1000000,1000000,15,Lethe,4,revoked_bridge_15_4,revoked_bridge,True,True,False,False,False,False,False,24,0.45
SIFT1M,1000000,1000000,15,Lethe,5,revoked_bridge_15_5,revoked_bridge,True,True,False,False,False,False,False,25,0.55
SIFT1M,1000000,1000000,15,Lethe,6,authorized_15_6,authorized,False,False,True,True,True,False,True,26,0.65
SIFT1M,1000000,1000000,15,Lethe,7,authorized_15_7,authorized,False,False,True,True,False,False,False,27,0.75
SIFT1M,1000000,1000000,15,Lethe,8,authorized_15_8,authorized,False,False,True,True,False,False,False,28,0.85
SIFT1M,1000000,1000000,15,Lethe,9,authorized_15_9,authorized,False,False,True,True,True,False,False,29,0.95
SIFT1M,1000000,1000000,15,Lethe,10,authorized_15_10,authorized,False,False,True,True,False,True,False,30,1.05
SIFT1M,1000000,1000000,15,Lethe,11,authorized_15_11,authorized,False,False,True,True,False,True,False,31,1.15
SIFT1M,1000000,1000000,15,Lethe,12,authorized_15_12,authorized,False,False,True,True,True,True,False,32,1.25
SIFT1M,1000000,1000000,16,Tombstone,1,authorized_16_1,authorized,False,False,True,True,False,False,False,21,0.15
SIFT1M,1000000,1000000,16,Tombstone,2,authorized_16_2,authorized,False,False,True,True,False,False,False,22,0.25
SIFT1M,1000000,1000000,16,Tombstone,3,authorized_16_3,authorized,False,False,True,True,True,False,False,23,0.35
SIFT1M,1000000,1000000,16,Tombstone,4,revoked_bridge_16_4,revoked_bridge,True,False,True,True,False,False,False,24,0.45
SIFT1M,1000000,1000000,16,Tombstone,5,revoked_bridge_16_5,revoked_bridge,True,False,True,True,False,False,False,25,0.55
SIFT1M,1000000,1000000,16,Tombstone,6,authorized_16_6,authorized,False,False,True,True,True,False,False,26,0.65
SIFT1M,1000000,1000000,16,Tombstone,7,authorized_16_7,authorized,False,False,True,True,False,False,False,27,0.75
SIFT1M,1000000,1000000,16,Tombstone,8,authorized_16_8,authorized,False,False,True,True,False,False,False,28,0.85
SIFT1M,1000000,1000000,16,Tombstone,9,authorized_16_9,authorized,False,False,True,True,True,False,False,29,0.95
SIFT1M,1000000,1000000,16,Tombstone,10,authorized_16_10,authorized,False,False,True,True,False,True,False,30,1.05
SIFT1M,1000000,1000000,16,Tombstone,11,authorized_16_11,authorized,False,False,True,True,False,True,False,31,1.15
SIFT1M,1000000,1000000,16,Tombstone,12,authorized_16_12,authorized,False,False,True,True,True,True,False,32,1.25
SIFT1M,1000000,1000000,16,Lethe,1,authorized_16_1,authorized,False,False,True,True,False,False,False,21,0.15
SIFT1M,1000000,1000000,16,Lethe,2,authorized_16_2,authorized,False,False,True,True,False,False,False,22,0.25
SIFT1M,1000000,1000000,16,Lethe,3,authorized_16_3,authorized,False,False,True,True,True,False,False,23,0.35
SIFT1M,1000000,1000000,16,Lethe,4,revoked_bridge_16_4,revoked_bridge,True,True,False,False,False,False,False,24,0.45
SIFT1M,1000000,1000000,16,Lethe,5,revoked_bridge_16_5,revoked_bridge,True,True,False,False,False,False,False,25,0.55
SIFT1M,1000000,1000000,16,Lethe,6,authorized_16_6,authorized,False,False,True,True,True,False,True,26,0.65
SIFT1M,1000000,1000000,16,Lethe,7,authorized_16_7,authorized,False,False,True,True,False,False,False,27,0.75
SIFT1M,1000000,1000000,16,Lethe,8,authorized_16_8,authorized,False,False,True,True,False,False,False,28,0.85
SIFT1M,1000000,1000000,16,Lethe,9,authorized_16_9,authorized,False,False,True,True,True,False,False,29,0.95
SIFT1M,1000000,1000000,16,Lethe,10,authorized_16_10,authorized,False,False,True,True,False,True,False,30,1.05
SIFT1M,1000000,1000000,16,Lethe,11,authorized_16_11,authorized,False,False,True,True,False,True,False,31,1.15
SIFT1M,1000000,1000000,16,Lethe,12,authorized_16_12,authorized,False,False,True,True,True,True,False,32,1.25
SIFT1M,1000000,1000000,17,Tombstone,1,authorized_17_1,authorized,False,False,True,True,False,False,False,21,0.15
SIFT1M,1000000,1000000,17,Tombstone,2,authorized_17_2,authorized,False,False,True,True,False,False,False,22,0.25
SIFT1M,1000000,1000000,17,Tombstone,3,authorized_17_3,authorized,False,False,True,True,True,False,False,23,0.35
SIFT1M,1000000,1000000,17,Tombstone,4,revoked_bridge_17_4,revoked_bridge,True,False,True,True,False,False,False,24,0.45
SIFT1M,1000000,1000000,17,Tombstone,5,revoked_bridge_17_5,revoked_bridge,True,False,True,True,False,False,False,25,0.55
SIFT1M,1000000,1000000,17,Tombstone,6,authorized_17_6,authorized,False,False,True,True,True,False,False,26,0.65
SIFT1M,1000000,1000000,17,Tombstone,7,authorized_17_7,authorized,False,False,True,True,False,False,False,27,0.75
SIFT1M,1000000,1000000,17,Tombstone,8,authorized_17_8,authorized,False,False,True,True,False,False,False,28,0.85
SIFT1M,1000000,1000000,17,Tombstone,9,authorized_17_9,authorized,False,False,True,True,True,False,False,29,0.95
SIFT1M,1000000,1000000,17,Tombstone,10,authorized_17_10,authorized,False,False,True,True,False,True,False,30,1.05
SIFT1M,1000000,1000000,17,Tombstone,11,authorized_17_11,authorized,False,False,True,True,False,True,False,31,1.15
SIFT1M,1000000,1000000,17,Tombstone,12,authorized_17_12,authorized,False,False,True,True,True,True,False,32,1.25
SIFT1M,1000000,1000000,17,Lethe,1,authorized_17_1,authorized,False,False,True,True,False,False,False,21,0.15
SIFT1M,1000000,1000000,17,Lethe,2,authorized_17_2,authorized,False,False,True,True,False,False,False,22,0.25
SIFT1M,1000000,1000000,17,Lethe,3,authorized_17_3,authorized,False,False,True,True,True,False,False,23,0.35
SIFT1M,1000000,1000000,17,Lethe,4,revoked_bridge_17_4,revoked_bridge,True,True,False,False,False,False,False,24,0.45
SIFT1M,1000000,1000000,17,Lethe,5,revoked_bridge_17_5,revoked_bridge,True,True,False,False,False,False,False,25,0.55
SIFT1M,1000000,1000000,17,Lethe,6,authorized_17_6,authorized,False,False,True,True,True,False,True,26,0.65
SIFT1M,1000000,1000000,17,Lethe,7,authorized_17_7,authorized,False,False,True,True,False,False,False,27,0.75
SIFT1M,1000000,1000000,17,Lethe,8,authorized_17_8,authorized,False,False,True,True,False,False,False,28,0.85
SIFT1M,1000000,1000000,17,Lethe,9,authorized_17_9,authorized,False,False,True,True,True,False,False,29,0.95
SIFT1M,1000000,1000000,17,Lethe,10,authorized_17_10,authorized,False,False,True,True,False,True,False,30,1.05
SIFT1M,1000000,1000000,17,Lethe,11,authorized_17_11,authorized,False,False,True,True,False,True,False,31,1.15
SIFT1M,1000000,1000000,17,Lethe,12,authorized_17_12,authorized,False,False,True,True,True,True,False,32,1.25
SIFT1M,1000000,1000000,18,Tombstone,1,authorized_18_1,authorized,False,False,True,True,False,False,False,21,0.15
SIFT1M,1000000,1000000,18,Tombstone,2,authorized_18_2,authorized,False,False,True,True,False,False,False,22,0.25
SIFT1M,1000000,1000000,18,Tombstone,3,authorized_18_3,authorized,False,False,True,True,True,False,False,23,0.35
SIFT1M,1000000,1000000,18,Tombstone,4,revoked_bridge_18_4,revoked_bridge,True,False,True,True,False,False,False,24,0.45
SIFT1M,1000000,1000000,18,Tombstone,5,revoked_bridge_18_5,revoked_bridge,True,False,True,True,False,False,False,25,0.55
SIFT1M,1000000,1000000,18,Tombstone,6,authorized_18_6,authorized,False,False,True,True,True,False,False,26,0.65
SIFT1M,1000000,1000000,18,Tombstone,7,authorized_18_7,authorized,False,False,True,True,False,False,False,27,0.75
SIFT1M,1000000,1000000,18,Tombstone,8,authorized_18_8,authorized,False,False,True,True,False,False,False,28,0.85
SIFT1M,1000000,1000000,18,Tombstone,9,authorized_18_9,authorized,False,False,True,True,True,False,False,29,0.95
SIFT1M,1000000,1000000,18,Tombstone,10,authorized_18_10,authorized,False,False,True,True,False,True,False,30,1.05
SIFT1M,1000000,1000000,18,Tombstone,11,authorized_18_11,authorized,False,False,True,True,False,True,False,31,1.15
SIFT1M,1000000,1000000,18,Tombstone,12,authorized_18_12,authorized,False,False,True,True,True,True,False,32,1.25
SIFT1M,1000000,1000000,18,Lethe,1,authorized_18_1,authorized,False,False,True,True,False,False,False,21,0.15
SIFT1M,1000000,1000000,18,Lethe,2,authorized_18_2,authorized,False,False,True,True,False,False,False,22,0.25
SIFT1M,1000000,1000000,18,Lethe,3,authorized_18_3,authorized,False,False,True,True,True,False,False,23,0.35
SIFT1M,1000000,1000000,18,Lethe,4,revoked_bridge_18_4,revoked_bridge,True,True,False,False,False,False,False,24,0.45
SIFT1M,1000000,1000000,18,Lethe,5,revoked_bridge_18_5,revoked_bridge,True,True,False,False,False,False,False,25,0.55
SIFT1M,1000000,1000000,18,Lethe,6,authorized_18_6,authorized,False,False,True,True,True,False,True,26,0.65
SIFT1M,1000000,1000000,18,Lethe,7,authorized_18_7,authorized,False,False,True,True,False,False,False,27,0.75
SIFT1M,1000000,1000000,18,Lethe,8,authorized_18_8,authorized,False,False,True,True,False,False,False,28,0.85
SIFT1M,1000000,1000000,18,Lethe,9,authorized_18_9,authorized,False,False,True,True,True,False,False,29,0.95
SIFT1M,1000000,1000000,18,Lethe,10,authorized_18_10,authorized,False,False,True,True,False,True,False,30,1.05
SIFT1M,1000000,1000000,18,Lethe,11,authorized_18_11,authorized,False,False,True,True,False,True,False,31,1.15
SIFT1M,1000000,1000000,18,Lethe,12,authorized_18_12,authorized,False,False,True,True,True,True,False,32,1.25
SIFT1M,1000000,1000000,19,Tombstone,1,authorized_19_1,authorized,False,False,True,True,False,False,False,21,0.15
SIFT1M,1000000,1000000,19,Tombstone,2,authorized_19_2,authorized,False,False,True,True,False,False,False,22,0.25
SIFT1M,1000000,1000000,19,Tombstone,3,authorized_19_3,authorized,False,False,True,True,True,False,False,23,0.35
SIFT1M,1000000,1000000,19,Tombstone,4,revoked_bridge_19_4,revoked_bridge,True,False,True,True,False,False,False,24,0.45
SIFT1M,1000000,1000000,19,Tombstone,5,revoked_bridge_19_5,revoked_bridge,True,False,True,True,False,False,False,25,0.55
SIFT1M,1000000,1000000,19,Tombstone,6,authorized_19_6,authorized,False,False,True,True,True,False,False,26,0.65
SIFT1M,1000000,1000000,19,Tombstone,7,authorized_19_7,authorized,False,False,True,True,False,False,False,27,0.75
SIFT1M,1000000,1000000,19,Tombstone,8,authorized_19_8,authorized,False,False,True,True,False,False,False,28,0.85
SIFT1M,1000000,1000000,19,Tombstone,9,authorized_19_9,authorized,False,False,True,True,True,False,False,29,0.95
SIFT1M,1000000,1000000,19,Tombstone,10,authorized_19_10,authorized,False,False,True,True,False,True,False,30,1.05
SIFT1M,1000000,1000000,19,Tombstone,11,authorized_19_11,authorized,False,False,True,True,False,True,False,31,1.15
SIFT1M,1000000,1000000,19,Tombstone,12,authorized_19_12,authorized,False,False,True,True,True,True,False,32,1.25
SIFT1M,1000000,1000000,19,Lethe,1,authorized_19_1,authorized,False,False,True,True,False,False,False,21,0.15
SIFT1M,1000000,1000000,19,Lethe,2,authorized_19_2,authorized,False,False,True,True,False,False,False,22,0.25
SIFT1M,1000000,1000000,19,Lethe,3,authorized_19_3,authorized,False,False,True,True,True,False,False,23,0.35
SIFT1M,1000000,1000000,19,Lethe,4,revoked_bridge_19_4,revoked_bridge,True,True,False,False,False,False,False,24,0.45
SIFT1M,1000000,1000000,19,Lethe,5,revoked_bridge_19_5,revoked_bridge,True,True,False,False,False,False,False,25,0.55
SIFT1M,1000000,1000000,19,Lethe,6,authorized_19_6,authorized,False,False,True,True,True,False,True,26,0.65
SIFT1M,1000000,1000000,19,Lethe,7,authorized_19_7,authorized,False,False,True,True,False,False,False,27,0.75
SIFT1M,1000000,1000000,19,Lethe,8,authorized_19_8,authorized,False,False,True,True,False,False,False,28,0.85
SIFT1M,1000000,1000000,19,Lethe,9,authorized_19_9,authorized,False,False,True,True,True,False,False,29,0.95
SIFT1M,1000000,1000000,19,Lethe,10,authorized_19_10,authorized,False,False,True,True,False,True,False,30,1.05
SIFT1M,1000000,1000000,19,Lethe,11,authorized_19_11,authorized,False,False,True,True,False,True,False,31,1.15
SIFT1M,1000000,1000000,19,Lethe,12,authorized_19_12,authorized,False,False,True,True,True,True,False,32,1.25
SIFT1M,1000000,1000000,20,Tombstone,1,authorized_20_1,authorized,False,False,True,True,False,False,False,21,0.15
SIFT1M,1000000,1000000,20,Tombstone,2,authorized_20_2,authorized,False,False,True,True,False,False,False,22,0.25
SIFT1M,1000000,1000000,20,Tombstone,3,authorized_20_3,authorized,False,False,True,True,True,False,False,23,0.35
SIFT1M,1000000,1000000,20,Tombstone,4,revoked_bridge_20_4,revoked_bridge,True,False,True,True,False,False,False,24,0.45
SIFT1M,1000000,1000000,20,Tombstone,5,revoked_bridge_20_5,revoked_bridge,True,False,True,True,False,False,False,25,0.55
SIFT1M,1000000,1000000,20,Tombstone,6,authorized_20_6,authorized,False,False,True,True,True,False,False,26,0.65
SIFT1M,1000000,1000000,20,Tombstone,7,authorized_20_7,authorized,False,False,True,True,False,False,False,27,0.75
SIFT1M,1000000,1000000,20,Tombstone,8,authorized_20_8,authorized,False,False,True,True,False,False,False,28,0.85
SIFT1M,1000000,1000000,20,Tombstone,9,authorized_20_9,authorized,False,False,True,True,True,False,False,29,0.95
SIFT1M,1000000,1000000,20,Tombstone,10,authorized_20_10,authorized,False,False,True,True,False,True,False,30,1.05
SIFT1M,1000000,1000000,20,Tombstone,11,authorized_20_11,authorized,False,False,True,True,False,True,False,31,1.15
SIFT1M,1000000,1000000,20,Tombstone,12,authorized_20_12,authorized,False,False,True,True,True,True,False,32,1.25
SIFT1M,1000000,1000000,20,Lethe,1,authorized_20_1,authorized,False,False,True,True,False,False,False,21,0.15
SIFT1M,1000000,1000000,20,Lethe,2,authorized_20_2,authorized,False,False,True,True,False,False,False,22,0.25
SIFT1M,1000000,1000000,20,Lethe,3,authorized_20_3,authorized,False,False,True,True,True,False,False,23,0.35
SIFT1M,1000000,1000000,20,Lethe,4,revoked_bridge_20_4,revoked_bridge,True,True,False,False,False,False,False,24,0.45
SIFT1M,1000000,1000000,20,Lethe,5,revoked_bridge_20_5,revoked_bridge,True,True,False,False,False,False,False,25,0.55
SIFT1M,1000000,1000000,20,Lethe,6,authorized_20_6,authorized,False,False,True,True,True,False,True,26,0.65
SIFT1M,1000000,1000000,20,Lethe,7,authorized_20_7,authorized,False,False,True,True,False,False,False,27,0.75
SIFT1M,1000000,1000000,20,Lethe,8,authorized_20_8,authorized,False,False,True,True,False,False,False,28,0.85
SIFT1M,1000000,1000000,20,Lethe,9,authorized_20_9,authorized,False,False,True,True,True,False,False,29,0.95
SIFT1M,1000000,1000000,20,Lethe,10,authorized_20_10,authorized,False,False,True,True,False,True,False,30,1.05
SIFT1M,1000000,1000000,20,Lethe,11,authorized_20_11,authorized,False,False,True,True,False,True,False,31,1.15
SIFT1M,1000000,1000000,20,Lethe,12,authorized_20_12,authorized,False,False,True,True,True,True,False,32,1.25
SIFT1M,1000000,1000000,21,Tombstone,1,authorized_21_1,authorized,False,False,True,True,False,False,False,21,0.15
SIFT1M,1000000,1000000,21,Tombstone,2,authorized_21_2,authorized,False,False,True,True,False,False,False,22,0.25
SIFT1M,1000000,1000000,21,Tombstone,3,authorized_21_3,authorized,False,False,True,True,True,False,False,23,0.35
SIFT1M,1000000,1000000,21,Tombstone,4,revoked_bridge_21_4,revoked_bridge,True,False,True,True,False,False,False,24,0.45
SIFT1M,1000000,1000000,21,Tombstone,5,revoked_bridge_21_5,revoked_bridge,True,False,True,True,False,False,False,25,0.55
SIFT1M,1000000,1000000,21,Tombstone,6,authorized_21_6,authorized,False,False,True,True,True,False,False,26,0.65
SIFT1M,1000000,1000000,21,Tombstone,7,authorized_21_7,authorized,False,False,True,True,False,False,False,27,0.75
SIFT1M,1000000,1000000,21,Tombstone,8,authorized_21_8,authorized,False,False,True,True,False,False,False,28,0.85
SIFT1M,1000000,1000000,21,Tombstone,9,authorized_21_9,authorized,False,False,True,True,True,False,False,29,0.95
SIFT1M,1000000,1000000,21,Tombstone,10,authorized_21_10,authorized,False,False,True,True,False,True,False,30,1.05
SIFT1M,1000000,1000000,21,Tombstone,11,authorized_21_11,authorized,False,False,True,True,False,True,False,31,1.15
SIFT1M,1000000,1000000,21,Tombstone,12,authorized_21_12,authorized,False,False,True,True,True,True,False,32,1.25
SIFT1M,1000000,1000000,21,Lethe,1,authorized_21_1,authorized,False,False,True,True,False,False,False,21,0.15
SIFT1M,1000000,1000000,21,Lethe,2,authorized_21_2,authorized,False,False,True,True,False,False,False,22,0.25
SIFT1M,1000000,1000000,21,Lethe,3,authorized_21_3,authorized,False,False,True,True,True,False,False,23,0.35
SIFT1M,1000000,1000000,21,Lethe,4,revoked_bridge_21_4,revoked_bridge,True,True,False,False,False,False,False,24,0.45
SIFT1M,1000000,1000000,21,Lethe,5,revoked_bridge_21_5,revoked_bridge,True,True,False,False,False,False,False,25,0.55
SIFT1M,1000000,1000000,21,Lethe,6,authorized_21_6,authorized,False,False,True,True,True,False,True,26,0.65
SIFT1M,1000000,1000000,21,Lethe,7,authorized_21_7,authorized,False,False,True,True,False,False,False,27,0.75
SIFT1M,1000000,1000000,21,Lethe,8,authorized_21_8,authorized,False,False,True,True,False,False,False,28,0.85
SIFT1M,1000000,1000000,21,Lethe,9,authorized_21_9,authorized,False,False,True,True,True,False,False,29,0.95
SIFT1M,1000000,1000000,21,Lethe,10,authorized_21_10,authorized,False,False,True,True,False,True,False,30,1.05
SIFT1M,1000000,1000000,21,Lethe,11,authorized_21_11,authorized,False,False,True,True,False,True,False,31,1.15
SIFT1M,1000000,1000000,21,Lethe,12,authorized_21_12,authorized,False,False,True,True,True,True,False,32,1.25
SIFT1M,1000000,1000000,22,Tombstone,1,authorized_22_1,authorized,False,False,True,True,False,False,False,21,0.15
SIFT1M,1000000,1000000,22,Tombstone,2,authorized_22_2,authorized,False,False,True,True,False,False,False,22,0.25
SIFT1M,1000000,1000000,22,Tombstone,3,authorized_22_3,authorized,False,False,True,True,True,False,False,23,0.35
SIFT1M,1000000,1000000,22,Tombstone,4,revoked_bridge_22_4,revoked_bridge,True,False,True,True,False,False,False,24,0.45
SIFT1M,1000000,1000000,22,Tombstone,5,revoked_bridge_22_5,revoked_bridge,True,False,True,True,False,False,False,25,0.55
SIFT1M,1000000,1000000,22,Tombstone,6,authorized_22_6,authorized,False,False,True,True,True,False,False,26,0.65
SIFT1M,1000000,1000000,22,Tombstone,7,authorized_22_7,authorized,False,False,True,True,False,False,False,27,0.75
SIFT1M,1000000,1000000,22,Tombstone,8,authorized_22_8,authorized,False,False,True,True,False,False,False,28,0.85
SIFT1M,1000000,1000000,22,Tombstone,9,authorized_22_9,authorized,False,False,True,True,True,False,False,29,0.95
SIFT1M,1000000,1000000,22,Tombstone,10,authorized_22_10,authorized,False,False,True,True,False,True,False,30,1.05
SIFT1M,1000000,1000000,22,Tombstone,11,authorized_22_11,authorized,False,False,True,True,False,True,False,31,1.15
SIFT1M,1000000,1000000,22,Tombstone,12,authorized_22_12,authorized,False,False,True,True,True,True,False,32,1.25
SIFT1M,1000000,1000000,22,Lethe,1,authorized_22_1,authorized,False,False,True,True,False,False,False,21,0.15
SIFT1M,1000000,1000000,22,Lethe,2,authorized_22_2,authorized,False,False,True,True,False,False,False,22,0.25
SIFT1M,1000000,1000000,22,Lethe,3,authorized_22_3,authorized,False,False,True,True,True,False,False,23,0.35
SIFT1M,1000000,1000000,22,Lethe,4,revoked_bridge_22_4,revoked_bridge,True,True,False,False,False,False,False,24,0.45
SIFT1M,1000000,1000000,22,Lethe,5,revoked_bridge_22_5,revoked_bridge,True,True,False,False,False,False,False,25,0.55
SIFT1M,1000000,1000000,22,Lethe,6,authorized_22_6,authorized,False,False,True,True,True,False,True,26,0.65
SIFT1M,1000000,1000000,22,Lethe,7,authorized_22_7,authorized,False,False,True,True,False,False,False,27,0.75
SIFT1M,1000000,1000000,22,Lethe,8,authorized_22_8,authorized,False,False,True,True,False,False,False,28,0.85
SIFT1M,1000000,1000000,22,Lethe,9,authorized_22_9,authorized,False,False,True,True,True,False,False,29,0.95
SIFT1M,1000000,1000000,22,Lethe,10,authorized_22_10,authorized,False,False,True,True,False,True,False,30,1.05
SIFT1M,1000000,1000000,22,Lethe,11,authorized_22_11,authorized,False,False,True,True,False,True,False,31,1.15
SIFT1M,1000000,1000000,22,Lethe,12,authorized_22_12,authorized,False,False,True,True,True,True,False,32,1.25
SIFT1M,1000000,1000000,23,Tombstone,1,authorized_23_1,authorized,False,False,True,True,False,False,False,21,0.15
SIFT1M,1000000,1000000,23,Tombstone,2,authorized_23_2,authorized,False,False,True,True,False,False,False,22,0.25
SIFT1M,1000000,1000000,23,Tombstone,3,authorized_23_3,authorized,False,False,True,True,True,False,False,23,0.35
SIFT1M,1000000,1000000,23,Tombstone,4,revoked_bridge_23_4,revoked_bridge,True,False,True,True,False,False,False,24,0.45
SIFT1M,1000000,1000000,23,Tombstone,5,revoked_bridge_23_5,revoked_bridge,True,False,True,True,False,False,False,25,0.55
SIFT1M,1000000,1000000,23,Tombstone,6,authorized_23_6,authorized,False,False,True,True,True,False,False,26,0.65
SIFT1M,1000000,1000000,23,Tombstone,7,authorized_23_7,authorized,False,False,True,True,False,False,False,27,0.75
SIFT1M,1000000,1000000,23,Tombstone,8,authorized_23_8,authorized,False,False,True,True,False,False,False,28,0.85
SIFT1M,1000000,1000000,23,Tombstone,9,authorized_23_9,authorized,False,False,True,True,True,False,False,29,0.95
SIFT1M,1000000,1000000,23,Tombstone,10,authorized_23_10,authorized,False,False,True,True,False,True,False,30,1.05
SIFT1M,1000000,1000000,23,Tombstone,11,authorized_23_11,authorized,False,False,True,True,False,True,False,31,1.15
SIFT1M,1000000,1000000,23,Tombstone,12,authorized_23_12,authorized,False,False,True,True,True,True,False,32,1.25
SIFT1M,1000000,1000000,23,Lethe,1,authorized_23_1,authorized,False,False,True,True,False,False,False,21,0.15
SIFT1M,1000000,1000000,23,Lethe,2,authorized_23_2,authorized,False,False,True,True,False,False,False,22,0.25
SIFT1M,1000000,1000000,23,Lethe,3,authorized_23_3,authorized,False,False,True,True,True,False,False,23,0.35
SIFT1M,1000000,1000000,23,Lethe,4,revoked_bridge_23_4,revoked_bridge,True,True,False,False,False,False,False,24,0.45
SIFT1M,1000000,1000000,23,Lethe,5,revoked_bridge_23_5,revoked_bridge,True,True,False,False,False,False,False,25,0.55
SIFT1M,1000000,1000000,23,Lethe,6,authorized_23_6,authorized,False,False,True,True,True,False,True,26,0.65
SIFT1M,1000000,1000000,23,Lethe,7,authorized_23_7,authorized,False,False,True,True,False,False,False,27,0.75
SIFT1M,1000000,1000000,23,Lethe,8,authorized_23_8,authorized,False,False,True,True,False,False,False,28,0.85
SIFT1M,1000000,1000000,23,Lethe,9,authorized_23_9,authorized,False,False,True,True,True,False,False,29,0.95
SIFT1M,1000000,1000000,23,Lethe,10,authorized_23_10,authorized,False,False,True,True,False,True,False,30,1.05
SIFT1M,1000000,1000000,23,Lethe,11,authorized_23_11,authorized,False,False,True,True,False,True,False,31,1.15
SIFT1M,1000000,1000000,23,Lethe,12,authorized_23_12,authorized,False,False,True,True,True,True,False,32,1.25
SIFT1M,1000000,1000000,24,Tombstone,1,authorized_24_1,authorized,False,False,True,True,False,False,False,21,0.15
SIFT1M,1000000,1000000,24,Tombstone,2,authorized_24_2,authorized,False,False,True,True,False,False,False,22,0.25
SIFT1M,1000000,1000000,24,Tombstone,3,authorized_24_3,authorized,False,False,True,True,True,False,False,23,0.35
SIFT1M,1000000,1000000,24,Tombstone,4,revoked_bridge_24_4,revoked_bridge,True,False,True,True,False,False,False,24,0.45
SIFT1M,1000000,1000000,24,Tombstone,5,revoked_bridge_24_5,revoked_bridge,True,False,True,True,False,False,False,25,0.55
SIFT1M,1000000,1000000,24,Tombstone,6,authorized_24_6,authorized,False,False,True,True,True,False,False,26,0.65
SIFT1M,1000000,1000000,24,Tombstone,7,authorized_24_7,authorized,False,False,True,True,False,False,False,27,0.75
SIFT1M,1000000,1000000,24,Tombstone,8,authorized_24_8,authorized,False,False,True,True,False,False,False,28,0.85
SIFT1M,1000000,1000000,24,Tombstone,9,authorized_24_9,authorized,False,False,True,True,True,False,False,29,0.95
SIFT1M,1000000,1000000,24,Tombstone,10,authorized_24_10,authorized,False,False,True,True,False,True,False,30,1.05
SIFT1M,1000000,1000000,24,Tombstone,11,authorized_24_11,authorized,False,False,True,True,False,True,False,31,1.15
SIFT1M,1000000,1000000,24,Tombstone,12,authorized_24_12,authorized,False,False,True,True,True,True,False,32,1.25
SIFT1M,1000000,1000000,24,Lethe,1,authorized_24_1,authorized,False,False,True,True,False,False,False,21,0.15
SIFT1M,1000000,1000000,24,Lethe,2,authorized_24_2,authorized,False,False,True,True,False,False,False,22,0.25
SIFT1M,1000000,1000000,24,Lethe,3,authorized_24_3,authorized,False,False,True,True,True,False,False,23,0.35
SIFT1M,1000000,1000000,24,Lethe,4,revoked_bridge_24_4,revoked_bridge,True,True,False,False,False,False,False,24,0.45
SIFT1M,1000000,1000000,24,Lethe,5,revoked_bridge_24_5,revoked_bridge,True,True,False,False,False,False,False,25,0.55
SIFT1M,1000000,1000000,24,Lethe,6,authorized_24_6,authorized,False,False,True,True,True,False,True,26,0.65
SIFT1M,1000000,1000000,24,Lethe,7,authorized_24_7,authorized,False,False,True,True,False,False,False,27,0.75
SIFT1M,1000000,1000000,24,Lethe,8,authorized_24_8,authorized,False,False,True,True,False,False,False,28,0.85
SIFT1M,1000000,1000000,24,Lethe,9,authorized_24_9,authorized,False,False,True,True,True,False,False,29,0.95
SIFT1M,1000000,1000000,24,Lethe,10,authorized_24_10,authorized,False,False,True,True,False,True,False,30,1.05
SIFT1M,1000000,1000000,24,Lethe,11,authorized_24_11,authorized,False,False,True,True,False,True,False,31,1.15
SIFT1M,1000000,1000000,24,Lethe,12,authorized_24_12,authorized,False,False,True,True,True,True,False,32,1.25
