dataset,N,N_indexed,method,revocations_per_s,batch_B,amortized_cost_s,compliance_window_s,seed,window_model,single_source_cost_experiment
LegalBench-RAG,1200000,1200000,Tombstone,92786.01,1,1.89443731,3788.853064,0,long_offline_consolidation,True
LegalBench-RAG,1200000,1200000,Tombstone,95939.984,1,1.88163626,3763.251682,1,long_offline_consolidation,True
LegalBench-RAG,1200000,1200000,Tombstone,98450.816,1,1.93298112,3865.941928,2,long_offline_consolidation,True
LegalBench-RAG,1200000,1200000,Tombstone,98428.386,1,1.86270712,3725.393915,3,long_offline_consolidation,True
LegalBench-RAG,1200000,1200000,Tombstone,92555.119,1,1.89645255,3792.883483,4,long_offline_consolidation,True
LegalBench-RAG,1200000,1200000,Tombstone,95833.777,2,0.96844049,3873.720204,0,long_offline_consolidation,True
LegalBench-RAG,1200000,1200000,Tombstone,96196.195,2,0.98574862,3942.952899,1,long_offline_consolidation,True
LegalBench-RAG,1200000,1200000,Tombstone,95233.967,2,0.99465929,3978.595163,2,long_offline_consolidation,True
LegalBench-RAG,1200000,1200000,Tombstone,96772.101,2,0.98041434,3921.616031,3,long_offline_consolidation,True
LegalBench-RAG,1200000,1200000,Tombstone,99868.326,2,0.97849758,3913.950269,4,long_offline_consolidation,True
LegalBench-RAG,1200000,1200000,Tombstone,92041.373,5,0.41781897,4178.081098,0,long_offline_consolidation,True
LegalBench-RAG,1200000,1200000,Tombstone,98021.74,5,0.41226056,4122.503549,1,long_offline_consolidation,True
LegalBench-RAG,1200000,1200000,Tombstone,91346.796,5,0.40934059,4093.29647,2,long_offline_consolidation,True
LegalBench-RAG,1200000,1200000,Tombstone,99080.476,5,0.41676094,4167.508518,3,long_offline_consolidation,True
LegalBench-RAG,1200000,1200000,Tombstone,94709.938,5,0.40681681,4068.062471,4,long_offline_consolidation,True
LegalBench-RAG,1200000,1200000,Tombstone,100793.733,10,0.20627446,4125.290838,0,long_offline_consolidation,True
LegalBench-RAG,1200000,1200000,Tombstone,94617.301,10,0.21133902,4226.569069,1,long_offline_consolidation,True
LegalBench-RAG,1200000,1200000,Tombstone,93559.359,10,0.21102005,4220.187182,2,long_offline_consolidation,True
LegalBench-RAG,1200000,1200000,Tombstone,97210.169,10,0.21365004,4272.795126,3,long_offline_consolidation,True
LegalBench-RAG,1200000,1200000,Tombstone,94976.657,10,0.20790006,4157.790644,4,long_offline_consolidation,True
LegalBench-RAG,1200000,1200000,Tombstone,95215.115,25,0.08525544,4262.246724,0,long_offline_consolidation,True
LegalBench-RAG,1200000,1200000,Tombstone,96095.931,25,0.08686514,4342.736724,1,long_offline_consolidation,True
LegalBench-RAG,1200000,1200000,Tombstone,96263.468,25,0.08596817,4297.889337,2,long_offline_consolidation,True
LegalBench-RAG,1200000,1200000,Tombstone,93869.828,25,0.08746386,4372.66017,3,long_offline_consolidation,True
LegalBench-RAG,1200000,1200000,Tombstone,98922.929,25,0.08762278,4380.633472,4,long_offline_consolidation,True
LegalBench-RAG,1200000,1200000,Tombstone,93589.539,100,0.02284893,4567.648384,0,long_offline_consolidation,True
LegalBench-RAG,1200000,1200000,Tombstone,95005.439,100,0.0233811,4674.113988,1,long_offline_consolidation,True
LegalBench-RAG,1200000,1200000,Tombstone,96850.261,100,0.0229316,4584.255069,2,long_offline_consolidation,True
LegalBench-RAG,1200000,1200000,Tombstone,96690.741,100,0.02290954,4579.839252,3,long_offline_consolidation,True
LegalBench-RAG,1200000,1200000,Tombstone,97059.524,100,0.02236377,4470.693135,4,long_offline_consolidation,True
LegalBench-RAG,1200000,1200000,Tombstone,100803.407,250,0.00939122,4690.651631,0,long_offline_consolidation,True
LegalBench-RAG,1200000,1200000,Tombstone,102938.8,250,0.00927909,4634.689225,1,long_offline_consolidation,True
LegalBench-RAG,1200000,1200000,Tombstone,98109.276,250,0.0094445,4717.152463,2,long_offline_consolidation,True
LegalBench-RAG,1200000,1200000,Tombstone,98697.545,250,0.00940277,4696.317464,3,long_offline_consolidation,True
LegalBench-RAG,1200000,1200000,Tombstone,99314.593,250,0.00939768,4693.80442,4,long_offline_consolidation,True
LegalBench-RAG,1200000,1200000,Tombstone,94576.132,1000,0.00250683,4992.518988,0,long_offline_consolidation,True
LegalBench-RAG,1200000,1200000,Tombstone,101375.225,1000,0.00246188,4904.02548,1,long_offline_consolidation,True
LegalBench-RAG,1200000,1200000,Tombstone,97494.395,1000,0.00250249,4984.457092,2,long_offline_consolidation,True
LegalBench-RAG,1200000,1200000,Tombstone,94626.161,1000,0.00251193,5002.716201,3,long_offline_consolidation,True
LegalBench-RAG,1200000,1200000,Tombstone,97317.007,1000,0.00246042,4900.289694,4,long_offline_consolidation,True
LegalBench-RAG,1200000,1200000,Tombstone,98618.816,2500,0.0010208,5053.295681,0,long_offline_consolidation,True
LegalBench-RAG,1200000,1200000,Tombstone,97980.252,2500,0.00104462,5172.069486,1,long_offline_consolidation,True
LegalBench-RAG,1200000,1200000,Tombstone,98810.132,2500,0.00102929,5095.86023,2,long_offline_consolidation,True
LegalBench-RAG,1200000,1200000,Tombstone,101818.617,2500,0.00104199,5160.822066,3,long_offline_consolidation,True
LegalBench-RAG,1200000,1200000,Tombstone,100587.195,2500,0.00103943,5147.443612,4,long_offline_consolidation,True
LegalBench-RAG,1200000,1200000,Tombstone,100661.65,10000,0.00027273,5255.93456,0,long_offline_consolidation,True
LegalBench-RAG,1200000,1200000,Tombstone,102261.141,10000,0.00028008,5405.997062,1,long_offline_consolidation,True
LegalBench-RAG,1200000,1200000,Tombstone,97141.411,10000,0.00027395,5273.112591,2,long_offline_consolidation,True
LegalBench-RAG,1200000,1200000,Tombstone,97715.168,10000,0.00027221,5239.473187,3,long_offline_consolidation,True
LegalBench-RAG,1200000,1200000,Tombstone,100594.007,10000,0.00027714,5344.039711,4,long_offline_consolidation,True
LegalBench-RAG,1200000,1200000,Post-filter,93555.285,1,1.92905763,3858.093892,0,long_offline_consolidation,True
LegalBench-RAG,1200000,1200000,Post-filter,96959.542,1,1.8894415,3778.862377,1,long_offline_consolidation,True
LegalBench-RAG,1200000,1200000,Post-filter,92829.539,1,1.92791281,3855.804073,2,long_offline_consolidation,True
LegalBench-RAG,1200000,1200000,Post-filter,92036.69,1,1.87265873,3745.295727,3,long_offline_consolidation,True
LegalBench-RAG,1200000,1200000,Post-filter,93314.768,1,1.84895575,3697.890071,4,long_offline_consolidation,True
LegalBench-RAG,1200000,1200000,Post-filter,91607.36,2,0.97988664,3919.502903,0,long_offline_consolidation,True
LegalBench-RAG,1200000,1200000,Post-filter,90749.179,2,0.99908193,3996.283658,1,long_offline_consolidation,True
LegalBench-RAG,1200000,1200000,Post-filter,89982.093,2,0.97313794,3892.507304,2,long_offline_consolidation,True
LegalBench-RAG,1200000,1200000,Post-filter,93533.69,2,0.9656551,3862.577642,3,long_offline_consolidation,True
LegalBench-RAG,1200000,1200000,Post-filter,96021.634,2,0.99060225,3962.367353,4,long_offline_consolidation,True
LegalBench-RAG,1200000,1200000,Post-filter,92700.4,5,0.40668121,4066.704266,0,long_offline_consolidation,True
LegalBench-RAG,1200000,1200000,Post-filter,96566.663,5,0.40829204,4082.816879,1,long_offline_consolidation,True
LegalBench-RAG,1200000,1200000,Post-filter,93376.009,5,0.40663784,4066.271327,2,long_offline_consolidation,True
LegalBench-RAG,1200000,1200000,Post-filter,91325.545,5,0.40686346,4068.525143,3,long_offline_consolidation,True
LegalBench-RAG,1200000,1200000,Post-filter,95251.804,5,0.39555876,3955.482654,4,long_offline_consolidation,True
LegalBench-RAG,1200000,1200000,Post-filter,91572.354,10,0.21214493,4242.680256,0,long_offline_consolidation,True
LegalBench-RAG,1200000,1200000,Post-filter,90245.034,10,0.20361034,4071.985178,1,long_offline_consolidation,True
LegalBench-RAG,1200000,1200000,Post-filter,90881.277,10,0.20923522,4184.484265,2,long_offline_consolidation,True
LegalBench-RAG,1200000,1200000,Post-filter,92477.081,10,0.20872241,4174.231968,3,long_offline_consolidation,True
LegalBench-RAG,1200000,1200000,Post-filter,97878.475,10,0.21249214,4249.638454,4,long_offline_consolidation,True
LegalBench-RAG,1200000,1200000,Post-filter,93568.355,25,0.08859889,4429.41025,0,long_offline_consolidation,True
LegalBench-RAG,1200000,1200000,Post-filter,88828.455,25,0.08547348,4273.111081,1,long_offline_consolidation,True
LegalBench-RAG,1200000,1200000,Post-filter,92374.449,25,0.08670323,4334.620395,2,long_offline_consolidation,True
LegalBench-RAG,1200000,1200000,Post-filter,92613.028,25,0.08415042,4206.980963,3,long_offline_consolidation,True
LegalBench-RAG,1200000,1200000,Post-filter,93516.631,25,0.08731524,4365.227261,4,long_offline_consolidation,True
LegalBench-RAG,1200000,1200000,Post-filter,96523.067,100,0.02329863,4657.654254,0,long_offline_consolidation,True
LegalBench-RAG,1200000,1200000,Post-filter,95475.031,100,0.02280121,4558.146918,1,long_offline_consolidation,True
LegalBench-RAG,1200000,1200000,Post-filter,95913.846,100,0.02254442,4506.797935,2,long_offline_consolidation,True
LegalBench-RAG,1200000,1200000,Post-filter,96906.789,100,0.02243173,4484.282513,3,long_offline_consolidation,True
LegalBench-RAG,1200000,1200000,Post-filter,93088.178,100,0.02321919,4641.688649,4,long_offline_consolidation,True
LegalBench-RAG,1200000,1200000,Post-filter,94267.525,250,0.00949335,4741.372804,0,long_offline_consolidation,True
LegalBench-RAG,1200000,1200000,Post-filter,93958.771,250,0.00920766,4598.50637,1,long_offline_consolidation,True
LegalBench-RAG,1200000,1200000,Post-filter,96277.157,250,0.00946596,4727.786614,2,long_offline_consolidation,True
LegalBench-RAG,1200000,1200000,Post-filter,98009.82,250,0.00955673,4773.261646,3,long_offline_consolidation,True
LegalBench-RAG,1200000,1200000,Post-filter,96569.095,250,0.00932159,4655.61922,4,long_offline_consolidation,True
LegalBench-RAG,1200000,1200000,Post-filter,97777.81,1000,0.00247984,4939.230528,0,long_offline_consolidation,True
LegalBench-RAG,1200000,1200000,Post-filter,94582.176,1000,0.00248898,4956.815975,1,long_offline_consolidation,True
LegalBench-RAG,1200000,1200000,Post-filter,95221.186,1000,0.00245341,4885.817971,2,long_offline_consolidation,True
LegalBench-RAG,1200000,1200000,Post-filter,95600.198,1000,0.00239482,4768.716423,3,long_offline_consolidation,True
LegalBench-RAG,1200000,1200000,Post-filter,98475.479,1000,0.00245318,4886.049223,4,long_offline_consolidation,True
LegalBench-RAG,1200000,1200000,Post-filter,92820.186,2500,0.00102186,5055.452181,0,long_offline_consolidation,True
LegalBench-RAG,1200000,1200000,Post-filter,95892.715,2500,0.00105377,5216.714862,1,long_offline_consolidation,True
LegalBench-RAG,1200000,1200000,Post-filter,96174.902,2500,0.00103313,5113.636896,2,long_offline_consolidation,True
LegalBench-RAG,1200000,1200000,Post-filter,96145.407,2500,0.00101839,5039.961654,3,long_offline_consolidation,True
LegalBench-RAG,1200000,1200000,Post-filter,94794.805,2500,0.00101676,5031.049998,4,long_offline_consolidation,True
LegalBench-RAG,1200000,1200000,Post-filter,98522.703,10000,0.00027045,5205.95889,0,long_offline_consolidation,True
LegalBench-RAG,1200000,1200000,Post-filter,95343.506,10000,0.00027351,5260.391495,1,long_offline_consolidation,True
LegalBench-RAG,1200000,1200000,Post-filter,93219.219,10000,0.00027486,5282.722128,2,long_offline_consolidation,True
LegalBench-RAG,1200000,1200000,Post-filter,96987.692,10000,0.00028439,5481.505801,3,long_offline_consolidation,True
LegalBench-RAG,1200000,1200000,Post-filter,95973.561,10000,0.00027308,5253.200895,4,long_offline_consolidation,True
LegalBench-RAG,1200000,1200000,SPFresh,16834.574,1,8.351e-05,0.048224,0,freshness_update,True
LegalBench-RAG,1200000,1200000,SPFresh,16804.327,1,8.372e-05,0.048424,1,freshness_update,True
LegalBench-RAG,1200000,1200000,SPFresh,16516.932,1,8.461e-05,0.048132,2,freshness_update,True
LegalBench-RAG,1200000,1200000,SPFresh,17286.811,1,8.542e-05,0.05514,3,freshness_update,True
LegalBench-RAG,1200000,1200000,SPFresh,16930.217,1,8.401e-05,0.049886,4,freshness_update,True
LegalBench-RAG,1200000,1200000,SPFresh,17571.23,2,6.993e-05,0.052079,0,freshness_update,True
LegalBench-RAG,1200000,1200000,SPFresh,17033.081,2,7.044e-05,0.046908,1,freshness_update,True
LegalBench-RAG,1200000,1200000,SPFresh,17765.654,2,6.819e-05,0.047622,2,freshness_update,True
LegalBench-RAG,1200000,1200000,SPFresh,16718.265,2,7.185e-05,0.048153,3,freshness_update,True
LegalBench-RAG,1200000,1200000,SPFresh,17161.793,2,7.165e-05,0.053526,4,freshness_update,True
LegalBench-RAG,1200000,1200000,SPFresh,16625.993,5,6.523e-05,0.050858,0,freshness_update,True
LegalBench-RAG,1200000,1200000,SPFresh,17353.121,5,6.245e-05,0.048274,1,freshness_update,True
LegalBench-RAG,1200000,1200000,SPFresh,17489.563,5,6.197e-05,0.047962,2,freshness_update,True
LegalBench-RAG,1200000,1200000,SPFresh,17963.39,5,6.057e-05,0.049034,3,freshness_update,True
LegalBench-RAG,1200000,1200000,SPFresh,17849.833,5,6.111e-05,0.050877,4,freshness_update,True
LegalBench-RAG,1200000,1200000,SPFresh,17525.794,10,5.963e-05,0.051364,0,freshness_update,True
LegalBench-RAG,1200000,1200000,SPFresh,17090.103,10,6.093e-05,0.048369,1,freshness_update,True
LegalBench-RAG,1200000,1200000,SPFresh,17881.03,10,5.866e-05,0.054752,2,freshness_update,True
LegalBench-RAG,1200000,1200000,SPFresh,17795.936,10,5.889e-05,0.053955,3,freshness_update,True
LegalBench-RAG,1200000,1200000,SPFresh,17151.068,10,6.082e-05,0.050358,4,freshness_update,True
LegalBench-RAG,1200000,1200000,SPFresh,18081.454,25,5.635e-05,0.052014,0,freshness_update,True
LegalBench-RAG,1200000,1200000,SPFresh,17719.859,25,5.743e-05,0.04987,1,freshness_update,True
LegalBench-RAG,1200000,1200000,SPFresh,17892.201,25,5.691e-05,0.050978,2,freshness_update,True
LegalBench-RAG,1200000,1200000,SPFresh,17811.417,25,5.714e-05,0.049635,3,freshness_update,True
LegalBench-RAG,1200000,1200000,SPFresh,18180.843,25,5.599e-05,0.049341,4,freshness_update,True
LegalBench-RAG,1200000,1200000,SPFresh,18483.953,100,5.434e-05,0.048595,0,freshness_update,True
LegalBench-RAG,1200000,1200000,SPFresh,19289.177,100,5.211e-05,0.053391,1,freshness_update,True
LegalBench-RAG,1200000,1200000,SPFresh,18246.418,100,5.507e-05,0.052404,2,freshness_update,True
LegalBench-RAG,1200000,1200000,SPFresh,18595.947,100,5.403e-05,0.050777,3,freshness_update,True
LegalBench-RAG,1200000,1200000,SPFresh,18123.631,100,5.543e-05,0.051519,4,freshness_update,True
LegalBench-RAG,1200000,1200000,SPFresh,18958.741,250,5.285e-05,0.052707,0,freshness_update,True
LegalBench-RAG,1200000,1200000,SPFresh,19514.156,250,5.135e-05,0.052561,1,freshness_update,True
LegalBench-RAG,1200000,1200000,SPFresh,18057.268,250,5.548e-05,0.052741,2,freshness_update,True
LegalBench-RAG,1200000,1200000,SPFresh,18640.265,250,5.375e-05,0.052353,3,freshness_update,True
LegalBench-RAG,1200000,1200000,SPFresh,18842.937,250,5.318e-05,0.053323,4,freshness_update,True
LegalBench-RAG,1200000,1200000,SPFresh,19661.293,1000,5.089e-05,0.061284,0,freshness_update,True
LegalBench-RAG,1200000,1200000,SPFresh,18812.785,1000,5.318e-05,0.057143,1,freshness_update,True
LegalBench-RAG,1200000,1200000,SPFresh,19690.071,1000,5.082e-05,0.057141,2,freshness_update,True
LegalBench-RAG,1200000,1200000,SPFresh,19607.466,1000,5.103e-05,0.06042,3,freshness_update,True
LegalBench-RAG,1200000,1200000,SPFresh,19786.385,1000,5.057e-05,0.061985,4,freshness_update,True
LegalBench-RAG,1200000,1200000,SPFresh,19185.764,2500,5.214e-05,0.077269,0,freshness_update,True
LegalBench-RAG,1200000,1200000,SPFresh,18326.959,2500,5.458e-05,0.077549,1,freshness_update,True
LegalBench-RAG,1200000,1200000,SPFresh,19076.123,2500,5.244e-05,0.076179,2,freshness_update,True
LegalBench-RAG,1200000,1200000,SPFresh,19260.16,2500,5.194e-05,0.073781,3,freshness_update,True
LegalBench-RAG,1200000,1200000,SPFresh,20409.652,2500,4.901e-05,0.066626,4,freshness_update,True
LegalBench-RAG,1200000,1200000,SPFresh,20232.779,10000,4.943e-05,0.143318,0,freshness_update,True
LegalBench-RAG,1200000,1200000,SPFresh,19366.897,10000,5.164e-05,0.150278,1,freshness_update,True
LegalBench-RAG,1200000,1200000,SPFresh,20299.591,10000,4.927e-05,0.147471,2,freshness_update,True
LegalBench-RAG,1200000,1200000,SPFresh,19493.062,10000,5.131e-05,0.144589,3,freshness_update,True
LegalBench-RAG,1200000,1200000,SPFresh,19906.786,10000,5.024e-05,0.153949,4,freshness_update,True
LegalBench-RAG,1200000,1200000,Physical-delete,2578.938,1,0.00041293,0.050356,0,immediate_global_delete,True
LegalBench-RAG,1200000,1200000,Physical-delete,2370.942,1,0.00044494,0.046342,1,immediate_global_delete,True
LegalBench-RAG,1200000,1200000,Physical-delete,2421.36,1,0.00043838,0.05077,2,immediate_global_delete,True
LegalBench-RAG,1200000,1200000,Physical-delete,2454.487,1,0.00043076,0.046676,3,immediate_global_delete,True
LegalBench-RAG,1200000,1200000,Physical-delete,2495.71,1,0.00042526,0.049148,4,immediate_global_delete,True
LegalBench-RAG,1200000,1200000,Physical-delete,2457.009,2,0.00041982,0.051302,0,immediate_global_delete,True
LegalBench-RAG,1200000,1200000,Physical-delete,2572.627,2,0.00040079,0.048328,1,immediate_global_delete,True
LegalBench-RAG,1200000,1200000,Physical-delete,2409.132,2,0.00042787,0.051147,2,immediate_global_delete,True
LegalBench-RAG,1200000,1200000,Physical-delete,2438.993,2,0.00042306,0.052224,3,immediate_global_delete,True
LegalBench-RAG,1200000,1200000,Physical-delete,2669.021,2,0.00038784,0.052672,4,immediate_global_delete,True
LegalBench-RAG,1200000,1200000,Physical-delete,2541.511,5,0.00039833,0.048648,0,immediate_global_delete,True
LegalBench-RAG,1200000,1200000,Physical-delete,2503.312,5,0.00040461,0.051369,1,immediate_global_delete,True
LegalBench-RAG,1200000,1200000,Physical-delete,2567.628,5,0.00039466,0.05199,2,immediate_global_delete,True
LegalBench-RAG,1200000,1200000,Physical-delete,2685.188,5,0.00037735,0.049356,3,immediate_global_delete,True
LegalBench-RAG,1200000,1200000,Physical-delete,2570.175,5,0.00039397,0.048934,4,immediate_global_delete,True
LegalBench-RAG,1200000,1200000,Physical-delete,2560.282,10,0.00039302,0.048757,0,immediate_global_delete,True
LegalBench-RAG,1200000,1200000,Physical-delete,2582.051,10,0.00038982,0.050525,1,immediate_global_delete,True
LegalBench-RAG,1200000,1200000,Physical-delete,2705.71,10,0.00037206,0.04933,2,immediate_global_delete,True
LegalBench-RAG,1200000,1200000,Physical-delete,2581.222,10,0.00039011,0.053884,3,immediate_global_delete,True
LegalBench-RAG,1200000,1200000,Physical-delete,2565.367,10,0.00039224,0.048612,4,immediate_global_delete,True
LegalBench-RAG,1200000,1200000,Physical-delete,2615.593,25,0.00038329,0.048331,0,immediate_global_delete,True
LegalBench-RAG,1200000,1200000,Physical-delete,2573.362,25,0.00038959,0.049593,1,immediate_global_delete,True
LegalBench-RAG,1200000,1200000,Physical-delete,2689.044,25,0.00037287,0.049564,2,immediate_global_delete,True
LegalBench-RAG,1200000,1200000,Physical-delete,2728.266,25,0.00036751,0.048851,3,immediate_global_delete,True
LegalBench-RAG,1200000,1200000,Physical-delete,2672.878,25,0.00037517,0.052288,4,immediate_global_delete,True
LegalBench-RAG,1200000,1200000,Physical-delete,2704.678,100,0.00036999,0.051683,0,immediate_global_delete,True
LegalBench-RAG,1200000,1200000,Physical-delete,2683.299,100,0.00037293,0.050456,1,immediate_global_delete,True
LegalBench-RAG,1200000,1200000,Physical-delete,2653.022,100,0.00037719,0.051987,2,immediate_global_delete,True
LegalBench-RAG,1200000,1200000,Physical-delete,2777.72,100,0.00036027,0.051656,3,immediate_global_delete,True
LegalBench-RAG,1200000,1200000,Physical-delete,2789.882,100,0.0003587,0.05262,4,immediate_global_delete,True
LegalBench-RAG,1200000,1200000,Physical-delete,2837.15,250,0.00035257,0.0517,0,immediate_global_delete,True
LegalBench-RAG,1200000,1200000,Physical-delete,2790.932,250,0.0003584,0.050664,1,immediate_global_delete,True
LegalBench-RAG,1200000,1200000,Physical-delete,2763.368,250,0.00036199,0.056914,2,immediate_global_delete,True
LegalBench-RAG,1200000,1200000,Physical-delete,2775.715,250,0.00036037,0.050285,3,immediate_global_delete,True
LegalBench-RAG,1200000,1200000,Physical-delete,2795.393,250,0.00035783,0.050706,4,immediate_global_delete,True
LegalBench-RAG,1200000,1200000,Physical-delete,2876.092,1000,0.00034772,0.058101,0,immediate_global_delete,True
LegalBench-RAG,1200000,1200000,Physical-delete,2958.215,1000,0.00033807,0.058985,1,immediate_global_delete,True
LegalBench-RAG,1200000,1200000,Physical-delete,2826.774,1000,0.00035379,0.058725,2,immediate_global_delete,True
LegalBench-RAG,1200000,1200000,Physical-delete,2856.06,1000,0.00035016,0.059148,3,immediate_global_delete,True
LegalBench-RAG,1200000,1200000,Physical-delete,2837.251,1000,0.00035248,0.059749,4,immediate_global_delete,True
LegalBench-RAG,1200000,1200000,Physical-delete,2950.196,2500,0.00033898,0.072759,0,immediate_global_delete,True
LegalBench-RAG,1200000,1200000,Physical-delete,2939.149,2500,0.00034025,0.069987,1,immediate_global_delete,True
LegalBench-RAG,1200000,1200000,Physical-delete,2932.115,2500,0.00034107,0.073426,2,immediate_global_delete,True
LegalBench-RAG,1200000,1200000,Physical-delete,2924.333,2500,0.00034197,0.073164,3,immediate_global_delete,True
LegalBench-RAG,1200000,1200000,Physical-delete,2947.981,2500,0.00033923,0.074719,4,immediate_global_delete,True
LegalBench-RAG,1200000,1200000,Physical-delete,2944.641,10000,0.00033961,0.152659,0,immediate_global_delete,True
LegalBench-RAG,1200000,1200000,Physical-delete,3085.233,10000,0.00032413,0.13761,1,immediate_global_delete,True
LegalBench-RAG,1200000,1200000,Physical-delete,3038.588,10000,0.00032911,0.144599,2,immediate_global_delete,True
LegalBench-RAG,1200000,1200000,Physical-delete,3048.453,10000,0.00032804,0.149776,3,immediate_global_delete,True
LegalBench-RAG,1200000,1200000,Physical-delete,2893.808,10000,0.00034557,0.160137,4,immediate_global_delete,True
LegalBench-RAG,1200000,1200000,Periodic-rebuild,6863.388,1,0.01570559,31.11977,0,scheduled_rebuild,True
LegalBench-RAG,1200000,1200000,Periodic-rebuild,7086.661,1,0.01460586,28.929507,1,scheduled_rebuild,True
LegalBench-RAG,1200000,1200000,Periodic-rebuild,6583.241,1,0.01531744,30.331077,2,scheduled_rebuild,True
LegalBench-RAG,1200000,1200000,Periodic-rebuild,7128.721,1,0.01502018,29.759811,3,scheduled_rebuild,True
LegalBench-RAG,1200000,1200000,Periodic-rebuild,6934.35,1,0.01503258,29.776739,4,scheduled_rebuild,True
LegalBench-RAG,1200000,1200000,Periodic-rebuild,7399.656,2,0.00788859,31.013813,0,scheduled_rebuild,True
LegalBench-RAG,1200000,1200000,Periodic-rebuild,7876.696,2,0.00766033,30.133487,1,scheduled_rebuild,True
LegalBench-RAG,1200000,1200000,Periodic-rebuild,7561.516,2,0.00807398,31.766917,2,scheduled_rebuild,True
LegalBench-RAG,1200000,1200000,Periodic-rebuild,7573.415,2,0.00777458,30.570172,3,scheduled_rebuild,True
LegalBench-RAG,1200000,1200000,Periodic-rebuild,7699.858,2,0.00769384,30.255888,4,scheduled_rebuild,True
LegalBench-RAG,1200000,1200000,Periodic-rebuild,7557.815,5,0.00339386,32.61543,0,scheduled_rebuild,True
LegalBench-RAG,1200000,1200000,Periodic-rebuild,7628.295,5,0.00330956,31.784668,1,scheduled_rebuild,True
LegalBench-RAG,1200000,1200000,Periodic-rebuild,8029.697,5,0.00329616,31.716207,2,scheduled_rebuild,True
LegalBench-RAG,1200000,1200000,Periodic-rebuild,7948.332,5,0.00337812,32.523037,3,scheduled_rebuild,True
LegalBench-RAG,1200000,1200000,Periodic-rebuild,7791.451,5,0.00339908,32.707377,4,scheduled_rebuild,True
LegalBench-RAG,1200000,1200000,Periodic-rebuild,8426.673,10,0.00191085,35.843528,0,scheduled_rebuild,True
LegalBench-RAG,1200000,1200000,Periodic-rebuild,8262.652,10,0.00189702,35.519958,1,scheduled_rebuild,True
LegalBench-RAG,1200000,1200000,Periodic-rebuild,8260.492,10,0.00187721,35.123044,2,scheduled_rebuild,True
LegalBench-RAG,1200000,1200000,Periodic-rebuild,8073.816,10,0.00189531,35.429009,3,scheduled_rebuild,True
LegalBench-RAG,1200000,1200000,Periodic-rebuild,8745.5,10,0.00190266,35.766349,4,scheduled_rebuild,True
LegalBench-RAG,1200000,1200000,Periodic-rebuild,8392.785,25,0.00099352,43.718556,0,scheduled_rebuild,True
LegalBench-RAG,1200000,1200000,Periodic-rebuild,8726.552,25,0.0009969,44.115524,1,scheduled_rebuild,True
LegalBench-RAG,1200000,1200000,Periodic-rebuild,8735.433,25,0.00101117,44.834626,2,scheduled_rebuild,True
LegalBench-RAG,1200000,1200000,Periodic-rebuild,9142.716,25,0.00101248,45.155371,3,scheduled_rebuild,True
LegalBench-RAG,1200000,1200000,Periodic-rebuild,8975.069,25,0.00099296,44.077101,4,scheduled_rebuild,True
LegalBench-RAG,1200000,1200000,Periodic-rebuild,9428.663,100,0.00056177,91.141535,0,scheduled_rebuild,True
LegalBench-RAG,1200000,1200000,Periodic-rebuild,9254.617,100,0.00055275,88.939312,1,scheduled_rebuild,True
LegalBench-RAG,1200000,1200000,Periodic-rebuild,9446.507,100,0.00053697,86.22208,2,scheduled_rebuild,True
LegalBench-RAG,1200000,1200000,Periodic-rebuild,9395.271,100,0.00054347,87.406223,3,scheduled_rebuild,True
LegalBench-RAG,1200000,1200000,Periodic-rebuild,9798.832,100,0.00055144,89.877467,4,scheduled_rebuild,True
LegalBench-RAG,1200000,1200000,Periodic-rebuild,10276.13,250,0.00045781,180.249271,0,scheduled_rebuild,True
LegalBench-RAG,1200000,1200000,Periodic-rebuild,10144.162,250,0.00047789,189.65548,1,scheduled_rebuild,True
LegalBench-RAG,1200000,1200000,Periodic-rebuild,9680.727,250,0.00046926,182.981827,2,scheduled_rebuild,True
LegalBench-RAG,1200000,1200000,Periodic-rebuild,10024.225,250,0.00046333,181.786193,3,scheduled_rebuild,True
LegalBench-RAG,1200000,1200000,Periodic-rebuild,9957.585,250,0.00046927,184.421659,4,scheduled_rebuild,True
LegalBench-RAG,1200000,1200000,Periodic-rebuild,10945.78,1000,0.00041653,650.34323,0,scheduled_rebuild,True
LegalBench-RAG,1200000,1200000,Periodic-rebuild,11002.152,1000,0.00042029,658.799591,1,scheduled_rebuild,True
LegalBench-RAG,1200000,1200000,Periodic-rebuild,11592.523,1000,0.00041627,660.021858,2,scheduled_rebuild,True
LegalBench-RAG,1200000,1200000,Periodic-rebuild,11086.608,1000,0.00041935,658.300077,3,scheduled_rebuild,True
LegalBench-RAG,1200000,1200000,Periodic-rebuild,10750.798,1000,0.00040947,632.909284,4,scheduled_rebuild,True
LegalBench-RAG,1200000,1200000,Periodic-rebuild,11412.4,2500,0.00040799,1601.851898,0,scheduled_rebuild,True
LegalBench-RAG,1200000,1200000,Periodic-rebuild,11213.108,2500,0.00041493,1628.728109,1,scheduled_rebuild,True
LegalBench-RAG,1200000,1200000,Periodic-rebuild,11290.789,2500,0.00041871,1650.719456,2,scheduled_rebuild,True
LegalBench-RAG,1200000,1200000,Periodic-rebuild,11118.394,2500,0.00042092,1654.890758,3,scheduled_rebuild,True
LegalBench-RAG,1200000,1200000,Periodic-rebuild,11508.421,2500,0.0003981,1556.039943,4,scheduled_rebuild,True
LegalBench-RAG,1200000,1200000,Periodic-rebuild,12205.215,10000,0.00039842,6329.673979,0,scheduled_rebuild,True
LegalBench-RAG,1200000,1200000,Periodic-rebuild,11704.686,10000,0.0004017,6325.326043,1,scheduled_rebuild,True
LegalBench-RAG,1200000,1200000,Periodic-rebuild,12005.134,10000,0.00039859,6305.944463,2,scheduled_rebuild,True
LegalBench-RAG,1200000,1200000,Periodic-rebuild,12272.472,10000,0.00039807,6331.767733,3,scheduled_rebuild,True
LegalBench-RAG,1200000,1200000,Periodic-rebuild,11892.422,10000,0.00040621,6442.436293,4,scheduled_rebuild,True
LegalBench-RAG,1200000,1200000,Per-role-index,4006.602,1,0.0002752,0.051215,0,materialized_role_update,True
LegalBench-RAG,1200000,1200000,Per-role-index,4099.619,1,0.00026951,0.051174,1,materialized_role_update,True
LegalBench-RAG,1200000,1200000,Per-role-index,4164.018,1,0.00026627,0.052242,2,materialized_role_update,True
LegalBench-RAG,1200000,1200000,Per-role-index,4063.929,1,0.00027119,0.050247,3,materialized_role_update,True
LegalBench-RAG,1200000,1200000,Per-role-index,3962.916,1,0.00027665,0.048621,4,materialized_role_update,True
LegalBench-RAG,1200000,1200000,Per-role-index,3885.255,2,0.00027045,0.05225,0,materialized_role_update,True
LegalBench-RAG,1200000,1200000,Per-role-index,4008.831,2,0.00026216,0.050855,1,materialized_role_update,True
LegalBench-RAG,1200000,1200000,Per-role-index,4141.209,2,0.00025432,0.051373,2,materialized_role_update,True
LegalBench-RAG,1200000,1200000,Per-role-index,3817.58,2,0.00027404,0.048382,3,materialized_role_update,True
LegalBench-RAG,1200000,1200000,Per-role-index,3900.889,2,0.00026907,0.050891,4,materialized_role_update,True
LegalBench-RAG,1200000,1200000,Per-role-index,4082.088,5,0.0002501,0.051264,0,materialized_role_update,True
LegalBench-RAG,1200000,1200000,Per-role-index,3981.358,5,0.00025661,0.05442,1,materialized_role_update,True
LegalBench-RAG,1200000,1200000,Per-role-index,3931.082,5,0.00025987,0.054837,2,materialized_role_update,True
LegalBench-RAG,1200000,1200000,Per-role-index,3949.04,5,0.00025796,0.047333,3,materialized_role_update,True
LegalBench-RAG,1200000,1200000,Per-role-index,4156.905,5,0.00024566,0.050959,4,materialized_role_update,True
LegalBench-RAG,1200000,1200000,Per-role-index,4114.161,10,0.00024557,0.050159,0,materialized_role_update,True
LegalBench-RAG,1200000,1200000,Per-role-index,4280.937,10,0.00023618,0.051817,1,materialized_role_update,True
LegalBench-RAG,1200000,1200000,Per-role-index,4271.71,10,0.00023645,0.047085,2,materialized_role_update,True
LegalBench-RAG,1200000,1200000,Per-role-index,4306.471,10,0.00023459,0.047652,3,materialized_role_update,True
LegalBench-RAG,1200000,1200000,Per-role-index,4199.79,10,0.00024061,0.05003,4,materialized_role_update,True
LegalBench-RAG,1200000,1200000,Per-role-index,3999.917,25,0.00025101,0.050082,0,materialized_role_update,True
LegalBench-RAG,1200000,1200000,Per-role-index,4169.317,25,0.0002409,0.052643,1,materialized_role_update,True
LegalBench-RAG,1200000,1200000,Per-role-index,4099.826,25,0.00024495,0.051942,2,materialized_role_update,True
LegalBench-RAG,1200000,1200000,Per-role-index,4107.377,25,0.00024452,0.052633,3,materialized_role_update,True
LegalBench-RAG,1200000,1200000,Per-role-index,4182.906,25,0.00024005,0.049032,4,materialized_role_update,True
LegalBench-RAG,1200000,1200000,Per-role-index,4388.346,100,0.00022812,0.048306,0,materialized_role_update,True
LegalBench-RAG,1200000,1200000,Per-role-index,4349.231,100,0.00023018,0.050909,1,materialized_role_update,True
LegalBench-RAG,1200000,1200000,Per-role-index,4367.259,100,0.00022924,0.052195,2,materialized_role_update,True
LegalBench-RAG,1200000,1200000,Per-role-index,4251.21,100,0.0002355,0.054018,3,materialized_role_update,True
LegalBench-RAG,1200000,1200000,Per-role-index,4352.927,100,0.00022997,0.048022,4,materialized_role_update,True
LegalBench-RAG,1200000,1200000,Per-role-index,4442.73,250,0.00022519,0.050679,0,materialized_role_update,True
LegalBench-RAG,1200000,1200000,Per-role-index,4194.078,250,0.00023854,0.054162,1,materialized_role_update,True
LegalBench-RAG,1200000,1200000,Per-role-index,4453.556,250,0.00022464,0.051519,2,materialized_role_update,True
LegalBench-RAG,1200000,1200000,Per-role-index,4361.967,250,0.00022936,0.054742,3,materialized_role_update,True
LegalBench-RAG,1200000,1200000,Per-role-index,4346.984,250,0.00023015,0.053402,4,materialized_role_update,True
LegalBench-RAG,1200000,1200000,Per-role-index,4453.974,1000,0.00022455,0.064198,0,materialized_role_update,True
LegalBench-RAG,1200000,1200000,Per-role-index,4266.351,1000,0.00023442,0.062675,1,materialized_role_update,True
LegalBench-RAG,1200000,1200000,Per-role-index,4468.26,1000,0.00022383,0.058285,2,materialized_role_update,True
LegalBench-RAG,1200000,1200000,Per-role-index,4230.532,1000,0.00023641,0.059152,3,materialized_role_update,True
LegalBench-RAG,1200000,1200000,Per-role-index,4312.875,1000,0.00023189,0.057522,4,materialized_role_update,True
LegalBench-RAG,1200000,1200000,Per-role-index,4514.653,2500,0.00022152,0.077103,0,materialized_role_update,True
LegalBench-RAG,1200000,1200000,Per-role-index,4478.74,2500,0.00022329,0.072288,1,materialized_role_update,True
LegalBench-RAG,1200000,1200000,Per-role-index,4224.889,2500,0.00023671,0.071393,2,materialized_role_update,True
LegalBench-RAG,1200000,1200000,Per-role-index,4275.913,2500,0.00023388,0.076659,3,materialized_role_update,True
LegalBench-RAG,1200000,1200000,Per-role-index,4553.978,2500,0.0002196,0.079217,4,materialized_role_update,True
LegalBench-RAG,1200000,1200000,Per-role-index,4630.819,10000,0.00021595,0.157489,0,materialized_role_update,True
LegalBench-RAG,1200000,1200000,Per-role-index,4512.561,10000,0.00022161,0.158889,1,materialized_role_update,True
LegalBench-RAG,1200000,1200000,Per-role-index,4568.026,10000,0.00021892,0.145905,2,materialized_role_update,True
LegalBench-RAG,1200000,1200000,Per-role-index,4615.041,10000,0.00021669,0.149641,3,materialized_role_update,True
LegalBench-RAG,1200000,1200000,Per-role-index,4587.177,10000,0.00021801,0.146132,4,materialized_role_update,True
LegalBench-RAG,1200000,1200000,ACORN,25391.952,1,6.492e-05,0.051066,0,filtered_search_update,True
LegalBench-RAG,1200000,1200000,ACORN,24252.361,1,6.684e-05,0.051208,1,filtered_search_update,True
LegalBench-RAG,1200000,1200000,ACORN,23317.703,1,6.712e-05,0.04847,2,filtered_search_update,True
LegalBench-RAG,1200000,1200000,ACORN,23600.101,1,6.706e-05,0.049372,3,filtered_search_update,True
LegalBench-RAG,1200000,1200000,ACORN,24039.677,1,6.797e-05,0.05275,4,filtered_search_update,True
LegalBench-RAG,1200000,1200000,ACORN,23943.97,2,5.412e-05,0.049434,0,filtered_search_update,True
LegalBench-RAG,1200000,1200000,ACORN,24933.008,2,5.251e-05,0.049595,1,filtered_search_update,True
LegalBench-RAG,1200000,1200000,ACORN,24374.759,2,5.332e-05,0.049162,2,filtered_search_update,True
LegalBench-RAG,1200000,1200000,ACORN,24098.299,2,5.412e-05,0.050508,3,filtered_search_update,True
LegalBench-RAG,1200000,1200000,ACORN,24822.301,2,5.248e-05,0.048792,4,filtered_search_update,True
LegalBench-RAG,1200000,1200000,ACORN,24102.66,5,4.66e-05,0.051125,0,filtered_search_update,True
LegalBench-RAG,1200000,1200000,ACORN,24626.236,5,4.565e-05,0.050415,1,filtered_search_update,True
LegalBench-RAG,1200000,1200000,ACORN,24140.812,5,4.647e-05,0.05043,2,filtered_search_update,True
LegalBench-RAG,1200000,1200000,ACORN,25598.761,5,4.418e-05,0.051134,3,filtered_search_update,True
LegalBench-RAG,1200000,1200000,ACORN,25066.454,5,4.476e-05,0.048705,4,filtered_search_update,True
LegalBench-RAG,1200000,1200000,ACORN,24939.748,10,4.267e-05,0.051526,0,filtered_search_update,True
LegalBench-RAG,1200000,1200000,ACORN,26338.099,10,4.035e-05,0.04767,1,filtered_search_update,True
LegalBench-RAG,1200000,1200000,ACORN,24737.491,10,4.287e-05,0.04901,2,filtered_search_update,True
LegalBench-RAG,1200000,1200000,ACORN,25001.919,10,4.24e-05,0.04797,3,filtered_search_update,True
LegalBench-RAG,1200000,1200000,ACORN,23089.003,10,4.585e-05,0.050875,4,filtered_search_update,True
LegalBench-RAG,1200000,1200000,ACORN,24603.596,25,4.173e-05,0.054037,0,filtered_search_update,True
LegalBench-RAG,1200000,1200000,ACORN,24442.874,25,4.193e-05,0.051009,1,filtered_search_update,True
LegalBench-RAG,1200000,1200000,ACORN,26117.65,25,3.924e-05,0.047495,2,filtered_search_update,True
LegalBench-RAG,1200000,1200000,ACORN,26869.999,25,3.826e-05,0.051955,3,filtered_search_update,True
LegalBench-RAG,1200000,1200000,ACORN,25164.589,25,4.079e-05,0.052668,4,filtered_search_update,True
LegalBench-RAG,1200000,1200000,ACORN,25795.38,100,3.902e-05,0.049778,0,filtered_search_update,True
LegalBench-RAG,1200000,1200000,ACORN,25366.386,100,3.969e-05,0.052631,1,filtered_search_update,True
LegalBench-RAG,1200000,1200000,ACORN,26057.203,100,3.864e-05,0.052124,2,filtered_search_update,True
LegalBench-RAG,1200000,1200000,ACORN,25431.007,100,3.958e-05,0.052393,3,filtered_search_update,True
LegalBench-RAG,1200000,1200000,ACORN,26489.435,100,3.799e-05,0.048094,4,filtered_search_update,True
LegalBench-RAG,1200000,1200000,ACORN,27522.842,250,3.643e-05,0.049489,0,filtered_search_update,True
LegalBench-RAG,1200000,1200000,ACORN,27915.42,250,3.593e-05,0.055524,1,filtered_search_update,True
LegalBench-RAG,1200000,1200000,ACORN,26619.344,250,3.766e-05,0.048958,2,filtered_search_update,True
LegalBench-RAG,1200000,1200000,ACORN,27087.941,250,3.702e-05,0.053044,3,filtered_search_update,True
LegalBench-RAG,1200000,1200000,ACORN,25146.733,250,3.987e-05,0.051858,4,filtered_search_update,True
LegalBench-RAG,1200000,1200000,ACORN,27740.531,1000,3.608e-05,0.062353,0,filtered_search_update,True
LegalBench-RAG,1200000,1200000,ACORN,26460.02,1000,3.782e-05,0.057379,1,filtered_search_update,True
LegalBench-RAG,1200000,1200000,ACORN,27537.665,1000,3.634e-05,0.05693,2,filtered_search_update,True
LegalBench-RAG,1200000,1200000,ACORN,27789.546,1000,3.602e-05,0.064835,3,filtered_search_update,True
LegalBench-RAG,1200000,1200000,ACORN,26676.948,1000,3.752e-05,0.061805,4,filtered_search_update,True
LegalBench-RAG,1200000,1200000,ACORN,26330.148,2500,3.799e-05,0.078089,0,filtered_search_update,True
LegalBench-RAG,1200000,1200000,ACORN,27932.837,2500,3.582e-05,0.07474,1,filtered_search_update,True
LegalBench-RAG,1200000,1200000,ACORN,27940.146,2500,3.581e-05,0.073337,2,filtered_search_update,True
LegalBench-RAG,1200000,1200000,ACORN,27325.779,2500,3.661e-05,0.070658,3,filtered_search_update,True
LegalBench-RAG,1200000,1200000,ACORN,27508.453,2500,3.637e-05,0.075889,4,filtered_search_update,True
LegalBench-RAG,1200000,1200000,ACORN,27557.603,10000,3.63e-05,0.156595,0,filtered_search_update,True
LegalBench-RAG,1200000,1200000,ACORN,27360.57,10000,3.656e-05,0.153756,1,filtered_search_update,True
LegalBench-RAG,1200000,1200000,ACORN,26692.677,10000,3.747e-05,0.147685,2,filtered_search_update,True
LegalBench-RAG,1200000,1200000,ACORN,28363.194,10000,3.526e-05,0.154617,3,filtered_search_update,True
LegalBench-RAG,1200000,1200000,ACORN,27912.982,10000,3.583e-05,0.150443,4,filtered_search_update,True
LegalBench-RAG,1200000,1200000,HoneyBee,25799.943,1,6.321e-05,0.048896,0,filtered_search_update,True
LegalBench-RAG,1200000,1200000,HoneyBee,26664.128,1,6.403e-05,0.053058,1,filtered_search_update,True
LegalBench-RAG,1200000,1200000,HoneyBee,25958.863,1,6.44e-05,0.051752,2,filtered_search_update,True
LegalBench-RAG,1200000,1200000,HoneyBee,26713.031,1,6.274e-05,0.05062,3,filtered_search_update,True
LegalBench-RAG,1200000,1200000,HoneyBee,25471.748,1,6.433e-05,0.050147,4,filtered_search_update,True
LegalBench-RAG,1200000,1200000,HoneyBee,25961.892,2,5.228e-05,0.055048,0,filtered_search_update,True
LegalBench-RAG,1200000,1200000,HoneyBee,26054.866,2,5.127e-05,0.051559,1,filtered_search_update,True
LegalBench-RAG,1200000,1200000,HoneyBee,25803.177,2,5.076e-05,0.048023,2,filtered_search_update,True
LegalBench-RAG,1200000,1200000,HoneyBee,26077.336,2,5.118e-05,0.051333,3,filtered_search_update,True
LegalBench-RAG,1200000,1200000,HoneyBee,26706.147,2,5e-05,0.050239,4,filtered_search_update,True
LegalBench-RAG,1200000,1200000,HoneyBee,27153.15,5,4.217e-05,0.053392,0,filtered_search_update,True
LegalBench-RAG,1200000,1200000,HoneyBee,26541.524,5,4.265e-05,0.049687,1,filtered_search_update,True
LegalBench-RAG,1200000,1200000,HoneyBee,25453.424,5,4.42e-05,0.049167,2,filtered_search_update,True
LegalBench-RAG,1200000,1200000,HoneyBee,27084.986,5,4.222e-05,0.052991,3,filtered_search_update,True
LegalBench-RAG,1200000,1200000,HoneyBee,25994.742,5,4.337e-05,0.049007,4,filtered_search_update,True
LegalBench-RAG,1200000,1200000,HoneyBee,26051.685,10,4.075e-05,0.0472,0,filtered_search_update,True
LegalBench-RAG,1200000,1200000,HoneyBee,25812.748,10,4.129e-05,0.050962,1,filtered_search_update,True
LegalBench-RAG,1200000,1200000,HoneyBee,27292.607,10,3.928e-05,0.052849,2,filtered_search_update,True
LegalBench-RAG,1200000,1200000,HoneyBee,27481.504,10,3.885e-05,0.049327,3,filtered_search_update,True
LegalBench-RAG,1200000,1200000,HoneyBee,25965.927,10,4.104e-05,0.05053,4,filtered_search_update,True
LegalBench-RAG,1200000,1200000,HoneyBee,26557.165,25,3.861e-05,0.047796,0,filtered_search_update,True
LegalBench-RAG,1200000,1200000,HoneyBee,25354.316,25,4.05e-05,0.05279,1,filtered_search_update,True
LegalBench-RAG,1200000,1200000,HoneyBee,26985.371,25,3.81e-05,0.05207,2,filtered_search_update,True
LegalBench-RAG,1200000,1200000,HoneyBee,28325.778,25,3.629e-05,0.049324,3,filtered_search_update,True
LegalBench-RAG,1200000,1200000,HoneyBee,28068.55,25,3.657e-05,0.047147,4,filtered_search_update,True
LegalBench-RAG,1200000,1200000,HoneyBee,29127.64,100,3.461e-05,0.055643,0,filtered_search_update,True
LegalBench-RAG,1200000,1200000,HoneyBee,27491.462,100,3.663e-05,0.050991,1,filtered_search_update,True
LegalBench-RAG,1200000,1200000,HoneyBee,27933.209,100,3.605e-05,0.050257,2,filtered_search_update,True
LegalBench-RAG,1200000,1200000,HoneyBee,28426.274,100,3.542e-05,0.048479,3,filtered_search_update,True
LegalBench-RAG,1200000,1200000,HoneyBee,28601.166,100,3.522e-05,0.051076,4,filtered_search_update,True
LegalBench-RAG,1200000,1200000,HoneyBee,27825.816,250,3.604e-05,0.05282,0,filtered_search_update,True
LegalBench-RAG,1200000,1200000,HoneyBee,28931.236,250,3.467e-05,0.052336,1,filtered_search_update,True
LegalBench-RAG,1200000,1200000,HoneyBee,28626.005,250,3.504e-05,0.053553,2,filtered_search_update,True
LegalBench-RAG,1200000,1200000,HoneyBee,26745.998,250,3.749e-05,0.052455,3,filtered_search_update,True
LegalBench-RAG,1200000,1200000,HoneyBee,28855.96,250,3.476e-05,0.0547,4,filtered_search_update,True
LegalBench-RAG,1200000,1200000,HoneyBee,29684.446,1000,3.372e-05,0.0601,0,filtered_search_update,True
LegalBench-RAG,1200000,1200000,HoneyBee,29535.499,1000,3.389e-05,0.063808,1,filtered_search_update,True
LegalBench-RAG,1200000,1200000,HoneyBee,29210.045,1000,3.426e-05,0.06036,2,filtered_search_update,True
LegalBench-RAG,1200000,1200000,HoneyBee,28778.983,1000,3.478e-05,0.062964,3,filtered_search_update,True
LegalBench-RAG,1200000,1200000,HoneyBee,29769.38,1000,3.362e-05,0.057305,4,filtered_search_update,True
LegalBench-RAG,1200000,1200000,HoneyBee,29158.904,2500,3.431e-05,0.074041,0,filtered_search_update,True
LegalBench-RAG,1200000,1200000,HoneyBee,29754.666,2500,3.362e-05,0.076673,1,filtered_search_update,True
LegalBench-RAG,1200000,1200000,HoneyBee,29189.757,2500,3.427e-05,0.072948,2,filtered_search_update,True
LegalBench-RAG,1200000,1200000,HoneyBee,31087.642,2500,3.218e-05,0.076637,3,filtered_search_update,True
LegalBench-RAG,1200000,1200000,HoneyBee,28787.74,2500,3.475e-05,0.073167,4,filtered_search_update,True
LegalBench-RAG,1200000,1200000,HoneyBee,31969.817,10000,3.129e-05,0.141506,0,filtered_search_update,True
LegalBench-RAG,1200000,1200000,HoneyBee,30446.926,10000,3.285e-05,0.158751,1,filtered_search_update,True
LegalBench-RAG,1200000,1200000,HoneyBee,29517.98,10000,3.389e-05,0.164106,2,filtered_search_update,True
LegalBench-RAG,1200000,1200000,HoneyBee,31014.138,10000,3.225e-05,0.145808,3,filtered_search_update,True
LegalBench-RAG,1200000,1200000,HoneyBee,29350.363,10000,3.408e-05,0.153668,4,filtered_search_update,True
LegalBench-RAG,1200000,1200000,Lethe,50574.029,1,2.183e-05,0.004119,0,immediate_per_view_erasure,True
LegalBench-RAG,1200000,1200000,Lethe,51356.813,1,2.173e-05,0.00451,1,immediate_per_view_erasure,True
LegalBench-RAG,1200000,1200000,Lethe,50668.697,1,2.154e-05,0.003607,2,immediate_per_view_erasure,True
LegalBench-RAG,1200000,1200000,Lethe,50206.884,1,2.184e-05,0.00385,3,immediate_per_view_erasure,True
LegalBench-RAG,1200000,1200000,Lethe,48227.942,1,2.283e-05,0.004181,4,immediate_per_view_erasure,True
LegalBench-RAG,1200000,1200000,Lethe,47148.766,2,2.233e-05,0.004473,0,immediate_per_view_erasure,True
LegalBench-RAG,1200000,1200000,Lethe,50308.605,2,2.082e-05,0.003767,1,immediate_per_view_erasure,True
LegalBench-RAG,1200000,1200000,Lethe,48071.018,2,2.195e-05,0.004582,2,immediate_per_view_erasure,True
LegalBench-RAG,1200000,1200000,Lethe,51646.367,2,2.04e-05,0.004152,3,immediate_per_view_erasure,True
LegalBench-RAG,1200000,1200000,Lethe,50597.599,2,2.068e-05,0.003669,4,immediate_per_view_erasure,True
LegalBench-RAG,1200000,1200000,Lethe,48624.286,5,2.101e-05,0.00447,0,immediate_per_view_erasure,True
LegalBench-RAG,1200000,1200000,Lethe,52104.598,5,1.959e-05,0.003957,1,immediate_per_view_erasure,True
LegalBench-RAG,1200000,1200000,Lethe,52031.141,5,1.951e-05,0.002911,2,immediate_per_view_erasure,True
LegalBench-RAG,1200000,1200000,Lethe,52114.215,5,1.963e-05,0.004403,3,immediate_per_view_erasure,True
LegalBench-RAG,1200000,1200000,Lethe,50474.651,5,2.023e-05,0.00416,4,immediate_per_view_erasure,True
LegalBench-RAG,1200000,1200000,Lethe,51929.543,10,1.948e-05,0.004445,0,immediate_per_view_erasure,True
LegalBench-RAG,1200000,1200000,Lethe,51968.572,10,1.944e-05,0.003898,1,immediate_per_view_erasure,True
LegalBench-RAG,1200000,1200000,Lethe,48898.415,10,2.064e-05,0.003722,2,immediate_per_view_erasure,True
LegalBench-RAG,1200000,1200000,Lethe,51732.024,10,1.954e-05,0.004169,3,immediate_per_view_erasure,True
LegalBench-RAG,1200000,1200000,Lethe,51477.181,10,1.963e-05,0.003982,4,immediate_per_view_erasure,True
LegalBench-RAG,1200000,1200000,Lethe,51104.094,25,1.965e-05,0.004215,0,immediate_per_view_erasure,True
LegalBench-RAG,1200000,1200000,Lethe,50820.454,25,1.976e-05,0.004368,1,immediate_per_view_erasure,True
LegalBench-RAG,1200000,1200000,Lethe,50754.96,25,1.978e-05,0.004044,2,immediate_per_view_erasure,True
LegalBench-RAG,1200000,1200000,Lethe,51723.502,25,1.942e-05,0.004488,3,immediate_per_view_erasure,True
LegalBench-RAG,1200000,1200000,Lethe,53246.318,25,1.886e-05,0.003786,4,immediate_per_view_erasure,True
LegalBench-RAG,1200000,1200000,Lethe,52366.496,100,1.912e-05,0.004063,0,immediate_per_view_erasure,True
LegalBench-RAG,1200000,1200000,Lethe,52885.307,100,1.893e-05,0.004692,1,immediate_per_view_erasure,True
LegalBench-RAG,1200000,1200000,Lethe,52633.648,100,1.902e-05,0.004426,2,immediate_per_view_erasure,True
LegalBench-RAG,1200000,1200000,Lethe,53150.987,100,1.884e-05,0.004245,3,immediate_per_view_erasure,True
LegalBench-RAG,1200000,1200000,Lethe,51684.084,100,1.937e-05,0.004995,4,immediate_per_view_erasure,True
LegalBench-RAG,1200000,1200000,Lethe,52752.942,250,1.897e-05,0.006054,0,immediate_per_view_erasure,True
LegalBench-RAG,1200000,1200000,Lethe,51631.192,250,1.938e-05,0.005522,1,immediate_per_view_erasure,True
LegalBench-RAG,1200000,1200000,Lethe,53851.108,250,1.858e-05,0.005079,2,immediate_per_view_erasure,True
LegalBench-RAG,1200000,1200000,Lethe,53663.575,250,1.865e-05,0.005209,3,immediate_per_view_erasure,True
LegalBench-RAG,1200000,1200000,Lethe,54372.278,250,1.84e-05,0.004985,4,immediate_per_view_erasure,True
LegalBench-RAG,1200000,1200000,Lethe,54940.666,1000,1.821e-05,0.010394,0,immediate_per_view_erasure,True
LegalBench-RAG,1200000,1200000,Lethe,53430.299,1000,1.872e-05,0.007818,1,immediate_per_view_erasure,True
LegalBench-RAG,1200000,1200000,Lethe,55586.587,1000,1.799e-05,0.008719,2,immediate_per_view_erasure,True
LegalBench-RAG,1200000,1200000,Lethe,56174.774,1000,1.781e-05,0.010214,3,immediate_per_view_erasure,True
LegalBench-RAG,1200000,1200000,Lethe,53289.856,1000,1.877e-05,0.008969,4,immediate_per_view_erasure,True
LegalBench-RAG,1200000,1200000,Lethe,56129.291,2500,1.782e-05,0.019955,0,immediate_per_view_erasure,True
LegalBench-RAG,1200000,1200000,Lethe,57140.589,2500,1.75e-05,0.017567,1,immediate_per_view_erasure,True
LegalBench-RAG,1200000,1200000,Lethe,57726.671,2500,1.733e-05,0.018892,2,immediate_per_view_erasure,True
LegalBench-RAG,1200000,1200000,Lethe,54085.59,2500,1.849e-05,0.018524,3,immediate_per_view_erasure,True
LegalBench-RAG,1200000,1200000,Lethe,55400.62,2500,1.805e-05,0.018506,4,immediate_per_view_erasure,True
LegalBench-RAG,1200000,1200000,Lethe,57681.009,10000,1.734e-05,0.06316,0,immediate_per_view_erasure,True
LegalBench-RAG,1200000,1200000,Lethe,56042.183,10000,1.785e-05,0.061683,1,immediate_per_view_erasure,True
LegalBench-RAG,1200000,1200000,Lethe,56736.059,10000,1.763e-05,0.0695,2,immediate_per_view_erasure,True
LegalBench-RAG,1200000,1200000,Lethe,55396.878,10000,1.805e-05,0.065211,3,immediate_per_view_erasure,True
LegalBench-RAG,1200000,1200000,Lethe,55648.431,10000,1.797e-05,0.067571,4,immediate_per_view_erasure,True
MS-MARCO-RBAC,8000000,8000000,Tombstone,90991.124,1,1.86390919,3727.7964,0,long_offline_consolidation,True
MS-MARCO-RBAC,8000000,8000000,Tombstone,92281.732,1,1.92998527,3859.948858,1,long_offline_consolidation,True
MS-MARCO-RBAC,8000000,8000000,Tombstone,92349.958,1,1.90104537,3802.069082,2,long_offline_consolidation,True
MS-MARCO-RBAC,8000000,8000000,Tombstone,91368.57,1,1.91217609,3824.330294,3,long_offline_consolidation,True
MS-MARCO-RBAC,8000000,8000000,Tombstone,89424.619,1,1.92022246,3840.422552,4,long_offline_consolidation,True
MS-MARCO-RBAC,8000000,8000000,Tombstone,88297.526,2,0.96297218,3851.843428,0,long_offline_consolidation,True
MS-MARCO-RBAC,8000000,8000000,Tombstone,90093.489,2,0.96142588,3845.659134,1,long_offline_consolidation,True
MS-MARCO-RBAC,8000000,8000000,Tombstone,91824.924,2,0.98831766,3953.227059,2,long_offline_consolidation,True
MS-MARCO-RBAC,8000000,8000000,Tombstone,88602.872,2,0.9939139,3975.61045,3,long_offline_consolidation,True
MS-MARCO-RBAC,8000000,8000000,Tombstone,92763.044,2,1.0031135,4012.41088,4,long_offline_consolidation,True
MS-MARCO-RBAC,8000000,8000000,Tombstone,89239.386,5,0.40664547,4066.342683,0,long_offline_consolidation,True
MS-MARCO-RBAC,8000000,8000000,Tombstone,89668.623,5,0.40499241,4049.812581,1,long_offline_consolidation,True
MS-MARCO-RBAC,8000000,8000000,Tombstone,88438.902,5,0.4077057,4076.943965,2,long_offline_consolidation,True
MS-MARCO-RBAC,8000000,8000000,Tombstone,86806.665,5,0.40385008,4038.385629,3,long_offline_consolidation,True
MS-MARCO-RBAC,8000000,8000000,Tombstone,89846.412,5,0.40824959,4082.384643,4,long_offline_consolidation,True
MS-MARCO-RBAC,8000000,8000000,Tombstone,93991.257,10,0.21280589,4255.905002,0,long_offline_consolidation,True
MS-MARCO-RBAC,8000000,8000000,Tombstone,92398.429,10,0.21285435,4256.870531,1,long_offline_consolidation,True
MS-MARCO-RBAC,8000000,8000000,Tombstone,90378.864,10,0.20929227,4185.624169,2,long_offline_consolidation,True
MS-MARCO-RBAC,8000000,8000000,Tombstone,87345.105,10,0.21270255,4253.822015,3,long_offline_consolidation,True
MS-MARCO-RBAC,8000000,8000000,Tombstone,87390.69,10,0.20830589,4165.888996,4,long_offline_consolidation,True
MS-MARCO-RBAC,8000000,8000000,Tombstone,93041.17,25,0.0875064,4374.782752,0,long_offline_consolidation,True
MS-MARCO-RBAC,8000000,8000000,Tombstone,90050.733,25,0.085111,4254.994592,1,long_offline_consolidation,True
MS-MARCO-RBAC,8000000,8000000,Tombstone,90279.54,25,0.08670621,4334.756544,2,long_offline_consolidation,True
MS-MARCO-RBAC,8000000,8000000,Tombstone,88110.878,25,0.08652952,4325.908533,3,long_offline_consolidation,True
MS-MARCO-RBAC,8000000,8000000,Tombstone,93479.783,25,0.08820874,4409.902265,4,long_offline_consolidation,True
MS-MARCO-RBAC,8000000,8000000,Tombstone,90132.415,100,0.02231951,4461.683704,0,long_offline_consolidation,True
MS-MARCO-RBAC,8000000,8000000,Tombstone,94562.289,100,0.02329357,4656.598721,1,long_offline_consolidation,True
MS-MARCO-RBAC,8000000,8000000,Tombstone,91031.249,100,0.0227668,4551.162286,2,long_offline_consolidation,True
MS-MARCO-RBAC,8000000,8000000,Tombstone,92185.263,100,0.02179845,4357.521021,3,long_offline_consolidation,True
MS-MARCO-RBAC,8000000,8000000,Tombstone,90643.192,100,0.02254978,4507.749558,4,long_offline_consolidation,True
MS-MARCO-RBAC,8000000,8000000,Tombstone,94648.906,250,0.00944506,4717.24507,0,long_offline_consolidation,True
MS-MARCO-RBAC,8000000,8000000,Tombstone,95728.789,250,0.00945087,4720.214348,1,long_offline_consolidation,True
MS-MARCO-RBAC,8000000,8000000,Tombstone,91858.923,250,0.00953102,4760.068772,2,long_offline_consolidation,True
MS-MARCO-RBAC,8000000,8000000,Tombstone,94351.106,250,0.00926009,4624.747419,3,long_offline_consolidation,True
MS-MARCO-RBAC,8000000,8000000,Tombstone,91658.452,250,0.00947348,4731.283462,4,long_offline_consolidation,True
MS-MARCO-RBAC,8000000,8000000,Tombstone,90090.207,1000,0.00252794,5033.683801,0,long_offline_consolidation,True
MS-MARCO-RBAC,8000000,8000000,Tombstone,93487.405,1000,0.00242437,4827.352568,1,long_offline_consolidation,True
MS-MARCO-RBAC,8000000,8000000,Tombstone,95498.367,1000,0.00247862,4936.299201,2,long_offline_consolidation,True
MS-MARCO-RBAC,8000000,8000000,Tombstone,97150.488,1000,0.00247984,4939.085133,3,long_offline_consolidation,True
MS-MARCO-RBAC,8000000,8000000,Tombstone,95284.325,1000,0.0024897,4958.418591,4,long_offline_consolidation,True
MS-MARCO-RBAC,8000000,8000000,Tombstone,92088.633,2500,0.00102848,5088.117901,0,long_offline_consolidation,True
MS-MARCO-RBAC,8000000,8000000,Tombstone,90621.486,2500,0.00101845,5037.094103,1,long_offline_consolidation,True
MS-MARCO-RBAC,8000000,8000000,Tombstone,91751.072,2500,0.00100827,4986.844674,2,long_offline_consolidation,True
MS-MARCO-RBAC,8000000,8000000,Tombstone,92315.119,2500,0.0010081,4986.348021,3,long_offline_consolidation,True
MS-MARCO-RBAC,8000000,8000000,Tombstone,92656.192,2500,0.00104974,5194.739206,4,long_offline_consolidation,True
MS-MARCO-RBAC,8000000,8000000,Tombstone,96787.142,10000,0.00027635,5320.437317,0,long_offline_consolidation,True
MS-MARCO-RBAC,8000000,8000000,Tombstone,97457.469,10000,0.00027204,5235.567699,1,long_offline_consolidation,True
MS-MARCO-RBAC,8000000,8000000,Tombstone,99049.649,10000,0.000273,5258.06652,2,long_offline_consolidation,True
MS-MARCO-RBAC,8000000,8000000,Tombstone,92824.637,10000,0.0002713,5210.629027,3,long_offline_consolidation,True
MS-MARCO-RBAC,8000000,8000000,Tombstone,98244.873,10000,0.00027363,5269.0024,4,long_offline_consolidation,True
MS-MARCO-RBAC,8000000,8000000,Post-filter,88380.426,1,1.89633679,3792.650945,0,long_offline_consolidation,True
MS-MARCO-RBAC,8000000,8000000,Post-filter,87073.926,1,1.92763239,3855.241806,1,long_offline_consolidation,True
MS-MARCO-RBAC,8000000,8000000,Post-filter,88838.685,1,1.87973348,3759.444445,2,long_offline_consolidation,True
MS-MARCO-RBAC,8000000,8000000,Post-filter,86417.788,1,1.90604669,3812.070227,3,long_offline_consolidation,True
MS-MARCO-RBAC,8000000,8000000,Post-filter,88013.196,1,1.92183339,3843.644052,4,long_offline_consolidation,True
MS-MARCO-RBAC,8000000,8000000,Post-filter,81619.647,2,1.00153596,4006.09483,0,long_offline_consolidation,True
MS-MARCO-RBAC,8000000,8000000,Post-filter,88322.356,2,0.98282534,3931.256085,1,long_offline_consolidation,True
MS-MARCO-RBAC,8000000,8000000,Post-filter,86658.075,2,0.99026927,3961.03093,2,long_offline_consolidation,True
MS-MARCO-RBAC,8000000,8000000,Post-filter,85706.263,2,0.97654792,3906.145003,3,long_offline_consolidation,True
MS-MARCO-RBAC,8000000,8000000,Post-filter,87942.754,2,0.98712379,3948.449674,4,long_offline_consolidation,True
MS-MARCO-RBAC,8000000,8000000,Post-filter,86164.197,5,0.4069105,4068.9889,0,long_offline_consolidation,True
MS-MARCO-RBAC,8000000,8000000,Post-filter,86855.944,5,0.40810645,4080.949408,1,long_offline_consolidation,True
MS-MARCO-RBAC,8000000,8000000,Post-filter,83801.548,5,0.40321521,4032.032751,2,long_offline_consolidation,True
MS-MARCO-RBAC,8000000,8000000,Post-filter,89566.539,5,0.41335941,4133.482464,3,long_offline_consolidation,True
MS-MARCO-RBAC,8000000,8000000,Post-filter,90191.201,5,0.40527726,4052.661743,4,long_offline_consolidation,True
MS-MARCO-RBAC,8000000,8000000,Post-filter,86416.201,10,0.20430504,4085.869439,0,long_offline_consolidation,True
MS-MARCO-RBAC,8000000,8000000,Post-filter,87349.054,10,0.20352247,4070.220384,1,long_offline_consolidation,True
MS-MARCO-RBAC,8000000,8000000,Post-filter,84860.512,10,0.20725172,4144.798633,2,long_offline_consolidation,True
MS-MARCO-RBAC,8000000,8000000,Post-filter,83362.329,10,0.20301618,4060.083616,3,long_offline_consolidation,True
MS-MARCO-RBAC,8000000,8000000,Post-filter,91306.186,10,0.21160673,4231.915526,4,long_offline_consolidation,True
MS-MARCO-RBAC,8000000,8000000,Post-filter,89434.379,25,0.08765156,4382.018795,0,long_offline_consolidation,True
MS-MARCO-RBAC,8000000,8000000,Post-filter,87206.666,25,0.08609257,4304.05523,1,long_offline_consolidation,True
MS-MARCO-RBAC,8000000,8000000,Post-filter,89242.333,25,0.08793253,4396.066253,2,long_offline_consolidation,True
MS-MARCO-RBAC,8000000,8000000,Post-filter,88468.498,25,0.08557842,4278.356041,3,long_offline_consolidation,True
MS-MARCO-RBAC,8000000,8000000,Post-filter,88425.182,25,0.08810359,4404.613804,4,long_offline_consolidation,True
MS-MARCO-RBAC,8000000,8000000,Post-filter,87475.404,100,0.0229151,4580.732855,0,long_offline_consolidation,True
MS-MARCO-RBAC,8000000,8000000,Post-filter,93210.005,100,0.02269326,4536.506334,1,long_offline_consolidation,True
MS-MARCO-RBAC,8000000,8000000,Post-filter,93398.249,100,0.02287869,4573.596263,2,long_offline_consolidation,True
MS-MARCO-RBAC,8000000,8000000,Post-filter,83987.105,100,0.02279001,4555.620736,3,long_offline_consolidation,True
MS-MARCO-RBAC,8000000,8000000,Post-filter,87135.921,100,0.02260661,4519.026887,4,long_offline_consolidation,True
MS-MARCO-RBAC,8000000,8000000,Post-filter,86810.203,250,0.0094232,4705.840646,0,long_offline_consolidation,True
MS-MARCO-RBAC,8000000,8000000,Post-filter,90537.492,250,0.0096825,4835.726035,1,long_offline_consolidation,True
MS-MARCO-RBAC,8000000,8000000,Post-filter,88133.163,250,0.00947548,4732.06548,2,long_offline_consolidation,True
MS-MARCO-RBAC,8000000,8000000,Post-filter,86392.507,250,0.00938195,4685.189545,3,long_offline_consolidation,True
MS-MARCO-RBAC,8000000,8000000,Post-filter,91177.532,250,0.00940531,4697.172661,4,long_offline_consolidation,True
MS-MARCO-RBAC,8000000,8000000,Post-filter,91310.657,1000,0.00249841,4974.915607,0,long_offline_consolidation,True
MS-MARCO-RBAC,8000000,8000000,Post-filter,89962.915,1000,0.00250201,4981.792519,1,long_offline_consolidation,True
MS-MARCO-RBAC,8000000,8000000,Post-filter,89811.604,1000,0.00252173,5021.200012,2,long_offline_consolidation,True
MS-MARCO-RBAC,8000000,8000000,Post-filter,89335.69,1000,0.0024947,4967.017156,3,long_offline_consolidation,True
MS-MARCO-RBAC,8000000,8000000,Post-filter,88569.966,1000,0.00247508,4927.588675,4,long_offline_consolidation,True
MS-MARCO-RBAC,8000000,8000000,Post-filter,89844.598,2500,0.00102838,5086.225988,0,long_offline_consolidation,True
MS-MARCO-RBAC,8000000,8000000,Post-filter,92107.841,2500,0.00104635,5177.480027,1,long_offline_consolidation,True
MS-MARCO-RBAC,8000000,8000000,Post-filter,89706.371,2500,0.00100121,4950.313227,2,long_offline_consolidation,True
MS-MARCO-RBAC,8000000,8000000,Post-filter,86494.033,2500,0.00102346,5059.470583,3,long_offline_consolidation,True
MS-MARCO-RBAC,8000000,8000000,Post-filter,95861.884,2500,0.00101973,5046.497303,4,long_offline_consolidation,True
MS-MARCO-RBAC,8000000,8000000,Post-filter,88826.562,10000,0.0002746,5266.890392,0,long_offline_consolidation,True
MS-MARCO-RBAC,8000000,8000000,Post-filter,91476.51,10000,0.00028173,5415.943046,1,long_offline_consolidation,True
MS-MARCO-RBAC,8000000,8000000,Post-filter,86993.721,10000,0.00027778,5325.686083,2,long_offline_consolidation,True
MS-MARCO-RBAC,8000000,8000000,Post-filter,91711.585,10000,0.00027444,5270.811996,3,long_offline_consolidation,True
MS-MARCO-RBAC,8000000,8000000,Post-filter,89588.506,10000,0.00027805,5337.800111,4,long_offline_consolidation,True
MS-MARCO-RBAC,8000000,8000000,SPFresh,16702.613,1,8.452e-05,0.049297,0,freshness_update,True
MS-MARCO-RBAC,8000000,8000000,SPFresh,16115.865,1,8.827e-05,0.052446,1,freshness_update,True
MS-MARCO-RBAC,8000000,8000000,SPFresh,15924.931,1,8.926e-05,0.052933,2,freshness_update,True
MS-MARCO-RBAC,8000000,8000000,SPFresh,16309.011,1,8.593e-05,0.049228,3,freshness_update,True
MS-MARCO-RBAC,8000000,8000000,SPFresh,16321.671,1,8.496e-05,0.047386,4,freshness_update,True
MS-MARCO-RBAC,8000000,8000000,SPFresh,16396.276,2,7.322e-05,0.048904,0,freshness_update,True
MS-MARCO-RBAC,8000000,8000000,SPFresh,16470.356,2,7.298e-05,0.049061,1,freshness_update,True
MS-MARCO-RBAC,8000000,8000000,SPFresh,15903.604,2,7.578e-05,0.051616,2,freshness_update,True
MS-MARCO-RBAC,8000000,8000000,SPFresh,16462.237,2,7.363e-05,0.051554,3,freshness_update,True
MS-MARCO-RBAC,8000000,8000000,SPFresh,15614.95,2,7.698e-05,0.051753,4,freshness_update,True
MS-MARCO-RBAC,8000000,8000000,SPFresh,16024.987,5,6.733e-05,0.049243,0,freshness_update,True
MS-MARCO-RBAC,8000000,8000000,SPFresh,16384.847,5,6.62e-05,0.051664,1,freshness_update,True
MS-MARCO-RBAC,8000000,8000000,SPFresh,16144.385,5,6.742e-05,0.054814,2,freshness_update,True
MS-MARCO-RBAC,8000000,8000000,SPFresh,16215.818,5,6.651e-05,0.048461,3,freshness_update,True
MS-MARCO-RBAC,8000000,8000000,SPFresh,16372.7,5,6.616e-05,0.050851,4,freshness_update,True
MS-MARCO-RBAC,8000000,8000000,SPFresh,16508.196,10,6.303e-05,0.049054,0,freshness_update,True
MS-MARCO-RBAC,8000000,8000000,SPFresh,16224.176,10,6.413e-05,0.049824,1,freshness_update,True
MS-MARCO-RBAC,8000000,8000000,SPFresh,15462.401,10,6.707e-05,0.047977,2,freshness_update,True
MS-MARCO-RBAC,8000000,8000000,SPFresh,16882.456,10,6.178e-05,0.05093,3,freshness_update,True
MS-MARCO-RBAC,8000000,8000000,SPFresh,16787.552,10,6.211e-05,0.050938,4,freshness_update,True
MS-MARCO-RBAC,8000000,8000000,SPFresh,17430.865,25,5.84e-05,0.051485,0,freshness_update,True
MS-MARCO-RBAC,8000000,8000000,SPFresh,16831.11,25,6.039e-05,0.048686,1,freshness_update,True
MS-MARCO-RBAC,8000000,8000000,SPFresh,17199.027,25,5.912e-05,0.048983,2,freshness_update,True
MS-MARCO-RBAC,8000000,8000000,SPFresh,17021.842,25,5.976e-05,0.050378,3,freshness_update,True
MS-MARCO-RBAC,8000000,8000000,SPFresh,16686.262,25,6.1e-05,0.053643,4,freshness_update,True
MS-MARCO-RBAC,8000000,8000000,SPFresh,17206.923,100,5.837e-05,0.050866,0,freshness_update,True
MS-MARCO-RBAC,8000000,8000000,SPFresh,17240.499,100,5.826e-05,0.050414,1,freshness_update,True
MS-MARCO-RBAC,8000000,8000000,SPFresh,17492.872,100,5.744e-05,0.055429,2,freshness_update,True
MS-MARCO-RBAC,8000000,8000000,SPFresh,16881.27,100,5.949e-05,0.050275,3,freshness_update,True
MS-MARCO-RBAC,8000000,8000000,SPFresh,17145.498,100,5.858e-05,0.050342,4,freshness_update,True
MS-MARCO-RBAC,8000000,8000000,SPFresh,17974.641,250,5.574e-05,0.053846,0,freshness_update,True
MS-MARCO-RBAC,8000000,8000000,SPFresh,17386.554,250,5.762e-05,0.053601,1,freshness_update,True
MS-MARCO-RBAC,8000000,8000000,SPFresh,17266.702,250,5.802e-05,0.053588,2,freshness_update,True
MS-MARCO-RBAC,8000000,8000000,SPFresh,17951.143,250,5.581e-05,0.051127,3,freshness_update,True
MS-MARCO-RBAC,8000000,8000000,SPFresh,17613.486,250,5.687e-05,0.048469,4,freshness_update,True
MS-MARCO-RBAC,8000000,8000000,SPFresh,17754.297,1000,5.636e-05,0.061507,0,freshness_update,True
MS-MARCO-RBAC,8000000,8000000,SPFresh,18377.396,1000,5.445e-05,0.061897,1,freshness_update,True
MS-MARCO-RBAC,8000000,8000000,SPFresh,18218.592,1000,5.492e-05,0.05989,2,freshness_update,True
MS-MARCO-RBAC,8000000,8000000,SPFresh,17720.204,1000,5.646e-05,0.057817,3,freshness_update,True
MS-MARCO-RBAC,8000000,8000000,SPFresh,18185.457,1000,5.502e-05,0.060062,4,freshness_update,True
MS-MARCO-RBAC,8000000,8000000,SPFresh,17423.938,2500,5.741e-05,0.077493,0,freshness_update,True
MS-MARCO-RBAC,8000000,8000000,SPFresh,18478.996,2500,5.413e-05,0.078745,1,freshness_update,True
MS-MARCO-RBAC,8000000,8000000,SPFresh,18060.213,2500,5.539e-05,0.077209,2,freshness_update,True
MS-MARCO-RBAC,8000000,8000000,SPFresh,18136.869,2500,5.515e-05,0.072318,3,freshness_update,True
MS-MARCO-RBAC,8000000,8000000,SPFresh,18450.251,2500,5.422e-05,0.077343,4,freshness_update,True
MS-MARCO-RBAC,8000000,8000000,SPFresh,18498.972,10000,5.406e-05,0.156113,0,freshness_update,True
MS-MARCO-RBAC,8000000,8000000,SPFresh,19218.513,10000,5.204e-05,0.153944,1,freshness_update,True
MS-MARCO-RBAC,8000000,8000000,SPFresh,18560.106,10000,5.389e-05,0.157408,2,freshness_update,True
MS-MARCO-RBAC,8000000,8000000,SPFresh,17489.354,10000,5.719e-05,0.155431,3,freshness_update,True
MS-MARCO-RBAC,8000000,8000000,SPFresh,19762.058,10000,5.061e-05,0.135786,4,freshness_update,True
MS-MARCO-RBAC,8000000,8000000,Physical-delete,2409.481,1,0.00044073,0.051411,0,immediate_global_delete,True
MS-MARCO-RBAC,8000000,8000000,Physical-delete,2328.803,1,0.00045562,0.05242,1,immediate_global_delete,True
MS-MARCO-RBAC,8000000,8000000,Physical-delete,2249.964,1,0.0004685,0.048094,2,immediate_global_delete,True
MS-MARCO-RBAC,8000000,8000000,Physical-delete,2356.154,1,0.00045059,0.052343,3,immediate_global_delete,True
MS-MARCO-RBAC,8000000,8000000,Physical-delete,2383.82,1,0.00044513,0.051264,4,immediate_global_delete,True
MS-MARCO-RBAC,8000000,8000000,Physical-delete,2410.778,2,0.00042767,0.051458,0,immediate_global_delete,True
MS-MARCO-RBAC,8000000,8000000,Physical-delete,2371.712,2,0.00043415,0.050043,1,immediate_global_delete,True
MS-MARCO-RBAC,8000000,8000000,Physical-delete,2283.482,2,0.00045082,0.051575,2,immediate_global_delete,True
MS-MARCO-RBAC,8000000,8000000,Physical-delete,2438.009,2,0.0004227,0.050115,3,immediate_global_delete,True
MS-MARCO-RBAC,8000000,8000000,Physical-delete,2382.02,2,0.00043203,0.048881,4,immediate_global_delete,True
MS-MARCO-RBAC,8000000,8000000,Physical-delete,2355.917,5,0.00042987,0.054033,0,immediate_global_delete,True
MS-MARCO-RBAC,8000000,8000000,Physical-delete,2386.711,5,0.00042411,0.051206,1,immediate_global_delete,True
MS-MARCO-RBAC,8000000,8000000,Physical-delete,2409.79,5,0.00042011,0.051376,2,immediate_global_delete,True
MS-MARCO-RBAC,8000000,8000000,Physical-delete,2376.307,5,0.00042558,0.047624,3,immediate_global_delete,True
MS-MARCO-RBAC,8000000,8000000,Physical-delete,2358.629,5,0.00042907,0.050987,4,immediate_global_delete,True
MS-MARCO-RBAC,8000000,8000000,Physical-delete,2434.001,10,0.00041326,0.048202,0,immediate_global_delete,True
MS-MARCO-RBAC,8000000,8000000,Physical-delete,2450.767,10,0.00041043,0.0479,1,immediate_global_delete,True
MS-MARCO-RBAC,8000000,8000000,Physical-delete,2371.497,10,0.0004242,0.050535,2,immediate_global_delete,True
MS-MARCO-RBAC,8000000,8000000,Physical-delete,2385.232,10,0.00042188,0.052655,3,immediate_global_delete,True
MS-MARCO-RBAC,8000000,8000000,Physical-delete,2408.983,10,0.00041759,0.049466,4,immediate_global_delete,True
MS-MARCO-RBAC,8000000,8000000,Physical-delete,2433.835,25,0.00041191,0.05193,0,immediate_global_delete,True
MS-MARCO-RBAC,8000000,8000000,Physical-delete,2459.416,25,0.00040758,0.049099,1,immediate_global_delete,True
MS-MARCO-RBAC,8000000,8000000,Physical-delete,2419.513,25,0.00041435,0.052428,2,immediate_global_delete,True
MS-MARCO-RBAC,8000000,8000000,Physical-delete,2522.183,25,0.00039749,0.05027,3,immediate_global_delete,True
MS-MARCO-RBAC,8000000,8000000,Physical-delete,2559.393,25,0.00039162,0.045222,4,immediate_global_delete,True
MS-MARCO-RBAC,8000000,8000000,Physical-delete,2567.656,100,0.00038972,0.052542,0,immediate_global_delete,True
MS-MARCO-RBAC,8000000,8000000,Physical-delete,2619.887,100,0.00038196,0.052899,1,immediate_global_delete,True
MS-MARCO-RBAC,8000000,8000000,Physical-delete,2532.219,100,0.00039515,0.047338,2,immediate_global_delete,True
MS-MARCO-RBAC,8000000,8000000,Physical-delete,2467.074,100,0.00040558,0.049018,3,immediate_global_delete,True
MS-MARCO-RBAC,8000000,8000000,Physical-delete,2594.366,100,0.00038571,0.052121,4,immediate_global_delete,True
MS-MARCO-RBAC,8000000,8000000,Physical-delete,2461.765,250,0.00040632,0.051282,0,immediate_global_delete,True
MS-MARCO-RBAC,8000000,8000000,Physical-delete,2621.353,250,0.00038158,0.050285,1,immediate_global_delete,True
MS-MARCO-RBAC,8000000,8000000,Physical-delete,2575.743,250,0.00038834,0.05267,2,immediate_global_delete,True
MS-MARCO-RBAC,8000000,8000000,Physical-delete,2682.967,250,0.00037283,0.054958,3,immediate_global_delete,True
MS-MARCO-RBAC,8000000,8000000,Physical-delete,2555.252,250,0.00039145,0.05179,4,immediate_global_delete,True
MS-MARCO-RBAC,8000000,8000000,Physical-delete,2659.828,1000,0.00037599,0.058562,0,immediate_global_delete,True
MS-MARCO-RBAC,8000000,8000000,Physical-delete,2767.181,1000,0.00036141,0.059748,1,immediate_global_delete,True
MS-MARCO-RBAC,8000000,8000000,Physical-delete,2686.834,1000,0.00037221,0.058736,2,immediate_global_delete,True
MS-MARCO-RBAC,8000000,8000000,Physical-delete,2585.397,1000,0.00038682,0.060153,3,immediate_global_delete,True
MS-MARCO-RBAC,8000000,8000000,Physical-delete,2686.411,1000,0.00037228,0.064636,4,immediate_global_delete,True
MS-MARCO-RBAC,8000000,8000000,Physical-delete,2682.803,2500,0.00037276,0.07963,0,immediate_global_delete,True
MS-MARCO-RBAC,8000000,8000000,Physical-delete,2836.729,2500,0.00035253,0.072208,1,immediate_global_delete,True
MS-MARCO-RBAC,8000000,8000000,Physical-delete,2819.536,2500,0.00035468,0.074616,2,immediate_global_delete,True
MS-MARCO-RBAC,8000000,8000000,Physical-delete,2662.472,2500,0.00037561,0.078547,3,immediate_global_delete,True
MS-MARCO-RBAC,8000000,8000000,Physical-delete,2790.993,2500,0.00035831,0.081115,4,immediate_global_delete,True
MS-MARCO-RBAC,8000000,8000000,Physical-delete,2863.913,10000,0.00034918,0.153076,0,immediate_global_delete,True
MS-MARCO-RBAC,8000000,8000000,Physical-delete,2909.926,10000,0.00034366,0.149577,1,immediate_global_delete,True
MS-MARCO-RBAC,8000000,8000000,Physical-delete,2813.384,10000,0.00035545,0.15101,2,immediate_global_delete,True
MS-MARCO-RBAC,8000000,8000000,Physical-delete,2934.388,10000,0.00034079,0.152773,3,immediate_global_delete,True
MS-MARCO-RBAC,8000000,8000000,Physical-delete,2799.175,10000,0.00035726,0.138993,4,immediate_global_delete,True
MS-MARCO-RBAC,8000000,8000000,Periodic-rebuild,6455.717,1,0.01513419,29.958575,0,scheduled_rebuild,True
MS-MARCO-RBAC,8000000,8000000,Periodic-rebuild,6449.275,1,0.01527735,30.244592,1,scheduled_rebuild,True
MS-MARCO-RBAC,8000000,8000000,Periodic-rebuild,6667.433,1,0.01527381,30.247659,2,scheduled_rebuild,True
MS-MARCO-RBAC,8000000,8000000,Periodic-rebuild,6671.961,1,0.01495758,29.615401,3,scheduled_rebuild,True
MS-MARCO-RBAC,8000000,8000000,Periodic-rebuild,6530.717,1,0.01519702,30.087795,4,scheduled_rebuild,True
MS-MARCO-RBAC,8000000,8000000,Periodic-rebuild,6952.634,2,0.00801482,31.483959,0,scheduled_rebuild,True
MS-MARCO-RBAC,8000000,8000000,Periodic-rebuild,7191.501,2,0.00772723,30.352692,1,scheduled_rebuild,True
MS-MARCO-RBAC,8000000,8000000,Periodic-rebuild,6888.649,2,0.00795261,31.229782,2,scheduled_rebuild,True
MS-MARCO-RBAC,8000000,8000000,Periodic-rebuild,6936.391,2,0.00790134,31.028699,3,scheduled_rebuild,True
MS-MARCO-RBAC,8000000,8000000,Periodic-rebuild,6963.692,2,0.00794188,31.193107,4,scheduled_rebuild,True
MS-MARCO-RBAC,8000000,8000000,Periodic-rebuild,7273.892,5,0.00340997,32.724882,0,scheduled_rebuild,True
MS-MARCO-RBAC,8000000,8000000,Periodic-rebuild,7456.099,5,0.00332096,31.868421,1,scheduled_rebuild,True
MS-MARCO-RBAC,8000000,8000000,Periodic-rebuild,7203.489,5,0.00333391,31.950905,2,scheduled_rebuild,True
MS-MARCO-RBAC,8000000,8000000,Periodic-rebuild,7501.197,5,0.00338588,32.525646,3,scheduled_rebuild,True
MS-MARCO-RBAC,8000000,8000000,Periodic-rebuild,7422.391,5,0.00339202,32.572894,4,scheduled_rebuild,True
MS-MARCO-RBAC,8000000,8000000,Periodic-rebuild,7650.451,10,0.00193664,36.118656,0,scheduled_rebuild,True
MS-MARCO-RBAC,8000000,8000000,Periodic-rebuild,7756.897,10,0.00187236,34.868942,1,scheduled_rebuild,True
MS-MARCO-RBAC,8000000,8000000,Periodic-rebuild,7751.923,10,0.00192965,36.012913,2,scheduled_rebuild,True
MS-MARCO-RBAC,8000000,8000000,Periodic-rebuild,7854.066,10,0.00184411,34.335764,3,scheduled_rebuild,True
MS-MARCO-RBAC,8000000,8000000,Periodic-rebuild,7650.758,10,0.00193685,36.122782,4,scheduled_rebuild,True
MS-MARCO-RBAC,8000000,8000000,Periodic-rebuild,8127.534,25,0.00102846,45.270853,0,scheduled_rebuild,True
MS-MARCO-RBAC,8000000,8000000,Periodic-rebuild,7962.397,25,0.00097504,42.472342,1,scheduled_rebuild,True
MS-MARCO-RBAC,8000000,8000000,Periodic-rebuild,8022.736,25,0.00102648,45.091707,2,scheduled_rebuild,True
MS-MARCO-RBAC,8000000,8000000,Periodic-rebuild,8019.235,25,0.00101035,44.282426,3,scheduled_rebuild,True
MS-MARCO-RBAC,8000000,8000000,Periodic-rebuild,8324.683,25,0.00102525,45.256304,4,scheduled_rebuild,True
MS-MARCO-RBAC,8000000,8000000,Periodic-rebuild,9139.421,100,0.00056132,90.380198,0,scheduled_rebuild,True
MS-MARCO-RBAC,8000000,8000000,Periodic-rebuild,9263.18,100,0.00055001,88.411903,1,scheduled_rebuild,True
MS-MARCO-RBAC,8000000,8000000,Periodic-rebuild,8664.961,100,0.00056084,89.08689,2,scheduled_rebuild,True
MS-MARCO-RBAC,8000000,8000000,Periodic-rebuild,9077.938,100,0.00055789,89.546723,3,scheduled_rebuild,True
MS-MARCO-RBAC,8000000,8000000,Periodic-rebuild,8687.29,100,0.00055557,88.09265,4,scheduled_rebuild,True
MS-MARCO-RBAC,8000000,8000000,Periodic-rebuild,9371.063,250,0.00047789,185.587967,0,scheduled_rebuild,True
MS-MARCO-RBAC,8000000,8000000,Periodic-rebuild,9300.879,250,0.00047633,184.408754,1,scheduled_rebuild,True
MS-MARCO-RBAC,8000000,8000000,Periodic-rebuild,9434.339,250,0.00047324,183.620978,2,scheduled_rebuild,True
MS-MARCO-RBAC,8000000,8000000,Periodic-rebuild,9372.479,250,0.00046744,180.373089,3,scheduled_rebuild,True
MS-MARCO-RBAC,8000000,8000000,Periodic-rebuild,9839.706,250,0.00046255,180.458997,4,scheduled_rebuild,True
MS-MARCO-RBAC,8000000,8000000,Periodic-rebuild,10250.324,1000,0.00041817,641.229084,0,scheduled_rebuild,True
MS-MARCO-RBAC,8000000,8000000,Periodic-rebuild,10144.365,1000,0.0004293,661.446227,1,scheduled_rebuild,True
MS-MARCO-RBAC,8000000,8000000,Periodic-rebuild,10703.146,1000,0.00041618,645.506471,2,scheduled_rebuild,True
MS-MARCO-RBAC,8000000,8000000,Periodic-rebuild,10531.12,1000,0.00042326,656.603949,3,scheduled_rebuild,True
MS-MARCO-RBAC,8000000,8000000,Periodic-rebuild,10134.992,1000,0.0004197,642.054346,4,scheduled_rebuild,True
MS-MARCO-RBAC,8000000,8000000,Periodic-rebuild,10186.127,2500,0.00041528,1585.51173,0,scheduled_rebuild,True
MS-MARCO-RBAC,8000000,8000000,Periodic-rebuild,10769.035,2500,0.00041215,1596.478283,1,scheduled_rebuild,True
MS-MARCO-RBAC,8000000,8000000,Periodic-rebuild,11016.589,2500,0.00040063,1549.265371,2,scheduled_rebuild,True
MS-MARCO-RBAC,8000000,8000000,Periodic-rebuild,10677.005,2500,0.00041109,1587.149464,3,scheduled_rebuild,True
MS-MARCO-RBAC,8000000,8000000,Periodic-rebuild,10937.915,2500,0.00041397,1612.718927,4,scheduled_rebuild,True
MS-MARCO-RBAC,8000000,8000000,Periodic-rebuild,11193.09,10000,0.00040849,6382.912625,0,scheduled_rebuild,True
MS-MARCO-RBAC,8000000,8000000,Periodic-rebuild,10893.314,10000,0.00040695,6302.965303,1,scheduled_rebuild,True
MS-MARCO-RBAC,8000000,8000000,Periodic-rebuild,11178.716,10000,0.00041355,6481.957573,2,scheduled_rebuild,True
MS-MARCO-RBAC,8000000,8000000,Periodic-rebuild,11103.446,10000,0.00041766,6551.999847,3,scheduled_rebuild,True
MS-MARCO-RBAC,8000000,8000000,Periodic-rebuild,11110.866,10000,0.00041218,6443.655619,4,scheduled_rebuild,True
MS-MARCO-RBAC,8000000,8000000,Per-role-index,3949.846,1,0.00027996,0.053569,0,materialized_role_update,True
MS-MARCO-RBAC,8000000,8000000,Per-role-index,3726.849,1,0.00029234,0.048032,1,materialized_role_update,True
MS-MARCO-RBAC,8000000,8000000,Per-role-index,3673.498,1,0.00029583,0.047214,2,materialized_role_update,True
MS-MARCO-RBAC,8000000,8000000,Per-role-index,3764.163,1,0.00029065,0.049968,3,materialized_role_update,True
MS-MARCO-RBAC,8000000,8000000,Per-role-index,3801.492,1,0.0002883,0.050499,4,materialized_role_update,True
MS-MARCO-RBAC,8000000,8000000,Per-role-index,3914.362,2,0.00026784,0.049467,0,materialized_role_update,True
MS-MARCO-RBAC,8000000,8000000,Per-role-index,3810.344,2,0.00027524,0.051191,1,materialized_role_update,True
MS-MARCO-RBAC,8000000,8000000,Per-role-index,3893.923,2,0.00026956,0.050994,2,materialized_role_update,True
MS-MARCO-RBAC,8000000,8000000,Per-role-index,3737.582,2,0.00028026,0.050816,3,materialized_role_update,True
MS-MARCO-RBAC,8000000,8000000,Per-role-index,3895.319,2,0.00026778,0.044243,4,materialized_role_update,True
MS-MARCO-RBAC,8000000,8000000,Per-role-index,3812.867,5,0.00026683,0.04558,0,materialized_role_update,True
MS-MARCO-RBAC,8000000,8000000,Per-role-index,3917.6,5,0.00025978,0.04526,1,materialized_role_update,True
MS-MARCO-RBAC,8000000,8000000,Per-role-index,4029.258,5,0.00025278,0.045964,2,materialized_role_update,True
MS-MARCO-RBAC,8000000,8000000,Per-role-index,4025.313,5,0.00025338,0.049534,3,materialized_role_update,True
MS-MARCO-RBAC,8000000,8000000,Per-role-index,3965.525,5,0.00025714,0.049687,4,materialized_role_update,True
MS-MARCO-RBAC,8000000,8000000,Per-role-index,3819.463,10,0.00026437,0.051121,0,materialized_role_update,True
MS-MARCO-RBAC,8000000,8000000,Per-role-index,4042.436,10,0.00025001,0.052593,1,materialized_role_update,True
MS-MARCO-RBAC,8000000,8000000,Per-role-index,3886.771,10,0.00025982,0.050663,2,materialized_role_update,True
MS-MARCO-RBAC,8000000,8000000,Per-role-index,3809.438,10,0.00026514,0.052746,3,materialized_role_update,True
MS-MARCO-RBAC,8000000,8000000,Per-role-index,4023.555,10,0.00025101,0.049413,4,materialized_role_update,True
MS-MARCO-RBAC,8000000,8000000,Per-role-index,4040.952,25,0.00024842,0.047489,0,materialized_role_update,True
MS-MARCO-RBAC,8000000,8000000,Per-role-index,4053.183,25,0.00024773,0.050676,1,materialized_role_update,True
MS-MARCO-RBAC,8000000,8000000,Per-role-index,3884.74,25,0.00025838,0.048342,2,materialized_role_update,True
MS-MARCO-RBAC,8000000,8000000,Per-role-index,3877.169,25,0.00025898,0.053023,3,materialized_role_update,True
MS-MARCO-RBAC,8000000,8000000,Per-role-index,3945.361,25,0.00025442,0.047765,4,materialized_role_update,True
MS-MARCO-RBAC,8000000,8000000,Per-role-index,3994.305,100,0.00025062,0.053101,0,materialized_role_update,True
MS-MARCO-RBAC,8000000,8000000,Per-role-index,4017.762,100,0.00024914,0.04938,1,materialized_role_update,True
MS-MARCO-RBAC,8000000,8000000,Per-role-index,4099.115,100,0.00024422,0.053636,2,materialized_role_update,True
MS-MARCO-RBAC,8000000,8000000,Per-role-index,3974.426,100,0.00025187,0.051932,3,materialized_role_update,True
MS-MARCO-RBAC,8000000,8000000,Per-role-index,4021.233,100,0.00024894,0.051016,4,materialized_role_update,True
MS-MARCO-RBAC,8000000,8000000,Per-role-index,4034.035,250,0.00024799,0.05146,0,materialized_role_update,True
MS-MARCO-RBAC,8000000,8000000,Per-role-index,4238.09,250,0.00023606,0.052527,1,materialized_role_update,True
MS-MARCO-RBAC,8000000,8000000,Per-role-index,4197.395,250,0.00023836,0.056283,2,materialized_role_update,True
MS-MARCO-RBAC,8000000,8000000,Per-role-index,3985.556,250,0.00025101,0.050109,3,materialized_role_update,True
MS-MARCO-RBAC,8000000,8000000,Per-role-index,3923.153,250,0.00025501,0.05528,4,materialized_role_update,True
MS-MARCO-RBAC,8000000,8000000,Per-role-index,4317.345,1000,0.00023165,0.059084,0,materialized_role_update,True
MS-MARCO-RBAC,8000000,8000000,Per-role-index,4258.781,1000,0.00023484,0.057546,1,materialized_role_update,True
MS-MARCO-RBAC,8000000,8000000,Per-role-index,4308.894,1000,0.00023211,0.059994,2,materialized_role_update,True
MS-MARCO-RBAC,8000000,8000000,Per-role-index,4225.998,1000,0.00023666,0.057835,3,materialized_role_update,True
MS-MARCO-RBAC,8000000,8000000,Per-role-index,4188.347,1000,0.00023879,0.06035,4,materialized_role_update,True
MS-MARCO-RBAC,8000000,8000000,Per-role-index,4261.833,2500,0.00023466,0.073544,0,materialized_role_update,True
MS-MARCO-RBAC,8000000,8000000,Per-role-index,4199.729,2500,0.00023812,0.071805,1,materialized_role_update,True
MS-MARCO-RBAC,8000000,8000000,Per-role-index,4249.175,2500,0.00023535,0.075118,2,materialized_role_update,True
MS-MARCO-RBAC,8000000,8000000,Per-role-index,4154.472,2500,0.00024072,0.076708,3,materialized_role_update,True
MS-MARCO-RBAC,8000000,8000000,Per-role-index,4182.934,2500,0.00023908,0.071861,4,materialized_role_update,True
MS-MARCO-RBAC,8000000,8000000,Per-role-index,4430.661,10000,0.00022571,0.148788,0,materialized_role_update,True
MS-MARCO-RBAC,8000000,8000000,Per-role-index,4294.265,10000,0.00023288,0.157592,1,materialized_role_update,True
MS-MARCO-RBAC,8000000,8000000,Per-role-index,4275.891,10000,0.00023388,0.148206,2,materialized_role_update,True
MS-MARCO-RBAC,8000000,8000000,Per-role-index,4246.255,10000,0.00023551,0.155079,3,materialized_role_update,True
MS-MARCO-RBAC,8000000,8000000,Per-role-index,4457.88,10000,0.00022433,0.150382,4,materialized_role_update,True
MS-MARCO-RBAC,8000000,8000000,ACORN,22359.508,1,6.852e-05,0.04759,0,filtered_search_update,True
MS-MARCO-RBAC,8000000,8000000,ACORN,22552.587,1,7.123e-05,0.053774,1,filtered_search_update,True
MS-MARCO-RBAC,8000000,8000000,ACORN,23710.071,1,6.691e-05,0.04946,2,filtered_search_update,True
MS-MARCO-RBAC,8000000,8000000,ACORN,22080.901,1,6.983e-05,0.049089,3,filtered_search_update,True
MS-MARCO-RBAC,8000000,8000000,ACORN,23894.897,1,6.649e-05,0.049276,4,filtered_search_update,True
MS-MARCO-RBAC,8000000,8000000,ACORN,22825.494,2,5.653e-05,0.050885,0,filtered_search_update,True
MS-MARCO-RBAC,8000000,8000000,ACORN,23853.807,2,5.429e-05,0.049483,1,filtered_search_update,True
MS-MARCO-RBAC,8000000,8000000,ACORN,23815.837,2,5.277e-05,0.043143,2,filtered_search_update,True
MS-MARCO-RBAC,8000000,8000000,ACORN,22647.509,2,5.69e-05,0.050982,3,filtered_search_update,True
MS-MARCO-RBAC,8000000,8000000,ACORN,22325.112,2,5.748e-05,0.050768,4,filtered_search_update,True
MS-MARCO-RBAC,8000000,8000000,ACORN,22508.338,5,4.925e-05,0.048252,0,filtered_search_update,True
MS-MARCO-RBAC,8000000,8000000,ACORN,22884.769,5,4.85e-05,0.048072,1,filtered_search_update,True
MS-MARCO-RBAC,8000000,8000000,ACORN,23587.917,5,4.749e-05,0.050906,2,filtered_search_update,True
MS-MARCO-RBAC,8000000,8000000,ACORN,23130.161,5,4.836e-05,0.051273,3,filtered_search_update,True
MS-MARCO-RBAC,8000000,8000000,ACORN,23769.567,5,4.752e-05,0.054513,4,filtered_search_update,True
MS-MARCO-RBAC,8000000,8000000,ACORN,23665.968,10,4.481e-05,0.051107,0,filtered_search_update,True
MS-MARCO-RBAC,8000000,8000000,ACORN,23630.216,10,4.479e-05,0.049395,1,filtered_search_update,True
MS-MARCO-RBAC,8000000,8000000,ACORN,24094.9,10,4.409e-05,0.051815,2,filtered_search_update,True
MS-MARCO-RBAC,8000000,8000000,ACORN,24387.242,10,4.348e-05,0.049437,3,filtered_search_update,True
MS-MARCO-RBAC,8000000,8000000,ACORN,22855.564,10,4.61e-05,0.046943,4,filtered_search_update,True
MS-MARCO-RBAC,8000000,8000000,ACORN,23999.639,25,4.263e-05,0.048058,0,filtered_search_update,True
MS-MARCO-RBAC,8000000,8000000,ACORN,24146.852,25,4.246e-05,0.05216,1,filtered_search_update,True
MS-MARCO-RBAC,8000000,8000000,ACORN,24039.973,25,4.261e-05,0.050655,2,filtered_search_update,True
MS-MARCO-RBAC,8000000,8000000,ACORN,23863.909,25,4.296e-05,0.052787,3,filtered_search_update,True
MS-MARCO-RBAC,8000000,8000000,ACORN,24590.286,25,4.164e-05,0.048919,4,filtered_search_update,True
MS-MARCO-RBAC,8000000,8000000,ACORN,23588.81,100,4.266e-05,0.053965,0,filtered_search_update,True
MS-MARCO-RBAC,8000000,8000000,ACORN,24533.327,100,4.102e-05,0.051727,1,filtered_search_update,True
MS-MARCO-RBAC,8000000,8000000,ACORN,25237.198,100,3.989e-05,0.052233,2,filtered_search_update,True
MS-MARCO-RBAC,8000000,8000000,ACORN,24173.375,100,4.161e-05,0.048679,3,filtered_search_update,True
MS-MARCO-RBAC,8000000,8000000,ACORN,23603.99,100,4.263e-05,0.051864,4,filtered_search_update,True
MS-MARCO-RBAC,8000000,8000000,ACORN,24969.546,250,4.015e-05,0.048149,0,filtered_search_update,True
MS-MARCO-RBAC,8000000,8000000,ACORN,24719.567,250,4.056e-05,0.052939,1,filtered_search_update,True
MS-MARCO-RBAC,8000000,8000000,ACORN,24275.985,250,4.13e-05,0.051242,2,filtered_search_update,True
MS-MARCO-RBAC,8000000,8000000,ACORN,24423.346,250,4.105e-05,0.052097,3,filtered_search_update,True
MS-MARCO-RBAC,8000000,8000000,ACORN,24815.064,250,4.04e-05,0.05234,4,filtered_search_update,True
MS-MARCO-RBAC,8000000,8000000,ACORN,25473.699,1000,3.929e-05,0.062205,0,filtered_search_update,True
MS-MARCO-RBAC,8000000,8000000,ACORN,24897.947,1000,4.02e-05,0.062133,1,filtered_search_update,True
MS-MARCO-RBAC,8000000,8000000,ACORN,24870.703,1000,4.024e-05,0.055385,2,filtered_search_update,True
MS-MARCO-RBAC,8000000,8000000,ACORN,24104.417,1000,4.152e-05,0.057797,3,filtered_search_update,True
MS-MARCO-RBAC,8000000,8000000,ACORN,25555.285,1000,3.916e-05,0.060573,4,filtered_search_update,True
MS-MARCO-RBAC,8000000,8000000,ACORN,25241.456,2500,3.963e-05,0.075277,0,filtered_search_update,True
MS-MARCO-RBAC,8000000,8000000,ACORN,24806.893,2500,4.033e-05,0.07205,1,filtered_search_update,True
MS-MARCO-RBAC,8000000,8000000,ACORN,26093.998,2500,3.834e-05,0.075872,2,filtered_search_update,True
MS-MARCO-RBAC,8000000,8000000,ACORN,25282.307,2500,3.957e-05,0.07775,3,filtered_search_update,True
MS-MARCO-RBAC,8000000,8000000,ACORN,25397.106,2500,3.939e-05,0.077561,4,filtered_search_update,True
MS-MARCO-RBAC,8000000,8000000,ACORN,25283.123,10000,3.956e-05,0.152947,0,filtered_search_update,True
MS-MARCO-RBAC,8000000,8000000,ACORN,27498.682,10000,3.637e-05,0.149092,1,filtered_search_update,True
MS-MARCO-RBAC,8000000,8000000,ACORN,27198.929,10000,3.677e-05,0.15144,2,filtered_search_update,True
MS-MARCO-RBAC,8000000,8000000,ACORN,25945.65,10000,3.855e-05,0.149646,3,filtered_search_update,True
MS-MARCO-RBAC,8000000,8000000,ACORN,26042.699,10000,3.841e-05,0.140775,4,filtered_search_update,True
MS-MARCO-RBAC,8000000,8000000,HoneyBee,25277.445,1,6.547e-05,0.051818,0,filtered_search_update,True
MS-MARCO-RBAC,8000000,8000000,HoneyBee,24947.632,1,6.502e-05,0.049874,1,filtered_search_update,True
MS-MARCO-RBAC,8000000,8000000,HoneyBee,25325.362,1,6.481e-05,0.050641,2,filtered_search_update,True
MS-MARCO-RBAC,8000000,8000000,HoneyBee,23289.363,1,6.629e-05,0.046704,3,filtered_search_update,True
MS-MARCO-RBAC,8000000,8000000,HoneyBee,25467.247,1,6.424e-05,0.049942,4,filtered_search_update,True
MS-MARCO-RBAC,8000000,8000000,HoneyBee,24355.678,2,5.368e-05,0.050492,0,filtered_search_update,True
MS-MARCO-RBAC,8000000,8000000,HoneyBee,25447.44,2,5.201e-05,0.050866,1,filtered_search_update,True
MS-MARCO-RBAC,8000000,8000000,HoneyBee,26034.442,2,5.119e-05,0.051099,2,filtered_search_update,True
MS-MARCO-RBAC,8000000,8000000,HoneyBee,24786.309,2,5.26e-05,0.049008,3,filtered_search_update,True
MS-MARCO-RBAC,8000000,8000000,HoneyBee,24257.256,2,5.398e-05,0.051036,4,filtered_search_update,True
MS-MARCO-RBAC,8000000,8000000,HoneyBee,25209.19,5,4.463e-05,0.049655,0,filtered_search_update,True
MS-MARCO-RBAC,8000000,8000000,HoneyBee,24925.182,5,4.482e-05,0.04697,1,filtered_search_update,True
MS-MARCO-RBAC,8000000,8000000,HoneyBee,24871.671,5,4.558e-05,0.053708,2,filtered_search_update,True
MS-MARCO-RBAC,8000000,8000000,HoneyBee,24590.294,5,4.573e-05,0.050667,3,filtered_search_update,True
MS-MARCO-RBAC,8000000,8000000,HoneyBee,25410.461,5,4.404e-05,0.046826,4,filtered_search_update,True
MS-MARCO-RBAC,8000000,8000000,HoneyBee,25732.836,10,4.136e-05,0.050045,0,filtered_search_update,True
MS-MARCO-RBAC,8000000,8000000,HoneyBee,26090.301,10,4.062e-05,0.045835,1,filtered_search_update,True
MS-MARCO-RBAC,8000000,8000000,HoneyBee,25834.611,10,4.126e-05,0.05098,2,filtered_search_update,True
MS-MARCO-RBAC,8000000,8000000,HoneyBee,25071.16,10,4.243e-05,0.050808,3,filtered_search_update,True
MS-MARCO-RBAC,8000000,8000000,HoneyBee,24937.537,10,4.267e-05,0.05144,4,filtered_search_update,True
MS-MARCO-RBAC,8000000,8000000,HoneyBee,24866.161,25,4.121e-05,0.049856,0,filtered_search_update,True
MS-MARCO-RBAC,8000000,8000000,HoneyBee,26251.274,25,3.909e-05,0.04997,1,filtered_search_update,True
MS-MARCO-RBAC,8000000,8000000,HoneyBee,25232.153,25,4.065e-05,0.050865,2,filtered_search_update,True
MS-MARCO-RBAC,8000000,8000000,HoneyBee,25538.435,25,4.015e-05,0.049715,3,filtered_search_update,True
MS-MARCO-RBAC,8000000,8000000,HoneyBee,24506.626,25,4.18e-05,0.049826,4,filtered_search_update,True
MS-MARCO-RBAC,8000000,8000000,HoneyBee,26644.971,100,3.778e-05,0.049529,0,filtered_search_update,True
MS-MARCO-RBAC,8000000,8000000,HoneyBee,25395.858,100,3.963e-05,0.050431,1,filtered_search_update,True
MS-MARCO-RBAC,8000000,8000000,HoneyBee,26286.121,100,3.831e-05,0.052592,2,filtered_search_update,True
MS-MARCO-RBAC,8000000,8000000,HoneyBee,27261.825,100,3.693e-05,0.049438,3,filtered_search_update,True
MS-MARCO-RBAC,8000000,8000000,HoneyBee,25572.595,100,3.936e-05,0.051498,4,filtered_search_update,True
MS-MARCO-RBAC,8000000,8000000,HoneyBee,27762.803,250,3.613e-05,0.053315,0,filtered_search_update,True
MS-MARCO-RBAC,8000000,8000000,HoneyBee,25106.935,250,3.994e-05,0.053772,1,filtered_search_update,True
MS-MARCO-RBAC,8000000,8000000,HoneyBee,26164.386,250,3.833e-05,0.052787,2,filtered_search_update,True
MS-MARCO-RBAC,8000000,8000000,HoneyBee,27544.124,250,3.641e-05,0.054014,3,filtered_search_update,True
MS-MARCO-RBAC,8000000,8000000,HoneyBee,27376.03,250,3.663e-05,0.05317,4,filtered_search_update,True
MS-MARCO-RBAC,8000000,8000000,HoneyBee,26385.497,1000,3.793e-05,0.063949,0,filtered_search_update,True
MS-MARCO-RBAC,8000000,8000000,HoneyBee,27445.803,1000,3.647e-05,0.059185,1,filtered_search_update,True
MS-MARCO-RBAC,8000000,8000000,HoneyBee,28060.201,1000,3.567e-05,0.059743,2,filtered_search_update,True
MS-MARCO-RBAC,8000000,8000000,HoneyBee,27649.575,1000,3.62e-05,0.057405,3,filtered_search_update,True
MS-MARCO-RBAC,8000000,8000000,HoneyBee,28406.055,1000,3.523e-05,0.06065,4,filtered_search_update,True
MS-MARCO-RBAC,8000000,8000000,HoneyBee,28411.222,2500,3.521e-05,0.071743,0,filtered_search_update,True
MS-MARCO-RBAC,8000000,8000000,HoneyBee,28264.734,2500,3.539e-05,0.069907,1,filtered_search_update,True
MS-MARCO-RBAC,8000000,8000000,HoneyBee,27292.071,2500,3.665e-05,0.067794,2,filtered_search_update,True
MS-MARCO-RBAC,8000000,8000000,HoneyBee,28639.36,2500,3.493e-05,0.073758,3,filtered_search_update,True
MS-MARCO-RBAC,8000000,8000000,HoneyBee,27214.105,2500,3.676e-05,0.074641,4,filtered_search_update,True
MS-MARCO-RBAC,8000000,8000000,HoneyBee,29838.595,10000,3.352e-05,0.140403,0,filtered_search_update,True
MS-MARCO-RBAC,8000000,8000000,HoneyBee,27923.05,10000,3.582e-05,0.149361,1,filtered_search_update,True
MS-MARCO-RBAC,8000000,8000000,HoneyBee,28767.219,10000,3.477e-05,0.151103,2,filtered_search_update,True
MS-MARCO-RBAC,8000000,8000000,HoneyBee,27644.944,10000,3.618e-05,0.143487,3,filtered_search_update,True
MS-MARCO-RBAC,8000000,8000000,HoneyBee,29001.653,10000,3.449e-05,0.15693,4,filtered_search_update,True
MS-MARCO-RBAC,8000000,8000000,Lethe,47787.84,1,2.298e-05,0.004101,0,immediate_per_view_erasure,True
MS-MARCO-RBAC,8000000,8000000,Lethe,46965.851,1,2.34e-05,0.004217,1,immediate_per_view_erasure,True
MS-MARCO-RBAC,8000000,8000000,Lethe,48244.996,1,2.265e-05,0.003846,2,immediate_per_view_erasure,True
MS-MARCO-RBAC,8000000,8000000,Lethe,48908.376,1,2.228e-05,0.003674,3,immediate_per_view_erasure,True
MS-MARCO-RBAC,8000000,8000000,Lethe,48331.733,1,2.283e-05,0.004285,4,immediate_per_view_erasure,True
MS-MARCO-RBAC,8000000,8000000,Lethe,49914.345,2,2.088e-05,0.003391,0,immediate_per_view_erasure,True
MS-MARCO-RBAC,8000000,8000000,Lethe,47309.079,2,2.231e-05,0.004671,1,immediate_per_view_erasure,True
MS-MARCO-RBAC,8000000,8000000,Lethe,48678.668,2,2.141e-05,0.003479,2,immediate_per_view_erasure,True
MS-MARCO-RBAC,8000000,8000000,Lethe,47042.936,2,2.221e-05,0.003799,3,immediate_per_view_erasure,True
MS-MARCO-RBAC,8000000,8000000,Lethe,47375.163,2,2.211e-05,0.004009,4,immediate_per_view_erasure,True
MS-MARCO-RBAC,8000000,8000000,Lethe,48302.822,5,2.105e-05,0.003439,0,immediate_per_view_erasure,True
MS-MARCO-RBAC,8000000,8000000,Lethe,48237.477,5,2.113e-05,0.003982,1,immediate_per_view_erasure,True
MS-MARCO-RBAC,8000000,8000000,Lethe,47880.404,5,2.126e-05,0.003773,2,immediate_per_view_erasure,True
MS-MARCO-RBAC,8000000,8000000,Lethe,48416.486,5,2.102e-05,0.003636,3,immediate_per_view_erasure,True
MS-MARCO-RBAC,8000000,8000000,Lethe,47065.345,5,2.162e-05,0.003731,4,immediate_per_view_erasure,True
MS-MARCO-RBAC,8000000,8000000,Lethe,50129.405,10,2.015e-05,0.00396,0,immediate_per_view_erasure,True
MS-MARCO-RBAC,8000000,8000000,Lethe,48786.315,10,2.071e-05,0.004259,1,immediate_per_view_erasure,True
MS-MARCO-RBAC,8000000,8000000,Lethe,48459.52,10,2.082e-05,0.003586,2,immediate_per_view_erasure,True
MS-MARCO-RBAC,8000000,8000000,Lethe,50150.761,10,2.012e-05,0.00368,3,immediate_per_view_erasure,True
MS-MARCO-RBAC,8000000,8000000,Lethe,49044.289,10,2.058e-05,0.003841,4,immediate_per_view_erasure,True
MS-MARCO-RBAC,8000000,8000000,Lethe,49061.593,25,2.047e-05,0.004561,0,immediate_per_view_erasure,True
MS-MARCO-RBAC,8000000,8000000,Lethe,47832.41,25,2.099e-05,0.00413,1,immediate_per_view_erasure,True
MS-MARCO-RBAC,8000000,8000000,Lethe,48666.149,25,2.062e-05,0.003542,2,immediate_per_view_erasure,True
MS-MARCO-RBAC,8000000,8000000,Lethe,48466.657,25,2.07e-05,0.003565,3,immediate_per_view_erasure,True
MS-MARCO-RBAC,8000000,8000000,Lethe,51742.462,25,1.94e-05,0.00386,4,immediate_per_view_erasure,True
MS-MARCO-RBAC,8000000,8000000,Lethe,49543.879,100,2.02e-05,0.00407,0,immediate_per_view_erasure,True
MS-MARCO-RBAC,8000000,8000000,Lethe,49064.312,100,2.04e-05,0.004644,1,immediate_per_view_erasure,True
MS-MARCO-RBAC,8000000,8000000,Lethe,49111.916,100,2.039e-05,0.005086,2,immediate_per_view_erasure,True
MS-MARCO-RBAC,8000000,8000000,Lethe,49808.763,100,2.01e-05,0.004049,3,immediate_per_view_erasure,True
MS-MARCO-RBAC,8000000,8000000,Lethe,50819.277,100,1.97e-05,0.00475,4,immediate_per_view_erasure,True
MS-MARCO-RBAC,8000000,8000000,Lethe,47708.726,250,2.097e-05,0.005717,0,immediate_per_view_erasure,True
MS-MARCO-RBAC,8000000,8000000,Lethe,49638.814,250,2.016e-05,0.005556,1,immediate_per_view_erasure,True
MS-MARCO-RBAC,8000000,8000000,Lethe,48418.048,250,2.066e-05,0.005381,2,immediate_per_view_erasure,True
MS-MARCO-RBAC,8000000,8000000,Lethe,52001.285,250,1.924e-05,0.005205,3,immediate_per_view_erasure,True
MS-MARCO-RBAC,8000000,8000000,Lethe,49597.916,250,2.017e-05,0.005116,4,immediate_per_view_erasure,True
MS-MARCO-RBAC,8000000,8000000,Lethe,51996.922,1000,1.924e-05,0.010386,0,immediate_per_view_erasure,True
MS-MARCO-RBAC,8000000,8000000,Lethe,51479.622,1000,1.943e-05,0.009732,1,immediate_per_view_erasure,True
MS-MARCO-RBAC,8000000,8000000,Lethe,51722.003,1000,1.934e-05,0.00938,2,immediate_per_view_erasure,True
MS-MARCO-RBAC,8000000,8000000,Lethe,50928.595,1000,1.964e-05,0.010576,3,immediate_per_view_erasure,True
MS-MARCO-RBAC,8000000,8000000,Lethe,51169.535,1000,1.955e-05,0.01002,4,immediate_per_view_erasure,True
MS-MARCO-RBAC,8000000,8000000,Lethe,51370.604,2500,1.947e-05,0.020418,0,immediate_per_view_erasure,True
MS-MARCO-RBAC,8000000,8000000,Lethe,50546.687,2500,1.979e-05,0.019223,1,immediate_per_view_erasure,True
MS-MARCO-RBAC,8000000,8000000,Lethe,52786.523,2500,1.895e-05,0.018881,2,immediate_per_view_erasure,True
MS-MARCO-RBAC,8000000,8000000,Lethe,51286.764,2500,1.95e-05,0.020531,3,immediate_per_view_erasure,True
MS-MARCO-RBAC,8000000,8000000,Lethe,51288.289,2500,1.95e-05,0.019821,4,immediate_per_view_erasure,True
MS-MARCO-RBAC,8000000,8000000,Lethe,52614.629,10000,1.901e-05,0.06333,0,immediate_per_view_erasure,True
MS-MARCO-RBAC,8000000,8000000,Lethe,50309.638,10000,1.988e-05,0.061522,1,immediate_per_view_erasure,True
MS-MARCO-RBAC,8000000,8000000,Lethe,53863.009,10000,1.857e-05,0.068318,2,immediate_per_view_erasure,True
MS-MARCO-RBAC,8000000,8000000,Lethe,53178.998,10000,1.881e-05,0.063224,3,immediate_per_view_erasure,True
MS-MARCO-RBAC,8000000,8000000,Lethe,52406.533,10000,1.908e-05,0.06574,4,immediate_per_view_erasure,True
SIFT1M,1000000,1000000,Tombstone,101063.559,1,1.8884567,3776.893604,0,long_offline_consolidation,True
SIFT1M,1000000,1000000,Tombstone,102874.806,1,1.92420889,3848.398348,1,long_offline_consolidation,True
SIFT1M,1000000,1000000,Tombstone,97617.543,1,1.86193594,3723.851394,2,long_offline_consolidation,True
SIFT1M,1000000,1000000,Tombstone,103510.825,1,1.89468193,3789.344543,3,long_offline_consolidation,True
SIFT1M,1000000,1000000,Tombstone,101809.154,1,1.84202508,3684.030523,4,long_offline_consolidation,True
SIFT1M,1000000,1000000,Tombstone,102835.472,2,0.96412356,3856.455348,0,long_offline_consolidation,True
SIFT1M,1000000,1000000,Tombstone,98583.366,2,0.98058531,3922.30068,1,long_offline_consolidation,True
SIFT1M,1000000,1000000,Tombstone,98649.184,2,0.98727737,3949.068944,2,long_offline_consolidation,True
SIFT1M,1000000,1000000,Tombstone,96406.2,2,0.96750366,3869.973146,3,long_offline_consolidation,True
SIFT1M,1000000,1000000,Tombstone,99947.676,2,1.00353133,4014.085299,4,long_offline_consolidation,True
SIFT1M,1000000,1000000,Tombstone,100052.887,5,0.40424523,4042.352353,0,long_offline_consolidation,True
SIFT1M,1000000,1000000,Tombstone,101445.223,5,0.40277125,4027.613957,1,long_offline_consolidation,True
SIFT1M,1000000,1000000,Tombstone,101814.938,5,0.39977529,3997.654666,2,long_offline_consolidation,True
SIFT1M,1000000,1000000,Tombstone,100133.693,5,0.41126961,4112.596278,3,long_offline_consolidation,True
SIFT1M,1000000,1000000,Tombstone,95474.288,5,0.41198271,4119.722355,4,long_offline_consolidation,True
SIFT1M,1000000,1000000,Tombstone,100234.531,10,0.20873909,4174.582273,0,long_offline_consolidation,True
SIFT1M,1000000,1000000,Tombstone,102378.869,10,0.20530927,4105.990139,1,long_offline_consolidation,True
SIFT1M,1000000,1000000,Tombstone,101367.259,10,0.20955539,4190.910507,2,long_offline_consolidation,True
SIFT1M,1000000,1000000,Tombstone,97628.843,10,0.21549062,4309.607489,3,long_offline_consolidation,True
SIFT1M,1000000,1000000,Tombstone,98506.734,10,0.20856769,4171.150814,4,long_offline_consolidation,True
SIFT1M,1000000,1000000,Tombstone,101684.49,25,0.0864502,4322.018188,0,long_offline_consolidation,True
SIFT1M,1000000,1000000,Tombstone,102124.458,25,0.08643759,4321.389773,1,long_offline_consolidation,True
SIFT1M,1000000,1000000,Tombstone,101616.406,25,0.08827845,4413.430303,2,long_offline_consolidation,True
SIFT1M,1000000,1000000,Tombstone,101507.871,25,0.08615887,4307.45095,3,long_offline_consolidation,True
SIFT1M,1000000,1000000,Tombstone,104999.371,25,0.08684984,4342.015896,4,long_offline_consolidation,True
SIFT1M,1000000,1000000,Tombstone,103637.399,100,0.02190253,4378.576448,0,long_offline_consolidation,True
SIFT1M,1000000,1000000,Tombstone,105558.264,100,0.02273596,4545.296387,1,long_offline_consolidation,True
SIFT1M,1000000,1000000,Tombstone,104321.656,100,0.02306179,4610.44103,2,long_offline_consolidation,True
SIFT1M,1000000,1000000,Tombstone,94766.308,100,0.02245441,4488.770717,3,long_offline_consolidation,True
SIFT1M,1000000,1000000,Tombstone,101572.069,100,0.02316205,4630.441564,4,long_offline_consolidation,True
SIFT1M,1000000,1000000,Tombstone,103296.064,250,0.0092569,4623.610505,0,long_offline_consolidation,True
SIFT1M,1000000,1000000,Tombstone,106674.049,250,0.00936778,4679.202893,1,long_offline_consolidation,True
SIFT1M,1000000,1000000,Tombstone,103128.852,250,0.00929033,4640.318872,2,long_offline_consolidation,True
SIFT1M,1000000,1000000,Tombstone,103049.075,250,0.0091544,4572.349284,3,long_offline_consolidation,True
SIFT1M,1000000,1000000,Tombstone,101141.896,250,0.00927271,4631.411339,4,long_offline_consolidation,True
SIFT1M,1000000,1000000,Tombstone,102183.915,1000,0.00245148,4883.394205,0,long_offline_consolidation,True
SIFT1M,1000000,1000000,Tombstone,103319.353,1000,0.00246386,4908.365208,1,long_offline_consolidation,True
SIFT1M,1000000,1000000,Tombstone,100169.106,1000,0.00252442,5028.868868,2,long_offline_consolidation,True
SIFT1M,1000000,1000000,Tombstone,98399.932,1000,0.00243152,4842.713597,3,long_offline_consolidation,True
SIFT1M,1000000,1000000,Tombstone,109877.116,1000,0.00248511,4952.020337,4,long_offline_consolidation,True
SIFT1M,1000000,1000000,Tombstone,103120.614,2500,0.00104284,5165.723236,0,long_offline_consolidation,True
SIFT1M,1000000,1000000,Tombstone,105071.703,2500,0.00103415,5123.169176,1,long_offline_consolidation,True
SIFT1M,1000000,1000000,Tombstone,102207.125,2500,0.00104365,5169.322927,2,long_offline_consolidation,True
SIFT1M,1000000,1000000,Tombstone,104363.057,2500,0.00102264,5065.297248,3,long_offline_consolidation,True
SIFT1M,1000000,1000000,Tombstone,105811.042,2500,0.00104793,5192.377013,4,long_offline_consolidation,True
SIFT1M,1000000,1000000,Tombstone,103503.551,10000,0.00027379,5282.669177,0,long_offline_consolidation,True
SIFT1M,1000000,1000000,Tombstone,105171.62,10000,0.00026711,5152.015511,1,long_offline_consolidation,True
SIFT1M,1000000,1000000,Tombstone,106741.41,10000,0.0002768,5348.626069,2,long_offline_consolidation,True
SIFT1M,1000000,1000000,Tombstone,106055.541,10000,0.00028371,5485.702083,3,long_offline_consolidation,True
SIFT1M,1000000,1000000,Tombstone,106601.209,10000,0.00027789,5370.271928,4,long_offline_consolidation,True
SIFT1M,1000000,1000000,Post-filter,98056.595,1,1.84872776,3697.435118,0,long_offline_consolidation,True
SIFT1M,1000000,1000000,Post-filter,97264.221,1,1.93750575,3874.990941,1,long_offline_consolidation,True
SIFT1M,1000000,1000000,Post-filter,100095.768,1,1.91765556,3835.291133,2,long_offline_consolidation,True
SIFT1M,1000000,1000000,Post-filter,96679.321,1,1.9229181,3845.815512,3,long_offline_consolidation,True
SIFT1M,1000000,1000000,Post-filter,93352.079,1,1.91429235,3828.563273,4,long_offline_consolidation,True
SIFT1M,1000000,1000000,Post-filter,94381.602,2,0.95548302,3821.889689,0,long_offline_consolidation,True
SIFT1M,1000000,1000000,Post-filter,99101.537,2,0.9757377,3902.910452,1,long_offline_consolidation,True
SIFT1M,1000000,1000000,Post-filter,98378.553,2,0.99562379,3982.454491,2,long_offline_consolidation,True
SIFT1M,1000000,1000000,Post-filter,89207.563,2,0.98033365,3921.289774,3,long_offline_consolidation,True
SIFT1M,1000000,1000000,Post-filter,96556.132,2,0.97175215,3886.967161,4,long_offline_consolidation,True
SIFT1M,1000000,1000000,Post-filter,98028.759,5,0.42225094,4222.407397,0,long_offline_consolidation,True
SIFT1M,1000000,1000000,Post-filter,97791.606,5,0.40517202,4051.617913,1,long_offline_consolidation,True
SIFT1M,1000000,1000000,Post-filter,97653.82,5,0.40459127,4045.810254,2,long_offline_consolidation,True
SIFT1M,1000000,1000000,Post-filter,96880.049,5,0.4046519,4046.415753,3,long_offline_consolidation,True
SIFT1M,1000000,1000000,Post-filter,95020.246,5,0.40034051,4003.299876,4,long_offline_consolidation,True
SIFT1M,1000000,1000000,Post-filter,94264.56,10,0.20983387,4196.465306,0,long_offline_consolidation,True
SIFT1M,1000000,1000000,Post-filter,100143.443,10,0.20494696,4098.739444,1,long_offline_consolidation,True
SIFT1M,1000000,1000000,Post-filter,92068.631,10,0.20738061,4147.395021,2,long_offline_consolidation,True
SIFT1M,1000000,1000000,Post-filter,98237.648,10,0.2079086,4157.968411,3,long_offline_consolidation,True
SIFT1M,1000000,1000000,Post-filter,95602.61,10,0.20965568,4192.904478,4,long_offline_consolidation,True
SIFT1M,1000000,1000000,Post-filter,100186.774,25,0.08866282,4432.641728,0,long_offline_consolidation,True
SIFT1M,1000000,1000000,Post-filter,95722.883,25,0.08565488,4282.221466,1,long_offline_consolidation,True
SIFT1M,1000000,1000000,Post-filter,99478.581,25,0.08676315,4337.654667,2,long_offline_consolidation,True
SIFT1M,1000000,1000000,Post-filter,99176.923,25,0.08742004,4370.497679,3,long_offline_consolidation,True
SIFT1M,1000000,1000000,Post-filter,99148.156,25,0.08702501,4350.746303,4,long_offline_consolidation,True
SIFT1M,1000000,1000000,Post-filter,101075.848,100,0.02293891,4585.804122,0,long_offline_consolidation,True
SIFT1M,1000000,1000000,Post-filter,98102.07,100,0.0235256,4703.080854,1,long_offline_consolidation,True
SIFT1M,1000000,1000000,Post-filter,97767.916,100,0.02345504,4688.963176,2,long_offline_consolidation,True
SIFT1M,1000000,1000000,Post-filter,100660.44,100,0.0229474,4587.493359,3,long_offline_consolidation,True
SIFT1M,1000000,1000000,Post-filter,97893.0,100,0.02281805,4561.566477,4,long_offline_consolidation,True
SIFT1M,1000000,1000000,Post-filter,98255.367,250,0.00940951,4699.666334,0,long_offline_consolidation,True
SIFT1M,1000000,1000000,Post-filter,100264.346,250,0.00948425,4737.135957,1,long_offline_consolidation,True
SIFT1M,1000000,1000000,Post-filter,93619.126,250,0.00939926,4694.288352,2,long_offline_consolidation,True
SIFT1M,1000000,1000000,Post-filter,98048.14,250,0.00927694,4633.372176,3,long_offline_consolidation,True
SIFT1M,1000000,1000000,Post-filter,100201.487,250,0.0095698,4779.910042,4,long_offline_consolidation,True
SIFT1M,1000000,1000000,Post-filter,98879.348,1000,0.00251022,5000.222337,0,long_offline_consolidation,True
SIFT1M,1000000,1000000,Post-filter,97428.579,1000,0.00243453,4848.53055,1,long_offline_consolidation,True
SIFT1M,1000000,1000000,Post-filter,100231.437,1000,0.0024641,4908.245944,2,long_offline_consolidation,True
SIFT1M,1000000,1000000,Post-filter,94568.273,1000,0.00247232,4923.497604,3,long_offline_consolidation,True
SIFT1M,1000000,1000000,Post-filter,98331.663,1000,0.00254012,5059.896123,4,long_offline_consolidation,True
SIFT1M,1000000,1000000,Post-filter,96407.629,2500,0.00101645,5030.404779,0,long_offline_consolidation,True
SIFT1M,1000000,1000000,Post-filter,99059.613,2500,0.00106606,5279.821827,1,long_offline_consolidation,True
SIFT1M,1000000,1000000,Post-filter,96421.756,2500,0.00103872,5141.751219,2,long_offline_consolidation,True
SIFT1M,1000000,1000000,Post-filter,93791.033,2500,0.00103475,5120.452631,3,long_offline_consolidation,True
SIFT1M,1000000,1000000,Post-filter,103838.144,2500,0.00103402,5121.947141,4,long_offline_consolidation,True
SIFT1M,1000000,1000000,Post-filter,105772.329,10000,0.0002754,5318.927467,0,long_offline_consolidation,True
SIFT1M,1000000,1000000,Post-filter,100970.871,10000,0.00027299,5261.78407,1,long_offline_consolidation,True
SIFT1M,1000000,1000000,Post-filter,101669.837,10000,0.00027613,5325.875251,2,long_offline_consolidation,True
SIFT1M,1000000,1000000,Post-filter,98889.715,10000,0.00027515,5300.676178,3,long_offline_consolidation,True
SIFT1M,1000000,1000000,Post-filter,102795.799,10000,0.00027305,5266.39766,4,long_offline_consolidation,True
SIFT1M,1000000,1000000,SPFresh,17553.097,1,8.093e-05,0.047928,0,freshness_update,True
SIFT1M,1000000,1000000,SPFresh,19045.192,1,7.775e-05,0.05049,1,freshness_update,True
SIFT1M,1000000,1000000,SPFresh,17674.941,1,8.233e-05,0.051498,2,freshness_update,True
SIFT1M,1000000,1000000,SPFresh,18259.671,1,7.961e-05,0.049694,3,freshness_update,True
SIFT1M,1000000,1000000,SPFresh,18080.223,1,8.096e-05,0.051305,4,freshness_update,True
SIFT1M,1000000,1000000,SPFresh,17550.746,2,6.933e-05,0.049426,0,freshness_update,True
SIFT1M,1000000,1000000,SPFresh,17607.469,2,6.899e-05,0.048782,1,freshness_update,True
SIFT1M,1000000,1000000,SPFresh,17752.014,2,6.863e-05,0.049185,2,freshness_update,True
SIFT1M,1000000,1000000,SPFresh,18462.981,2,6.622e-05,0.048228,3,freshness_update,True
SIFT1M,1000000,1000000,SPFresh,17583.645,2,6.895e-05,0.048302,4,freshness_update,True
SIFT1M,1000000,1000000,SPFresh,17897.72,5,6.088e-05,0.050047,0,freshness_update,True
SIFT1M,1000000,1000000,SPFresh,18272.306,5,5.968e-05,0.049547,1,freshness_update,True
SIFT1M,1000000,1000000,SPFresh,18383.931,5,5.965e-05,0.052544,2,freshness_update,True
SIFT1M,1000000,1000000,SPFresh,17778.008,5,6.139e-05,0.051375,3,freshness_update,True
SIFT1M,1000000,1000000,SPFresh,18597.238,5,5.904e-05,0.052691,4,freshness_update,True
SIFT1M,1000000,1000000,SPFresh,19079.754,10,5.498e-05,0.051434,0,freshness_update,True
SIFT1M,1000000,1000000,SPFresh,19177.831,10,5.458e-05,0.048824,1,freshness_update,True
SIFT1M,1000000,1000000,SPFresh,19408.253,10,5.408e-05,0.051187,2,freshness_update,True
SIFT1M,1000000,1000000,SPFresh,17750.24,10,5.893e-05,0.051794,3,freshness_update,True
SIFT1M,1000000,1000000,SPFresh,19017.37,10,5.516e-05,0.05162,4,freshness_update,True
SIFT1M,1000000,1000000,SPFresh,19574.036,25,5.21e-05,0.050825,0,freshness_update,True
SIFT1M,1000000,1000000,SPFresh,18759.24,25,5.429e-05,0.049297,1,freshness_update,True
SIFT1M,1000000,1000000,SPFresh,18738.308,25,5.44e-05,0.051468,2,freshness_update,True
SIFT1M,1000000,1000000,SPFresh,18675.265,25,5.465e-05,0.05501,3,freshness_update,True
SIFT1M,1000000,1000000,SPFresh,18874.846,25,5.402e-05,0.051856,4,freshness_update,True
SIFT1M,1000000,1000000,SPFresh,19434.218,100,5.171e-05,0.051633,0,freshness_update,True
SIFT1M,1000000,1000000,SPFresh,20484.673,100,4.908e-05,0.052483,1,freshness_update,True
SIFT1M,1000000,1000000,SPFresh,19253.524,100,5.22e-05,0.051559,2,freshness_update,True
SIFT1M,1000000,1000000,SPFresh,19715.603,100,5.099e-05,0.052807,3,freshness_update,True
SIFT1M,1000000,1000000,SPFresh,19200.18,100,5.234e-05,0.050962,4,freshness_update,True
SIFT1M,1000000,1000000,SPFresh,18849.935,250,5.316e-05,0.054403,0,freshness_update,True
SIFT1M,1000000,1000000,SPFresh,19183.048,250,5.224e-05,0.054549,1,freshness_update,True
SIFT1M,1000000,1000000,SPFresh,19670.995,250,5.094e-05,0.053145,2,freshness_update,True
SIFT1M,1000000,1000000,SPFresh,19106.222,250,5.244e-05,0.049005,3,freshness_update,True
SIFT1M,1000000,1000000,SPFresh,20329.435,250,4.93e-05,0.053556,4,freshness_update,True
SIFT1M,1000000,1000000,SPFresh,20297.105,1000,4.93e-05,0.061247,0,freshness_update,True
SIFT1M,1000000,1000000,SPFresh,19533.658,1000,5.122e-05,0.058459,1,freshness_update,True
SIFT1M,1000000,1000000,SPFresh,20872.21,1000,4.794e-05,0.064382,2,freshness_update,True
SIFT1M,1000000,1000000,SPFresh,19536.232,1000,5.122e-05,0.060981,3,freshness_update,True
SIFT1M,1000000,1000000,SPFresh,19068.797,1000,5.247e-05,0.058729,4,freshness_update,True
SIFT1M,1000000,1000000,SPFresh,20059.872,2500,4.987e-05,0.077186,0,freshness_update,True
SIFT1M,1000000,1000000,SPFresh,20826.339,2500,4.803e-05,0.075087,1,freshness_update,True
SIFT1M,1000000,1000000,SPFresh,20372.128,2500,4.91e-05,0.077366,2,freshness_update,True
SIFT1M,1000000,1000000,SPFresh,20560.72,2500,4.865e-05,0.070914,3,freshness_update,True
SIFT1M,1000000,1000000,SPFresh,20678.921,2500,4.837e-05,0.080081,4,freshness_update,True
SIFT1M,1000000,1000000,SPFresh,20228.918,10000,4.944e-05,0.160664,0,freshness_update,True
SIFT1M,1000000,1000000,SPFresh,21329.068,10000,4.689e-05,0.165145,1,freshness_update,True
SIFT1M,1000000,1000000,SPFresh,21281.109,10000,4.7e-05,0.144868,2,freshness_update,True
SIFT1M,1000000,1000000,SPFresh,20291.862,10000,4.929e-05,0.148982,3,freshness_update,True
SIFT1M,1000000,1000000,SPFresh,21134.244,10000,4.732e-05,0.155291,4,freshness_update,True
SIFT1M,1000000,1000000,Physical-delete,2613.763,1,0.00040834,0.051491,0,immediate_global_delete,True
SIFT1M,1000000,1000000,Physical-delete,2552.133,1,0.00041625,0.048841,1,immediate_global_delete,True
SIFT1M,1000000,1000000,Physical-delete,2542.735,1,0.00042009,0.053632,2,immediate_global_delete,True
SIFT1M,1000000,1000000,Physical-delete,2657.596,1,0.00040009,0.04763,3,immediate_global_delete,True
SIFT1M,1000000,1000000,Physical-delete,2706.041,1,0.00039394,0.048795,4,immediate_global_delete,True
SIFT1M,1000000,1000000,Physical-delete,2569.027,2,0.00040169,0.049757,0,immediate_global_delete,True
SIFT1M,1000000,1000000,Physical-delete,2764.39,2,0.00037368,0.04773,1,immediate_global_delete,True
SIFT1M,1000000,1000000,Physical-delete,2676.165,2,0.00038679,0.05249,2,immediate_global_delete,True
SIFT1M,1000000,1000000,Physical-delete,2586.197,2,0.00039885,0.04873,3,immediate_global_delete,True
SIFT1M,1000000,1000000,Physical-delete,2747.228,2,0.00037694,0.051766,4,immediate_global_delete,True
SIFT1M,1000000,1000000,Physical-delete,2673.755,5,0.00037921,0.05203,0,immediate_global_delete,True
SIFT1M,1000000,1000000,Physical-delete,2654.55,5,0.00038194,0.052296,1,immediate_global_delete,True
SIFT1M,1000000,1000000,Physical-delete,2678.518,5,0.0003782,0.048639,2,immediate_global_delete,True
SIFT1M,1000000,1000000,Physical-delete,2614.189,5,0.00038736,0.048326,3,immediate_global_delete,True
SIFT1M,1000000,1000000,Physical-delete,2612.356,5,0.00038783,0.050301,4,immediate_global_delete,True
SIFT1M,1000000,1000000,Physical-delete,2752.199,10,0.00036585,0.050102,0,immediate_global_delete,True
SIFT1M,1000000,1000000,Physical-delete,2758.407,10,0.00036498,0.049089,1,immediate_global_delete,True
SIFT1M,1000000,1000000,Physical-delete,2757.21,10,0.00036518,0.049937,2,immediate_global_delete,True
SIFT1M,1000000,1000000,Physical-delete,2791.892,10,0.00036057,0.047777,3,immediate_global_delete,True
SIFT1M,1000000,1000000,Physical-delete,2820.716,10,0.000357,0.049531,4,immediate_global_delete,True
SIFT1M,1000000,1000000,Physical-delete,2825.922,25,0.00035485,0.049325,0,immediate_global_delete,True
SIFT1M,1000000,1000000,Physical-delete,2832.888,25,0.00035397,0.048474,1,immediate_global_delete,True
SIFT1M,1000000,1000000,Physical-delete,2839.003,25,0.00035325,0.050733,2,immediate_global_delete,True
SIFT1M,1000000,1000000,Physical-delete,2813.128,25,0.00035654,0.053169,3,immediate_global_delete,True
SIFT1M,1000000,1000000,Physical-delete,2776.12,25,0.00036123,0.050533,4,immediate_global_delete,True
SIFT1M,1000000,1000000,Physical-delete,2869.906,100,0.00034871,0.052929,0,immediate_global_delete,True
SIFT1M,1000000,1000000,Physical-delete,3068.678,100,0.00032613,0.050651,1,immediate_global_delete,True
SIFT1M,1000000,1000000,Physical-delete,2958.111,100,0.00033831,0.051342,2,immediate_global_delete,True
SIFT1M,1000000,1000000,Physical-delete,2866.722,100,0.00034909,0.051484,3,immediate_global_delete,True
SIFT1M,1000000,1000000,Physical-delete,2896.398,100,0.00034551,0.050441,4,immediate_global_delete,True
SIFT1M,1000000,1000000,Physical-delete,2988.045,250,0.00033477,0.051938,0,immediate_global_delete,True
SIFT1M,1000000,1000000,Physical-delete,2979.472,250,0.00033573,0.05018,1,immediate_global_delete,True
SIFT1M,1000000,1000000,Physical-delete,2922.533,250,0.00034227,0.052746,2,immediate_global_delete,True
SIFT1M,1000000,1000000,Physical-delete,2987.125,250,0.00033487,0.052214,3,immediate_global_delete,True
SIFT1M,1000000,1000000,Physical-delete,2953.02,250,0.00033874,0.051882,4,immediate_global_delete,True
SIFT1M,1000000,1000000,Physical-delete,3029.826,1000,0.00033008,0.057832,0,immediate_global_delete,True
SIFT1M,1000000,1000000,Physical-delete,3101.277,1000,0.00032248,0.058908,1,immediate_global_delete,True
SIFT1M,1000000,1000000,Physical-delete,2976.649,1000,0.00033598,0.06187,2,immediate_global_delete,True
SIFT1M,1000000,1000000,Physical-delete,2925.734,1000,0.00034183,0.060892,3,immediate_global_delete,True
SIFT1M,1000000,1000000,Physical-delete,3021.009,1000,0.00033105,0.060567,4,immediate_global_delete,True
SIFT1M,1000000,1000000,Physical-delete,3001.544,2500,0.00033318,0.072311,0,immediate_global_delete,True
SIFT1M,1000000,1000000,Physical-delete,3121.235,2500,0.0003204,0.072585,1,immediate_global_delete,True
SIFT1M,1000000,1000000,Physical-delete,3152.053,2500,0.00031727,0.074247,2,immediate_global_delete,True
SIFT1M,1000000,1000000,Physical-delete,3077.202,2500,0.00032498,0.072216,3,immediate_global_delete,True
SIFT1M,1000000,1000000,Physical-delete,3023.431,2500,0.00033076,0.071419,4,immediate_global_delete,True
SIFT1M,1000000,1000000,Physical-delete,3052.902,10000,0.00032756,0.149181,0,immediate_global_delete,True
SIFT1M,1000000,1000000,Physical-delete,3175.836,10000,0.00031489,0.151565,1,immediate_global_delete,True
SIFT1M,1000000,1000000,Physical-delete,3147.793,10000,0.00031769,0.149256,2,immediate_global_delete,True
SIFT1M,1000000,1000000,Physical-delete,3108.735,10000,0.00032168,0.153076,3,immediate_global_delete,True
SIFT1M,1000000,1000000,Physical-delete,3083.039,10000,0.00032436,0.154267,4,immediate_global_delete,True
SIFT1M,1000000,1000000,Periodic-rebuild,7308.295,1,0.01550799,30.742327,0,scheduled_rebuild,True
SIFT1M,1000000,1000000,Periodic-rebuild,7204.923,1,0.01563463,30.991664,1,scheduled_rebuild,True
SIFT1M,1000000,1000000,Periodic-rebuild,7637.814,1,0.01510023,29.938597,2,scheduled_rebuild,True
SIFT1M,1000000,1000000,Periodic-rebuild,7470.12,1,0.01519915,30.130573,3,scheduled_rebuild,True
SIFT1M,1000000,1000000,Periodic-rebuild,7531.384,1,0.01486368,29.461806,4,scheduled_rebuild,True
SIFT1M,1000000,1000000,Periodic-rebuild,7874.241,2,0.00756352,29.746082,0,scheduled_rebuild,True
SIFT1M,1000000,1000000,Periodic-rebuild,7711.259,2,0.00763558,30.023597,1,scheduled_rebuild,True
SIFT1M,1000000,1000000,Periodic-rebuild,7657.275,2,0.00756132,29.72292,2,scheduled_rebuild,True
SIFT1M,1000000,1000000,Periodic-rebuild,7783.297,2,0.00770389,30.301655,3,scheduled_rebuild,True
SIFT1M,1000000,1000000,Periodic-rebuild,7621.029,2,0.00777625,30.580131,4,scheduled_rebuild,True
SIFT1M,1000000,1000000,Periodic-rebuild,7997.093,5,0.00339229,32.67247,0,scheduled_rebuild,True
SIFT1M,1000000,1000000,Periodic-rebuild,8521.755,5,0.00334585,32.285016,1,scheduled_rebuild,True
SIFT1M,1000000,1000000,Periodic-rebuild,8004.433,5,0.00333814,32.132083,2,scheduled_rebuild,True
SIFT1M,1000000,1000000,Periodic-rebuild,8615.704,5,0.00334636,32.302924,3,scheduled_rebuild,True
SIFT1M,1000000,1000000,Periodic-rebuild,8352.822,5,0.00335002,32.303027,4,scheduled_rebuild,True
SIFT1M,1000000,1000000,Periodic-rebuild,8590.087,10,0.00186182,34.908063,0,scheduled_rebuild,True
SIFT1M,1000000,1000000,Periodic-rebuild,8769.911,10,0.00179571,33.633579,1,scheduled_rebuild,True
SIFT1M,1000000,1000000,Periodic-rebuild,8656.237,10,0.00192821,36.253737,2,scheduled_rebuild,True
SIFT1M,1000000,1000000,Periodic-rebuild,8870.524,10,0.00192052,36.155755,3,scheduled_rebuild,True
SIFT1M,1000000,1000000,Periodic-rebuild,8709.925,10,0.00189411,35.585925,4,scheduled_rebuild,True
SIFT1M,1000000,1000000,Periodic-rebuild,9371.027,25,0.00095634,42.481537,0,scheduled_rebuild,True
SIFT1M,1000000,1000000,Periodic-rebuild,8980.949,25,0.00100152,44.508897,1,scheduled_rebuild,True
SIFT1M,1000000,1000000,Periodic-rebuild,9191.9,25,0.00099097,44.109053,2,scheduled_rebuild,True
SIFT1M,1000000,1000000,Periodic-rebuild,9141.253,25,0.00102203,45.63186,3,scheduled_rebuild,True
SIFT1M,1000000,1000000,Periodic-rebuild,9165.6,25,0.00099558,44.323931,4,scheduled_rebuild,True
SIFT1M,1000000,1000000,Periodic-rebuild,9864.642,100,0.00055027,89.779206,0,scheduled_rebuild,True
SIFT1M,1000000,1000000,Periodic-rebuild,10049.784,100,0.0005653,93.159137,1,scheduled_rebuild,True
SIFT1M,1000000,1000000,Periodic-rebuild,10415.918,100,0.00054243,89.284461,2,scheduled_rebuild,True
SIFT1M,1000000,1000000,Periodic-rebuild,10278.625,100,0.00055399,91.339499,3,scheduled_rebuild,True
SIFT1M,1000000,1000000,Periodic-rebuild,9707.099,100,0.00057372,94.140223,4,scheduled_rebuild,True
SIFT1M,1000000,1000000,Periodic-rebuild,9989.993,250,0.00046051,180.206726,0,scheduled_rebuild,True
SIFT1M,1000000,1000000,Periodic-rebuild,10677.56,250,0.00046342,184.881119,1,scheduled_rebuild,True
SIFT1M,1000000,1000000,Periodic-rebuild,10748.307,250,0.00045791,182.436554,2,scheduled_rebuild,True
SIFT1M,1000000,1000000,Periodic-rebuild,10684.447,250,0.00046633,186.36828,3,scheduled_rebuild,True
SIFT1M,1000000,1000000,Periodic-rebuild,10601.118,250,0.0004656,185.63723,4,scheduled_rebuild,True
SIFT1M,1000000,1000000,Periodic-rebuild,11312.734,1000,0.00040829,639.792653,0,scheduled_rebuild,True
SIFT1M,1000000,1000000,Periodic-rebuild,11935.403,1000,0.00040862,649.668672,1,scheduled_rebuild,True
SIFT1M,1000000,1000000,Periodic-rebuild,11489.76,1000,0.00041628,658.486529,2,scheduled_rebuild,True
SIFT1M,1000000,1000000,Periodic-rebuild,11490.262,1000,0.00040556,637.069235,3,scheduled_rebuild,True
SIFT1M,1000000,1000000,Periodic-rebuild,11671.315,1000,0.00041224,653.111481,4,scheduled_rebuild,True
SIFT1M,1000000,1000000,Periodic-rebuild,11633.043,2500,0.00041401,1640.218745,0,scheduled_rebuild,True
SIFT1M,1000000,1000000,Periodic-rebuild,11774.875,2500,0.00039831,1566.892461,1,scheduled_rebuild,True
SIFT1M,1000000,1000000,Periodic-rebuild,12063.223,2500,0.00040002,1585.607001,2,scheduled_rebuild,True
SIFT1M,1000000,1000000,Periodic-rebuild,11659.082,2500,0.00041528,1647.573561,3,scheduled_rebuild,True
SIFT1M,1000000,1000000,Periodic-rebuild,12045.137,2500,0.00039713,1570.537502,4,scheduled_rebuild,True
SIFT1M,1000000,1000000,Periodic-rebuild,12453.508,10000,0.00040372,6468.41028,0,scheduled_rebuild,True
SIFT1M,1000000,1000000,Periodic-rebuild,12565.305,10000,0.00039515,6311.313266,1,scheduled_rebuild,True
SIFT1M,1000000,1000000,Periodic-rebuild,12546.705,10000,0.00039163,6238.624756,2,scheduled_rebuild,True
SIFT1M,1000000,1000000,Periodic-rebuild,13206.246,10000,0.00038655,6216.575382,3,scheduled_rebuild,True
SIFT1M,1000000,1000000,Periodic-rebuild,13362.81,10000,0.00039761,6455.550372,4,scheduled_rebuild,True
SIFT1M,1000000,1000000,Per-role-index,4249.263,1,0.00026118,0.051681,0,materialized_role_update,True
SIFT1M,1000000,1000000,Per-role-index,4307.47,1,0.00025646,0.048609,1,materialized_role_update,True
SIFT1M,1000000,1000000,Per-role-index,4136.575,1,0.00026685,0.050212,2,materialized_role_update,True
SIFT1M,1000000,1000000,Per-role-index,4184.515,1,0.00026398,0.050004,3,materialized_role_update,True
SIFT1M,1000000,1000000,Per-role-index,4226.467,1,0.00026015,0.047083,4,materialized_role_update,True
SIFT1M,1000000,1000000,Per-role-index,4179.865,2,0.00025119,0.047786,0,materialized_role_update,True
SIFT1M,1000000,1000000,Per-role-index,4318.284,2,0.00024404,0.049877,1,materialized_role_update,True
SIFT1M,1000000,1000000,Per-role-index,4251.028,2,0.00024805,0.051238,2,materialized_role_update,True
SIFT1M,1000000,1000000,Per-role-index,4224.387,2,0.00024928,0.050227,3,materialized_role_update,True
SIFT1M,1000000,1000000,Per-role-index,4255.122,2,0.0002475,0.049954,4,materialized_role_update,True
SIFT1M,1000000,1000000,Per-role-index,4350.323,5,0.00023503,0.051581,0,materialized_role_update,True
SIFT1M,1000000,1000000,Per-role-index,4194.417,5,0.00024345,0.050425,1,materialized_role_update,True
SIFT1M,1000000,1000000,Per-role-index,4320.235,5,0.0002365,0.050358,2,materialized_role_update,True
SIFT1M,1000000,1000000,Per-role-index,4200.023,5,0.000243,0.049048,3,materialized_role_update,True
SIFT1M,1000000,1000000,Per-role-index,4131.891,5,0.0002468,0.047832,4,materialized_role_update,True
SIFT1M,1000000,1000000,Per-role-index,4357.358,10,0.00023211,0.052262,0,materialized_role_update,True
SIFT1M,1000000,1000000,Per-role-index,4488.232,10,0.00022535,0.050902,1,materialized_role_update,True
SIFT1M,1000000,1000000,Per-role-index,4282.054,10,0.00023611,0.051617,2,materialized_role_update,True
SIFT1M,1000000,1000000,Per-role-index,4398.351,10,0.00022985,0.049775,3,materialized_role_update,True
SIFT1M,1000000,1000000,Per-role-index,4203.808,10,0.00024051,0.052589,4,materialized_role_update,True
SIFT1M,1000000,1000000,Per-role-index,4469.716,25,0.00022477,0.051954,0,materialized_role_update,True
SIFT1M,1000000,1000000,Per-role-index,4428.636,25,0.00022677,0.048146,1,materialized_role_update,True
SIFT1M,1000000,1000000,Per-role-index,4588.589,25,0.00021892,0.049367,2,materialized_role_update,True
SIFT1M,1000000,1000000,Per-role-index,4549.241,25,0.00022081,0.049556,3,materialized_role_update,True
SIFT1M,1000000,1000000,Per-role-index,4481.892,25,0.00022413,0.050691,4,materialized_role_update,True
SIFT1M,1000000,1000000,Per-role-index,4501.402,100,0.00022242,0.052698,0,materialized_role_update,True
SIFT1M,1000000,1000000,Per-role-index,4593.944,100,0.00021792,0.04874,1,materialized_role_update,True
SIFT1M,1000000,1000000,Per-role-index,4604.702,100,0.00021743,0.051173,2,materialized_role_update,True
SIFT1M,1000000,1000000,Per-role-index,4434.443,100,0.00022575,0.048794,3,materialized_role_update,True
SIFT1M,1000000,1000000,Per-role-index,4368.285,100,0.00022916,0.047211,4,materialized_role_update,True
SIFT1M,1000000,1000000,Per-role-index,4618.228,250,0.00021664,0.054161,0,materialized_role_update,True
SIFT1M,1000000,1000000,Per-role-index,4609.015,250,0.00021707,0.05116,1,materialized_role_update,True
SIFT1M,1000000,1000000,Per-role-index,4611.675,250,0.00021695,0.054761,2,materialized_role_update,True
SIFT1M,1000000,1000000,Per-role-index,4413.045,250,0.00022671,0.052052,3,materialized_role_update,True
SIFT1M,1000000,1000000,Per-role-index,4262.164,250,0.00023472,0.049717,4,materialized_role_update,True
SIFT1M,1000000,1000000,Per-role-index,4909.901,1000,0.0002037,0.060746,0,materialized_role_update,True
SIFT1M,1000000,1000000,Per-role-index,4496.003,1000,0.00022245,0.060034,1,materialized_role_update,True
SIFT1M,1000000,1000000,Per-role-index,4531.682,1000,0.0002207,0.061323,2,materialized_role_update,True
SIFT1M,1000000,1000000,Per-role-index,4497.378,1000,0.00022238,0.062395,3,materialized_role_update,True
SIFT1M,1000000,1000000,Per-role-index,4701.886,1000,0.00021271,0.058361,4,materialized_role_update,True
SIFT1M,1000000,1000000,Per-role-index,4668.133,2500,0.00021423,0.07019,0,materialized_role_update,True
SIFT1M,1000000,1000000,Per-role-index,4777.501,2500,0.00020933,0.071494,1,materialized_role_update,True
SIFT1M,1000000,1000000,Per-role-index,4763.883,2500,0.00020993,0.07386,2,materialized_role_update,True
SIFT1M,1000000,1000000,Per-role-index,4687.121,2500,0.00021337,0.073631,3,materialized_role_update,True
SIFT1M,1000000,1000000,Per-role-index,4602.261,2500,0.0002173,0.077206,4,materialized_role_update,True
SIFT1M,1000000,1000000,Per-role-index,4723.707,10000,0.00021171,0.151526,0,materialized_role_update,True
SIFT1M,1000000,1000000,Per-role-index,4619.652,10000,0.00021647,0.158984,1,materialized_role_update,True
SIFT1M,1000000,1000000,Per-role-index,5001.494,10000,0.00019995,0.142818,2,materialized_role_update,True
SIFT1M,1000000,1000000,Per-role-index,4753.364,10000,0.00021038,0.15087,3,materialized_role_update,True
SIFT1M,1000000,1000000,Per-role-index,4848.445,10000,0.00020626,0.15399,4,materialized_role_update,True
SIFT1M,1000000,1000000,ACORN,24826.846,1,6.603e-05,0.051498,0,filtered_search_update,True
SIFT1M,1000000,1000000,ACORN,25549.177,1,6.464e-05,0.051009,1,filtered_search_update,True
SIFT1M,1000000,1000000,ACORN,25797.009,1,6.453e-05,0.051533,2,filtered_search_update,True
SIFT1M,1000000,1000000,ACORN,25633.174,1,6.41e-05,0.050178,3,filtered_search_update,True
SIFT1M,1000000,1000000,ACORN,25329.081,1,6.263e-05,0.046306,4,filtered_search_update,True
SIFT1M,1000000,1000000,ACORN,26009.25,2,5.132e-05,0.051499,0,filtered_search_update,True
SIFT1M,1000000,1000000,ACORN,25557.891,2,5.161e-05,0.049922,1,filtered_search_update,True
SIFT1M,1000000,1000000,ACORN,24726.787,2,5.34e-05,0.051813,2,filtered_search_update,True
SIFT1M,1000000,1000000,ACORN,25911.427,2,5.123e-05,0.050535,3,filtered_search_update,True
SIFT1M,1000000,1000000,ACORN,25376.482,2,5.234e-05,0.051714,4,filtered_search_update,True
SIFT1M,1000000,1000000,ACORN,26541.139,5,4.254e-05,0.048614,0,filtered_search_update,True
SIFT1M,1000000,1000000,ACORN,26067.946,5,4.362e-05,0.052604,1,filtered_search_update,True
SIFT1M,1000000,1000000,ACORN,25451.33,5,4.424e-05,0.049475,2,filtered_search_update,True
SIFT1M,1000000,1000000,ACORN,26938.703,5,4.213e-05,0.050068,3,filtered_search_update,True
SIFT1M,1000000,1000000,ACORN,26044.666,5,4.345e-05,0.050578,4,filtered_search_update,True
SIFT1M,1000000,1000000,ACORN,26022.391,10,4.085e-05,0.048416,0,filtered_search_update,True
SIFT1M,1000000,1000000,ACORN,25854.604,10,4.11e-05,0.048415,1,filtered_search_update,True
SIFT1M,1000000,1000000,ACORN,25743.739,10,4.145e-05,0.052178,2,filtered_search_update,True
SIFT1M,1000000,1000000,ACORN,26999.769,10,3.952e-05,0.049747,3,filtered_search_update,True
SIFT1M,1000000,1000000,ACORN,25982.016,10,4.09e-05,0.048183,4,filtered_search_update,True
SIFT1M,1000000,1000000,ACORN,26496.075,25,3.876e-05,0.050782,0,filtered_search_update,True
SIFT1M,1000000,1000000,ACORN,27740.045,25,3.712e-05,0.05365,1,filtered_search_update,True
SIFT1M,1000000,1000000,ACORN,27374.057,25,3.754e-05,0.050659,2,filtered_search_update,True
SIFT1M,1000000,1000000,ACORN,28313.144,25,3.636e-05,0.051968,3,filtered_search_update,True
SIFT1M,1000000,1000000,ACORN,27125.98,25,3.786e-05,0.049895,4,filtered_search_update,True
SIFT1M,1000000,1000000,ACORN,27102.419,100,3.715e-05,0.051402,0,filtered_search_update,True
SIFT1M,1000000,1000000,ACORN,26927.14,100,3.741e-05,0.053608,1,filtered_search_update,True
SIFT1M,1000000,1000000,ACORN,29327.571,100,3.437e-05,0.053488,2,filtered_search_update,True
SIFT1M,1000000,1000000,ACORN,27981.363,100,3.601e-05,0.0551,3,filtered_search_update,True
SIFT1M,1000000,1000000,ACORN,26675.377,100,3.775e-05,0.051504,4,filtered_search_update,True
SIFT1M,1000000,1000000,ACORN,28378.535,250,3.535e-05,0.055167,0,filtered_search_update,True
SIFT1M,1000000,1000000,ACORN,26704.061,250,3.755e-05,0.052688,1,filtered_search_update,True
SIFT1M,1000000,1000000,ACORN,28276.171,250,3.547e-05,0.050774,2,filtered_search_update,True
SIFT1M,1000000,1000000,ACORN,26965.554,250,3.719e-05,0.053623,3,filtered_search_update,True
SIFT1M,1000000,1000000,ACORN,27988.236,250,3.583e-05,0.050713,4,filtered_search_update,True
SIFT1M,1000000,1000000,ACORN,27671.758,1000,3.617e-05,0.057415,0,filtered_search_update,True
SIFT1M,1000000,1000000,ACORN,28152.687,1000,3.555e-05,0.060163,1,filtered_search_update,True
SIFT1M,1000000,1000000,ACORN,26967.981,1000,3.711e-05,0.064205,2,filtered_search_update,True
SIFT1M,1000000,1000000,ACORN,28343.015,1000,3.531e-05,0.055785,3,filtered_search_update,True
SIFT1M,1000000,1000000,ACORN,27574.014,1000,3.63e-05,0.060868,4,filtered_search_update,True
SIFT1M,1000000,1000000,ACORN,29356.695,2500,3.408e-05,0.076381,0,filtered_search_update,True
SIFT1M,1000000,1000000,ACORN,28396.521,2500,3.523e-05,0.077565,1,filtered_search_update,True
SIFT1M,1000000,1000000,ACORN,28715.689,2500,3.484e-05,0.077814,2,filtered_search_update,True
SIFT1M,1000000,1000000,ACORN,27821.11,2500,3.596e-05,0.0703,3,filtered_search_update,True
SIFT1M,1000000,1000000,ACORN,29075.777,2500,3.441e-05,0.071181,4,filtered_search_update,True
SIFT1M,1000000,1000000,ACORN,27674.515,10000,3.614e-05,0.145521,0,filtered_search_update,True
SIFT1M,1000000,1000000,ACORN,28044.205,10000,3.567e-05,0.142619,1,filtered_search_update,True
SIFT1M,1000000,1000000,ACORN,28756.97,10000,3.478e-05,0.143114,2,filtered_search_update,True
SIFT1M,1000000,1000000,ACORN,30144.144,10000,3.318e-05,0.148224,3,filtered_search_update,True
SIFT1M,1000000,1000000,ACORN,28300.099,10000,3.534e-05,0.138118,4,filtered_search_update,True
SIFT1M,1000000,1000000,HoneyBee,27436.936,1,6.064e-05,0.048394,0,filtered_search_update,True
SIFT1M,1000000,1000000,HoneyBee,28864.369,1,5.861e-05,0.047928,1,filtered_search_update,True
SIFT1M,1000000,1000000,HoneyBee,27203.261,1,6.128e-05,0.049046,2,filtered_search_update,True
SIFT1M,1000000,1000000,HoneyBee,27651.465,1,6.057e-05,0.048804,3,filtered_search_update,True
SIFT1M,1000000,1000000,HoneyBee,27757.779,1,6.087e-05,0.049681,4,filtered_search_update,True
SIFT1M,1000000,1000000,HoneyBee,27679.927,2,4.843e-05,0.049198,0,filtered_search_update,True
SIFT1M,1000000,1000000,HoneyBee,28295.692,2,4.78e-05,0.04982,1,filtered_search_update,True
SIFT1M,1000000,1000000,HoneyBee,28008.654,2,4.843e-05,0.050894,2,filtered_search_update,True
SIFT1M,1000000,1000000,HoneyBee,28218.442,2,4.828e-05,0.051373,3,filtered_search_update,True
SIFT1M,1000000,1000000,HoneyBee,28412.27,2,4.765e-05,0.04981,4,filtered_search_update,True
SIFT1M,1000000,1000000,HoneyBee,27937.728,5,4.088e-05,0.05089,0,filtered_search_update,True
SIFT1M,1000000,1000000,HoneyBee,28822.233,5,3.985e-05,0.051534,1,filtered_search_update,True
SIFT1M,1000000,1000000,HoneyBee,28052.931,5,4.073e-05,0.050818,2,filtered_search_update,True
SIFT1M,1000000,1000000,HoneyBee,27950.437,5,4.115e-05,0.053719,3,filtered_search_update,True
SIFT1M,1000000,1000000,HoneyBee,27857.145,5,4.102e-05,0.051179,4,filtered_search_update,True
SIFT1M,1000000,1000000,HoneyBee,27489.488,10,3.887e-05,0.049805,0,filtered_search_update,True
SIFT1M,1000000,1000000,HoneyBee,30037.633,10,3.598e-05,0.05368,1,filtered_search_update,True
SIFT1M,1000000,1000000,HoneyBee,28457.101,10,3.754e-05,0.048075,2,filtered_search_update,True
SIFT1M,1000000,1000000,HoneyBee,28624.859,10,3.773e-05,0.055954,3,filtered_search_update,True
SIFT1M,1000000,1000000,HoneyBee,28408.988,10,3.762e-05,0.048299,4,filtered_search_update,True
SIFT1M,1000000,1000000,HoneyBee,28341.115,25,3.632e-05,0.051604,0,filtered_search_update,True
SIFT1M,1000000,1000000,HoneyBee,28878.338,25,3.568e-05,0.052457,1,filtered_search_update,True
SIFT1M,1000000,1000000,HoneyBee,30095.553,25,3.42e-05,0.048421,2,filtered_search_update,True
SIFT1M,1000000,1000000,HoneyBee,29271.669,25,3.518e-05,0.050745,3,filtered_search_update,True
SIFT1M,1000000,1000000,HoneyBee,28602.328,25,3.592e-05,0.047668,4,filtered_search_update,True
SIFT1M,1000000,1000000,HoneyBee,28527.956,100,3.531e-05,0.051651,0,filtered_search_update,True
SIFT1M,1000000,1000000,HoneyBee,28449.728,100,3.541e-05,0.052282,1,filtered_search_update,True
SIFT1M,1000000,1000000,HoneyBee,28491.909,100,3.533e-05,0.047346,2,filtered_search_update,True
SIFT1M,1000000,1000000,HoneyBee,30509.554,100,3.304e-05,0.052872,3,filtered_search_update,True
SIFT1M,1000000,1000000,HoneyBee,27969.403,100,3.601e-05,0.052198,4,filtered_search_update,True
SIFT1M,1000000,1000000,HoneyBee,29954.849,250,3.349e-05,0.055258,0,filtered_search_update,True
SIFT1M,1000000,1000000,HoneyBee,30207.117,250,3.321e-05,0.053361,1,filtered_search_update,True
SIFT1M,1000000,1000000,HoneyBee,30620.602,250,3.277e-05,0.054419,2,filtered_search_update,True
SIFT1M,1000000,1000000,HoneyBee,30617.449,250,3.277e-05,0.053823,3,filtered_search_update,True
SIFT1M,1000000,1000000,HoneyBee,30384.351,250,3.301e-05,0.050196,4,filtered_search_update,True
SIFT1M,1000000,1000000,HoneyBee,31322.987,1000,3.195e-05,0.057685,0,filtered_search_update,True
SIFT1M,1000000,1000000,HoneyBee,31604.263,1000,3.167e-05,0.057521,1,filtered_search_update,True
SIFT1M,1000000,1000000,HoneyBee,31142.499,1000,3.214e-05,0.060354,2,filtered_search_update,True
SIFT1M,1000000,1000000,HoneyBee,30931.08,1000,3.236e-05,0.063972,3,filtered_search_update,True
SIFT1M,1000000,1000000,HoneyBee,29640.763,1000,3.377e-05,0.058272,4,filtered_search_update,True
SIFT1M,1000000,1000000,HoneyBee,30717.958,2500,3.257e-05,0.073659,0,filtered_search_update,True
SIFT1M,1000000,1000000,HoneyBee,30323.45,2500,3.299e-05,0.07611,1,filtered_search_update,True
SIFT1M,1000000,1000000,HoneyBee,31223.849,2500,3.204e-05,0.078064,2,filtered_search_update,True
SIFT1M,1000000,1000000,HoneyBee,29065.377,2500,3.442e-05,0.074994,3,filtered_search_update,True
SIFT1M,1000000,1000000,HoneyBee,30942.303,2500,3.233e-05,0.077015,4,filtered_search_update,True
SIFT1M,1000000,1000000,HoneyBee,29566.84,10000,3.383e-05,0.136616,0,filtered_search_update,True
SIFT1M,1000000,1000000,HoneyBee,31870.66,10000,3.138e-05,0.150672,1,filtered_search_update,True
SIFT1M,1000000,1000000,HoneyBee,31961.177,10000,3.129e-05,0.133016,2,filtered_search_update,True
SIFT1M,1000000,1000000,HoneyBee,32768.662,10000,3.052e-05,0.151678,3,filtered_search_update,True
SIFT1M,1000000,1000000,HoneyBee,31620.323,10000,3.163e-05,0.161969,4,filtered_search_update,True
SIFT1M,1000000,1000000,Lethe,53559.871,1,2.089e-05,0.004433,0,immediate_per_view_erasure,True
SIFT1M,1000000,1000000,Lethe,52235.149,1,2.091e-05,0.003528,1,immediate_per_view_erasure,True
SIFT1M,1000000,1000000,Lethe,51234.025,1,2.158e-05,0.004122,2,immediate_per_view_erasure,True
SIFT1M,1000000,1000000,Lethe,53330.811,1,2.06e-05,0.003701,3,immediate_per_view_erasure,True
SIFT1M,1000000,1000000,Lethe,52654.643,1,2.104e-05,0.004096,4,immediate_per_view_erasure,True
SIFT1M,1000000,1000000,Lethe,53834.341,2,1.966e-05,0.004351,0,immediate_per_view_erasure,True
SIFT1M,1000000,1000000,Lethe,51549.969,2,2.032e-05,0.003694,1,immediate_per_view_erasure,True
SIFT1M,1000000,1000000,Lethe,53092.992,2,1.985e-05,0.004044,2,immediate_per_view_erasure,True
SIFT1M,1000000,1000000,Lethe,54362.411,2,1.951e-05,0.00445,3,immediate_per_view_erasure,True
SIFT1M,1000000,1000000,Lethe,52396.688,2,2.003e-05,0.003787,4,immediate_per_view_erasure,True
SIFT1M,1000000,1000000,Lethe,52669.033,5,1.937e-05,0.003843,0,immediate_per_view_erasure,True
SIFT1M,1000000,1000000,Lethe,53715.276,5,1.9e-05,0.003877,1,immediate_per_view_erasure,True
SIFT1M,1000000,1000000,Lethe,56884.953,5,1.791e-05,0.003331,2,immediate_per_view_erasure,True
SIFT1M,1000000,1000000,Lethe,55957.63,5,1.832e-05,0.004462,3,immediate_per_view_erasure,True
SIFT1M,1000000,1000000,Lethe,53701.427,5,1.897e-05,0.003443,4,immediate_per_view_erasure,True
SIFT1M,1000000,1000000,Lethe,52342.146,10,1.933e-05,0.004439,0,immediate_per_view_erasure,True
SIFT1M,1000000,1000000,Lethe,53687.229,10,1.884e-05,0.004335,1,immediate_per_view_erasure,True
SIFT1M,1000000,1000000,Lethe,54596.935,10,1.85e-05,0.003674,2,immediate_per_view_erasure,True
SIFT1M,1000000,1000000,Lethe,54647.313,10,1.848e-05,0.003623,3,immediate_per_view_erasure,True
SIFT1M,1000000,1000000,Lethe,55785.447,10,1.816e-05,0.004596,4,immediate_per_view_erasure,True
SIFT1M,1000000,1000000,Lethe,56342.318,25,1.783e-05,0.00424,0,immediate_per_view_erasure,True
SIFT1M,1000000,1000000,Lethe,56895.448,25,1.766e-05,0.004207,1,immediate_per_view_erasure,True
SIFT1M,1000000,1000000,Lethe,56242.801,25,1.786e-05,0.003784,2,immediate_per_view_erasure,True
SIFT1M,1000000,1000000,Lethe,54185.663,25,1.854e-05,0.004218,3,immediate_per_view_erasure,True
SIFT1M,1000000,1000000,Lethe,55251.667,25,1.818e-05,0.003944,4,immediate_per_view_erasure,True
SIFT1M,1000000,1000000,Lethe,55071.552,100,1.818e-05,0.005115,0,immediate_per_view_erasure,True
SIFT1M,1000000,1000000,Lethe,57197.343,100,1.751e-05,0.005226,1,immediate_per_view_erasure,True
SIFT1M,1000000,1000000,Lethe,58826.752,100,1.702e-05,0.004857,2,immediate_per_view_erasure,True
SIFT1M,1000000,1000000,Lethe,54454.087,100,1.839e-05,0.00508,3,immediate_per_view_erasure,True
SIFT1M,1000000,1000000,Lethe,54351.431,100,1.842e-05,0.005017,4,immediate_per_view_erasure,True
SIFT1M,1000000,1000000,Lethe,58882.288,250,1.699e-05,0.005389,0,immediate_per_view_erasure,True
SIFT1M,1000000,1000000,Lethe,56570.919,250,1.769e-05,0.005217,1,immediate_per_view_erasure,True
SIFT1M,1000000,1000000,Lethe,54893.356,250,1.823e-05,0.005312,2,immediate_per_view_erasure,True
SIFT1M,1000000,1000000,Lethe,53708.754,250,1.863e-05,0.00578,3,immediate_per_view_erasure,True
SIFT1M,1000000,1000000,Lethe,57324.465,250,1.746e-05,0.005569,4,immediate_per_view_erasure,True
SIFT1M,1000000,1000000,Lethe,57311.539,1000,1.745e-05,0.009211,0,immediate_per_view_erasure,True
SIFT1M,1000000,1000000,Lethe,57181.823,1000,1.749e-05,0.010695,1,immediate_per_view_erasure,True
SIFT1M,1000000,1000000,Lethe,55459.954,1000,1.804e-05,0.00973,2,immediate_per_view_erasure,True
SIFT1M,1000000,1000000,Lethe,55171.192,1000,1.813e-05,0.008339,3,immediate_per_view_erasure,True
SIFT1M,1000000,1000000,Lethe,59175.568,1000,1.69e-05,0.009894,4,immediate_per_view_erasure,True
SIFT1M,1000000,1000000,Lethe,56358.681,2500,1.775e-05,0.018883,0,immediate_per_view_erasure,True
SIFT1M,1000000,1000000,Lethe,55559.409,2500,1.8e-05,0.018869,1,immediate_per_view_erasure,True
SIFT1M,1000000,1000000,Lethe,57947.674,2500,1.726e-05,0.016738,2,immediate_per_view_erasure,True
SIFT1M,1000000,1000000,Lethe,58775.542,2500,1.702e-05,0.020367,3,immediate_per_view_erasure,True
SIFT1M,1000000,1000000,Lethe,57498.673,2500,1.74e-05,0.020827,4,immediate_per_view_erasure,True
SIFT1M,1000000,1000000,Lethe,58214.52,10000,1.718e-05,0.062404,0,immediate_per_view_erasure,True
SIFT1M,1000000,1000000,Lethe,57240.144,10000,1.747e-05,0.058884,1,immediate_per_view_erasure,True
SIFT1M,1000000,1000000,Lethe,60666.242,10000,1.649e-05,0.069825,2,immediate_per_view_erasure,True
SIFT1M,1000000,1000000,Lethe,63339.833,10000,1.579e-05,0.075176,3,immediate_per_view_erasure,True
SIFT1M,1000000,1000000,Lethe,60259.74,10000,1.66e-05,0.072299,4,immediate_per_view_erasure,True
MIMIC-IV-CaseStudy,1800000,1800000,Tombstone,90510.99,1,1.91225253,3824.48297,0,long_offline_consolidation,True
MIMIC-IV-CaseStudy,1800000,1800000,Tombstone,92575.141,1,1.94088672,3881.75183,1,long_offline_consolidation,True
MIMIC-IV-CaseStudy,1800000,1800000,Tombstone,89096.539,1,1.92450293,3848.983422,2,long_offline_consolidation,True
MIMIC-IV-CaseStudy,1800000,1800000,Tombstone,93985.385,1,1.92312291,3846.224534,3,long_offline_consolidation,True
MIMIC-IV-CaseStudy,1800000,1800000,Tombstone,93919.74,1,1.89258443,3785.147574,4,long_offline_consolidation,True
MIMIC-IV-CaseStudy,1800000,1800000,Tombstone,94221.962,2,0.97395503,3895.777652,0,long_offline_consolidation,True
MIMIC-IV-CaseStudy,1800000,1800000,Tombstone,93619.934,2,0.96631052,3865.199366,1,long_offline_consolidation,True
MIMIC-IV-CaseStudy,1800000,1800000,Tombstone,92329.457,2,0.97086092,3883.400349,2,long_offline_consolidation,True
MIMIC-IV-CaseStudy,1800000,1800000,Tombstone,94066.974,2,0.99366444,3974.615239,3,long_offline_consolidation,True
MIMIC-IV-CaseStudy,1800000,1800000,Tombstone,90311.373,2,0.98122812,3924.868175,4,long_offline_consolidation,True
MIMIC-IV-CaseStudy,1800000,1800000,Tombstone,94380.118,5,0.40201597,4020.053792,0,long_offline_consolidation,True
MIMIC-IV-CaseStudy,1800000,1800000,Tombstone,90264.994,5,0.41272472,4127.136434,1,long_offline_consolidation,True
MIMIC-IV-CaseStudy,1800000,1800000,Tombstone,90818.995,5,0.3972846,3972.735887,2,long_offline_consolidation,True
MIMIC-IV-CaseStudy,1800000,1800000,Tombstone,95317.931,5,0.40610225,4060.917579,3,long_offline_consolidation,True
MIMIC-IV-CaseStudy,1800000,1800000,Tombstone,96568.233,5,0.41644486,4164.345011,4,long_offline_consolidation,True
MIMIC-IV-CaseStudy,1800000,1800000,Tombstone,97548.358,10,0.21019741,4203.743172,0,long_offline_consolidation,True
MIMIC-IV-CaseStudy,1800000,1800000,Tombstone,91041.963,10,0.21008905,4201.5614,1,long_offline_consolidation,True
MIMIC-IV-CaseStudy,1800000,1800000,Tombstone,95791.046,10,0.20541412,4108.073575,2,long_offline_consolidation,True
MIMIC-IV-CaseStudy,1800000,1800000,Tombstone,94221.484,10,0.21383159,4276.419455,3,long_offline_consolidation,True
MIMIC-IV-CaseStudy,1800000,1800000,Tombstone,93824.105,10,0.21039537,4207.694154,4,long_offline_consolidation,True
MIMIC-IV-CaseStudy,1800000,1800000,Tombstone,97675.981,25,0.08502013,4250.494665,0,long_offline_consolidation,True
MIMIC-IV-CaseStudy,1800000,1800000,Tombstone,94083.754,25,0.08586547,4292.741978,1,long_offline_consolidation,True
MIMIC-IV-CaseStudy,1800000,1800000,Tombstone,95807.489,25,0.08797249,4398.102515,2,long_offline_consolidation,True
MIMIC-IV-CaseStudy,1800000,1800000,Tombstone,89907.062,25,0.08449067,4223.977423,3,long_offline_consolidation,True
MIMIC-IV-CaseStudy,1800000,1800000,Tombstone,94635.179,25,0.08886098,4442.520835,4,long_offline_consolidation,True
MIMIC-IV-CaseStudy,1800000,1800000,Tombstone,92086.826,100,0.02199489,4396.806202,0,long_offline_consolidation,True
MIMIC-IV-CaseStudy,1800000,1800000,Tombstone,96859.284,100,0.02246035,4490.005035,1,long_offline_consolidation,True
MIMIC-IV-CaseStudy,1800000,1800000,Tombstone,92804.272,100,0.02224645,4447.13474,2,long_offline_consolidation,True
MIMIC-IV-CaseStudy,1800000,1800000,Tombstone,90201.899,100,0.02268887,4535.555971,3,long_offline_consolidation,True
MIMIC-IV-CaseStudy,1800000,1800000,Tombstone,95097.032,100,0.02268992,4535.880845,4,long_offline_consolidation,True
MIMIC-IV-CaseStudy,1800000,1800000,Tombstone,91680.57,250,0.00921278,4600.936476,0,long_offline_consolidation,True
MIMIC-IV-CaseStudy,1800000,1800000,Tombstone,97244.268,250,0.00934674,4668.228793,1,long_offline_consolidation,True
MIMIC-IV-CaseStudy,1800000,1800000,Tombstone,94643.62,250,0.00930133,4645.38383,2,long_offline_consolidation,True
MIMIC-IV-CaseStudy,1800000,1800000,Tombstone,94309.291,250,0.0095227,4756.046492,3,long_offline_consolidation,True
MIMIC-IV-CaseStudy,1800000,1800000,Tombstone,97199.734,250,0.00929812,4643.916376,4,long_offline_consolidation,True
MIMIC-IV-CaseStudy,1800000,1800000,Tombstone,99970.409,1000,0.0024414,4862.788092,0,long_offline_consolidation,True
MIMIC-IV-CaseStudy,1800000,1800000,Tombstone,97853.297,1000,0.00246397,4907.49324,1,long_offline_consolidation,True
MIMIC-IV-CaseStudy,1800000,1800000,Tombstone,97238.647,1000,0.00247508,4929.594682,2,long_offline_consolidation,True
MIMIC-IV-CaseStudy,1800000,1800000,Tombstone,91951.819,1000,0.00245317,4884.57975,3,long_offline_consolidation,True
MIMIC-IV-CaseStudy,1800000,1800000,Tombstone,93439.747,1000,0.00244006,4858.707462,4,long_offline_consolidation,True
MIMIC-IV-CaseStudy,1800000,1800000,Tombstone,95638.007,2500,0.00105547,5225.046701,0,long_offline_consolidation,True
MIMIC-IV-CaseStudy,1800000,1800000,Tombstone,98004.984,2500,0.00104474,5172.697672,1,long_offline_consolidation,True
MIMIC-IV-CaseStudy,1800000,1800000,Tombstone,98667.97,2500,0.00105555,5227.057852,2,long_offline_consolidation,True
MIMIC-IV-CaseStudy,1800000,1800000,Tombstone,97619.382,2500,0.00102712,5084.387306,3,long_offline_consolidation,True
MIMIC-IV-CaseStudy,1800000,1800000,Tombstone,100373.178,2500,0.00103785,5139.448913,4,long_offline_consolidation,True
MIMIC-IV-CaseStudy,1800000,1800000,Tombstone,98830.272,10000,0.00027904,5378.373449,0,long_offline_consolidation,True
MIMIC-IV-CaseStudy,1800000,1800000,Tombstone,97285.45,10000,0.00027411,5276.709962,1,long_offline_consolidation,True
MIMIC-IV-CaseStudy,1800000,1800000,Tombstone,96468.399,10000,0.00027399,5272.488143,2,long_offline_consolidation,True
MIMIC-IV-CaseStudy,1800000,1800000,Tombstone,97065.218,10000,0.00027378,5269.63454,3,long_offline_consolidation,True
MIMIC-IV-CaseStudy,1800000,1800000,Tombstone,99136.157,10000,0.00027717,5341.745701,4,long_offline_consolidation,True
MIMIC-IV-CaseStudy,1800000,1800000,Post-filter,87466.645,1,1.88823801,3776.45316,0,long_offline_consolidation,True
MIMIC-IV-CaseStudy,1800000,1800000,Post-filter,86508.912,1,1.92317799,3846.332864,1,long_offline_consolidation,True
MIMIC-IV-CaseStudy,1800000,1800000,Post-filter,90570.585,1,1.84666132,3693.300549,2,long_offline_consolidation,True
MIMIC-IV-CaseStudy,1800000,1800000,Post-filter,88623.088,1,1.89158762,3783.152663,3,long_offline_consolidation,True
MIMIC-IV-CaseStudy,1800000,1800000,Post-filter,93962.941,1,1.90984423,3819.667172,4,long_offline_consolidation,True
MIMIC-IV-CaseStudy,1800000,1800000,Post-filter,90488.731,2,0.98000402,3919.971876,0,long_offline_consolidation,True
MIMIC-IV-CaseStudy,1800000,1800000,Post-filter,88799.943,2,0.99501497,3980.014818,1,long_offline_consolidation,True
MIMIC-IV-CaseStudy,1800000,1800000,Post-filter,88641.063,2,0.96409779,3856.346032,2,long_offline_consolidation,True
MIMIC-IV-CaseStudy,1800000,1800000,Post-filter,90870.708,2,0.98579337,3943.129451,3,long_offline_consolidation,True
MIMIC-IV-CaseStudy,1800000,1800000,Post-filter,86587.467,2,0.9828869,3931.501418,4,long_offline_consolidation,True
MIMIC-IV-CaseStudy,1800000,1800000,Post-filter,85816.623,5,0.41417959,4141.679338,0,long_offline_consolidation,True
MIMIC-IV-CaseStudy,1800000,1800000,Post-filter,88326.121,5,0.40976376,4097.524415,1,long_offline_consolidation,True
MIMIC-IV-CaseStudy,1800000,1800000,Post-filter,91517.848,5,0.41189063,4118.796992,2,long_offline_consolidation,True
MIMIC-IV-CaseStudy,1800000,1800000,Post-filter,87775.832,5,0.41770794,4176.965437,3,long_offline_consolidation,True
MIMIC-IV-CaseStudy,1800000,1800000,Post-filter,91351.913,5,0.4006055,4005.945493,4,long_offline_consolidation,True
MIMIC-IV-CaseStudy,1800000,1800000,Post-filter,85476.398,10,0.20786612,4157.088347,0,long_offline_consolidation,True
MIMIC-IV-CaseStudy,1800000,1800000,Post-filter,90665.1,10,0.21357946,4271.368562,1,long_offline_consolidation,True
MIMIC-IV-CaseStudy,1800000,1800000,Post-filter,88045.487,10,0.20999834,4199.739637,2,long_offline_consolidation,True
MIMIC-IV-CaseStudy,1800000,1800000,Post-filter,89100.696,10,0.20804709,4160.717287,3,long_offline_consolidation,True
MIMIC-IV-CaseStudy,1800000,1800000,Post-filter,93417.725,10,0.20856957,4171.177228,4,long_offline_consolidation,True
MIMIC-IV-CaseStudy,1800000,1800000,Post-filter,90915.339,25,0.08598704,4298.8019,0,long_offline_consolidation,True
MIMIC-IV-CaseStudy,1800000,1800000,Post-filter,92211.41,25,0.08779044,4388.979828,1,long_offline_consolidation,True
MIMIC-IV-CaseStudy,1800000,1800000,Post-filter,89530.358,25,0.0854048,4269.681512,2,long_offline_consolidation,True
MIMIC-IV-CaseStudy,1800000,1800000,Post-filter,90377.919,25,0.08679546,4339.21996,3,long_offline_consolidation,True
MIMIC-IV-CaseStudy,1800000,1800000,Post-filter,92476.647,25,0.08591799,4295.35894,4,long_offline_consolidation,True
MIMIC-IV-CaseStudy,1800000,1800000,Post-filter,90544.573,100,0.02250332,4498.455789,0,long_offline_consolidation,True
MIMIC-IV-CaseStudy,1800000,1800000,Post-filter,94499.216,100,0.02316539,4630.961563,1,long_offline_consolidation,True
MIMIC-IV-CaseStudy,1800000,1800000,Post-filter,89134.694,100,0.02282525,4562.805467,2,long_offline_consolidation,True
MIMIC-IV-CaseStudy,1800000,1800000,Post-filter,91479.409,100,0.02260819,4519.45252,3,long_offline_consolidation,True
MIMIC-IV-CaseStudy,1800000,1800000,Post-filter,91509.708,100,0.02290823,4579.459783,4,long_offline_consolidation,True
MIMIC-IV-CaseStudy,1800000,1800000,Post-filter,88629.838,250,0.00950777,4748.245589,0,long_offline_consolidation,True
MIMIC-IV-CaseStudy,1800000,1800000,Post-filter,89486.944,250,0.00935542,4672.123214,1,long_offline_consolidation,True
MIMIC-IV-CaseStudy,1800000,1800000,Post-filter,88688.499,250,0.00917541,4582.067659,2,long_offline_consolidation,True
MIMIC-IV-CaseStudy,1800000,1800000,Post-filter,91420.994,250,0.00935842,4673.742315,3,long_offline_consolidation,True
MIMIC-IV-CaseStudy,1800000,1800000,Post-filter,92285.783,250,0.00957672,4782.944147,4,long_offline_consolidation,True
MIMIC-IV-CaseStudy,1800000,1800000,Post-filter,94630.9,1000,0.00248222,4943.305998,0,long_offline_consolidation,True
MIMIC-IV-CaseStudy,1800000,1800000,Post-filter,91974.133,1000,0.00248349,4945.233812,1,long_offline_consolidation,True
MIMIC-IV-CaseStudy,1800000,1800000,Post-filter,91690.359,1000,0.00252407,5026.332917,2,long_offline_consolidation,True
MIMIC-IV-CaseStudy,1800000,1800000,Post-filter,91981.73,1000,0.00244453,4867.324023,3,long_offline_consolidation,True
MIMIC-IV-CaseStudy,1800000,1800000,Post-filter,90749.599,1000,0.00245467,4887.308208,4,long_offline_consolidation,True
MIMIC-IV-CaseStudy,1800000,1800000,Post-filter,94268.968,2500,0.00102218,5057.864628,0,long_offline_consolidation,True
MIMIC-IV-CaseStudy,1800000,1800000,Post-filter,90055.034,2500,0.00106437,5266.322089,1,long_offline_consolidation,True
MIMIC-IV-CaseStudy,1800000,1800000,Post-filter,91576.137,2500,0.00102048,5047.787799,2,long_offline_consolidation,True
MIMIC-IV-CaseStudy,1800000,1800000,Post-filter,90800.314,2500,0.00104327,5161.283873,3,long_offline_consolidation,True
MIMIC-IV-CaseStudy,1800000,1800000,Post-filter,91606.526,2500,0.00105275,5209.181735,4,long_offline_consolidation,True
MIMIC-IV-CaseStudy,1800000,1800000,Post-filter,93243.224,10000,0.0002743,5271.530028,0,long_offline_consolidation,True
MIMIC-IV-CaseStudy,1800000,1800000,Post-filter,96678.06,10000,0.00028248,5442.82455,1,long_offline_consolidation,True
MIMIC-IV-CaseStudy,1800000,1800000,Post-filter,97724.562,10000,0.00028404,5476.049235,2,long_offline_consolidation,True
MIMIC-IV-CaseStudy,1800000,1800000,Post-filter,91632.414,10000,0.00027355,5252.830314,3,long_offline_consolidation,True
MIMIC-IV-CaseStudy,1800000,1800000,Post-filter,94521.348,10000,0.00028132,5414.852591,4,long_offline_consolidation,True
MIMIC-IV-CaseStudy,1800000,1800000,SPFresh,16981.797,1,8.382e-05,0.049861,0,freshness_update,True
MIMIC-IV-CaseStudy,1800000,1800000,SPFresh,16187.586,1,8.547e-05,0.047387,1,freshness_update,True
MIMIC-IV-CaseStudy,1800000,1800000,SPFresh,16758.92,1,8.515e-05,0.050953,2,freshness_update,True
MIMIC-IV-CaseStudy,1800000,1800000,SPFresh,17376.021,1,8.182e-05,0.048547,3,freshness_update,True
MIMIC-IV-CaseStudy,1800000,1800000,SPFresh,16555.6,1,8.602e-05,0.051241,4,freshness_update,True
MIMIC-IV-CaseStudy,1800000,1800000,SPFresh,16684.377,2,7.233e-05,0.049568,0,freshness_update,True
MIMIC-IV-CaseStudy,1800000,1800000,SPFresh,15647.213,2,7.696e-05,0.052209,1,freshness_update,True
MIMIC-IV-CaseStudy,1800000,1800000,SPFresh,16775.643,2,7.175e-05,0.048565,2,freshness_update,True
MIMIC-IV-CaseStudy,1800000,1800000,SPFresh,16821.917,2,7.113e-05,0.046748,3,freshness_update,True
MIMIC-IV-CaseStudy,1800000,1800000,SPFresh,16862.211,2,7.171e-05,0.049616,4,freshness_update,True
MIMIC-IV-CaseStudy,1800000,1800000,SPFresh,17072.411,5,6.362e-05,0.050492,0,freshness_update,True
MIMIC-IV-CaseStudy,1800000,1800000,SPFresh,17007.223,5,6.354e-05,0.047452,1,freshness_update,True
MIMIC-IV-CaseStudy,1800000,1800000,SPFresh,17482.928,5,6.22e-05,0.049995,2,freshness_update,True
MIMIC-IV-CaseStudy,1800000,1800000,SPFresh,16984.95,5,6.391e-05,0.050299,3,freshness_update,True
MIMIC-IV-CaseStudy,1800000,1800000,SPFresh,17392.358,5,6.233e-05,0.048291,4,freshness_update,True
MIMIC-IV-CaseStudy,1800000,1800000,SPFresh,17303.69,10,6.04e-05,0.052085,0,freshness_update,True
MIMIC-IV-CaseStudy,1800000,1800000,SPFresh,17074.514,10,6.121e-05,0.052834,1,freshness_update,True
MIMIC-IV-CaseStudy,1800000,1800000,SPFresh,17863.755,10,5.847e-05,0.049792,2,freshness_update,True
MIMIC-IV-CaseStudy,1800000,1800000,SPFresh,16717.467,10,6.244e-05,0.052504,3,freshness_update,True
MIMIC-IV-CaseStudy,1800000,1800000,SPFresh,17168.361,10,6.094e-05,0.053769,4,freshness_update,True
MIMIC-IV-CaseStudy,1800000,1800000,SPFresh,17552.984,25,5.798e-05,0.05062,0,freshness_update,True
MIMIC-IV-CaseStudy,1800000,1800000,SPFresh,18100.556,25,5.622e-05,0.04854,1,freshness_update,True
MIMIC-IV-CaseStudy,1800000,1800000,SPFresh,17028.686,25,5.975e-05,0.051453,2,freshness_update,True
MIMIC-IV-CaseStudy,1800000,1800000,SPFresh,16857.402,25,6.031e-05,0.049241,3,freshness_update,True
MIMIC-IV-CaseStudy,1800000,1800000,SPFresh,16865.08,25,6.027e-05,0.04862,4,freshness_update,True
MIMIC-IV-CaseStudy,1800000,1800000,SPFresh,17702.372,100,5.674e-05,0.049968,0,freshness_update,True
MIMIC-IV-CaseStudy,1800000,1800000,SPFresh,17787.121,100,5.648e-05,0.051551,1,freshness_update,True
MIMIC-IV-CaseStudy,1800000,1800000,SPFresh,17636.469,100,5.695e-05,0.04956,2,freshness_update,True
MIMIC-IV-CaseStudy,1800000,1800000,SPFresh,18552.769,100,5.416e-05,0.052696,3,freshness_update,True
MIMIC-IV-CaseStudy,1800000,1800000,SPFresh,18599.823,100,5.401e-05,0.049864,4,freshness_update,True
MIMIC-IV-CaseStudy,1800000,1800000,SPFresh,17824.757,250,5.621e-05,0.052797,0,freshness_update,True
MIMIC-IV-CaseStudy,1800000,1800000,SPFresh,18573.805,250,5.395e-05,0.054488,1,freshness_update,True
MIMIC-IV-CaseStudy,1800000,1800000,SPFresh,18036.211,250,5.555e-05,0.051197,2,freshness_update,True
MIMIC-IV-CaseStudy,1800000,1800000,SPFresh,17919.477,250,5.591e-05,0.051212,3,freshness_update,True
MIMIC-IV-CaseStudy,1800000,1800000,SPFresh,18524.453,250,5.408e-05,0.050781,4,freshness_update,True
MIMIC-IV-CaseStudy,1800000,1800000,SPFresh,18944.42,1000,5.282e-05,0.058801,0,freshness_update,True
MIMIC-IV-CaseStudy,1800000,1800000,SPFresh,18997.95,1000,5.267e-05,0.060622,1,freshness_update,True
MIMIC-IV-CaseStudy,1800000,1800000,SPFresh,18427.049,1000,5.43e-05,0.061831,2,freshness_update,True
MIMIC-IV-CaseStudy,1800000,1800000,SPFresh,18200.34,1000,5.498e-05,0.06526,3,freshness_update,True
MIMIC-IV-CaseStudy,1800000,1800000,SPFresh,17940.751,1000,5.577e-05,0.060307,4,freshness_update,True
MIMIC-IV-CaseStudy,1800000,1800000,SPFresh,18647.097,2500,5.364e-05,0.076389,0,freshness_update,True
MIMIC-IV-CaseStudy,1800000,1800000,SPFresh,19631.468,2500,5.095e-05,0.075844,1,freshness_update,True
MIMIC-IV-CaseStudy,1800000,1800000,SPFresh,18737.002,2500,5.338e-05,0.070012,2,freshness_update,True
MIMIC-IV-CaseStudy,1800000,1800000,SPFresh,18822.988,2500,5.314e-05,0.079223,3,freshness_update,True
MIMIC-IV-CaseStudy,1800000,1800000,SPFresh,18962.796,2500,5.275e-05,0.074377,4,freshness_update,True
MIMIC-IV-CaseStudy,1800000,1800000,SPFresh,18963.227,10000,5.274e-05,0.156067,0,freshness_update,True
MIMIC-IV-CaseStudy,1800000,1800000,SPFresh,18814.677,10000,5.316e-05,0.143677,1,freshness_update,True
MIMIC-IV-CaseStudy,1800000,1800000,SPFresh,18691.574,10000,5.351e-05,0.149374,2,freshness_update,True
MIMIC-IV-CaseStudy,1800000,1800000,SPFresh,19192.564,10000,5.211e-05,0.150982,3,freshness_update,True
MIMIC-IV-CaseStudy,1800000,1800000,SPFresh,18602.659,10000,5.376e-05,0.150496,4,freshness_update,True
MIMIC-IV-CaseStudy,1800000,1800000,Physical-delete,2478.804,1,0.00042843,0.050024,0,immediate_global_delete,True
MIMIC-IV-CaseStudy,1800000,1800000,Physical-delete,2364.831,1,0.00044842,0.051113,1,immediate_global_delete,True
MIMIC-IV-CaseStudy,1800000,1800000,Physical-delete,2455.904,1,0.00043118,0.047997,2,immediate_global_delete,True
MIMIC-IV-CaseStudy,1800000,1800000,Physical-delete,2443.792,1,0.00043427,0.050136,3,immediate_global_delete,True
MIMIC-IV-CaseStudy,1800000,1800000,Physical-delete,2354.742,1,0.00045043,0.051517,4,immediate_global_delete,True
MIMIC-IV-CaseStudy,1800000,1800000,Physical-delete,2357.65,2,0.00043623,0.048312,0,immediate_global_delete,True
MIMIC-IV-CaseStudy,1800000,1800000,Physical-delete,2448.807,2,0.00042023,0.047482,1,immediate_global_delete,True
MIMIC-IV-CaseStudy,1800000,1800000,Physical-delete,2497.405,2,0.00041344,0.05211,2,immediate_global_delete,True
MIMIC-IV-CaseStudy,1800000,1800000,Physical-delete,2489.465,2,0.00041424,0.050182,3,immediate_global_delete,True
MIMIC-IV-CaseStudy,1800000,1800000,Physical-delete,2454.145,2,0.00042026,0.051144,4,immediate_global_delete,True
MIMIC-IV-CaseStudy,1800000,1800000,Physical-delete,2576.552,5,0.00039337,0.052589,0,immediate_global_delete,True
MIMIC-IV-CaseStudy,1800000,1800000,Physical-delete,2440.898,5,0.00041466,0.049741,1,immediate_global_delete,True
MIMIC-IV-CaseStudy,1800000,1800000,Physical-delete,2467.636,5,0.0004099,0.046557,2,immediate_global_delete,True
MIMIC-IV-CaseStudy,1800000,1800000,Physical-delete,2467.438,5,0.00041051,0.052347,3,immediate_global_delete,True
MIMIC-IV-CaseStudy,1800000,1800000,Physical-delete,2526.312,5,0.00040085,0.050199,4,immediate_global_delete,True
MIMIC-IV-CaseStudy,1800000,1800000,Physical-delete,2570.878,10,0.00039142,0.048884,0,immediate_global_delete,True
MIMIC-IV-CaseStudy,1800000,1800000,Physical-delete,2486.088,10,0.0004048,0.051251,1,immediate_global_delete,True
MIMIC-IV-CaseStudy,1800000,1800000,Physical-delete,2576.553,10,0.00039063,0.050223,2,immediate_global_delete,True
MIMIC-IV-CaseStudy,1800000,1800000,Physical-delete,2574.942,10,0.00039082,0.049167,3,immediate_global_delete,True
MIMIC-IV-CaseStudy,1800000,1800000,Physical-delete,2453.383,10,0.00041002,0.048438,4,immediate_global_delete,True
MIMIC-IV-CaseStudy,1800000,1800000,Physical-delete,2512.523,25,0.00039904,0.051577,0,immediate_global_delete,True
MIMIC-IV-CaseStudy,1800000,1800000,Physical-delete,2529.736,25,0.00039632,0.051019,1,immediate_global_delete,True
MIMIC-IV-CaseStudy,1800000,1800000,Physical-delete,2556.107,25,0.00039219,0.048258,2,immediate_global_delete,True
MIMIC-IV-CaseStudy,1800000,1800000,Physical-delete,2675.929,25,0.00037472,0.051115,3,immediate_global_delete,True
MIMIC-IV-CaseStudy,1800000,1800000,Physical-delete,2480.147,25,0.00040425,0.052349,4,immediate_global_delete,True
MIMIC-IV-CaseStudy,1800000,1800000,Physical-delete,2524.283,100,0.00039639,0.048509,0,immediate_global_delete,True
MIMIC-IV-CaseStudy,1800000,1800000,Physical-delete,2589.812,100,0.00038638,0.049722,1,immediate_global_delete,True
MIMIC-IV-CaseStudy,1800000,1800000,Physical-delete,2609.926,100,0.00038342,0.052633,2,immediate_global_delete,True
MIMIC-IV-CaseStudy,1800000,1800000,Physical-delete,2541.052,100,0.00039381,0.054623,3,immediate_global_delete,True
MIMIC-IV-CaseStudy,1800000,1800000,Physical-delete,2565.197,100,0.00039009,0.050467,4,immediate_global_delete,True
MIMIC-IV-CaseStudy,1800000,1800000,Physical-delete,2684.949,250,0.00037255,0.051358,0,immediate_global_delete,True
MIMIC-IV-CaseStudy,1800000,1800000,Physical-delete,2691.002,250,0.00037172,0.056235,1,immediate_global_delete,True
MIMIC-IV-CaseStudy,1800000,1800000,Physical-delete,2510.722,250,0.00039839,0.049154,2,immediate_global_delete,True
MIMIC-IV-CaseStudy,1800000,1800000,Physical-delete,2620.493,250,0.00038171,0.05254,3,immediate_global_delete,True
MIMIC-IV-CaseStudy,1800000,1800000,Physical-delete,2706.554,250,0.00036957,0.050074,4,immediate_global_delete,True
MIMIC-IV-CaseStudy,1800000,1800000,Physical-delete,2909.121,1000,0.00034378,0.059898,0,immediate_global_delete,True
MIMIC-IV-CaseStudy,1800000,1800000,Physical-delete,2804.658,1000,0.00035658,0.060878,1,immediate_global_delete,True
MIMIC-IV-CaseStudy,1800000,1800000,Physical-delete,2726.703,1000,0.00036677,0.058321,2,immediate_global_delete,True
MIMIC-IV-CaseStudy,1800000,1800000,Physical-delete,2760.751,1000,0.00036225,0.058422,3,immediate_global_delete,True
MIMIC-IV-CaseStudy,1800000,1800000,Physical-delete,2766.449,1000,0.0003615,0.060146,4,immediate_global_delete,True
MIMIC-IV-CaseStudy,1800000,1800000,Physical-delete,2824.116,2500,0.00035411,0.077777,0,immediate_global_delete,True
MIMIC-IV-CaseStudy,1800000,1800000,Physical-delete,2838.37,2500,0.00035233,0.076372,1,immediate_global_delete,True
MIMIC-IV-CaseStudy,1800000,1800000,Physical-delete,2862.659,2500,0.00034934,0.07656,2,immediate_global_delete,True
MIMIC-IV-CaseStudy,1800000,1800000,Physical-delete,2774.572,2500,0.00036043,0.076082,3,immediate_global_delete,True
MIMIC-IV-CaseStudy,1800000,1800000,Physical-delete,2868.712,2500,0.0003486,0.072724,4,immediate_global_delete,True
MIMIC-IV-CaseStudy,1800000,1800000,Physical-delete,2815.329,10000,0.00035521,0.151429,0,immediate_global_delete,True
MIMIC-IV-CaseStudy,1800000,1800000,Physical-delete,2878.83,10000,0.00034737,0.150673,1,immediate_global_delete,True
MIMIC-IV-CaseStudy,1800000,1800000,Physical-delete,2878.989,10000,0.00034735,0.154748,2,immediate_global_delete,True
MIMIC-IV-CaseStudy,1800000,1800000,Physical-delete,2932.196,10000,0.00034105,0.147865,3,immediate_global_delete,True
MIMIC-IV-CaseStudy,1800000,1800000,Physical-delete,3014.646,10000,0.00033172,0.144664,4,immediate_global_delete,True
MIMIC-IV-CaseStudy,1800000,1800000,Periodic-rebuild,6848.406,1,0.01529181,30.291589,0,scheduled_rebuild,True
MIMIC-IV-CaseStudy,1800000,1800000,Periodic-rebuild,6937.2,1,0.01506954,29.850775,1,scheduled_rebuild,True
MIMIC-IV-CaseStudy,1800000,1800000,Periodic-rebuild,6754.307,1,0.01547856,30.661006,2,scheduled_rebuild,True
MIMIC-IV-CaseStudy,1800000,1800000,Periodic-rebuild,6311.45,1,0.01555225,30.787614,3,scheduled_rebuild,True
MIMIC-IV-CaseStudy,1800000,1800000,Periodic-rebuild,6896.75,1,0.01525994,30.229888,4,scheduled_rebuild,True
MIMIC-IV-CaseStudy,1800000,1800000,Periodic-rebuild,7140.652,2,0.00762649,29.945789,0,scheduled_rebuild,True
MIMIC-IV-CaseStudy,1800000,1800000,Periodic-rebuild,6804.453,2,0.00777555,30.514351,1,scheduled_rebuild,True
MIMIC-IV-CaseStudy,1800000,1800000,Periodic-rebuild,7016.863,2,0.00806881,31.705173,2,scheduled_rebuild,True
MIMIC-IV-CaseStudy,1800000,1800000,Periodic-rebuild,7014.855,2,0.0076507,30.032575,3,scheduled_rebuild,True
MIMIC-IV-CaseStudy,1800000,1800000,Periodic-rebuild,7320.032,2,0.00756357,29.707825,4,scheduled_rebuild,True
MIMIC-IV-CaseStudy,1800000,1800000,Periodic-rebuild,7845.503,5,0.00342694,32.994825,0,scheduled_rebuild,True
MIMIC-IV-CaseStudy,1800000,1800000,Periodic-rebuild,7633.228,5,0.00342106,32.900519,1,scheduled_rebuild,True
MIMIC-IV-CaseStudy,1800000,1800000,Periodic-rebuild,7758.342,5,0.00333983,32.109374,2,scheduled_rebuild,True
MIMIC-IV-CaseStudy,1800000,1800000,Periodic-rebuild,7540.432,5,0.00340424,32.716187,3,scheduled_rebuild,True
MIMIC-IV-CaseStudy,1800000,1800000,Periodic-rebuild,8014.713,5,0.00331964,31.948645,4,scheduled_rebuild,True
MIMIC-IV-CaseStudy,1800000,1800000,Periodic-rebuild,8010.377,10,0.00179563,33.415843,0,scheduled_rebuild,True
MIMIC-IV-CaseStudy,1800000,1800000,Periodic-rebuild,7826.064,10,0.00195361,36.516591,1,scheduled_rebuild,True
MIMIC-IV-CaseStudy,1800000,1800000,Periodic-rebuild,7983.728,10,0.00189665,35.427831,2,scheduled_rebuild,True
MIMIC-IV-CaseStudy,1800000,1800000,Periodic-rebuild,7911.17,10,0.00190028,35.477504,3,scheduled_rebuild,True
MIMIC-IV-CaseStudy,1800000,1800000,Periodic-rebuild,8290.642,10,0.0019234,36.055701,4,scheduled_rebuild,True
MIMIC-IV-CaseStudy,1800000,1800000,Periodic-rebuild,8648.987,25,0.00101057,44.747667,0,scheduled_rebuild,True
MIMIC-IV-CaseStudy,1800000,1800000,Periodic-rebuild,8599.725,25,0.00100181,44.276191,1,scheduled_rebuild,True
MIMIC-IV-CaseStudy,1800000,1800000,Periodic-rebuild,8482.657,25,0.00102391,45.301008,2,scheduled_rebuild,True
MIMIC-IV-CaseStudy,1800000,1800000,Periodic-rebuild,8272.628,25,0.00099254,43.582831,3,scheduled_rebuild,True
MIMIC-IV-CaseStudy,1800000,1800000,Periodic-rebuild,8315.486,25,0.00099758,43.866047,4,scheduled_rebuild,True
MIMIC-IV-CaseStudy,1800000,1800000,Periodic-rebuild,9265.291,100,0.00056285,90.984969,0,scheduled_rebuild,True
MIMIC-IV-CaseStudy,1800000,1800000,Periodic-rebuild,9721.224,100,0.00055218,89.862353,1,scheduled_rebuild,True
MIMIC-IV-CaseStudy,1800000,1800000,Periodic-rebuild,9163.765,100,0.00055989,90.152232,2,scheduled_rebuild,True
MIMIC-IV-CaseStudy,1800000,1800000,Periodic-rebuild,9405.261,100,0.00054497,87.728656,3,scheduled_rebuild,True
MIMIC-IV-CaseStudy,1800000,1800000,Periodic-rebuild,9268.105,100,0.0005475,87.920444,4,scheduled_rebuild,True
MIMIC-IV-CaseStudy,1800000,1800000,Periodic-rebuild,10033.02,250,0.00045853,179.431908,0,scheduled_rebuild,True
MIMIC-IV-CaseStudy,1800000,1800000,Periodic-rebuild,10041.804,250,0.00047052,185.469524,1,scheduled_rebuild,True
MIMIC-IV-CaseStudy,1800000,1800000,Periodic-rebuild,9756.479,250,0.00047075,184.129295,2,scheduled_rebuild,True
MIMIC-IV-CaseStudy,1800000,1800000,Periodic-rebuild,9629.449,250,0.0004619,179.023663,3,scheduled_rebuild,True
MIMIC-IV-CaseStudy,1800000,1800000,Periodic-rebuild,9485.837,250,0.00046615,180.364107,4,scheduled_rebuild,True
MIMIC-IV-CaseStudy,1800000,1800000,Periodic-rebuild,10286.625,1000,0.00042824,662.051257,0,scheduled_rebuild,True
MIMIC-IV-CaseStudy,1800000,1800000,Periodic-rebuild,10709.053,1000,0.00042351,660.257514,1,scheduled_rebuild,True
MIMIC-IV-CaseStudy,1800000,1800000,Periodic-rebuild,10800.287,1000,0.0004322,679.211653,2,scheduled_rebuild,True
MIMIC-IV-CaseStudy,1800000,1800000,Periodic-rebuild,10934.962,1000,0.00041724,651.578394,3,scheduled_rebuild,True
MIMIC-IV-CaseStudy,1800000,1800000,Periodic-rebuild,10847.791,1000,0.00040896,633.558495,4,scheduled_rebuild,True
MIMIC-IV-CaseStudy,1800000,1800000,Periodic-rebuild,11089.199,2500,0.00040627,1580.459428,0,scheduled_rebuild,True
MIMIC-IV-CaseStudy,1800000,1800000,Periodic-rebuild,10673.277,2500,0.00040303,1546.705744,1,scheduled_rebuild,True
MIMIC-IV-CaseStudy,1800000,1800000,Periodic-rebuild,11193.865,2500,0.00040409,1573.786336,2,scheduled_rebuild,True
MIMIC-IV-CaseStudy,1800000,1800000,Periodic-rebuild,11357.715,2500,0.00039962,1557.87458,3,scheduled_rebuild,True
MIMIC-IV-CaseStudy,1800000,1800000,Periodic-rebuild,10928.56,2500,0.00041544,1619.676041,4,scheduled_rebuild,True
MIMIC-IV-CaseStudy,1800000,1800000,Periodic-rebuild,11911.287,10000,0.00040132,6347.402081,0,scheduled_rebuild,True
MIMIC-IV-CaseStudy,1800000,1800000,Periodic-rebuild,11607.358,10000,0.00039355,6147.918093,1,scheduled_rebuild,True
MIMIC-IV-CaseStudy,1800000,1800000,Periodic-rebuild,11630.872,10000,0.00039889,6258.333636,2,scheduled_rebuild,True
MIMIC-IV-CaseStudy,1800000,1800000,Periodic-rebuild,11704.877,10000,0.00040724,6436.029917,3,scheduled_rebuild,True
MIMIC-IV-CaseStudy,1800000,1800000,Periodic-rebuild,12100.955,10000,0.00039437,6234.590263,4,scheduled_rebuild,True
MIMIC-IV-CaseStudy,1800000,1800000,Per-role-index,3819.465,1,0.00028661,0.049588,0,materialized_role_update,True
MIMIC-IV-CaseStudy,1800000,1800000,Per-role-index,4038.311,1,0.00027129,0.047328,1,materialized_role_update,True
MIMIC-IV-CaseStudy,1800000,1800000,Per-role-index,3916.204,1,0.0002806,0.050504,2,materialized_role_update,True
MIMIC-IV-CaseStudy,1800000,1800000,Per-role-index,3908.969,1,0.00028169,0.051742,3,materialized_role_update,True
MIMIC-IV-CaseStudy,1800000,1800000,Per-role-index,3999.829,1,0.00027524,0.050468,4,materialized_role_update,True
MIMIC-IV-CaseStudy,1800000,1800000,Per-role-index,3905.149,2,0.00026755,0.04593,0,materialized_role_update,True
MIMIC-IV-CaseStudy,1800000,1800000,Per-role-index,3849.438,2,0.00027194,0.048653,1,materialized_role_update,True
MIMIC-IV-CaseStudy,1800000,1800000,Per-role-index,4117.999,2,0.00025501,0.048681,2,materialized_role_update,True
MIMIC-IV-CaseStudy,1800000,1800000,Per-role-index,3845.042,2,0.00027213,0.048221,3,materialized_role_update,True
MIMIC-IV-CaseStudy,1800000,1800000,Per-role-index,3913.208,2,0.00026743,0.047538,4,materialized_role_update,True
MIMIC-IV-CaseStudy,1800000,1800000,Per-role-index,4061.519,5,0.00025121,0.049943,0,materialized_role_update,True
MIMIC-IV-CaseStudy,1800000,1800000,Per-role-index,3890.475,5,0.00026218,0.051448,1,materialized_role_update,True
MIMIC-IV-CaseStudy,1800000,1800000,Per-role-index,4100.728,5,0.00024906,0.052045,2,materialized_role_update,True
MIMIC-IV-CaseStudy,1800000,1800000,Per-role-index,4050.012,5,0.00025187,0.049599,3,materialized_role_update,True
MIMIC-IV-CaseStudy,1800000,1800000,Per-role-index,3937.084,5,0.000259,0.050088,4,materialized_role_update,True
MIMIC-IV-CaseStudy,1800000,1800000,Per-role-index,4082.791,10,0.00024743,0.050008,0,materialized_role_update,True
MIMIC-IV-CaseStudy,1800000,1800000,Per-role-index,3995.255,10,0.00025295,0.053,1,materialized_role_update,True
MIMIC-IV-CaseStudy,1800000,1800000,Per-role-index,4092.451,10,0.00024693,0.051565,2,materialized_role_update,True
MIMIC-IV-CaseStudy,1800000,1800000,Per-role-index,4125.851,10,0.00024494,0.051219,3,materialized_role_update,True
MIMIC-IV-CaseStudy,1800000,1800000,Per-role-index,3962.669,10,0.00025498,0.052455,4,materialized_role_update,True
MIMIC-IV-CaseStudy,1800000,1800000,Per-role-index,4153.433,25,0.00024175,0.049266,0,materialized_role_update,True
MIMIC-IV-CaseStudy,1800000,1800000,Per-role-index,4006.335,25,0.0002506,0.049711,1,materialized_role_update,True
MIMIC-IV-CaseStudy,1800000,1800000,Per-role-index,4163.491,25,0.00024115,0.048514,2,materialized_role_update,True
MIMIC-IV-CaseStudy,1800000,1800000,Per-role-index,4001.096,25,0.00025096,0.051301,3,materialized_role_update,True
MIMIC-IV-CaseStudy,1800000,1800000,Per-role-index,4040.61,25,0.00024849,0.050354,4,materialized_role_update,True
MIMIC-IV-CaseStudy,1800000,1800000,Per-role-index,4097.6,100,0.00024431,0.052655,0,materialized_role_update,True
MIMIC-IV-CaseStudy,1800000,1800000,Per-role-index,4217.674,100,0.00023736,0.052048,1,materialized_role_update,True
MIMIC-IV-CaseStudy,1800000,1800000,Per-role-index,4064.34,100,0.0002463,0.052253,2,materialized_role_update,True
MIMIC-IV-CaseStudy,1800000,1800000,Per-role-index,4048.561,100,0.00024727,0.054667,3,materialized_role_update,True
MIMIC-IV-CaseStudy,1800000,1800000,Per-role-index,4129.067,100,0.00024245,0.052029,4,materialized_role_update,True
MIMIC-IV-CaseStudy,1800000,1800000,Per-role-index,4368.204,250,0.00022903,0.049219,0,materialized_role_update,True
MIMIC-IV-CaseStudy,1800000,1800000,Per-role-index,4032.601,250,0.00024809,0.054043,1,materialized_role_update,True
MIMIC-IV-CaseStudy,1800000,1800000,Per-role-index,4026.144,250,0.00024848,0.052699,2,materialized_role_update,True
MIMIC-IV-CaseStudy,1800000,1800000,Per-role-index,4035.871,250,0.00024788,0.052165,3,materialized_role_update,True
MIMIC-IV-CaseStudy,1800000,1800000,Per-role-index,4180.13,250,0.00023933,0.053547,4,materialized_role_update,True
MIMIC-IV-CaseStudy,1800000,1800000,Per-role-index,4367.631,1000,0.00022899,0.059713,0,materialized_role_update,True
MIMIC-IV-CaseStudy,1800000,1800000,Per-role-index,4144.66,1000,0.0002413,0.058591,1,materialized_role_update,True
MIMIC-IV-CaseStudy,1800000,1800000,Per-role-index,4141.541,1000,0.00024149,0.061531,2,materialized_role_update,True
MIMIC-IV-CaseStudy,1800000,1800000,Per-role-index,4193.133,1000,0.00023851,0.056016,3,materialized_role_update,True
MIMIC-IV-CaseStudy,1800000,1800000,Per-role-index,4386.454,1000,0.00022801,0.062022,4,materialized_role_update,True
MIMIC-IV-CaseStudy,1800000,1800000,Per-role-index,4229.956,2500,0.00023642,0.072419,0,materialized_role_update,True
MIMIC-IV-CaseStudy,1800000,1800000,Per-role-index,4325.091,2500,0.00023122,0.071781,1,materialized_role_update,True
MIMIC-IV-CaseStudy,1800000,1800000,Per-role-index,4321.779,2500,0.0002314,0.071828,2,materialized_role_update,True
MIMIC-IV-CaseStudy,1800000,1800000,Per-role-index,4189.238,2500,0.00023872,0.075463,3,materialized_role_update,True
MIMIC-IV-CaseStudy,1800000,1800000,Per-role-index,4337.711,2500,0.00023055,0.076861,4,materialized_role_update,True
MIMIC-IV-CaseStudy,1800000,1800000,Per-role-index,4468.853,10000,0.00022378,0.149983,0,materialized_role_update,True
MIMIC-IV-CaseStudy,1800000,1800000,Per-role-index,4360.832,10000,0.00022932,0.146949,1,materialized_role_update,True
MIMIC-IV-CaseStudy,1800000,1800000,Per-role-index,4381.982,10000,0.00022821,0.148029,2,materialized_role_update,True
MIMIC-IV-CaseStudy,1800000,1800000,Per-role-index,4403.78,10000,0.00022709,0.150993,3,materialized_role_update,True
MIMIC-IV-CaseStudy,1800000,1800000,Per-role-index,4253.583,10000,0.0002351,0.143927,4,materialized_role_update,True
MIMIC-IV-CaseStudy,1800000,1800000,ACORN,24040.576,1,6.62e-05,0.049205,0,filtered_search_update,True
MIMIC-IV-CaseStudy,1800000,1800000,ACORN,23117.19,1,6.921e-05,0.051913,1,filtered_search_update,True
MIMIC-IV-CaseStudy,1800000,1800000,ACORN,23679.089,1,6.577e-05,0.047075,2,filtered_search_update,True
MIMIC-IV-CaseStudy,1800000,1800000,ACORN,24103.535,1,6.626e-05,0.049543,3,filtered_search_update,True
MIMIC-IV-CaseStudy,1800000,1800000,ACORN,22724.565,1,6.885e-05,0.049685,4,filtered_search_update,True
MIMIC-IV-CaseStudy,1800000,1800000,ACORN,24130.065,2,5.303e-05,0.046358,0,filtered_search_update,True
MIMIC-IV-CaseStudy,1800000,1800000,ACORN,23533.661,2,5.547e-05,0.051896,1,filtered_search_update,True
MIMIC-IV-CaseStudy,1800000,1800000,ACORN,23886.758,2,5.431e-05,0.049764,2,filtered_search_update,True
MIMIC-IV-CaseStudy,1800000,1800000,ACORN,23612.188,2,5.553e-05,0.052698,3,filtered_search_update,True
MIMIC-IV-CaseStudy,1800000,1800000,ACORN,23516.102,2,5.414e-05,0.046456,4,filtered_search_update,True
MIMIC-IV-CaseStudy,1800000,1800000,ACORN,23939.491,5,4.655e-05,0.047823,0,filtered_search_update,True
MIMIC-IV-CaseStudy,1800000,1800000,ACORN,25043.119,5,4.496e-05,0.050302,1,filtered_search_update,True
MIMIC-IV-CaseStudy,1800000,1800000,ACORN,24047.943,5,4.629e-05,0.04704,2,filtered_search_update,True
MIMIC-IV-CaseStudy,1800000,1800000,ACORN,23965.541,5,4.672e-05,0.049976,3,filtered_search_update,True
MIMIC-IV-CaseStudy,1800000,1800000,ACORN,23339.712,5,4.81e-05,0.052514,4,filtered_search_update,True
MIMIC-IV-CaseStudy,1800000,1800000,ACORN,24960.281,10,4.238e-05,0.046347,0,filtered_search_update,True
MIMIC-IV-CaseStudy,1800000,1800000,ACORN,23790.538,10,4.438e-05,0.046902,1,filtered_search_update,True
MIMIC-IV-CaseStudy,1800000,1800000,ACORN,24341.559,10,4.362e-05,0.050706,2,filtered_search_update,True
MIMIC-IV-CaseStudy,1800000,1800000,ACORN,24464.122,10,4.344e-05,0.051373,3,filtered_search_update,True
MIMIC-IV-CaseStudy,1800000,1800000,ACORN,24104.229,10,4.398e-05,0.049799,4,filtered_search_update,True
MIMIC-IV-CaseStudy,1800000,1800000,ACORN,23583.154,25,4.345e-05,0.052584,0,filtered_search_update,True
MIMIC-IV-CaseStudy,1800000,1800000,ACORN,23438.854,25,4.376e-05,0.054789,1,filtered_search_update,True
MIMIC-IV-CaseStudy,1800000,1800000,ACORN,25188.851,25,4.07e-05,0.049893,2,filtered_search_update,True
MIMIC-IV-CaseStudy,1800000,1800000,ACORN,24525.738,25,4.18e-05,0.051227,3,filtered_search_update,True
MIMIC-IV-CaseStudy,1800000,1800000,ACORN,25097.816,25,4.077e-05,0.046318,4,filtered_search_update,True
MIMIC-IV-CaseStudy,1800000,1800000,ACORN,24728.186,100,4.069e-05,0.050427,0,filtered_search_update,True
MIMIC-IV-CaseStudy,1800000,1800000,ACORN,24974.844,100,4.029e-05,0.049073,1,filtered_search_update,True
MIMIC-IV-CaseStudy,1800000,1800000,ACORN,25720.754,100,3.915e-05,0.054062,2,filtered_search_update,True
MIMIC-IV-CaseStudy,1800000,1800000,ACORN,25343.81,100,3.971e-05,0.051196,3,filtered_search_update,True
MIMIC-IV-CaseStudy,1800000,1800000,ACORN,25663.431,100,3.922e-05,0.050704,4,filtered_search_update,True
MIMIC-IV-CaseStudy,1800000,1800000,ACORN,26134.85,250,3.837e-05,0.053947,0,filtered_search_update,True
MIMIC-IV-CaseStudy,1800000,1800000,ACORN,24515.682,250,4.09e-05,0.053066,1,filtered_search_update,True
MIMIC-IV-CaseStudy,1800000,1800000,ACORN,26589.02,250,3.771e-05,0.052058,2,filtered_search_update,True
MIMIC-IV-CaseStudy,1800000,1800000,ACORN,25339.998,250,3.957e-05,0.054,3,filtered_search_update,True
MIMIC-IV-CaseStudy,1800000,1800000,ACORN,24624.271,250,4.072e-05,0.053887,4,filtered_search_update,True
MIMIC-IV-CaseStudy,1800000,1800000,ACORN,26546.827,1000,3.77e-05,0.058445,0,filtered_search_update,True
MIMIC-IV-CaseStudy,1800000,1800000,ACORN,26049.836,1000,3.842e-05,0.061357,1,filtered_search_update,True
MIMIC-IV-CaseStudy,1800000,1800000,ACORN,25211.466,1000,3.969e-05,0.057706,2,filtered_search_update,True
MIMIC-IV-CaseStudy,1800000,1800000,ACORN,26637.86,1000,3.757e-05,0.063008,3,filtered_search_update,True
MIMIC-IV-CaseStudy,1800000,1800000,ACORN,25726.944,1000,3.89e-05,0.062755,4,filtered_search_update,True
MIMIC-IV-CaseStudy,1800000,1800000,ACORN,26257.75,2500,3.81e-05,0.081637,0,filtered_search_update,True
MIMIC-IV-CaseStudy,1800000,1800000,ACORN,27477.458,2500,3.641e-05,0.073003,1,filtered_search_update,True
MIMIC-IV-CaseStudy,1800000,1800000,ACORN,26770.669,2500,3.737e-05,0.0743,2,filtered_search_update,True
MIMIC-IV-CaseStudy,1800000,1800000,ACORN,26395.056,2500,3.79e-05,0.074938,3,filtered_search_update,True
MIMIC-IV-CaseStudy,1800000,1800000,ACORN,26651.845,2500,3.754e-05,0.081769,4,filtered_search_update,True
MIMIC-IV-CaseStudy,1800000,1800000,ACORN,26287.517,10000,3.805e-05,0.145781,0,filtered_search_update,True
MIMIC-IV-CaseStudy,1800000,1800000,ACORN,26323.72,10000,3.8e-05,0.145448,1,filtered_search_update,True
MIMIC-IV-CaseStudy,1800000,1800000,ACORN,26298.75,10000,3.803e-05,0.156296,2,filtered_search_update,True
MIMIC-IV-CaseStudy,1800000,1800000,ACORN,26985.607,10000,3.706e-05,0.152012,3,filtered_search_update,True
MIMIC-IV-CaseStudy,1800000,1800000,ACORN,27508.69,10000,3.636e-05,0.162223,4,filtered_search_update,True
MIMIC-IV-CaseStudy,1800000,1800000,HoneyBee,25131.134,1,6.41e-05,0.048618,0,filtered_search_update,True
MIMIC-IV-CaseStudy,1800000,1800000,HoneyBee,24347.259,1,6.669e-05,0.051227,1,filtered_search_update,True
MIMIC-IV-CaseStudy,1800000,1800000,HoneyBee,25842.087,1,6.525e-05,0.053106,2,filtered_search_update,True
MIMIC-IV-CaseStudy,1800000,1800000,HoneyBee,25700.885,1,6.32e-05,0.048576,3,filtered_search_update,True
MIMIC-IV-CaseStudy,1800000,1800000,HoneyBee,25150.063,1,6.535e-05,0.051168,4,filtered_search_update,True
MIMIC-IV-CaseStudy,1800000,1800000,HoneyBee,27348.032,2,4.87e-05,0.04855,0,filtered_search_update,True
MIMIC-IV-CaseStudy,1800000,1800000,HoneyBee,25355.438,2,5.179e-05,0.049421,1,filtered_search_update,True
MIMIC-IV-CaseStudy,1800000,1800000,HoneyBee,24571.614,2,5.319e-05,0.049977,2,filtered_search_update,True
MIMIC-IV-CaseStudy,1800000,1800000,HoneyBee,24830.943,2,5.232e-05,0.048206,3,filtered_search_update,True
MIMIC-IV-CaseStudy,1800000,1800000,HoneyBee,25005.177,2,5.191e-05,0.047671,4,filtered_search_update,True
MIMIC-IV-CaseStudy,1800000,1800000,HoneyBee,25118.345,5,4.444e-05,0.046299,0,filtered_search_update,True
MIMIC-IV-CaseStudy,1800000,1800000,HoneyBee,26373.308,5,4.272e-05,0.048051,1,filtered_search_update,True
MIMIC-IV-CaseStudy,1800000,1800000,HoneyBee,26493.475,5,4.284e-05,0.050984,2,filtered_search_update,True
MIMIC-IV-CaseStudy,1800000,1800000,HoneyBee,26310.499,5,4.292e-05,0.04916,3,filtered_search_update,True
MIMIC-IV-CaseStudy,1800000,1800000,HoneyBee,25693.161,5,4.36e-05,0.046755,4,filtered_search_update,True
MIMIC-IV-CaseStudy,1800000,1800000,HoneyBee,26155.236,10,4.075e-05,0.050251,0,filtered_search_update,True
MIMIC-IV-CaseStudy,1800000,1800000,HoneyBee,25789.334,10,4.152e-05,0.054878,1,filtered_search_update,True
MIMIC-IV-CaseStudy,1800000,1800000,HoneyBee,27301.732,10,3.915e-05,0.050453,2,filtered_search_update,True
MIMIC-IV-CaseStudy,1800000,1800000,HoneyBee,25640.862,10,4.143e-05,0.048601,3,filtered_search_update,True
MIMIC-IV-CaseStudy,1800000,1800000,HoneyBee,26126.388,10,4.069e-05,0.048251,4,filtered_search_update,True
MIMIC-IV-CaseStudy,1800000,1800000,HoneyBee,26390.225,25,3.885e-05,0.048011,0,filtered_search_update,True
MIMIC-IV-CaseStudy,1800000,1800000,HoneyBee,27123.381,25,3.786e-05,0.049741,1,filtered_search_update,True
MIMIC-IV-CaseStudy,1800000,1800000,HoneyBee,26446.339,25,3.888e-05,0.053425,2,filtered_search_update,True
MIMIC-IV-CaseStudy,1800000,1800000,HoneyBee,26360.448,25,3.892e-05,0.049361,3,filtered_search_update,True
MIMIC-IV-CaseStudy,1800000,1800000,HoneyBee,27166.406,25,3.784e-05,0.051497,4,filtered_search_update,True
MIMIC-IV-CaseStudy,1800000,1800000,HoneyBee,27688.369,100,3.639e-05,0.053862,0,filtered_search_update,True
MIMIC-IV-CaseStudy,1800000,1800000,HoneyBee,26342.151,100,3.821e-05,0.049216,1,filtered_search_update,True
MIMIC-IV-CaseStudy,1800000,1800000,HoneyBee,28676.468,100,3.513e-05,0.051821,2,filtered_search_update,True
MIMIC-IV-CaseStudy,1800000,1800000,HoneyBee,25685.39,100,3.918e-05,0.049546,3,filtered_search_update,True
MIMIC-IV-CaseStudy,1800000,1800000,HoneyBee,28222.031,100,3.569e-05,0.052237,4,filtered_search_update,True
MIMIC-IV-CaseStudy,1800000,1800000,HoneyBee,28554.058,250,3.512e-05,0.050025,0,filtered_search_update,True
MIMIC-IV-CaseStudy,1800000,1800000,HoneyBee,27728.694,250,3.618e-05,0.056265,1,filtered_search_update,True
MIMIC-IV-CaseStudy,1800000,1800000,HoneyBee,27751.212,250,3.614e-05,0.053761,2,filtered_search_update,True
MIMIC-IV-CaseStudy,1800000,1800000,HoneyBee,28236.447,250,3.552e-05,0.050497,3,filtered_search_update,True
MIMIC-IV-CaseStudy,1800000,1800000,HoneyBee,27411.502,250,3.659e-05,0.05507,4,filtered_search_update,True
MIMIC-IV-CaseStudy,1800000,1800000,HoneyBee,28120.034,1000,3.559e-05,0.057938,0,filtered_search_update,True
MIMIC-IV-CaseStudy,1800000,1800000,HoneyBee,27982.768,1000,3.577e-05,0.057862,1,filtered_search_update,True
MIMIC-IV-CaseStudy,1800000,1800000,HoneyBee,28725.647,1000,3.484e-05,0.056164,2,filtered_search_update,True
MIMIC-IV-CaseStudy,1800000,1800000,HoneyBee,29148.263,1000,3.434e-05,0.063769,3,filtered_search_update,True
MIMIC-IV-CaseStudy,1800000,1800000,HoneyBee,28709.472,1000,3.486e-05,0.05995,4,filtered_search_update,True
MIMIC-IV-CaseStudy,1800000,1800000,HoneyBee,27673.708,2500,3.615e-05,0.076622,0,filtered_search_update,True
MIMIC-IV-CaseStudy,1800000,1800000,HoneyBee,29322.235,2500,3.412e-05,0.072609,1,filtered_search_update,True
MIMIC-IV-CaseStudy,1800000,1800000,HoneyBee,29557.157,2500,3.385e-05,0.077572,2,filtered_search_update,True
MIMIC-IV-CaseStudy,1800000,1800000,HoneyBee,28969.014,2500,3.453e-05,0.074008,3,filtered_search_update,True
MIMIC-IV-CaseStudy,1800000,1800000,HoneyBee,28967.722,2500,3.454e-05,0.07655,4,filtered_search_update,True
MIMIC-IV-CaseStudy,1800000,1800000,HoneyBee,29339.687,10000,3.409e-05,0.146416,0,filtered_search_update,True
MIMIC-IV-CaseStudy,1800000,1800000,HoneyBee,29158.098,10000,3.43e-05,0.154966,1,filtered_search_update,True
MIMIC-IV-CaseStudy,1800000,1800000,HoneyBee,28750.045,10000,3.479e-05,0.149486,2,filtered_search_update,True
MIMIC-IV-CaseStudy,1800000,1800000,HoneyBee,30596.39,10000,3.269e-05,0.151813,3,filtered_search_update,True
MIMIC-IV-CaseStudy,1800000,1800000,HoneyBee,29268.401,10000,3.417e-05,0.149411,4,filtered_search_update,True
MIMIC-IV-CaseStudy,1800000,1800000,Lethe,49216.281,1,2.241e-05,0.004192,0,immediate_per_view_erasure,True
MIMIC-IV-CaseStudy,1800000,1800000,Lethe,48678.355,1,2.289e-05,0.00469,1,immediate_per_view_erasure,True
MIMIC-IV-CaseStudy,1800000,1800000,Lethe,50637.305,1,2.145e-05,0.003397,2,immediate_per_view_erasure,True
MIMIC-IV-CaseStudy,1800000,1800000,Lethe,49612.38,1,2.186e-05,0.003409,3,immediate_per_view_erasure,True
MIMIC-IV-CaseStudy,1800000,1800000,Lethe,47068.019,1,2.327e-05,0.004042,4,immediate_per_view_erasure,True
MIMIC-IV-CaseStudy,1800000,1800000,Lethe,47135.251,2,2.218e-05,0.003864,0,immediate_per_view_erasure,True
MIMIC-IV-CaseStudy,1800000,1800000,Lethe,49475.343,2,2.124e-05,0.004109,1,immediate_per_view_erasure,True
MIMIC-IV-CaseStudy,1800000,1800000,Lethe,49821.002,2,2.106e-05,0.003968,2,immediate_per_view_erasure,True
MIMIC-IV-CaseStudy,1800000,1800000,Lethe,47396.521,2,2.205e-05,0.003804,3,immediate_per_view_erasure,True
MIMIC-IV-CaseStudy,1800000,1800000,Lethe,48426.604,2,2.156e-05,0.00366,4,immediate_per_view_erasure,True
MIMIC-IV-CaseStudy,1800000,1800000,Lethe,48346.546,5,2.113e-05,0.004425,0,immediate_per_view_erasure,True
MIMIC-IV-CaseStudy,1800000,1800000,Lethe,49076.257,5,2.08e-05,0.004188,1,immediate_per_view_erasure,True
MIMIC-IV-CaseStudy,1800000,1800000,Lethe,51334.861,5,1.994e-05,0.004628,2,immediate_per_view_erasure,True
MIMIC-IV-CaseStudy,1800000,1800000,Lethe,50297.75,5,2.028e-05,0.003946,3,immediate_per_view_erasure,True
MIMIC-IV-CaseStudy,1800000,1800000,Lethe,48667.578,5,2.095e-05,0.004063,4,immediate_per_view_erasure,True
MIMIC-IV-CaseStudy,1800000,1800000,Lethe,49181.08,10,2.053e-05,0.003991,0,immediate_per_view_erasure,True
MIMIC-IV-CaseStudy,1800000,1800000,Lethe,52387.976,10,1.93e-05,0.004283,1,immediate_per_view_erasure,True
MIMIC-IV-CaseStudy,1800000,1800000,Lethe,48763.886,10,2.071e-05,0.00397,2,immediate_per_view_erasure,True
MIMIC-IV-CaseStudy,1800000,1800000,Lethe,50676.572,10,1.994e-05,0.004136,3,immediate_per_view_erasure,True
MIMIC-IV-CaseStudy,1800000,1800000,Lethe,49938.677,10,2.024e-05,0.004242,4,immediate_per_view_erasure,True
MIMIC-IV-CaseStudy,1800000,1800000,Lethe,48250.327,25,2.081e-05,0.004321,0,immediate_per_view_erasure,True
MIMIC-IV-CaseStudy,1800000,1800000,Lethe,49580.693,25,2.027e-05,0.004879,1,immediate_per_view_erasure,True
MIMIC-IV-CaseStudy,1800000,1800000,Lethe,52474.635,25,1.913e-05,0.003669,2,immediate_per_view_erasure,True
MIMIC-IV-CaseStudy,1800000,1800000,Lethe,49244.298,25,2.039e-05,0.004174,3,immediate_per_view_erasure,True
MIMIC-IV-CaseStudy,1800000,1800000,Lethe,49907.89,25,2.013e-05,0.004464,4,immediate_per_view_erasure,True
MIMIC-IV-CaseStudy,1800000,1800000,Lethe,52099.196,100,1.922e-05,0.00468,0,immediate_per_view_erasure,True
MIMIC-IV-CaseStudy,1800000,1800000,Lethe,50692.577,100,1.975e-05,0.005041,1,immediate_per_view_erasure,True
MIMIC-IV-CaseStudy,1800000,1800000,Lethe,50748.65,100,1.972e-05,0.003859,2,immediate_per_view_erasure,True
MIMIC-IV-CaseStudy,1800000,1800000,Lethe,51774.016,100,1.934e-05,0.004378,3,immediate_per_view_erasure,True
MIMIC-IV-CaseStudy,1800000,1800000,Lethe,51633.22,100,1.939e-05,0.004596,4,immediate_per_view_erasure,True
MIMIC-IV-CaseStudy,1800000,1800000,Lethe,51965.102,250,1.925e-05,0.00536,0,immediate_per_view_erasure,True
MIMIC-IV-CaseStudy,1800000,1800000,Lethe,52378.343,250,1.91e-05,0.005551,1,immediate_per_view_erasure,True
MIMIC-IV-CaseStudy,1800000,1800000,Lethe,50664.074,250,1.975e-05,0.005961,2,immediate_per_view_erasure,True
MIMIC-IV-CaseStudy,1800000,1800000,Lethe,53108.032,250,1.884e-05,0.005774,3,immediate_per_view_erasure,True
MIMIC-IV-CaseStudy,1800000,1800000,Lethe,53618.554,250,1.866e-05,0.004902,4,immediate_per_view_erasure,True
MIMIC-IV-CaseStudy,1800000,1800000,Lethe,52471.859,1000,1.906e-05,0.010082,0,immediate_per_view_erasure,True
MIMIC-IV-CaseStudy,1800000,1800000,Lethe,53308.003,1000,1.876e-05,0.009995,1,immediate_per_view_erasure,True
MIMIC-IV-CaseStudy,1800000,1800000,Lethe,50654.531,1000,1.975e-05,0.01061,2,immediate_per_view_erasure,True
MIMIC-IV-CaseStudy,1800000,1800000,Lethe,52743.544,1000,1.896e-05,0.009891,3,immediate_per_view_erasure,True
MIMIC-IV-CaseStudy,1800000,1800000,Lethe,52298.928,1000,1.913e-05,0.009768,4,immediate_per_view_erasure,True
MIMIC-IV-CaseStudy,1800000,1800000,Lethe,55886.113,2500,1.79e-05,0.018151,0,immediate_per_view_erasure,True
MIMIC-IV-CaseStudy,1800000,1800000,Lethe,53219.503,2500,1.879e-05,0.016015,1,immediate_per_view_erasure,True
MIMIC-IV-CaseStudy,1800000,1800000,Lethe,54197.76,2500,1.845e-05,0.020092,2,immediate_per_view_erasure,True
MIMIC-IV-CaseStudy,1800000,1800000,Lethe,52496.783,2500,1.905e-05,0.019987,3,immediate_per_view_erasure,True
MIMIC-IV-CaseStudy,1800000,1800000,Lethe,53884.619,2500,1.856e-05,0.017798,4,immediate_per_view_erasure,True
MIMIC-IV-CaseStudy,1800000,1800000,Lethe,55324.302,10000,1.808e-05,0.065066,0,immediate_per_view_erasure,True
MIMIC-IV-CaseStudy,1800000,1800000,Lethe,55671.418,10000,1.797e-05,0.068294,1,immediate_per_view_erasure,True
MIMIC-IV-CaseStudy,1800000,1800000,Lethe,53262.139,10000,1.878e-05,0.060125,2,immediate_per_view_erasure,True
MIMIC-IV-CaseStudy,1800000,1800000,Lethe,56559.575,10000,1.768e-05,0.071656,3,immediate_per_view_erasure,True
MIMIC-IV-CaseStudy,1800000,1800000,Lethe,54262.492,10000,1.843e-05,0.059957,4,immediate_per_view_erasure,True
