dataset,N,N_indexed,method,user_type,frac,seed,topk_drift_before_after,recall_before,recall_after,route_trace_drift_before_after,latency_delta_ms,distance_computation_delta_rate,expanded_nodes_delta_rate
LegalBench-RAG,1200000,1200000,Lethe,revoked_user,0.1,0,0.0078,0.977301,0.976828,0.007667,0.019049,0.002811,0.003571
LegalBench-RAG,1200000,1200000,Lethe,revoked_user,0.1,1,0.006286,0.976558,0.974984,0.00421,0.016005,0.003458,0.000909
LegalBench-RAG,1200000,1200000,Lethe,revoked_user,0.1,2,0.008532,0.976191,0.977773,0.008587,0.020618,0.00231,0.002404
LegalBench-RAG,1200000,1200000,Lethe,revoked_user,0.1,3,0.010458,0.978561,0.975701,0.00845,0.013843,0.00085,0.002811
LegalBench-RAG,1200000,1200000,Lethe,revoked_user,0.1,4,0.007553,0.977224,0.978845,0.006725,0.016396,0.00357,0.003404
LegalBench-RAG,1200000,1200000,Lethe,revoked_user,0.1,5,0.008927,0.97604,0.977563,0.006905,0.019106,0.001636,0.000601
LegalBench-RAG,1200000,1200000,Lethe,revoked_user,0.1,6,0.008175,0.976076,0.977618,0.005729,0.025887,0.002299,0.001673
LegalBench-RAG,1200000,1200000,Lethe,revoked_user,0.1,7,0.012401,0.975858,0.977573,0.009176,0.014874,0.002923,0.002312
LegalBench-RAG,1200000,1200000,Lethe,revoked_user,0.1,8,0.008813,0.975638,0.977418,0.006842,0.01625,0.000872,0.00257
LegalBench-RAG,1200000,1200000,Lethe,revoked_user,0.1,9,0.006739,0.973975,0.977809,0.005238,0.016849,0.003795,0.002284
LegalBench-RAG,1200000,1200000,Lethe,same_role_still_authorized,0.1,0,0.00208,0.975811,0.976361,0.000803,0.012095,0.001586,0.000696
LegalBench-RAG,1200000,1200000,Lethe,same_role_still_authorized,0.1,1,0.001108,0.97427,0.973679,0.0,0.007003,0.001171,0.003383
LegalBench-RAG,1200000,1200000,Lethe,same_role_still_authorized,0.1,2,0.003997,0.975501,0.980284,0.002346,0.008989,0.001943,0.002609
LegalBench-RAG,1200000,1200000,Lethe,same_role_still_authorized,0.1,3,0.002173,0.977316,0.975845,1.4e-05,0.007336,0.002906,0.00205
LegalBench-RAG,1200000,1200000,Lethe,same_role_still_authorized,0.1,4,0.000935,0.976339,0.975904,0.001638,0.034585,0.003451,0.000829
LegalBench-RAG,1200000,1200000,Lethe,same_role_still_authorized,0.1,5,0.002117,0.975122,0.976922,0.000973,0.019521,0.001415,0.00139
LegalBench-RAG,1200000,1200000,Lethe,same_role_still_authorized,0.1,6,0.001193,0.977663,0.977036,0.003571,0.009694,0.001464,0.002697
LegalBench-RAG,1200000,1200000,Lethe,same_role_still_authorized,0.1,7,0.001574,0.975615,0.977078,0.002521,0.012223,0.00137,0.001357
LegalBench-RAG,1200000,1200000,Lethe,same_role_still_authorized,0.1,8,0.003574,0.977616,0.976246,0.002791,0.004768,0.002048,0.001839
LegalBench-RAG,1200000,1200000,Lethe,same_role_still_authorized,0.1,9,0.001515,0.976283,0.977438,0.001881,0.02175,0.001939,0.002556
LegalBench-RAG,1200000,1200000,Lethe,different_role_still_authorized,0.1,0,0.001961,0.976536,0.976334,0.001094,0.017966,0.002095,0.002022
LegalBench-RAG,1200000,1200000,Lethe,different_role_still_authorized,0.1,1,0.002312,0.97697,0.978268,0.002243,0.004894,0.0,0.001795
LegalBench-RAG,1200000,1200000,Lethe,different_role_still_authorized,0.1,2,0.001604,0.979199,0.974587,0.001415,0.018375,0.001918,0.002376
LegalBench-RAG,1200000,1200000,Lethe,different_role_still_authorized,0.1,3,0.000205,0.97629,0.978838,0.0,0.020393,0.003499,0.003045
LegalBench-RAG,1200000,1200000,Lethe,different_role_still_authorized,0.1,4,0.002941,0.979018,0.978451,0.002333,0.021479,0.001321,0.00181
LegalBench-RAG,1200000,1200000,Lethe,different_role_still_authorized,0.1,5,0.000939,0.979825,0.97506,0.0,0.012607,0.002973,0.001855
LegalBench-RAG,1200000,1200000,Lethe,different_role_still_authorized,0.1,6,0.00236,0.976712,0.976979,0.001605,0.019301,0.002427,0.002581
LegalBench-RAG,1200000,1200000,Lethe,different_role_still_authorized,0.1,7,0.000629,0.976855,0.9735,0.001101,0.022593,0.00147,0.003298
LegalBench-RAG,1200000,1200000,Lethe,different_role_still_authorized,0.1,8,0.002563,0.97755,0.978196,0.001954,0.024952,0.004615,0.001865
LegalBench-RAG,1200000,1200000,Lethe,different_role_still_authorized,0.1,9,0.002191,0.976529,0.978346,0.002235,0.012173,0.002121,0.002273
LegalBench-RAG,1200000,1200000,Lethe,ancestor_descendant_still_authorized,0.1,0,0.002289,0.977176,0.974643,0.002013,0.019339,0.0,0.000384
LegalBench-RAG,1200000,1200000,Lethe,ancestor_descendant_still_authorized,0.1,1,0.001511,0.974827,0.977965,0.002341,0.010068,0.002969,0.001992
LegalBench-RAG,1200000,1200000,Lethe,ancestor_descendant_still_authorized,0.1,2,9.8e-05,0.979084,0.975452,0.0,0.007069,0.001157,0.001694
LegalBench-RAG,1200000,1200000,Lethe,ancestor_descendant_still_authorized,0.1,3,0.002796,0.978615,0.97804,0.003014,0.014245,0.002615,0.001419
LegalBench-RAG,1200000,1200000,Lethe,ancestor_descendant_still_authorized,0.1,4,0.00071,0.975084,0.97478,0.0,0.019359,0.003629,0.001448
LegalBench-RAG,1200000,1200000,Lethe,ancestor_descendant_still_authorized,0.1,5,0.001807,0.976843,0.976093,0.003096,0.020609,0.000979,0.003265
LegalBench-RAG,1200000,1200000,Lethe,ancestor_descendant_still_authorized,0.1,6,0.00418,0.975195,0.977295,0.00377,0.017914,0.001856,0.001958
LegalBench-RAG,1200000,1200000,Lethe,ancestor_descendant_still_authorized,0.1,7,0.001987,0.975706,0.977606,0.003669,0.023289,0.001577,0.000761
LegalBench-RAG,1200000,1200000,Lethe,ancestor_descendant_still_authorized,0.1,8,0.001205,0.976488,0.978073,0.000522,0.020341,0.002997,0.001155
LegalBench-RAG,1200000,1200000,Lethe,ancestor_descendant_still_authorized,0.1,9,0.00259,0.977995,0.974889,0.002334,0.013936,0.002293,0.000934
LegalBench-RAG,1200000,1200000,Lethe,revoked_user,0.2,0,0.007881,0.977864,0.976462,0.005916,0.010114,0.002096,0.002649
LegalBench-RAG,1200000,1200000,Lethe,revoked_user,0.2,1,0.01049,0.977007,0.97664,0.008752,0.020577,0.002764,0.003393
LegalBench-RAG,1200000,1200000,Lethe,revoked_user,0.2,2,0.009608,0.975728,0.976962,0.007038,0.019942,0.000304,0.001829
LegalBench-RAG,1200000,1200000,Lethe,revoked_user,0.2,3,0.0071,0.973684,0.977728,0.004467,0.012274,0.000292,0.000575
LegalBench-RAG,1200000,1200000,Lethe,revoked_user,0.2,4,0.008794,0.979124,0.976753,0.006267,0.013722,0.001946,0.0
LegalBench-RAG,1200000,1200000,Lethe,revoked_user,0.2,5,0.009411,0.97815,0.976952,0.007687,0.017649,0.002445,0.001006
LegalBench-RAG,1200000,1200000,Lethe,revoked_user,0.2,6,0.008505,0.975688,0.978239,0.005993,0.018636,0.003214,2.2e-05
LegalBench-RAG,1200000,1200000,Lethe,revoked_user,0.2,7,0.004023,0.978195,0.978178,0.003349,0.015913,0.002149,0.000324
LegalBench-RAG,1200000,1200000,Lethe,revoked_user,0.2,8,0.007807,0.977032,0.974892,0.007541,0.007693,0.003806,0.001321
LegalBench-RAG,1200000,1200000,Lethe,revoked_user,0.2,9,0.006946,0.973665,0.976034,0.006262,0.015209,0.002741,0.001421
LegalBench-RAG,1200000,1200000,Lethe,same_role_still_authorized,0.2,0,0.002948,0.976141,0.976398,0.00242,0.015318,0.003954,0.002811
LegalBench-RAG,1200000,1200000,Lethe,same_role_still_authorized,0.2,1,0.002426,0.977917,0.979248,0.001101,0.014999,0.003261,0.001857
LegalBench-RAG,1200000,1200000,Lethe,same_role_still_authorized,0.2,2,0.000558,0.979616,0.975773,0.0,0.008223,0.002304,0.001839
LegalBench-RAG,1200000,1200000,Lethe,same_role_still_authorized,0.2,3,0.002271,0.977763,0.977164,0.002335,0.014551,0.002121,0.000211
LegalBench-RAG,1200000,1200000,Lethe,same_role_still_authorized,0.2,4,0.003079,0.976895,0.978899,0.001897,0.018209,0.001883,0.002659
LegalBench-RAG,1200000,1200000,Lethe,same_role_still_authorized,0.2,5,0.0,0.973977,0.978786,0.0,0.019769,0.002391,8.3e-05
LegalBench-RAG,1200000,1200000,Lethe,same_role_still_authorized,0.2,6,0.002101,0.974407,0.978999,0.002521,0.00951,0.00426,0.002867
LegalBench-RAG,1200000,1200000,Lethe,same_role_still_authorized,0.2,7,0.001613,0.974776,0.975944,0.002561,0.008712,0.002633,0.002095
LegalBench-RAG,1200000,1200000,Lethe,same_role_still_authorized,0.2,8,0.001049,0.97844,0.976615,0.001881,0.013814,0.00102,0.003843
LegalBench-RAG,1200000,1200000,Lethe,same_role_still_authorized,0.2,9,0.001369,0.977258,0.97784,0.001162,0.024886,0.001506,0.003012
LegalBench-RAG,1200000,1200000,Lethe,different_role_still_authorized,0.2,0,0.004111,0.975823,0.977779,0.003822,0.014561,0.002804,0.002426
LegalBench-RAG,1200000,1200000,Lethe,different_role_still_authorized,0.2,1,0.000434,0.97659,0.978029,0.001139,0.018137,0.000717,0.002996
LegalBench-RAG,1200000,1200000,Lethe,different_role_still_authorized,0.2,2,0.00095,0.97917,0.976694,0.0,0.00692,0.002133,0.004062
LegalBench-RAG,1200000,1200000,Lethe,different_role_still_authorized,0.2,3,0.0,0.977418,0.977123,0.0,0.009983,0.001834,0.0014
LegalBench-RAG,1200000,1200000,Lethe,different_role_still_authorized,0.2,4,0.00245,0.977652,0.975706,0.000199,0.018008,0.004802,0.002594
LegalBench-RAG,1200000,1200000,Lethe,different_role_still_authorized,0.2,5,0.001936,0.975903,0.975044,0.002294,0.017627,0.002961,0.000891
LegalBench-RAG,1200000,1200000,Lethe,different_role_still_authorized,0.2,6,0.000642,0.976231,0.976796,0.001134,0.023618,0.002686,0.00276
LegalBench-RAG,1200000,1200000,Lethe,different_role_still_authorized,0.2,7,0.003603,0.980572,0.978917,0.002761,0.012167,0.00092,0.003016
LegalBench-RAG,1200000,1200000,Lethe,different_role_still_authorized,0.2,8,0.001203,0.976286,0.975048,0.002393,0.018995,0.002315,0.000402
LegalBench-RAG,1200000,1200000,Lethe,different_role_still_authorized,0.2,9,0.001114,0.976047,0.977294,0.002574,0.028345,0.003035,0.003196
LegalBench-RAG,1200000,1200000,Lethe,ancestor_descendant_still_authorized,0.2,0,0.000675,0.978475,0.978437,0.001569,0.012448,0.001774,0.002022
LegalBench-RAG,1200000,1200000,Lethe,ancestor_descendant_still_authorized,0.2,1,0.002163,0.977373,0.976473,0.003079,0.01209,0.001747,0.00332
LegalBench-RAG,1200000,1200000,Lethe,ancestor_descendant_still_authorized,0.2,2,0.001672,0.976448,0.975614,0.0,0.021471,0.002993,0.001311
LegalBench-RAG,1200000,1200000,Lethe,ancestor_descendant_still_authorized,0.2,3,0.002636,0.97734,0.977594,0.00224,0.021328,0.002018,0.002828
LegalBench-RAG,1200000,1200000,Lethe,ancestor_descendant_still_authorized,0.2,4,0.002302,0.978297,0.976636,0.002996,0.024575,0.002084,0.0
LegalBench-RAG,1200000,1200000,Lethe,ancestor_descendant_still_authorized,0.2,5,0.000647,0.980393,0.977245,0.0,0.011471,0.003791,0.004203
LegalBench-RAG,1200000,1200000,Lethe,ancestor_descendant_still_authorized,0.2,6,4.3e-05,0.974883,0.977689,0.000782,0.018032,0.003418,0.003892
LegalBench-RAG,1200000,1200000,Lethe,ancestor_descendant_still_authorized,0.2,7,0.003329,0.976588,0.976867,0.003409,0.016978,0.002567,0.002264
LegalBench-RAG,1200000,1200000,Lethe,ancestor_descendant_still_authorized,0.2,8,0.002905,0.975702,0.978757,0.001284,0.009972,0.001713,0.000894
LegalBench-RAG,1200000,1200000,Lethe,ancestor_descendant_still_authorized,0.2,9,0.002354,0.975335,0.977956,0.001667,0.012511,0.001336,0.000613
LegalBench-RAG,1200000,1200000,Lethe,revoked_user,0.3,0,0.014573,0.975483,0.976957,0.012568,0.005675,0.002732,0.002827
LegalBench-RAG,1200000,1200000,Lethe,revoked_user,0.3,1,0.009631,0.978757,0.977317,0.007553,0.017497,0.004159,0.0
LegalBench-RAG,1200000,1200000,Lethe,revoked_user,0.3,2,0.013055,0.977221,0.976682,0.011228,0.015728,0.002864,0.002062
LegalBench-RAG,1200000,1200000,Lethe,revoked_user,0.3,3,0.013519,0.974548,0.976069,0.01135,0.006943,0.003571,0.002295
LegalBench-RAG,1200000,1200000,Lethe,revoked_user,0.3,4,0.008489,0.977253,0.978268,0.007377,0.007438,0.00215,0.003243
LegalBench-RAG,1200000,1200000,Lethe,revoked_user,0.3,5,0.006565,0.976794,0.978291,0.0057,0.015476,0.002334,0.0011
LegalBench-RAG,1200000,1200000,Lethe,revoked_user,0.3,6,0.009549,0.97721,0.975735,0.008751,0.019799,0.002898,0.001946
LegalBench-RAG,1200000,1200000,Lethe,revoked_user,0.3,7,0.010597,0.977605,0.975707,0.008165,0.003448,0.003012,0.001931
LegalBench-RAG,1200000,1200000,Lethe,revoked_user,0.3,8,0.009228,0.97777,0.977545,0.009236,0.010906,0.00293,0.002244
LegalBench-RAG,1200000,1200000,Lethe,revoked_user,0.3,9,0.011444,0.976059,0.977928,0.008417,0.003261,0.00125,0.001835
LegalBench-RAG,1200000,1200000,Lethe,same_role_still_authorized,0.3,0,0.001689,0.977366,0.976798,0.001625,0.020592,0.002449,0.001668
LegalBench-RAG,1200000,1200000,Lethe,same_role_still_authorized,0.3,1,0.003646,0.975312,0.975783,0.003956,0.021542,0.001779,0.002144
LegalBench-RAG,1200000,1200000,Lethe,same_role_still_authorized,0.3,2,0.002723,0.977711,0.97869,0.002682,0.007827,0.003521,0.001311
LegalBench-RAG,1200000,1200000,Lethe,same_role_still_authorized,0.3,3,0.002824,0.978652,0.978838,0.003356,0.014324,0.002698,0.001421
LegalBench-RAG,1200000,1200000,Lethe,same_role_still_authorized,0.3,4,0.002064,0.977819,0.976481,0.001814,0.009767,0.002484,0.00184
LegalBench-RAG,1200000,1200000,Lethe,same_role_still_authorized,0.3,5,0.003614,0.977111,0.977883,0.001875,0.019925,0.00367,0.000644
LegalBench-RAG,1200000,1200000,Lethe,same_role_still_authorized,0.3,6,0.001308,0.977827,0.976416,0.001252,0.010436,0.002548,0.001904
LegalBench-RAG,1200000,1200000,Lethe,same_role_still_authorized,0.3,7,0.002782,0.975589,0.978116,0.003606,0.026377,0.0,0.001249
LegalBench-RAG,1200000,1200000,Lethe,same_role_still_authorized,0.3,8,0.002869,0.976856,0.977258,0.002607,0.020596,0.002696,0.003906
LegalBench-RAG,1200000,1200000,Lethe,same_role_still_authorized,0.3,9,0.003043,0.978651,0.979514,0.001914,0.016211,0.003852,0.000775
LegalBench-RAG,1200000,1200000,Lethe,different_role_still_authorized,0.3,0,0.001931,0.976945,0.977186,0.001833,0.008386,0.001856,0.002122
LegalBench-RAG,1200000,1200000,Lethe,different_role_still_authorized,0.3,1,0.00177,0.976683,0.97485,0.003298,0.014151,0.000684,0.003301
LegalBench-RAG,1200000,1200000,Lethe,different_role_still_authorized,0.3,2,0.000834,0.97607,0.97736,0.001404,0.018038,0.00081,0.003404
LegalBench-RAG,1200000,1200000,Lethe,different_role_still_authorized,0.3,3,0.002232,0.977456,0.977673,0.002095,0.018237,0.002477,0.002236
LegalBench-RAG,1200000,1200000,Lethe,different_role_still_authorized,0.3,4,0.004075,0.976821,0.977752,0.003715,0.016844,0.001535,0.003611
LegalBench-RAG,1200000,1200000,Lethe,different_role_still_authorized,0.3,5,0.001999,0.97776,0.977662,0.001134,0.013112,0.002651,0.00218
LegalBench-RAG,1200000,1200000,Lethe,different_role_still_authorized,0.3,6,0.002754,0.976614,0.978302,0.001158,0.009028,0.002227,0.003363
LegalBench-RAG,1200000,1200000,Lethe,different_role_still_authorized,0.3,7,0.002294,0.976714,0.975329,0.002266,0.016582,0.00096,0.002094
LegalBench-RAG,1200000,1200000,Lethe,different_role_still_authorized,0.3,8,0.001678,0.974383,0.975913,0.002802,0.019901,0.002274,0.000365
LegalBench-RAG,1200000,1200000,Lethe,different_role_still_authorized,0.3,9,0.00168,0.980426,0.977783,0.001193,0.016192,0.004027,0.000481
LegalBench-RAG,1200000,1200000,Lethe,ancestor_descendant_still_authorized,0.3,0,0.001556,0.977611,0.973303,0.001311,0.022275,0.003876,0.00186
LegalBench-RAG,1200000,1200000,Lethe,ancestor_descendant_still_authorized,0.3,1,0.002531,0.976391,0.975233,0.002216,0.01023,0.001971,0.002274
LegalBench-RAG,1200000,1200000,Lethe,ancestor_descendant_still_authorized,0.3,2,0.001801,0.976601,0.978911,0.000928,0.011709,0.002508,0.00209
LegalBench-RAG,1200000,1200000,Lethe,ancestor_descendant_still_authorized,0.3,3,0.001672,0.976218,0.974047,0.001948,0.009988,0.001833,0.003025
LegalBench-RAG,1200000,1200000,Lethe,ancestor_descendant_still_authorized,0.3,4,0.001336,0.97555,0.975832,0.003237,0.021334,0.003193,0.001421
LegalBench-RAG,1200000,1200000,Lethe,ancestor_descendant_still_authorized,0.3,5,0.002597,0.977294,0.979169,0.00132,0.013157,0.001929,0.002167
LegalBench-RAG,1200000,1200000,Lethe,ancestor_descendant_still_authorized,0.3,6,0.003386,0.980176,0.977434,0.002341,0.008938,0.002143,0.002351
LegalBench-RAG,1200000,1200000,Lethe,ancestor_descendant_still_authorized,0.3,7,0.002702,0.977151,0.97484,0.003348,0.02109,0.000842,0.003187
LegalBench-RAG,1200000,1200000,Lethe,ancestor_descendant_still_authorized,0.3,8,0.003877,0.97878,0.974612,0.002275,0.013654,0.000205,0.002775
LegalBench-RAG,1200000,1200000,Lethe,ancestor_descendant_still_authorized,0.3,9,0.001606,0.977633,0.975681,0.002203,0.020667,0.002497,0.002774
LegalBench-RAG,1200000,1200000,Lethe,revoked_user,0.4,0,0.012243,0.979501,0.980171,0.009041,0.006787,0.0,0.001652
LegalBench-RAG,1200000,1200000,Lethe,revoked_user,0.4,1,0.015832,0.976572,0.974958,0.011842,0.029412,0.001017,0.002523
LegalBench-RAG,1200000,1200000,Lethe,revoked_user,0.4,2,0.012141,0.981381,0.975534,0.011573,0.011696,0.00211,0.003568
LegalBench-RAG,1200000,1200000,Lethe,revoked_user,0.4,3,0.008802,0.973782,0.978033,0.007431,0.008085,0.001332,0.0021
LegalBench-RAG,1200000,1200000,Lethe,revoked_user,0.4,4,0.013978,0.976373,0.975569,0.011086,0.019091,0.002745,0.003761
LegalBench-RAG,1200000,1200000,Lethe,revoked_user,0.4,5,0.012009,0.979991,0.9746,0.010692,0.016476,9.3e-05,0.001099
LegalBench-RAG,1200000,1200000,Lethe,revoked_user,0.4,6,0.01309,0.978107,0.977728,0.010753,0.015687,0.003129,0.002844
LegalBench-RAG,1200000,1200000,Lethe,revoked_user,0.4,7,0.009325,0.979726,0.975434,0.006479,0.020631,0.001357,0.00059
LegalBench-RAG,1200000,1200000,Lethe,revoked_user,0.4,8,0.011903,0.976244,0.978752,0.009154,0.016296,0.002351,0.00258
LegalBench-RAG,1200000,1200000,Lethe,revoked_user,0.4,9,0.009597,0.978179,0.9777,0.008067,0.015179,0.002814,0.002311
LegalBench-RAG,1200000,1200000,Lethe,same_role_still_authorized,0.4,0,0.002536,0.97658,0.976574,0.002136,0.022481,0.003444,0.002339
LegalBench-RAG,1200000,1200000,Lethe,same_role_still_authorized,0.4,1,0.004641,0.978652,0.974923,0.003798,0.017469,0.003011,0.001733
LegalBench-RAG,1200000,1200000,Lethe,same_role_still_authorized,0.4,2,0.002498,0.979747,0.975069,0.003775,0.011972,0.001537,0.00099
LegalBench-RAG,1200000,1200000,Lethe,same_role_still_authorized,0.4,3,0.003955,0.975809,0.975659,0.005767,0.013627,0.00198,0.002689
LegalBench-RAG,1200000,1200000,Lethe,same_role_still_authorized,0.4,4,0.001823,0.974931,0.977713,0.002388,0.018106,0.001002,0.002584
LegalBench-RAG,1200000,1200000,Lethe,same_role_still_authorized,0.4,5,0.002372,0.974995,0.975272,0.001251,0.022544,0.001578,0.002974
LegalBench-RAG,1200000,1200000,Lethe,same_role_still_authorized,0.4,6,0.002719,0.977191,0.978979,0.002617,0.014508,0.002765,0.003409
LegalBench-RAG,1200000,1200000,Lethe,same_role_still_authorized,0.4,7,0.004409,0.977471,0.977517,0.003772,0.010797,0.001042,0.001542
LegalBench-RAG,1200000,1200000,Lethe,same_role_still_authorized,0.4,8,0.001872,0.9751,0.977144,0.001753,0.024693,0.002464,0.003172
LegalBench-RAG,1200000,1200000,Lethe,same_role_still_authorized,0.4,9,0.002002,0.97494,0.975791,0.001092,0.018336,0.00201,0.001655
LegalBench-RAG,1200000,1200000,Lethe,different_role_still_authorized,0.4,0,0.004123,0.97589,0.978893,0.004289,0.006154,0.001692,0.000258
LegalBench-RAG,1200000,1200000,Lethe,different_role_still_authorized,0.4,1,0.001715,0.977727,0.976004,0.003853,0.004725,0.000403,0.002868
LegalBench-RAG,1200000,1200000,Lethe,different_role_still_authorized,0.4,2,0.001565,0.976268,0.975946,0.000442,0.006016,0.003024,0.001557
LegalBench-RAG,1200000,1200000,Lethe,different_role_still_authorized,0.4,3,0.003249,0.977797,0.9773,0.001577,0.032366,0.003265,0.002537
LegalBench-RAG,1200000,1200000,Lethe,different_role_still_authorized,0.4,4,0.004727,0.976411,0.977387,0.00469,0.015483,0.002439,0.002504
LegalBench-RAG,1200000,1200000,Lethe,different_role_still_authorized,0.4,5,0.002418,0.976186,0.97937,0.001902,0.009521,0.001738,0.002588
LegalBench-RAG,1200000,1200000,Lethe,different_role_still_authorized,0.4,6,0.003282,0.976879,0.978221,0.004175,0.009451,0.000668,0.003793
LegalBench-RAG,1200000,1200000,Lethe,different_role_still_authorized,0.4,7,0.003666,0.976654,0.97826,0.004174,0.020797,0.000547,0.002428
LegalBench-RAG,1200000,1200000,Lethe,different_role_still_authorized,0.4,8,0.001688,0.976317,0.976166,0.002405,0.018282,0.002175,0.002793
LegalBench-RAG,1200000,1200000,Lethe,different_role_still_authorized,0.4,9,0.001318,0.975373,0.979305,0.00164,0.013655,0.001158,0.003005
LegalBench-RAG,1200000,1200000,Lethe,ancestor_descendant_still_authorized,0.4,0,0.001472,0.97775,0.978069,0.001926,0.013284,0.00221,0.001856
LegalBench-RAG,1200000,1200000,Lethe,ancestor_descendant_still_authorized,0.4,1,0.004182,0.976803,0.975209,0.002542,0.006561,0.002055,0.001798
LegalBench-RAG,1200000,1200000,Lethe,ancestor_descendant_still_authorized,0.4,2,0.00113,0.974844,0.976853,0.001593,0.028729,0.001664,0.001948
LegalBench-RAG,1200000,1200000,Lethe,ancestor_descendant_still_authorized,0.4,3,0.000576,0.976203,0.981279,0.001697,0.011995,0.000873,0.001435
LegalBench-RAG,1200000,1200000,Lethe,ancestor_descendant_still_authorized,0.4,4,0.000113,0.975515,0.979295,0.0,0.014042,0.00235,0.000911
LegalBench-RAG,1200000,1200000,Lethe,ancestor_descendant_still_authorized,0.4,5,0.004452,0.975316,0.974345,0.002931,0.015653,0.002259,0.000987
LegalBench-RAG,1200000,1200000,Lethe,ancestor_descendant_still_authorized,0.4,6,0.001692,0.975801,0.977938,0.002896,0.016612,0.002571,0.002463
LegalBench-RAG,1200000,1200000,Lethe,ancestor_descendant_still_authorized,0.4,7,0.001863,0.975792,0.974656,0.001181,0.011967,0.001989,0.001608
LegalBench-RAG,1200000,1200000,Lethe,ancestor_descendant_still_authorized,0.4,8,0.004219,0.976724,0.977543,0.001711,0.012959,0.000864,0.002467
LegalBench-RAG,1200000,1200000,Lethe,ancestor_descendant_still_authorized,0.4,9,0.001824,0.979715,0.979148,0.002711,0.021747,0.003033,0.003776
LegalBench-RAG,1200000,1200000,Lethe,revoked_user,0.5,0,0.016772,0.979052,0.976743,0.014289,0.009431,0.003171,0.003073
LegalBench-RAG,1200000,1200000,Lethe,revoked_user,0.5,1,0.013746,0.975802,0.973685,0.011805,0.021648,0.002299,0.003113
LegalBench-RAG,1200000,1200000,Lethe,revoked_user,0.5,2,0.012993,0.977514,0.974911,0.009781,0.017387,0.001759,0.003011
LegalBench-RAG,1200000,1200000,Lethe,revoked_user,0.5,3,0.014733,0.97654,0.977828,0.009956,0.01426,0.003981,0.001731
LegalBench-RAG,1200000,1200000,Lethe,revoked_user,0.5,4,0.01113,0.977682,0.978553,0.008271,0.02567,0.001027,0.002848
LegalBench-RAG,1200000,1200000,Lethe,revoked_user,0.5,5,0.016086,0.979792,0.975929,0.013358,0.017246,0.001249,0.002063
LegalBench-RAG,1200000,1200000,Lethe,revoked_user,0.5,6,0.015262,0.975837,0.980049,0.012575,0.014716,0.002415,0.002086
LegalBench-RAG,1200000,1200000,Lethe,revoked_user,0.5,7,0.013921,0.978975,0.977622,0.010674,0.016529,0.002268,0.001653
LegalBench-RAG,1200000,1200000,Lethe,revoked_user,0.5,8,0.013858,0.97696,0.977778,0.011299,0.019729,0.000172,0.001313
LegalBench-RAG,1200000,1200000,Lethe,revoked_user,0.5,9,0.011076,0.976586,0.975094,0.008218,0.023668,0.002155,0.003602
LegalBench-RAG,1200000,1200000,Lethe,same_role_still_authorized,0.5,0,0.004155,0.977744,0.977495,0.004719,0.014605,0.003245,0.002522
LegalBench-RAG,1200000,1200000,Lethe,same_role_still_authorized,0.5,1,0.003447,0.977903,0.976504,0.003252,0.016067,0.00272,0.001562
LegalBench-RAG,1200000,1200000,Lethe,same_role_still_authorized,0.5,2,0.004625,0.977478,0.977782,0.002993,0.008618,0.001448,0.001082
LegalBench-RAG,1200000,1200000,Lethe,same_role_still_authorized,0.5,3,0.004728,0.980647,0.974218,0.00405,0.006852,0.001566,0.001588
LegalBench-RAG,1200000,1200000,Lethe,same_role_still_authorized,0.5,4,0.001772,0.975959,0.975619,0.001268,0.019979,0.002553,0.003002
LegalBench-RAG,1200000,1200000,Lethe,same_role_still_authorized,0.5,5,0.002096,0.976861,0.974397,0.0,0.013922,0.001073,0.001979
LegalBench-RAG,1200000,1200000,Lethe,same_role_still_authorized,0.5,6,0.001137,0.978787,0.975472,0.000577,0.009375,0.001762,0.002147
LegalBench-RAG,1200000,1200000,Lethe,same_role_still_authorized,0.5,7,0.002603,0.975112,0.979051,0.002556,0.016158,0.003473,0.001601
LegalBench-RAG,1200000,1200000,Lethe,same_role_still_authorized,0.5,8,0.005269,0.978008,0.975946,0.005962,0.011635,0.000628,0.00115
LegalBench-RAG,1200000,1200000,Lethe,same_role_still_authorized,0.5,9,0.003219,0.974716,0.977711,0.002045,0.011982,0.001967,0.004618
LegalBench-RAG,1200000,1200000,Lethe,different_role_still_authorized,0.5,0,0.002107,0.975943,0.975313,0.001325,0.00498,0.002616,0.001641
LegalBench-RAG,1200000,1200000,Lethe,different_role_still_authorized,0.5,1,0.002582,0.976563,0.976301,0.002416,0.005794,0.000582,0.002299
LegalBench-RAG,1200000,1200000,Lethe,different_role_still_authorized,0.5,2,0.004335,0.976569,0.975649,0.002875,0.022352,0.001039,0.002195
LegalBench-RAG,1200000,1200000,Lethe,different_role_still_authorized,0.5,3,0.001044,0.975841,0.97743,0.000878,0.015455,0.002405,0.004914
LegalBench-RAG,1200000,1200000,Lethe,different_role_still_authorized,0.5,4,0.003155,0.97619,0.975119,0.002527,0.018538,0.00153,0.001604
LegalBench-RAG,1200000,1200000,Lethe,different_role_still_authorized,0.5,5,0.002423,0.977016,0.976697,0.002122,0.016558,0.00125,0.002801
LegalBench-RAG,1200000,1200000,Lethe,different_role_still_authorized,0.5,6,0.004917,0.977604,0.977148,0.004161,0.00492,9.5e-05,0.001645
LegalBench-RAG,1200000,1200000,Lethe,different_role_still_authorized,0.5,7,0.002659,0.976263,0.979008,0.001693,0.023717,0.002884,0.004647
LegalBench-RAG,1200000,1200000,Lethe,different_role_still_authorized,0.5,8,0.001504,0.976934,0.976349,0.002325,0.011647,0.002827,0.001417
LegalBench-RAG,1200000,1200000,Lethe,different_role_still_authorized,0.5,9,0.003924,0.978476,0.977892,0.002435,0.01765,0.000754,0.000815
LegalBench-RAG,1200000,1200000,Lethe,ancestor_descendant_still_authorized,0.5,0,0.00328,0.977949,0.976432,0.003317,0.009989,0.001345,0.001045
LegalBench-RAG,1200000,1200000,Lethe,ancestor_descendant_still_authorized,0.5,1,0.003679,0.976401,0.976998,0.003391,0.017697,0.001348,0.001561
LegalBench-RAG,1200000,1200000,Lethe,ancestor_descendant_still_authorized,0.5,2,0.002274,0.979901,0.976475,0.001125,0.022075,0.001632,0.002115
LegalBench-RAG,1200000,1200000,Lethe,ancestor_descendant_still_authorized,0.5,3,0.002903,0.977174,0.976302,0.00237,0.012265,0.001969,0.002862
LegalBench-RAG,1200000,1200000,Lethe,ancestor_descendant_still_authorized,0.5,4,0.003815,0.976755,0.975811,0.003784,0.015937,0.001524,0.003723
LegalBench-RAG,1200000,1200000,Lethe,ancestor_descendant_still_authorized,0.5,5,0.002449,0.978423,0.978338,0.000144,0.017995,0.001926,0.002953
LegalBench-RAG,1200000,1200000,Lethe,ancestor_descendant_still_authorized,0.5,6,0.002508,0.978419,0.977367,0.001443,0.023998,0.0025,0.001419
LegalBench-RAG,1200000,1200000,Lethe,ancestor_descendant_still_authorized,0.5,7,0.001486,0.978286,0.975754,0.002347,0.018844,0.002604,0.001976
LegalBench-RAG,1200000,1200000,Lethe,ancestor_descendant_still_authorized,0.5,8,0.001008,0.974274,0.979624,0.000103,0.016107,0.001256,0.00081
LegalBench-RAG,1200000,1200000,Lethe,ancestor_descendant_still_authorized,0.5,9,0.003662,0.979103,0.977288,0.003761,0.015828,0.001627,0.002299
LegalBench-RAG,1200000,1200000,Lethe,revoked_user,0.1,0,0.00348,0.97872,0.974325,0.001041,0.014224,0.002011,0.000117
LegalBench-RAG,1200000,1200000,Lethe,revoked_user,0.1,1,0.006994,0.975479,0.97594,0.005373,0.007271,0.001112,0.001848
LegalBench-RAG,1200000,1200000,Lethe,revoked_user,0.1,2,0.008967,0.974784,0.97879,0.007284,0.01841,0.001818,0.003072
LegalBench-RAG,1200000,1200000,Lethe,revoked_user,0.1,3,0.006047,0.978501,0.976213,0.003802,0.024447,0.000342,0.0
LegalBench-RAG,1200000,1200000,Lethe,revoked_user,0.1,4,0.007278,0.976643,0.975782,0.005582,0.0,0.003376,0.003044
LegalBench-RAG,1200000,1200000,Lethe,revoked_user,0.1,5,0.007137,0.976605,0.976291,0.004846,0.013935,0.000944,0.001415
LegalBench-RAG,1200000,1200000,Lethe,revoked_user,0.1,6,0.007402,0.978511,0.978238,0.0073,0.015198,0.002976,0.002158
LegalBench-RAG,1200000,1200000,Lethe,revoked_user,0.1,7,0.005916,0.976248,0.975348,0.00583,0.0171,0.002534,0.003603
LegalBench-RAG,1200000,1200000,Lethe,revoked_user,0.1,8,0.005345,0.977709,0.980854,0.005033,0.011947,0.002331,0.001761
LegalBench-RAG,1200000,1200000,Lethe,revoked_user,0.1,9,0.004915,0.976461,0.976769,0.003133,0.014538,0.002877,0.001558
LegalBench-RAG,1200000,1200000,Lethe,same_role_still_authorized,0.1,0,0.034044,0.977054,0.97625,0.027483,0.028111,0.002912,0.002562
LegalBench-RAG,1200000,1200000,Lethe,same_role_still_authorized,0.1,1,0.032123,0.97661,0.973236,0.026008,0.010225,0.002493,0.001247
LegalBench-RAG,1200000,1200000,Lethe,same_role_still_authorized,0.1,2,0.030785,0.977603,0.975438,0.026439,0.008194,0.002737,0.000326
LegalBench-RAG,1200000,1200000,Lethe,same_role_still_authorized,0.1,3,0.035308,0.975386,0.976767,0.02739,0.0,0.001902,0.001662
LegalBench-RAG,1200000,1200000,Lethe,same_role_still_authorized,0.1,4,0.032752,0.978078,0.97754,0.025058,0.015121,0.0029,0.004057
LegalBench-RAG,1200000,1200000,Lethe,same_role_still_authorized,0.1,5,0.029254,0.979474,0.976228,0.023614,0.011036,0.003481,0.002507
LegalBench-RAG,1200000,1200000,Lethe,same_role_still_authorized,0.1,6,0.027042,0.974813,0.976448,0.02266,0.013775,0.002031,0.001177
LegalBench-RAG,1200000,1200000,Lethe,same_role_still_authorized,0.1,7,0.02368,0.97857,0.979668,0.020405,0.01795,0.002922,0.001923
LegalBench-RAG,1200000,1200000,Lethe,same_role_still_authorized,0.1,8,0.028672,0.978684,0.976916,0.02171,0.020152,0.001963,0.00046
LegalBench-RAG,1200000,1200000,Lethe,same_role_still_authorized,0.1,9,0.033579,0.97618,0.974643,0.025901,0.008088,0.002713,0.003103
LegalBench-RAG,1200000,1200000,Lethe,different_role_still_authorized,0.1,0,0.001755,0.974706,0.977251,0.001382,0.021467,0.001056,0.002643
LegalBench-RAG,1200000,1200000,Lethe,different_role_still_authorized,0.1,1,0.00243,0.978632,0.977317,0.001543,0.009038,4e-05,0.003002
LegalBench-RAG,1200000,1200000,Lethe,different_role_still_authorized,0.1,2,0.002324,0.97673,0.976888,0.002946,0.016061,0.001568,0.003187
LegalBench-RAG,1200000,1200000,Lethe,different_role_still_authorized,0.1,3,0.001103,0.975183,0.974921,0.000551,0.020974,0.0021,0.003014
LegalBench-RAG,1200000,1200000,Lethe,different_role_still_authorized,0.1,4,0.000251,0.97605,0.977921,0.000935,0.009255,0.001903,0.001713
LegalBench-RAG,1200000,1200000,Lethe,different_role_still_authorized,0.1,5,0.000542,0.975847,0.976185,0.0,0.01359,0.000519,0.000715
LegalBench-RAG,1200000,1200000,Lethe,different_role_still_authorized,0.1,6,0.00169,0.979189,0.978286,0.001655,0.015828,0.001914,0.002135
LegalBench-RAG,1200000,1200000,Lethe,different_role_still_authorized,0.1,7,0.001761,0.977658,0.977483,0.000511,0.011553,0.002153,0.00096
LegalBench-RAG,1200000,1200000,Lethe,different_role_still_authorized,0.1,8,0.0,0.978405,0.975097,0.0,0.005656,0.001601,0.002242
LegalBench-RAG,1200000,1200000,Lethe,different_role_still_authorized,0.1,9,0.002168,0.97739,0.976337,0.000567,0.012322,0.002951,0.001199
LegalBench-RAG,1200000,1200000,Lethe,ancestor_descendant_still_authorized,0.1,0,0.001475,0.976471,0.977687,0.001893,0.009956,0.003549,0.000882
LegalBench-RAG,1200000,1200000,Lethe,ancestor_descendant_still_authorized,0.1,1,0.003178,0.976264,0.977365,0.003325,0.018702,0.002309,0.001546
LegalBench-RAG,1200000,1200000,Lethe,ancestor_descendant_still_authorized,0.1,2,0.002789,0.975522,0.97943,0.001994,0.010989,0.002294,0.001934
LegalBench-RAG,1200000,1200000,Lethe,ancestor_descendant_still_authorized,0.1,3,0.001367,0.976484,0.979592,0.003534,0.009719,0.002639,0.001526
LegalBench-RAG,1200000,1200000,Lethe,ancestor_descendant_still_authorized,0.1,4,0.001781,0.976287,0.981671,0.0,0.018513,0.003574,0.002531
LegalBench-RAG,1200000,1200000,Lethe,ancestor_descendant_still_authorized,0.1,5,0.003444,0.977898,0.975924,0.003382,0.00944,0.002595,0.001577
LegalBench-RAG,1200000,1200000,Lethe,ancestor_descendant_still_authorized,0.1,6,0.001572,0.977246,0.976987,0.000906,0.028396,0.000872,0.000383
LegalBench-RAG,1200000,1200000,Lethe,ancestor_descendant_still_authorized,0.1,7,0.002815,0.977086,0.978286,0.001634,0.010939,0.003276,0.001019
LegalBench-RAG,1200000,1200000,Lethe,ancestor_descendant_still_authorized,0.1,8,0.001975,0.97789,0.974506,0.002451,0.019162,0.001935,0.002826
LegalBench-RAG,1200000,1200000,Lethe,ancestor_descendant_still_authorized,0.1,9,0.000993,0.97696,0.977529,0.00027,0.018184,0.004002,0.003005
LegalBench-RAG,1200000,1200000,Lethe,revoked_user,0.2,0,0.010914,0.979216,0.97745,0.008277,0.007572,0.002012,0.0
LegalBench-RAG,1200000,1200000,Lethe,revoked_user,0.2,1,0.011952,0.978179,0.976907,0.009145,0.020825,0.00074,0.001172
LegalBench-RAG,1200000,1200000,Lethe,revoked_user,0.2,2,0.008314,0.974551,0.975426,0.006594,0.017804,0.003479,0.002294
LegalBench-RAG,1200000,1200000,Lethe,revoked_user,0.2,3,0.011692,0.97771,0.977001,0.009637,0.010553,0.002642,0.002151
LegalBench-RAG,1200000,1200000,Lethe,revoked_user,0.2,4,0.007313,0.974261,0.976874,0.006007,0.016478,0.000768,0.001504
LegalBench-RAG,1200000,1200000,Lethe,revoked_user,0.2,5,0.011646,0.978696,0.979151,0.00828,0.013957,0.003082,0.00191
LegalBench-RAG,1200000,1200000,Lethe,revoked_user,0.2,6,0.008913,0.977085,0.977039,0.006484,0.024274,0.001862,0.003003
LegalBench-RAG,1200000,1200000,Lethe,revoked_user,0.2,7,0.008395,0.975766,0.97682,0.006898,0.009655,0.001856,0.005687
LegalBench-RAG,1200000,1200000,Lethe,revoked_user,0.2,8,0.010372,0.977696,0.976451,0.007968,0.012637,0.001335,0.001039
LegalBench-RAG,1200000,1200000,Lethe,revoked_user,0.2,9,0.010465,0.977557,0.977384,0.00852,0.013555,0.000383,0.003002
LegalBench-RAG,1200000,1200000,Lethe,same_role_still_authorized,0.2,0,0.035404,0.977978,0.978714,0.02866,0.01641,0.002822,0.001985
LegalBench-RAG,1200000,1200000,Lethe,same_role_still_authorized,0.2,1,0.033848,0.978475,0.977053,0.027414,0.012401,0.002211,0.001742
LegalBench-RAG,1200000,1200000,Lethe,same_role_still_authorized,0.2,2,0.037436,0.979493,0.977015,0.029998,0.015157,0.003268,0.001248
LegalBench-RAG,1200000,1200000,Lethe,same_role_still_authorized,0.2,3,0.030744,0.977942,0.977225,0.025148,0.014555,0.003119,0.00083
LegalBench-RAG,1200000,1200000,Lethe,same_role_still_authorized,0.2,4,0.036751,0.979388,0.973286,0.029592,0.017269,0.002873,0.001139
LegalBench-RAG,1200000,1200000,Lethe,same_role_still_authorized,0.2,5,0.041341,0.976032,0.978605,0.032467,0.019527,0.001278,0.000695
LegalBench-RAG,1200000,1200000,Lethe,same_role_still_authorized,0.2,6,0.028968,0.974433,0.976643,0.0228,0.021646,0.002021,0.002659
LegalBench-RAG,1200000,1200000,Lethe,same_role_still_authorized,0.2,7,0.030627,0.977344,0.977056,0.024118,0.014501,0.002747,0.002118
LegalBench-RAG,1200000,1200000,Lethe,same_role_still_authorized,0.2,8,0.033853,0.976764,0.977128,0.026989,0.016788,0.003861,0.002465
LegalBench-RAG,1200000,1200000,Lethe,same_role_still_authorized,0.2,9,0.035497,0.976733,0.979235,0.028868,0.01471,0.00161,0.002161
LegalBench-RAG,1200000,1200000,Lethe,different_role_still_authorized,0.2,0,0.000613,0.976836,0.978265,0.000581,0.010187,0.001827,0.001975
LegalBench-RAG,1200000,1200000,Lethe,different_role_still_authorized,0.2,1,0.001459,0.979215,0.976698,0.0026,0.021033,0.001435,0.003591
LegalBench-RAG,1200000,1200000,Lethe,different_role_still_authorized,0.2,2,0.002573,0.976277,0.9753,0.002135,0.017545,0.001504,0.000331
LegalBench-RAG,1200000,1200000,Lethe,different_role_still_authorized,0.2,3,0.001737,0.976194,0.977429,0.002892,0.02172,0.002421,0.002991
LegalBench-RAG,1200000,1200000,Lethe,different_role_still_authorized,0.2,4,0.001289,0.978197,0.977863,0.001358,0.008839,0.002041,0.001907
LegalBench-RAG,1200000,1200000,Lethe,different_role_still_authorized,0.2,5,0.003399,0.974941,0.975535,0.001262,0.016804,0.0014,0.00222
LegalBench-RAG,1200000,1200000,Lethe,different_role_still_authorized,0.2,6,0.002832,0.977898,0.97785,0.0,0.012917,0.001429,0.002797
LegalBench-RAG,1200000,1200000,Lethe,different_role_still_authorized,0.2,7,0.00327,0.976783,0.976948,0.00297,0.024568,0.002067,0.002486
LegalBench-RAG,1200000,1200000,Lethe,different_role_still_authorized,0.2,8,0.003846,0.976617,0.975238,0.001942,0.014084,0.001142,0.003554
LegalBench-RAG,1200000,1200000,Lethe,different_role_still_authorized,0.2,9,0.002355,0.977289,0.978376,0.002625,0.018306,0.001918,0.000572
LegalBench-RAG,1200000,1200000,Lethe,ancestor_descendant_still_authorized,0.2,0,0.00246,0.980007,0.975504,0.001156,0.016922,0.000836,0.002182
LegalBench-RAG,1200000,1200000,Lethe,ancestor_descendant_still_authorized,0.2,1,0.001669,0.976452,0.975405,0.00068,0.013125,0.0,0.001878
LegalBench-RAG,1200000,1200000,Lethe,ancestor_descendant_still_authorized,0.2,2,0.000827,0.977884,0.978706,0.0,0.016241,0.003049,0.003182
LegalBench-RAG,1200000,1200000,Lethe,ancestor_descendant_still_authorized,0.2,3,0.001889,0.976571,0.97736,0.001551,0.017048,0.002886,0.000944
LegalBench-RAG,1200000,1200000,Lethe,ancestor_descendant_still_authorized,0.2,4,0.003087,0.980803,0.975136,0.002512,0.017743,0.002489,0.002021
LegalBench-RAG,1200000,1200000,Lethe,ancestor_descendant_still_authorized,0.2,5,0.002574,0.975735,0.975793,0.001806,0.016677,0.00309,0.001979
LegalBench-RAG,1200000,1200000,Lethe,ancestor_descendant_still_authorized,0.2,6,0.000408,0.978156,0.97743,0.0,0.015408,0.002302,0.001712
LegalBench-RAG,1200000,1200000,Lethe,ancestor_descendant_still_authorized,0.2,7,0.002062,0.976075,0.974389,0.001986,0.027777,0.001747,0.002034
LegalBench-RAG,1200000,1200000,Lethe,ancestor_descendant_still_authorized,0.2,8,0.005209,0.97695,0.975942,0.003936,0.011964,0.002024,0.002451
LegalBench-RAG,1200000,1200000,Lethe,ancestor_descendant_still_authorized,0.2,9,0.001445,0.978516,0.975765,0.001011,0.021279,0.001138,0.001926
LegalBench-RAG,1200000,1200000,Lethe,revoked_user,0.3,0,0.007185,0.978714,0.977627,0.006382,0.012651,0.001453,0.00254
LegalBench-RAG,1200000,1200000,Lethe,revoked_user,0.3,1,0.013143,0.974681,0.975425,0.012472,0.026782,0.000342,0.001556
LegalBench-RAG,1200000,1200000,Lethe,revoked_user,0.3,2,0.010102,0.976231,0.979507,0.010209,0.010944,0.002544,0.002128
LegalBench-RAG,1200000,1200000,Lethe,revoked_user,0.3,3,0.01141,0.97577,0.976236,0.009334,0.005256,0.001391,0.002605
LegalBench-RAG,1200000,1200000,Lethe,revoked_user,0.3,4,0.007125,0.976853,0.977314,0.005975,0.007702,0.00287,0.001426
LegalBench-RAG,1200000,1200000,Lethe,revoked_user,0.3,5,0.014883,0.977284,0.978393,0.01147,0.017417,0.002401,0.001269
LegalBench-RAG,1200000,1200000,Lethe,revoked_user,0.3,6,0.008664,0.979761,0.976315,0.007501,0.011113,0.002322,0.001394
LegalBench-RAG,1200000,1200000,Lethe,revoked_user,0.3,7,0.008386,0.979633,0.977033,0.007825,0.009306,0.00284,0.002134
LegalBench-RAG,1200000,1200000,Lethe,revoked_user,0.3,8,0.010451,0.978134,0.975731,0.009614,0.023154,0.000294,0.002675
LegalBench-RAG,1200000,1200000,Lethe,revoked_user,0.3,9,0.009513,0.976244,0.977645,0.007841,0.016087,0.002781,0.002513
LegalBench-RAG,1200000,1200000,Lethe,same_role_still_authorized,0.3,0,0.039632,0.975814,0.977419,0.033716,0.008302,0.001926,0.003718
LegalBench-RAG,1200000,1200000,Lethe,same_role_still_authorized,0.3,1,0.039656,0.980111,0.975653,0.032616,0.014186,0.002526,0.001212
LegalBench-RAG,1200000,1200000,Lethe,same_role_still_authorized,0.3,2,0.030013,0.979989,0.974968,0.025377,0.007543,0.001414,0.003918
LegalBench-RAG,1200000,1200000,Lethe,same_role_still_authorized,0.3,3,0.036277,0.974823,0.975573,0.02848,0.022677,0.002031,0.002917
LegalBench-RAG,1200000,1200000,Lethe,same_role_still_authorized,0.3,4,0.037733,0.978272,0.976534,0.030503,0.016452,0.00111,0.00231
LegalBench-RAG,1200000,1200000,Lethe,same_role_still_authorized,0.3,5,0.032246,0.975175,0.977087,0.027434,0.020478,0.00248,0.001728
LegalBench-RAG,1200000,1200000,Lethe,same_role_still_authorized,0.3,6,0.029854,0.974095,0.977757,0.022993,0.018642,0.002724,0.002197
LegalBench-RAG,1200000,1200000,Lethe,same_role_still_authorized,0.3,7,0.041336,0.976257,0.975761,0.033929,0.021238,0.002191,0.001655
LegalBench-RAG,1200000,1200000,Lethe,same_role_still_authorized,0.3,8,0.040652,0.978122,0.974783,0.033,0.019618,0.003602,0.002088
LegalBench-RAG,1200000,1200000,Lethe,same_role_still_authorized,0.3,9,0.04162,0.976077,0.974805,0.03411,0.009763,0.001247,0.0001
LegalBench-RAG,1200000,1200000,Lethe,different_role_still_authorized,0.3,0,0.001194,0.97635,0.976097,0.000386,0.025656,0.003014,0.003215
LegalBench-RAG,1200000,1200000,Lethe,different_role_still_authorized,0.3,1,0.00249,0.977225,0.97846,0.003089,0.01731,0.002216,0.001254
LegalBench-RAG,1200000,1200000,Lethe,different_role_still_authorized,0.3,2,0.001864,0.977214,0.977122,0.0,0.021794,0.002614,0.001039
LegalBench-RAG,1200000,1200000,Lethe,different_role_still_authorized,0.3,3,0.001808,0.976958,0.977319,0.001272,0.015597,0.002012,0.00226
LegalBench-RAG,1200000,1200000,Lethe,different_role_still_authorized,0.3,4,0.002867,0.977314,0.976518,0.001406,0.013406,0.004015,0.001762
LegalBench-RAG,1200000,1200000,Lethe,different_role_still_authorized,0.3,5,0.002263,0.976852,0.980256,0.000518,0.022314,0.0,0.000974
LegalBench-RAG,1200000,1200000,Lethe,different_role_still_authorized,0.3,6,0.002664,0.974804,0.977623,0.00225,0.010057,0.002592,0.002762
LegalBench-RAG,1200000,1200000,Lethe,different_role_still_authorized,0.3,7,0.002317,0.977746,0.974291,0.003714,0.014404,0.003496,0.001279
LegalBench-RAG,1200000,1200000,Lethe,different_role_still_authorized,0.3,8,0.002423,0.975043,0.976674,0.002244,0.021187,0.000787,0.000904
LegalBench-RAG,1200000,1200000,Lethe,different_role_still_authorized,0.3,9,0.001977,0.977328,0.973483,0.002839,0.011927,0.001022,0.001607
LegalBench-RAG,1200000,1200000,Lethe,ancestor_descendant_still_authorized,0.3,0,0.00152,0.979084,0.974194,0.0,0.015812,0.003273,0.001673
LegalBench-RAG,1200000,1200000,Lethe,ancestor_descendant_still_authorized,0.3,1,0.002894,0.977655,0.97876,0.004317,0.016241,0.001041,0.002078
LegalBench-RAG,1200000,1200000,Lethe,ancestor_descendant_still_authorized,0.3,2,0.002148,0.978729,0.979169,0.000985,0.017099,0.002757,0.001743
LegalBench-RAG,1200000,1200000,Lethe,ancestor_descendant_still_authorized,0.3,3,0.002243,0.976946,0.97911,0.002754,0.013969,0.00205,0.001541
LegalBench-RAG,1200000,1200000,Lethe,ancestor_descendant_still_authorized,0.3,4,0.002305,0.977339,0.97919,0.002506,0.017248,0.000979,0.002669
LegalBench-RAG,1200000,1200000,Lethe,ancestor_descendant_still_authorized,0.3,5,0.003919,0.977775,0.977495,0.002653,0.029384,0.00257,0.002939
LegalBench-RAG,1200000,1200000,Lethe,ancestor_descendant_still_authorized,0.3,6,0.0019,0.978901,0.979335,0.000928,0.014837,0.002506,0.002694
LegalBench-RAG,1200000,1200000,Lethe,ancestor_descendant_still_authorized,0.3,7,0.002149,0.975352,0.976626,0.001162,0.010871,0.002815,0.002288
LegalBench-RAG,1200000,1200000,Lethe,ancestor_descendant_still_authorized,0.3,8,0.002477,0.977046,0.979385,0.002628,0.020532,0.0,0.003004
LegalBench-RAG,1200000,1200000,Lethe,ancestor_descendant_still_authorized,0.3,9,0.001043,0.976022,0.976635,0.000711,0.015342,0.00206,0.003361
LegalBench-RAG,1200000,1200000,Lethe,revoked_user,0.4,0,0.01127,0.976608,0.976823,0.006952,0.020124,0.00346,0.004916
LegalBench-RAG,1200000,1200000,Lethe,revoked_user,0.4,1,0.009671,0.976555,0.975732,0.007422,0.014098,0.002725,0.002857
LegalBench-RAG,1200000,1200000,Lethe,revoked_user,0.4,2,0.012343,0.97703,0.978038,0.010884,0.010647,0.002085,0.002499
LegalBench-RAG,1200000,1200000,Lethe,revoked_user,0.4,3,0.009139,0.976331,0.973932,0.007468,0.012586,0.001074,0.002345
LegalBench-RAG,1200000,1200000,Lethe,revoked_user,0.4,4,0.01395,0.978075,0.980482,0.010855,0.028534,0.00281,0.001803
LegalBench-RAG,1200000,1200000,Lethe,revoked_user,0.4,5,0.015424,0.976974,0.977501,0.012754,0.019705,0.002649,0.002931
LegalBench-RAG,1200000,1200000,Lethe,revoked_user,0.4,6,0.012249,0.975188,0.975197,0.010343,0.011548,0.003366,0.000144
LegalBench-RAG,1200000,1200000,Lethe,revoked_user,0.4,7,0.009343,0.974071,0.977494,0.005996,0.013481,0.002633,0.002605
LegalBench-RAG,1200000,1200000,Lethe,revoked_user,0.4,8,0.009256,0.978383,0.979375,0.007748,0.017862,0.003737,0.001073
LegalBench-RAG,1200000,1200000,Lethe,revoked_user,0.4,9,0.011497,0.976883,0.975043,0.010026,0.013226,0.003078,0.003096
LegalBench-RAG,1200000,1200000,Lethe,same_role_still_authorized,0.4,0,0.036343,0.976388,0.975522,0.030274,0.010308,2.1e-05,0.00276
LegalBench-RAG,1200000,1200000,Lethe,same_role_still_authorized,0.4,1,0.038963,0.978115,0.97598,0.030526,0.020897,0.001722,0.003384
LegalBench-RAG,1200000,1200000,Lethe,same_role_still_authorized,0.4,2,0.040897,0.974267,0.976184,0.033413,0.01293,0.002709,0.002273
LegalBench-RAG,1200000,1200000,Lethe,same_role_still_authorized,0.4,3,0.039888,0.978855,0.977079,0.03167,0.002991,0.001763,0.003054
LegalBench-RAG,1200000,1200000,Lethe,same_role_still_authorized,0.4,4,0.043724,0.976163,0.976519,0.034637,0.015019,0.002003,0.001833
LegalBench-RAG,1200000,1200000,Lethe,same_role_still_authorized,0.4,5,0.043263,0.976937,0.976017,0.033981,0.017084,0.004329,0.003237
LegalBench-RAG,1200000,1200000,Lethe,same_role_still_authorized,0.4,6,0.037657,0.974095,0.977783,0.031994,0.012891,0.0,0.00051
LegalBench-RAG,1200000,1200000,Lethe,same_role_still_authorized,0.4,7,0.044751,0.974075,0.974926,0.03642,0.016709,0.003384,0.001671
LegalBench-RAG,1200000,1200000,Lethe,same_role_still_authorized,0.4,8,0.035248,0.976335,0.976091,0.027036,0.014683,0.002168,0.001578
LegalBench-RAG,1200000,1200000,Lethe,same_role_still_authorized,0.4,9,0.039555,0.976389,0.975251,0.033264,0.01558,0.001015,0.002058
LegalBench-RAG,1200000,1200000,Lethe,different_role_still_authorized,0.4,0,0.00075,0.979628,0.974014,0.000832,0.016661,0.002594,0.00206
LegalBench-RAG,1200000,1200000,Lethe,different_role_still_authorized,0.4,1,0.002195,0.978082,0.977407,0.002774,0.010013,0.003366,0.000672
LegalBench-RAG,1200000,1200000,Lethe,different_role_still_authorized,0.4,2,0.000782,0.977279,0.976581,0.001752,0.01491,0.002009,0.001676
LegalBench-RAG,1200000,1200000,Lethe,different_role_still_authorized,0.4,3,0.002753,0.975769,0.975697,0.003196,0.017658,0.001571,0.001295
LegalBench-RAG,1200000,1200000,Lethe,different_role_still_authorized,0.4,4,0.000526,0.976216,0.976528,0.000923,0.011815,0.004146,0.001742
LegalBench-RAG,1200000,1200000,Lethe,different_role_still_authorized,0.4,5,0.002902,0.974884,0.977319,0.000394,0.019263,0.000767,0.002151
LegalBench-RAG,1200000,1200000,Lethe,different_role_still_authorized,0.4,6,0.002208,0.980623,0.97657,0.001681,0.006276,0.003572,0.004654
LegalBench-RAG,1200000,1200000,Lethe,different_role_still_authorized,0.4,7,0.002025,0.974673,0.976037,0.003492,0.020603,0.003098,0.002106
LegalBench-RAG,1200000,1200000,Lethe,different_role_still_authorized,0.4,8,0.000827,0.979046,0.974772,0.001558,0.001653,0.002038,0.00238
LegalBench-RAG,1200000,1200000,Lethe,different_role_still_authorized,0.4,9,0.003269,0.976082,0.976468,0.003256,0.008992,0.000754,0.002663
LegalBench-RAG,1200000,1200000,Lethe,ancestor_descendant_still_authorized,0.4,0,0.003329,0.975296,0.977065,0.002947,0.017503,0.005356,0.002516
LegalBench-RAG,1200000,1200000,Lethe,ancestor_descendant_still_authorized,0.4,1,0.001861,0.978914,0.978278,0.001463,0.015148,0.003727,0.001833
LegalBench-RAG,1200000,1200000,Lethe,ancestor_descendant_still_authorized,0.4,2,0.003196,0.976844,0.976351,0.001495,0.018159,0.001682,0.003406
LegalBench-RAG,1200000,1200000,Lethe,ancestor_descendant_still_authorized,0.4,3,0.003301,0.976579,0.979139,0.002032,0.015947,0.002707,0.001958
LegalBench-RAG,1200000,1200000,Lethe,ancestor_descendant_still_authorized,0.4,4,0.002001,0.978366,0.976705,0.003721,0.012293,0.001167,0.002788
LegalBench-RAG,1200000,1200000,Lethe,ancestor_descendant_still_authorized,0.4,5,0.003197,0.977364,0.973998,0.003265,0.025053,0.001628,0.002085
LegalBench-RAG,1200000,1200000,Lethe,ancestor_descendant_still_authorized,0.4,6,0.001792,0.977595,0.978266,0.00128,0.012108,0.002472,0.001536
LegalBench-RAG,1200000,1200000,Lethe,ancestor_descendant_still_authorized,0.4,7,0.003065,0.977896,0.975322,0.003683,0.012157,0.002072,0.003117
LegalBench-RAG,1200000,1200000,Lethe,ancestor_descendant_still_authorized,0.4,8,0.001949,0.979511,0.978204,0.001103,0.018325,0.000676,0.00108
LegalBench-RAG,1200000,1200000,Lethe,ancestor_descendant_still_authorized,0.4,9,0.002301,0.976937,0.97644,0.002567,0.018259,0.001997,0.002073
LegalBench-RAG,1200000,1200000,Lethe,revoked_user,0.5,0,0.014681,0.975428,0.974164,0.009968,0.011967,0.001533,0.001706
LegalBench-RAG,1200000,1200000,Lethe,revoked_user,0.5,1,0.014337,0.97828,0.979718,0.011419,0.009311,0.003364,0.002946
LegalBench-RAG,1200000,1200000,Lethe,revoked_user,0.5,2,0.013991,0.975511,0.979231,0.010696,0.006561,0.001305,0.001607
LegalBench-RAG,1200000,1200000,Lethe,revoked_user,0.5,3,0.014021,0.981105,0.97762,0.01186,0.022929,0.002953,0.002605
LegalBench-RAG,1200000,1200000,Lethe,revoked_user,0.5,4,0.011082,0.976356,0.974876,0.008774,0.009186,0.001193,0.002385
LegalBench-RAG,1200000,1200000,Lethe,revoked_user,0.5,5,0.011534,0.978523,0.978116,0.011079,0.012485,0.002145,0.001406
LegalBench-RAG,1200000,1200000,Lethe,revoked_user,0.5,6,0.01642,0.977382,0.979238,0.012372,0.008787,0.002269,0.002127
LegalBench-RAG,1200000,1200000,Lethe,revoked_user,0.5,7,0.013263,0.977644,0.977679,0.007849,0.011859,0.001836,0.004609
LegalBench-RAG,1200000,1200000,Lethe,revoked_user,0.5,8,0.012621,0.97712,0.979419,0.009435,0.002601,0.001841,0.001311
LegalBench-RAG,1200000,1200000,Lethe,revoked_user,0.5,9,0.010583,0.977332,0.976248,0.010109,0.025346,0.002088,0.001179
LegalBench-RAG,1200000,1200000,Lethe,same_role_still_authorized,0.5,0,0.048452,0.979462,0.978038,0.038981,0.027671,0.001562,0.0
LegalBench-RAG,1200000,1200000,Lethe,same_role_still_authorized,0.5,1,0.048832,0.977547,0.975899,0.03834,0.01285,0.000622,0.002851
LegalBench-RAG,1200000,1200000,Lethe,same_role_still_authorized,0.5,2,0.044302,0.974398,0.978308,0.035716,0.0127,0.004204,0.003089
LegalBench-RAG,1200000,1200000,Lethe,same_role_still_authorized,0.5,3,0.051662,0.976647,0.97433,0.042456,0.021534,0.002169,0.003042
LegalBench-RAG,1200000,1200000,Lethe,same_role_still_authorized,0.5,4,0.044052,0.974719,0.976889,0.036019,0.005048,0.003132,0.002985
LegalBench-RAG,1200000,1200000,Lethe,same_role_still_authorized,0.5,5,0.042346,0.976458,0.97586,0.034309,0.013125,0.001942,0.001237
LegalBench-RAG,1200000,1200000,Lethe,same_role_still_authorized,0.5,6,0.053697,0.9775,0.975841,0.041595,0.016492,0.002578,0.004674
LegalBench-RAG,1200000,1200000,Lethe,same_role_still_authorized,0.5,7,0.04097,0.976869,0.976122,0.032299,0.004651,0.001254,0.000552
LegalBench-RAG,1200000,1200000,Lethe,same_role_still_authorized,0.5,8,0.048092,0.978017,0.978945,0.038214,0.022835,0.002629,0.002323
LegalBench-RAG,1200000,1200000,Lethe,same_role_still_authorized,0.5,9,0.049486,0.977333,0.977628,0.040087,0.02319,0.003565,0.000996
LegalBench-RAG,1200000,1200000,Lethe,different_role_still_authorized,0.5,0,0.002891,0.977563,0.976653,0.001477,0.019234,0.000859,0.002479
LegalBench-RAG,1200000,1200000,Lethe,different_role_still_authorized,0.5,1,0.00202,0.976342,0.979256,0.001698,0.0,0.003731,0.002267
LegalBench-RAG,1200000,1200000,Lethe,different_role_still_authorized,0.5,2,0.001944,0.978818,0.976113,0.001113,0.010853,0.001566,0.000489
LegalBench-RAG,1200000,1200000,Lethe,different_role_still_authorized,0.5,3,0.002344,0.978008,0.979129,0.000978,0.019386,0.000973,0.002585
LegalBench-RAG,1200000,1200000,Lethe,different_role_still_authorized,0.5,4,0.003041,0.975025,0.977378,0.001267,0.016067,0.001541,0.000569
LegalBench-RAG,1200000,1200000,Lethe,different_role_still_authorized,0.5,5,0.002854,0.978716,0.976678,0.002598,0.010286,0.00184,0.001387
LegalBench-RAG,1200000,1200000,Lethe,different_role_still_authorized,0.5,6,0.00151,0.974397,0.979219,0.0,0.013398,0.004989,0.002375
LegalBench-RAG,1200000,1200000,Lethe,different_role_still_authorized,0.5,7,0.00454,0.97747,0.978477,0.003556,0.011955,0.002705,0.002438
LegalBench-RAG,1200000,1200000,Lethe,different_role_still_authorized,0.5,8,0.003101,0.977303,0.980436,0.002381,0.019604,0.001319,0.002776
LegalBench-RAG,1200000,1200000,Lethe,different_role_still_authorized,0.5,9,0.00332,0.976433,0.975185,0.002676,0.008003,0.001724,0.00108
LegalBench-RAG,1200000,1200000,Lethe,ancestor_descendant_still_authorized,0.5,0,0.001605,0.977519,0.978127,0.0,0.013894,0.00065,0.003048
LegalBench-RAG,1200000,1200000,Lethe,ancestor_descendant_still_authorized,0.5,1,0.002042,0.976033,0.977806,0.000141,0.019532,0.002865,0.00197
LegalBench-RAG,1200000,1200000,Lethe,ancestor_descendant_still_authorized,0.5,2,0.001591,0.977556,0.976074,0.000213,0.01492,0.002316,0.000665
LegalBench-RAG,1200000,1200000,Lethe,ancestor_descendant_still_authorized,0.5,3,0.002781,0.979009,0.976315,0.000613,0.013977,0.00133,0.001085
LegalBench-RAG,1200000,1200000,Lethe,ancestor_descendant_still_authorized,0.5,4,0.003748,0.974704,0.97663,0.00343,0.016389,0.002951,0.002751
LegalBench-RAG,1200000,1200000,Lethe,ancestor_descendant_still_authorized,0.5,5,0.001944,0.979161,0.978216,0.001631,0.021333,0.001619,0.003313
LegalBench-RAG,1200000,1200000,Lethe,ancestor_descendant_still_authorized,0.5,6,0.002394,0.975435,0.975866,0.001528,0.016165,0.001582,0.002219
LegalBench-RAG,1200000,1200000,Lethe,ancestor_descendant_still_authorized,0.5,7,0.001886,0.979158,0.977437,0.000223,0.016731,0.001468,0.000779
LegalBench-RAG,1200000,1200000,Lethe,ancestor_descendant_still_authorized,0.5,8,0.002653,0.981085,0.978645,0.002334,0.024676,0.00067,0.002718
LegalBench-RAG,1200000,1200000,Lethe,ancestor_descendant_still_authorized,0.5,9,0.002433,0.976912,0.976908,0.002903,0.021612,0.002033,0.002162
LegalBench-RAG,1200000,1200000,Lethe,revoked_user,0.1,0,0.006488,0.977143,0.976792,0.006129,0.02377,0.001853,0.003133
LegalBench-RAG,1200000,1200000,Lethe,revoked_user,0.1,1,0.007544,0.976535,0.977362,0.004124,0.019701,0.002029,0.001069
LegalBench-RAG,1200000,1200000,Lethe,revoked_user,0.1,2,0.006833,0.977267,0.977933,0.004764,0.018354,0.001431,0.002348
LegalBench-RAG,1200000,1200000,Lethe,revoked_user,0.1,3,0.007738,0.975342,0.976528,0.005461,0.004531,0.002401,0.002088
LegalBench-RAG,1200000,1200000,Lethe,revoked_user,0.1,4,0.0073,0.978298,0.976542,0.007017,0.017401,0.00364,0.004688
LegalBench-RAG,1200000,1200000,Lethe,revoked_user,0.1,5,0.007493,0.978372,0.979095,0.006371,0.019797,0.004373,0.002414
LegalBench-RAG,1200000,1200000,Lethe,revoked_user,0.1,6,0.006862,0.976746,0.976415,0.004552,0.007605,0.002787,0.001226
LegalBench-RAG,1200000,1200000,Lethe,revoked_user,0.1,7,0.010944,0.979899,0.976451,0.009701,0.014402,0.002827,0.002112
LegalBench-RAG,1200000,1200000,Lethe,revoked_user,0.1,8,0.006284,0.977638,0.979965,0.003759,0.014935,0.001205,0.001926
LegalBench-RAG,1200000,1200000,Lethe,revoked_user,0.1,9,0.006959,0.978376,0.9761,0.006001,0.017292,0.002278,0.002275
LegalBench-RAG,1200000,1200000,Lethe,same_role_still_authorized,0.1,0,0.031337,0.976907,0.978126,0.023926,0.014297,0.002849,0.003114
LegalBench-RAG,1200000,1200000,Lethe,same_role_still_authorized,0.1,1,0.029933,0.976471,0.975678,0.024351,0.021947,0.003077,0.000586
LegalBench-RAG,1200000,1200000,Lethe,same_role_still_authorized,0.1,2,0.031201,0.976265,0.976285,0.025225,0.013768,0.000147,0.00378
LegalBench-RAG,1200000,1200000,Lethe,same_role_still_authorized,0.1,3,0.029326,0.980233,0.978446,0.023546,0.015739,0.000786,0.001969
LegalBench-RAG,1200000,1200000,Lethe,same_role_still_authorized,0.1,4,0.025469,0.976663,0.97823,0.020909,0.008274,0.002132,0.002875
LegalBench-RAG,1200000,1200000,Lethe,same_role_still_authorized,0.1,5,0.03307,0.976975,0.978049,0.027084,0.012972,0.001171,0.001284
LegalBench-RAG,1200000,1200000,Lethe,same_role_still_authorized,0.1,6,0.026145,0.974683,0.976264,0.021141,0.012727,0.001219,0.001274
LegalBench-RAG,1200000,1200000,Lethe,same_role_still_authorized,0.1,7,0.023995,0.978897,0.974597,0.018581,0.008201,0.001875,0.000917
LegalBench-RAG,1200000,1200000,Lethe,same_role_still_authorized,0.1,8,0.024867,0.978991,0.977613,0.018921,0.027083,0.004513,0.001773
LegalBench-RAG,1200000,1200000,Lethe,same_role_still_authorized,0.1,9,0.028172,0.978436,0.977464,0.021888,0.011825,0.002301,0.003176
LegalBench-RAG,1200000,1200000,Lethe,different_role_still_authorized,0.1,0,0.001708,0.977697,0.977003,0.001382,0.01573,0.002273,0.002221
LegalBench-RAG,1200000,1200000,Lethe,different_role_still_authorized,0.1,1,0.002612,0.979245,0.978936,0.001607,0.022602,0.003266,0.002726
LegalBench-RAG,1200000,1200000,Lethe,different_role_still_authorized,0.1,2,0.001659,0.976543,0.976412,0.000648,0.012525,0.001339,0.003924
LegalBench-RAG,1200000,1200000,Lethe,different_role_still_authorized,0.1,3,0.001772,0.978049,0.977811,0.001507,0.01327,0.002582,0.001766
LegalBench-RAG,1200000,1200000,Lethe,different_role_still_authorized,0.1,4,0.000912,0.976859,0.976889,0.000562,0.020367,0.003877,0.001488
LegalBench-RAG,1200000,1200000,Lethe,different_role_still_authorized,0.1,5,0.002145,0.976286,0.977854,0.001464,0.012051,0.00201,0.002064
LegalBench-RAG,1200000,1200000,Lethe,different_role_still_authorized,0.1,6,0.001152,0.976097,0.974846,0.001559,0.013087,0.001665,0.00087
LegalBench-RAG,1200000,1200000,Lethe,different_role_still_authorized,0.1,7,0.001053,0.977083,0.976727,0.000616,0.007916,0.000942,0.001094
LegalBench-RAG,1200000,1200000,Lethe,different_role_still_authorized,0.1,8,0.001737,0.97775,0.979755,0.002491,0.006094,0.001676,0.001244
LegalBench-RAG,1200000,1200000,Lethe,different_role_still_authorized,0.1,9,0.000729,0.976171,0.978732,0.001319,0.020415,0.001356,0.001966
LegalBench-RAG,1200000,1200000,Lethe,ancestor_descendant_still_authorized,0.1,0,0.001755,0.978212,0.976339,0.002033,0.015915,0.000924,0.001513
LegalBench-RAG,1200000,1200000,Lethe,ancestor_descendant_still_authorized,0.1,1,0.001624,0.97547,0.974789,0.000298,0.012614,0.002865,0.001808
LegalBench-RAG,1200000,1200000,Lethe,ancestor_descendant_still_authorized,0.1,2,0.002662,0.977242,0.977333,0.003205,0.013019,0.001945,0.000938
LegalBench-RAG,1200000,1200000,Lethe,ancestor_descendant_still_authorized,0.1,3,0.001727,0.977583,0.977385,0.001045,0.009308,0.004031,0.001652
LegalBench-RAG,1200000,1200000,Lethe,ancestor_descendant_still_authorized,0.1,4,0.001456,0.975912,0.978937,0.001721,0.007572,0.003617,0.000864
LegalBench-RAG,1200000,1200000,Lethe,ancestor_descendant_still_authorized,0.1,5,0.000796,0.975877,0.974444,0.000374,0.021893,0.002749,0.000363
LegalBench-RAG,1200000,1200000,Lethe,ancestor_descendant_still_authorized,0.1,6,0.003078,0.976219,0.976016,0.003487,0.014568,0.00217,0.002667
LegalBench-RAG,1200000,1200000,Lethe,ancestor_descendant_still_authorized,0.1,7,0.001813,0.975997,0.976048,0.000312,0.021389,0.0,0.001665
LegalBench-RAG,1200000,1200000,Lethe,ancestor_descendant_still_authorized,0.1,8,0.002657,0.974985,0.978386,0.002203,0.011644,0.003024,0.003053
LegalBench-RAG,1200000,1200000,Lethe,ancestor_descendant_still_authorized,0.1,9,0.002234,0.977604,0.978781,0.001722,0.006311,0.002265,0.002394
LegalBench-RAG,1200000,1200000,Lethe,revoked_user,0.2,0,0.007449,0.977603,0.977126,0.00371,0.014461,0.001437,0.000739
LegalBench-RAG,1200000,1200000,Lethe,revoked_user,0.2,1,0.009634,0.978953,0.97543,0.006841,0.026881,0.002739,0.003597
LegalBench-RAG,1200000,1200000,Lethe,revoked_user,0.2,2,0.010186,0.97712,0.979261,0.007354,0.020413,0.001644,0.003747
LegalBench-RAG,1200000,1200000,Lethe,revoked_user,0.2,3,0.011184,0.97797,0.979877,0.009772,0.023329,0.003304,0.000857
LegalBench-RAG,1200000,1200000,Lethe,revoked_user,0.2,4,0.010346,0.976837,0.978581,0.006867,0.015688,0.002373,0.00248
LegalBench-RAG,1200000,1200000,Lethe,revoked_user,0.2,5,0.010872,0.978412,0.975771,0.007575,0.011363,0.001946,0.001922
LegalBench-RAG,1200000,1200000,Lethe,revoked_user,0.2,6,0.007051,0.978346,0.977075,0.004058,0.020794,0.0,0.00269
LegalBench-RAG,1200000,1200000,Lethe,revoked_user,0.2,7,0.010677,0.979119,0.976751,0.007957,0.017808,0.003534,0.0019
LegalBench-RAG,1200000,1200000,Lethe,revoked_user,0.2,8,0.011921,0.9756,0.975584,0.008712,0.000161,0.001889,0.001664
LegalBench-RAG,1200000,1200000,Lethe,revoked_user,0.2,9,0.009789,0.97642,0.977841,0.006828,0.022783,0.002909,0.000358
LegalBench-RAG,1200000,1200000,Lethe,same_role_still_authorized,0.2,0,0.031502,0.975296,0.977375,0.025214,0.011314,0.001141,0.002605
LegalBench-RAG,1200000,1200000,Lethe,same_role_still_authorized,0.2,1,0.029447,0.975873,0.976356,0.023234,0.014093,0.003584,0.001038
LegalBench-RAG,1200000,1200000,Lethe,same_role_still_authorized,0.2,2,0.04151,0.977652,0.974801,0.03296,0.00917,0.003393,0.001953
LegalBench-RAG,1200000,1200000,Lethe,same_role_still_authorized,0.2,3,0.04133,0.97576,0.978848,0.034281,0.015423,0.002967,0.000116
LegalBench-RAG,1200000,1200000,Lethe,same_role_still_authorized,0.2,4,0.035273,0.976417,0.976444,0.02693,0.019903,0.001728,0.001818
LegalBench-RAG,1200000,1200000,Lethe,same_role_still_authorized,0.2,5,0.038111,0.974516,0.97721,0.029536,0.010943,0.00216,0.001018
LegalBench-RAG,1200000,1200000,Lethe,same_role_still_authorized,0.2,6,0.026775,0.976039,0.977015,0.022243,0.016082,0.001308,0.002273
LegalBench-RAG,1200000,1200000,Lethe,same_role_still_authorized,0.2,7,0.029786,0.97618,0.977681,0.023628,0.008536,0.001101,0.001928
LegalBench-RAG,1200000,1200000,Lethe,same_role_still_authorized,0.2,8,0.03417,0.978391,0.974014,0.027643,0.011997,0.002217,0.001604
LegalBench-RAG,1200000,1200000,Lethe,same_role_still_authorized,0.2,9,0.038085,0.976182,0.978405,0.030555,0.010511,0.001318,0.003087
LegalBench-RAG,1200000,1200000,Lethe,different_role_still_authorized,0.2,0,0.001427,0.978478,0.977241,0.000651,0.018045,0.002727,0.002647
LegalBench-RAG,1200000,1200000,Lethe,different_role_still_authorized,0.2,1,0.003425,0.976661,0.976573,0.002123,0.020594,0.003162,0.001939
LegalBench-RAG,1200000,1200000,Lethe,different_role_still_authorized,0.2,2,0.001826,0.977247,0.97467,0.002814,0.021169,0.0,0.000988
LegalBench-RAG,1200000,1200000,Lethe,different_role_still_authorized,0.2,3,0.001578,0.977758,0.978254,0.000455,0.017244,0.000793,0.002105
LegalBench-RAG,1200000,1200000,Lethe,different_role_still_authorized,0.2,4,0.002471,0.978639,0.977067,0.003384,0.012531,0.001532,0.001757
LegalBench-RAG,1200000,1200000,Lethe,different_role_still_authorized,0.2,5,0.002642,0.97741,0.978151,0.002749,0.014095,0.001376,0.001407
LegalBench-RAG,1200000,1200000,Lethe,different_role_still_authorized,0.2,6,0.003904,0.979918,0.974606,0.003604,0.011953,0.001818,0.003474
LegalBench-RAG,1200000,1200000,Lethe,different_role_still_authorized,0.2,7,0.002276,0.97794,0.97801,0.001435,0.008304,0.002125,0.001441
LegalBench-RAG,1200000,1200000,Lethe,different_role_still_authorized,0.2,8,0.003523,0.978863,0.976568,0.00355,0.020263,0.001026,0.002522
LegalBench-RAG,1200000,1200000,Lethe,different_role_still_authorized,0.2,9,0.0021,0.976785,0.979341,0.001586,0.003906,0.002003,0.001054
LegalBench-RAG,1200000,1200000,Lethe,ancestor_descendant_still_authorized,0.2,0,0.000886,0.976325,0.97818,0.002522,0.009551,0.000811,0.002174
LegalBench-RAG,1200000,1200000,Lethe,ancestor_descendant_still_authorized,0.2,1,0.002874,0.974032,0.978447,0.003587,0.010184,0.002692,0.00233
LegalBench-RAG,1200000,1200000,Lethe,ancestor_descendant_still_authorized,0.2,2,0.003116,0.975848,0.977799,0.004414,0.027658,0.001632,0.001439
LegalBench-RAG,1200000,1200000,Lethe,ancestor_descendant_still_authorized,0.2,3,0.002108,0.976621,0.977121,0.001864,0.016616,0.002761,0.001278
LegalBench-RAG,1200000,1200000,Lethe,ancestor_descendant_still_authorized,0.2,4,0.002142,0.975324,0.974247,0.002746,0.008657,0.000684,0.001921
LegalBench-RAG,1200000,1200000,Lethe,ancestor_descendant_still_authorized,0.2,5,0.00104,0.976749,0.976581,0.002007,0.016203,0.001996,0.001168
LegalBench-RAG,1200000,1200000,Lethe,ancestor_descendant_still_authorized,0.2,6,0.002601,0.976784,0.977925,0.00198,0.001363,0.003734,0.001177
LegalBench-RAG,1200000,1200000,Lethe,ancestor_descendant_still_authorized,0.2,7,0.002986,0.977546,0.977188,0.000541,0.0076,0.00206,0.00207
LegalBench-RAG,1200000,1200000,Lethe,ancestor_descendant_still_authorized,0.2,8,0.002418,0.979627,0.977834,0.001096,0.021259,0.001429,0.001303
LegalBench-RAG,1200000,1200000,Lethe,ancestor_descendant_still_authorized,0.2,9,0.001759,0.979068,0.973436,0.001664,0.003849,0.002163,0.003244
LegalBench-RAG,1200000,1200000,Lethe,revoked_user,0.3,0,0.014701,0.975691,0.977741,0.013165,0.014482,0.003501,0.001507
LegalBench-RAG,1200000,1200000,Lethe,revoked_user,0.3,1,0.010869,0.975115,0.974997,0.008138,0.014748,0.002123,0.001827
LegalBench-RAG,1200000,1200000,Lethe,revoked_user,0.3,2,0.006143,0.980579,0.975766,0.00629,0.010273,0.003725,0.000745
LegalBench-RAG,1200000,1200000,Lethe,revoked_user,0.3,3,0.010827,0.977908,0.977083,0.009917,0.009711,0.002555,0.001969
LegalBench-RAG,1200000,1200000,Lethe,revoked_user,0.3,4,0.011294,0.974885,0.97694,0.008176,0.005888,0.00218,0.00186
LegalBench-RAG,1200000,1200000,Lethe,revoked_user,0.3,5,0.009574,0.974518,0.976689,0.007156,0.016928,0.001253,0.003355
LegalBench-RAG,1200000,1200000,Lethe,revoked_user,0.3,6,0.013429,0.978978,0.976544,0.010431,0.016036,0.002022,0.002105
LegalBench-RAG,1200000,1200000,Lethe,revoked_user,0.3,7,0.012197,0.975687,0.977227,0.009935,0.004898,0.002141,0.003343
LegalBench-RAG,1200000,1200000,Lethe,revoked_user,0.3,8,0.011167,0.97806,0.974523,0.009493,0.011596,0.00342,0.002883
LegalBench-RAG,1200000,1200000,Lethe,revoked_user,0.3,9,0.010512,0.976293,0.976523,0.008015,0.011399,0.001623,0.0
LegalBench-RAG,1200000,1200000,Lethe,same_role_still_authorized,0.3,0,0.035976,0.977574,0.976807,0.028539,0.024122,0.0,0.00131
LegalBench-RAG,1200000,1200000,Lethe,same_role_still_authorized,0.3,1,0.037957,0.97482,0.976334,0.030035,0.025899,0.0,0.001418
LegalBench-RAG,1200000,1200000,Lethe,same_role_still_authorized,0.3,2,0.040077,0.976017,0.977823,0.032468,0.009665,0.00217,0.00389
LegalBench-RAG,1200000,1200000,Lethe,same_role_still_authorized,0.3,3,0.040036,0.977462,0.976684,0.029916,0.01852,0.001881,0.001813
LegalBench-RAG,1200000,1200000,Lethe,same_role_still_authorized,0.3,4,0.043509,0.976755,0.973498,0.033769,0.015352,0.001694,0.000783
LegalBench-RAG,1200000,1200000,Lethe,same_role_still_authorized,0.3,5,0.041561,0.977674,0.973805,0.033015,0.020391,0.002956,0.002423
LegalBench-RAG,1200000,1200000,Lethe,same_role_still_authorized,0.3,6,0.038681,0.975596,0.975991,0.029156,0.018983,0.001147,0.001198
LegalBench-RAG,1200000,1200000,Lethe,same_role_still_authorized,0.3,7,0.040339,0.975867,0.976347,0.031905,0.017398,0.003154,0.002889
LegalBench-RAG,1200000,1200000,Lethe,same_role_still_authorized,0.3,8,0.033647,0.97549,0.978169,0.026787,0.016978,0.002896,0.001556
LegalBench-RAG,1200000,1200000,Lethe,same_role_still_authorized,0.3,9,0.033216,0.975163,0.978704,0.026608,0.009491,0.002019,0.002155
LegalBench-RAG,1200000,1200000,Lethe,different_role_still_authorized,0.3,0,0.004109,0.976862,0.976008,0.001885,0.005512,0.002528,0.002172
LegalBench-RAG,1200000,1200000,Lethe,different_role_still_authorized,0.3,1,1.4e-05,0.977957,0.978244,0.000889,0.015848,0.00183,0.001282
LegalBench-RAG,1200000,1200000,Lethe,different_role_still_authorized,0.3,2,0.001293,0.977775,0.980302,0.0,0.010757,0.00168,0.003628
LegalBench-RAG,1200000,1200000,Lethe,different_role_still_authorized,0.3,3,0.002424,0.975168,0.97776,0.003143,0.014492,0.000427,0.001461
LegalBench-RAG,1200000,1200000,Lethe,different_role_still_authorized,0.3,4,0.002583,0.976483,0.979025,0.00366,0.019515,0.001232,0.0
LegalBench-RAG,1200000,1200000,Lethe,different_role_still_authorized,0.3,5,0.002803,0.974699,0.975759,0.001585,0.028006,0.001124,0.00023
LegalBench-RAG,1200000,1200000,Lethe,different_role_still_authorized,0.3,6,0.001846,0.978814,0.977706,0.001397,0.020245,0.0,0.001729
LegalBench-RAG,1200000,1200000,Lethe,different_role_still_authorized,0.3,7,0.003401,0.974903,0.975312,0.004276,0.018035,0.001304,0.001852
LegalBench-RAG,1200000,1200000,Lethe,different_role_still_authorized,0.3,8,0.001406,0.977104,0.978647,0.000822,0.011029,0.001482,0.002562
LegalBench-RAG,1200000,1200000,Lethe,different_role_still_authorized,0.3,9,0.001131,0.977954,0.977294,0.000915,0.021559,0.00241,0.0
LegalBench-RAG,1200000,1200000,Lethe,ancestor_descendant_still_authorized,0.3,0,0.001991,0.97674,0.975745,0.001878,0.019334,0.002666,0.003388
LegalBench-RAG,1200000,1200000,Lethe,ancestor_descendant_still_authorized,0.3,1,0.002767,0.976154,0.975901,0.001522,0.022445,0.001565,0.002698
LegalBench-RAG,1200000,1200000,Lethe,ancestor_descendant_still_authorized,0.3,2,0.003209,0.978249,0.973901,0.00142,0.008077,0.0018,0.001853
LegalBench-RAG,1200000,1200000,Lethe,ancestor_descendant_still_authorized,0.3,3,0.002477,0.975834,0.977972,0.001116,0.004727,0.002298,0.000927
LegalBench-RAG,1200000,1200000,Lethe,ancestor_descendant_still_authorized,0.3,4,0.002429,0.978179,0.978787,0.003148,0.016428,0.000267,0.003311
LegalBench-RAG,1200000,1200000,Lethe,ancestor_descendant_still_authorized,0.3,5,0.000395,0.976506,0.976318,0.002299,0.013775,0.002522,0.001655
LegalBench-RAG,1200000,1200000,Lethe,ancestor_descendant_still_authorized,0.3,6,0.003347,0.977469,0.974217,0.002578,0.02017,0.003098,0.000518
LegalBench-RAG,1200000,1200000,Lethe,ancestor_descendant_still_authorized,0.3,7,0.002017,0.977675,0.977436,0.002171,0.021495,0.000569,0.003792
LegalBench-RAG,1200000,1200000,Lethe,ancestor_descendant_still_authorized,0.3,8,0.003171,0.979738,0.97371,0.002918,0.015397,0.003084,0.002692
LegalBench-RAG,1200000,1200000,Lethe,ancestor_descendant_still_authorized,0.3,9,7.3e-05,0.976226,0.979137,0.000408,0.011545,0.002735,0.002253
LegalBench-RAG,1200000,1200000,Lethe,revoked_user,0.4,0,0.011371,0.975708,0.97892,0.010543,0.016416,0.002238,0.001106
LegalBench-RAG,1200000,1200000,Lethe,revoked_user,0.4,1,0.011582,0.978424,0.981351,0.009941,0.031624,0.002958,0.001836
LegalBench-RAG,1200000,1200000,Lethe,revoked_user,0.4,2,0.011088,0.976969,0.978262,0.007028,0.023407,0.0,0.001627
LegalBench-RAG,1200000,1200000,Lethe,revoked_user,0.4,3,0.011018,0.974039,0.973859,0.009063,0.015411,0.002262,0.002701
LegalBench-RAG,1200000,1200000,Lethe,revoked_user,0.4,4,0.013228,0.974472,0.976087,0.012164,0.024269,0.000831,0.002608
LegalBench-RAG,1200000,1200000,Lethe,revoked_user,0.4,5,0.013605,0.975759,0.976836,0.01031,0.020099,0.000387,0.001272
LegalBench-RAG,1200000,1200000,Lethe,revoked_user,0.4,6,0.011958,0.977901,0.975936,0.008654,0.024599,0.001617,0.002627
LegalBench-RAG,1200000,1200000,Lethe,revoked_user,0.4,7,0.012903,0.978873,0.979126,0.011363,0.016588,0.001177,0.00157
LegalBench-RAG,1200000,1200000,Lethe,revoked_user,0.4,8,0.012239,0.976062,0.98009,0.007834,0.015503,0.001552,0.002897
LegalBench-RAG,1200000,1200000,Lethe,revoked_user,0.4,9,0.013562,0.975795,0.978225,0.010578,0.016196,0.002587,0.001879
LegalBench-RAG,1200000,1200000,Lethe,same_role_still_authorized,0.4,0,0.042783,0.976207,0.978144,0.033001,0.006539,0.002101,0.002418
LegalBench-RAG,1200000,1200000,Lethe,same_role_still_authorized,0.4,1,0.033188,0.975445,0.974719,0.027024,0.017159,0.000665,0.001484
LegalBench-RAG,1200000,1200000,Lethe,same_role_still_authorized,0.4,2,0.02965,0.976086,0.975702,0.023894,0.01457,0.002692,0.002111
LegalBench-RAG,1200000,1200000,Lethe,same_role_still_authorized,0.4,3,0.041863,0.977491,0.974349,0.033967,0.007394,0.002469,0.002124
LegalBench-RAG,1200000,1200000,Lethe,same_role_still_authorized,0.4,4,0.043094,0.977507,0.976015,0.035294,0.021109,0.000892,0.003739
LegalBench-RAG,1200000,1200000,Lethe,same_role_still_authorized,0.4,5,0.045958,0.977218,0.974678,0.03693,0.01486,0.00377,0.002934
LegalBench-RAG,1200000,1200000,Lethe,same_role_still_authorized,0.4,6,0.035616,0.977951,0.979849,0.027418,0.009911,0.000913,0.000318
LegalBench-RAG,1200000,1200000,Lethe,same_role_still_authorized,0.4,7,0.043768,0.978884,0.977436,0.035602,0.017795,0.001651,0.001652
LegalBench-RAG,1200000,1200000,Lethe,same_role_still_authorized,0.4,8,0.034723,0.9757,0.978763,0.02752,0.021952,0.003586,0.00308
LegalBench-RAG,1200000,1200000,Lethe,same_role_still_authorized,0.4,9,0.040673,0.975331,0.979102,0.03402,0.007726,0.001966,0.001505
LegalBench-RAG,1200000,1200000,Lethe,different_role_still_authorized,0.4,0,0.005248,0.975802,0.975716,0.003054,0.017667,0.001742,0.002797
LegalBench-RAG,1200000,1200000,Lethe,different_role_still_authorized,0.4,1,0.002647,0.978059,0.976208,0.002499,0.016529,0.000513,0.002375
LegalBench-RAG,1200000,1200000,Lethe,different_role_still_authorized,0.4,2,0.002396,0.975827,0.97813,0.000487,0.015538,0.002729,0.003604
LegalBench-RAG,1200000,1200000,Lethe,different_role_still_authorized,0.4,3,0.002152,0.978523,0.975398,0.002574,0.018669,0.00211,2.5e-05
LegalBench-RAG,1200000,1200000,Lethe,different_role_still_authorized,0.4,4,0.003953,0.977406,0.979541,0.002635,0.024819,0.0,0.002356
LegalBench-RAG,1200000,1200000,Lethe,different_role_still_authorized,0.4,5,0.001222,0.974597,0.976902,0.001505,0.016605,0.001391,0.001896
LegalBench-RAG,1200000,1200000,Lethe,different_role_still_authorized,0.4,6,0.001794,0.97779,0.979489,0.0,0.018987,0.0018,0.001992
LegalBench-RAG,1200000,1200000,Lethe,different_role_still_authorized,0.4,7,0.002646,0.977695,0.976826,0.00201,0.017294,0.001158,0.001682
LegalBench-RAG,1200000,1200000,Lethe,different_role_still_authorized,0.4,8,0.003328,0.977702,0.977541,0.000722,0.011753,0.000842,0.00268
LegalBench-RAG,1200000,1200000,Lethe,different_role_still_authorized,0.4,9,0.00355,0.977539,0.975484,0.003055,0.011939,0.002435,0.00195
LegalBench-RAG,1200000,1200000,Lethe,ancestor_descendant_still_authorized,0.4,0,0.001358,0.9775,0.978669,0.000917,0.019666,0.002364,0.001985
LegalBench-RAG,1200000,1200000,Lethe,ancestor_descendant_still_authorized,0.4,1,0.001009,0.977439,0.979602,0.002412,0.020668,0.00225,0.001831
LegalBench-RAG,1200000,1200000,Lethe,ancestor_descendant_still_authorized,0.4,2,0.003562,0.977854,0.977805,0.004662,0.018935,0.003728,0.000266
LegalBench-RAG,1200000,1200000,Lethe,ancestor_descendant_still_authorized,0.4,3,0.002138,0.97709,0.976002,0.000947,0.015087,0.002534,0.002645
LegalBench-RAG,1200000,1200000,Lethe,ancestor_descendant_still_authorized,0.4,4,0.003901,0.974244,0.977438,0.001971,0.017625,0.001388,0.003015
LegalBench-RAG,1200000,1200000,Lethe,ancestor_descendant_still_authorized,0.4,5,0.001681,0.974393,0.975235,0.001731,0.013647,0.002807,0.002076
LegalBench-RAG,1200000,1200000,Lethe,ancestor_descendant_still_authorized,0.4,6,0.002427,0.979001,0.978348,0.002403,0.024018,0.002168,0.002034
LegalBench-RAG,1200000,1200000,Lethe,ancestor_descendant_still_authorized,0.4,7,0.003768,0.977312,0.976941,0.003233,0.010267,0.000368,0.002151
LegalBench-RAG,1200000,1200000,Lethe,ancestor_descendant_still_authorized,0.4,8,0.001422,0.977348,0.978937,0.00076,0.010584,0.00136,0.002558
LegalBench-RAG,1200000,1200000,Lethe,ancestor_descendant_still_authorized,0.4,9,0.003724,0.978164,0.976812,0.004396,0.022896,0.004278,0.000795
LegalBench-RAG,1200000,1200000,Lethe,revoked_user,0.5,0,0.013769,0.977876,0.976056,0.011186,0.013822,0.000796,0.002
LegalBench-RAG,1200000,1200000,Lethe,revoked_user,0.5,1,0.012168,0.976544,0.978059,0.010164,0.014036,0.005248,0.001384
LegalBench-RAG,1200000,1200000,Lethe,revoked_user,0.5,2,0.022327,0.978558,0.97639,0.018514,0.00522,0.00336,0.001784
LegalBench-RAG,1200000,1200000,Lethe,revoked_user,0.5,3,0.010616,0.975413,0.977559,0.0087,0.012941,0.001214,0.002966
LegalBench-RAG,1200000,1200000,Lethe,revoked_user,0.5,4,0.014623,0.978994,0.97597,0.010515,0.016256,0.001639,0.000466
LegalBench-RAG,1200000,1200000,Lethe,revoked_user,0.5,5,0.011162,0.977451,0.9767,0.008031,0.020485,0.000965,0.002311
LegalBench-RAG,1200000,1200000,Lethe,revoked_user,0.5,6,0.015114,0.976862,0.97718,0.011028,0.028477,0.000461,0.001946
LegalBench-RAG,1200000,1200000,Lethe,revoked_user,0.5,7,0.0114,0.977122,0.976964,0.009881,0.018265,0.001695,0.002738
LegalBench-RAG,1200000,1200000,Lethe,revoked_user,0.5,8,0.01809,0.978807,0.974819,0.01506,0.022515,0.001336,0.002058
LegalBench-RAG,1200000,1200000,Lethe,revoked_user,0.5,9,0.013194,0.974705,0.97587,0.008858,0.009597,0.001707,0.000965
LegalBench-RAG,1200000,1200000,Lethe,same_role_still_authorized,0.5,0,0.048567,0.977988,0.977832,0.03844,0.01196,0.001629,0.000911
LegalBench-RAG,1200000,1200000,Lethe,same_role_still_authorized,0.5,1,0.042712,0.974421,0.978814,0.032417,0.01099,0.001206,0.003224
LegalBench-RAG,1200000,1200000,Lethe,same_role_still_authorized,0.5,2,0.041975,0.976603,0.977843,0.034722,0.0,0.003635,0.001593
LegalBench-RAG,1200000,1200000,Lethe,same_role_still_authorized,0.5,3,0.046265,0.979049,0.977374,0.03957,0.01875,0.002647,0.001838
LegalBench-RAG,1200000,1200000,Lethe,same_role_still_authorized,0.5,4,0.04869,0.975399,0.979201,0.039773,0.014974,0.000258,0.002045
LegalBench-RAG,1200000,1200000,Lethe,same_role_still_authorized,0.5,5,0.044937,0.979179,0.975566,0.038546,0.0219,0.001688,0.003201
LegalBench-RAG,1200000,1200000,Lethe,same_role_still_authorized,0.5,6,0.045275,0.97561,0.976771,0.034794,0.027898,0.003222,0.004124
LegalBench-RAG,1200000,1200000,Lethe,same_role_still_authorized,0.5,7,0.037976,0.974613,0.979527,0.031473,0.016395,0.001848,0.002085
LegalBench-RAG,1200000,1200000,Lethe,same_role_still_authorized,0.5,8,0.041913,0.977891,0.975421,0.03419,0.018377,0.001425,0.002017
LegalBench-RAG,1200000,1200000,Lethe,same_role_still_authorized,0.5,9,0.044961,0.976178,0.977783,0.03445,0.013179,0.002803,0.004396
LegalBench-RAG,1200000,1200000,Lethe,different_role_still_authorized,0.5,0,0.003624,0.975505,0.976753,0.004023,0.023672,0.002128,0.002883
LegalBench-RAG,1200000,1200000,Lethe,different_role_still_authorized,0.5,1,0.003619,0.975318,0.975834,0.00286,0.018591,0.002191,0.001181
LegalBench-RAG,1200000,1200000,Lethe,different_role_still_authorized,0.5,2,0.00315,0.976649,0.975907,0.00309,0.021262,0.005337,0.001763
LegalBench-RAG,1200000,1200000,Lethe,different_role_still_authorized,0.5,3,0.003222,0.977277,0.976808,0.003614,0.013438,0.003129,0.001336
LegalBench-RAG,1200000,1200000,Lethe,different_role_still_authorized,0.5,4,0.002412,0.977589,0.976562,0.001658,0.005365,0.003041,0.002847
LegalBench-RAG,1200000,1200000,Lethe,different_role_still_authorized,0.5,5,0.002499,0.977465,0.977066,0.001028,0.021209,0.00168,0.001883
LegalBench-RAG,1200000,1200000,Lethe,different_role_still_authorized,0.5,6,0.003388,0.975085,0.976741,0.001304,0.020796,0.001891,0.002977
LegalBench-RAG,1200000,1200000,Lethe,different_role_still_authorized,0.5,7,0.003938,0.976235,0.976313,0.003251,0.023655,0.003477,0.002257
LegalBench-RAG,1200000,1200000,Lethe,different_role_still_authorized,0.5,8,0.00268,0.976493,0.977912,0.002036,0.023352,0.000529,0.001276
LegalBench-RAG,1200000,1200000,Lethe,different_role_still_authorized,0.5,9,0.002062,0.977313,0.974761,0.000175,0.01854,0.002556,0.004104
LegalBench-RAG,1200000,1200000,Lethe,ancestor_descendant_still_authorized,0.5,0,0.00374,0.977484,0.979096,0.00077,0.0182,0.002094,0.001848
LegalBench-RAG,1200000,1200000,Lethe,ancestor_descendant_still_authorized,0.5,1,0.003023,0.980234,0.978183,0.00228,0.005108,0.001721,0.00082
LegalBench-RAG,1200000,1200000,Lethe,ancestor_descendant_still_authorized,0.5,2,0.005135,0.976682,0.97763,0.004481,0.020164,0.001462,0.000961
LegalBench-RAG,1200000,1200000,Lethe,ancestor_descendant_still_authorized,0.5,3,0.004492,0.974593,0.975099,0.00401,0.018902,0.003473,0.001776
LegalBench-RAG,1200000,1200000,Lethe,ancestor_descendant_still_authorized,0.5,4,0.003453,0.976225,0.976897,0.001923,0.01095,0.003026,0.002978
LegalBench-RAG,1200000,1200000,Lethe,ancestor_descendant_still_authorized,0.5,5,0.001767,0.980602,0.976504,0.0,0.007185,0.002319,0.004194
LegalBench-RAG,1200000,1200000,Lethe,ancestor_descendant_still_authorized,0.5,6,0.003503,0.976269,0.977961,0.005587,0.0,0.002331,0.001428
LegalBench-RAG,1200000,1200000,Lethe,ancestor_descendant_still_authorized,0.5,7,0.002914,0.975837,0.97708,0.001791,0.018743,0.002879,0.002546
LegalBench-RAG,1200000,1200000,Lethe,ancestor_descendant_still_authorized,0.5,8,0.003877,0.978382,0.973349,0.001242,0.019465,0.002723,0.001489
LegalBench-RAG,1200000,1200000,Lethe,ancestor_descendant_still_authorized,0.5,9,0.001415,0.977592,0.974444,0.000505,0.022148,0.001711,0.000627
LegalBench-RAG,1200000,1200000,Lethe,revoked_user,0.1,0,0.005894,0.979784,0.978262,0.004504,0.014666,0.00225,0.00106
LegalBench-RAG,1200000,1200000,Lethe,revoked_user,0.1,1,0.005348,0.977292,0.975238,0.00234,0.0193,0.002643,0.001544
LegalBench-RAG,1200000,1200000,Lethe,revoked_user,0.1,2,0.009213,0.976006,0.977842,0.007104,0.022449,0.002949,0.003607
LegalBench-RAG,1200000,1200000,Lethe,revoked_user,0.1,3,0.003832,0.978325,0.976725,0.002847,0.005442,0.003563,0.000508
LegalBench-RAG,1200000,1200000,Lethe,revoked_user,0.1,4,0.008425,0.97772,0.977051,0.008645,0.003471,0.002108,0.002323
LegalBench-RAG,1200000,1200000,Lethe,revoked_user,0.1,5,0.009423,0.976848,0.97588,0.006944,0.013149,0.003484,0.002267
LegalBench-RAG,1200000,1200000,Lethe,revoked_user,0.1,6,0.00804,0.977986,0.979958,0.006669,0.007678,0.001767,0.003899
LegalBench-RAG,1200000,1200000,Lethe,revoked_user,0.1,7,0.006731,0.97935,0.980035,0.004846,0.011154,0.001645,0.003107
LegalBench-RAG,1200000,1200000,Lethe,revoked_user,0.1,8,0.008486,0.976157,0.979477,0.006454,0.018363,0.003147,0.002626
LegalBench-RAG,1200000,1200000,Lethe,revoked_user,0.1,9,0.005314,0.975488,0.976783,0.005108,0.015023,0.002982,0.000994
LegalBench-RAG,1200000,1200000,Lethe,same_role_still_authorized,0.1,0,0.000896,0.978119,0.976128,0.001437,0.012378,0.002684,0.001359
LegalBench-RAG,1200000,1200000,Lethe,same_role_still_authorized,0.1,1,0.0,0.974973,0.976676,0.001726,0.022225,0.003413,0.001562
LegalBench-RAG,1200000,1200000,Lethe,same_role_still_authorized,0.1,2,0.002502,0.978192,0.976482,0.003647,0.010572,0.001804,0.002487
LegalBench-RAG,1200000,1200000,Lethe,same_role_still_authorized,0.1,3,0.00167,0.97396,0.977947,0.001769,0.015656,0.001538,0.001766
LegalBench-RAG,1200000,1200000,Lethe,same_role_still_authorized,0.1,4,0.001575,0.976657,0.975211,0.0025,0.023183,0.002693,0.001872
LegalBench-RAG,1200000,1200000,Lethe,same_role_still_authorized,0.1,5,0.000627,0.976909,0.975882,0.0,0.017195,0.001596,0.001819
LegalBench-RAG,1200000,1200000,Lethe,same_role_still_authorized,0.1,6,0.001293,0.978494,0.977007,0.000513,0.012551,0.001002,0.001445
LegalBench-RAG,1200000,1200000,Lethe,same_role_still_authorized,0.1,7,0.001252,0.978461,0.97838,0.0,0.012546,0.001959,0.002387
LegalBench-RAG,1200000,1200000,Lethe,same_role_still_authorized,0.1,8,0.003417,0.975348,0.974936,0.00323,0.007047,0.001993,0.002987
LegalBench-RAG,1200000,1200000,Lethe,same_role_still_authorized,0.1,9,0.002329,0.97812,0.979247,0.002575,0.017735,0.001252,0.002546
LegalBench-RAG,1200000,1200000,Lethe,different_role_still_authorized,0.1,0,0.002358,0.978242,0.978913,0.001356,0.016282,0.003049,0.001659
LegalBench-RAG,1200000,1200000,Lethe,different_role_still_authorized,0.1,1,0.002907,0.975954,0.97599,0.002777,0.014057,0.001305,0.000177
LegalBench-RAG,1200000,1200000,Lethe,different_role_still_authorized,0.1,2,0.002009,0.97799,0.973206,0.000876,0.015459,0.000659,0.004059
LegalBench-RAG,1200000,1200000,Lethe,different_role_still_authorized,0.1,3,0.001376,0.974874,0.980026,0.001802,0.018829,0.001891,0.002531
LegalBench-RAG,1200000,1200000,Lethe,different_role_still_authorized,0.1,4,0.002582,0.974067,0.978834,0.001395,0.013486,0.002167,0.001904
LegalBench-RAG,1200000,1200000,Lethe,different_role_still_authorized,0.1,5,0.003282,0.97645,0.977042,0.00057,0.003968,0.00302,0.002979
LegalBench-RAG,1200000,1200000,Lethe,different_role_still_authorized,0.1,6,0.003034,0.977312,0.976029,0.002174,0.018745,0.00273,0.001025
LegalBench-RAG,1200000,1200000,Lethe,different_role_still_authorized,0.1,7,0.002664,0.976551,0.978606,0.002366,0.002641,0.001985,0.000292
LegalBench-RAG,1200000,1200000,Lethe,different_role_still_authorized,0.1,8,0.002621,0.976141,0.978618,0.002271,0.015143,0.002598,0.001652
LegalBench-RAG,1200000,1200000,Lethe,different_role_still_authorized,0.1,9,0.002301,0.975725,0.979478,0.002018,0.022938,0.00118,0.002135
LegalBench-RAG,1200000,1200000,Lethe,ancestor_descendant_still_authorized,0.1,0,0.002883,0.978204,0.9803,7.8e-05,0.015211,0.002975,0.001967
LegalBench-RAG,1200000,1200000,Lethe,ancestor_descendant_still_authorized,0.1,1,0.002536,0.979521,0.978782,0.00322,0.008669,0.001458,0.002701
LegalBench-RAG,1200000,1200000,Lethe,ancestor_descendant_still_authorized,0.1,2,0.002208,0.974261,0.977633,0.000739,0.002624,0.001448,0.00173
LegalBench-RAG,1200000,1200000,Lethe,ancestor_descendant_still_authorized,0.1,3,0.001678,0.979738,0.976841,0.001056,0.026141,0.000616,0.000796
LegalBench-RAG,1200000,1200000,Lethe,ancestor_descendant_still_authorized,0.1,4,0.000269,0.975901,0.975755,0.00113,0.016417,0.000929,0.001618
LegalBench-RAG,1200000,1200000,Lethe,ancestor_descendant_still_authorized,0.1,5,0.002176,0.974632,0.976774,0.001224,0.015145,0.00244,0.001454
LegalBench-RAG,1200000,1200000,Lethe,ancestor_descendant_still_authorized,0.1,6,0.001581,0.976373,0.978658,0.000434,0.013305,0.002786,0.001748
LegalBench-RAG,1200000,1200000,Lethe,ancestor_descendant_still_authorized,0.1,7,0.004331,0.976294,0.975809,0.003753,0.005305,0.002805,0.00288
LegalBench-RAG,1200000,1200000,Lethe,ancestor_descendant_still_authorized,0.1,8,0.0,0.977541,0.975319,0.0,0.019084,0.001384,0.001306
LegalBench-RAG,1200000,1200000,Lethe,ancestor_descendant_still_authorized,0.1,9,0.00116,0.975649,0.976939,0.0,0.020039,0.001206,0.001421
LegalBench-RAG,1200000,1200000,Lethe,revoked_user,0.2,0,0.01169,0.976695,0.976861,0.009751,0.013735,0.003119,0.002253
LegalBench-RAG,1200000,1200000,Lethe,revoked_user,0.2,1,0.006356,0.978299,0.975634,0.003965,0.008782,0.001771,0.00141
LegalBench-RAG,1200000,1200000,Lethe,revoked_user,0.2,2,0.010037,0.978166,0.978683,0.009398,0.02176,0.003834,0.001405
LegalBench-RAG,1200000,1200000,Lethe,revoked_user,0.2,3,0.011383,0.976625,0.977024,0.008158,0.008412,0.000801,0.00152
LegalBench-RAG,1200000,1200000,Lethe,revoked_user,0.2,4,0.01185,0.976787,0.977178,0.008917,0.020162,0.00268,0.001985
LegalBench-RAG,1200000,1200000,Lethe,revoked_user,0.2,5,0.009748,0.977671,0.978902,0.00672,0.022667,0.002347,0.001868
LegalBench-RAG,1200000,1200000,Lethe,revoked_user,0.2,6,0.007365,0.977799,0.97869,0.007113,0.015425,0.00225,0.0
LegalBench-RAG,1200000,1200000,Lethe,revoked_user,0.2,7,0.008974,0.977456,0.977303,0.007533,0.013331,0.002561,0.002282
LegalBench-RAG,1200000,1200000,Lethe,revoked_user,0.2,8,0.007049,0.97528,0.979807,0.005773,0.01305,0.003312,0.004448
LegalBench-RAG,1200000,1200000,Lethe,revoked_user,0.2,9,0.010808,0.975285,0.974381,0.008148,0.008492,0.001288,0.004185
LegalBench-RAG,1200000,1200000,Lethe,same_role_still_authorized,0.2,0,0.0,0.975511,0.977951,0.000247,0.0124,0.00163,0.001418
LegalBench-RAG,1200000,1200000,Lethe,same_role_still_authorized,0.2,1,0.000227,0.977225,0.977036,0.0,0.0097,0.002111,0.001463
LegalBench-RAG,1200000,1200000,Lethe,same_role_still_authorized,0.2,2,0.001829,0.976093,0.978015,0.001348,0.016112,0.001254,0.00317
LegalBench-RAG,1200000,1200000,Lethe,same_role_still_authorized,0.2,3,0.003549,0.978329,0.976112,0.001918,0.008625,0.001392,0.001599
LegalBench-RAG,1200000,1200000,Lethe,same_role_still_authorized,0.2,4,0.0,0.977716,0.979057,0.0,0.009445,0.001295,0.003048
LegalBench-RAG,1200000,1200000,Lethe,same_role_still_authorized,0.2,5,0.001584,0.975859,0.977402,0.002002,0.02262,0.002869,0.002089
LegalBench-RAG,1200000,1200000,Lethe,same_role_still_authorized,0.2,6,0.000313,0.97888,0.977496,7.3e-05,0.022961,0.002192,0.000812
LegalBench-RAG,1200000,1200000,Lethe,same_role_still_authorized,0.2,7,0.001649,0.976584,0.978047,0.000891,0.01027,0.001015,0.000898
LegalBench-RAG,1200000,1200000,Lethe,same_role_still_authorized,0.2,8,0.001327,0.976739,0.976522,0.000632,0.0,0.00088,0.002268
LegalBench-RAG,1200000,1200000,Lethe,same_role_still_authorized,0.2,9,0.002051,0.978015,0.976106,0.002796,0.009047,0.001441,0.002062
LegalBench-RAG,1200000,1200000,Lethe,different_role_still_authorized,0.2,0,0.001863,0.979091,0.97586,0.001163,0.022861,0.003953,0.001104
LegalBench-RAG,1200000,1200000,Lethe,different_role_still_authorized,0.2,1,0.002714,0.977611,0.97759,0.002644,0.000925,0.000433,0.001542
LegalBench-RAG,1200000,1200000,Lethe,different_role_still_authorized,0.2,2,0.001892,0.974049,0.977506,0.001208,0.01265,0.001122,0.003278
LegalBench-RAG,1200000,1200000,Lethe,different_role_still_authorized,0.2,3,0.001947,0.979145,0.978098,0.002192,0.006434,0.003154,0.001316
LegalBench-RAG,1200000,1200000,Lethe,different_role_still_authorized,0.2,4,0.001541,0.978319,0.977754,0.0,0.00668,0.001537,0.000805
LegalBench-RAG,1200000,1200000,Lethe,different_role_still_authorized,0.2,5,0.000667,0.980437,0.977814,0.0,0.012979,0.000791,0.001111
LegalBench-RAG,1200000,1200000,Lethe,different_role_still_authorized,0.2,6,0.003825,0.976268,0.978489,0.002205,0.013375,0.001464,5.1e-05
LegalBench-RAG,1200000,1200000,Lethe,different_role_still_authorized,0.2,7,0.00229,0.975632,0.98006,0.002002,0.025656,0.002238,0.002472
LegalBench-RAG,1200000,1200000,Lethe,different_role_still_authorized,0.2,8,0.002161,0.976088,0.976885,0.002102,0.007508,0.002735,0.001366
LegalBench-RAG,1200000,1200000,Lethe,different_role_still_authorized,0.2,9,0.001973,0.976889,0.97652,0.001923,0.019973,0.0,0.002161
LegalBench-RAG,1200000,1200000,Lethe,ancestor_descendant_still_authorized,0.2,0,0.002346,0.977495,0.975625,0.002051,0.009827,0.002161,0.000396
LegalBench-RAG,1200000,1200000,Lethe,ancestor_descendant_still_authorized,0.2,1,0.001338,0.979322,0.979208,0.0,0.022626,0.003064,0.004214
LegalBench-RAG,1200000,1200000,Lethe,ancestor_descendant_still_authorized,0.2,2,0.002712,0.97892,0.974484,0.002764,0.017424,0.001649,0.00299
LegalBench-RAG,1200000,1200000,Lethe,ancestor_descendant_still_authorized,0.2,3,0.002154,0.976448,0.975514,0.002148,0.007939,0.002247,0.003434
LegalBench-RAG,1200000,1200000,Lethe,ancestor_descendant_still_authorized,0.2,4,0.003621,0.974563,0.976878,0.004577,0.014429,0.002547,0.002607
LegalBench-RAG,1200000,1200000,Lethe,ancestor_descendant_still_authorized,0.2,5,0.001108,0.97767,0.979116,0.000243,0.030564,0.002361,0.00315
LegalBench-RAG,1200000,1200000,Lethe,ancestor_descendant_still_authorized,0.2,6,0.000967,0.975018,0.976533,0.000157,0.024714,0.001039,0.000617
LegalBench-RAG,1200000,1200000,Lethe,ancestor_descendant_still_authorized,0.2,7,0.000968,0.977437,0.977997,0.002194,0.019097,0.002434,0.001711
LegalBench-RAG,1200000,1200000,Lethe,ancestor_descendant_still_authorized,0.2,8,0.004327,0.978986,0.976414,0.00431,0.015604,0.002647,0.001997
LegalBench-RAG,1200000,1200000,Lethe,ancestor_descendant_still_authorized,0.2,9,0.002325,0.975571,0.976577,0.001793,0.026897,0.002579,0.001742
LegalBench-RAG,1200000,1200000,Lethe,revoked_user,0.3,0,0.007303,0.976882,0.97656,0.005272,0.004592,0.001411,0.002009
LegalBench-RAG,1200000,1200000,Lethe,revoked_user,0.3,1,0.011119,0.976459,0.979177,0.00751,0.020256,0.001345,0.002681
LegalBench-RAG,1200000,1200000,Lethe,revoked_user,0.3,2,0.009256,0.975248,0.978528,0.00913,0.006222,0.000486,0.002234
LegalBench-RAG,1200000,1200000,Lethe,revoked_user,0.3,3,0.011624,0.976402,0.976799,0.00998,0.009198,0.000821,0.002689
LegalBench-RAG,1200000,1200000,Lethe,revoked_user,0.3,4,0.014318,0.977788,0.975444,0.011997,0.009547,0.002091,0.002094
LegalBench-RAG,1200000,1200000,Lethe,revoked_user,0.3,5,0.013002,0.976918,0.975039,0.011182,0.015677,0.003225,0.000359
LegalBench-RAG,1200000,1200000,Lethe,revoked_user,0.3,6,0.0101,0.978281,0.978791,0.008938,0.01845,0.002828,0.001555
LegalBench-RAG,1200000,1200000,Lethe,revoked_user,0.3,7,0.015059,0.976819,0.976008,0.012783,0.013184,0.003811,0.002929
LegalBench-RAG,1200000,1200000,Lethe,revoked_user,0.3,8,0.015247,0.97763,0.976334,0.013071,0.01322,0.001884,0.002068
LegalBench-RAG,1200000,1200000,Lethe,revoked_user,0.3,9,0.010309,0.978911,0.974734,0.008988,0.001034,0.00194,0.0
LegalBench-RAG,1200000,1200000,Lethe,same_role_still_authorized,0.3,0,0.002245,0.979706,0.978703,0.002038,0.016955,0.001871,0.002831
LegalBench-RAG,1200000,1200000,Lethe,same_role_still_authorized,0.3,1,0.001897,0.97538,0.97559,0.002544,0.020315,0.003067,0.004697
LegalBench-RAG,1200000,1200000,Lethe,same_role_still_authorized,0.3,2,0.001623,0.978568,0.977408,0.001188,0.024825,0.001601,0.002992
LegalBench-RAG,1200000,1200000,Lethe,same_role_still_authorized,0.3,3,0.004195,0.97618,0.977047,0.003818,0.020209,0.001845,0.000191
LegalBench-RAG,1200000,1200000,Lethe,same_role_still_authorized,0.3,4,0.001869,0.976193,0.979017,0.001459,0.018621,0.00206,0.00395
LegalBench-RAG,1200000,1200000,Lethe,same_role_still_authorized,0.3,5,0.00218,0.974826,0.978566,0.002604,0.012019,0.000271,0.000835
LegalBench-RAG,1200000,1200000,Lethe,same_role_still_authorized,0.3,6,0.002628,0.979838,0.975633,0.001288,0.011556,0.001237,0.002901
LegalBench-RAG,1200000,1200000,Lethe,same_role_still_authorized,0.3,7,0.003122,0.977413,0.974541,0.002522,0.02743,0.001269,0.003564
LegalBench-RAG,1200000,1200000,Lethe,same_role_still_authorized,0.3,8,0.001028,0.975011,0.975737,0.000775,0.007677,0.001678,0.003404
LegalBench-RAG,1200000,1200000,Lethe,same_role_still_authorized,0.3,9,0.000923,0.979852,0.97593,0.000669,0.011478,0.002096,0.002894
LegalBench-RAG,1200000,1200000,Lethe,different_role_still_authorized,0.3,0,0.002561,0.978645,0.976577,0.003043,0.021023,0.002234,0.001119
LegalBench-RAG,1200000,1200000,Lethe,different_role_still_authorized,0.3,1,0.001644,0.979611,0.978432,0.00122,0.012923,0.001787,0.001217
LegalBench-RAG,1200000,1200000,Lethe,different_role_still_authorized,0.3,2,0.001387,0.980095,0.976864,0.002244,0.016118,0.000538,0.001594
LegalBench-RAG,1200000,1200000,Lethe,different_role_still_authorized,0.3,3,0.001844,0.976278,0.976932,0.001698,0.012189,0.003729,0.002255
LegalBench-RAG,1200000,1200000,Lethe,different_role_still_authorized,0.3,4,0.001743,0.979231,0.979673,0.002331,0.014571,0.001034,0.00126
LegalBench-RAG,1200000,1200000,Lethe,different_role_still_authorized,0.3,5,0.0029,0.978832,0.978374,0.001788,0.017169,0.001644,0.00266
LegalBench-RAG,1200000,1200000,Lethe,different_role_still_authorized,0.3,6,0.002175,0.978044,0.976892,0.002551,0.0,0.001313,0.002302
LegalBench-RAG,1200000,1200000,Lethe,different_role_still_authorized,0.3,7,0.005589,0.974942,0.978717,0.004323,0.002028,0.001851,0.003512
LegalBench-RAG,1200000,1200000,Lethe,different_role_still_authorized,0.3,8,0.000389,0.977558,0.975093,0.0,0.029232,0.002434,0.000477
LegalBench-RAG,1200000,1200000,Lethe,different_role_still_authorized,0.3,9,0.00196,0.980035,0.978847,0.00167,0.014247,0.002261,0.001815
LegalBench-RAG,1200000,1200000,Lethe,ancestor_descendant_still_authorized,0.3,0,0.002638,0.977959,0.97797,0.001147,0.016342,0.002421,0.001764
LegalBench-RAG,1200000,1200000,Lethe,ancestor_descendant_still_authorized,0.3,1,0.004088,0.978969,0.980339,0.004291,0.014649,0.003774,0.002714
LegalBench-RAG,1200000,1200000,Lethe,ancestor_descendant_still_authorized,0.3,2,0.001798,0.976957,0.978248,0.0,0.016611,0.00305,0.001743
LegalBench-RAG,1200000,1200000,Lethe,ancestor_descendant_still_authorized,0.3,3,0.003054,0.977405,0.974598,0.003436,0.013039,0.003717,0.003041
LegalBench-RAG,1200000,1200000,Lethe,ancestor_descendant_still_authorized,0.3,4,0.001411,0.976078,0.979588,0.000252,0.020126,0.00197,0.001708
LegalBench-RAG,1200000,1200000,Lethe,ancestor_descendant_still_authorized,0.3,5,0.002336,0.978479,0.977814,0.003771,0.014802,0.001667,0.002147
LegalBench-RAG,1200000,1200000,Lethe,ancestor_descendant_still_authorized,0.3,6,0.001927,0.977642,0.973253,0.00229,0.013606,0.002613,0.0018
LegalBench-RAG,1200000,1200000,Lethe,ancestor_descendant_still_authorized,0.3,7,0.001173,0.977857,0.978339,0.00034,0.004597,0.002857,0.002524
LegalBench-RAG,1200000,1200000,Lethe,ancestor_descendant_still_authorized,0.3,8,0.003957,0.977553,0.979882,0.002343,0.020348,0.000542,0.003486
LegalBench-RAG,1200000,1200000,Lethe,ancestor_descendant_still_authorized,0.3,9,0.001884,0.978179,0.977162,0.000662,0.012109,0.002668,0.000721
LegalBench-RAG,1200000,1200000,Lethe,revoked_user,0.4,0,0.01253,0.974215,0.974008,0.012457,0.007423,0.001422,0.001159
LegalBench-RAG,1200000,1200000,Lethe,revoked_user,0.4,1,0.007809,0.974691,0.976566,0.006172,0.012893,0.000754,0.002669
LegalBench-RAG,1200000,1200000,Lethe,revoked_user,0.4,2,0.011263,0.975765,0.977604,0.00773,0.012022,0.004091,0.001249
LegalBench-RAG,1200000,1200000,Lethe,revoked_user,0.4,3,0.008139,0.977607,0.978075,0.005821,0.013911,0.000449,0.001812
LegalBench-RAG,1200000,1200000,Lethe,revoked_user,0.4,4,0.008143,0.979222,0.97898,0.006512,0.013256,0.002464,0.002403
LegalBench-RAG,1200000,1200000,Lethe,revoked_user,0.4,5,0.012007,0.977126,0.976242,0.008752,0.019402,0.001143,0.002383
LegalBench-RAG,1200000,1200000,Lethe,revoked_user,0.4,6,0.011498,0.977098,0.9765,0.008139,0.020509,0.0016,0.002197
LegalBench-RAG,1200000,1200000,Lethe,revoked_user,0.4,7,0.007279,0.97716,0.975332,0.005156,0.019248,0.002313,0.002171
LegalBench-RAG,1200000,1200000,Lethe,revoked_user,0.4,8,0.012758,0.978653,0.976822,0.010837,0.014892,0.001796,0.002729
LegalBench-RAG,1200000,1200000,Lethe,revoked_user,0.4,9,0.015779,0.979896,0.97756,0.011598,0.014069,0.001391,0.003419
LegalBench-RAG,1200000,1200000,Lethe,same_role_still_authorized,0.4,0,0.00279,0.978719,0.977132,0.004228,0.007422,0.003282,0.00197
LegalBench-RAG,1200000,1200000,Lethe,same_role_still_authorized,0.4,1,0.003795,0.976747,0.978762,0.002934,0.023986,0.002084,0.000366
LegalBench-RAG,1200000,1200000,Lethe,same_role_still_authorized,0.4,2,0.003414,0.977408,0.978387,0.002561,0.010546,0.000829,0.003448
LegalBench-RAG,1200000,1200000,Lethe,same_role_still_authorized,0.4,3,0.003588,0.977991,0.97786,0.002484,0.018147,0.001637,0.002141
LegalBench-RAG,1200000,1200000,Lethe,same_role_still_authorized,0.4,4,0.003649,0.975635,0.976887,0.002923,0.005428,0.001938,0.003212
LegalBench-RAG,1200000,1200000,Lethe,same_role_still_authorized,0.4,5,0.001738,0.978148,0.976887,0.001617,0.01221,0.000652,0.001148
LegalBench-RAG,1200000,1200000,Lethe,same_role_still_authorized,0.4,6,0.002739,0.97918,0.975618,0.002736,0.015595,0.00238,0.002936
LegalBench-RAG,1200000,1200000,Lethe,same_role_still_authorized,0.4,7,0.002459,0.974728,0.978476,0.002974,0.029657,0.001692,0.003796
LegalBench-RAG,1200000,1200000,Lethe,same_role_still_authorized,0.4,8,0.003479,0.977412,0.975066,0.000909,0.013627,0.003226,0.000366
LegalBench-RAG,1200000,1200000,Lethe,same_role_still_authorized,0.4,9,0.000562,0.978299,0.97579,0.000421,0.009179,0.001844,0.000736
LegalBench-RAG,1200000,1200000,Lethe,different_role_still_authorized,0.4,0,0.003154,0.976893,0.978603,0.00124,0.016765,0.000618,0.00315
LegalBench-RAG,1200000,1200000,Lethe,different_role_still_authorized,0.4,1,0.003513,0.979089,0.977699,0.00221,0.019932,0.00011,0.002568
LegalBench-RAG,1200000,1200000,Lethe,different_role_still_authorized,0.4,2,0.002076,0.978067,0.976567,0.002391,0.018103,0.001343,0.002872
LegalBench-RAG,1200000,1200000,Lethe,different_role_still_authorized,0.4,3,0.002241,0.977189,0.978353,0.0,0.019901,7.6e-05,0.00096
LegalBench-RAG,1200000,1200000,Lethe,different_role_still_authorized,0.4,4,0.002721,0.977333,0.978309,0.001303,0.018596,0.001268,0.001477
LegalBench-RAG,1200000,1200000,Lethe,different_role_still_authorized,0.4,5,0.001472,0.976339,0.978359,0.0,0.013741,0.001347,0.003813
LegalBench-RAG,1200000,1200000,Lethe,different_role_still_authorized,0.4,6,0.003009,0.977628,0.976806,0.003271,0.018964,0.002913,0.000555
LegalBench-RAG,1200000,1200000,Lethe,different_role_still_authorized,0.4,7,0.001531,0.974935,0.974401,0.002062,0.012547,0.000304,0.000228
LegalBench-RAG,1200000,1200000,Lethe,different_role_still_authorized,0.4,8,0.003375,0.976302,0.976252,0.002136,0.013648,0.001287,0.002348
LegalBench-RAG,1200000,1200000,Lethe,different_role_still_authorized,0.4,9,0.002667,0.977734,0.976109,0.001811,0.012417,0.002707,0.001697
LegalBench-RAG,1200000,1200000,Lethe,ancestor_descendant_still_authorized,0.4,0,0.001808,0.977692,0.977542,0.000989,0.014332,0.002816,0.00304
LegalBench-RAG,1200000,1200000,Lethe,ancestor_descendant_still_authorized,0.4,1,0.002238,0.97579,0.976398,0.00231,0.014413,0.002456,0.002978
LegalBench-RAG,1200000,1200000,Lethe,ancestor_descendant_still_authorized,0.4,2,0.004584,0.975093,0.975675,0.003734,0.016905,0.00173,0.000698
LegalBench-RAG,1200000,1200000,Lethe,ancestor_descendant_still_authorized,0.4,3,0.001598,0.9784,0.976167,0.000594,0.015925,0.003083,0.001663
LegalBench-RAG,1200000,1200000,Lethe,ancestor_descendant_still_authorized,0.4,4,0.002825,0.97783,0.976459,0.002314,0.016563,0.000705,0.001853
LegalBench-RAG,1200000,1200000,Lethe,ancestor_descendant_still_authorized,0.4,5,0.002929,0.978729,0.977183,0.001948,0.01419,0.001467,0.00115
LegalBench-RAG,1200000,1200000,Lethe,ancestor_descendant_still_authorized,0.4,6,0.002324,0.978303,0.978595,0.002581,0.01611,0.003297,0.0033
LegalBench-RAG,1200000,1200000,Lethe,ancestor_descendant_still_authorized,0.4,7,0.001916,0.976682,0.979048,0.002643,0.011935,0.000931,0.003002
LegalBench-RAG,1200000,1200000,Lethe,ancestor_descendant_still_authorized,0.4,8,0.002362,0.978078,0.975611,0.0023,0.014667,0.001203,0.0
LegalBench-RAG,1200000,1200000,Lethe,ancestor_descendant_still_authorized,0.4,9,0.002042,0.979315,0.978991,0.001333,0.020152,0.002833,0.001468
LegalBench-RAG,1200000,1200000,Lethe,revoked_user,0.5,0,0.014862,0.977488,0.975932,0.011046,0.007576,0.000864,0.002796
LegalBench-RAG,1200000,1200000,Lethe,revoked_user,0.5,1,0.01584,0.979379,0.978412,0.012363,0.016816,0.002275,0.003568
LegalBench-RAG,1200000,1200000,Lethe,revoked_user,0.5,2,0.016344,0.977559,0.976623,0.012366,0.007238,0.003146,0.003409
LegalBench-RAG,1200000,1200000,Lethe,revoked_user,0.5,3,0.013128,0.976898,0.976425,0.010568,0.020596,0.000632,0.002426
LegalBench-RAG,1200000,1200000,Lethe,revoked_user,0.5,4,0.016037,0.976796,0.975537,0.014967,0.011978,0.001781,0.001535
LegalBench-RAG,1200000,1200000,Lethe,revoked_user,0.5,5,0.018203,0.977133,0.9759,0.015633,0.010921,0.000513,0.002846
LegalBench-RAG,1200000,1200000,Lethe,revoked_user,0.5,6,0.010674,0.977711,0.978318,0.008589,0.014178,0.00027,0.001866
LegalBench-RAG,1200000,1200000,Lethe,revoked_user,0.5,7,0.012587,0.9766,0.975088,0.01104,0.010844,0.001476,0.003454
LegalBench-RAG,1200000,1200000,Lethe,revoked_user,0.5,8,0.011576,0.976661,0.980087,0.007886,0.017566,0.001666,0.001829
LegalBench-RAG,1200000,1200000,Lethe,revoked_user,0.5,9,0.012442,0.978082,0.976276,0.008723,0.021855,0.001217,0.002422
LegalBench-RAG,1200000,1200000,Lethe,same_role_still_authorized,0.5,0,0.00301,0.976522,0.977438,0.001723,0.00056,0.003405,0.002821
LegalBench-RAG,1200000,1200000,Lethe,same_role_still_authorized,0.5,1,0.004126,0.977537,0.975139,0.002411,0.01997,0.002283,0.001614
LegalBench-RAG,1200000,1200000,Lethe,same_role_still_authorized,0.5,2,0.001233,0.973609,0.977305,0.000521,0.009502,0.001636,0.003167
LegalBench-RAG,1200000,1200000,Lethe,same_role_still_authorized,0.5,3,0.00383,0.977863,0.976375,0.002831,0.015843,0.002137,0.001863
LegalBench-RAG,1200000,1200000,Lethe,same_role_still_authorized,0.5,4,0.002346,0.976348,0.977047,0.001769,0.012579,0.000722,0.002312
LegalBench-RAG,1200000,1200000,Lethe,same_role_still_authorized,0.5,5,0.00374,0.977257,0.979793,0.00274,0.013765,0.002417,0.000337
LegalBench-RAG,1200000,1200000,Lethe,same_role_still_authorized,0.5,6,0.000855,0.972473,0.974501,0.000716,0.006696,0.002836,0.001524
LegalBench-RAG,1200000,1200000,Lethe,same_role_still_authorized,0.5,7,0.003084,0.974666,0.975168,0.002772,0.0147,0.002204,0.002479
LegalBench-RAG,1200000,1200000,Lethe,same_role_still_authorized,0.5,8,0.003137,0.975564,0.976329,0.001112,0.00985,0.002698,0.002731
LegalBench-RAG,1200000,1200000,Lethe,same_role_still_authorized,0.5,9,0.002538,0.975802,0.977551,0.002551,0.010283,0.002831,0.00215
LegalBench-RAG,1200000,1200000,Lethe,different_role_still_authorized,0.5,0,0.00357,0.976896,0.974036,0.004024,0.014084,0.003174,0.000374
LegalBench-RAG,1200000,1200000,Lethe,different_role_still_authorized,0.5,1,0.002012,0.973805,0.977258,0.001051,0.013785,0.001845,0.001453
LegalBench-RAG,1200000,1200000,Lethe,different_role_still_authorized,0.5,2,0.003791,0.976896,0.97476,0.004013,0.015559,0.002145,0.000142
LegalBench-RAG,1200000,1200000,Lethe,different_role_still_authorized,0.5,3,0.002906,0.976099,0.975819,0.002511,0.010175,0.000765,0.00279
LegalBench-RAG,1200000,1200000,Lethe,different_role_still_authorized,0.5,4,0.004126,0.97749,0.977306,0.003531,0.010109,0.001467,0.002284
LegalBench-RAG,1200000,1200000,Lethe,different_role_still_authorized,0.5,5,0.002382,0.975009,0.979099,0.001775,0.002569,0.00079,0.003384
LegalBench-RAG,1200000,1200000,Lethe,different_role_still_authorized,0.5,6,0.002632,0.977635,0.977001,0.003234,0.020168,0.001024,0.001646
LegalBench-RAG,1200000,1200000,Lethe,different_role_still_authorized,0.5,7,0.002889,0.975019,0.977737,0.001489,0.006131,0.004501,0.001014
LegalBench-RAG,1200000,1200000,Lethe,different_role_still_authorized,0.5,8,0.002712,0.977401,0.977769,0.004011,0.019953,0.003199,0.002156
LegalBench-RAG,1200000,1200000,Lethe,different_role_still_authorized,0.5,9,0.003912,0.977909,0.97613,0.002452,0.014246,0.002724,0.000997
LegalBench-RAG,1200000,1200000,Lethe,ancestor_descendant_still_authorized,0.5,0,0.004061,0.975999,0.977098,0.003022,0.0156,0.001887,0.001712
LegalBench-RAG,1200000,1200000,Lethe,ancestor_descendant_still_authorized,0.5,1,0.003312,0.975955,0.976258,0.005112,0.022543,0.003635,0.001496
LegalBench-RAG,1200000,1200000,Lethe,ancestor_descendant_still_authorized,0.5,2,0.003029,0.975892,0.977162,0.001826,0.009578,0.003324,0.004355
LegalBench-RAG,1200000,1200000,Lethe,ancestor_descendant_still_authorized,0.5,3,0.001714,0.976896,0.974987,0.000321,0.015076,0.00209,0.002792
LegalBench-RAG,1200000,1200000,Lethe,ancestor_descendant_still_authorized,0.5,4,0.004175,0.977382,0.976294,0.002088,0.006449,0.001692,0.003883
LegalBench-RAG,1200000,1200000,Lethe,ancestor_descendant_still_authorized,0.5,5,0.004111,0.976906,0.979074,0.003416,0.007421,0.001376,0.001765
LegalBench-RAG,1200000,1200000,Lethe,ancestor_descendant_still_authorized,0.5,6,0.001609,0.976616,0.973409,0.001608,0.027348,0.001468,0.003024
LegalBench-RAG,1200000,1200000,Lethe,ancestor_descendant_still_authorized,0.5,7,0.002708,0.977251,0.975815,0.002163,0.014234,0.0,0.001834
LegalBench-RAG,1200000,1200000,Lethe,ancestor_descendant_still_authorized,0.5,8,0.003114,0.978813,0.974909,0.003208,0.012573,0.002684,0.000278
LegalBench-RAG,1200000,1200000,Lethe,ancestor_descendant_still_authorized,0.5,9,0.003438,0.976475,0.977689,0.001713,0.008939,0.004432,0.003032
LegalBench-RAG,1200000,1200000,Lethe,revoked_user,0.1,0,0.00793,0.976459,0.976022,0.005618,0.022953,0.001296,0.001379
LegalBench-RAG,1200000,1200000,Lethe,revoked_user,0.1,1,0.007585,0.975137,0.977283,0.005928,0.023495,0.001897,0.003126
LegalBench-RAG,1200000,1200000,Lethe,revoked_user,0.1,2,0.006255,0.979221,0.978039,0.0051,0.016169,0.000596,0.003708
LegalBench-RAG,1200000,1200000,Lethe,revoked_user,0.1,3,0.011784,0.975739,0.976734,0.009554,0.01834,0.000903,0.001515
LegalBench-RAG,1200000,1200000,Lethe,revoked_user,0.1,4,0.008118,0.976954,0.976102,0.005581,0.010068,0.002121,0.003609
LegalBench-RAG,1200000,1200000,Lethe,revoked_user,0.1,5,0.009453,0.978992,0.976867,0.0087,0.014425,0.000215,0.001463
LegalBench-RAG,1200000,1200000,Lethe,revoked_user,0.1,6,0.005912,0.977158,0.979054,0.004285,0.00912,0.003753,0.001715
LegalBench-RAG,1200000,1200000,Lethe,revoked_user,0.1,7,0.008448,0.978072,0.97669,0.005422,0.011673,0.000964,0.000855
LegalBench-RAG,1200000,1200000,Lethe,revoked_user,0.1,8,0.006733,0.978956,0.977399,0.006126,0.019034,0.000397,0.001942
LegalBench-RAG,1200000,1200000,Lethe,revoked_user,0.1,9,0.008745,0.975866,0.978995,0.007256,0.009777,0.000965,0.001287
LegalBench-RAG,1200000,1200000,Lethe,same_role_still_authorized,0.1,0,0.000922,0.976511,0.976763,0.0,0.015269,0.002116,0.001336
LegalBench-RAG,1200000,1200000,Lethe,same_role_still_authorized,0.1,1,0.000968,0.977617,0.97642,0.000852,0.02296,0.003358,0.000313
LegalBench-RAG,1200000,1200000,Lethe,same_role_still_authorized,0.1,2,0.000884,0.975477,0.97692,0.000486,0.018649,0.004226,0.002465
LegalBench-RAG,1200000,1200000,Lethe,same_role_still_authorized,0.1,3,0.003455,0.978453,0.977415,0.003789,0.025956,0.002015,0.002441
LegalBench-RAG,1200000,1200000,Lethe,same_role_still_authorized,0.1,4,0.002063,0.977696,0.976859,0.002907,0.014484,0.002654,0.002021
LegalBench-RAG,1200000,1200000,Lethe,same_role_still_authorized,0.1,5,0.000703,0.978865,0.976167,0.001494,0.016581,0.0007,0.000575
LegalBench-RAG,1200000,1200000,Lethe,same_role_still_authorized,0.1,6,0.003363,0.974222,0.976528,0.00517,0.011109,0.001436,0.002799
LegalBench-RAG,1200000,1200000,Lethe,same_role_still_authorized,0.1,7,0.002455,0.97587,0.974307,0.0,0.010453,0.003419,0.002201
LegalBench-RAG,1200000,1200000,Lethe,same_role_still_authorized,0.1,8,0.001616,0.975738,0.977597,0.001596,0.014862,0.002979,0.001887
LegalBench-RAG,1200000,1200000,Lethe,same_role_still_authorized,0.1,9,0.002915,0.976863,0.980699,0.001907,0.006682,0.0,0.00228
LegalBench-RAG,1200000,1200000,Lethe,different_role_still_authorized,0.1,0,0.00133,0.979435,0.980231,0.001896,0.009164,0.00156,0.002035
LegalBench-RAG,1200000,1200000,Lethe,different_role_still_authorized,0.1,1,0.002874,0.975657,0.979034,0.002608,0.000884,0.002729,0.002242
LegalBench-RAG,1200000,1200000,Lethe,different_role_still_authorized,0.1,2,0.002309,0.975729,0.976503,0.002105,0.007281,0.002752,0.000667
LegalBench-RAG,1200000,1200000,Lethe,different_role_still_authorized,0.1,3,0.000293,0.975816,0.97638,0.000877,0.010079,0.001903,0.00266
LegalBench-RAG,1200000,1200000,Lethe,different_role_still_authorized,0.1,4,0.003648,0.974862,0.97747,0.002338,0.008326,0.002641,0.002442
LegalBench-RAG,1200000,1200000,Lethe,different_role_still_authorized,0.1,5,0.001264,0.979105,0.977267,0.001851,0.014074,0.002971,0.002229
LegalBench-RAG,1200000,1200000,Lethe,different_role_still_authorized,0.1,6,0.001714,0.977739,0.976957,0.001392,0.020474,0.003919,0.000308
LegalBench-RAG,1200000,1200000,Lethe,different_role_still_authorized,0.1,7,0.00173,0.975262,0.975732,0.000944,0.02015,0.00353,0.001586
LegalBench-RAG,1200000,1200000,Lethe,different_role_still_authorized,0.1,8,0.00059,0.978362,0.977176,0.0,0.026283,0.002146,0.002388
LegalBench-RAG,1200000,1200000,Lethe,different_role_still_authorized,0.1,9,0.000359,0.979211,0.978661,0.001361,0.019659,0.002967,0.00238
LegalBench-RAG,1200000,1200000,Lethe,ancestor_descendant_still_authorized,0.1,0,0.003262,0.97631,0.974954,0.004099,0.019924,0.001193,0.000249
LegalBench-RAG,1200000,1200000,Lethe,ancestor_descendant_still_authorized,0.1,1,0.003907,0.979432,0.976182,0.005211,0.00647,0.003352,0.002226
LegalBench-RAG,1200000,1200000,Lethe,ancestor_descendant_still_authorized,0.1,2,0.001613,0.974069,0.978472,0.001988,0.02485,0.001824,0.003445
LegalBench-RAG,1200000,1200000,Lethe,ancestor_descendant_still_authorized,0.1,3,0.002224,0.975805,0.977083,0.003758,0.012791,0.001362,0.002297
LegalBench-RAG,1200000,1200000,Lethe,ancestor_descendant_still_authorized,0.1,4,0.002834,0.977746,0.976957,0.003377,0.010304,0.003031,0.002558
LegalBench-RAG,1200000,1200000,Lethe,ancestor_descendant_still_authorized,0.1,5,0.00198,0.976663,0.976061,0.000867,0.018136,0.000493,0.001077
LegalBench-RAG,1200000,1200000,Lethe,ancestor_descendant_still_authorized,0.1,6,0.000339,0.97864,0.978439,0.0,0.02231,0.002,0.003944
LegalBench-RAG,1200000,1200000,Lethe,ancestor_descendant_still_authorized,0.1,7,0.003178,0.97669,0.974257,0.002677,0.003033,0.002719,0.001635
LegalBench-RAG,1200000,1200000,Lethe,ancestor_descendant_still_authorized,0.1,8,0.000565,0.978331,0.976046,0.0,0.017162,0.002152,0.002305
LegalBench-RAG,1200000,1200000,Lethe,ancestor_descendant_still_authorized,0.1,9,0.001849,0.978229,0.977166,0.000989,0.015529,0.004427,0.000996
LegalBench-RAG,1200000,1200000,Lethe,revoked_user,0.2,0,0.005867,0.977977,0.975507,0.004792,0.013362,0.000847,0.001367
LegalBench-RAG,1200000,1200000,Lethe,revoked_user,0.2,1,0.006254,0.97879,0.977416,0.00499,0.012616,0.003205,0.000901
LegalBench-RAG,1200000,1200000,Lethe,revoked_user,0.2,2,0.012224,0.979547,0.980018,0.009912,0.019069,0.001229,0.001465
LegalBench-RAG,1200000,1200000,Lethe,revoked_user,0.2,3,0.007255,0.977728,0.979799,0.007689,0.000866,0.002435,0.002141
LegalBench-RAG,1200000,1200000,Lethe,revoked_user,0.2,4,0.007524,0.975563,0.976262,0.005579,0.017951,0.002536,0.001885
LegalBench-RAG,1200000,1200000,Lethe,revoked_user,0.2,5,0.006349,0.978813,0.976592,0.006527,0.005737,0.00308,0.000854
LegalBench-RAG,1200000,1200000,Lethe,revoked_user,0.2,6,0.007471,0.97621,0.979146,0.006383,0.007931,0.002524,0.001232
LegalBench-RAG,1200000,1200000,Lethe,revoked_user,0.2,7,0.015041,0.978084,0.977224,0.012356,0.01359,0.000202,0.004518
LegalBench-RAG,1200000,1200000,Lethe,revoked_user,0.2,8,0.010346,0.977339,0.975982,0.008741,0.016883,0.002514,0.001424
LegalBench-RAG,1200000,1200000,Lethe,revoked_user,0.2,9,0.006782,0.978699,0.980432,0.006282,0.011131,0.002928,0.003623
LegalBench-RAG,1200000,1200000,Lethe,same_role_still_authorized,0.2,0,0.003392,0.975712,0.973551,0.003101,0.019746,0.002285,0.0
LegalBench-RAG,1200000,1200000,Lethe,same_role_still_authorized,0.2,1,6e-06,0.979163,0.978645,0.0,0.01067,0.00245,0.001701
LegalBench-RAG,1200000,1200000,Lethe,same_role_still_authorized,0.2,2,0.001466,0.978072,0.975874,0.000243,0.019517,0.002706,0.0
LegalBench-RAG,1200000,1200000,Lethe,same_role_still_authorized,0.2,3,0.001122,0.978737,0.974052,0.002162,0.011085,0.002596,0.002274
LegalBench-RAG,1200000,1200000,Lethe,same_role_still_authorized,0.2,4,0.001531,0.978877,0.978589,0.000628,0.019313,0.002089,0.003818
LegalBench-RAG,1200000,1200000,Lethe,same_role_still_authorized,0.2,5,0.001113,0.978481,0.97471,0.001952,0.019465,0.002049,0.003274
LegalBench-RAG,1200000,1200000,Lethe,same_role_still_authorized,0.2,6,0.001303,0.979262,0.977746,0.001485,0.016332,0.000808,0.001735
LegalBench-RAG,1200000,1200000,Lethe,same_role_still_authorized,0.2,7,0.004607,0.978181,0.978224,0.003719,0.011496,0.003843,0.001178
LegalBench-RAG,1200000,1200000,Lethe,same_role_still_authorized,0.2,8,0.002267,0.97721,0.976295,0.003112,0.019806,0.004219,0.003238
LegalBench-RAG,1200000,1200000,Lethe,same_role_still_authorized,0.2,9,0.003501,0.97633,0.975794,0.002114,0.012439,0.001511,0.002526
LegalBench-RAG,1200000,1200000,Lethe,different_role_still_authorized,0.2,0,0.004473,0.976067,0.978728,0.004342,0.009563,0.002536,0.00122
LegalBench-RAG,1200000,1200000,Lethe,different_role_still_authorized,0.2,1,0.003079,0.973724,0.977361,0.003236,0.016709,0.002407,0.002049
LegalBench-RAG,1200000,1200000,Lethe,different_role_still_authorized,0.2,2,0.002523,0.977001,0.978974,0.002775,0.007061,0.001397,0.004072
LegalBench-RAG,1200000,1200000,Lethe,different_role_still_authorized,0.2,3,0.001932,0.977156,0.97563,0.000771,0.01079,0.001912,0.001513
LegalBench-RAG,1200000,1200000,Lethe,different_role_still_authorized,0.2,4,0.003375,0.977127,0.979107,0.001921,0.011757,0.002212,0.003111
LegalBench-RAG,1200000,1200000,Lethe,different_role_still_authorized,0.2,5,0.001763,0.977774,0.977834,0.0,0.021088,0.002255,0.002779
LegalBench-RAG,1200000,1200000,Lethe,different_role_still_authorized,0.2,6,0.002886,0.977746,0.977179,0.002432,0.029727,0.002132,0.002263
LegalBench-RAG,1200000,1200000,Lethe,different_role_still_authorized,0.2,7,0.002153,0.975882,0.977189,0.003027,0.006271,0.002871,0.001898
LegalBench-RAG,1200000,1200000,Lethe,different_role_still_authorized,0.2,8,0.003095,0.978409,0.977033,0.001985,0.013263,0.003232,0.001452
LegalBench-RAG,1200000,1200000,Lethe,different_role_still_authorized,0.2,9,0.001061,0.976096,0.976038,0.001062,0.020759,0.002155,0.002574
LegalBench-RAG,1200000,1200000,Lethe,ancestor_descendant_still_authorized,0.2,0,0.000129,0.975488,0.977229,0.001705,0.006755,0.001254,0.000423
LegalBench-RAG,1200000,1200000,Lethe,ancestor_descendant_still_authorized,0.2,1,0.002707,0.97886,0.978393,0.001097,0.013647,0.002798,0.00215
LegalBench-RAG,1200000,1200000,Lethe,ancestor_descendant_still_authorized,0.2,2,0.002867,0.974553,0.977391,0.003316,0.021274,0.002854,0.00136
LegalBench-RAG,1200000,1200000,Lethe,ancestor_descendant_still_authorized,0.2,3,0.001801,0.977886,0.976744,0.0022,0.011646,0.000975,0.003468
LegalBench-RAG,1200000,1200000,Lethe,ancestor_descendant_still_authorized,0.2,4,0.002638,0.974742,0.976987,0.002369,0.003478,0.001677,0.00095
LegalBench-RAG,1200000,1200000,Lethe,ancestor_descendant_still_authorized,0.2,5,0.001899,0.974452,0.976982,0.0,0.015611,0.001715,0.00392
LegalBench-RAG,1200000,1200000,Lethe,ancestor_descendant_still_authorized,0.2,6,0.0,0.978237,0.978207,0.0,0.019771,0.001496,0.003102
LegalBench-RAG,1200000,1200000,Lethe,ancestor_descendant_still_authorized,0.2,7,0.002636,0.976459,0.975305,0.002871,0.016466,0.001943,0.001174
LegalBench-RAG,1200000,1200000,Lethe,ancestor_descendant_still_authorized,0.2,8,0.002002,0.976118,0.976878,0.000739,0.019909,0.001829,0.0
LegalBench-RAG,1200000,1200000,Lethe,ancestor_descendant_still_authorized,0.2,9,0.003289,0.979688,0.9782,0.001296,0.023331,0.000828,0.002285
LegalBench-RAG,1200000,1200000,Lethe,revoked_user,0.3,0,0.010025,0.978327,0.978145,0.006435,0.009209,0.001244,0.002464
LegalBench-RAG,1200000,1200000,Lethe,revoked_user,0.3,1,0.010798,0.976368,0.976247,0.010288,0.010364,0.001023,0.002859
LegalBench-RAG,1200000,1200000,Lethe,revoked_user,0.3,2,0.010504,0.977436,0.978136,0.009629,0.007543,0.001972,0.00272
LegalBench-RAG,1200000,1200000,Lethe,revoked_user,0.3,3,0.010609,0.975981,0.976578,0.00851,0.020185,0.002561,0.001702
LegalBench-RAG,1200000,1200000,Lethe,revoked_user,0.3,4,0.01131,0.977879,0.97733,0.009791,0.014735,0.001804,0.002675
LegalBench-RAG,1200000,1200000,Lethe,revoked_user,0.3,5,0.013423,0.977095,0.974995,0.012131,0.028055,0.002129,0.003441
LegalBench-RAG,1200000,1200000,Lethe,revoked_user,0.3,6,0.014789,0.976691,0.979514,0.011035,0.007084,0.000483,0.002565
LegalBench-RAG,1200000,1200000,Lethe,revoked_user,0.3,7,0.008378,0.977197,0.978321,0.005936,0.005165,0.002579,0.001343
LegalBench-RAG,1200000,1200000,Lethe,revoked_user,0.3,8,0.009133,0.978137,0.976897,0.007785,0.021876,0.00226,0.002094
LegalBench-RAG,1200000,1200000,Lethe,revoked_user,0.3,9,0.01048,0.977301,0.977737,0.008005,0.010262,0.003927,0.001734
LegalBench-RAG,1200000,1200000,Lethe,same_role_still_authorized,0.3,0,0.001767,0.976899,0.975734,0.001933,0.012037,0.001397,0.002661
LegalBench-RAG,1200000,1200000,Lethe,same_role_still_authorized,0.3,1,0.002174,0.979439,0.97671,1.3e-05,0.013961,0.000968,0.001326
LegalBench-RAG,1200000,1200000,Lethe,same_role_still_authorized,0.3,2,0.003334,0.976926,0.978253,0.001358,0.019408,0.001634,0.002525
LegalBench-RAG,1200000,1200000,Lethe,same_role_still_authorized,0.3,3,0.003455,0.977048,0.976142,0.002713,0.01987,0.002233,0.002389
LegalBench-RAG,1200000,1200000,Lethe,same_role_still_authorized,0.3,4,0.002528,0.978091,0.977261,0.002109,0.015884,0.001504,0.002464
LegalBench-RAG,1200000,1200000,Lethe,same_role_still_authorized,0.3,5,0.002532,0.978528,0.975551,0.003298,0.004514,0.003036,0.002882
LegalBench-RAG,1200000,1200000,Lethe,same_role_still_authorized,0.3,6,0.001189,0.97909,0.977585,0.0,0.01119,0.002049,0.003101
LegalBench-RAG,1200000,1200000,Lethe,same_role_still_authorized,0.3,7,0.004361,0.978258,0.977649,0.003906,0.024931,0.0,0.00329
LegalBench-RAG,1200000,1200000,Lethe,same_role_still_authorized,0.3,8,0.00476,0.978073,0.978495,0.004649,0.01277,0.001611,0.001662
LegalBench-RAG,1200000,1200000,Lethe,same_role_still_authorized,0.3,9,0.000965,0.9759,0.975215,0.001013,0.012047,0.000657,0.000201
LegalBench-RAG,1200000,1200000,Lethe,different_role_still_authorized,0.3,0,0.001588,0.976684,0.977714,0.001208,0.010805,0.00291,0.001391
LegalBench-RAG,1200000,1200000,Lethe,different_role_still_authorized,0.3,1,0.003223,0.973641,0.976525,0.002878,0.008835,0.002123,0.001452
LegalBench-RAG,1200000,1200000,Lethe,different_role_still_authorized,0.3,2,0.003092,0.974869,0.975478,0.002096,0.00874,0.000839,0.0
LegalBench-RAG,1200000,1200000,Lethe,different_role_still_authorized,0.3,3,0.003776,0.976121,0.980409,0.003929,0.012549,0.001749,0.00197
LegalBench-RAG,1200000,1200000,Lethe,different_role_still_authorized,0.3,4,0.002075,0.97598,0.978296,0.002374,0.01296,0.002754,0.000988
LegalBench-RAG,1200000,1200000,Lethe,different_role_still_authorized,0.3,5,0.002212,0.976752,0.977626,0.001119,0.007635,0.003282,0.002033
LegalBench-RAG,1200000,1200000,Lethe,different_role_still_authorized,0.3,6,0.001355,0.974187,0.976634,0.0,0.011986,0.003438,0.001468
LegalBench-RAG,1200000,1200000,Lethe,different_role_still_authorized,0.3,7,0.002101,0.977584,0.977712,0.001278,0.020473,0.002597,0.001845
LegalBench-RAG,1200000,1200000,Lethe,different_role_still_authorized,0.3,8,0.001506,0.976253,0.976019,0.00125,0.020837,0.002004,0.001198
LegalBench-RAG,1200000,1200000,Lethe,different_role_still_authorized,0.3,9,0.001811,0.979108,0.978538,0.000745,0.012224,0.001786,0.001904
LegalBench-RAG,1200000,1200000,Lethe,ancestor_descendant_still_authorized,0.3,0,0.00102,0.976409,0.979418,0.000827,0.017802,0.002193,0.001897
LegalBench-RAG,1200000,1200000,Lethe,ancestor_descendant_still_authorized,0.3,1,0.003402,0.97672,0.980016,0.001934,0.025873,0.002431,0.001613
LegalBench-RAG,1200000,1200000,Lethe,ancestor_descendant_still_authorized,0.3,2,0.003291,0.976227,0.973776,0.005015,0.019932,0.002837,0.001713
LegalBench-RAG,1200000,1200000,Lethe,ancestor_descendant_still_authorized,0.3,3,0.003782,0.974516,0.973904,0.00304,0.01833,0.002932,0.002038
LegalBench-RAG,1200000,1200000,Lethe,ancestor_descendant_still_authorized,0.3,4,0.003332,0.978511,0.976049,0.003759,0.018937,0.002529,0.001116
LegalBench-RAG,1200000,1200000,Lethe,ancestor_descendant_still_authorized,0.3,5,0.000964,0.981081,0.977014,0.0015,0.019437,0.001034,0.000763
LegalBench-RAG,1200000,1200000,Lethe,ancestor_descendant_still_authorized,0.3,6,0.002513,0.977351,0.975975,0.002067,0.006263,0.002171,0.002327
LegalBench-RAG,1200000,1200000,Lethe,ancestor_descendant_still_authorized,0.3,7,0.000939,0.98,0.977313,0.002755,0.006082,0.001228,0.001629
LegalBench-RAG,1200000,1200000,Lethe,ancestor_descendant_still_authorized,0.3,8,0.001303,0.97741,0.976234,0.000129,0.020859,0.002064,0.001155
LegalBench-RAG,1200000,1200000,Lethe,ancestor_descendant_still_authorized,0.3,9,0.001059,0.976657,0.977519,0.001675,0.015327,0.002456,0.003325
LegalBench-RAG,1200000,1200000,Lethe,revoked_user,0.4,0,0.011877,0.976539,0.976865,0.009041,0.006922,0.000246,0.000829
LegalBench-RAG,1200000,1200000,Lethe,revoked_user,0.4,1,0.011785,0.977545,0.976047,0.010131,0.017939,0.001901,0.001207
LegalBench-RAG,1200000,1200000,Lethe,revoked_user,0.4,2,0.013933,0.977764,0.976861,0.011066,0.012511,0.001882,0.001648
LegalBench-RAG,1200000,1200000,Lethe,revoked_user,0.4,3,0.014873,0.975073,0.977222,0.012483,0.023945,0.001182,0.001417
LegalBench-RAG,1200000,1200000,Lethe,revoked_user,0.4,4,0.013218,0.976039,0.9775,0.010313,0.020511,0.00219,0.002388
LegalBench-RAG,1200000,1200000,Lethe,revoked_user,0.4,5,0.015869,0.975034,0.974736,0.013458,0.019245,0.001136,0.002406
LegalBench-RAG,1200000,1200000,Lethe,revoked_user,0.4,6,0.008111,0.976412,0.976189,0.004833,0.019671,0.000713,0.002496
LegalBench-RAG,1200000,1200000,Lethe,revoked_user,0.4,7,0.01306,0.976407,0.977243,0.01096,0.014379,0.000396,0.003187
LegalBench-RAG,1200000,1200000,Lethe,revoked_user,0.4,8,0.013118,0.976822,0.979762,0.009869,0.014138,0.002386,0.001758
LegalBench-RAG,1200000,1200000,Lethe,revoked_user,0.4,9,0.011506,0.97511,0.975385,0.008409,0.008385,0.002839,0.00092
LegalBench-RAG,1200000,1200000,Lethe,same_role_still_authorized,0.4,0,0.002094,0.977827,0.97823,0.002161,0.014718,0.000564,0.00289
LegalBench-RAG,1200000,1200000,Lethe,same_role_still_authorized,0.4,1,0.000996,0.977997,0.974748,0.001404,0.012936,0.001954,0.002219
LegalBench-RAG,1200000,1200000,Lethe,same_role_still_authorized,0.4,2,0.001664,0.977765,0.975754,0.002127,0.026091,0.001816,0.001918
LegalBench-RAG,1200000,1200000,Lethe,same_role_still_authorized,0.4,3,0.002771,0.981076,0.974202,0.000551,0.015308,0.003457,0.001412
LegalBench-RAG,1200000,1200000,Lethe,same_role_still_authorized,0.4,4,0.002586,0.977352,0.977201,0.0029,0.011094,0.001335,0.001287
LegalBench-RAG,1200000,1200000,Lethe,same_role_still_authorized,0.4,5,0.000724,0.975096,0.976835,0.001022,0.009671,0.001404,0.002059
LegalBench-RAG,1200000,1200000,Lethe,same_role_still_authorized,0.4,6,0.003532,0.978613,0.979361,0.002448,0.023112,0.003063,0.000505
LegalBench-RAG,1200000,1200000,Lethe,same_role_still_authorized,0.4,7,0.002969,0.974444,0.978742,0.001749,0.009169,0.00152,0.001305
LegalBench-RAG,1200000,1200000,Lethe,same_role_still_authorized,0.4,8,0.003407,0.977164,0.974833,0.003656,0.028054,0.002356,0.002062
LegalBench-RAG,1200000,1200000,Lethe,same_role_still_authorized,0.4,9,0.002882,0.975898,0.974393,0.003952,0.015579,0.002272,0.00241
LegalBench-RAG,1200000,1200000,Lethe,different_role_still_authorized,0.4,0,0.003442,0.979491,0.976612,0.003555,0.011813,0.001478,0.001287
LegalBench-RAG,1200000,1200000,Lethe,different_role_still_authorized,0.4,1,0.002967,0.977939,0.976955,0.001898,0.022812,0.002096,0.001604
LegalBench-RAG,1200000,1200000,Lethe,different_role_still_authorized,0.4,2,0.002078,0.977308,0.977612,0.0,0.016329,0.00185,0.002753
LegalBench-RAG,1200000,1200000,Lethe,different_role_still_authorized,0.4,3,0.002544,0.973714,0.977943,0.002593,0.016499,0.001917,0.000551
LegalBench-RAG,1200000,1200000,Lethe,different_role_still_authorized,0.4,4,0.002822,0.976252,0.974743,0.002606,0.021665,0.003085,0.000759
LegalBench-RAG,1200000,1200000,Lethe,different_role_still_authorized,0.4,5,0.003135,0.977301,0.976461,0.001471,0.006458,0.002449,0.001572
LegalBench-RAG,1200000,1200000,Lethe,different_role_still_authorized,0.4,6,0.001134,0.980601,0.977013,0.000748,0.014938,0.002118,0.000778
LegalBench-RAG,1200000,1200000,Lethe,different_role_still_authorized,0.4,7,0.001792,0.977542,0.977069,0.003052,0.016089,0.002061,0.00042
LegalBench-RAG,1200000,1200000,Lethe,different_role_still_authorized,0.4,8,0.002789,0.976553,0.97855,0.003852,0.019059,5.6e-05,0.000714
LegalBench-RAG,1200000,1200000,Lethe,different_role_still_authorized,0.4,9,0.002358,0.979391,0.977482,0.001923,0.00899,0.002895,0.0
LegalBench-RAG,1200000,1200000,Lethe,ancestor_descendant_still_authorized,0.4,0,0.003238,0.976827,0.979388,0.002599,0.005162,0.00162,0.002894
LegalBench-RAG,1200000,1200000,Lethe,ancestor_descendant_still_authorized,0.4,1,0.003172,0.975524,0.977403,0.003073,0.007781,0.000118,0.001373
LegalBench-RAG,1200000,1200000,Lethe,ancestor_descendant_still_authorized,0.4,2,0.002674,0.977211,0.97841,0.001784,0.019521,0.002709,0.001777
LegalBench-RAG,1200000,1200000,Lethe,ancestor_descendant_still_authorized,0.4,3,0.002368,0.976873,0.977286,0.000888,0.013461,0.002481,0.001814
LegalBench-RAG,1200000,1200000,Lethe,ancestor_descendant_still_authorized,0.4,4,0.002116,0.976688,0.974827,0.001353,0.021155,0.002252,0.000634
LegalBench-RAG,1200000,1200000,Lethe,ancestor_descendant_still_authorized,0.4,5,0.002008,0.974862,0.973289,0.000475,0.013117,0.003663,0.00144
LegalBench-RAG,1200000,1200000,Lethe,ancestor_descendant_still_authorized,0.4,6,0.003338,0.977118,0.976974,0.00238,0.024953,0.003069,0.00292
LegalBench-RAG,1200000,1200000,Lethe,ancestor_descendant_still_authorized,0.4,7,0.002309,0.976222,0.979976,0.000762,0.019493,0.001691,0.000904
LegalBench-RAG,1200000,1200000,Lethe,ancestor_descendant_still_authorized,0.4,8,0.002296,0.977945,0.977115,0.002518,0.014061,0.002731,0.004243
LegalBench-RAG,1200000,1200000,Lethe,ancestor_descendant_still_authorized,0.4,9,0.002609,0.978138,0.979321,0.002218,0.021374,0.001966,0.002385
LegalBench-RAG,1200000,1200000,Lethe,revoked_user,0.5,0,0.014616,0.975519,0.976111,0.012697,0.014637,0.002,0.002837
LegalBench-RAG,1200000,1200000,Lethe,revoked_user,0.5,1,0.013845,0.976006,0.976179,0.012321,0.015082,0.00203,0.001977
LegalBench-RAG,1200000,1200000,Lethe,revoked_user,0.5,2,0.012061,0.977465,0.976616,0.007532,0.008185,0.001874,0.000589
LegalBench-RAG,1200000,1200000,Lethe,revoked_user,0.5,3,0.013603,0.973513,0.979216,0.009545,0.005918,0.002932,0.001332
LegalBench-RAG,1200000,1200000,Lethe,revoked_user,0.5,4,0.01696,0.974653,0.9772,0.013444,0.004307,0.002358,0.001622
LegalBench-RAG,1200000,1200000,Lethe,revoked_user,0.5,5,0.013676,0.976051,0.978854,0.010763,0.013318,0.001602,0.002014
LegalBench-RAG,1200000,1200000,Lethe,revoked_user,0.5,6,0.016386,0.978892,0.977396,0.013541,0.014724,0.004372,0.001445
LegalBench-RAG,1200000,1200000,Lethe,revoked_user,0.5,7,0.014916,0.976546,0.977892,0.012287,0.015044,0.0,0.002898
LegalBench-RAG,1200000,1200000,Lethe,revoked_user,0.5,8,0.010367,0.977779,0.975396,0.008671,0.028414,0.001921,0.003349
LegalBench-RAG,1200000,1200000,Lethe,revoked_user,0.5,9,0.015961,0.975938,0.976391,0.012767,0.019237,0.003382,0.002591
LegalBench-RAG,1200000,1200000,Lethe,same_role_still_authorized,0.5,0,0.003536,0.975454,0.978333,0.002487,0.017826,0.001926,0.000392
LegalBench-RAG,1200000,1200000,Lethe,same_role_still_authorized,0.5,1,0.005678,0.980111,0.976266,0.004795,0.021246,0.0,0.001873
LegalBench-RAG,1200000,1200000,Lethe,same_role_still_authorized,0.5,2,0.003442,0.977736,0.976818,0.003037,0.01187,0.001197,0.003497
LegalBench-RAG,1200000,1200000,Lethe,same_role_still_authorized,0.5,3,0.00157,0.97798,0.975366,0.001687,0.006075,0.001911,0.002916
LegalBench-RAG,1200000,1200000,Lethe,same_role_still_authorized,0.5,4,0.00236,0.975338,0.979983,0.000738,0.008366,0.002318,0.002072
LegalBench-RAG,1200000,1200000,Lethe,same_role_still_authorized,0.5,5,0.005739,0.97415,0.977214,0.005735,0.016816,0.000366,0.001608
LegalBench-RAG,1200000,1200000,Lethe,same_role_still_authorized,0.5,6,0.002122,0.977651,0.976536,0.002953,0.022439,0.002614,0.001535
LegalBench-RAG,1200000,1200000,Lethe,same_role_still_authorized,0.5,7,0.003917,0.978075,0.97661,0.00344,0.00858,0.000267,0.000786
LegalBench-RAG,1200000,1200000,Lethe,same_role_still_authorized,0.5,8,0.002903,0.975655,0.97685,0.003523,0.0093,0.001138,0.0
LegalBench-RAG,1200000,1200000,Lethe,same_role_still_authorized,0.5,9,0.004542,0.975287,0.976362,0.003019,0.027396,0.001788,0.00136
LegalBench-RAG,1200000,1200000,Lethe,different_role_still_authorized,0.5,0,0.004004,0.976391,0.9764,0.002561,0.016862,0.001752,0.003202
LegalBench-RAG,1200000,1200000,Lethe,different_role_still_authorized,0.5,1,0.002192,0.976135,0.975092,0.000974,0.007934,0.001453,0.000909
LegalBench-RAG,1200000,1200000,Lethe,different_role_still_authorized,0.5,2,0.002895,0.977714,0.976829,0.001745,0.008117,0.001584,0.003673
LegalBench-RAG,1200000,1200000,Lethe,different_role_still_authorized,0.5,3,0.001028,0.975208,0.976656,0.002146,0.013207,0.00196,0.00361
LegalBench-RAG,1200000,1200000,Lethe,different_role_still_authorized,0.5,4,0.003364,0.974408,0.975355,0.001968,0.026308,0.00159,0.001851
LegalBench-RAG,1200000,1200000,Lethe,different_role_still_authorized,0.5,5,0.002774,0.979004,0.978487,0.002234,0.010651,0.00145,0.002593
LegalBench-RAG,1200000,1200000,Lethe,different_role_still_authorized,0.5,6,0.002135,0.977883,0.976567,0.002166,0.019271,0.00039,0.00242
LegalBench-RAG,1200000,1200000,Lethe,different_role_still_authorized,0.5,7,0.002737,0.975671,0.974707,0.003973,0.009455,0.001043,0.002556
LegalBench-RAG,1200000,1200000,Lethe,different_role_still_authorized,0.5,8,0.000864,0.974705,0.975795,0.0,0.006333,0.001333,0.000202
LegalBench-RAG,1200000,1200000,Lethe,different_role_still_authorized,0.5,9,0.001849,0.97836,0.980032,0.003398,0.017356,0.00269,0.001272
LegalBench-RAG,1200000,1200000,Lethe,ancestor_descendant_still_authorized,0.5,0,0.003485,0.976011,0.976369,0.002508,0.023482,0.002219,0.001833
LegalBench-RAG,1200000,1200000,Lethe,ancestor_descendant_still_authorized,0.5,1,0.002227,0.974479,0.976439,0.001284,0.015762,0.000541,0.002435
LegalBench-RAG,1200000,1200000,Lethe,ancestor_descendant_still_authorized,0.5,2,0.002677,0.97739,0.978348,0.003148,0.013736,0.002709,0.0
LegalBench-RAG,1200000,1200000,Lethe,ancestor_descendant_still_authorized,0.5,3,0.002507,0.976914,0.977648,0.002088,0.019014,0.003817,0.002253
LegalBench-RAG,1200000,1200000,Lethe,ancestor_descendant_still_authorized,0.5,4,0.005036,0.976519,0.977141,0.004309,0.012819,0.001784,0.001919
LegalBench-RAG,1200000,1200000,Lethe,ancestor_descendant_still_authorized,0.5,5,0.004327,0.97795,0.976062,0.003686,0.008826,0.001557,0.002967
LegalBench-RAG,1200000,1200000,Lethe,ancestor_descendant_still_authorized,0.5,6,0.001651,0.975426,0.97658,0.00097,0.011275,0.001962,0.001617
LegalBench-RAG,1200000,1200000,Lethe,ancestor_descendant_still_authorized,0.5,7,0.00425,0.976555,0.97567,0.001619,0.018909,0.001701,0.002737
LegalBench-RAG,1200000,1200000,Lethe,ancestor_descendant_still_authorized,0.5,8,0.002582,0.975282,0.978961,0.002254,0.010671,0.002928,0.003175
LegalBench-RAG,1200000,1200000,Lethe,ancestor_descendant_still_authorized,0.5,9,0.002101,0.977342,0.979609,0.003914,0.019423,0.002789,0.00218
LegalBench-RAG,1200000,1200000,Lethe,revoked_user,0.1,0,0.002952,0.978439,0.979149,0.002392,0.031248,0.002635,0.001963
LegalBench-RAG,1200000,1200000,Lethe,revoked_user,0.1,1,0.0102,0.976688,0.97705,0.008696,0.012727,0.003823,0.001346
LegalBench-RAG,1200000,1200000,Lethe,revoked_user,0.1,2,0.006699,0.976805,0.975832,0.005616,0.01235,0.001494,0.003238
LegalBench-RAG,1200000,1200000,Lethe,revoked_user,0.1,3,0.007799,0.976298,0.974346,0.005424,0.014316,0.002518,0.001063
LegalBench-RAG,1200000,1200000,Lethe,revoked_user,0.1,4,0.00622,0.977837,0.975777,0.00661,0.019326,0.001841,0.000283
LegalBench-RAG,1200000,1200000,Lethe,revoked_user,0.1,5,0.007922,0.97807,0.977203,0.006487,0.019334,0.001386,0.0
LegalBench-RAG,1200000,1200000,Lethe,revoked_user,0.1,6,0.008091,0.976594,0.977247,0.007033,0.012292,0.001701,0.001704
LegalBench-RAG,1200000,1200000,Lethe,revoked_user,0.1,7,0.005184,0.978374,0.97817,0.004113,0.017436,0.001702,0.001499
LegalBench-RAG,1200000,1200000,Lethe,revoked_user,0.1,8,0.006538,0.979298,0.978641,0.006044,0.008103,0.001375,0.003091
LegalBench-RAG,1200000,1200000,Lethe,revoked_user,0.1,9,0.008866,0.977535,0.977179,0.006189,0.018387,0.0,0.004007
LegalBench-RAG,1200000,1200000,Lethe,same_role_still_authorized,0.1,0,0.001348,0.977719,0.977428,0.0015,0.010919,0.001947,0.002757
LegalBench-RAG,1200000,1200000,Lethe,same_role_still_authorized,0.1,1,0.001418,0.977798,0.979177,0.001565,0.004908,0.001691,0.00155
LegalBench-RAG,1200000,1200000,Lethe,same_role_still_authorized,0.1,2,0.001823,0.976288,0.979,0.002255,0.015933,0.004256,0.0
LegalBench-RAG,1200000,1200000,Lethe,same_role_still_authorized,0.1,3,0.002734,0.975649,0.978565,0.002146,0.008955,0.00212,0.001653
LegalBench-RAG,1200000,1200000,Lethe,same_role_still_authorized,0.1,4,0.002148,0.9782,0.975876,0.00114,0.011202,0.001278,0.001534
LegalBench-RAG,1200000,1200000,Lethe,same_role_still_authorized,0.1,5,0.002928,0.975998,0.979113,0.002451,0.014585,0.000435,0.000923
LegalBench-RAG,1200000,1200000,Lethe,same_role_still_authorized,0.1,6,0.002015,0.97411,0.977146,0.00224,0.009739,0.002486,0.000528
LegalBench-RAG,1200000,1200000,Lethe,same_role_still_authorized,0.1,7,0.00122,0.97554,0.975867,0.0,0.008437,0.001196,0.00186
LegalBench-RAG,1200000,1200000,Lethe,same_role_still_authorized,0.1,8,0.00033,0.976228,0.977519,0.000273,0.026273,0.003209,0.000869
LegalBench-RAG,1200000,1200000,Lethe,same_role_still_authorized,0.1,9,0.002181,0.976316,0.977117,0.002447,0.003118,0.003026,0.0
LegalBench-RAG,1200000,1200000,Lethe,different_role_still_authorized,0.1,0,0.002779,0.974918,0.978663,0.00217,0.017239,0.001048,0.001854
LegalBench-RAG,1200000,1200000,Lethe,different_role_still_authorized,0.1,1,0.001431,0.976757,0.973553,0.00228,0.020038,0.002332,0.002397
LegalBench-RAG,1200000,1200000,Lethe,different_role_still_authorized,0.1,2,0.002829,0.979608,0.976235,0.001628,0.002628,0.002496,0.001582
LegalBench-RAG,1200000,1200000,Lethe,different_role_still_authorized,0.1,3,0.002846,0.97779,0.976088,0.0,0.017194,0.003069,0.001599
LegalBench-RAG,1200000,1200000,Lethe,different_role_still_authorized,0.1,4,0.002278,0.977313,0.975889,0.001001,0.014465,0.001902,0.002599
LegalBench-RAG,1200000,1200000,Lethe,different_role_still_authorized,0.1,5,0.001777,0.977077,0.977732,0.0024,0.024269,0.002027,0.002773
LegalBench-RAG,1200000,1200000,Lethe,different_role_still_authorized,0.1,6,0.002184,0.979182,0.976527,0.0,0.019178,0.003824,0.002482
LegalBench-RAG,1200000,1200000,Lethe,different_role_still_authorized,0.1,7,0.000473,0.979045,0.975541,0.000542,0.016176,0.002618,0.00202
LegalBench-RAG,1200000,1200000,Lethe,different_role_still_authorized,0.1,8,0.001762,0.973853,0.97775,0.002964,0.015592,0.002265,0.003562
LegalBench-RAG,1200000,1200000,Lethe,different_role_still_authorized,0.1,9,0.002627,0.974513,0.974441,0.005597,0.013929,0.000321,0.001837
LegalBench-RAG,1200000,1200000,Lethe,ancestor_descendant_still_authorized,0.1,0,0.001512,0.978483,0.976146,0.002532,0.013225,0.002812,0.002074
LegalBench-RAG,1200000,1200000,Lethe,ancestor_descendant_still_authorized,0.1,1,0.002308,0.976226,0.975231,0.003047,0.009122,0.001977,0.002838
LegalBench-RAG,1200000,1200000,Lethe,ancestor_descendant_still_authorized,0.1,2,0.001486,0.975249,0.976355,0.002061,0.011989,0.003822,0.002917
LegalBench-RAG,1200000,1200000,Lethe,ancestor_descendant_still_authorized,0.1,3,0.001403,0.976983,0.975727,0.001025,0.014166,0.00384,0.001885
LegalBench-RAG,1200000,1200000,Lethe,ancestor_descendant_still_authorized,0.1,4,0.00186,0.980628,0.979773,0.000892,0.015898,0.002984,0.002355
LegalBench-RAG,1200000,1200000,Lethe,ancestor_descendant_still_authorized,0.1,5,0.001804,0.976933,0.980428,0.000714,0.007631,0.001939,0.003388
LegalBench-RAG,1200000,1200000,Lethe,ancestor_descendant_still_authorized,0.1,6,8.7e-05,0.975086,0.974417,0.000693,0.005202,0.000701,0.002137
LegalBench-RAG,1200000,1200000,Lethe,ancestor_descendant_still_authorized,0.1,7,0.003628,0.979198,0.978511,0.002174,0.010954,0.000371,0.002091
LegalBench-RAG,1200000,1200000,Lethe,ancestor_descendant_still_authorized,0.1,8,0.00136,0.979468,0.975653,0.0,0.006892,0.002028,5.1e-05
LegalBench-RAG,1200000,1200000,Lethe,ancestor_descendant_still_authorized,0.1,9,0.001704,0.978537,0.977637,0.001378,0.012445,0.000936,0.001986
LegalBench-RAG,1200000,1200000,Lethe,revoked_user,0.2,0,0.011118,0.977282,0.975829,0.010724,0.007844,0.000693,0.00191
LegalBench-RAG,1200000,1200000,Lethe,revoked_user,0.2,1,0.008603,0.974873,0.97434,0.006666,0.006252,0.002084,0.002186
LegalBench-RAG,1200000,1200000,Lethe,revoked_user,0.2,2,0.00677,0.973856,0.97609,0.00657,0.015445,0.00225,0.000888
LegalBench-RAG,1200000,1200000,Lethe,revoked_user,0.2,3,0.009288,0.974055,0.976832,0.006848,0.011437,0.001671,0.001592
LegalBench-RAG,1200000,1200000,Lethe,revoked_user,0.2,4,0.012181,0.976886,0.976884,0.010355,0.014837,0.0,0.002328
LegalBench-RAG,1200000,1200000,Lethe,revoked_user,0.2,5,0.008225,0.97837,0.974515,0.006736,0.010785,0.003765,0.002042
LegalBench-RAG,1200000,1200000,Lethe,revoked_user,0.2,6,0.010601,0.975318,0.977892,0.009273,0.022176,0.00317,0.0008
LegalBench-RAG,1200000,1200000,Lethe,revoked_user,0.2,7,0.011569,0.977008,0.976798,0.008015,0.010561,0.001382,0.002027
LegalBench-RAG,1200000,1200000,Lethe,revoked_user,0.2,8,0.008779,0.976373,0.977012,0.007115,0.016005,0.002836,0.000442
LegalBench-RAG,1200000,1200000,Lethe,revoked_user,0.2,9,0.009945,0.97469,0.977522,0.007096,0.018283,0.003122,0.001275
LegalBench-RAG,1200000,1200000,Lethe,same_role_still_authorized,0.2,0,0.002951,0.97327,0.978912,0.002409,0.008885,0.001764,0.000442
LegalBench-RAG,1200000,1200000,Lethe,same_role_still_authorized,0.2,1,0.002361,0.976326,0.975798,0.002184,0.012212,0.000606,0.003073
LegalBench-RAG,1200000,1200000,Lethe,same_role_still_authorized,0.2,2,0.000835,0.974751,0.976554,0.00309,0.013228,0.00439,0.002635
LegalBench-RAG,1200000,1200000,Lethe,same_role_still_authorized,0.2,3,0.001484,0.975052,0.975476,0.001163,0.012063,0.000512,0.001583
LegalBench-RAG,1200000,1200000,Lethe,same_role_still_authorized,0.2,4,0.002116,0.977359,0.975026,0.002551,0.017606,0.003464,0.002632
LegalBench-RAG,1200000,1200000,Lethe,same_role_still_authorized,0.2,5,0.003051,0.975944,0.97746,0.003208,0.01492,0.0,0.0
LegalBench-RAG,1200000,1200000,Lethe,same_role_still_authorized,0.2,6,0.00216,0.977124,0.979573,0.000856,0.011659,0.001048,0.002121
LegalBench-RAG,1200000,1200000,Lethe,same_role_still_authorized,0.2,7,0.002209,0.978993,0.975962,0.001959,0.0196,0.000762,0.000551
LegalBench-RAG,1200000,1200000,Lethe,same_role_still_authorized,0.2,8,0.003606,0.976746,0.977638,0.002288,0.018524,0.001755,0.001815
LegalBench-RAG,1200000,1200000,Lethe,same_role_still_authorized,0.2,9,0.003775,0.976503,0.976587,0.003806,0.006657,0.00205,0.001213
LegalBench-RAG,1200000,1200000,Lethe,different_role_still_authorized,0.2,0,0.001373,0.974133,0.973716,0.000116,0.011468,0.00156,0.002344
LegalBench-RAG,1200000,1200000,Lethe,different_role_still_authorized,0.2,1,0.000171,0.976906,0.97535,0.00094,0.011873,0.001525,0.003562
LegalBench-RAG,1200000,1200000,Lethe,different_role_still_authorized,0.2,2,0.001829,0.976902,0.978827,0.002074,0.022323,0.001441,0.001913
LegalBench-RAG,1200000,1200000,Lethe,different_role_still_authorized,0.2,3,0.001919,0.975753,0.9769,0.001977,0.014085,0.001237,0.002858
LegalBench-RAG,1200000,1200000,Lethe,different_role_still_authorized,0.2,4,0.002896,0.97701,0.976479,0.002849,0.014112,0.002691,0.001452
LegalBench-RAG,1200000,1200000,Lethe,different_role_still_authorized,0.2,5,0.00102,0.975916,0.97598,0.001842,0.012008,0.002568,0.002535
LegalBench-RAG,1200000,1200000,Lethe,different_role_still_authorized,0.2,6,0.00012,0.975676,0.97502,0.000785,0.019171,0.002286,0.002039
LegalBench-RAG,1200000,1200000,Lethe,different_role_still_authorized,0.2,7,0.001489,0.978791,0.976941,0.0,0.011555,0.001107,0.000907
LegalBench-RAG,1200000,1200000,Lethe,different_role_still_authorized,0.2,8,0.003296,0.977683,0.976595,0.003088,0.024916,0.00145,0.003111
LegalBench-RAG,1200000,1200000,Lethe,different_role_still_authorized,0.2,9,0.00206,0.974685,0.975624,0.00111,0.018425,0.003015,0.00198
LegalBench-RAG,1200000,1200000,Lethe,ancestor_descendant_still_authorized,0.2,0,0.002698,0.979047,0.977955,0.004091,0.015097,0.001539,0.001105
LegalBench-RAG,1200000,1200000,Lethe,ancestor_descendant_still_authorized,0.2,1,0.002265,0.977618,0.980112,1.3e-05,0.008299,0.0,0.003358
LegalBench-RAG,1200000,1200000,Lethe,ancestor_descendant_still_authorized,0.2,2,0.000434,0.977486,0.975387,0.000585,0.016146,0.001299,0.002012
LegalBench-RAG,1200000,1200000,Lethe,ancestor_descendant_still_authorized,0.2,3,0.002207,0.975686,0.977062,0.002511,0.021898,0.001616,0.001849
LegalBench-RAG,1200000,1200000,Lethe,ancestor_descendant_still_authorized,0.2,4,0.000748,0.974767,0.978056,0.000709,0.011045,0.002163,0.002325
LegalBench-RAG,1200000,1200000,Lethe,ancestor_descendant_still_authorized,0.2,5,0.000395,0.976493,0.977595,0.003522,0.020085,0.00418,0.001117
LegalBench-RAG,1200000,1200000,Lethe,ancestor_descendant_still_authorized,0.2,6,0.001915,0.977438,0.978519,0.000939,0.010793,0.002338,0.001238
LegalBench-RAG,1200000,1200000,Lethe,ancestor_descendant_still_authorized,0.2,7,0.000778,0.977703,0.977594,0.0,0.020192,0.001423,0.002471
LegalBench-RAG,1200000,1200000,Lethe,ancestor_descendant_still_authorized,0.2,8,0.001816,0.976112,0.977504,0.002331,0.020954,0.00238,0.002821
LegalBench-RAG,1200000,1200000,Lethe,ancestor_descendant_still_authorized,0.2,9,0.002034,0.978975,0.977672,0.001702,0.0208,0.003033,0.001308
LegalBench-RAG,1200000,1200000,Lethe,revoked_user,0.3,0,0.012337,0.977508,0.978839,0.008313,0.00674,0.001128,0.002824
LegalBench-RAG,1200000,1200000,Lethe,revoked_user,0.3,1,0.01327,0.979179,0.974908,0.008917,0.016385,0.000988,0.003054
LegalBench-RAG,1200000,1200000,Lethe,revoked_user,0.3,2,0.009264,0.976657,0.976565,0.006877,0.017654,0.001544,0.003768
LegalBench-RAG,1200000,1200000,Lethe,revoked_user,0.3,3,0.011258,0.980104,0.978471,0.010345,0.018711,0.002458,0.001464
LegalBench-RAG,1200000,1200000,Lethe,revoked_user,0.3,4,0.009411,0.976977,0.976302,0.006907,0.012076,0.001683,0.00229
LegalBench-RAG,1200000,1200000,Lethe,revoked_user,0.3,5,0.011386,0.979036,0.975596,0.009163,0.019059,0.002665,0.002181
LegalBench-RAG,1200000,1200000,Lethe,revoked_user,0.3,6,0.007867,0.979187,0.976966,0.006568,0.005643,0.001689,0.003569
LegalBench-RAG,1200000,1200000,Lethe,revoked_user,0.3,7,0.011996,0.978211,0.978483,0.010475,0.004761,0.003821,0.002791
LegalBench-RAG,1200000,1200000,Lethe,revoked_user,0.3,8,0.009552,0.977659,0.976314,0.00666,0.02175,0.002559,0.002589
LegalBench-RAG,1200000,1200000,Lethe,revoked_user,0.3,9,0.012552,0.980079,0.976675,0.010442,0.0162,0.001305,0.003576
LegalBench-RAG,1200000,1200000,Lethe,same_role_still_authorized,0.3,0,0.001567,0.97784,0.975309,0.001919,0.015865,0.003361,0.003898
LegalBench-RAG,1200000,1200000,Lethe,same_role_still_authorized,0.3,1,0.002024,0.976606,0.977344,0.001662,0.013519,0.001243,0.0017
LegalBench-RAG,1200000,1200000,Lethe,same_role_still_authorized,0.3,2,0.002448,0.977549,0.977097,0.001392,0.018571,0.00292,0.001821
LegalBench-RAG,1200000,1200000,Lethe,same_role_still_authorized,0.3,3,0.001387,0.977487,0.97869,0.001604,0.007942,0.0018,0.003153
LegalBench-RAG,1200000,1200000,Lethe,same_role_still_authorized,0.3,4,0.002025,0.976091,0.977615,0.002638,0.0093,0.003156,0.002706
LegalBench-RAG,1200000,1200000,Lethe,same_role_still_authorized,0.3,5,0.001494,0.976681,0.978042,0.002594,0.012313,0.00247,0.001406
LegalBench-RAG,1200000,1200000,Lethe,same_role_still_authorized,0.3,6,0.001985,0.9766,0.97768,0.000655,0.010194,0.003734,0.0
LegalBench-RAG,1200000,1200000,Lethe,same_role_still_authorized,0.3,7,0.003068,0.977494,0.978151,0.000948,0.011325,0.001508,0.003177
LegalBench-RAG,1200000,1200000,Lethe,same_role_still_authorized,0.3,8,0.001614,0.975235,0.980021,0.0,0.007274,0.001476,0.00062
LegalBench-RAG,1200000,1200000,Lethe,same_role_still_authorized,0.3,9,0.002543,0.973607,0.977782,0.001175,0.020859,0.002937,0.002381
LegalBench-RAG,1200000,1200000,Lethe,different_role_still_authorized,0.3,0,0.002181,0.976719,0.976539,0.0,0.022798,0.002844,0.002405
LegalBench-RAG,1200000,1200000,Lethe,different_role_still_authorized,0.3,1,0.00248,0.975498,0.977327,0.001515,0.006709,0.000251,0.003511
LegalBench-RAG,1200000,1200000,Lethe,different_role_still_authorized,0.3,2,0.003832,0.976043,0.97736,0.002458,0.021579,0.003287,0.001619
LegalBench-RAG,1200000,1200000,Lethe,different_role_still_authorized,0.3,3,0.001943,0.977639,0.9778,0.001772,0.005559,0.001614,0.003638
LegalBench-RAG,1200000,1200000,Lethe,different_role_still_authorized,0.3,4,0.003505,0.976967,0.97581,0.000588,0.024361,0.000531,0.002413
LegalBench-RAG,1200000,1200000,Lethe,different_role_still_authorized,0.3,5,0.002217,0.976252,0.975961,0.001186,0.010216,0.003712,0.002516
LegalBench-RAG,1200000,1200000,Lethe,different_role_still_authorized,0.3,6,0.001964,0.976904,0.976153,0.0,0.015991,0.002219,0.001744
LegalBench-RAG,1200000,1200000,Lethe,different_role_still_authorized,0.3,7,0.002521,0.977581,0.976833,0.001578,0.004498,0.002109,0.000885
LegalBench-RAG,1200000,1200000,Lethe,different_role_still_authorized,0.3,8,0.003184,0.975159,0.976867,0.001225,0.003987,0.000943,0.001758
LegalBench-RAG,1200000,1200000,Lethe,different_role_still_authorized,0.3,9,0.002208,0.975627,0.977893,0.00174,0.01312,0.003123,0.001331
LegalBench-RAG,1200000,1200000,Lethe,ancestor_descendant_still_authorized,0.3,0,0.003554,0.976886,0.975732,0.00395,0.013328,0.002385,0.002521
LegalBench-RAG,1200000,1200000,Lethe,ancestor_descendant_still_authorized,0.3,1,0.004018,0.979124,0.978001,0.002982,0.025758,0.002437,0.001684
LegalBench-RAG,1200000,1200000,Lethe,ancestor_descendant_still_authorized,0.3,2,0.002425,0.974733,0.97673,0.001171,0.009558,0.00233,0.0016
LegalBench-RAG,1200000,1200000,Lethe,ancestor_descendant_still_authorized,0.3,3,0.002084,0.976457,0.976852,0.000285,0.021745,0.003027,0.0
LegalBench-RAG,1200000,1200000,Lethe,ancestor_descendant_still_authorized,0.3,4,0.002581,0.978741,0.975554,0.002457,0.005882,0.002928,0.002174
LegalBench-RAG,1200000,1200000,Lethe,ancestor_descendant_still_authorized,0.3,5,0.001782,0.976024,0.977826,0.001522,0.006938,0.000768,0.003814
LegalBench-RAG,1200000,1200000,Lethe,ancestor_descendant_still_authorized,0.3,6,0.002186,0.974423,0.978282,0.001724,0.005949,0.004325,0.001856
LegalBench-RAG,1200000,1200000,Lethe,ancestor_descendant_still_authorized,0.3,7,0.001626,0.976613,0.9781,2.8e-05,0.002504,0.002119,0.001324
LegalBench-RAG,1200000,1200000,Lethe,ancestor_descendant_still_authorized,0.3,8,0.003166,0.976196,0.976468,0.002947,0.02349,0.000394,0.002242
LegalBench-RAG,1200000,1200000,Lethe,ancestor_descendant_still_authorized,0.3,9,0.002941,0.972617,0.980114,0.002726,0.015969,0.001486,0.002095
LegalBench-RAG,1200000,1200000,Lethe,revoked_user,0.4,0,0.01173,0.977284,0.978638,0.01092,0.022579,0.002544,0.002088
LegalBench-RAG,1200000,1200000,Lethe,revoked_user,0.4,1,0.010977,0.97591,0.977593,0.008395,0.024765,0.002663,0.001023
LegalBench-RAG,1200000,1200000,Lethe,revoked_user,0.4,2,0.011517,0.975475,0.978826,0.009204,0.014578,0.000466,0.00037
LegalBench-RAG,1200000,1200000,Lethe,revoked_user,0.4,3,0.012522,0.976117,0.978518,0.009707,0.008274,0.00192,1.1e-05
LegalBench-RAG,1200000,1200000,Lethe,revoked_user,0.4,4,0.012367,0.977638,0.976816,0.011244,0.014065,0.002723,0.001211
LegalBench-RAG,1200000,1200000,Lethe,revoked_user,0.4,5,0.01252,0.978198,0.976408,0.011009,0.013592,0.0,0.002092
LegalBench-RAG,1200000,1200000,Lethe,revoked_user,0.4,6,0.012451,0.980577,0.977116,0.009708,0.014236,0.000964,0.000609
LegalBench-RAG,1200000,1200000,Lethe,revoked_user,0.4,7,0.012765,0.976012,0.975732,0.009827,0.005642,0.00061,0.00268
LegalBench-RAG,1200000,1200000,Lethe,revoked_user,0.4,8,0.012748,0.975185,0.978019,0.010056,0.022897,0.000144,0.001251
LegalBench-RAG,1200000,1200000,Lethe,revoked_user,0.4,9,0.012403,0.977153,0.975023,0.010193,0.014777,0.002766,0.001926
LegalBench-RAG,1200000,1200000,Lethe,same_role_still_authorized,0.4,0,0.002738,0.977678,0.979348,0.002935,0.013386,0.00045,0.0027
LegalBench-RAG,1200000,1200000,Lethe,same_role_still_authorized,0.4,1,0.002948,0.974876,0.97895,0.002621,0.013616,0.00219,0.001966
LegalBench-RAG,1200000,1200000,Lethe,same_role_still_authorized,0.4,2,0.003095,0.977228,0.976202,0.003987,0.009328,0.000593,0.000646
LegalBench-RAG,1200000,1200000,Lethe,same_role_still_authorized,0.4,3,0.001889,0.977779,0.977089,0.001981,0.016856,0.003092,0.001785
LegalBench-RAG,1200000,1200000,Lethe,same_role_still_authorized,0.4,4,0.003133,0.977143,0.980052,0.001767,0.018125,0.002711,0.001069
LegalBench-RAG,1200000,1200000,Lethe,same_role_still_authorized,0.4,5,0.003306,0.976571,0.97568,0.003473,0.014335,0.002935,0.001511
LegalBench-RAG,1200000,1200000,Lethe,same_role_still_authorized,0.4,6,0.004143,0.977234,0.97483,0.003459,0.017494,0.002492,0.002374
LegalBench-RAG,1200000,1200000,Lethe,same_role_still_authorized,0.4,7,0.002783,0.976822,0.97591,0.001055,0.014377,0.001641,0.001457
LegalBench-RAG,1200000,1200000,Lethe,same_role_still_authorized,0.4,8,0.003507,0.975637,0.977207,0.003234,0.009876,0.002426,0.001847
LegalBench-RAG,1200000,1200000,Lethe,same_role_still_authorized,0.4,9,0.003215,0.976897,0.979392,0.00322,0.00793,0.002291,0.000458
LegalBench-RAG,1200000,1200000,Lethe,different_role_still_authorized,0.4,0,0.00275,0.978938,0.975792,0.001058,0.012671,0.002201,0.002329
LegalBench-RAG,1200000,1200000,Lethe,different_role_still_authorized,0.4,1,0.003665,0.974883,0.978525,0.003245,0.017204,0.002667,0.002166
LegalBench-RAG,1200000,1200000,Lethe,different_role_still_authorized,0.4,2,0.002937,0.976834,0.9787,0.001747,0.013047,0.002931,0.002399
LegalBench-RAG,1200000,1200000,Lethe,different_role_still_authorized,0.4,3,0.0,0.975619,0.978293,0.0,0.011209,0.002086,0.00123
LegalBench-RAG,1200000,1200000,Lethe,different_role_still_authorized,0.4,4,0.001863,0.97818,0.976936,0.000762,0.01078,0.002606,0.003023
LegalBench-RAG,1200000,1200000,Lethe,different_role_still_authorized,0.4,5,0.002225,0.977004,0.977916,0.001626,0.022183,0.000592,0.002203
LegalBench-RAG,1200000,1200000,Lethe,different_role_still_authorized,0.4,6,0.00301,0.977375,0.97479,0.001714,0.028097,0.002439,0.001753
LegalBench-RAG,1200000,1200000,Lethe,different_role_still_authorized,0.4,7,0.003008,0.975216,0.9755,0.002426,0.017386,0.002379,0.00101
LegalBench-RAG,1200000,1200000,Lethe,different_role_still_authorized,0.4,8,0.00424,0.976409,0.978482,0.004148,0.013782,0.001788,0.002759
LegalBench-RAG,1200000,1200000,Lethe,different_role_still_authorized,0.4,9,0.002781,0.978045,0.975165,0.003137,0.01487,0.001714,0.00123
LegalBench-RAG,1200000,1200000,Lethe,ancestor_descendant_still_authorized,0.4,0,0.003323,0.976933,0.976078,0.001653,0.017414,0.00131,0.002544
LegalBench-RAG,1200000,1200000,Lethe,ancestor_descendant_still_authorized,0.4,1,0.00347,0.977345,0.978706,0.003978,0.009356,0.003191,0.00276
LegalBench-RAG,1200000,1200000,Lethe,ancestor_descendant_still_authorized,0.4,2,0.003129,0.975931,0.975367,0.002605,0.010836,0.003155,0.003034
LegalBench-RAG,1200000,1200000,Lethe,ancestor_descendant_still_authorized,0.4,3,0.002705,0.976989,0.975763,0.00257,0.012377,0.0,0.002656
LegalBench-RAG,1200000,1200000,Lethe,ancestor_descendant_still_authorized,0.4,4,0.003053,0.978608,0.976939,0.000917,0.005987,0.003071,0.002983
LegalBench-RAG,1200000,1200000,Lethe,ancestor_descendant_still_authorized,0.4,5,0.002994,0.977837,0.975648,0.003475,0.020297,0.004302,0.002558
LegalBench-RAG,1200000,1200000,Lethe,ancestor_descendant_still_authorized,0.4,6,0.001888,0.978758,0.97577,0.000907,0.010434,0.001127,0.001829
LegalBench-RAG,1200000,1200000,Lethe,ancestor_descendant_still_authorized,0.4,7,0.001574,0.977297,0.976347,0.001626,0.012794,0.000323,0.001279
LegalBench-RAG,1200000,1200000,Lethe,ancestor_descendant_still_authorized,0.4,8,0.00528,0.979272,0.977756,0.004039,0.023424,0.000904,0.00211
LegalBench-RAG,1200000,1200000,Lethe,ancestor_descendant_still_authorized,0.4,9,0.003217,0.977771,0.976421,0.004607,0.012787,0.001085,0.002183
LegalBench-RAG,1200000,1200000,Lethe,revoked_user,0.5,0,0.017771,0.975348,0.977425,0.013641,0.010903,0.002696,0.001325
LegalBench-RAG,1200000,1200000,Lethe,revoked_user,0.5,1,0.017141,0.977291,0.976013,0.014846,0.011232,0.00367,0.000126
LegalBench-RAG,1200000,1200000,Lethe,revoked_user,0.5,2,0.014024,0.976338,0.977404,0.011186,0.013061,0.001418,0.001904
LegalBench-RAG,1200000,1200000,Lethe,revoked_user,0.5,3,0.015258,0.976666,0.978637,0.011864,0.01986,0.000864,0.00213
LegalBench-RAG,1200000,1200000,Lethe,revoked_user,0.5,4,0.017828,0.975981,0.977281,0.014782,0.02521,0.0025,0.000899
LegalBench-RAG,1200000,1200000,Lethe,revoked_user,0.5,5,0.016108,0.979815,0.975139,0.013505,0.017641,0.000461,0.002061
LegalBench-RAG,1200000,1200000,Lethe,revoked_user,0.5,6,0.01364,0.974924,0.978123,0.010858,0.00957,0.001397,0.001722
LegalBench-RAG,1200000,1200000,Lethe,revoked_user,0.5,7,0.017877,0.977075,0.977043,0.014255,0.001226,0.002742,0.002765
LegalBench-RAG,1200000,1200000,Lethe,revoked_user,0.5,8,0.01053,0.975085,0.975474,0.009255,0.017008,0.001265,0.001327
LegalBench-RAG,1200000,1200000,Lethe,revoked_user,0.5,9,0.011332,0.975442,0.975255,0.007191,0.01025,0.00174,0.002548
LegalBench-RAG,1200000,1200000,Lethe,same_role_still_authorized,0.5,0,0.003092,0.978293,0.97735,0.003112,0.01166,0.00236,0.00196
LegalBench-RAG,1200000,1200000,Lethe,same_role_still_authorized,0.5,1,0.00167,0.978416,0.9777,0.001624,0.014165,0.002006,0.001892
LegalBench-RAG,1200000,1200000,Lethe,same_role_still_authorized,0.5,2,0.003575,0.977182,0.978458,0.002494,0.012539,0.003701,0.003695
LegalBench-RAG,1200000,1200000,Lethe,same_role_still_authorized,0.5,3,0.000992,0.972975,0.977623,0.000863,0.019267,0.001768,0.0
LegalBench-RAG,1200000,1200000,Lethe,same_role_still_authorized,0.5,4,0.001363,0.976521,0.978129,0.000852,0.008842,0.00097,0.003081
LegalBench-RAG,1200000,1200000,Lethe,same_role_still_authorized,0.5,5,0.001605,0.975868,0.980107,0.00179,0.020346,0.000863,0.002047
LegalBench-RAG,1200000,1200000,Lethe,same_role_still_authorized,0.5,6,0.004829,0.976741,0.980733,0.00453,0.013383,0.003643,0.001785
LegalBench-RAG,1200000,1200000,Lethe,same_role_still_authorized,0.5,7,0.004876,0.975971,0.976398,0.003294,0.017016,0.00122,0.003282
LegalBench-RAG,1200000,1200000,Lethe,same_role_still_authorized,0.5,8,0.003766,0.977195,0.976155,0.002482,0.013463,0.003148,0.003642
LegalBench-RAG,1200000,1200000,Lethe,same_role_still_authorized,0.5,9,0.002055,0.974527,0.977351,0.000314,0.016931,0.002109,0.0041
LegalBench-RAG,1200000,1200000,Lethe,different_role_still_authorized,0.5,0,0.002329,0.976732,0.975555,0.002365,0.01035,0.001875,0.00301
LegalBench-RAG,1200000,1200000,Lethe,different_role_still_authorized,0.5,1,0.001936,0.977121,0.976635,0.002098,0.009468,0.002389,0.002155
LegalBench-RAG,1200000,1200000,Lethe,different_role_still_authorized,0.5,2,0.004837,0.975911,0.977722,0.003909,0.024744,0.002994,0.002612
LegalBench-RAG,1200000,1200000,Lethe,different_role_still_authorized,0.5,3,0.00234,0.97683,0.978076,0.002081,0.013398,0.002954,0.001099
LegalBench-RAG,1200000,1200000,Lethe,different_role_still_authorized,0.5,4,0.00345,0.976901,0.977383,0.003748,0.014182,0.002369,0.00069
LegalBench-RAG,1200000,1200000,Lethe,different_role_still_authorized,0.5,5,0.002905,0.976753,0.978774,0.000907,0.02465,0.000333,0.001118
LegalBench-RAG,1200000,1200000,Lethe,different_role_still_authorized,0.5,6,0.001736,0.979282,0.978959,0.001109,0.016147,0.001088,0.003396
LegalBench-RAG,1200000,1200000,Lethe,different_role_still_authorized,0.5,7,0.003409,0.979113,0.976992,0.0021,0.017426,0.00227,0.002427
LegalBench-RAG,1200000,1200000,Lethe,different_role_still_authorized,0.5,8,0.002443,0.979979,0.975378,0.001375,0.009896,0.000573,0.002703
LegalBench-RAG,1200000,1200000,Lethe,different_role_still_authorized,0.5,9,0.003069,0.973676,0.976316,0.002401,0.01172,0.003805,0.000993
LegalBench-RAG,1200000,1200000,Lethe,ancestor_descendant_still_authorized,0.5,0,0.004565,0.977786,0.979187,0.00388,0.018033,0.002957,0.001773
LegalBench-RAG,1200000,1200000,Lethe,ancestor_descendant_still_authorized,0.5,1,0.003708,0.974053,0.978015,0.004631,0.010137,0.0,0.00141
LegalBench-RAG,1200000,1200000,Lethe,ancestor_descendant_still_authorized,0.5,2,0.002605,0.976897,0.977975,0.002915,0.015094,0.003144,0.001771
LegalBench-RAG,1200000,1200000,Lethe,ancestor_descendant_still_authorized,0.5,3,0.003821,0.975622,0.977112,0.001189,0.010361,0.000737,0.002465
LegalBench-RAG,1200000,1200000,Lethe,ancestor_descendant_still_authorized,0.5,4,0.002947,0.976959,0.976185,0.002476,0.011897,0.002258,0.001507
LegalBench-RAG,1200000,1200000,Lethe,ancestor_descendant_still_authorized,0.5,5,0.003012,0.975265,0.976786,0.003877,0.015857,0.002372,0.001061
LegalBench-RAG,1200000,1200000,Lethe,ancestor_descendant_still_authorized,0.5,6,0.002949,0.976855,0.978862,0.001431,0.0103,0.002176,0.002916
LegalBench-RAG,1200000,1200000,Lethe,ancestor_descendant_still_authorized,0.5,7,0.002775,0.979069,0.977072,0.0025,0.005687,0.00111,0.001514
LegalBench-RAG,1200000,1200000,Lethe,ancestor_descendant_still_authorized,0.5,8,0.003052,0.978249,0.975656,0.00252,0.018489,0.001567,0.002845
LegalBench-RAG,1200000,1200000,Lethe,ancestor_descendant_still_authorized,0.5,9,0.001968,0.977961,0.979016,0.001795,0.01765,0.000617,0.001654
LegalBench-RAG,1200000,1200000,Lethe,revoked_user,0.1,0,0.009265,0.977883,0.977108,0.007626,0.008914,0.004433,0.002807
LegalBench-RAG,1200000,1200000,Lethe,revoked_user,0.1,1,0.008033,0.97913,0.975812,0.006013,0.012048,0.001311,0.000693
LegalBench-RAG,1200000,1200000,Lethe,revoked_user,0.1,2,0.007076,0.978288,0.976964,0.004466,0.01106,0.001882,0.00292
LegalBench-RAG,1200000,1200000,Lethe,revoked_user,0.1,3,0.008175,0.97731,0.976006,0.007835,0.006751,0.001824,0.000808
LegalBench-RAG,1200000,1200000,Lethe,revoked_user,0.1,4,0.006701,0.976908,0.976341,0.005066,0.013712,0.002921,0.001894
LegalBench-RAG,1200000,1200000,Lethe,revoked_user,0.1,5,0.008148,0.977193,0.979682,0.006623,0.018211,0.001941,0.003307
LegalBench-RAG,1200000,1200000,Lethe,revoked_user,0.1,6,0.002836,0.975683,0.980475,0.00344,0.024519,0.002253,0.003221
LegalBench-RAG,1200000,1200000,Lethe,revoked_user,0.1,7,0.005405,0.977947,0.978197,0.003026,0.011198,0.001508,0.001655
LegalBench-RAG,1200000,1200000,Lethe,revoked_user,0.1,8,0.009358,0.978398,0.976523,0.006019,0.01484,0.001339,0.003281
LegalBench-RAG,1200000,1200000,Lethe,revoked_user,0.1,9,0.010234,0.975542,0.977488,0.008326,0.020133,0.002636,0.002255
LegalBench-RAG,1200000,1200000,Lethe,same_role_still_authorized,0.1,0,0.000665,0.977666,0.978826,0.00094,0.013348,0.001494,0.001029
LegalBench-RAG,1200000,1200000,Lethe,same_role_still_authorized,0.1,1,0.001546,0.979089,0.976938,0.000961,0.016195,0.00385,0.00265
LegalBench-RAG,1200000,1200000,Lethe,same_role_still_authorized,0.1,2,0.002036,0.976584,0.978642,0.001216,0.009646,0.0,0.002273
LegalBench-RAG,1200000,1200000,Lethe,same_role_still_authorized,0.1,3,0.000483,0.978532,0.974935,0.0,0.017335,0.00164,0.000542
LegalBench-RAG,1200000,1200000,Lethe,same_role_still_authorized,0.1,4,0.0,0.978601,0.973921,0.000733,0.01424,0.003822,0.000215
LegalBench-RAG,1200000,1200000,Lethe,same_role_still_authorized,0.1,5,0.000743,0.976615,0.974641,0.000521,0.009276,0.002018,0.001995
LegalBench-RAG,1200000,1200000,Lethe,same_role_still_authorized,0.1,6,0.002125,0.979367,0.975468,0.00119,0.014357,0.002676,0.002324
LegalBench-RAG,1200000,1200000,Lethe,same_role_still_authorized,0.1,7,0.000869,0.974839,0.978016,0.000373,0.007549,0.001349,0.003469
LegalBench-RAG,1200000,1200000,Lethe,same_role_still_authorized,0.1,8,0.001417,0.977482,0.978142,0.0,0.008673,0.002575,0.000959
LegalBench-RAG,1200000,1200000,Lethe,same_role_still_authorized,0.1,9,0.00264,0.97856,0.979322,0.002983,0.011928,0.002136,0.002972
LegalBench-RAG,1200000,1200000,Lethe,different_role_still_authorized,0.1,0,0.001054,0.977888,0.977632,0.000942,0.018011,0.001546,0.00166
LegalBench-RAG,1200000,1200000,Lethe,different_role_still_authorized,0.1,1,0.000555,0.97727,0.976626,4.3e-05,0.020631,0.000764,0.003679
LegalBench-RAG,1200000,1200000,Lethe,different_role_still_authorized,0.1,2,0.003078,0.977755,0.975916,0.002773,0.025529,0.003718,0.001114
LegalBench-RAG,1200000,1200000,Lethe,different_role_still_authorized,0.1,3,0.002892,0.978991,0.978855,0.003375,0.020475,0.002479,0.00236
LegalBench-RAG,1200000,1200000,Lethe,different_role_still_authorized,0.1,4,0.002365,0.97749,0.976684,0.003021,0.020236,0.001147,0.002646
LegalBench-RAG,1200000,1200000,Lethe,different_role_still_authorized,0.1,5,0.002106,0.979043,0.975226,0.002453,0.013558,0.001403,0.0
LegalBench-RAG,1200000,1200000,Lethe,different_role_still_authorized,0.1,6,0.001657,0.976916,0.977425,0.0019,0.016474,0.001582,0.002588
LegalBench-RAG,1200000,1200000,Lethe,different_role_still_authorized,0.1,7,0.00112,0.973651,0.976626,0.0,0.014992,0.001079,0.003676
LegalBench-RAG,1200000,1200000,Lethe,different_role_still_authorized,0.1,8,0.001947,0.978953,0.978677,0.00142,0.010755,0.003372,0.00066
LegalBench-RAG,1200000,1200000,Lethe,different_role_still_authorized,0.1,9,0.001035,0.97913,0.976903,0.000394,0.028071,0.00315,0.002667
LegalBench-RAG,1200000,1200000,Lethe,ancestor_descendant_still_authorized,0.1,0,0.002508,0.974669,0.979064,0.003519,0.012159,0.00218,0.0
LegalBench-RAG,1200000,1200000,Lethe,ancestor_descendant_still_authorized,0.1,1,0.002133,0.977726,0.976948,0.001369,0.013463,0.002322,0.00277
LegalBench-RAG,1200000,1200000,Lethe,ancestor_descendant_still_authorized,0.1,2,0.001898,0.977728,0.978135,0.001259,0.001405,0.002501,0.002356
LegalBench-RAG,1200000,1200000,Lethe,ancestor_descendant_still_authorized,0.1,3,0.003059,0.975574,0.973641,0.001503,0.007083,0.003444,0.0
LegalBench-RAG,1200000,1200000,Lethe,ancestor_descendant_still_authorized,0.1,4,0.001127,0.976071,0.978364,0.000237,0.015679,0.003319,0.00135
LegalBench-RAG,1200000,1200000,Lethe,ancestor_descendant_still_authorized,0.1,5,0.001695,0.977898,0.97845,8.4e-05,0.016851,0.002115,0.0022
LegalBench-RAG,1200000,1200000,Lethe,ancestor_descendant_still_authorized,0.1,6,0.001009,0.977379,0.978756,0.0,0.01995,0.001824,0.001812
LegalBench-RAG,1200000,1200000,Lethe,ancestor_descendant_still_authorized,0.1,7,0.001657,0.976588,0.975924,0.004406,0.007,0.001946,0.003094
LegalBench-RAG,1200000,1200000,Lethe,ancestor_descendant_still_authorized,0.1,8,0.00254,0.976835,0.980799,0.001568,0.016501,0.002506,0.00181
LegalBench-RAG,1200000,1200000,Lethe,ancestor_descendant_still_authorized,0.1,9,0.00145,0.975991,0.975996,0.000456,0.004222,0.001232,0.001709
LegalBench-RAG,1200000,1200000,Lethe,revoked_user,0.2,0,0.00984,0.977664,0.977616,0.007868,0.011115,0.002219,0.002368
LegalBench-RAG,1200000,1200000,Lethe,revoked_user,0.2,1,0.007506,0.977982,0.978288,0.005743,0.011012,0.003675,0.002886
LegalBench-RAG,1200000,1200000,Lethe,revoked_user,0.2,2,0.006417,0.977289,0.978488,0.006435,0.014343,0.002201,0.002471
LegalBench-RAG,1200000,1200000,Lethe,revoked_user,0.2,3,0.012304,0.975859,0.977649,0.010207,0.021891,0.001898,0.001421
LegalBench-RAG,1200000,1200000,Lethe,revoked_user,0.2,4,0.00708,0.975955,0.977621,0.005493,0.020731,0.002294,0.004031
LegalBench-RAG,1200000,1200000,Lethe,revoked_user,0.2,5,0.010978,0.976904,0.975849,0.009017,0.015807,0.000669,0.002669
LegalBench-RAG,1200000,1200000,Lethe,revoked_user,0.2,6,0.008116,0.974734,0.978101,0.0065,0.015891,0.00255,0.000982
LegalBench-RAG,1200000,1200000,Lethe,revoked_user,0.2,7,0.008862,0.975914,0.976817,0.005429,0.0153,0.003092,0.002925
LegalBench-RAG,1200000,1200000,Lethe,revoked_user,0.2,8,0.008742,0.97696,0.979074,0.007612,0.016271,0.003388,0.001408
LegalBench-RAG,1200000,1200000,Lethe,revoked_user,0.2,9,0.007576,0.975757,0.976292,0.003473,0.014892,0.002496,0.002986
LegalBench-RAG,1200000,1200000,Lethe,same_role_still_authorized,0.2,0,0.002066,0.973541,0.975117,0.002192,0.014859,0.00244,0.003636
LegalBench-RAG,1200000,1200000,Lethe,same_role_still_authorized,0.2,1,9.8e-05,0.977427,0.975851,0.0,0.006859,0.001998,0.001069
LegalBench-RAG,1200000,1200000,Lethe,same_role_still_authorized,0.2,2,0.001089,0.975289,0.978409,0.000336,0.007814,0.001619,0.002874
LegalBench-RAG,1200000,1200000,Lethe,same_role_still_authorized,0.2,3,0.001843,0.977224,0.974809,0.002147,0.019669,0.001336,0.002373
LegalBench-RAG,1200000,1200000,Lethe,same_role_still_authorized,0.2,4,0.001345,0.978614,0.977099,0.0,0.022247,0.003332,0.001296
LegalBench-RAG,1200000,1200000,Lethe,same_role_still_authorized,0.2,5,0.00088,0.975169,0.976475,0.0,0.012125,0.002067,0.003442
LegalBench-RAG,1200000,1200000,Lethe,same_role_still_authorized,0.2,6,0.002711,0.974262,0.97637,0.000221,0.010522,0.003188,0.001694
LegalBench-RAG,1200000,1200000,Lethe,same_role_still_authorized,0.2,7,0.002075,0.977341,0.978195,0.001869,0.024768,0.001523,0.001201
LegalBench-RAG,1200000,1200000,Lethe,same_role_still_authorized,0.2,8,0.004199,0.976247,0.978306,0.003189,0.017328,0.00093,0.002884
LegalBench-RAG,1200000,1200000,Lethe,same_role_still_authorized,0.2,9,0.000241,0.978311,0.976517,0.0,0.01937,0.000851,0.000777
LegalBench-RAG,1200000,1200000,Lethe,different_role_still_authorized,0.2,0,0.003042,0.976515,0.97564,0.001681,0.008396,0.002444,0.000954
LegalBench-RAG,1200000,1200000,Lethe,different_role_still_authorized,0.2,1,0.001857,0.978305,0.976939,0.001992,0.0124,0.003125,0.00229
LegalBench-RAG,1200000,1200000,Lethe,different_role_still_authorized,0.2,2,0.003073,0.975927,0.976838,0.000235,0.010405,0.00094,0.001743
LegalBench-RAG,1200000,1200000,Lethe,different_role_still_authorized,0.2,3,0.002309,0.977787,0.975089,0.000601,0.020722,0.00183,0.003408
LegalBench-RAG,1200000,1200000,Lethe,different_role_still_authorized,0.2,4,0.001602,0.975587,0.977758,0.001387,0.019917,0.001565,0.002701
LegalBench-RAG,1200000,1200000,Lethe,different_role_still_authorized,0.2,5,0.002303,0.976453,0.977267,0.001085,0.008194,0.000681,0.003896
LegalBench-RAG,1200000,1200000,Lethe,different_role_still_authorized,0.2,6,0.003256,0.976631,0.97673,0.004323,0.010361,0.002789,0.002504
LegalBench-RAG,1200000,1200000,Lethe,different_role_still_authorized,0.2,7,0.003256,0.976029,0.976703,0.004233,0.020947,0.002411,0.00234
LegalBench-RAG,1200000,1200000,Lethe,different_role_still_authorized,0.2,8,0.000178,0.975013,0.973031,0.0,0.026488,0.001861,0.001882
LegalBench-RAG,1200000,1200000,Lethe,different_role_still_authorized,0.2,9,0.002835,0.97397,0.977679,0.002924,0.02026,0.002338,0.00199
LegalBench-RAG,1200000,1200000,Lethe,ancestor_descendant_still_authorized,0.2,0,0.001878,0.976265,0.977278,0.002027,0.020419,0.001413,0.001023
LegalBench-RAG,1200000,1200000,Lethe,ancestor_descendant_still_authorized,0.2,1,0.000922,0.975503,0.975246,0.001122,0.020961,0.000808,0.001571
LegalBench-RAG,1200000,1200000,Lethe,ancestor_descendant_still_authorized,0.2,2,0.003634,0.97896,0.978021,0.003121,0.023113,0.002103,0.001889
LegalBench-RAG,1200000,1200000,Lethe,ancestor_descendant_still_authorized,0.2,3,0.001786,0.974973,0.979835,0.001505,0.015558,0.003081,0.002307
LegalBench-RAG,1200000,1200000,Lethe,ancestor_descendant_still_authorized,0.2,4,0.003589,0.976493,0.978122,0.00585,0.017865,0.002349,0.002995
LegalBench-RAG,1200000,1200000,Lethe,ancestor_descendant_still_authorized,0.2,5,0.003192,0.978255,0.975365,0.003693,0.01052,0.003371,0.003311
LegalBench-RAG,1200000,1200000,Lethe,ancestor_descendant_still_authorized,0.2,6,0.003952,0.976208,0.976687,0.003786,0.010773,0.003176,0.001436
LegalBench-RAG,1200000,1200000,Lethe,ancestor_descendant_still_authorized,0.2,7,0.002309,0.976521,0.976392,0.003141,0.017249,0.002395,0.002535
LegalBench-RAG,1200000,1200000,Lethe,ancestor_descendant_still_authorized,0.2,8,0.002775,0.977406,0.976767,0.002929,0.012241,0.0,0.000139
LegalBench-RAG,1200000,1200000,Lethe,ancestor_descendant_still_authorized,0.2,9,0.002352,0.97686,0.975486,0.001695,0.012512,0.00182,0.002456
LegalBench-RAG,1200000,1200000,Lethe,revoked_user,0.3,0,0.013014,0.978589,0.977047,0.010531,0.01272,0.003138,0.003359
LegalBench-RAG,1200000,1200000,Lethe,revoked_user,0.3,1,0.010379,0.976838,0.975041,0.006459,0.013664,0.0,0.002242
LegalBench-RAG,1200000,1200000,Lethe,revoked_user,0.3,2,0.009513,0.975525,0.97612,0.008093,0.012738,0.001659,0.002468
LegalBench-RAG,1200000,1200000,Lethe,revoked_user,0.3,3,0.01031,0.976735,0.976837,0.009467,0.023878,0.002715,0.004178
LegalBench-RAG,1200000,1200000,Lethe,revoked_user,0.3,4,0.009187,0.977615,0.975131,0.00588,0.018205,0.003401,0.0
LegalBench-RAG,1200000,1200000,Lethe,revoked_user,0.3,5,0.008076,0.974651,0.976218,0.005569,0.017603,0.002707,0.001917
LegalBench-RAG,1200000,1200000,Lethe,revoked_user,0.3,6,0.01149,0.976336,0.976272,0.007361,0.021045,0.001696,0.002931
LegalBench-RAG,1200000,1200000,Lethe,revoked_user,0.3,7,0.013037,0.975275,0.975539,0.010782,0.011971,0.002789,0.003125
LegalBench-RAG,1200000,1200000,Lethe,revoked_user,0.3,8,0.009057,0.975541,0.978593,0.00667,0.012803,0.002372,0.0018
LegalBench-RAG,1200000,1200000,Lethe,revoked_user,0.3,9,0.012224,0.975605,0.977076,0.009569,0.016276,0.002273,0.002267
LegalBench-RAG,1200000,1200000,Lethe,same_role_still_authorized,0.3,0,0.000741,0.978162,0.979018,0.000267,0.021132,0.001616,0.003159
LegalBench-RAG,1200000,1200000,Lethe,same_role_still_authorized,0.3,1,0.002318,0.975983,0.978513,0.0,0.01725,0.002027,0.00252
LegalBench-RAG,1200000,1200000,Lethe,same_role_still_authorized,0.3,2,0.002766,0.977116,0.978445,0.001837,0.020538,0.002194,0.002647
LegalBench-RAG,1200000,1200000,Lethe,same_role_still_authorized,0.3,3,0.00273,0.977377,0.978297,0.001131,0.016377,0.001012,0.003633
LegalBench-RAG,1200000,1200000,Lethe,same_role_still_authorized,0.3,4,0.002964,0.977695,0.977189,0.000683,0.020039,0.003002,0.000801
LegalBench-RAG,1200000,1200000,Lethe,same_role_still_authorized,0.3,5,0.002687,0.975432,0.976438,0.001171,0.02336,0.001139,0.001537
LegalBench-RAG,1200000,1200000,Lethe,same_role_still_authorized,0.3,6,0.002392,0.974283,0.974553,0.0,0.015879,0.001719,0.000778
LegalBench-RAG,1200000,1200000,Lethe,same_role_still_authorized,0.3,7,0.00275,0.978141,0.977217,0.0,0.010546,0.001895,0.000824
LegalBench-RAG,1200000,1200000,Lethe,same_role_still_authorized,0.3,8,0.00231,0.97721,0.977,0.003217,0.011879,0.003784,3.7e-05
LegalBench-RAG,1200000,1200000,Lethe,same_role_still_authorized,0.3,9,0.001881,0.978545,0.977579,0.001872,0.027715,0.002625,0.003337
LegalBench-RAG,1200000,1200000,Lethe,different_role_still_authorized,0.3,0,0.0029,0.978603,0.976906,0.00073,0.010273,0.001096,0.003338
LegalBench-RAG,1200000,1200000,Lethe,different_role_still_authorized,0.3,1,0.00028,0.976075,0.974336,0.0,0.016711,0.001437,0.003412
LegalBench-RAG,1200000,1200000,Lethe,different_role_still_authorized,0.3,2,0.002726,0.976259,0.976367,0.002205,0.011946,0.0021,0.002465
LegalBench-RAG,1200000,1200000,Lethe,different_role_still_authorized,0.3,3,0.002212,0.976015,0.976086,0.00119,0.015639,0.003465,0.001065
LegalBench-RAG,1200000,1200000,Lethe,different_role_still_authorized,0.3,4,0.003211,0.978407,0.975624,0.001751,0.015935,0.00195,0.003366
LegalBench-RAG,1200000,1200000,Lethe,different_role_still_authorized,0.3,5,0.001383,0.978957,0.977995,0.000543,0.013647,0.002654,0.002736
LegalBench-RAG,1200000,1200000,Lethe,different_role_still_authorized,0.3,6,0.002493,0.973589,0.977195,0.001525,0.015771,0.001867,0.0021
LegalBench-RAG,1200000,1200000,Lethe,different_role_still_authorized,0.3,7,0.001581,0.97697,0.97866,0.000877,0.015308,0.001538,0.002424
LegalBench-RAG,1200000,1200000,Lethe,different_role_still_authorized,0.3,8,0.002377,0.976321,0.976975,0.001337,0.022105,0.000869,0.000483
LegalBench-RAG,1200000,1200000,Lethe,different_role_still_authorized,0.3,9,0.004468,0.975791,0.978145,0.004263,0.012601,0.001885,0.002575
LegalBench-RAG,1200000,1200000,Lethe,ancestor_descendant_still_authorized,0.3,0,0.002383,0.975204,0.97553,0.002138,0.012737,0.001741,0.003182
LegalBench-RAG,1200000,1200000,Lethe,ancestor_descendant_still_authorized,0.3,1,0.002125,0.976955,0.978962,0.001643,0.020971,0.002367,0.000968
LegalBench-RAG,1200000,1200000,Lethe,ancestor_descendant_still_authorized,0.3,2,0.001014,0.976083,0.980324,0.001451,0.01026,0.001903,0.003765
LegalBench-RAG,1200000,1200000,Lethe,ancestor_descendant_still_authorized,0.3,3,0.002467,0.980016,0.977907,0.002424,0.019789,0.002258,0.00231
LegalBench-RAG,1200000,1200000,Lethe,ancestor_descendant_still_authorized,0.3,4,0.004697,0.97763,0.976171,0.004066,0.010064,0.001245,0.00336
LegalBench-RAG,1200000,1200000,Lethe,ancestor_descendant_still_authorized,0.3,5,0.00119,0.975577,0.977806,0.0,0.024941,0.001847,0.001603
LegalBench-RAG,1200000,1200000,Lethe,ancestor_descendant_still_authorized,0.3,6,0.003919,0.974668,0.977804,0.00378,0.018931,0.00073,0.001957
LegalBench-RAG,1200000,1200000,Lethe,ancestor_descendant_still_authorized,0.3,7,0.001,0.979159,0.976473,0.001691,0.024219,0.001396,0.00092
LegalBench-RAG,1200000,1200000,Lethe,ancestor_descendant_still_authorized,0.3,8,0.002968,0.977018,0.977575,0.000906,0.016392,0.002552,0.001979
LegalBench-RAG,1200000,1200000,Lethe,ancestor_descendant_still_authorized,0.3,9,0.005785,0.976101,0.976554,0.004902,0.014337,0.001989,0.003267
LegalBench-RAG,1200000,1200000,Lethe,revoked_user,0.4,0,0.014219,0.975127,0.977437,0.011823,0.021467,0.002139,0.002539
LegalBench-RAG,1200000,1200000,Lethe,revoked_user,0.4,1,0.010985,0.977191,0.97568,0.008681,0.015658,0.001704,0.003116
LegalBench-RAG,1200000,1200000,Lethe,revoked_user,0.4,2,0.00958,0.978588,0.976644,0.006708,0.02267,0.000748,0.002529
LegalBench-RAG,1200000,1200000,Lethe,revoked_user,0.4,3,0.017575,0.975708,0.973815,0.01466,0.010149,0.002478,0.003241
LegalBench-RAG,1200000,1200000,Lethe,revoked_user,0.4,4,0.012385,0.977834,0.977144,0.010464,0.00576,0.001697,0.0
LegalBench-RAG,1200000,1200000,Lethe,revoked_user,0.4,5,0.012632,0.976276,0.977273,0.009992,0.020436,0.002134,0.000721
LegalBench-RAG,1200000,1200000,Lethe,revoked_user,0.4,6,0.011457,0.975152,0.979149,0.009017,0.00587,0.000384,0.00161
LegalBench-RAG,1200000,1200000,Lethe,revoked_user,0.4,7,0.011517,0.974516,0.977513,0.010247,0.014649,0.003137,0.004766
LegalBench-RAG,1200000,1200000,Lethe,revoked_user,0.4,8,0.014916,0.978107,0.978086,0.011806,0.01176,0.001217,0.001276
LegalBench-RAG,1200000,1200000,Lethe,revoked_user,0.4,9,0.011339,0.977492,0.978566,0.007657,0.017431,0.001688,0.002396
LegalBench-RAG,1200000,1200000,Lethe,same_role_still_authorized,0.4,0,0.002408,0.977858,0.977395,0.002455,0.01516,0.001904,0.002777
LegalBench-RAG,1200000,1200000,Lethe,same_role_still_authorized,0.4,1,0.001715,0.979328,0.975976,0.00315,0.015276,0.000981,0.001752
LegalBench-RAG,1200000,1200000,Lethe,same_role_still_authorized,0.4,2,0.002549,0.97785,0.976653,0.002664,0.016694,4.7e-05,0.002732
LegalBench-RAG,1200000,1200000,Lethe,same_role_still_authorized,0.4,3,0.001963,0.976755,0.979058,0.002386,0.010204,0.000381,0.000925
LegalBench-RAG,1200000,1200000,Lethe,same_role_still_authorized,0.4,4,0.003973,0.977762,0.975782,0.00315,0.018041,0.002401,0.0
LegalBench-RAG,1200000,1200000,Lethe,same_role_still_authorized,0.4,5,0.002161,0.975974,0.974991,0.003502,0.021305,0.000366,0.000115
LegalBench-RAG,1200000,1200000,Lethe,same_role_still_authorized,0.4,6,0.002821,0.979642,0.977318,0.002502,0.015014,0.0022,0.001511
LegalBench-RAG,1200000,1200000,Lethe,same_role_still_authorized,0.4,7,0.003599,0.97882,0.976964,0.003406,0.018411,0.000736,0.000795
LegalBench-RAG,1200000,1200000,Lethe,same_role_still_authorized,0.4,8,0.001083,0.981509,0.977578,0.00121,0.022633,0.00223,0.001116
LegalBench-RAG,1200000,1200000,Lethe,same_role_still_authorized,0.4,9,0.002361,0.97755,0.976024,0.003789,0.01042,0.002251,0.002251
LegalBench-RAG,1200000,1200000,Lethe,different_role_still_authorized,0.4,0,0.00278,0.978021,0.978478,0.000239,0.01037,0.001845,0.001542
LegalBench-RAG,1200000,1200000,Lethe,different_role_still_authorized,0.4,1,0.002788,0.975447,0.97822,0.002517,0.008208,0.002405,0.001835
LegalBench-RAG,1200000,1200000,Lethe,different_role_still_authorized,0.4,2,0.003084,0.979627,0.977898,0.001739,0.023121,0.001917,0.002753
LegalBench-RAG,1200000,1200000,Lethe,different_role_still_authorized,0.4,3,0.002249,0.977802,0.975918,0.00282,0.006428,0.003935,0.00251
LegalBench-RAG,1200000,1200000,Lethe,different_role_still_authorized,0.4,4,0.001793,0.978067,0.980064,0.001672,0.028282,0.002649,0.002324
LegalBench-RAG,1200000,1200000,Lethe,different_role_still_authorized,0.4,5,0.001174,0.975622,0.976559,0.001528,0.013819,0.003738,0.001605
LegalBench-RAG,1200000,1200000,Lethe,different_role_still_authorized,0.4,6,0.004165,0.97428,0.974785,0.002465,0.017385,0.00326,0.003093
LegalBench-RAG,1200000,1200000,Lethe,different_role_still_authorized,0.4,7,0.00338,0.978343,0.97983,0.001905,0.01536,0.002498,0.001367
LegalBench-RAG,1200000,1200000,Lethe,different_role_still_authorized,0.4,8,0.002642,0.977504,0.979188,0.000919,0.022649,0.001818,0.003477
LegalBench-RAG,1200000,1200000,Lethe,different_role_still_authorized,0.4,9,0.003336,0.977945,0.976992,0.003351,0.005883,0.002873,0.002497
LegalBench-RAG,1200000,1200000,Lethe,ancestor_descendant_still_authorized,0.4,0,0.003562,0.975714,0.977714,0.002171,0.010334,0.002433,0.002644
LegalBench-RAG,1200000,1200000,Lethe,ancestor_descendant_still_authorized,0.4,1,0.002943,0.975697,0.97831,0.003464,0.016988,0.001382,0.00147
LegalBench-RAG,1200000,1200000,Lethe,ancestor_descendant_still_authorized,0.4,2,0.00304,0.97655,0.97782,0.001425,0.010867,0.001649,0.005142
LegalBench-RAG,1200000,1200000,Lethe,ancestor_descendant_still_authorized,0.4,3,0.003086,0.978662,0.976635,0.000971,0.013667,0.001974,0.002528
LegalBench-RAG,1200000,1200000,Lethe,ancestor_descendant_still_authorized,0.4,4,0.001882,0.977682,0.977263,0.002642,0.013036,0.001579,0.001806
LegalBench-RAG,1200000,1200000,Lethe,ancestor_descendant_still_authorized,0.4,5,0.001935,0.976375,0.977449,0.002267,0.01559,0.000617,0.005713
LegalBench-RAG,1200000,1200000,Lethe,ancestor_descendant_still_authorized,0.4,6,0.002201,0.978016,0.976819,0.001671,0.006488,0.003501,0.00174
LegalBench-RAG,1200000,1200000,Lethe,ancestor_descendant_still_authorized,0.4,7,0.003438,0.97734,0.977921,0.001307,0.015153,0.000259,0.003233
LegalBench-RAG,1200000,1200000,Lethe,ancestor_descendant_still_authorized,0.4,8,0.002194,0.978575,0.977442,0.003262,0.016062,0.002626,0.00161
LegalBench-RAG,1200000,1200000,Lethe,ancestor_descendant_still_authorized,0.4,9,0.003358,0.976543,0.9789,0.00367,0.024151,0.002193,0.00068
LegalBench-RAG,1200000,1200000,Lethe,revoked_user,0.5,0,0.011453,0.979537,0.978577,0.00975,0.01127,0.0003,0.002696
LegalBench-RAG,1200000,1200000,Lethe,revoked_user,0.5,1,0.015763,0.974299,0.978489,0.012645,0.018442,0.003159,0.002028
LegalBench-RAG,1200000,1200000,Lethe,revoked_user,0.5,2,0.010558,0.976609,0.976006,0.00949,0.011675,0.001065,0.001329
LegalBench-RAG,1200000,1200000,Lethe,revoked_user,0.5,3,0.013503,0.976445,0.975645,0.010795,0.009845,0.001288,0.001992
LegalBench-RAG,1200000,1200000,Lethe,revoked_user,0.5,4,0.010696,0.975127,0.979985,0.008096,0.012995,0.002228,0.001931
LegalBench-RAG,1200000,1200000,Lethe,revoked_user,0.5,5,0.017528,0.976901,0.976452,0.013566,0.012322,0.001941,0.002978
LegalBench-RAG,1200000,1200000,Lethe,revoked_user,0.5,6,0.0146,0.977875,0.977402,0.009457,0.019982,0.001609,0.002687
LegalBench-RAG,1200000,1200000,Lethe,revoked_user,0.5,7,0.01382,0.980442,0.977984,0.011542,0.022488,0.002205,0.002489
LegalBench-RAG,1200000,1200000,Lethe,revoked_user,0.5,8,0.014755,0.979366,0.974249,0.010993,0.007213,0.001994,0.001767
LegalBench-RAG,1200000,1200000,Lethe,revoked_user,0.5,9,0.008623,0.977539,0.977471,0.005692,0.018643,0.002538,0.003272
LegalBench-RAG,1200000,1200000,Lethe,same_role_still_authorized,0.5,0,0.004311,0.978222,0.977932,0.002559,0.023313,0.003009,0.001858
LegalBench-RAG,1200000,1200000,Lethe,same_role_still_authorized,0.5,1,0.003973,0.976604,0.976558,0.003923,0.007982,0.001973,0.001499
LegalBench-RAG,1200000,1200000,Lethe,same_role_still_authorized,0.5,2,0.003085,0.978598,0.975144,0.00074,0.013053,2.8e-05,0.003221
LegalBench-RAG,1200000,1200000,Lethe,same_role_still_authorized,0.5,3,0.001735,0.978603,0.97783,0.001776,0.016682,0.002544,0.001725
LegalBench-RAG,1200000,1200000,Lethe,same_role_still_authorized,0.5,4,0.001462,0.977298,0.97534,0.001322,0.012466,0.001957,0.001685
LegalBench-RAG,1200000,1200000,Lethe,same_role_still_authorized,0.5,5,0.002595,0.978413,0.979607,0.002663,0.012841,0.000977,0.000698
LegalBench-RAG,1200000,1200000,Lethe,same_role_still_authorized,0.5,6,0.00322,0.979379,0.978211,0.00217,0.012568,0.002013,0.000818
LegalBench-RAG,1200000,1200000,Lethe,same_role_still_authorized,0.5,7,0.004728,0.97529,0.97733,0.005248,0.018235,0.000404,0.002023
LegalBench-RAG,1200000,1200000,Lethe,same_role_still_authorized,0.5,8,0.004493,0.977487,0.976069,0.002394,0.01409,0.002832,0.002648
LegalBench-RAG,1200000,1200000,Lethe,same_role_still_authorized,0.5,9,0.00491,0.976075,0.975906,0.004795,0.010836,0.002783,0.001518
LegalBench-RAG,1200000,1200000,Lethe,different_role_still_authorized,0.5,0,0.002967,0.977144,0.975286,0.002237,0.020012,0.00321,0.001667
LegalBench-RAG,1200000,1200000,Lethe,different_role_still_authorized,0.5,1,0.003732,0.977679,0.978967,0.002968,0.017369,4.8e-05,0.001973
LegalBench-RAG,1200000,1200000,Lethe,different_role_still_authorized,0.5,2,0.003619,0.979535,0.975586,0.004803,0.01596,0.000946,0.000625
LegalBench-RAG,1200000,1200000,Lethe,different_role_still_authorized,0.5,3,0.001528,0.977259,0.976296,0.00159,0.023761,0.001985,0.003555
LegalBench-RAG,1200000,1200000,Lethe,different_role_still_authorized,0.5,4,0.002432,0.976754,0.978151,0.002655,0.024121,0.00349,0.002627
LegalBench-RAG,1200000,1200000,Lethe,different_role_still_authorized,0.5,5,0.002545,0.975968,0.975391,0.002976,0.009163,0.000662,0.003155
LegalBench-RAG,1200000,1200000,Lethe,different_role_still_authorized,0.5,6,0.004532,0.977273,0.978569,0.005079,0.014249,0.003011,0.000392
LegalBench-RAG,1200000,1200000,Lethe,different_role_still_authorized,0.5,7,0.001532,0.975563,0.977977,0.000731,0.004158,0.001669,0.001821
LegalBench-RAG,1200000,1200000,Lethe,different_role_still_authorized,0.5,8,0.002893,0.975802,0.976771,0.003127,0.008644,0.002652,0.002908
LegalBench-RAG,1200000,1200000,Lethe,different_role_still_authorized,0.5,9,0.004129,0.974504,0.975567,0.002107,0.015149,0.001734,0.004586
LegalBench-RAG,1200000,1200000,Lethe,ancestor_descendant_still_authorized,0.5,0,0.003261,0.978668,0.976584,0.001356,0.025714,0.003574,0.002657
LegalBench-RAG,1200000,1200000,Lethe,ancestor_descendant_still_authorized,0.5,1,0.002099,0.976934,0.977127,0.002042,0.014319,0.003702,0.003496
LegalBench-RAG,1200000,1200000,Lethe,ancestor_descendant_still_authorized,0.5,2,0.003032,0.976209,0.976079,0.001536,0.01763,0.002853,0.001072
LegalBench-RAG,1200000,1200000,Lethe,ancestor_descendant_still_authorized,0.5,3,0.002512,0.977193,0.974801,0.002063,0.013741,0.002637,0.00137
LegalBench-RAG,1200000,1200000,Lethe,ancestor_descendant_still_authorized,0.5,4,0.002703,0.976124,0.976307,0.001162,0.015141,0.002908,0.001703
LegalBench-RAG,1200000,1200000,Lethe,ancestor_descendant_still_authorized,0.5,5,0.003244,0.977529,0.976188,0.002262,0.012145,0.001079,0.002176
LegalBench-RAG,1200000,1200000,Lethe,ancestor_descendant_still_authorized,0.5,6,0.001459,0.976182,0.976085,0.001294,0.014556,0.003407,0.001626
LegalBench-RAG,1200000,1200000,Lethe,ancestor_descendant_still_authorized,0.5,7,0.003863,0.978244,0.977709,0.002778,0.007692,0.001662,0.001637
LegalBench-RAG,1200000,1200000,Lethe,ancestor_descendant_still_authorized,0.5,8,0.002399,0.977303,0.978183,0.001709,0.019786,0.000483,0.001606
LegalBench-RAG,1200000,1200000,Lethe,ancestor_descendant_still_authorized,0.5,9,0.002501,0.97865,0.974738,0.002032,0.023212,0.002438,0.00384
LegalBench-RAG,1200000,1200000,Lethe,revoked_user,0.1,0,0.009257,0.975629,0.978232,0.00917,0.013458,0.000899,0.001367
LegalBench-RAG,1200000,1200000,Lethe,revoked_user,0.1,1,0.007469,0.975689,0.975821,0.005035,0.026894,0.001973,0.001988
LegalBench-RAG,1200000,1200000,Lethe,revoked_user,0.1,2,0.007687,0.975751,0.979278,0.007668,0.020089,0.002541,0.002911
LegalBench-RAG,1200000,1200000,Lethe,revoked_user,0.1,3,0.009565,0.978271,0.976163,0.008397,0.024149,0.002812,0.002482
LegalBench-RAG,1200000,1200000,Lethe,revoked_user,0.1,4,0.006921,0.977697,0.974593,0.005852,0.018743,0.002322,0.00342
LegalBench-RAG,1200000,1200000,Lethe,revoked_user,0.1,5,0.011352,0.975435,0.973538,0.009324,0.00948,0.001112,0.001001
LegalBench-RAG,1200000,1200000,Lethe,revoked_user,0.1,6,0.008651,0.975664,0.980448,0.006545,0.016081,0.002398,0.002901
LegalBench-RAG,1200000,1200000,Lethe,revoked_user,0.1,7,0.003049,0.976002,0.980305,0.002461,0.024351,0.000336,0.000307
LegalBench-RAG,1200000,1200000,Lethe,revoked_user,0.1,8,0.005591,0.976388,0.977204,0.004008,0.002794,0.001568,0.0
LegalBench-RAG,1200000,1200000,Lethe,revoked_user,0.1,9,0.010278,0.978305,0.978761,0.006157,0.018867,0.0,0.001456
LegalBench-RAG,1200000,1200000,Lethe,same_role_still_authorized,0.1,0,0.00276,0.975801,0.977231,0.003114,0.010161,0.001581,0.002593
LegalBench-RAG,1200000,1200000,Lethe,same_role_still_authorized,0.1,1,0.00093,0.979021,0.981929,0.000624,0.023425,0.002292,0.001117
LegalBench-RAG,1200000,1200000,Lethe,same_role_still_authorized,0.1,2,0.003313,0.975322,0.977053,0.003996,0.018752,0.002213,0.002076
LegalBench-RAG,1200000,1200000,Lethe,same_role_still_authorized,0.1,3,0.003632,0.976581,0.982167,0.004003,0.023824,0.001997,0.002781
LegalBench-RAG,1200000,1200000,Lethe,same_role_still_authorized,0.1,4,0.000651,0.974802,0.977255,0.000164,0.016914,0.002299,0.002299
LegalBench-RAG,1200000,1200000,Lethe,same_role_still_authorized,0.1,5,0.001313,0.974069,0.977757,0.00021,0.01979,0.002012,0.001719
LegalBench-RAG,1200000,1200000,Lethe,same_role_still_authorized,0.1,6,0.003082,0.979238,0.976172,0.002356,0.006483,0.003886,0.001811
LegalBench-RAG,1200000,1200000,Lethe,same_role_still_authorized,0.1,7,0.00328,0.977356,0.975724,0.002756,0.010683,0.000843,0.000988
LegalBench-RAG,1200000,1200000,Lethe,same_role_still_authorized,0.1,8,0.002392,0.974435,0.976189,0.002583,0.016707,0.002159,0.000996
LegalBench-RAG,1200000,1200000,Lethe,same_role_still_authorized,0.1,9,0.002591,0.977517,0.976531,0.00096,0.026512,0.001844,0.000644
LegalBench-RAG,1200000,1200000,Lethe,different_role_still_authorized,0.1,0,0.0,0.975135,0.978293,0.000847,0.025583,0.00087,0.002921
LegalBench-RAG,1200000,1200000,Lethe,different_role_still_authorized,0.1,1,0.001475,0.976027,0.975817,0.001285,0.004967,0.002573,0.003272
LegalBench-RAG,1200000,1200000,Lethe,different_role_still_authorized,0.1,2,0.001247,0.978211,0.975276,0.002168,0.00546,0.003366,0.002062
LegalBench-RAG,1200000,1200000,Lethe,different_role_still_authorized,0.1,3,0.001977,0.978315,0.978373,0.002774,0.008979,0.001918,0.003253
LegalBench-RAG,1200000,1200000,Lethe,different_role_still_authorized,0.1,4,0.001367,0.975947,0.978126,0.000908,0.010508,0.001046,0.003531
LegalBench-RAG,1200000,1200000,Lethe,different_role_still_authorized,0.1,5,0.001358,0.975151,0.975687,0.002653,0.013517,0.003048,0.002349
LegalBench-RAG,1200000,1200000,Lethe,different_role_still_authorized,0.1,6,0.000247,0.977526,0.97699,0.000833,0.020317,0.002132,0.002911
LegalBench-RAG,1200000,1200000,Lethe,different_role_still_authorized,0.1,7,0.001564,0.977907,0.978802,0.002356,0.007527,0.001871,0.002234
LegalBench-RAG,1200000,1200000,Lethe,different_role_still_authorized,0.1,8,0.002266,0.977722,0.976886,0.002623,0.0197,0.001064,0.001198
LegalBench-RAG,1200000,1200000,Lethe,different_role_still_authorized,0.1,9,0.003261,0.97851,0.978494,0.002263,0.021857,0.003222,0.002015
LegalBench-RAG,1200000,1200000,Lethe,ancestor_descendant_still_authorized,0.1,0,0.002891,0.976924,0.977915,0.002943,0.022837,0.001263,0.004108
LegalBench-RAG,1200000,1200000,Lethe,ancestor_descendant_still_authorized,0.1,1,0.002472,0.977306,0.976981,0.001006,0.012525,0.002333,0.004372
LegalBench-RAG,1200000,1200000,Lethe,ancestor_descendant_still_authorized,0.1,2,0.002528,0.976294,0.978032,0.001414,0.01214,0.000863,0.000699
LegalBench-RAG,1200000,1200000,Lethe,ancestor_descendant_still_authorized,0.1,3,0.001089,0.980521,0.978528,0.0,0.021132,0.00285,0.0
LegalBench-RAG,1200000,1200000,Lethe,ancestor_descendant_still_authorized,0.1,4,0.00037,0.975799,0.981238,0.00022,0.011695,0.003298,0.001423
LegalBench-RAG,1200000,1200000,Lethe,ancestor_descendant_still_authorized,0.1,5,0.003049,0.974036,0.977625,0.002793,0.016104,0.002764,0.001912
LegalBench-RAG,1200000,1200000,Lethe,ancestor_descendant_still_authorized,0.1,6,0.002877,0.978294,0.97652,0.002612,0.00602,0.001291,0.0
LegalBench-RAG,1200000,1200000,Lethe,ancestor_descendant_still_authorized,0.1,7,0.001159,0.978586,0.978172,0.001151,0.010516,0.001364,0.001983
LegalBench-RAG,1200000,1200000,Lethe,ancestor_descendant_still_authorized,0.1,8,0.002148,0.979279,0.97687,0.000124,0.007729,0.003635,0.003204
LegalBench-RAG,1200000,1200000,Lethe,ancestor_descendant_still_authorized,0.1,9,5e-05,0.97757,0.976566,0.0,0.005647,0.000835,0.000643
LegalBench-RAG,1200000,1200000,Lethe,revoked_user,0.2,0,0.0095,0.979184,0.976549,0.00906,0.011521,0.002172,0.001179
LegalBench-RAG,1200000,1200000,Lethe,revoked_user,0.2,1,0.010093,0.976366,0.976918,0.009486,0.021861,0.002217,0.001733
LegalBench-RAG,1200000,1200000,Lethe,revoked_user,0.2,2,0.009269,0.97842,0.979524,0.006923,0.016713,0.00056,0.002641
LegalBench-RAG,1200000,1200000,Lethe,revoked_user,0.2,3,0.007443,0.977047,0.977729,0.0063,0.001258,0.00234,0.002486
LegalBench-RAG,1200000,1200000,Lethe,revoked_user,0.2,4,0.008644,0.977196,0.976416,0.006599,0.007703,0.002002,0.000349
LegalBench-RAG,1200000,1200000,Lethe,revoked_user,0.2,5,0.009283,0.975947,0.975481,0.008684,0.016399,0.00317,0.002509
LegalBench-RAG,1200000,1200000,Lethe,revoked_user,0.2,6,0.012638,0.976339,0.97477,0.008972,0.012653,0.000727,0.00171
LegalBench-RAG,1200000,1200000,Lethe,revoked_user,0.2,7,0.007452,0.975913,0.979756,0.006987,0.01924,0.000998,0.00126
LegalBench-RAG,1200000,1200000,Lethe,revoked_user,0.2,8,0.006755,0.978496,0.977084,0.005933,0.010775,0.002,0.002861
LegalBench-RAG,1200000,1200000,Lethe,revoked_user,0.2,9,0.008596,0.976019,0.9753,0.006583,0.014212,0.000961,0.000487
LegalBench-RAG,1200000,1200000,Lethe,same_role_still_authorized,0.2,0,0.002382,0.978213,0.975537,0.001527,0.013539,0.001695,0.002979
LegalBench-RAG,1200000,1200000,Lethe,same_role_still_authorized,0.2,1,0.002145,0.97822,0.979164,0.002339,0.020223,0.00228,0.003029
LegalBench-RAG,1200000,1200000,Lethe,same_role_still_authorized,0.2,2,0.000267,0.975765,0.979445,0.0,0.017281,0.003047,0.002271
LegalBench-RAG,1200000,1200000,Lethe,same_role_still_authorized,0.2,3,0.003258,0.979402,0.978037,0.003437,0.014613,0.002107,0.003158
LegalBench-RAG,1200000,1200000,Lethe,same_role_still_authorized,0.2,4,0.001851,0.977976,0.977956,0.002648,0.015237,0.001114,0.00187
LegalBench-RAG,1200000,1200000,Lethe,same_role_still_authorized,0.2,5,0.002396,0.976271,0.975475,0.004507,0.008746,0.002685,0.002099
LegalBench-RAG,1200000,1200000,Lethe,same_role_still_authorized,0.2,6,0.001483,0.976639,0.978479,0.000865,0.004576,0.001741,0.00219
LegalBench-RAG,1200000,1200000,Lethe,same_role_still_authorized,0.2,7,0.00245,0.977295,0.976176,0.002499,0.009416,0.000381,0.002753
LegalBench-RAG,1200000,1200000,Lethe,same_role_still_authorized,0.2,8,0.00244,0.977434,0.975143,0.003377,0.017547,0.001905,0.000604
LegalBench-RAG,1200000,1200000,Lethe,same_role_still_authorized,0.2,9,0.002096,0.977574,0.977794,0.000932,0.005457,0.002421,0.002476
LegalBench-RAG,1200000,1200000,Lethe,different_role_still_authorized,0.2,0,0.000327,0.976543,0.975604,0.000268,0.012596,0.001892,0.000694
LegalBench-RAG,1200000,1200000,Lethe,different_role_still_authorized,0.2,1,0.003339,0.975961,0.977924,0.003282,0.019241,0.001739,0.000976
LegalBench-RAG,1200000,1200000,Lethe,different_role_still_authorized,0.2,2,0.001287,0.977213,0.979084,0.001862,0.014933,0.003416,0.003122
LegalBench-RAG,1200000,1200000,Lethe,different_role_still_authorized,0.2,3,0.001485,0.977372,0.977387,0.002045,0.018477,0.00177,0.003723
LegalBench-RAG,1200000,1200000,Lethe,different_role_still_authorized,0.2,4,0.002996,0.977248,0.978577,0.002337,0.007424,0.002668,0.000253
LegalBench-RAG,1200000,1200000,Lethe,different_role_still_authorized,0.2,5,0.002104,0.976322,0.97961,0.00093,0.006817,0.001473,0.00283
LegalBench-RAG,1200000,1200000,Lethe,different_role_still_authorized,0.2,6,0.004112,0.978672,0.976436,0.001416,0.006519,0.004201,0.002156
LegalBench-RAG,1200000,1200000,Lethe,different_role_still_authorized,0.2,7,0.00299,0.97832,0.977333,0.004283,0.018962,0.001484,0.0011
LegalBench-RAG,1200000,1200000,Lethe,different_role_still_authorized,0.2,8,0.001636,0.978468,0.977515,0.0,0.017637,0.0,0.002439
LegalBench-RAG,1200000,1200000,Lethe,different_role_still_authorized,0.2,9,0.00342,0.977692,0.978547,0.004083,0.02076,0.00361,0.003344
LegalBench-RAG,1200000,1200000,Lethe,ancestor_descendant_still_authorized,0.2,0,0.002073,0.978174,0.975707,0.001755,0.022492,0.002,0.001559
LegalBench-RAG,1200000,1200000,Lethe,ancestor_descendant_still_authorized,0.2,1,0.002931,0.976741,0.97798,0.001799,0.020006,0.002627,0.001813
LegalBench-RAG,1200000,1200000,Lethe,ancestor_descendant_still_authorized,0.2,2,0.002533,0.978031,0.975671,0.002953,0.009551,0.003702,0.001755
LegalBench-RAG,1200000,1200000,Lethe,ancestor_descendant_still_authorized,0.2,3,0.003741,0.976906,0.977054,0.002778,0.011827,0.000288,0.001596
LegalBench-RAG,1200000,1200000,Lethe,ancestor_descendant_still_authorized,0.2,4,0.002575,0.976241,0.978784,0.00399,0.016089,0.003963,0.002693
LegalBench-RAG,1200000,1200000,Lethe,ancestor_descendant_still_authorized,0.2,5,0.000148,0.976758,0.976421,0.001582,0.010064,0.003351,0.0
LegalBench-RAG,1200000,1200000,Lethe,ancestor_descendant_still_authorized,0.2,6,0.002134,0.979248,0.976018,0.00235,0.022538,0.002132,0.002578
LegalBench-RAG,1200000,1200000,Lethe,ancestor_descendant_still_authorized,0.2,7,0.001249,0.975717,0.977328,0.003707,0.014612,0.001819,0.002271
LegalBench-RAG,1200000,1200000,Lethe,ancestor_descendant_still_authorized,0.2,8,0.003289,0.978026,0.975556,0.001086,0.019607,0.003119,0.00161
LegalBench-RAG,1200000,1200000,Lethe,ancestor_descendant_still_authorized,0.2,9,0.002075,0.978521,0.976882,0.002464,0.019339,0.002159,0.002919
LegalBench-RAG,1200000,1200000,Lethe,revoked_user,0.3,0,0.011442,0.976076,0.976596,0.008742,0.010814,0.003481,0.002437
LegalBench-RAG,1200000,1200000,Lethe,revoked_user,0.3,1,0.011513,0.978725,0.977569,0.009306,0.014358,0.000435,0.002379
LegalBench-RAG,1200000,1200000,Lethe,revoked_user,0.3,2,0.009442,0.975693,0.976226,0.00633,0.017155,0.000861,0.003747
LegalBench-RAG,1200000,1200000,Lethe,revoked_user,0.3,3,0.012128,0.976074,0.975163,0.010153,0.017007,0.001312,0.002065
LegalBench-RAG,1200000,1200000,Lethe,revoked_user,0.3,4,0.009812,0.975,0.97698,0.010011,0.014792,0.001953,0.0
LegalBench-RAG,1200000,1200000,Lethe,revoked_user,0.3,5,0.010048,0.977768,0.978764,0.007411,0.009112,0.002101,0.001257
LegalBench-RAG,1200000,1200000,Lethe,revoked_user,0.3,6,0.007456,0.975202,0.97677,0.006468,0.016403,0.00336,0.001746
LegalBench-RAG,1200000,1200000,Lethe,revoked_user,0.3,7,0.014941,0.977481,0.976654,0.011718,0.014785,0.000526,0.004338
LegalBench-RAG,1200000,1200000,Lethe,revoked_user,0.3,8,0.011084,0.978018,0.974997,0.006909,0.023868,0.002156,9.8e-05
LegalBench-RAG,1200000,1200000,Lethe,revoked_user,0.3,9,0.00922,0.977279,0.979309,0.008021,0.022394,0.001035,0.001205
LegalBench-RAG,1200000,1200000,Lethe,same_role_still_authorized,0.3,0,0.003057,0.978464,0.97842,0.003543,0.018745,0.00148,0.003252
LegalBench-RAG,1200000,1200000,Lethe,same_role_still_authorized,0.3,1,0.002123,0.977324,0.977545,0.003365,0.016013,0.002244,0.000267
LegalBench-RAG,1200000,1200000,Lethe,same_role_still_authorized,0.3,2,0.002227,0.977552,0.977637,0.0,0.018469,0.001201,0.00325
LegalBench-RAG,1200000,1200000,Lethe,same_role_still_authorized,0.3,3,0.001823,0.977875,0.977209,0.001771,0.011755,1.3e-05,0.002491
LegalBench-RAG,1200000,1200000,Lethe,same_role_still_authorized,0.3,4,0.001052,0.975548,0.978061,0.001399,0.011982,0.003603,0.001147
LegalBench-RAG,1200000,1200000,Lethe,same_role_still_authorized,0.3,5,0.000493,0.978224,0.976308,0.001524,0.008423,0.002113,0.002882
LegalBench-RAG,1200000,1200000,Lethe,same_role_still_authorized,0.3,6,0.003233,0.975009,0.980366,0.002154,0.013962,0.002834,0.001222
LegalBench-RAG,1200000,1200000,Lethe,same_role_still_authorized,0.3,7,0.003952,0.977016,0.978384,0.001338,0.012202,0.002139,0.002637
LegalBench-RAG,1200000,1200000,Lethe,same_role_still_authorized,0.3,8,0.003629,0.976191,0.977626,0.003118,0.006738,0.001171,0.003353
LegalBench-RAG,1200000,1200000,Lethe,same_role_still_authorized,0.3,9,0.002827,0.976969,0.975772,0.002982,0.011026,0.001121,0.002569
LegalBench-RAG,1200000,1200000,Lethe,different_role_still_authorized,0.3,0,0.002918,0.97325,0.978167,0.001649,0.017593,0.001205,0.001957
LegalBench-RAG,1200000,1200000,Lethe,different_role_still_authorized,0.3,1,0.00399,0.979629,0.977668,0.003975,0.010317,0.003668,0.002425
LegalBench-RAG,1200000,1200000,Lethe,different_role_still_authorized,0.3,2,0.001623,0.977819,0.976429,0.001934,0.017078,0.002275,0.001506
LegalBench-RAG,1200000,1200000,Lethe,different_role_still_authorized,0.3,3,0.00102,0.976283,0.978052,0.000281,0.012445,0.004058,0.000186
LegalBench-RAG,1200000,1200000,Lethe,different_role_still_authorized,0.3,4,0.002364,0.978218,0.978189,0.000877,0.017479,0.002882,0.003156
LegalBench-RAG,1200000,1200000,Lethe,different_role_still_authorized,0.3,5,0.00264,0.977227,0.978959,0.002715,0.019982,0.002286,0.002504
LegalBench-RAG,1200000,1200000,Lethe,different_role_still_authorized,0.3,6,0.002458,0.977558,0.976405,0.003041,0.027563,0.001433,0.001894
LegalBench-RAG,1200000,1200000,Lethe,different_role_still_authorized,0.3,7,0.001758,0.978889,0.978227,0.0,0.008037,0.002074,0.002101
LegalBench-RAG,1200000,1200000,Lethe,different_role_still_authorized,0.3,8,0.003105,0.975506,0.980638,0.000786,0.012234,0.003556,0.00054
LegalBench-RAG,1200000,1200000,Lethe,different_role_still_authorized,0.3,9,0.002267,0.980622,0.97774,0.001533,0.016486,0.002073,0.003459
LegalBench-RAG,1200000,1200000,Lethe,ancestor_descendant_still_authorized,0.3,0,0.00366,0.979232,0.976829,0.003744,0.006655,0.003743,0.002681
LegalBench-RAG,1200000,1200000,Lethe,ancestor_descendant_still_authorized,0.3,1,0.003105,0.97727,0.974523,0.002138,0.005694,0.000574,0.000353
LegalBench-RAG,1200000,1200000,Lethe,ancestor_descendant_still_authorized,0.3,2,0.004182,0.979408,0.976044,0.005232,0.017395,0.001972,0.002672
LegalBench-RAG,1200000,1200000,Lethe,ancestor_descendant_still_authorized,0.3,3,0.001041,0.976553,0.975851,0.0,0.013301,0.001591,0.002144
LegalBench-RAG,1200000,1200000,Lethe,ancestor_descendant_still_authorized,0.3,4,0.002022,0.978272,0.976272,0.000795,0.021875,0.002608,0.000978
LegalBench-RAG,1200000,1200000,Lethe,ancestor_descendant_still_authorized,0.3,5,0.001282,0.977145,0.976036,3.2e-05,0.008243,0.00445,0.0024
LegalBench-RAG,1200000,1200000,Lethe,ancestor_descendant_still_authorized,0.3,6,0.003129,0.979488,0.974301,0.001126,0.011851,0.001576,0.002014
LegalBench-RAG,1200000,1200000,Lethe,ancestor_descendant_still_authorized,0.3,7,0.002455,0.974933,0.975503,0.002792,0.021067,0.002131,0.001674
LegalBench-RAG,1200000,1200000,Lethe,ancestor_descendant_still_authorized,0.3,8,0.001005,0.97814,0.976948,0.0,0.012592,0.004529,0.00204
LegalBench-RAG,1200000,1200000,Lethe,ancestor_descendant_still_authorized,0.3,9,0.001128,0.979435,0.979035,0.001669,0.023604,0.001346,0.002298
LegalBench-RAG,1200000,1200000,Lethe,revoked_user,0.4,0,0.00777,0.978208,0.975716,0.005839,0.010017,0.004906,0.003252
LegalBench-RAG,1200000,1200000,Lethe,revoked_user,0.4,1,0.009898,0.977771,0.976655,0.008327,0.026806,0.003799,0.003965
LegalBench-RAG,1200000,1200000,Lethe,revoked_user,0.4,2,0.010762,0.978471,0.978662,0.007658,0.010006,0.002661,0.003292
LegalBench-RAG,1200000,1200000,Lethe,revoked_user,0.4,3,0.01517,0.978152,0.9771,0.011495,0.012819,0.002364,0.001252
LegalBench-RAG,1200000,1200000,Lethe,revoked_user,0.4,4,0.013184,0.979507,0.978096,0.009543,0.015916,0.000565,0.001291
LegalBench-RAG,1200000,1200000,Lethe,revoked_user,0.4,5,0.013574,0.977525,0.977212,0.008956,0.016026,0.002417,0.003193
LegalBench-RAG,1200000,1200000,Lethe,revoked_user,0.4,6,0.012317,0.976503,0.980162,0.009529,0.009836,0.000707,0.00283
LegalBench-RAG,1200000,1200000,Lethe,revoked_user,0.4,7,0.01522,0.978852,0.977573,0.011678,0.018068,0.001074,0.001493
LegalBench-RAG,1200000,1200000,Lethe,revoked_user,0.4,8,0.012936,0.977385,0.979745,0.009902,0.016741,0.001965,0.002322
LegalBench-RAG,1200000,1200000,Lethe,revoked_user,0.4,9,0.015632,0.975463,0.975639,0.012539,0.013015,0.002365,0.003242
LegalBench-RAG,1200000,1200000,Lethe,same_role_still_authorized,0.4,0,0.002953,0.978882,0.977166,0.003623,0.009749,0.000619,0.002955
LegalBench-RAG,1200000,1200000,Lethe,same_role_still_authorized,0.4,1,0.001625,0.976,0.976315,0.0,0.004902,0.000977,0.001173
LegalBench-RAG,1200000,1200000,Lethe,same_role_still_authorized,0.4,2,0.004678,0.97838,0.976474,0.004329,0.010175,0.001181,0.000924
LegalBench-RAG,1200000,1200000,Lethe,same_role_still_authorized,0.4,3,0.002349,0.975413,0.978883,0.002949,0.013579,0.001838,0.001288
LegalBench-RAG,1200000,1200000,Lethe,same_role_still_authorized,0.4,4,0.002215,0.975442,0.977533,0.003475,0.028211,0.003246,0.001963
LegalBench-RAG,1200000,1200000,Lethe,same_role_still_authorized,0.4,5,0.002568,0.976607,0.976906,0.00284,0.02745,0.002978,0.002744
LegalBench-RAG,1200000,1200000,Lethe,same_role_still_authorized,0.4,6,0.005309,0.976374,0.976562,0.00372,0.027443,0.001293,0.00263
LegalBench-RAG,1200000,1200000,Lethe,same_role_still_authorized,0.4,7,0.002495,0.97623,0.975593,0.001949,0.006624,0.000751,0.001979
LegalBench-RAG,1200000,1200000,Lethe,same_role_still_authorized,0.4,8,0.00209,0.976861,0.976757,0.001879,0.030146,0.002499,0.003192
LegalBench-RAG,1200000,1200000,Lethe,same_role_still_authorized,0.4,9,0.003493,0.976975,0.977256,0.003775,0.015703,0.002058,0.001461
LegalBench-RAG,1200000,1200000,Lethe,different_role_still_authorized,0.4,0,0.002299,0.977829,0.977747,0.000923,0.0068,0.002206,0.00164
LegalBench-RAG,1200000,1200000,Lethe,different_role_still_authorized,0.4,1,0.002588,0.976308,0.975286,0.002049,0.018561,0.001445,0.001925
LegalBench-RAG,1200000,1200000,Lethe,different_role_still_authorized,0.4,2,0.004169,0.97587,0.979876,0.004645,0.02376,0.002356,0.001195
LegalBench-RAG,1200000,1200000,Lethe,different_role_still_authorized,0.4,3,0.002892,0.972158,0.977004,0.001463,0.021119,0.003935,0.002091
LegalBench-RAG,1200000,1200000,Lethe,different_role_still_authorized,0.4,4,0.003574,0.976873,0.979555,0.00201,0.01552,0.00264,0.002764
LegalBench-RAG,1200000,1200000,Lethe,different_role_still_authorized,0.4,5,0.003147,0.980796,0.976217,0.001645,0.023159,0.00156,0.001927
LegalBench-RAG,1200000,1200000,Lethe,different_role_still_authorized,0.4,6,0.002812,0.975964,0.979108,0.00236,0.023616,0.001487,6.9e-05
LegalBench-RAG,1200000,1200000,Lethe,different_role_still_authorized,0.4,7,0.002282,0.973098,0.978008,0.002571,0.023236,0.001067,0.002098
LegalBench-RAG,1200000,1200000,Lethe,different_role_still_authorized,0.4,8,0.000888,0.97519,0.974797,0.000398,0.014355,0.004571,0.002894
LegalBench-RAG,1200000,1200000,Lethe,different_role_still_authorized,0.4,9,0.003038,0.976791,0.979476,0.000988,0.0,0.00315,0.003553
LegalBench-RAG,1200000,1200000,Lethe,ancestor_descendant_still_authorized,0.4,0,0.002536,0.975372,0.975765,0.002903,0.0,0.00111,0.001084
LegalBench-RAG,1200000,1200000,Lethe,ancestor_descendant_still_authorized,0.4,1,0.002208,0.977407,0.976989,0.000808,0.011823,0.000875,0.000879
LegalBench-RAG,1200000,1200000,Lethe,ancestor_descendant_still_authorized,0.4,2,0.003903,0.978617,0.97569,0.00136,0.012816,0.000507,0.001744
LegalBench-RAG,1200000,1200000,Lethe,ancestor_descendant_still_authorized,0.4,3,0.001302,0.979138,0.977332,0.000332,0.016519,0.0028,0.002178
LegalBench-RAG,1200000,1200000,Lethe,ancestor_descendant_still_authorized,0.4,4,0.000164,0.974552,0.976706,0.0,0.015253,0.002547,0.00043
LegalBench-RAG,1200000,1200000,Lethe,ancestor_descendant_still_authorized,0.4,5,0.004026,0.978593,0.976147,0.002478,0.005127,0.002422,0.002454
LegalBench-RAG,1200000,1200000,Lethe,ancestor_descendant_still_authorized,0.4,6,0.000972,0.977068,0.977291,0.0,0.016539,0.00223,0.002661
LegalBench-RAG,1200000,1200000,Lethe,ancestor_descendant_still_authorized,0.4,7,0.003413,0.9801,0.977368,0.004212,0.007383,0.000792,0.00191
LegalBench-RAG,1200000,1200000,Lethe,ancestor_descendant_still_authorized,0.4,8,0.004067,0.979151,0.976521,0.0046,0.020537,0.00248,0.001903
LegalBench-RAG,1200000,1200000,Lethe,ancestor_descendant_still_authorized,0.4,9,0.004137,0.9745,0.976271,0.003862,0.002245,0.001679,0.00217
LegalBench-RAG,1200000,1200000,Lethe,revoked_user,0.5,0,0.014677,0.976239,0.979273,0.010787,0.017823,0.001898,0.001827
LegalBench-RAG,1200000,1200000,Lethe,revoked_user,0.5,1,0.013597,0.976335,0.980061,0.009623,0.006251,0.00252,0.002224
LegalBench-RAG,1200000,1200000,Lethe,revoked_user,0.5,2,0.015242,0.975817,0.977712,0.010642,0.019701,0.002014,0.003268
LegalBench-RAG,1200000,1200000,Lethe,revoked_user,0.5,3,0.014652,0.978264,0.980547,0.011407,0.015745,0.002184,0.003869
LegalBench-RAG,1200000,1200000,Lethe,revoked_user,0.5,4,0.012231,0.97963,0.974246,0.009007,0.010808,0.003499,0.001541
LegalBench-RAG,1200000,1200000,Lethe,revoked_user,0.5,5,0.014535,0.978549,0.977919,0.012242,0.016855,0.00267,0.001542
LegalBench-RAG,1200000,1200000,Lethe,revoked_user,0.5,6,0.016473,0.97719,0.975291,0.013453,0.00825,0.002154,0.002076
LegalBench-RAG,1200000,1200000,Lethe,revoked_user,0.5,7,0.012949,0.977912,0.975973,0.009854,0.017738,0.001286,0.001572
LegalBench-RAG,1200000,1200000,Lethe,revoked_user,0.5,8,0.013864,0.978581,0.976459,0.011471,0.016113,0.002563,0.00175
LegalBench-RAG,1200000,1200000,Lethe,revoked_user,0.5,9,0.016289,0.977498,0.979005,0.011779,0.02318,0.001615,0.002464
LegalBench-RAG,1200000,1200000,Lethe,same_role_still_authorized,0.5,0,0.001956,0.975918,0.977092,0.003046,0.019502,0.001084,0.003525
LegalBench-RAG,1200000,1200000,Lethe,same_role_still_authorized,0.5,1,0.004535,0.976331,0.974822,0.003944,0.009444,0.001116,0.004349
LegalBench-RAG,1200000,1200000,Lethe,same_role_still_authorized,0.5,2,0.003898,0.976335,0.977281,0.003034,0.011769,0.001194,0.000696
LegalBench-RAG,1200000,1200000,Lethe,same_role_still_authorized,0.5,3,0.003833,0.977751,0.981262,0.002255,0.017786,0.000495,0.002358
LegalBench-RAG,1200000,1200000,Lethe,same_role_still_authorized,0.5,4,0.004381,0.979948,0.974504,0.002446,0.01824,0.001962,0.001915
LegalBench-RAG,1200000,1200000,Lethe,same_role_still_authorized,0.5,5,0.003302,0.977159,0.977912,0.00159,0.016787,0.002769,0.000928
LegalBench-RAG,1200000,1200000,Lethe,same_role_still_authorized,0.5,6,0.003866,0.978474,0.979208,0.004681,0.016554,0.003698,0.003021
LegalBench-RAG,1200000,1200000,Lethe,same_role_still_authorized,0.5,7,0.004112,0.974577,0.978859,0.004257,0.008421,0.000947,0.001747
LegalBench-RAG,1200000,1200000,Lethe,same_role_still_authorized,0.5,8,0.002069,0.979833,0.977743,0.001263,0.017206,0.002778,0.001528
LegalBench-RAG,1200000,1200000,Lethe,same_role_still_authorized,0.5,9,0.004929,0.976678,0.976347,0.00383,0.014653,0.003611,0.001048
LegalBench-RAG,1200000,1200000,Lethe,different_role_still_authorized,0.5,0,0.00358,0.978293,0.978116,0.002413,0.015684,0.001099,0.001035
LegalBench-RAG,1200000,1200000,Lethe,different_role_still_authorized,0.5,1,0.003,0.977249,0.975046,0.002413,0.017075,0.002615,0.001994
LegalBench-RAG,1200000,1200000,Lethe,different_role_still_authorized,0.5,2,0.00439,0.97363,0.979058,0.002978,0.017116,0.003095,0.001142
LegalBench-RAG,1200000,1200000,Lethe,different_role_still_authorized,0.5,3,0.001811,0.975408,0.976872,0.001779,0.012404,0.002823,0.002726
LegalBench-RAG,1200000,1200000,Lethe,different_role_still_authorized,0.5,4,0.002083,0.975358,0.975491,0.002115,0.017042,0.001641,0.001557
LegalBench-RAG,1200000,1200000,Lethe,different_role_still_authorized,0.5,5,0.002519,0.97587,0.976178,0.000531,0.018629,0.000682,0.0018
LegalBench-RAG,1200000,1200000,Lethe,different_role_still_authorized,0.5,6,0.001863,0.978554,0.977561,0.004343,0.021095,0.004625,0.00264
LegalBench-RAG,1200000,1200000,Lethe,different_role_still_authorized,0.5,7,0.00309,0.977325,0.976997,0.002601,0.014876,0.002179,0.002723
LegalBench-RAG,1200000,1200000,Lethe,different_role_still_authorized,0.5,8,0.00343,0.977336,0.977511,0.004848,0.022114,0.002873,0.002718
LegalBench-RAG,1200000,1200000,Lethe,different_role_still_authorized,0.5,9,0.001554,0.975204,0.978327,0.001411,0.014894,0.00152,0.000955
LegalBench-RAG,1200000,1200000,Lethe,ancestor_descendant_still_authorized,0.5,0,0.001394,0.976309,0.975049,0.001783,0.017583,0.000753,0.001641
LegalBench-RAG,1200000,1200000,Lethe,ancestor_descendant_still_authorized,0.5,1,0.002367,0.97472,0.980192,7.3e-05,0.021364,0.000533,0.002774
LegalBench-RAG,1200000,1200000,Lethe,ancestor_descendant_still_authorized,0.5,2,0.003913,0.976152,0.980999,0.003738,0.015455,0.002247,0.002109
LegalBench-RAG,1200000,1200000,Lethe,ancestor_descendant_still_authorized,0.5,3,0.002266,0.975077,0.971807,0.000687,0.018607,0.003302,0.002236
LegalBench-RAG,1200000,1200000,Lethe,ancestor_descendant_still_authorized,0.5,4,0.003051,0.976549,0.977029,0.002507,0.011591,0.001832,0.001615
LegalBench-RAG,1200000,1200000,Lethe,ancestor_descendant_still_authorized,0.5,5,0.003531,0.980773,0.977153,0.00342,0.006362,0.001957,0.000252
LegalBench-RAG,1200000,1200000,Lethe,ancestor_descendant_still_authorized,0.5,6,0.002762,0.975335,0.976142,0.001075,0.01982,0.002736,0.002897
LegalBench-RAG,1200000,1200000,Lethe,ancestor_descendant_still_authorized,0.5,7,0.004995,0.976021,0.974695,0.003885,0.022034,0.001929,0.002259
LegalBench-RAG,1200000,1200000,Lethe,ancestor_descendant_still_authorized,0.5,8,0.003221,0.976966,0.976488,0.003045,0.018434,0.002184,0.001682
LegalBench-RAG,1200000,1200000,Lethe,ancestor_descendant_still_authorized,0.5,9,0.004762,0.979069,0.979432,0.004202,0.016576,0.004247,0.003436
LegalBench-RAG,1200000,1200000,Lethe,revoked_user,0.1,0,0.007082,0.978178,0.975693,0.006626,0.015084,0.001396,0.000245
LegalBench-RAG,1200000,1200000,Lethe,revoked_user,0.1,1,0.01117,0.976957,0.97727,0.011096,0.016492,0.002567,0.002375
LegalBench-RAG,1200000,1200000,Lethe,revoked_user,0.1,2,0.006615,0.977766,0.976135,0.005779,0.020498,0.0035,0.00237
LegalBench-RAG,1200000,1200000,Lethe,revoked_user,0.1,3,0.007404,0.97611,0.97838,0.005224,0.028516,0.002887,0.001834
LegalBench-RAG,1200000,1200000,Lethe,revoked_user,0.1,4,0.007553,0.975641,0.976451,0.004571,0.018178,0.003313,0.001838
LegalBench-RAG,1200000,1200000,Lethe,revoked_user,0.1,5,0.005922,0.974628,0.976898,0.004071,0.008554,0.001553,0.001548
LegalBench-RAG,1200000,1200000,Lethe,revoked_user,0.1,6,0.010641,0.979809,0.97604,0.007154,0.01531,0.000145,0.000397
LegalBench-RAG,1200000,1200000,Lethe,revoked_user,0.1,7,0.007282,0.97708,0.977807,0.007096,0.010846,0.001855,0.003048
LegalBench-RAG,1200000,1200000,Lethe,revoked_user,0.1,8,0.009324,0.977588,0.974639,0.008987,0.020247,0.0005,0.001008
LegalBench-RAG,1200000,1200000,Lethe,revoked_user,0.1,9,0.009679,0.982698,0.978356,0.008965,0.018593,0.002073,0.000902
LegalBench-RAG,1200000,1200000,Lethe,same_role_still_authorized,0.1,0,0.001156,0.981258,0.980771,0.001354,0.019003,0.003355,0.002145
LegalBench-RAG,1200000,1200000,Lethe,same_role_still_authorized,0.1,1,0.001707,0.977943,0.978019,0.0,0.01087,0.001218,0.000545
LegalBench-RAG,1200000,1200000,Lethe,same_role_still_authorized,0.1,2,0.002763,0.974955,0.977926,0.002141,0.014732,0.001488,0.00067
LegalBench-RAG,1200000,1200000,Lethe,same_role_still_authorized,0.1,3,0.001711,0.976718,0.978805,0.001521,0.016227,0.001308,0.000905
LegalBench-RAG,1200000,1200000,Lethe,same_role_still_authorized,0.1,4,0.001419,0.977247,0.978416,0.002713,0.012106,0.001814,0.001983
LegalBench-RAG,1200000,1200000,Lethe,same_role_still_authorized,0.1,5,0.002146,0.976756,0.978544,0.00093,0.015178,0.002157,0.002442
LegalBench-RAG,1200000,1200000,Lethe,same_role_still_authorized,0.1,6,0.002496,0.977624,0.976819,0.003036,0.014889,0.002244,0.001716
LegalBench-RAG,1200000,1200000,Lethe,same_role_still_authorized,0.1,7,0.000795,0.9766,0.978609,0.001042,0.011694,0.0,0.002749
LegalBench-RAG,1200000,1200000,Lethe,same_role_still_authorized,0.1,8,0.002403,0.976196,0.975982,5e-05,0.015062,0.001978,0.002037
LegalBench-RAG,1200000,1200000,Lethe,same_role_still_authorized,0.1,9,0.001171,0.9782,0.977171,0.001141,0.013238,0.001648,0.003548
LegalBench-RAG,1200000,1200000,Lethe,different_role_still_authorized,0.1,0,0.00287,0.974306,0.975937,0.001733,0.023699,0.000883,0.004193
LegalBench-RAG,1200000,1200000,Lethe,different_role_still_authorized,0.1,1,0.002582,0.976986,0.97944,0.002736,0.016614,0.001052,0.002945
LegalBench-RAG,1200000,1200000,Lethe,different_role_still_authorized,0.1,2,0.001568,0.977059,0.97663,0.001068,0.007363,0.003769,0.002407
LegalBench-RAG,1200000,1200000,Lethe,different_role_still_authorized,0.1,3,0.001861,0.978755,0.975828,0.00082,0.01611,0.00253,0.000847
LegalBench-RAG,1200000,1200000,Lethe,different_role_still_authorized,0.1,4,0.003129,0.977164,0.976509,0.001779,0.012971,0.002237,0.001699
LegalBench-RAG,1200000,1200000,Lethe,different_role_still_authorized,0.1,5,0.001053,0.97445,0.977196,0.001383,0.015907,0.00295,0.003249
LegalBench-RAG,1200000,1200000,Lethe,different_role_still_authorized,0.1,6,0.000815,0.977836,0.976052,0.000328,0.024306,0.002577,0.001305
LegalBench-RAG,1200000,1200000,Lethe,different_role_still_authorized,0.1,7,0.002839,0.976583,0.9748,0.001321,0.016723,0.0,0.003084
LegalBench-RAG,1200000,1200000,Lethe,different_role_still_authorized,0.1,8,0.002461,0.977002,0.976205,0.001438,0.014597,0.002312,0.000766
LegalBench-RAG,1200000,1200000,Lethe,different_role_still_authorized,0.1,9,0.002254,0.974206,0.976615,0.001403,0.018895,0.001181,0.003552
LegalBench-RAG,1200000,1200000,Lethe,ancestor_descendant_still_authorized,0.1,0,0.002324,0.976433,0.97757,0.002987,0.011949,0.001402,0.003068
LegalBench-RAG,1200000,1200000,Lethe,ancestor_descendant_still_authorized,0.1,1,0.001927,0.979676,0.979041,0.000601,0.014198,0.000963,0.001989
LegalBench-RAG,1200000,1200000,Lethe,ancestor_descendant_still_authorized,0.1,2,0.001419,0.976365,0.976942,0.0,0.007574,0.001416,0.000786
LegalBench-RAG,1200000,1200000,Lethe,ancestor_descendant_still_authorized,0.1,3,0.001337,0.981237,0.97785,0.001168,0.024789,0.001816,0.003751
LegalBench-RAG,1200000,1200000,Lethe,ancestor_descendant_still_authorized,0.1,4,0.001847,0.976377,0.975313,0.000691,0.020181,0.001732,9.1e-05
LegalBench-RAG,1200000,1200000,Lethe,ancestor_descendant_still_authorized,0.1,5,0.000555,0.977706,0.974822,0.00189,0.020138,0.002049,0.002775
LegalBench-RAG,1200000,1200000,Lethe,ancestor_descendant_still_authorized,0.1,6,0.000301,0.977721,0.978157,0.001392,0.029,0.001057,0.002618
LegalBench-RAG,1200000,1200000,Lethe,ancestor_descendant_still_authorized,0.1,7,0.000853,0.975357,0.97629,0.001499,0.016522,0.001894,0.003553
LegalBench-RAG,1200000,1200000,Lethe,ancestor_descendant_still_authorized,0.1,8,0.001685,0.977012,0.977527,0.0,0.005486,0.002094,0.001529
LegalBench-RAG,1200000,1200000,Lethe,ancestor_descendant_still_authorized,0.1,9,0.00057,0.974245,0.974307,0.000836,0.023768,0.002083,0.002537
LegalBench-RAG,1200000,1200000,Lethe,revoked_user,0.2,0,0.009587,0.978652,0.975911,0.008589,0.015941,0.003869,0.001431
LegalBench-RAG,1200000,1200000,Lethe,revoked_user,0.2,1,0.009969,0.977365,0.979184,0.006935,0.022036,0.002269,0.002128
LegalBench-RAG,1200000,1200000,Lethe,revoked_user,0.2,2,0.00759,0.978198,0.977384,0.008185,0.01694,0.002519,0.002047
LegalBench-RAG,1200000,1200000,Lethe,revoked_user,0.2,3,0.009723,0.977274,0.9769,0.006801,0.013427,0.003043,0.002814
LegalBench-RAG,1200000,1200000,Lethe,revoked_user,0.2,4,0.009284,0.977931,0.978468,0.007794,0.011401,0.003235,0.001684
LegalBench-RAG,1200000,1200000,Lethe,revoked_user,0.2,5,0.00893,0.978061,0.978949,0.008142,0.007266,0.002938,0.002578
LegalBench-RAG,1200000,1200000,Lethe,revoked_user,0.2,6,0.004516,0.976866,0.974921,0.001769,0.004551,0.001683,0.003925
LegalBench-RAG,1200000,1200000,Lethe,revoked_user,0.2,7,0.008631,0.978446,0.974369,0.005519,0.012009,0.000802,0.001576
LegalBench-RAG,1200000,1200000,Lethe,revoked_user,0.2,8,0.010127,0.977737,0.978123,0.007963,0.009675,0.003088,0.001524
LegalBench-RAG,1200000,1200000,Lethe,revoked_user,0.2,9,0.007556,0.976942,0.97656,0.005606,0.004738,0.001474,0.001003
LegalBench-RAG,1200000,1200000,Lethe,same_role_still_authorized,0.2,0,0.000511,0.974544,0.976638,0.000907,0.023923,0.001918,0.001709
LegalBench-RAG,1200000,1200000,Lethe,same_role_still_authorized,0.2,1,0.002267,0.976741,0.974473,0.001994,0.026884,0.0005,0.003048
LegalBench-RAG,1200000,1200000,Lethe,same_role_still_authorized,0.2,2,0.003646,0.976764,0.976143,0.003031,0.020559,0.001699,0.002584
LegalBench-RAG,1200000,1200000,Lethe,same_role_still_authorized,0.2,3,0.002841,0.974422,0.976192,0.001143,0.027076,0.002445,0.0
LegalBench-RAG,1200000,1200000,Lethe,same_role_still_authorized,0.2,4,0.002741,0.977536,0.974077,0.001928,0.011634,0.001962,0.001368
LegalBench-RAG,1200000,1200000,Lethe,same_role_still_authorized,0.2,5,0.001259,0.980341,0.979816,0.002671,0.007674,0.002042,0.002364
LegalBench-RAG,1200000,1200000,Lethe,same_role_still_authorized,0.2,6,0.002624,0.974538,0.975676,0.000738,0.017516,0.004511,0.002209
LegalBench-RAG,1200000,1200000,Lethe,same_role_still_authorized,0.2,7,0.001878,0.97612,0.976875,0.002362,0.010284,0.00197,0.002612
LegalBench-RAG,1200000,1200000,Lethe,same_role_still_authorized,0.2,8,0.001345,0.978775,0.978853,0.001007,0.012659,0.001256,0.001802
LegalBench-RAG,1200000,1200000,Lethe,same_role_still_authorized,0.2,9,0.000977,0.97411,0.977759,0.002302,0.029093,0.002197,0.001677
LegalBench-RAG,1200000,1200000,Lethe,different_role_still_authorized,0.2,0,0.002524,0.977063,0.977722,0.002434,0.025336,0.002109,0.002091
LegalBench-RAG,1200000,1200000,Lethe,different_role_still_authorized,0.2,1,0.002481,0.97572,0.975942,0.002337,0.014514,0.001319,0.0
LegalBench-RAG,1200000,1200000,Lethe,different_role_still_authorized,0.2,2,0.002681,0.977422,0.974791,0.002519,0.008942,0.00234,0.003175
LegalBench-RAG,1200000,1200000,Lethe,different_role_still_authorized,0.2,3,0.003317,0.978207,0.976711,0.000486,0.003313,0.001665,0.001965
LegalBench-RAG,1200000,1200000,Lethe,different_role_still_authorized,0.2,4,0.003401,0.976074,0.977358,0.002388,0.015263,0.002485,0.002228
LegalBench-RAG,1200000,1200000,Lethe,different_role_still_authorized,0.2,5,0.002026,0.978048,0.977229,0.0007,0.004562,0.000981,0.0026
LegalBench-RAG,1200000,1200000,Lethe,different_role_still_authorized,0.2,6,0.002022,0.977821,0.975868,0.002129,0.01391,0.001344,0.001472
LegalBench-RAG,1200000,1200000,Lethe,different_role_still_authorized,0.2,7,0.002622,0.976203,0.977492,0.002109,0.01446,0.001394,0.002084
LegalBench-RAG,1200000,1200000,Lethe,different_role_still_authorized,0.2,8,0.001333,0.977166,0.975518,0.0,0.015472,0.002085,0.002424
LegalBench-RAG,1200000,1200000,Lethe,different_role_still_authorized,0.2,9,0.003314,0.975778,0.976938,0.004701,0.018119,0.002467,0.002955
LegalBench-RAG,1200000,1200000,Lethe,ancestor_descendant_still_authorized,0.2,0,0.000613,0.975576,0.976114,0.001275,0.023766,0.003084,0.001498
LegalBench-RAG,1200000,1200000,Lethe,ancestor_descendant_still_authorized,0.2,1,0.001135,0.978809,0.978265,0.000737,0.016149,0.001471,0.002122
LegalBench-RAG,1200000,1200000,Lethe,ancestor_descendant_still_authorized,0.2,2,0.001262,0.974367,0.974578,0.000482,0.009556,0.000461,0.002542
LegalBench-RAG,1200000,1200000,Lethe,ancestor_descendant_still_authorized,0.2,3,0.002165,0.976159,0.974722,0.001969,0.005723,0.002053,0.002655
LegalBench-RAG,1200000,1200000,Lethe,ancestor_descendant_still_authorized,0.2,4,0.001913,0.978283,0.97586,0.001983,0.018759,0.001049,0.001747
LegalBench-RAG,1200000,1200000,Lethe,ancestor_descendant_still_authorized,0.2,5,0.00081,0.976958,0.979829,0.00155,0.023942,0.000295,0.000664
LegalBench-RAG,1200000,1200000,Lethe,ancestor_descendant_still_authorized,0.2,6,0.002104,0.976596,0.976675,0.00164,0.015232,0.002105,0.00149
LegalBench-RAG,1200000,1200000,Lethe,ancestor_descendant_still_authorized,0.2,7,0.002032,0.975272,0.976429,0.000338,0.022892,0.001496,0.002687
LegalBench-RAG,1200000,1200000,Lethe,ancestor_descendant_still_authorized,0.2,8,0.001555,0.972808,0.976884,0.0,0.018228,0.002309,0.003018
LegalBench-RAG,1200000,1200000,Lethe,ancestor_descendant_still_authorized,0.2,9,0.002302,0.977818,0.977085,0.001259,0.014836,0.0,0.002665
LegalBench-RAG,1200000,1200000,Lethe,revoked_user,0.3,0,0.007817,0.979808,0.977612,0.00631,0.001464,0.002277,0.002635
LegalBench-RAG,1200000,1200000,Lethe,revoked_user,0.3,1,0.010592,0.979172,0.975777,0.007331,0.011393,0.001873,0.002934
LegalBench-RAG,1200000,1200000,Lethe,revoked_user,0.3,2,0.011437,0.97778,0.976218,0.010547,0.025048,0.002914,0.003221
LegalBench-RAG,1200000,1200000,Lethe,revoked_user,0.3,3,0.007899,0.976997,0.977735,0.005752,0.016832,0.001399,0.001388
LegalBench-RAG,1200000,1200000,Lethe,revoked_user,0.3,4,0.011622,0.977701,0.979735,0.008487,0.009273,0.00108,0.003227
LegalBench-RAG,1200000,1200000,Lethe,revoked_user,0.3,5,0.007972,0.979001,0.977489,0.006391,0.007528,0.0,0.00312
LegalBench-RAG,1200000,1200000,Lethe,revoked_user,0.3,6,0.012289,0.976309,0.978603,0.009679,0.024623,0.002041,0.001224
LegalBench-RAG,1200000,1200000,Lethe,revoked_user,0.3,7,0.011011,0.977446,0.974721,0.009266,0.011466,0.001009,0.002482
LegalBench-RAG,1200000,1200000,Lethe,revoked_user,0.3,8,0.010756,0.974526,0.977304,0.009465,0.013403,0.000754,0.001718
LegalBench-RAG,1200000,1200000,Lethe,revoked_user,0.3,9,0.012859,0.975576,0.976315,0.010014,0.012223,0.001565,0.001075
LegalBench-RAG,1200000,1200000,Lethe,same_role_still_authorized,0.3,0,0.003059,0.976289,0.975345,0.000271,0.023772,0.001247,0.003269
LegalBench-RAG,1200000,1200000,Lethe,same_role_still_authorized,0.3,1,0.001908,0.976954,0.978747,0.0,0.014005,0.001657,0.000983
LegalBench-RAG,1200000,1200000,Lethe,same_role_still_authorized,0.3,2,0.002768,0.976253,0.973484,0.00187,0.015121,0.000741,0.002061
LegalBench-RAG,1200000,1200000,Lethe,same_role_still_authorized,0.3,3,0.002493,0.976071,0.978632,0.001053,0.010111,0.000388,0.00261
LegalBench-RAG,1200000,1200000,Lethe,same_role_still_authorized,0.3,4,0.003147,0.976943,0.974707,0.003602,0.020902,0.002716,0.002827
LegalBench-RAG,1200000,1200000,Lethe,same_role_still_authorized,0.3,5,0.001367,0.97748,0.977432,0.001224,0.019584,0.002703,0.002026
LegalBench-RAG,1200000,1200000,Lethe,same_role_still_authorized,0.3,6,0.001466,0.975383,0.975833,0.001111,0.015303,0.002085,0.0
LegalBench-RAG,1200000,1200000,Lethe,same_role_still_authorized,0.3,7,0.002252,0.974084,0.977521,0.001264,0.01328,0.002936,0.003708
LegalBench-RAG,1200000,1200000,Lethe,same_role_still_authorized,0.3,8,0.003382,0.975098,0.978744,0.002295,0.020566,0.001049,0.002174
LegalBench-RAG,1200000,1200000,Lethe,same_role_still_authorized,0.3,9,0.002778,0.977827,0.977487,0.00143,0.014954,0.002264,0.002098
LegalBench-RAG,1200000,1200000,Lethe,different_role_still_authorized,0.3,0,0.003027,0.976254,0.978763,0.003406,0.015055,0.003434,0.001657
LegalBench-RAG,1200000,1200000,Lethe,different_role_still_authorized,0.3,1,0.002085,0.976688,0.979983,0.001316,0.024088,0.001599,0.001257
LegalBench-RAG,1200000,1200000,Lethe,different_role_still_authorized,0.3,2,0.00241,0.977823,0.975808,0.002647,0.019542,0.000598,0.001585
LegalBench-RAG,1200000,1200000,Lethe,different_role_still_authorized,0.3,3,0.00226,0.976094,0.977109,3.3e-05,0.002975,0.001589,0.000767
LegalBench-RAG,1200000,1200000,Lethe,different_role_still_authorized,0.3,4,0.002643,0.975261,0.97635,0.002201,0.014633,0.002194,0.00313
LegalBench-RAG,1200000,1200000,Lethe,different_role_still_authorized,0.3,5,0.001868,0.977805,0.97739,0.002857,0.017756,0.001576,0.002
LegalBench-RAG,1200000,1200000,Lethe,different_role_still_authorized,0.3,6,0.001492,0.97704,0.977244,0.001445,0.008719,0.004481,0.0
LegalBench-RAG,1200000,1200000,Lethe,different_role_still_authorized,0.3,7,0.0,0.976344,0.977983,0.000918,0.016669,0.004609,0.001595
LegalBench-RAG,1200000,1200000,Lethe,different_role_still_authorized,0.3,8,0.002961,0.976848,0.977567,0.004619,0.015674,0.003305,0.000442
LegalBench-RAG,1200000,1200000,Lethe,different_role_still_authorized,0.3,9,0.00267,0.976126,0.976057,0.001173,0.025055,0.001424,0.001137
LegalBench-RAG,1200000,1200000,Lethe,ancestor_descendant_still_authorized,0.3,0,0.001761,0.979072,0.97939,0.001361,0.02207,0.002679,0.002791
LegalBench-RAG,1200000,1200000,Lethe,ancestor_descendant_still_authorized,0.3,1,0.000963,0.975597,0.978224,0.000741,0.006338,0.002034,0.00157
LegalBench-RAG,1200000,1200000,Lethe,ancestor_descendant_still_authorized,0.3,2,0.002348,0.977265,0.976846,0.002081,0.017469,0.004554,0.000227
LegalBench-RAG,1200000,1200000,Lethe,ancestor_descendant_still_authorized,0.3,3,0.00152,0.976002,0.97374,0.002,0.014008,0.000955,0.001805
LegalBench-RAG,1200000,1200000,Lethe,ancestor_descendant_still_authorized,0.3,4,0.0,0.979112,0.977204,0.000945,0.015743,0.002298,0.003048
LegalBench-RAG,1200000,1200000,Lethe,ancestor_descendant_still_authorized,0.3,5,0.003905,0.97772,0.979289,0.002473,0.012864,0.001097,0.000508
LegalBench-RAG,1200000,1200000,Lethe,ancestor_descendant_still_authorized,0.3,6,0.003687,0.973268,0.977862,0.003455,0.016913,0.003009,0.000965
LegalBench-RAG,1200000,1200000,Lethe,ancestor_descendant_still_authorized,0.3,7,0.001786,0.97831,0.974559,0.000354,0.004005,0.003448,0.003464
LegalBench-RAG,1200000,1200000,Lethe,ancestor_descendant_still_authorized,0.3,8,0.002283,0.977643,0.977579,0.001214,0.020046,0.001701,0.001474
LegalBench-RAG,1200000,1200000,Lethe,ancestor_descendant_still_authorized,0.3,9,0.004238,0.977377,0.978167,0.00323,0.01232,0.002823,0.002641
LegalBench-RAG,1200000,1200000,Lethe,revoked_user,0.4,0,0.014673,0.976644,0.975971,0.012374,0.012576,0.002977,0.000355
LegalBench-RAG,1200000,1200000,Lethe,revoked_user,0.4,1,0.008396,0.976356,0.977714,0.005631,0.012381,0.001642,0.002369
LegalBench-RAG,1200000,1200000,Lethe,revoked_user,0.4,2,0.014982,0.978327,0.975079,0.012855,0.014078,0.001863,0.003279
LegalBench-RAG,1200000,1200000,Lethe,revoked_user,0.4,3,0.01506,0.976325,0.978479,0.012378,0.017437,0.000271,0.002219
LegalBench-RAG,1200000,1200000,Lethe,revoked_user,0.4,4,0.008223,0.979863,0.976698,0.005881,0.020447,0.000391,0.002976
LegalBench-RAG,1200000,1200000,Lethe,revoked_user,0.4,5,0.015032,0.977605,0.976628,0.012141,0.022952,0.001187,0.00359
LegalBench-RAG,1200000,1200000,Lethe,revoked_user,0.4,6,0.014436,0.975643,0.979315,0.011806,0.016127,0.002695,0.002677
LegalBench-RAG,1200000,1200000,Lethe,revoked_user,0.4,7,0.012334,0.975625,0.977388,0.009722,0.014297,0.001945,0.001578
LegalBench-RAG,1200000,1200000,Lethe,revoked_user,0.4,8,0.014792,0.978447,0.97976,0.012186,0.008706,0.00167,0.00354
LegalBench-RAG,1200000,1200000,Lethe,revoked_user,0.4,9,0.013944,0.975931,0.978415,0.010468,0.026273,0.002612,0.002719
LegalBench-RAG,1200000,1200000,Lethe,same_role_still_authorized,0.4,0,0.00167,0.977368,0.976832,0.003291,0.028373,0.000998,0.002771
LegalBench-RAG,1200000,1200000,Lethe,same_role_still_authorized,0.4,1,0.002893,0.978513,0.974284,0.002071,0.02005,0.002107,0.001476
LegalBench-RAG,1200000,1200000,Lethe,same_role_still_authorized,0.4,2,0.001737,0.975542,0.975261,0.001652,0.002645,0.002221,0.002431
LegalBench-RAG,1200000,1200000,Lethe,same_role_still_authorized,0.4,3,0.001024,0.976562,0.978225,0.0,0.013143,0.001371,0.002871
LegalBench-RAG,1200000,1200000,Lethe,same_role_still_authorized,0.4,4,0.003855,0.978575,0.976043,0.003081,0.021105,0.003218,0.002961
LegalBench-RAG,1200000,1200000,Lethe,same_role_still_authorized,0.4,5,0.00383,0.980211,0.976499,0.002562,0.01253,0.003051,0.002547
LegalBench-RAG,1200000,1200000,Lethe,same_role_still_authorized,0.4,6,0.002463,0.976194,0.979094,0.002082,0.015319,0.000794,0.003712
LegalBench-RAG,1200000,1200000,Lethe,same_role_still_authorized,0.4,7,0.002428,0.977432,0.976606,0.002861,0.012974,0.002431,0.00374
LegalBench-RAG,1200000,1200000,Lethe,same_role_still_authorized,0.4,8,0.00212,0.975623,0.974728,0.001666,0.022264,0.002346,0.003239
LegalBench-RAG,1200000,1200000,Lethe,same_role_still_authorized,0.4,9,0.003025,0.978109,0.97526,0.003609,0.005378,0.002278,0.0018
LegalBench-RAG,1200000,1200000,Lethe,different_role_still_authorized,0.4,0,0.003529,0.975428,0.97718,0.004572,0.01255,0.001422,0.002659
LegalBench-RAG,1200000,1200000,Lethe,different_role_still_authorized,0.4,1,0.002099,0.979195,0.976062,0.002139,0.006002,0.002531,0.002414
LegalBench-RAG,1200000,1200000,Lethe,different_role_still_authorized,0.4,2,0.002305,0.979788,0.97836,0.000833,0.013428,0.003452,0.001904
LegalBench-RAG,1200000,1200000,Lethe,different_role_still_authorized,0.4,3,0.002528,0.97703,0.978891,0.004035,0.016694,0.002499,0.002189
LegalBench-RAG,1200000,1200000,Lethe,different_role_still_authorized,0.4,4,0.003327,0.977478,0.975762,0.004152,0.010376,0.002096,0.003608
LegalBench-RAG,1200000,1200000,Lethe,different_role_still_authorized,0.4,5,0.001766,0.977445,0.977324,0.000195,0.015247,0.000866,0.002765
LegalBench-RAG,1200000,1200000,Lethe,different_role_still_authorized,0.4,6,0.002984,0.976062,0.975523,0.004036,0.008376,0.001047,0.001408
LegalBench-RAG,1200000,1200000,Lethe,different_role_still_authorized,0.4,7,0.001902,0.978351,0.978152,0.000601,0.019845,0.001654,0.001991
LegalBench-RAG,1200000,1200000,Lethe,different_role_still_authorized,0.4,8,0.003761,0.979467,0.974004,0.003032,0.024294,0.002311,0.002231
LegalBench-RAG,1200000,1200000,Lethe,different_role_still_authorized,0.4,9,0.003323,0.975101,0.976,0.003532,0.01553,0.002413,0.002794
LegalBench-RAG,1200000,1200000,Lethe,ancestor_descendant_still_authorized,0.4,0,0.002598,0.980914,0.974221,0.0036,0.011009,0.002562,0.000253
LegalBench-RAG,1200000,1200000,Lethe,ancestor_descendant_still_authorized,0.4,1,0.002183,0.97867,0.975804,0.00184,0.008818,0.000883,0.000734
LegalBench-RAG,1200000,1200000,Lethe,ancestor_descendant_still_authorized,0.4,2,0.003908,0.980848,0.981335,0.003372,0.023999,0.002115,0.002746
LegalBench-RAG,1200000,1200000,Lethe,ancestor_descendant_still_authorized,0.4,3,0.001683,0.976897,0.976136,0.001982,0.023631,0.003265,0.003046
LegalBench-RAG,1200000,1200000,Lethe,ancestor_descendant_still_authorized,0.4,4,0.002852,0.978962,0.976867,0.001661,0.009974,0.000396,0.003747
LegalBench-RAG,1200000,1200000,Lethe,ancestor_descendant_still_authorized,0.4,5,0.004763,0.977676,0.978169,0.004595,0.004503,0.002475,0.000831
LegalBench-RAG,1200000,1200000,Lethe,ancestor_descendant_still_authorized,0.4,6,0.002081,0.975236,0.976947,0.0,0.015134,0.001791,0.002555
LegalBench-RAG,1200000,1200000,Lethe,ancestor_descendant_still_authorized,0.4,7,0.004108,0.978284,0.974175,0.003973,0.009267,0.001868,0.002804
LegalBench-RAG,1200000,1200000,Lethe,ancestor_descendant_still_authorized,0.4,8,0.002775,0.974729,0.97852,0.001816,0.021159,0.002047,0.003379
LegalBench-RAG,1200000,1200000,Lethe,ancestor_descendant_still_authorized,0.4,9,0.001018,0.976526,0.97687,0.00084,0.02028,0.001793,0.003586
LegalBench-RAG,1200000,1200000,Lethe,revoked_user,0.5,0,0.017046,0.976486,0.975343,0.013268,0.018566,0.001506,0.003077
LegalBench-RAG,1200000,1200000,Lethe,revoked_user,0.5,1,0.012565,0.975436,0.978968,0.010771,0.021251,0.000177,0.0
LegalBench-RAG,1200000,1200000,Lethe,revoked_user,0.5,2,0.013691,0.979889,0.977858,0.012055,0.01513,0.002912,0.003197
LegalBench-RAG,1200000,1200000,Lethe,revoked_user,0.5,3,0.014785,0.976557,0.978134,0.012676,0.013004,0.002055,0.001359
LegalBench-RAG,1200000,1200000,Lethe,revoked_user,0.5,4,0.014491,0.977777,0.976192,0.01249,0.020777,0.001723,0.002971
LegalBench-RAG,1200000,1200000,Lethe,revoked_user,0.5,5,0.014193,0.977179,0.979146,0.009379,0.018691,0.002544,0.001021
LegalBench-RAG,1200000,1200000,Lethe,revoked_user,0.5,6,0.014537,0.976666,0.977289,0.009205,0.010232,0.000674,0.002157
LegalBench-RAG,1200000,1200000,Lethe,revoked_user,0.5,7,0.016886,0.97467,0.972995,0.012718,0.017934,0.001175,0.000804
LegalBench-RAG,1200000,1200000,Lethe,revoked_user,0.5,8,0.010026,0.97522,0.976756,0.008099,0.013257,0.001463,0.003
LegalBench-RAG,1200000,1200000,Lethe,revoked_user,0.5,9,0.011281,0.979057,0.976769,0.008279,0.023763,0.000102,0.001137
LegalBench-RAG,1200000,1200000,Lethe,same_role_still_authorized,0.5,0,0.004295,0.976039,0.977471,0.002896,0.022109,0.002797,0.002644
LegalBench-RAG,1200000,1200000,Lethe,same_role_still_authorized,0.5,1,0.002952,0.976998,0.974154,0.003749,0.010063,0.002658,0.000975
LegalBench-RAG,1200000,1200000,Lethe,same_role_still_authorized,0.5,2,0.002887,0.97752,0.97507,0.002747,0.018109,0.002798,0.002201
LegalBench-RAG,1200000,1200000,Lethe,same_role_still_authorized,0.5,3,0.001509,0.97598,0.981116,0.002454,0.000496,0.000239,0.001973
LegalBench-RAG,1200000,1200000,Lethe,same_role_still_authorized,0.5,4,0.004696,0.976301,0.977294,0.003808,0.019737,0.003191,0.002905
LegalBench-RAG,1200000,1200000,Lethe,same_role_still_authorized,0.5,5,6.8e-05,0.977179,0.97534,0.000709,0.02061,0.000135,0.00223
LegalBench-RAG,1200000,1200000,Lethe,same_role_still_authorized,0.5,6,0.004253,0.974614,0.976756,0.003116,0.00809,0.000549,0.003726
LegalBench-RAG,1200000,1200000,Lethe,same_role_still_authorized,0.5,7,0.004614,0.978038,0.976982,0.003447,0.016846,0.002305,0.002221
LegalBench-RAG,1200000,1200000,Lethe,same_role_still_authorized,0.5,8,0.002603,0.977746,0.97927,1.6e-05,0.022755,0.002397,0.001922
LegalBench-RAG,1200000,1200000,Lethe,same_role_still_authorized,0.5,9,0.003145,0.977307,0.976514,0.002355,0.017468,0.001707,0.001243
LegalBench-RAG,1200000,1200000,Lethe,different_role_still_authorized,0.5,0,0.005299,0.979255,0.977356,0.003955,0.022639,0.001239,0.001608
LegalBench-RAG,1200000,1200000,Lethe,different_role_still_authorized,0.5,1,0.001121,0.97639,0.976596,0.000992,0.011838,0.003537,0.004128
LegalBench-RAG,1200000,1200000,Lethe,different_role_still_authorized,0.5,2,0.005435,0.977933,0.977555,0.003642,0.012005,0.00189,0.002142
LegalBench-RAG,1200000,1200000,Lethe,different_role_still_authorized,0.5,3,0.003497,0.976075,0.978089,0.003512,0.007431,0.001278,0.001077
LegalBench-RAG,1200000,1200000,Lethe,different_role_still_authorized,0.5,4,0.002803,0.976444,0.978426,0.001826,0.016844,0.002156,0.002586
LegalBench-RAG,1200000,1200000,Lethe,different_role_still_authorized,0.5,5,0.004756,0.97508,0.977835,0.005583,0.005567,0.001135,0.003678
LegalBench-RAG,1200000,1200000,Lethe,different_role_still_authorized,0.5,6,0.002351,0.976612,0.976607,0.001766,0.009654,0.002155,0.000467
LegalBench-RAG,1200000,1200000,Lethe,different_role_still_authorized,0.5,7,0.003919,0.974299,0.977474,0.003414,0.013354,0.00337,0.00068
LegalBench-RAG,1200000,1200000,Lethe,different_role_still_authorized,0.5,8,0.00285,0.975765,0.973695,0.002711,0.014231,0.002607,0.001753
LegalBench-RAG,1200000,1200000,Lethe,different_role_still_authorized,0.5,9,0.002359,0.977818,0.980396,0.003149,0.024546,0.002445,0.001388
LegalBench-RAG,1200000,1200000,Lethe,ancestor_descendant_still_authorized,0.5,0,0.002746,0.976516,0.977818,0.002153,0.02378,0.001759,0.000473
LegalBench-RAG,1200000,1200000,Lethe,ancestor_descendant_still_authorized,0.5,1,0.002993,0.975767,0.978505,0.003105,0.01096,0.002616,0.001496
LegalBench-RAG,1200000,1200000,Lethe,ancestor_descendant_still_authorized,0.5,2,0.002853,0.97857,0.976156,0.003062,0.010266,0.002225,0.00064
LegalBench-RAG,1200000,1200000,Lethe,ancestor_descendant_still_authorized,0.5,3,0.002209,0.974754,0.977687,0.003067,0.017938,0.002704,0.001753
LegalBench-RAG,1200000,1200000,Lethe,ancestor_descendant_still_authorized,0.5,4,0.002443,0.976164,0.976611,0.001061,0.024691,0.002239,0.001007
LegalBench-RAG,1200000,1200000,Lethe,ancestor_descendant_still_authorized,0.5,5,0.002378,0.976012,0.978439,0.001945,0.012406,0.002055,0.003014
LegalBench-RAG,1200000,1200000,Lethe,ancestor_descendant_still_authorized,0.5,6,0.003106,0.975628,0.977821,0.003557,0.012962,0.001091,0.002073
LegalBench-RAG,1200000,1200000,Lethe,ancestor_descendant_still_authorized,0.5,7,0.002405,0.976828,0.975534,0.003214,0.011288,0.001668,0.000689
LegalBench-RAG,1200000,1200000,Lethe,ancestor_descendant_still_authorized,0.5,8,0.003935,0.978447,0.976541,0.003799,0.013599,0.002885,0.00304
LegalBench-RAG,1200000,1200000,Lethe,ancestor_descendant_still_authorized,0.5,9,0.002912,0.979152,0.978578,0.002988,0.017999,0.001909,0.00157
MS-MARCO-RBAC,8000000,8000000,Lethe,revoked_user,0.1,0,0.008776,0.974846,0.973216,0.005846,0.024142,0.00333,0.002112
MS-MARCO-RBAC,8000000,8000000,Lethe,revoked_user,0.1,1,0.006613,0.971303,0.970554,0.00506,0.011888,0.001637,0.001541
MS-MARCO-RBAC,8000000,8000000,Lethe,revoked_user,0.1,2,0.005018,0.971113,0.971938,0.003082,0.013424,0.003835,0.001815
MS-MARCO-RBAC,8000000,8000000,Lethe,revoked_user,0.1,3,0.00383,0.976078,0.971092,0.004402,0.016096,0.003136,0.001447
MS-MARCO-RBAC,8000000,8000000,Lethe,revoked_user,0.1,4,0.005922,0.971039,0.973575,0.004922,0.01094,0.001304,0.00192
MS-MARCO-RBAC,8000000,8000000,Lethe,revoked_user,0.1,5,0.006241,0.97526,0.975522,0.00531,0.011749,0.002835,0.000856
MS-MARCO-RBAC,8000000,8000000,Lethe,revoked_user,0.1,6,0.009045,0.972366,0.972647,0.006715,0.015585,0.000616,0.001989
MS-MARCO-RBAC,8000000,8000000,Lethe,revoked_user,0.1,7,0.010278,0.976194,0.973703,0.008136,0.019685,0.001899,0.00152
MS-MARCO-RBAC,8000000,8000000,Lethe,revoked_user,0.1,8,0.008836,0.975835,0.969468,0.007168,0.02163,0.000601,0.001341
MS-MARCO-RBAC,8000000,8000000,Lethe,revoked_user,0.1,9,0.006812,0.973241,0.975359,0.006869,0.015892,0.002695,0.0016
MS-MARCO-RBAC,8000000,8000000,Lethe,same_role_still_authorized,0.1,0,0.002553,0.975913,0.970459,0.003426,0.020275,0.002886,0.002817
MS-MARCO-RBAC,8000000,8000000,Lethe,same_role_still_authorized,0.1,1,0.002226,0.973177,0.973041,0.002853,0.019511,0.002864,0.000875
MS-MARCO-RBAC,8000000,8000000,Lethe,same_role_still_authorized,0.1,2,0.003136,0.973665,0.973413,0.001256,0.026409,0.002004,0.003041
MS-MARCO-RBAC,8000000,8000000,Lethe,same_role_still_authorized,0.1,3,0.001901,0.974573,0.974102,0.002353,0.022891,0.001665,0.000548
MS-MARCO-RBAC,8000000,8000000,Lethe,same_role_still_authorized,0.1,4,0.00165,0.971518,0.971929,0.002323,0.026579,0.003063,0.001815
MS-MARCO-RBAC,8000000,8000000,Lethe,same_role_still_authorized,0.1,5,0.002755,0.974601,0.97228,0.000682,0.01754,0.002621,0.000283
MS-MARCO-RBAC,8000000,8000000,Lethe,same_role_still_authorized,0.1,6,0.003144,0.971483,0.975326,0.003267,0.01605,0.00109,0.002282
MS-MARCO-RBAC,8000000,8000000,Lethe,same_role_still_authorized,0.1,7,6.3e-05,0.970168,0.971425,0.001298,0.020447,0.00202,0.002156
MS-MARCO-RBAC,8000000,8000000,Lethe,same_role_still_authorized,0.1,8,0.001022,0.973924,0.97597,0.002738,0.013692,0.002192,0.002626
MS-MARCO-RBAC,8000000,8000000,Lethe,same_role_still_authorized,0.1,9,0.001923,0.974812,0.973519,0.00317,0.007051,0.000721,0.003205
MS-MARCO-RBAC,8000000,8000000,Lethe,different_role_still_authorized,0.1,0,0.001847,0.974928,0.972802,0.000208,0.010155,0.001318,0.001148
MS-MARCO-RBAC,8000000,8000000,Lethe,different_role_still_authorized,0.1,1,0.001168,0.971487,0.97207,0.002458,0.015247,0.002141,0.002041
MS-MARCO-RBAC,8000000,8000000,Lethe,different_role_still_authorized,0.1,2,0.001944,0.975723,0.974487,0.00199,0.023624,0.000452,0.003045
MS-MARCO-RBAC,8000000,8000000,Lethe,different_role_still_authorized,0.1,3,0.002648,0.974702,0.973902,0.001102,0.016231,0.003808,0.000902
MS-MARCO-RBAC,8000000,8000000,Lethe,different_role_still_authorized,0.1,4,0.003302,0.971243,0.97168,0.002708,0.019413,0.001695,0.003453
MS-MARCO-RBAC,8000000,8000000,Lethe,different_role_still_authorized,0.1,5,0.002017,0.975091,0.97315,0.002019,0.015665,0.001478,0.002582
MS-MARCO-RBAC,8000000,8000000,Lethe,different_role_still_authorized,0.1,6,0.001898,0.9704,0.97114,0.001729,0.029586,0.001571,0.002131
MS-MARCO-RBAC,8000000,8000000,Lethe,different_role_still_authorized,0.1,7,0.0,0.971075,0.974605,0.0007,0.005955,0.002577,0.0
MS-MARCO-RBAC,8000000,8000000,Lethe,different_role_still_authorized,0.1,8,0.001305,0.973112,0.972024,0.0,0.016963,0.002225,0.001783
MS-MARCO-RBAC,8000000,8000000,Lethe,different_role_still_authorized,0.1,9,0.002522,0.976789,0.973313,0.003185,0.015309,0.00104,0.001008
MS-MARCO-RBAC,8000000,8000000,Lethe,ancestor_descendant_still_authorized,0.1,0,0.0011,0.975127,0.971988,0.001323,0.010496,0.001105,0.00209
MS-MARCO-RBAC,8000000,8000000,Lethe,ancestor_descendant_still_authorized,0.1,1,0.003459,0.970722,0.973056,0.002494,0.016759,0.00243,0.000907
MS-MARCO-RBAC,8000000,8000000,Lethe,ancestor_descendant_still_authorized,0.1,2,0.001547,0.973903,0.972544,0.000661,0.007401,0.001567,0.001103
MS-MARCO-RBAC,8000000,8000000,Lethe,ancestor_descendant_still_authorized,0.1,3,0.002521,0.974297,0.972086,0.004046,0.012521,0.001894,0.002185
MS-MARCO-RBAC,8000000,8000000,Lethe,ancestor_descendant_still_authorized,0.1,4,0.002247,0.971486,0.973079,0.002993,0.005944,0.003969,0.00132
MS-MARCO-RBAC,8000000,8000000,Lethe,ancestor_descendant_still_authorized,0.1,5,0.00121,0.970926,0.972313,0.000891,0.014623,0.001393,0.002555
MS-MARCO-RBAC,8000000,8000000,Lethe,ancestor_descendant_still_authorized,0.1,6,0.000876,0.972361,0.973822,0.000585,0.018356,0.003137,0.002127
MS-MARCO-RBAC,8000000,8000000,Lethe,ancestor_descendant_still_authorized,0.1,7,0.002603,0.97276,0.974837,0.00022,0.025504,0.002477,0.000846
MS-MARCO-RBAC,8000000,8000000,Lethe,ancestor_descendant_still_authorized,0.1,8,0.000729,0.975167,0.972018,0.000432,0.020549,0.001799,0.0036
MS-MARCO-RBAC,8000000,8000000,Lethe,ancestor_descendant_still_authorized,0.1,9,0.003048,0.972119,0.971355,0.003087,0.011829,0.003278,0.001772
MS-MARCO-RBAC,8000000,8000000,Lethe,revoked_user,0.2,0,0.006805,0.975613,0.972849,0.005265,0.017505,0.00068,0.001512
MS-MARCO-RBAC,8000000,8000000,Lethe,revoked_user,0.2,1,0.010532,0.97221,0.972684,0.008798,0.015654,0.002352,0.003121
MS-MARCO-RBAC,8000000,8000000,Lethe,revoked_user,0.2,2,0.008164,0.973325,0.96955,0.006586,0.015026,0.002441,0.002431
MS-MARCO-RBAC,8000000,8000000,Lethe,revoked_user,0.2,3,0.008756,0.974149,0.97248,0.006003,0.012479,0.000946,0.001949
MS-MARCO-RBAC,8000000,8000000,Lethe,revoked_user,0.2,4,0.008393,0.970124,0.974634,0.006891,0.010466,0.000588,0.002166
MS-MARCO-RBAC,8000000,8000000,Lethe,revoked_user,0.2,5,0.010546,0.97189,0.97395,0.008227,0.01091,0.00329,0.0
MS-MARCO-RBAC,8000000,8000000,Lethe,revoked_user,0.2,6,0.007177,0.974228,0.97389,0.00662,0.00687,0.002126,0.001318
MS-MARCO-RBAC,8000000,8000000,Lethe,revoked_user,0.2,7,0.011305,0.972492,0.972293,0.009372,0.015771,0.001701,0.001665
MS-MARCO-RBAC,8000000,8000000,Lethe,revoked_user,0.2,8,0.012955,0.973107,0.974386,0.009991,0.0,0.001777,0.001185
MS-MARCO-RBAC,8000000,8000000,Lethe,revoked_user,0.2,9,0.009868,0.97332,0.971696,0.007507,0.016741,0.000615,0.001983
MS-MARCO-RBAC,8000000,8000000,Lethe,same_role_still_authorized,0.2,0,0.001507,0.971793,0.973644,0.000577,0.010862,0.000319,0.001512
MS-MARCO-RBAC,8000000,8000000,Lethe,same_role_still_authorized,0.2,1,0.003254,0.973184,0.971638,0.002655,0.0,0.001783,0.001488
MS-MARCO-RBAC,8000000,8000000,Lethe,same_role_still_authorized,0.2,2,0.00254,0.972127,0.973674,0.001702,0.020093,0.002205,0.001583
MS-MARCO-RBAC,8000000,8000000,Lethe,same_role_still_authorized,0.2,3,0.002174,0.971307,0.973222,0.001194,0.021481,0.003413,0.001894
MS-MARCO-RBAC,8000000,8000000,Lethe,same_role_still_authorized,0.2,4,0.001673,0.971406,0.972769,0.003468,0.010526,0.004601,0.0
MS-MARCO-RBAC,8000000,8000000,Lethe,same_role_still_authorized,0.2,5,0.002862,0.975138,0.9762,0.001217,0.013624,0.002915,0.001336
MS-MARCO-RBAC,8000000,8000000,Lethe,same_role_still_authorized,0.2,6,0.003277,0.972931,0.97617,0.000326,0.01103,0.003339,0.001857
MS-MARCO-RBAC,8000000,8000000,Lethe,same_role_still_authorized,0.2,7,0.00191,0.974784,0.973557,5.9e-05,0.004962,0.001047,0.002151
MS-MARCO-RBAC,8000000,8000000,Lethe,same_role_still_authorized,0.2,8,0.001841,0.97263,0.973671,0.003514,0.011744,0.002241,0.000856
MS-MARCO-RBAC,8000000,8000000,Lethe,same_role_still_authorized,0.2,9,0.00128,0.972959,0.973315,0.001089,0.012916,0.001918,0.001085
MS-MARCO-RBAC,8000000,8000000,Lethe,different_role_still_authorized,0.2,0,0.003217,0.972584,0.971289,0.003481,0.02316,0.003065,0.002182
MS-MARCO-RBAC,8000000,8000000,Lethe,different_role_still_authorized,0.2,1,0.00202,0.971756,0.973506,0.000389,0.019068,0.002769,0.00312
MS-MARCO-RBAC,8000000,8000000,Lethe,different_role_still_authorized,0.2,2,0.000568,0.971006,0.974451,0.001558,0.021212,0.002369,0.00095
MS-MARCO-RBAC,8000000,8000000,Lethe,different_role_still_authorized,0.2,3,0.004138,0.97248,0.97342,0.003658,0.022738,0.003026,0.002381
MS-MARCO-RBAC,8000000,8000000,Lethe,different_role_still_authorized,0.2,4,0.001306,0.974422,0.971354,0.002318,0.012575,0.001727,0.000922
MS-MARCO-RBAC,8000000,8000000,Lethe,different_role_still_authorized,0.2,5,0.001634,0.96968,0.972554,0.001241,0.009028,0.00263,0.001658
MS-MARCO-RBAC,8000000,8000000,Lethe,different_role_still_authorized,0.2,6,0.00222,0.972385,0.970335,0.002186,0.021232,0.00134,0.001588
MS-MARCO-RBAC,8000000,8000000,Lethe,different_role_still_authorized,0.2,7,0.003271,0.974298,0.973572,0.001707,0.016901,0.00212,0.002633
MS-MARCO-RBAC,8000000,8000000,Lethe,different_role_still_authorized,0.2,8,0.0,0.97492,0.972157,7.3e-05,0.015375,0.001167,0.001438
MS-MARCO-RBAC,8000000,8000000,Lethe,different_role_still_authorized,0.2,9,0.003573,0.97324,0.973635,0.001677,0.016288,0.003071,0.0
MS-MARCO-RBAC,8000000,8000000,Lethe,ancestor_descendant_still_authorized,0.2,0,0.002626,0.971617,0.973283,0.001671,0.025192,0.00176,0.000456
MS-MARCO-RBAC,8000000,8000000,Lethe,ancestor_descendant_still_authorized,0.2,1,0.001339,0.97153,0.973404,0.000391,0.02335,0.0,0.004021
MS-MARCO-RBAC,8000000,8000000,Lethe,ancestor_descendant_still_authorized,0.2,2,0.001395,0.973918,0.973345,0.0,0.006533,0.002348,0.001239
MS-MARCO-RBAC,8000000,8000000,Lethe,ancestor_descendant_still_authorized,0.2,3,0.000659,0.974482,0.973531,0.00106,0.012037,0.003612,0.002692
MS-MARCO-RBAC,8000000,8000000,Lethe,ancestor_descendant_still_authorized,0.2,4,0.001438,0.970657,0.973905,0.001995,0.014959,0.001481,0.003191
MS-MARCO-RBAC,8000000,8000000,Lethe,ancestor_descendant_still_authorized,0.2,5,0.00061,0.971943,0.975563,0.000841,0.018828,0.002586,0.001603
MS-MARCO-RBAC,8000000,8000000,Lethe,ancestor_descendant_still_authorized,0.2,6,0.001254,0.971632,0.97533,0.0,0.020746,0.00181,0.003247
MS-MARCO-RBAC,8000000,8000000,Lethe,ancestor_descendant_still_authorized,0.2,7,0.001426,0.971149,0.972546,0.000558,0.020064,0.002822,0.002934
MS-MARCO-RBAC,8000000,8000000,Lethe,ancestor_descendant_still_authorized,0.2,8,0.000826,0.974655,0.971753,0.001882,0.015986,0.000232,0.0
MS-MARCO-RBAC,8000000,8000000,Lethe,ancestor_descendant_still_authorized,0.2,9,0.000777,0.973777,0.972887,0.00218,0.016172,0.001099,0.002015
MS-MARCO-RBAC,8000000,8000000,Lethe,revoked_user,0.3,0,0.00981,0.972365,0.971863,0.008973,0.0244,0.001983,0.001242
MS-MARCO-RBAC,8000000,8000000,Lethe,revoked_user,0.3,1,0.00728,0.973744,0.973165,0.005962,0.010453,0.000411,0.001774
MS-MARCO-RBAC,8000000,8000000,Lethe,revoked_user,0.3,2,0.009543,0.972383,0.970022,0.008535,0.017035,0.003854,0.002647
MS-MARCO-RBAC,8000000,8000000,Lethe,revoked_user,0.3,3,0.011808,0.973215,0.973348,0.009353,0.01382,0.00331,0.001978
MS-MARCO-RBAC,8000000,8000000,Lethe,revoked_user,0.3,4,0.009532,0.976315,0.971646,0.007784,0.015116,0.001417,0.001985
MS-MARCO-RBAC,8000000,8000000,Lethe,revoked_user,0.3,5,0.011678,0.973713,0.972492,0.009177,0.017162,0.000354,0.002304
MS-MARCO-RBAC,8000000,8000000,Lethe,revoked_user,0.3,6,0.009237,0.972585,0.973956,0.007618,0.014309,0.002203,0.0023
MS-MARCO-RBAC,8000000,8000000,Lethe,revoked_user,0.3,7,0.012558,0.972377,0.973151,0.009736,0.013894,0.001552,0.000615
MS-MARCO-RBAC,8000000,8000000,Lethe,revoked_user,0.3,8,0.01414,0.973662,0.974627,0.011081,0.010285,0.001903,0.004132
MS-MARCO-RBAC,8000000,8000000,Lethe,revoked_user,0.3,9,0.009641,0.975095,0.973346,0.00801,0.016318,0.002902,0.0
MS-MARCO-RBAC,8000000,8000000,Lethe,same_role_still_authorized,0.3,0,0.001754,0.971292,0.973026,0.003269,0.021898,0.001065,0.002572
MS-MARCO-RBAC,8000000,8000000,Lethe,same_role_still_authorized,0.3,1,0.003496,0.971404,0.975058,0.004254,0.020689,0.002266,0.002244
MS-MARCO-RBAC,8000000,8000000,Lethe,same_role_still_authorized,0.3,2,0.002216,0.972742,0.974246,0.001239,0.028891,0.001647,0.003348
MS-MARCO-RBAC,8000000,8000000,Lethe,same_role_still_authorized,0.3,3,0.002443,0.973328,0.972664,0.002687,0.018308,0.002274,0.003106
MS-MARCO-RBAC,8000000,8000000,Lethe,same_role_still_authorized,0.3,4,0.002128,0.972149,0.972585,0.0004,0.011929,0.001068,0.001162
MS-MARCO-RBAC,8000000,8000000,Lethe,same_role_still_authorized,0.3,5,0.002139,0.97144,0.971875,0.003107,0.020905,0.002517,0.001475
MS-MARCO-RBAC,8000000,8000000,Lethe,same_role_still_authorized,0.3,6,0.002613,0.971136,0.971917,0.001589,0.014749,0.002506,0.003698
MS-MARCO-RBAC,8000000,8000000,Lethe,same_role_still_authorized,0.3,7,0.002816,0.972118,0.971561,0.001493,0.006937,0.002914,0.000782
MS-MARCO-RBAC,8000000,8000000,Lethe,same_role_still_authorized,0.3,8,0.002964,0.972006,0.974483,0.003152,0.017161,0.001311,0.001419
MS-MARCO-RBAC,8000000,8000000,Lethe,same_role_still_authorized,0.3,9,0.003334,0.971722,0.974057,0.001089,0.015495,0.002791,0.003399
MS-MARCO-RBAC,8000000,8000000,Lethe,different_role_still_authorized,0.3,0,0.00399,0.975095,0.974477,0.00309,0.021505,0.000788,0.001758
MS-MARCO-RBAC,8000000,8000000,Lethe,different_role_still_authorized,0.3,1,0.002986,0.974713,0.974203,0.002322,0.02167,0.002353,0.001801
MS-MARCO-RBAC,8000000,8000000,Lethe,different_role_still_authorized,0.3,2,0.000182,0.969822,0.97407,0.0,0.012471,0.001034,0.003152
MS-MARCO-RBAC,8000000,8000000,Lethe,different_role_still_authorized,0.3,3,0.002845,0.972641,0.973407,0.002705,0.012013,0.003069,0.002668
MS-MARCO-RBAC,8000000,8000000,Lethe,different_role_still_authorized,0.3,4,0.001973,0.974092,0.969621,0.000712,0.010751,0.003361,0.002718
MS-MARCO-RBAC,8000000,8000000,Lethe,different_role_still_authorized,0.3,5,0.002137,0.970573,0.974336,0.002381,0.016932,0.001207,0.002079
MS-MARCO-RBAC,8000000,8000000,Lethe,different_role_still_authorized,0.3,6,0.000552,0.976196,0.974244,0.0,0.020736,0.001458,0.002054
MS-MARCO-RBAC,8000000,8000000,Lethe,different_role_still_authorized,0.3,7,0.002184,0.97287,0.9728,0.001626,0.017578,0.00257,0.000468
MS-MARCO-RBAC,8000000,8000000,Lethe,different_role_still_authorized,0.3,8,0.000456,0.972149,0.973252,0.000613,0.023098,0.001442,0.002206
MS-MARCO-RBAC,8000000,8000000,Lethe,different_role_still_authorized,0.3,9,0.002125,0.970942,0.973467,0.000687,0.01613,0.004149,0.002918
MS-MARCO-RBAC,8000000,8000000,Lethe,ancestor_descendant_still_authorized,0.3,0,0.000881,0.97274,0.973607,0.000697,0.012745,0.002528,0.002686
MS-MARCO-RBAC,8000000,8000000,Lethe,ancestor_descendant_still_authorized,0.3,1,0.002515,0.97365,0.970772,0.002338,0.003856,0.002448,0.002809
MS-MARCO-RBAC,8000000,8000000,Lethe,ancestor_descendant_still_authorized,0.3,2,0.00246,0.973498,0.976211,0.001484,0.020688,0.000768,0.001633
MS-MARCO-RBAC,8000000,8000000,Lethe,ancestor_descendant_still_authorized,0.3,3,0.003028,0.971963,0.974449,0.003233,0.025403,0.003641,0.001814
MS-MARCO-RBAC,8000000,8000000,Lethe,ancestor_descendant_still_authorized,0.3,4,0.001211,0.972027,0.973293,0.001664,0.017561,0.001039,0.000299
MS-MARCO-RBAC,8000000,8000000,Lethe,ancestor_descendant_still_authorized,0.3,5,0.002578,0.9717,0.972058,0.00083,0.013408,0.001448,0.004056
MS-MARCO-RBAC,8000000,8000000,Lethe,ancestor_descendant_still_authorized,0.3,6,0.004027,0.971296,0.973189,0.004555,0.0,0.00039,0.003725
MS-MARCO-RBAC,8000000,8000000,Lethe,ancestor_descendant_still_authorized,0.3,7,0.002347,0.973362,0.974322,0.003086,0.010229,0.001244,0.003113
MS-MARCO-RBAC,8000000,8000000,Lethe,ancestor_descendant_still_authorized,0.3,8,0.001979,0.972486,0.974773,0.001376,0.010143,0.001533,0.001917
MS-MARCO-RBAC,8000000,8000000,Lethe,ancestor_descendant_still_authorized,0.3,9,0.003113,0.973418,0.975443,0.000913,0.008227,0.002357,0.00112
MS-MARCO-RBAC,8000000,8000000,Lethe,revoked_user,0.4,0,0.010711,0.973163,0.974921,0.008717,0.017509,0.00272,0.002921
MS-MARCO-RBAC,8000000,8000000,Lethe,revoked_user,0.4,1,0.013297,0.971994,0.973532,0.010664,0.016986,0.000182,0.002066
MS-MARCO-RBAC,8000000,8000000,Lethe,revoked_user,0.4,2,0.012453,0.973752,0.974411,0.009189,0.011968,0.002328,0.002318
MS-MARCO-RBAC,8000000,8000000,Lethe,revoked_user,0.4,3,0.00902,0.973828,0.975323,0.006922,0.023291,0.002757,0.002417
MS-MARCO-RBAC,8000000,8000000,Lethe,revoked_user,0.4,4,0.013866,0.973271,0.970744,0.012217,0.030461,0.003406,0.002436
MS-MARCO-RBAC,8000000,8000000,Lethe,revoked_user,0.4,5,0.009351,0.974397,0.971564,0.006297,0.018028,0.004133,0.000761
MS-MARCO-RBAC,8000000,8000000,Lethe,revoked_user,0.4,6,0.011472,0.97217,0.974114,0.010122,0.016062,0.002138,0.002528
MS-MARCO-RBAC,8000000,8000000,Lethe,revoked_user,0.4,7,0.013725,0.971571,0.971449,0.012153,0.005445,0.000533,0.002266
MS-MARCO-RBAC,8000000,8000000,Lethe,revoked_user,0.4,8,0.014939,0.973197,0.974163,0.012947,0.00939,0.000343,0.002077
MS-MARCO-RBAC,8000000,8000000,Lethe,revoked_user,0.4,9,0.017555,0.974603,0.972525,0.015036,0.008068,0.002245,0.004045
MS-MARCO-RBAC,8000000,8000000,Lethe,same_role_still_authorized,0.4,0,0.004452,0.97008,0.973754,0.00603,0.018298,0.0,0.003085
MS-MARCO-RBAC,8000000,8000000,Lethe,same_role_still_authorized,0.4,1,0.003923,0.972904,0.973399,0.003328,0.018992,5e-05,0.000874
MS-MARCO-RBAC,8000000,8000000,Lethe,same_role_still_authorized,0.4,2,0.001969,0.971834,0.9711,0.001523,0.011865,0.002204,0.001926
MS-MARCO-RBAC,8000000,8000000,Lethe,same_role_still_authorized,0.4,3,0.00392,0.975322,0.971813,0.003303,0.012913,0.000258,0.001993
MS-MARCO-RBAC,8000000,8000000,Lethe,same_role_still_authorized,0.4,4,0.002975,0.969425,0.97246,0.00052,0.012419,0.002777,0.0
MS-MARCO-RBAC,8000000,8000000,Lethe,same_role_still_authorized,0.4,5,0.002156,0.974503,0.972054,0.002985,0.018555,0.002379,0.000988
MS-MARCO-RBAC,8000000,8000000,Lethe,same_role_still_authorized,0.4,6,0.002843,0.973803,0.971491,0.002575,0.002497,0.003813,0.001816
MS-MARCO-RBAC,8000000,8000000,Lethe,same_role_still_authorized,0.4,7,0.002932,0.973963,0.973658,0.00371,0.015349,0.00215,0.001955
MS-MARCO-RBAC,8000000,8000000,Lethe,same_role_still_authorized,0.4,8,0.001117,0.971489,0.972639,0.0,0.026078,0.001958,0.004262
MS-MARCO-RBAC,8000000,8000000,Lethe,same_role_still_authorized,0.4,9,0.001609,0.975151,0.97426,0.001199,0.016047,0.002675,0.001096
MS-MARCO-RBAC,8000000,8000000,Lethe,different_role_still_authorized,0.4,0,0.002724,0.972065,0.971471,0.002669,0.0,0.003161,0.002099
MS-MARCO-RBAC,8000000,8000000,Lethe,different_role_still_authorized,0.4,1,0.003811,0.971437,0.972142,0.001606,0.008307,0.000501,0.000413
MS-MARCO-RBAC,8000000,8000000,Lethe,different_role_still_authorized,0.4,2,0.002976,0.97225,0.972437,0.003388,0.014045,0.001844,0.001772
MS-MARCO-RBAC,8000000,8000000,Lethe,different_role_still_authorized,0.4,3,0.001206,0.97617,0.974004,0.0,0.024527,0.001119,0.003482
MS-MARCO-RBAC,8000000,8000000,Lethe,different_role_still_authorized,0.4,4,0.001499,0.974219,0.973631,0.001664,0.007403,0.00288,0.001776
MS-MARCO-RBAC,8000000,8000000,Lethe,different_role_still_authorized,0.4,5,0.002437,0.970205,0.972517,0.002575,0.007776,0.001668,0.002654
MS-MARCO-RBAC,8000000,8000000,Lethe,different_role_still_authorized,0.4,6,0.003322,0.974018,0.972122,0.001149,0.0232,0.001689,0.00115
MS-MARCO-RBAC,8000000,8000000,Lethe,different_role_still_authorized,0.4,7,0.003493,0.974924,0.97248,0.003529,0.009941,0.001071,0.003261
MS-MARCO-RBAC,8000000,8000000,Lethe,different_role_still_authorized,0.4,8,0.002523,0.971783,0.972302,0.001063,0.015768,0.0,0.002083
MS-MARCO-RBAC,8000000,8000000,Lethe,different_role_still_authorized,0.4,9,0.003917,0.972881,0.973013,0.004216,0.017662,0.001489,0.002413
MS-MARCO-RBAC,8000000,8000000,Lethe,ancestor_descendant_still_authorized,0.4,0,0.003995,0.971987,0.976772,0.003364,0.026799,0.003227,0.002883
MS-MARCO-RBAC,8000000,8000000,Lethe,ancestor_descendant_still_authorized,0.4,1,0.002774,0.973546,0.970748,0.000989,0.010972,0.001714,0.000861
MS-MARCO-RBAC,8000000,8000000,Lethe,ancestor_descendant_still_authorized,0.4,2,0.002106,0.97387,0.974644,0.002377,0.014074,0.003744,0.001626
MS-MARCO-RBAC,8000000,8000000,Lethe,ancestor_descendant_still_authorized,0.4,3,0.001711,0.974891,0.972219,0.001486,0.010375,0.001883,0.000315
MS-MARCO-RBAC,8000000,8000000,Lethe,ancestor_descendant_still_authorized,0.4,4,0.003321,0.972418,0.971527,0.003867,0.017499,0.001464,0.002168
MS-MARCO-RBAC,8000000,8000000,Lethe,ancestor_descendant_still_authorized,0.4,5,0.000521,0.971134,0.972288,0.001063,0.017919,0.001872,0.003825
MS-MARCO-RBAC,8000000,8000000,Lethe,ancestor_descendant_still_authorized,0.4,6,0.002183,0.973508,0.970873,0.00246,0.011143,0.002294,0.000826
MS-MARCO-RBAC,8000000,8000000,Lethe,ancestor_descendant_still_authorized,0.4,7,0.002711,0.972179,0.972997,0.001945,0.007336,0.002705,0.001958
MS-MARCO-RBAC,8000000,8000000,Lethe,ancestor_descendant_still_authorized,0.4,8,0.003542,0.971596,0.973533,0.004152,0.01792,0.003957,0.000322
MS-MARCO-RBAC,8000000,8000000,Lethe,ancestor_descendant_still_authorized,0.4,9,0.004007,0.971243,0.974279,0.002598,0.004365,0.002836,0.0
MS-MARCO-RBAC,8000000,8000000,Lethe,revoked_user,0.5,0,0.014859,0.97438,0.975013,0.00984,0.015061,0.000152,0.002184
MS-MARCO-RBAC,8000000,8000000,Lethe,revoked_user,0.5,1,0.015564,0.971838,0.974422,0.012953,0.008425,0.003769,0.003906
MS-MARCO-RBAC,8000000,8000000,Lethe,revoked_user,0.5,2,0.014839,0.975538,0.971701,0.010961,0.017943,0.002272,0.001764
MS-MARCO-RBAC,8000000,8000000,Lethe,revoked_user,0.5,3,0.01062,0.97324,0.971508,0.008441,0.014516,0.001398,0.001087
MS-MARCO-RBAC,8000000,8000000,Lethe,revoked_user,0.5,4,0.012909,0.972055,0.97177,0.008488,0.013427,0.00016,0.002511
MS-MARCO-RBAC,8000000,8000000,Lethe,revoked_user,0.5,5,0.013545,0.97332,0.975077,0.00967,0.010039,0.002523,0.001142
MS-MARCO-RBAC,8000000,8000000,Lethe,revoked_user,0.5,6,0.011931,0.972246,0.973028,0.009894,0.009541,0.002389,0.002619
MS-MARCO-RBAC,8000000,8000000,Lethe,revoked_user,0.5,7,0.013667,0.97037,0.973126,0.011392,0.010429,0.002245,0.003126
MS-MARCO-RBAC,8000000,8000000,Lethe,revoked_user,0.5,8,0.014363,0.970675,0.971669,0.010467,0.008524,0.000286,0.000555
MS-MARCO-RBAC,8000000,8000000,Lethe,revoked_user,0.5,9,0.017246,0.974434,0.973079,0.012269,0.006356,0.00428,0.0
MS-MARCO-RBAC,8000000,8000000,Lethe,same_role_still_authorized,0.5,0,0.00153,0.974333,0.974571,0.00094,0.019244,0.001503,0.001298
MS-MARCO-RBAC,8000000,8000000,Lethe,same_role_still_authorized,0.5,1,0.003685,0.972624,0.973949,0.002382,0.013885,0.000825,0.002309
MS-MARCO-RBAC,8000000,8000000,Lethe,same_role_still_authorized,0.5,2,0.003636,0.972209,0.974062,0.004798,0.012271,0.00279,0.001603
MS-MARCO-RBAC,8000000,8000000,Lethe,same_role_still_authorized,0.5,3,0.002235,0.972019,0.97168,0.002601,0.014018,0.002698,0.000725
MS-MARCO-RBAC,8000000,8000000,Lethe,same_role_still_authorized,0.5,4,0.002063,0.969746,0.976126,0.001365,0.019862,0.000847,0.000686
MS-MARCO-RBAC,8000000,8000000,Lethe,same_role_still_authorized,0.5,5,0.002817,0.976039,0.975044,0.00451,0.010492,0.001435,0.002387
MS-MARCO-RBAC,8000000,8000000,Lethe,same_role_still_authorized,0.5,6,0.005047,0.973246,0.976386,0.004078,0.027355,0.002486,0.001347
MS-MARCO-RBAC,8000000,8000000,Lethe,same_role_still_authorized,0.5,7,0.001579,0.973017,0.973869,0.001928,0.008421,0.000939,0.001103
MS-MARCO-RBAC,8000000,8000000,Lethe,same_role_still_authorized,0.5,8,0.001109,0.973388,0.973357,0.001788,0.009621,0.0026,0.002289
MS-MARCO-RBAC,8000000,8000000,Lethe,same_role_still_authorized,0.5,9,0.003919,0.97228,0.975546,0.00178,0.022354,0.001759,0.00156
MS-MARCO-RBAC,8000000,8000000,Lethe,different_role_still_authorized,0.5,0,0.002812,0.972883,0.974794,0.001755,0.00606,0.00192,0.002372
MS-MARCO-RBAC,8000000,8000000,Lethe,different_role_still_authorized,0.5,1,0.003436,0.968471,0.973953,0.002803,0.014166,0.001982,0.0015
MS-MARCO-RBAC,8000000,8000000,Lethe,different_role_still_authorized,0.5,2,0.004055,0.973407,0.974629,0.003146,0.013548,0.002298,0.003317
MS-MARCO-RBAC,8000000,8000000,Lethe,different_role_still_authorized,0.5,3,0.001615,0.974747,0.972865,0.001239,0.014957,0.002389,0.000161
MS-MARCO-RBAC,8000000,8000000,Lethe,different_role_still_authorized,0.5,4,0.00315,0.971014,0.973116,0.001732,0.006278,0.002208,0.001273
MS-MARCO-RBAC,8000000,8000000,Lethe,different_role_still_authorized,0.5,5,0.004109,0.975272,0.972689,0.004897,0.015393,0.000826,9.9e-05
MS-MARCO-RBAC,8000000,8000000,Lethe,different_role_still_authorized,0.5,6,0.00379,0.97201,0.975693,0.003221,0.015723,0.002136,0.002026
MS-MARCO-RBAC,8000000,8000000,Lethe,different_role_still_authorized,0.5,7,0.003445,0.971952,0.9735,0.003411,0.017949,0.00328,0.001769
MS-MARCO-RBAC,8000000,8000000,Lethe,different_role_still_authorized,0.5,8,0.004089,0.972928,0.971675,0.001679,0.010561,0.002238,0.001507
MS-MARCO-RBAC,8000000,8000000,Lethe,different_role_still_authorized,0.5,9,0.003714,0.973128,0.974053,0.003857,0.025748,0.001899,0.002547
MS-MARCO-RBAC,8000000,8000000,Lethe,ancestor_descendant_still_authorized,0.5,0,0.00339,0.973267,0.973851,0.001055,0.013692,0.001538,0.004783
MS-MARCO-RBAC,8000000,8000000,Lethe,ancestor_descendant_still_authorized,0.5,1,0.001989,0.973174,0.972059,0.003085,0.019163,0.002543,0.003655
MS-MARCO-RBAC,8000000,8000000,Lethe,ancestor_descendant_still_authorized,0.5,2,0.004237,0.97514,0.974334,0.003754,0.012086,0.002926,0.001228
MS-MARCO-RBAC,8000000,8000000,Lethe,ancestor_descendant_still_authorized,0.5,3,0.002661,0.973682,0.974877,0.002165,0.021309,0.002464,0.003623
MS-MARCO-RBAC,8000000,8000000,Lethe,ancestor_descendant_still_authorized,0.5,4,0.003338,0.97427,0.972474,0.002603,0.023895,0.002034,0.000804
MS-MARCO-RBAC,8000000,8000000,Lethe,ancestor_descendant_still_authorized,0.5,5,0.002986,0.972219,0.971573,0.001852,0.013521,0.002045,0.002504
MS-MARCO-RBAC,8000000,8000000,Lethe,ancestor_descendant_still_authorized,0.5,6,0.003702,0.974031,0.97412,0.003035,0.016921,0.002134,0.001697
MS-MARCO-RBAC,8000000,8000000,Lethe,ancestor_descendant_still_authorized,0.5,7,0.003169,0.973094,0.972277,0.002838,0.010997,0.0025,0.005199
MS-MARCO-RBAC,8000000,8000000,Lethe,ancestor_descendant_still_authorized,0.5,8,0.001934,0.975053,0.973504,0.0026,0.007316,0.002791,0.004645
MS-MARCO-RBAC,8000000,8000000,Lethe,ancestor_descendant_still_authorized,0.5,9,0.003341,0.974248,0.973125,0.002558,0.016204,0.00187,0.000961
MS-MARCO-RBAC,8000000,8000000,Lethe,revoked_user,0.1,0,0.005635,0.972535,0.974285,0.003702,0.018135,0.002431,0.002156
MS-MARCO-RBAC,8000000,8000000,Lethe,revoked_user,0.1,1,0.007017,0.972596,0.974815,0.005969,0.014476,0.002041,0.002843
MS-MARCO-RBAC,8000000,8000000,Lethe,revoked_user,0.1,2,0.007051,0.972283,0.972254,0.005446,0.021811,0.002376,0.002177
MS-MARCO-RBAC,8000000,8000000,Lethe,revoked_user,0.1,3,0.007872,0.973654,0.972073,0.005325,0.01335,0.001792,0.001693
MS-MARCO-RBAC,8000000,8000000,Lethe,revoked_user,0.1,4,0.009388,0.973156,0.973128,0.008354,0.012488,0.000717,0.001424
MS-MARCO-RBAC,8000000,8000000,Lethe,revoked_user,0.1,5,0.006812,0.972849,0.972879,0.007105,0.01417,0.002199,0.001639
MS-MARCO-RBAC,8000000,8000000,Lethe,revoked_user,0.1,6,0.00672,0.973123,0.973514,0.007081,0.008162,0.004282,0.002083
MS-MARCO-RBAC,8000000,8000000,Lethe,revoked_user,0.1,7,0.007767,0.973621,0.972755,0.007533,0.021077,0.003577,0.002942
MS-MARCO-RBAC,8000000,8000000,Lethe,revoked_user,0.1,8,0.008079,0.972123,0.975182,0.006508,0.026909,0.000915,0.000465
MS-MARCO-RBAC,8000000,8000000,Lethe,revoked_user,0.1,9,0.006326,0.972991,0.970696,0.003908,0.003506,0.002053,0.002623
MS-MARCO-RBAC,8000000,8000000,Lethe,same_role_still_authorized,0.1,0,0.025572,0.97524,0.973155,0.021824,0.02007,0.002436,0.001719
MS-MARCO-RBAC,8000000,8000000,Lethe,same_role_still_authorized,0.1,1,0.031897,0.973935,0.974004,0.025224,0.011793,0.002183,0.000455
MS-MARCO-RBAC,8000000,8000000,Lethe,same_role_still_authorized,0.1,2,0.030215,0.973805,0.971959,0.024149,0.013212,0.001869,0.002496
MS-MARCO-RBAC,8000000,8000000,Lethe,same_role_still_authorized,0.1,3,0.02716,0.974991,0.973959,0.021254,0.019946,0.002002,0.001596
MS-MARCO-RBAC,8000000,8000000,Lethe,same_role_still_authorized,0.1,4,0.031636,0.973931,0.971745,0.025537,0.01868,0.000984,0.002835
MS-MARCO-RBAC,8000000,8000000,Lethe,same_role_still_authorized,0.1,5,0.030799,0.97362,0.971536,0.02619,0.0084,0.000735,0.00371
MS-MARCO-RBAC,8000000,8000000,Lethe,same_role_still_authorized,0.1,6,0.032511,0.973277,0.973759,0.025798,0.007235,0.003007,0.001871
MS-MARCO-RBAC,8000000,8000000,Lethe,same_role_still_authorized,0.1,7,0.031791,0.973602,0.970483,0.025678,0.021614,0.001631,0.002377
MS-MARCO-RBAC,8000000,8000000,Lethe,same_role_still_authorized,0.1,8,0.032644,0.976244,0.97296,0.027015,0.018989,0.003286,0.001108
MS-MARCO-RBAC,8000000,8000000,Lethe,same_role_still_authorized,0.1,9,0.034832,0.972225,0.97357,0.027868,0.016662,0.001144,0.003314
MS-MARCO-RBAC,8000000,8000000,Lethe,different_role_still_authorized,0.1,0,0.000948,0.969939,0.972167,0.000928,0.020226,0.000844,0.002471
MS-MARCO-RBAC,8000000,8000000,Lethe,different_role_still_authorized,0.1,1,0.000392,0.972,0.974378,0.001199,0.010514,0.002811,0.002897
MS-MARCO-RBAC,8000000,8000000,Lethe,different_role_still_authorized,0.1,2,0.000452,0.972092,0.972549,0.0,0.020602,0.003186,0.000603
MS-MARCO-RBAC,8000000,8000000,Lethe,different_role_still_authorized,0.1,3,0.001485,0.976627,0.973113,0.000552,0.019826,0.001775,0.001668
MS-MARCO-RBAC,8000000,8000000,Lethe,different_role_still_authorized,0.1,4,0.001454,0.973889,0.972956,0.000579,0.01028,0.002666,0.000258
MS-MARCO-RBAC,8000000,8000000,Lethe,different_role_still_authorized,0.1,5,0.000973,0.971344,0.973437,0.001562,0.016106,0.001965,0.00063
MS-MARCO-RBAC,8000000,8000000,Lethe,different_role_still_authorized,0.1,6,0.002953,0.973104,0.971914,0.003576,0.001353,0.003397,0.001909
MS-MARCO-RBAC,8000000,8000000,Lethe,different_role_still_authorized,0.1,7,0.001974,0.972437,0.975643,0.000789,0.025938,0.001725,0.001245
MS-MARCO-RBAC,8000000,8000000,Lethe,different_role_still_authorized,0.1,8,0.001754,0.971749,0.973142,0.002401,0.018824,0.002758,0.002578
MS-MARCO-RBAC,8000000,8000000,Lethe,different_role_still_authorized,0.1,9,0.001959,0.972907,0.972439,0.001584,0.022091,0.001422,0.000146
MS-MARCO-RBAC,8000000,8000000,Lethe,ancestor_descendant_still_authorized,0.1,0,0.001929,0.973157,0.970689,0.0,0.022563,0.002614,0.002854
MS-MARCO-RBAC,8000000,8000000,Lethe,ancestor_descendant_still_authorized,0.1,1,0.000285,0.971369,0.97543,0.0,0.010091,0.00123,0.002135
MS-MARCO-RBAC,8000000,8000000,Lethe,ancestor_descendant_still_authorized,0.1,2,0.001825,0.968871,0.975116,0.000991,0.015123,0.002496,0.003386
MS-MARCO-RBAC,8000000,8000000,Lethe,ancestor_descendant_still_authorized,0.1,3,0.000581,0.972901,0.971976,0.000413,0.026124,0.001236,0.001656
MS-MARCO-RBAC,8000000,8000000,Lethe,ancestor_descendant_still_authorized,0.1,4,0.002059,0.972441,0.973829,0.003406,0.012037,0.00259,0.003795
MS-MARCO-RBAC,8000000,8000000,Lethe,ancestor_descendant_still_authorized,0.1,5,0.000696,0.974059,0.972537,0.0,0.017154,0.001427,0.001005
MS-MARCO-RBAC,8000000,8000000,Lethe,ancestor_descendant_still_authorized,0.1,6,0.001811,0.973582,0.969671,0.0,0.010476,0.003258,0.001989
MS-MARCO-RBAC,8000000,8000000,Lethe,ancestor_descendant_still_authorized,0.1,7,0.000711,0.97371,0.974602,0.000325,0.006541,0.001772,0.002689
MS-MARCO-RBAC,8000000,8000000,Lethe,ancestor_descendant_still_authorized,0.1,8,0.001579,0.971362,0.974832,0.001323,0.013872,0.001037,0.001462
MS-MARCO-RBAC,8000000,8000000,Lethe,ancestor_descendant_still_authorized,0.1,9,0.002298,0.974321,0.972922,0.001052,0.018609,0.003222,0.002289
MS-MARCO-RBAC,8000000,8000000,Lethe,revoked_user,0.2,0,0.007591,0.974955,0.973751,0.004626,0.018401,0.000963,0.000996
MS-MARCO-RBAC,8000000,8000000,Lethe,revoked_user,0.2,1,0.007317,0.973704,0.975708,0.005369,0.017402,0.00022,0.00193
MS-MARCO-RBAC,8000000,8000000,Lethe,revoked_user,0.2,2,0.008325,0.971026,0.972408,0.006242,0.011796,0.001575,0.001271
MS-MARCO-RBAC,8000000,8000000,Lethe,revoked_user,0.2,3,0.008164,0.971914,0.972854,0.006583,0.012952,0.002588,0.003681
MS-MARCO-RBAC,8000000,8000000,Lethe,revoked_user,0.2,4,0.011786,0.973648,0.972946,0.010812,0.005727,0.002396,0.002281
MS-MARCO-RBAC,8000000,8000000,Lethe,revoked_user,0.2,5,0.008592,0.9735,0.972933,0.006954,0.016739,0.002543,0.00227
MS-MARCO-RBAC,8000000,8000000,Lethe,revoked_user,0.2,6,0.00846,0.973729,0.97267,0.006947,0.014752,0.002808,0.002581
MS-MARCO-RBAC,8000000,8000000,Lethe,revoked_user,0.2,7,0.012947,0.971675,0.973065,0.01011,0.016097,0.003848,0.001635
MS-MARCO-RBAC,8000000,8000000,Lethe,revoked_user,0.2,8,0.008994,0.97382,0.971767,0.006382,0.002477,0.002756,0.001306
MS-MARCO-RBAC,8000000,8000000,Lethe,revoked_user,0.2,9,0.011387,0.974279,0.973808,0.010385,0.006899,0.001866,0.002904
MS-MARCO-RBAC,8000000,8000000,Lethe,same_role_still_authorized,0.2,0,0.036466,0.971768,0.974551,0.030133,0.006758,0.002406,0.003403
MS-MARCO-RBAC,8000000,8000000,Lethe,same_role_still_authorized,0.2,1,0.028192,0.974167,0.975659,0.023415,0.019197,0.002031,0.002542
MS-MARCO-RBAC,8000000,8000000,Lethe,same_role_still_authorized,0.2,2,0.033466,0.971602,0.974461,0.025568,0.0038,0.003101,0.001013
MS-MARCO-RBAC,8000000,8000000,Lethe,same_role_still_authorized,0.2,3,0.037556,0.973763,0.973933,0.029351,0.010535,0.001646,0.001368
MS-MARCO-RBAC,8000000,8000000,Lethe,same_role_still_authorized,0.2,4,0.030435,0.97554,0.974407,0.02351,0.007094,0.001789,0.001777
MS-MARCO-RBAC,8000000,8000000,Lethe,same_role_still_authorized,0.2,5,0.033836,0.975773,0.973036,0.029005,0.020552,0.001806,0.002443
MS-MARCO-RBAC,8000000,8000000,Lethe,same_role_still_authorized,0.2,6,0.034063,0.975243,0.972927,0.02857,0.015434,0.001404,0.003232
MS-MARCO-RBAC,8000000,8000000,Lethe,same_role_still_authorized,0.2,7,0.031776,0.972262,0.974958,0.025669,0.016189,0.001608,0.002053
MS-MARCO-RBAC,8000000,8000000,Lethe,same_role_still_authorized,0.2,8,0.028844,0.972361,0.973874,0.022004,0.02239,0.001342,0.001356
MS-MARCO-RBAC,8000000,8000000,Lethe,same_role_still_authorized,0.2,9,0.044752,0.972165,0.97372,0.035251,0.018604,0.002205,0.000974
MS-MARCO-RBAC,8000000,8000000,Lethe,different_role_still_authorized,0.2,0,0.002391,0.973795,0.973758,0.001927,0.006557,0.002693,0.00237
MS-MARCO-RBAC,8000000,8000000,Lethe,different_role_still_authorized,0.2,1,0.002778,0.975601,0.974079,0.003095,0.011438,0.002876,0.002395
MS-MARCO-RBAC,8000000,8000000,Lethe,different_role_still_authorized,0.2,2,0.003844,0.969841,0.97104,0.002435,0.011732,0.003347,0.001098
MS-MARCO-RBAC,8000000,8000000,Lethe,different_role_still_authorized,0.2,3,0.001855,0.972851,0.971974,0.0,0.017366,0.0,0.00236
MS-MARCO-RBAC,8000000,8000000,Lethe,different_role_still_authorized,0.2,4,0.002183,0.973906,0.972794,0.003364,0.00804,0.002205,0.002544
MS-MARCO-RBAC,8000000,8000000,Lethe,different_role_still_authorized,0.2,5,0.002813,0.974664,0.973126,0.003608,0.014315,0.002026,0.000366
MS-MARCO-RBAC,8000000,8000000,Lethe,different_role_still_authorized,0.2,6,0.001042,0.97157,0.973438,0.000767,0.017849,0.001328,0.001047
MS-MARCO-RBAC,8000000,8000000,Lethe,different_role_still_authorized,0.2,7,0.002665,0.972484,0.972459,0.002646,0.005618,0.0016,0.00119
MS-MARCO-RBAC,8000000,8000000,Lethe,different_role_still_authorized,0.2,8,0.003137,0.973934,0.974444,0.001104,0.020196,0.001174,0.001918
MS-MARCO-RBAC,8000000,8000000,Lethe,different_role_still_authorized,0.2,9,0.001901,0.975545,0.973265,0.000843,0.016017,0.001915,0.001443
MS-MARCO-RBAC,8000000,8000000,Lethe,ancestor_descendant_still_authorized,0.2,0,0.000145,0.971949,0.974767,0.0,0.013119,0.001582,0.00189
MS-MARCO-RBAC,8000000,8000000,Lethe,ancestor_descendant_still_authorized,0.2,1,0.003453,0.973187,0.974477,0.002282,0.016966,0.002103,0.000198
MS-MARCO-RBAC,8000000,8000000,Lethe,ancestor_descendant_still_authorized,0.2,2,0.002028,0.972515,0.9745,0.000911,0.020539,0.003392,0.001867
MS-MARCO-RBAC,8000000,8000000,Lethe,ancestor_descendant_still_authorized,0.2,3,0.001487,0.975082,0.972533,0.001435,0.015177,0.002819,0.001607
MS-MARCO-RBAC,8000000,8000000,Lethe,ancestor_descendant_still_authorized,0.2,4,0.001078,0.973304,0.970877,0.0,0.006271,0.0,0.000504
MS-MARCO-RBAC,8000000,8000000,Lethe,ancestor_descendant_still_authorized,0.2,5,0.002544,0.9745,0.972724,0.001495,0.012203,0.001377,0.002606
MS-MARCO-RBAC,8000000,8000000,Lethe,ancestor_descendant_still_authorized,0.2,6,0.002407,0.974729,0.973254,0.001408,0.029737,0.002761,0.003395
MS-MARCO-RBAC,8000000,8000000,Lethe,ancestor_descendant_still_authorized,0.2,7,0.002704,0.974477,0.973245,0.001076,0.007068,0.004092,0.002928
MS-MARCO-RBAC,8000000,8000000,Lethe,ancestor_descendant_still_authorized,0.2,8,0.00192,0.973596,0.973159,0.003972,0.000186,0.001715,0.002081
MS-MARCO-RBAC,8000000,8000000,Lethe,ancestor_descendant_still_authorized,0.2,9,0.002211,0.970462,0.974591,0.002027,0.019823,0.001998,0.001655
MS-MARCO-RBAC,8000000,8000000,Lethe,revoked_user,0.3,0,0.01244,0.975066,0.973139,0.010389,0.018204,0.001401,0.001148
MS-MARCO-RBAC,8000000,8000000,Lethe,revoked_user,0.3,1,0.009658,0.971744,0.972216,0.007428,0.003945,0.002123,0.002647
MS-MARCO-RBAC,8000000,8000000,Lethe,revoked_user,0.3,2,0.011853,0.97191,0.974289,0.01035,0.007009,0.000889,0.001846
MS-MARCO-RBAC,8000000,8000000,Lethe,revoked_user,0.3,3,0.011108,0.972093,0.974301,0.011344,0.012432,0.000522,0.00251
MS-MARCO-RBAC,8000000,8000000,Lethe,revoked_user,0.3,4,0.011643,0.976157,0.973367,0.009747,0.00784,0.001026,0.000766
MS-MARCO-RBAC,8000000,8000000,Lethe,revoked_user,0.3,5,0.012013,0.969896,0.971397,0.010414,0.008976,0.003199,0.002162
MS-MARCO-RBAC,8000000,8000000,Lethe,revoked_user,0.3,6,0.0106,0.971798,0.974191,0.009193,0.022901,0.003449,0.00248
MS-MARCO-RBAC,8000000,8000000,Lethe,revoked_user,0.3,7,0.011145,0.972102,0.973201,0.008824,0.01318,0.002544,0.001816
MS-MARCO-RBAC,8000000,8000000,Lethe,revoked_user,0.3,8,0.012152,0.973351,0.972919,0.011625,0.014295,0.003205,0.0021
MS-MARCO-RBAC,8000000,8000000,Lethe,revoked_user,0.3,9,0.01411,0.974769,0.971944,0.010091,0.014376,0.001688,0.001731
MS-MARCO-RBAC,8000000,8000000,Lethe,same_role_still_authorized,0.3,0,0.036317,0.971528,0.975275,0.028308,0.011846,0.002642,0.002936
MS-MARCO-RBAC,8000000,8000000,Lethe,same_role_still_authorized,0.3,1,0.031015,0.973332,0.972231,0.023535,0.011301,0.001461,0.001204
MS-MARCO-RBAC,8000000,8000000,Lethe,same_role_still_authorized,0.3,2,0.03957,0.97495,0.97141,0.032999,0.004072,0.002793,0.001168
MS-MARCO-RBAC,8000000,8000000,Lethe,same_role_still_authorized,0.3,3,0.034018,0.974944,0.972275,0.027265,0.007713,0.000654,0.002588
MS-MARCO-RBAC,8000000,8000000,Lethe,same_role_still_authorized,0.3,4,0.048062,0.973097,0.970992,0.039324,0.012548,0.001794,0.00076
MS-MARCO-RBAC,8000000,8000000,Lethe,same_role_still_authorized,0.3,5,0.038306,0.972544,0.974506,0.03236,0.015812,0.002613,0.001071
MS-MARCO-RBAC,8000000,8000000,Lethe,same_role_still_authorized,0.3,6,0.03776,0.971522,0.973296,0.029513,0.018878,0.002028,0.002417
MS-MARCO-RBAC,8000000,8000000,Lethe,same_role_still_authorized,0.3,7,0.035486,0.972708,0.973803,0.028776,0.0095,0.001012,0.00124
MS-MARCO-RBAC,8000000,8000000,Lethe,same_role_still_authorized,0.3,8,0.032745,0.976946,0.97527,0.027942,0.020505,0.0,0.000332
MS-MARCO-RBAC,8000000,8000000,Lethe,same_role_still_authorized,0.3,9,0.031441,0.971321,0.972999,0.025812,0.019082,0.000914,0.001658
MS-MARCO-RBAC,8000000,8000000,Lethe,different_role_still_authorized,0.3,0,0.002459,0.972828,0.974561,0.001925,0.014575,0.0033,0.000904
MS-MARCO-RBAC,8000000,8000000,Lethe,different_role_still_authorized,0.3,1,0.000865,0.97455,0.973263,0.00201,0.023804,0.001823,0.002906
MS-MARCO-RBAC,8000000,8000000,Lethe,different_role_still_authorized,0.3,2,0.001263,0.971387,0.974826,0.001996,0.008446,0.003249,0.003622
MS-MARCO-RBAC,8000000,8000000,Lethe,different_role_still_authorized,0.3,3,0.001351,0.972416,0.970438,0.001189,0.01038,0.00225,0.003408
MS-MARCO-RBAC,8000000,8000000,Lethe,different_role_still_authorized,0.3,4,0.001985,0.974037,0.974562,0.001967,0.026446,0.002242,0.004082
MS-MARCO-RBAC,8000000,8000000,Lethe,different_role_still_authorized,0.3,5,0.00102,0.97356,0.973115,0.0,0.005675,0.001796,0.001441
MS-MARCO-RBAC,8000000,8000000,Lethe,different_role_still_authorized,0.3,6,0.001968,0.973441,0.970789,0.00346,0.023569,0.001757,0.001314
MS-MARCO-RBAC,8000000,8000000,Lethe,different_role_still_authorized,0.3,7,0.002798,0.973358,0.973697,0.002689,0.023367,0.001135,0.002026
MS-MARCO-RBAC,8000000,8000000,Lethe,different_role_still_authorized,0.3,8,0.002377,0.972132,0.97372,0.000978,0.012965,0.002594,0.001266
MS-MARCO-RBAC,8000000,8000000,Lethe,different_role_still_authorized,0.3,9,0.002525,0.973398,0.971277,0.003163,0.011906,0.002938,0.003291
MS-MARCO-RBAC,8000000,8000000,Lethe,ancestor_descendant_still_authorized,0.3,0,0.002917,0.974908,0.972106,0.004238,0.019443,0.00339,0.002541
MS-MARCO-RBAC,8000000,8000000,Lethe,ancestor_descendant_still_authorized,0.3,1,0.001389,0.973683,0.974714,0.001171,0.004495,0.00127,0.003137
MS-MARCO-RBAC,8000000,8000000,Lethe,ancestor_descendant_still_authorized,0.3,2,0.002295,0.97401,0.974152,0.002392,0.012963,0.000732,0.003281
MS-MARCO-RBAC,8000000,8000000,Lethe,ancestor_descendant_still_authorized,0.3,3,0.00241,0.970789,0.972751,0.000463,0.012235,0.001541,0.000815
MS-MARCO-RBAC,8000000,8000000,Lethe,ancestor_descendant_still_authorized,0.3,4,0.000745,0.972872,0.974009,0.000586,0.024494,0.004668,0.002641
MS-MARCO-RBAC,8000000,8000000,Lethe,ancestor_descendant_still_authorized,0.3,5,0.003056,0.973267,0.971291,0.001215,0.009033,0.001717,0.003503
MS-MARCO-RBAC,8000000,8000000,Lethe,ancestor_descendant_still_authorized,0.3,6,0.003593,0.974554,0.972241,0.002605,0.012184,0.002089,0.001002
MS-MARCO-RBAC,8000000,8000000,Lethe,ancestor_descendant_still_authorized,0.3,7,0.001658,0.974797,0.975483,0.0,0.015908,0.003554,0.001236
MS-MARCO-RBAC,8000000,8000000,Lethe,ancestor_descendant_still_authorized,0.3,8,0.00366,0.972568,0.973382,0.00352,0.018797,0.001119,0.00111
MS-MARCO-RBAC,8000000,8000000,Lethe,ancestor_descendant_still_authorized,0.3,9,0.003372,0.97108,0.971489,0.002232,0.002474,0.000784,0.004207
MS-MARCO-RBAC,8000000,8000000,Lethe,revoked_user,0.4,0,0.009617,0.973422,0.974809,0.006956,0.007082,0.001421,0.002055
MS-MARCO-RBAC,8000000,8000000,Lethe,revoked_user,0.4,1,0.011595,0.97521,0.973086,0.008662,0.009779,0.003566,0.003373
MS-MARCO-RBAC,8000000,8000000,Lethe,revoked_user,0.4,2,0.017005,0.97448,0.972015,0.013682,0.007454,0.001498,0.003503
MS-MARCO-RBAC,8000000,8000000,Lethe,revoked_user,0.4,3,0.008686,0.975068,0.971888,0.004942,0.019884,0.002249,0.001513
MS-MARCO-RBAC,8000000,8000000,Lethe,revoked_user,0.4,4,0.014582,0.974351,0.973647,0.012033,0.021901,0.002201,0.003619
MS-MARCO-RBAC,8000000,8000000,Lethe,revoked_user,0.4,5,0.012925,0.971399,0.973593,0.011028,0.011764,0.00202,0.001219
MS-MARCO-RBAC,8000000,8000000,Lethe,revoked_user,0.4,6,0.013285,0.973355,0.97274,0.011592,0.013163,0.001817,0.002196
MS-MARCO-RBAC,8000000,8000000,Lethe,revoked_user,0.4,7,0.014549,0.969382,0.975248,0.0124,0.02092,0.002281,0.002668
MS-MARCO-RBAC,8000000,8000000,Lethe,revoked_user,0.4,8,0.01058,0.971888,0.97244,0.008045,0.008842,0.001573,0.00032
MS-MARCO-RBAC,8000000,8000000,Lethe,revoked_user,0.4,9,0.011696,0.972397,0.970176,0.010877,0.011074,0.00208,0.002183
MS-MARCO-RBAC,8000000,8000000,Lethe,same_role_still_authorized,0.4,0,0.035549,0.974738,0.973064,0.028476,0.013568,0.001718,0.00286
MS-MARCO-RBAC,8000000,8000000,Lethe,same_role_still_authorized,0.4,1,0.037535,0.972857,0.97266,0.029206,0.015026,0.002398,0.001328
MS-MARCO-RBAC,8000000,8000000,Lethe,same_role_still_authorized,0.4,2,0.041526,0.973372,0.973818,0.033221,0.006047,0.002859,0.002407
MS-MARCO-RBAC,8000000,8000000,Lethe,same_role_still_authorized,0.4,3,0.040699,0.973526,0.972158,0.032387,0.01628,0.003019,0.002665
MS-MARCO-RBAC,8000000,8000000,Lethe,same_role_still_authorized,0.4,4,0.040658,0.974907,0.973773,0.032982,0.017142,0.000649,0.001953
MS-MARCO-RBAC,8000000,8000000,Lethe,same_role_still_authorized,0.4,5,0.041604,0.972387,0.96967,0.030849,0.011697,0.000751,0.001545
MS-MARCO-RBAC,8000000,8000000,Lethe,same_role_still_authorized,0.4,6,0.034379,0.972768,0.972745,0.02708,0.006363,0.00299,0.000661
MS-MARCO-RBAC,8000000,8000000,Lethe,same_role_still_authorized,0.4,7,0.036011,0.97341,0.974727,0.028636,0.011268,0.001811,0.001033
MS-MARCO-RBAC,8000000,8000000,Lethe,same_role_still_authorized,0.4,8,0.041151,0.97533,0.971389,0.033125,0.017836,0.001906,0.004623
MS-MARCO-RBAC,8000000,8000000,Lethe,same_role_still_authorized,0.4,9,0.041316,0.974274,0.971069,0.033819,0.008456,0.000106,0.002617
MS-MARCO-RBAC,8000000,8000000,Lethe,different_role_still_authorized,0.4,0,0.003026,0.974555,0.972126,0.001608,0.020896,0.002392,0.003058
MS-MARCO-RBAC,8000000,8000000,Lethe,different_role_still_authorized,0.4,1,0.001264,0.971323,0.973416,0.000953,0.006595,0.001463,0.001044
MS-MARCO-RBAC,8000000,8000000,Lethe,different_role_still_authorized,0.4,2,0.003366,0.974579,0.974072,0.002395,0.008294,0.002407,0.002591
MS-MARCO-RBAC,8000000,8000000,Lethe,different_role_still_authorized,0.4,3,0.002393,0.973116,0.971522,0.00287,0.020791,0.002304,0.001167
MS-MARCO-RBAC,8000000,8000000,Lethe,different_role_still_authorized,0.4,4,0.00401,0.972643,0.970742,0.002445,0.016542,0.001357,7e-06
MS-MARCO-RBAC,8000000,8000000,Lethe,different_role_still_authorized,0.4,5,0.002807,0.970443,0.973029,0.002864,0.014511,0.00292,0.001742
MS-MARCO-RBAC,8000000,8000000,Lethe,different_role_still_authorized,0.4,6,0.001929,0.973132,0.970605,8.4e-05,0.017543,0.002566,0.002297
MS-MARCO-RBAC,8000000,8000000,Lethe,different_role_still_authorized,0.4,7,0.002897,0.974983,0.973804,0.002957,0.01956,0.001396,0.001853
MS-MARCO-RBAC,8000000,8000000,Lethe,different_role_still_authorized,0.4,8,0.001932,0.974509,0.97047,0.002727,0.009813,0.001728,0.002013
MS-MARCO-RBAC,8000000,8000000,Lethe,different_role_still_authorized,0.4,9,0.003296,0.973826,0.974927,0.002424,0.015768,0.003181,0.001866
MS-MARCO-RBAC,8000000,8000000,Lethe,ancestor_descendant_still_authorized,0.4,0,0.002831,0.973322,0.973395,0.001187,0.010628,0.002832,0.002129
MS-MARCO-RBAC,8000000,8000000,Lethe,ancestor_descendant_still_authorized,0.4,1,0.00369,0.974175,0.972077,0.002746,0.017333,0.001932,0.001894
MS-MARCO-RBAC,8000000,8000000,Lethe,ancestor_descendant_still_authorized,0.4,2,0.002551,0.972158,0.974584,0.001621,0.018946,0.001372,0.001839
MS-MARCO-RBAC,8000000,8000000,Lethe,ancestor_descendant_still_authorized,0.4,3,0.003164,0.976513,0.972543,0.002232,0.015801,0.002754,0.001329
MS-MARCO-RBAC,8000000,8000000,Lethe,ancestor_descendant_still_authorized,0.4,4,0.00124,0.973738,0.974975,0.002008,0.002899,0.000144,0.002868
MS-MARCO-RBAC,8000000,8000000,Lethe,ancestor_descendant_still_authorized,0.4,5,0.000444,0.97067,0.97257,0.0,0.010833,0.002026,0.001509
MS-MARCO-RBAC,8000000,8000000,Lethe,ancestor_descendant_still_authorized,0.4,6,0.003778,0.973171,0.973002,0.002886,0.01449,0.000289,0.0
MS-MARCO-RBAC,8000000,8000000,Lethe,ancestor_descendant_still_authorized,0.4,7,0.001843,0.975414,0.969873,0.002343,0.013209,0.001136,0.000937
MS-MARCO-RBAC,8000000,8000000,Lethe,ancestor_descendant_still_authorized,0.4,8,0.002961,0.969943,0.972011,0.002667,0.010687,0.00121,0.003194
MS-MARCO-RBAC,8000000,8000000,Lethe,ancestor_descendant_still_authorized,0.4,9,0.002203,0.975746,0.972528,0.001931,0.010978,0.0023,0.002385
MS-MARCO-RBAC,8000000,8000000,Lethe,revoked_user,0.5,0,0.014412,0.97031,0.97319,0.012937,0.006692,0.001578,0.001118
MS-MARCO-RBAC,8000000,8000000,Lethe,revoked_user,0.5,1,0.015191,0.972157,0.973154,0.010835,0.019383,0.003034,0.001818
MS-MARCO-RBAC,8000000,8000000,Lethe,revoked_user,0.5,2,0.016267,0.974104,0.973413,0.01313,0.011534,0.001896,0.003155
MS-MARCO-RBAC,8000000,8000000,Lethe,revoked_user,0.5,3,0.013011,0.973649,0.97245,0.008731,0.013228,0.002002,0.002811
MS-MARCO-RBAC,8000000,8000000,Lethe,revoked_user,0.5,4,0.015745,0.973221,0.97243,0.013483,0.012398,0.000882,0.002069
MS-MARCO-RBAC,8000000,8000000,Lethe,revoked_user,0.5,5,0.015606,0.972196,0.971402,0.013126,0.015423,0.000442,0.002969
MS-MARCO-RBAC,8000000,8000000,Lethe,revoked_user,0.5,6,0.013286,0.972331,0.973029,0.010246,0.01145,0.003371,0.001447
MS-MARCO-RBAC,8000000,8000000,Lethe,revoked_user,0.5,7,0.012863,0.972863,0.972174,0.011226,0.017157,0.001839,0.001541
MS-MARCO-RBAC,8000000,8000000,Lethe,revoked_user,0.5,8,0.015258,0.971513,0.971765,0.010513,0.014173,0.000704,0.002645
MS-MARCO-RBAC,8000000,8000000,Lethe,revoked_user,0.5,9,0.012621,0.971786,0.97289,0.009989,0.011265,0.001777,0.003186
MS-MARCO-RBAC,8000000,8000000,Lethe,same_role_still_authorized,0.5,0,0.049039,0.9748,0.972279,0.039648,0.002706,0.001889,0.0
MS-MARCO-RBAC,8000000,8000000,Lethe,same_role_still_authorized,0.5,1,0.043697,0.97576,0.973865,0.036105,0.002336,0.001092,0.003315
MS-MARCO-RBAC,8000000,8000000,Lethe,same_role_still_authorized,0.5,2,0.045185,0.975571,0.973542,0.037373,0.021302,0.002741,0.004207
MS-MARCO-RBAC,8000000,8000000,Lethe,same_role_still_authorized,0.5,3,0.042974,0.972574,0.973411,0.033372,0.018879,0.002576,0.002669
MS-MARCO-RBAC,8000000,8000000,Lethe,same_role_still_authorized,0.5,4,0.050298,0.972084,0.972697,0.042629,0.007264,0.001947,0.000946
MS-MARCO-RBAC,8000000,8000000,Lethe,same_role_still_authorized,0.5,5,0.041321,0.970263,0.973652,0.034526,0.026667,0.00274,0.001898
MS-MARCO-RBAC,8000000,8000000,Lethe,same_role_still_authorized,0.5,6,0.044216,0.974141,0.973394,0.035407,0.01765,0.0,0.003356
MS-MARCO-RBAC,8000000,8000000,Lethe,same_role_still_authorized,0.5,7,0.040157,0.974082,0.975221,0.031063,0.01928,0.001579,0.002082
MS-MARCO-RBAC,8000000,8000000,Lethe,same_role_still_authorized,0.5,8,0.045948,0.975146,0.969126,0.035873,0.011366,0.001255,0.000673
MS-MARCO-RBAC,8000000,8000000,Lethe,same_role_still_authorized,0.5,9,0.045505,0.971889,0.973885,0.035463,0.012405,0.001653,0.003134
MS-MARCO-RBAC,8000000,8000000,Lethe,different_role_still_authorized,0.5,0,0.004634,0.972555,0.971288,0.005248,0.012499,0.001548,0.002196
MS-MARCO-RBAC,8000000,8000000,Lethe,different_role_still_authorized,0.5,1,0.002696,0.973415,0.973056,0.001794,0.030179,0.002242,0.001675
MS-MARCO-RBAC,8000000,8000000,Lethe,different_role_still_authorized,0.5,2,0.002783,0.9729,0.972367,0.003657,0.012259,0.003173,0.003958
MS-MARCO-RBAC,8000000,8000000,Lethe,different_role_still_authorized,0.5,3,0.002607,0.973142,0.970611,0.001389,0.016712,0.001155,0.001402
MS-MARCO-RBAC,8000000,8000000,Lethe,different_role_still_authorized,0.5,4,0.004599,0.972025,0.975126,0.005023,0.01543,0.001984,0.003131
MS-MARCO-RBAC,8000000,8000000,Lethe,different_role_still_authorized,0.5,5,0.002885,0.969615,0.972971,0.002596,0.011199,0.001247,0.001457
MS-MARCO-RBAC,8000000,8000000,Lethe,different_role_still_authorized,0.5,6,0.004365,0.971961,0.971204,0.002611,0.015985,0.0,0.002697
MS-MARCO-RBAC,8000000,8000000,Lethe,different_role_still_authorized,0.5,7,0.004005,0.972716,0.972143,0.002743,0.008532,0.002581,0.002334
MS-MARCO-RBAC,8000000,8000000,Lethe,different_role_still_authorized,0.5,8,0.002089,0.971263,0.972321,0.002209,0.026354,0.001274,0.001287
MS-MARCO-RBAC,8000000,8000000,Lethe,different_role_still_authorized,0.5,9,0.002817,0.971146,0.974659,0.000949,0.001163,0.002156,0.000967
MS-MARCO-RBAC,8000000,8000000,Lethe,ancestor_descendant_still_authorized,0.5,0,0.00155,0.972281,0.974061,0.001142,0.0048,0.002424,0.004135
MS-MARCO-RBAC,8000000,8000000,Lethe,ancestor_descendant_still_authorized,0.5,1,0.002783,0.975429,0.972362,0.003136,0.020756,0.002307,0.003568
MS-MARCO-RBAC,8000000,8000000,Lethe,ancestor_descendant_still_authorized,0.5,2,0.002411,0.975147,0.97369,0.000894,0.009036,0.001959,0.003116
MS-MARCO-RBAC,8000000,8000000,Lethe,ancestor_descendant_still_authorized,0.5,3,0.003525,0.970539,0.97386,0.001831,0.0126,0.00229,0.002672
MS-MARCO-RBAC,8000000,8000000,Lethe,ancestor_descendant_still_authorized,0.5,4,0.003659,0.976189,0.973799,0.002589,0.018617,0.001786,0.00281
MS-MARCO-RBAC,8000000,8000000,Lethe,ancestor_descendant_still_authorized,0.5,5,0.002897,0.974019,0.973284,0.002218,0.009777,0.001486,0.000168
MS-MARCO-RBAC,8000000,8000000,Lethe,ancestor_descendant_still_authorized,0.5,6,0.003721,0.972442,0.973811,0.001351,0.015906,0.002879,0.002805
MS-MARCO-RBAC,8000000,8000000,Lethe,ancestor_descendant_still_authorized,0.5,7,0.001875,0.972279,0.976589,0.000468,0.012523,0.002783,0.000877
MS-MARCO-RBAC,8000000,8000000,Lethe,ancestor_descendant_still_authorized,0.5,8,0.003148,0.974072,0.973996,0.003215,0.010432,0.002372,0.001538
MS-MARCO-RBAC,8000000,8000000,Lethe,ancestor_descendant_still_authorized,0.5,9,0.002382,0.974577,0.972304,0.00132,0.01656,0.002464,0.002828
MS-MARCO-RBAC,8000000,8000000,Lethe,revoked_user,0.1,0,0.008602,0.97293,0.973857,0.007351,0.013486,0.001146,0.000927
MS-MARCO-RBAC,8000000,8000000,Lethe,revoked_user,0.1,1,0.007612,0.970486,0.975864,0.005438,0.016521,0.000922,0.003099
MS-MARCO-RBAC,8000000,8000000,Lethe,revoked_user,0.1,2,0.006318,0.972991,0.972759,0.004238,0.019514,0.001337,0.003219
MS-MARCO-RBAC,8000000,8000000,Lethe,revoked_user,0.1,3,0.004022,0.972999,0.972308,0.003882,0.013416,0.000977,0.002592
MS-MARCO-RBAC,8000000,8000000,Lethe,revoked_user,0.1,4,0.006606,0.9715,0.972935,0.004891,0.008448,0.002819,0.001455
MS-MARCO-RBAC,8000000,8000000,Lethe,revoked_user,0.1,5,0.005347,0.972999,0.972728,0.004381,0.007044,0.001826,0.002147
MS-MARCO-RBAC,8000000,8000000,Lethe,revoked_user,0.1,6,0.007308,0.974343,0.973724,0.007189,0.015931,0.001779,0.003134
MS-MARCO-RBAC,8000000,8000000,Lethe,revoked_user,0.1,7,0.00769,0.973363,0.972725,0.006751,0.020253,0.002363,0.001903
MS-MARCO-RBAC,8000000,8000000,Lethe,revoked_user,0.1,8,0.010504,0.971704,0.974422,0.010084,0.017655,0.000887,0.002678
MS-MARCO-RBAC,8000000,8000000,Lethe,revoked_user,0.1,9,0.006987,0.975177,0.972919,0.004822,0.00925,0.00089,0.001051
MS-MARCO-RBAC,8000000,8000000,Lethe,same_role_still_authorized,0.1,0,0.023945,0.973798,0.973382,0.019635,0.01182,0.001641,0.001217
MS-MARCO-RBAC,8000000,8000000,Lethe,same_role_still_authorized,0.1,1,0.030934,0.972315,0.973869,0.026092,0.023543,0.001404,0.0
MS-MARCO-RBAC,8000000,8000000,Lethe,same_role_still_authorized,0.1,2,0.02875,0.971385,0.973603,0.022968,0.012998,0.000662,0.002742
MS-MARCO-RBAC,8000000,8000000,Lethe,same_role_still_authorized,0.1,3,0.032735,0.970805,0.974331,0.025283,0.012154,0.002818,0.003299
MS-MARCO-RBAC,8000000,8000000,Lethe,same_role_still_authorized,0.1,4,0.028131,0.974861,0.975921,0.023125,0.019918,0.001448,0.002017
MS-MARCO-RBAC,8000000,8000000,Lethe,same_role_still_authorized,0.1,5,0.028566,0.972444,0.971897,0.024072,0.013869,0.003373,0.001751
MS-MARCO-RBAC,8000000,8000000,Lethe,same_role_still_authorized,0.1,6,0.025003,0.970915,0.972603,0.020866,0.013329,0.003162,0.000843
MS-MARCO-RBAC,8000000,8000000,Lethe,same_role_still_authorized,0.1,7,0.03157,0.972651,0.971622,0.024368,0.012965,0.001833,0.001941
MS-MARCO-RBAC,8000000,8000000,Lethe,same_role_still_authorized,0.1,8,0.027081,0.972114,0.970253,0.02154,0.019157,0.002479,0.001606
MS-MARCO-RBAC,8000000,8000000,Lethe,same_role_still_authorized,0.1,9,0.021573,0.971841,0.972392,0.017908,0.013577,0.000696,0.001931
MS-MARCO-RBAC,8000000,8000000,Lethe,different_role_still_authorized,0.1,0,0.001526,0.971335,0.972276,0.000586,0.016217,0.002522,0.000141
MS-MARCO-RBAC,8000000,8000000,Lethe,different_role_still_authorized,0.1,1,0.003259,0.970889,0.974284,0.004281,0.011531,0.002365,0.002882
MS-MARCO-RBAC,8000000,8000000,Lethe,different_role_still_authorized,0.1,2,0.001103,0.972806,0.971897,0.000121,0.006067,0.002315,0.0
MS-MARCO-RBAC,8000000,8000000,Lethe,different_role_still_authorized,0.1,3,0.000577,0.971648,0.971676,0.0,0.01957,0.001586,0.001387
MS-MARCO-RBAC,8000000,8000000,Lethe,different_role_still_authorized,0.1,4,0.002443,0.974025,0.972006,0.003571,0.01785,0.00139,0.002727
MS-MARCO-RBAC,8000000,8000000,Lethe,different_role_still_authorized,0.1,5,0.002311,0.974981,0.973025,0.002808,0.016687,0.003263,0.002786
MS-MARCO-RBAC,8000000,8000000,Lethe,different_role_still_authorized,0.1,6,0.002138,0.977439,0.97221,0.002548,0.006382,0.002949,0.00204
MS-MARCO-RBAC,8000000,8000000,Lethe,different_role_still_authorized,0.1,7,0.001395,0.976562,0.971769,0.000533,0.015147,0.002802,0.002493
MS-MARCO-RBAC,8000000,8000000,Lethe,different_role_still_authorized,0.1,8,0.001356,0.973365,0.973942,0.002188,0.01752,0.000739,0.002559
MS-MARCO-RBAC,8000000,8000000,Lethe,different_role_still_authorized,0.1,9,0.001187,0.974433,0.972869,0.0,0.014953,7.3e-05,0.001263
MS-MARCO-RBAC,8000000,8000000,Lethe,ancestor_descendant_still_authorized,0.1,0,0.002512,0.971829,0.972586,0.002674,0.013592,0.001651,0.002761
MS-MARCO-RBAC,8000000,8000000,Lethe,ancestor_descendant_still_authorized,0.1,1,0.001817,0.973973,0.970594,0.000795,0.021837,0.001816,0.001733
MS-MARCO-RBAC,8000000,8000000,Lethe,ancestor_descendant_still_authorized,0.1,2,0.002291,0.975026,0.970556,0.002718,0.017461,0.002062,0.001391
MS-MARCO-RBAC,8000000,8000000,Lethe,ancestor_descendant_still_authorized,0.1,3,0.001531,0.975356,0.974535,0.000471,0.019166,0.001895,0.002902
MS-MARCO-RBAC,8000000,8000000,Lethe,ancestor_descendant_still_authorized,0.1,4,0.001169,0.971965,0.97371,0.001031,0.016859,0.0016,0.003897
MS-MARCO-RBAC,8000000,8000000,Lethe,ancestor_descendant_still_authorized,0.1,5,0.001505,0.973129,0.972551,0.0,0.016517,0.002519,0.000558
MS-MARCO-RBAC,8000000,8000000,Lethe,ancestor_descendant_still_authorized,0.1,6,0.001239,0.974221,0.972362,0.001473,0.019004,0.00104,0.001534
MS-MARCO-RBAC,8000000,8000000,Lethe,ancestor_descendant_still_authorized,0.1,7,0.001316,0.972501,0.974367,0.003503,0.01552,0.002521,0.00433
MS-MARCO-RBAC,8000000,8000000,Lethe,ancestor_descendant_still_authorized,0.1,8,0.003904,0.974155,0.972861,0.003971,0.013593,0.00115,0.001807
MS-MARCO-RBAC,8000000,8000000,Lethe,ancestor_descendant_still_authorized,0.1,9,0.001872,0.975305,0.972543,0.000807,0.00701,0.003704,0.000945
MS-MARCO-RBAC,8000000,8000000,Lethe,revoked_user,0.2,0,0.00868,0.973294,0.974242,0.006839,0.013322,0.001407,0.002242
MS-MARCO-RBAC,8000000,8000000,Lethe,revoked_user,0.2,1,0.011427,0.973996,0.97221,0.008272,0.023293,0.00115,0.001588
MS-MARCO-RBAC,8000000,8000000,Lethe,revoked_user,0.2,2,0.009404,0.97191,0.972194,0.006111,0.026576,0.003762,0.000358
MS-MARCO-RBAC,8000000,8000000,Lethe,revoked_user,0.2,3,0.010542,0.972608,0.971544,0.007974,0.024243,0.001827,0.000727
MS-MARCO-RBAC,8000000,8000000,Lethe,revoked_user,0.2,4,0.013449,0.973732,0.973889,0.013525,0.014838,0.003066,0.004321
MS-MARCO-RBAC,8000000,8000000,Lethe,revoked_user,0.2,5,0.009421,0.9718,0.97098,0.006423,0.012903,0.000888,0.003667
MS-MARCO-RBAC,8000000,8000000,Lethe,revoked_user,0.2,6,0.007957,0.97092,0.972885,0.005928,0.015658,0.002649,0.00316
MS-MARCO-RBAC,8000000,8000000,Lethe,revoked_user,0.2,7,0.007602,0.976243,0.970534,0.006045,0.016441,0.000933,0.00232
MS-MARCO-RBAC,8000000,8000000,Lethe,revoked_user,0.2,8,0.009991,0.971888,0.974174,0.006468,0.02335,0.003307,0.00167
MS-MARCO-RBAC,8000000,8000000,Lethe,revoked_user,0.2,9,0.007869,0.972609,0.97189,0.005744,0.009586,0.000479,0.000415
MS-MARCO-RBAC,8000000,8000000,Lethe,same_role_still_authorized,0.2,0,0.030753,0.972546,0.973806,0.025468,0.019038,0.001344,0.000228
MS-MARCO-RBAC,8000000,8000000,Lethe,same_role_still_authorized,0.2,1,0.037489,0.972476,0.97361,0.030964,0.010118,0.003506,0.005163
MS-MARCO-RBAC,8000000,8000000,Lethe,same_role_still_authorized,0.2,2,0.029297,0.973523,0.971286,0.023228,0.024229,0.000923,0.001612
MS-MARCO-RBAC,8000000,8000000,Lethe,same_role_still_authorized,0.2,3,0.031378,0.971462,0.973458,0.025442,0.017184,0.000904,0.000873
MS-MARCO-RBAC,8000000,8000000,Lethe,same_role_still_authorized,0.2,4,0.039609,0.971251,0.972323,0.031522,0.013036,0.002189,0.002076
MS-MARCO-RBAC,8000000,8000000,Lethe,same_role_still_authorized,0.2,5,0.025265,0.971597,0.97398,0.021436,0.00794,0.002909,0.002669
MS-MARCO-RBAC,8000000,8000000,Lethe,same_role_still_authorized,0.2,6,0.036144,0.974006,0.974205,0.029039,0.017005,0.001578,0.003398
MS-MARCO-RBAC,8000000,8000000,Lethe,same_role_still_authorized,0.2,7,0.032744,0.970626,0.97396,0.02564,0.008652,0.000942,0.000848
MS-MARCO-RBAC,8000000,8000000,Lethe,same_role_still_authorized,0.2,8,0.033735,0.971521,0.973263,0.027019,0.010354,0.003337,0.003085
MS-MARCO-RBAC,8000000,8000000,Lethe,same_role_still_authorized,0.2,9,0.027317,0.975361,0.971511,0.021286,0.01094,0.001709,0.001927
MS-MARCO-RBAC,8000000,8000000,Lethe,different_role_still_authorized,0.2,0,0.001098,0.974313,0.974852,0.0,0.00446,0.002412,0.00212
MS-MARCO-RBAC,8000000,8000000,Lethe,different_role_still_authorized,0.2,1,0.004188,0.972815,0.9748,0.003444,0.004727,0.003272,0.001037
MS-MARCO-RBAC,8000000,8000000,Lethe,different_role_still_authorized,0.2,2,0.002017,0.972964,0.972611,0.002534,0.006763,0.003013,0.001074
MS-MARCO-RBAC,8000000,8000000,Lethe,different_role_still_authorized,0.2,3,0.0,0.9712,0.976282,0.0,0.024981,0.002238,0.000868
MS-MARCO-RBAC,8000000,8000000,Lethe,different_role_still_authorized,0.2,4,0.001879,0.969968,0.973622,0.001874,0.011699,0.001335,0.002281
MS-MARCO-RBAC,8000000,8000000,Lethe,different_role_still_authorized,0.2,5,0.001601,0.971591,0.975517,0.001547,0.01573,0.002988,0.001329
MS-MARCO-RBAC,8000000,8000000,Lethe,different_role_still_authorized,0.2,6,0.00121,0.974552,0.971645,0.002386,0.012985,0.001074,0.002747
MS-MARCO-RBAC,8000000,8000000,Lethe,different_role_still_authorized,0.2,7,0.001302,0.971622,0.97433,0.002187,0.013722,0.002644,0.001755
MS-MARCO-RBAC,8000000,8000000,Lethe,different_role_still_authorized,0.2,8,0.000415,0.972578,0.973832,0.001174,0.009586,0.002479,0.003086
MS-MARCO-RBAC,8000000,8000000,Lethe,different_role_still_authorized,0.2,9,0.002044,0.972152,0.970535,0.001252,0.013576,0.0,0.003032
MS-MARCO-RBAC,8000000,8000000,Lethe,ancestor_descendant_still_authorized,0.2,0,0.002012,0.97469,0.972521,0.0,0.017102,0.000589,0.002976
MS-MARCO-RBAC,8000000,8000000,Lethe,ancestor_descendant_still_authorized,0.2,1,0.001505,0.973461,0.973075,0.0,0.02144,0.001786,0.001867
MS-MARCO-RBAC,8000000,8000000,Lethe,ancestor_descendant_still_authorized,0.2,2,0.001298,0.972642,0.976509,0.001359,0.009912,0.001093,0.001265
MS-MARCO-RBAC,8000000,8000000,Lethe,ancestor_descendant_still_authorized,0.2,3,0.002951,0.973704,0.973441,0.00284,0.011083,0.002957,0.002935
MS-MARCO-RBAC,8000000,8000000,Lethe,ancestor_descendant_still_authorized,0.2,4,0.001163,0.973578,0.975379,0.000904,0.018086,0.000609,0.002857
MS-MARCO-RBAC,8000000,8000000,Lethe,ancestor_descendant_still_authorized,0.2,5,0.00314,0.973087,0.972554,0.002641,0.011478,0.00143,0.002856
MS-MARCO-RBAC,8000000,8000000,Lethe,ancestor_descendant_still_authorized,0.2,6,0.003378,0.97463,0.973026,0.002762,0.013043,0.001327,0.001385
MS-MARCO-RBAC,8000000,8000000,Lethe,ancestor_descendant_still_authorized,0.2,7,0.003056,0.97318,0.971437,0.002155,0.013277,0.002317,0.000175
MS-MARCO-RBAC,8000000,8000000,Lethe,ancestor_descendant_still_authorized,0.2,8,0.001383,0.974243,0.972339,0.001234,0.015857,0.001576,0.001473
MS-MARCO-RBAC,8000000,8000000,Lethe,ancestor_descendant_still_authorized,0.2,9,0.001859,0.971079,0.973853,0.001342,0.017064,0.00295,0.001259
MS-MARCO-RBAC,8000000,8000000,Lethe,revoked_user,0.3,0,0.012046,0.972635,0.973208,0.010316,0.0,0.001179,0.002556
MS-MARCO-RBAC,8000000,8000000,Lethe,revoked_user,0.3,1,0.012583,0.972981,0.970643,0.010425,0.017073,0.003614,0.002661
MS-MARCO-RBAC,8000000,8000000,Lethe,revoked_user,0.3,2,0.013642,0.973156,0.972285,0.010939,0.009383,0.00104,0.00249
MS-MARCO-RBAC,8000000,8000000,Lethe,revoked_user,0.3,3,0.008972,0.971809,0.970815,0.008966,0.011014,0.00283,0.001979
MS-MARCO-RBAC,8000000,8000000,Lethe,revoked_user,0.3,4,0.013006,0.972461,0.973619,0.010468,0.018701,0.002925,0.00348
MS-MARCO-RBAC,8000000,8000000,Lethe,revoked_user,0.3,5,0.012364,0.973028,0.972874,0.009822,0.0058,0.000915,0.000324
MS-MARCO-RBAC,8000000,8000000,Lethe,revoked_user,0.3,6,0.005292,0.974314,0.974679,0.003681,0.015307,0.001557,0.001533
MS-MARCO-RBAC,8000000,8000000,Lethe,revoked_user,0.3,7,0.009709,0.972323,0.972549,0.006082,0.00791,0.000955,0.002587
MS-MARCO-RBAC,8000000,8000000,Lethe,revoked_user,0.3,8,0.008194,0.971565,0.973968,0.006071,0.016733,0.00304,0.00182
MS-MARCO-RBAC,8000000,8000000,Lethe,revoked_user,0.3,9,0.010928,0.970258,0.972372,0.008667,0.008167,0.001554,0.002942
MS-MARCO-RBAC,8000000,8000000,Lethe,same_role_still_authorized,0.3,0,0.043673,0.970733,0.973942,0.034497,0.01548,0.000707,0.002461
MS-MARCO-RBAC,8000000,8000000,Lethe,same_role_still_authorized,0.3,1,0.040655,0.973078,0.974427,0.032784,0.017349,0.002736,0.002892
MS-MARCO-RBAC,8000000,8000000,Lethe,same_role_still_authorized,0.3,2,0.030003,0.974527,0.96855,0.025468,0.012753,0.000509,0.00252
MS-MARCO-RBAC,8000000,8000000,Lethe,same_role_still_authorized,0.3,3,0.029688,0.972838,0.972459,0.02305,0.0237,0.001051,0.002436
MS-MARCO-RBAC,8000000,8000000,Lethe,same_role_still_authorized,0.3,4,0.039498,0.97157,0.974661,0.03,0.002218,0.002238,0.0
MS-MARCO-RBAC,8000000,8000000,Lethe,same_role_still_authorized,0.3,5,0.042891,0.972758,0.975716,0.035335,0.014422,0.003409,0.001579
MS-MARCO-RBAC,8000000,8000000,Lethe,same_role_still_authorized,0.3,6,0.033938,0.972602,0.972187,0.026639,0.00969,0.002746,0.0
MS-MARCO-RBAC,8000000,8000000,Lethe,same_role_still_authorized,0.3,7,0.04061,0.970541,0.972823,0.033337,0.023155,0.002695,0.002585
MS-MARCO-RBAC,8000000,8000000,Lethe,same_role_still_authorized,0.3,8,0.03839,0.973562,0.97427,0.02918,0.015535,0.001717,0.000701
MS-MARCO-RBAC,8000000,8000000,Lethe,same_role_still_authorized,0.3,9,0.034002,0.970771,0.973428,0.027869,0.013913,0.001483,0.00206
MS-MARCO-RBAC,8000000,8000000,Lethe,different_role_still_authorized,0.3,0,0.004461,0.970334,0.97343,0.002144,0.010032,0.002043,0.00186
MS-MARCO-RBAC,8000000,8000000,Lethe,different_role_still_authorized,0.3,1,0.002785,0.973773,0.973444,0.002018,0.016175,0.002796,0.003209
MS-MARCO-RBAC,8000000,8000000,Lethe,different_role_still_authorized,0.3,2,0.002107,0.974269,0.974003,0.002652,0.008672,0.001095,0.001139
MS-MARCO-RBAC,8000000,8000000,Lethe,different_role_still_authorized,0.3,3,0.003106,0.973205,0.972244,0.003434,0.014658,0.002819,0.00045
MS-MARCO-RBAC,8000000,8000000,Lethe,different_role_still_authorized,0.3,4,9.1e-05,0.971512,0.972127,0.001946,0.016832,0.0,0.002014
MS-MARCO-RBAC,8000000,8000000,Lethe,different_role_still_authorized,0.3,5,0.003049,0.974656,0.971797,0.001766,0.014349,0.002536,0.001325
MS-MARCO-RBAC,8000000,8000000,Lethe,different_role_still_authorized,0.3,6,0.000972,0.972998,0.975466,0.0,0.016442,0.001166,0.002074
MS-MARCO-RBAC,8000000,8000000,Lethe,different_role_still_authorized,0.3,7,0.001478,0.973215,0.972133,0.0,0.017884,0.001297,0.002918
MS-MARCO-RBAC,8000000,8000000,Lethe,different_role_still_authorized,0.3,8,0.00138,0.972961,0.971284,0.000821,0.01427,0.000164,0.00357
MS-MARCO-RBAC,8000000,8000000,Lethe,different_role_still_authorized,0.3,9,0.001137,0.971233,0.973284,0.001529,0.00898,0.00221,0.003204
MS-MARCO-RBAC,8000000,8000000,Lethe,ancestor_descendant_still_authorized,0.3,0,0.002281,0.973283,0.97258,0.00064,0.009574,0.001699,0.000944
MS-MARCO-RBAC,8000000,8000000,Lethe,ancestor_descendant_still_authorized,0.3,1,0.002173,0.974376,0.972012,0.001362,0.018917,0.001191,0.002381
MS-MARCO-RBAC,8000000,8000000,Lethe,ancestor_descendant_still_authorized,0.3,2,0.002548,0.97442,0.972282,0.002849,0.015609,0.001135,0.001263
MS-MARCO-RBAC,8000000,8000000,Lethe,ancestor_descendant_still_authorized,0.3,3,0.000789,0.973886,0.975219,0.001475,0.021845,0.002115,0.001078
MS-MARCO-RBAC,8000000,8000000,Lethe,ancestor_descendant_still_authorized,0.3,4,0.002423,0.972313,0.970428,0.003676,0.00549,0.001278,0.001625
MS-MARCO-RBAC,8000000,8000000,Lethe,ancestor_descendant_still_authorized,0.3,5,0.001047,0.973024,0.974116,0.001071,0.007175,0.000531,0.003264
MS-MARCO-RBAC,8000000,8000000,Lethe,ancestor_descendant_still_authorized,0.3,6,0.001085,0.973368,0.977261,0.0,0.019545,0.00244,0.004285
MS-MARCO-RBAC,8000000,8000000,Lethe,ancestor_descendant_still_authorized,0.3,7,0.000782,0.973442,0.974493,0.001043,0.025277,0.003716,0.0
MS-MARCO-RBAC,8000000,8000000,Lethe,ancestor_descendant_still_authorized,0.3,8,0.003039,0.969267,0.972602,0.002607,0.019312,0.003782,0.002234
MS-MARCO-RBAC,8000000,8000000,Lethe,ancestor_descendant_still_authorized,0.3,9,0.004012,0.970252,0.970984,0.001751,0.023548,0.001679,0.00399
MS-MARCO-RBAC,8000000,8000000,Lethe,revoked_user,0.4,0,0.009724,0.974137,0.971447,0.007792,0.00414,0.002233,0.003198
MS-MARCO-RBAC,8000000,8000000,Lethe,revoked_user,0.4,1,0.012458,0.974145,0.974866,0.010395,0.013749,0.000907,0.00182
MS-MARCO-RBAC,8000000,8000000,Lethe,revoked_user,0.4,2,0.014272,0.973135,0.974923,0.012713,0.014588,0.003672,0.001057
MS-MARCO-RBAC,8000000,8000000,Lethe,revoked_user,0.4,3,0.008212,0.973501,0.975284,0.006696,0.016361,0.001088,0.000292
MS-MARCO-RBAC,8000000,8000000,Lethe,revoked_user,0.4,4,0.01274,0.974462,0.973,0.009688,0.012182,0.001422,0.001012
MS-MARCO-RBAC,8000000,8000000,Lethe,revoked_user,0.4,5,0.011574,0.973881,0.973127,0.009081,0.012902,0.001952,4.3e-05
MS-MARCO-RBAC,8000000,8000000,Lethe,revoked_user,0.4,6,0.009686,0.974609,0.973833,0.008097,0.025496,0.000179,0.001705
MS-MARCO-RBAC,8000000,8000000,Lethe,revoked_user,0.4,7,0.010188,0.973079,0.973416,0.008636,0.0093,0.000724,0.002408
MS-MARCO-RBAC,8000000,8000000,Lethe,revoked_user,0.4,8,0.010404,0.972776,0.97223,0.009842,0.017603,0.001247,0.002461
MS-MARCO-RBAC,8000000,8000000,Lethe,revoked_user,0.4,9,0.009114,0.973702,0.972295,0.007369,0.021353,0.0,0.001975
MS-MARCO-RBAC,8000000,8000000,Lethe,same_role_still_authorized,0.4,0,0.036528,0.970327,0.973736,0.029712,0.006844,0.003321,0.002894
MS-MARCO-RBAC,8000000,8000000,Lethe,same_role_still_authorized,0.4,1,0.037347,0.972785,0.971068,0.031075,0.014655,0.003915,0.002059
MS-MARCO-RBAC,8000000,8000000,Lethe,same_role_still_authorized,0.4,2,0.043632,0.971898,0.971132,0.035273,0.01714,0.001431,0.001638
MS-MARCO-RBAC,8000000,8000000,Lethe,same_role_still_authorized,0.4,3,0.036477,0.973576,0.97441,0.02914,0.011489,0.001951,0.000475
MS-MARCO-RBAC,8000000,8000000,Lethe,same_role_still_authorized,0.4,4,0.046523,0.974987,0.972232,0.036887,0.006932,0.00343,0.002397
MS-MARCO-RBAC,8000000,8000000,Lethe,same_role_still_authorized,0.4,5,0.043403,0.972059,0.972677,0.035185,0.018011,0.001955,0.001452
MS-MARCO-RBAC,8000000,8000000,Lethe,same_role_still_authorized,0.4,6,0.042426,0.974717,0.973673,0.033124,0.01382,0.002098,0.001675
MS-MARCO-RBAC,8000000,8000000,Lethe,same_role_still_authorized,0.4,7,0.046153,0.974039,0.974458,0.037904,0.013391,0.000137,0.00145
MS-MARCO-RBAC,8000000,8000000,Lethe,same_role_still_authorized,0.4,8,0.037025,0.974502,0.973295,0.028822,0.019812,0.002353,0.003554
MS-MARCO-RBAC,8000000,8000000,Lethe,same_role_still_authorized,0.4,9,0.032938,0.969816,0.971983,0.025126,0.014536,0.001878,0.001707
MS-MARCO-RBAC,8000000,8000000,Lethe,different_role_still_authorized,0.4,0,0.002476,0.973434,0.978121,0.0,0.011491,0.001544,0.0
MS-MARCO-RBAC,8000000,8000000,Lethe,different_role_still_authorized,0.4,1,0.002499,0.973701,0.975017,0.002768,0.00708,0.001816,0.00131
MS-MARCO-RBAC,8000000,8000000,Lethe,different_role_still_authorized,0.4,2,0.0021,0.973589,0.97194,0.001957,0.009781,0.002113,0.003553
MS-MARCO-RBAC,8000000,8000000,Lethe,different_role_still_authorized,0.4,3,0.003695,0.975777,0.971117,0.002133,0.017269,0.0,0.002302
MS-MARCO-RBAC,8000000,8000000,Lethe,different_role_still_authorized,0.4,4,0.002335,0.974564,0.974257,0.0,0.011125,0.001208,0.001904
MS-MARCO-RBAC,8000000,8000000,Lethe,different_role_still_authorized,0.4,5,0.001599,0.973961,0.972533,0.001274,0.017453,0.000951,0.000677
MS-MARCO-RBAC,8000000,8000000,Lethe,different_role_still_authorized,0.4,6,0.002732,0.972145,0.971843,0.003187,0.018421,0.002958,0.000745
MS-MARCO-RBAC,8000000,8000000,Lethe,different_role_still_authorized,0.4,7,0.001403,0.974518,0.973292,0.002372,0.016297,0.002425,0.000899
MS-MARCO-RBAC,8000000,8000000,Lethe,different_role_still_authorized,0.4,8,0.003258,0.972388,0.97511,0.003895,0.023146,0.00253,0.002933
MS-MARCO-RBAC,8000000,8000000,Lethe,different_role_still_authorized,0.4,9,0.002699,0.972391,0.972916,0.00093,0.003885,0.001081,0.001987
MS-MARCO-RBAC,8000000,8000000,Lethe,ancestor_descendant_still_authorized,0.4,0,0.00179,0.974641,0.972712,0.000569,0.013514,0.001015,0.002561
MS-MARCO-RBAC,8000000,8000000,Lethe,ancestor_descendant_still_authorized,0.4,1,0.002701,0.973122,0.972585,0.003037,0.007897,0.001755,0.000223
MS-MARCO-RBAC,8000000,8000000,Lethe,ancestor_descendant_still_authorized,0.4,2,0.000938,0.973093,0.97487,0.001164,0.018446,0.002298,1.6e-05
MS-MARCO-RBAC,8000000,8000000,Lethe,ancestor_descendant_still_authorized,0.4,3,0.003015,0.975228,0.973019,0.001093,0.012135,0.000385,0.000581
MS-MARCO-RBAC,8000000,8000000,Lethe,ancestor_descendant_still_authorized,0.4,4,0.003302,0.972116,0.974103,0.001364,0.021261,0.001778,0.002675
MS-MARCO-RBAC,8000000,8000000,Lethe,ancestor_descendant_still_authorized,0.4,5,0.002728,0.974936,0.971548,0.001323,0.012547,0.001391,0.001707
MS-MARCO-RBAC,8000000,8000000,Lethe,ancestor_descendant_still_authorized,0.4,6,0.002289,0.976287,0.973234,0.001929,0.010675,0.002019,0.00059
MS-MARCO-RBAC,8000000,8000000,Lethe,ancestor_descendant_still_authorized,0.4,7,0.003949,0.971673,0.97238,0.003276,0.012795,0.001354,0.002892
MS-MARCO-RBAC,8000000,8000000,Lethe,ancestor_descendant_still_authorized,0.4,8,0.003366,0.972546,0.975909,0.00312,0.023509,0.001967,0.002061
MS-MARCO-RBAC,8000000,8000000,Lethe,ancestor_descendant_still_authorized,0.4,9,0.002732,0.974133,0.974306,0.001439,0.014243,0.002734,0.002661
MS-MARCO-RBAC,8000000,8000000,Lethe,revoked_user,0.5,0,0.013853,0.971592,0.969652,0.012051,0.015343,0.004048,0.002719
MS-MARCO-RBAC,8000000,8000000,Lethe,revoked_user,0.5,1,0.015385,0.973117,0.972475,0.01104,0.019862,0.002991,0.002937
MS-MARCO-RBAC,8000000,8000000,Lethe,revoked_user,0.5,2,0.011899,0.971967,0.974144,0.009954,0.01514,0.00189,0.002424
MS-MARCO-RBAC,8000000,8000000,Lethe,revoked_user,0.5,3,0.011077,0.975743,0.973231,0.008911,0.01618,0.001647,0.000344
MS-MARCO-RBAC,8000000,8000000,Lethe,revoked_user,0.5,4,0.014483,0.973426,0.972289,0.011505,0.012468,0.002233,0.002877
MS-MARCO-RBAC,8000000,8000000,Lethe,revoked_user,0.5,5,0.011676,0.971139,0.973738,0.009816,0.009339,6.8e-05,0.002032
MS-MARCO-RBAC,8000000,8000000,Lethe,revoked_user,0.5,6,0.013974,0.974834,0.971757,0.009401,0.009692,0.001395,0.002404
MS-MARCO-RBAC,8000000,8000000,Lethe,revoked_user,0.5,7,0.014728,0.972037,0.97628,0.013712,0.007216,0.000987,0.001505
MS-MARCO-RBAC,8000000,8000000,Lethe,revoked_user,0.5,8,0.014216,0.973117,0.975553,0.011821,0.010011,0.001517,0.001989
MS-MARCO-RBAC,8000000,8000000,Lethe,revoked_user,0.5,9,0.01482,0.972671,0.972122,0.010644,0.025792,0.001741,0.003365
MS-MARCO-RBAC,8000000,8000000,Lethe,same_role_still_authorized,0.5,0,0.041158,0.971335,0.974299,0.031568,0.014261,0.001992,0.003473
MS-MARCO-RBAC,8000000,8000000,Lethe,same_role_still_authorized,0.5,1,0.048222,0.973664,0.972811,0.037185,0.012433,0.0019,0.002284
MS-MARCO-RBAC,8000000,8000000,Lethe,same_role_still_authorized,0.5,2,0.04816,0.976146,0.973732,0.03928,0.015133,0.002321,0.000925
MS-MARCO-RBAC,8000000,8000000,Lethe,same_role_still_authorized,0.5,3,0.046004,0.973707,0.97138,0.035645,0.008826,0.00095,0.002408
MS-MARCO-RBAC,8000000,8000000,Lethe,same_role_still_authorized,0.5,4,0.045152,0.971216,0.973982,0.03743,0.004245,0.001596,0.001819
MS-MARCO-RBAC,8000000,8000000,Lethe,same_role_still_authorized,0.5,5,0.046462,0.97381,0.971809,0.038654,0.018936,0.004526,0.001184
MS-MARCO-RBAC,8000000,8000000,Lethe,same_role_still_authorized,0.5,6,0.042545,0.973349,0.972141,0.033171,0.009734,0.002862,0.00272
MS-MARCO-RBAC,8000000,8000000,Lethe,same_role_still_authorized,0.5,7,0.046267,0.9714,0.974023,0.037607,0.011554,0.002424,0.002029
MS-MARCO-RBAC,8000000,8000000,Lethe,same_role_still_authorized,0.5,8,0.039229,0.972206,0.972489,0.032639,0.019076,0.002412,0.000661
MS-MARCO-RBAC,8000000,8000000,Lethe,same_role_still_authorized,0.5,9,0.043821,0.971497,0.974181,0.037458,0.00667,0.002168,0.002983
MS-MARCO-RBAC,8000000,8000000,Lethe,different_role_still_authorized,0.5,0,0.002286,0.974053,0.97541,0.000598,0.020396,0.003074,0.001896
MS-MARCO-RBAC,8000000,8000000,Lethe,different_role_still_authorized,0.5,1,0.002063,0.970567,0.972965,0.0,0.011596,0.002351,0.0
MS-MARCO-RBAC,8000000,8000000,Lethe,different_role_still_authorized,0.5,2,0.00205,0.973445,0.97387,0.0,0.010448,0.001993,0.002549
MS-MARCO-RBAC,8000000,8000000,Lethe,different_role_still_authorized,0.5,3,0.004875,0.969364,0.972439,0.003485,0.019159,0.001065,0.002348
MS-MARCO-RBAC,8000000,8000000,Lethe,different_role_still_authorized,0.5,4,0.003754,0.975746,0.972843,0.002422,0.019847,0.001286,0.002508
MS-MARCO-RBAC,8000000,8000000,Lethe,different_role_still_authorized,0.5,5,0.002151,0.973537,0.973408,0.001969,0.017067,0.002305,0.002531
MS-MARCO-RBAC,8000000,8000000,Lethe,different_role_still_authorized,0.5,6,0.003061,0.973726,0.970088,0.002421,0.006134,0.000739,0.001675
MS-MARCO-RBAC,8000000,8000000,Lethe,different_role_still_authorized,0.5,7,0.003056,0.972719,0.975532,0.001301,0.027351,0.001169,0.001913
MS-MARCO-RBAC,8000000,8000000,Lethe,different_role_still_authorized,0.5,8,0.00191,0.972424,0.976831,0.0,0.010902,0.000691,0.001499
MS-MARCO-RBAC,8000000,8000000,Lethe,different_role_still_authorized,0.5,9,0.002183,0.973824,0.972715,0.00261,0.010249,5.8e-05,0.001797
MS-MARCO-RBAC,8000000,8000000,Lethe,ancestor_descendant_still_authorized,0.5,0,0.003455,0.974083,0.976513,0.004392,0.022447,0.003645,0.000501
MS-MARCO-RBAC,8000000,8000000,Lethe,ancestor_descendant_still_authorized,0.5,1,0.004022,0.974322,0.974437,0.003155,0.014403,0.000358,0.002421
MS-MARCO-RBAC,8000000,8000000,Lethe,ancestor_descendant_still_authorized,0.5,2,0.002414,0.97259,0.969679,0.002014,0.021553,0.000822,0.002994
MS-MARCO-RBAC,8000000,8000000,Lethe,ancestor_descendant_still_authorized,0.5,3,0.003319,0.973965,0.974142,0.003318,0.021986,0.002318,0.002416
MS-MARCO-RBAC,8000000,8000000,Lethe,ancestor_descendant_still_authorized,0.5,4,0.003617,0.971007,0.973793,0.002908,0.014377,0.001786,0.001277
MS-MARCO-RBAC,8000000,8000000,Lethe,ancestor_descendant_still_authorized,0.5,5,0.001993,0.97194,0.975712,0.002902,0.007412,0.002118,0.002687
MS-MARCO-RBAC,8000000,8000000,Lethe,ancestor_descendant_still_authorized,0.5,6,0.00166,0.974149,0.968828,0.0,0.020032,0.002825,0.003448
MS-MARCO-RBAC,8000000,8000000,Lethe,ancestor_descendant_still_authorized,0.5,7,0.002966,0.971795,0.971525,0.002252,0.01958,0.002973,0.001392
MS-MARCO-RBAC,8000000,8000000,Lethe,ancestor_descendant_still_authorized,0.5,8,0.00432,0.97304,0.974186,0.004882,0.016826,0.002474,0.0032
MS-MARCO-RBAC,8000000,8000000,Lethe,ancestor_descendant_still_authorized,0.5,9,0.004297,0.972459,0.971606,0.005207,0.020552,0.002902,0.000958
MS-MARCO-RBAC,8000000,8000000,Lethe,revoked_user,0.1,0,0.012762,0.973227,0.973001,0.011989,0.013283,0.003532,0.003436
MS-MARCO-RBAC,8000000,8000000,Lethe,revoked_user,0.1,1,0.007926,0.972372,0.971708,0.005141,0.020765,0.001448,0.002922
MS-MARCO-RBAC,8000000,8000000,Lethe,revoked_user,0.1,2,0.007175,0.973408,0.972576,0.004617,0.025391,0.003308,0.002116
MS-MARCO-RBAC,8000000,8000000,Lethe,revoked_user,0.1,3,0.012171,0.972162,0.972295,0.010269,0.020752,0.001986,0.0
MS-MARCO-RBAC,8000000,8000000,Lethe,revoked_user,0.1,4,0.008038,0.973198,0.97363,0.00658,0.016528,0.001992,0.001887
MS-MARCO-RBAC,8000000,8000000,Lethe,revoked_user,0.1,5,0.007515,0.968398,0.972553,0.006977,0.010793,0.002352,0.000493
MS-MARCO-RBAC,8000000,8000000,Lethe,revoked_user,0.1,6,0.008697,0.974645,0.972744,0.005754,0.024345,0.001046,0.001071
MS-MARCO-RBAC,8000000,8000000,Lethe,revoked_user,0.1,7,0.00472,0.97356,0.976169,0.004657,0.009705,0.001811,0.003535
MS-MARCO-RBAC,8000000,8000000,Lethe,revoked_user,0.1,8,0.01075,0.974676,0.971625,0.007551,0.009044,0.002312,0.00285
MS-MARCO-RBAC,8000000,8000000,Lethe,revoked_user,0.1,9,0.010556,0.974865,0.971582,0.00895,0.005072,0.003633,0.002045
MS-MARCO-RBAC,8000000,8000000,Lethe,same_role_still_authorized,0.1,0,0.001996,0.974196,0.975715,0.001773,0.009694,0.001298,0.002249
MS-MARCO-RBAC,8000000,8000000,Lethe,same_role_still_authorized,0.1,1,0.003743,0.972853,0.970778,0.004041,0.020309,0.003437,0.002302
MS-MARCO-RBAC,8000000,8000000,Lethe,same_role_still_authorized,0.1,2,0.001151,0.969535,0.97104,0.0,0.024683,0.00213,0.001812
MS-MARCO-RBAC,8000000,8000000,Lethe,same_role_still_authorized,0.1,3,0.002488,0.974583,0.972099,0.002371,0.025602,0.001603,0.003915
MS-MARCO-RBAC,8000000,8000000,Lethe,same_role_still_authorized,0.1,4,0.001589,0.973508,0.974285,0.001477,0.014386,0.0,0.001614
MS-MARCO-RBAC,8000000,8000000,Lethe,same_role_still_authorized,0.1,5,0.000755,0.972084,0.976011,0.0,0.01842,0.003183,0.001441
MS-MARCO-RBAC,8000000,8000000,Lethe,same_role_still_authorized,0.1,6,0.001123,0.974502,0.972936,0.000546,0.019902,0.003045,0.001618
MS-MARCO-RBAC,8000000,8000000,Lethe,same_role_still_authorized,0.1,7,0.00193,0.971675,0.973598,0.000932,0.011983,0.003015,0.000815
MS-MARCO-RBAC,8000000,8000000,Lethe,same_role_still_authorized,0.1,8,0.002672,0.97235,0.97101,0.001441,0.006744,0.002536,0.001604
MS-MARCO-RBAC,8000000,8000000,Lethe,same_role_still_authorized,0.1,9,0.001953,0.973703,0.971642,0.002626,0.010842,0.002469,0.002797
MS-MARCO-RBAC,8000000,8000000,Lethe,different_role_still_authorized,0.1,0,0.002291,0.972542,0.974351,0.001689,0.013929,0.003378,0.00102
MS-MARCO-RBAC,8000000,8000000,Lethe,different_role_still_authorized,0.1,1,0.002329,0.974536,0.97286,0.001937,0.010232,0.004114,0.001368
MS-MARCO-RBAC,8000000,8000000,Lethe,different_role_still_authorized,0.1,2,0.001616,0.972142,0.97369,0.002383,0.012414,0.003143,0.002357
MS-MARCO-RBAC,8000000,8000000,Lethe,different_role_still_authorized,0.1,3,0.001748,0.973395,0.971378,0.001703,0.020901,0.001044,0.003241
MS-MARCO-RBAC,8000000,8000000,Lethe,different_role_still_authorized,0.1,4,0.0,0.975406,0.973153,2.1e-05,0.012882,0.000464,0.002904
MS-MARCO-RBAC,8000000,8000000,Lethe,different_role_still_authorized,0.1,5,0.001995,0.973582,0.972993,0.002186,0.017541,0.001855,0.002025
MS-MARCO-RBAC,8000000,8000000,Lethe,different_role_still_authorized,0.1,6,0.002458,0.973443,0.974882,0.004178,0.01913,0.000531,0.002109
MS-MARCO-RBAC,8000000,8000000,Lethe,different_role_still_authorized,0.1,7,0.002097,0.972499,0.972311,0.000689,0.008594,0.002432,0.001626
MS-MARCO-RBAC,8000000,8000000,Lethe,different_role_still_authorized,0.1,8,0.003401,0.97357,0.974848,0.002573,0.00479,0.003017,0.001922
MS-MARCO-RBAC,8000000,8000000,Lethe,different_role_still_authorized,0.1,9,0.002705,0.972686,0.972695,0.003167,0.01606,0.002411,0.001552
MS-MARCO-RBAC,8000000,8000000,Lethe,ancestor_descendant_still_authorized,0.1,0,0.001993,0.972711,0.975047,0.001256,0.012496,0.001788,0.001217
MS-MARCO-RBAC,8000000,8000000,Lethe,ancestor_descendant_still_authorized,0.1,1,0.003786,0.975431,0.975071,0.002321,0.005145,0.002752,0.002731
MS-MARCO-RBAC,8000000,8000000,Lethe,ancestor_descendant_still_authorized,0.1,2,0.0,0.970492,0.971478,0.0,0.008408,0.003152,0.002456
MS-MARCO-RBAC,8000000,8000000,Lethe,ancestor_descendant_still_authorized,0.1,3,0.002197,0.971909,0.971752,0.001414,0.018522,0.002294,0.00227
MS-MARCO-RBAC,8000000,8000000,Lethe,ancestor_descendant_still_authorized,0.1,4,0.001349,0.974896,0.973111,0.002306,0.021003,0.00193,0.002364
MS-MARCO-RBAC,8000000,8000000,Lethe,ancestor_descendant_still_authorized,0.1,5,0.003043,0.973624,0.972772,0.002336,0.02088,0.002125,0.000447
MS-MARCO-RBAC,8000000,8000000,Lethe,ancestor_descendant_still_authorized,0.1,6,0.004664,0.973729,0.969557,0.004045,0.01186,0.000909,0.003122
MS-MARCO-RBAC,8000000,8000000,Lethe,ancestor_descendant_still_authorized,0.1,7,0.003926,0.97564,0.973288,0.004528,0.018725,0.001218,0.000411
MS-MARCO-RBAC,8000000,8000000,Lethe,ancestor_descendant_still_authorized,0.1,8,0.001621,0.971098,0.970214,0.0007,0.007152,0.001707,0.002985
MS-MARCO-RBAC,8000000,8000000,Lethe,ancestor_descendant_still_authorized,0.1,9,0.000802,0.971985,0.972243,0.001335,0.01339,0.002295,0.001786
MS-MARCO-RBAC,8000000,8000000,Lethe,revoked_user,0.2,0,0.00583,0.975436,0.971691,0.004609,0.018479,0.002211,0.00226
MS-MARCO-RBAC,8000000,8000000,Lethe,revoked_user,0.2,1,0.005824,0.973715,0.970453,0.00448,0.010047,0.001811,0.002886
MS-MARCO-RBAC,8000000,8000000,Lethe,revoked_user,0.2,2,0.008661,0.97059,0.973043,0.005208,0.010982,0.001107,0.000181
MS-MARCO-RBAC,8000000,8000000,Lethe,revoked_user,0.2,3,0.009106,0.971995,0.974981,0.007255,0.011721,0.000515,0.002628
MS-MARCO-RBAC,8000000,8000000,Lethe,revoked_user,0.2,4,0.008429,0.974334,0.974605,0.006454,0.012099,0.000881,0.002444
MS-MARCO-RBAC,8000000,8000000,Lethe,revoked_user,0.2,5,0.00654,0.970503,0.972734,0.006159,0.015247,0.003556,0.003877
MS-MARCO-RBAC,8000000,8000000,Lethe,revoked_user,0.2,6,0.007687,0.974444,0.972242,0.00336,0.02006,0.003797,0.001098
MS-MARCO-RBAC,8000000,8000000,Lethe,revoked_user,0.2,7,0.011777,0.973163,0.970717,0.0111,0.009806,0.003006,0.002625
MS-MARCO-RBAC,8000000,8000000,Lethe,revoked_user,0.2,8,0.005855,0.973234,0.973103,0.004438,0.020547,0.00171,0.001952
MS-MARCO-RBAC,8000000,8000000,Lethe,revoked_user,0.2,9,0.00897,0.975463,0.97308,0.006987,0.026459,0.002471,0.001825
MS-MARCO-RBAC,8000000,8000000,Lethe,same_role_still_authorized,0.2,0,0.001782,0.974859,0.97334,0.0,0.011586,0.002054,0.001968
MS-MARCO-RBAC,8000000,8000000,Lethe,same_role_still_authorized,0.2,1,0.003972,0.974207,0.97235,0.003397,0.002758,0.001357,0.000707
MS-MARCO-RBAC,8000000,8000000,Lethe,same_role_still_authorized,0.2,2,0.001113,0.973791,0.974269,0.000148,0.013291,0.003488,0.001269
MS-MARCO-RBAC,8000000,8000000,Lethe,same_role_still_authorized,0.2,3,0.002231,0.973303,0.972501,0.001958,0.017878,0.001956,0.003979
MS-MARCO-RBAC,8000000,8000000,Lethe,same_role_still_authorized,0.2,4,0.001865,0.972,0.971597,0.002748,0.012325,0.00288,0.002091
MS-MARCO-RBAC,8000000,8000000,Lethe,same_role_still_authorized,0.2,5,0.002988,0.977073,0.971902,0.002364,0.027117,0.003053,0.001813
MS-MARCO-RBAC,8000000,8000000,Lethe,same_role_still_authorized,0.2,6,0.00241,0.972765,0.972882,0.001841,0.008529,0.00059,0.003231
MS-MARCO-RBAC,8000000,8000000,Lethe,same_role_still_authorized,0.2,7,0.002479,0.975155,0.974368,0.000226,0.020719,0.002037,0.002373
MS-MARCO-RBAC,8000000,8000000,Lethe,same_role_still_authorized,0.2,8,0.001411,0.972551,0.972404,0.0,0.014088,0.001454,0.00308
MS-MARCO-RBAC,8000000,8000000,Lethe,same_role_still_authorized,0.2,9,0.002539,0.974887,0.971523,0.000749,0.013495,0.004126,0.000297
MS-MARCO-RBAC,8000000,8000000,Lethe,different_role_still_authorized,0.2,0,0.001888,0.971577,0.973753,0.000441,0.018426,0.003846,0.001162
MS-MARCO-RBAC,8000000,8000000,Lethe,different_role_still_authorized,0.2,1,0.002141,0.974446,0.974462,0.002219,0.000612,0.0,0.002281
MS-MARCO-RBAC,8000000,8000000,Lethe,different_role_still_authorized,0.2,2,0.002091,0.973918,0.972724,0.002497,0.012553,0.003739,0.001439
MS-MARCO-RBAC,8000000,8000000,Lethe,different_role_still_authorized,0.2,3,0.001561,0.972287,0.974064,0.001827,0.01979,0.00201,0.00345
MS-MARCO-RBAC,8000000,8000000,Lethe,different_role_still_authorized,0.2,4,0.00143,0.970769,0.972585,0.002215,0.015828,0.002055,0.000143
MS-MARCO-RBAC,8000000,8000000,Lethe,different_role_still_authorized,0.2,5,0.00048,0.972459,0.972714,5.9e-05,0.016856,0.000505,0.00175
MS-MARCO-RBAC,8000000,8000000,Lethe,different_role_still_authorized,0.2,6,0.002502,0.971195,0.974381,0.002065,0.009205,0.000539,0.000508
MS-MARCO-RBAC,8000000,8000000,Lethe,different_role_still_authorized,0.2,7,0.0015,0.975131,0.971063,0.001493,0.018325,0.001709,0.000882
MS-MARCO-RBAC,8000000,8000000,Lethe,different_role_still_authorized,0.2,8,0.002504,0.973351,0.971341,0.001189,0.015222,0.001005,0.001836
MS-MARCO-RBAC,8000000,8000000,Lethe,different_role_still_authorized,0.2,9,0.002546,0.973498,0.970661,0.0,0.009683,0.000157,0.002927
MS-MARCO-RBAC,8000000,8000000,Lethe,ancestor_descendant_still_authorized,0.2,0,0.003448,0.974261,0.973957,0.001879,0.012345,0.002449,0.003149
MS-MARCO-RBAC,8000000,8000000,Lethe,ancestor_descendant_still_authorized,0.2,1,0.002507,0.973435,0.97227,0.000223,0.014507,0.001705,0.002639
MS-MARCO-RBAC,8000000,8000000,Lethe,ancestor_descendant_still_authorized,0.2,2,0.00245,0.974002,0.974067,0.00085,0.007989,0.002968,0.001611
MS-MARCO-RBAC,8000000,8000000,Lethe,ancestor_descendant_still_authorized,0.2,3,0.002775,0.973563,0.973404,0.00361,0.018819,0.00081,0.002097
MS-MARCO-RBAC,8000000,8000000,Lethe,ancestor_descendant_still_authorized,0.2,4,0.00258,0.973861,0.96871,0.000615,0.005023,0.00146,0.000266
MS-MARCO-RBAC,8000000,8000000,Lethe,ancestor_descendant_still_authorized,0.2,5,0.003138,0.971889,0.972979,0.002319,0.014474,0.001874,0.002073
MS-MARCO-RBAC,8000000,8000000,Lethe,ancestor_descendant_still_authorized,0.2,6,0.000402,0.97238,0.971541,0.001432,0.017282,0.002361,0.002488
MS-MARCO-RBAC,8000000,8000000,Lethe,ancestor_descendant_still_authorized,0.2,7,0.001886,0.972733,0.972812,0.00189,0.013577,0.001653,0.003029
MS-MARCO-RBAC,8000000,8000000,Lethe,ancestor_descendant_still_authorized,0.2,8,0.001428,0.972744,0.973428,0.001415,0.015406,0.003207,0.003742
MS-MARCO-RBAC,8000000,8000000,Lethe,ancestor_descendant_still_authorized,0.2,9,0.0,0.973397,0.971762,0.0,0.023664,0.002374,0.003193
MS-MARCO-RBAC,8000000,8000000,Lethe,revoked_user,0.3,0,0.008959,0.975045,0.972477,0.007094,0.027374,0.002866,0.001778
MS-MARCO-RBAC,8000000,8000000,Lethe,revoked_user,0.3,1,0.012102,0.972896,0.970301,0.009235,0.01562,0.001988,0.003169
MS-MARCO-RBAC,8000000,8000000,Lethe,revoked_user,0.3,2,0.011117,0.972565,0.97362,0.008405,0.016339,0.001947,0.002734
MS-MARCO-RBAC,8000000,8000000,Lethe,revoked_user,0.3,3,0.009286,0.97427,0.972105,0.008274,0.017597,0.002819,0.001621
MS-MARCO-RBAC,8000000,8000000,Lethe,revoked_user,0.3,4,0.01034,0.973008,0.97757,0.009109,0.017285,0.00224,0.000766
MS-MARCO-RBAC,8000000,8000000,Lethe,revoked_user,0.3,5,0.007605,0.969147,0.973539,0.006212,0.011543,0.002353,0.00096
MS-MARCO-RBAC,8000000,8000000,Lethe,revoked_user,0.3,6,0.014227,0.971076,0.97431,0.010582,0.020969,0.002037,0.000984
MS-MARCO-RBAC,8000000,8000000,Lethe,revoked_user,0.3,7,0.01274,0.972785,0.974292,0.010302,0.019184,0.002096,0.0
MS-MARCO-RBAC,8000000,8000000,Lethe,revoked_user,0.3,8,0.009271,0.972245,0.97315,0.007801,0.012143,0.00142,0.003728
MS-MARCO-RBAC,8000000,8000000,Lethe,revoked_user,0.3,9,0.011514,0.974921,0.974901,0.008891,0.021045,0.000975,0.00151
MS-MARCO-RBAC,8000000,8000000,Lethe,same_role_still_authorized,0.3,0,0.003425,0.973533,0.973528,0.002413,0.013253,0.002028,3e-06
MS-MARCO-RBAC,8000000,8000000,Lethe,same_role_still_authorized,0.3,1,0.002355,0.974519,0.972028,0.001316,0.026362,0.002358,0.002953
MS-MARCO-RBAC,8000000,8000000,Lethe,same_role_still_authorized,0.3,2,0.002147,0.972691,0.969476,0.002283,0.014895,0.003373,0.000508
MS-MARCO-RBAC,8000000,8000000,Lethe,same_role_still_authorized,0.3,3,0.000555,0.973739,0.97245,0.00014,0.008789,0.000622,0.003636
MS-MARCO-RBAC,8000000,8000000,Lethe,same_role_still_authorized,0.3,4,0.002758,0.972972,0.974882,0.001649,0.017222,0.002888,0.002464
MS-MARCO-RBAC,8000000,8000000,Lethe,same_role_still_authorized,0.3,5,0.003378,0.973158,0.973771,0.003678,0.015323,0.001315,0.003496
MS-MARCO-RBAC,8000000,8000000,Lethe,same_role_still_authorized,0.3,6,0.001652,0.973225,0.973123,0.002733,0.010546,0.003629,0.001168
MS-MARCO-RBAC,8000000,8000000,Lethe,same_role_still_authorized,0.3,7,0.001116,0.972195,0.973658,0.000873,0.014708,0.001751,0.001604
MS-MARCO-RBAC,8000000,8000000,Lethe,same_role_still_authorized,0.3,8,0.001403,0.973122,0.973536,0.004128,0.018381,0.001628,0.000937
MS-MARCO-RBAC,8000000,8000000,Lethe,same_role_still_authorized,0.3,9,0.00136,0.972594,0.970943,0.0,0.014296,0.002365,0.003921
MS-MARCO-RBAC,8000000,8000000,Lethe,different_role_still_authorized,0.3,0,0.003491,0.976636,0.972505,0.002767,0.019053,0.001964,0.000899
MS-MARCO-RBAC,8000000,8000000,Lethe,different_role_still_authorized,0.3,1,0.002348,0.972138,0.971659,0.002656,0.012732,0.003266,0.000835
MS-MARCO-RBAC,8000000,8000000,Lethe,different_role_still_authorized,0.3,2,0.003442,0.972553,0.972316,0.002266,0.015245,0.001742,0.001717
MS-MARCO-RBAC,8000000,8000000,Lethe,different_role_still_authorized,0.3,3,0.002266,0.97234,0.975327,0.002121,0.013306,0.003092,0.0017
MS-MARCO-RBAC,8000000,8000000,Lethe,different_role_still_authorized,0.3,4,0.002957,0.971025,0.976078,0.002976,0.009363,0.002459,0.002314
MS-MARCO-RBAC,8000000,8000000,Lethe,different_role_still_authorized,0.3,5,0.003378,0.973155,0.973316,0.002417,0.007303,0.000835,0.002603
MS-MARCO-RBAC,8000000,8000000,Lethe,different_role_still_authorized,0.3,6,0.00418,0.973666,0.972544,0.002305,0.012813,0.002363,0.002846
MS-MARCO-RBAC,8000000,8000000,Lethe,different_role_still_authorized,0.3,7,0.00262,0.971944,0.974362,0.003105,0.014477,0.001635,0.000443
MS-MARCO-RBAC,8000000,8000000,Lethe,different_role_still_authorized,0.3,8,0.001851,0.973606,0.970781,0.000453,0.02544,0.00188,0.0
MS-MARCO-RBAC,8000000,8000000,Lethe,different_role_still_authorized,0.3,9,0.002974,0.972077,0.971625,0.002934,0.017719,0.003279,0.003207
MS-MARCO-RBAC,8000000,8000000,Lethe,ancestor_descendant_still_authorized,0.3,0,0.002058,0.972122,0.974756,0.003378,0.019063,0.002803,0.003919
MS-MARCO-RBAC,8000000,8000000,Lethe,ancestor_descendant_still_authorized,0.3,1,0.002819,0.972832,0.972197,0.002408,0.017081,0.0,0.002243
MS-MARCO-RBAC,8000000,8000000,Lethe,ancestor_descendant_still_authorized,0.3,2,0.003286,0.971694,0.974749,0.002874,0.014728,0.003854,0.003141
MS-MARCO-RBAC,8000000,8000000,Lethe,ancestor_descendant_still_authorized,0.3,3,0.003324,0.974577,0.973326,0.002739,0.005695,0.002627,0.001469
MS-MARCO-RBAC,8000000,8000000,Lethe,ancestor_descendant_still_authorized,0.3,4,0.00222,0.976566,0.973202,0.001928,0.019488,0.001757,0.001155
MS-MARCO-RBAC,8000000,8000000,Lethe,ancestor_descendant_still_authorized,0.3,5,0.003218,0.972186,0.975107,0.002364,0.015147,0.002149,0.00194
MS-MARCO-RBAC,8000000,8000000,Lethe,ancestor_descendant_still_authorized,0.3,6,0.00281,0.975773,0.974228,0.001462,0.023674,0.001619,0.001533
MS-MARCO-RBAC,8000000,8000000,Lethe,ancestor_descendant_still_authorized,0.3,7,0.0,0.97031,0.976508,0.0,0.020829,0.00079,0.001847
MS-MARCO-RBAC,8000000,8000000,Lethe,ancestor_descendant_still_authorized,0.3,8,0.003512,0.975757,0.970244,0.001943,0.007492,0.00251,0.001453
MS-MARCO-RBAC,8000000,8000000,Lethe,ancestor_descendant_still_authorized,0.3,9,0.000538,0.972857,0.975091,0.001717,0.010941,0.001414,0.002754
MS-MARCO-RBAC,8000000,8000000,Lethe,revoked_user,0.4,0,0.01436,0.975195,0.973982,0.010101,0.017542,0.001287,0.001166
MS-MARCO-RBAC,8000000,8000000,Lethe,revoked_user,0.4,1,0.009799,0.971495,0.976319,0.008376,0.00934,0.003459,0.000976
MS-MARCO-RBAC,8000000,8000000,Lethe,revoked_user,0.4,2,0.013839,0.972298,0.97107,0.011486,0.019216,0.001546,0.001726
MS-MARCO-RBAC,8000000,8000000,Lethe,revoked_user,0.4,3,0.014683,0.9746,0.974507,0.011075,0.017857,0.001402,0.001354
MS-MARCO-RBAC,8000000,8000000,Lethe,revoked_user,0.4,4,0.013241,0.970081,0.971086,0.011932,0.018434,0.00253,0.002737
MS-MARCO-RBAC,8000000,8000000,Lethe,revoked_user,0.4,5,0.010055,0.973712,0.972431,0.008117,0.008621,0.001968,0.002479
MS-MARCO-RBAC,8000000,8000000,Lethe,revoked_user,0.4,6,0.010836,0.97551,0.972407,0.0075,0.009427,0.000893,0.002175
MS-MARCO-RBAC,8000000,8000000,Lethe,revoked_user,0.4,7,0.01294,0.972944,0.970842,0.011748,0.004428,0.001376,0.001027
MS-MARCO-RBAC,8000000,8000000,Lethe,revoked_user,0.4,8,0.0139,0.97412,0.972731,0.008373,0.012247,0.001743,0.002186
MS-MARCO-RBAC,8000000,8000000,Lethe,revoked_user,0.4,9,0.012853,0.973874,0.971394,0.008601,0.019156,0.00358,0.001477
MS-MARCO-RBAC,8000000,8000000,Lethe,same_role_still_authorized,0.4,0,0.00384,0.97283,0.971674,0.002517,0.007588,0.002189,0.003379
MS-MARCO-RBAC,8000000,8000000,Lethe,same_role_still_authorized,0.4,1,0.001405,0.969795,0.973813,0.000963,0.021251,0.0012,0.001543
MS-MARCO-RBAC,8000000,8000000,Lethe,same_role_still_authorized,0.4,2,0.002992,0.971253,0.972694,0.002173,0.013358,0.001843,0.001611
MS-MARCO-RBAC,8000000,8000000,Lethe,same_role_still_authorized,0.4,3,0.00154,0.973913,0.970808,0.000677,0.014815,0.001962,0.002073
MS-MARCO-RBAC,8000000,8000000,Lethe,same_role_still_authorized,0.4,4,0.002565,0.972069,0.972227,0.002707,0.021514,0.0,0.001564
MS-MARCO-RBAC,8000000,8000000,Lethe,same_role_still_authorized,0.4,5,0.002294,0.972156,0.974823,0.002085,0.012504,0.002263,0.001524
MS-MARCO-RBAC,8000000,8000000,Lethe,same_role_still_authorized,0.4,6,0.00327,0.972372,0.973097,0.001937,0.017255,0.001839,0.001715
MS-MARCO-RBAC,8000000,8000000,Lethe,same_role_still_authorized,0.4,7,0.003122,0.971924,0.973253,0.002487,0.008952,0.000512,0.002296
MS-MARCO-RBAC,8000000,8000000,Lethe,same_role_still_authorized,0.4,8,0.003506,0.973064,0.972194,0.004924,0.005725,0.001254,0.00116
MS-MARCO-RBAC,8000000,8000000,Lethe,same_role_still_authorized,0.4,9,0.002852,0.971829,0.970559,0.003096,0.016028,0.001966,0.003166
MS-MARCO-RBAC,8000000,8000000,Lethe,different_role_still_authorized,0.4,0,0.002725,0.97285,0.973396,0.001096,0.008284,0.001629,0.000267
MS-MARCO-RBAC,8000000,8000000,Lethe,different_role_still_authorized,0.4,1,0.002812,0.973288,0.973782,0.000333,0.017081,0.002312,0.001137
MS-MARCO-RBAC,8000000,8000000,Lethe,different_role_still_authorized,0.4,2,0.003012,0.971952,0.972512,0.002326,0.014078,0.002524,0.00132
MS-MARCO-RBAC,8000000,8000000,Lethe,different_role_still_authorized,0.4,3,0.003976,0.973692,0.974155,0.003426,0.014821,0.002932,0.001592
MS-MARCO-RBAC,8000000,8000000,Lethe,different_role_still_authorized,0.4,4,0.002289,0.975498,0.973553,0.001523,0.010293,0.001851,0.003082
MS-MARCO-RBAC,8000000,8000000,Lethe,different_role_still_authorized,0.4,5,0.002934,0.974413,0.9736,0.002669,0.017388,0.004094,0.001684
MS-MARCO-RBAC,8000000,8000000,Lethe,different_role_still_authorized,0.4,6,0.002063,0.971464,0.972422,0.001132,0.023548,0.002934,0.002517
MS-MARCO-RBAC,8000000,8000000,Lethe,different_role_still_authorized,0.4,7,0.002459,0.972657,0.972923,0.001551,0.019956,0.001175,0.002171
MS-MARCO-RBAC,8000000,8000000,Lethe,different_role_still_authorized,0.4,8,0.001736,0.97342,0.9718,0.002502,0.017681,0.002394,0.001511
MS-MARCO-RBAC,8000000,8000000,Lethe,different_role_still_authorized,0.4,9,0.002563,0.971807,0.970961,0.002866,0.018161,0.001896,0.001571
MS-MARCO-RBAC,8000000,8000000,Lethe,ancestor_descendant_still_authorized,0.4,0,0.004772,0.97159,0.975051,0.002545,0.006027,0.00226,0.002078
MS-MARCO-RBAC,8000000,8000000,Lethe,ancestor_descendant_still_authorized,0.4,1,0.002976,0.971682,0.972401,0.00336,0.010808,0.001903,0.003263
MS-MARCO-RBAC,8000000,8000000,Lethe,ancestor_descendant_still_authorized,0.4,2,0.002142,0.972043,0.972233,0.001926,0.007799,0.000841,0.000477
MS-MARCO-RBAC,8000000,8000000,Lethe,ancestor_descendant_still_authorized,0.4,3,0.004724,0.97436,0.97299,0.003748,0.014492,0.000933,0.00129
MS-MARCO-RBAC,8000000,8000000,Lethe,ancestor_descendant_still_authorized,0.4,4,0.001596,0.971759,0.97429,0.000687,0.013079,0.003406,0.001132
MS-MARCO-RBAC,8000000,8000000,Lethe,ancestor_descendant_still_authorized,0.4,5,0.003069,0.971426,0.974783,0.003048,0.011266,0.003455,0.001861
MS-MARCO-RBAC,8000000,8000000,Lethe,ancestor_descendant_still_authorized,0.4,6,0.003632,0.973616,0.971981,0.003988,0.011771,0.001762,0.002929
MS-MARCO-RBAC,8000000,8000000,Lethe,ancestor_descendant_still_authorized,0.4,7,0.002711,0.970082,0.973118,0.003826,0.016216,0.003532,0.002299
MS-MARCO-RBAC,8000000,8000000,Lethe,ancestor_descendant_still_authorized,0.4,8,0.001596,0.974833,0.974276,0.001808,0.013055,0.001221,0.000807
MS-MARCO-RBAC,8000000,8000000,Lethe,ancestor_descendant_still_authorized,0.4,9,0.000655,0.9721,0.974203,0.001859,0.018469,0.002381,0.002472
MS-MARCO-RBAC,8000000,8000000,Lethe,revoked_user,0.5,0,0.015357,0.969884,0.974647,0.012015,0.014103,0.002393,0.001896
MS-MARCO-RBAC,8000000,8000000,Lethe,revoked_user,0.5,1,0.015371,0.973992,0.974393,0.01043,0.008326,0.002602,0.002946
MS-MARCO-RBAC,8000000,8000000,Lethe,revoked_user,0.5,2,0.013615,0.97298,0.969805,0.010906,0.013861,0.001082,0.003982
MS-MARCO-RBAC,8000000,8000000,Lethe,revoked_user,0.5,3,0.013517,0.974842,0.972809,0.011179,0.008951,0.002956,0.001502
MS-MARCO-RBAC,8000000,8000000,Lethe,revoked_user,0.5,4,0.014731,0.970981,0.974038,0.010981,0.007376,0.001394,0.001686
MS-MARCO-RBAC,8000000,8000000,Lethe,revoked_user,0.5,5,0.012953,0.972322,0.974502,0.010135,0.017584,0.003468,0.002938
MS-MARCO-RBAC,8000000,8000000,Lethe,revoked_user,0.5,6,0.012713,0.973343,0.973833,0.010231,0.016403,0.0018,0.002793
MS-MARCO-RBAC,8000000,8000000,Lethe,revoked_user,0.5,7,0.011664,0.973678,0.971112,0.008465,0.01508,0.001699,0.001887
MS-MARCO-RBAC,8000000,8000000,Lethe,revoked_user,0.5,8,0.014341,0.972746,0.971141,0.012959,0.019002,0.003148,0.001902
MS-MARCO-RBAC,8000000,8000000,Lethe,revoked_user,0.5,9,0.012747,0.973763,0.970908,0.009554,0.017297,0.002956,0.002521
MS-MARCO-RBAC,8000000,8000000,Lethe,same_role_still_authorized,0.5,0,0.002243,0.974496,0.972496,0.001302,0.019502,0.002321,0.001884
MS-MARCO-RBAC,8000000,8000000,Lethe,same_role_still_authorized,0.5,1,0.002811,0.972715,0.972322,0.002892,0.01002,0.002522,0.002378
MS-MARCO-RBAC,8000000,8000000,Lethe,same_role_still_authorized,0.5,2,0.003792,0.973145,0.973134,0.001761,0.020112,0.001406,0.00236
MS-MARCO-RBAC,8000000,8000000,Lethe,same_role_still_authorized,0.5,3,0.002592,0.972126,0.974521,0.001549,0.01234,0.000837,0.001066
MS-MARCO-RBAC,8000000,8000000,Lethe,same_role_still_authorized,0.5,4,0.002464,0.972295,0.976378,0.001465,0.01158,0.003261,0.000873
MS-MARCO-RBAC,8000000,8000000,Lethe,same_role_still_authorized,0.5,5,0.002566,0.972682,0.972537,0.003223,0.008882,0.002412,0.00217
MS-MARCO-RBAC,8000000,8000000,Lethe,same_role_still_authorized,0.5,6,0.003553,0.97509,0.973937,0.003817,0.015706,0.003523,0.003497
MS-MARCO-RBAC,8000000,8000000,Lethe,same_role_still_authorized,0.5,7,0.001875,0.973093,0.9746,0.001738,0.009249,0.001972,0.001377
MS-MARCO-RBAC,8000000,8000000,Lethe,same_role_still_authorized,0.5,8,0.002134,0.970585,0.971775,0.004191,0.015028,0.001102,0.001786
MS-MARCO-RBAC,8000000,8000000,Lethe,same_role_still_authorized,0.5,9,0.00286,0.973415,0.973723,0.003049,0.017096,0.003377,0.003178
MS-MARCO-RBAC,8000000,8000000,Lethe,different_role_still_authorized,0.5,0,0.002215,0.971757,0.974574,0.001425,0.015044,0.002015,0.002786
MS-MARCO-RBAC,8000000,8000000,Lethe,different_role_still_authorized,0.5,1,0.003353,0.970822,0.973897,0.001481,0.006508,0.001725,0.001738
MS-MARCO-RBAC,8000000,8000000,Lethe,different_role_still_authorized,0.5,2,0.003261,0.971589,0.974177,0.002192,0.023125,0.001541,0.002623
MS-MARCO-RBAC,8000000,8000000,Lethe,different_role_still_authorized,0.5,3,0.002217,0.971122,0.972163,0.002272,0.018593,0.002094,0.003577
MS-MARCO-RBAC,8000000,8000000,Lethe,different_role_still_authorized,0.5,4,0.002367,0.972314,0.974759,0.001497,0.013107,0.001688,0.006187
MS-MARCO-RBAC,8000000,8000000,Lethe,different_role_still_authorized,0.5,5,0.001991,0.974154,0.973823,0.0,0.004599,0.002526,0.002871
MS-MARCO-RBAC,8000000,8000000,Lethe,different_role_still_authorized,0.5,6,0.003889,0.973831,0.973534,0.002744,0.013706,0.001733,0.001848
MS-MARCO-RBAC,8000000,8000000,Lethe,different_role_still_authorized,0.5,7,0.002589,0.974084,0.97404,0.002595,0.020123,0.003447,0.002722
MS-MARCO-RBAC,8000000,8000000,Lethe,different_role_still_authorized,0.5,8,0.002341,0.97154,0.973501,0.002706,0.014336,0.002101,0.001899
MS-MARCO-RBAC,8000000,8000000,Lethe,different_role_still_authorized,0.5,9,0.000618,0.973609,0.973823,0.000252,0.018324,0.001648,0.002969
MS-MARCO-RBAC,8000000,8000000,Lethe,ancestor_descendant_still_authorized,0.5,0,0.002334,0.974104,0.974142,0.000198,0.020027,0.00348,0.00175
MS-MARCO-RBAC,8000000,8000000,Lethe,ancestor_descendant_still_authorized,0.5,1,0.002738,0.973656,0.973352,0.003057,0.026132,0.003361,0.000664
MS-MARCO-RBAC,8000000,8000000,Lethe,ancestor_descendant_still_authorized,0.5,2,0.002156,0.972411,0.970717,0.001865,0.019311,0.003281,0.003763
MS-MARCO-RBAC,8000000,8000000,Lethe,ancestor_descendant_still_authorized,0.5,3,0.003154,0.972317,0.974186,0.002379,0.010868,0.002483,0.0
MS-MARCO-RBAC,8000000,8000000,Lethe,ancestor_descendant_still_authorized,0.5,4,0.000851,0.972927,0.972247,9.2e-05,0.01184,0.001658,0.002693
MS-MARCO-RBAC,8000000,8000000,Lethe,ancestor_descendant_still_authorized,0.5,5,0.002803,0.972336,0.973474,0.004359,0.02323,0.002136,0.001548
MS-MARCO-RBAC,8000000,8000000,Lethe,ancestor_descendant_still_authorized,0.5,6,0.003058,0.972547,0.973269,0.001508,0.014373,0.0016,0.001421
MS-MARCO-RBAC,8000000,8000000,Lethe,ancestor_descendant_still_authorized,0.5,7,0.003224,0.972253,0.974716,0.002729,0.008538,9.3e-05,0.001322
MS-MARCO-RBAC,8000000,8000000,Lethe,ancestor_descendant_still_authorized,0.5,8,0.002628,0.973112,0.973461,0.000801,0.016295,0.000475,0.001498
MS-MARCO-RBAC,8000000,8000000,Lethe,ancestor_descendant_still_authorized,0.5,9,0.003582,0.973178,0.974723,0.0023,0.008142,0.00271,0.0
MS-MARCO-RBAC,8000000,8000000,Lethe,revoked_user,0.1,0,0.009243,0.969704,0.973963,0.00747,0.009715,0.003242,0.001035
MS-MARCO-RBAC,8000000,8000000,Lethe,revoked_user,0.1,1,0.005126,0.977438,0.973761,0.004302,0.018169,0.00184,0.00166
MS-MARCO-RBAC,8000000,8000000,Lethe,revoked_user,0.1,2,0.009466,0.973703,0.97304,0.007186,0.021103,0.001837,0.00251
MS-MARCO-RBAC,8000000,8000000,Lethe,revoked_user,0.1,3,0.009684,0.974284,0.973254,0.007297,0.021358,0.003826,0.001101
MS-MARCO-RBAC,8000000,8000000,Lethe,revoked_user,0.1,4,0.004582,0.974073,0.972104,0.000878,0.013314,0.002002,0.002946
MS-MARCO-RBAC,8000000,8000000,Lethe,revoked_user,0.1,5,0.010508,0.97415,0.970946,0.008981,0.013029,0.001585,0.002489
MS-MARCO-RBAC,8000000,8000000,Lethe,revoked_user,0.1,6,0.007618,0.970981,0.971778,0.005064,0.019604,0.002131,0.002432
MS-MARCO-RBAC,8000000,8000000,Lethe,revoked_user,0.1,7,0.006594,0.973096,0.97296,0.004418,0.014369,0.001872,0.000244
MS-MARCO-RBAC,8000000,8000000,Lethe,revoked_user,0.1,8,0.009339,0.9743,0.971906,0.005776,0.014159,0.002591,0.001926
MS-MARCO-RBAC,8000000,8000000,Lethe,revoked_user,0.1,9,0.005662,0.9743,0.972402,0.005297,0.014924,0.001363,0.002366
MS-MARCO-RBAC,8000000,8000000,Lethe,same_role_still_authorized,0.1,0,0.002014,0.974032,0.97451,0.003388,0.016434,0.001024,0.001796
MS-MARCO-RBAC,8000000,8000000,Lethe,same_role_still_authorized,0.1,1,0.001242,0.973585,0.975173,0.00156,0.017686,0.002409,0.003433
MS-MARCO-RBAC,8000000,8000000,Lethe,same_role_still_authorized,0.1,2,0.001825,0.974796,0.97038,0.001272,0.009739,0.001348,0.0
MS-MARCO-RBAC,8000000,8000000,Lethe,same_role_still_authorized,0.1,3,0.004223,0.971592,0.973798,0.003459,0.01793,0.002588,0.000849
MS-MARCO-RBAC,8000000,8000000,Lethe,same_role_still_authorized,0.1,4,0.000846,0.972444,0.971776,0.001064,0.013983,0.00188,0.002143
MS-MARCO-RBAC,8000000,8000000,Lethe,same_role_still_authorized,0.1,5,0.001486,0.970784,0.976941,0.001079,0.015461,0.003116,0.000668
MS-MARCO-RBAC,8000000,8000000,Lethe,same_role_still_authorized,0.1,6,0.001978,0.975294,0.96999,0.001493,0.011973,0.002419,0.002053
MS-MARCO-RBAC,8000000,8000000,Lethe,same_role_still_authorized,0.1,7,0.002229,0.975097,0.975472,0.003284,0.007803,0.001524,0.002736
MS-MARCO-RBAC,8000000,8000000,Lethe,same_role_still_authorized,0.1,8,0.000968,0.974232,0.970637,0.0,0.02094,0.000696,0.001563
MS-MARCO-RBAC,8000000,8000000,Lethe,same_role_still_authorized,0.1,9,0.00175,0.971689,0.973986,0.001852,0.008836,0.001968,0.000485
MS-MARCO-RBAC,8000000,8000000,Lethe,different_role_still_authorized,0.1,0,0.00184,0.973231,0.974295,0.001487,0.018072,0.00247,0.003311
MS-MARCO-RBAC,8000000,8000000,Lethe,different_role_still_authorized,0.1,1,0.002128,0.972975,0.971005,0.00143,0.010585,0.002203,0.002091
MS-MARCO-RBAC,8000000,8000000,Lethe,different_role_still_authorized,0.1,2,0.002215,0.973697,0.971604,0.000496,0.009267,0.002114,0.000919
MS-MARCO-RBAC,8000000,8000000,Lethe,different_role_still_authorized,0.1,3,0.003008,0.972558,0.972254,0.002721,0.004451,0.000994,0.002517
MS-MARCO-RBAC,8000000,8000000,Lethe,different_role_still_authorized,0.1,4,0.003905,0.975017,0.971951,0.002409,0.021628,0.003015,0.001697
MS-MARCO-RBAC,8000000,8000000,Lethe,different_role_still_authorized,0.1,5,0.001584,0.973969,0.970793,0.000906,0.02402,0.002079,0.003608
MS-MARCO-RBAC,8000000,8000000,Lethe,different_role_still_authorized,0.1,6,0.001149,0.973303,0.975355,0.0,0.020744,0.002885,0.001625
MS-MARCO-RBAC,8000000,8000000,Lethe,different_role_still_authorized,0.1,7,0.00291,0.972399,0.972452,0.005315,0.021185,0.001273,0.001222
MS-MARCO-RBAC,8000000,8000000,Lethe,different_role_still_authorized,0.1,8,0.001251,0.972462,0.973927,0.000894,0.027979,0.001856,0.002399
MS-MARCO-RBAC,8000000,8000000,Lethe,different_role_still_authorized,0.1,9,0.002935,0.972499,0.972156,0.004069,0.011323,0.002434,0.001683
MS-MARCO-RBAC,8000000,8000000,Lethe,ancestor_descendant_still_authorized,0.1,0,0.001879,0.972592,0.974112,0.000833,0.016896,0.001533,0.00152
MS-MARCO-RBAC,8000000,8000000,Lethe,ancestor_descendant_still_authorized,0.1,1,0.001002,0.971594,0.970479,0.002318,0.000404,0.001336,0.001691
MS-MARCO-RBAC,8000000,8000000,Lethe,ancestor_descendant_still_authorized,0.1,2,0.003355,0.970954,0.971448,0.002961,0.0,0.001721,0.001991
MS-MARCO-RBAC,8000000,8000000,Lethe,ancestor_descendant_still_authorized,0.1,3,0.001458,0.974577,0.970829,0.0,0.020208,0.001304,0.002814
MS-MARCO-RBAC,8000000,8000000,Lethe,ancestor_descendant_still_authorized,0.1,4,0.002297,0.972314,0.971514,0.001024,0.007355,0.001103,0.000374
MS-MARCO-RBAC,8000000,8000000,Lethe,ancestor_descendant_still_authorized,0.1,5,0.000892,0.971229,0.972841,0.003914,0.00696,0.001978,0.001034
MS-MARCO-RBAC,8000000,8000000,Lethe,ancestor_descendant_still_authorized,0.1,6,0.0,0.971764,0.974139,0.000885,0.016412,0.001807,0.002843
MS-MARCO-RBAC,8000000,8000000,Lethe,ancestor_descendant_still_authorized,0.1,7,0.001737,0.972266,0.972661,0.002217,0.010564,0.001189,0.003194
MS-MARCO-RBAC,8000000,8000000,Lethe,ancestor_descendant_still_authorized,0.1,8,0.003656,0.972643,0.973746,0.002828,0.013541,0.001205,0.001294
MS-MARCO-RBAC,8000000,8000000,Lethe,ancestor_descendant_still_authorized,0.1,9,0.001178,0.97242,0.972371,0.000364,0.011989,0.000666,0.002387
MS-MARCO-RBAC,8000000,8000000,Lethe,revoked_user,0.2,0,0.009312,0.974007,0.973117,0.00726,0.014967,0.002105,0.001959
MS-MARCO-RBAC,8000000,8000000,Lethe,revoked_user,0.2,1,0.00613,0.973708,0.972268,0.004847,0.011601,0.002999,0.002087
MS-MARCO-RBAC,8000000,8000000,Lethe,revoked_user,0.2,2,0.01177,0.973265,0.974498,0.011586,0.018144,0.001365,0.001505
MS-MARCO-RBAC,8000000,8000000,Lethe,revoked_user,0.2,3,0.009184,0.972071,0.972646,0.00539,0.009881,0.001574,0.00152
MS-MARCO-RBAC,8000000,8000000,Lethe,revoked_user,0.2,4,0.009892,0.971363,0.971448,0.005107,0.022953,0.001881,0.00182
MS-MARCO-RBAC,8000000,8000000,Lethe,revoked_user,0.2,5,0.009052,0.974921,0.9731,0.005915,0.01589,0.000491,0.0027
MS-MARCO-RBAC,8000000,8000000,Lethe,revoked_user,0.2,6,0.008033,0.973267,0.973442,0.006575,0.011662,0.002153,0.001117
MS-MARCO-RBAC,8000000,8000000,Lethe,revoked_user,0.2,7,0.008626,0.973093,0.973709,0.008611,0.019634,0.002835,0.000183
MS-MARCO-RBAC,8000000,8000000,Lethe,revoked_user,0.2,8,0.008759,0.971809,0.97369,0.005384,0.021431,0.001642,0.002455
MS-MARCO-RBAC,8000000,8000000,Lethe,revoked_user,0.2,9,0.01198,0.975334,0.974205,0.01126,0.0,0.002644,0.002848
MS-MARCO-RBAC,8000000,8000000,Lethe,same_role_still_authorized,0.2,0,0.002344,0.970814,0.974217,0.002983,0.012156,0.004417,0.001254
MS-MARCO-RBAC,8000000,8000000,Lethe,same_role_still_authorized,0.2,1,0.002984,0.973669,0.969654,0.002455,0.015234,0.001869,0.001651
MS-MARCO-RBAC,8000000,8000000,Lethe,same_role_still_authorized,0.2,2,0.001263,0.973739,0.971734,0.001078,0.007631,0.002807,0.001555
MS-MARCO-RBAC,8000000,8000000,Lethe,same_role_still_authorized,0.2,3,0.002574,0.972946,0.9748,0.003106,0.014723,0.001816,0.000627
MS-MARCO-RBAC,8000000,8000000,Lethe,same_role_still_authorized,0.2,4,0.001813,0.976543,0.973685,0.003963,0.006941,0.003514,0.003656
MS-MARCO-RBAC,8000000,8000000,Lethe,same_role_still_authorized,0.2,5,0.000933,0.972624,0.9722,0.0,0.012966,0.00288,0.00094
MS-MARCO-RBAC,8000000,8000000,Lethe,same_role_still_authorized,0.2,6,0.001459,0.972116,0.973929,0.001741,0.017991,0.002736,0.002622
MS-MARCO-RBAC,8000000,8000000,Lethe,same_role_still_authorized,0.2,7,0.001803,0.973242,0.971377,0.002388,0.022136,0.002892,0.000964
MS-MARCO-RBAC,8000000,8000000,Lethe,same_role_still_authorized,0.2,8,0.003054,0.972613,0.975338,0.001958,0.023125,0.001522,0.001667
MS-MARCO-RBAC,8000000,8000000,Lethe,same_role_still_authorized,0.2,9,0.002332,0.971948,0.972464,0.001135,0.029335,0.001832,0.002043
MS-MARCO-RBAC,8000000,8000000,Lethe,different_role_still_authorized,0.2,0,0.000965,0.974673,0.970219,0.000538,0.018709,0.00129,0.002173
MS-MARCO-RBAC,8000000,8000000,Lethe,different_role_still_authorized,0.2,1,0.001905,0.974353,0.973404,0.001834,0.014533,0.001174,0.001627
MS-MARCO-RBAC,8000000,8000000,Lethe,different_role_still_authorized,0.2,2,0.003622,0.975162,0.974324,0.002571,0.012893,0.002051,0.002294
MS-MARCO-RBAC,8000000,8000000,Lethe,different_role_still_authorized,0.2,3,0.002682,0.973473,0.97012,0.00214,0.013665,0.003956,0.001813
MS-MARCO-RBAC,8000000,8000000,Lethe,different_role_still_authorized,0.2,4,0.002696,0.97237,0.975199,0.0,0.019455,0.001465,0.002333
MS-MARCO-RBAC,8000000,8000000,Lethe,different_role_still_authorized,0.2,5,0.004608,0.973687,0.974254,0.001999,0.008187,0.001926,0.002644
MS-MARCO-RBAC,8000000,8000000,Lethe,different_role_still_authorized,0.2,6,0.001785,0.972798,0.973842,0.001544,0.019357,0.001798,0.003584
MS-MARCO-RBAC,8000000,8000000,Lethe,different_role_still_authorized,0.2,7,0.001637,0.971355,0.97127,0.002717,0.010858,0.000519,0.003173
MS-MARCO-RBAC,8000000,8000000,Lethe,different_role_still_authorized,0.2,8,0.001597,0.973821,0.971294,0.000663,0.017791,0.002101,0.002708
MS-MARCO-RBAC,8000000,8000000,Lethe,different_role_still_authorized,0.2,9,0.001008,0.9715,0.974028,0.0,0.015776,0.003587,0.000415
MS-MARCO-RBAC,8000000,8000000,Lethe,ancestor_descendant_still_authorized,0.2,0,0.001684,0.974267,0.971583,0.00163,0.008776,0.001824,0.000544
MS-MARCO-RBAC,8000000,8000000,Lethe,ancestor_descendant_still_authorized,0.2,1,0.003151,0.972381,0.971375,0.003298,0.01359,0.002082,0.000857
MS-MARCO-RBAC,8000000,8000000,Lethe,ancestor_descendant_still_authorized,0.2,2,0.003284,0.973853,0.976223,0.004134,0.017464,0.001376,0.001213
MS-MARCO-RBAC,8000000,8000000,Lethe,ancestor_descendant_still_authorized,0.2,3,0.00276,0.97304,0.974796,0.001869,0.017121,0.00244,0.001941
MS-MARCO-RBAC,8000000,8000000,Lethe,ancestor_descendant_still_authorized,0.2,4,0.002799,0.97296,0.97458,0.002474,0.016853,0.002042,0.002339
MS-MARCO-RBAC,8000000,8000000,Lethe,ancestor_descendant_still_authorized,0.2,5,0.000535,0.971633,0.973854,0.000329,0.02293,0.00441,0.001738
MS-MARCO-RBAC,8000000,8000000,Lethe,ancestor_descendant_still_authorized,0.2,6,0.001056,0.971915,0.974147,0.001469,0.017938,0.002035,0.0
MS-MARCO-RBAC,8000000,8000000,Lethe,ancestor_descendant_still_authorized,0.2,7,0.002999,0.973936,0.972341,0.003222,0.018626,0.001595,0.00321
MS-MARCO-RBAC,8000000,8000000,Lethe,ancestor_descendant_still_authorized,0.2,8,0.00061,0.973809,0.972936,0.001257,0.006303,0.002317,0.00318
MS-MARCO-RBAC,8000000,8000000,Lethe,ancestor_descendant_still_authorized,0.2,9,0.002155,0.973302,0.973557,0.001281,0.016345,0.004281,0.001217
MS-MARCO-RBAC,8000000,8000000,Lethe,revoked_user,0.3,0,0.012596,0.97307,0.972376,0.010865,0.00746,0.002007,0.003282
MS-MARCO-RBAC,8000000,8000000,Lethe,revoked_user,0.3,1,0.008786,0.973804,0.97389,0.006259,0.012879,0.002466,0.002425
MS-MARCO-RBAC,8000000,8000000,Lethe,revoked_user,0.3,2,0.007771,0.973075,0.974573,0.00552,0.020402,0.002774,0.002536
MS-MARCO-RBAC,8000000,8000000,Lethe,revoked_user,0.3,3,0.014462,0.973652,0.974934,0.013168,0.002708,0.001183,0.003127
MS-MARCO-RBAC,8000000,8000000,Lethe,revoked_user,0.3,4,0.012321,0.973497,0.969642,0.010837,0.024366,0.000739,0.002204
MS-MARCO-RBAC,8000000,8000000,Lethe,revoked_user,0.3,5,0.006025,0.973585,0.974255,0.003053,0.006038,0.002168,0.002792
MS-MARCO-RBAC,8000000,8000000,Lethe,revoked_user,0.3,6,0.013845,0.974591,0.972431,0.010144,0.023707,0.001983,0.000384
MS-MARCO-RBAC,8000000,8000000,Lethe,revoked_user,0.3,7,0.013042,0.973517,0.97241,0.009429,0.018982,0.000623,0.002344
MS-MARCO-RBAC,8000000,8000000,Lethe,revoked_user,0.3,8,0.01207,0.974625,0.97248,0.009444,0.023354,0.000432,0.001763
MS-MARCO-RBAC,8000000,8000000,Lethe,revoked_user,0.3,9,0.010359,0.972872,0.974106,0.009553,0.01116,0.001955,0.003569
MS-MARCO-RBAC,8000000,8000000,Lethe,same_role_still_authorized,0.3,0,0.001564,0.971403,0.972902,0.002327,0.022075,0.001885,0.001898
MS-MARCO-RBAC,8000000,8000000,Lethe,same_role_still_authorized,0.3,1,0.002656,0.97419,0.973348,0.001345,0.030356,0.001239,0.00111
MS-MARCO-RBAC,8000000,8000000,Lethe,same_role_still_authorized,0.3,2,0.001679,0.972603,0.97162,0.001023,0.010616,0.001341,0.003759
MS-MARCO-RBAC,8000000,8000000,Lethe,same_role_still_authorized,0.3,3,0.002909,0.973901,0.974318,0.003739,0.016212,0.001639,0.002149
MS-MARCO-RBAC,8000000,8000000,Lethe,same_role_still_authorized,0.3,4,0.000492,0.970949,0.97265,0.0,0.01499,0.001586,0.003217
MS-MARCO-RBAC,8000000,8000000,Lethe,same_role_still_authorized,0.3,5,0.003882,0.972407,0.973103,0.003074,0.010865,0.001312,0.001696
MS-MARCO-RBAC,8000000,8000000,Lethe,same_role_still_authorized,0.3,6,0.001042,0.971715,0.973733,0.002578,0.014682,0.002036,0.002953
MS-MARCO-RBAC,8000000,8000000,Lethe,same_role_still_authorized,0.3,7,0.002843,0.976962,0.975018,0.002299,0.01507,0.000499,0.002
MS-MARCO-RBAC,8000000,8000000,Lethe,same_role_still_authorized,0.3,8,0.002336,0.973543,0.973297,0.003715,0.028357,0.002921,0.001168
MS-MARCO-RBAC,8000000,8000000,Lethe,same_role_still_authorized,0.3,9,0.002525,0.973816,0.974162,0.003078,0.020684,0.001164,0.001992
MS-MARCO-RBAC,8000000,8000000,Lethe,different_role_still_authorized,0.3,0,0.003082,0.973472,0.976254,0.00115,0.006709,0.002351,0.002406
MS-MARCO-RBAC,8000000,8000000,Lethe,different_role_still_authorized,0.3,1,0.003401,0.97378,0.970493,0.004565,0.018266,0.00314,0.001729
MS-MARCO-RBAC,8000000,8000000,Lethe,different_role_still_authorized,0.3,2,0.005385,0.976224,0.9723,0.002491,0.015127,0.003931,0.003194
MS-MARCO-RBAC,8000000,8000000,Lethe,different_role_still_authorized,0.3,3,0.0,0.974965,0.97103,0.0,0.020441,0.001895,0.002726
MS-MARCO-RBAC,8000000,8000000,Lethe,different_role_still_authorized,0.3,4,0.002137,0.974388,0.974255,0.00096,0.01344,0.0,0.004551
MS-MARCO-RBAC,8000000,8000000,Lethe,different_role_still_authorized,0.3,5,0.003811,0.974224,0.975473,0.002562,0.016584,0.002578,0.001284
MS-MARCO-RBAC,8000000,8000000,Lethe,different_role_still_authorized,0.3,6,0.003517,0.972856,0.973097,0.000748,0.007237,0.001623,0.002894
MS-MARCO-RBAC,8000000,8000000,Lethe,different_role_still_authorized,0.3,7,0.002253,0.973298,0.972906,0.002566,0.017378,0.001677,0.001043
MS-MARCO-RBAC,8000000,8000000,Lethe,different_role_still_authorized,0.3,8,0.001928,0.971562,0.973169,0.00048,0.007507,0.00047,0.000734
MS-MARCO-RBAC,8000000,8000000,Lethe,different_role_still_authorized,0.3,9,0.002375,0.971824,0.973675,0.000663,0.015186,0.001635,0.002268
MS-MARCO-RBAC,8000000,8000000,Lethe,ancestor_descendant_still_authorized,0.3,0,0.002546,0.974613,0.974024,0.002448,0.013083,0.000701,0.001688
MS-MARCO-RBAC,8000000,8000000,Lethe,ancestor_descendant_still_authorized,0.3,1,0.003622,0.971514,0.974085,0.003026,0.005618,0.002615,0.00269
MS-MARCO-RBAC,8000000,8000000,Lethe,ancestor_descendant_still_authorized,0.3,2,0.00281,0.971553,0.97177,0.001919,0.016435,0.001595,0.001251
MS-MARCO-RBAC,8000000,8000000,Lethe,ancestor_descendant_still_authorized,0.3,3,0.001508,0.97531,0.974451,0.0,0.013923,0.003112,0.003836
MS-MARCO-RBAC,8000000,8000000,Lethe,ancestor_descendant_still_authorized,0.3,4,0.003277,0.972649,0.972019,0.002572,0.005131,0.00174,0.001253
MS-MARCO-RBAC,8000000,8000000,Lethe,ancestor_descendant_still_authorized,0.3,5,0.00055,0.975697,0.973962,0.0,0.024102,0.001086,0.001188
MS-MARCO-RBAC,8000000,8000000,Lethe,ancestor_descendant_still_authorized,0.3,6,0.001962,0.973063,0.971531,0.000479,0.012409,0.001692,0.002332
MS-MARCO-RBAC,8000000,8000000,Lethe,ancestor_descendant_still_authorized,0.3,7,0.00144,0.973431,0.972298,0.000702,0.014431,0.001409,0.001595
MS-MARCO-RBAC,8000000,8000000,Lethe,ancestor_descendant_still_authorized,0.3,8,0.003601,0.972224,0.9739,0.003061,0.005912,0.002858,0.003764
MS-MARCO-RBAC,8000000,8000000,Lethe,ancestor_descendant_still_authorized,0.3,9,0.002181,0.975086,0.974276,0.002207,0.004293,0.00337,0.001306
MS-MARCO-RBAC,8000000,8000000,Lethe,revoked_user,0.4,0,0.014175,0.972793,0.971033,0.011781,0.026258,0.003084,0.001605
MS-MARCO-RBAC,8000000,8000000,Lethe,revoked_user,0.4,1,0.013353,0.972161,0.972271,0.00995,0.009669,0.000413,0.001336
MS-MARCO-RBAC,8000000,8000000,Lethe,revoked_user,0.4,2,0.013525,0.972001,0.974354,0.009942,0.017525,0.003437,0.0
MS-MARCO-RBAC,8000000,8000000,Lethe,revoked_user,0.4,3,0.011382,0.973245,0.971106,0.005649,0.013917,0.002395,0.00351
MS-MARCO-RBAC,8000000,8000000,Lethe,revoked_user,0.4,4,0.014372,0.971967,0.971775,0.01159,0.012126,0.002235,0.001672
MS-MARCO-RBAC,8000000,8000000,Lethe,revoked_user,0.4,5,0.010375,0.975526,0.973178,0.00655,0.007993,0.003697,0.0
MS-MARCO-RBAC,8000000,8000000,Lethe,revoked_user,0.4,6,0.011417,0.972285,0.972036,0.006598,0.010393,0.001178,0.001422
MS-MARCO-RBAC,8000000,8000000,Lethe,revoked_user,0.4,7,0.010518,0.973286,0.973762,0.007812,0.012812,0.001512,0.002364
MS-MARCO-RBAC,8000000,8000000,Lethe,revoked_user,0.4,8,0.010941,0.973062,0.97232,0.009715,0.012447,0.002287,0.001264
MS-MARCO-RBAC,8000000,8000000,Lethe,revoked_user,0.4,9,0.013223,0.974079,0.973325,0.010132,0.013325,0.001968,0.00115
MS-MARCO-RBAC,8000000,8000000,Lethe,same_role_still_authorized,0.4,0,0.002491,0.971412,0.97255,0.000567,0.012222,0.001617,0.002284
MS-MARCO-RBAC,8000000,8000000,Lethe,same_role_still_authorized,0.4,1,0.00269,0.97189,0.973591,0.003258,0.024719,0.001577,0.002504
MS-MARCO-RBAC,8000000,8000000,Lethe,same_role_still_authorized,0.4,2,0.000873,0.974336,0.971099,0.000453,0.012118,0.002782,0.00242
MS-MARCO-RBAC,8000000,8000000,Lethe,same_role_still_authorized,0.4,3,0.002612,0.971862,0.972879,0.001215,0.014127,0.001935,0.002609
MS-MARCO-RBAC,8000000,8000000,Lethe,same_role_still_authorized,0.4,4,0.002561,0.975692,0.973666,0.003226,0.023047,0.002586,0.002034
MS-MARCO-RBAC,8000000,8000000,Lethe,same_role_still_authorized,0.4,5,0.001006,0.972103,0.975752,0.001135,0.01006,0.001469,0.002178
MS-MARCO-RBAC,8000000,8000000,Lethe,same_role_still_authorized,0.4,6,0.002457,0.974811,0.973235,0.002262,0.01367,0.001745,0.002209
MS-MARCO-RBAC,8000000,8000000,Lethe,same_role_still_authorized,0.4,7,0.002215,0.971876,0.973319,0.002648,0.014833,0.002435,0.001789
MS-MARCO-RBAC,8000000,8000000,Lethe,same_role_still_authorized,0.4,8,0.002065,0.972797,0.972544,0.00231,0.007402,0.001162,0.001525
MS-MARCO-RBAC,8000000,8000000,Lethe,same_role_still_authorized,0.4,9,0.002082,0.975161,0.973765,0.002403,0.020869,0.00175,0.003835
MS-MARCO-RBAC,8000000,8000000,Lethe,different_role_still_authorized,0.4,0,0.004662,0.972484,0.973228,0.005527,0.008593,0.002575,0.001818
MS-MARCO-RBAC,8000000,8000000,Lethe,different_role_still_authorized,0.4,1,0.003965,0.972419,0.973542,0.003244,0.013927,0.001883,0.001208
MS-MARCO-RBAC,8000000,8000000,Lethe,different_role_still_authorized,0.4,2,0.002932,0.973313,0.971917,0.002669,0.014752,0.001336,0.001189
MS-MARCO-RBAC,8000000,8000000,Lethe,different_role_still_authorized,0.4,3,0.003243,0.971368,0.973173,0.002731,0.016204,0.001927,0.002805
MS-MARCO-RBAC,8000000,8000000,Lethe,different_role_still_authorized,0.4,4,0.002639,0.975341,0.974681,0.001332,0.021563,0.001752,0.002313
MS-MARCO-RBAC,8000000,8000000,Lethe,different_role_still_authorized,0.4,5,0.003018,0.973078,0.972607,0.002926,0.008697,0.001304,0.0032
MS-MARCO-RBAC,8000000,8000000,Lethe,different_role_still_authorized,0.4,6,0.001566,0.973124,0.97396,0.001539,0.007175,0.001525,0.000321
MS-MARCO-RBAC,8000000,8000000,Lethe,different_role_still_authorized,0.4,7,0.003554,0.975818,0.973316,0.002221,0.007297,0.001101,0.000816
MS-MARCO-RBAC,8000000,8000000,Lethe,different_role_still_authorized,0.4,8,0.003382,0.974848,0.975444,0.00038,0.005917,0.000868,0.001698
MS-MARCO-RBAC,8000000,8000000,Lethe,different_role_still_authorized,0.4,9,0.002772,0.972643,0.974748,0.002278,0.01193,0.000293,0.002357
MS-MARCO-RBAC,8000000,8000000,Lethe,ancestor_descendant_still_authorized,0.4,0,0.003264,0.973638,0.971984,0.003904,0.015582,0.00053,0.001628
MS-MARCO-RBAC,8000000,8000000,Lethe,ancestor_descendant_still_authorized,0.4,1,0.001653,0.971924,0.974654,7.7e-05,0.010991,0.002106,0.001161
MS-MARCO-RBAC,8000000,8000000,Lethe,ancestor_descendant_still_authorized,0.4,2,0.003139,0.972385,0.97171,0.003747,0.021392,0.002666,0.002577
MS-MARCO-RBAC,8000000,8000000,Lethe,ancestor_descendant_still_authorized,0.4,3,0.001948,0.97319,0.972499,0.000431,0.008504,0.001539,0.001415
MS-MARCO-RBAC,8000000,8000000,Lethe,ancestor_descendant_still_authorized,0.4,4,0.002118,0.974808,0.97292,0.001485,0.018528,0.002429,0.002677
MS-MARCO-RBAC,8000000,8000000,Lethe,ancestor_descendant_still_authorized,0.4,5,0.003811,0.973458,0.973652,0.002236,0.003578,0.003014,0.001884
MS-MARCO-RBAC,8000000,8000000,Lethe,ancestor_descendant_still_authorized,0.4,6,0.001529,0.972889,0.97334,0.000294,0.012488,0.003257,0.002588
MS-MARCO-RBAC,8000000,8000000,Lethe,ancestor_descendant_still_authorized,0.4,7,0.002078,0.975416,0.972158,0.003092,0.001908,0.001831,0.000334
MS-MARCO-RBAC,8000000,8000000,Lethe,ancestor_descendant_still_authorized,0.4,8,0.004072,0.970509,0.973003,0.004642,0.020337,0.001189,0.002183
MS-MARCO-RBAC,8000000,8000000,Lethe,ancestor_descendant_still_authorized,0.4,9,0.002888,0.972445,0.973426,0.002263,0.017199,0.001821,0.002174
MS-MARCO-RBAC,8000000,8000000,Lethe,revoked_user,0.5,0,0.015832,0.973538,0.972029,0.013974,0.017972,0.002585,0.002881
MS-MARCO-RBAC,8000000,8000000,Lethe,revoked_user,0.5,1,0.015773,0.973024,0.971856,0.013133,0.01933,0.002778,0.001355
MS-MARCO-RBAC,8000000,8000000,Lethe,revoked_user,0.5,2,0.013822,0.973506,0.973213,0.0107,0.019758,0.003486,0.000151
MS-MARCO-RBAC,8000000,8000000,Lethe,revoked_user,0.5,3,0.016325,0.973984,0.971852,0.012315,0.01347,0.001567,0.00413
MS-MARCO-RBAC,8000000,8000000,Lethe,revoked_user,0.5,4,0.012292,0.970473,0.976544,0.010767,0.023027,0.001778,6.3e-05
MS-MARCO-RBAC,8000000,8000000,Lethe,revoked_user,0.5,5,0.014698,0.972253,0.974293,0.011487,0.015428,0.001698,0.001087
MS-MARCO-RBAC,8000000,8000000,Lethe,revoked_user,0.5,6,0.012733,0.973305,0.970623,0.009854,0.011151,0.002865,0.002175
MS-MARCO-RBAC,8000000,8000000,Lethe,revoked_user,0.5,7,0.010453,0.973469,0.973684,0.007623,0.015139,0.002979,0.000388
MS-MARCO-RBAC,8000000,8000000,Lethe,revoked_user,0.5,8,0.011048,0.970997,0.970701,0.010277,0.017177,0.00127,0.00245
MS-MARCO-RBAC,8000000,8000000,Lethe,revoked_user,0.5,9,0.017423,0.974025,0.972655,0.013277,0.020755,0.002245,0.000533
MS-MARCO-RBAC,8000000,8000000,Lethe,same_role_still_authorized,0.5,0,0.00256,0.974376,0.972286,0.001658,0.008636,0.00253,0.002033
MS-MARCO-RBAC,8000000,8000000,Lethe,same_role_still_authorized,0.5,1,0.003625,0.973585,0.972533,0.003598,0.005971,0.002378,0.002678
MS-MARCO-RBAC,8000000,8000000,Lethe,same_role_still_authorized,0.5,2,0.001255,0.975925,0.972145,0.001306,0.015828,0.002395,0.002733
MS-MARCO-RBAC,8000000,8000000,Lethe,same_role_still_authorized,0.5,3,0.00303,0.975112,0.974189,0.002711,0.01023,0.004009,0.002648
MS-MARCO-RBAC,8000000,8000000,Lethe,same_role_still_authorized,0.5,4,0.002822,0.973341,0.971881,0.001723,0.019272,0.002181,0.001448
MS-MARCO-RBAC,8000000,8000000,Lethe,same_role_still_authorized,0.5,5,0.002875,0.971493,0.971209,0.00378,0.015277,0.003374,0.000567
MS-MARCO-RBAC,8000000,8000000,Lethe,same_role_still_authorized,0.5,6,0.005979,0.971706,0.972409,0.005166,0.016547,0.002432,0.002126
MS-MARCO-RBAC,8000000,8000000,Lethe,same_role_still_authorized,0.5,7,0.003943,0.972857,0.974045,0.003179,0.015945,0.00324,0.001946
MS-MARCO-RBAC,8000000,8000000,Lethe,same_role_still_authorized,0.5,8,0.001518,0.974032,0.973818,0.001459,0.005659,0.000437,0.003483
MS-MARCO-RBAC,8000000,8000000,Lethe,same_role_still_authorized,0.5,9,0.003444,0.97152,0.972376,0.001132,0.014501,0.001245,0.002824
MS-MARCO-RBAC,8000000,8000000,Lethe,different_role_still_authorized,0.5,0,0.002213,0.972434,0.971675,0.001787,0.017331,0.002621,0.002461
MS-MARCO-RBAC,8000000,8000000,Lethe,different_role_still_authorized,0.5,1,0.00165,0.973184,0.973373,0.000688,0.025724,0.002182,0.002408
MS-MARCO-RBAC,8000000,8000000,Lethe,different_role_still_authorized,0.5,2,0.002348,0.972144,0.973065,0.001595,0.023993,0.001113,0.002084
MS-MARCO-RBAC,8000000,8000000,Lethe,different_role_still_authorized,0.5,3,0.004451,0.973906,0.970619,0.001866,0.01805,0.002427,0.002893
MS-MARCO-RBAC,8000000,8000000,Lethe,different_role_still_authorized,0.5,4,0.001817,0.973349,0.969113,0.000662,0.0269,0.002287,0.001748
MS-MARCO-RBAC,8000000,8000000,Lethe,different_role_still_authorized,0.5,5,0.00123,0.973591,0.973581,0.000744,0.013004,0.001382,0.003485
MS-MARCO-RBAC,8000000,8000000,Lethe,different_role_still_authorized,0.5,6,0.003745,0.972045,0.972814,0.002305,0.013176,1e-05,0.001978
MS-MARCO-RBAC,8000000,8000000,Lethe,different_role_still_authorized,0.5,7,0.003472,0.973823,0.97113,0.003701,0.003156,0.001617,0.00178
MS-MARCO-RBAC,8000000,8000000,Lethe,different_role_still_authorized,0.5,8,0.002926,0.970533,0.973635,0.00423,0.019827,0.000326,0.00302
MS-MARCO-RBAC,8000000,8000000,Lethe,different_role_still_authorized,0.5,9,0.003117,0.972352,0.973157,0.001969,0.017927,0.001606,0.002504
MS-MARCO-RBAC,8000000,8000000,Lethe,ancestor_descendant_still_authorized,0.5,0,0.005033,0.973744,0.971494,0.004421,0.022514,0.002783,0.001702
MS-MARCO-RBAC,8000000,8000000,Lethe,ancestor_descendant_still_authorized,0.5,1,0.003814,0.971278,0.972723,0.004646,0.002263,0.002008,0.002622
MS-MARCO-RBAC,8000000,8000000,Lethe,ancestor_descendant_still_authorized,0.5,2,0.00314,0.974492,0.973808,0.003361,0.017499,0.001555,0.001296
MS-MARCO-RBAC,8000000,8000000,Lethe,ancestor_descendant_still_authorized,0.5,3,0.000869,0.975153,0.973512,0.000128,0.007468,0.002868,0.003773
MS-MARCO-RBAC,8000000,8000000,Lethe,ancestor_descendant_still_authorized,0.5,4,0.003142,0.974881,0.971734,0.002749,0.013131,0.001039,0.002079
MS-MARCO-RBAC,8000000,8000000,Lethe,ancestor_descendant_still_authorized,0.5,5,0.004249,0.971897,0.973209,0.001545,0.020104,0.002459,0.000366
MS-MARCO-RBAC,8000000,8000000,Lethe,ancestor_descendant_still_authorized,0.5,6,0.00444,0.971872,0.971919,0.003827,0.020377,0.000975,0.001216
MS-MARCO-RBAC,8000000,8000000,Lethe,ancestor_descendant_still_authorized,0.5,7,0.000295,0.972893,0.975042,0.0,0.01474,0.002416,0.001231
MS-MARCO-RBAC,8000000,8000000,Lethe,ancestor_descendant_still_authorized,0.5,8,0.002191,0.970712,0.970595,0.002393,0.013992,0.000496,0.002504
MS-MARCO-RBAC,8000000,8000000,Lethe,ancestor_descendant_still_authorized,0.5,9,0.003328,0.972476,0.971255,0.004931,0.014766,0.002139,0.001375
MS-MARCO-RBAC,8000000,8000000,Lethe,revoked_user,0.1,0,0.013705,0.973435,0.972006,0.011391,0.018804,0.004893,0.000841
MS-MARCO-RBAC,8000000,8000000,Lethe,revoked_user,0.1,1,0.005072,0.973275,0.973096,0.00361,0.009741,0.001176,0.002874
MS-MARCO-RBAC,8000000,8000000,Lethe,revoked_user,0.1,2,0.009051,0.972582,0.973727,0.007473,0.008199,0.00322,0.001591
MS-MARCO-RBAC,8000000,8000000,Lethe,revoked_user,0.1,3,0.008974,0.974095,0.973172,0.007644,0.021729,0.002121,0.002573
MS-MARCO-RBAC,8000000,8000000,Lethe,revoked_user,0.1,4,0.008725,0.973709,0.972285,0.006415,0.014368,0.002066,0.001283
MS-MARCO-RBAC,8000000,8000000,Lethe,revoked_user,0.1,5,0.010297,0.973721,0.9728,0.006732,0.008548,0.000513,0.001959
MS-MARCO-RBAC,8000000,8000000,Lethe,revoked_user,0.1,6,0.009138,0.972485,0.973274,0.008874,0.018946,0.000216,0.001488
MS-MARCO-RBAC,8000000,8000000,Lethe,revoked_user,0.1,7,0.008447,0.976342,0.972508,0.008347,0.014376,0.001663,0.002828
MS-MARCO-RBAC,8000000,8000000,Lethe,revoked_user,0.1,8,0.005615,0.971822,0.972505,0.004706,0.00811,0.000594,0.0026
MS-MARCO-RBAC,8000000,8000000,Lethe,revoked_user,0.1,9,0.00378,0.977383,0.97181,0.003097,0.00979,0.001711,0.003121
MS-MARCO-RBAC,8000000,8000000,Lethe,same_role_still_authorized,0.1,0,0.00233,0.97376,0.972812,0.002629,0.019099,0.001382,0.001636
MS-MARCO-RBAC,8000000,8000000,Lethe,same_role_still_authorized,0.1,1,0.001397,0.973392,0.973726,0.001617,0.020503,0.001485,0.002035
MS-MARCO-RBAC,8000000,8000000,Lethe,same_role_still_authorized,0.1,2,0.000582,0.971182,0.972221,0.000399,0.009542,0.001747,0.001035
MS-MARCO-RBAC,8000000,8000000,Lethe,same_role_still_authorized,0.1,3,0.00158,0.975381,0.971333,0.000939,0.017102,0.003162,0.001122
MS-MARCO-RBAC,8000000,8000000,Lethe,same_role_still_authorized,0.1,4,0.001564,0.97322,0.972241,0.001162,0.009884,0.00226,0.000599
MS-MARCO-RBAC,8000000,8000000,Lethe,same_role_still_authorized,0.1,5,0.002558,0.972344,0.972306,0.00176,0.01418,0.002289,0.003633
MS-MARCO-RBAC,8000000,8000000,Lethe,same_role_still_authorized,0.1,6,0.0,0.972195,0.973223,0.0,0.013461,0.0008,0.000258
MS-MARCO-RBAC,8000000,8000000,Lethe,same_role_still_authorized,0.1,7,0.00273,0.972892,0.973093,0.001427,0.011792,0.002307,0.001181
MS-MARCO-RBAC,8000000,8000000,Lethe,same_role_still_authorized,0.1,8,0.001381,0.974408,0.972106,0.000871,0.013725,0.003268,0.002196
MS-MARCO-RBAC,8000000,8000000,Lethe,same_role_still_authorized,0.1,9,0.000668,0.97131,0.974882,0.000705,0.019456,0.000526,0.001822
MS-MARCO-RBAC,8000000,8000000,Lethe,different_role_still_authorized,0.1,0,0.000193,0.972746,0.973977,0.0,0.01319,0.001355,0.003607
MS-MARCO-RBAC,8000000,8000000,Lethe,different_role_still_authorized,0.1,1,0.000901,0.973849,0.97219,0.001735,0.011467,0.001582,0.001633
MS-MARCO-RBAC,8000000,8000000,Lethe,different_role_still_authorized,0.1,2,0.000262,0.97456,0.972687,0.0,0.018861,0.002366,0.002245
MS-MARCO-RBAC,8000000,8000000,Lethe,different_role_still_authorized,0.1,3,0.002623,0.973123,0.972851,0.001432,0.005867,0.003385,0.001833
MS-MARCO-RBAC,8000000,8000000,Lethe,different_role_still_authorized,0.1,4,0.0015,0.973977,0.973298,0.002112,0.026295,0.003047,0.001999
MS-MARCO-RBAC,8000000,8000000,Lethe,different_role_still_authorized,0.1,5,0.002119,0.973262,0.970768,0.001501,0.015903,0.002673,0.001226
MS-MARCO-RBAC,8000000,8000000,Lethe,different_role_still_authorized,0.1,6,0.002449,0.973949,0.974259,0.002317,0.016758,0.002476,0.0
MS-MARCO-RBAC,8000000,8000000,Lethe,different_role_still_authorized,0.1,7,0.00134,0.973902,0.972128,0.000495,0.008754,0.000582,0.000776
MS-MARCO-RBAC,8000000,8000000,Lethe,different_role_still_authorized,0.1,8,0.001833,0.975058,0.971859,0.000737,0.015185,0.00344,0.00198
MS-MARCO-RBAC,8000000,8000000,Lethe,different_role_still_authorized,0.1,9,0.002472,0.972849,0.970647,0.001458,0.017559,0.00108,6e-05
MS-MARCO-RBAC,8000000,8000000,Lethe,ancestor_descendant_still_authorized,0.1,0,0.000294,0.970938,0.976083,0.000574,0.012871,0.002008,0.00171
MS-MARCO-RBAC,8000000,8000000,Lethe,ancestor_descendant_still_authorized,0.1,1,0.001937,0.972101,0.971124,0.000967,0.014049,0.002142,0.001117
MS-MARCO-RBAC,8000000,8000000,Lethe,ancestor_descendant_still_authorized,0.1,2,0.000496,0.972855,0.974075,0.001891,0.014384,0.001519,0.001719
MS-MARCO-RBAC,8000000,8000000,Lethe,ancestor_descendant_still_authorized,0.1,3,6e-05,0.973017,0.973998,0.0,0.006749,0.001308,0.001042
MS-MARCO-RBAC,8000000,8000000,Lethe,ancestor_descendant_still_authorized,0.1,4,0.001574,0.972722,0.971572,0.002513,0.023291,0.002452,0.003218
MS-MARCO-RBAC,8000000,8000000,Lethe,ancestor_descendant_still_authorized,0.1,5,0.002254,0.972064,0.972471,0.0,0.017769,0.002295,0.001798
MS-MARCO-RBAC,8000000,8000000,Lethe,ancestor_descendant_still_authorized,0.1,6,0.000947,0.971765,0.972363,0.0,0.015085,0.000518,0.003117
MS-MARCO-RBAC,8000000,8000000,Lethe,ancestor_descendant_still_authorized,0.1,7,0.002052,0.973135,0.978115,0.001545,0.017566,0.0,0.002535
MS-MARCO-RBAC,8000000,8000000,Lethe,ancestor_descendant_still_authorized,0.1,8,0.003447,0.972215,0.97186,0.001916,0.017646,0.001915,0.004471
MS-MARCO-RBAC,8000000,8000000,Lethe,ancestor_descendant_still_authorized,0.1,9,0.000233,0.975839,0.974438,0.000391,0.012279,0.002217,0.002902
MS-MARCO-RBAC,8000000,8000000,Lethe,revoked_user,0.2,0,0.009807,0.97219,0.973283,0.00689,0.018379,0.002551,0.001353
MS-MARCO-RBAC,8000000,8000000,Lethe,revoked_user,0.2,1,0.008279,0.974445,0.973732,0.006406,0.005112,0.001851,0.002019
MS-MARCO-RBAC,8000000,8000000,Lethe,revoked_user,0.2,2,0.010522,0.973191,0.971791,0.007919,0.01546,0.00321,0.00029
MS-MARCO-RBAC,8000000,8000000,Lethe,revoked_user,0.2,3,0.009879,0.971673,0.971243,0.00932,0.005464,0.00318,0.003188
MS-MARCO-RBAC,8000000,8000000,Lethe,revoked_user,0.2,4,0.009605,0.971984,0.974265,0.007935,0.009657,0.004069,0.003207
MS-MARCO-RBAC,8000000,8000000,Lethe,revoked_user,0.2,5,0.006022,0.969771,0.973236,0.004562,0.011261,0.002765,0.001643
MS-MARCO-RBAC,8000000,8000000,Lethe,revoked_user,0.2,6,0.011563,0.972001,0.971013,0.010609,0.022312,0.00408,0.000494
MS-MARCO-RBAC,8000000,8000000,Lethe,revoked_user,0.2,7,0.00911,0.972985,0.972825,0.007782,0.020902,0.003892,0.001307
MS-MARCO-RBAC,8000000,8000000,Lethe,revoked_user,0.2,8,0.007077,0.974901,0.970658,0.005963,0.017577,0.002278,0.002869
MS-MARCO-RBAC,8000000,8000000,Lethe,revoked_user,0.2,9,0.00282,0.973199,0.971494,0.00138,0.019526,0.00214,0.00202
MS-MARCO-RBAC,8000000,8000000,Lethe,same_role_still_authorized,0.2,0,0.002162,0.973612,0.971969,0.002797,0.02845,0.003658,0.001379
MS-MARCO-RBAC,8000000,8000000,Lethe,same_role_still_authorized,0.2,1,0.001643,0.972443,0.975721,0.001688,0.012997,0.001104,0.001451
MS-MARCO-RBAC,8000000,8000000,Lethe,same_role_still_authorized,0.2,2,0.00529,0.974455,0.972698,0.003372,0.008017,0.000838,0.001143
MS-MARCO-RBAC,8000000,8000000,Lethe,same_role_still_authorized,0.2,3,0.002044,0.975194,0.972499,0.00142,0.006412,0.002697,0.002606
MS-MARCO-RBAC,8000000,8000000,Lethe,same_role_still_authorized,0.2,4,0.001924,0.973453,0.970073,0.0,0.018845,0.002337,0.002474
MS-MARCO-RBAC,8000000,8000000,Lethe,same_role_still_authorized,0.2,5,0.003189,0.971294,0.97395,0.002144,0.006416,0.00193,0.00101
MS-MARCO-RBAC,8000000,8000000,Lethe,same_role_still_authorized,0.2,6,0.001349,0.971499,0.971065,0.000504,0.016173,0.002353,0.002866
MS-MARCO-RBAC,8000000,8000000,Lethe,same_role_still_authorized,0.2,7,0.004194,0.972511,0.974915,0.004256,0.021352,0.002297,0.000902
MS-MARCO-RBAC,8000000,8000000,Lethe,same_role_still_authorized,0.2,8,0.002009,0.972474,0.972911,2.1e-05,0.022697,0.002602,0.002006
MS-MARCO-RBAC,8000000,8000000,Lethe,same_role_still_authorized,0.2,9,0.002694,0.973497,0.973504,0.001688,0.002556,0.002163,0.001579
MS-MARCO-RBAC,8000000,8000000,Lethe,different_role_still_authorized,0.2,0,0.001888,0.973666,0.973898,0.001603,0.030323,0.001718,0.002827
MS-MARCO-RBAC,8000000,8000000,Lethe,different_role_still_authorized,0.2,1,0.001534,0.973982,0.971242,0.002109,0.0093,0.000874,0.001364
MS-MARCO-RBAC,8000000,8000000,Lethe,different_role_still_authorized,0.2,2,0.002015,0.969687,0.97137,0.003145,0.021484,0.001945,0.00175
MS-MARCO-RBAC,8000000,8000000,Lethe,different_role_still_authorized,0.2,3,0.002465,0.97317,0.971548,0.002257,0.017404,0.004123,0.001246
MS-MARCO-RBAC,8000000,8000000,Lethe,different_role_still_authorized,0.2,4,0.002197,0.971319,0.970821,0.000854,0.01665,0.002935,0.002255
MS-MARCO-RBAC,8000000,8000000,Lethe,different_role_still_authorized,0.2,5,0.001736,0.973941,0.974726,0.001227,0.024276,0.00296,0.003085
MS-MARCO-RBAC,8000000,8000000,Lethe,different_role_still_authorized,0.2,6,0.002322,0.975315,0.974717,0.000423,0.027292,0.001897,0.003788
MS-MARCO-RBAC,8000000,8000000,Lethe,different_role_still_authorized,0.2,7,0.002739,0.973134,0.972443,0.002224,0.015413,0.000521,0.004093
MS-MARCO-RBAC,8000000,8000000,Lethe,different_role_still_authorized,0.2,8,0.001757,0.972844,0.972419,0.000268,0.01847,0.001424,0.003343
MS-MARCO-RBAC,8000000,8000000,Lethe,different_role_still_authorized,0.2,9,0.002476,0.973732,0.971972,0.001483,0.02487,0.001903,0.000925
MS-MARCO-RBAC,8000000,8000000,Lethe,ancestor_descendant_still_authorized,0.2,0,0.002188,0.973021,0.971979,0.002265,0.017234,0.001372,0.001438
MS-MARCO-RBAC,8000000,8000000,Lethe,ancestor_descendant_still_authorized,0.2,1,0.002582,0.97309,0.971121,0.002488,0.016125,0.001203,0.000389
MS-MARCO-RBAC,8000000,8000000,Lethe,ancestor_descendant_still_authorized,0.2,2,0.001499,0.974096,0.972576,0.000471,0.02326,0.000612,0.001425
MS-MARCO-RBAC,8000000,8000000,Lethe,ancestor_descendant_still_authorized,0.2,3,0.002785,0.97337,0.972802,0.002694,0.006292,7.8e-05,0.002789
MS-MARCO-RBAC,8000000,8000000,Lethe,ancestor_descendant_still_authorized,0.2,4,0.001958,0.97381,0.971955,0.000926,0.026505,0.001704,0.002528
MS-MARCO-RBAC,8000000,8000000,Lethe,ancestor_descendant_still_authorized,0.2,5,0.004572,0.971317,0.973699,0.002922,0.016374,0.001667,0.002783
MS-MARCO-RBAC,8000000,8000000,Lethe,ancestor_descendant_still_authorized,0.2,6,0.001907,0.972074,0.973382,0.001395,0.016756,0.001612,0.000611
MS-MARCO-RBAC,8000000,8000000,Lethe,ancestor_descendant_still_authorized,0.2,7,0.001099,0.97734,0.972484,0.0,0.013778,0.001811,0.001981
MS-MARCO-RBAC,8000000,8000000,Lethe,ancestor_descendant_still_authorized,0.2,8,0.001514,0.970972,0.971774,0.0,0.014316,0.003008,0.001133
MS-MARCO-RBAC,8000000,8000000,Lethe,ancestor_descendant_still_authorized,0.2,9,0.003106,0.973711,0.97128,0.002034,0.022236,0.002533,0.001234
MS-MARCO-RBAC,8000000,8000000,Lethe,revoked_user,0.3,0,0.01444,0.973719,0.973675,0.012415,0.022196,0.002241,0.002924
MS-MARCO-RBAC,8000000,8000000,Lethe,revoked_user,0.3,1,0.008292,0.971069,0.974621,0.006822,0.009503,0.002916,0.001595
MS-MARCO-RBAC,8000000,8000000,Lethe,revoked_user,0.3,2,0.011553,0.968961,0.973941,0.009035,0.008912,0.002741,0.003261
MS-MARCO-RBAC,8000000,8000000,Lethe,revoked_user,0.3,3,0.012735,0.974426,0.971665,0.010586,0.013945,0.000612,0.00127
MS-MARCO-RBAC,8000000,8000000,Lethe,revoked_user,0.3,4,0.010938,0.972552,0.971827,0.009111,0.025676,0.002397,0.001089
MS-MARCO-RBAC,8000000,8000000,Lethe,revoked_user,0.3,5,0.011523,0.970014,0.974452,0.009901,0.016462,0.001367,0.000151
MS-MARCO-RBAC,8000000,8000000,Lethe,revoked_user,0.3,6,0.01184,0.971195,0.972735,0.009797,0.017951,0.001991,0.002112
MS-MARCO-RBAC,8000000,8000000,Lethe,revoked_user,0.3,7,0.009776,0.973431,0.971824,0.007756,0.015951,0.001074,0.003349
MS-MARCO-RBAC,8000000,8000000,Lethe,revoked_user,0.3,8,0.012544,0.971385,0.974677,0.010309,0.011208,0.003438,0.002538
MS-MARCO-RBAC,8000000,8000000,Lethe,revoked_user,0.3,9,0.010669,0.976114,0.974999,0.00826,0.009147,0.001773,0.00223
MS-MARCO-RBAC,8000000,8000000,Lethe,same_role_still_authorized,0.3,0,0.002153,0.974085,0.972558,0.001357,0.008486,0.001882,0.002413
MS-MARCO-RBAC,8000000,8000000,Lethe,same_role_still_authorized,0.3,1,0.003449,0.973525,0.972769,0.0,0.007079,0.0,0.001888
MS-MARCO-RBAC,8000000,8000000,Lethe,same_role_still_authorized,0.3,2,0.001418,0.974592,0.974452,0.002243,0.01244,0.002488,0.001541
MS-MARCO-RBAC,8000000,8000000,Lethe,same_role_still_authorized,0.3,3,0.001289,0.973425,0.973717,0.002492,0.011744,0.002978,0.00315
MS-MARCO-RBAC,8000000,8000000,Lethe,same_role_still_authorized,0.3,4,0.000562,0.975505,0.973671,0.000451,0.01777,0.002993,0.001821
MS-MARCO-RBAC,8000000,8000000,Lethe,same_role_still_authorized,0.3,5,0.002354,0.974367,0.972575,0.001099,0.008098,0.00254,0.001265
MS-MARCO-RBAC,8000000,8000000,Lethe,same_role_still_authorized,0.3,6,0.001155,0.97466,0.973455,0.002167,0.017757,0.003523,0.002284
MS-MARCO-RBAC,8000000,8000000,Lethe,same_role_still_authorized,0.3,7,0.001547,0.969422,0.9725,0.000251,0.004292,0.001478,0.001277
MS-MARCO-RBAC,8000000,8000000,Lethe,same_role_still_authorized,0.3,8,0.00457,0.974131,0.972651,0.003757,0.008542,0.001368,0.001095
MS-MARCO-RBAC,8000000,8000000,Lethe,same_role_still_authorized,0.3,9,0.001898,0.974981,0.972544,0.002255,0.028853,0.002656,0.001304
MS-MARCO-RBAC,8000000,8000000,Lethe,different_role_still_authorized,0.3,0,0.001942,0.971057,0.973714,0.002394,0.021015,0.002042,0.001647
MS-MARCO-RBAC,8000000,8000000,Lethe,different_role_still_authorized,0.3,1,0.004176,0.976025,0.976717,0.002565,0.025028,0.002991,0.001291
MS-MARCO-RBAC,8000000,8000000,Lethe,different_role_still_authorized,0.3,2,0.00226,0.972398,0.974008,0.001983,0.014779,0.002579,0.000202
MS-MARCO-RBAC,8000000,8000000,Lethe,different_role_still_authorized,0.3,3,0.003846,0.970748,0.97274,0.001924,0.00407,0.002304,0.001404
MS-MARCO-RBAC,8000000,8000000,Lethe,different_role_still_authorized,0.3,4,0.002065,0.975125,0.972841,0.001248,0.023483,0.003564,0.002152
MS-MARCO-RBAC,8000000,8000000,Lethe,different_role_still_authorized,0.3,5,0.003084,0.973334,0.974922,0.002835,0.013125,0.000716,0.003075
MS-MARCO-RBAC,8000000,8000000,Lethe,different_role_still_authorized,0.3,6,0.002826,0.973723,0.974952,0.000385,0.01405,0.002994,0.000323
MS-MARCO-RBAC,8000000,8000000,Lethe,different_role_still_authorized,0.3,7,0.00251,0.972649,0.975352,0.003254,0.010199,0.001847,0.003412
MS-MARCO-RBAC,8000000,8000000,Lethe,different_role_still_authorized,0.3,8,0.002567,0.973307,0.972334,0.002842,0.006624,0.004457,0.003351
MS-MARCO-RBAC,8000000,8000000,Lethe,different_role_still_authorized,0.3,9,0.001874,0.970745,0.971307,0.001238,0.017924,0.000467,0.001796
MS-MARCO-RBAC,8000000,8000000,Lethe,ancestor_descendant_still_authorized,0.3,0,0.00294,0.97247,0.973156,0.003724,0.020419,0.001596,0.00293
MS-MARCO-RBAC,8000000,8000000,Lethe,ancestor_descendant_still_authorized,0.3,1,0.003516,0.972586,0.975279,0.0028,0.020937,0.004101,0.002706
MS-MARCO-RBAC,8000000,8000000,Lethe,ancestor_descendant_still_authorized,0.3,2,0.001999,0.970843,0.972179,0.0,0.007726,0.001628,0.001536
MS-MARCO-RBAC,8000000,8000000,Lethe,ancestor_descendant_still_authorized,0.3,3,0.004282,0.969748,0.972634,0.003247,0.019275,0.0,0.001957
MS-MARCO-RBAC,8000000,8000000,Lethe,ancestor_descendant_still_authorized,0.3,4,0.003003,0.973299,0.97456,0.001393,0.012383,0.002154,0.002509
MS-MARCO-RBAC,8000000,8000000,Lethe,ancestor_descendant_still_authorized,0.3,5,0.002447,0.974897,0.975442,0.001439,0.025397,0.000737,0.001276
MS-MARCO-RBAC,8000000,8000000,Lethe,ancestor_descendant_still_authorized,0.3,6,0.001065,0.97433,0.971251,0.0,0.004763,0.001568,0.002675
MS-MARCO-RBAC,8000000,8000000,Lethe,ancestor_descendant_still_authorized,0.3,7,0.00328,0.974057,0.971964,0.002332,0.021098,0.00223,0.002364
MS-MARCO-RBAC,8000000,8000000,Lethe,ancestor_descendant_still_authorized,0.3,8,0.002068,0.97432,0.973762,0.001934,0.010689,0.001575,0.002594
MS-MARCO-RBAC,8000000,8000000,Lethe,ancestor_descendant_still_authorized,0.3,9,0.003403,0.970504,0.973089,0.003314,0.014919,0.001879,0.002451
MS-MARCO-RBAC,8000000,8000000,Lethe,revoked_user,0.4,0,0.015011,0.97309,0.971796,0.01183,0.013448,0.00119,0.001637
MS-MARCO-RBAC,8000000,8000000,Lethe,revoked_user,0.4,1,0.010141,0.973,0.972977,0.00867,0.013798,0.000344,0.000722
MS-MARCO-RBAC,8000000,8000000,Lethe,revoked_user,0.4,2,0.01473,0.972829,0.972336,0.010221,0.016636,0.00414,0.000805
MS-MARCO-RBAC,8000000,8000000,Lethe,revoked_user,0.4,3,0.015503,0.974848,0.973179,0.012113,0.01642,0.001598,0.001155
MS-MARCO-RBAC,8000000,8000000,Lethe,revoked_user,0.4,4,0.012329,0.97246,0.971191,0.008754,0.028017,0.00226,0.000908
MS-MARCO-RBAC,8000000,8000000,Lethe,revoked_user,0.4,5,0.015687,0.971836,0.972277,0.010932,0.011349,0.001747,0.002782
MS-MARCO-RBAC,8000000,8000000,Lethe,revoked_user,0.4,6,0.013064,0.974528,0.970567,0.008579,0.018858,0.001489,0.002843
MS-MARCO-RBAC,8000000,8000000,Lethe,revoked_user,0.4,7,0.009916,0.973259,0.9731,0.007582,0.010321,0.002185,0.001027
MS-MARCO-RBAC,8000000,8000000,Lethe,revoked_user,0.4,8,0.014048,0.973731,0.97455,0.011534,0.009843,0.001371,0.000737
MS-MARCO-RBAC,8000000,8000000,Lethe,revoked_user,0.4,9,0.013238,0.974607,0.972568,0.007608,0.010247,0.0014,0.001357
MS-MARCO-RBAC,8000000,8000000,Lethe,same_role_still_authorized,0.4,0,0.003001,0.97467,0.97442,0.003396,0.006566,0.003986,0.002615
MS-MARCO-RBAC,8000000,8000000,Lethe,same_role_still_authorized,0.4,1,0.004524,0.972347,0.973654,0.003854,0.016827,0.000352,0.002714
MS-MARCO-RBAC,8000000,8000000,Lethe,same_role_still_authorized,0.4,2,0.004411,0.974331,0.971916,0.004284,0.014981,0.001381,0.002154
MS-MARCO-RBAC,8000000,8000000,Lethe,same_role_still_authorized,0.4,3,0.003278,0.972223,0.97117,0.001399,0.027305,0.002023,0.001149
MS-MARCO-RBAC,8000000,8000000,Lethe,same_role_still_authorized,0.4,4,0.002717,0.973959,0.972148,0.00056,0.010375,0.001656,0.002692
MS-MARCO-RBAC,8000000,8000000,Lethe,same_role_still_authorized,0.4,5,0.001141,0.972498,0.973398,0.002486,0.01541,0.002396,0.002012
MS-MARCO-RBAC,8000000,8000000,Lethe,same_role_still_authorized,0.4,6,0.004099,0.971884,0.972005,0.003149,0.020399,0.003311,0.001151
MS-MARCO-RBAC,8000000,8000000,Lethe,same_role_still_authorized,0.4,7,0.002921,0.972878,0.97091,2e-06,0.020693,0.001255,0.002692
MS-MARCO-RBAC,8000000,8000000,Lethe,same_role_still_authorized,0.4,8,0.001846,0.974229,0.972953,0.001527,0.015253,0.002928,0.001058
MS-MARCO-RBAC,8000000,8000000,Lethe,same_role_still_authorized,0.4,9,0.001792,0.975065,0.973591,0.00109,0.016741,1.3e-05,0.002281
MS-MARCO-RBAC,8000000,8000000,Lethe,different_role_still_authorized,0.4,0,0.002649,0.973817,0.97262,0.001281,0.016213,0.001754,0.003112
MS-MARCO-RBAC,8000000,8000000,Lethe,different_role_still_authorized,0.4,1,0.00183,0.973644,0.971755,0.0,0.01681,0.000786,0.00291
MS-MARCO-RBAC,8000000,8000000,Lethe,different_role_still_authorized,0.4,2,0.003094,0.970862,0.97338,0.002567,0.017658,0.003041,0.002581
MS-MARCO-RBAC,8000000,8000000,Lethe,different_role_still_authorized,0.4,3,0.002917,0.973054,0.972949,0.002346,0.011047,0.002042,0.003436
MS-MARCO-RBAC,8000000,8000000,Lethe,different_role_still_authorized,0.4,4,0.00319,0.973378,0.973283,0.003351,0.01954,0.002351,0.003089
MS-MARCO-RBAC,8000000,8000000,Lethe,different_role_still_authorized,0.4,5,0.003653,0.971941,0.971873,0.002121,0.012048,0.004348,0.000251
MS-MARCO-RBAC,8000000,8000000,Lethe,different_role_still_authorized,0.4,6,0.002153,0.972884,0.971737,0.001099,0.013666,0.001577,0.002281
MS-MARCO-RBAC,8000000,8000000,Lethe,different_role_still_authorized,0.4,7,0.002026,0.97114,0.970454,0.000588,0.016032,0.000974,0.001296
MS-MARCO-RBAC,8000000,8000000,Lethe,different_role_still_authorized,0.4,8,0.003686,0.972697,0.97157,0.004154,0.009017,0.001704,0.001332
MS-MARCO-RBAC,8000000,8000000,Lethe,different_role_still_authorized,0.4,9,0.002211,0.972909,0.970928,0.003143,0.007238,0.000636,0.001695
MS-MARCO-RBAC,8000000,8000000,Lethe,ancestor_descendant_still_authorized,0.4,0,0.002204,0.97444,0.971926,0.003152,0.018318,0.001117,0.000626
MS-MARCO-RBAC,8000000,8000000,Lethe,ancestor_descendant_still_authorized,0.4,1,0.001991,0.971657,0.97181,0.000884,0.021474,0.001388,0.00219
MS-MARCO-RBAC,8000000,8000000,Lethe,ancestor_descendant_still_authorized,0.4,2,0.001818,0.972628,0.973641,0.001163,0.010136,0.001318,0.002368
MS-MARCO-RBAC,8000000,8000000,Lethe,ancestor_descendant_still_authorized,0.4,3,0.00289,0.970084,0.973035,0.00094,0.009018,0.002484,0.001422
MS-MARCO-RBAC,8000000,8000000,Lethe,ancestor_descendant_still_authorized,0.4,4,0.001896,0.973017,0.975187,0.0,0.014086,0.001782,0.001508
MS-MARCO-RBAC,8000000,8000000,Lethe,ancestor_descendant_still_authorized,0.4,5,0.002774,0.970665,0.972233,0.000321,0.006217,0.003586,0.001008
MS-MARCO-RBAC,8000000,8000000,Lethe,ancestor_descendant_still_authorized,0.4,6,0.001943,0.972385,0.974571,0.0,0.016157,0.002276,0.001256
MS-MARCO-RBAC,8000000,8000000,Lethe,ancestor_descendant_still_authorized,0.4,7,0.002524,0.973971,0.974056,0.00181,0.012238,0.001642,0.002385
MS-MARCO-RBAC,8000000,8000000,Lethe,ancestor_descendant_still_authorized,0.4,8,0.002467,0.971939,0.975283,0.002693,0.012796,0.001251,0.004466
MS-MARCO-RBAC,8000000,8000000,Lethe,ancestor_descendant_still_authorized,0.4,9,0.004628,0.974409,0.972555,0.004374,0.014469,0.0,0.000762
MS-MARCO-RBAC,8000000,8000000,Lethe,revoked_user,0.5,0,0.009815,0.972362,0.976027,0.00756,0.006201,0.001639,0.001613
MS-MARCO-RBAC,8000000,8000000,Lethe,revoked_user,0.5,1,0.01424,0.974493,0.973351,0.011472,0.019663,0.003193,0.001463
MS-MARCO-RBAC,8000000,8000000,Lethe,revoked_user,0.5,2,0.015461,0.974103,0.970641,0.011465,0.016932,0.002908,0.002517
MS-MARCO-RBAC,8000000,8000000,Lethe,revoked_user,0.5,3,0.012017,0.974298,0.972436,0.009418,0.017014,0.00176,0.001387
MS-MARCO-RBAC,8000000,8000000,Lethe,revoked_user,0.5,4,0.009386,0.972348,0.975603,0.005259,0.010133,0.003126,0.00233
MS-MARCO-RBAC,8000000,8000000,Lethe,revoked_user,0.5,5,0.015704,0.971845,0.97317,0.011888,0.018983,0.002033,0.002089
MS-MARCO-RBAC,8000000,8000000,Lethe,revoked_user,0.5,6,0.013077,0.973831,0.970023,0.011495,0.006517,0.002801,0.001111
MS-MARCO-RBAC,8000000,8000000,Lethe,revoked_user,0.5,7,0.014773,0.972544,0.973607,0.012781,0.012292,0.002355,0.001233
MS-MARCO-RBAC,8000000,8000000,Lethe,revoked_user,0.5,8,0.012982,0.97107,0.971699,0.010622,0.018557,0.000345,0.001684
MS-MARCO-RBAC,8000000,8000000,Lethe,revoked_user,0.5,9,0.011243,0.971519,0.970656,0.008944,0.022675,0.001542,0.002482
MS-MARCO-RBAC,8000000,8000000,Lethe,same_role_still_authorized,0.5,0,0.005019,0.973708,0.973518,0.00309,0.010138,0.001971,0.001525
MS-MARCO-RBAC,8000000,8000000,Lethe,same_role_still_authorized,0.5,1,0.005168,0.971393,0.973274,0.00394,0.023107,0.003404,0.002599
MS-MARCO-RBAC,8000000,8000000,Lethe,same_role_still_authorized,0.5,2,0.003241,0.974812,0.971761,0.002958,0.00672,0.00264,0.002481
MS-MARCO-RBAC,8000000,8000000,Lethe,same_role_still_authorized,0.5,3,0.002294,0.973174,0.972966,0.000762,0.018927,0.004054,0.0
MS-MARCO-RBAC,8000000,8000000,Lethe,same_role_still_authorized,0.5,4,0.002606,0.975051,0.972735,0.000891,0.015474,0.0,0.001227
MS-MARCO-RBAC,8000000,8000000,Lethe,same_role_still_authorized,0.5,5,0.003154,0.970776,0.973115,0.001039,0.010771,0.00147,0.003614
MS-MARCO-RBAC,8000000,8000000,Lethe,same_role_still_authorized,0.5,6,0.00337,0.973317,0.973039,0.004794,0.014342,0.00038,0.002756
MS-MARCO-RBAC,8000000,8000000,Lethe,same_role_still_authorized,0.5,7,0.001903,0.971099,0.972985,0.002049,0.010041,0.001389,0.000612
MS-MARCO-RBAC,8000000,8000000,Lethe,same_role_still_authorized,0.5,8,0.003611,0.972614,0.973879,0.002015,0.015583,0.003354,0.002251
MS-MARCO-RBAC,8000000,8000000,Lethe,same_role_still_authorized,0.5,9,0.002275,0.972885,0.969247,0.001758,0.015869,0.002512,0.002427
MS-MARCO-RBAC,8000000,8000000,Lethe,different_role_still_authorized,0.5,0,0.002684,0.974051,0.970088,0.004577,2.6e-05,0.003812,0.003425
MS-MARCO-RBAC,8000000,8000000,Lethe,different_role_still_authorized,0.5,1,0.003183,0.975087,0.972783,0.003548,0.017626,0.001909,0.000863
MS-MARCO-RBAC,8000000,8000000,Lethe,different_role_still_authorized,0.5,2,0.001208,0.972886,0.974649,0.002031,0.025964,0.001355,0.000185
MS-MARCO-RBAC,8000000,8000000,Lethe,different_role_still_authorized,0.5,3,0.001218,0.973963,0.971408,0.0008,0.006327,0.002315,0.000566
MS-MARCO-RBAC,8000000,8000000,Lethe,different_role_still_authorized,0.5,4,0.002423,0.974084,0.974827,0.001688,0.016341,0.001944,0.000755
MS-MARCO-RBAC,8000000,8000000,Lethe,different_role_still_authorized,0.5,5,0.002177,0.973689,0.974758,0.002808,0.018574,0.001455,0.002533
MS-MARCO-RBAC,8000000,8000000,Lethe,different_role_still_authorized,0.5,6,0.004932,0.971605,0.973817,0.002409,0.016126,0.002025,0.000136
MS-MARCO-RBAC,8000000,8000000,Lethe,different_role_still_authorized,0.5,7,0.002625,0.970885,0.973777,0.002202,0.015054,0.001918,0.002131
MS-MARCO-RBAC,8000000,8000000,Lethe,different_role_still_authorized,0.5,8,0.0021,0.972004,0.972783,0.001428,0.01218,0.001803,0.002306
MS-MARCO-RBAC,8000000,8000000,Lethe,different_role_still_authorized,0.5,9,0.00368,0.972629,0.973955,0.00183,0.020911,0.001445,0.001063
MS-MARCO-RBAC,8000000,8000000,Lethe,ancestor_descendant_still_authorized,0.5,0,0.002402,0.973879,0.974963,0.002121,0.008733,0.001992,0.002181
MS-MARCO-RBAC,8000000,8000000,Lethe,ancestor_descendant_still_authorized,0.5,1,0.002679,0.971678,0.972811,0.002677,0.024332,0.000792,0.002819
MS-MARCO-RBAC,8000000,8000000,Lethe,ancestor_descendant_still_authorized,0.5,2,0.004045,0.974625,0.973239,0.002504,0.007036,0.001681,0.004588
MS-MARCO-RBAC,8000000,8000000,Lethe,ancestor_descendant_still_authorized,0.5,3,0.002896,0.97289,0.972247,0.001267,0.01126,0.001867,0.00246
MS-MARCO-RBAC,8000000,8000000,Lethe,ancestor_descendant_still_authorized,0.5,4,0.004286,0.970924,0.973229,0.002954,0.0136,0.000883,0.002178
MS-MARCO-RBAC,8000000,8000000,Lethe,ancestor_descendant_still_authorized,0.5,5,0.002671,0.971542,0.973197,0.001362,0.02305,0.001743,0.00235
MS-MARCO-RBAC,8000000,8000000,Lethe,ancestor_descendant_still_authorized,0.5,6,0.004727,0.969957,0.973921,0.0035,0.018066,0.00115,0.003142
MS-MARCO-RBAC,8000000,8000000,Lethe,ancestor_descendant_still_authorized,0.5,7,0.003393,0.971059,0.972932,0.001314,0.005017,0.001959,8.3e-05
MS-MARCO-RBAC,8000000,8000000,Lethe,ancestor_descendant_still_authorized,0.5,8,0.003302,0.974065,0.971793,0.004482,0.016783,0.003869,0.00063
MS-MARCO-RBAC,8000000,8000000,Lethe,ancestor_descendant_still_authorized,0.5,9,0.001569,0.976727,0.973888,0.00099,0.015979,0.004948,0.001719
MS-MARCO-RBAC,8000000,8000000,Lethe,revoked_user,0.1,0,0.008284,0.969753,0.971362,0.005842,0.004703,0.001558,0.001497
MS-MARCO-RBAC,8000000,8000000,Lethe,revoked_user,0.1,1,0.009319,0.973747,0.973045,0.008967,0.006542,0.002574,0.002782
MS-MARCO-RBAC,8000000,8000000,Lethe,revoked_user,0.1,2,0.008977,0.973624,0.973505,0.00861,0.022563,0.002966,0.000519
MS-MARCO-RBAC,8000000,8000000,Lethe,revoked_user,0.1,3,0.006023,0.972392,0.972286,0.006051,0.019266,0.001093,0.004013
MS-MARCO-RBAC,8000000,8000000,Lethe,revoked_user,0.1,4,0.009857,0.972862,0.973359,0.008009,0.019439,0.00172,0.001612
MS-MARCO-RBAC,8000000,8000000,Lethe,revoked_user,0.1,5,0.003363,0.972472,0.974707,0.002412,0.024256,0.002563,0.003822
MS-MARCO-RBAC,8000000,8000000,Lethe,revoked_user,0.1,6,0.00705,0.974196,0.97179,0.006187,0.019604,0.002081,0.001212
MS-MARCO-RBAC,8000000,8000000,Lethe,revoked_user,0.1,7,0.004503,0.971698,0.972979,0.001918,0.008064,0.002774,0.002112
MS-MARCO-RBAC,8000000,8000000,Lethe,revoked_user,0.1,8,0.011638,0.973381,0.973018,0.009051,0.012343,0.002341,0.002562
MS-MARCO-RBAC,8000000,8000000,Lethe,revoked_user,0.1,9,0.005863,0.97165,0.975239,0.005272,0.015068,0.003216,0.003123
MS-MARCO-RBAC,8000000,8000000,Lethe,same_role_still_authorized,0.1,0,0.001351,0.97317,0.974208,0.002611,0.015081,0.003686,0.000898
MS-MARCO-RBAC,8000000,8000000,Lethe,same_role_still_authorized,0.1,1,0.0,0.973799,0.974496,0.000203,0.016043,0.001083,0.002478
MS-MARCO-RBAC,8000000,8000000,Lethe,same_role_still_authorized,0.1,2,0.002036,0.969112,0.973979,0.002235,0.018865,0.002646,0.002254
MS-MARCO-RBAC,8000000,8000000,Lethe,same_role_still_authorized,0.1,3,0.00208,0.972617,0.972369,0.001892,0.014788,0.000533,0.001566
MS-MARCO-RBAC,8000000,8000000,Lethe,same_role_still_authorized,0.1,4,0.001174,0.973348,0.976903,0.001385,0.013341,0.003086,0.001918
MS-MARCO-RBAC,8000000,8000000,Lethe,same_role_still_authorized,0.1,5,0.003081,0.972961,0.972415,0.000638,0.019897,0.002531,0.003265
MS-MARCO-RBAC,8000000,8000000,Lethe,same_role_still_authorized,0.1,6,0.0,0.97485,0.971652,0.000638,0.015554,0.001422,0.000474
MS-MARCO-RBAC,8000000,8000000,Lethe,same_role_still_authorized,0.1,7,0.00191,0.975993,0.971869,0.001974,0.016338,0.000979,0.00234
MS-MARCO-RBAC,8000000,8000000,Lethe,same_role_still_authorized,0.1,8,0.0,0.973167,0.972825,0.0,0.024483,0.0,0.002327
MS-MARCO-RBAC,8000000,8000000,Lethe,same_role_still_authorized,0.1,9,0.003272,0.97182,0.969302,0.002695,0.020557,0.001572,0.001785
MS-MARCO-RBAC,8000000,8000000,Lethe,different_role_still_authorized,0.1,0,0.001887,0.970935,0.974253,0.0,0.018265,0.001307,0.00069
MS-MARCO-RBAC,8000000,8000000,Lethe,different_role_still_authorized,0.1,1,0.002854,0.975496,0.975183,0.00271,0.01369,0.001999,0.001988
MS-MARCO-RBAC,8000000,8000000,Lethe,different_role_still_authorized,0.1,2,0.002846,0.971072,0.971981,0.003173,0.007059,0.001431,0.002566
MS-MARCO-RBAC,8000000,8000000,Lethe,different_role_still_authorized,0.1,3,0.001261,0.970915,0.972969,0.001891,0.020792,0.001228,0.002312
MS-MARCO-RBAC,8000000,8000000,Lethe,different_role_still_authorized,0.1,4,0.000974,0.972287,0.973063,0.002207,0.023774,0.001972,0.000419
MS-MARCO-RBAC,8000000,8000000,Lethe,different_role_still_authorized,0.1,5,0.000675,0.971925,0.973471,0.000574,0.014064,0.001191,0.001197
MS-MARCO-RBAC,8000000,8000000,Lethe,different_role_still_authorized,0.1,6,0.001696,0.972884,0.969813,0.001723,0.015715,0.001911,0.002168
MS-MARCO-RBAC,8000000,8000000,Lethe,different_role_still_authorized,0.1,7,0.001053,0.970969,0.973313,0.000717,0.016187,0.001324,0.000978
MS-MARCO-RBAC,8000000,8000000,Lethe,different_role_still_authorized,0.1,8,0.001301,0.970955,0.973312,0.001001,0.019823,0.000684,0.000873
MS-MARCO-RBAC,8000000,8000000,Lethe,different_role_still_authorized,0.1,9,0.001575,0.973843,0.972885,0.001742,0.018578,0.001797,0.003566
MS-MARCO-RBAC,8000000,8000000,Lethe,ancestor_descendant_still_authorized,0.1,0,0.002097,0.97065,0.971594,0.002547,0.026118,0.002182,0.000741
MS-MARCO-RBAC,8000000,8000000,Lethe,ancestor_descendant_still_authorized,0.1,1,0.003314,0.970816,0.973314,0.000988,0.021208,0.00187,0.002228
MS-MARCO-RBAC,8000000,8000000,Lethe,ancestor_descendant_still_authorized,0.1,2,0.001416,0.972384,0.974133,0.001152,0.009017,0.001429,0.002651
MS-MARCO-RBAC,8000000,8000000,Lethe,ancestor_descendant_still_authorized,0.1,3,0.003225,0.973703,0.972908,0.001309,0.013297,0.003967,0.00148
MS-MARCO-RBAC,8000000,8000000,Lethe,ancestor_descendant_still_authorized,0.1,4,0.002276,0.973707,0.973611,0.0,0.01136,0.001825,0.000407
MS-MARCO-RBAC,8000000,8000000,Lethe,ancestor_descendant_still_authorized,0.1,5,0.002373,0.975636,0.973834,0.003297,0.017126,0.001057,0.000728
MS-MARCO-RBAC,8000000,8000000,Lethe,ancestor_descendant_still_authorized,0.1,6,0.002365,0.973231,0.97056,0.001833,0.018903,0.002698,0.00316
MS-MARCO-RBAC,8000000,8000000,Lethe,ancestor_descendant_still_authorized,0.1,7,0.001772,0.973657,0.973552,0.001637,0.013776,0.001109,0.002028
MS-MARCO-RBAC,8000000,8000000,Lethe,ancestor_descendant_still_authorized,0.1,8,0.002867,0.973891,0.971031,0.003187,0.014736,0.002671,0.001989
MS-MARCO-RBAC,8000000,8000000,Lethe,ancestor_descendant_still_authorized,0.1,9,0.001156,0.974772,0.9735,0.002145,0.021933,0.002961,0.001904
MS-MARCO-RBAC,8000000,8000000,Lethe,revoked_user,0.2,0,0.009781,0.972932,0.973916,0.009109,0.008301,0.001481,4.8e-05
MS-MARCO-RBAC,8000000,8000000,Lethe,revoked_user,0.2,1,0.008699,0.972571,0.974198,0.007033,0.022205,0.000507,0.001729
MS-MARCO-RBAC,8000000,8000000,Lethe,revoked_user,0.2,2,0.010649,0.970591,0.973054,0.007932,0.030609,0.002457,0.002343
MS-MARCO-RBAC,8000000,8000000,Lethe,revoked_user,0.2,3,0.007735,0.972739,0.975214,0.007193,0.020706,0.0,0.001729
MS-MARCO-RBAC,8000000,8000000,Lethe,revoked_user,0.2,4,0.011497,0.972583,0.975962,0.009161,0.011211,0.002045,0.001143
MS-MARCO-RBAC,8000000,8000000,Lethe,revoked_user,0.2,5,0.008431,0.97386,0.973999,0.006079,0.015816,0.00058,0.000929
MS-MARCO-RBAC,8000000,8000000,Lethe,revoked_user,0.2,6,0.006292,0.973197,0.973851,0.005495,0.011387,0.00087,0.001144
MS-MARCO-RBAC,8000000,8000000,Lethe,revoked_user,0.2,7,0.007388,0.971671,0.972119,0.005928,0.017551,0.001414,0.002554
MS-MARCO-RBAC,8000000,8000000,Lethe,revoked_user,0.2,8,0.008573,0.97226,0.971657,0.006849,0.022388,0.001499,0.000115
MS-MARCO-RBAC,8000000,8000000,Lethe,revoked_user,0.2,9,0.007155,0.973729,0.974156,0.007663,0.021178,0.001537,0.001143
MS-MARCO-RBAC,8000000,8000000,Lethe,same_role_still_authorized,0.2,0,0.002483,0.974436,0.97247,0.001583,0.02464,0.00212,0.0
MS-MARCO-RBAC,8000000,8000000,Lethe,same_role_still_authorized,0.2,1,0.002075,0.970924,0.971947,0.000191,0.017726,0.002312,0.002582
MS-MARCO-RBAC,8000000,8000000,Lethe,same_role_still_authorized,0.2,2,0.002198,0.971012,0.971215,0.001231,0.021492,0.000499,0.000406
MS-MARCO-RBAC,8000000,8000000,Lethe,same_role_still_authorized,0.2,3,0.001842,0.971559,0.972154,0.000135,0.024585,1.4e-05,0.001585
MS-MARCO-RBAC,8000000,8000000,Lethe,same_role_still_authorized,0.2,4,0.001057,0.973575,0.972182,0.000968,0.020245,0.001398,0.003306
MS-MARCO-RBAC,8000000,8000000,Lethe,same_role_still_authorized,0.2,5,0.002522,0.973024,0.972683,0.002665,0.00747,0.001783,0.003344
MS-MARCO-RBAC,8000000,8000000,Lethe,same_role_still_authorized,0.2,6,0.001832,0.972062,0.971506,0.000478,0.018071,0.001179,0.000724
MS-MARCO-RBAC,8000000,8000000,Lethe,same_role_still_authorized,0.2,7,0.002617,0.973449,0.973222,0.001939,0.014556,0.001498,0.001065
MS-MARCO-RBAC,8000000,8000000,Lethe,same_role_still_authorized,0.2,8,0.000793,0.971185,0.972616,0.001722,0.022606,0.001235,0.001168
MS-MARCO-RBAC,8000000,8000000,Lethe,same_role_still_authorized,0.2,9,0.000983,0.974683,0.973154,0.000371,0.011015,0.00154,0.002299
MS-MARCO-RBAC,8000000,8000000,Lethe,different_role_still_authorized,0.2,0,0.003945,0.971061,0.973451,0.004233,0.022406,0.001286,0.000588
MS-MARCO-RBAC,8000000,8000000,Lethe,different_role_still_authorized,0.2,1,0.00327,0.974554,0.973698,0.003124,0.019739,0.001838,0.002299
MS-MARCO-RBAC,8000000,8000000,Lethe,different_role_still_authorized,0.2,2,0.001619,0.969661,0.973123,0.001929,0.023984,0.002081,0.002296
MS-MARCO-RBAC,8000000,8000000,Lethe,different_role_still_authorized,0.2,3,0.002756,0.971895,0.97556,0.004027,0.007355,0.003386,0.000984
MS-MARCO-RBAC,8000000,8000000,Lethe,different_role_still_authorized,0.2,4,0.00356,0.972509,0.972922,0.001495,0.015822,0.001846,0.002284
MS-MARCO-RBAC,8000000,8000000,Lethe,different_role_still_authorized,0.2,5,0.000469,0.971291,0.976554,0.001471,0.009348,0.002693,0.002333
MS-MARCO-RBAC,8000000,8000000,Lethe,different_role_still_authorized,0.2,6,0.002624,0.970946,0.972233,0.001982,0.016117,0.001637,0.001255
MS-MARCO-RBAC,8000000,8000000,Lethe,different_role_still_authorized,0.2,7,0.003554,0.973144,0.972449,0.00306,0.019972,0.003556,0.001189
MS-MARCO-RBAC,8000000,8000000,Lethe,different_role_still_authorized,0.2,8,0.000555,0.975763,0.974076,0.0,0.02467,0.000795,0.002519
MS-MARCO-RBAC,8000000,8000000,Lethe,different_role_still_authorized,0.2,9,0.002172,0.974018,0.973644,0.003103,0.01307,0.001495,0.002023
MS-MARCO-RBAC,8000000,8000000,Lethe,ancestor_descendant_still_authorized,0.2,0,0.0023,0.973044,0.972137,0.00133,0.013223,0.001285,0.001827
MS-MARCO-RBAC,8000000,8000000,Lethe,ancestor_descendant_still_authorized,0.2,1,0.003584,0.972027,0.971704,0.001421,0.012446,0.001674,0.002179
MS-MARCO-RBAC,8000000,8000000,Lethe,ancestor_descendant_still_authorized,0.2,2,0.002306,0.972868,0.973018,0.001106,0.016216,0.000579,0.002529
MS-MARCO-RBAC,8000000,8000000,Lethe,ancestor_descendant_still_authorized,0.2,3,0.001657,0.9737,0.972444,0.001901,0.021233,0.002467,0.000442
MS-MARCO-RBAC,8000000,8000000,Lethe,ancestor_descendant_still_authorized,0.2,4,0.000345,0.973915,0.971433,0.001081,0.016748,0.003019,0.001553
MS-MARCO-RBAC,8000000,8000000,Lethe,ancestor_descendant_still_authorized,0.2,5,0.001879,0.972305,0.975035,0.003959,0.007907,0.0013,0.001095
MS-MARCO-RBAC,8000000,8000000,Lethe,ancestor_descendant_still_authorized,0.2,6,0.000859,0.971248,0.97624,0.0,0.012461,0.001205,0.00103
MS-MARCO-RBAC,8000000,8000000,Lethe,ancestor_descendant_still_authorized,0.2,7,0.00066,0.973445,0.973075,0.000702,0.017508,0.002056,0.001039
MS-MARCO-RBAC,8000000,8000000,Lethe,ancestor_descendant_still_authorized,0.2,8,0.00163,0.972036,0.971124,0.00022,0.004965,0.002465,0.002273
MS-MARCO-RBAC,8000000,8000000,Lethe,ancestor_descendant_still_authorized,0.2,9,0.003376,0.972052,0.972926,0.003076,0.015435,0.0,0.001593
MS-MARCO-RBAC,8000000,8000000,Lethe,revoked_user,0.3,0,0.011829,0.973188,0.970506,0.008752,0.011236,0.001293,0.001198
MS-MARCO-RBAC,8000000,8000000,Lethe,revoked_user,0.3,1,0.007553,0.971742,0.970677,0.005255,0.016488,0.001498,3.7e-05
MS-MARCO-RBAC,8000000,8000000,Lethe,revoked_user,0.3,2,0.013325,0.973367,0.972997,0.00962,0.016797,0.002545,0.003077
MS-MARCO-RBAC,8000000,8000000,Lethe,revoked_user,0.3,3,0.008637,0.973108,0.971414,0.007137,0.014313,0.002992,0.001964
MS-MARCO-RBAC,8000000,8000000,Lethe,revoked_user,0.3,4,0.010598,0.974482,0.973193,0.007421,0.010791,0.002447,0.001528
MS-MARCO-RBAC,8000000,8000000,Lethe,revoked_user,0.3,5,0.014014,0.97218,0.973196,0.011693,0.017444,0.002757,0.002722
MS-MARCO-RBAC,8000000,8000000,Lethe,revoked_user,0.3,6,0.010164,0.975447,0.973411,0.009071,0.017171,0.003253,0.002429
MS-MARCO-RBAC,8000000,8000000,Lethe,revoked_user,0.3,7,0.012,0.973822,0.973272,0.009417,0.016768,0.00309,0.002671
MS-MARCO-RBAC,8000000,8000000,Lethe,revoked_user,0.3,8,0.008696,0.97223,0.972747,0.006402,0.025553,0.001792,0.000919
MS-MARCO-RBAC,8000000,8000000,Lethe,revoked_user,0.3,9,0.011618,0.973724,0.972493,0.009564,0.020757,0.001119,0.002305
MS-MARCO-RBAC,8000000,8000000,Lethe,same_role_still_authorized,0.3,0,0.002011,0.974988,0.973432,0.00183,0.017292,0.000477,0.003372
MS-MARCO-RBAC,8000000,8000000,Lethe,same_role_still_authorized,0.3,1,0.001332,0.972194,0.974092,0.0,0.014265,0.002857,0.0
MS-MARCO-RBAC,8000000,8000000,Lethe,same_role_still_authorized,0.3,2,0.005012,0.974393,0.97334,0.006078,0.018147,0.002375,0.001916
MS-MARCO-RBAC,8000000,8000000,Lethe,same_role_still_authorized,0.3,3,0.002118,0.973617,0.974177,0.002104,0.011701,0.001312,0.0
MS-MARCO-RBAC,8000000,8000000,Lethe,same_role_still_authorized,0.3,4,0.001089,0.9719,0.969991,0.000689,0.010758,0.00327,0.002503
MS-MARCO-RBAC,8000000,8000000,Lethe,same_role_still_authorized,0.3,5,0.002435,0.975018,0.971953,0.002919,0.031774,0.002717,0.002465
MS-MARCO-RBAC,8000000,8000000,Lethe,same_role_still_authorized,0.3,6,0.0,0.974444,0.974423,4.1e-05,0.011685,0.001694,0.002312
MS-MARCO-RBAC,8000000,8000000,Lethe,same_role_still_authorized,0.3,7,0.002096,0.972064,0.970407,0.002457,0.016334,0.002917,0.001199
MS-MARCO-RBAC,8000000,8000000,Lethe,same_role_still_authorized,0.3,8,0.001144,0.970055,0.972528,0.001896,0.00555,0.000677,0.001817
MS-MARCO-RBAC,8000000,8000000,Lethe,same_role_still_authorized,0.3,9,0.002419,0.974154,0.974671,0.001527,0.024663,0.001615,0.002492
MS-MARCO-RBAC,8000000,8000000,Lethe,different_role_still_authorized,0.3,0,0.002666,0.970592,0.975375,0.002296,0.022447,0.002198,0.00239
MS-MARCO-RBAC,8000000,8000000,Lethe,different_role_still_authorized,0.3,1,0.002821,0.972737,0.97098,0.003292,0.015594,0.001805,0.000552
MS-MARCO-RBAC,8000000,8000000,Lethe,different_role_still_authorized,0.3,2,0.001798,0.974738,0.974061,0.003065,0.010987,0.0015,0.002861
MS-MARCO-RBAC,8000000,8000000,Lethe,different_role_still_authorized,0.3,3,0.002222,0.971259,0.974057,1.8e-05,0.013613,0.001602,0.001995
MS-MARCO-RBAC,8000000,8000000,Lethe,different_role_still_authorized,0.3,4,0.003373,0.97384,0.971854,0.000783,0.00653,0.000173,0.001123
MS-MARCO-RBAC,8000000,8000000,Lethe,different_role_still_authorized,0.3,5,0.002448,0.972869,0.974252,0.002472,0.013653,0.002659,0.001256
MS-MARCO-RBAC,8000000,8000000,Lethe,different_role_still_authorized,0.3,6,0.004993,0.971217,0.971841,0.003065,0.010989,0.001697,0.001905
MS-MARCO-RBAC,8000000,8000000,Lethe,different_role_still_authorized,0.3,7,0.00289,0.974456,0.972628,0.003261,0.020389,0.002694,0.001246
MS-MARCO-RBAC,8000000,8000000,Lethe,different_role_still_authorized,0.3,8,0.00298,0.974477,0.972569,0.001297,0.011099,0.002488,0.001191
MS-MARCO-RBAC,8000000,8000000,Lethe,different_role_still_authorized,0.3,9,0.003301,0.973929,0.974964,0.002208,0.027124,0.003953,0.002259
MS-MARCO-RBAC,8000000,8000000,Lethe,ancestor_descendant_still_authorized,0.3,0,0.00303,0.971297,0.971837,0.003934,0.010694,0.002086,0.003262
MS-MARCO-RBAC,8000000,8000000,Lethe,ancestor_descendant_still_authorized,0.3,1,0.002576,0.975082,0.974102,0.002673,0.018596,0.001391,0.00154
MS-MARCO-RBAC,8000000,8000000,Lethe,ancestor_descendant_still_authorized,0.3,2,0.002863,0.97519,0.972016,0.002418,0.012557,0.002244,0.002581
MS-MARCO-RBAC,8000000,8000000,Lethe,ancestor_descendant_still_authorized,0.3,3,0.002137,0.973043,0.969861,0.002503,0.015702,0.001865,0.000528
MS-MARCO-RBAC,8000000,8000000,Lethe,ancestor_descendant_still_authorized,0.3,4,0.002846,0.973052,0.974546,0.004075,0.022258,0.000853,0.001261
MS-MARCO-RBAC,8000000,8000000,Lethe,ancestor_descendant_still_authorized,0.3,5,0.000746,0.971748,0.974089,0.001606,0.021133,0.001228,0.000924
MS-MARCO-RBAC,8000000,8000000,Lethe,ancestor_descendant_still_authorized,0.3,6,0.000974,0.974361,0.975385,0.0,0.015929,0.00223,0.002791
MS-MARCO-RBAC,8000000,8000000,Lethe,ancestor_descendant_still_authorized,0.3,7,0.002088,0.970343,0.973451,0.001943,0.013695,0.002476,0.001374
MS-MARCO-RBAC,8000000,8000000,Lethe,ancestor_descendant_still_authorized,0.3,8,0.002395,0.973456,0.971276,0.001436,0.018206,0.0,0.002946
MS-MARCO-RBAC,8000000,8000000,Lethe,ancestor_descendant_still_authorized,0.3,9,0.001608,0.97275,0.972385,0.001816,0.014374,0.001371,0.002263
MS-MARCO-RBAC,8000000,8000000,Lethe,revoked_user,0.4,0,0.015123,0.975352,0.973664,0.013158,0.011128,0.000864,0.004299
MS-MARCO-RBAC,8000000,8000000,Lethe,revoked_user,0.4,1,0.015573,0.972952,0.973553,0.012459,0.022856,0.00276,0.000778
MS-MARCO-RBAC,8000000,8000000,Lethe,revoked_user,0.4,2,0.009682,0.974143,0.971186,0.006712,0.008804,0.001672,0.000714
MS-MARCO-RBAC,8000000,8000000,Lethe,revoked_user,0.4,3,0.011287,0.970744,0.972118,0.010418,0.023308,0.0,0.002875
MS-MARCO-RBAC,8000000,8000000,Lethe,revoked_user,0.4,4,0.01265,0.97392,0.974935,0.009409,0.022622,0.002641,0.001097
MS-MARCO-RBAC,8000000,8000000,Lethe,revoked_user,0.4,5,0.013977,0.972,0.97142,0.010827,0.004772,0.003227,0.001828
MS-MARCO-RBAC,8000000,8000000,Lethe,revoked_user,0.4,6,0.01397,0.974882,0.974518,0.010715,0.032405,0.002678,0.001838
MS-MARCO-RBAC,8000000,8000000,Lethe,revoked_user,0.4,7,0.009435,0.971731,0.971272,0.008437,0.006616,0.002867,0.002586
MS-MARCO-RBAC,8000000,8000000,Lethe,revoked_user,0.4,8,0.012751,0.974085,0.972835,0.012119,0.01452,0.001685,0.001525
MS-MARCO-RBAC,8000000,8000000,Lethe,revoked_user,0.4,9,0.009615,0.971835,0.973035,0.007508,0.020729,0.003338,0.00109
MS-MARCO-RBAC,8000000,8000000,Lethe,same_role_still_authorized,0.4,0,0.001987,0.973319,0.976451,0.002229,0.010753,0.001269,0.002331
MS-MARCO-RBAC,8000000,8000000,Lethe,same_role_still_authorized,0.4,1,0.001433,0.971416,0.975133,0.001528,0.007661,0.001506,0.00153
MS-MARCO-RBAC,8000000,8000000,Lethe,same_role_still_authorized,0.4,2,0.002091,0.971388,0.970637,0.001128,0.008797,0.001852,0.003471
MS-MARCO-RBAC,8000000,8000000,Lethe,same_role_still_authorized,0.4,3,0.005065,0.976776,0.973932,0.005078,0.013051,0.0,0.001206
MS-MARCO-RBAC,8000000,8000000,Lethe,same_role_still_authorized,0.4,4,0.002307,0.975437,0.973856,0.002148,0.005905,0.000845,0.001488
MS-MARCO-RBAC,8000000,8000000,Lethe,same_role_still_authorized,0.4,5,0.001808,0.973877,0.972014,0.001146,0.008696,0.000778,0.002743
MS-MARCO-RBAC,8000000,8000000,Lethe,same_role_still_authorized,0.4,6,0.003456,0.972336,0.974376,0.001761,0.004968,0.001291,0.003057
MS-MARCO-RBAC,8000000,8000000,Lethe,same_role_still_authorized,0.4,7,0.001244,0.973004,0.975681,0.002099,0.014647,0.00206,0.001338
MS-MARCO-RBAC,8000000,8000000,Lethe,same_role_still_authorized,0.4,8,0.001726,0.972668,0.971544,0.001463,0.011614,0.002572,0.000904
MS-MARCO-RBAC,8000000,8000000,Lethe,same_role_still_authorized,0.4,9,0.001131,0.972227,0.972432,0.00071,0.015748,0.002261,0.001867
MS-MARCO-RBAC,8000000,8000000,Lethe,different_role_still_authorized,0.4,0,0.002401,0.973203,0.972615,0.002069,0.010554,0.000285,0.000843
MS-MARCO-RBAC,8000000,8000000,Lethe,different_role_still_authorized,0.4,1,0.002143,0.971725,0.97275,0.002482,0.005157,0.0046,0.001955
MS-MARCO-RBAC,8000000,8000000,Lethe,different_role_still_authorized,0.4,2,0.003823,0.971676,0.973703,0.005074,0.016928,0.002056,0.000243
MS-MARCO-RBAC,8000000,8000000,Lethe,different_role_still_authorized,0.4,3,0.00313,0.971918,0.974547,0.003266,0.015421,0.000845,0.001945
MS-MARCO-RBAC,8000000,8000000,Lethe,different_role_still_authorized,0.4,4,0.002947,0.972223,0.970399,0.001415,0.008929,0.001516,0.003338
MS-MARCO-RBAC,8000000,8000000,Lethe,different_role_still_authorized,0.4,5,0.00086,0.974613,0.972438,0.0,0.013796,0.002327,0.00098
MS-MARCO-RBAC,8000000,8000000,Lethe,different_role_still_authorized,0.4,6,0.001316,0.971518,0.972436,0.00088,0.012434,0.001884,0.002064
MS-MARCO-RBAC,8000000,8000000,Lethe,different_role_still_authorized,0.4,7,0.003514,0.972057,0.974248,0.003003,0.023332,0.00283,0.003027
MS-MARCO-RBAC,8000000,8000000,Lethe,different_role_still_authorized,0.4,8,0.000575,0.975265,0.972699,0.000923,0.012323,0.001352,0.003016
MS-MARCO-RBAC,8000000,8000000,Lethe,different_role_still_authorized,0.4,9,0.002248,0.975396,0.972136,0.002014,0.010136,0.001564,0.003286
MS-MARCO-RBAC,8000000,8000000,Lethe,ancestor_descendant_still_authorized,0.4,0,0.002916,0.974894,0.972692,0.002574,0.012445,0.001358,0.002
MS-MARCO-RBAC,8000000,8000000,Lethe,ancestor_descendant_still_authorized,0.4,1,0.0034,0.973342,0.971565,0.002541,0.026549,0.001296,0.003537
MS-MARCO-RBAC,8000000,8000000,Lethe,ancestor_descendant_still_authorized,0.4,2,0.001757,0.973036,0.972643,0.001923,0.008474,0.003263,0.002976
MS-MARCO-RBAC,8000000,8000000,Lethe,ancestor_descendant_still_authorized,0.4,3,0.002647,0.974572,0.973254,0.002829,0.009738,0.002831,0.003099
MS-MARCO-RBAC,8000000,8000000,Lethe,ancestor_descendant_still_authorized,0.4,4,0.001057,0.970437,0.975912,0.000208,0.018884,0.00231,0.00317
MS-MARCO-RBAC,8000000,8000000,Lethe,ancestor_descendant_still_authorized,0.4,5,0.003872,0.973817,0.970861,0.003734,0.016333,0.00103,0.002836
MS-MARCO-RBAC,8000000,8000000,Lethe,ancestor_descendant_still_authorized,0.4,6,0.003829,0.971344,0.974306,0.004625,0.020815,0.003164,0.001006
MS-MARCO-RBAC,8000000,8000000,Lethe,ancestor_descendant_still_authorized,0.4,7,0.003497,0.972339,0.970184,0.003015,0.008771,0.003389,0.002229
MS-MARCO-RBAC,8000000,8000000,Lethe,ancestor_descendant_still_authorized,0.4,8,0.002971,0.971708,0.9725,0.002973,0.011879,0.0,0.001079
MS-MARCO-RBAC,8000000,8000000,Lethe,ancestor_descendant_still_authorized,0.4,9,0.003177,0.97538,0.974082,0.004625,0.011205,0.00248,0.002085
MS-MARCO-RBAC,8000000,8000000,Lethe,revoked_user,0.5,0,0.014183,0.972278,0.971506,0.011388,0.014206,0.00229,0.002742
MS-MARCO-RBAC,8000000,8000000,Lethe,revoked_user,0.5,1,0.01448,0.97282,0.972515,0.011875,0.009302,0.001236,0.00343
MS-MARCO-RBAC,8000000,8000000,Lethe,revoked_user,0.5,2,0.014378,0.971701,0.970499,0.010977,0.023817,0.003038,0.002695
MS-MARCO-RBAC,8000000,8000000,Lethe,revoked_user,0.5,3,0.016493,0.971906,0.970871,0.012185,0.015875,0.001838,0.000684
MS-MARCO-RBAC,8000000,8000000,Lethe,revoked_user,0.5,4,0.014511,0.970274,0.971478,0.011854,0.012052,0.00399,0.002269
MS-MARCO-RBAC,8000000,8000000,Lethe,revoked_user,0.5,5,0.014021,0.973734,0.972828,0.01236,0.014807,0.001145,0.00274
MS-MARCO-RBAC,8000000,8000000,Lethe,revoked_user,0.5,6,0.011923,0.974856,0.972901,0.009952,0.015455,0.002251,0.002993
MS-MARCO-RBAC,8000000,8000000,Lethe,revoked_user,0.5,7,0.013768,0.970795,0.971705,0.010796,0.012638,0.002081,0.003611
MS-MARCO-RBAC,8000000,8000000,Lethe,revoked_user,0.5,8,0.01221,0.973094,0.971978,0.010294,0.019878,0.001442,0.000237
MS-MARCO-RBAC,8000000,8000000,Lethe,revoked_user,0.5,9,0.015089,0.972591,0.97582,0.011159,0.011287,0.002228,0.000769
MS-MARCO-RBAC,8000000,8000000,Lethe,same_role_still_authorized,0.5,0,0.004434,0.970177,0.970646,0.003336,0.024153,0.00295,0.000564
MS-MARCO-RBAC,8000000,8000000,Lethe,same_role_still_authorized,0.5,1,0.00209,0.972215,0.97159,0.001921,0.00934,0.000724,0.001642
MS-MARCO-RBAC,8000000,8000000,Lethe,same_role_still_authorized,0.5,2,0.002389,0.97493,0.973703,0.003282,0.006326,0.002676,0.001559
MS-MARCO-RBAC,8000000,8000000,Lethe,same_role_still_authorized,0.5,3,0.003819,0.974193,0.973462,0.001235,0.008211,0.003577,0.003082
MS-MARCO-RBAC,8000000,8000000,Lethe,same_role_still_authorized,0.5,4,0.002704,0.972924,0.971663,0.0009,0.009448,0.002233,0.001334
MS-MARCO-RBAC,8000000,8000000,Lethe,same_role_still_authorized,0.5,5,0.002779,0.972684,0.972119,0.004422,0.012405,0.001212,0.001986
MS-MARCO-RBAC,8000000,8000000,Lethe,same_role_still_authorized,0.5,6,0.001553,0.972795,0.973733,0.000988,0.004899,0.003303,0.000309
MS-MARCO-RBAC,8000000,8000000,Lethe,same_role_still_authorized,0.5,7,0.002418,0.974211,0.972837,0.001912,0.021266,0.002885,0.00269
MS-MARCO-RBAC,8000000,8000000,Lethe,same_role_still_authorized,0.5,8,0.003807,0.970709,0.97552,0.000579,0.010952,0.002656,0.001272
MS-MARCO-RBAC,8000000,8000000,Lethe,same_role_still_authorized,0.5,9,0.003419,0.972675,0.975066,0.003564,0.007067,0.003297,0.00129
MS-MARCO-RBAC,8000000,8000000,Lethe,different_role_still_authorized,0.5,0,0.002891,0.970829,0.973547,0.002038,0.012709,0.004963,0.002991
MS-MARCO-RBAC,8000000,8000000,Lethe,different_role_still_authorized,0.5,1,0.002165,0.974307,0.974593,0.003372,0.032245,0.002087,0.00342
MS-MARCO-RBAC,8000000,8000000,Lethe,different_role_still_authorized,0.5,2,0.003952,0.974441,0.974558,0.001972,0.024695,0.000642,0.00263
MS-MARCO-RBAC,8000000,8000000,Lethe,different_role_still_authorized,0.5,3,0.004948,0.972603,0.974365,0.002897,0.014243,0.004185,0.003204
MS-MARCO-RBAC,8000000,8000000,Lethe,different_role_still_authorized,0.5,4,0.002954,0.972063,0.973365,0.002729,0.020646,0.002426,0.001856
MS-MARCO-RBAC,8000000,8000000,Lethe,different_role_still_authorized,0.5,5,0.004829,0.972372,0.971883,0.002806,0.02216,0.000571,0.002553
MS-MARCO-RBAC,8000000,8000000,Lethe,different_role_still_authorized,0.5,6,0.003326,0.972597,0.972315,0.002307,0.011124,0.000351,0.003327
MS-MARCO-RBAC,8000000,8000000,Lethe,different_role_still_authorized,0.5,7,0.003627,0.972128,0.975169,0.002168,0.018546,0.000233,0.000254
MS-MARCO-RBAC,8000000,8000000,Lethe,different_role_still_authorized,0.5,8,0.000896,0.972918,0.973087,0.0,0.016993,0.003976,0.001418
MS-MARCO-RBAC,8000000,8000000,Lethe,different_role_still_authorized,0.5,9,0.005412,0.974259,0.974882,0.00492,0.018827,0.002545,0.002152
MS-MARCO-RBAC,8000000,8000000,Lethe,ancestor_descendant_still_authorized,0.5,0,0.003504,0.972493,0.975949,0.003141,0.018035,0.000385,0.002304
MS-MARCO-RBAC,8000000,8000000,Lethe,ancestor_descendant_still_authorized,0.5,1,0.004233,0.97225,0.973961,0.00295,0.019802,0.001198,0.002504
MS-MARCO-RBAC,8000000,8000000,Lethe,ancestor_descendant_still_authorized,0.5,2,0.002995,0.972471,0.972774,0.003177,0.019872,0.002983,0.002776
MS-MARCO-RBAC,8000000,8000000,Lethe,ancestor_descendant_still_authorized,0.5,3,0.003216,0.969602,0.973344,0.001577,0.006319,0.000931,0.001748
MS-MARCO-RBAC,8000000,8000000,Lethe,ancestor_descendant_still_authorized,0.5,4,0.002734,0.973233,0.972025,0.004162,0.005127,0.001821,0.003897
MS-MARCO-RBAC,8000000,8000000,Lethe,ancestor_descendant_still_authorized,0.5,5,0.003396,0.972462,0.970907,0.003511,0.0089,0.002383,0.001636
MS-MARCO-RBAC,8000000,8000000,Lethe,ancestor_descendant_still_authorized,0.5,6,0.002727,0.971851,0.972397,0.003054,0.025585,0.002676,0.00117
MS-MARCO-RBAC,8000000,8000000,Lethe,ancestor_descendant_still_authorized,0.5,7,0.002074,0.97281,0.97399,0.002389,0.00917,0.003376,0.003792
MS-MARCO-RBAC,8000000,8000000,Lethe,ancestor_descendant_still_authorized,0.5,8,0.003639,0.97354,0.971418,0.002457,0.024219,0.00259,0.003015
MS-MARCO-RBAC,8000000,8000000,Lethe,ancestor_descendant_still_authorized,0.5,9,0.003635,0.973755,0.976152,0.003111,0.018618,0.001817,0.000888
MS-MARCO-RBAC,8000000,8000000,Lethe,revoked_user,0.1,0,0.00631,0.975467,0.971774,0.004534,0.015749,0.000889,0.003879
MS-MARCO-RBAC,8000000,8000000,Lethe,revoked_user,0.1,1,0.009719,0.973456,0.976772,0.007967,0.010721,0.001651,0.00191
MS-MARCO-RBAC,8000000,8000000,Lethe,revoked_user,0.1,2,0.008683,0.975142,0.97634,0.005333,0.012256,0.002971,0.001508
MS-MARCO-RBAC,8000000,8000000,Lethe,revoked_user,0.1,3,0.006255,0.970553,0.971161,0.005192,0.014452,0.002821,0.001799
MS-MARCO-RBAC,8000000,8000000,Lethe,revoked_user,0.1,4,0.009966,0.973818,0.973338,0.008149,0.012347,0.000976,0.002487
MS-MARCO-RBAC,8000000,8000000,Lethe,revoked_user,0.1,5,0.008845,0.975856,0.972861,0.007027,0.001234,0.002581,0.00349
MS-MARCO-RBAC,8000000,8000000,Lethe,revoked_user,0.1,6,0.006216,0.974757,0.970735,0.006368,0.021438,0.002879,0.001
MS-MARCO-RBAC,8000000,8000000,Lethe,revoked_user,0.1,7,0.008589,0.971178,0.971265,0.00744,0.019086,0.00218,0.002268
MS-MARCO-RBAC,8000000,8000000,Lethe,revoked_user,0.1,8,0.005865,0.974151,0.972901,0.004955,0.015356,0.001496,0.002
MS-MARCO-RBAC,8000000,8000000,Lethe,revoked_user,0.1,9,0.006167,0.971665,0.975941,0.004842,0.011213,0.001567,0.001945
MS-MARCO-RBAC,8000000,8000000,Lethe,same_role_still_authorized,0.1,0,0.000188,0.971482,0.97461,0.002669,0.018536,0.00196,0.002337
MS-MARCO-RBAC,8000000,8000000,Lethe,same_role_still_authorized,0.1,1,0.000154,0.973261,0.97165,0.00031,0.007554,0.003583,0.001082
MS-MARCO-RBAC,8000000,8000000,Lethe,same_role_still_authorized,0.1,2,0.001797,0.974195,0.970932,0.002126,0.015613,0.001414,0.004437
MS-MARCO-RBAC,8000000,8000000,Lethe,same_role_still_authorized,0.1,3,0.003336,0.969772,0.972032,0.002595,0.011236,0.002171,0.000371
MS-MARCO-RBAC,8000000,8000000,Lethe,same_role_still_authorized,0.1,4,0.000892,0.972067,0.97507,0.0,0.018864,0.001981,0.00307
MS-MARCO-RBAC,8000000,8000000,Lethe,same_role_still_authorized,0.1,5,0.00264,0.971887,0.972636,0.002248,0.01307,0.000718,0.003102
MS-MARCO-RBAC,8000000,8000000,Lethe,same_role_still_authorized,0.1,6,0.001366,0.974149,0.973946,0.002272,0.015959,0.001028,0.001526
MS-MARCO-RBAC,8000000,8000000,Lethe,same_role_still_authorized,0.1,7,0.001231,0.97529,0.973266,0.000455,0.008869,0.002048,0.000277
MS-MARCO-RBAC,8000000,8000000,Lethe,same_role_still_authorized,0.1,8,0.001342,0.975433,0.971807,0.000528,0.012908,0.002546,0.00174
MS-MARCO-RBAC,8000000,8000000,Lethe,same_role_still_authorized,0.1,9,0.001001,0.971196,0.97011,0.001254,0.015092,0.001302,0.001657
MS-MARCO-RBAC,8000000,8000000,Lethe,different_role_still_authorized,0.1,0,0.003261,0.975071,0.97308,0.003586,0.008358,0.0014,0.001866
MS-MARCO-RBAC,8000000,8000000,Lethe,different_role_still_authorized,0.1,1,0.002503,0.972279,0.973817,0.001495,0.022425,0.000746,0.000812
MS-MARCO-RBAC,8000000,8000000,Lethe,different_role_still_authorized,0.1,2,0.002187,0.973037,0.972962,0.0,0.004477,0.000766,0.002019
MS-MARCO-RBAC,8000000,8000000,Lethe,different_role_still_authorized,0.1,3,0.001603,0.973437,0.974363,0.000275,0.029163,0.002486,0.001432
MS-MARCO-RBAC,8000000,8000000,Lethe,different_role_still_authorized,0.1,4,0.002453,0.972897,0.973337,0.003105,0.00084,0.001845,0.000381
MS-MARCO-RBAC,8000000,8000000,Lethe,different_role_still_authorized,0.1,5,0.001486,0.974202,0.975831,0.000122,0.010184,0.001424,0.002244
MS-MARCO-RBAC,8000000,8000000,Lethe,different_role_still_authorized,0.1,6,0.00193,0.973677,0.970813,0.002193,0.01614,0.002327,0.000943
MS-MARCO-RBAC,8000000,8000000,Lethe,different_role_still_authorized,0.1,7,0.001367,0.973511,0.973358,0.000547,0.008647,0.000663,0.001502
MS-MARCO-RBAC,8000000,8000000,Lethe,different_role_still_authorized,0.1,8,0.001837,0.971096,0.974026,0.002963,0.010787,0.001334,0.001534
MS-MARCO-RBAC,8000000,8000000,Lethe,different_role_still_authorized,0.1,9,0.003168,0.972126,0.969524,0.00334,0.016165,0.001525,0.002318
MS-MARCO-RBAC,8000000,8000000,Lethe,ancestor_descendant_still_authorized,0.1,0,0.001658,0.972455,0.971568,0.00186,0.010792,0.001563,0.001225
MS-MARCO-RBAC,8000000,8000000,Lethe,ancestor_descendant_still_authorized,0.1,1,0.000384,0.972925,0.970624,0.001269,0.018162,0.003505,0.003418
MS-MARCO-RBAC,8000000,8000000,Lethe,ancestor_descendant_still_authorized,0.1,2,9.2e-05,0.971793,0.971212,0.001016,0.019063,0.003409,0.004234
MS-MARCO-RBAC,8000000,8000000,Lethe,ancestor_descendant_still_authorized,0.1,3,0.000726,0.975679,0.970267,4.5e-05,0.018287,0.001793,0.003066
MS-MARCO-RBAC,8000000,8000000,Lethe,ancestor_descendant_still_authorized,0.1,4,0.002106,0.971942,0.971799,0.002649,0.01231,0.000596,0.002396
MS-MARCO-RBAC,8000000,8000000,Lethe,ancestor_descendant_still_authorized,0.1,5,0.0,0.973811,0.97331,0.001761,0.018851,0.001525,0.001782
MS-MARCO-RBAC,8000000,8000000,Lethe,ancestor_descendant_still_authorized,0.1,6,0.001521,0.971701,0.974901,0.000938,0.02353,0.001823,0.002304
MS-MARCO-RBAC,8000000,8000000,Lethe,ancestor_descendant_still_authorized,0.1,7,0.0,0.970231,0.97318,0.0,0.012664,0.000849,0.002028
MS-MARCO-RBAC,8000000,8000000,Lethe,ancestor_descendant_still_authorized,0.1,8,0.001505,0.972181,0.972453,0.001472,0.010198,0.0,0.002618
MS-MARCO-RBAC,8000000,8000000,Lethe,ancestor_descendant_still_authorized,0.1,9,0.002256,0.973984,0.974716,0.003442,0.009208,0.000156,0.002423
MS-MARCO-RBAC,8000000,8000000,Lethe,revoked_user,0.2,0,0.008359,0.973387,0.974094,0.00733,0.025768,0.002215,0.001451
MS-MARCO-RBAC,8000000,8000000,Lethe,revoked_user,0.2,1,0.010356,0.970541,0.971198,0.007163,0.017233,0.00154,0.001889
MS-MARCO-RBAC,8000000,8000000,Lethe,revoked_user,0.2,2,0.009898,0.971427,0.972366,0.007368,0.006752,0.001969,0.002873
MS-MARCO-RBAC,8000000,8000000,Lethe,revoked_user,0.2,3,0.008045,0.97272,0.97182,0.005774,0.015056,0.001559,0.002515
MS-MARCO-RBAC,8000000,8000000,Lethe,revoked_user,0.2,4,0.007527,0.971367,0.973706,0.005549,0.013979,0.001845,0.001545
MS-MARCO-RBAC,8000000,8000000,Lethe,revoked_user,0.2,5,0.011014,0.974404,0.973262,0.009369,0.005745,0.003117,0.002699
MS-MARCO-RBAC,8000000,8000000,Lethe,revoked_user,0.2,6,0.005411,0.973087,0.971114,0.005523,0.02465,0.002617,0.003083
MS-MARCO-RBAC,8000000,8000000,Lethe,revoked_user,0.2,7,0.007577,0.97307,0.970288,0.006076,0.008038,0.002051,0.002157
MS-MARCO-RBAC,8000000,8000000,Lethe,revoked_user,0.2,8,0.007783,0.971983,0.973116,0.006641,0.024479,0.001574,0.002274
MS-MARCO-RBAC,8000000,8000000,Lethe,revoked_user,0.2,9,0.009929,0.972248,0.972855,0.007204,0.013155,0.001434,0.002015
MS-MARCO-RBAC,8000000,8000000,Lethe,same_role_still_authorized,0.2,0,0.001842,0.972763,0.970226,0.000656,0.022213,0.002596,0.001828
MS-MARCO-RBAC,8000000,8000000,Lethe,same_role_still_authorized,0.2,1,0.002084,0.972814,0.973993,0.00102,0.005866,0.002856,0.002587
MS-MARCO-RBAC,8000000,8000000,Lethe,same_role_still_authorized,0.2,2,0.00295,0.973767,0.973187,0.001817,0.013561,0.002105,0.00221
MS-MARCO-RBAC,8000000,8000000,Lethe,same_role_still_authorized,0.2,3,0.001247,0.974994,0.973244,0.001797,0.024786,0.001153,0.003147
MS-MARCO-RBAC,8000000,8000000,Lethe,same_role_still_authorized,0.2,4,0.000436,0.971525,0.968975,0.001742,0.009165,0.002881,0.001914
MS-MARCO-RBAC,8000000,8000000,Lethe,same_role_still_authorized,0.2,5,0.003119,0.97243,0.975593,0.004227,0.019828,0.004536,0.003084
MS-MARCO-RBAC,8000000,8000000,Lethe,same_role_still_authorized,0.2,6,0.001106,0.973726,0.97223,0.002768,0.007393,0.002677,0.002672
MS-MARCO-RBAC,8000000,8000000,Lethe,same_role_still_authorized,0.2,7,0.001581,0.97297,0.973322,0.001009,0.019391,0.00212,0.000364
MS-MARCO-RBAC,8000000,8000000,Lethe,same_role_still_authorized,0.2,8,0.002444,0.971406,0.972233,0.000596,0.01592,0.002264,0.000564
MS-MARCO-RBAC,8000000,8000000,Lethe,same_role_still_authorized,0.2,9,0.003413,0.973949,0.971233,0.003362,0.020399,0.001864,0.0
MS-MARCO-RBAC,8000000,8000000,Lethe,different_role_still_authorized,0.2,0,0.001065,0.973721,0.974887,0.001312,0.008529,0.001467,0.00172
MS-MARCO-RBAC,8000000,8000000,Lethe,different_role_still_authorized,0.2,1,0.00165,0.96994,0.973062,0.001778,0.016605,0.002053,0.001334
MS-MARCO-RBAC,8000000,8000000,Lethe,different_role_still_authorized,0.2,2,0.003856,0.974816,0.974386,0.003741,0.015165,0.002754,0.002186
MS-MARCO-RBAC,8000000,8000000,Lethe,different_role_still_authorized,0.2,3,0.000286,0.973327,0.97085,0.0,0.023095,0.001698,0.002953
MS-MARCO-RBAC,8000000,8000000,Lethe,different_role_still_authorized,0.2,4,0.001186,0.971515,0.973116,0.000873,0.006655,0.001487,0.003241
MS-MARCO-RBAC,8000000,8000000,Lethe,different_role_still_authorized,0.2,5,0.002182,0.97099,0.973202,0.001814,0.017362,0.003438,0.003685
MS-MARCO-RBAC,8000000,8000000,Lethe,different_role_still_authorized,0.2,6,0.003232,0.97529,0.973938,0.002315,0.012521,0.002959,0.00352
MS-MARCO-RBAC,8000000,8000000,Lethe,different_role_still_authorized,0.2,7,0.002883,0.971538,0.972284,0.003046,0.020462,0.001478,0.001799
MS-MARCO-RBAC,8000000,8000000,Lethe,different_role_still_authorized,0.2,8,0.00171,0.972198,0.97342,0.001836,0.027004,0.000779,0.000983
MS-MARCO-RBAC,8000000,8000000,Lethe,different_role_still_authorized,0.2,9,0.001721,0.971067,0.972001,0.001171,0.024116,0.00109,0.001297
MS-MARCO-RBAC,8000000,8000000,Lethe,ancestor_descendant_still_authorized,0.2,0,0.002481,0.975101,0.971033,0.003163,0.025087,0.000199,0.000561
MS-MARCO-RBAC,8000000,8000000,Lethe,ancestor_descendant_still_authorized,0.2,1,0.001672,0.974124,0.974205,0.001627,0.013677,0.003183,0.001692
MS-MARCO-RBAC,8000000,8000000,Lethe,ancestor_descendant_still_authorized,0.2,2,0.002191,0.973107,0.975033,0.001094,0.027324,0.001581,0.0012
MS-MARCO-RBAC,8000000,8000000,Lethe,ancestor_descendant_still_authorized,0.2,3,0.001924,0.973369,0.974348,0.00091,0.014593,0.003423,0.002278
MS-MARCO-RBAC,8000000,8000000,Lethe,ancestor_descendant_still_authorized,0.2,4,0.003314,0.972204,0.975601,0.003901,0.003267,0.000909,0.004094
MS-MARCO-RBAC,8000000,8000000,Lethe,ancestor_descendant_still_authorized,0.2,5,0.002443,0.973589,0.973856,0.0,0.0184,0.001675,0.002162
MS-MARCO-RBAC,8000000,8000000,Lethe,ancestor_descendant_still_authorized,0.2,6,0.000391,0.973617,0.971519,0.0,0.0147,0.002307,0.00276
MS-MARCO-RBAC,8000000,8000000,Lethe,ancestor_descendant_still_authorized,0.2,7,0.001452,0.975936,0.97229,0.00082,0.020128,0.00243,0.001334
MS-MARCO-RBAC,8000000,8000000,Lethe,ancestor_descendant_still_authorized,0.2,8,0.003373,0.973681,0.971672,0.002717,0.006198,0.001256,0.001635
MS-MARCO-RBAC,8000000,8000000,Lethe,ancestor_descendant_still_authorized,0.2,9,0.000675,0.973061,0.97599,0.0,0.014442,0.003333,0.001253
MS-MARCO-RBAC,8000000,8000000,Lethe,revoked_user,0.3,0,0.010432,0.97382,0.974202,0.009282,0.014212,0.001222,0.001208
MS-MARCO-RBAC,8000000,8000000,Lethe,revoked_user,0.3,1,0.013264,0.971963,0.972207,0.010022,0.011625,0.001501,0.001956
MS-MARCO-RBAC,8000000,8000000,Lethe,revoked_user,0.3,2,0.008728,0.974346,0.974031,0.006495,0.008021,0.003498,0.000978
MS-MARCO-RBAC,8000000,8000000,Lethe,revoked_user,0.3,3,0.011388,0.972792,0.972105,0.008904,0.013322,0.003348,0.001428
MS-MARCO-RBAC,8000000,8000000,Lethe,revoked_user,0.3,4,0.01151,0.97322,0.973129,0.010136,0.018802,0.000781,0.002134
MS-MARCO-RBAC,8000000,8000000,Lethe,revoked_user,0.3,5,0.009689,0.972867,0.975955,0.009059,0.011964,0.001358,0.00081
MS-MARCO-RBAC,8000000,8000000,Lethe,revoked_user,0.3,6,0.012486,0.97368,0.973195,0.011031,0.019703,0.002006,0.002694
MS-MARCO-RBAC,8000000,8000000,Lethe,revoked_user,0.3,7,0.01165,0.972112,0.972925,0.007551,0.022896,0.002391,0.000384
MS-MARCO-RBAC,8000000,8000000,Lethe,revoked_user,0.3,8,0.013254,0.971895,0.971274,0.009332,0.014903,0.004423,0.002021
MS-MARCO-RBAC,8000000,8000000,Lethe,revoked_user,0.3,9,0.014248,0.972805,0.974306,0.013163,0.016205,0.002387,0.003398
MS-MARCO-RBAC,8000000,8000000,Lethe,same_role_still_authorized,0.3,0,0.002693,0.973057,0.972958,0.002361,0.019701,0.002205,0.002614
MS-MARCO-RBAC,8000000,8000000,Lethe,same_role_still_authorized,0.3,1,0.003477,0.972236,0.971455,0.003504,0.007715,0.002422,0.001686
MS-MARCO-RBAC,8000000,8000000,Lethe,same_role_still_authorized,0.3,2,0.003528,0.972951,0.974491,0.001577,0.010257,0.002295,0.002511
MS-MARCO-RBAC,8000000,8000000,Lethe,same_role_still_authorized,0.3,3,0.002523,0.973819,0.973021,0.002527,0.017418,0.002715,0.001457
MS-MARCO-RBAC,8000000,8000000,Lethe,same_role_still_authorized,0.3,4,0.001866,0.972546,0.971694,0.00095,0.017379,0.00189,0.00334
MS-MARCO-RBAC,8000000,8000000,Lethe,same_role_still_authorized,0.3,5,0.002658,0.970762,0.972748,0.00098,0.010552,0.002919,0.001865
MS-MARCO-RBAC,8000000,8000000,Lethe,same_role_still_authorized,0.3,6,0.00293,0.970892,0.971629,0.001496,0.017993,0.003319,0.000873
MS-MARCO-RBAC,8000000,8000000,Lethe,same_role_still_authorized,0.3,7,0.000331,0.973554,0.971242,0.0,0.008853,0.002407,0.002903
MS-MARCO-RBAC,8000000,8000000,Lethe,same_role_still_authorized,0.3,8,0.001457,0.971807,0.97261,0.0,0.004965,0.00281,0.001893
MS-MARCO-RBAC,8000000,8000000,Lethe,same_role_still_authorized,0.3,9,0.002418,0.973274,0.976118,0.002,0.006389,0.002307,0.002363
MS-MARCO-RBAC,8000000,8000000,Lethe,different_role_still_authorized,0.3,0,0.003215,0.972209,0.969568,0.001752,0.015615,0.001145,0.00227
MS-MARCO-RBAC,8000000,8000000,Lethe,different_role_still_authorized,0.3,1,0.002663,0.972077,0.970094,0.002557,0.013476,0.001898,0.003504
MS-MARCO-RBAC,8000000,8000000,Lethe,different_role_still_authorized,0.3,2,0.002797,0.972124,0.975531,0.003636,0.009601,0.002412,0.001136
MS-MARCO-RBAC,8000000,8000000,Lethe,different_role_still_authorized,0.3,3,0.000567,0.973903,0.970679,0.000227,0.025116,0.003108,0.001379
MS-MARCO-RBAC,8000000,8000000,Lethe,different_role_still_authorized,0.3,4,0.001975,0.97321,0.972044,0.000759,0.026297,0.003194,0.00264
MS-MARCO-RBAC,8000000,8000000,Lethe,different_role_still_authorized,0.3,5,0.004515,0.974479,0.973126,0.003682,0.012195,0.002518,0.002075
MS-MARCO-RBAC,8000000,8000000,Lethe,different_role_still_authorized,0.3,6,0.003672,0.970793,0.969898,0.003348,0.01202,0.001113,0.002113
MS-MARCO-RBAC,8000000,8000000,Lethe,different_role_still_authorized,0.3,7,0.002903,0.973584,0.972489,0.003259,0.011996,0.00271,0.001751
MS-MARCO-RBAC,8000000,8000000,Lethe,different_role_still_authorized,0.3,8,0.002346,0.971862,0.971928,0.00209,0.011396,0.0034,0.000956
MS-MARCO-RBAC,8000000,8000000,Lethe,different_role_still_authorized,0.3,9,0.002645,0.972188,0.972917,0.001999,0.011669,0.001921,0.001787
MS-MARCO-RBAC,8000000,8000000,Lethe,ancestor_descendant_still_authorized,0.3,0,0.001848,0.974717,0.972276,3.5e-05,0.015736,0.002102,0.000574
MS-MARCO-RBAC,8000000,8000000,Lethe,ancestor_descendant_still_authorized,0.3,1,0.00246,0.972305,0.97347,0.002749,0.015365,0.001155,0.000849
MS-MARCO-RBAC,8000000,8000000,Lethe,ancestor_descendant_still_authorized,0.3,2,0.002939,0.972767,0.973811,0.002057,0.010506,0.001252,0.001935
MS-MARCO-RBAC,8000000,8000000,Lethe,ancestor_descendant_still_authorized,0.3,3,0.001686,0.972038,0.973199,0.00044,0.013368,0.000512,0.000203
MS-MARCO-RBAC,8000000,8000000,Lethe,ancestor_descendant_still_authorized,0.3,4,0.002898,0.974509,0.973242,0.001793,0.015941,0.002653,0.003672
MS-MARCO-RBAC,8000000,8000000,Lethe,ancestor_descendant_still_authorized,0.3,5,0.00336,0.973119,0.973561,0.003311,0.015501,0.0033,0.001529
MS-MARCO-RBAC,8000000,8000000,Lethe,ancestor_descendant_still_authorized,0.3,6,0.003439,0.972998,0.974359,0.001611,0.014785,0.001378,0.002793
MS-MARCO-RBAC,8000000,8000000,Lethe,ancestor_descendant_still_authorized,0.3,7,0.00095,0.973678,0.975829,0.001658,0.018872,0.003061,0.002912
MS-MARCO-RBAC,8000000,8000000,Lethe,ancestor_descendant_still_authorized,0.3,8,0.002764,0.97214,0.974104,0.003464,0.010503,0.002345,0.003238
MS-MARCO-RBAC,8000000,8000000,Lethe,ancestor_descendant_still_authorized,0.3,9,0.003171,0.974256,0.973091,0.002614,0.012291,0.002265,0.000814
MS-MARCO-RBAC,8000000,8000000,Lethe,revoked_user,0.4,0,0.00992,0.970665,0.97413,0.009585,0.013718,0.002335,0.00271
MS-MARCO-RBAC,8000000,8000000,Lethe,revoked_user,0.4,1,0.009524,0.97385,0.972138,0.009274,0.022038,0.00053,0.003132
MS-MARCO-RBAC,8000000,8000000,Lethe,revoked_user,0.4,2,0.011398,0.970872,0.971326,0.008082,0.014924,0.002603,0.002877
MS-MARCO-RBAC,8000000,8000000,Lethe,revoked_user,0.4,3,0.013447,0.974287,0.973249,0.010371,0.01826,0.002283,0.001215
MS-MARCO-RBAC,8000000,8000000,Lethe,revoked_user,0.4,4,0.013483,0.973963,0.973178,0.010185,0.009119,0.003494,0.000256
MS-MARCO-RBAC,8000000,8000000,Lethe,revoked_user,0.4,5,0.011883,0.971371,0.971275,0.008533,0.016553,0.001109,0.002621
MS-MARCO-RBAC,8000000,8000000,Lethe,revoked_user,0.4,6,0.017402,0.972731,0.97355,0.013582,0.020603,0.002562,0.002388
MS-MARCO-RBAC,8000000,8000000,Lethe,revoked_user,0.4,7,0.01561,0.972443,0.974917,0.012807,0.014917,0.001806,0.001136
MS-MARCO-RBAC,8000000,8000000,Lethe,revoked_user,0.4,8,0.011712,0.972919,0.974893,0.010615,0.01034,0.000149,0.003132
MS-MARCO-RBAC,8000000,8000000,Lethe,revoked_user,0.4,9,0.010779,0.971565,0.972837,0.008726,0.015585,0.001516,0.003012
MS-MARCO-RBAC,8000000,8000000,Lethe,same_role_still_authorized,0.4,0,0.003522,0.972265,0.972215,0.002919,0.025435,0.003292,0.002551
MS-MARCO-RBAC,8000000,8000000,Lethe,same_role_still_authorized,0.4,1,0.003164,0.973723,0.973936,0.002274,0.025309,0.002965,0.003132
MS-MARCO-RBAC,8000000,8000000,Lethe,same_role_still_authorized,0.4,2,0.002675,0.972954,0.972037,0.002705,0.007352,0.001333,0.001176
MS-MARCO-RBAC,8000000,8000000,Lethe,same_role_still_authorized,0.4,3,0.002838,0.972705,0.971251,0.000964,0.016865,0.000834,0.000959
MS-MARCO-RBAC,8000000,8000000,Lethe,same_role_still_authorized,0.4,4,0.003599,0.973632,0.972912,0.001434,0.015494,0.002635,0.001435
MS-MARCO-RBAC,8000000,8000000,Lethe,same_role_still_authorized,0.4,5,0.00079,0.971909,0.972313,0.001351,0.016081,0.003041,0.003172
MS-MARCO-RBAC,8000000,8000000,Lethe,same_role_still_authorized,0.4,6,0.002436,0.967796,0.974638,0.001902,0.024277,0.0,0.000404
MS-MARCO-RBAC,8000000,8000000,Lethe,same_role_still_authorized,0.4,7,0.000865,0.973489,0.971711,0.00104,0.017273,0.004173,0.001311
MS-MARCO-RBAC,8000000,8000000,Lethe,same_role_still_authorized,0.4,8,0.002619,0.973196,0.971666,0.002024,0.015397,0.001355,0.002271
MS-MARCO-RBAC,8000000,8000000,Lethe,same_role_still_authorized,0.4,9,0.001958,0.972431,0.971673,0.001211,0.008257,0.000262,0.002578
MS-MARCO-RBAC,8000000,8000000,Lethe,different_role_still_authorized,0.4,0,0.003392,0.973285,0.973337,0.000434,0.011814,0.003428,0.003461
MS-MARCO-RBAC,8000000,8000000,Lethe,different_role_still_authorized,0.4,1,0.002241,0.97194,0.970504,0.001438,0.012315,0.001682,0.003345
MS-MARCO-RBAC,8000000,8000000,Lethe,different_role_still_authorized,0.4,2,0.001534,0.971031,0.974157,0.000504,0.010405,0.001963,0.000826
MS-MARCO-RBAC,8000000,8000000,Lethe,different_role_still_authorized,0.4,3,0.001494,0.972248,0.973264,0.001036,0.020454,0.002051,0.000867
MS-MARCO-RBAC,8000000,8000000,Lethe,different_role_still_authorized,0.4,4,0.00297,0.971651,0.971959,0.001119,0.01112,0.002685,0.003097
MS-MARCO-RBAC,8000000,8000000,Lethe,different_role_still_authorized,0.4,5,0.002094,0.971304,0.972887,0.001563,0.013652,0.001453,0.002666
MS-MARCO-RBAC,8000000,8000000,Lethe,different_role_still_authorized,0.4,6,0.002888,0.972245,0.971573,0.00227,0.00801,0.002498,0.0
MS-MARCO-RBAC,8000000,8000000,Lethe,different_role_still_authorized,0.4,7,0.003964,0.973237,0.972188,0.002983,0.007628,0.001345,0.0
MS-MARCO-RBAC,8000000,8000000,Lethe,different_role_still_authorized,0.4,8,0.002639,0.974449,0.971505,0.001354,0.014618,0.001272,0.001996
MS-MARCO-RBAC,8000000,8000000,Lethe,different_role_still_authorized,0.4,9,0.003127,0.973787,0.973549,0.001588,0.022267,0.000552,0.002505
MS-MARCO-RBAC,8000000,8000000,Lethe,ancestor_descendant_still_authorized,0.4,0,0.002188,0.973172,0.971654,0.002758,0.012143,0.002245,0.001332
MS-MARCO-RBAC,8000000,8000000,Lethe,ancestor_descendant_still_authorized,0.4,1,0.001676,0.974459,0.970752,0.001,0.021729,0.001621,0.000672
MS-MARCO-RBAC,8000000,8000000,Lethe,ancestor_descendant_still_authorized,0.4,2,0.001499,0.973748,0.974979,0.00077,0.024876,0.000328,0.000989
MS-MARCO-RBAC,8000000,8000000,Lethe,ancestor_descendant_still_authorized,0.4,3,0.0037,0.969194,0.973274,0.004782,0.009988,0.003216,0.001431
MS-MARCO-RBAC,8000000,8000000,Lethe,ancestor_descendant_still_authorized,0.4,4,0.003057,0.973711,0.974319,0.004281,0.010239,0.003923,0.002624
MS-MARCO-RBAC,8000000,8000000,Lethe,ancestor_descendant_still_authorized,0.4,5,0.001766,0.974589,0.973163,0.002163,0.009736,0.002129,0.000623
MS-MARCO-RBAC,8000000,8000000,Lethe,ancestor_descendant_still_authorized,0.4,6,0.002159,0.972596,0.972241,0.002061,0.01768,0.004349,0.003128
MS-MARCO-RBAC,8000000,8000000,Lethe,ancestor_descendant_still_authorized,0.4,7,0.003561,0.972054,0.97343,0.001948,0.009207,0.001406,0.002169
MS-MARCO-RBAC,8000000,8000000,Lethe,ancestor_descendant_still_authorized,0.4,8,0.002706,0.972884,0.972314,0.002985,0.012931,0.003467,0.001772
MS-MARCO-RBAC,8000000,8000000,Lethe,ancestor_descendant_still_authorized,0.4,9,0.002997,0.973818,0.970273,0.003048,0.008238,0.001672,0.001511
MS-MARCO-RBAC,8000000,8000000,Lethe,revoked_user,0.5,0,0.016514,0.973531,0.972773,0.012107,0.017364,0.00212,0.003399
MS-MARCO-RBAC,8000000,8000000,Lethe,revoked_user,0.5,1,0.014845,0.973668,0.97588,0.010714,0.017832,0.001184,0.002095
MS-MARCO-RBAC,8000000,8000000,Lethe,revoked_user,0.5,2,0.012287,0.971486,0.972414,0.01112,0.013458,0.00292,0.002543
MS-MARCO-RBAC,8000000,8000000,Lethe,revoked_user,0.5,3,0.014516,0.972046,0.975008,0.011799,0.010698,0.003808,0.003787
MS-MARCO-RBAC,8000000,8000000,Lethe,revoked_user,0.5,4,0.014591,0.975138,0.973947,0.010946,0.002826,0.002488,0.002348
MS-MARCO-RBAC,8000000,8000000,Lethe,revoked_user,0.5,5,0.018982,0.970975,0.972145,0.016033,0.009048,0.002591,0.002361
MS-MARCO-RBAC,8000000,8000000,Lethe,revoked_user,0.5,6,0.014105,0.970611,0.970782,0.011137,0.014777,0.002628,0.002831
MS-MARCO-RBAC,8000000,8000000,Lethe,revoked_user,0.5,7,0.012536,0.973949,0.972398,0.009751,0.020776,0.00162,0.001176
MS-MARCO-RBAC,8000000,8000000,Lethe,revoked_user,0.5,8,0.017726,0.972578,0.974106,0.012967,0.012854,0.0,0.0013
MS-MARCO-RBAC,8000000,8000000,Lethe,revoked_user,0.5,9,0.015663,0.97126,0.971769,0.011572,0.011994,0.002321,0.002615
MS-MARCO-RBAC,8000000,8000000,Lethe,same_role_still_authorized,0.5,0,0.003324,0.973603,0.971191,0.002546,0.009987,0.002321,0.001004
MS-MARCO-RBAC,8000000,8000000,Lethe,same_role_still_authorized,0.5,1,0.003377,0.975678,0.975505,0.001343,0.017268,0.001421,0.000222
MS-MARCO-RBAC,8000000,8000000,Lethe,same_role_still_authorized,0.5,2,0.00278,0.973632,0.973715,0.002844,0.021244,0.004628,0.003053
MS-MARCO-RBAC,8000000,8000000,Lethe,same_role_still_authorized,0.5,3,0.002603,0.972821,0.973856,0.000191,0.016064,0.001426,0.002161
MS-MARCO-RBAC,8000000,8000000,Lethe,same_role_still_authorized,0.5,4,0.004319,0.976291,0.975766,0.003758,0.019087,0.003139,0.003362
MS-MARCO-RBAC,8000000,8000000,Lethe,same_role_still_authorized,0.5,5,0.002164,0.976659,0.973582,0.002139,0.016648,0.002388,0.00045
MS-MARCO-RBAC,8000000,8000000,Lethe,same_role_still_authorized,0.5,6,0.003701,0.971317,0.97369,0.002019,0.020103,0.002414,0.003335
MS-MARCO-RBAC,8000000,8000000,Lethe,same_role_still_authorized,0.5,7,0.002674,0.97399,0.973515,0.001133,0.012051,0.00126,0.000181
MS-MARCO-RBAC,8000000,8000000,Lethe,same_role_still_authorized,0.5,8,0.003312,0.974784,0.974632,0.00309,0.013516,0.003489,0.002961
MS-MARCO-RBAC,8000000,8000000,Lethe,same_role_still_authorized,0.5,9,0.002887,0.975418,0.971822,0.002937,0.00993,0.0006,0.001042
MS-MARCO-RBAC,8000000,8000000,Lethe,different_role_still_authorized,0.5,0,0.001831,0.973389,0.974842,0.003364,0.021549,0.002214,0.001781
MS-MARCO-RBAC,8000000,8000000,Lethe,different_role_still_authorized,0.5,1,0.002608,0.97223,0.973993,0.002913,0.010257,0.001474,0.001547
MS-MARCO-RBAC,8000000,8000000,Lethe,different_role_still_authorized,0.5,2,0.002293,0.973695,0.972506,0.000349,0.021417,0.001582,0.001686
MS-MARCO-RBAC,8000000,8000000,Lethe,different_role_still_authorized,0.5,3,0.00238,0.971372,0.973693,0.001853,0.008841,0.004002,0.00296
MS-MARCO-RBAC,8000000,8000000,Lethe,different_role_still_authorized,0.5,4,0.004335,0.972705,0.972726,0.004193,0.015884,0.003377,0.001551
MS-MARCO-RBAC,8000000,8000000,Lethe,different_role_still_authorized,0.5,5,0.002487,0.973109,0.971179,0.001435,0.01993,0.001179,0.002014
MS-MARCO-RBAC,8000000,8000000,Lethe,different_role_still_authorized,0.5,6,0.00208,0.971091,0.972104,0.000705,0.012148,0.002472,0.002253
MS-MARCO-RBAC,8000000,8000000,Lethe,different_role_still_authorized,0.5,7,0.002771,0.973713,0.976087,0.000576,0.004408,0.003558,0.00272
MS-MARCO-RBAC,8000000,8000000,Lethe,different_role_still_authorized,0.5,8,0.002421,0.974649,0.976093,0.001578,0.015096,0.002555,0.0
MS-MARCO-RBAC,8000000,8000000,Lethe,different_role_still_authorized,0.5,9,0.002771,0.973655,0.974077,0.001732,0.01817,0.000917,0.002524
MS-MARCO-RBAC,8000000,8000000,Lethe,ancestor_descendant_still_authorized,0.5,0,0.002816,0.972025,0.972555,0.002378,0.015686,0.00235,0.0
MS-MARCO-RBAC,8000000,8000000,Lethe,ancestor_descendant_still_authorized,0.5,1,0.001851,0.97139,0.973231,0.001925,0.01287,0.003677,0.003272
MS-MARCO-RBAC,8000000,8000000,Lethe,ancestor_descendant_still_authorized,0.5,2,0.001905,0.971504,0.973306,0.002351,0.015167,0.002287,0.002589
MS-MARCO-RBAC,8000000,8000000,Lethe,ancestor_descendant_still_authorized,0.5,3,0.003061,0.973346,0.97073,0.003451,0.018589,0.002636,0.001282
MS-MARCO-RBAC,8000000,8000000,Lethe,ancestor_descendant_still_authorized,0.5,4,0.00341,0.974682,0.974601,0.002095,0.023858,0.003073,0.003157
MS-MARCO-RBAC,8000000,8000000,Lethe,ancestor_descendant_still_authorized,0.5,5,0.003682,0.97181,0.972912,0.001981,0.017634,0.002239,0.001748
MS-MARCO-RBAC,8000000,8000000,Lethe,ancestor_descendant_still_authorized,0.5,6,0.003546,0.971483,0.97148,0.004211,0.00289,0.002112,0.003855
MS-MARCO-RBAC,8000000,8000000,Lethe,ancestor_descendant_still_authorized,0.5,7,0.001963,0.970023,0.975328,0.001784,0.016602,0.003131,0.001991
MS-MARCO-RBAC,8000000,8000000,Lethe,ancestor_descendant_still_authorized,0.5,8,0.002498,0.972149,0.970881,0.002417,0.007418,0.003604,0.00034
MS-MARCO-RBAC,8000000,8000000,Lethe,ancestor_descendant_still_authorized,0.5,9,0.002566,0.974181,0.975016,0.002326,0.016431,0.003342,0.001634
MS-MARCO-RBAC,8000000,8000000,Lethe,revoked_user,0.1,0,0.007709,0.973357,0.971898,0.005591,0.022182,0.002077,0.002999
MS-MARCO-RBAC,8000000,8000000,Lethe,revoked_user,0.1,1,0.010524,0.972691,0.969767,0.008494,0.014626,0.002958,0.00172
MS-MARCO-RBAC,8000000,8000000,Lethe,revoked_user,0.1,2,0.006013,0.97312,0.972725,0.003737,0.011319,0.002159,0.001987
MS-MARCO-RBAC,8000000,8000000,Lethe,revoked_user,0.1,3,0.01057,0.969525,0.974631,0.006349,0.0155,0.003735,0.001657
MS-MARCO-RBAC,8000000,8000000,Lethe,revoked_user,0.1,4,0.004659,0.972528,0.972622,0.0022,0.004464,0.001499,0.002989
MS-MARCO-RBAC,8000000,8000000,Lethe,revoked_user,0.1,5,0.009719,0.972054,0.972772,0.008628,0.020273,0.003189,0.001015
MS-MARCO-RBAC,8000000,8000000,Lethe,revoked_user,0.1,6,0.008642,0.975561,0.971678,0.006389,0.031473,0.002092,0.001387
MS-MARCO-RBAC,8000000,8000000,Lethe,revoked_user,0.1,7,0.009535,0.974836,0.971171,0.005618,0.0179,0.001736,0.001485
MS-MARCO-RBAC,8000000,8000000,Lethe,revoked_user,0.1,8,0.007916,0.97184,0.972503,0.006861,0.011648,0.000348,0.000863
MS-MARCO-RBAC,8000000,8000000,Lethe,revoked_user,0.1,9,0.010498,0.972999,0.969543,0.007157,0.012462,0.001762,0.00253
MS-MARCO-RBAC,8000000,8000000,Lethe,same_role_still_authorized,0.1,0,0.00085,0.97191,0.973234,0.0,0.006871,0.001799,0.001003
MS-MARCO-RBAC,8000000,8000000,Lethe,same_role_still_authorized,0.1,1,0.002071,0.973207,0.975178,0.0,0.01085,0.002094,0.000979
MS-MARCO-RBAC,8000000,8000000,Lethe,same_role_still_authorized,0.1,2,0.001217,0.974739,0.970845,0.001806,0.004517,0.000841,0.001036
MS-MARCO-RBAC,8000000,8000000,Lethe,same_role_still_authorized,0.1,3,0.001342,0.975308,0.971884,0.00161,0.021807,0.003029,0.003366
MS-MARCO-RBAC,8000000,8000000,Lethe,same_role_still_authorized,0.1,4,0.001035,0.973398,0.969825,0.002807,0.012748,0.000959,0.002267
MS-MARCO-RBAC,8000000,8000000,Lethe,same_role_still_authorized,0.1,5,0.00295,0.971216,0.973689,0.001879,0.0123,0.0,0.002528
MS-MARCO-RBAC,8000000,8000000,Lethe,same_role_still_authorized,0.1,6,0.001849,0.972332,0.970734,0.001372,0.011884,0.002801,0.0
MS-MARCO-RBAC,8000000,8000000,Lethe,same_role_still_authorized,0.1,7,0.002842,0.972756,0.973453,0.001901,0.01264,0.0,0.003111
MS-MARCO-RBAC,8000000,8000000,Lethe,same_role_still_authorized,0.1,8,0.000666,0.973341,0.973881,0.0,0.000154,0.002611,0.001293
MS-MARCO-RBAC,8000000,8000000,Lethe,same_role_still_authorized,0.1,9,0.003104,0.973658,0.970788,0.001692,0.02265,0.002794,0.001727
MS-MARCO-RBAC,8000000,8000000,Lethe,different_role_still_authorized,0.1,0,0.003208,0.971923,0.975082,0.001589,0.018223,0.004298,0.000687
MS-MARCO-RBAC,8000000,8000000,Lethe,different_role_still_authorized,0.1,1,0.001132,0.970744,0.975976,0.0,0.001491,0.002085,0.000843
MS-MARCO-RBAC,8000000,8000000,Lethe,different_role_still_authorized,0.1,2,0.002627,0.974763,0.97641,0.001953,0.0235,0.001892,0.000308
MS-MARCO-RBAC,8000000,8000000,Lethe,different_role_still_authorized,0.1,3,0.003405,0.972823,0.972962,0.004042,0.019095,0.003348,0.001411
MS-MARCO-RBAC,8000000,8000000,Lethe,different_role_still_authorized,0.1,4,0.003538,0.975018,0.971948,0.002467,0.020139,0.000581,0.001815
MS-MARCO-RBAC,8000000,8000000,Lethe,different_role_still_authorized,0.1,5,0.0,0.97201,0.972063,0.001243,0.020846,0.003336,0.001784
MS-MARCO-RBAC,8000000,8000000,Lethe,different_role_still_authorized,0.1,6,0.002699,0.972334,0.970912,0.002351,0.012538,0.001705,0.003502
MS-MARCO-RBAC,8000000,8000000,Lethe,different_role_still_authorized,0.1,7,0.001171,0.973757,0.971901,0.001078,0.023246,0.002045,0.002019
MS-MARCO-RBAC,8000000,8000000,Lethe,different_role_still_authorized,0.1,8,0.002512,0.971178,0.971312,0.002476,0.011663,0.000674,0.0
MS-MARCO-RBAC,8000000,8000000,Lethe,different_role_still_authorized,0.1,9,0.00256,0.971488,0.972312,0.001728,0.004041,0.003019,0.002126
MS-MARCO-RBAC,8000000,8000000,Lethe,ancestor_descendant_still_authorized,0.1,0,0.000768,0.971988,0.972314,0.001489,0.022754,0.003051,0.002684
MS-MARCO-RBAC,8000000,8000000,Lethe,ancestor_descendant_still_authorized,0.1,1,0.001346,0.973603,0.972395,0.003081,0.017273,0.002709,0.002249
MS-MARCO-RBAC,8000000,8000000,Lethe,ancestor_descendant_still_authorized,0.1,2,0.001257,0.975981,0.970924,0.001236,0.016693,0.00368,0.002894
MS-MARCO-RBAC,8000000,8000000,Lethe,ancestor_descendant_still_authorized,0.1,3,0.003018,0.971592,0.974984,0.003255,0.014378,0.002321,0.000514
MS-MARCO-RBAC,8000000,8000000,Lethe,ancestor_descendant_still_authorized,0.1,4,0.00091,0.975829,0.974429,0.000597,0.014735,0.000105,0.000931
MS-MARCO-RBAC,8000000,8000000,Lethe,ancestor_descendant_still_authorized,0.1,5,9.7e-05,0.973814,0.972369,0.0,0.015168,0.00187,0.002807
MS-MARCO-RBAC,8000000,8000000,Lethe,ancestor_descendant_still_authorized,0.1,6,0.002595,0.97188,0.973352,0.003316,0.018917,0.002213,0.002826
MS-MARCO-RBAC,8000000,8000000,Lethe,ancestor_descendant_still_authorized,0.1,7,0.002392,0.971016,0.972162,0.002422,0.014423,0.001897,0.000472
MS-MARCO-RBAC,8000000,8000000,Lethe,ancestor_descendant_still_authorized,0.1,8,0.001059,0.97032,0.97113,0.000533,0.005517,0.001632,0.003694
MS-MARCO-RBAC,8000000,8000000,Lethe,ancestor_descendant_still_authorized,0.1,9,0.001337,0.973935,0.974064,0.000424,0.016074,0.00392,0.002038
MS-MARCO-RBAC,8000000,8000000,Lethe,revoked_user,0.2,0,0.007513,0.973918,0.974483,0.006589,0.02579,0.001668,0.001646
MS-MARCO-RBAC,8000000,8000000,Lethe,revoked_user,0.2,1,0.007369,0.975097,0.972114,0.005537,0.015359,0.001805,0.001667
MS-MARCO-RBAC,8000000,8000000,Lethe,revoked_user,0.2,2,0.005746,0.971339,0.974062,0.005958,0.011827,0.002077,0.002
MS-MARCO-RBAC,8000000,8000000,Lethe,revoked_user,0.2,3,0.010313,0.973557,0.973274,0.008229,0.014184,0.000734,0.00147
MS-MARCO-RBAC,8000000,8000000,Lethe,revoked_user,0.2,4,0.008253,0.97568,0.973647,0.008353,0.026619,0.00128,0.001535
MS-MARCO-RBAC,8000000,8000000,Lethe,revoked_user,0.2,5,0.00732,0.974636,0.969339,0.006156,0.007733,0.002005,0.001576
MS-MARCO-RBAC,8000000,8000000,Lethe,revoked_user,0.2,6,0.011416,0.972166,0.9732,0.008247,0.019938,0.002438,0.001924
MS-MARCO-RBAC,8000000,8000000,Lethe,revoked_user,0.2,7,0.007774,0.971452,0.973451,0.007277,0.018469,0.002642,0.001616
MS-MARCO-RBAC,8000000,8000000,Lethe,revoked_user,0.2,8,0.00873,0.972312,0.972244,0.005938,0.011988,0.002016,0.001739
MS-MARCO-RBAC,8000000,8000000,Lethe,revoked_user,0.2,9,0.010944,0.974053,0.971272,0.009834,0.012069,0.002389,0.001141
MS-MARCO-RBAC,8000000,8000000,Lethe,same_role_still_authorized,0.2,0,0.001716,0.975739,0.972737,0.002155,0.026844,0.003226,0.002898
MS-MARCO-RBAC,8000000,8000000,Lethe,same_role_still_authorized,0.2,1,0.004678,0.973156,0.973635,0.003294,0.011757,0.002147,0.000328
MS-MARCO-RBAC,8000000,8000000,Lethe,same_role_still_authorized,0.2,2,0.000716,0.972665,0.974302,0.001334,0.013591,0.001174,0.000797
MS-MARCO-RBAC,8000000,8000000,Lethe,same_role_still_authorized,0.2,3,0.001765,0.975478,0.973939,0.0,0.00706,0.001183,0.002866
MS-MARCO-RBAC,8000000,8000000,Lethe,same_role_still_authorized,0.2,4,0.001686,0.973245,0.973344,0.0,0.018124,0.001062,0.004495
MS-MARCO-RBAC,8000000,8000000,Lethe,same_role_still_authorized,0.2,5,0.002629,0.974965,0.974416,0.002529,0.015916,0.00287,0.002993
MS-MARCO-RBAC,8000000,8000000,Lethe,same_role_still_authorized,0.2,6,0.002835,0.974807,0.976522,0.001554,0.0063,0.002046,0.001515
MS-MARCO-RBAC,8000000,8000000,Lethe,same_role_still_authorized,0.2,7,0.000661,0.975261,0.971262,0.001721,0.028693,0.001912,0.001818
MS-MARCO-RBAC,8000000,8000000,Lethe,same_role_still_authorized,0.2,8,0.002248,0.97039,0.974595,0.002012,0.005377,0.003273,0.001411
MS-MARCO-RBAC,8000000,8000000,Lethe,same_role_still_authorized,0.2,9,0.002733,0.97313,0.974417,0.002922,0.018524,0.000901,0.001127
MS-MARCO-RBAC,8000000,8000000,Lethe,different_role_still_authorized,0.2,0,0.003238,0.97151,0.974229,0.003437,0.011042,0.002541,0.000213
MS-MARCO-RBAC,8000000,8000000,Lethe,different_role_still_authorized,0.2,1,0.000561,0.975074,0.971606,0.000459,0.003161,0.000821,0.001446
MS-MARCO-RBAC,8000000,8000000,Lethe,different_role_still_authorized,0.2,2,0.002039,0.972895,0.973591,0.000719,0.018381,0.001988,0.000918
MS-MARCO-RBAC,8000000,8000000,Lethe,different_role_still_authorized,0.2,3,0.001645,0.972185,0.971987,0.000608,0.018786,0.00158,0.001286
MS-MARCO-RBAC,8000000,8000000,Lethe,different_role_still_authorized,0.2,4,0.001576,0.973169,0.974629,0.0,0.022295,0.002499,0.001321
MS-MARCO-RBAC,8000000,8000000,Lethe,different_role_still_authorized,0.2,5,0.001991,0.973421,0.972281,0.00203,0.016204,0.002984,0.001076
MS-MARCO-RBAC,8000000,8000000,Lethe,different_role_still_authorized,0.2,6,0.002434,0.974227,0.973774,0.001989,0.015625,0.002245,0.002498
MS-MARCO-RBAC,8000000,8000000,Lethe,different_role_still_authorized,0.2,7,0.00134,0.971423,0.97474,0.0,0.029595,0.002314,0.003401
MS-MARCO-RBAC,8000000,8000000,Lethe,different_role_still_authorized,0.2,8,0.003749,0.969796,0.971193,0.002808,0.024574,0.002862,0.001028
MS-MARCO-RBAC,8000000,8000000,Lethe,different_role_still_authorized,0.2,9,0.0024,0.972518,0.973078,0.002659,0.012241,0.00105,0.003115
MS-MARCO-RBAC,8000000,8000000,Lethe,ancestor_descendant_still_authorized,0.2,0,0.004002,0.971159,0.972607,0.002434,0.016012,0.001373,0.001075
MS-MARCO-RBAC,8000000,8000000,Lethe,ancestor_descendant_still_authorized,0.2,1,0.00223,0.973377,0.973801,0.001153,0.01105,0.001609,0.002979
MS-MARCO-RBAC,8000000,8000000,Lethe,ancestor_descendant_still_authorized,0.2,2,0.003146,0.97508,0.974288,0.002408,0.021766,0.005,7.3e-05
MS-MARCO-RBAC,8000000,8000000,Lethe,ancestor_descendant_still_authorized,0.2,3,0.0,0.974505,0.973068,0.0,0.009351,0.004697,0.002627
MS-MARCO-RBAC,8000000,8000000,Lethe,ancestor_descendant_still_authorized,0.2,4,0.003055,0.973205,0.971845,0.001886,0.006738,0.002432,0.002657
MS-MARCO-RBAC,8000000,8000000,Lethe,ancestor_descendant_still_authorized,0.2,5,0.00166,0.971854,0.971276,0.000466,0.017182,0.003899,0.00134
MS-MARCO-RBAC,8000000,8000000,Lethe,ancestor_descendant_still_authorized,0.2,6,0.001873,0.973047,0.974995,0.001334,0.00769,0.002294,0.000523
MS-MARCO-RBAC,8000000,8000000,Lethe,ancestor_descendant_still_authorized,0.2,7,0.001923,0.974213,0.974122,0.001307,0.019268,0.003132,0.000828
MS-MARCO-RBAC,8000000,8000000,Lethe,ancestor_descendant_still_authorized,0.2,8,0.002755,0.972984,0.971907,0.004294,0.014157,0.000573,0.000942
MS-MARCO-RBAC,8000000,8000000,Lethe,ancestor_descendant_still_authorized,0.2,9,0.001891,0.973617,0.970751,0.000866,0.0,0.000791,0.001541
MS-MARCO-RBAC,8000000,8000000,Lethe,revoked_user,0.3,0,0.006778,0.974054,0.973041,0.006135,0.01299,0.003151,0.002256
MS-MARCO-RBAC,8000000,8000000,Lethe,revoked_user,0.3,1,0.00661,0.970443,0.973393,0.006388,0.022333,0.002348,0.002598
MS-MARCO-RBAC,8000000,8000000,Lethe,revoked_user,0.3,2,0.011585,0.973835,0.972231,0.009556,0.012146,0.002938,0.003483
MS-MARCO-RBAC,8000000,8000000,Lethe,revoked_user,0.3,3,0.010252,0.970872,0.972295,0.009236,0.019889,0.00201,0.003196
MS-MARCO-RBAC,8000000,8000000,Lethe,revoked_user,0.3,4,0.007588,0.97504,0.974527,0.007394,0.016151,0.001989,0.002867
MS-MARCO-RBAC,8000000,8000000,Lethe,revoked_user,0.3,5,0.009233,0.973031,0.972327,0.009986,0.014339,0.001516,0.0
MS-MARCO-RBAC,8000000,8000000,Lethe,revoked_user,0.3,6,0.010593,0.971547,0.972248,0.007723,0.026548,0.00307,0.002564
MS-MARCO-RBAC,8000000,8000000,Lethe,revoked_user,0.3,7,0.012813,0.973955,0.973333,0.01141,0.009305,0.001211,0.00073
MS-MARCO-RBAC,8000000,8000000,Lethe,revoked_user,0.3,8,0.012533,0.973248,0.973198,0.009247,0.015292,0.001197,0.000374
MS-MARCO-RBAC,8000000,8000000,Lethe,revoked_user,0.3,9,0.01358,0.972982,0.974243,0.010405,0.004737,0.002502,0.003426
MS-MARCO-RBAC,8000000,8000000,Lethe,same_role_still_authorized,0.3,0,0.003641,0.975255,0.972915,0.002291,0.012367,0.002797,0.003106
MS-MARCO-RBAC,8000000,8000000,Lethe,same_role_still_authorized,0.3,1,0.002918,0.971974,0.974174,0.003201,0.019833,0.000626,0.003133
MS-MARCO-RBAC,8000000,8000000,Lethe,same_role_still_authorized,0.3,2,0.003161,0.975431,0.974357,0.001095,0.012652,0.0011,0.002914
MS-MARCO-RBAC,8000000,8000000,Lethe,same_role_still_authorized,0.3,3,0.001947,0.974201,0.974269,0.001589,0.017273,0.001577,0.003418
MS-MARCO-RBAC,8000000,8000000,Lethe,same_role_still_authorized,0.3,4,0.00269,0.974367,0.972334,0.001476,0.006974,0.000467,0.001482
MS-MARCO-RBAC,8000000,8000000,Lethe,same_role_still_authorized,0.3,5,0.002903,0.971126,0.972822,0.001258,0.016196,0.002076,0.001318
MS-MARCO-RBAC,8000000,8000000,Lethe,same_role_still_authorized,0.3,6,0.002385,0.972011,0.97552,0.000643,0.016231,0.000591,0.002458
MS-MARCO-RBAC,8000000,8000000,Lethe,same_role_still_authorized,0.3,7,0.001173,0.971641,0.970533,0.000277,0.018619,0.000232,0.000876
MS-MARCO-RBAC,8000000,8000000,Lethe,same_role_still_authorized,0.3,8,0.002167,0.973271,0.973375,0.00225,0.010299,0.001077,0.002214
MS-MARCO-RBAC,8000000,8000000,Lethe,same_role_still_authorized,0.3,9,0.002853,0.97167,0.972343,0.001154,0.020932,0.002774,0.001204
MS-MARCO-RBAC,8000000,8000000,Lethe,different_role_still_authorized,0.3,0,0.004938,0.975185,0.972442,0.004553,0.007819,0.000965,0.002483
MS-MARCO-RBAC,8000000,8000000,Lethe,different_role_still_authorized,0.3,1,0.001974,0.971459,0.973747,0.002164,0.014278,0.005142,0.002439
MS-MARCO-RBAC,8000000,8000000,Lethe,different_role_still_authorized,0.3,2,0.002217,0.972572,0.97069,0.001686,0.01641,0.00174,0.002226
MS-MARCO-RBAC,8000000,8000000,Lethe,different_role_still_authorized,0.3,3,0.003133,0.972252,0.973429,0.003445,0.018367,0.001915,0.000778
MS-MARCO-RBAC,8000000,8000000,Lethe,different_role_still_authorized,0.3,4,0.000896,0.972985,0.973386,0.000665,0.008353,0.002653,0.003298
MS-MARCO-RBAC,8000000,8000000,Lethe,different_role_still_authorized,0.3,5,0.001406,0.972936,0.969837,0.002263,0.0,0.002073,0.004929
MS-MARCO-RBAC,8000000,8000000,Lethe,different_role_still_authorized,0.3,6,0.002396,0.975123,0.973131,0.001144,0.022355,0.002067,0.002709
MS-MARCO-RBAC,8000000,8000000,Lethe,different_role_still_authorized,0.3,7,0.003335,0.972174,0.973392,0.002089,0.026694,0.00151,0.002193
MS-MARCO-RBAC,8000000,8000000,Lethe,different_role_still_authorized,0.3,8,0.00063,0.972804,0.970188,0.001573,0.017926,0.0,0.000763
MS-MARCO-RBAC,8000000,8000000,Lethe,different_role_still_authorized,0.3,9,0.001776,0.974545,0.974818,0.002424,0.025866,0.002851,0.001711
MS-MARCO-RBAC,8000000,8000000,Lethe,ancestor_descendant_still_authorized,0.3,0,2e-06,0.973851,0.973444,0.000709,0.011469,0.002422,0.002122
MS-MARCO-RBAC,8000000,8000000,Lethe,ancestor_descendant_still_authorized,0.3,1,0.003896,0.973678,0.972496,0.003339,0.007959,0.001754,0.002362
MS-MARCO-RBAC,8000000,8000000,Lethe,ancestor_descendant_still_authorized,0.3,2,0.001916,0.974257,0.975106,0.002638,0.021116,0.001413,0.002142
MS-MARCO-RBAC,8000000,8000000,Lethe,ancestor_descendant_still_authorized,0.3,3,0.002977,0.972998,0.973179,0.002024,0.012392,0.001356,0.002309
MS-MARCO-RBAC,8000000,8000000,Lethe,ancestor_descendant_still_authorized,0.3,4,0.003415,0.971131,0.972823,0.001443,0.02206,0.000825,0.00235
MS-MARCO-RBAC,8000000,8000000,Lethe,ancestor_descendant_still_authorized,0.3,5,0.001946,0.972075,0.972579,0.001325,0.020843,0.001619,0.00201
MS-MARCO-RBAC,8000000,8000000,Lethe,ancestor_descendant_still_authorized,0.3,6,0.000392,0.971911,0.971606,0.0,0.025284,0.002332,0.002899
MS-MARCO-RBAC,8000000,8000000,Lethe,ancestor_descendant_still_authorized,0.3,7,0.002526,0.973217,0.972489,0.001143,0.018648,0.001439,0.003932
MS-MARCO-RBAC,8000000,8000000,Lethe,ancestor_descendant_still_authorized,0.3,8,0.001692,0.970646,0.973227,0.0023,0.024261,0.002839,0.002494
MS-MARCO-RBAC,8000000,8000000,Lethe,ancestor_descendant_still_authorized,0.3,9,0.00243,0.973924,0.971522,0.00265,0.004678,0.000764,0.003722
MS-MARCO-RBAC,8000000,8000000,Lethe,revoked_user,0.4,0,0.0132,0.97045,0.974845,0.008269,0.021737,0.003864,0.002414
MS-MARCO-RBAC,8000000,8000000,Lethe,revoked_user,0.4,1,0.014803,0.975028,0.973589,0.011602,0.020514,0.002608,0.002954
MS-MARCO-RBAC,8000000,8000000,Lethe,revoked_user,0.4,2,0.011431,0.972693,0.973359,0.010381,0.016433,0.001487,0.002841
MS-MARCO-RBAC,8000000,8000000,Lethe,revoked_user,0.4,3,0.008859,0.973781,0.971052,0.005833,0.011397,0.003038,0.0003
MS-MARCO-RBAC,8000000,8000000,Lethe,revoked_user,0.4,4,0.013956,0.976759,0.97326,0.011928,0.020299,0.000902,0.002953
MS-MARCO-RBAC,8000000,8000000,Lethe,revoked_user,0.4,5,0.008565,0.97667,0.971842,0.006573,0.014995,0.00045,0.003136
MS-MARCO-RBAC,8000000,8000000,Lethe,revoked_user,0.4,6,0.011246,0.971845,0.973287,0.007684,0.025819,0.002495,0.001958
MS-MARCO-RBAC,8000000,8000000,Lethe,revoked_user,0.4,7,0.013004,0.971353,0.971107,0.010907,0.005645,0.001215,0.001381
MS-MARCO-RBAC,8000000,8000000,Lethe,revoked_user,0.4,8,0.01314,0.972,0.970931,0.00962,0.02401,0.00189,0.00152
MS-MARCO-RBAC,8000000,8000000,Lethe,revoked_user,0.4,9,0.012747,0.971759,0.974548,0.009871,0.026567,0.001699,0.003848
MS-MARCO-RBAC,8000000,8000000,Lethe,same_role_still_authorized,0.4,0,0.00308,0.970752,0.972002,0.002513,0.013553,0.003478,0.001822
MS-MARCO-RBAC,8000000,8000000,Lethe,same_role_still_authorized,0.4,1,0.002788,0.973499,0.974075,0.00335,0.015093,0.001079,0.001657
MS-MARCO-RBAC,8000000,8000000,Lethe,same_role_still_authorized,0.4,2,0.002767,0.972907,0.971968,0.001812,0.014669,0.002223,0.001986
MS-MARCO-RBAC,8000000,8000000,Lethe,same_role_still_authorized,0.4,3,0.002043,0.975097,0.972683,0.001981,0.013186,0.001421,0.001594
MS-MARCO-RBAC,8000000,8000000,Lethe,same_role_still_authorized,0.4,4,0.00355,0.971952,0.97496,0.002408,0.018821,0.001728,0.002738
MS-MARCO-RBAC,8000000,8000000,Lethe,same_role_still_authorized,0.4,5,0.003272,0.973495,0.970593,0.004401,0.012972,0.000547,0.0
MS-MARCO-RBAC,8000000,8000000,Lethe,same_role_still_authorized,0.4,6,0.002746,0.97403,0.971198,0.001874,0.024235,0.001351,0.002785
MS-MARCO-RBAC,8000000,8000000,Lethe,same_role_still_authorized,0.4,7,0.001119,0.972524,0.973493,0.001043,0.01793,0.001607,0.001833
MS-MARCO-RBAC,8000000,8000000,Lethe,same_role_still_authorized,0.4,8,0.002767,0.97434,0.970744,0.002982,0.02161,0.002533,0.001934
MS-MARCO-RBAC,8000000,8000000,Lethe,same_role_still_authorized,0.4,9,0.001659,0.97579,0.974176,0.001095,0.020286,0.002583,0.00085
MS-MARCO-RBAC,8000000,8000000,Lethe,different_role_still_authorized,0.4,0,0.001445,0.973073,0.976411,0.001839,0.014278,0.004117,0.002065
MS-MARCO-RBAC,8000000,8000000,Lethe,different_role_still_authorized,0.4,1,0.002551,0.975064,0.972735,0.003037,0.020565,0.00287,0.003607
MS-MARCO-RBAC,8000000,8000000,Lethe,different_role_still_authorized,0.4,2,0.003346,0.974575,0.970321,0.002214,0.012101,0.001792,0.002423
MS-MARCO-RBAC,8000000,8000000,Lethe,different_role_still_authorized,0.4,3,0.001592,0.971854,0.971419,0.003502,0.023681,0.003196,0.001021
MS-MARCO-RBAC,8000000,8000000,Lethe,different_role_still_authorized,0.4,4,0.003331,0.974464,0.97229,0.002897,0.008142,0.003378,0.002218
MS-MARCO-RBAC,8000000,8000000,Lethe,different_role_still_authorized,0.4,5,0.002312,0.972913,0.975707,0.000924,0.012839,0.002086,0.004771
MS-MARCO-RBAC,8000000,8000000,Lethe,different_role_still_authorized,0.4,6,0.001284,0.972871,0.97186,0.0,0.017094,0.003649,0.002726
MS-MARCO-RBAC,8000000,8000000,Lethe,different_role_still_authorized,0.4,7,0.002924,0.972411,0.975946,0.000817,0.009104,0.001416,0.002083
MS-MARCO-RBAC,8000000,8000000,Lethe,different_role_still_authorized,0.4,8,0.003453,0.973136,0.972937,0.001633,0.022757,0.002778,0.001234
MS-MARCO-RBAC,8000000,8000000,Lethe,different_role_still_authorized,0.4,9,0.002438,0.97112,0.973452,0.00281,0.02172,0.000938,0.001706
MS-MARCO-RBAC,8000000,8000000,Lethe,ancestor_descendant_still_authorized,0.4,0,0.003308,0.974734,0.972348,0.002622,0.005666,0.002685,0.00283
MS-MARCO-RBAC,8000000,8000000,Lethe,ancestor_descendant_still_authorized,0.4,1,0.00322,0.971139,0.974481,0.002843,0.002642,0.002833,0.002346
MS-MARCO-RBAC,8000000,8000000,Lethe,ancestor_descendant_still_authorized,0.4,2,0.003375,0.97392,0.973374,0.001378,0.022069,0.001768,0.003921
MS-MARCO-RBAC,8000000,8000000,Lethe,ancestor_descendant_still_authorized,0.4,3,0.001329,0.975159,0.971772,0.001334,0.024409,0.000783,0.000804
MS-MARCO-RBAC,8000000,8000000,Lethe,ancestor_descendant_still_authorized,0.4,4,0.002676,0.973281,0.97331,0.000999,0.012832,0.00375,0.002553
MS-MARCO-RBAC,8000000,8000000,Lethe,ancestor_descendant_still_authorized,0.4,5,0.003787,0.972522,0.973549,0.002791,0.006482,0.002341,0.003207
MS-MARCO-RBAC,8000000,8000000,Lethe,ancestor_descendant_still_authorized,0.4,6,0.001888,0.972806,0.971705,0.001936,0.026803,0.002152,0.002556
MS-MARCO-RBAC,8000000,8000000,Lethe,ancestor_descendant_still_authorized,0.4,7,0.002776,0.972389,0.970364,0.002441,0.015592,0.000697,0.001076
MS-MARCO-RBAC,8000000,8000000,Lethe,ancestor_descendant_still_authorized,0.4,8,0.003912,0.97233,0.975977,0.003427,0.008188,0.002862,0.002069
MS-MARCO-RBAC,8000000,8000000,Lethe,ancestor_descendant_still_authorized,0.4,9,0.002649,0.976504,0.97378,0.002304,0.008416,0.003798,0.002142
MS-MARCO-RBAC,8000000,8000000,Lethe,revoked_user,0.5,0,0.013565,0.971783,0.9725,0.009657,0.017112,0.001534,0.000347
MS-MARCO-RBAC,8000000,8000000,Lethe,revoked_user,0.5,1,0.014214,0.973629,0.974448,0.011248,0.015352,0.000919,0.0
MS-MARCO-RBAC,8000000,8000000,Lethe,revoked_user,0.5,2,0.015187,0.973118,0.971241,0.01487,0.021006,0.002579,0.00363
MS-MARCO-RBAC,8000000,8000000,Lethe,revoked_user,0.5,3,0.013524,0.976254,0.973415,0.011353,0.015267,0.002348,0.001039
MS-MARCO-RBAC,8000000,8000000,Lethe,revoked_user,0.5,4,0.013625,0.973492,0.971737,0.009398,0.015499,0.001341,0.002274
MS-MARCO-RBAC,8000000,8000000,Lethe,revoked_user,0.5,5,0.015305,0.974248,0.971454,0.01274,0.017184,0.001801,0.001654
MS-MARCO-RBAC,8000000,8000000,Lethe,revoked_user,0.5,6,0.012552,0.975651,0.971484,0.009424,0.007601,0.001229,0.001706
MS-MARCO-RBAC,8000000,8000000,Lethe,revoked_user,0.5,7,0.012073,0.97151,0.975041,0.010674,0.018888,0.002727,0.002741
MS-MARCO-RBAC,8000000,8000000,Lethe,revoked_user,0.5,8,0.013068,0.975162,0.972378,0.01044,0.014571,0.00217,0.003838
MS-MARCO-RBAC,8000000,8000000,Lethe,revoked_user,0.5,9,0.014289,0.974523,0.974019,0.011978,0.006649,0.002001,0.001673
MS-MARCO-RBAC,8000000,8000000,Lethe,same_role_still_authorized,0.5,0,0.003968,0.974538,0.973547,0.00324,0.014951,0.002563,9.4e-05
MS-MARCO-RBAC,8000000,8000000,Lethe,same_role_still_authorized,0.5,1,0.003252,0.970469,0.975704,0.002111,0.0126,0.001495,0.001867
MS-MARCO-RBAC,8000000,8000000,Lethe,same_role_still_authorized,0.5,2,0.001633,0.97171,0.973456,0.0,0.018454,0.003759,0.003325
MS-MARCO-RBAC,8000000,8000000,Lethe,same_role_still_authorized,0.5,3,0.002514,0.972249,0.971526,0.001879,0.022429,0.001177,0.00368
MS-MARCO-RBAC,8000000,8000000,Lethe,same_role_still_authorized,0.5,4,0.002384,0.971891,0.971784,0.002235,0.001359,0.001285,0.00266
MS-MARCO-RBAC,8000000,8000000,Lethe,same_role_still_authorized,0.5,5,0.003886,0.973224,0.973373,0.004604,0.006454,0.001506,0.002425
MS-MARCO-RBAC,8000000,8000000,Lethe,same_role_still_authorized,0.5,6,0.003127,0.974758,0.97199,0.003715,0.004603,0.001536,0.002211
MS-MARCO-RBAC,8000000,8000000,Lethe,same_role_still_authorized,0.5,7,0.002541,0.971469,0.972509,0.001423,0.015787,0.002606,0.002208
MS-MARCO-RBAC,8000000,8000000,Lethe,same_role_still_authorized,0.5,8,0.003474,0.972483,0.975205,0.004188,0.019029,0.00196,0.003857
MS-MARCO-RBAC,8000000,8000000,Lethe,same_role_still_authorized,0.5,9,0.004632,0.972502,0.972502,0.002379,0.017816,0.002595,0.003314
MS-MARCO-RBAC,8000000,8000000,Lethe,different_role_still_authorized,0.5,0,0.001828,0.973243,0.97067,0.003367,0.017043,0.002028,0.00328
MS-MARCO-RBAC,8000000,8000000,Lethe,different_role_still_authorized,0.5,1,0.002032,0.974242,0.974441,0.000594,0.015424,0.002258,0.00191
MS-MARCO-RBAC,8000000,8000000,Lethe,different_role_still_authorized,0.5,2,0.002369,0.972766,0.975924,0.0,0.015809,0.004238,0.001078
MS-MARCO-RBAC,8000000,8000000,Lethe,different_role_still_authorized,0.5,3,0.003458,0.974655,0.97101,0.002167,0.03119,0.003465,0.001654
MS-MARCO-RBAC,8000000,8000000,Lethe,different_role_still_authorized,0.5,4,0.003086,0.973767,0.971759,0.000542,0.008532,0.002064,0.002376
MS-MARCO-RBAC,8000000,8000000,Lethe,different_role_still_authorized,0.5,5,0.003286,0.972349,0.972657,0.004247,0.007198,0.003452,0.002488
MS-MARCO-RBAC,8000000,8000000,Lethe,different_role_still_authorized,0.5,6,0.002382,0.973781,0.974096,0.001677,0.016415,0.000641,0.001496
MS-MARCO-RBAC,8000000,8000000,Lethe,different_role_still_authorized,0.5,7,0.002301,0.972706,0.972154,0.001452,0.012674,0.002192,0.003422
MS-MARCO-RBAC,8000000,8000000,Lethe,different_role_still_authorized,0.5,8,0.00128,0.972691,0.972415,0.001795,0.028054,0.001973,0.002349
MS-MARCO-RBAC,8000000,8000000,Lethe,different_role_still_authorized,0.5,9,0.003029,0.973529,0.971811,0.001679,0.009731,0.002354,0.001755
MS-MARCO-RBAC,8000000,8000000,Lethe,ancestor_descendant_still_authorized,0.5,0,0.003554,0.972405,0.973326,0.002757,0.011986,0.003462,0.002191
MS-MARCO-RBAC,8000000,8000000,Lethe,ancestor_descendant_still_authorized,0.5,1,0.003733,0.971649,0.973077,0.001403,0.023945,0.001659,0.000997
MS-MARCO-RBAC,8000000,8000000,Lethe,ancestor_descendant_still_authorized,0.5,2,0.00263,0.975289,0.976094,0.002003,0.014607,0.002442,0.0
MS-MARCO-RBAC,8000000,8000000,Lethe,ancestor_descendant_still_authorized,0.5,3,0.003008,0.973614,0.975249,0.002785,0.0197,0.001548,0.002562
MS-MARCO-RBAC,8000000,8000000,Lethe,ancestor_descendant_still_authorized,0.5,4,0.002778,0.974092,0.974813,0.003401,0.001456,0.000821,0.004216
MS-MARCO-RBAC,8000000,8000000,Lethe,ancestor_descendant_still_authorized,0.5,5,0.002922,0.976668,0.972811,0.002385,0.010445,0.001817,0.001919
MS-MARCO-RBAC,8000000,8000000,Lethe,ancestor_descendant_still_authorized,0.5,6,0.003352,0.972688,0.972607,0.001551,0.017692,0.002318,0.000397
MS-MARCO-RBAC,8000000,8000000,Lethe,ancestor_descendant_still_authorized,0.5,7,0.001466,0.97265,0.971375,0.0,0.025436,0.000463,0.001878
MS-MARCO-RBAC,8000000,8000000,Lethe,ancestor_descendant_still_authorized,0.5,8,0.002559,0.973469,0.973394,0.002767,0.014061,0.001037,0.002617
MS-MARCO-RBAC,8000000,8000000,Lethe,ancestor_descendant_still_authorized,0.5,9,0.000664,0.973974,0.971158,0.000509,0.008688,0.003823,0.001823
SIFT1M,1000000,1000000,Lethe,revoked_user,0.1,0,0.006866,0.981045,0.980286,0.004727,0.024471,0.002007,0.001268
SIFT1M,1000000,1000000,Lethe,revoked_user,0.1,1,0.008172,0.981502,0.983118,0.005546,0.007759,0.002571,0.001124
SIFT1M,1000000,1000000,Lethe,revoked_user,0.1,2,0.009364,0.980903,0.982708,0.008897,0.014668,0.002161,0.002431
SIFT1M,1000000,1000000,Lethe,revoked_user,0.1,3,0.008031,0.980482,0.982836,0.006988,0.01855,0.001497,0.002465
SIFT1M,1000000,1000000,Lethe,revoked_user,0.1,4,0.009798,0.980401,0.982376,0.009051,0.006913,0.002282,0.001666
SIFT1M,1000000,1000000,Lethe,revoked_user,0.1,5,0.007246,0.980897,0.979702,0.006031,0.01255,0.002226,0.004027
SIFT1M,1000000,1000000,Lethe,revoked_user,0.1,6,0.009194,0.979538,0.976802,0.007253,0.013742,0.003729,0.000144
SIFT1M,1000000,1000000,Lethe,revoked_user,0.1,7,0.00651,0.98322,0.980819,0.005236,0.009085,0.000161,0.001571
SIFT1M,1000000,1000000,Lethe,revoked_user,0.1,8,0.006133,0.979321,0.979876,0.004016,0.022169,0.002398,0.00282
SIFT1M,1000000,1000000,Lethe,revoked_user,0.1,9,0.004765,0.982367,0.981031,0.005547,0.005415,0.003713,0.001737
SIFT1M,1000000,1000000,Lethe,same_role_still_authorized,0.1,0,0.001377,0.981432,0.982976,0.001764,0.019248,0.001075,0.003572
SIFT1M,1000000,1000000,Lethe,same_role_still_authorized,0.1,1,0.00212,0.981044,0.982818,0.001408,0.011083,0.003072,0.001505
SIFT1M,1000000,1000000,Lethe,same_role_still_authorized,0.1,2,0.002812,0.9789,0.981198,0.002786,0.013762,0.001951,0.002445
SIFT1M,1000000,1000000,Lethe,same_role_still_authorized,0.1,3,0.002415,0.982289,0.981365,0.001263,0.00727,0.002498,0.000619
SIFT1M,1000000,1000000,Lethe,same_role_still_authorized,0.1,4,3.8e-05,0.980048,0.979689,0.000298,0.012471,0.002594,0.00369
SIFT1M,1000000,1000000,Lethe,same_role_still_authorized,0.1,5,0.002481,0.979332,0.981821,0.000453,0.024191,0.000332,0.003455
SIFT1M,1000000,1000000,Lethe,same_role_still_authorized,0.1,6,0.001981,0.98187,0.979659,0.001838,0.005808,0.001875,0.002828
SIFT1M,1000000,1000000,Lethe,same_role_still_authorized,0.1,7,0.002965,0.982299,0.982046,0.002939,0.024526,0.002616,0.003878
SIFT1M,1000000,1000000,Lethe,same_role_still_authorized,0.1,8,0.002443,0.978261,0.979965,0.002853,0.018334,0.001473,0.001876
SIFT1M,1000000,1000000,Lethe,same_role_still_authorized,0.1,9,0.003865,0.983059,0.980098,0.00246,0.01463,0.002359,0.001607
SIFT1M,1000000,1000000,Lethe,different_role_still_authorized,0.1,0,0.002706,0.979054,0.980023,0.001145,0.013528,0.002797,0.001795
SIFT1M,1000000,1000000,Lethe,different_role_still_authorized,0.1,1,5.4e-05,0.979372,0.980678,0.0,0.013759,0.0,0.000878
SIFT1M,1000000,1000000,Lethe,different_role_still_authorized,0.1,2,0.000441,0.98206,0.980516,0.000281,0.009114,0.002289,0.002421
SIFT1M,1000000,1000000,Lethe,different_role_still_authorized,0.1,3,0.001309,0.983065,0.981868,0.001218,0.008113,0.003508,0.001392
SIFT1M,1000000,1000000,Lethe,different_role_still_authorized,0.1,4,0.002478,0.980374,0.981828,0.002182,0.012553,0.002479,0.002142
SIFT1M,1000000,1000000,Lethe,different_role_still_authorized,0.1,5,0.001094,0.981715,0.979696,0.001314,0.011717,0.001242,0.003179
SIFT1M,1000000,1000000,Lethe,different_role_still_authorized,0.1,6,0.002447,0.980452,0.982252,0.002476,0.019157,0.0,0.001937
SIFT1M,1000000,1000000,Lethe,different_role_still_authorized,0.1,7,0.001347,0.980557,0.983178,0.000335,0.019272,0.004106,0.003264
SIFT1M,1000000,1000000,Lethe,different_role_still_authorized,0.1,8,0.000268,0.983218,0.980812,0.0,0.015543,0.000966,0.002556
SIFT1M,1000000,1000000,Lethe,different_role_still_authorized,0.1,9,0.002237,0.9836,0.981143,0.002656,0.019779,0.002282,0.003796
SIFT1M,1000000,1000000,Lethe,ancestor_descendant_still_authorized,0.1,0,0.001073,0.981589,0.980442,0.000555,0.022043,0.003365,0.002625
SIFT1M,1000000,1000000,Lethe,ancestor_descendant_still_authorized,0.1,1,0.001076,0.977913,0.9809,0.001012,0.017203,0.002979,0.00224
SIFT1M,1000000,1000000,Lethe,ancestor_descendant_still_authorized,0.1,2,0.00132,0.983212,0.980706,0.001187,0.006356,0.001687,0.003021
SIFT1M,1000000,1000000,Lethe,ancestor_descendant_still_authorized,0.1,3,0.000677,0.979856,0.980444,0.001295,0.007474,0.000591,0.00181
SIFT1M,1000000,1000000,Lethe,ancestor_descendant_still_authorized,0.1,4,0.0,0.979661,0.980247,0.0,0.014458,0.001741,0.002057
SIFT1M,1000000,1000000,Lethe,ancestor_descendant_still_authorized,0.1,5,0.001946,0.979776,0.978815,0.003604,0.02491,0.001623,0.002042
SIFT1M,1000000,1000000,Lethe,ancestor_descendant_still_authorized,0.1,6,0.001365,0.979787,0.981665,0.000443,0.027146,0.001699,0.001823
SIFT1M,1000000,1000000,Lethe,ancestor_descendant_still_authorized,0.1,7,0.001674,0.981305,0.980093,0.000809,0.009709,0.001049,0.002339
SIFT1M,1000000,1000000,Lethe,ancestor_descendant_still_authorized,0.1,8,0.003065,0.981335,0.980954,0.001704,0.017165,0.001419,0.00092
SIFT1M,1000000,1000000,Lethe,ancestor_descendant_still_authorized,0.1,9,0.000821,0.981031,0.981083,0.001752,0.002765,0.00382,0.001761
SIFT1M,1000000,1000000,Lethe,revoked_user,0.2,0,0.009165,0.981494,0.982966,0.007803,0.010633,0.002574,0.002753
SIFT1M,1000000,1000000,Lethe,revoked_user,0.2,1,0.009797,0.982364,0.982084,0.007624,0.017644,0.002888,0.002022
SIFT1M,1000000,1000000,Lethe,revoked_user,0.2,2,0.008091,0.980605,0.98203,0.007183,0.005157,0.002125,0.002641
SIFT1M,1000000,1000000,Lethe,revoked_user,0.2,3,0.01021,0.980646,0.98004,0.009044,0.013927,0.002112,0.002473
SIFT1M,1000000,1000000,Lethe,revoked_user,0.2,4,0.008855,0.980711,0.981258,0.006709,0.014081,0.001576,0.001418
SIFT1M,1000000,1000000,Lethe,revoked_user,0.2,5,0.007411,0.979181,0.980801,0.00621,0.009079,0.001018,0.00108
SIFT1M,1000000,1000000,Lethe,revoked_user,0.2,6,0.013316,0.980475,0.984429,0.010245,0.020182,0.002229,0.001368
SIFT1M,1000000,1000000,Lethe,revoked_user,0.2,7,0.008056,0.97893,0.982238,0.00739,0.013624,0.00213,0.00096
SIFT1M,1000000,1000000,Lethe,revoked_user,0.2,8,0.007443,0.981329,0.981719,0.007331,0.01876,0.002743,0.001352
SIFT1M,1000000,1000000,Lethe,revoked_user,0.2,9,0.012085,0.984161,0.982432,0.008538,0.009843,0.00242,0.000538
SIFT1M,1000000,1000000,Lethe,same_role_still_authorized,0.2,0,0.00238,0.984671,0.983878,0.000466,0.014287,0.001156,0.001236
SIFT1M,1000000,1000000,Lethe,same_role_still_authorized,0.2,1,0.001834,0.982881,0.981021,0.000666,0.015486,0.002397,0.003295
SIFT1M,1000000,1000000,Lethe,same_role_still_authorized,0.2,2,0.000493,0.982459,0.981065,0.0,0.009821,0.00356,0.001808
SIFT1M,1000000,1000000,Lethe,same_role_still_authorized,0.2,3,0.000724,0.980535,0.980844,0.0,0.022598,0.001127,0.002925
SIFT1M,1000000,1000000,Lethe,same_role_still_authorized,0.2,4,0.003104,0.978485,0.981959,0.002914,0.020974,0.001596,0.000403
SIFT1M,1000000,1000000,Lethe,same_role_still_authorized,0.2,5,0.001849,0.98364,0.981775,0.002069,0.019365,0.002927,0.000565
SIFT1M,1000000,1000000,Lethe,same_role_still_authorized,0.2,6,0.001451,0.979175,0.979724,0.001593,0.008913,0.001036,0.002048
SIFT1M,1000000,1000000,Lethe,same_role_still_authorized,0.2,7,0.001153,0.980784,0.981703,0.002755,0.020165,0.00234,0.001202
SIFT1M,1000000,1000000,Lethe,same_role_still_authorized,0.2,8,0.002283,0.978211,0.978593,0.001679,0.017424,0.000794,0.002604
SIFT1M,1000000,1000000,Lethe,same_role_still_authorized,0.2,9,0.002793,0.984128,0.982036,0.003224,0.01176,0.000143,0.001601
SIFT1M,1000000,1000000,Lethe,different_role_still_authorized,0.2,0,0.003327,0.980304,0.982271,0.001686,0.005744,0.001616,0.002394
SIFT1M,1000000,1000000,Lethe,different_role_still_authorized,0.2,1,0.002494,0.982557,0.982926,0.001971,0.021866,0.001931,0.001775
SIFT1M,1000000,1000000,Lethe,different_role_still_authorized,0.2,2,0.002107,0.978493,0.979021,0.002026,0.013457,0.000909,0.00233
SIFT1M,1000000,1000000,Lethe,different_role_still_authorized,0.2,3,0.003607,0.980116,0.982564,0.004182,0.009002,0.002846,0.000989
SIFT1M,1000000,1000000,Lethe,different_role_still_authorized,0.2,4,0.002159,0.978762,0.98042,0.003227,0.011469,0.002466,0.002701
SIFT1M,1000000,1000000,Lethe,different_role_still_authorized,0.2,5,0.002479,0.980883,0.984548,0.00179,0.015211,0.000407,0.001037
SIFT1M,1000000,1000000,Lethe,different_role_still_authorized,0.2,6,0.001574,0.982003,0.9826,0.00143,0.007222,0.002386,0.002178
SIFT1M,1000000,1000000,Lethe,different_role_still_authorized,0.2,7,0.002819,0.982079,0.982677,0.001411,0.026654,0.000296,0.001241
SIFT1M,1000000,1000000,Lethe,different_role_still_authorized,0.2,8,0.00166,0.982795,0.981875,0.000847,0.017944,0.001232,0.001622
SIFT1M,1000000,1000000,Lethe,different_role_still_authorized,0.2,9,0.001514,0.982996,0.981667,0.001626,0.019337,0.001722,0.004632
SIFT1M,1000000,1000000,Lethe,ancestor_descendant_still_authorized,0.2,0,0.001883,0.979022,0.98265,0.000769,0.022183,7.5e-05,0.001649
SIFT1M,1000000,1000000,Lethe,ancestor_descendant_still_authorized,0.2,1,0.002993,0.980564,0.978779,0.003256,0.000528,0.000927,0.001868
SIFT1M,1000000,1000000,Lethe,ancestor_descendant_still_authorized,0.2,2,0.001035,0.981088,0.981433,0.0,0.002159,0.000676,0.002315
SIFT1M,1000000,1000000,Lethe,ancestor_descendant_still_authorized,0.2,3,0.003897,0.983019,0.984656,0.002483,0.022236,0.002268,0.002697
SIFT1M,1000000,1000000,Lethe,ancestor_descendant_still_authorized,0.2,4,0.000826,0.979383,0.980641,0.001589,0.022155,0.00382,0.0
SIFT1M,1000000,1000000,Lethe,ancestor_descendant_still_authorized,0.2,5,0.001023,0.980174,0.982093,0.002628,0.003682,0.001423,0.000344
SIFT1M,1000000,1000000,Lethe,ancestor_descendant_still_authorized,0.2,6,0.003058,0.982752,0.981194,0.001746,0.021068,0.002654,0.003209
SIFT1M,1000000,1000000,Lethe,ancestor_descendant_still_authorized,0.2,7,0.003889,0.980086,0.97936,0.002376,0.019405,0.001217,0.002129
SIFT1M,1000000,1000000,Lethe,ancestor_descendant_still_authorized,0.2,8,0.0,0.979892,0.981104,0.000205,0.022761,0.001876,0.00254
SIFT1M,1000000,1000000,Lethe,ancestor_descendant_still_authorized,0.2,9,0.003839,0.981217,0.979622,0.003093,0.025244,0.003029,0.000953
SIFT1M,1000000,1000000,Lethe,revoked_user,0.3,0,0.010231,0.982172,0.980809,0.00853,0.017626,0.002595,0.002271
SIFT1M,1000000,1000000,Lethe,revoked_user,0.3,1,0.012284,0.982454,0.978795,0.00873,0.018158,0.002692,0.002703
SIFT1M,1000000,1000000,Lethe,revoked_user,0.3,2,0.014228,0.981711,0.979685,0.010387,0.015533,0.003288,0.003712
SIFT1M,1000000,1000000,Lethe,revoked_user,0.3,3,0.011791,0.981992,0.980065,0.010082,0.020094,0.001957,0.00104
SIFT1M,1000000,1000000,Lethe,revoked_user,0.3,4,0.012997,0.98009,0.984298,0.009852,0.019144,0.000988,0.002127
SIFT1M,1000000,1000000,Lethe,revoked_user,0.3,5,0.010703,0.982553,0.981742,0.009005,0.007994,0.001402,0.002247
SIFT1M,1000000,1000000,Lethe,revoked_user,0.3,6,0.008559,0.982692,0.978665,0.008742,0.007171,0.00277,0.001576
SIFT1M,1000000,1000000,Lethe,revoked_user,0.3,7,0.01225,0.978402,0.982668,0.0096,0.010405,0.002279,0.000622
SIFT1M,1000000,1000000,Lethe,revoked_user,0.3,8,0.007251,0.981818,0.979803,0.005841,0.012659,0.003076,0.000984
SIFT1M,1000000,1000000,Lethe,revoked_user,0.3,9,0.011915,0.982542,0.979853,0.010534,0.017967,0.002907,0.001281
SIFT1M,1000000,1000000,Lethe,same_role_still_authorized,0.3,0,0.002214,0.983086,0.979896,0.001615,0.023711,0.003626,0.000832
SIFT1M,1000000,1000000,Lethe,same_role_still_authorized,0.3,1,0.00175,0.979524,0.979328,0.0,0.009418,0.002527,0.002267
SIFT1M,1000000,1000000,Lethe,same_role_still_authorized,0.3,2,0.003384,0.97876,0.978595,0.003342,0.024435,0.003231,0.0
SIFT1M,1000000,1000000,Lethe,same_role_still_authorized,0.3,3,0.00135,0.982003,0.983423,0.0,0.001146,0.0,0.002956
SIFT1M,1000000,1000000,Lethe,same_role_still_authorized,0.3,4,0.00061,0.980283,0.979102,5.9e-05,0.014603,0.001003,0.001804
SIFT1M,1000000,1000000,Lethe,same_role_still_authorized,0.3,5,0.003119,0.979799,0.980792,0.001762,0.016201,0.000351,0.001794
SIFT1M,1000000,1000000,Lethe,same_role_still_authorized,0.3,6,0.004152,0.98137,0.979283,0.002525,0.020375,0.003726,0.001394
SIFT1M,1000000,1000000,Lethe,same_role_still_authorized,0.3,7,0.000865,0.981078,0.979757,0.001821,0.008605,0.003877,0.001198
SIFT1M,1000000,1000000,Lethe,same_role_still_authorized,0.3,8,0.005287,0.981868,0.979904,0.004939,0.024077,0.002622,0.003967
SIFT1M,1000000,1000000,Lethe,same_role_still_authorized,0.3,9,0.002802,0.982183,0.983291,0.002497,0.02331,0.00097,0.000592
SIFT1M,1000000,1000000,Lethe,different_role_still_authorized,0.3,0,0.00322,0.978641,0.981277,0.001242,0.019917,0.001791,0.002531
SIFT1M,1000000,1000000,Lethe,different_role_still_authorized,0.3,1,0.002098,0.982363,0.98221,0.001541,0.008228,0.001363,0.001778
SIFT1M,1000000,1000000,Lethe,different_role_still_authorized,0.3,2,0.004913,0.984403,0.981789,0.005186,0.013163,0.00265,0.003234
SIFT1M,1000000,1000000,Lethe,different_role_still_authorized,0.3,3,0.0027,0.979479,0.979923,0.001971,0.014494,0.002348,0.001315
SIFT1M,1000000,1000000,Lethe,different_role_still_authorized,0.3,4,0.002219,0.981717,0.980759,0.002569,0.01698,0.00145,0.004346
SIFT1M,1000000,1000000,Lethe,different_role_still_authorized,0.3,5,0.002313,0.9831,0.981529,0.001989,0.018097,0.001745,0.001934
SIFT1M,1000000,1000000,Lethe,different_role_still_authorized,0.3,6,0.001255,0.980815,0.980517,0.000981,0.016643,0.004797,0.003278
SIFT1M,1000000,1000000,Lethe,different_role_still_authorized,0.3,7,0.003318,0.979759,0.98081,0.005202,0.011369,0.002825,0.000482
SIFT1M,1000000,1000000,Lethe,different_role_still_authorized,0.3,8,0.002604,0.979774,0.981522,0.002809,0.023633,0.001281,0.002426
SIFT1M,1000000,1000000,Lethe,different_role_still_authorized,0.3,9,0.003058,0.979556,0.983366,0.003484,0.021287,0.001893,0.000791
SIFT1M,1000000,1000000,Lethe,ancestor_descendant_still_authorized,0.3,0,0.002808,0.981121,0.979728,0.002193,0.017407,0.003867,0.001647
SIFT1M,1000000,1000000,Lethe,ancestor_descendant_still_authorized,0.3,1,0.002623,0.979386,0.982158,0.001076,0.014588,0.0,0.002254
SIFT1M,1000000,1000000,Lethe,ancestor_descendant_still_authorized,0.3,2,0.002842,0.981098,0.981327,0.003502,0.027538,0.003912,0.002519
SIFT1M,1000000,1000000,Lethe,ancestor_descendant_still_authorized,0.3,3,0.003868,0.981945,0.984025,0.004114,0.016624,0.001778,0.00137
SIFT1M,1000000,1000000,Lethe,ancestor_descendant_still_authorized,0.3,4,0.002407,0.98283,0.979183,0.001222,0.016875,0.002158,0.001225
SIFT1M,1000000,1000000,Lethe,ancestor_descendant_still_authorized,0.3,5,0.001879,0.981262,0.981966,0.003407,0.026338,0.002337,0.003295
SIFT1M,1000000,1000000,Lethe,ancestor_descendant_still_authorized,0.3,6,0.002929,0.982256,0.980116,0.001974,0.019159,0.004341,0.002116
SIFT1M,1000000,1000000,Lethe,ancestor_descendant_still_authorized,0.3,7,0.002557,0.978321,0.979969,0.003253,0.016912,0.003164,0.002219
SIFT1M,1000000,1000000,Lethe,ancestor_descendant_still_authorized,0.3,8,0.002551,0.981773,0.983687,0.002721,0.014896,0.0,0.002957
SIFT1M,1000000,1000000,Lethe,ancestor_descendant_still_authorized,0.3,9,0.004069,0.980556,0.980571,0.003528,0.017832,0.001892,0.002006
SIFT1M,1000000,1000000,Lethe,revoked_user,0.4,0,0.012022,0.979769,0.986252,0.00936,0.013628,0.000567,0.001522
SIFT1M,1000000,1000000,Lethe,revoked_user,0.4,1,0.01291,0.981631,0.980784,0.009396,0.011757,4.8e-05,0.00127
SIFT1M,1000000,1000000,Lethe,revoked_user,0.4,2,0.014205,0.979449,0.98197,0.012906,0.011538,0.004159,0.002413
SIFT1M,1000000,1000000,Lethe,revoked_user,0.4,3,0.011439,0.980384,0.982101,0.009728,0.011729,0.001174,0.002851
SIFT1M,1000000,1000000,Lethe,revoked_user,0.4,4,0.01323,0.979948,0.980162,0.011518,0.010105,0.001225,0.002564
SIFT1M,1000000,1000000,Lethe,revoked_user,0.4,5,0.012107,0.98212,0.981731,0.011238,0.02028,0.003044,0.001453
SIFT1M,1000000,1000000,Lethe,revoked_user,0.4,6,0.017225,0.980254,0.982599,0.014108,0.014128,0.001863,0.000796
SIFT1M,1000000,1000000,Lethe,revoked_user,0.4,7,0.013146,0.98116,0.982342,0.012076,0.014089,0.001855,0.003
SIFT1M,1000000,1000000,Lethe,revoked_user,0.4,8,0.012422,0.983932,0.97882,0.010949,0.011995,0.000897,0.000916
SIFT1M,1000000,1000000,Lethe,revoked_user,0.4,9,0.011689,0.981904,0.981169,0.009824,0.020025,0.001092,0.003556
SIFT1M,1000000,1000000,Lethe,same_role_still_authorized,0.4,0,0.002847,0.979143,0.981767,0.003201,0.008255,0.002446,0.00327
SIFT1M,1000000,1000000,Lethe,same_role_still_authorized,0.4,1,0.002982,0.98186,0.983038,0.002872,0.007676,0.001621,0.001101
SIFT1M,1000000,1000000,Lethe,same_role_still_authorized,0.4,2,0.002538,0.98147,0.981354,0.002854,0.022671,0.00377,0.001707
SIFT1M,1000000,1000000,Lethe,same_role_still_authorized,0.4,3,0.00312,0.98355,0.979406,0.002185,0.0,0.001346,0.002835
SIFT1M,1000000,1000000,Lethe,same_role_still_authorized,0.4,4,0.001422,0.978325,0.981701,0.000974,0.028571,0.000401,0.00171
SIFT1M,1000000,1000000,Lethe,same_role_still_authorized,0.4,5,0.003003,0.981387,0.981437,0.001441,0.017402,0.0023,0.000543
SIFT1M,1000000,1000000,Lethe,same_role_still_authorized,0.4,6,0.002936,0.982397,0.982263,0.004452,0.017941,0.001518,0.00223
SIFT1M,1000000,1000000,Lethe,same_role_still_authorized,0.4,7,0.003655,0.978344,0.98256,0.003902,0.014508,0.001605,0.0
SIFT1M,1000000,1000000,Lethe,same_role_still_authorized,0.4,8,0.003196,0.981718,0.98162,0.001679,0.014993,0.002752,0.002073
SIFT1M,1000000,1000000,Lethe,same_role_still_authorized,0.4,9,0.000798,0.982286,0.980704,0.001757,0.003472,0.003037,0.002036
SIFT1M,1000000,1000000,Lethe,different_role_still_authorized,0.4,0,0.001815,0.979935,0.982022,0.001044,0.007202,0.001519,0.001649
SIFT1M,1000000,1000000,Lethe,different_role_still_authorized,0.4,1,0.003115,0.97928,0.980456,0.003371,0.017834,0.000198,0.001144
SIFT1M,1000000,1000000,Lethe,different_role_still_authorized,0.4,2,0.00114,0.979737,0.978168,0.000809,0.018007,0.003746,0.001539
SIFT1M,1000000,1000000,Lethe,different_role_still_authorized,0.4,3,0.00133,0.980662,0.981142,0.001226,0.011337,0.001623,0.002518
SIFT1M,1000000,1000000,Lethe,different_role_still_authorized,0.4,4,0.003324,0.981341,0.980634,0.002034,0.00698,0.000822,0.002581
SIFT1M,1000000,1000000,Lethe,different_role_still_authorized,0.4,5,0.005677,0.982999,0.979313,0.003527,0.016281,0.000581,0.002922
SIFT1M,1000000,1000000,Lethe,different_role_still_authorized,0.4,6,0.00392,0.981069,0.979353,0.003722,0.015614,0.002355,0.001814
SIFT1M,1000000,1000000,Lethe,different_role_still_authorized,0.4,7,0.000201,0.98243,0.977964,0.001387,0.023274,0.004206,0.002347
SIFT1M,1000000,1000000,Lethe,different_role_still_authorized,0.4,8,0.001836,0.979948,0.979868,0.000513,0.012762,0.003298,0.00143
SIFT1M,1000000,1000000,Lethe,different_role_still_authorized,0.4,9,0.002812,0.979972,0.98119,0.002451,0.009538,0.00175,0.001655
SIFT1M,1000000,1000000,Lethe,ancestor_descendant_still_authorized,0.4,0,0.002793,0.980379,0.979707,0.0041,0.018492,0.002671,0.001989
SIFT1M,1000000,1000000,Lethe,ancestor_descendant_still_authorized,0.4,1,0.001103,0.980062,0.981551,0.001378,0.025501,0.001373,0.002114
SIFT1M,1000000,1000000,Lethe,ancestor_descendant_still_authorized,0.4,2,0.003646,0.979727,0.980935,0.002803,0.013234,0.001552,0.001741
SIFT1M,1000000,1000000,Lethe,ancestor_descendant_still_authorized,0.4,3,0.004095,0.980818,0.979546,0.004145,0.007892,0.000584,0.000296
SIFT1M,1000000,1000000,Lethe,ancestor_descendant_still_authorized,0.4,4,0.002349,0.983456,0.981158,0.001706,0.009969,0.003313,0.003266
SIFT1M,1000000,1000000,Lethe,ancestor_descendant_still_authorized,0.4,5,0.003253,0.983195,0.980539,0.002409,0.022297,0.003208,0.00142
SIFT1M,1000000,1000000,Lethe,ancestor_descendant_still_authorized,0.4,6,0.000908,0.980963,0.980708,0.0,0.013294,0.003871,0.001598
SIFT1M,1000000,1000000,Lethe,ancestor_descendant_still_authorized,0.4,7,0.001137,0.980321,0.97911,0.001402,0.019953,0.000539,0.002377
SIFT1M,1000000,1000000,Lethe,ancestor_descendant_still_authorized,0.4,8,0.00148,0.97922,0.981718,0.00285,0.019161,0.002107,0.000451
SIFT1M,1000000,1000000,Lethe,ancestor_descendant_still_authorized,0.4,9,0.002014,0.979697,0.980206,0.002614,0.011183,0.002075,0.000813
SIFT1M,1000000,1000000,Lethe,revoked_user,0.5,0,0.014972,0.980977,0.980307,0.012257,0.022782,0.001613,0.002096
SIFT1M,1000000,1000000,Lethe,revoked_user,0.5,1,0.012729,0.979907,0.980508,0.009405,0.016443,0.00307,0.002759
SIFT1M,1000000,1000000,Lethe,revoked_user,0.5,2,0.015797,0.980479,0.982054,0.013493,0.009194,0.003351,0.001453
SIFT1M,1000000,1000000,Lethe,revoked_user,0.5,3,0.01316,0.979973,0.979673,0.010106,0.010701,0.003098,0.005171
SIFT1M,1000000,1000000,Lethe,revoked_user,0.5,4,0.010775,0.979456,0.982014,0.008347,0.021877,0.000142,0.003803
SIFT1M,1000000,1000000,Lethe,revoked_user,0.5,5,0.013876,0.981502,0.980128,0.009789,0.020974,0.002665,0.000433
SIFT1M,1000000,1000000,Lethe,revoked_user,0.5,6,0.013389,0.982146,0.981604,0.011142,0.01644,0.001627,0.002
SIFT1M,1000000,1000000,Lethe,revoked_user,0.5,7,0.011212,0.978118,0.979749,0.008213,0.006287,0.003395,0.001226
SIFT1M,1000000,1000000,Lethe,revoked_user,0.5,8,0.016073,0.983169,0.982402,0.012533,0.015728,0.00088,0.00163
SIFT1M,1000000,1000000,Lethe,revoked_user,0.5,9,0.01523,0.983787,0.977749,0.01137,0.010701,0.00308,0.001864
SIFT1M,1000000,1000000,Lethe,same_role_still_authorized,0.5,0,0.002611,0.979962,0.979628,0.003207,0.011039,0.002067,0.000885
SIFT1M,1000000,1000000,Lethe,same_role_still_authorized,0.5,1,0.003791,0.980479,0.979215,0.002454,0.017344,0.001182,0.003333
SIFT1M,1000000,1000000,Lethe,same_role_still_authorized,0.5,2,0.002261,0.982881,0.982589,0.003681,0.010765,0.00325,0.003313
SIFT1M,1000000,1000000,Lethe,same_role_still_authorized,0.5,3,0.002063,0.982796,0.981248,0.002074,0.022649,0.001979,0.002137
SIFT1M,1000000,1000000,Lethe,same_role_still_authorized,0.5,4,0.002636,0.982913,0.981325,0.001506,0.014452,0.001424,0.002304
SIFT1M,1000000,1000000,Lethe,same_role_still_authorized,0.5,5,0.003326,0.981768,0.983989,0.003421,0.006456,0.0,0.001291
SIFT1M,1000000,1000000,Lethe,same_role_still_authorized,0.5,6,0.003828,0.98041,0.982322,0.002458,0.014821,0.002281,0.00148
SIFT1M,1000000,1000000,Lethe,same_role_still_authorized,0.5,7,0.003831,0.981406,0.978867,0.002408,0.01046,0.000589,0.002165
SIFT1M,1000000,1000000,Lethe,same_role_still_authorized,0.5,8,0.00317,0.977253,0.980986,0.00215,0.014051,0.002216,0.001663
SIFT1M,1000000,1000000,Lethe,same_role_still_authorized,0.5,9,0.002012,0.980667,0.981426,0.002798,0.011452,0.002687,0.003057
SIFT1M,1000000,1000000,Lethe,different_role_still_authorized,0.5,0,0.002014,0.98229,0.981474,0.000358,0.025786,0.002131,0.002368
SIFT1M,1000000,1000000,Lethe,different_role_still_authorized,0.5,1,0.002711,0.980599,0.978971,0.00299,0.020551,0.003299,0.0015
SIFT1M,1000000,1000000,Lethe,different_role_still_authorized,0.5,2,0.004884,0.981096,0.981654,0.005392,0.018847,0.003428,0.003488
SIFT1M,1000000,1000000,Lethe,different_role_still_authorized,0.5,3,0.003819,0.980687,0.980806,0.003282,0.012168,0.002498,0.001934
SIFT1M,1000000,1000000,Lethe,different_role_still_authorized,0.5,4,0.00195,0.980795,0.979917,0.000166,0.003187,0.00118,0.003228
SIFT1M,1000000,1000000,Lethe,different_role_still_authorized,0.5,5,0.003803,0.983184,0.983291,0.003687,0.003407,0.001318,0.003221
SIFT1M,1000000,1000000,Lethe,different_role_still_authorized,0.5,6,0.002065,0.981107,0.983071,0.001739,0.010722,0.002826,0.00134
SIFT1M,1000000,1000000,Lethe,different_role_still_authorized,0.5,7,0.003275,0.981511,0.979952,0.002583,0.012477,0.000277,0.002837
SIFT1M,1000000,1000000,Lethe,different_role_still_authorized,0.5,8,0.00437,0.98278,0.97908,0.003845,0.025833,0.001754,0.00436
SIFT1M,1000000,1000000,Lethe,different_role_still_authorized,0.5,9,0.003519,0.982393,0.980667,0.002508,0.019646,0.001479,0.001357
SIFT1M,1000000,1000000,Lethe,ancestor_descendant_still_authorized,0.5,0,0.002009,0.981747,0.977047,0.001684,0.020492,0.000702,0.003636
SIFT1M,1000000,1000000,Lethe,ancestor_descendant_still_authorized,0.5,1,0.002176,0.979295,0.978837,0.00268,0.01232,0.001915,0.002017
SIFT1M,1000000,1000000,Lethe,ancestor_descendant_still_authorized,0.5,2,0.003721,0.981993,0.982351,0.002858,0.01753,0.000256,2.7e-05
SIFT1M,1000000,1000000,Lethe,ancestor_descendant_still_authorized,0.5,3,0.004865,0.980507,0.981359,0.003489,0.00516,0.002468,0.001479
SIFT1M,1000000,1000000,Lethe,ancestor_descendant_still_authorized,0.5,4,0.003635,0.9791,0.980134,0.002423,0.010459,0.002342,0.002472
SIFT1M,1000000,1000000,Lethe,ancestor_descendant_still_authorized,0.5,5,0.002314,0.97869,0.979344,0.003032,0.010819,0.002442,0.003266
SIFT1M,1000000,1000000,Lethe,ancestor_descendant_still_authorized,0.5,6,0.00295,0.978454,0.981177,0.003178,0.008896,0.001116,0.001094
SIFT1M,1000000,1000000,Lethe,ancestor_descendant_still_authorized,0.5,7,0.002046,0.981443,0.980563,0.002169,0.022308,0.000896,0.0016
SIFT1M,1000000,1000000,Lethe,ancestor_descendant_still_authorized,0.5,8,0.002284,0.981357,0.981559,0.0,0.022139,0.002332,0.002933
SIFT1M,1000000,1000000,Lethe,ancestor_descendant_still_authorized,0.5,9,0.004817,0.981691,0.978112,0.004912,0.011799,0.001356,0.003048
SIFT1M,1000000,1000000,Lethe,revoked_user,0.1,0,0.01026,0.978703,0.976603,0.007164,0.017195,0.003308,0.002948
SIFT1M,1000000,1000000,Lethe,revoked_user,0.1,1,0.008241,0.981952,0.977423,0.007271,0.019323,0.002872,0.0
SIFT1M,1000000,1000000,Lethe,revoked_user,0.1,2,0.005408,0.981626,0.979987,0.003272,0.019515,0.002897,0.00033
SIFT1M,1000000,1000000,Lethe,revoked_user,0.1,3,0.004598,0.981295,0.980309,0.003625,0.016519,0.003736,0.002195
SIFT1M,1000000,1000000,Lethe,revoked_user,0.1,4,0.002298,0.979152,0.980371,0.002301,0.019259,0.001127,0.003357
SIFT1M,1000000,1000000,Lethe,revoked_user,0.1,5,0.006978,0.981431,0.979931,0.006143,0.016322,0.002335,0.002048
SIFT1M,1000000,1000000,Lethe,revoked_user,0.1,6,0.006659,0.980337,0.980095,0.004885,0.021356,0.00052,0.001124
SIFT1M,1000000,1000000,Lethe,revoked_user,0.1,7,0.008971,0.981167,0.982447,0.007341,0.01573,0.001433,0.003027
SIFT1M,1000000,1000000,Lethe,revoked_user,0.1,8,0.006854,0.981675,0.980216,0.004838,0.016394,0.0,0.002207
SIFT1M,1000000,1000000,Lethe,revoked_user,0.1,9,0.007422,0.981822,0.980832,0.006058,0.011649,0.001235,2.2e-05
SIFT1M,1000000,1000000,Lethe,same_role_still_authorized,0.1,0,0.019344,0.98176,0.980551,0.016654,0.00768,0.002394,0.001524
SIFT1M,1000000,1000000,Lethe,same_role_still_authorized,0.1,1,0.025819,0.977201,0.977828,0.021296,0.011204,0.001439,0.000314
SIFT1M,1000000,1000000,Lethe,same_role_still_authorized,0.1,2,0.029461,0.979016,0.98273,0.023143,0.006091,0.000716,0.002083
SIFT1M,1000000,1000000,Lethe,same_role_still_authorized,0.1,3,0.023223,0.980135,0.98262,0.017847,0.017362,0.00261,0.001404
SIFT1M,1000000,1000000,Lethe,same_role_still_authorized,0.1,4,0.034953,0.98152,0.981312,0.029408,0.013129,0.001938,0.001709
SIFT1M,1000000,1000000,Lethe,same_role_still_authorized,0.1,5,0.029322,0.978802,0.980692,0.024099,0.018594,0.00387,0.001901
SIFT1M,1000000,1000000,Lethe,same_role_still_authorized,0.1,6,0.032806,0.979657,0.983708,0.025183,0.013228,0.002872,0.001951
SIFT1M,1000000,1000000,Lethe,same_role_still_authorized,0.1,7,0.032637,0.982918,0.977924,0.026549,0.024644,0.002762,0.00191
SIFT1M,1000000,1000000,Lethe,same_role_still_authorized,0.1,8,0.032849,0.980236,0.983037,0.02598,0.017448,0.001661,0.003129
SIFT1M,1000000,1000000,Lethe,same_role_still_authorized,0.1,9,0.030653,0.983517,0.980542,0.026405,0.013525,0.001991,0.001965
SIFT1M,1000000,1000000,Lethe,different_role_still_authorized,0.1,0,0.004119,0.978086,0.97935,0.002729,0.015133,0.001372,0.001736
SIFT1M,1000000,1000000,Lethe,different_role_still_authorized,0.1,1,0.000951,0.978666,0.98034,0.000835,0.016081,0.001875,0.000643
SIFT1M,1000000,1000000,Lethe,different_role_still_authorized,0.1,2,0.002915,0.981671,0.980988,0.001375,0.003541,0.001206,0.001904
SIFT1M,1000000,1000000,Lethe,different_role_still_authorized,0.1,3,0.002437,0.980511,0.979257,0.00227,0.016381,0.002229,0.001711
SIFT1M,1000000,1000000,Lethe,different_role_still_authorized,0.1,4,0.000541,0.983106,0.981831,0.0,0.007816,0.002932,0.001516
SIFT1M,1000000,1000000,Lethe,different_role_still_authorized,0.1,5,0.001438,0.984747,0.979905,0.001659,0.019222,0.000462,0.003843
SIFT1M,1000000,1000000,Lethe,different_role_still_authorized,0.1,6,0.000721,0.982547,0.982514,0.0,0.01573,0.000545,0.003303
SIFT1M,1000000,1000000,Lethe,different_role_still_authorized,0.1,7,0.001451,0.979436,0.983224,0.001513,0.009852,0.000754,0.0
SIFT1M,1000000,1000000,Lethe,different_role_still_authorized,0.1,8,0.001581,0.981266,0.98021,0.0,0.015609,0.002201,0.002572
SIFT1M,1000000,1000000,Lethe,different_role_still_authorized,0.1,9,0.001769,0.981925,0.980283,0.00316,0.021729,0.002978,0.002469
SIFT1M,1000000,1000000,Lethe,ancestor_descendant_still_authorized,0.1,0,0.002026,0.9815,0.980839,0.002306,0.025004,0.000759,0.000153
SIFT1M,1000000,1000000,Lethe,ancestor_descendant_still_authorized,0.1,1,0.00219,0.979457,0.979465,0.002304,0.013756,0.001319,0.00334
SIFT1M,1000000,1000000,Lethe,ancestor_descendant_still_authorized,0.1,2,0.001092,0.980328,0.980437,0.001284,0.021564,0.001154,0.00133
SIFT1M,1000000,1000000,Lethe,ancestor_descendant_still_authorized,0.1,3,0.002588,0.981679,0.983106,0.003977,0.008133,0.000767,0.003201
SIFT1M,1000000,1000000,Lethe,ancestor_descendant_still_authorized,0.1,4,0.000584,0.97932,0.98348,0.0,0.029323,0.00227,0.00226
SIFT1M,1000000,1000000,Lethe,ancestor_descendant_still_authorized,0.1,5,0.001115,0.980209,0.980475,0.0,0.018967,0.002117,0.00172
SIFT1M,1000000,1000000,Lethe,ancestor_descendant_still_authorized,0.1,6,0.003077,0.981775,0.98045,0.004767,0.007923,0.002608,0.001502
SIFT1M,1000000,1000000,Lethe,ancestor_descendant_still_authorized,0.1,7,0.000685,0.982116,0.980456,0.002174,0.013646,0.002629,0.001378
SIFT1M,1000000,1000000,Lethe,ancestor_descendant_still_authorized,0.1,8,0.002606,0.979785,0.981633,0.000913,0.013717,0.001363,0.001915
SIFT1M,1000000,1000000,Lethe,ancestor_descendant_still_authorized,0.1,9,0.002593,0.980594,0.981813,0.000604,0.012996,0.001978,0.003253
SIFT1M,1000000,1000000,Lethe,revoked_user,0.2,0,0.006702,0.980263,0.98003,0.006146,0.016308,0.003132,0.003447
SIFT1M,1000000,1000000,Lethe,revoked_user,0.2,1,0.007577,0.979997,0.978124,0.007102,0.016637,0.0,0.0
SIFT1M,1000000,1000000,Lethe,revoked_user,0.2,2,0.014903,0.980194,0.982108,0.010689,0.020096,0.000394,0.0
SIFT1M,1000000,1000000,Lethe,revoked_user,0.2,3,0.006428,0.982829,0.980078,0.005232,0.020046,0.004651,0.002481
SIFT1M,1000000,1000000,Lethe,revoked_user,0.2,4,0.011858,0.980111,0.98346,0.008399,0.012003,0.0,0.001743
SIFT1M,1000000,1000000,Lethe,revoked_user,0.2,5,0.012135,0.979158,0.979798,0.007113,0.011588,0.002409,0.003584
SIFT1M,1000000,1000000,Lethe,revoked_user,0.2,6,0.011745,0.979866,0.981028,0.008893,0.008725,0.003939,0.001714
SIFT1M,1000000,1000000,Lethe,revoked_user,0.2,7,0.015196,0.98016,0.977966,0.013774,0.018169,0.003065,0.002534
SIFT1M,1000000,1000000,Lethe,revoked_user,0.2,8,0.00782,0.980862,0.983248,0.007869,0.008452,0.002561,0.002523
SIFT1M,1000000,1000000,Lethe,revoked_user,0.2,9,0.012011,0.982287,0.981443,0.009149,0.013981,0.003105,0.002119
SIFT1M,1000000,1000000,Lethe,same_role_still_authorized,0.2,0,0.036548,0.981005,0.982223,0.030951,0.004665,0.002964,0.000877
SIFT1M,1000000,1000000,Lethe,same_role_still_authorized,0.2,1,0.030877,0.979632,0.980976,0.02432,0.014553,0.0,0.00196
SIFT1M,1000000,1000000,Lethe,same_role_still_authorized,0.2,2,0.034223,0.981569,0.979251,0.025975,0.017434,0.002497,0.001356
SIFT1M,1000000,1000000,Lethe,same_role_still_authorized,0.2,3,0.037741,0.980031,0.980506,0.029382,0.020128,0.000723,0.002065
SIFT1M,1000000,1000000,Lethe,same_role_still_authorized,0.2,4,0.039542,0.979087,0.983174,0.03125,0.014471,0.002764,0.00128
SIFT1M,1000000,1000000,Lethe,same_role_still_authorized,0.2,5,0.038954,0.980067,0.981997,0.030559,0.020095,0.001566,0.00036
SIFT1M,1000000,1000000,Lethe,same_role_still_authorized,0.2,6,0.026823,0.981412,0.981152,0.020917,0.008829,0.001557,0.001075
SIFT1M,1000000,1000000,Lethe,same_role_still_authorized,0.2,7,0.038756,0.97998,0.980676,0.032034,0.00473,0.002538,0.002948
SIFT1M,1000000,1000000,Lethe,same_role_still_authorized,0.2,8,0.033776,0.979161,0.983158,0.025699,0.016773,0.003127,0.001904
SIFT1M,1000000,1000000,Lethe,same_role_still_authorized,0.2,9,0.030374,0.980133,0.98083,0.024986,0.021385,0.003761,0.000679
SIFT1M,1000000,1000000,Lethe,different_role_still_authorized,0.2,0,0.002475,0.982415,0.98375,0.001972,0.019088,0.000839,0.001998
SIFT1M,1000000,1000000,Lethe,different_role_still_authorized,0.2,1,0.003496,0.977779,0.982352,0.000677,0.016188,0.002328,0.002377
SIFT1M,1000000,1000000,Lethe,different_role_still_authorized,0.2,2,0.002528,0.978411,0.978829,0.003459,0.026831,0.003162,0.000676
SIFT1M,1000000,1000000,Lethe,different_role_still_authorized,0.2,3,0.001832,0.981984,0.981651,0.00067,0.024004,0.001262,0.001679
SIFT1M,1000000,1000000,Lethe,different_role_still_authorized,0.2,4,0.002528,0.978809,0.984269,0.00282,0.009071,0.002149,0.001494
SIFT1M,1000000,1000000,Lethe,different_role_still_authorized,0.2,5,0.002553,0.980869,0.979309,0.001114,0.007597,0.000983,0.001683
SIFT1M,1000000,1000000,Lethe,different_role_still_authorized,0.2,6,0.003057,0.980454,0.981417,0.002664,0.023367,0.003695,0.00261
SIFT1M,1000000,1000000,Lethe,different_role_still_authorized,0.2,7,0.002361,0.97891,0.981709,0.002636,0.016205,0.004162,0.002644
SIFT1M,1000000,1000000,Lethe,different_role_still_authorized,0.2,8,0.002736,0.979298,0.979724,0.001301,0.012322,0.003081,0.002001
SIFT1M,1000000,1000000,Lethe,different_role_still_authorized,0.2,9,0.003924,0.984058,0.979846,0.002689,0.017097,0.00065,0.001484
SIFT1M,1000000,1000000,Lethe,ancestor_descendant_still_authorized,0.2,0,0.002035,0.978552,0.982179,0.00079,0.008597,0.002076,0.001901
SIFT1M,1000000,1000000,Lethe,ancestor_descendant_still_authorized,0.2,1,0.000312,0.981362,0.980407,0.000178,0.021929,0.002137,0.001497
SIFT1M,1000000,1000000,Lethe,ancestor_descendant_still_authorized,0.2,2,0.000957,0.980294,0.980831,0.000854,0.011744,0.001706,0.001579
SIFT1M,1000000,1000000,Lethe,ancestor_descendant_still_authorized,0.2,3,0.002076,0.981219,0.981669,0.00282,0.01336,0.001812,0.003257
SIFT1M,1000000,1000000,Lethe,ancestor_descendant_still_authorized,0.2,4,0.002787,0.981549,0.984476,0.002167,0.014075,0.002119,0.000114
SIFT1M,1000000,1000000,Lethe,ancestor_descendant_still_authorized,0.2,5,0.002021,0.979149,0.981715,0.0,0.014805,0.001735,0.003651
SIFT1M,1000000,1000000,Lethe,ancestor_descendant_still_authorized,0.2,6,0.001629,0.982162,0.980307,0.001393,0.013689,0.003428,0.001587
SIFT1M,1000000,1000000,Lethe,ancestor_descendant_still_authorized,0.2,7,0.002035,0.981363,0.981492,0.002104,0.007844,0.00249,0.001437
SIFT1M,1000000,1000000,Lethe,ancestor_descendant_still_authorized,0.2,8,0.00244,0.983167,0.980076,0.002933,0.010382,0.000226,0.000483
SIFT1M,1000000,1000000,Lethe,ancestor_descendant_still_authorized,0.2,9,0.003756,0.982007,0.979214,0.002739,0.012953,0.001895,0.002084
SIFT1M,1000000,1000000,Lethe,revoked_user,0.3,0,0.010304,0.979312,0.984557,0.007424,0.020378,0.000784,0.002503
SIFT1M,1000000,1000000,Lethe,revoked_user,0.3,1,0.010715,0.982034,0.981568,0.009157,0.021278,0.001178,0.002982
SIFT1M,1000000,1000000,Lethe,revoked_user,0.3,2,0.007832,0.980039,0.982217,0.005675,0.003054,0.003124,0.002385
SIFT1M,1000000,1000000,Lethe,revoked_user,0.3,3,0.011839,0.980715,0.979596,0.010951,0.007003,0.001547,0.005543
SIFT1M,1000000,1000000,Lethe,revoked_user,0.3,4,0.006753,0.981607,0.981195,0.004984,0.014839,0.002762,0.002417
SIFT1M,1000000,1000000,Lethe,revoked_user,0.3,5,0.010566,0.98233,0.983695,0.008069,0.012439,0.001895,0.002067
SIFT1M,1000000,1000000,Lethe,revoked_user,0.3,6,0.010074,0.982589,0.984034,0.007741,0.019826,0.001698,0.002005
SIFT1M,1000000,1000000,Lethe,revoked_user,0.3,7,0.007774,0.982959,0.983597,0.006425,0.0,0.001178,0.00168
SIFT1M,1000000,1000000,Lethe,revoked_user,0.3,8,0.013859,0.980349,0.979219,0.010596,0.016035,0.003476,0.001591
SIFT1M,1000000,1000000,Lethe,revoked_user,0.3,9,0.012981,0.982391,0.978888,0.010176,0.009474,0.000416,0.001154
SIFT1M,1000000,1000000,Lethe,same_role_still_authorized,0.3,0,0.030661,0.98043,0.9788,0.024445,0.020742,0.000607,0.002343
SIFT1M,1000000,1000000,Lethe,same_role_still_authorized,0.3,1,0.033638,0.980794,0.982751,0.027635,0.016294,0.003722,0.001657
SIFT1M,1000000,1000000,Lethe,same_role_still_authorized,0.3,2,0.037878,0.985296,0.982536,0.030901,0.019547,0.00239,0.00018
SIFT1M,1000000,1000000,Lethe,same_role_still_authorized,0.3,3,0.036783,0.982494,0.980563,0.02816,0.01738,0.000784,0.001936
SIFT1M,1000000,1000000,Lethe,same_role_still_authorized,0.3,4,0.037439,0.982154,0.978599,0.030979,0.016259,0.001988,0.000926
SIFT1M,1000000,1000000,Lethe,same_role_still_authorized,0.3,5,0.039029,0.98009,0.980162,0.030451,0.001339,0.003988,0.001695
SIFT1M,1000000,1000000,Lethe,same_role_still_authorized,0.3,6,0.035987,0.983317,0.980112,0.028459,0.029921,0.003337,0.002038
SIFT1M,1000000,1000000,Lethe,same_role_still_authorized,0.3,7,0.039036,0.981601,0.979395,0.031782,0.017848,0.002084,0.000816
SIFT1M,1000000,1000000,Lethe,same_role_still_authorized,0.3,8,0.038258,0.979615,0.981811,0.030578,0.016139,0.002858,0.001955
SIFT1M,1000000,1000000,Lethe,same_role_still_authorized,0.3,9,0.048193,0.980164,0.980781,0.037219,0.016388,0.002216,0.001405
SIFT1M,1000000,1000000,Lethe,different_role_still_authorized,0.3,0,0.003763,0.98197,0.98104,0.001338,0.012366,0.001564,0.002846
SIFT1M,1000000,1000000,Lethe,different_role_still_authorized,0.3,1,0.003509,0.982734,0.978907,0.002832,0.017074,0.002004,0.00062
SIFT1M,1000000,1000000,Lethe,different_role_still_authorized,0.3,2,0.003949,0.980627,0.983778,0.002854,0.018157,0.002202,0.002496
SIFT1M,1000000,1000000,Lethe,different_role_still_authorized,0.3,3,0.002317,0.979574,0.982249,0.000671,0.01477,0.001993,0.001166
SIFT1M,1000000,1000000,Lethe,different_role_still_authorized,0.3,4,0.004396,0.98123,0.980635,0.00351,0.008507,0.000909,0.002362
SIFT1M,1000000,1000000,Lethe,different_role_still_authorized,0.3,5,0.006027,0.981839,0.981907,0.004406,0.006471,0.001716,0.00206
SIFT1M,1000000,1000000,Lethe,different_role_still_authorized,0.3,6,0.003395,0.981318,0.979593,0.001421,0.011154,0.001812,0.002566
SIFT1M,1000000,1000000,Lethe,different_role_still_authorized,0.3,7,0.00318,0.980609,0.981417,0.003773,0.011546,0.002777,7.4e-05
SIFT1M,1000000,1000000,Lethe,different_role_still_authorized,0.3,8,0.003995,0.982552,0.981557,0.003409,0.009104,0.002238,0.00073
SIFT1M,1000000,1000000,Lethe,different_role_still_authorized,0.3,9,0.001315,0.982403,0.98136,0.0,0.021512,0.002712,0.002091
SIFT1M,1000000,1000000,Lethe,ancestor_descendant_still_authorized,0.3,0,0.00185,0.981573,0.98193,0.001387,0.019606,0.002372,0.004815
SIFT1M,1000000,1000000,Lethe,ancestor_descendant_still_authorized,0.3,1,0.002103,0.981886,0.982648,0.002904,0.01111,0.002602,0.002499
SIFT1M,1000000,1000000,Lethe,ancestor_descendant_still_authorized,0.3,2,0.002146,0.979664,0.985459,0.003083,0.013593,0.001934,0.001561
SIFT1M,1000000,1000000,Lethe,ancestor_descendant_still_authorized,0.3,3,0.000808,0.981126,0.983282,0.0,0.016618,0.002772,0.001958
SIFT1M,1000000,1000000,Lethe,ancestor_descendant_still_authorized,0.3,4,0.002658,0.980233,0.981724,0.000922,0.025557,0.002734,0.002507
SIFT1M,1000000,1000000,Lethe,ancestor_descendant_still_authorized,0.3,5,0.002804,0.979322,0.982154,0.003069,0.012876,0.003572,0.003279
SIFT1M,1000000,1000000,Lethe,ancestor_descendant_still_authorized,0.3,6,0.00255,0.978832,0.980489,0.00268,0.019501,0.003921,0.0
SIFT1M,1000000,1000000,Lethe,ancestor_descendant_still_authorized,0.3,7,0.002229,0.980895,0.979614,0.003225,0.023568,0.002187,0.002781
SIFT1M,1000000,1000000,Lethe,ancestor_descendant_still_authorized,0.3,8,0.002942,0.981872,0.981969,0.00272,0.009234,0.001347,0.002061
SIFT1M,1000000,1000000,Lethe,ancestor_descendant_still_authorized,0.3,9,0.002862,0.982794,0.979352,0.002818,0.011352,0.001605,0.001719
SIFT1M,1000000,1000000,Lethe,revoked_user,0.4,0,0.016392,0.98121,0.983127,0.013805,0.021839,0.000762,0.003131
SIFT1M,1000000,1000000,Lethe,revoked_user,0.4,1,0.013266,0.979909,0.978832,0.008828,0.020797,0.001015,0.001359
SIFT1M,1000000,1000000,Lethe,revoked_user,0.4,2,0.013201,0.982692,0.980137,0.009647,0.012075,0.00343,0.003095
SIFT1M,1000000,1000000,Lethe,revoked_user,0.4,3,0.013719,0.979231,0.981445,0.011916,0.002876,0.002432,0.0
SIFT1M,1000000,1000000,Lethe,revoked_user,0.4,4,0.012748,0.980088,0.979364,0.010467,0.00261,0.000617,0.002225
SIFT1M,1000000,1000000,Lethe,revoked_user,0.4,5,0.012744,0.981151,0.982604,0.009995,0.017534,0.001424,0.003417
SIFT1M,1000000,1000000,Lethe,revoked_user,0.4,6,0.014117,0.980907,0.980182,0.009713,0.023993,0.000855,0.002639
SIFT1M,1000000,1000000,Lethe,revoked_user,0.4,7,0.013393,0.980325,0.979331,0.01025,0.020364,0.002774,0.002461
SIFT1M,1000000,1000000,Lethe,revoked_user,0.4,8,0.014425,0.97966,0.980211,0.011528,0.014511,0.001948,0.00075
SIFT1M,1000000,1000000,Lethe,revoked_user,0.4,9,0.013587,0.983261,0.980045,0.011074,0.012348,0.001172,0.003399
SIFT1M,1000000,1000000,Lethe,same_role_still_authorized,0.4,0,0.04389,0.98114,0.981071,0.034857,0.016389,0.001187,0.003412
SIFT1M,1000000,1000000,Lethe,same_role_still_authorized,0.4,1,0.043031,0.981516,0.979434,0.035835,0.020114,0.002576,0.003401
SIFT1M,1000000,1000000,Lethe,same_role_still_authorized,0.4,2,0.045645,0.980946,0.980183,0.038292,0.02511,0.000542,0.002814
SIFT1M,1000000,1000000,Lethe,same_role_still_authorized,0.4,3,0.042112,0.981417,0.979839,0.033314,0.020258,0.000292,0.003543
SIFT1M,1000000,1000000,Lethe,same_role_still_authorized,0.4,4,0.039643,0.98292,0.979477,0.03247,0.017156,0.001882,0.001983
SIFT1M,1000000,1000000,Lethe,same_role_still_authorized,0.4,5,0.038515,0.980946,0.984364,0.029389,0.009806,0.002321,0.002956
SIFT1M,1000000,1000000,Lethe,same_role_still_authorized,0.4,6,0.041902,0.981325,0.982925,0.032182,0.029798,0.001843,0.002589
SIFT1M,1000000,1000000,Lethe,same_role_still_authorized,0.4,7,0.037257,0.981627,0.980754,0.030953,0.013636,0.001601,0.000536
SIFT1M,1000000,1000000,Lethe,same_role_still_authorized,0.4,8,0.041561,0.981969,0.978216,0.032989,0.018598,0.003421,0.002063
SIFT1M,1000000,1000000,Lethe,same_role_still_authorized,0.4,9,0.039654,0.979114,0.982563,0.031788,0.015197,0.002417,0.001809
SIFT1M,1000000,1000000,Lethe,different_role_still_authorized,0.4,0,0.00407,0.979784,0.980138,0.002876,0.012085,0.002435,0.000191
SIFT1M,1000000,1000000,Lethe,different_role_still_authorized,0.4,1,0.001509,0.982781,0.982461,0.000956,0.014466,0.004245,0.001847
SIFT1M,1000000,1000000,Lethe,different_role_still_authorized,0.4,2,0.002571,0.979495,0.979007,0.000303,0.008804,0.00239,0.001498
SIFT1M,1000000,1000000,Lethe,different_role_still_authorized,0.4,3,0.001701,0.980025,0.982009,0.000989,0.015642,0.001735,0.003299
SIFT1M,1000000,1000000,Lethe,different_role_still_authorized,0.4,4,0.000363,0.980567,0.980155,0.0,0.010627,0.003065,0.001952
SIFT1M,1000000,1000000,Lethe,different_role_still_authorized,0.4,5,0.001398,0.980898,0.979609,0.002154,0.014305,0.001615,0.00215
SIFT1M,1000000,1000000,Lethe,different_role_still_authorized,0.4,6,0.002637,0.982982,0.980327,0.001211,0.01098,0.003717,0.002064
SIFT1M,1000000,1000000,Lethe,different_role_still_authorized,0.4,7,0.002136,0.981736,0.97914,0.00193,0.0,0.00273,0.002633
SIFT1M,1000000,1000000,Lethe,different_role_still_authorized,0.4,8,0.001645,0.981212,0.980582,0.000856,0.0153,0.001423,0.000942
SIFT1M,1000000,1000000,Lethe,different_role_still_authorized,0.4,9,0.003322,0.981765,0.979409,0.00341,0.010191,0.00199,0.002797
SIFT1M,1000000,1000000,Lethe,ancestor_descendant_still_authorized,0.4,0,0.000828,0.981822,0.980878,0.001665,0.013855,0.001148,0.003515
SIFT1M,1000000,1000000,Lethe,ancestor_descendant_still_authorized,0.4,1,0.002819,0.981836,0.981675,0.00171,0.006386,0.004483,0.002182
SIFT1M,1000000,1000000,Lethe,ancestor_descendant_still_authorized,0.4,2,0.002407,0.982325,0.983784,0.002226,0.019694,0.000571,0.001513
SIFT1M,1000000,1000000,Lethe,ancestor_descendant_still_authorized,0.4,3,0.002973,0.979333,0.980601,0.001341,0.008385,0.002221,0.001936
SIFT1M,1000000,1000000,Lethe,ancestor_descendant_still_authorized,0.4,4,0.002374,0.983931,0.981037,0.002151,0.013077,0.00335,0.001388
SIFT1M,1000000,1000000,Lethe,ancestor_descendant_still_authorized,0.4,5,0.002827,0.979206,0.979684,0.003704,0.027044,0.001956,0.001348
SIFT1M,1000000,1000000,Lethe,ancestor_descendant_still_authorized,0.4,6,0.003407,0.979829,0.978371,0.000772,0.01218,0.001265,0.002351
SIFT1M,1000000,1000000,Lethe,ancestor_descendant_still_authorized,0.4,7,0.002536,0.98015,0.980447,0.000929,0.023579,0.002185,0.002807
SIFT1M,1000000,1000000,Lethe,ancestor_descendant_still_authorized,0.4,8,0.002667,0.980803,0.980557,0.0019,0.019888,0.004223,0.002644
SIFT1M,1000000,1000000,Lethe,ancestor_descendant_still_authorized,0.4,9,0.004333,0.981522,0.981875,0.005093,0.020176,0.001987,0.001927
SIFT1M,1000000,1000000,Lethe,revoked_user,0.5,0,0.013302,0.979748,0.984538,0.010675,0.02069,0.002846,0.001426
SIFT1M,1000000,1000000,Lethe,revoked_user,0.5,1,0.018221,0.980521,0.981347,0.015709,0.0134,0.00347,0.002736
SIFT1M,1000000,1000000,Lethe,revoked_user,0.5,2,0.013646,0.982085,0.978077,0.008909,0.015628,0.000886,0.000992
SIFT1M,1000000,1000000,Lethe,revoked_user,0.5,3,0.016448,0.980412,0.979402,0.013142,0.006442,0.002085,0.003957
SIFT1M,1000000,1000000,Lethe,revoked_user,0.5,4,0.010151,0.981511,0.978681,0.007695,0.015458,0.002283,0.001612
SIFT1M,1000000,1000000,Lethe,revoked_user,0.5,5,0.013546,0.980864,0.980973,0.012158,0.017059,0.002578,0.002929
SIFT1M,1000000,1000000,Lethe,revoked_user,0.5,6,0.011932,0.982516,0.978313,0.009368,0.020655,0.00067,0.002543
SIFT1M,1000000,1000000,Lethe,revoked_user,0.5,7,0.013506,0.978999,0.981428,0.012865,0.022884,0.001095,0.003812
SIFT1M,1000000,1000000,Lethe,revoked_user,0.5,8,0.016061,0.982073,0.983795,0.013022,0.030867,0.002749,0.000813
SIFT1M,1000000,1000000,Lethe,revoked_user,0.5,9,0.014058,0.981719,0.979488,0.010878,0.0111,0.001568,0.002215
SIFT1M,1000000,1000000,Lethe,same_role_still_authorized,0.5,0,0.048368,0.97967,0.980958,0.039341,0.006083,0.002632,0.002917
SIFT1M,1000000,1000000,Lethe,same_role_still_authorized,0.5,1,0.03982,0.982902,0.982129,0.029725,0.016023,0.000657,0.003032
SIFT1M,1000000,1000000,Lethe,same_role_still_authorized,0.5,2,0.041058,0.983714,0.977918,0.034104,0.0,0.000791,0.000397
SIFT1M,1000000,1000000,Lethe,same_role_still_authorized,0.5,3,0.053295,0.983446,0.981254,0.045179,0.022327,0.001282,0.002258
SIFT1M,1000000,1000000,Lethe,same_role_still_authorized,0.5,4,0.044294,0.982845,0.981434,0.0357,0.017692,0.001184,0.003508
SIFT1M,1000000,1000000,Lethe,same_role_still_authorized,0.5,5,0.048836,0.981248,0.98045,0.037549,0.013209,0.003095,0.001534
SIFT1M,1000000,1000000,Lethe,same_role_still_authorized,0.5,6,0.04331,0.983319,0.981737,0.034891,0.005098,0.002809,0.000733
SIFT1M,1000000,1000000,Lethe,same_role_still_authorized,0.5,7,0.037244,0.980783,0.979894,0.030645,0.016942,0.003172,0.002152
SIFT1M,1000000,1000000,Lethe,same_role_still_authorized,0.5,8,0.04705,0.980027,0.980167,0.038648,0.023709,0.000955,0.002394
SIFT1M,1000000,1000000,Lethe,same_role_still_authorized,0.5,9,0.046133,0.9819,0.981952,0.03656,0.021563,0.002269,0.003267
SIFT1M,1000000,1000000,Lethe,different_role_still_authorized,0.5,0,0.002235,0.979111,0.981674,0.003366,0.026084,0.000251,0.003548
SIFT1M,1000000,1000000,Lethe,different_role_still_authorized,0.5,1,0.002253,0.981334,0.979755,0.001913,0.012228,0.001686,0.004369
SIFT1M,1000000,1000000,Lethe,different_role_still_authorized,0.5,2,0.005175,0.980819,0.981009,0.004719,0.006985,0.002833,0.002095
SIFT1M,1000000,1000000,Lethe,different_role_still_authorized,0.5,3,0.001098,0.979511,0.982674,0.0,0.012438,0.002163,0.003335
SIFT1M,1000000,1000000,Lethe,different_role_still_authorized,0.5,4,0.002355,0.980548,0.982941,0.000741,0.014512,0.000416,0.002014
SIFT1M,1000000,1000000,Lethe,different_role_still_authorized,0.5,5,0.00352,0.980459,0.979416,0.00362,0.02164,0.002495,0.001545
SIFT1M,1000000,1000000,Lethe,different_role_still_authorized,0.5,6,0.001034,0.981518,0.980593,0.000954,0.023787,0.000581,0.002153
SIFT1M,1000000,1000000,Lethe,different_role_still_authorized,0.5,7,0.003217,0.981819,0.980142,0.001776,0.019176,0.003677,0.00017
SIFT1M,1000000,1000000,Lethe,different_role_still_authorized,0.5,8,0.003044,0.981252,0.984063,0.000729,0.014418,0.00276,0.00169
SIFT1M,1000000,1000000,Lethe,different_role_still_authorized,0.5,9,0.00383,0.979413,0.983739,0.002205,0.010293,0.0,0.003334
SIFT1M,1000000,1000000,Lethe,ancestor_descendant_still_authorized,0.5,0,0.002329,0.980646,0.98175,0.003249,0.006954,0.002148,0.002336
SIFT1M,1000000,1000000,Lethe,ancestor_descendant_still_authorized,0.5,1,0.00303,0.981393,0.980883,0.001658,0.017824,0.001091,0.001368
SIFT1M,1000000,1000000,Lethe,ancestor_descendant_still_authorized,0.5,2,0.00225,0.978772,0.979918,0.00166,0.009777,0.003262,0.003692
SIFT1M,1000000,1000000,Lethe,ancestor_descendant_still_authorized,0.5,3,0.001512,0.980972,0.980049,0.0,0.020769,5.2e-05,0.00284
SIFT1M,1000000,1000000,Lethe,ancestor_descendant_still_authorized,0.5,4,0.004386,0.978973,0.98037,0.002853,0.0,0.002706,0.00132
SIFT1M,1000000,1000000,Lethe,ancestor_descendant_still_authorized,0.5,5,0.002855,0.98091,0.980839,0.002605,0.011402,0.003112,0.001633
SIFT1M,1000000,1000000,Lethe,ancestor_descendant_still_authorized,0.5,6,0.000754,0.980439,0.980558,0.0,0.016732,0.0029,0.000916
SIFT1M,1000000,1000000,Lethe,ancestor_descendant_still_authorized,0.5,7,0.003102,0.979326,0.98221,0.002047,0.015439,0.00087,0.000531
SIFT1M,1000000,1000000,Lethe,ancestor_descendant_still_authorized,0.5,8,0.00355,0.980962,0.980567,0.002469,0.01598,0.003215,0.001192
SIFT1M,1000000,1000000,Lethe,ancestor_descendant_still_authorized,0.5,9,0.003413,0.981106,0.980751,0.003181,0.016426,0.001131,0.003688
SIFT1M,1000000,1000000,Lethe,revoked_user,0.1,0,0.00826,0.9816,0.979252,0.00575,0.012257,0.005036,0.000876
SIFT1M,1000000,1000000,Lethe,revoked_user,0.1,1,0.0103,0.980657,0.980974,0.007957,0.022728,0.000682,0.001933
SIFT1M,1000000,1000000,Lethe,revoked_user,0.1,2,0.005685,0.977254,0.982744,0.003421,0.008974,0.002433,0.001985
SIFT1M,1000000,1000000,Lethe,revoked_user,0.1,3,0.004545,0.978779,0.978141,0.003534,0.020523,0.002261,0.002058
SIFT1M,1000000,1000000,Lethe,revoked_user,0.1,4,0.00995,0.980815,0.97996,0.006822,0.019236,0.002679,0.001443
SIFT1M,1000000,1000000,Lethe,revoked_user,0.1,5,0.007476,0.981066,0.98049,0.006563,0.004433,0.003363,0.002892
SIFT1M,1000000,1000000,Lethe,revoked_user,0.1,6,0.005297,0.981785,0.984146,0.004427,0.008654,0.000986,0.002019
SIFT1M,1000000,1000000,Lethe,revoked_user,0.1,7,0.007225,0.983341,0.983039,0.007307,0.012435,0.001796,0.002225
SIFT1M,1000000,1000000,Lethe,revoked_user,0.1,8,0.007209,0.980583,0.978746,0.006764,0.020014,0.002211,0.001791
SIFT1M,1000000,1000000,Lethe,revoked_user,0.1,9,0.007123,0.981415,0.982608,0.005099,0.013503,0.00147,0.000679
SIFT1M,1000000,1000000,Lethe,same_role_still_authorized,0.1,0,0.033817,0.982892,0.981018,0.028058,0.015724,0.002055,0.004345
SIFT1M,1000000,1000000,Lethe,same_role_still_authorized,0.1,1,0.030839,0.983063,0.98148,0.024031,0.017254,0.002716,0.002734
SIFT1M,1000000,1000000,Lethe,same_role_still_authorized,0.1,2,0.034294,0.980393,0.978892,0.027396,0.00944,0.002576,0.001682
SIFT1M,1000000,1000000,Lethe,same_role_still_authorized,0.1,3,0.029057,0.977887,0.98215,0.022099,0.015169,0.001732,0.002188
SIFT1M,1000000,1000000,Lethe,same_role_still_authorized,0.1,4,0.027255,0.979535,0.981114,0.023717,0.016127,0.000905,0.000627
SIFT1M,1000000,1000000,Lethe,same_role_still_authorized,0.1,5,0.030604,0.980712,0.982809,0.023112,0.005684,0.003294,0.001629
SIFT1M,1000000,1000000,Lethe,same_role_still_authorized,0.1,6,0.03848,0.982171,0.981571,0.029825,0.01557,0.002352,0.000328
SIFT1M,1000000,1000000,Lethe,same_role_still_authorized,0.1,7,0.031692,0.982632,0.983192,0.024432,0.009634,0.001982,0.0033
SIFT1M,1000000,1000000,Lethe,same_role_still_authorized,0.1,8,0.03024,0.978845,0.981351,0.023308,0.025245,0.002493,0.002227
SIFT1M,1000000,1000000,Lethe,same_role_still_authorized,0.1,9,0.029095,0.981387,0.981063,0.023235,0.010672,0.002837,0.002566
SIFT1M,1000000,1000000,Lethe,different_role_still_authorized,0.1,0,0.003142,0.979123,0.980158,0.001527,0.02304,0.002353,0.002134
SIFT1M,1000000,1000000,Lethe,different_role_still_authorized,0.1,1,0.001779,0.978926,0.980352,0.000518,0.011935,0.001415,0.003914
SIFT1M,1000000,1000000,Lethe,different_role_still_authorized,0.1,2,0.001179,0.981807,0.981386,0.00125,0.009746,0.002598,0.003249
SIFT1M,1000000,1000000,Lethe,different_role_still_authorized,0.1,3,0.002865,0.980794,0.979559,0.003215,0.01231,0.000962,0.002526
SIFT1M,1000000,1000000,Lethe,different_role_still_authorized,0.1,4,0.002648,0.981209,0.982938,0.002832,0.013859,0.002247,0.001823
SIFT1M,1000000,1000000,Lethe,different_role_still_authorized,0.1,5,0.001728,0.980318,0.979952,0.001364,0.021253,0.001153,0.000806
SIFT1M,1000000,1000000,Lethe,different_role_still_authorized,0.1,6,0.00147,0.982109,0.979436,0.000893,0.015054,0.002258,0.003298
SIFT1M,1000000,1000000,Lethe,different_role_still_authorized,0.1,7,0.004558,0.982917,0.978428,0.003028,0.027668,0.002963,0.00134
SIFT1M,1000000,1000000,Lethe,different_role_still_authorized,0.1,8,0.000717,0.980326,0.979709,0.001399,0.016548,0.002291,0.001981
SIFT1M,1000000,1000000,Lethe,different_role_still_authorized,0.1,9,0.002051,0.97873,0.983678,0.00059,0.019342,0.003337,0.001977
SIFT1M,1000000,1000000,Lethe,ancestor_descendant_still_authorized,0.1,0,0.002863,0.980914,0.979517,0.004623,0.012588,0.002601,0.002114
SIFT1M,1000000,1000000,Lethe,ancestor_descendant_still_authorized,0.1,1,0.000305,0.981973,0.980825,0.001243,0.017344,0.002399,0.001834
SIFT1M,1000000,1000000,Lethe,ancestor_descendant_still_authorized,0.1,2,0.002781,0.980387,0.980424,0.002469,0.007607,0.002437,0.002852
SIFT1M,1000000,1000000,Lethe,ancestor_descendant_still_authorized,0.1,3,0.0,0.980904,0.98016,0.002208,0.017058,0.001251,0.000238
SIFT1M,1000000,1000000,Lethe,ancestor_descendant_still_authorized,0.1,4,0.002532,0.97955,0.980492,0.002063,0.014847,0.002923,0.001324
SIFT1M,1000000,1000000,Lethe,ancestor_descendant_still_authorized,0.1,5,0.000807,0.980557,0.981227,0.0,0.010975,0.001415,0.002754
SIFT1M,1000000,1000000,Lethe,ancestor_descendant_still_authorized,0.1,6,0.001407,0.983505,0.985148,0.001325,0.019338,0.002373,0.00505
SIFT1M,1000000,1000000,Lethe,ancestor_descendant_still_authorized,0.1,7,0.001839,0.976218,0.981539,0.001698,0.020788,0.002291,0.003267
SIFT1M,1000000,1000000,Lethe,ancestor_descendant_still_authorized,0.1,8,0.001723,0.98264,0.981342,0.001653,0.012891,0.000861,0.001881
SIFT1M,1000000,1000000,Lethe,ancestor_descendant_still_authorized,0.1,9,0.001377,0.982426,0.981472,0.000883,0.018434,0.00305,0.002496
SIFT1M,1000000,1000000,Lethe,revoked_user,0.2,0,0.007315,0.982273,0.98335,0.005956,0.020885,0.002519,1.6e-05
SIFT1M,1000000,1000000,Lethe,revoked_user,0.2,1,0.00839,0.979811,0.9808,0.007475,0.010154,0.002095,0.003457
SIFT1M,1000000,1000000,Lethe,revoked_user,0.2,2,0.007614,0.981802,0.979644,0.006509,0.007294,0.001626,0.001417
SIFT1M,1000000,1000000,Lethe,revoked_user,0.2,3,0.008133,0.979829,0.981084,0.005568,0.01582,0.002629,0.003473
SIFT1M,1000000,1000000,Lethe,revoked_user,0.2,4,0.008054,0.979845,0.980694,0.005886,0.020451,0.003641,0.002522
SIFT1M,1000000,1000000,Lethe,revoked_user,0.2,5,0.006482,0.98073,0.981388,0.003903,0.013153,0.001928,0.002891
SIFT1M,1000000,1000000,Lethe,revoked_user,0.2,6,0.008271,0.981432,0.980315,0.006127,0.012576,0.000827,0.00156
SIFT1M,1000000,1000000,Lethe,revoked_user,0.2,7,0.00972,0.978069,0.978793,0.006737,0.01396,4.5e-05,0.001986
SIFT1M,1000000,1000000,Lethe,revoked_user,0.2,8,0.010626,0.979049,0.981237,0.007802,0.015901,0.000919,0.002992
SIFT1M,1000000,1000000,Lethe,revoked_user,0.2,9,0.005656,0.980285,0.977829,0.005447,0.016459,0.002412,0.000966
SIFT1M,1000000,1000000,Lethe,same_role_still_authorized,0.2,0,0.039725,0.982141,0.978162,0.031201,0.018263,0.003881,0.001622
SIFT1M,1000000,1000000,Lethe,same_role_still_authorized,0.2,1,0.033676,0.982798,0.979368,0.025812,0.018131,0.002358,0.002919
SIFT1M,1000000,1000000,Lethe,same_role_still_authorized,0.2,2,0.033855,0.97925,0.981295,0.026782,0.009324,0.003229,0.002514
SIFT1M,1000000,1000000,Lethe,same_role_still_authorized,0.2,3,0.036083,0.982308,0.97853,0.029837,0.009589,0.002632,0.000847
SIFT1M,1000000,1000000,Lethe,same_role_still_authorized,0.2,4,0.029047,0.979327,0.981479,0.023937,0.006374,0.00225,0.000456
SIFT1M,1000000,1000000,Lethe,same_role_still_authorized,0.2,5,0.029255,0.979703,0.979437,0.022473,0.00427,0.002191,0.003318
SIFT1M,1000000,1000000,Lethe,same_role_still_authorized,0.2,6,0.034953,0.978245,0.982026,0.027854,0.014064,0.001102,0.002652
SIFT1M,1000000,1000000,Lethe,same_role_still_authorized,0.2,7,0.028149,0.98042,0.98038,0.024095,0.016378,0.001218,0.002832
SIFT1M,1000000,1000000,Lethe,same_role_still_authorized,0.2,8,0.02852,0.979407,0.980441,0.023418,0.017233,0.003014,0.002245
SIFT1M,1000000,1000000,Lethe,same_role_still_authorized,0.2,9,0.031209,0.980947,0.982867,0.022591,0.020133,0.002091,0.000944
SIFT1M,1000000,1000000,Lethe,different_role_still_authorized,0.2,0,0.002803,0.981362,0.981015,0.000978,0.016806,0.001859,0.00211
SIFT1M,1000000,1000000,Lethe,different_role_still_authorized,0.2,1,0.001773,0.981256,0.981304,0.00104,0.007279,0.002208,0.002262
SIFT1M,1000000,1000000,Lethe,different_role_still_authorized,0.2,2,0.004203,0.981576,0.982427,0.00277,0.017906,0.001144,1.7e-05
SIFT1M,1000000,1000000,Lethe,different_role_still_authorized,0.2,3,0.003681,0.980313,0.981771,0.003176,0.007787,0.002958,0.001853
SIFT1M,1000000,1000000,Lethe,different_role_still_authorized,0.2,4,0.001992,0.981898,0.979976,0.000782,0.013515,0.001644,0.002068
SIFT1M,1000000,1000000,Lethe,different_role_still_authorized,0.2,5,0.00259,0.980893,0.982392,0.002723,0.016668,0.000674,0.000753
SIFT1M,1000000,1000000,Lethe,different_role_still_authorized,0.2,6,0.002202,0.979825,0.981528,0.003624,0.020604,0.001369,0.001771
SIFT1M,1000000,1000000,Lethe,different_role_still_authorized,0.2,7,0.002529,0.979404,0.981906,0.001979,0.009797,0.003063,0.001916
SIFT1M,1000000,1000000,Lethe,different_role_still_authorized,0.2,8,0.000923,0.9838,0.980461,0.0,0.016169,0.000434,0.000668
SIFT1M,1000000,1000000,Lethe,different_role_still_authorized,0.2,9,0.003034,0.982304,0.98197,0.001373,0.013642,0.002983,0.002919
SIFT1M,1000000,1000000,Lethe,ancestor_descendant_still_authorized,0.2,0,0.0,0.982068,0.982061,0.0,0.01448,0.002664,0.002121
SIFT1M,1000000,1000000,Lethe,ancestor_descendant_still_authorized,0.2,1,0.000793,0.981558,0.980357,0.001524,0.016043,0.002747,0.00353
SIFT1M,1000000,1000000,Lethe,ancestor_descendant_still_authorized,0.2,2,0.000527,0.982154,0.984175,0.0,0.021603,0.001914,0.00268
SIFT1M,1000000,1000000,Lethe,ancestor_descendant_still_authorized,0.2,3,0.003134,0.980624,0.979435,0.001502,0.02115,0.001222,0.00151
SIFT1M,1000000,1000000,Lethe,ancestor_descendant_still_authorized,0.2,4,0.000849,0.980313,0.979639,0.000581,0.02649,0.003011,0.002178
SIFT1M,1000000,1000000,Lethe,ancestor_descendant_still_authorized,0.2,5,0.002245,0.979652,0.981609,0.000808,0.020611,0.002988,0.001698
SIFT1M,1000000,1000000,Lethe,ancestor_descendant_still_authorized,0.2,6,0.002029,0.979579,0.978957,0.001318,0.018914,0.0026,0.002187
SIFT1M,1000000,1000000,Lethe,ancestor_descendant_still_authorized,0.2,7,0.002447,0.98081,0.980381,0.001779,0.016924,0.001658,0.000575
SIFT1M,1000000,1000000,Lethe,ancestor_descendant_still_authorized,0.2,8,0.001305,0.980325,0.981835,0.003191,0.008755,0.000481,0.003234
SIFT1M,1000000,1000000,Lethe,ancestor_descendant_still_authorized,0.2,9,0.001619,0.980867,0.982211,0.00289,0.016976,0.001308,0.001666
SIFT1M,1000000,1000000,Lethe,revoked_user,0.3,0,0.008579,0.982468,0.97905,0.005504,0.012163,0.001233,0.000608
SIFT1M,1000000,1000000,Lethe,revoked_user,0.3,1,0.009634,0.981887,0.979529,0.007657,0.019452,0.0,0.001135
SIFT1M,1000000,1000000,Lethe,revoked_user,0.3,2,0.010934,0.978583,0.981024,0.010081,0.025779,0.003705,0.001631
SIFT1M,1000000,1000000,Lethe,revoked_user,0.3,3,0.010234,0.980746,0.981037,0.00903,0.014008,0.000349,0.001827
SIFT1M,1000000,1000000,Lethe,revoked_user,0.3,4,0.008748,0.982234,0.979939,0.007237,0.018059,0.001994,0.003292
SIFT1M,1000000,1000000,Lethe,revoked_user,0.3,5,0.014816,0.979639,0.979919,0.011599,0.01639,0.002891,0.001859
SIFT1M,1000000,1000000,Lethe,revoked_user,0.3,6,0.006941,0.980942,0.981769,0.006519,0.015589,0.002784,0.002665
SIFT1M,1000000,1000000,Lethe,revoked_user,0.3,7,0.010988,0.982584,0.978925,0.006256,0.020261,0.003597,0.003384
SIFT1M,1000000,1000000,Lethe,revoked_user,0.3,8,0.011274,0.979219,0.980275,0.009482,0.0,0.001972,0.002331
SIFT1M,1000000,1000000,Lethe,revoked_user,0.3,9,0.012268,0.981452,0.978042,0.010067,0.011918,0.001068,0.002713
SIFT1M,1000000,1000000,Lethe,same_role_still_authorized,0.3,0,0.036807,0.982012,0.981531,0.029483,0.019305,0.002508,0.002536
SIFT1M,1000000,1000000,Lethe,same_role_still_authorized,0.3,1,0.02959,0.976968,0.979333,0.02453,0.009383,0.003038,0.001484
SIFT1M,1000000,1000000,Lethe,same_role_still_authorized,0.3,2,0.044444,0.981331,0.980634,0.035896,0.010648,0.002661,0.000963
SIFT1M,1000000,1000000,Lethe,same_role_still_authorized,0.3,3,0.037514,0.980653,0.981078,0.029338,0.011046,0.002569,0.000745
SIFT1M,1000000,1000000,Lethe,same_role_still_authorized,0.3,4,0.036484,0.983346,0.982579,0.029841,0.00652,0.001819,0.00321
SIFT1M,1000000,1000000,Lethe,same_role_still_authorized,0.3,5,0.040298,0.980867,0.981706,0.033082,0.015865,0.002333,0.00182
SIFT1M,1000000,1000000,Lethe,same_role_still_authorized,0.3,6,0.027502,0.981051,0.983719,0.02073,0.015378,0.0,0.002007
SIFT1M,1000000,1000000,Lethe,same_role_still_authorized,0.3,7,0.035054,0.981973,0.983064,0.028547,0.012871,0.001923,0.00207
SIFT1M,1000000,1000000,Lethe,same_role_still_authorized,0.3,8,0.037261,0.982353,0.98211,0.029915,0.014972,0.00063,0.001075
SIFT1M,1000000,1000000,Lethe,same_role_still_authorized,0.3,9,0.041599,0.980191,0.978626,0.032674,0.014944,0.002231,0.00161
SIFT1M,1000000,1000000,Lethe,different_role_still_authorized,0.3,0,0.00173,0.981031,0.980057,0.002362,0.020326,0.00321,0.000204
SIFT1M,1000000,1000000,Lethe,different_role_still_authorized,0.3,1,0.002722,0.978288,0.982227,0.001927,0.011796,0.000452,0.00202
SIFT1M,1000000,1000000,Lethe,different_role_still_authorized,0.3,2,0.002012,0.981514,0.979537,0.000698,0.01535,0.002896,0.001477
SIFT1M,1000000,1000000,Lethe,different_role_still_authorized,0.3,3,0.001632,0.98056,0.983287,0.000832,0.015097,0.000845,0.001014
SIFT1M,1000000,1000000,Lethe,different_role_still_authorized,0.3,4,0.002869,0.981219,0.982413,0.002789,0.01616,0.001981,0.001796
SIFT1M,1000000,1000000,Lethe,different_role_still_authorized,0.3,5,0.002716,0.981837,0.982508,0.002985,0.017974,0.002634,0.00164
SIFT1M,1000000,1000000,Lethe,different_role_still_authorized,0.3,6,0.003378,0.977977,0.980036,0.003855,0.007519,0.001428,0.002685
SIFT1M,1000000,1000000,Lethe,different_role_still_authorized,0.3,7,0.001809,0.980306,0.981314,0.002527,0.018219,0.001126,0.002798
SIFT1M,1000000,1000000,Lethe,different_role_still_authorized,0.3,8,0.000398,0.978361,0.980173,0.0,0.029245,0.003167,5.3e-05
SIFT1M,1000000,1000000,Lethe,different_role_still_authorized,0.3,9,0.002586,0.978267,0.977427,0.002436,0.006978,0.001653,0.001612
SIFT1M,1000000,1000000,Lethe,ancestor_descendant_still_authorized,0.3,0,0.002478,0.97923,0.982398,0.001566,0.018,0.004332,0.003012
SIFT1M,1000000,1000000,Lethe,ancestor_descendant_still_authorized,0.3,1,0.001765,0.975958,0.979318,0.001145,0.015767,0.002692,0.003332
SIFT1M,1000000,1000000,Lethe,ancestor_descendant_still_authorized,0.3,2,0.003359,0.980518,0.983763,0.003883,0.008396,0.002152,0.001472
SIFT1M,1000000,1000000,Lethe,ancestor_descendant_still_authorized,0.3,3,0.002595,0.981338,0.98202,0.002931,0.013131,0.002045,0.001968
SIFT1M,1000000,1000000,Lethe,ancestor_descendant_still_authorized,0.3,4,0.002701,0.979684,0.981132,0.003259,0.005866,0.002703,0.002125
SIFT1M,1000000,1000000,Lethe,ancestor_descendant_still_authorized,0.3,5,0.001148,0.982757,0.981002,0.001532,0.010615,0.001601,0.0
SIFT1M,1000000,1000000,Lethe,ancestor_descendant_still_authorized,0.3,6,0.002963,0.982101,0.980189,0.001483,0.008982,0.001342,0.002161
SIFT1M,1000000,1000000,Lethe,ancestor_descendant_still_authorized,0.3,7,0.002294,0.97869,0.979691,0.002158,0.009242,0.002861,0.002755
SIFT1M,1000000,1000000,Lethe,ancestor_descendant_still_authorized,0.3,8,0.002151,0.980333,0.982394,0.002094,0.021152,0.002326,0.001111
SIFT1M,1000000,1000000,Lethe,ancestor_descendant_still_authorized,0.3,9,0.002127,0.9781,0.979811,0.001278,0.011438,0.002661,0.002657
SIFT1M,1000000,1000000,Lethe,revoked_user,0.4,0,0.014674,0.982092,0.977496,0.011033,0.010042,0.00147,0.002068
SIFT1M,1000000,1000000,Lethe,revoked_user,0.4,1,0.013119,0.982335,0.978302,0.009791,0.017665,0.001599,0.002804
SIFT1M,1000000,1000000,Lethe,revoked_user,0.4,2,0.012204,0.981939,0.98284,0.008493,0.017424,0.00186,0.000867
SIFT1M,1000000,1000000,Lethe,revoked_user,0.4,3,0.00986,0.982931,0.980077,0.008951,0.018411,0.002619,0.003021
SIFT1M,1000000,1000000,Lethe,revoked_user,0.4,4,0.018418,0.979691,0.982677,0.014483,0.015168,0.002863,0.002558
SIFT1M,1000000,1000000,Lethe,revoked_user,0.4,5,0.012376,0.981956,0.982517,0.009653,0.018693,0.000765,0.001386
SIFT1M,1000000,1000000,Lethe,revoked_user,0.4,6,0.009592,0.981214,0.979988,0.007982,0.006246,0.00091,0.00172
SIFT1M,1000000,1000000,Lethe,revoked_user,0.4,7,0.011321,0.981267,0.981546,0.011481,0.016973,0.002741,0.0
SIFT1M,1000000,1000000,Lethe,revoked_user,0.4,8,0.015176,0.980265,0.982413,0.012082,0.019835,0.001292,0.003635
SIFT1M,1000000,1000000,Lethe,revoked_user,0.4,9,0.012269,0.981483,0.98141,0.009977,0.01501,0.001753,0.00014
SIFT1M,1000000,1000000,Lethe,same_role_still_authorized,0.4,0,0.043927,0.981185,0.980951,0.034734,0.013361,0.003142,0.003506
SIFT1M,1000000,1000000,Lethe,same_role_still_authorized,0.4,1,0.040063,0.983634,0.981485,0.031328,0.017364,0.000681,0.001192
SIFT1M,1000000,1000000,Lethe,same_role_still_authorized,0.4,2,0.044216,0.977633,0.982515,0.036531,0.013381,0.002003,0.002521
SIFT1M,1000000,1000000,Lethe,same_role_still_authorized,0.4,3,0.041575,0.980184,0.979411,0.035276,0.014201,0.00075,0.002074
SIFT1M,1000000,1000000,Lethe,same_role_still_authorized,0.4,4,0.03678,0.980766,0.981216,0.03118,0.008283,0.002745,0.000464
SIFT1M,1000000,1000000,Lethe,same_role_still_authorized,0.4,5,0.036657,0.977671,0.978782,0.029231,0.020461,0.00238,0.003539
SIFT1M,1000000,1000000,Lethe,same_role_still_authorized,0.4,6,0.039696,0.980302,0.983132,0.031076,0.020315,0.002445,0.001949
SIFT1M,1000000,1000000,Lethe,same_role_still_authorized,0.4,7,0.044023,0.983159,0.980051,0.0356,0.014485,0.001313,0.002371
SIFT1M,1000000,1000000,Lethe,same_role_still_authorized,0.4,8,0.046975,0.981736,0.980369,0.034719,0.01319,0.002901,0.001232
SIFT1M,1000000,1000000,Lethe,same_role_still_authorized,0.4,9,0.039632,0.981392,0.980793,0.031291,0.020953,0.002766,0.002746
SIFT1M,1000000,1000000,Lethe,different_role_still_authorized,0.4,0,0.001891,0.97866,0.980686,0.001719,0.006071,0.001464,0.001519
SIFT1M,1000000,1000000,Lethe,different_role_still_authorized,0.4,1,0.003989,0.97912,0.980488,0.003642,0.002766,0.000573,0.002032
SIFT1M,1000000,1000000,Lethe,different_role_still_authorized,0.4,2,0.003594,0.979995,0.979542,0.00202,0.016496,0.002728,0.002698
SIFT1M,1000000,1000000,Lethe,different_role_still_authorized,0.4,3,0.00226,0.979706,0.979893,0.001342,0.004939,0.002012,0.002389
SIFT1M,1000000,1000000,Lethe,different_role_still_authorized,0.4,4,0.002104,0.983107,0.97937,0.002422,0.023244,0.001595,0.002665
SIFT1M,1000000,1000000,Lethe,different_role_still_authorized,0.4,5,0.003409,0.980026,0.979378,0.00362,0.015085,0.002595,0.003382
SIFT1M,1000000,1000000,Lethe,different_role_still_authorized,0.4,6,0.002716,0.981056,0.981725,0.003457,0.011042,0.001521,0.001506
SIFT1M,1000000,1000000,Lethe,different_role_still_authorized,0.4,7,0.002518,0.979884,0.98076,0.00153,0.009674,0.004072,0.003143
SIFT1M,1000000,1000000,Lethe,different_role_still_authorized,0.4,8,0.003596,0.981379,0.98234,0.002996,0.010212,0.001522,0.001291
SIFT1M,1000000,1000000,Lethe,different_role_still_authorized,0.4,9,0.003094,0.979251,0.982038,0.002775,0.017326,0.001007,0.002806
SIFT1M,1000000,1000000,Lethe,ancestor_descendant_still_authorized,0.4,0,0.00161,0.983587,0.979715,0.002338,0.016485,0.001881,0.002954
SIFT1M,1000000,1000000,Lethe,ancestor_descendant_still_authorized,0.4,1,0.000631,0.979974,0.981306,0.0,0.013882,0.002639,0.002564
SIFT1M,1000000,1000000,Lethe,ancestor_descendant_still_authorized,0.4,2,0.002692,0.982019,0.979822,0.000196,0.020038,0.001967,0.000633
SIFT1M,1000000,1000000,Lethe,ancestor_descendant_still_authorized,0.4,3,0.003159,0.981938,0.977216,0.002989,0.006808,0.000805,0.002227
SIFT1M,1000000,1000000,Lethe,ancestor_descendant_still_authorized,0.4,4,0.002765,0.980804,0.98018,0.004217,0.018751,0.002159,0.000916
SIFT1M,1000000,1000000,Lethe,ancestor_descendant_still_authorized,0.4,5,0.001418,0.981798,0.981519,0.000418,0.02364,0.000753,0.000604
SIFT1M,1000000,1000000,Lethe,ancestor_descendant_still_authorized,0.4,6,0.002108,0.979219,0.979857,0.002411,0.02675,0.001996,0.001469
SIFT1M,1000000,1000000,Lethe,ancestor_descendant_still_authorized,0.4,7,0.002362,0.981112,0.983468,0.001447,0.007641,0.001162,0.002979
SIFT1M,1000000,1000000,Lethe,ancestor_descendant_still_authorized,0.4,8,0.003534,0.97904,0.980479,0.004418,0.022165,0.003993,0.000957
SIFT1M,1000000,1000000,Lethe,ancestor_descendant_still_authorized,0.4,9,0.003154,0.979761,0.979603,0.001653,0.029873,0.002319,0.003618
SIFT1M,1000000,1000000,Lethe,revoked_user,0.5,0,0.015544,0.982174,0.981468,0.010674,0.020985,0.001371,0.002849
SIFT1M,1000000,1000000,Lethe,revoked_user,0.5,1,0.014169,0.979544,0.978039,0.01181,0.006968,0.001598,0.001013
SIFT1M,1000000,1000000,Lethe,revoked_user,0.5,2,0.012905,0.979415,0.981711,0.01162,0.01681,0.001494,0.001872
SIFT1M,1000000,1000000,Lethe,revoked_user,0.5,3,0.011983,0.981976,0.979634,0.01022,0.022874,0.002498,0.002825
SIFT1M,1000000,1000000,Lethe,revoked_user,0.5,4,0.014122,0.981532,0.982585,0.011868,0.007284,0.001236,0.001975
SIFT1M,1000000,1000000,Lethe,revoked_user,0.5,5,0.012856,0.980248,0.982461,0.009499,0.019573,0.003035,0.001287
SIFT1M,1000000,1000000,Lethe,revoked_user,0.5,6,0.015905,0.980953,0.979035,0.012435,0.015912,0.001786,0.002367
SIFT1M,1000000,1000000,Lethe,revoked_user,0.5,7,0.012882,0.980166,0.980165,0.009478,0.008798,0.001439,0.000937
SIFT1M,1000000,1000000,Lethe,revoked_user,0.5,8,0.013708,0.980547,0.982022,0.012559,0.016959,0.00194,0.001261
SIFT1M,1000000,1000000,Lethe,revoked_user,0.5,9,0.013648,0.978932,0.980844,0.010563,0.014512,0.001473,0.003775
SIFT1M,1000000,1000000,Lethe,same_role_still_authorized,0.5,0,0.037846,0.977828,0.981281,0.032272,0.008525,0.001934,0.002628
SIFT1M,1000000,1000000,Lethe,same_role_still_authorized,0.5,1,0.045197,0.981697,0.979186,0.037877,0.01068,0.003274,0.002959
SIFT1M,1000000,1000000,Lethe,same_role_still_authorized,0.5,2,0.053411,0.981045,0.978847,0.045015,0.01258,0.000906,0.001328
SIFT1M,1000000,1000000,Lethe,same_role_still_authorized,0.5,3,0.044208,0.979888,0.981912,0.034102,0.014348,0.001824,0.002286
SIFT1M,1000000,1000000,Lethe,same_role_still_authorized,0.5,4,0.048617,0.979847,0.982691,0.038067,0.014381,0.000665,0.001753
SIFT1M,1000000,1000000,Lethe,same_role_still_authorized,0.5,5,0.048861,0.980402,0.981714,0.040114,0.010332,0.003451,0.002719
SIFT1M,1000000,1000000,Lethe,same_role_still_authorized,0.5,6,0.044884,0.979609,0.980668,0.036148,0.015805,0.00261,0.00177
SIFT1M,1000000,1000000,Lethe,same_role_still_authorized,0.5,7,0.047065,0.981139,0.980439,0.036911,0.022778,0.001501,0.00052
SIFT1M,1000000,1000000,Lethe,same_role_still_authorized,0.5,8,0.043153,0.983071,0.979904,0.034972,0.010261,0.001648,0.001995
SIFT1M,1000000,1000000,Lethe,same_role_still_authorized,0.5,9,0.046395,0.981953,0.980974,0.036108,0.012267,0.003482,0.001152
SIFT1M,1000000,1000000,Lethe,different_role_still_authorized,0.5,0,0.004974,0.98114,0.980904,0.004423,0.016975,0.002441,0.002555
SIFT1M,1000000,1000000,Lethe,different_role_still_authorized,0.5,1,0.002817,0.980415,0.982857,0.002932,0.012532,0.001896,0.0
SIFT1M,1000000,1000000,Lethe,different_role_still_authorized,0.5,2,0.002726,0.981584,0.981919,0.000174,0.020806,0.000804,0.001469
SIFT1M,1000000,1000000,Lethe,different_role_still_authorized,0.5,3,0.003557,0.979701,0.980362,0.003618,0.022751,0.000371,0.003262
SIFT1M,1000000,1000000,Lethe,different_role_still_authorized,0.5,4,0.002252,0.980015,0.981069,0.000952,0.021148,0.00206,0.002756
SIFT1M,1000000,1000000,Lethe,different_role_still_authorized,0.5,5,0.001037,0.978587,0.982628,0.001334,0.019748,0.004423,0.001424
SIFT1M,1000000,1000000,Lethe,different_role_still_authorized,0.5,6,0.002464,0.97925,0.981419,0.003034,0.024536,0.00194,0.000159
SIFT1M,1000000,1000000,Lethe,different_role_still_authorized,0.5,7,0.002686,0.979535,0.982093,0.001794,0.017623,0.001422,0.00148
SIFT1M,1000000,1000000,Lethe,different_role_still_authorized,0.5,8,0.001706,0.982999,0.983358,0.000976,0.016824,0.003219,0.0
SIFT1M,1000000,1000000,Lethe,different_role_still_authorized,0.5,9,0.001973,0.980005,0.978104,0.001404,0.023671,0.002453,0.002548
SIFT1M,1000000,1000000,Lethe,ancestor_descendant_still_authorized,0.5,0,0.004098,0.981741,0.979838,0.003863,0.006887,0.002528,0.002703
SIFT1M,1000000,1000000,Lethe,ancestor_descendant_still_authorized,0.5,1,0.003491,0.98145,0.979863,0.003146,0.012121,0.002084,0.001944
SIFT1M,1000000,1000000,Lethe,ancestor_descendant_still_authorized,0.5,2,0.00196,0.981919,0.981817,0.00075,0.019283,0.003478,0.001521
SIFT1M,1000000,1000000,Lethe,ancestor_descendant_still_authorized,0.5,3,0.004584,0.980508,0.982076,0.003492,0.020131,0.002633,0.001647
SIFT1M,1000000,1000000,Lethe,ancestor_descendant_still_authorized,0.5,4,0.001215,0.979409,0.982542,0.000595,0.025312,0.001243,0.002659
SIFT1M,1000000,1000000,Lethe,ancestor_descendant_still_authorized,0.5,5,0.003008,0.983353,0.980988,0.001671,0.0,0.002058,0.003468
SIFT1M,1000000,1000000,Lethe,ancestor_descendant_still_authorized,0.5,6,0.002381,0.9816,0.981158,0.001447,0.01297,0.002692,0.003553
SIFT1M,1000000,1000000,Lethe,ancestor_descendant_still_authorized,0.5,7,0.003524,0.983173,0.978624,0.002951,0.017799,0.001438,0.002902
SIFT1M,1000000,1000000,Lethe,ancestor_descendant_still_authorized,0.5,8,0.00298,0.980607,0.981933,0.004354,0.003036,0.002385,0.001946
SIFT1M,1000000,1000000,Lethe,ancestor_descendant_still_authorized,0.5,9,0.004179,0.98246,0.980476,0.003086,0.020448,0.001456,0.000961
SIFT1M,1000000,1000000,Lethe,revoked_user,0.1,0,0.005535,0.978823,0.983709,0.00165,0.010162,0.002317,0.002117
SIFT1M,1000000,1000000,Lethe,revoked_user,0.1,1,0.009414,0.983608,0.979186,0.00555,0.008997,0.001354,0.0022
SIFT1M,1000000,1000000,Lethe,revoked_user,0.1,2,0.007942,0.98403,0.981545,0.007242,0.009118,0.001636,0.002726
SIFT1M,1000000,1000000,Lethe,revoked_user,0.1,3,0.008728,0.983476,0.979582,0.006659,0.015113,0.002541,0.004002
SIFT1M,1000000,1000000,Lethe,revoked_user,0.1,4,0.005537,0.979229,0.980044,0.002958,0.010488,0.002054,0.002663
SIFT1M,1000000,1000000,Lethe,revoked_user,0.1,5,0.007569,0.975874,0.983371,0.005644,0.013413,0.002523,0.002026
SIFT1M,1000000,1000000,Lethe,revoked_user,0.1,6,0.007375,0.982472,0.979434,0.006066,0.011344,0.003276,0.002529
SIFT1M,1000000,1000000,Lethe,revoked_user,0.1,7,0.006208,0.982638,0.982965,0.004711,0.029177,0.002126,0.002493
SIFT1M,1000000,1000000,Lethe,revoked_user,0.1,8,0.011391,0.979009,0.980078,0.008566,0.01846,0.001755,0.003848
SIFT1M,1000000,1000000,Lethe,revoked_user,0.1,9,0.007381,0.979896,0.979664,0.005902,0.010219,0.001773,0.001077
SIFT1M,1000000,1000000,Lethe,same_role_still_authorized,0.1,0,0.002701,0.982331,0.981584,0.003207,0.022211,0.000326,0.00153
SIFT1M,1000000,1000000,Lethe,same_role_still_authorized,0.1,1,0.0,0.979993,0.979539,7.1e-05,0.008306,0.002567,0.002245
SIFT1M,1000000,1000000,Lethe,same_role_still_authorized,0.1,2,0.001266,0.978783,0.982689,0.001508,0.013477,0.003533,0.003522
SIFT1M,1000000,1000000,Lethe,same_role_still_authorized,0.1,3,0.001741,0.980542,0.98414,0.001528,0.013858,0.000483,0.003731
SIFT1M,1000000,1000000,Lethe,same_role_still_authorized,0.1,4,0.003355,0.981217,0.981881,0.002021,0.006127,0.004594,0.002107
SIFT1M,1000000,1000000,Lethe,same_role_still_authorized,0.1,5,0.001148,0.981457,0.981425,0.000846,0.015197,0.001961,0.003104
SIFT1M,1000000,1000000,Lethe,same_role_still_authorized,0.1,6,0.00218,0.981967,0.98171,0.000415,0.02431,0.000865,0.000294
SIFT1M,1000000,1000000,Lethe,same_role_still_authorized,0.1,7,0.000336,0.980371,0.981395,0.0,0.010796,0.002703,0.001667
SIFT1M,1000000,1000000,Lethe,same_role_still_authorized,0.1,8,0.000728,0.980638,0.98095,0.002099,0.014512,0.002292,0.005131
SIFT1M,1000000,1000000,Lethe,same_role_still_authorized,0.1,9,0.002484,0.98149,0.984962,0.002383,0.016759,0.003816,0.003038
SIFT1M,1000000,1000000,Lethe,different_role_still_authorized,0.1,0,0.0,0.981615,0.981552,0.001296,0.014028,0.002412,0.003615
SIFT1M,1000000,1000000,Lethe,different_role_still_authorized,0.1,1,0.002715,0.981485,0.983266,0.001712,0.02051,0.001141,0.0028
SIFT1M,1000000,1000000,Lethe,different_role_still_authorized,0.1,2,0.002093,0.982106,0.97767,0.002775,0.024466,0.001678,0.000763
SIFT1M,1000000,1000000,Lethe,different_role_still_authorized,0.1,3,0.00129,0.979884,0.982043,0.0,0.027906,0.002312,0.003219
SIFT1M,1000000,1000000,Lethe,different_role_still_authorized,0.1,4,0.001349,0.983356,0.980991,0.000781,0.02064,0.001883,0.002454
SIFT1M,1000000,1000000,Lethe,different_role_still_authorized,0.1,5,0.002518,0.978934,0.979458,0.001595,0.016262,0.001758,0.002284
SIFT1M,1000000,1000000,Lethe,different_role_still_authorized,0.1,6,0.001716,0.982575,0.980094,0.001255,0.002884,0.002067,0.002833
SIFT1M,1000000,1000000,Lethe,different_role_still_authorized,0.1,7,0.00313,0.978978,0.98012,0.003676,0.017697,0.00307,0.002009
SIFT1M,1000000,1000000,Lethe,different_role_still_authorized,0.1,8,0.000534,0.98233,0.983016,0.000565,0.019186,0.001803,0.001391
SIFT1M,1000000,1000000,Lethe,different_role_still_authorized,0.1,9,0.000673,0.982369,0.982205,0.0,0.016885,0.003167,0.003304
SIFT1M,1000000,1000000,Lethe,ancestor_descendant_still_authorized,0.1,0,0.00282,0.97981,0.983409,0.0042,0.013789,0.003937,0.002495
SIFT1M,1000000,1000000,Lethe,ancestor_descendant_still_authorized,0.1,1,0.001173,0.979218,0.984292,0.001369,0.02639,0.002096,0.001519
SIFT1M,1000000,1000000,Lethe,ancestor_descendant_still_authorized,0.1,2,0.003471,0.979937,0.981076,0.001996,0.021229,0.002431,0.001969
SIFT1M,1000000,1000000,Lethe,ancestor_descendant_still_authorized,0.1,3,0.002216,0.982543,0.980695,0.001424,0.018787,0.001866,0.003196
SIFT1M,1000000,1000000,Lethe,ancestor_descendant_still_authorized,0.1,4,0.001807,0.98363,0.981452,0.001887,0.010415,0.002634,0.002723
SIFT1M,1000000,1000000,Lethe,ancestor_descendant_still_authorized,0.1,5,0.001994,0.98241,0.98128,0.002305,0.019873,0.001886,0.001865
SIFT1M,1000000,1000000,Lethe,ancestor_descendant_still_authorized,0.1,6,0.001256,0.978327,0.980477,0.000665,0.017066,0.001445,0.003792
SIFT1M,1000000,1000000,Lethe,ancestor_descendant_still_authorized,0.1,7,0.002768,0.981261,0.98247,0.002345,0.015253,0.002318,0.001886
SIFT1M,1000000,1000000,Lethe,ancestor_descendant_still_authorized,0.1,8,0.002393,0.978925,0.984175,0.001691,0.011072,0.001889,0.000808
SIFT1M,1000000,1000000,Lethe,ancestor_descendant_still_authorized,0.1,9,0.001988,0.978131,0.982082,0.001499,0.000749,0.003189,0.00152
SIFT1M,1000000,1000000,Lethe,revoked_user,0.2,0,0.008223,0.981327,0.983191,0.007007,0.013425,0.001862,0.001429
SIFT1M,1000000,1000000,Lethe,revoked_user,0.2,1,0.010846,0.981783,0.981919,0.008896,0.005367,0.002267,0.002283
SIFT1M,1000000,1000000,Lethe,revoked_user,0.2,2,0.012859,0.981512,0.979659,0.010082,0.016307,0.003271,0.001943
SIFT1M,1000000,1000000,Lethe,revoked_user,0.2,3,0.012333,0.980828,0.983146,0.010132,0.020566,0.003136,0.00292
SIFT1M,1000000,1000000,Lethe,revoked_user,0.2,4,0.008748,0.980825,0.9808,0.006576,0.015319,0.002347,0.002797
SIFT1M,1000000,1000000,Lethe,revoked_user,0.2,5,0.009402,0.983229,0.981531,0.007554,0.011996,0.000284,0.002713
SIFT1M,1000000,1000000,Lethe,revoked_user,0.2,6,0.008039,0.981136,0.979056,0.007211,0.020702,0.002805,0.002969
SIFT1M,1000000,1000000,Lethe,revoked_user,0.2,7,0.010651,0.981563,0.980305,0.00704,0.016034,0.002847,0.002445
SIFT1M,1000000,1000000,Lethe,revoked_user,0.2,8,0.009196,0.980669,0.98133,0.007454,0.019505,0.00081,0.00303
SIFT1M,1000000,1000000,Lethe,revoked_user,0.2,9,0.01027,0.979772,0.978909,0.0082,0.021796,0.002273,0.001816
SIFT1M,1000000,1000000,Lethe,same_role_still_authorized,0.2,0,0.002339,0.983157,0.983217,0.002597,0.023472,0.001848,0.001705
SIFT1M,1000000,1000000,Lethe,same_role_still_authorized,0.2,1,0.003352,0.983619,0.980563,0.002368,0.025299,0.001122,0.00333
SIFT1M,1000000,1000000,Lethe,same_role_still_authorized,0.2,2,0.000699,0.979961,0.983497,0.000187,0.011836,0.002431,0.00211
SIFT1M,1000000,1000000,Lethe,same_role_still_authorized,0.2,3,0.00361,0.98108,0.983288,0.003477,0.019362,0.000793,0.001051
SIFT1M,1000000,1000000,Lethe,same_role_still_authorized,0.2,4,0.002615,0.986673,0.983479,0.001609,0.01531,0.00198,0.00417
SIFT1M,1000000,1000000,Lethe,same_role_still_authorized,0.2,5,0.001807,0.980344,0.981162,0.000749,0.015508,0.002179,0.002716
SIFT1M,1000000,1000000,Lethe,same_role_still_authorized,0.2,6,0.001944,0.98027,0.977877,0.001206,0.028302,0.002547,0.001917
SIFT1M,1000000,1000000,Lethe,same_role_still_authorized,0.2,7,0.00284,0.981979,0.98005,0.002105,0.00474,0.002763,0.000848
SIFT1M,1000000,1000000,Lethe,same_role_still_authorized,0.2,8,0.00251,0.981018,0.981138,0.002581,0.009944,0.002396,0.001864
SIFT1M,1000000,1000000,Lethe,same_role_still_authorized,0.2,9,0.002125,0.980805,0.983109,0.0,0.017558,0.001925,0.001432
SIFT1M,1000000,1000000,Lethe,different_role_still_authorized,0.2,0,0.002064,0.979225,0.978533,0.000441,0.015742,0.003127,0.002834
SIFT1M,1000000,1000000,Lethe,different_role_still_authorized,0.2,1,0.002569,0.98132,0.979588,0.001578,0.002738,0.000871,0.000563
SIFT1M,1000000,1000000,Lethe,different_role_still_authorized,0.2,2,0.003384,0.9797,0.983322,0.002505,0.017229,0.002314,0.001679
SIFT1M,1000000,1000000,Lethe,different_role_still_authorized,0.2,3,0.000959,0.981798,0.979999,0.000876,0.021518,0.003548,0.005058
SIFT1M,1000000,1000000,Lethe,different_role_still_authorized,0.2,4,0.004151,0.981836,0.98347,0.002237,0.01647,0.000243,0.003424
SIFT1M,1000000,1000000,Lethe,different_role_still_authorized,0.2,5,0.001348,0.981894,0.979427,2.7e-05,0.014262,0.002333,0.000895
SIFT1M,1000000,1000000,Lethe,different_role_still_authorized,0.2,6,0.00135,0.978557,0.982179,0.001194,0.023844,0.001746,0.00224
SIFT1M,1000000,1000000,Lethe,different_role_still_authorized,0.2,7,0.000801,0.98422,0.979417,0.000593,0.015935,0.002267,0.001389
SIFT1M,1000000,1000000,Lethe,different_role_still_authorized,0.2,8,0.0,0.982285,0.982596,0.001269,0.015555,0.000955,0.001366
SIFT1M,1000000,1000000,Lethe,different_role_still_authorized,0.2,9,0.00145,0.981995,0.980333,0.00222,0.020547,0.003051,0.003604
SIFT1M,1000000,1000000,Lethe,ancestor_descendant_still_authorized,0.2,0,0.003376,0.980657,0.98191,0.002087,0.007089,0.001639,0.002854
SIFT1M,1000000,1000000,Lethe,ancestor_descendant_still_authorized,0.2,1,0.003539,0.98157,0.979238,0.004383,0.020674,0.001,0.002666
SIFT1M,1000000,1000000,Lethe,ancestor_descendant_still_authorized,0.2,2,0.001069,0.981381,0.980909,0.001508,0.01169,0.002772,0.001709
SIFT1M,1000000,1000000,Lethe,ancestor_descendant_still_authorized,0.2,3,0.002533,0.982647,0.978947,0.001737,0.016978,0.003593,0.002114
SIFT1M,1000000,1000000,Lethe,ancestor_descendant_still_authorized,0.2,4,0.002159,0.983949,0.981083,0.002105,0.015574,0.001809,0.000167
SIFT1M,1000000,1000000,Lethe,ancestor_descendant_still_authorized,0.2,5,0.002161,0.980064,0.979848,0.000507,0.013811,0.001131,0.00181
SIFT1M,1000000,1000000,Lethe,ancestor_descendant_still_authorized,0.2,6,0.002656,0.979415,0.983502,0.001532,0.010877,0.003635,0.001589
SIFT1M,1000000,1000000,Lethe,ancestor_descendant_still_authorized,0.2,7,0.002083,0.980919,0.983099,0.001114,0.009742,0.003403,0.001759
SIFT1M,1000000,1000000,Lethe,ancestor_descendant_still_authorized,0.2,8,0.003467,0.98162,0.98273,0.002817,0.015111,0.003812,0.001513
SIFT1M,1000000,1000000,Lethe,ancestor_descendant_still_authorized,0.2,9,0.001931,0.978254,0.983484,0.000474,0.022613,0.001569,0.002096
SIFT1M,1000000,1000000,Lethe,revoked_user,0.3,0,0.014768,0.982778,0.980333,0.014518,0.013454,0.001467,0.003646
SIFT1M,1000000,1000000,Lethe,revoked_user,0.3,1,0.009433,0.982386,0.977718,0.006939,0.018921,0.001282,0.00217
SIFT1M,1000000,1000000,Lethe,revoked_user,0.3,2,0.012692,0.977889,0.980959,0.009777,0.007876,0.003272,0.001187
SIFT1M,1000000,1000000,Lethe,revoked_user,0.3,3,0.008518,0.981859,0.981888,0.007705,0.006951,0.001394,0.003684
SIFT1M,1000000,1000000,Lethe,revoked_user,0.3,4,0.009164,0.981215,0.980886,0.004851,0.015186,0.002677,0.00065
SIFT1M,1000000,1000000,Lethe,revoked_user,0.3,5,0.010134,0.983515,0.981954,0.008906,0.016986,0.003053,0.000813
SIFT1M,1000000,1000000,Lethe,revoked_user,0.3,6,0.013678,0.97954,0.979795,0.010652,0.011924,0.002448,0.00089
SIFT1M,1000000,1000000,Lethe,revoked_user,0.3,7,0.011465,0.981295,0.980222,0.009095,0.012078,0.001234,0.002096
SIFT1M,1000000,1000000,Lethe,revoked_user,0.3,8,0.011541,0.981023,0.979626,0.008873,0.010753,0.002912,0.003304
SIFT1M,1000000,1000000,Lethe,revoked_user,0.3,9,0.010079,0.980354,0.982345,0.009031,0.009971,0.003394,0.001439
SIFT1M,1000000,1000000,Lethe,same_role_still_authorized,0.3,0,0.001989,0.981002,0.979921,0.000196,0.025508,0.002522,0.003188
SIFT1M,1000000,1000000,Lethe,same_role_still_authorized,0.3,1,0.003196,0.979698,0.982696,0.001104,0.01466,0.00374,0.001615
SIFT1M,1000000,1000000,Lethe,same_role_still_authorized,0.3,2,0.002655,0.979441,0.981337,0.002355,0.013819,0.00199,0.004059
SIFT1M,1000000,1000000,Lethe,same_role_still_authorized,0.3,3,0.002413,0.978768,0.979133,0.002724,0.009764,0.003232,0.00171
SIFT1M,1000000,1000000,Lethe,same_role_still_authorized,0.3,4,0.00038,0.978528,0.978057,0.000381,0.020819,0.001982,0.003205
SIFT1M,1000000,1000000,Lethe,same_role_still_authorized,0.3,5,0.002977,0.981451,0.979639,0.00253,0.017155,0.001464,0.003653
SIFT1M,1000000,1000000,Lethe,same_role_still_authorized,0.3,6,0.002152,0.981977,0.979544,0.001908,0.020796,0.003639,0.001895
SIFT1M,1000000,1000000,Lethe,same_role_still_authorized,0.3,7,0.0,0.981558,0.979135,0.000359,0.004643,0.002216,0.00243
SIFT1M,1000000,1000000,Lethe,same_role_still_authorized,0.3,8,0.005218,0.981872,0.981758,0.004461,0.024711,0.003075,0.00185
SIFT1M,1000000,1000000,Lethe,same_role_still_authorized,0.3,9,0.000602,0.980332,0.981176,0.000437,0.015346,0.003169,0.002458
SIFT1M,1000000,1000000,Lethe,different_role_still_authorized,0.3,0,0.002525,0.981347,0.980358,0.001829,0.018408,0.003548,0.001436
SIFT1M,1000000,1000000,Lethe,different_role_still_authorized,0.3,1,0.002649,0.98038,0.979797,0.002632,0.015144,0.002299,0.002178
SIFT1M,1000000,1000000,Lethe,different_role_still_authorized,0.3,2,0.001005,0.979849,0.979042,0.000385,0.02238,0.004328,0.001477
SIFT1M,1000000,1000000,Lethe,different_role_still_authorized,0.3,3,0.002042,0.981691,0.98441,0.00345,0.015755,0.003114,0.002126
SIFT1M,1000000,1000000,Lethe,different_role_still_authorized,0.3,4,0.00057,0.981431,0.981813,0.001905,0.007325,0.002405,0.001882
SIFT1M,1000000,1000000,Lethe,different_role_still_authorized,0.3,5,0.001369,0.982577,0.984298,0.001455,0.019234,0.003457,0.001352
SIFT1M,1000000,1000000,Lethe,different_role_still_authorized,0.3,6,0.002974,0.977839,0.98076,0.002813,0.009762,0.001089,0.002153
SIFT1M,1000000,1000000,Lethe,different_role_still_authorized,0.3,7,0.00252,0.98099,0.980786,0.001306,0.011762,0.002171,0.00276
SIFT1M,1000000,1000000,Lethe,different_role_still_authorized,0.3,8,0.001096,0.980901,0.979122,0.00056,0.012633,0.001101,0.001596
SIFT1M,1000000,1000000,Lethe,different_role_still_authorized,0.3,9,0.002168,0.98378,0.981625,0.002398,0.018238,0.001888,0.003866
SIFT1M,1000000,1000000,Lethe,ancestor_descendant_still_authorized,0.3,0,0.001521,0.983371,0.98353,0.00036,0.020412,0.00078,0.002182
SIFT1M,1000000,1000000,Lethe,ancestor_descendant_still_authorized,0.3,1,0.00262,0.982246,0.981242,0.002033,0.009378,0.003104,0.003542
SIFT1M,1000000,1000000,Lethe,ancestor_descendant_still_authorized,0.3,2,0.00124,0.982658,0.98127,0.001023,0.003302,0.000485,0.001431
SIFT1M,1000000,1000000,Lethe,ancestor_descendant_still_authorized,0.3,3,0.00187,0.981815,0.985946,0.000889,0.019008,0.00192,0.001683
SIFT1M,1000000,1000000,Lethe,ancestor_descendant_still_authorized,0.3,4,0.001766,0.980517,0.981995,0.001994,0.019026,0.003132,0.003214
SIFT1M,1000000,1000000,Lethe,ancestor_descendant_still_authorized,0.3,5,0.003356,0.983199,0.980357,0.002393,0.01991,0.001485,0.002873
SIFT1M,1000000,1000000,Lethe,ancestor_descendant_still_authorized,0.3,6,0.003124,0.983984,0.978784,0.004057,0.011958,0.002812,0.002017
SIFT1M,1000000,1000000,Lethe,ancestor_descendant_still_authorized,0.3,7,0.001753,0.979394,0.982202,0.001029,0.018488,0.000426,0.002351
SIFT1M,1000000,1000000,Lethe,ancestor_descendant_still_authorized,0.3,8,0.00123,0.981588,0.97795,0.002599,0.013322,0.003396,0.000823
SIFT1M,1000000,1000000,Lethe,ancestor_descendant_still_authorized,0.3,9,0.001657,0.979732,0.980023,0.001031,0.00935,0.002141,0.001705
SIFT1M,1000000,1000000,Lethe,revoked_user,0.4,0,0.010677,0.981643,0.981487,0.00874,0.017175,0.00205,9e-06
SIFT1M,1000000,1000000,Lethe,revoked_user,0.4,1,0.012111,0.980274,0.981378,0.009029,0.028641,0.001542,0.00059
SIFT1M,1000000,1000000,Lethe,revoked_user,0.4,2,0.007833,0.979504,0.980771,0.007963,0.015764,0.001172,0.00297
SIFT1M,1000000,1000000,Lethe,revoked_user,0.4,3,0.012589,0.982202,0.978434,0.010045,0.022008,0.002263,0.001535
SIFT1M,1000000,1000000,Lethe,revoked_user,0.4,4,0.013235,0.978539,0.982784,0.011035,0.011403,0.00325,0.002794
SIFT1M,1000000,1000000,Lethe,revoked_user,0.4,5,0.01024,0.981943,0.978982,0.008729,0.00704,0.003149,0.001568
SIFT1M,1000000,1000000,Lethe,revoked_user,0.4,6,0.016946,0.982138,0.980498,0.014763,0.011316,0.002687,0.001541
SIFT1M,1000000,1000000,Lethe,revoked_user,0.4,7,0.011759,0.979727,0.980294,0.008716,0.013105,0.0,0.002034
SIFT1M,1000000,1000000,Lethe,revoked_user,0.4,8,0.008902,0.979451,0.981078,0.007734,0.015515,0.001565,0.000497
SIFT1M,1000000,1000000,Lethe,revoked_user,0.4,9,0.012178,0.98371,0.980881,0.00943,0.020122,0.002553,0.001134
SIFT1M,1000000,1000000,Lethe,same_role_still_authorized,0.4,0,0.003049,0.978569,0.983121,0.001156,0.024558,0.000425,0.000192
SIFT1M,1000000,1000000,Lethe,same_role_still_authorized,0.4,1,0.002034,0.981445,0.98144,0.001493,0.007457,0.003674,0.000884
SIFT1M,1000000,1000000,Lethe,same_role_still_authorized,0.4,2,0.002448,0.980112,0.978316,0.001854,0.013169,0.002265,0.001093
SIFT1M,1000000,1000000,Lethe,same_role_still_authorized,0.4,3,0.002781,0.980274,0.976572,0.002406,0.014396,0.001074,0.002173
SIFT1M,1000000,1000000,Lethe,same_role_still_authorized,0.4,4,0.002835,0.983163,0.978132,0.003272,0.014399,0.001818,0.002786
SIFT1M,1000000,1000000,Lethe,same_role_still_authorized,0.4,5,0.00161,0.979236,0.982681,0.002763,0.019438,0.002418,0.001999
SIFT1M,1000000,1000000,Lethe,same_role_still_authorized,0.4,6,0.001409,0.981257,0.980515,0.003169,0.017873,0.001084,0.000212
SIFT1M,1000000,1000000,Lethe,same_role_still_authorized,0.4,7,0.00175,0.981146,0.980891,0.001934,0.011065,0.002121,0.002791
SIFT1M,1000000,1000000,Lethe,same_role_still_authorized,0.4,8,0.003497,0.978611,0.98025,0.00304,0.003517,0.001945,0.001644
SIFT1M,1000000,1000000,Lethe,same_role_still_authorized,0.4,9,0.003199,0.979398,0.983245,0.002494,0.017761,0.001737,0.001726
SIFT1M,1000000,1000000,Lethe,different_role_still_authorized,0.4,0,0.002989,0.98031,0.983237,0.0,0.007835,0.002397,0.001236
SIFT1M,1000000,1000000,Lethe,different_role_still_authorized,0.4,1,0.002355,0.981152,0.978169,0.001628,0.013474,0.003221,0.002674
SIFT1M,1000000,1000000,Lethe,different_role_still_authorized,0.4,2,0.00303,0.984649,0.981212,0.002049,0.026381,0.002068,0.001723
SIFT1M,1000000,1000000,Lethe,different_role_still_authorized,0.4,3,0.003967,0.982308,0.980697,0.003244,0.023042,0.001813,0.003676
SIFT1M,1000000,1000000,Lethe,different_role_still_authorized,0.4,4,0.003692,0.979299,0.981606,0.004504,0.015253,0.003008,0.001013
SIFT1M,1000000,1000000,Lethe,different_role_still_authorized,0.4,5,0.001589,0.982894,0.979998,0.000965,0.016101,0.002222,0.002055
SIFT1M,1000000,1000000,Lethe,different_role_still_authorized,0.4,6,0.00415,0.979,0.980929,0.005147,0.016504,0.000994,0.002508
SIFT1M,1000000,1000000,Lethe,different_role_still_authorized,0.4,7,0.003147,0.979013,0.98006,0.001423,0.009604,0.001723,0.002497
SIFT1M,1000000,1000000,Lethe,different_role_still_authorized,0.4,8,0.004418,0.981097,0.981417,0.004334,0.020175,0.001717,0.001497
SIFT1M,1000000,1000000,Lethe,different_role_still_authorized,0.4,9,0.003588,0.981637,0.980097,0.002073,0.016863,0.003748,0.003093
SIFT1M,1000000,1000000,Lethe,ancestor_descendant_still_authorized,0.4,0,0.00492,0.979419,0.979891,0.005188,0.028867,0.000831,0.001444
SIFT1M,1000000,1000000,Lethe,ancestor_descendant_still_authorized,0.4,1,0.002429,0.980631,0.980746,0.000135,0.015257,0.00418,0.001753
SIFT1M,1000000,1000000,Lethe,ancestor_descendant_still_authorized,0.4,2,0.004482,0.979781,0.981422,0.001183,0.011997,0.002305,0.003133
SIFT1M,1000000,1000000,Lethe,ancestor_descendant_still_authorized,0.4,3,0.003916,0.982396,0.981667,0.002185,0.005053,0.002357,6.9e-05
SIFT1M,1000000,1000000,Lethe,ancestor_descendant_still_authorized,0.4,4,0.00225,0.982521,0.980236,0.002268,0.009373,0.000777,0.003453
SIFT1M,1000000,1000000,Lethe,ancestor_descendant_still_authorized,0.4,5,0.001898,0.981407,0.982869,0.0,0.017729,0.002988,0.001866
SIFT1M,1000000,1000000,Lethe,ancestor_descendant_still_authorized,0.4,6,0.002781,0.980957,0.979691,0.003144,0.01681,0.003004,0.001138
SIFT1M,1000000,1000000,Lethe,ancestor_descendant_still_authorized,0.4,7,0.003191,0.981222,0.982794,0.002433,0.027177,0.001902,0.001343
SIFT1M,1000000,1000000,Lethe,ancestor_descendant_still_authorized,0.4,8,0.001682,0.981841,0.97853,0.002511,0.016138,0.000734,0.002612
SIFT1M,1000000,1000000,Lethe,ancestor_descendant_still_authorized,0.4,9,0.002436,0.985923,0.981055,0.00139,0.007696,0.002097,0.000324
SIFT1M,1000000,1000000,Lethe,revoked_user,0.5,0,0.016081,0.980735,0.981077,0.014287,0.017005,0.001862,0.00261
SIFT1M,1000000,1000000,Lethe,revoked_user,0.5,1,0.012586,0.979464,0.980663,0.010848,0.013538,0.003127,0.002269
SIFT1M,1000000,1000000,Lethe,revoked_user,0.5,2,0.013757,0.9817,0.981943,0.010722,0.009494,0.002382,0.00203
SIFT1M,1000000,1000000,Lethe,revoked_user,0.5,3,0.011096,0.982023,0.980446,0.009292,0.015482,0.002548,0.002467
SIFT1M,1000000,1000000,Lethe,revoked_user,0.5,4,0.013459,0.981366,0.981081,0.011238,0.017495,0.001747,0.001974
SIFT1M,1000000,1000000,Lethe,revoked_user,0.5,5,0.013335,0.980245,0.983474,0.01188,0.012524,0.002101,0.001683
SIFT1M,1000000,1000000,Lethe,revoked_user,0.5,6,0.015785,0.980738,0.97805,0.01362,0.019275,0.00173,0.002601
SIFT1M,1000000,1000000,Lethe,revoked_user,0.5,7,0.016655,0.982961,0.986488,0.012784,0.0141,0.002903,0.002545
SIFT1M,1000000,1000000,Lethe,revoked_user,0.5,8,0.015009,0.980003,0.982488,0.011343,0.013911,0.002949,0.001984
SIFT1M,1000000,1000000,Lethe,revoked_user,0.5,9,0.013106,0.980638,0.980855,0.009558,0.001685,0.001845,0.003262
SIFT1M,1000000,1000000,Lethe,same_role_still_authorized,0.5,0,0.005077,0.982832,0.980682,0.001687,0.021134,0.003497,0.0018
SIFT1M,1000000,1000000,Lethe,same_role_still_authorized,0.5,1,0.002889,0.980587,0.979842,0.001891,0.019689,0.00252,0.00195
SIFT1M,1000000,1000000,Lethe,same_role_still_authorized,0.5,2,0.002019,0.982155,0.980643,0.001126,0.021235,0.003186,0.000696
SIFT1M,1000000,1000000,Lethe,same_role_still_authorized,0.5,3,0.003037,0.981851,0.981954,0.002098,0.0128,0.001624,0.001596
SIFT1M,1000000,1000000,Lethe,same_role_still_authorized,0.5,4,0.00432,0.980109,0.981387,0.004704,0.026356,0.001241,0.001268
SIFT1M,1000000,1000000,Lethe,same_role_still_authorized,0.5,5,0.003551,0.982193,0.978691,0.003788,0.021682,0.002203,0.000733
SIFT1M,1000000,1000000,Lethe,same_role_still_authorized,0.5,6,0.003709,0.978905,0.982357,0.002776,0.017689,0.001271,0.000552
SIFT1M,1000000,1000000,Lethe,same_role_still_authorized,0.5,7,0.002178,0.982541,0.980503,0.002068,0.014921,0.003486,0.002421
SIFT1M,1000000,1000000,Lethe,same_role_still_authorized,0.5,8,0.003014,0.980215,0.979336,0.001063,0.020787,0.003571,0.001973
SIFT1M,1000000,1000000,Lethe,same_role_still_authorized,0.5,9,0.002363,0.980962,0.979112,0.002106,0.013272,0.002491,0.000733
SIFT1M,1000000,1000000,Lethe,different_role_still_authorized,0.5,0,0.00326,0.978179,0.98228,0.00309,0.015974,0.001098,0.000938
SIFT1M,1000000,1000000,Lethe,different_role_still_authorized,0.5,1,0.003182,0.979104,0.97997,0.004004,0.013584,0.002583,0.001648
SIFT1M,1000000,1000000,Lethe,different_role_still_authorized,0.5,2,0.003364,0.979697,0.982407,0.002614,0.012746,0.000969,0.002261
SIFT1M,1000000,1000000,Lethe,different_role_still_authorized,0.5,3,0.003115,0.977101,0.982047,0.003872,0.016982,0.001634,0.002256
SIFT1M,1000000,1000000,Lethe,different_role_still_authorized,0.5,4,0.004354,0.982021,0.979371,0.00282,0.01525,0.001743,0.001492
SIFT1M,1000000,1000000,Lethe,different_role_still_authorized,0.5,5,0.002008,0.98128,0.980909,0.001406,0.017784,0.001598,0.003733
SIFT1M,1000000,1000000,Lethe,different_role_still_authorized,0.5,6,0.003405,0.980777,0.980732,0.001765,0.027435,0.001173,0.002001
SIFT1M,1000000,1000000,Lethe,different_role_still_authorized,0.5,7,0.003128,0.981401,0.981367,0.002799,0.022184,0.003711,0.001672
SIFT1M,1000000,1000000,Lethe,different_role_still_authorized,0.5,8,0.003286,0.982027,0.979919,0.00323,0.019593,0.000645,0.000441
SIFT1M,1000000,1000000,Lethe,different_role_still_authorized,0.5,9,0.003091,0.984129,0.978253,0.002849,0.01444,0.000628,0.002173
SIFT1M,1000000,1000000,Lethe,ancestor_descendant_still_authorized,0.5,0,0.00358,0.981439,0.98034,0.002672,0.012903,0.002174,0.002076
SIFT1M,1000000,1000000,Lethe,ancestor_descendant_still_authorized,0.5,1,0.002686,0.979691,0.980588,0.002099,0.015857,0.002791,0.002657
SIFT1M,1000000,1000000,Lethe,ancestor_descendant_still_authorized,0.5,2,0.003768,0.978841,0.981919,0.001754,0.010106,0.001668,0.000645
SIFT1M,1000000,1000000,Lethe,ancestor_descendant_still_authorized,0.5,3,0.002537,0.982235,0.98108,0.001626,0.021814,0.003699,0.003018
SIFT1M,1000000,1000000,Lethe,ancestor_descendant_still_authorized,0.5,4,0.003527,0.982183,0.980173,0.002206,0.016598,0.003525,0.001261
SIFT1M,1000000,1000000,Lethe,ancestor_descendant_still_authorized,0.5,5,0.005382,0.97752,0.980705,0.002707,0.017001,0.001014,0.00192
SIFT1M,1000000,1000000,Lethe,ancestor_descendant_still_authorized,0.5,6,0.002884,0.978609,0.981799,0.003229,0.012271,0.00246,0.00217
SIFT1M,1000000,1000000,Lethe,ancestor_descendant_still_authorized,0.5,7,0.001271,0.98182,0.982518,0.003178,0.011363,0.001547,0.001477
SIFT1M,1000000,1000000,Lethe,ancestor_descendant_still_authorized,0.5,8,0.003799,0.980186,0.981341,0.002665,0.011496,0.002104,0.002751
SIFT1M,1000000,1000000,Lethe,ancestor_descendant_still_authorized,0.5,9,0.003243,0.981693,0.981009,0.003666,0.011869,0.000865,0.000623
SIFT1M,1000000,1000000,Lethe,revoked_user,0.1,0,0.006205,0.980852,0.983693,0.006481,0.022251,0.001659,0.00077
SIFT1M,1000000,1000000,Lethe,revoked_user,0.1,1,0.010853,0.984671,0.981805,0.00803,0.011507,0.00258,0.001505
SIFT1M,1000000,1000000,Lethe,revoked_user,0.1,2,0.01286,0.982731,0.981294,0.009504,0.018644,0.001833,0.002303
SIFT1M,1000000,1000000,Lethe,revoked_user,0.1,3,0.009242,0.981116,0.98098,0.005916,0.0187,0.002283,0.000975
SIFT1M,1000000,1000000,Lethe,revoked_user,0.1,4,0.007478,0.982115,0.980872,0.005666,0.015163,0.003292,6.4e-05
SIFT1M,1000000,1000000,Lethe,revoked_user,0.1,5,0.005748,0.982331,0.981313,0.004163,0.011436,0.001604,0.001388
SIFT1M,1000000,1000000,Lethe,revoked_user,0.1,6,0.008876,0.982866,0.980854,0.007067,0.00858,0.001995,0.003499
SIFT1M,1000000,1000000,Lethe,revoked_user,0.1,7,0.004835,0.982646,0.981876,0.00426,0.007582,0.00276,0.002082
SIFT1M,1000000,1000000,Lethe,revoked_user,0.1,8,0.008851,0.98293,0.983497,0.007314,0.012812,0.001805,0.00113
SIFT1M,1000000,1000000,Lethe,revoked_user,0.1,9,0.009365,0.980699,0.983716,0.005917,0.004941,0.001456,0.001791
SIFT1M,1000000,1000000,Lethe,same_role_still_authorized,0.1,0,0.003258,0.981724,0.980808,0.002296,0.017186,0.002459,0.002239
SIFT1M,1000000,1000000,Lethe,same_role_still_authorized,0.1,1,0.001859,0.982707,0.982654,0.002427,0.009539,0.00422,0.000713
SIFT1M,1000000,1000000,Lethe,same_role_still_authorized,0.1,2,0.003401,0.980845,0.977153,0.002147,0.012786,0.00177,0.002588
SIFT1M,1000000,1000000,Lethe,same_role_still_authorized,0.1,3,0.000932,0.978646,0.980333,0.000809,0.013258,0.001542,0.004151
SIFT1M,1000000,1000000,Lethe,same_role_still_authorized,0.1,4,0.002192,0.978713,0.979349,0.0022,0.017754,0.001776,0.001928
SIFT1M,1000000,1000000,Lethe,same_role_still_authorized,0.1,5,0.002402,0.981889,0.980988,0.001705,0.019022,0.001387,0.003311
SIFT1M,1000000,1000000,Lethe,same_role_still_authorized,0.1,6,0.003333,0.980542,0.979403,0.003952,0.007316,0.003258,0.00106
SIFT1M,1000000,1000000,Lethe,same_role_still_authorized,0.1,7,0.00314,0.979417,0.982799,0.002611,0.02453,0.00224,0.000733
SIFT1M,1000000,1000000,Lethe,same_role_still_authorized,0.1,8,0.00043,0.984215,0.98027,0.0,0.015363,0.001918,0.0
SIFT1M,1000000,1000000,Lethe,same_role_still_authorized,0.1,9,0.001515,0.97951,0.985241,0.001786,0.010705,0.003671,0.001003
SIFT1M,1000000,1000000,Lethe,different_role_still_authorized,0.1,0,0.001898,0.984892,0.98067,0.000593,0.016195,0.003145,0.002083
SIFT1M,1000000,1000000,Lethe,different_role_still_authorized,0.1,1,0.002405,0.98169,0.985472,0.001729,0.019612,0.002175,0.0013
SIFT1M,1000000,1000000,Lethe,different_role_still_authorized,0.1,2,0.001364,0.98115,0.979625,0.0,0.010847,0.003651,0.002384
SIFT1M,1000000,1000000,Lethe,different_role_still_authorized,0.1,3,0.001554,0.983495,0.984415,0.001676,0.008573,0.00213,0.002499
SIFT1M,1000000,1000000,Lethe,different_role_still_authorized,0.1,4,0.003484,0.984211,0.978746,0.001588,0.003361,0.002053,0.000727
SIFT1M,1000000,1000000,Lethe,different_role_still_authorized,0.1,5,0.001405,0.981265,0.979204,0.00125,0.019666,0.001915,0.001661
SIFT1M,1000000,1000000,Lethe,different_role_still_authorized,0.1,6,0.002171,0.983424,0.983552,0.001857,0.009804,0.001675,0.001729
SIFT1M,1000000,1000000,Lethe,different_role_still_authorized,0.1,7,0.002176,0.982169,0.978861,1.5e-05,0.005452,0.00214,0.0033
SIFT1M,1000000,1000000,Lethe,different_role_still_authorized,0.1,8,0.002822,0.98134,0.979302,0.003114,0.018438,0.002444,0.002742
SIFT1M,1000000,1000000,Lethe,different_role_still_authorized,0.1,9,0.002819,0.979666,0.981112,0.002885,0.01746,0.001803,0.00185
SIFT1M,1000000,1000000,Lethe,ancestor_descendant_still_authorized,0.1,0,0.002433,0.981651,0.982705,0.002899,0.015155,0.003217,0.002192
SIFT1M,1000000,1000000,Lethe,ancestor_descendant_still_authorized,0.1,1,0.000574,0.980217,0.980412,0.0,0.008181,0.003212,0.0
SIFT1M,1000000,1000000,Lethe,ancestor_descendant_still_authorized,0.1,2,0.0,0.981941,0.98292,0.002555,0.013064,0.001012,0.000566
SIFT1M,1000000,1000000,Lethe,ancestor_descendant_still_authorized,0.1,3,0.001927,0.980189,0.979683,0.001503,0.012987,3.8e-05,0.001356
SIFT1M,1000000,1000000,Lethe,ancestor_descendant_still_authorized,0.1,4,0.002663,0.980168,0.983803,0.00259,0.016853,0.002365,0.003205
SIFT1M,1000000,1000000,Lethe,ancestor_descendant_still_authorized,0.1,5,0.000159,0.979119,0.981851,0.0,0.010864,0.001975,0.000638
SIFT1M,1000000,1000000,Lethe,ancestor_descendant_still_authorized,0.1,6,0.002542,0.981178,0.979834,0.004151,0.007938,0.002523,0.00093
SIFT1M,1000000,1000000,Lethe,ancestor_descendant_still_authorized,0.1,7,0.001017,0.981932,0.981017,0.000629,0.020163,0.002799,0.003
SIFT1M,1000000,1000000,Lethe,ancestor_descendant_still_authorized,0.1,8,0.000732,0.981047,0.983257,0.001413,0.013921,0.003624,0.0
SIFT1M,1000000,1000000,Lethe,ancestor_descendant_still_authorized,0.1,9,0.001659,0.980963,0.98617,0.000605,0.011596,0.001569,0.002407
SIFT1M,1000000,1000000,Lethe,revoked_user,0.2,0,0.00669,0.979904,0.98335,0.006306,0.016288,0.002339,0.003058
SIFT1M,1000000,1000000,Lethe,revoked_user,0.2,1,0.009814,0.98185,0.978956,0.007856,0.014558,0.001747,0.001737
SIFT1M,1000000,1000000,Lethe,revoked_user,0.2,2,0.010253,0.983355,0.981446,0.007577,0.014835,0.001113,0.002948
SIFT1M,1000000,1000000,Lethe,revoked_user,0.2,3,0.011854,0.981176,0.982202,0.009423,0.0,0.002652,0.001899
SIFT1M,1000000,1000000,Lethe,revoked_user,0.2,4,0.011959,0.983334,0.981896,0.010675,0.00365,0.002422,0.002292
SIFT1M,1000000,1000000,Lethe,revoked_user,0.2,5,0.008919,0.980265,0.981785,0.008168,0.005852,0.001891,0.0
SIFT1M,1000000,1000000,Lethe,revoked_user,0.2,6,0.007943,0.97988,0.979991,0.005661,0.009376,0.000675,0.003638
SIFT1M,1000000,1000000,Lethe,revoked_user,0.2,7,0.00587,0.979767,0.983659,0.004563,0.017986,0.002697,0.001541
SIFT1M,1000000,1000000,Lethe,revoked_user,0.2,8,0.010447,0.980372,0.981929,0.008039,0.013914,0.001519,0.001571
SIFT1M,1000000,1000000,Lethe,revoked_user,0.2,9,0.009898,0.979864,0.981799,0.008575,0.017428,0.002928,0.0
SIFT1M,1000000,1000000,Lethe,same_role_still_authorized,0.2,0,0.003411,0.980264,0.98282,0.002047,0.013656,0.002662,0.001218
SIFT1M,1000000,1000000,Lethe,same_role_still_authorized,0.2,1,0.002349,0.978998,0.982008,0.003154,0.011457,0.003071,5.4e-05
SIFT1M,1000000,1000000,Lethe,same_role_still_authorized,0.2,2,0.001581,0.979255,0.978843,0.000519,0.006781,0.001481,0.001073
SIFT1M,1000000,1000000,Lethe,same_role_still_authorized,0.2,3,0.00291,0.981016,0.978101,0.003136,0.011591,0.002305,0.001776
SIFT1M,1000000,1000000,Lethe,same_role_still_authorized,0.2,4,0.001775,0.981519,0.981842,0.001844,0.019282,0.001779,0.002432
SIFT1M,1000000,1000000,Lethe,same_role_still_authorized,0.2,5,0.002993,0.982475,0.981382,0.001789,0.009522,0.001316,0.003263
SIFT1M,1000000,1000000,Lethe,same_role_still_authorized,0.2,6,0.00256,0.980115,0.979915,0.003408,0.01393,0.001021,0.000842
SIFT1M,1000000,1000000,Lethe,same_role_still_authorized,0.2,7,0.001045,0.979843,0.981738,0.000533,0.020029,0.002516,0.00071
SIFT1M,1000000,1000000,Lethe,same_role_still_authorized,0.2,8,0.001855,0.979881,0.979432,0.001427,0.012027,0.002455,0.001258
SIFT1M,1000000,1000000,Lethe,same_role_still_authorized,0.2,9,0.001691,0.980791,0.9811,0.002514,0.008205,0.002338,0.002731
SIFT1M,1000000,1000000,Lethe,different_role_still_authorized,0.2,0,0.001518,0.981276,0.97988,0.001864,0.020327,0.0018,0.001691
SIFT1M,1000000,1000000,Lethe,different_role_still_authorized,0.2,1,0.001008,0.979541,0.981568,0.0,0.019436,0.001414,0.00171
SIFT1M,1000000,1000000,Lethe,different_role_still_authorized,0.2,2,0.003025,0.982378,0.981201,0.001742,0.001589,0.001192,0.001804
SIFT1M,1000000,1000000,Lethe,different_role_still_authorized,0.2,3,0.001516,0.981412,0.978805,0.002011,0.017894,0.000912,0.000201
SIFT1M,1000000,1000000,Lethe,different_role_still_authorized,0.2,4,0.001987,0.982432,0.981993,0.000922,0.021174,0.001425,0.001226
SIFT1M,1000000,1000000,Lethe,different_role_still_authorized,0.2,5,0.002406,0.98118,0.981865,0.001527,0.014594,0.001393,0.001596
SIFT1M,1000000,1000000,Lethe,different_role_still_authorized,0.2,6,0.000486,0.977604,0.981118,0.001706,0.016696,0.003779,0.001305
SIFT1M,1000000,1000000,Lethe,different_role_still_authorized,0.2,7,0.003586,0.978564,0.981979,0.004041,0.02571,0.001721,0.004012
SIFT1M,1000000,1000000,Lethe,different_role_still_authorized,0.2,8,0.000764,0.98111,0.981052,0.002802,0.011638,0.001676,0.001385
SIFT1M,1000000,1000000,Lethe,different_role_still_authorized,0.2,9,0.001847,0.97869,0.981768,0.001274,0.000789,0.002251,0.002606
SIFT1M,1000000,1000000,Lethe,ancestor_descendant_still_authorized,0.2,0,0.002547,0.982199,0.979049,0.001259,0.017723,0.002803,0.002765
SIFT1M,1000000,1000000,Lethe,ancestor_descendant_still_authorized,0.2,1,0.002756,0.98112,0.982003,0.001003,0.007771,0.001358,0.002243
SIFT1M,1000000,1000000,Lethe,ancestor_descendant_still_authorized,0.2,2,0.000526,0.981217,0.980111,0.000123,0.019202,0.0,0.002402
SIFT1M,1000000,1000000,Lethe,ancestor_descendant_still_authorized,0.2,3,2.1e-05,0.979871,0.981852,0.0,0.010617,0.000979,0.001971
SIFT1M,1000000,1000000,Lethe,ancestor_descendant_still_authorized,0.2,4,0.003371,0.9813,0.979258,0.002611,0.002483,0.001932,0.002424
SIFT1M,1000000,1000000,Lethe,ancestor_descendant_still_authorized,0.2,5,0.00242,0.980236,0.976539,0.000873,0.011481,0.00141,0.002733
SIFT1M,1000000,1000000,Lethe,ancestor_descendant_still_authorized,0.2,6,0.001132,0.980499,0.980067,0.0,0.012114,0.000667,0.003226
SIFT1M,1000000,1000000,Lethe,ancestor_descendant_still_authorized,0.2,7,0.001125,0.982869,0.981238,0.0,0.008406,0.001292,0.004092
SIFT1M,1000000,1000000,Lethe,ancestor_descendant_still_authorized,0.2,8,0.001324,0.980745,0.98098,0.000673,0.024854,0.001911,0.003189
SIFT1M,1000000,1000000,Lethe,ancestor_descendant_still_authorized,0.2,9,0.002174,0.982023,0.980169,0.003397,0.01214,0.001733,0.000235
SIFT1M,1000000,1000000,Lethe,revoked_user,0.3,0,0.009552,0.980869,0.980913,0.007061,0.015909,0.00137,0.000485
SIFT1M,1000000,1000000,Lethe,revoked_user,0.3,1,0.009221,0.979986,0.980624,0.00844,0.0095,0.00219,0.001281
SIFT1M,1000000,1000000,Lethe,revoked_user,0.3,2,0.011759,0.980362,0.980425,0.008421,0.0,0.002315,0.002372
SIFT1M,1000000,1000000,Lethe,revoked_user,0.3,3,0.009211,0.980897,0.98126,0.009107,0.024098,0.001559,0.000687
SIFT1M,1000000,1000000,Lethe,revoked_user,0.3,4,0.012445,0.981172,0.980028,0.010612,0.012058,0.001124,0.001384
SIFT1M,1000000,1000000,Lethe,revoked_user,0.3,5,0.009425,0.98331,0.982056,0.007422,0.017941,0.000872,0.002318
SIFT1M,1000000,1000000,Lethe,revoked_user,0.3,6,0.010287,0.980243,0.980389,0.008415,0.020105,0.003272,0.001944
SIFT1M,1000000,1000000,Lethe,revoked_user,0.3,7,0.011412,0.981667,0.981142,0.00974,0.024864,0.00345,0.000665
SIFT1M,1000000,1000000,Lethe,revoked_user,0.3,8,0.010815,0.979835,0.978305,0.009472,0.02868,0.002252,0.000691
SIFT1M,1000000,1000000,Lethe,revoked_user,0.3,9,0.011337,0.982411,0.980622,0.008136,0.018067,0.00304,1e-05
SIFT1M,1000000,1000000,Lethe,same_role_still_authorized,0.3,0,0.003218,0.981811,0.982743,0.002564,0.014514,0.001372,0.000929
SIFT1M,1000000,1000000,Lethe,same_role_still_authorized,0.3,1,0.00143,0.984832,0.978,0.001598,0.023723,0.001967,0.001532
SIFT1M,1000000,1000000,Lethe,same_role_still_authorized,0.3,2,0.002343,0.983553,0.982055,0.001477,0.023592,0.001359,0.0
SIFT1M,1000000,1000000,Lethe,same_role_still_authorized,0.3,3,0.001623,0.980111,0.981244,2.4e-05,0.017449,0.000778,0.002305
SIFT1M,1000000,1000000,Lethe,same_role_still_authorized,0.3,4,0.002755,0.981752,0.981568,0.003649,0.021531,0.000952,0.001662
SIFT1M,1000000,1000000,Lethe,same_role_still_authorized,0.3,5,0.003828,0.982496,0.980337,0.00369,0.011198,0.003525,0.002946
SIFT1M,1000000,1000000,Lethe,same_role_still_authorized,0.3,6,0.001482,0.981609,0.977679,0.001809,0.016721,0.00065,0.003022
SIFT1M,1000000,1000000,Lethe,same_role_still_authorized,0.3,7,0.003352,0.981557,0.981124,0.003757,0.003993,0.003325,0.00135
SIFT1M,1000000,1000000,Lethe,same_role_still_authorized,0.3,8,0.002389,0.98186,0.980673,0.001456,0.013983,0.000947,0.000691
SIFT1M,1000000,1000000,Lethe,same_role_still_authorized,0.3,9,0.003038,0.982976,0.982396,0.002675,0.02432,0.002219,0.002738
SIFT1M,1000000,1000000,Lethe,different_role_still_authorized,0.3,0,0.003097,0.983633,0.980278,0.0011,0.010747,0.001693,0.000273
SIFT1M,1000000,1000000,Lethe,different_role_still_authorized,0.3,1,0.003465,0.98098,0.980095,0.004383,0.022059,0.003681,0.002495
SIFT1M,1000000,1000000,Lethe,different_role_still_authorized,0.3,2,0.0019,0.981789,0.979128,0.002645,0.013005,0.001089,0.00373
SIFT1M,1000000,1000000,Lethe,different_role_still_authorized,0.3,3,0.0028,0.977718,0.982348,0.00232,0.013116,0.00276,0.001753
SIFT1M,1000000,1000000,Lethe,different_role_still_authorized,0.3,4,0.00193,0.98485,0.979195,0.002923,0.024464,0.000702,0.00275
SIFT1M,1000000,1000000,Lethe,different_role_still_authorized,0.3,5,0.002952,0.979636,0.979336,0.003863,0.018387,0.00118,0.002424
SIFT1M,1000000,1000000,Lethe,different_role_still_authorized,0.3,6,0.00175,0.980375,0.981382,0.003747,0.018994,0.002171,0.001563
SIFT1M,1000000,1000000,Lethe,different_role_still_authorized,0.3,7,0.000892,0.980664,0.981362,0.0,0.009775,0.002566,0.00189
SIFT1M,1000000,1000000,Lethe,different_role_still_authorized,0.3,8,0.001509,0.981401,0.981111,0.001166,0.021142,0.000754,0.000367
SIFT1M,1000000,1000000,Lethe,different_role_still_authorized,0.3,9,0.002396,0.982424,0.980304,0.001128,0.022055,0.00341,0.002291
SIFT1M,1000000,1000000,Lethe,ancestor_descendant_still_authorized,0.3,0,0.002579,0.983045,0.981131,0.001677,0.024093,0.003939,0.003599
SIFT1M,1000000,1000000,Lethe,ancestor_descendant_still_authorized,0.3,1,0.00196,0.980408,0.980014,0.001943,0.02076,0.000614,0.0
SIFT1M,1000000,1000000,Lethe,ancestor_descendant_still_authorized,0.3,2,0.002239,0.981939,0.979703,0.002426,0.016874,0.0016,0.001177
SIFT1M,1000000,1000000,Lethe,ancestor_descendant_still_authorized,0.3,3,0.003296,0.981112,0.977917,0.002347,0.029177,0.001707,0.002458
SIFT1M,1000000,1000000,Lethe,ancestor_descendant_still_authorized,0.3,4,0.003169,0.979988,0.980815,0.001101,0.01729,0.001544,0.000487
SIFT1M,1000000,1000000,Lethe,ancestor_descendant_still_authorized,0.3,5,0.002935,0.982113,0.979846,0.000477,0.022574,0.001049,0.001738
SIFT1M,1000000,1000000,Lethe,ancestor_descendant_still_authorized,0.3,6,0.000613,0.985174,0.983146,0.001892,0.013828,0.001786,0.001734
SIFT1M,1000000,1000000,Lethe,ancestor_descendant_still_authorized,0.3,7,0.001463,0.979279,0.980765,0.001092,0.004933,0.002691,0.000655
SIFT1M,1000000,1000000,Lethe,ancestor_descendant_still_authorized,0.3,8,0.004073,0.983229,0.981874,0.004449,0.004848,0.002495,0.001556
SIFT1M,1000000,1000000,Lethe,ancestor_descendant_still_authorized,0.3,9,0.001667,0.98248,0.981299,0.002477,0.021859,0.002091,0.003043
SIFT1M,1000000,1000000,Lethe,revoked_user,0.4,0,0.012447,0.980048,0.979651,0.010615,0.009274,0.003176,0.00289
SIFT1M,1000000,1000000,Lethe,revoked_user,0.4,1,0.010762,0.981885,0.981836,0.007044,0.01962,0.001347,0.002337
SIFT1M,1000000,1000000,Lethe,revoked_user,0.4,2,0.009749,0.985417,0.980313,0.006485,0.014283,0.000943,0.00185
SIFT1M,1000000,1000000,Lethe,revoked_user,0.4,3,0.013878,0.980586,0.982572,0.011816,0.002416,0.0,0.00244
SIFT1M,1000000,1000000,Lethe,revoked_user,0.4,4,0.009518,0.980864,0.980711,0.007568,0.019272,0.001637,0.000851
SIFT1M,1000000,1000000,Lethe,revoked_user,0.4,5,0.011057,0.979711,0.981622,0.008304,0.021726,0.002531,0.001276
SIFT1M,1000000,1000000,Lethe,revoked_user,0.4,6,0.009962,0.979543,0.980352,0.009003,0.007076,0.002677,0.002159
SIFT1M,1000000,1000000,Lethe,revoked_user,0.4,7,0.010273,0.981209,0.981543,0.0074,0.008943,0.000997,0.001255
SIFT1M,1000000,1000000,Lethe,revoked_user,0.4,8,0.012825,0.979565,0.979899,0.009842,0.023405,0.003362,0.003182
SIFT1M,1000000,1000000,Lethe,revoked_user,0.4,9,0.013015,0.982167,0.983208,0.011163,0.013205,0.002565,0.001301
SIFT1M,1000000,1000000,Lethe,same_role_still_authorized,0.4,0,0.002367,0.982107,0.980377,0.002931,0.012111,0.001617,0.0
SIFT1M,1000000,1000000,Lethe,same_role_still_authorized,0.4,1,0.003246,0.980434,0.981592,0.00195,0.020433,0.00105,0.001097
SIFT1M,1000000,1000000,Lethe,same_role_still_authorized,0.4,2,0.000856,0.979345,0.983343,0.002308,0.021614,0.002577,0.003361
SIFT1M,1000000,1000000,Lethe,same_role_still_authorized,0.4,3,0.003735,0.983404,0.982082,0.003517,0.021946,0.003292,0.0012
SIFT1M,1000000,1000000,Lethe,same_role_still_authorized,0.4,4,0.003823,0.979549,0.982422,0.002152,0.008199,0.002319,0.002069
SIFT1M,1000000,1000000,Lethe,same_role_still_authorized,0.4,5,0.001639,0.984133,0.979851,0.000422,0.016091,0.000411,0.001277
SIFT1M,1000000,1000000,Lethe,same_role_still_authorized,0.4,6,0.000563,0.981874,0.982275,0.00194,0.012112,0.002551,0.003139
SIFT1M,1000000,1000000,Lethe,same_role_still_authorized,0.4,7,0.003934,0.97984,0.981518,0.00179,0.005629,0.001557,0.002551
SIFT1M,1000000,1000000,Lethe,same_role_still_authorized,0.4,8,0.001734,0.979302,0.980516,0.0,0.014498,0.001182,0.0
SIFT1M,1000000,1000000,Lethe,same_role_still_authorized,0.4,9,0.002667,0.983163,0.97885,0.001204,0.024559,0.001396,0.003674
SIFT1M,1000000,1000000,Lethe,different_role_still_authorized,0.4,0,0.003599,0.984403,0.982554,0.002944,0.025063,0.002353,0.00165
SIFT1M,1000000,1000000,Lethe,different_role_still_authorized,0.4,1,0.003053,0.979812,0.980989,0.002226,0.020117,0.002251,0.001181
SIFT1M,1000000,1000000,Lethe,different_role_still_authorized,0.4,2,0.002077,0.980632,0.979934,0.001353,0.007878,0.001486,0.003584
SIFT1M,1000000,1000000,Lethe,different_role_still_authorized,0.4,3,0.002058,0.981627,0.982095,0.001395,0.014735,0.001877,0.000587
SIFT1M,1000000,1000000,Lethe,different_role_still_authorized,0.4,4,0.003847,0.979061,0.981807,0.003117,0.02103,0.003109,0.001665
SIFT1M,1000000,1000000,Lethe,different_role_still_authorized,0.4,5,0.003832,0.981608,0.981001,0.003224,0.011386,0.002201,0.002312
SIFT1M,1000000,1000000,Lethe,different_role_still_authorized,0.4,6,0.002905,0.98347,0.980202,0.002862,0.015265,0.003037,0.00193
SIFT1M,1000000,1000000,Lethe,different_role_still_authorized,0.4,7,0.003415,0.982741,0.982606,0.000814,0.012961,0.00174,0.002549
SIFT1M,1000000,1000000,Lethe,different_role_still_authorized,0.4,8,0.001223,0.982153,0.981195,0.00127,0.014927,0.001745,0.002406
SIFT1M,1000000,1000000,Lethe,different_role_still_authorized,0.4,9,0.003443,0.98093,0.97902,0.002025,0.020393,0.0,0.002681
SIFT1M,1000000,1000000,Lethe,ancestor_descendant_still_authorized,0.4,0,0.001474,0.980601,0.979013,0.001023,0.013879,0.001423,0.001448
SIFT1M,1000000,1000000,Lethe,ancestor_descendant_still_authorized,0.4,1,0.002239,0.979954,0.97985,0.002546,0.013373,0.00152,0.003129
SIFT1M,1000000,1000000,Lethe,ancestor_descendant_still_authorized,0.4,2,0.003848,0.981535,0.980908,0.002371,0.022285,0.002708,0.003076
SIFT1M,1000000,1000000,Lethe,ancestor_descendant_still_authorized,0.4,3,0.002806,0.983106,0.981134,0.0,0.00365,0.0,0.002981
SIFT1M,1000000,1000000,Lethe,ancestor_descendant_still_authorized,0.4,4,0.001664,0.981273,0.981103,8.4e-05,0.020085,0.001321,0.001657
SIFT1M,1000000,1000000,Lethe,ancestor_descendant_still_authorized,0.4,5,0.003497,0.980183,0.983417,0.001714,0.014174,0.002041,0.000927
SIFT1M,1000000,1000000,Lethe,ancestor_descendant_still_authorized,0.4,6,0.003698,0.981703,0.979728,0.0041,0.010307,0.001753,0.002886
SIFT1M,1000000,1000000,Lethe,ancestor_descendant_still_authorized,0.4,7,0.002586,0.979129,0.980251,0.000479,0.012144,0.001575,0.00251
SIFT1M,1000000,1000000,Lethe,ancestor_descendant_still_authorized,0.4,8,0.002189,0.980352,0.981053,0.001286,0.011694,0.000533,0.00328
SIFT1M,1000000,1000000,Lethe,ancestor_descendant_still_authorized,0.4,9,0.002542,0.982193,0.981757,0.001904,0.014839,0.001358,0.001141
SIFT1M,1000000,1000000,Lethe,revoked_user,0.5,0,0.017268,0.983689,0.981665,0.014349,0.011989,0.0031,0.0018
SIFT1M,1000000,1000000,Lethe,revoked_user,0.5,1,0.011932,0.984256,0.983686,0.00869,0.015323,0.003377,0.0
SIFT1M,1000000,1000000,Lethe,revoked_user,0.5,2,0.012954,0.980736,0.978894,0.008782,0.018195,0.00248,0.00264
SIFT1M,1000000,1000000,Lethe,revoked_user,0.5,3,0.014409,0.980996,0.982428,0.012498,0.004891,0.004285,0.003541
SIFT1M,1000000,1000000,Lethe,revoked_user,0.5,4,0.01561,0.980794,0.980283,0.011713,0.014928,0.001648,0.000897
SIFT1M,1000000,1000000,Lethe,revoked_user,0.5,5,0.018264,0.980567,0.97914,0.015183,0.01162,0.001644,0.002986
SIFT1M,1000000,1000000,Lethe,revoked_user,0.5,6,0.016305,0.981079,0.97962,0.012537,0.008947,0.002443,0.003871
SIFT1M,1000000,1000000,Lethe,revoked_user,0.5,7,0.015218,0.980612,0.982467,0.012441,0.011551,0.004556,0.001426
SIFT1M,1000000,1000000,Lethe,revoked_user,0.5,8,0.014415,0.982846,0.981287,0.013194,0.018319,0.001608,0.000844
SIFT1M,1000000,1000000,Lethe,revoked_user,0.5,9,0.014441,0.978799,0.981136,0.01115,0.015332,0.000999,0.000386
SIFT1M,1000000,1000000,Lethe,same_role_still_authorized,0.5,0,0.00445,0.983461,0.979659,0.005843,0.021772,0.001226,0.001548
SIFT1M,1000000,1000000,Lethe,same_role_still_authorized,0.5,1,0.000608,0.983283,0.980603,0.000569,0.020912,0.002859,0.002996
SIFT1M,1000000,1000000,Lethe,same_role_still_authorized,0.5,2,0.000608,0.979486,0.981913,0.000891,0.01427,0.001261,0.000685
SIFT1M,1000000,1000000,Lethe,same_role_still_authorized,0.5,3,0.00403,0.983009,0.979511,0.005018,0.011464,0.003656,0.000492
SIFT1M,1000000,1000000,Lethe,same_role_still_authorized,0.5,4,0.005079,0.98061,0.981947,0.005106,0.009098,0.000734,0.0
SIFT1M,1000000,1000000,Lethe,same_role_still_authorized,0.5,5,0.0031,0.981784,0.980087,0.002163,0.009765,0.003254,0.002225
SIFT1M,1000000,1000000,Lethe,same_role_still_authorized,0.5,6,0.003375,0.983649,0.981397,0.002465,0.020617,0.000705,0.000871
SIFT1M,1000000,1000000,Lethe,same_role_still_authorized,0.5,7,0.002064,0.979723,0.980599,0.001645,0.024573,0.001104,0.00177
SIFT1M,1000000,1000000,Lethe,same_role_still_authorized,0.5,8,0.001324,0.982727,0.979805,0.0,0.008298,0.003324,0.001028
SIFT1M,1000000,1000000,Lethe,same_role_still_authorized,0.5,9,0.003057,0.978983,0.978405,0.003522,0.015138,0.001781,0.000843
SIFT1M,1000000,1000000,Lethe,different_role_still_authorized,0.5,0,0.003018,0.979483,0.98163,0.003728,0.007036,0.002194,0.002647
SIFT1M,1000000,1000000,Lethe,different_role_still_authorized,0.5,1,0.005578,0.981297,0.982503,0.005081,0.014556,0.001353,0.001954
SIFT1M,1000000,1000000,Lethe,different_role_still_authorized,0.5,2,0.00248,0.978499,0.981066,0.001155,0.016706,0.003317,0.0
SIFT1M,1000000,1000000,Lethe,different_role_still_authorized,0.5,3,0.002514,0.982087,0.981357,0.003119,0.016278,0.002299,0.003233
SIFT1M,1000000,1000000,Lethe,different_role_still_authorized,0.5,4,0.002887,0.979043,0.980273,0.003932,0.007636,0.004126,0.002352
SIFT1M,1000000,1000000,Lethe,different_role_still_authorized,0.5,5,0.003979,0.978889,0.980542,0.002555,0.012426,0.001564,0.000502
SIFT1M,1000000,1000000,Lethe,different_role_still_authorized,0.5,6,0.003848,0.979568,0.981098,0.003129,0.021796,0.00247,0.002409
SIFT1M,1000000,1000000,Lethe,different_role_still_authorized,0.5,7,0.002957,0.980155,0.979289,0.001825,0.016867,0.00151,0.002026
SIFT1M,1000000,1000000,Lethe,different_role_still_authorized,0.5,8,0.001761,0.980722,0.981906,0.002396,0.007561,0.000704,0.002982
SIFT1M,1000000,1000000,Lethe,different_role_still_authorized,0.5,9,0.002667,0.982241,0.982207,0.00282,0.000786,0.002684,0.00089
SIFT1M,1000000,1000000,Lethe,ancestor_descendant_still_authorized,0.5,0,0.003071,0.982058,0.981588,0.001948,0.009014,0.001141,0.001345
SIFT1M,1000000,1000000,Lethe,ancestor_descendant_still_authorized,0.5,1,0.003265,0.978686,0.981817,0.00115,0.018347,0.00292,0.003592
SIFT1M,1000000,1000000,Lethe,ancestor_descendant_still_authorized,0.5,2,0.002279,0.979948,0.979056,0.001674,0.023481,0.001425,0.00105
SIFT1M,1000000,1000000,Lethe,ancestor_descendant_still_authorized,0.5,3,0.003041,0.982729,0.981662,9.4e-05,0.006675,0.003467,0.002112
SIFT1M,1000000,1000000,Lethe,ancestor_descendant_still_authorized,0.5,4,0.002695,0.981677,0.982219,0.003116,0.017356,0.002569,0.001172
SIFT1M,1000000,1000000,Lethe,ancestor_descendant_still_authorized,0.5,5,0.001318,0.980524,0.983458,4.7e-05,0.021441,0.001651,0.001535
SIFT1M,1000000,1000000,Lethe,ancestor_descendant_still_authorized,0.5,6,0.001867,0.983601,0.983574,0.001272,0.024826,0.002474,0.003609
SIFT1M,1000000,1000000,Lethe,ancestor_descendant_still_authorized,0.5,7,0.003494,0.982366,0.980256,0.004358,0.000395,0.001042,0.001608
SIFT1M,1000000,1000000,Lethe,ancestor_descendant_still_authorized,0.5,8,0.004456,0.980965,0.982282,0.001361,0.014408,0.001841,0.002314
SIFT1M,1000000,1000000,Lethe,ancestor_descendant_still_authorized,0.5,9,0.001226,0.98126,0.981494,0.000293,0.019306,0.003365,0.002759
SIFT1M,1000000,1000000,Lethe,revoked_user,0.1,0,0.006623,0.980492,0.979001,0.003933,0.009589,0.001981,0.000539
SIFT1M,1000000,1000000,Lethe,revoked_user,0.1,1,0.005495,0.981525,0.981635,0.004627,0.021615,0.002281,0.001243
SIFT1M,1000000,1000000,Lethe,revoked_user,0.1,2,0.008859,0.983239,0.978062,0.00805,0.009494,0.001132,0.00061
SIFT1M,1000000,1000000,Lethe,revoked_user,0.1,3,0.009589,0.980689,0.982755,0.006479,0.021973,0.003913,0.002477
SIFT1M,1000000,1000000,Lethe,revoked_user,0.1,4,0.007918,0.98081,0.98139,0.004344,0.009131,0.002228,0.001174
SIFT1M,1000000,1000000,Lethe,revoked_user,0.1,5,0.007943,0.981202,0.980289,0.006447,0.018414,0.002469,0.001865
SIFT1M,1000000,1000000,Lethe,revoked_user,0.1,6,0.006545,0.978548,0.97871,0.004002,0.025357,0.000376,0.002058
SIFT1M,1000000,1000000,Lethe,revoked_user,0.1,7,0.00876,0.983106,0.98406,0.00543,0.014495,0.003718,0.003523
SIFT1M,1000000,1000000,Lethe,revoked_user,0.1,8,0.010251,0.980229,0.981267,0.007029,0.018508,0.002922,0.001135
SIFT1M,1000000,1000000,Lethe,revoked_user,0.1,9,0.008971,0.981886,0.98019,0.009244,0.014335,0.001751,0.002565
SIFT1M,1000000,1000000,Lethe,same_role_still_authorized,0.1,0,0.001998,0.981785,0.984161,0.001074,0.022153,0.001107,0.002174
SIFT1M,1000000,1000000,Lethe,same_role_still_authorized,0.1,1,0.002276,0.982591,0.979961,0.002433,0.013665,0.001579,0.003737
SIFT1M,1000000,1000000,Lethe,same_role_still_authorized,0.1,2,0.001902,0.980453,0.979177,0.001311,0.017116,0.001352,0.001909
SIFT1M,1000000,1000000,Lethe,same_role_still_authorized,0.1,3,0.002783,0.982125,0.982431,0.003066,0.006497,0.001602,0.001127
SIFT1M,1000000,1000000,Lethe,same_role_still_authorized,0.1,4,0.001976,0.976901,0.979178,0.001441,0.014662,0.001371,0.001049
SIFT1M,1000000,1000000,Lethe,same_role_still_authorized,0.1,5,0.00254,0.980452,0.981275,0.001744,0.00745,0.000605,0.002692
SIFT1M,1000000,1000000,Lethe,same_role_still_authorized,0.1,6,0.001691,0.978664,0.981311,0.00202,0.01988,0.001049,0.00176
SIFT1M,1000000,1000000,Lethe,same_role_still_authorized,0.1,7,0.00033,0.981584,0.980458,0.000162,0.010472,0.000481,0.001527
SIFT1M,1000000,1000000,Lethe,same_role_still_authorized,0.1,8,0.002615,0.980303,0.980237,0.001398,0.010691,0.000623,0.003528
SIFT1M,1000000,1000000,Lethe,same_role_still_authorized,0.1,9,0.004185,0.979445,0.981155,0.004314,0.011898,0.001033,0.003979
SIFT1M,1000000,1000000,Lethe,different_role_still_authorized,0.1,0,0.004026,0.980925,0.978655,0.001968,0.010135,0.000898,0.001219
SIFT1M,1000000,1000000,Lethe,different_role_still_authorized,0.1,1,0.003094,0.98229,0.980791,0.003187,0.010938,0.002862,0.002154
SIFT1M,1000000,1000000,Lethe,different_role_still_authorized,0.1,2,0.001714,0.981648,0.980963,0.00069,0.014523,0.00235,0.002255
SIFT1M,1000000,1000000,Lethe,different_role_still_authorized,0.1,3,0.001736,0.982178,0.980964,0.002525,0.015818,0.001932,0.002144
SIFT1M,1000000,1000000,Lethe,different_role_still_authorized,0.1,4,0.001308,0.980071,0.979738,0.00155,0.008669,0.001872,0.002003
SIFT1M,1000000,1000000,Lethe,different_role_still_authorized,0.1,5,0.001113,0.981362,0.981985,0.001885,0.017291,0.002652,0.001977
SIFT1M,1000000,1000000,Lethe,different_role_still_authorized,0.1,6,0.00232,0.982572,0.978367,0.001781,0.012806,6.8e-05,0.001973
SIFT1M,1000000,1000000,Lethe,different_role_still_authorized,0.1,7,0.002254,0.979059,0.983885,0.002493,0.015342,0.002131,0.001173
SIFT1M,1000000,1000000,Lethe,different_role_still_authorized,0.1,8,0.001924,0.97991,0.982701,0.000512,0.00579,0.00166,0.000957
SIFT1M,1000000,1000000,Lethe,different_role_still_authorized,0.1,9,0.002408,0.98152,0.980129,0.001838,0.011721,0.001321,0.000774
SIFT1M,1000000,1000000,Lethe,ancestor_descendant_still_authorized,0.1,0,0.000817,0.981289,0.981395,0.0,0.01498,0.001689,0.002814
SIFT1M,1000000,1000000,Lethe,ancestor_descendant_still_authorized,0.1,1,0.003311,0.983324,0.983457,0.002812,0.000768,0.002418,0.001981
SIFT1M,1000000,1000000,Lethe,ancestor_descendant_still_authorized,0.1,2,0.002554,0.98244,0.982099,0.002249,0.019969,0.002143,0.003017
SIFT1M,1000000,1000000,Lethe,ancestor_descendant_still_authorized,0.1,3,0.002748,0.979919,0.98156,0.002777,0.012701,0.002018,0.002059
SIFT1M,1000000,1000000,Lethe,ancestor_descendant_still_authorized,0.1,4,0.001454,0.981086,0.982705,0.00185,0.0,0.002098,0.001332
SIFT1M,1000000,1000000,Lethe,ancestor_descendant_still_authorized,0.1,5,0.004139,0.983536,0.982978,0.003631,0.007801,0.001044,0.002692
SIFT1M,1000000,1000000,Lethe,ancestor_descendant_still_authorized,0.1,6,0.000207,0.979148,0.980053,0.0,0.013394,0.002299,0.001943
SIFT1M,1000000,1000000,Lethe,ancestor_descendant_still_authorized,0.1,7,0.001407,0.981118,0.981082,0.001662,0.01774,0.002616,0.001228
SIFT1M,1000000,1000000,Lethe,ancestor_descendant_still_authorized,0.1,8,0.002454,0.981944,0.978222,0.002643,0.011843,0.002543,0.002175
SIFT1M,1000000,1000000,Lethe,ancestor_descendant_still_authorized,0.1,9,0.002939,0.979105,0.980716,0.002745,0.00988,0.002768,0.002092
SIFT1M,1000000,1000000,Lethe,revoked_user,0.2,0,0.013815,0.979711,0.980775,0.010823,0.011639,0.00169,0.002184
SIFT1M,1000000,1000000,Lethe,revoked_user,0.2,1,0.008785,0.981652,0.982014,0.005582,0.02229,0.003009,0.002625
SIFT1M,1000000,1000000,Lethe,revoked_user,0.2,2,0.010969,0.97877,0.982797,0.009149,0.016768,0.000974,0.001557
SIFT1M,1000000,1000000,Lethe,revoked_user,0.2,3,0.006526,0.982361,0.98175,0.004521,0.017818,0.002854,0.002727
SIFT1M,1000000,1000000,Lethe,revoked_user,0.2,4,0.005824,0.979943,0.981983,0.004116,0.008481,0.000966,0.003568
SIFT1M,1000000,1000000,Lethe,revoked_user,0.2,5,0.011984,0.982181,0.981178,0.01055,0.012106,0.001422,0.001259
SIFT1M,1000000,1000000,Lethe,revoked_user,0.2,6,0.009311,0.979844,0.979795,0.006491,0.015255,0.002635,0.00167
SIFT1M,1000000,1000000,Lethe,revoked_user,0.2,7,0.012496,0.981227,0.981054,0.009282,0.022212,0.00269,0.00269
SIFT1M,1000000,1000000,Lethe,revoked_user,0.2,8,0.00981,0.982373,0.980902,0.008841,0.014525,0.001768,0.002201
SIFT1M,1000000,1000000,Lethe,revoked_user,0.2,9,0.010738,0.981754,0.981033,0.00913,0.010717,0.002857,0.000313
SIFT1M,1000000,1000000,Lethe,same_role_still_authorized,0.2,0,0.002522,0.981795,0.979282,0.00129,0.01362,0.002218,0.003896
SIFT1M,1000000,1000000,Lethe,same_role_still_authorized,0.2,1,0.003503,0.97827,0.984459,0.002064,0.015026,0.001534,0.004037
SIFT1M,1000000,1000000,Lethe,same_role_still_authorized,0.2,2,0.002946,0.981763,0.980768,0.001852,0.015834,0.002573,0.003118
SIFT1M,1000000,1000000,Lethe,same_role_still_authorized,0.2,3,0.004288,0.980791,0.981236,0.003883,0.00896,0.00236,0.000178
SIFT1M,1000000,1000000,Lethe,same_role_still_authorized,0.2,4,0.002177,0.98088,0.980755,0.001953,0.014016,0.003175,0.001901
SIFT1M,1000000,1000000,Lethe,same_role_still_authorized,0.2,5,0.002543,0.980989,0.980708,0.001675,0.017801,0.001764,0.002739
SIFT1M,1000000,1000000,Lethe,same_role_still_authorized,0.2,6,0.001261,0.980842,0.984425,0.000198,0.008753,0.001114,0.002302
SIFT1M,1000000,1000000,Lethe,same_role_still_authorized,0.2,7,0.002051,0.979757,0.979407,0.001682,0.016943,0.001606,0.001577
SIFT1M,1000000,1000000,Lethe,same_role_still_authorized,0.2,8,0.002577,0.97963,0.98108,0.003461,0.01398,0.00013,0.000328
SIFT1M,1000000,1000000,Lethe,same_role_still_authorized,0.2,9,0.002397,0.978693,0.980777,0.003414,0.007625,0.001617,0.001445
SIFT1M,1000000,1000000,Lethe,different_role_still_authorized,0.2,0,0.002153,0.979008,0.980646,0.000578,0.013314,0.003018,0.002562
SIFT1M,1000000,1000000,Lethe,different_role_still_authorized,0.2,1,0.00389,0.976713,0.98029,0.004522,0.011748,0.000411,0.001912
SIFT1M,1000000,1000000,Lethe,different_role_still_authorized,0.2,2,0.002438,0.980025,0.979679,0.004222,0.008619,0.002714,0.001278
SIFT1M,1000000,1000000,Lethe,different_role_still_authorized,0.2,3,0.00253,0.983049,0.980398,0.002475,0.017665,0.002438,0.001446
SIFT1M,1000000,1000000,Lethe,different_role_still_authorized,0.2,4,0.002855,0.980786,0.980856,0.001755,0.011917,0.002917,0.001812
SIFT1M,1000000,1000000,Lethe,different_role_still_authorized,0.2,5,0.000135,0.982231,0.980635,0.0,0.029308,0.001554,0.000952
SIFT1M,1000000,1000000,Lethe,different_role_still_authorized,0.2,6,0.00242,0.982342,0.983234,0.001995,0.017358,0.002433,0.00144
SIFT1M,1000000,1000000,Lethe,different_role_still_authorized,0.2,7,0.001367,0.980648,0.97936,5e-05,0.02127,0.001608,0.001299
SIFT1M,1000000,1000000,Lethe,different_role_still_authorized,0.2,8,0.00124,0.980836,0.981614,0.0,0.018821,0.003896,0.0023
SIFT1M,1000000,1000000,Lethe,different_role_still_authorized,0.2,9,0.003004,0.979436,0.981239,0.001555,0.018793,0.001943,0.002002
SIFT1M,1000000,1000000,Lethe,ancestor_descendant_still_authorized,0.2,0,0.001523,0.980803,0.981696,0.002636,0.025966,0.001159,0.00213
SIFT1M,1000000,1000000,Lethe,ancestor_descendant_still_authorized,0.2,1,0.001772,0.978795,0.981711,0.000678,0.012536,0.000691,0.002733
SIFT1M,1000000,1000000,Lethe,ancestor_descendant_still_authorized,0.2,2,0.00128,0.979893,0.982714,0.002766,0.025172,0.002965,0.002218
SIFT1M,1000000,1000000,Lethe,ancestor_descendant_still_authorized,0.2,3,0.002988,0.981963,0.979204,0.002437,0.015757,0.001425,0.001326
SIFT1M,1000000,1000000,Lethe,ancestor_descendant_still_authorized,0.2,4,0.002466,0.979276,0.978758,0.001136,0.013384,0.003451,0.001461
SIFT1M,1000000,1000000,Lethe,ancestor_descendant_still_authorized,0.2,5,0.004039,0.981376,0.979889,0.002996,0.023131,0.000894,0.003312
SIFT1M,1000000,1000000,Lethe,ancestor_descendant_still_authorized,0.2,6,0.00286,0.980538,0.980656,0.000746,0.027231,0.002673,0.001335
SIFT1M,1000000,1000000,Lethe,ancestor_descendant_still_authorized,0.2,7,0.002013,0.982105,0.98269,0.001837,0.007165,0.001862,0.002027
SIFT1M,1000000,1000000,Lethe,ancestor_descendant_still_authorized,0.2,8,0.001079,0.979998,0.982171,0.001845,0.012201,0.001339,0.0
SIFT1M,1000000,1000000,Lethe,ancestor_descendant_still_authorized,0.2,9,0.002981,0.983545,0.980227,0.00302,0.014622,0.000396,0.001258
SIFT1M,1000000,1000000,Lethe,revoked_user,0.3,0,0.010159,0.981327,0.982497,0.009576,0.015625,0.0,0.000971
SIFT1M,1000000,1000000,Lethe,revoked_user,0.3,1,0.00809,0.98067,0.981522,0.005938,0.013356,0.00095,0.001447
SIFT1M,1000000,1000000,Lethe,revoked_user,0.3,2,0.012488,0.980909,0.97975,0.010787,0.00684,0.001711,0.003457
SIFT1M,1000000,1000000,Lethe,revoked_user,0.3,3,0.012386,0.981107,0.982559,0.010189,0.020993,0.001039,0.002047
SIFT1M,1000000,1000000,Lethe,revoked_user,0.3,4,0.014964,0.982404,0.978804,0.011212,0.015758,0.003321,0.002218
SIFT1M,1000000,1000000,Lethe,revoked_user,0.3,5,0.011324,0.982213,0.981073,0.007827,0.008124,0.00237,0.001819
SIFT1M,1000000,1000000,Lethe,revoked_user,0.3,6,0.010101,0.9799,0.981774,0.008081,0.007382,0.001306,0.001638
SIFT1M,1000000,1000000,Lethe,revoked_user,0.3,7,0.012208,0.980154,0.978005,0.00893,0.009141,0.000403,0.001785
SIFT1M,1000000,1000000,Lethe,revoked_user,0.3,8,0.011344,0.979764,0.983402,0.008584,0.016046,0.002256,0.001069
SIFT1M,1000000,1000000,Lethe,revoked_user,0.3,9,0.011443,0.982664,0.979949,0.009926,0.01431,0.002474,0.003124
SIFT1M,1000000,1000000,Lethe,same_role_still_authorized,0.3,0,0.002333,0.980203,0.981686,0.002601,0.01358,0.002854,0.002169
SIFT1M,1000000,1000000,Lethe,same_role_still_authorized,0.3,1,0.004242,0.983149,0.982021,0.005043,0.013969,0.003119,0.002917
SIFT1M,1000000,1000000,Lethe,same_role_still_authorized,0.3,2,0.00179,0.97955,0.982064,0.000968,0.018576,0.002146,0.002296
SIFT1M,1000000,1000000,Lethe,same_role_still_authorized,0.3,3,0.002064,0.982167,0.980207,0.001551,0.010516,0.002546,0.003198
SIFT1M,1000000,1000000,Lethe,same_role_still_authorized,0.3,4,0.001427,0.980411,0.985002,0.001564,0.020052,0.0,0.002294
SIFT1M,1000000,1000000,Lethe,same_role_still_authorized,0.3,5,0.0028,0.98193,0.98164,0.0,0.028876,0.000536,8.1e-05
SIFT1M,1000000,1000000,Lethe,same_role_still_authorized,0.3,6,0.00228,0.981144,0.979803,0.003108,0.020209,0.001653,0.001661
SIFT1M,1000000,1000000,Lethe,same_role_still_authorized,0.3,7,0.002844,0.979196,0.980431,0.002847,0.006294,0.002454,0.0
SIFT1M,1000000,1000000,Lethe,same_role_still_authorized,0.3,8,0.001533,0.980307,0.981964,0.000759,0.018224,0.002659,0.001126
SIFT1M,1000000,1000000,Lethe,same_role_still_authorized,0.3,9,0.000703,0.979107,0.979999,0.00014,0.017126,0.001353,0.002551
SIFT1M,1000000,1000000,Lethe,different_role_still_authorized,0.3,0,0.001722,0.981965,0.98132,0.00279,0.009141,0.002306,0.00302
SIFT1M,1000000,1000000,Lethe,different_role_still_authorized,0.3,1,0.003047,0.981711,0.98045,0.002544,0.008858,0.00229,0.00286
SIFT1M,1000000,1000000,Lethe,different_role_still_authorized,0.3,2,0.002584,0.979922,0.982601,0.001533,0.000376,0.00191,0.001746
SIFT1M,1000000,1000000,Lethe,different_role_still_authorized,0.3,3,0.00217,0.9812,0.980633,0.001255,0.019597,0.001258,0.001636
SIFT1M,1000000,1000000,Lethe,different_role_still_authorized,0.3,4,0.004044,0.982255,0.981858,0.002279,0.020358,0.000434,0.00197
SIFT1M,1000000,1000000,Lethe,different_role_still_authorized,0.3,5,0.001962,0.981167,0.982557,0.002945,0.01443,0.001202,0.002789
SIFT1M,1000000,1000000,Lethe,different_role_still_authorized,0.3,6,0.001915,0.979999,0.978649,0.000845,0.017327,0.00277,0.001172
SIFT1M,1000000,1000000,Lethe,different_role_still_authorized,0.3,7,0.003631,0.979359,0.98434,0.003855,0.009551,0.003866,0.00474
SIFT1M,1000000,1000000,Lethe,different_role_still_authorized,0.3,8,0.002208,0.982239,0.982548,0.001795,0.009517,0.001189,0.000861
SIFT1M,1000000,1000000,Lethe,different_role_still_authorized,0.3,9,0.002567,0.979092,0.979847,0.002868,0.011404,0.003203,0.002151
SIFT1M,1000000,1000000,Lethe,ancestor_descendant_still_authorized,0.3,0,0.000595,0.980497,0.983029,0.0,0.017446,0.002494,0.002547
SIFT1M,1000000,1000000,Lethe,ancestor_descendant_still_authorized,0.3,1,0.003393,0.979204,0.982278,0.002074,0.02249,0.001607,0.002231
SIFT1M,1000000,1000000,Lethe,ancestor_descendant_still_authorized,0.3,2,0.001852,0.981845,0.981521,0.001399,0.011188,0.002205,0.000863
SIFT1M,1000000,1000000,Lethe,ancestor_descendant_still_authorized,0.3,3,0.004493,0.981174,0.982995,0.004747,0.000937,0.002838,0.000545
SIFT1M,1000000,1000000,Lethe,ancestor_descendant_still_authorized,0.3,4,0.001569,0.980702,0.981341,0.000454,0.019813,0.001581,0.002678
SIFT1M,1000000,1000000,Lethe,ancestor_descendant_still_authorized,0.3,5,0.003344,0.981737,0.982357,0.003019,0.021469,0.003357,0.001609
SIFT1M,1000000,1000000,Lethe,ancestor_descendant_still_authorized,0.3,6,0.000954,0.980666,0.980627,0.000577,0.015336,0.002133,0.001078
SIFT1M,1000000,1000000,Lethe,ancestor_descendant_still_authorized,0.3,7,0.002499,0.981718,0.979023,0.002842,0.018868,0.001698,0.00303
SIFT1M,1000000,1000000,Lethe,ancestor_descendant_still_authorized,0.3,8,0.003296,0.98286,0.981357,0.001775,0.005926,0.00336,0.001558
SIFT1M,1000000,1000000,Lethe,ancestor_descendant_still_authorized,0.3,9,0.004204,0.979368,0.978341,0.004146,0.013794,0.001826,0.001124
SIFT1M,1000000,1000000,Lethe,revoked_user,0.4,0,0.014763,0.980106,0.979865,0.011243,0.009576,0.002438,0.002536
SIFT1M,1000000,1000000,Lethe,revoked_user,0.4,1,0.011769,0.98174,0.983263,0.008642,0.018921,0.00222,0.000326
SIFT1M,1000000,1000000,Lethe,revoked_user,0.4,2,0.010918,0.981113,0.980921,0.008655,0.020096,0.001459,0.003219
SIFT1M,1000000,1000000,Lethe,revoked_user,0.4,3,0.011143,0.981304,0.981796,0.00862,0.010606,0.001029,0.004739
SIFT1M,1000000,1000000,Lethe,revoked_user,0.4,4,0.010954,0.981433,0.98344,0.00814,0.022396,0.002607,0.002073
SIFT1M,1000000,1000000,Lethe,revoked_user,0.4,5,0.013716,0.980309,0.979726,0.011356,0.019001,0.002914,0.001082
SIFT1M,1000000,1000000,Lethe,revoked_user,0.4,6,0.011223,0.981145,0.981802,0.007283,0.014609,0.002316,0.003166
SIFT1M,1000000,1000000,Lethe,revoked_user,0.4,7,0.015022,0.981591,0.983918,0.013505,0.01493,0.002539,0.001472
SIFT1M,1000000,1000000,Lethe,revoked_user,0.4,8,0.015187,0.982854,0.981308,0.013063,0.011309,0.00171,0.002351
SIFT1M,1000000,1000000,Lethe,revoked_user,0.4,9,0.014108,0.977988,0.979114,0.011668,0.013389,0.002306,0.002499
SIFT1M,1000000,1000000,Lethe,same_role_still_authorized,0.4,0,0.00444,0.982687,0.980769,0.005184,0.006983,0.001696,0.002166
SIFT1M,1000000,1000000,Lethe,same_role_still_authorized,0.4,1,0.004224,0.979722,0.982143,0.003961,0.011194,0.003294,0.002705
SIFT1M,1000000,1000000,Lethe,same_role_still_authorized,0.4,2,0.001759,0.98283,0.980484,0.000852,0.019936,0.001275,0.002596
SIFT1M,1000000,1000000,Lethe,same_role_still_authorized,0.4,3,0.002877,0.978845,0.982464,0.00135,0.01797,0.001266,0.002266
SIFT1M,1000000,1000000,Lethe,same_role_still_authorized,0.4,4,0.001755,0.979379,0.980326,0.002706,0.014764,0.0,0.002606
SIFT1M,1000000,1000000,Lethe,same_role_still_authorized,0.4,5,0.003189,0.983253,0.98129,0.003663,0.017433,0.002179,0.001169
SIFT1M,1000000,1000000,Lethe,same_role_still_authorized,0.4,6,0.004561,0.981736,0.98006,0.00507,0.018434,0.000566,0.002372
SIFT1M,1000000,1000000,Lethe,same_role_still_authorized,0.4,7,0.003183,0.979458,0.979212,0.001541,0.021378,0.001734,0.001521
SIFT1M,1000000,1000000,Lethe,same_role_still_authorized,0.4,8,0.001922,0.983045,0.980888,0.003278,0.011276,0.001851,0.002508
SIFT1M,1000000,1000000,Lethe,same_role_still_authorized,0.4,9,0.001589,0.98262,0.976896,0.000982,0.01792,0.002635,0.002335
SIFT1M,1000000,1000000,Lethe,different_role_still_authorized,0.4,0,0.001851,0.982019,0.979468,0.003192,0.012262,0.001447,0.00322
SIFT1M,1000000,1000000,Lethe,different_role_still_authorized,0.4,1,0.00379,0.980291,0.980076,0.003607,0.018867,0.002903,0.00148
SIFT1M,1000000,1000000,Lethe,different_role_still_authorized,0.4,2,0.00346,0.982166,0.980613,0.002658,0.016435,0.0,0.002928
SIFT1M,1000000,1000000,Lethe,different_role_still_authorized,0.4,3,0.002885,0.980326,0.981745,0.001847,0.010802,0.001158,0.001303
SIFT1M,1000000,1000000,Lethe,different_role_still_authorized,0.4,4,0.002576,0.981168,0.983775,0.000387,0.00688,0.00191,0.001763
SIFT1M,1000000,1000000,Lethe,different_role_still_authorized,0.4,5,0.003297,0.978831,0.979944,0.00186,0.016348,4.5e-05,0.001225
SIFT1M,1000000,1000000,Lethe,different_role_still_authorized,0.4,6,0.003091,0.979804,0.980091,0.001291,0.022115,0.002306,0.002082
SIFT1M,1000000,1000000,Lethe,different_role_still_authorized,0.4,7,0.00317,0.98201,0.979688,0.001702,0.006113,0.001465,0.00183
SIFT1M,1000000,1000000,Lethe,different_role_still_authorized,0.4,8,0.003698,0.981889,0.982705,0.002652,0.012179,0.001729,0.003368
SIFT1M,1000000,1000000,Lethe,different_role_still_authorized,0.4,9,0.003681,0.977653,0.98114,0.002332,0.027167,0.003056,0.003229
SIFT1M,1000000,1000000,Lethe,ancestor_descendant_still_authorized,0.4,0,0.003715,0.979344,0.982361,0.003548,0.011155,0.002649,0.002155
SIFT1M,1000000,1000000,Lethe,ancestor_descendant_still_authorized,0.4,1,0.003734,0.978947,0.982826,0.003746,0.018949,0.001617,0.001197
SIFT1M,1000000,1000000,Lethe,ancestor_descendant_still_authorized,0.4,2,0.003687,0.979213,0.98144,0.002932,0.007818,0.002932,0.00171
SIFT1M,1000000,1000000,Lethe,ancestor_descendant_still_authorized,0.4,3,0.004048,0.979341,0.978973,0.003964,0.014026,0.000728,0.002203
SIFT1M,1000000,1000000,Lethe,ancestor_descendant_still_authorized,0.4,4,0.001403,0.981558,0.981278,0.0,0.021466,0.003694,0.001973
SIFT1M,1000000,1000000,Lethe,ancestor_descendant_still_authorized,0.4,5,0.003124,0.97966,0.979932,0.001527,0.013269,0.001319,0.001989
SIFT1M,1000000,1000000,Lethe,ancestor_descendant_still_authorized,0.4,6,0.003195,0.981566,0.978873,0.003174,0.011771,0.003275,0.002986
SIFT1M,1000000,1000000,Lethe,ancestor_descendant_still_authorized,0.4,7,0.005754,0.980904,0.9827,0.003731,0.02416,0.003301,0.000987
SIFT1M,1000000,1000000,Lethe,ancestor_descendant_still_authorized,0.4,8,0.002364,0.980937,0.980992,0.000899,0.013771,0.002723,0.002868
SIFT1M,1000000,1000000,Lethe,ancestor_descendant_still_authorized,0.4,9,0.003557,0.979541,0.981217,0.002494,0.009803,0.001622,0.001957
SIFT1M,1000000,1000000,Lethe,revoked_user,0.5,0,0.011847,0.982628,0.979675,0.008962,0.003073,0.002852,0.003071
SIFT1M,1000000,1000000,Lethe,revoked_user,0.5,1,0.012077,0.981954,0.981946,0.009621,0.018101,0.000922,0.00155
SIFT1M,1000000,1000000,Lethe,revoked_user,0.5,2,0.013649,0.980253,0.982069,0.010965,0.007928,0.001948,0.002198
SIFT1M,1000000,1000000,Lethe,revoked_user,0.5,3,0.014639,0.980027,0.981783,0.011622,0.015479,0.000295,7.6e-05
SIFT1M,1000000,1000000,Lethe,revoked_user,0.5,4,0.013118,0.983008,0.979143,0.010357,0.009653,0.002404,0.000851
SIFT1M,1000000,1000000,Lethe,revoked_user,0.5,5,0.01755,0.985022,0.981701,0.014833,0.021701,0.001032,0.00207
SIFT1M,1000000,1000000,Lethe,revoked_user,0.5,6,0.014483,0.979032,0.980098,0.010791,0.01645,0.001059,0.002464
SIFT1M,1000000,1000000,Lethe,revoked_user,0.5,7,0.015417,0.979455,0.978912,0.012264,0.005828,0.000914,0.001547
SIFT1M,1000000,1000000,Lethe,revoked_user,0.5,8,0.012193,0.982343,0.982724,0.009578,0.003086,0.002201,0.002847
SIFT1M,1000000,1000000,Lethe,revoked_user,0.5,9,0.017326,0.979343,0.977528,0.014339,0.017656,0.003504,0.001891
SIFT1M,1000000,1000000,Lethe,same_role_still_authorized,0.5,0,0.003424,0.98288,0.981423,0.00335,0.019731,0.001347,0.000608
SIFT1M,1000000,1000000,Lethe,same_role_still_authorized,0.5,1,0.00454,0.979834,0.978107,0.00386,0.017531,0.002446,0.001896
SIFT1M,1000000,1000000,Lethe,same_role_still_authorized,0.5,2,0.002917,0.978762,0.979005,0.002811,0.012047,0.000217,0.002372
SIFT1M,1000000,1000000,Lethe,same_role_still_authorized,0.5,3,0.002403,0.983781,0.981205,0.002514,0.012636,0.002344,0.001313
SIFT1M,1000000,1000000,Lethe,same_role_still_authorized,0.5,4,0.003613,0.980931,0.981323,0.002689,0.016553,0.002438,0.000999
SIFT1M,1000000,1000000,Lethe,same_role_still_authorized,0.5,5,0.005739,0.982054,0.980962,0.003048,0.025163,0.003081,0.002859
SIFT1M,1000000,1000000,Lethe,same_role_still_authorized,0.5,6,0.002054,0.98232,0.981878,0.001681,0.021182,0.001513,0.001903
SIFT1M,1000000,1000000,Lethe,same_role_still_authorized,0.5,7,0.002665,0.983195,0.978495,0.002194,0.014156,0.001289,0.004171
SIFT1M,1000000,1000000,Lethe,same_role_still_authorized,0.5,8,0.003598,0.982177,0.979617,0.001692,0.009681,0.002977,0.003469
SIFT1M,1000000,1000000,Lethe,same_role_still_authorized,0.5,9,0.002043,0.980566,0.981554,0.001194,0.017823,0.001797,0.002216
SIFT1M,1000000,1000000,Lethe,different_role_still_authorized,0.5,0,0.001436,0.981489,0.979726,0.001225,0.0205,0.001463,0.004178
SIFT1M,1000000,1000000,Lethe,different_role_still_authorized,0.5,1,0.003463,0.981086,0.981514,0.0028,0.015601,0.002651,0.004101
SIFT1M,1000000,1000000,Lethe,different_role_still_authorized,0.5,2,0.003368,0.981638,0.982565,0.004566,0.002404,0.003047,0.002883
SIFT1M,1000000,1000000,Lethe,different_role_still_authorized,0.5,3,0.00171,0.982986,0.981104,0.001811,0.018557,0.002731,0.002597
SIFT1M,1000000,1000000,Lethe,different_role_still_authorized,0.5,4,0.003147,0.982056,0.981995,0.002215,0.009292,0.002144,0.001601
SIFT1M,1000000,1000000,Lethe,different_role_still_authorized,0.5,5,0.003683,0.978824,0.979161,0.004028,0.016725,0.001857,0.00207
SIFT1M,1000000,1000000,Lethe,different_role_still_authorized,0.5,6,0.0038,0.982655,0.980151,0.001992,0.011182,0.003748,0.002468
SIFT1M,1000000,1000000,Lethe,different_role_still_authorized,0.5,7,0.004092,0.980614,0.980029,0.001736,0.0,0.002117,0.003149
SIFT1M,1000000,1000000,Lethe,different_role_still_authorized,0.5,8,0.002946,0.981388,0.979668,0.003106,0.000694,0.002221,0.0
SIFT1M,1000000,1000000,Lethe,different_role_still_authorized,0.5,9,0.0029,0.98121,0.981407,0.003813,0.019565,0.002929,0.001754
SIFT1M,1000000,1000000,Lethe,ancestor_descendant_still_authorized,0.5,0,0.003886,0.980143,0.982231,0.002553,0.017284,0.00216,0.003519
SIFT1M,1000000,1000000,Lethe,ancestor_descendant_still_authorized,0.5,1,0.002497,0.979405,0.981837,0.001078,0.019029,0.001349,0.000552
SIFT1M,1000000,1000000,Lethe,ancestor_descendant_still_authorized,0.5,2,0.001344,0.979524,0.981749,0.001129,0.013044,0.001817,0.001656
SIFT1M,1000000,1000000,Lethe,ancestor_descendant_still_authorized,0.5,3,0.002217,0.980648,0.97889,0.002525,0.01688,0.001336,0.003037
SIFT1M,1000000,1000000,Lethe,ancestor_descendant_still_authorized,0.5,4,0.003857,0.982128,0.983162,0.002628,0.015694,0.00142,0.002063
SIFT1M,1000000,1000000,Lethe,ancestor_descendant_still_authorized,0.5,5,0.002964,0.982051,0.980246,0.00178,0.011583,0.004045,0.000446
SIFT1M,1000000,1000000,Lethe,ancestor_descendant_still_authorized,0.5,6,0.004728,0.980614,0.980342,0.00421,0.020445,0.001419,0.001275
SIFT1M,1000000,1000000,Lethe,ancestor_descendant_still_authorized,0.5,7,0.002519,0.981356,0.980704,0.000766,0.016147,0.003354,0.000901
SIFT1M,1000000,1000000,Lethe,ancestor_descendant_still_authorized,0.5,8,0.002038,0.980402,0.982437,0.00068,0.011848,0.00203,0.000375
SIFT1M,1000000,1000000,Lethe,ancestor_descendant_still_authorized,0.5,9,0.002275,0.982749,0.97997,0.001097,0.019747,0.001098,0.002735
SIFT1M,1000000,1000000,Lethe,revoked_user,0.1,0,0.012257,0.981533,0.982628,0.00856,0.011259,0.002021,0.001393
SIFT1M,1000000,1000000,Lethe,revoked_user,0.1,1,0.005824,0.978887,0.97975,0.005055,0.009875,0.000208,0.0011
SIFT1M,1000000,1000000,Lethe,revoked_user,0.1,2,0.007592,0.982621,0.982878,0.004988,0.011771,0.000635,0.002128
SIFT1M,1000000,1000000,Lethe,revoked_user,0.1,3,0.006711,0.978903,0.981761,0.006272,0.01743,0.002768,0.001306
SIFT1M,1000000,1000000,Lethe,revoked_user,0.1,4,0.006965,0.979349,0.979914,0.005071,0.015382,0.001462,0.001832
SIFT1M,1000000,1000000,Lethe,revoked_user,0.1,5,0.00631,0.982506,0.979683,0.00722,0.019745,0.00247,0.002851
SIFT1M,1000000,1000000,Lethe,revoked_user,0.1,6,0.00755,0.980204,0.980026,0.008142,0.013953,0.001583,0.002652
SIFT1M,1000000,1000000,Lethe,revoked_user,0.1,7,0.00765,0.980634,0.977441,0.004166,0.021957,0.002237,0.001368
SIFT1M,1000000,1000000,Lethe,revoked_user,0.1,8,0.007752,0.982997,0.983571,0.006119,0.013162,0.002428,0.002291
SIFT1M,1000000,1000000,Lethe,revoked_user,0.1,9,0.007319,0.980687,0.982248,0.006668,0.020729,0.0,0.001212
SIFT1M,1000000,1000000,Lethe,same_role_still_authorized,0.1,0,0.001496,0.977553,0.979271,4.2e-05,0.01721,0.001676,0.003259
SIFT1M,1000000,1000000,Lethe,same_role_still_authorized,0.1,1,0.001682,0.980491,0.981582,0.002392,0.010286,0.0,0.002062
SIFT1M,1000000,1000000,Lethe,same_role_still_authorized,0.1,2,0.001537,0.982518,0.980741,0.000639,0.020082,0.002622,0.001464
SIFT1M,1000000,1000000,Lethe,same_role_still_authorized,0.1,3,0.002992,0.981279,0.980295,0.00402,0.010674,0.002371,0.002516
SIFT1M,1000000,1000000,Lethe,same_role_still_authorized,0.1,4,0.000436,0.981799,0.983096,0.000249,0.017879,0.00193,0.002414
SIFT1M,1000000,1000000,Lethe,same_role_still_authorized,0.1,5,0.002183,0.982726,0.984483,0.000919,0.010908,0.002466,0.002463
SIFT1M,1000000,1000000,Lethe,same_role_still_authorized,0.1,6,0.003534,0.982049,0.980343,0.003153,0.010994,0.001518,0.002402
SIFT1M,1000000,1000000,Lethe,same_role_still_authorized,0.1,7,0.000613,0.980719,0.982324,0.001288,0.00757,0.003292,0.001558
SIFT1M,1000000,1000000,Lethe,same_role_still_authorized,0.1,8,0.002951,0.97918,0.979589,0.00214,0.011169,0.003873,0.000517
SIFT1M,1000000,1000000,Lethe,same_role_still_authorized,0.1,9,0.001804,0.978738,0.980075,0.001469,0.014999,0.000752,0.003071
SIFT1M,1000000,1000000,Lethe,different_role_still_authorized,0.1,0,0.000443,0.98156,0.984179,0.0,0.0163,0.003229,0.002686
SIFT1M,1000000,1000000,Lethe,different_role_still_authorized,0.1,1,0.001257,0.980608,0.981994,0.001697,0.017378,0.003249,0.00108
SIFT1M,1000000,1000000,Lethe,different_role_still_authorized,0.1,2,0.0,0.979918,0.981326,0.0,0.007589,0.002716,0.001995
SIFT1M,1000000,1000000,Lethe,different_role_still_authorized,0.1,3,0.001607,0.979431,0.981283,0.000312,0.016692,0.002253,0.002136
SIFT1M,1000000,1000000,Lethe,different_role_still_authorized,0.1,4,0.000362,0.978721,0.980575,0.000891,0.011751,0.000902,0.003369
SIFT1M,1000000,1000000,Lethe,different_role_still_authorized,0.1,5,0.00099,0.98031,0.979745,0.00072,0.010698,0.002831,0.002215
SIFT1M,1000000,1000000,Lethe,different_role_still_authorized,0.1,6,0.003102,0.983774,0.982628,0.001992,0.014399,0.003258,0.000942
SIFT1M,1000000,1000000,Lethe,different_role_still_authorized,0.1,7,0.002597,0.981862,0.982379,0.003259,0.017524,0.00197,0.001802
SIFT1M,1000000,1000000,Lethe,different_role_still_authorized,0.1,8,0.001702,0.98372,0.980846,0.002038,0.01464,0.003555,0.001804
SIFT1M,1000000,1000000,Lethe,different_role_still_authorized,0.1,9,0.001306,0.981791,0.981043,0.001239,0.015792,0.002052,0.00167
SIFT1M,1000000,1000000,Lethe,ancestor_descendant_still_authorized,0.1,0,0.001465,0.982244,0.97911,0.000206,0.01708,0.002054,0.001665
SIFT1M,1000000,1000000,Lethe,ancestor_descendant_still_authorized,0.1,1,0.002771,0.981136,0.981334,0.002767,0.010367,0.003318,0.001509
SIFT1M,1000000,1000000,Lethe,ancestor_descendant_still_authorized,0.1,2,0.002489,0.978566,0.981073,0.001385,0.016778,0.002494,0.002645
SIFT1M,1000000,1000000,Lethe,ancestor_descendant_still_authorized,0.1,3,0.002717,0.97821,0.983599,0.001524,0.019234,0.002958,0.001979
SIFT1M,1000000,1000000,Lethe,ancestor_descendant_still_authorized,0.1,4,0.001493,0.980256,0.98097,0.00243,0.014459,0.002434,0.003511
SIFT1M,1000000,1000000,Lethe,ancestor_descendant_still_authorized,0.1,5,0.001763,0.980479,0.982973,0.001525,0.018511,7e-06,0.000503
SIFT1M,1000000,1000000,Lethe,ancestor_descendant_still_authorized,0.1,6,0.002082,0.978721,0.983506,0.001448,0.008449,0.001567,0.001748
SIFT1M,1000000,1000000,Lethe,ancestor_descendant_still_authorized,0.1,7,0.003698,0.982203,0.981705,0.003123,0.024392,0.000648,0.002049
SIFT1M,1000000,1000000,Lethe,ancestor_descendant_still_authorized,0.1,8,0.00209,0.979178,0.983582,0.003027,0.024927,0.001348,0.001163
SIFT1M,1000000,1000000,Lethe,ancestor_descendant_still_authorized,0.1,9,0.002552,0.982418,0.983017,0.003704,0.011616,0.001748,0.002993
SIFT1M,1000000,1000000,Lethe,revoked_user,0.2,0,0.009999,0.981351,0.985038,0.008402,0.015125,0.001731,0.001345
SIFT1M,1000000,1000000,Lethe,revoked_user,0.2,1,0.00999,0.982279,0.98182,0.008288,0.013036,0.002773,0.001274
SIFT1M,1000000,1000000,Lethe,revoked_user,0.2,2,0.007918,0.981632,0.980359,0.006384,0.011538,0.002489,0.003121
SIFT1M,1000000,1000000,Lethe,revoked_user,0.2,3,0.011143,0.982331,0.98267,0.00869,0.018802,0.000378,0.00294
SIFT1M,1000000,1000000,Lethe,revoked_user,0.2,4,0.009488,0.978693,0.981108,0.009222,0.013209,0.004263,0.000459
SIFT1M,1000000,1000000,Lethe,revoked_user,0.2,5,0.011446,0.981046,0.982941,0.009972,0.011615,0.002958,0.00235
SIFT1M,1000000,1000000,Lethe,revoked_user,0.2,6,0.008491,0.984105,0.981948,0.00713,0.017143,0.003726,0.003391
SIFT1M,1000000,1000000,Lethe,revoked_user,0.2,7,0.009323,0.980285,0.983214,0.006578,0.001705,0.001378,0.001869
SIFT1M,1000000,1000000,Lethe,revoked_user,0.2,8,0.008829,0.977949,0.983462,0.005885,0.010583,0.002822,0.002522
SIFT1M,1000000,1000000,Lethe,revoked_user,0.2,9,0.01094,0.980574,0.981937,0.009084,0.032086,0.001969,0.001497
SIFT1M,1000000,1000000,Lethe,same_role_still_authorized,0.2,0,0.003046,0.9825,0.980604,0.002158,0.009371,0.002019,0.002593
SIFT1M,1000000,1000000,Lethe,same_role_still_authorized,0.2,1,0.000896,0.981425,0.982842,0.001725,0.013485,0.002668,0.001425
SIFT1M,1000000,1000000,Lethe,same_role_still_authorized,0.2,2,0.000619,0.980036,0.981364,0.000651,0.011585,0.001484,0.002654
SIFT1M,1000000,1000000,Lethe,same_role_still_authorized,0.2,3,0.001925,0.979634,0.979215,0.000932,0.02404,0.002209,0.002014
SIFT1M,1000000,1000000,Lethe,same_role_still_authorized,0.2,4,0.002309,0.980464,0.979315,0.001158,0.016498,0.000748,0.003883
SIFT1M,1000000,1000000,Lethe,same_role_still_authorized,0.2,5,0.00255,0.98062,0.982091,0.002578,0.015627,0.002116,0.002911
SIFT1M,1000000,1000000,Lethe,same_role_still_authorized,0.2,6,0.004249,0.981538,0.981319,0.001333,0.018232,0.003359,0.001772
SIFT1M,1000000,1000000,Lethe,same_role_still_authorized,0.2,7,0.002654,0.98046,0.979397,0.00273,0.015097,0.000487,0.003766
SIFT1M,1000000,1000000,Lethe,same_role_still_authorized,0.2,8,0.0,0.981263,0.980404,0.0,0.018238,0.002337,0.002767
SIFT1M,1000000,1000000,Lethe,same_role_still_authorized,0.2,9,0.002376,0.980399,0.982347,0.003062,0.012583,0.001686,0.001628
SIFT1M,1000000,1000000,Lethe,different_role_still_authorized,0.2,0,0.002756,0.983172,0.983979,0.001328,0.007533,0.002135,0.0
SIFT1M,1000000,1000000,Lethe,different_role_still_authorized,0.2,1,0.004107,0.982269,0.98025,0.001147,0.014969,0.002418,0.001614
SIFT1M,1000000,1000000,Lethe,different_role_still_authorized,0.2,2,0.001969,0.980878,0.980385,0.001031,0.024113,0.001462,0.003261
SIFT1M,1000000,1000000,Lethe,different_role_still_authorized,0.2,3,0.002745,0.982596,0.981559,0.003111,0.018341,0.000884,0.001636
SIFT1M,1000000,1000000,Lethe,different_role_still_authorized,0.2,4,0.001364,0.981133,0.983278,0.0,0.006425,0.004039,0.002838
SIFT1M,1000000,1000000,Lethe,different_role_still_authorized,0.2,5,0.000991,0.980725,0.981294,0.0,0.017105,0.002057,0.002883
SIFT1M,1000000,1000000,Lethe,different_role_still_authorized,0.2,6,0.003402,0.985421,0.979156,0.001683,0.024882,0.003029,0.003044
SIFT1M,1000000,1000000,Lethe,different_role_still_authorized,0.2,7,0.001178,0.981091,0.983918,0.001101,0.01507,0.002962,0.002011
SIFT1M,1000000,1000000,Lethe,different_role_still_authorized,0.2,8,0.003195,0.981309,0.981742,0.001286,0.010648,0.002156,0.002082
SIFT1M,1000000,1000000,Lethe,different_role_still_authorized,0.2,9,0.00375,0.983527,0.979941,0.003669,0.008286,0.001581,0.0
SIFT1M,1000000,1000000,Lethe,ancestor_descendant_still_authorized,0.2,0,0.003543,0.981064,0.983863,0.001631,0.015066,0.002624,0.002182
SIFT1M,1000000,1000000,Lethe,ancestor_descendant_still_authorized,0.2,1,0.00311,0.981198,0.982025,0.0033,0.005112,0.000219,0.001377
SIFT1M,1000000,1000000,Lethe,ancestor_descendant_still_authorized,0.2,2,0.004362,0.983461,0.978925,0.003058,0.008694,0.003024,0.003233
SIFT1M,1000000,1000000,Lethe,ancestor_descendant_still_authorized,0.2,3,0.001969,0.982025,0.980029,0.003287,0.021103,0.003821,0.002705
SIFT1M,1000000,1000000,Lethe,ancestor_descendant_still_authorized,0.2,4,0.002004,0.980664,0.980906,0.0,0.01847,0.000842,0.000137
SIFT1M,1000000,1000000,Lethe,ancestor_descendant_still_authorized,0.2,5,0.001371,0.980383,0.979836,0.000956,0.010528,0.0,0.001867
SIFT1M,1000000,1000000,Lethe,ancestor_descendant_still_authorized,0.2,6,0.001756,0.981044,0.980065,0.000728,0.011387,0.002305,0.000534
SIFT1M,1000000,1000000,Lethe,ancestor_descendant_still_authorized,0.2,7,0.0,0.981795,0.981631,0.0,0.010732,0.003671,0.00136
SIFT1M,1000000,1000000,Lethe,ancestor_descendant_still_authorized,0.2,8,0.002244,0.981404,0.980729,0.001835,0.012159,0.001849,0.0
SIFT1M,1000000,1000000,Lethe,ancestor_descendant_still_authorized,0.2,9,0.003196,0.981162,0.980538,0.002508,0.012439,0.001955,0.002833
SIFT1M,1000000,1000000,Lethe,revoked_user,0.3,0,0.009445,0.981373,0.980812,0.007701,0.012906,0.003026,0.001814
SIFT1M,1000000,1000000,Lethe,revoked_user,0.3,1,0.009888,0.980652,0.979656,0.007682,0.009195,0.001764,0.001983
SIFT1M,1000000,1000000,Lethe,revoked_user,0.3,2,0.01062,0.981561,0.982437,0.00892,0.024717,0.00244,0.002009
SIFT1M,1000000,1000000,Lethe,revoked_user,0.3,3,0.012483,0.981875,0.981509,0.010426,0.004131,0.0019,0.001687
SIFT1M,1000000,1000000,Lethe,revoked_user,0.3,4,0.013375,0.982462,0.978165,0.010019,0.014665,0.001698,0.001422
SIFT1M,1000000,1000000,Lethe,revoked_user,0.3,5,0.01223,0.97971,0.979452,0.010348,0.011506,0.001858,0.003993
SIFT1M,1000000,1000000,Lethe,revoked_user,0.3,6,0.009896,0.983392,0.981355,0.008723,0.013814,0.000559,0.0
SIFT1M,1000000,1000000,Lethe,revoked_user,0.3,7,0.011774,0.982398,0.981913,0.008605,0.021155,0.000223,0.002104
SIFT1M,1000000,1000000,Lethe,revoked_user,0.3,8,0.012856,0.982205,0.981785,0.008785,0.017929,0.001038,0.001268
SIFT1M,1000000,1000000,Lethe,revoked_user,0.3,9,0.012082,0.976981,0.982823,0.008403,0.009031,0.002024,0.002626
SIFT1M,1000000,1000000,Lethe,same_role_still_authorized,0.3,0,0.003592,0.981394,0.982776,0.001847,0.017815,0.00307,0.001542
SIFT1M,1000000,1000000,Lethe,same_role_still_authorized,0.3,1,0.003689,0.982204,0.979845,0.003812,0.013673,0.003468,0.001494
SIFT1M,1000000,1000000,Lethe,same_role_still_authorized,0.3,2,0.00207,0.982763,0.979547,0.002766,0.015072,0.002961,0.003283
SIFT1M,1000000,1000000,Lethe,same_role_still_authorized,0.3,3,0.000915,0.979218,0.980381,0.00136,0.01022,0.001353,0.001536
SIFT1M,1000000,1000000,Lethe,same_role_still_authorized,0.3,4,0.002155,0.982522,0.982443,0.001357,0.020908,0.000827,0.002568
SIFT1M,1000000,1000000,Lethe,same_role_still_authorized,0.3,5,0.002572,0.98092,0.980054,0.000943,0.014579,0.002686,0.001981
SIFT1M,1000000,1000000,Lethe,same_role_still_authorized,0.3,6,0.002635,0.978804,0.980202,0.002941,0.02219,0.001559,0.001918
SIFT1M,1000000,1000000,Lethe,same_role_still_authorized,0.3,7,0.00013,0.980616,0.97924,0.000261,0.016629,0.002501,0.002815
SIFT1M,1000000,1000000,Lethe,same_role_still_authorized,0.3,8,0.003338,0.982882,0.982058,0.001928,0.012105,0.001781,0.004004
SIFT1M,1000000,1000000,Lethe,same_role_still_authorized,0.3,9,0.002454,0.981675,0.981308,0.000638,0.014836,0.002353,0.002452
SIFT1M,1000000,1000000,Lethe,different_role_still_authorized,0.3,0,0.004729,0.984028,0.979815,0.003291,0.006923,0.003972,0.002028
SIFT1M,1000000,1000000,Lethe,different_role_still_authorized,0.3,1,0.002619,0.979945,0.982063,0.002066,0.013581,0.002859,0.003598
SIFT1M,1000000,1000000,Lethe,different_role_still_authorized,0.3,2,0.003109,0.981363,0.980435,0.002912,0.020781,0.000403,0.002351
SIFT1M,1000000,1000000,Lethe,different_role_still_authorized,0.3,3,0.000345,0.980607,0.981198,0.0,0.015778,0.000225,0.000635
SIFT1M,1000000,1000000,Lethe,different_role_still_authorized,0.3,4,0.002148,0.981529,0.981929,0.00147,0.019597,0.001779,0.002226
SIFT1M,1000000,1000000,Lethe,different_role_still_authorized,0.3,5,0.003729,0.979718,0.981601,0.005465,0.011361,0.002095,0.003276
SIFT1M,1000000,1000000,Lethe,different_role_still_authorized,0.3,6,0.000956,0.97969,0.980927,0.0,0.013835,0.002647,0.000782
SIFT1M,1000000,1000000,Lethe,different_role_still_authorized,0.3,7,0.00253,0.981277,0.981563,0.002952,0.01744,0.002269,0.002732
SIFT1M,1000000,1000000,Lethe,different_role_still_authorized,0.3,8,0.001879,0.98423,0.981647,0.000356,0.011609,0.001924,0.001668
SIFT1M,1000000,1000000,Lethe,different_role_still_authorized,0.3,9,0.002367,0.980243,0.979615,0.003061,0.018583,0.000786,0.00396
SIFT1M,1000000,1000000,Lethe,ancestor_descendant_still_authorized,0.3,0,0.001703,0.976483,0.981339,0.000613,0.013518,0.001712,0.000829
SIFT1M,1000000,1000000,Lethe,ancestor_descendant_still_authorized,0.3,1,0.000953,0.981192,0.981846,0.0,0.005727,0.00057,0.001123
SIFT1M,1000000,1000000,Lethe,ancestor_descendant_still_authorized,0.3,2,0.002913,0.981551,0.981509,0.003713,0.023865,0.002056,0.001473
SIFT1M,1000000,1000000,Lethe,ancestor_descendant_still_authorized,0.3,3,0.002703,0.982171,0.979551,0.002066,0.018728,0.002836,0.002755
SIFT1M,1000000,1000000,Lethe,ancestor_descendant_still_authorized,0.3,4,0.002834,0.977394,0.979973,0.002561,0.006847,0.002831,0.00271
SIFT1M,1000000,1000000,Lethe,ancestor_descendant_still_authorized,0.3,5,0.00239,0.980358,0.982119,0.002875,0.011198,0.003135,0.000718
SIFT1M,1000000,1000000,Lethe,ancestor_descendant_still_authorized,0.3,6,0.001729,0.981331,0.981354,0.001551,0.016279,0.002251,0.001796
SIFT1M,1000000,1000000,Lethe,ancestor_descendant_still_authorized,0.3,7,0.002701,0.979454,0.980523,5.1e-05,0.017223,0.002835,0.002851
SIFT1M,1000000,1000000,Lethe,ancestor_descendant_still_authorized,0.3,8,0.003463,0.978916,0.981954,0.003545,0.016769,0.002477,0.003702
SIFT1M,1000000,1000000,Lethe,ancestor_descendant_still_authorized,0.3,9,0.002047,0.984469,0.98085,0.00133,0.019895,0.00219,0.001764
SIFT1M,1000000,1000000,Lethe,revoked_user,0.4,0,0.011121,0.978643,0.981867,0.008471,0.000324,0.002285,0.001478
SIFT1M,1000000,1000000,Lethe,revoked_user,0.4,1,0.013292,0.980603,0.980663,0.010617,0.011772,0.000729,0.001711
SIFT1M,1000000,1000000,Lethe,revoked_user,0.4,2,0.012769,0.982845,0.979108,0.008756,0.018428,0.000801,0.001755
SIFT1M,1000000,1000000,Lethe,revoked_user,0.4,3,0.008885,0.983615,0.981654,0.005913,0.023327,0.000473,0.000435
SIFT1M,1000000,1000000,Lethe,revoked_user,0.4,4,0.01361,0.979075,0.981701,0.009485,0.010054,0.003068,0.002182
SIFT1M,1000000,1000000,Lethe,revoked_user,0.4,5,0.011304,0.98426,0.978775,0.010133,0.009181,0.002243,0.003446
SIFT1M,1000000,1000000,Lethe,revoked_user,0.4,6,0.012214,0.980984,0.981931,0.009315,0.006857,0.001416,0.001738
SIFT1M,1000000,1000000,Lethe,revoked_user,0.4,7,0.011153,0.980795,0.980304,0.010406,0.022391,0.002943,0.000872
SIFT1M,1000000,1000000,Lethe,revoked_user,0.4,8,0.01106,0.979916,0.980168,0.009872,0.012247,0.003231,0.001446
SIFT1M,1000000,1000000,Lethe,revoked_user,0.4,9,0.013645,0.979925,0.980235,0.012037,0.020531,0.002171,0.000827
SIFT1M,1000000,1000000,Lethe,same_role_still_authorized,0.4,0,0.002414,0.982196,0.979106,0.00223,0.011873,0.002211,0.001657
SIFT1M,1000000,1000000,Lethe,same_role_still_authorized,0.4,1,0.002269,0.97926,0.98204,0.001656,0.008089,0.00161,0.003448
SIFT1M,1000000,1000000,Lethe,same_role_still_authorized,0.4,2,0.001552,0.981236,0.980885,0.0,0.023464,0.002645,0.002649
SIFT1M,1000000,1000000,Lethe,same_role_still_authorized,0.4,3,0.003473,0.980736,0.984043,0.003268,0.018208,0.002023,0.000746
SIFT1M,1000000,1000000,Lethe,same_role_still_authorized,0.4,4,0.001463,0.979199,0.98135,0.001547,0.00691,0.002086,0.002913
SIFT1M,1000000,1000000,Lethe,same_role_still_authorized,0.4,5,0.001898,0.983633,0.977357,0.001633,0.016277,0.002073,0.001292
SIFT1M,1000000,1000000,Lethe,same_role_still_authorized,0.4,6,0.004149,0.978601,0.981152,0.002924,0.00819,0.002326,0.000745
SIFT1M,1000000,1000000,Lethe,same_role_still_authorized,0.4,7,0.001677,0.980826,0.980418,0.002212,0.007664,0.00092,0.002675
SIFT1M,1000000,1000000,Lethe,same_role_still_authorized,0.4,8,0.003961,0.978673,0.980147,0.004216,0.015875,0.0024,0.000335
SIFT1M,1000000,1000000,Lethe,same_role_still_authorized,0.4,9,0.003898,0.981156,0.979546,0.003815,0.017187,0.00135,0.000751
SIFT1M,1000000,1000000,Lethe,different_role_still_authorized,0.4,0,0.001738,0.981683,0.978681,0.001611,0.026455,0.0,0.001119
SIFT1M,1000000,1000000,Lethe,different_role_still_authorized,0.4,1,0.001267,0.97815,0.982585,0.003076,0.016224,0.002679,0.002424
SIFT1M,1000000,1000000,Lethe,different_role_still_authorized,0.4,2,0.001232,0.982503,0.980339,0.000449,0.01662,0.00143,0.00148
SIFT1M,1000000,1000000,Lethe,different_role_still_authorized,0.4,3,0.002161,0.981435,0.980577,0.001758,0.013868,0.002254,0.000495
SIFT1M,1000000,1000000,Lethe,different_role_still_authorized,0.4,4,0.002829,0.981354,0.981619,0.002594,0.019793,0.002808,0.002853
SIFT1M,1000000,1000000,Lethe,different_role_still_authorized,0.4,5,0.004078,0.979547,0.979379,0.002842,0.004058,0.00054,0.002734
SIFT1M,1000000,1000000,Lethe,different_role_still_authorized,0.4,6,0.003507,0.980979,0.978125,0.001006,0.023868,0.002954,0.001836
SIFT1M,1000000,1000000,Lethe,different_role_still_authorized,0.4,7,0.003537,0.980398,0.981082,0.003623,0.016981,0.0,0.0
SIFT1M,1000000,1000000,Lethe,different_role_still_authorized,0.4,8,0.002739,0.979817,0.982729,0.003659,0.015623,0.002513,0.00126
SIFT1M,1000000,1000000,Lethe,different_role_still_authorized,0.4,9,0.005091,0.980416,0.981876,0.002123,0.00877,0.003053,0.003275
SIFT1M,1000000,1000000,Lethe,ancestor_descendant_still_authorized,0.4,0,0.003537,0.981635,0.980358,0.001974,0.021343,0.000147,0.0
SIFT1M,1000000,1000000,Lethe,ancestor_descendant_still_authorized,0.4,1,0.002696,0.980901,0.982083,0.00082,0.020302,0.002345,0.000894
SIFT1M,1000000,1000000,Lethe,ancestor_descendant_still_authorized,0.4,2,0.002809,0.980055,0.980474,0.003118,0.007425,0.001643,0.001051
SIFT1M,1000000,1000000,Lethe,ancestor_descendant_still_authorized,0.4,3,0.00294,0.980264,0.981933,0.00329,0.020621,0.003049,0.0
SIFT1M,1000000,1000000,Lethe,ancestor_descendant_still_authorized,0.4,4,0.002211,0.980385,0.98232,0.001327,0.021074,0.001986,0.001634
SIFT1M,1000000,1000000,Lethe,ancestor_descendant_still_authorized,0.4,5,0.003107,0.980559,0.983472,0.002769,0.012681,0.003635,0.001936
SIFT1M,1000000,1000000,Lethe,ancestor_descendant_still_authorized,0.4,6,0.003989,0.977708,0.980285,0.003321,0.018863,0.002924,0.0
SIFT1M,1000000,1000000,Lethe,ancestor_descendant_still_authorized,0.4,7,0.000932,0.980851,0.980272,0.000799,0.013302,0.002049,0.002086
SIFT1M,1000000,1000000,Lethe,ancestor_descendant_still_authorized,0.4,8,0.004774,0.979674,0.97961,0.003621,0.014561,0.001234,0.00309
SIFT1M,1000000,1000000,Lethe,ancestor_descendant_still_authorized,0.4,9,0.002857,0.98244,0.979418,0.003735,0.02351,0.002147,0.003729
SIFT1M,1000000,1000000,Lethe,revoked_user,0.5,0,0.01162,0.980479,0.982501,0.009902,0.0,0.000512,0.0
SIFT1M,1000000,1000000,Lethe,revoked_user,0.5,1,0.011226,0.980825,0.982651,0.009805,0.021818,0.001573,0.000917
SIFT1M,1000000,1000000,Lethe,revoked_user,0.5,2,0.011829,0.981913,0.983276,0.010045,0.013364,0.001769,0.002075
SIFT1M,1000000,1000000,Lethe,revoked_user,0.5,3,0.01361,0.979568,0.978153,0.010455,0.008668,0.003135,0.001294
SIFT1M,1000000,1000000,Lethe,revoked_user,0.5,4,0.013141,0.978744,0.982646,0.011813,0.008602,0.002143,0.001243
SIFT1M,1000000,1000000,Lethe,revoked_user,0.5,5,0.015642,0.981375,0.981426,0.013503,0.015389,0.002495,0.00148
SIFT1M,1000000,1000000,Lethe,revoked_user,0.5,6,0.013777,0.979765,0.979228,0.010456,0.012575,0.000463,0.002562
SIFT1M,1000000,1000000,Lethe,revoked_user,0.5,7,0.016414,0.979314,0.979886,0.013748,0.009271,0.001325,0.003395
SIFT1M,1000000,1000000,Lethe,revoked_user,0.5,8,0.015337,0.978415,0.977848,0.012805,0.00371,0.0,0.002274
SIFT1M,1000000,1000000,Lethe,revoked_user,0.5,9,0.014521,0.979655,0.981765,0.012551,0.024206,0.002556,0.004225
SIFT1M,1000000,1000000,Lethe,same_role_still_authorized,0.5,0,0.002758,0.981995,0.980918,0.001992,0.013934,0.000964,0.001197
SIFT1M,1000000,1000000,Lethe,same_role_still_authorized,0.5,1,0.003253,0.978839,0.98285,0.003406,0.01889,0.002053,0.002656
SIFT1M,1000000,1000000,Lethe,same_role_still_authorized,0.5,2,0.005072,0.98126,0.980222,0.002708,0.005406,0.001272,0.001374
SIFT1M,1000000,1000000,Lethe,same_role_still_authorized,0.5,3,0.001542,0.979064,0.979505,0.002904,0.013464,0.002125,0.000194
SIFT1M,1000000,1000000,Lethe,same_role_still_authorized,0.5,4,0.003747,0.980035,0.980886,0.003884,0.018731,0.002863,0.001712
SIFT1M,1000000,1000000,Lethe,same_role_still_authorized,0.5,5,0.002462,0.980759,0.98021,0.00165,0.008302,0.002609,0.00226
SIFT1M,1000000,1000000,Lethe,same_role_still_authorized,0.5,6,0.004338,0.98037,0.981284,0.003161,0.002657,0.002956,0.002267
SIFT1M,1000000,1000000,Lethe,same_role_still_authorized,0.5,7,0.002666,0.980574,0.981554,0.001239,0.019456,0.002503,0.003129
SIFT1M,1000000,1000000,Lethe,same_role_still_authorized,0.5,8,0.002732,0.981088,0.980934,0.002782,0.005951,0.003847,0.003224
SIFT1M,1000000,1000000,Lethe,same_role_still_authorized,0.5,9,0.003183,0.983378,0.982488,0.001297,0.019137,0.003752,0.002434
SIFT1M,1000000,1000000,Lethe,different_role_still_authorized,0.5,0,0.00378,0.984513,0.980239,0.004172,0.013032,0.00208,0.002397
SIFT1M,1000000,1000000,Lethe,different_role_still_authorized,0.5,1,0.001827,0.980574,0.981071,0.001467,0.022895,0.002511,0.000807
SIFT1M,1000000,1000000,Lethe,different_role_still_authorized,0.5,2,0.002131,0.980664,0.98004,0.002969,0.007891,0.000973,0.002408
SIFT1M,1000000,1000000,Lethe,different_role_still_authorized,0.5,3,0.003327,0.979205,0.979296,0.002617,0.019692,0.002223,0.003352
SIFT1M,1000000,1000000,Lethe,different_role_still_authorized,0.5,4,0.003458,0.979906,0.977038,0.002153,0.014276,0.003861,0.001321
SIFT1M,1000000,1000000,Lethe,different_role_still_authorized,0.5,5,0.002506,0.979215,0.981081,0.002198,0.00586,0.001349,0.002014
SIFT1M,1000000,1000000,Lethe,different_role_still_authorized,0.5,6,0.001102,0.983007,0.981612,0.000122,0.017428,0.000623,0.000392
SIFT1M,1000000,1000000,Lethe,different_role_still_authorized,0.5,7,0.004909,0.979014,0.98514,0.004359,0.011314,0.001083,0.001177
SIFT1M,1000000,1000000,Lethe,different_role_still_authorized,0.5,8,0.003059,0.982816,0.9806,0.004342,0.020853,0.001075,0.001538
SIFT1M,1000000,1000000,Lethe,different_role_still_authorized,0.5,9,0.003834,0.980999,0.978034,0.003003,0.019034,0.000462,0.000201
SIFT1M,1000000,1000000,Lethe,ancestor_descendant_still_authorized,0.5,0,0.002989,0.980267,0.981409,0.002806,0.019781,0.000865,0.002506
SIFT1M,1000000,1000000,Lethe,ancestor_descendant_still_authorized,0.5,1,0.004379,0.980334,0.978981,0.003311,0.019518,0.001961,0.002661
SIFT1M,1000000,1000000,Lethe,ancestor_descendant_still_authorized,0.5,2,0.00373,0.980955,0.979391,0.003648,0.007785,0.001588,0.001659
SIFT1M,1000000,1000000,Lethe,ancestor_descendant_still_authorized,0.5,3,0.003385,0.979206,0.980734,0.003164,0.017526,0.002585,0.00234
SIFT1M,1000000,1000000,Lethe,ancestor_descendant_still_authorized,0.5,4,0.004257,0.982832,0.980283,0.001957,0.018579,0.002367,0.001035
SIFT1M,1000000,1000000,Lethe,ancestor_descendant_still_authorized,0.5,5,0.004174,0.977084,0.979767,0.003244,0.019246,0.002614,0.002147
SIFT1M,1000000,1000000,Lethe,ancestor_descendant_still_authorized,0.5,6,0.001562,0.981234,0.981599,0.000385,0.016363,0.001987,0.002455
SIFT1M,1000000,1000000,Lethe,ancestor_descendant_still_authorized,0.5,7,0.002613,0.982188,0.981234,0.002626,0.020528,0.002175,0.00122
SIFT1M,1000000,1000000,Lethe,ancestor_descendant_still_authorized,0.5,8,0.003732,0.98106,0.981073,0.002146,0.013269,0.002244,0.002352
SIFT1M,1000000,1000000,Lethe,ancestor_descendant_still_authorized,0.5,9,0.003513,0.981872,0.982866,0.00326,0.015592,0.003078,0.002065
SIFT1M,1000000,1000000,Lethe,revoked_user,0.1,0,0.010954,0.980971,0.979925,0.00643,0.023047,0.001486,0.001411
SIFT1M,1000000,1000000,Lethe,revoked_user,0.1,1,0.005416,0.982132,0.981839,0.002417,0.017626,0.002464,0.002843
SIFT1M,1000000,1000000,Lethe,revoked_user,0.1,2,0.012119,0.981319,0.977678,0.0111,0.015475,0.002963,0.001379
SIFT1M,1000000,1000000,Lethe,revoked_user,0.1,3,0.006663,0.981207,0.978413,0.006039,0.018899,0.003815,0.001766
SIFT1M,1000000,1000000,Lethe,revoked_user,0.1,4,0.010684,0.982984,0.983381,0.009342,0.002225,0.00304,0.001927
SIFT1M,1000000,1000000,Lethe,revoked_user,0.1,5,0.006517,0.978778,0.981967,0.006446,0.020922,0.001283,0.002213
SIFT1M,1000000,1000000,Lethe,revoked_user,0.1,6,0.008193,0.980989,0.980828,0.005995,0.01113,0.001676,0.000571
SIFT1M,1000000,1000000,Lethe,revoked_user,0.1,7,0.007025,0.98189,0.979606,0.005128,0.006067,0.00172,0.002665
SIFT1M,1000000,1000000,Lethe,revoked_user,0.1,8,0.005287,0.980937,0.981387,0.003894,0.016768,0.000954,0.001977
SIFT1M,1000000,1000000,Lethe,revoked_user,0.1,9,0.008778,0.981828,0.983346,0.006278,0.018,0.002464,0.002121
SIFT1M,1000000,1000000,Lethe,same_role_still_authorized,0.1,0,0.000865,0.980579,0.978828,0.0,0.016662,0.002906,0.000913
SIFT1M,1000000,1000000,Lethe,same_role_still_authorized,0.1,1,0.002183,0.980787,0.980658,0.0,0.003127,0.001467,0.003696
SIFT1M,1000000,1000000,Lethe,same_role_still_authorized,0.1,2,0.002007,0.984283,0.979656,0.001511,0.022437,0.002805,0.00111
SIFT1M,1000000,1000000,Lethe,same_role_still_authorized,0.1,3,0.003969,0.981647,0.981421,0.003758,0.02067,0.000212,0.001262
SIFT1M,1000000,1000000,Lethe,same_role_still_authorized,0.1,4,0.002552,0.982768,0.982785,0.003384,0.020064,0.003707,0.004095
SIFT1M,1000000,1000000,Lethe,same_role_still_authorized,0.1,5,0.002433,0.983386,0.982243,0.0,0.014504,0.000739,0.001144
SIFT1M,1000000,1000000,Lethe,same_role_still_authorized,0.1,6,0.001545,0.980634,0.981847,0.000707,0.012157,0.004302,0.002678
SIFT1M,1000000,1000000,Lethe,same_role_still_authorized,0.1,7,0.002131,0.981118,0.979366,0.00276,0.015037,0.002564,0.002107
SIFT1M,1000000,1000000,Lethe,same_role_still_authorized,0.1,8,0.003162,0.979371,0.981581,0.002169,0.011977,0.000728,0.002181
SIFT1M,1000000,1000000,Lethe,same_role_still_authorized,0.1,9,0.001018,0.978894,0.979923,0.001507,0.009295,0.002055,0.002185
SIFT1M,1000000,1000000,Lethe,different_role_still_authorized,0.1,0,0.001945,0.981362,0.981647,0.001453,0.016888,0.003,0.002893
SIFT1M,1000000,1000000,Lethe,different_role_still_authorized,0.1,1,0.002856,0.979686,0.979066,0.00266,0.005459,0.001732,0.004003
SIFT1M,1000000,1000000,Lethe,different_role_still_authorized,0.1,2,0.002536,0.98029,0.980629,0.002948,0.020722,0.001144,0.004121
SIFT1M,1000000,1000000,Lethe,different_role_still_authorized,0.1,3,0.001533,0.98004,0.983342,0.000117,0.010738,0.000882,0.001686
SIFT1M,1000000,1000000,Lethe,different_role_still_authorized,0.1,4,0.002193,0.981206,0.980214,0.000374,0.00953,0.002009,0.001328
SIFT1M,1000000,1000000,Lethe,different_role_still_authorized,0.1,5,0.000215,0.977824,0.980665,0.003022,0.011739,0.00164,0.001294
SIFT1M,1000000,1000000,Lethe,different_role_still_authorized,0.1,6,0.001034,0.984166,0.98159,0.000793,0.014345,0.001714,0.000959
SIFT1M,1000000,1000000,Lethe,different_role_still_authorized,0.1,7,0.002559,0.982234,0.979308,0.002213,0.010578,0.001876,0.002619
SIFT1M,1000000,1000000,Lethe,different_role_still_authorized,0.1,8,0.0019,0.980678,0.980433,0.002224,0.009415,0.002793,0.001405
SIFT1M,1000000,1000000,Lethe,different_role_still_authorized,0.1,9,0.002063,0.97977,0.97823,5e-05,0.005203,0.001005,0.002339
SIFT1M,1000000,1000000,Lethe,ancestor_descendant_still_authorized,0.1,0,0.001509,0.980394,0.978035,0.000734,0.012827,0.001783,0.001169
SIFT1M,1000000,1000000,Lethe,ancestor_descendant_still_authorized,0.1,1,0.0,0.982367,0.981509,0.002628,0.011695,0.001078,0.001709
SIFT1M,1000000,1000000,Lethe,ancestor_descendant_still_authorized,0.1,2,0.003629,0.983016,0.980908,0.001398,0.013709,0.001345,0.001322
SIFT1M,1000000,1000000,Lethe,ancestor_descendant_still_authorized,0.1,3,0.001214,0.980545,0.982583,0.000411,0.012834,0.003945,0.003591
SIFT1M,1000000,1000000,Lethe,ancestor_descendant_still_authorized,0.1,4,0.002362,0.980448,0.981252,0.002226,0.024465,0.001552,0.000537
SIFT1M,1000000,1000000,Lethe,ancestor_descendant_still_authorized,0.1,5,0.002863,0.977822,0.980435,0.003809,0.014901,0.002367,0.001725
SIFT1M,1000000,1000000,Lethe,ancestor_descendant_still_authorized,0.1,6,0.002707,0.982061,0.980949,0.001729,0.015937,0.00278,0.002065
SIFT1M,1000000,1000000,Lethe,ancestor_descendant_still_authorized,0.1,7,0.000691,0.98289,0.980582,0.001554,0.004839,0.001795,0.001876
SIFT1M,1000000,1000000,Lethe,ancestor_descendant_still_authorized,0.1,8,0.003099,0.984371,0.981894,0.002402,0.004407,0.002636,0.002838
SIFT1M,1000000,1000000,Lethe,ancestor_descendant_still_authorized,0.1,9,0.002445,0.980155,0.982199,0.002777,0.018924,0.001596,0.00261
SIFT1M,1000000,1000000,Lethe,revoked_user,0.2,0,0.01116,0.9816,0.980592,0.006576,0.024151,0.001524,0.002177
SIFT1M,1000000,1000000,Lethe,revoked_user,0.2,1,0.010169,0.980767,0.982254,0.007446,0.009048,0.003697,0.003004
SIFT1M,1000000,1000000,Lethe,revoked_user,0.2,2,0.009138,0.9802,0.982113,0.007433,0.015786,0.001228,0.001642
SIFT1M,1000000,1000000,Lethe,revoked_user,0.2,3,0.008173,0.978617,0.981329,0.006303,0.014286,0.000819,0.002163
SIFT1M,1000000,1000000,Lethe,revoked_user,0.2,4,0.013144,0.982694,0.982077,0.011296,0.016864,0.002099,0.001646
SIFT1M,1000000,1000000,Lethe,revoked_user,0.2,5,0.010231,0.981197,0.983305,0.007912,0.016146,0.001469,0.00194
SIFT1M,1000000,1000000,Lethe,revoked_user,0.2,6,0.009089,0.981135,0.981092,0.008642,0.02284,0.000515,0.002511
SIFT1M,1000000,1000000,Lethe,revoked_user,0.2,7,0.009696,0.980495,0.983762,0.008147,0.019625,0.003534,0.003765
SIFT1M,1000000,1000000,Lethe,revoked_user,0.2,8,0.00909,0.98237,0.979374,0.006186,0.010019,0.001394,0.001963
SIFT1M,1000000,1000000,Lethe,revoked_user,0.2,9,0.007805,0.981749,0.980938,0.005061,0.022917,0.001862,0.00215
SIFT1M,1000000,1000000,Lethe,same_role_still_authorized,0.2,0,0.000914,0.982543,0.980354,0.000985,0.00891,0.001057,0.001151
SIFT1M,1000000,1000000,Lethe,same_role_still_authorized,0.2,1,0.00116,0.980561,0.977732,0.001043,0.003622,0.000512,0.002268
SIFT1M,1000000,1000000,Lethe,same_role_still_authorized,0.2,2,0.000994,0.981062,0.981676,0.003124,0.019954,0.003448,0.002749
SIFT1M,1000000,1000000,Lethe,same_role_still_authorized,0.2,3,0.001434,0.980965,0.98321,0.00187,0.025132,0.001243,0.002609
SIFT1M,1000000,1000000,Lethe,same_role_still_authorized,0.2,4,0.002398,0.979662,0.981208,0.002623,0.017499,0.002496,0.001477
SIFT1M,1000000,1000000,Lethe,same_role_still_authorized,0.2,5,0.001892,0.981856,0.981818,0.002119,0.029359,0.003946,0.00278
SIFT1M,1000000,1000000,Lethe,same_role_still_authorized,0.2,6,0.003923,0.980404,0.980755,0.002898,0.021566,0.001789,0.002054
SIFT1M,1000000,1000000,Lethe,same_role_still_authorized,0.2,7,0.002742,0.98322,0.977917,0.002777,0.014885,0.000904,0.003368
SIFT1M,1000000,1000000,Lethe,same_role_still_authorized,0.2,8,0.001768,0.980503,0.981366,0.000655,0.012229,0.003432,0.003255
SIFT1M,1000000,1000000,Lethe,same_role_still_authorized,0.2,9,0.002307,0.979294,0.978909,0.001839,0.016358,0.001689,0.0
SIFT1M,1000000,1000000,Lethe,different_role_still_authorized,0.2,0,0.0,0.981924,0.978425,0.0,0.016982,0.001451,0.001856
SIFT1M,1000000,1000000,Lethe,different_role_still_authorized,0.2,1,0.002563,0.979234,0.981227,0.001879,0.016252,0.002709,0.00114
SIFT1M,1000000,1000000,Lethe,different_role_still_authorized,0.2,2,0.000634,0.98141,0.98031,0.000209,0.002822,0.003559,0.003027
SIFT1M,1000000,1000000,Lethe,different_role_still_authorized,0.2,3,0.004357,0.984246,0.981979,0.003565,0.015563,0.001783,0.002429
SIFT1M,1000000,1000000,Lethe,different_role_still_authorized,0.2,4,0.0,0.982217,0.980128,0.0,0.02316,0.0,0.00218
SIFT1M,1000000,1000000,Lethe,different_role_still_authorized,0.2,5,0.00148,0.980728,0.982731,0.002407,0.016654,0.0,0.002345
SIFT1M,1000000,1000000,Lethe,different_role_still_authorized,0.2,6,0.001933,0.982034,0.983722,0.002312,0.026726,0.002474,0.002363
SIFT1M,1000000,1000000,Lethe,different_role_still_authorized,0.2,7,0.001085,0.980962,0.981822,0.0,0.020913,0.001596,0.002628
SIFT1M,1000000,1000000,Lethe,different_role_still_authorized,0.2,8,0.001802,0.98176,0.980288,0.000994,0.010393,0.002256,0.002165
SIFT1M,1000000,1000000,Lethe,different_role_still_authorized,0.2,9,0.001318,0.980822,0.979225,0.000836,0.022926,0.001117,0.002119
SIFT1M,1000000,1000000,Lethe,ancestor_descendant_still_authorized,0.2,0,0.00142,0.980123,0.981727,0.002312,0.023539,0.000782,0.001456
SIFT1M,1000000,1000000,Lethe,ancestor_descendant_still_authorized,0.2,1,0.00299,0.984024,0.981608,0.002926,0.017558,0.001692,0.001415
SIFT1M,1000000,1000000,Lethe,ancestor_descendant_still_authorized,0.2,2,0.002487,0.980623,0.97966,0.000705,0.021597,0.001436,0.002457
SIFT1M,1000000,1000000,Lethe,ancestor_descendant_still_authorized,0.2,3,0.003049,0.982556,0.980429,0.00225,0.021318,0.002224,0.001071
SIFT1M,1000000,1000000,Lethe,ancestor_descendant_still_authorized,0.2,4,0.00014,0.978726,0.98251,0.000392,0.023816,0.001523,0.000804
SIFT1M,1000000,1000000,Lethe,ancestor_descendant_still_authorized,0.2,5,0.002778,0.979074,0.979635,0.001161,0.011662,0.003182,0.002121
SIFT1M,1000000,1000000,Lethe,ancestor_descendant_still_authorized,0.2,6,0.002224,0.977093,0.977758,0.000949,0.012471,0.001231,0.0
SIFT1M,1000000,1000000,Lethe,ancestor_descendant_still_authorized,0.2,7,0.001961,0.979555,0.982206,0.001495,0.010147,0.001634,0.002172
SIFT1M,1000000,1000000,Lethe,ancestor_descendant_still_authorized,0.2,8,0.003046,0.979566,0.979285,0.002354,0.016714,0.00082,0.001371
SIFT1M,1000000,1000000,Lethe,ancestor_descendant_still_authorized,0.2,9,0.002609,0.986791,0.979295,0.001898,0.023893,0.002811,0.001695
SIFT1M,1000000,1000000,Lethe,revoked_user,0.3,0,0.01055,0.98015,0.98316,0.009539,0.014065,0.003144,0.002514
SIFT1M,1000000,1000000,Lethe,revoked_user,0.3,1,0.008632,0.978845,0.980551,0.008226,0.015805,0.001644,0.002356
SIFT1M,1000000,1000000,Lethe,revoked_user,0.3,2,0.012142,0.982757,0.982594,0.00908,0.004912,0.001148,0.001113
SIFT1M,1000000,1000000,Lethe,revoked_user,0.3,3,0.00676,0.981557,0.982517,0.004914,0.01954,0.002687,0.003156
SIFT1M,1000000,1000000,Lethe,revoked_user,0.3,4,0.005328,0.980328,0.980239,0.00378,0.008725,0.00353,0.000856
SIFT1M,1000000,1000000,Lethe,revoked_user,0.3,5,0.008979,0.97836,0.980554,0.007759,0.017332,0.001405,0.001936
SIFT1M,1000000,1000000,Lethe,revoked_user,0.3,6,0.008489,0.980345,0.980999,0.004902,0.00888,0.001264,0.002333
SIFT1M,1000000,1000000,Lethe,revoked_user,0.3,7,0.008162,0.978202,0.982431,0.006363,0.02438,0.000973,0.001769
SIFT1M,1000000,1000000,Lethe,revoked_user,0.3,8,0.005992,0.98012,0.982413,0.006205,0.017127,0.001579,0.001605
SIFT1M,1000000,1000000,Lethe,revoked_user,0.3,9,0.007891,0.981152,0.982021,0.006004,0.00929,0.001917,0.000661
SIFT1M,1000000,1000000,Lethe,same_role_still_authorized,0.3,0,0.002855,0.977947,0.981173,0.003458,0.020077,0.000328,0.001765
SIFT1M,1000000,1000000,Lethe,same_role_still_authorized,0.3,1,0.001507,0.980478,0.980816,0.001278,0.01224,0.001588,0.001306
SIFT1M,1000000,1000000,Lethe,same_role_still_authorized,0.3,2,0.002371,0.981413,0.98052,0.001808,0.012575,0.001569,0.003743
SIFT1M,1000000,1000000,Lethe,same_role_still_authorized,0.3,3,0.002971,0.982283,0.982422,0.000745,0.014373,0.001737,0.001972
SIFT1M,1000000,1000000,Lethe,same_role_still_authorized,0.3,4,0.002821,0.982851,0.983486,0.001018,0.013474,0.002453,0.001908
SIFT1M,1000000,1000000,Lethe,same_role_still_authorized,0.3,5,0.001726,0.97996,0.981139,0.001222,0.012802,0.001102,0.00257
SIFT1M,1000000,1000000,Lethe,same_role_still_authorized,0.3,6,0.003092,0.982757,0.98028,0.001081,0.008721,0.001382,0.002149
SIFT1M,1000000,1000000,Lethe,same_role_still_authorized,0.3,7,0.001749,0.981913,0.980373,0.000324,0.00909,0.003019,0.002377
SIFT1M,1000000,1000000,Lethe,same_role_still_authorized,0.3,8,0.003413,0.980109,0.980696,0.002723,0.012251,0.002419,0.003207
SIFT1M,1000000,1000000,Lethe,same_role_still_authorized,0.3,9,0.002288,0.979493,0.98257,0.003763,0.01407,0.00203,0.001785
SIFT1M,1000000,1000000,Lethe,different_role_still_authorized,0.3,0,0.004563,0.98195,0.978073,0.00498,0.010243,0.000649,0.002846
SIFT1M,1000000,1000000,Lethe,different_role_still_authorized,0.3,1,0.001809,0.981946,0.982511,0.002308,0.011054,0.001438,0.003608
SIFT1M,1000000,1000000,Lethe,different_role_still_authorized,0.3,2,0.003022,0.981922,0.981141,0.002829,0.013539,0.000956,0.000808
SIFT1M,1000000,1000000,Lethe,different_role_still_authorized,0.3,3,0.002166,0.981161,0.982402,0.001931,0.011684,0.001719,0.002966
SIFT1M,1000000,1000000,Lethe,different_role_still_authorized,0.3,4,0.003437,0.980783,0.981241,0.002053,0.017411,0.00344,0.003931
SIFT1M,1000000,1000000,Lethe,different_role_still_authorized,0.3,5,0.001277,0.980069,0.979879,0.001607,0.013008,0.001661,0.001446
SIFT1M,1000000,1000000,Lethe,different_role_still_authorized,0.3,6,0.002439,0.983782,0.981546,0.001389,0.018471,0.001309,0.003125
SIFT1M,1000000,1000000,Lethe,different_role_still_authorized,0.3,7,0.001623,0.977974,0.979742,9.4e-05,0.009046,0.002001,0.001092
SIFT1M,1000000,1000000,Lethe,different_role_still_authorized,0.3,8,0.001901,0.977894,0.984438,0.0,0.016367,0.0017,0.00302
SIFT1M,1000000,1000000,Lethe,different_role_still_authorized,0.3,9,0.001791,0.981288,0.980794,0.002115,0.011086,0.00157,0.001611
SIFT1M,1000000,1000000,Lethe,ancestor_descendant_still_authorized,0.3,0,0.001691,0.97843,0.981691,0.003061,0.013603,0.002782,0.001109
SIFT1M,1000000,1000000,Lethe,ancestor_descendant_still_authorized,0.3,1,0.00352,0.982481,0.979172,0.003493,0.011696,0.002743,0.002151
SIFT1M,1000000,1000000,Lethe,ancestor_descendant_still_authorized,0.3,2,0.000885,0.979064,0.980781,0.000493,0.018011,0.002853,0.004199
SIFT1M,1000000,1000000,Lethe,ancestor_descendant_still_authorized,0.3,3,0.003332,0.982082,0.979622,0.00171,0.019157,0.001852,0.003534
SIFT1M,1000000,1000000,Lethe,ancestor_descendant_still_authorized,0.3,4,0.001661,0.982916,0.982777,0.002602,0.007921,0.0,0.002391
SIFT1M,1000000,1000000,Lethe,ancestor_descendant_still_authorized,0.3,5,0.001921,0.980042,0.980982,0.001909,0.016348,0.001796,0.003083
SIFT1M,1000000,1000000,Lethe,ancestor_descendant_still_authorized,0.3,6,0.002093,0.981026,0.978134,0.001455,0.019397,0.000449,0.001703
SIFT1M,1000000,1000000,Lethe,ancestor_descendant_still_authorized,0.3,7,0.001687,0.982586,0.983384,0.002412,0.016527,0.001791,0.003843
SIFT1M,1000000,1000000,Lethe,ancestor_descendant_still_authorized,0.3,8,0.001495,0.981493,0.979422,0.001256,0.013375,0.001666,0.003178
SIFT1M,1000000,1000000,Lethe,ancestor_descendant_still_authorized,0.3,9,0.004144,0.983019,0.982154,0.004587,0.012923,0.004083,0.00028
SIFT1M,1000000,1000000,Lethe,revoked_user,0.4,0,0.00968,0.982668,0.979936,0.007896,0.007203,0.002647,0.002071
SIFT1M,1000000,1000000,Lethe,revoked_user,0.4,1,0.015496,0.979466,0.981253,0.011468,0.013646,0.003832,0.003275
SIFT1M,1000000,1000000,Lethe,revoked_user,0.4,2,0.013109,0.980186,0.979542,0.009117,0.018412,0.001565,0.002583
SIFT1M,1000000,1000000,Lethe,revoked_user,0.4,3,0.011127,0.97678,0.9794,0.008821,0.01107,0.000604,0.000927
SIFT1M,1000000,1000000,Lethe,revoked_user,0.4,4,0.013247,0.981755,0.982247,0.011556,0.015659,0.000933,0.001761
SIFT1M,1000000,1000000,Lethe,revoked_user,0.4,5,0.014631,0.981463,0.980746,0.010826,0.027776,0.001654,0.003743
SIFT1M,1000000,1000000,Lethe,revoked_user,0.4,6,0.013515,0.980083,0.981391,0.00998,0.01047,0.003637,0.001284
SIFT1M,1000000,1000000,Lethe,revoked_user,0.4,7,0.012347,0.982072,0.980902,0.010982,0.012809,0.001034,0.001958
SIFT1M,1000000,1000000,Lethe,revoked_user,0.4,8,0.012547,0.979928,0.982678,0.009031,0.017016,0.003575,0.001491
SIFT1M,1000000,1000000,Lethe,revoked_user,0.4,9,0.011071,0.980199,0.980206,0.009006,0.019429,0.001166,0.001932
SIFT1M,1000000,1000000,Lethe,same_role_still_authorized,0.4,0,0.002535,0.981194,0.979418,0.002142,0.012981,0.001586,0.001005
SIFT1M,1000000,1000000,Lethe,same_role_still_authorized,0.4,1,0.002236,0.980445,0.976563,0.0,0.021953,0.001671,0.000355
SIFT1M,1000000,1000000,Lethe,same_role_still_authorized,0.4,2,0.00217,0.982453,0.981394,0.003443,0.006417,0.001562,0.000518
SIFT1M,1000000,1000000,Lethe,same_role_still_authorized,0.4,3,0.004231,0.980702,0.982854,0.001817,0.000966,0.001832,0.002634
SIFT1M,1000000,1000000,Lethe,same_role_still_authorized,0.4,4,0.002388,0.981975,0.983256,0.002356,0.010801,0.002148,8.5e-05
SIFT1M,1000000,1000000,Lethe,same_role_still_authorized,0.4,5,0.003816,0.982114,0.981029,0.00293,0.011902,0.002487,0.0016
SIFT1M,1000000,1000000,Lethe,same_role_still_authorized,0.4,6,0.003066,0.977275,0.981146,0.002302,0.023339,0.002761,0.00334
SIFT1M,1000000,1000000,Lethe,same_role_still_authorized,0.4,7,0.00389,0.983963,0.980108,0.002137,0.015191,0.002713,0.001135
SIFT1M,1000000,1000000,Lethe,same_role_still_authorized,0.4,8,0.002112,0.98122,0.982401,0.001046,0.023375,0.003466,0.001441
SIFT1M,1000000,1000000,Lethe,same_role_still_authorized,0.4,9,0.002425,0.981268,0.980011,0.003281,0.021523,0.0028,0.001039
SIFT1M,1000000,1000000,Lethe,different_role_still_authorized,0.4,0,0.003001,0.983397,0.981433,0.002673,0.018785,0.002439,0.000939
SIFT1M,1000000,1000000,Lethe,different_role_still_authorized,0.4,1,0.003263,0.981856,0.983796,0.002611,0.014656,0.000951,0.000919
SIFT1M,1000000,1000000,Lethe,different_role_still_authorized,0.4,2,0.002224,0.979295,0.979673,0.001538,0.005733,0.002827,0.002661
SIFT1M,1000000,1000000,Lethe,different_role_still_authorized,0.4,3,0.002516,0.980334,0.980274,0.002424,0.012458,0.001793,0.001064
SIFT1M,1000000,1000000,Lethe,different_role_still_authorized,0.4,4,0.003487,0.981579,0.981467,0.002742,0.008692,0.002028,0.0007
SIFT1M,1000000,1000000,Lethe,different_role_still_authorized,0.4,5,0.00191,0.978147,0.980419,0.0,0.014366,0.004133,0.002379
SIFT1M,1000000,1000000,Lethe,different_role_still_authorized,0.4,6,0.002946,0.982385,0.979526,0.001757,0.01152,0.001987,0.001748
SIFT1M,1000000,1000000,Lethe,different_role_still_authorized,0.4,7,0.001532,0.983473,0.978773,0.00123,0.02701,0.00245,0.000353
SIFT1M,1000000,1000000,Lethe,different_role_still_authorized,0.4,8,0.001065,0.982371,0.982729,0.001537,0.015711,0.001244,0.004493
SIFT1M,1000000,1000000,Lethe,different_role_still_authorized,0.4,9,0.004883,0.980068,0.980647,0.003048,0.02468,0.002759,0.002281
SIFT1M,1000000,1000000,Lethe,ancestor_descendant_still_authorized,0.4,0,0.002134,0.980829,0.97971,0.002682,0.013837,0.002865,0.000611
SIFT1M,1000000,1000000,Lethe,ancestor_descendant_still_authorized,0.4,1,0.001225,0.978775,0.980404,0.001367,0.018543,0.002836,0.002344
SIFT1M,1000000,1000000,Lethe,ancestor_descendant_still_authorized,0.4,2,0.00121,0.979316,0.983054,0.0,0.03113,0.003613,0.0013
SIFT1M,1000000,1000000,Lethe,ancestor_descendant_still_authorized,0.4,3,0.00125,0.980821,0.977961,0.0,0.016115,0.001294,0.001422
SIFT1M,1000000,1000000,Lethe,ancestor_descendant_still_authorized,0.4,4,0.002553,0.979487,0.979024,0.000858,0.013567,0.003221,0.002907
SIFT1M,1000000,1000000,Lethe,ancestor_descendant_still_authorized,0.4,5,0.001106,0.983811,0.980394,0.0,0.015632,0.002876,0.002341
SIFT1M,1000000,1000000,Lethe,ancestor_descendant_still_authorized,0.4,6,0.004048,0.981885,0.980635,0.001871,0.012822,0.001416,0.001312
SIFT1M,1000000,1000000,Lethe,ancestor_descendant_still_authorized,0.4,7,0.000856,0.982039,0.979944,0.000199,0.012322,0.002587,0.003661
SIFT1M,1000000,1000000,Lethe,ancestor_descendant_still_authorized,0.4,8,0.003078,0.980423,0.97998,0.000273,0.021557,0.001121,0.002037
SIFT1M,1000000,1000000,Lethe,ancestor_descendant_still_authorized,0.4,9,0.002435,0.982252,0.980315,0.001287,0.007486,0.001455,0.001758
SIFT1M,1000000,1000000,Lethe,revoked_user,0.5,0,0.018253,0.980585,0.979395,0.015353,0.014824,0.002081,0.002118
SIFT1M,1000000,1000000,Lethe,revoked_user,0.5,1,0.016458,0.983176,0.978739,0.014205,0.024224,0.002455,0.001896
SIFT1M,1000000,1000000,Lethe,revoked_user,0.5,2,0.015476,0.979852,0.982004,0.012683,0.017918,0.000179,0.00192
SIFT1M,1000000,1000000,Lethe,revoked_user,0.5,3,0.016271,0.979285,0.982263,0.011131,0.023865,0.001137,0.001835
SIFT1M,1000000,1000000,Lethe,revoked_user,0.5,4,0.012771,0.982213,0.979797,0.011543,0.003708,0.002166,0.001634
SIFT1M,1000000,1000000,Lethe,revoked_user,0.5,5,0.015377,0.979779,0.9813,0.012777,0.017862,0.003866,0.001638
SIFT1M,1000000,1000000,Lethe,revoked_user,0.5,6,0.016222,0.982548,0.982594,0.013949,0.015356,0.001973,0.001903
SIFT1M,1000000,1000000,Lethe,revoked_user,0.5,7,0.012753,0.98211,0.983972,0.008757,0.014464,0.002379,0.001426
SIFT1M,1000000,1000000,Lethe,revoked_user,0.5,8,0.016216,0.981311,0.980895,0.012256,0.014561,0.001889,0.00257
SIFT1M,1000000,1000000,Lethe,revoked_user,0.5,9,0.017818,0.981078,0.984252,0.014612,0.014608,0.003331,0.003913
SIFT1M,1000000,1000000,Lethe,same_role_still_authorized,0.5,0,0.002715,0.982861,0.981613,0.001495,0.012112,0.001947,0.003118
SIFT1M,1000000,1000000,Lethe,same_role_still_authorized,0.5,1,0.000801,0.981113,0.981495,0.001369,0.016669,0.001669,0.002864
SIFT1M,1000000,1000000,Lethe,same_role_still_authorized,0.5,2,0.001544,0.981842,0.977472,0.0,0.018736,0.001318,0.00075
SIFT1M,1000000,1000000,Lethe,same_role_still_authorized,0.5,3,0.001974,0.980123,0.981246,0.002364,0.013499,0.001991,0.00224
SIFT1M,1000000,1000000,Lethe,same_role_still_authorized,0.5,4,0.003353,0.97946,0.980835,0.002063,0.011474,0.002622,0.002718
SIFT1M,1000000,1000000,Lethe,same_role_still_authorized,0.5,5,0.004345,0.978047,0.980806,0.004847,0.017707,0.0,0.003258
SIFT1M,1000000,1000000,Lethe,same_role_still_authorized,0.5,6,0.002632,0.985622,0.980951,0.003193,0.022107,0.002966,0.001154
SIFT1M,1000000,1000000,Lethe,same_role_still_authorized,0.5,7,0.004824,0.978666,0.98009,0.004138,0.011331,0.001564,0.001259
SIFT1M,1000000,1000000,Lethe,same_role_still_authorized,0.5,8,0.003482,0.980303,0.982686,0.002356,0.015983,0.001949,0.002095
SIFT1M,1000000,1000000,Lethe,same_role_still_authorized,0.5,9,0.003561,0.981219,0.979416,0.002899,0.021185,0.001055,0.002821
SIFT1M,1000000,1000000,Lethe,different_role_still_authorized,0.5,0,0.001763,0.982399,0.980222,0.001359,0.013805,0.001809,0.003143
SIFT1M,1000000,1000000,Lethe,different_role_still_authorized,0.5,1,0.002472,0.984737,0.979982,0.002504,0.017048,0.001454,0.00366
SIFT1M,1000000,1000000,Lethe,different_role_still_authorized,0.5,2,0.00291,0.980329,0.983646,0.004195,0.013639,0.001994,0.001683
SIFT1M,1000000,1000000,Lethe,different_role_still_authorized,0.5,3,0.003925,0.982686,0.9821,0.003975,0.018184,0.001923,0.001551
SIFT1M,1000000,1000000,Lethe,different_role_still_authorized,0.5,4,0.003178,0.983409,0.980305,0.001868,0.007955,0.002191,0.002506
SIFT1M,1000000,1000000,Lethe,different_role_still_authorized,0.5,5,0.005536,0.981235,0.979073,0.003507,0.024518,0.001678,0.00088
SIFT1M,1000000,1000000,Lethe,different_role_still_authorized,0.5,6,0.002999,0.981916,0.982332,0.003243,0.016207,0.003957,0.00042
SIFT1M,1000000,1000000,Lethe,different_role_still_authorized,0.5,7,0.000756,0.98415,0.981426,0.000962,0.015395,0.00157,0.000586
SIFT1M,1000000,1000000,Lethe,different_role_still_authorized,0.5,8,0.002802,0.981453,0.980572,0.001494,0.008674,0.002126,0.00135
SIFT1M,1000000,1000000,Lethe,different_role_still_authorized,0.5,9,0.002209,0.979602,0.983152,0.000225,0.01804,0.000653,0.001736
SIFT1M,1000000,1000000,Lethe,ancestor_descendant_still_authorized,0.5,0,0.004822,0.981252,0.980479,0.001738,0.007594,0.002776,0.002087
SIFT1M,1000000,1000000,Lethe,ancestor_descendant_still_authorized,0.5,1,0.000917,0.981269,0.980491,0.000347,0.005034,0.002848,0.001793
SIFT1M,1000000,1000000,Lethe,ancestor_descendant_still_authorized,0.5,2,0.002681,0.981147,0.980229,0.001272,0.020729,0.002614,0.00044
SIFT1M,1000000,1000000,Lethe,ancestor_descendant_still_authorized,0.5,3,0.002012,0.981902,0.980887,0.003039,0.0101,0.002836,0.000718
SIFT1M,1000000,1000000,Lethe,ancestor_descendant_still_authorized,0.5,4,0.002161,0.980762,0.98196,9.7e-05,0.011977,0.00161,0.002757
SIFT1M,1000000,1000000,Lethe,ancestor_descendant_still_authorized,0.5,5,0.002809,0.981617,0.980692,0.001208,0.015651,0.000938,0.001991
SIFT1M,1000000,1000000,Lethe,ancestor_descendant_still_authorized,0.5,6,0.00245,0.980861,0.98163,0.001775,0.006734,0.001807,0.002468
SIFT1M,1000000,1000000,Lethe,ancestor_descendant_still_authorized,0.5,7,0.001878,0.979907,0.979893,0.003787,0.018178,0.002805,0.003677
SIFT1M,1000000,1000000,Lethe,ancestor_descendant_still_authorized,0.5,8,0.00431,0.981765,0.981952,0.003822,0.013373,0.001696,0.002887
SIFT1M,1000000,1000000,Lethe,ancestor_descendant_still_authorized,0.5,9,0.002717,0.983491,0.982673,0.00297,0.013825,0.002092,0.00177
SIFT1M,1000000,1000000,Lethe,revoked_user,0.1,0,0.007984,0.979999,0.982514,0.00686,0.013205,0.001143,0.003157
SIFT1M,1000000,1000000,Lethe,revoked_user,0.1,1,0.007169,0.980747,0.98099,0.006147,0.008263,0.003046,0.001754
SIFT1M,1000000,1000000,Lethe,revoked_user,0.1,2,0.007477,0.98101,0.983061,0.007671,0.020512,0.002229,0.002657
SIFT1M,1000000,1000000,Lethe,revoked_user,0.1,3,0.00954,0.978638,0.98211,0.006863,0.014692,0.000932,0.004364
SIFT1M,1000000,1000000,Lethe,revoked_user,0.1,4,0.01035,0.984529,0.982428,0.006633,0.012459,0.00208,0.002209
SIFT1M,1000000,1000000,Lethe,revoked_user,0.1,5,0.001,0.980914,0.981361,0.001071,0.019629,0.001477,0.00164
SIFT1M,1000000,1000000,Lethe,revoked_user,0.1,6,0.007228,0.979952,0.982706,0.00714,0.013889,0.003582,0.0
SIFT1M,1000000,1000000,Lethe,revoked_user,0.1,7,0.007042,0.981703,0.980314,0.005487,0.026861,0.00081,0.001998
SIFT1M,1000000,1000000,Lethe,revoked_user,0.1,8,0.007528,0.979263,0.980536,0.006074,0.003608,0.00354,0.002009
SIFT1M,1000000,1000000,Lethe,revoked_user,0.1,9,0.006336,0.979558,0.979564,0.004633,0.018335,0.003101,0.003719
SIFT1M,1000000,1000000,Lethe,same_role_still_authorized,0.1,0,0.005771,0.981124,0.982431,0.005998,0.023642,0.003607,0.00095
SIFT1M,1000000,1000000,Lethe,same_role_still_authorized,0.1,1,0.000943,0.983899,0.980787,0.0,0.015044,0.003124,0.001549
SIFT1M,1000000,1000000,Lethe,same_role_still_authorized,0.1,2,0.001549,0.98008,0.978289,0.002295,0.021286,0.001655,0.000491
SIFT1M,1000000,1000000,Lethe,same_role_still_authorized,0.1,3,0.000349,0.98271,0.976632,0.000765,0.012026,0.003384,0.003427
SIFT1M,1000000,1000000,Lethe,same_role_still_authorized,0.1,4,0.001423,0.979813,0.981575,0.001626,0.007422,0.00175,0.002632
SIFT1M,1000000,1000000,Lethe,same_role_still_authorized,0.1,5,0.002131,0.982919,0.978015,0.002787,0.011258,0.001034,0.002783
SIFT1M,1000000,1000000,Lethe,same_role_still_authorized,0.1,6,0.000278,0.979408,0.982561,0.00073,0.003063,0.002122,0.002211
SIFT1M,1000000,1000000,Lethe,same_role_still_authorized,0.1,7,0.002335,0.981125,0.980755,0.000573,0.024963,0.000794,0.00177
SIFT1M,1000000,1000000,Lethe,same_role_still_authorized,0.1,8,0.000145,0.981831,0.98006,0.000881,0.014822,0.002646,0.002618
SIFT1M,1000000,1000000,Lethe,same_role_still_authorized,0.1,9,0.001289,0.984601,0.980967,0.00095,0.022534,0.002056,0.000959
SIFT1M,1000000,1000000,Lethe,different_role_still_authorized,0.1,0,0.002826,0.980513,0.978504,0.001162,0.012071,0.003172,0.001828
SIFT1M,1000000,1000000,Lethe,different_role_still_authorized,0.1,1,0.000786,0.984022,0.979977,0.0,0.009043,0.002848,0.003099
SIFT1M,1000000,1000000,Lethe,different_role_still_authorized,0.1,2,0.000198,0.982334,0.979423,0.001065,0.010335,0.002286,0.002449
SIFT1M,1000000,1000000,Lethe,different_role_still_authorized,0.1,3,0.001766,0.979176,0.981367,0.001094,0.00896,0.001998,0.002888
SIFT1M,1000000,1000000,Lethe,different_role_still_authorized,0.1,4,0.002161,0.981586,0.983928,0.002025,0.021165,0.002227,0.003445
SIFT1M,1000000,1000000,Lethe,different_role_still_authorized,0.1,5,0.001905,0.981626,0.980653,0.001086,0.021495,0.001158,0.004004
SIFT1M,1000000,1000000,Lethe,different_role_still_authorized,0.1,6,0.001518,0.97929,0.980366,0.001602,0.02109,0.000335,0.002436
SIFT1M,1000000,1000000,Lethe,different_role_still_authorized,0.1,7,0.000111,0.981973,0.981409,0.0,0.016726,0.002688,0.003475
SIFT1M,1000000,1000000,Lethe,different_role_still_authorized,0.1,8,0.00359,0.979449,0.979114,0.001528,0.019122,0.000237,0.001772
SIFT1M,1000000,1000000,Lethe,different_role_still_authorized,0.1,9,0.002136,0.979686,0.98079,0.002062,0.015667,0.003648,0.00272
SIFT1M,1000000,1000000,Lethe,ancestor_descendant_still_authorized,0.1,0,0.001054,0.980747,0.981159,0.00038,0.009542,0.001992,0.001705
SIFT1M,1000000,1000000,Lethe,ancestor_descendant_still_authorized,0.1,1,0.001717,0.982588,0.980112,0.001918,0.008852,0.002713,0.001908
SIFT1M,1000000,1000000,Lethe,ancestor_descendant_still_authorized,0.1,2,0.001055,0.980168,0.982201,0.000441,0.009425,0.002528,0.004152
SIFT1M,1000000,1000000,Lethe,ancestor_descendant_still_authorized,0.1,3,0.002447,0.982216,0.982208,0.002694,0.022819,0.002218,0.003359
SIFT1M,1000000,1000000,Lethe,ancestor_descendant_still_authorized,0.1,4,0.000716,0.982174,0.981016,0.000322,0.013601,0.001415,0.001663
SIFT1M,1000000,1000000,Lethe,ancestor_descendant_still_authorized,0.1,5,0.000728,0.983796,0.983247,0.0,0.021011,0.002457,0.00344
SIFT1M,1000000,1000000,Lethe,ancestor_descendant_still_authorized,0.1,6,0.003337,0.981833,0.977488,0.003134,0.012207,0.003909,0.001641
SIFT1M,1000000,1000000,Lethe,ancestor_descendant_still_authorized,0.1,7,0.002788,0.980942,0.979535,0.002361,0.024067,0.001734,0.003369
SIFT1M,1000000,1000000,Lethe,ancestor_descendant_still_authorized,0.1,8,0.000491,0.981168,0.981419,0.00155,0.015108,0.000817,0.002807
SIFT1M,1000000,1000000,Lethe,ancestor_descendant_still_authorized,0.1,9,0.001879,0.982341,0.979116,0.001022,0.019518,0.001651,0.003053
SIFT1M,1000000,1000000,Lethe,revoked_user,0.2,0,0.008751,0.979711,0.982043,0.008595,0.009292,0.003277,0.002963
SIFT1M,1000000,1000000,Lethe,revoked_user,0.2,1,0.008398,0.981915,0.981285,0.004646,0.0,0.00269,0.003232
SIFT1M,1000000,1000000,Lethe,revoked_user,0.2,2,0.005742,0.98005,0.980229,0.003247,0.010512,0.003191,0.001588
SIFT1M,1000000,1000000,Lethe,revoked_user,0.2,3,0.008347,0.983305,0.983028,0.007931,0.021823,0.001712,0.002862
SIFT1M,1000000,1000000,Lethe,revoked_user,0.2,4,0.011098,0.98277,0.981535,0.0079,0.016978,0.001484,0.002422
SIFT1M,1000000,1000000,Lethe,revoked_user,0.2,5,0.004398,0.980614,0.979894,0.0037,0.01808,0.004134,0.001497
SIFT1M,1000000,1000000,Lethe,revoked_user,0.2,6,0.008459,0.980066,0.98016,0.007539,0.022128,0.003171,0.002604
SIFT1M,1000000,1000000,Lethe,revoked_user,0.2,7,0.009741,0.982809,0.982094,0.007419,0.008833,0.003382,0.002001
SIFT1M,1000000,1000000,Lethe,revoked_user,0.2,8,0.007673,0.980384,0.982101,0.009004,0.027309,0.000965,0.002182
SIFT1M,1000000,1000000,Lethe,revoked_user,0.2,9,0.005803,0.983258,0.980643,0.004433,0.010896,0.003059,0.002705
SIFT1M,1000000,1000000,Lethe,same_role_still_authorized,0.2,0,0.003216,0.980367,0.980282,0.002811,0.012337,0.001925,0.001049
SIFT1M,1000000,1000000,Lethe,same_role_still_authorized,0.2,1,0.001386,0.981745,0.981549,0.0023,0.017339,0.00175,0.001921
SIFT1M,1000000,1000000,Lethe,same_role_still_authorized,0.2,2,0.003642,0.980239,0.98136,0.002252,0.002726,0.002509,0.00228
SIFT1M,1000000,1000000,Lethe,same_role_still_authorized,0.2,3,0.002341,0.981262,0.981499,0.001106,0.008238,0.003044,0.001468
SIFT1M,1000000,1000000,Lethe,same_role_still_authorized,0.2,4,0.00239,0.982621,0.982234,0.001894,0.014052,0.002221,0.002859
SIFT1M,1000000,1000000,Lethe,same_role_still_authorized,0.2,5,0.004201,0.979036,0.980489,0.001998,0.021992,0.001489,0.001526
SIFT1M,1000000,1000000,Lethe,same_role_still_authorized,0.2,6,0.001556,0.979936,0.979862,0.000805,0.01742,0.002345,0.001476
SIFT1M,1000000,1000000,Lethe,same_role_still_authorized,0.2,7,0.002244,0.980569,0.97871,0.002242,0.012893,0.002134,0.000235
SIFT1M,1000000,1000000,Lethe,same_role_still_authorized,0.2,8,0.002371,0.982059,0.982158,0.000248,0.018773,0.002894,0.001991
SIFT1M,1000000,1000000,Lethe,same_role_still_authorized,0.2,9,0.001235,0.98095,0.982427,0.0,0.023269,0.002508,0.00051
SIFT1M,1000000,1000000,Lethe,different_role_still_authorized,0.2,0,0.000559,0.981033,0.981654,0.000967,0.011228,0.001782,0.00184
SIFT1M,1000000,1000000,Lethe,different_role_still_authorized,0.2,1,0.000636,0.982772,0.98057,0.000417,0.007349,0.0,0.001909
SIFT1M,1000000,1000000,Lethe,different_role_still_authorized,0.2,2,0.001918,0.982531,0.981921,0.001388,0.020391,0.00301,0.000921
SIFT1M,1000000,1000000,Lethe,different_role_still_authorized,0.2,3,0.000546,0.978522,0.977238,0.0,0.016621,0.001058,0.000365
SIFT1M,1000000,1000000,Lethe,different_role_still_authorized,0.2,4,0.0,0.98126,0.982724,0.0,0.013196,0.001702,0.001372
SIFT1M,1000000,1000000,Lethe,different_role_still_authorized,0.2,5,0.00211,0.978766,0.979418,0.001749,0.018069,0.002226,0.003825
SIFT1M,1000000,1000000,Lethe,different_role_still_authorized,0.2,6,0.002429,0.982298,0.982334,0.00273,0.017666,0.002617,0.002141
SIFT1M,1000000,1000000,Lethe,different_role_still_authorized,0.2,7,0.00211,0.98367,0.979924,0.002758,0.016799,0.004503,0.001738
SIFT1M,1000000,1000000,Lethe,different_role_still_authorized,0.2,8,0.00194,0.980363,0.98255,0.001458,0.0218,0.000647,0.001807
SIFT1M,1000000,1000000,Lethe,different_role_still_authorized,0.2,9,0.002406,0.980865,0.98125,0.003541,0.007247,0.002536,0.001878
SIFT1M,1000000,1000000,Lethe,ancestor_descendant_still_authorized,0.2,0,0.003834,0.980185,0.980676,0.002147,0.011181,0.000975,0.001781
SIFT1M,1000000,1000000,Lethe,ancestor_descendant_still_authorized,0.2,1,0.003489,0.981713,0.980574,0.004508,0.017936,0.003512,0.00126
SIFT1M,1000000,1000000,Lethe,ancestor_descendant_still_authorized,0.2,2,0.004496,0.978698,0.980726,0.003141,0.01596,0.002467,0.000331
SIFT1M,1000000,1000000,Lethe,ancestor_descendant_still_authorized,0.2,3,0.001404,0.982057,0.980054,0.002417,0.021102,0.002075,0.003413
SIFT1M,1000000,1000000,Lethe,ancestor_descendant_still_authorized,0.2,4,0.001723,0.982878,0.981999,0.002089,0.010172,0.002631,0.002608
SIFT1M,1000000,1000000,Lethe,ancestor_descendant_still_authorized,0.2,5,0.002635,0.979701,0.983347,0.000539,0.018026,0.002476,0.002972
SIFT1M,1000000,1000000,Lethe,ancestor_descendant_still_authorized,0.2,6,0.002322,0.978119,0.981595,0.002755,0.014011,0.002763,0.001792
SIFT1M,1000000,1000000,Lethe,ancestor_descendant_still_authorized,0.2,7,0.002704,0.981148,0.980452,0.001572,0.015798,0.001934,0.001754
SIFT1M,1000000,1000000,Lethe,ancestor_descendant_still_authorized,0.2,8,0.001824,0.97953,0.981653,0.002447,0.019868,0.001628,0.001305
SIFT1M,1000000,1000000,Lethe,ancestor_descendant_still_authorized,0.2,9,0.002742,0.983677,0.977451,0.002441,0.024269,0.000898,0.002059
SIFT1M,1000000,1000000,Lethe,revoked_user,0.3,0,0.00869,0.980928,0.980746,0.006174,0.006229,0.002616,0.002029
SIFT1M,1000000,1000000,Lethe,revoked_user,0.3,1,0.008951,0.984696,0.981324,0.006174,0.011198,0.000432,0.002159
SIFT1M,1000000,1000000,Lethe,revoked_user,0.3,2,0.008383,0.981766,0.979122,0.006915,0.022016,0.001078,0.002441
SIFT1M,1000000,1000000,Lethe,revoked_user,0.3,3,0.012347,0.981777,0.97838,0.010396,0.004124,0.002582,0.0021
SIFT1M,1000000,1000000,Lethe,revoked_user,0.3,4,0.011181,0.980032,0.981142,0.007688,0.007556,0.002919,0.002167
SIFT1M,1000000,1000000,Lethe,revoked_user,0.3,5,0.013646,0.979797,0.982581,0.010738,0.002771,0.0009,0.002407
SIFT1M,1000000,1000000,Lethe,revoked_user,0.3,6,0.007964,0.979328,0.980506,0.005315,0.015413,0.00179,0.001422
SIFT1M,1000000,1000000,Lethe,revoked_user,0.3,7,0.011671,0.979541,0.980878,0.008997,0.019639,0.0014,0.001405
SIFT1M,1000000,1000000,Lethe,revoked_user,0.3,8,0.010013,0.981111,0.979858,0.008255,0.015139,0.000785,0.002237
SIFT1M,1000000,1000000,Lethe,revoked_user,0.3,9,0.008899,0.981833,0.980533,0.007924,0.012854,0.002856,0.002913
SIFT1M,1000000,1000000,Lethe,same_role_still_authorized,0.3,0,0.001736,0.981457,0.981394,0.001503,0.010492,0.001304,0.002078
SIFT1M,1000000,1000000,Lethe,same_role_still_authorized,0.3,1,0.001938,0.980655,0.981294,0.002261,0.01686,0.002278,0.002739
SIFT1M,1000000,1000000,Lethe,same_role_still_authorized,0.3,2,0.004041,0.98231,0.978013,0.002454,0.006772,0.001719,0.001662
SIFT1M,1000000,1000000,Lethe,same_role_still_authorized,0.3,3,0.004127,0.97847,0.982434,0.003427,0.007503,0.001329,0.001538
SIFT1M,1000000,1000000,Lethe,same_role_still_authorized,0.3,4,0.003296,0.982255,0.979667,0.003342,0.015329,0.001731,0.001476
SIFT1M,1000000,1000000,Lethe,same_role_still_authorized,0.3,5,0.002718,0.980798,0.980879,0.001962,0.015597,0.000585,0.0
SIFT1M,1000000,1000000,Lethe,same_role_still_authorized,0.3,6,0.00154,0.981266,0.980218,0.000588,0.017114,0.001773,0.001289
SIFT1M,1000000,1000000,Lethe,same_role_still_authorized,0.3,7,0.002879,0.982174,0.981217,0.003717,0.011629,0.003094,0.0
SIFT1M,1000000,1000000,Lethe,same_role_still_authorized,0.3,8,0.002026,0.981144,0.979217,0.002109,0.012679,0.001702,0.001002
SIFT1M,1000000,1000000,Lethe,same_role_still_authorized,0.3,9,0.002112,0.979765,0.980368,0.000533,0.007766,0.000439,0.002751
SIFT1M,1000000,1000000,Lethe,different_role_still_authorized,0.3,0,0.001095,0.9804,0.981521,0.001022,0.018684,0.000857,0.00212
SIFT1M,1000000,1000000,Lethe,different_role_still_authorized,0.3,1,0.002359,0.983704,0.983655,0.0025,0.01391,0.0019,0.002322
SIFT1M,1000000,1000000,Lethe,different_role_still_authorized,0.3,2,0.000734,0.978174,0.980505,0.000846,0.005953,0.001801,0.001779
SIFT1M,1000000,1000000,Lethe,different_role_still_authorized,0.3,3,0.003097,0.978612,0.981813,0.002976,0.010195,0.001159,0.003507
SIFT1M,1000000,1000000,Lethe,different_role_still_authorized,0.3,4,0.003451,0.978872,0.982362,0.001206,0.011828,0.002871,0.001095
SIFT1M,1000000,1000000,Lethe,different_role_still_authorized,0.3,5,0.002316,0.979691,0.982351,0.000383,0.007327,0.002056,0.001319
SIFT1M,1000000,1000000,Lethe,different_role_still_authorized,0.3,6,0.002757,0.978739,0.976089,0.001872,0.017972,0.002849,0.00104
SIFT1M,1000000,1000000,Lethe,different_role_still_authorized,0.3,7,0.001436,0.980469,0.978052,0.0,0.021875,0.0,0.0
SIFT1M,1000000,1000000,Lethe,different_role_still_authorized,0.3,8,0.002017,0.979184,0.979891,0.000838,0.028876,0.001777,0.001824
SIFT1M,1000000,1000000,Lethe,different_role_still_authorized,0.3,9,0.001441,0.981082,0.981365,0.002838,0.013144,0.001246,3.2e-05
SIFT1M,1000000,1000000,Lethe,ancestor_descendant_still_authorized,0.3,0,0.001909,0.978302,0.980584,0.001235,0.01454,0.000462,0.003468
SIFT1M,1000000,1000000,Lethe,ancestor_descendant_still_authorized,0.3,1,0.001721,0.980972,0.981395,0.000291,0.011245,0.002381,0.002189
SIFT1M,1000000,1000000,Lethe,ancestor_descendant_still_authorized,0.3,2,0.002196,0.979811,0.980983,0.002054,0.010548,0.000841,0.00134
SIFT1M,1000000,1000000,Lethe,ancestor_descendant_still_authorized,0.3,3,0.002301,0.980009,0.981627,0.001058,0.010272,0.00144,0.002425
SIFT1M,1000000,1000000,Lethe,ancestor_descendant_still_authorized,0.3,4,0.004614,0.981896,0.980962,0.004833,0.017882,0.000835,0.002254
SIFT1M,1000000,1000000,Lethe,ancestor_descendant_still_authorized,0.3,5,0.002785,0.980189,0.982131,0.0025,0.005153,0.002496,0.002349
SIFT1M,1000000,1000000,Lethe,ancestor_descendant_still_authorized,0.3,6,0.004054,0.982716,0.981101,0.002,0.013599,0.002879,0.002991
SIFT1M,1000000,1000000,Lethe,ancestor_descendant_still_authorized,0.3,7,0.003472,0.982774,0.979236,0.002227,0.018231,0.001785,0.001433
SIFT1M,1000000,1000000,Lethe,ancestor_descendant_still_authorized,0.3,8,0.000377,0.981026,0.980451,0.002451,0.020504,0.001758,0.001336
SIFT1M,1000000,1000000,Lethe,ancestor_descendant_still_authorized,0.3,9,0.002954,0.982854,0.97991,0.002811,0.007151,0.002255,0.001091
SIFT1M,1000000,1000000,Lethe,revoked_user,0.4,0,0.011612,0.98176,0.983481,0.009477,0.021267,0.001924,0.002077
SIFT1M,1000000,1000000,Lethe,revoked_user,0.4,1,0.014245,0.980907,0.984058,0.011515,0.021471,0.00031,0.002315
SIFT1M,1000000,1000000,Lethe,revoked_user,0.4,2,0.013265,0.978649,0.980918,0.011138,0.012291,0.002298,0.002733
SIFT1M,1000000,1000000,Lethe,revoked_user,0.4,3,0.011745,0.98171,0.981918,0.009343,0.015847,0.001978,0.001227
SIFT1M,1000000,1000000,Lethe,revoked_user,0.4,4,0.00977,0.980466,0.978756,0.008003,0.02647,0.001895,0.002358
SIFT1M,1000000,1000000,Lethe,revoked_user,0.4,5,0.010552,0.982635,0.979873,0.007508,0.015479,0.002202,0.002478
SIFT1M,1000000,1000000,Lethe,revoked_user,0.4,6,0.01211,0.97854,0.981527,0.008259,0.015217,0.002083,0.002117
SIFT1M,1000000,1000000,Lethe,revoked_user,0.4,7,0.015715,0.977597,0.982261,0.012015,0.009784,0.001865,0.002919
SIFT1M,1000000,1000000,Lethe,revoked_user,0.4,8,0.011153,0.979947,0.98084,0.010511,0.020675,0.000397,0.0017
SIFT1M,1000000,1000000,Lethe,revoked_user,0.4,9,0.010354,0.981138,0.977854,0.006866,0.01814,0.00431,0.003192
SIFT1M,1000000,1000000,Lethe,same_role_still_authorized,0.4,0,0.002914,0.980178,0.983064,0.001584,0.009017,0.000792,0.001473
SIFT1M,1000000,1000000,Lethe,same_role_still_authorized,0.4,1,0.00171,0.979503,0.981102,0.001372,0.01253,0.000673,0.002947
SIFT1M,1000000,1000000,Lethe,same_role_still_authorized,0.4,2,0.002952,0.982523,0.978447,0.001312,0.016692,0.000976,0.001536
SIFT1M,1000000,1000000,Lethe,same_role_still_authorized,0.4,3,0.00277,0.983406,0.979127,0.002829,0.01493,0.001337,0.002544
SIFT1M,1000000,1000000,Lethe,same_role_still_authorized,0.4,4,0.001833,0.979779,0.980389,0.001712,0.009797,0.00231,0.001352
SIFT1M,1000000,1000000,Lethe,same_role_still_authorized,0.4,5,0.003271,0.982119,0.982165,0.003308,0.023799,0.000861,0.002206
SIFT1M,1000000,1000000,Lethe,same_role_still_authorized,0.4,6,0.003041,0.981296,0.980975,0.002335,0.019953,0.001736,0.002135
SIFT1M,1000000,1000000,Lethe,same_role_still_authorized,0.4,7,0.002767,0.983393,0.98117,0.003094,0.010639,0.002119,0.001045
SIFT1M,1000000,1000000,Lethe,same_role_still_authorized,0.4,8,0.003465,0.982957,0.981782,0.002746,0.016468,0.001635,0.002596
SIFT1M,1000000,1000000,Lethe,same_role_still_authorized,0.4,9,0.003222,0.983445,0.982641,0.00239,0.007074,0.002053,0.001921
SIFT1M,1000000,1000000,Lethe,different_role_still_authorized,0.4,0,0.001046,0.981008,0.979601,0.000458,0.018517,0.00119,0.00231
SIFT1M,1000000,1000000,Lethe,different_role_still_authorized,0.4,1,0.002402,0.979785,0.982533,0.001755,0.016099,0.00197,0.002797
SIFT1M,1000000,1000000,Lethe,different_role_still_authorized,0.4,2,0.004181,0.979535,0.97852,0.002456,0.01393,0.002317,0.00058
SIFT1M,1000000,1000000,Lethe,different_role_still_authorized,0.4,3,0.003801,0.983502,0.979826,0.003699,0.018589,0.000992,0.000996
SIFT1M,1000000,1000000,Lethe,different_role_still_authorized,0.4,4,0.002272,0.978839,0.977958,0.000915,0.014622,0.000396,0.003002
SIFT1M,1000000,1000000,Lethe,different_role_still_authorized,0.4,5,0.00427,0.982877,0.98284,0.004514,0.01202,0.001499,0.002251
SIFT1M,1000000,1000000,Lethe,different_role_still_authorized,0.4,6,0.0035,0.981637,0.979308,0.002449,0.011021,0.0,0.002101
SIFT1M,1000000,1000000,Lethe,different_role_still_authorized,0.4,7,0.002144,0.980735,0.982804,0.002349,0.018008,0.001743,0.002428
SIFT1M,1000000,1000000,Lethe,different_role_still_authorized,0.4,8,0.002621,0.98297,0.981781,0.002317,0.013266,0.002318,0.000515
SIFT1M,1000000,1000000,Lethe,different_role_still_authorized,0.4,9,0.002906,0.981999,0.981899,0.002477,0.011472,0.002282,0.001923
SIFT1M,1000000,1000000,Lethe,ancestor_descendant_still_authorized,0.4,0,0.001995,0.983444,0.982815,0.001723,0.011032,0.001591,0.000949
SIFT1M,1000000,1000000,Lethe,ancestor_descendant_still_authorized,0.4,1,0.003761,0.981295,0.982389,0.001894,0.023678,0.003323,0.002516
SIFT1M,1000000,1000000,Lethe,ancestor_descendant_still_authorized,0.4,2,0.003678,0.980888,0.980127,0.002342,0.010438,0.001365,0.002786
SIFT1M,1000000,1000000,Lethe,ancestor_descendant_still_authorized,0.4,3,0.004201,0.978876,0.979948,0.003105,0.014321,0.000898,0.003957
SIFT1M,1000000,1000000,Lethe,ancestor_descendant_still_authorized,0.4,4,0.001207,0.980445,0.978922,0.000362,0.029617,0.002711,0.002927
SIFT1M,1000000,1000000,Lethe,ancestor_descendant_still_authorized,0.4,5,0.003622,0.981514,0.982629,0.00474,0.017534,0.002842,0.001701
SIFT1M,1000000,1000000,Lethe,ancestor_descendant_still_authorized,0.4,6,0.002143,0.979511,0.979362,0.001276,0.015413,0.002538,0.003249
SIFT1M,1000000,1000000,Lethe,ancestor_descendant_still_authorized,0.4,7,0.002385,0.982568,0.980298,0.002979,0.024093,0.000704,0.002881
SIFT1M,1000000,1000000,Lethe,ancestor_descendant_still_authorized,0.4,8,0.002876,0.981005,0.978009,0.005503,0.01241,0.002069,0.001175
SIFT1M,1000000,1000000,Lethe,ancestor_descendant_still_authorized,0.4,9,0.003651,0.9793,0.977886,0.003028,0.014706,0.002005,0.002752
SIFT1M,1000000,1000000,Lethe,revoked_user,0.5,0,0.014936,0.978184,0.982066,0.010471,0.01406,0.002336,0.002163
SIFT1M,1000000,1000000,Lethe,revoked_user,0.5,1,0.01426,0.981823,0.983127,0.01129,0.024502,0.001745,0.000444
SIFT1M,1000000,1000000,Lethe,revoked_user,0.5,2,0.014096,0.980275,0.981972,0.010293,0.017097,0.001401,0.002331
SIFT1M,1000000,1000000,Lethe,revoked_user,0.5,3,0.009039,0.979551,0.981099,0.006929,0.021818,0.002773,0.00317
SIFT1M,1000000,1000000,Lethe,revoked_user,0.5,4,0.016127,0.981881,0.983326,0.0123,0.020911,0.002255,0.002493
SIFT1M,1000000,1000000,Lethe,revoked_user,0.5,5,0.013086,0.979698,0.98229,0.012403,0.018488,0.00163,0.001593
SIFT1M,1000000,1000000,Lethe,revoked_user,0.5,6,0.01267,0.979949,0.983087,0.010593,0.011948,0.002681,0.00103
SIFT1M,1000000,1000000,Lethe,revoked_user,0.5,7,0.017143,0.981786,0.981949,0.013567,0.009913,0.002729,0.002718
SIFT1M,1000000,1000000,Lethe,revoked_user,0.5,8,0.01204,0.980032,0.980845,0.008836,0.015656,0.001541,0.000515
SIFT1M,1000000,1000000,Lethe,revoked_user,0.5,9,0.012182,0.981287,0.981146,0.00886,0.011038,0.002317,0.000708
SIFT1M,1000000,1000000,Lethe,same_role_still_authorized,0.5,0,0.003323,0.98173,0.982596,0.001155,0.016122,0.001031,0.00119
SIFT1M,1000000,1000000,Lethe,same_role_still_authorized,0.5,1,0.000716,0.980992,0.980351,0.002455,0.011778,0.002353,0.0016
SIFT1M,1000000,1000000,Lethe,same_role_still_authorized,0.5,2,0.002186,0.980154,0.97968,0.001673,0.000218,0.002641,0.00156
SIFT1M,1000000,1000000,Lethe,same_role_still_authorized,0.5,3,0.002418,0.97878,0.982532,0.00218,0.012293,0.001434,0.002627
SIFT1M,1000000,1000000,Lethe,same_role_still_authorized,0.5,4,0.003291,0.98129,0.982689,0.001865,0.021626,0.001939,0.001718
SIFT1M,1000000,1000000,Lethe,same_role_still_authorized,0.5,5,0.002967,0.979945,0.980881,0.001512,0.008209,0.003734,0.001801
SIFT1M,1000000,1000000,Lethe,same_role_still_authorized,0.5,6,0.002886,0.979807,0.981911,0.002633,0.013235,0.001681,0.003372
SIFT1M,1000000,1000000,Lethe,same_role_still_authorized,0.5,7,0.003683,0.981721,0.981459,0.001839,0.012659,0.001597,0.003427
SIFT1M,1000000,1000000,Lethe,same_role_still_authorized,0.5,8,0.002773,0.980398,0.979236,0.001404,0.017462,0.000925,0.002564
SIFT1M,1000000,1000000,Lethe,same_role_still_authorized,0.5,9,0.003228,0.979352,0.981128,0.001202,0.01489,0.003265,0.003039
SIFT1M,1000000,1000000,Lethe,different_role_still_authorized,0.5,0,0.00259,0.981427,0.980567,0.003594,0.021051,0.002113,0.001045
SIFT1M,1000000,1000000,Lethe,different_role_still_authorized,0.5,1,0.001632,0.978445,0.979162,0.001849,0.011848,0.001885,0.001771
SIFT1M,1000000,1000000,Lethe,different_role_still_authorized,0.5,2,0.003582,0.979185,0.979014,0.001907,0.012028,0.001757,0.000917
SIFT1M,1000000,1000000,Lethe,different_role_still_authorized,0.5,3,0.002377,0.980105,0.982683,0.004239,0.020296,0.001828,0.004161
SIFT1M,1000000,1000000,Lethe,different_role_still_authorized,0.5,4,0.00395,0.981487,0.98182,0.003206,0.026151,0.002576,0.001137
SIFT1M,1000000,1000000,Lethe,different_role_still_authorized,0.5,5,0.00282,0.979843,0.980312,0.002645,0.026285,0.002311,0.001858
SIFT1M,1000000,1000000,Lethe,different_role_still_authorized,0.5,6,0.003666,0.981422,0.982466,0.001797,0.016362,0.001622,0.000312
SIFT1M,1000000,1000000,Lethe,different_role_still_authorized,0.5,7,0.00373,0.981388,0.978281,0.002923,0.007604,0.00164,0.001616
SIFT1M,1000000,1000000,Lethe,different_role_still_authorized,0.5,8,0.002388,0.979505,0.981531,0.001199,0.013801,0.002431,0.001554
SIFT1M,1000000,1000000,Lethe,different_role_still_authorized,0.5,9,0.003906,0.980552,0.981267,0.002855,0.016184,0.000941,0.001716
SIFT1M,1000000,1000000,Lethe,ancestor_descendant_still_authorized,0.5,0,0.002843,0.980019,0.97945,0.002965,0.009271,0.0,0.00256
SIFT1M,1000000,1000000,Lethe,ancestor_descendant_still_authorized,0.5,1,0.004324,0.980992,0.980466,0.003864,0.015189,0.0,0.00194
SIFT1M,1000000,1000000,Lethe,ancestor_descendant_still_authorized,0.5,2,0.003292,0.98123,0.980437,0.001652,0.016855,0.0,0.001352
SIFT1M,1000000,1000000,Lethe,ancestor_descendant_still_authorized,0.5,3,0.001642,0.979379,0.981308,0.000856,0.016537,0.001847,0.002356
SIFT1M,1000000,1000000,Lethe,ancestor_descendant_still_authorized,0.5,4,0.002885,0.980726,0.982407,0.002785,0.020677,0.00221,0.001945
SIFT1M,1000000,1000000,Lethe,ancestor_descendant_still_authorized,0.5,5,0.002118,0.979885,0.97964,0.00072,0.01815,0.003765,0.002614
SIFT1M,1000000,1000000,Lethe,ancestor_descendant_still_authorized,0.5,6,0.003967,0.981185,0.981112,0.004046,0.014138,0.000791,0.0031
SIFT1M,1000000,1000000,Lethe,ancestor_descendant_still_authorized,0.5,7,0.001569,0.982331,0.980304,0.000646,0.014885,0.0,0.001981
SIFT1M,1000000,1000000,Lethe,ancestor_descendant_still_authorized,0.5,8,0.002982,0.978898,0.980775,0.003343,0.019444,0.002673,0.000949
SIFT1M,1000000,1000000,Lethe,ancestor_descendant_still_authorized,0.5,9,0.003721,0.980147,0.980566,0.003449,0.01902,0.002618,0.0029
MIMIC-IV-CaseStudy,1800000,1800000,Lethe,revoked_user,0.1,0,0.00848,0.972287,0.971645,0.007225,0.000129,0.00173,0.002986
MIMIC-IV-CaseStudy,1800000,1800000,Lethe,revoked_user,0.1,1,0.004895,0.969259,0.971332,0.003434,0.030583,0.00172,0.001864
MIMIC-IV-CaseStudy,1800000,1800000,Lethe,revoked_user,0.1,2,0.008181,0.970977,0.971182,0.006059,0.026762,0.000122,0.0
MIMIC-IV-CaseStudy,1800000,1800000,Lethe,revoked_user,0.1,3,0.010826,0.970968,0.97189,0.008685,0.014832,0.002939,0.002132
MIMIC-IV-CaseStudy,1800000,1800000,Lethe,revoked_user,0.1,4,0.007813,0.972629,0.97112,0.00546,0.018691,0.002682,0.000871
MIMIC-IV-CaseStudy,1800000,1800000,Lethe,revoked_user,0.1,5,0.007137,0.971505,0.972098,0.005905,0.010761,0.002593,0.002313
MIMIC-IV-CaseStudy,1800000,1800000,Lethe,revoked_user,0.1,6,0.004305,0.969971,0.971451,0.003032,0.01969,0.000573,0.003345
MIMIC-IV-CaseStudy,1800000,1800000,Lethe,revoked_user,0.1,7,0.009188,0.968794,0.971422,0.006788,0.010756,0.001651,0.002359
MIMIC-IV-CaseStudy,1800000,1800000,Lethe,revoked_user,0.1,8,0.007687,0.969457,0.972249,0.006665,0.011941,0.00244,0.002588
MIMIC-IV-CaseStudy,1800000,1800000,Lethe,revoked_user,0.1,9,0.0072,0.971847,0.969046,0.006394,0.018239,0.002034,0.002763
MIMIC-IV-CaseStudy,1800000,1800000,Lethe,same_role_still_authorized,0.1,0,0.002716,0.972375,0.969434,0.002068,0.013925,0.000612,0.002294
MIMIC-IV-CaseStudy,1800000,1800000,Lethe,same_role_still_authorized,0.1,1,0.001962,0.969959,0.971773,0.000271,0.01172,0.00249,0.001287
MIMIC-IV-CaseStudy,1800000,1800000,Lethe,same_role_still_authorized,0.1,2,0.001883,0.970862,0.971235,0.000245,0.010189,0.001486,6.2e-05
MIMIC-IV-CaseStudy,1800000,1800000,Lethe,same_role_still_authorized,0.1,3,0.001789,0.970919,0.970094,0.002979,0.013001,0.001163,0.000804
MIMIC-IV-CaseStudy,1800000,1800000,Lethe,same_role_still_authorized,0.1,4,0.002211,0.971351,0.973421,0.001528,0.007824,0.00417,0.003894
MIMIC-IV-CaseStudy,1800000,1800000,Lethe,same_role_still_authorized,0.1,5,0.003198,0.971931,0.969035,0.002762,0.015396,0.001458,0.002298
MIMIC-IV-CaseStudy,1800000,1800000,Lethe,same_role_still_authorized,0.1,6,0.00257,0.971308,0.971876,0.002156,0.016342,0.002666,0.000197
MIMIC-IV-CaseStudy,1800000,1800000,Lethe,same_role_still_authorized,0.1,7,0.002509,0.971396,0.970064,0.000718,0.020319,0.001922,0.002448
MIMIC-IV-CaseStudy,1800000,1800000,Lethe,same_role_still_authorized,0.1,8,0.002405,0.971672,0.969535,0.003003,0.015997,0.001234,0.001509
MIMIC-IV-CaseStudy,1800000,1800000,Lethe,same_role_still_authorized,0.1,9,0.002106,0.968482,0.97082,0.002629,0.024968,0.002169,0.002761
MIMIC-IV-CaseStudy,1800000,1800000,Lethe,different_role_still_authorized,0.1,0,0.000552,0.973624,0.968333,0.0,0.009474,0.002964,0.002043
MIMIC-IV-CaseStudy,1800000,1800000,Lethe,different_role_still_authorized,0.1,1,0.002011,0.968707,0.970277,0.002038,0.020986,0.001578,0.001889
MIMIC-IV-CaseStudy,1800000,1800000,Lethe,different_role_still_authorized,0.1,2,0.001964,0.972131,0.969354,0.001533,0.021544,0.001486,0.002448
MIMIC-IV-CaseStudy,1800000,1800000,Lethe,different_role_still_authorized,0.1,3,0.0023,0.968834,0.972323,0.001344,0.02102,0.002613,0.003422
MIMIC-IV-CaseStudy,1800000,1800000,Lethe,different_role_still_authorized,0.1,4,0.003148,0.972215,0.971867,0.00288,0.014636,0.002264,0.002375
MIMIC-IV-CaseStudy,1800000,1800000,Lethe,different_role_still_authorized,0.1,5,0.00235,0.970498,0.969239,0.002182,0.016423,0.002999,0.002466
MIMIC-IV-CaseStudy,1800000,1800000,Lethe,different_role_still_authorized,0.1,6,0.002654,0.972143,0.969274,0.001866,0.006387,0.001785,0.001374
MIMIC-IV-CaseStudy,1800000,1800000,Lethe,different_role_still_authorized,0.1,7,0.001132,0.970515,0.970702,0.001443,0.008752,0.002748,0.0022
MIMIC-IV-CaseStudy,1800000,1800000,Lethe,different_role_still_authorized,0.1,8,0.0,0.96938,0.973506,0.001977,0.011956,0.002667,0.003216
MIMIC-IV-CaseStudy,1800000,1800000,Lethe,different_role_still_authorized,0.1,9,0.00139,0.972131,0.969915,0.00011,0.020904,0.002569,0.001909
MIMIC-IV-CaseStudy,1800000,1800000,Lethe,ancestor_descendant_still_authorized,0.1,0,0.001357,0.971039,0.96998,0.0,0.011184,0.002539,0.002518
MIMIC-IV-CaseStudy,1800000,1800000,Lethe,ancestor_descendant_still_authorized,0.1,1,0.002328,0.97159,0.969912,0.00169,0.023811,0.004062,0.001881
MIMIC-IV-CaseStudy,1800000,1800000,Lethe,ancestor_descendant_still_authorized,0.1,2,0.001134,0.970912,0.970016,0.002442,0.024227,0.00179,0.001552
MIMIC-IV-CaseStudy,1800000,1800000,Lethe,ancestor_descendant_still_authorized,0.1,3,5.8e-05,0.970461,0.971554,0.000248,0.00834,0.001574,0.001744
MIMIC-IV-CaseStudy,1800000,1800000,Lethe,ancestor_descendant_still_authorized,0.1,4,0.0005,0.970429,0.971436,0.0,0.025985,0.001576,0.000322
MIMIC-IV-CaseStudy,1800000,1800000,Lethe,ancestor_descendant_still_authorized,0.1,5,0.001078,0.971353,0.971392,0.0,0.013423,0.002337,0.00145
MIMIC-IV-CaseStudy,1800000,1800000,Lethe,ancestor_descendant_still_authorized,0.1,6,0.002047,0.972915,0.972668,0.002555,0.017968,0.002895,0.000861
MIMIC-IV-CaseStudy,1800000,1800000,Lethe,ancestor_descendant_still_authorized,0.1,7,0.002405,0.973398,0.971911,0.001828,0.013463,0.000716,0.003113
MIMIC-IV-CaseStudy,1800000,1800000,Lethe,ancestor_descendant_still_authorized,0.1,8,0.000913,0.96873,0.970884,4.9e-05,0.019201,0.002147,0.002862
MIMIC-IV-CaseStudy,1800000,1800000,Lethe,ancestor_descendant_still_authorized,0.1,9,0.00137,0.970637,0.972825,0.00074,0.008452,0.001511,0.000943
MIMIC-IV-CaseStudy,1800000,1800000,Lethe,revoked_user,0.2,0,0.008307,0.969748,0.971392,0.007692,0.014779,0.001848,0.0
MIMIC-IV-CaseStudy,1800000,1800000,Lethe,revoked_user,0.2,1,0.007767,0.972124,0.972506,0.005937,0.019631,0.001842,0.003954
MIMIC-IV-CaseStudy,1800000,1800000,Lethe,revoked_user,0.2,2,0.006472,0.971005,0.97041,0.003975,0.021567,0.002751,0.002113
MIMIC-IV-CaseStudy,1800000,1800000,Lethe,revoked_user,0.2,3,0.013188,0.971919,0.971068,0.010821,0.019141,0.002018,0.001747
MIMIC-IV-CaseStudy,1800000,1800000,Lethe,revoked_user,0.2,4,0.010951,0.971417,0.971175,0.009227,0.021442,0.001111,0.000844
MIMIC-IV-CaseStudy,1800000,1800000,Lethe,revoked_user,0.2,5,0.007391,0.971169,0.970068,0.006209,0.021173,0.002799,0.001419
MIMIC-IV-CaseStudy,1800000,1800000,Lethe,revoked_user,0.2,6,0.004168,0.970414,0.974852,0.001438,0.005946,0.003581,0.004466
MIMIC-IV-CaseStudy,1800000,1800000,Lethe,revoked_user,0.2,7,0.009381,0.971375,0.968511,0.006108,0.019134,0.002184,0.000937
MIMIC-IV-CaseStudy,1800000,1800000,Lethe,revoked_user,0.2,8,0.011081,0.971103,0.973364,0.00974,0.015583,0.00243,0.000971
MIMIC-IV-CaseStudy,1800000,1800000,Lethe,revoked_user,0.2,9,0.009036,0.972271,0.971169,0.006892,0.013868,0.001401,0.002866
MIMIC-IV-CaseStudy,1800000,1800000,Lethe,same_role_still_authorized,0.2,0,0.002751,0.971501,0.973502,0.002739,0.01136,0.002088,0.00142
MIMIC-IV-CaseStudy,1800000,1800000,Lethe,same_role_still_authorized,0.2,1,0.001468,0.969356,0.970293,0.000884,0.021226,0.00326,0.003212
MIMIC-IV-CaseStudy,1800000,1800000,Lethe,same_role_still_authorized,0.2,2,0.002604,0.971207,0.970789,0.002565,0.021942,0.001876,0.001304
MIMIC-IV-CaseStudy,1800000,1800000,Lethe,same_role_still_authorized,0.2,3,0.002358,0.971735,0.973621,0.001814,0.0154,0.001826,0.001806
MIMIC-IV-CaseStudy,1800000,1800000,Lethe,same_role_still_authorized,0.2,4,0.001925,0.970614,0.969428,0.001211,0.017479,0.0016,0.000192
MIMIC-IV-CaseStudy,1800000,1800000,Lethe,same_role_still_authorized,0.2,5,0.002274,0.971828,0.972203,0.00296,0.018943,0.001554,0.001626
MIMIC-IV-CaseStudy,1800000,1800000,Lethe,same_role_still_authorized,0.2,6,0.003912,0.971,0.970481,0.002605,0.013865,0.001058,0.001082
MIMIC-IV-CaseStudy,1800000,1800000,Lethe,same_role_still_authorized,0.2,7,0.000822,0.971904,0.970831,0.001209,0.028209,0.001597,0.001379
MIMIC-IV-CaseStudy,1800000,1800000,Lethe,same_role_still_authorized,0.2,8,0.002655,0.970095,0.972241,0.003692,0.006938,0.000447,0.001985
MIMIC-IV-CaseStudy,1800000,1800000,Lethe,same_role_still_authorized,0.2,9,0.001308,0.97317,0.967978,0.0,0.004226,0.002457,0.00258
MIMIC-IV-CaseStudy,1800000,1800000,Lethe,different_role_still_authorized,0.2,0,0.00124,0.970002,0.970559,0.001871,0.017866,0.001037,0.002652
MIMIC-IV-CaseStudy,1800000,1800000,Lethe,different_role_still_authorized,0.2,1,0.00162,0.970805,0.971223,0.00188,0.021545,0.002085,0.002185
MIMIC-IV-CaseStudy,1800000,1800000,Lethe,different_role_still_authorized,0.2,2,0.000544,0.970696,0.970411,0.0,0.016174,0.00166,0.00244
MIMIC-IV-CaseStudy,1800000,1800000,Lethe,different_role_still_authorized,0.2,3,1.2e-05,0.969926,0.971099,0.000687,0.010735,0.002224,0.004014
MIMIC-IV-CaseStudy,1800000,1800000,Lethe,different_role_still_authorized,0.2,4,0.003705,0.96997,0.971351,0.003958,0.014723,0.002224,0.001506
MIMIC-IV-CaseStudy,1800000,1800000,Lethe,different_role_still_authorized,0.2,5,0.001345,0.970089,0.974749,0.000872,0.013882,0.001415,0.002177
MIMIC-IV-CaseStudy,1800000,1800000,Lethe,different_role_still_authorized,0.2,6,0.001572,0.97068,0.972202,0.002584,0.014995,0.00042,0.003362
MIMIC-IV-CaseStudy,1800000,1800000,Lethe,different_role_still_authorized,0.2,7,0.002101,0.972008,0.970539,0.002465,0.01588,0.002504,0.001362
MIMIC-IV-CaseStudy,1800000,1800000,Lethe,different_role_still_authorized,0.2,8,0.003112,0.972665,0.969709,0.002843,0.007403,0.001187,0.001823
MIMIC-IV-CaseStudy,1800000,1800000,Lethe,different_role_still_authorized,0.2,9,0.002617,0.969529,0.971356,0.002471,0.014799,0.002558,0.003974
MIMIC-IV-CaseStudy,1800000,1800000,Lethe,ancestor_descendant_still_authorized,0.2,0,0.004788,0.969913,0.96976,0.003872,0.018772,0.002383,0.004441
MIMIC-IV-CaseStudy,1800000,1800000,Lethe,ancestor_descendant_still_authorized,0.2,1,0.002635,0.972759,0.971467,0.001346,0.007107,0.00124,0.001408
MIMIC-IV-CaseStudy,1800000,1800000,Lethe,ancestor_descendant_still_authorized,0.2,2,0.002066,0.971308,0.969203,0.0015,0.006182,0.002451,0.001623
MIMIC-IV-CaseStudy,1800000,1800000,Lethe,ancestor_descendant_still_authorized,0.2,3,0.002382,0.97241,0.970957,0.001968,0.016962,0.000737,0.000718
MIMIC-IV-CaseStudy,1800000,1800000,Lethe,ancestor_descendant_still_authorized,0.2,4,0.00366,0.974445,0.972084,0.00153,0.016388,0.002957,0.00207
MIMIC-IV-CaseStudy,1800000,1800000,Lethe,ancestor_descendant_still_authorized,0.2,5,0.001963,0.972611,0.974112,0.0,0.01518,0.000879,0.002662
MIMIC-IV-CaseStudy,1800000,1800000,Lethe,ancestor_descendant_still_authorized,0.2,6,0.003154,0.970929,0.971853,0.002887,0.017857,0.000404,0.004415
MIMIC-IV-CaseStudy,1800000,1800000,Lethe,ancestor_descendant_still_authorized,0.2,7,0.002865,0.970029,0.970487,0.002323,0.021907,0.002257,0.002496
MIMIC-IV-CaseStudy,1800000,1800000,Lethe,ancestor_descendant_still_authorized,0.2,8,0.001427,0.969072,0.969344,0.00106,0.010105,0.00061,0.00317
MIMIC-IV-CaseStudy,1800000,1800000,Lethe,ancestor_descendant_still_authorized,0.2,9,0.003236,0.970329,0.97101,0.002033,0.013086,0.003486,0.002633
MIMIC-IV-CaseStudy,1800000,1800000,Lethe,revoked_user,0.3,0,0.012865,0.971454,0.971389,0.010934,0.007794,0.000792,0.002541
MIMIC-IV-CaseStudy,1800000,1800000,Lethe,revoked_user,0.3,1,0.011797,0.967938,0.971749,0.009301,0.002495,0.002677,0.00018
MIMIC-IV-CaseStudy,1800000,1800000,Lethe,revoked_user,0.3,2,0.00926,0.971987,0.971847,0.007008,0.01734,0.002405,0.00179
MIMIC-IV-CaseStudy,1800000,1800000,Lethe,revoked_user,0.3,3,0.011404,0.969811,0.972194,0.008668,0.012034,0.000655,0.002476
MIMIC-IV-CaseStudy,1800000,1800000,Lethe,revoked_user,0.3,4,0.013555,0.972099,0.972576,0.010974,0.017868,0.001752,0.002545
MIMIC-IV-CaseStudy,1800000,1800000,Lethe,revoked_user,0.3,5,0.014426,0.970095,0.969265,0.009976,0.017191,0.002413,0.002311
MIMIC-IV-CaseStudy,1800000,1800000,Lethe,revoked_user,0.3,6,0.012195,0.970724,0.972241,0.011578,0.011407,0.001365,0.002132
MIMIC-IV-CaseStudy,1800000,1800000,Lethe,revoked_user,0.3,7,0.012606,0.970039,0.971187,0.009873,0.022234,0.002145,0.001852
MIMIC-IV-CaseStudy,1800000,1800000,Lethe,revoked_user,0.3,8,0.011608,0.968249,0.969792,0.009346,0.015253,0.001525,0.0
MIMIC-IV-CaseStudy,1800000,1800000,Lethe,revoked_user,0.3,9,0.00904,0.973432,0.970187,0.006892,0.014981,0.002649,0.000631
MIMIC-IV-CaseStudy,1800000,1800000,Lethe,same_role_still_authorized,0.3,0,0.001697,0.968359,0.969913,0.001768,0.008499,0.001833,0.001652
MIMIC-IV-CaseStudy,1800000,1800000,Lethe,same_role_still_authorized,0.3,1,0.002604,0.97296,0.970733,0.001458,0.012268,0.001454,0.000819
MIMIC-IV-CaseStudy,1800000,1800000,Lethe,same_role_still_authorized,0.3,2,0.002281,0.968199,0.969779,0.002885,0.017272,0.000777,0.002208
MIMIC-IV-CaseStudy,1800000,1800000,Lethe,same_role_still_authorized,0.3,3,0.002548,0.969745,0.971422,0.000775,0.016203,0.001225,0.001979
MIMIC-IV-CaseStudy,1800000,1800000,Lethe,same_role_still_authorized,0.3,4,0.002309,0.970541,0.969661,0.002006,0.017176,0.001824,0.004056
MIMIC-IV-CaseStudy,1800000,1800000,Lethe,same_role_still_authorized,0.3,5,0.002689,0.970584,0.970125,0.0,0.022077,0.003248,0.002728
MIMIC-IV-CaseStudy,1800000,1800000,Lethe,same_role_still_authorized,0.3,6,0.00228,0.968628,0.967139,0.003343,0.012048,0.002142,0.003535
MIMIC-IV-CaseStudy,1800000,1800000,Lethe,same_role_still_authorized,0.3,7,0.002216,0.97167,0.972844,1.8e-05,0.017997,0.001925,0.002239
MIMIC-IV-CaseStudy,1800000,1800000,Lethe,same_role_still_authorized,0.3,8,0.002815,0.971159,0.97022,0.001986,0.013579,0.000397,0.002036
MIMIC-IV-CaseStudy,1800000,1800000,Lethe,same_role_still_authorized,0.3,9,0.003437,0.971004,0.969717,0.003116,0.016714,0.002201,0.002806
MIMIC-IV-CaseStudy,1800000,1800000,Lethe,different_role_still_authorized,0.3,0,0.00491,0.973146,0.969894,0.00367,0.017381,0.004008,0.003321
MIMIC-IV-CaseStudy,1800000,1800000,Lethe,different_role_still_authorized,0.3,1,0.00317,0.971241,0.967861,0.003551,0.010437,0.002385,0.001866
MIMIC-IV-CaseStudy,1800000,1800000,Lethe,different_role_still_authorized,0.3,2,0.002089,0.97215,0.971112,0.002181,0.019164,0.002147,0.001404
MIMIC-IV-CaseStudy,1800000,1800000,Lethe,different_role_still_authorized,0.3,3,0.002405,0.972286,0.970315,0.004175,0.007234,0.001148,0.003403
MIMIC-IV-CaseStudy,1800000,1800000,Lethe,different_role_still_authorized,0.3,4,0.00198,0.971542,0.969013,0.003081,0.008283,0.000184,0.001632
MIMIC-IV-CaseStudy,1800000,1800000,Lethe,different_role_still_authorized,0.3,5,0.003583,0.970795,0.969705,0.002092,0.002633,0.000864,0.000674
MIMIC-IV-CaseStudy,1800000,1800000,Lethe,different_role_still_authorized,0.3,6,0.002166,0.970775,0.969946,0.001482,0.024783,0.003983,0.001379
MIMIC-IV-CaseStudy,1800000,1800000,Lethe,different_role_still_authorized,0.3,7,0.001864,0.970575,0.973694,0.0,0.012732,0.002781,0.002232
MIMIC-IV-CaseStudy,1800000,1800000,Lethe,different_role_still_authorized,0.3,8,0.002923,0.974922,0.970591,0.002922,0.013469,0.002322,0.00197
MIMIC-IV-CaseStudy,1800000,1800000,Lethe,different_role_still_authorized,0.3,9,0.003122,0.972178,0.96861,0.003271,0.016775,0.000587,0.00174
MIMIC-IV-CaseStudy,1800000,1800000,Lethe,ancestor_descendant_still_authorized,0.3,0,0.004843,0.970212,0.974296,0.004028,0.014416,0.00133,0.00284
MIMIC-IV-CaseStudy,1800000,1800000,Lethe,ancestor_descendant_still_authorized,0.3,1,0.002075,0.972728,0.974065,0.000797,0.010937,0.001706,0.003311
MIMIC-IV-CaseStudy,1800000,1800000,Lethe,ancestor_descendant_still_authorized,0.3,2,0.002613,0.972713,0.968981,0.00231,0.009608,0.000939,0.001585
MIMIC-IV-CaseStudy,1800000,1800000,Lethe,ancestor_descendant_still_authorized,0.3,3,0.00313,0.970932,0.967088,0.004876,0.02603,0.00217,0.00286
MIMIC-IV-CaseStudy,1800000,1800000,Lethe,ancestor_descendant_still_authorized,0.3,4,0.000914,0.971248,0.969279,0.0,0.007885,0.000777,0.00198
MIMIC-IV-CaseStudy,1800000,1800000,Lethe,ancestor_descendant_still_authorized,0.3,5,0.000305,0.969825,0.972221,0.0,0.019194,0.001839,0.002467
MIMIC-IV-CaseStudy,1800000,1800000,Lethe,ancestor_descendant_still_authorized,0.3,6,0.002197,0.972017,0.969883,0.0,0.014297,0.001882,0.002639
MIMIC-IV-CaseStudy,1800000,1800000,Lethe,ancestor_descendant_still_authorized,0.3,7,0.002541,0.970982,0.973911,0.00171,0.009591,0.001876,0.001678
MIMIC-IV-CaseStudy,1800000,1800000,Lethe,ancestor_descendant_still_authorized,0.3,8,0.003403,0.970814,0.974065,0.001677,0.004058,0.000575,0.002149
MIMIC-IV-CaseStudy,1800000,1800000,Lethe,ancestor_descendant_still_authorized,0.3,9,0.003333,0.970709,0.969585,0.001483,0.016099,0.003744,0.001996
MIMIC-IV-CaseStudy,1800000,1800000,Lethe,revoked_user,0.4,0,0.014276,0.969132,0.971665,0.011382,0.014222,0.001848,0.001125
MIMIC-IV-CaseStudy,1800000,1800000,Lethe,revoked_user,0.4,1,0.01022,0.971099,0.968365,0.008137,0.013518,0.001469,0.001927
MIMIC-IV-CaseStudy,1800000,1800000,Lethe,revoked_user,0.4,2,0.011751,0.971148,0.969594,0.008246,0.008403,0.000429,0.00142
MIMIC-IV-CaseStudy,1800000,1800000,Lethe,revoked_user,0.4,3,0.013526,0.971336,0.970351,0.01231,0.011732,0.001671,0.001102
MIMIC-IV-CaseStudy,1800000,1800000,Lethe,revoked_user,0.4,4,0.010884,0.970224,0.971395,0.009421,0.017302,0.001632,0.003253
MIMIC-IV-CaseStudy,1800000,1800000,Lethe,revoked_user,0.4,5,0.012335,0.971825,0.971205,0.009328,0.003393,0.002354,0.001636
MIMIC-IV-CaseStudy,1800000,1800000,Lethe,revoked_user,0.4,6,0.013754,0.969512,0.97295,0.010461,0.013538,0.000909,0.002672
MIMIC-IV-CaseStudy,1800000,1800000,Lethe,revoked_user,0.4,7,0.011099,0.970397,0.971653,0.009364,0.013833,0.00208,0.000258
MIMIC-IV-CaseStudy,1800000,1800000,Lethe,revoked_user,0.4,8,0.013513,0.971773,0.969056,0.010886,0.013859,0.001974,0.002298
MIMIC-IV-CaseStudy,1800000,1800000,Lethe,revoked_user,0.4,9,0.012463,0.971001,0.970977,0.00859,0.01494,0.002536,0.005336
MIMIC-IV-CaseStudy,1800000,1800000,Lethe,same_role_still_authorized,0.4,0,0.0014,0.969297,0.969563,0.001969,0.012626,0.00149,0.00187
MIMIC-IV-CaseStudy,1800000,1800000,Lethe,same_role_still_authorized,0.4,1,0.003201,0.970438,0.969212,0.003541,0.017876,0.003833,0.0
MIMIC-IV-CaseStudy,1800000,1800000,Lethe,same_role_still_authorized,0.4,2,0.002278,0.970174,0.972941,0.000121,0.013487,0.002858,0.002818
MIMIC-IV-CaseStudy,1800000,1800000,Lethe,same_role_still_authorized,0.4,3,0.001903,0.969,0.970094,0.001641,0.013149,0.001276,0.002146
MIMIC-IV-CaseStudy,1800000,1800000,Lethe,same_role_still_authorized,0.4,4,0.002837,0.973557,0.967461,0.001441,0.016536,0.001887,0.0033
MIMIC-IV-CaseStudy,1800000,1800000,Lethe,same_role_still_authorized,0.4,5,0.00272,0.970611,0.972343,0.003705,0.017213,0.001895,0.002326
MIMIC-IV-CaseStudy,1800000,1800000,Lethe,same_role_still_authorized,0.4,6,0.002959,0.9685,0.969764,0.002754,0.023169,0.004767,0.000984
MIMIC-IV-CaseStudy,1800000,1800000,Lethe,same_role_still_authorized,0.4,7,0.001048,0.97276,0.971248,0.0,0.019784,0.002983,0.002711
MIMIC-IV-CaseStudy,1800000,1800000,Lethe,same_role_still_authorized,0.4,8,0.002153,0.971464,0.968008,0.002007,0.017471,0.001718,0.001623
MIMIC-IV-CaseStudy,1800000,1800000,Lethe,same_role_still_authorized,0.4,9,0.003015,0.971003,0.97132,0.003298,0.011784,0.0,0.001776
MIMIC-IV-CaseStudy,1800000,1800000,Lethe,different_role_still_authorized,0.4,0,0.002488,0.968066,0.970715,0.004368,0.013762,0.002502,0.001841
MIMIC-IV-CaseStudy,1800000,1800000,Lethe,different_role_still_authorized,0.4,1,0.002561,0.970038,0.970983,0.001278,0.02747,0.001531,0.002496
MIMIC-IV-CaseStudy,1800000,1800000,Lethe,different_role_still_authorized,0.4,2,0.003732,0.974269,0.96923,0.004138,0.019626,0.003207,0.002523
MIMIC-IV-CaseStudy,1800000,1800000,Lethe,different_role_still_authorized,0.4,3,0.00248,0.97463,0.968588,0.002655,0.020151,0.002635,0.002362
MIMIC-IV-CaseStudy,1800000,1800000,Lethe,different_role_still_authorized,0.4,4,0.002644,0.973373,0.971368,0.001171,0.016424,0.002864,0.000383
MIMIC-IV-CaseStudy,1800000,1800000,Lethe,different_role_still_authorized,0.4,5,0.002211,0.971294,0.971685,0.001646,0.009827,0.00256,0.001496
MIMIC-IV-CaseStudy,1800000,1800000,Lethe,different_role_still_authorized,0.4,6,0.004608,0.970291,0.970506,0.003465,0.013983,0.000433,0.00366
MIMIC-IV-CaseStudy,1800000,1800000,Lethe,different_role_still_authorized,0.4,7,0.000832,0.970234,0.969125,0.000543,0.023737,0.001835,0.001563
MIMIC-IV-CaseStudy,1800000,1800000,Lethe,different_role_still_authorized,0.4,8,0.004907,0.971678,0.970029,0.004499,0.012311,0.00219,0.003309
MIMIC-IV-CaseStudy,1800000,1800000,Lethe,different_role_still_authorized,0.4,9,0.000664,0.971829,0.97087,0.000484,0.015517,0.002097,0.000924
MIMIC-IV-CaseStudy,1800000,1800000,Lethe,ancestor_descendant_still_authorized,0.4,0,0.002338,0.972714,0.9706,0.001915,0.017736,0.002398,0.002874
MIMIC-IV-CaseStudy,1800000,1800000,Lethe,ancestor_descendant_still_authorized,0.4,1,0.0016,0.971303,0.973884,0.000755,0.02698,0.00103,0.001813
MIMIC-IV-CaseStudy,1800000,1800000,Lethe,ancestor_descendant_still_authorized,0.4,2,0.002564,0.972736,0.97262,0.001355,0.011612,0.002857,0.002398
MIMIC-IV-CaseStudy,1800000,1800000,Lethe,ancestor_descendant_still_authorized,0.4,3,0.003017,0.969913,0.970032,0.002143,0.01131,0.003399,0.001888
MIMIC-IV-CaseStudy,1800000,1800000,Lethe,ancestor_descendant_still_authorized,0.4,4,0.00139,0.969382,0.971427,0.001288,0.012338,0.00128,0.002899
MIMIC-IV-CaseStudy,1800000,1800000,Lethe,ancestor_descendant_still_authorized,0.4,5,0.003016,0.969351,0.970469,0.003024,0.003572,0.001645,0.002275
MIMIC-IV-CaseStudy,1800000,1800000,Lethe,ancestor_descendant_still_authorized,0.4,6,0.002651,0.970489,0.971141,0.002098,0.02911,0.001403,0.00299
MIMIC-IV-CaseStudy,1800000,1800000,Lethe,ancestor_descendant_still_authorized,0.4,7,0.00225,0.973705,0.972476,0.001115,0.009968,0.002564,0.001798
MIMIC-IV-CaseStudy,1800000,1800000,Lethe,ancestor_descendant_still_authorized,0.4,8,0.001578,0.972119,0.973613,0.0,0.010986,0.001377,0.002582
MIMIC-IV-CaseStudy,1800000,1800000,Lethe,ancestor_descendant_still_authorized,0.4,9,0.004677,0.969521,0.971632,0.003979,0.004911,0.00101,0.001938
MIMIC-IV-CaseStudy,1800000,1800000,Lethe,revoked_user,0.5,0,0.014441,0.970005,0.971091,0.010264,0.016926,0.003434,0.003327
MIMIC-IV-CaseStudy,1800000,1800000,Lethe,revoked_user,0.5,1,0.013665,0.969408,0.970242,0.012074,0.031528,0.002896,0.000804
MIMIC-IV-CaseStudy,1800000,1800000,Lethe,revoked_user,0.5,2,0.01073,0.970322,0.969629,0.00893,0.019986,0.003587,0.002585
MIMIC-IV-CaseStudy,1800000,1800000,Lethe,revoked_user,0.5,3,0.016768,0.971461,0.971496,0.012145,0.00538,0.003307,0.001211
MIMIC-IV-CaseStudy,1800000,1800000,Lethe,revoked_user,0.5,4,0.012056,0.970237,0.971163,0.011269,0.007226,0.001125,0.002825
MIMIC-IV-CaseStudy,1800000,1800000,Lethe,revoked_user,0.5,5,0.012107,0.968075,0.970042,0.010886,0.013788,0.002115,0.001398
MIMIC-IV-CaseStudy,1800000,1800000,Lethe,revoked_user,0.5,6,0.014048,0.971179,0.970851,0.011991,0.018645,0.000459,0.000756
MIMIC-IV-CaseStudy,1800000,1800000,Lethe,revoked_user,0.5,7,0.011374,0.970014,0.968539,0.009207,0.017853,0.001116,6.9e-05
MIMIC-IV-CaseStudy,1800000,1800000,Lethe,revoked_user,0.5,8,0.014695,0.96934,0.972385,0.012511,0.006512,0.000699,0.001651
MIMIC-IV-CaseStudy,1800000,1800000,Lethe,revoked_user,0.5,9,0.01763,0.971509,0.969667,0.013012,0.016682,0.004171,0.001618
MIMIC-IV-CaseStudy,1800000,1800000,Lethe,same_role_still_authorized,0.5,0,0.002042,0.970615,0.972366,0.000549,0.001651,0.002105,0.003339
MIMIC-IV-CaseStudy,1800000,1800000,Lethe,same_role_still_authorized,0.5,1,0.002838,0.971884,0.973144,0.002913,0.032985,0.001339,0.003999
MIMIC-IV-CaseStudy,1800000,1800000,Lethe,same_role_still_authorized,0.5,2,0.003619,0.971468,0.969819,0.001875,0.0121,0.001487,0.001682
MIMIC-IV-CaseStudy,1800000,1800000,Lethe,same_role_still_authorized,0.5,3,0.002126,0.968001,0.972912,0.002782,0.003271,0.002033,0.002172
MIMIC-IV-CaseStudy,1800000,1800000,Lethe,same_role_still_authorized,0.5,4,0.003811,0.974734,0.972187,0.003462,0.011303,0.002864,0.001929
MIMIC-IV-CaseStudy,1800000,1800000,Lethe,same_role_still_authorized,0.5,5,0.003838,0.970924,0.96991,0.003936,0.019242,0.001426,0.003624
MIMIC-IV-CaseStudy,1800000,1800000,Lethe,same_role_still_authorized,0.5,6,0.001117,0.972094,0.968638,0.001726,0.016773,0.000775,0.003119
MIMIC-IV-CaseStudy,1800000,1800000,Lethe,same_role_still_authorized,0.5,7,0.004373,0.970763,0.970757,0.003744,0.009839,0.002688,0.000981
MIMIC-IV-CaseStudy,1800000,1800000,Lethe,same_role_still_authorized,0.5,8,0.001891,0.970755,0.970556,0.001734,0.011594,0.001483,0.001237
MIMIC-IV-CaseStudy,1800000,1800000,Lethe,same_role_still_authorized,0.5,9,0.002852,0.971788,0.969397,0.003301,0.002975,0.001878,0.002087
MIMIC-IV-CaseStudy,1800000,1800000,Lethe,different_role_still_authorized,0.5,0,0.003529,0.971892,0.971791,0.001778,0.009436,0.000986,0.002006
MIMIC-IV-CaseStudy,1800000,1800000,Lethe,different_role_still_authorized,0.5,1,0.002256,0.970792,0.972563,0.002995,0.00132,0.00199,0.002792
MIMIC-IV-CaseStudy,1800000,1800000,Lethe,different_role_still_authorized,0.5,2,0.001999,0.968213,0.970813,0.002173,0.023018,0.002705,0.001568
MIMIC-IV-CaseStudy,1800000,1800000,Lethe,different_role_still_authorized,0.5,3,0.002263,0.972554,0.971045,0.002279,0.018354,0.002475,0.00436
MIMIC-IV-CaseStudy,1800000,1800000,Lethe,different_role_still_authorized,0.5,4,0.002455,0.969724,0.970624,0.001864,0.019185,0.002054,0.00238
MIMIC-IV-CaseStudy,1800000,1800000,Lethe,different_role_still_authorized,0.5,5,0.00202,0.972009,0.971345,0.001408,0.022491,0.000539,0.004642
MIMIC-IV-CaseStudy,1800000,1800000,Lethe,different_role_still_authorized,0.5,6,0.002225,0.971598,0.972321,0.002271,0.015858,0.001956,0.002551
MIMIC-IV-CaseStudy,1800000,1800000,Lethe,different_role_still_authorized,0.5,7,0.002263,0.972642,0.968706,0.00231,0.016416,0.003196,0.001112
MIMIC-IV-CaseStudy,1800000,1800000,Lethe,different_role_still_authorized,0.5,8,0.00242,0.972101,0.96904,0.001976,0.017186,0.001702,0.001955
MIMIC-IV-CaseStudy,1800000,1800000,Lethe,different_role_still_authorized,0.5,9,0.002732,0.971278,0.969433,0.002153,0.009891,0.001458,0.002686
MIMIC-IV-CaseStudy,1800000,1800000,Lethe,ancestor_descendant_still_authorized,0.5,0,0.003351,0.970631,0.970752,0.002857,0.021214,0.000513,0.001228
MIMIC-IV-CaseStudy,1800000,1800000,Lethe,ancestor_descendant_still_authorized,0.5,1,0.002467,0.972659,0.972565,0.003203,0.015786,0.003223,0.00204
MIMIC-IV-CaseStudy,1800000,1800000,Lethe,ancestor_descendant_still_authorized,0.5,2,0.004306,0.968985,0.96913,0.003468,0.009557,0.001671,0.00106
MIMIC-IV-CaseStudy,1800000,1800000,Lethe,ancestor_descendant_still_authorized,0.5,3,0.0034,0.971039,0.971108,0.004106,0.018604,0.001736,0.000142
MIMIC-IV-CaseStudy,1800000,1800000,Lethe,ancestor_descendant_still_authorized,0.5,4,0.002481,0.970739,0.969145,0.001231,0.020443,0.001545,0.000787
MIMIC-IV-CaseStudy,1800000,1800000,Lethe,ancestor_descendant_still_authorized,0.5,5,0.003138,0.969593,0.971456,0.003337,0.022261,0.003874,0.002916
MIMIC-IV-CaseStudy,1800000,1800000,Lethe,ancestor_descendant_still_authorized,0.5,6,0.003363,0.970356,0.971746,0.002367,0.013594,0.003613,0.000998
MIMIC-IV-CaseStudy,1800000,1800000,Lethe,ancestor_descendant_still_authorized,0.5,7,0.00264,0.969023,0.969698,0.002495,0.002135,0.001684,0.003416
MIMIC-IV-CaseStudy,1800000,1800000,Lethe,ancestor_descendant_still_authorized,0.5,8,0.003334,0.972368,0.969113,0.002341,0.026759,0.001704,0.001039
MIMIC-IV-CaseStudy,1800000,1800000,Lethe,ancestor_descendant_still_authorized,0.5,9,0.002476,0.971059,0.972115,0.002183,0.01302,0.002565,0.003029
MIMIC-IV-CaseStudy,1800000,1800000,Lethe,revoked_user,0.1,0,0.004308,0.971538,0.971278,0.003006,0.015795,0.001145,0.0
MIMIC-IV-CaseStudy,1800000,1800000,Lethe,revoked_user,0.1,1,0.004082,0.970894,0.970067,0.003426,0.014585,0.000903,0.003833
MIMIC-IV-CaseStudy,1800000,1800000,Lethe,revoked_user,0.1,2,0.005646,0.973447,0.972026,0.003109,0.017395,0.002436,0.0016
MIMIC-IV-CaseStudy,1800000,1800000,Lethe,revoked_user,0.1,3,0.005858,0.973182,0.97254,0.004043,0.008245,0.001099,0.003847
MIMIC-IV-CaseStudy,1800000,1800000,Lethe,revoked_user,0.1,4,0.007757,0.971688,0.970462,0.006755,0.018806,0.003547,0.001015
MIMIC-IV-CaseStudy,1800000,1800000,Lethe,revoked_user,0.1,5,0.00818,0.972011,0.969787,0.006382,0.013383,0.001246,0.002089
MIMIC-IV-CaseStudy,1800000,1800000,Lethe,revoked_user,0.1,6,0.0056,0.972433,0.972409,0.004743,0.012647,0.00111,0.003264
MIMIC-IV-CaseStudy,1800000,1800000,Lethe,revoked_user,0.1,7,0.007689,0.970202,0.969637,0.006288,0.017892,0.001816,0.001105
MIMIC-IV-CaseStudy,1800000,1800000,Lethe,revoked_user,0.1,8,0.008424,0.972196,0.970509,0.007264,0.006794,0.002328,0.0
MIMIC-IV-CaseStudy,1800000,1800000,Lethe,revoked_user,0.1,9,0.0101,0.971117,0.970997,0.009771,0.019533,0.002376,0.0
MIMIC-IV-CaseStudy,1800000,1800000,Lethe,same_role_still_authorized,0.1,0,0.029564,0.972749,0.970458,0.025941,0.013479,0.001692,0.001518
MIMIC-IV-CaseStudy,1800000,1800000,Lethe,same_role_still_authorized,0.1,1,0.02994,0.969548,0.970843,0.025321,0.018263,0.003752,0.003174
MIMIC-IV-CaseStudy,1800000,1800000,Lethe,same_role_still_authorized,0.1,2,0.030482,0.972149,0.971604,0.025333,0.009245,0.001292,0.002503
MIMIC-IV-CaseStudy,1800000,1800000,Lethe,same_role_still_authorized,0.1,3,0.025305,0.969295,0.970219,0.021606,0.013793,0.002316,0.003859
MIMIC-IV-CaseStudy,1800000,1800000,Lethe,same_role_still_authorized,0.1,4,0.029368,0.969718,0.972123,0.02238,0.019067,0.0,0.0
MIMIC-IV-CaseStudy,1800000,1800000,Lethe,same_role_still_authorized,0.1,5,0.027966,0.970519,0.973053,0.022009,0.020379,0.001242,0.000395
MIMIC-IV-CaseStudy,1800000,1800000,Lethe,same_role_still_authorized,0.1,6,0.024591,0.969457,0.97049,0.020269,0.026997,0.001285,0.001876
MIMIC-IV-CaseStudy,1800000,1800000,Lethe,same_role_still_authorized,0.1,7,0.032416,0.972239,0.971678,0.02496,0.023401,0.001539,0.001127
MIMIC-IV-CaseStudy,1800000,1800000,Lethe,same_role_still_authorized,0.1,8,0.029053,0.975045,0.972196,0.023587,0.015099,0.00101,0.004172
MIMIC-IV-CaseStudy,1800000,1800000,Lethe,same_role_still_authorized,0.1,9,0.028528,0.972278,0.971126,0.022672,0.021156,0.003561,0.001908
MIMIC-IV-CaseStudy,1800000,1800000,Lethe,different_role_still_authorized,0.1,0,0.002224,0.971352,0.968932,0.001736,0.019006,0.00096,0.002194
MIMIC-IV-CaseStudy,1800000,1800000,Lethe,different_role_still_authorized,0.1,1,0.0,0.969767,0.973061,0.0,0.010946,0.001254,0.003284
MIMIC-IV-CaseStudy,1800000,1800000,Lethe,different_role_still_authorized,0.1,2,0.002401,0.969125,0.969458,0.00281,0.019969,0.002391,0.001923
MIMIC-IV-CaseStudy,1800000,1800000,Lethe,different_role_still_authorized,0.1,3,0.002417,0.971058,0.970822,0.001714,0.015861,0.000388,0.002548
MIMIC-IV-CaseStudy,1800000,1800000,Lethe,different_role_still_authorized,0.1,4,0.001596,0.970778,0.968846,0.000833,0.006007,0.001875,0.002172
MIMIC-IV-CaseStudy,1800000,1800000,Lethe,different_role_still_authorized,0.1,5,0.001429,0.973717,0.969406,0.0,0.010054,0.001796,0.002341
MIMIC-IV-CaseStudy,1800000,1800000,Lethe,different_role_still_authorized,0.1,6,0.001624,0.970321,0.969678,0.001262,0.017937,0.002842,0.0024
MIMIC-IV-CaseStudy,1800000,1800000,Lethe,different_role_still_authorized,0.1,7,0.0,0.973051,0.970539,0.002014,0.018485,0.00244,0.001614
MIMIC-IV-CaseStudy,1800000,1800000,Lethe,different_role_still_authorized,0.1,8,0.002892,0.967942,0.971688,0.001698,0.015554,0.001363,0.002325
MIMIC-IV-CaseStudy,1800000,1800000,Lethe,different_role_still_authorized,0.1,9,0.002304,0.970476,0.969437,0.003042,0.020681,0.002597,0.002648
MIMIC-IV-CaseStudy,1800000,1800000,Lethe,ancestor_descendant_still_authorized,0.1,0,0.00404,0.972086,0.97225,0.004102,0.01272,0.001232,0.001836
MIMIC-IV-CaseStudy,1800000,1800000,Lethe,ancestor_descendant_still_authorized,0.1,1,0.00073,0.968354,0.969337,0.001818,0.018983,0.00131,0.001321
MIMIC-IV-CaseStudy,1800000,1800000,Lethe,ancestor_descendant_still_authorized,0.1,2,0.002448,0.972129,0.967735,0.001255,0.016539,0.002791,0.001991
MIMIC-IV-CaseStudy,1800000,1800000,Lethe,ancestor_descendant_still_authorized,0.1,3,0.00402,0.9723,0.967688,0.004253,0.01833,0.001938,0.001236
MIMIC-IV-CaseStudy,1800000,1800000,Lethe,ancestor_descendant_still_authorized,0.1,4,0.000145,0.970606,0.969386,0.0,0.023517,0.001552,0.0
MIMIC-IV-CaseStudy,1800000,1800000,Lethe,ancestor_descendant_still_authorized,0.1,5,0.003939,0.969166,0.971447,0.000649,0.015814,0.00265,0.00227
MIMIC-IV-CaseStudy,1800000,1800000,Lethe,ancestor_descendant_still_authorized,0.1,6,0.002144,0.968575,0.969648,0.002437,0.008636,0.002542,0.002703
MIMIC-IV-CaseStudy,1800000,1800000,Lethe,ancestor_descendant_still_authorized,0.1,7,0.000486,0.970886,0.970681,0.0,0.020773,0.002479,0.003079
MIMIC-IV-CaseStudy,1800000,1800000,Lethe,ancestor_descendant_still_authorized,0.1,8,0.001431,0.970015,0.969957,0.002174,0.010002,0.001878,0.002654
MIMIC-IV-CaseStudy,1800000,1800000,Lethe,ancestor_descendant_still_authorized,0.1,9,0.001103,0.971766,0.970871,0.002255,0.022269,0.003711,0.001101
MIMIC-IV-CaseStudy,1800000,1800000,Lethe,revoked_user,0.2,0,0.008016,0.96995,0.968946,0.006226,0.022205,0.001418,0.000962
MIMIC-IV-CaseStudy,1800000,1800000,Lethe,revoked_user,0.2,1,0.010989,0.97025,0.969851,0.009129,0.013644,0.003758,0.002251
MIMIC-IV-CaseStudy,1800000,1800000,Lethe,revoked_user,0.2,2,0.011876,0.971794,0.971079,0.009028,0.010247,0.002557,0.001002
MIMIC-IV-CaseStudy,1800000,1800000,Lethe,revoked_user,0.2,3,0.010865,0.969268,0.970341,0.010904,0.014313,0.003547,0.001142
MIMIC-IV-CaseStudy,1800000,1800000,Lethe,revoked_user,0.2,4,0.009627,0.971479,0.972318,0.008433,0.027386,0.002794,0.002104
MIMIC-IV-CaseStudy,1800000,1800000,Lethe,revoked_user,0.2,5,0.008414,0.968085,0.969821,0.007708,0.015248,0.002613,0.001949
MIMIC-IV-CaseStudy,1800000,1800000,Lethe,revoked_user,0.2,6,0.008256,0.970439,0.971227,0.007333,0.002608,0.003406,0.00167
MIMIC-IV-CaseStudy,1800000,1800000,Lethe,revoked_user,0.2,7,0.009699,0.971607,0.969536,0.009065,0.022322,0.003875,0.002051
MIMIC-IV-CaseStudy,1800000,1800000,Lethe,revoked_user,0.2,8,0.010283,0.972696,0.96825,0.008579,0.01454,0.001982,0.001598
MIMIC-IV-CaseStudy,1800000,1800000,Lethe,revoked_user,0.2,9,0.012467,0.968419,0.969532,0.009339,0.030555,0.0,0.003085
MIMIC-IV-CaseStudy,1800000,1800000,Lethe,same_role_still_authorized,0.2,0,0.031403,0.971645,0.974329,0.02473,0.0166,0.003267,0.003427
MIMIC-IV-CaseStudy,1800000,1800000,Lethe,same_role_still_authorized,0.2,1,0.028738,0.97032,0.972766,0.02264,0.004995,0.000831,0.002141
MIMIC-IV-CaseStudy,1800000,1800000,Lethe,same_role_still_authorized,0.2,2,0.032442,0.973404,0.971734,0.02695,0.014472,0.003732,0.00211
MIMIC-IV-CaseStudy,1800000,1800000,Lethe,same_role_still_authorized,0.2,3,0.030765,0.971062,0.971249,0.026374,0.014672,0.001699,0.001393
MIMIC-IV-CaseStudy,1800000,1800000,Lethe,same_role_still_authorized,0.2,4,0.034501,0.971382,0.971065,0.028961,0.024582,0.000505,0.001194
MIMIC-IV-CaseStudy,1800000,1800000,Lethe,same_role_still_authorized,0.2,5,0.029609,0.972287,0.972723,0.022712,0.018234,0.001753,0.001503
MIMIC-IV-CaseStudy,1800000,1800000,Lethe,same_role_still_authorized,0.2,6,0.027828,0.971082,0.970384,0.022015,0.016736,0.00364,0.001484
MIMIC-IV-CaseStudy,1800000,1800000,Lethe,same_role_still_authorized,0.2,7,0.036395,0.969728,0.973608,0.030288,0.008006,0.001893,0.002006
MIMIC-IV-CaseStudy,1800000,1800000,Lethe,same_role_still_authorized,0.2,8,0.028117,0.971733,0.971592,0.021396,0.01733,0.001599,0.001993
MIMIC-IV-CaseStudy,1800000,1800000,Lethe,same_role_still_authorized,0.2,9,0.029765,0.972579,0.970532,0.023747,0.008525,0.002538,0.000568
MIMIC-IV-CaseStudy,1800000,1800000,Lethe,different_role_still_authorized,0.2,0,0.002257,0.971481,0.973124,0.003022,0.012286,0.001688,0.002801
MIMIC-IV-CaseStudy,1800000,1800000,Lethe,different_role_still_authorized,0.2,1,0.002803,0.969316,0.970831,0.0,0.00762,0.002838,0.003786
MIMIC-IV-CaseStudy,1800000,1800000,Lethe,different_role_still_authorized,0.2,2,0.001937,0.973314,0.971841,0.001571,0.018268,0.00325,0.00138
MIMIC-IV-CaseStudy,1800000,1800000,Lethe,different_role_still_authorized,0.2,3,0.001416,0.971623,0.970904,0.0,0.019872,0.000904,0.001477
MIMIC-IV-CaseStudy,1800000,1800000,Lethe,different_role_still_authorized,0.2,4,0.00156,0.972982,0.972291,0.001685,0.018843,0.002373,0.0
MIMIC-IV-CaseStudy,1800000,1800000,Lethe,different_role_still_authorized,0.2,5,0.001706,0.97137,0.969533,0.000436,0.019613,0.002167,0.002693
MIMIC-IV-CaseStudy,1800000,1800000,Lethe,different_role_still_authorized,0.2,6,0.00204,0.97276,0.970948,0.002411,0.019107,0.004227,0.002261
MIMIC-IV-CaseStudy,1800000,1800000,Lethe,different_role_still_authorized,0.2,7,0.001403,0.972051,0.97238,0.0,0.013054,0.00223,0.00119
MIMIC-IV-CaseStudy,1800000,1800000,Lethe,different_role_still_authorized,0.2,8,0.001462,0.969562,0.96941,0.00091,0.012034,0.00429,0.001823
MIMIC-IV-CaseStudy,1800000,1800000,Lethe,different_role_still_authorized,0.2,9,0.002249,0.971318,0.971404,0.001264,0.02092,0.002692,0.002115
MIMIC-IV-CaseStudy,1800000,1800000,Lethe,ancestor_descendant_still_authorized,0.2,0,0.000933,0.972929,0.969558,0.001226,0.014667,0.003248,0.00011
MIMIC-IV-CaseStudy,1800000,1800000,Lethe,ancestor_descendant_still_authorized,0.2,1,0.002344,0.970226,0.972588,0.002402,0.023228,0.00019,0.001939
MIMIC-IV-CaseStudy,1800000,1800000,Lethe,ancestor_descendant_still_authorized,0.2,2,0.00233,0.970641,0.969301,0.001884,0.015397,0.002621,5.9e-05
MIMIC-IV-CaseStudy,1800000,1800000,Lethe,ancestor_descendant_still_authorized,0.2,3,0.001729,0.970806,0.973208,0.000997,0.017693,0.0,0.002136
MIMIC-IV-CaseStudy,1800000,1800000,Lethe,ancestor_descendant_still_authorized,0.2,4,0.00193,0.972187,0.970809,0.0,0.014607,0.002187,0.003602
MIMIC-IV-CaseStudy,1800000,1800000,Lethe,ancestor_descendant_still_authorized,0.2,5,0.001534,0.96896,0.972002,0.002283,0.014961,0.002911,0.002105
MIMIC-IV-CaseStudy,1800000,1800000,Lethe,ancestor_descendant_still_authorized,0.2,6,0.003224,0.969369,0.971485,0.001426,0.006022,0.00109,0.002824
MIMIC-IV-CaseStudy,1800000,1800000,Lethe,ancestor_descendant_still_authorized,0.2,7,0.003662,0.971295,0.97386,0.004151,0.005619,0.001709,0.002357
MIMIC-IV-CaseStudy,1800000,1800000,Lethe,ancestor_descendant_still_authorized,0.2,8,0.002412,0.970421,0.972268,0.00165,0.015384,0.002484,0.000255
MIMIC-IV-CaseStudy,1800000,1800000,Lethe,ancestor_descendant_still_authorized,0.2,9,0.002306,0.970467,0.969679,0.002341,0.013491,0.000875,0.001443
MIMIC-IV-CaseStudy,1800000,1800000,Lethe,revoked_user,0.3,0,0.009767,0.972251,0.971403,0.006869,0.018441,0.002127,0.002365
MIMIC-IV-CaseStudy,1800000,1800000,Lethe,revoked_user,0.3,1,0.009972,0.97029,0.973058,0.007858,0.009115,0.00178,0.000904
MIMIC-IV-CaseStudy,1800000,1800000,Lethe,revoked_user,0.3,2,0.011761,0.970732,0.971733,0.010153,0.016077,0.00159,0.001388
MIMIC-IV-CaseStudy,1800000,1800000,Lethe,revoked_user,0.3,3,0.012022,0.971252,0.970333,0.01059,0.015696,0.003361,0.001579
MIMIC-IV-CaseStudy,1800000,1800000,Lethe,revoked_user,0.3,4,0.010739,0.973135,0.970471,0.009884,0.019761,0.003219,0.000621
MIMIC-IV-CaseStudy,1800000,1800000,Lethe,revoked_user,0.3,5,0.012001,0.971104,0.970235,0.008011,0.013118,0.000732,0.0026
MIMIC-IV-CaseStudy,1800000,1800000,Lethe,revoked_user,0.3,6,0.009118,0.971043,0.971827,0.008396,0.018176,0.000887,0.001127
MIMIC-IV-CaseStudy,1800000,1800000,Lethe,revoked_user,0.3,7,0.00839,0.971728,0.9707,0.007119,0.023239,0.001321,0.000397
MIMIC-IV-CaseStudy,1800000,1800000,Lethe,revoked_user,0.3,8,0.013689,0.967942,0.973053,0.010028,0.014047,0.000794,0.002627
MIMIC-IV-CaseStudy,1800000,1800000,Lethe,revoked_user,0.3,9,0.01142,0.970032,0.966839,0.010023,0.021913,0.000933,0.002053
MIMIC-IV-CaseStudy,1800000,1800000,Lethe,same_role_still_authorized,0.3,0,0.042582,0.974732,0.970457,0.033397,0.011815,0.003862,0.002005
MIMIC-IV-CaseStudy,1800000,1800000,Lethe,same_role_still_authorized,0.3,1,0.034694,0.971654,0.971657,0.029206,0.018252,0.00259,0.00053
MIMIC-IV-CaseStudy,1800000,1800000,Lethe,same_role_still_authorized,0.3,2,0.042351,0.968776,0.96955,0.034035,0.020085,0.003783,0.001076
MIMIC-IV-CaseStudy,1800000,1800000,Lethe,same_role_still_authorized,0.3,3,0.043309,0.970991,0.967984,0.033084,0.02876,0.002781,0.001565
MIMIC-IV-CaseStudy,1800000,1800000,Lethe,same_role_still_authorized,0.3,4,0.038738,0.971197,0.96879,0.030727,0.023059,0.001072,0.001807
MIMIC-IV-CaseStudy,1800000,1800000,Lethe,same_role_still_authorized,0.3,5,0.042323,0.968914,0.973582,0.034197,0.012318,0.00302,0.003244
MIMIC-IV-CaseStudy,1800000,1800000,Lethe,same_role_still_authorized,0.3,6,0.037739,0.97235,0.970123,0.029529,0.020815,0.00288,0.002989
MIMIC-IV-CaseStudy,1800000,1800000,Lethe,same_role_still_authorized,0.3,7,0.035569,0.972307,0.970601,0.029875,0.010797,0.001943,0.00079
MIMIC-IV-CaseStudy,1800000,1800000,Lethe,same_role_still_authorized,0.3,8,0.029453,0.970141,0.971413,0.021917,0.014307,0.002053,0.002432
MIMIC-IV-CaseStudy,1800000,1800000,Lethe,same_role_still_authorized,0.3,9,0.035417,0.969724,0.971564,0.027482,0.018542,0.00239,0.00074
MIMIC-IV-CaseStudy,1800000,1800000,Lethe,different_role_still_authorized,0.3,0,0.002628,0.969175,0.969485,0.001396,0.014448,0.002121,0.000985
MIMIC-IV-CaseStudy,1800000,1800000,Lethe,different_role_still_authorized,0.3,1,0.003097,0.971628,0.969118,0.00216,0.009457,0.001491,0.001649
MIMIC-IV-CaseStudy,1800000,1800000,Lethe,different_role_still_authorized,0.3,2,0.003352,0.972825,0.969342,0.002536,0.015016,0.002358,0.003185
MIMIC-IV-CaseStudy,1800000,1800000,Lethe,different_role_still_authorized,0.3,3,0.002552,0.971477,0.972501,0.004001,0.0142,0.002689,0.002504
MIMIC-IV-CaseStudy,1800000,1800000,Lethe,different_role_still_authorized,0.3,4,0.001364,0.97226,0.9716,0.000299,0.024035,0.002589,0.001587
MIMIC-IV-CaseStudy,1800000,1800000,Lethe,different_role_still_authorized,0.3,5,0.002251,0.971172,0.971393,0.001392,0.013232,0.0,0.0031
MIMIC-IV-CaseStudy,1800000,1800000,Lethe,different_role_still_authorized,0.3,6,0.002971,0.971863,0.970381,0.003377,0.004947,0.003201,0.003058
MIMIC-IV-CaseStudy,1800000,1800000,Lethe,different_role_still_authorized,0.3,7,0.00112,0.972355,0.973242,0.000522,0.014011,0.001055,0.001582
MIMIC-IV-CaseStudy,1800000,1800000,Lethe,different_role_still_authorized,0.3,8,0.00194,0.970012,0.972894,0.0,0.016358,0.003137,0.003068
MIMIC-IV-CaseStudy,1800000,1800000,Lethe,different_role_still_authorized,0.3,9,0.002734,0.970883,0.972467,0.001005,0.011277,0.002918,0.003302
MIMIC-IV-CaseStudy,1800000,1800000,Lethe,ancestor_descendant_still_authorized,0.3,0,0.001833,0.970207,0.97288,0.001618,0.008324,0.001752,0.001607
MIMIC-IV-CaseStudy,1800000,1800000,Lethe,ancestor_descendant_still_authorized,0.3,1,0.002835,0.971045,0.970086,0.00348,0.008244,0.001374,0.002295
MIMIC-IV-CaseStudy,1800000,1800000,Lethe,ancestor_descendant_still_authorized,0.3,2,0.002569,0.970294,0.969973,0.003006,0.019564,0.001583,0.001522
MIMIC-IV-CaseStudy,1800000,1800000,Lethe,ancestor_descendant_still_authorized,0.3,3,0.003346,0.969261,0.970155,0.001353,0.010549,0.00325,0.001857
MIMIC-IV-CaseStudy,1800000,1800000,Lethe,ancestor_descendant_still_authorized,0.3,4,0.001822,0.971251,0.971245,0.0,0.011481,0.001696,0.001933
MIMIC-IV-CaseStudy,1800000,1800000,Lethe,ancestor_descendant_still_authorized,0.3,5,0.003117,0.969714,0.968097,0.002888,0.013572,0.002791,0.002545
MIMIC-IV-CaseStudy,1800000,1800000,Lethe,ancestor_descendant_still_authorized,0.3,6,0.001056,0.971451,0.97446,0.0,0.014986,0.00222,0.002613
MIMIC-IV-CaseStudy,1800000,1800000,Lethe,ancestor_descendant_still_authorized,0.3,7,0.003476,0.970167,0.970794,0.002206,0.016254,0.001494,0.00178
MIMIC-IV-CaseStudy,1800000,1800000,Lethe,ancestor_descendant_still_authorized,0.3,8,0.002261,0.971699,0.970732,0.002505,0.010583,0.003403,0.002221
MIMIC-IV-CaseStudy,1800000,1800000,Lethe,ancestor_descendant_still_authorized,0.3,9,0.001645,0.969444,0.970859,0.001148,0.015618,0.00345,0.000835
MIMIC-IV-CaseStudy,1800000,1800000,Lethe,revoked_user,0.4,0,0.011223,0.970566,0.972168,0.009002,0.01771,0.002573,0.00188
MIMIC-IV-CaseStudy,1800000,1800000,Lethe,revoked_user,0.4,1,0.010542,0.972939,0.972042,0.009418,0.014062,0.001977,0.001842
MIMIC-IV-CaseStudy,1800000,1800000,Lethe,revoked_user,0.4,2,0.009172,0.97034,0.971069,0.006521,0.030262,0.002267,0.000733
MIMIC-IV-CaseStudy,1800000,1800000,Lethe,revoked_user,0.4,3,0.013387,0.972161,0.970484,0.013636,0.008687,0.002289,0.0014
MIMIC-IV-CaseStudy,1800000,1800000,Lethe,revoked_user,0.4,4,0.011636,0.971936,0.972348,0.009091,0.010408,0.001117,0.00367
MIMIC-IV-CaseStudy,1800000,1800000,Lethe,revoked_user,0.4,5,0.017853,0.970804,0.973165,0.014717,0.01013,0.001815,0.002504
MIMIC-IV-CaseStudy,1800000,1800000,Lethe,revoked_user,0.4,6,0.012627,0.971088,0.970781,0.010426,0.023999,0.002944,0.003796
MIMIC-IV-CaseStudy,1800000,1800000,Lethe,revoked_user,0.4,7,0.008906,0.97065,0.97283,0.00759,0.008822,0.0,0.002345
MIMIC-IV-CaseStudy,1800000,1800000,Lethe,revoked_user,0.4,8,0.015511,0.971763,0.96934,0.009974,0.01852,0.002792,0.001299
MIMIC-IV-CaseStudy,1800000,1800000,Lethe,revoked_user,0.4,9,0.012016,0.969602,0.972809,0.011049,0.005154,0.0,0.003115
MIMIC-IV-CaseStudy,1800000,1800000,Lethe,same_role_still_authorized,0.4,0,0.047288,0.970541,0.972673,0.037221,0.021207,0.002379,0.001532
MIMIC-IV-CaseStudy,1800000,1800000,Lethe,same_role_still_authorized,0.4,1,0.035055,0.971115,0.974182,0.028192,0.021525,0.002212,0.001792
MIMIC-IV-CaseStudy,1800000,1800000,Lethe,same_role_still_authorized,0.4,2,0.045456,0.972571,0.96696,0.03654,0.012585,0.001005,0.001296
MIMIC-IV-CaseStudy,1800000,1800000,Lethe,same_role_still_authorized,0.4,3,0.0334,0.972136,0.971106,0.027559,0.014384,0.001962,0.000772
MIMIC-IV-CaseStudy,1800000,1800000,Lethe,same_role_still_authorized,0.4,4,0.040945,0.970573,0.973089,0.032897,0.01677,0.003184,0.002042
MIMIC-IV-CaseStudy,1800000,1800000,Lethe,same_role_still_authorized,0.4,5,0.043835,0.96956,0.970016,0.035518,0.011724,0.002617,0.002061
MIMIC-IV-CaseStudy,1800000,1800000,Lethe,same_role_still_authorized,0.4,6,0.04502,0.973512,0.969904,0.037063,0.003259,0.00226,0.00206
MIMIC-IV-CaseStudy,1800000,1800000,Lethe,same_role_still_authorized,0.4,7,0.03852,0.970519,0.969748,0.030958,0.003048,0.002777,0.001171
MIMIC-IV-CaseStudy,1800000,1800000,Lethe,same_role_still_authorized,0.4,8,0.037551,0.969564,0.96957,0.028713,0.015488,0.004086,0.003329
MIMIC-IV-CaseStudy,1800000,1800000,Lethe,same_role_still_authorized,0.4,9,0.046767,0.970494,0.971941,0.03726,0.014011,0.001724,0.00444
MIMIC-IV-CaseStudy,1800000,1800000,Lethe,different_role_still_authorized,0.4,0,0.00202,0.970884,0.971282,0.001783,0.013665,0.003933,0.001535
MIMIC-IV-CaseStudy,1800000,1800000,Lethe,different_role_still_authorized,0.4,1,0.002501,0.968801,0.972253,0.0032,0.005054,0.002502,0.001615
MIMIC-IV-CaseStudy,1800000,1800000,Lethe,different_role_still_authorized,0.4,2,0.005101,0.971453,0.970994,0.003773,0.009704,0.000347,0.001709
MIMIC-IV-CaseStudy,1800000,1800000,Lethe,different_role_still_authorized,0.4,3,0.000545,0.96869,0.971336,0.000817,0.009255,0.002356,0.001546
MIMIC-IV-CaseStudy,1800000,1800000,Lethe,different_role_still_authorized,0.4,4,0.00281,0.974288,0.973748,0.002082,0.017665,0.001856,0.003269
MIMIC-IV-CaseStudy,1800000,1800000,Lethe,different_role_still_authorized,0.4,5,0.002948,0.972851,0.971733,8.6e-05,0.01323,0.0,0.001443
MIMIC-IV-CaseStudy,1800000,1800000,Lethe,different_role_still_authorized,0.4,6,0.003775,0.969465,0.972694,0.002358,0.012955,0.00143,0.002292
MIMIC-IV-CaseStudy,1800000,1800000,Lethe,different_role_still_authorized,0.4,7,0.001735,0.971327,0.969256,0.002992,0.010208,0.003056,0.00207
MIMIC-IV-CaseStudy,1800000,1800000,Lethe,different_role_still_authorized,0.4,8,0.002282,0.970021,0.97115,0.001748,0.007005,0.001751,0.00202
MIMIC-IV-CaseStudy,1800000,1800000,Lethe,different_role_still_authorized,0.4,9,0.002339,0.971732,0.972958,0.000933,0.029073,0.002541,0.002472
MIMIC-IV-CaseStudy,1800000,1800000,Lethe,ancestor_descendant_still_authorized,0.4,0,0.00212,0.969555,0.973924,0.002388,0.017979,0.001894,0.001859
MIMIC-IV-CaseStudy,1800000,1800000,Lethe,ancestor_descendant_still_authorized,0.4,1,0.002698,0.970041,0.970472,0.000856,0.017308,0.000889,5.6e-05
MIMIC-IV-CaseStudy,1800000,1800000,Lethe,ancestor_descendant_still_authorized,0.4,2,0.003356,0.971842,0.972617,0.002343,0.015751,0.002534,0.003517
MIMIC-IV-CaseStudy,1800000,1800000,Lethe,ancestor_descendant_still_authorized,0.4,3,0.001947,0.971017,0.971582,0.001631,0.010202,0.003105,0.0
MIMIC-IV-CaseStudy,1800000,1800000,Lethe,ancestor_descendant_still_authorized,0.4,4,0.00269,0.972742,0.970997,0.004987,0.010359,0.003328,0.001165
MIMIC-IV-CaseStudy,1800000,1800000,Lethe,ancestor_descendant_still_authorized,0.4,5,0.003306,0.970212,0.970085,0.002738,0.002365,0.000639,0.000921
MIMIC-IV-CaseStudy,1800000,1800000,Lethe,ancestor_descendant_still_authorized,0.4,6,0.002494,0.974511,0.972911,0.00279,0.008904,0.001903,0.002389
MIMIC-IV-CaseStudy,1800000,1800000,Lethe,ancestor_descendant_still_authorized,0.4,7,0.005277,0.970584,0.970837,0.00277,0.007518,0.002243,0.001757
MIMIC-IV-CaseStudy,1800000,1800000,Lethe,ancestor_descendant_still_authorized,0.4,8,0.003163,0.971463,0.972818,0.002446,0.014992,0.000103,0.000808
MIMIC-IV-CaseStudy,1800000,1800000,Lethe,ancestor_descendant_still_authorized,0.4,9,0.003378,0.970289,0.969806,0.004705,0.020605,0.000738,0.002357
MIMIC-IV-CaseStudy,1800000,1800000,Lethe,revoked_user,0.5,0,0.014343,0.972058,0.96917,0.011984,0.015145,0.002511,0.002361
MIMIC-IV-CaseStudy,1800000,1800000,Lethe,revoked_user,0.5,1,0.013797,0.97191,0.971749,0.012737,0.018597,0.000351,0.001556
MIMIC-IV-CaseStudy,1800000,1800000,Lethe,revoked_user,0.5,2,0.014144,0.972531,0.970441,0.011012,0.008434,0.00166,0.00328
MIMIC-IV-CaseStudy,1800000,1800000,Lethe,revoked_user,0.5,3,0.017857,0.970155,0.973183,0.014632,0.025941,0.001547,0.003436
MIMIC-IV-CaseStudy,1800000,1800000,Lethe,revoked_user,0.5,4,0.014711,0.969949,0.971704,0.012331,0.016276,0.002756,0.002078
MIMIC-IV-CaseStudy,1800000,1800000,Lethe,revoked_user,0.5,5,0.015513,0.972666,0.971774,0.012269,0.016915,0.001101,0.0
MIMIC-IV-CaseStudy,1800000,1800000,Lethe,revoked_user,0.5,6,0.012825,0.972979,0.969853,0.011628,0.005301,0.00202,0.001492
MIMIC-IV-CaseStudy,1800000,1800000,Lethe,revoked_user,0.5,7,0.009035,0.973254,0.970012,0.00815,0.015579,0.002586,0.001764
MIMIC-IV-CaseStudy,1800000,1800000,Lethe,revoked_user,0.5,8,0.014673,0.971411,0.971502,0.011008,0.020675,0.002506,0.00219
MIMIC-IV-CaseStudy,1800000,1800000,Lethe,revoked_user,0.5,9,0.011276,0.97013,0.971396,0.008058,0.018225,0.001287,0.001591
MIMIC-IV-CaseStudy,1800000,1800000,Lethe,same_role_still_authorized,0.5,0,0.036782,0.970633,0.971273,0.0315,0.020779,0.001611,0.00194
MIMIC-IV-CaseStudy,1800000,1800000,Lethe,same_role_still_authorized,0.5,1,0.040989,0.971114,0.972523,0.033512,0.010608,0.002088,0.001359
MIMIC-IV-CaseStudy,1800000,1800000,Lethe,same_role_still_authorized,0.5,2,0.05408,0.969253,0.96998,0.04445,0.02273,0.003589,0.00302
MIMIC-IV-CaseStudy,1800000,1800000,Lethe,same_role_still_authorized,0.5,3,0.0414,0.971903,0.971676,0.032021,0.023775,0.001048,0.000855
MIMIC-IV-CaseStudy,1800000,1800000,Lethe,same_role_still_authorized,0.5,4,0.051363,0.972346,0.972593,0.040467,0.01288,0.002612,0.002396
MIMIC-IV-CaseStudy,1800000,1800000,Lethe,same_role_still_authorized,0.5,5,0.039425,0.971502,0.971483,0.030211,0.00973,0.002767,0.001246
MIMIC-IV-CaseStudy,1800000,1800000,Lethe,same_role_still_authorized,0.5,6,0.041409,0.96974,0.971617,0.033002,0.017731,0.002323,0.002602
MIMIC-IV-CaseStudy,1800000,1800000,Lethe,same_role_still_authorized,0.5,7,0.050581,0.970686,0.971696,0.040937,0.010133,0.002364,0.002027
MIMIC-IV-CaseStudy,1800000,1800000,Lethe,same_role_still_authorized,0.5,8,0.045195,0.972268,0.971915,0.03529,0.015164,0.003378,0.000953
MIMIC-IV-CaseStudy,1800000,1800000,Lethe,same_role_still_authorized,0.5,9,0.037242,0.968517,0.970208,0.030812,0.006996,0.003256,0.00234
MIMIC-IV-CaseStudy,1800000,1800000,Lethe,different_role_still_authorized,0.5,0,0.003016,0.970932,0.97047,0.003057,0.011372,0.00267,0.0
MIMIC-IV-CaseStudy,1800000,1800000,Lethe,different_role_still_authorized,0.5,1,0.004324,0.973049,0.970989,0.003371,0.0,0.001086,0.000417
MIMIC-IV-CaseStudy,1800000,1800000,Lethe,different_role_still_authorized,0.5,2,0.002631,0.97027,0.969491,0.001809,0.01718,0.002156,0.00397
MIMIC-IV-CaseStudy,1800000,1800000,Lethe,different_role_still_authorized,0.5,3,0.001586,0.970896,0.970656,0.001936,0.02032,0.001092,0.002852
MIMIC-IV-CaseStudy,1800000,1800000,Lethe,different_role_still_authorized,0.5,4,0.002602,0.971535,0.970552,0.001295,0.025959,0.002168,0.002471
MIMIC-IV-CaseStudy,1800000,1800000,Lethe,different_role_still_authorized,0.5,5,0.0036,0.973253,0.970627,0.000674,0.023841,0.00195,0.001942
MIMIC-IV-CaseStudy,1800000,1800000,Lethe,different_role_still_authorized,0.5,6,0.002908,0.969553,0.965732,0.002045,0.016071,0.003161,0.00234
MIMIC-IV-CaseStudy,1800000,1800000,Lethe,different_role_still_authorized,0.5,7,0.002998,0.970102,0.971662,0.003785,0.007938,0.002373,0.00194
MIMIC-IV-CaseStudy,1800000,1800000,Lethe,different_role_still_authorized,0.5,8,0.002733,0.968981,0.973803,0.001933,0.020947,0.001737,0.001091
MIMIC-IV-CaseStudy,1800000,1800000,Lethe,different_role_still_authorized,0.5,9,0.003765,0.973976,0.971506,0.001764,0.019903,0.002206,0.002986
MIMIC-IV-CaseStudy,1800000,1800000,Lethe,ancestor_descendant_still_authorized,0.5,0,0.003209,0.970851,0.970173,0.004337,0.006731,0.002051,0.000842
MIMIC-IV-CaseStudy,1800000,1800000,Lethe,ancestor_descendant_still_authorized,0.5,1,0.005487,0.969394,0.9712,0.004998,0.020472,0.004806,0.000372
MIMIC-IV-CaseStudy,1800000,1800000,Lethe,ancestor_descendant_still_authorized,0.5,2,0.002755,0.971419,0.971559,0.002813,0.022913,0.002361,0.003322
MIMIC-IV-CaseStudy,1800000,1800000,Lethe,ancestor_descendant_still_authorized,0.5,3,0.003916,0.972405,0.968315,0.003112,0.016591,0.00259,0.002359
MIMIC-IV-CaseStudy,1800000,1800000,Lethe,ancestor_descendant_still_authorized,0.5,4,0.002935,0.972177,0.971035,0.002297,0.021523,0.003659,0.003396
MIMIC-IV-CaseStudy,1800000,1800000,Lethe,ancestor_descendant_still_authorized,0.5,5,0.003076,0.971552,0.971329,0.001859,0.008623,0.002008,0.002884
MIMIC-IV-CaseStudy,1800000,1800000,Lethe,ancestor_descendant_still_authorized,0.5,6,0.003977,0.968827,0.97087,0.004382,0.006704,0.004141,0.000215
MIMIC-IV-CaseStudy,1800000,1800000,Lethe,ancestor_descendant_still_authorized,0.5,7,0.001681,0.971358,0.969969,0.002455,0.013132,0.00164,0.003198
MIMIC-IV-CaseStudy,1800000,1800000,Lethe,ancestor_descendant_still_authorized,0.5,8,0.002748,0.971414,0.969332,0.001091,0.019876,0.000373,0.00189
MIMIC-IV-CaseStudy,1800000,1800000,Lethe,ancestor_descendant_still_authorized,0.5,9,0.002788,0.970896,0.969627,0.001153,0.018197,0.00222,0.001398
MIMIC-IV-CaseStudy,1800000,1800000,Lethe,revoked_user,0.1,0,0.008818,0.968906,0.973202,0.007842,0.007988,0.002122,0.003706
MIMIC-IV-CaseStudy,1800000,1800000,Lethe,revoked_user,0.1,1,0.00373,0.970761,0.972573,0.00102,0.019673,0.002521,0.000924
MIMIC-IV-CaseStudy,1800000,1800000,Lethe,revoked_user,0.1,2,0.007636,0.96966,0.970677,0.007133,0.014871,0.002705,0.003865
MIMIC-IV-CaseStudy,1800000,1800000,Lethe,revoked_user,0.1,3,0.006887,0.971419,0.97058,0.004247,0.026312,0.001964,0.001991
MIMIC-IV-CaseStudy,1800000,1800000,Lethe,revoked_user,0.1,4,0.00916,0.970873,0.971071,0.007422,0.01705,0.001447,0.003497
MIMIC-IV-CaseStudy,1800000,1800000,Lethe,revoked_user,0.1,5,0.006613,0.972236,0.968941,0.005896,0.005366,0.001469,0.001784
MIMIC-IV-CaseStudy,1800000,1800000,Lethe,revoked_user,0.1,6,0.008447,0.967736,0.969199,0.005986,0.024815,0.00104,0.002183
MIMIC-IV-CaseStudy,1800000,1800000,Lethe,revoked_user,0.1,7,0.007437,0.966039,0.969019,0.005886,0.017783,0.002194,0.001504
MIMIC-IV-CaseStudy,1800000,1800000,Lethe,revoked_user,0.1,8,0.005985,0.970445,0.972005,0.003278,0.019987,0.00262,0.002634
MIMIC-IV-CaseStudy,1800000,1800000,Lethe,revoked_user,0.1,9,0.009948,0.970973,0.972372,0.008358,0.012373,0.001207,0.002563
MIMIC-IV-CaseStudy,1800000,1800000,Lethe,same_role_still_authorized,0.1,0,0.02419,0.968735,0.971068,0.020086,0.010844,0.002219,0.000746
MIMIC-IV-CaseStudy,1800000,1800000,Lethe,same_role_still_authorized,0.1,1,0.038029,0.971868,0.970962,0.029443,0.003403,0.001232,0.002382
MIMIC-IV-CaseStudy,1800000,1800000,Lethe,same_role_still_authorized,0.1,2,0.023044,0.970882,0.969998,0.018644,0.006839,0.0,0.002083
MIMIC-IV-CaseStudy,1800000,1800000,Lethe,same_role_still_authorized,0.1,3,0.024591,0.970844,0.974066,0.018879,0.008565,0.001898,0.002458
MIMIC-IV-CaseStudy,1800000,1800000,Lethe,same_role_still_authorized,0.1,4,0.033451,0.971435,0.972338,0.026954,0.021125,0.001405,0.002393
MIMIC-IV-CaseStudy,1800000,1800000,Lethe,same_role_still_authorized,0.1,5,0.024236,0.971237,0.971199,0.020115,0.013991,0.0,0.001801
MIMIC-IV-CaseStudy,1800000,1800000,Lethe,same_role_still_authorized,0.1,6,0.034264,0.970473,0.969722,0.02746,0.01594,0.002706,0.002473
MIMIC-IV-CaseStudy,1800000,1800000,Lethe,same_role_still_authorized,0.1,7,0.01832,0.969673,0.972476,0.015212,0.006909,0.002143,0.001361
MIMIC-IV-CaseStudy,1800000,1800000,Lethe,same_role_still_authorized,0.1,8,0.030408,0.971115,0.970982,0.024666,0.019671,0.003284,0.000739
MIMIC-IV-CaseStudy,1800000,1800000,Lethe,same_role_still_authorized,0.1,9,0.025595,0.971454,0.971048,0.020236,0.022349,0.001816,0.002511
MIMIC-IV-CaseStudy,1800000,1800000,Lethe,different_role_still_authorized,0.1,0,0.002127,0.972384,0.972278,0.001204,0.016188,0.001977,0.001976
MIMIC-IV-CaseStudy,1800000,1800000,Lethe,different_role_still_authorized,0.1,1,0.001969,0.972126,0.970033,0.002011,0.012201,0.003038,0.002633
MIMIC-IV-CaseStudy,1800000,1800000,Lethe,different_role_still_authorized,0.1,2,0.001163,0.971161,0.973549,0.000854,0.020507,0.004037,0.003389
MIMIC-IV-CaseStudy,1800000,1800000,Lethe,different_role_still_authorized,0.1,3,0.002028,0.972696,0.970768,0.000481,0.013211,0.002661,0.002718
MIMIC-IV-CaseStudy,1800000,1800000,Lethe,different_role_still_authorized,0.1,4,0.001091,0.972491,0.971568,0.002109,0.006561,0.002775,0.002742
MIMIC-IV-CaseStudy,1800000,1800000,Lethe,different_role_still_authorized,0.1,5,0.002644,0.970258,0.971779,0.001632,0.016427,0.001575,0.000808
MIMIC-IV-CaseStudy,1800000,1800000,Lethe,different_role_still_authorized,0.1,6,0.000998,0.969946,0.968627,0.002471,0.011933,0.002079,0.000569
MIMIC-IV-CaseStudy,1800000,1800000,Lethe,different_role_still_authorized,0.1,7,0.002367,0.971667,0.970431,0.001044,0.017874,0.002357,0.001451
MIMIC-IV-CaseStudy,1800000,1800000,Lethe,different_role_still_authorized,0.1,8,0.000559,0.970769,0.971169,0.000642,0.024941,0.00254,0.0
MIMIC-IV-CaseStudy,1800000,1800000,Lethe,different_role_still_authorized,0.1,9,0.001542,0.969549,0.970112,0.002693,0.01644,0.00149,0.00342
MIMIC-IV-CaseStudy,1800000,1800000,Lethe,ancestor_descendant_still_authorized,0.1,0,0.000962,0.970662,0.969191,0.000967,0.011206,0.002209,0.00154
MIMIC-IV-CaseStudy,1800000,1800000,Lethe,ancestor_descendant_still_authorized,0.1,1,0.002486,0.973936,0.972778,0.00156,0.003125,0.003731,0.000474
MIMIC-IV-CaseStudy,1800000,1800000,Lethe,ancestor_descendant_still_authorized,0.1,2,0.001947,0.968306,0.969715,0.000455,0.013383,0.002263,0.001385
MIMIC-IV-CaseStudy,1800000,1800000,Lethe,ancestor_descendant_still_authorized,0.1,3,0.004757,0.971458,0.971838,0.004557,0.015616,0.002133,0.002466
MIMIC-IV-CaseStudy,1800000,1800000,Lethe,ancestor_descendant_still_authorized,0.1,4,0.002799,0.970418,0.971838,0.003142,0.018784,0.00104,0.003092
MIMIC-IV-CaseStudy,1800000,1800000,Lethe,ancestor_descendant_still_authorized,0.1,5,0.001758,0.97085,0.973403,0.001089,0.013384,0.00229,0.001301
MIMIC-IV-CaseStudy,1800000,1800000,Lethe,ancestor_descendant_still_authorized,0.1,6,0.002285,0.970143,0.972651,0.003431,0.01221,0.002399,0.002647
MIMIC-IV-CaseStudy,1800000,1800000,Lethe,ancestor_descendant_still_authorized,0.1,7,0.001706,0.972039,0.969948,0.001768,0.0092,0.002608,0.001847
MIMIC-IV-CaseStudy,1800000,1800000,Lethe,ancestor_descendant_still_authorized,0.1,8,0.002423,0.970046,0.970699,0.0,0.019049,0.003206,0.002241
MIMIC-IV-CaseStudy,1800000,1800000,Lethe,ancestor_descendant_still_authorized,0.1,9,0.00162,0.971628,0.969391,0.0,0.017498,0.00281,0.001281
MIMIC-IV-CaseStudy,1800000,1800000,Lethe,revoked_user,0.2,0,0.00924,0.967533,0.9707,0.00869,0.01325,0.003028,0.001857
MIMIC-IV-CaseStudy,1800000,1800000,Lethe,revoked_user,0.2,1,0.010355,0.973201,0.9732,0.009259,0.010437,0.001687,0.003729
MIMIC-IV-CaseStudy,1800000,1800000,Lethe,revoked_user,0.2,2,0.009108,0.973314,0.971939,0.008492,0.019544,0.001005,0.002223
MIMIC-IV-CaseStudy,1800000,1800000,Lethe,revoked_user,0.2,3,0.004607,0.971739,0.970253,0.003276,0.007726,0.001663,0.001714
MIMIC-IV-CaseStudy,1800000,1800000,Lethe,revoked_user,0.2,4,0.009481,0.969229,0.969791,0.008385,0.00989,0.002016,0.002376
MIMIC-IV-CaseStudy,1800000,1800000,Lethe,revoked_user,0.2,5,0.010752,0.970906,0.971102,0.008199,0.009569,0.000941,0.000828
MIMIC-IV-CaseStudy,1800000,1800000,Lethe,revoked_user,0.2,6,0.008523,0.971183,0.970078,0.007023,0.019598,0.004052,0.001742
MIMIC-IV-CaseStudy,1800000,1800000,Lethe,revoked_user,0.2,7,0.00696,0.967763,0.970259,0.006169,0.010199,0.000887,0.002113
MIMIC-IV-CaseStudy,1800000,1800000,Lethe,revoked_user,0.2,8,0.009608,0.968665,0.971142,0.00745,0.004637,0.00288,0.002175
MIMIC-IV-CaseStudy,1800000,1800000,Lethe,revoked_user,0.2,9,0.007149,0.968848,0.973087,0.004138,0.017278,0.003011,0.003262
MIMIC-IV-CaseStudy,1800000,1800000,Lethe,same_role_still_authorized,0.2,0,0.036662,0.969505,0.971861,0.029358,0.010642,0.002674,0.002733
MIMIC-IV-CaseStudy,1800000,1800000,Lethe,same_role_still_authorized,0.2,1,0.027978,0.970996,0.971359,0.021636,0.015717,0.002396,0.001764
MIMIC-IV-CaseStudy,1800000,1800000,Lethe,same_role_still_authorized,0.2,2,0.035649,0.969744,0.970382,0.030341,0.011414,0.001444,0.001576
MIMIC-IV-CaseStudy,1800000,1800000,Lethe,same_role_still_authorized,0.2,3,0.029523,0.967326,0.969787,0.022843,0.011488,0.004593,0.001683
MIMIC-IV-CaseStudy,1800000,1800000,Lethe,same_role_still_authorized,0.2,4,0.033328,0.970213,0.974737,0.02833,0.017342,0.001136,0.002031
MIMIC-IV-CaseStudy,1800000,1800000,Lethe,same_role_still_authorized,0.2,5,0.036982,0.971218,0.971115,0.028887,0.021017,0.000501,0.002796
MIMIC-IV-CaseStudy,1800000,1800000,Lethe,same_role_still_authorized,0.2,6,0.031889,0.970352,0.971394,0.025646,0.016146,0.002682,0.002617
MIMIC-IV-CaseStudy,1800000,1800000,Lethe,same_role_still_authorized,0.2,7,0.031711,0.970816,0.970869,0.025629,0.010193,0.001111,0.000846
MIMIC-IV-CaseStudy,1800000,1800000,Lethe,same_role_still_authorized,0.2,8,0.032026,0.970983,0.970859,0.026535,0.014185,0.002178,0.001945
MIMIC-IV-CaseStudy,1800000,1800000,Lethe,same_role_still_authorized,0.2,9,0.034855,0.971009,0.968771,0.029038,0.009581,0.001931,6.8e-05
MIMIC-IV-CaseStudy,1800000,1800000,Lethe,different_role_still_authorized,0.2,0,0.001354,0.97164,0.973598,0.000526,0.013026,7.4e-05,0.001645
MIMIC-IV-CaseStudy,1800000,1800000,Lethe,different_role_still_authorized,0.2,1,0.001914,0.972348,0.971587,0.002496,0.026774,0.000756,0.002243
MIMIC-IV-CaseStudy,1800000,1800000,Lethe,different_role_still_authorized,0.2,2,0.002608,0.973055,0.970576,0.002061,0.017518,0.003321,0.001406
MIMIC-IV-CaseStudy,1800000,1800000,Lethe,different_role_still_authorized,0.2,3,0.001128,0.973171,0.969042,0.000631,0.019637,0.0026,0.003192
MIMIC-IV-CaseStudy,1800000,1800000,Lethe,different_role_still_authorized,0.2,4,0.002478,0.97238,0.970549,0.00469,0.015829,0.00364,0.0
MIMIC-IV-CaseStudy,1800000,1800000,Lethe,different_role_still_authorized,0.2,5,0.001066,0.970607,0.969729,0.0,0.004789,0.001877,0.001781
MIMIC-IV-CaseStudy,1800000,1800000,Lethe,different_role_still_authorized,0.2,6,0.001294,0.970919,0.97021,0.000278,0.017005,0.002441,0.001946
MIMIC-IV-CaseStudy,1800000,1800000,Lethe,different_role_still_authorized,0.2,7,0.001521,0.969972,0.969848,0.001926,0.013482,0.001899,0.000815
MIMIC-IV-CaseStudy,1800000,1800000,Lethe,different_role_still_authorized,0.2,8,0.001093,0.971954,0.969469,0.000646,0.021804,0.00292,0.000468
MIMIC-IV-CaseStudy,1800000,1800000,Lethe,different_role_still_authorized,0.2,9,0.002219,0.969434,0.971722,0.001563,0.020114,0.002036,0.001079
MIMIC-IV-CaseStudy,1800000,1800000,Lethe,ancestor_descendant_still_authorized,0.2,0,0.00171,0.971217,0.969964,0.00381,0.017538,0.003848,0.001038
MIMIC-IV-CaseStudy,1800000,1800000,Lethe,ancestor_descendant_still_authorized,0.2,1,0.003254,0.971863,0.971168,0.004322,0.019523,0.001169,0.001649
MIMIC-IV-CaseStudy,1800000,1800000,Lethe,ancestor_descendant_still_authorized,0.2,2,0.001749,0.970391,0.97461,0.000249,0.011513,0.002515,0.0
MIMIC-IV-CaseStudy,1800000,1800000,Lethe,ancestor_descendant_still_authorized,0.2,3,0.001916,0.972529,0.969658,0.002817,0.021307,0.003165,0.003568
MIMIC-IV-CaseStudy,1800000,1800000,Lethe,ancestor_descendant_still_authorized,0.2,4,0.003292,0.973303,0.972224,0.002689,0.014305,0.001213,0.001656
MIMIC-IV-CaseStudy,1800000,1800000,Lethe,ancestor_descendant_still_authorized,0.2,5,0.001591,0.969142,0.971555,0.0,0.022889,0.004127,0.000696
MIMIC-IV-CaseStudy,1800000,1800000,Lethe,ancestor_descendant_still_authorized,0.2,6,0.001154,0.968183,0.969144,0.0,0.005538,0.00231,0.001985
MIMIC-IV-CaseStudy,1800000,1800000,Lethe,ancestor_descendant_still_authorized,0.2,7,0.001099,0.971826,0.969143,0.0,0.021683,0.00174,0.002308
MIMIC-IV-CaseStudy,1800000,1800000,Lethe,ancestor_descendant_still_authorized,0.2,8,0.000146,0.971655,0.969529,0.001886,0.014144,0.002348,0.003488
MIMIC-IV-CaseStudy,1800000,1800000,Lethe,ancestor_descendant_still_authorized,0.2,9,0.00304,0.970925,0.972491,0.003923,0.006457,0.001654,0.001879
MIMIC-IV-CaseStudy,1800000,1800000,Lethe,revoked_user,0.3,0,0.013399,0.970222,0.96914,0.010129,0.014833,0.002242,0.001901
MIMIC-IV-CaseStudy,1800000,1800000,Lethe,revoked_user,0.3,1,0.009876,0.968883,0.970342,0.010218,0.011702,0.0,0.000296
MIMIC-IV-CaseStudy,1800000,1800000,Lethe,revoked_user,0.3,2,0.011543,0.971595,0.969513,0.008751,0.017524,0.00193,0.002631
MIMIC-IV-CaseStudy,1800000,1800000,Lethe,revoked_user,0.3,3,0.010989,0.970911,0.96968,0.009273,0.021623,0.000592,0.003594
MIMIC-IV-CaseStudy,1800000,1800000,Lethe,revoked_user,0.3,4,0.01306,0.970594,0.96861,0.010676,0.025377,0.000554,0.002676
MIMIC-IV-CaseStudy,1800000,1800000,Lethe,revoked_user,0.3,5,0.014761,0.972174,0.971721,0.011734,0.014088,0.00321,0.001226
MIMIC-IV-CaseStudy,1800000,1800000,Lethe,revoked_user,0.3,6,0.010737,0.969816,0.970721,0.00967,0.022089,0.001877,0.00109
MIMIC-IV-CaseStudy,1800000,1800000,Lethe,revoked_user,0.3,7,0.015089,0.970014,0.97042,0.013157,0.016098,0.00344,0.001627
MIMIC-IV-CaseStudy,1800000,1800000,Lethe,revoked_user,0.3,8,0.01132,0.971664,0.96964,0.009656,0.013311,0.002221,0.003482
MIMIC-IV-CaseStudy,1800000,1800000,Lethe,revoked_user,0.3,9,0.014214,0.969275,0.971857,0.011597,0.014722,0.001363,0.002056
MIMIC-IV-CaseStudy,1800000,1800000,Lethe,same_role_still_authorized,0.3,0,0.034614,0.973286,0.971155,0.027536,0.024715,0.002056,0.000855
MIMIC-IV-CaseStudy,1800000,1800000,Lethe,same_role_still_authorized,0.3,1,0.038805,0.968607,0.969942,0.031012,0.017641,0.002273,0.0
MIMIC-IV-CaseStudy,1800000,1800000,Lethe,same_role_still_authorized,0.3,2,0.036362,0.972857,0.969683,0.030112,0.016541,0.0036,0.001841
MIMIC-IV-CaseStudy,1800000,1800000,Lethe,same_role_still_authorized,0.3,3,0.037382,0.972833,0.972513,0.028185,0.020884,0.002495,0.003391
MIMIC-IV-CaseStudy,1800000,1800000,Lethe,same_role_still_authorized,0.3,4,0.044361,0.9712,0.970111,0.034154,0.005291,0.000981,0.000885
MIMIC-IV-CaseStudy,1800000,1800000,Lethe,same_role_still_authorized,0.3,5,0.039124,0.968167,0.971391,0.031769,0.005941,0.001786,0.001171
MIMIC-IV-CaseStudy,1800000,1800000,Lethe,same_role_still_authorized,0.3,6,0.031985,0.970928,0.97088,0.025564,0.011742,0.002497,0.00072
MIMIC-IV-CaseStudy,1800000,1800000,Lethe,same_role_still_authorized,0.3,7,0.041623,0.971843,0.97023,0.033166,0.014746,0.002313,0.0
MIMIC-IV-CaseStudy,1800000,1800000,Lethe,same_role_still_authorized,0.3,8,0.024024,0.972521,0.976419,0.016156,0.014512,0.002653,0.003257
MIMIC-IV-CaseStudy,1800000,1800000,Lethe,same_role_still_authorized,0.3,9,0.041456,0.97035,0.970211,0.03511,0.007419,0.002709,0.000692
MIMIC-IV-CaseStudy,1800000,1800000,Lethe,different_role_still_authorized,0.3,0,0.001018,0.969183,0.968804,0.000632,0.009603,0.002809,0.001753
MIMIC-IV-CaseStudy,1800000,1800000,Lethe,different_role_still_authorized,0.3,1,0.001761,0.97245,0.97314,0.000166,0.011725,0.002354,0.002319
MIMIC-IV-CaseStudy,1800000,1800000,Lethe,different_role_still_authorized,0.3,2,0.001412,0.972111,0.972061,0.002546,0.021743,0.001733,0.002558
MIMIC-IV-CaseStudy,1800000,1800000,Lethe,different_role_still_authorized,0.3,3,0.001979,0.971845,0.971378,0.001783,0.014698,0.001019,0.001967
MIMIC-IV-CaseStudy,1800000,1800000,Lethe,different_role_still_authorized,0.3,4,0.001769,0.973385,0.970469,0.000193,0.015526,0.002726,0.002892
MIMIC-IV-CaseStudy,1800000,1800000,Lethe,different_role_still_authorized,0.3,5,0.00269,0.968416,0.969558,0.001897,0.017423,0.001114,0.003201
MIMIC-IV-CaseStudy,1800000,1800000,Lethe,different_role_still_authorized,0.3,6,0.003839,0.973015,0.970844,0.004308,0.01877,0.00295,0.00304
MIMIC-IV-CaseStudy,1800000,1800000,Lethe,different_role_still_authorized,0.3,7,0.000518,0.973017,0.971757,0.0,0.017147,0.003901,0.002887
MIMIC-IV-CaseStudy,1800000,1800000,Lethe,different_role_still_authorized,0.3,8,0.001779,0.970073,0.969874,0.0,0.010094,0.001157,0.003998
MIMIC-IV-CaseStudy,1800000,1800000,Lethe,different_role_still_authorized,0.3,9,0.001907,0.970082,0.970126,0.000742,0.008646,0.000517,0.002478
MIMIC-IV-CaseStudy,1800000,1800000,Lethe,ancestor_descendant_still_authorized,0.3,0,0.000762,0.97117,0.972433,0.000114,0.007527,0.001713,0.001584
MIMIC-IV-CaseStudy,1800000,1800000,Lethe,ancestor_descendant_still_authorized,0.3,1,0.002402,0.973212,0.974054,0.002213,0.01507,0.003844,0.001349
MIMIC-IV-CaseStudy,1800000,1800000,Lethe,ancestor_descendant_still_authorized,0.3,2,0.001972,0.966226,0.97071,0.002011,0.018193,0.002519,0.002361
MIMIC-IV-CaseStudy,1800000,1800000,Lethe,ancestor_descendant_still_authorized,0.3,3,0.001507,0.972158,0.969488,0.00192,0.012034,0.001619,0.003114
MIMIC-IV-CaseStudy,1800000,1800000,Lethe,ancestor_descendant_still_authorized,0.3,4,0.001266,0.971659,0.971213,0.001,0.006899,0.001554,0.001786
MIMIC-IV-CaseStudy,1800000,1800000,Lethe,ancestor_descendant_still_authorized,0.3,5,0.002606,0.969101,0.970598,0.002518,0.019882,0.001697,0.003234
MIMIC-IV-CaseStudy,1800000,1800000,Lethe,ancestor_descendant_still_authorized,0.3,6,0.001642,0.970029,0.970472,0.001704,0.012502,0.003642,0.002247
MIMIC-IV-CaseStudy,1800000,1800000,Lethe,ancestor_descendant_still_authorized,0.3,7,0.001786,0.970955,0.969385,0.000833,0.014806,0.003448,0.001247
MIMIC-IV-CaseStudy,1800000,1800000,Lethe,ancestor_descendant_still_authorized,0.3,8,0.001259,0.971606,0.973041,0.001664,0.023565,0.002378,0.001148
MIMIC-IV-CaseStudy,1800000,1800000,Lethe,ancestor_descendant_still_authorized,0.3,9,0.002981,0.969484,0.969494,0.001655,0.012883,0.003041,0.001421
MIMIC-IV-CaseStudy,1800000,1800000,Lethe,revoked_user,0.4,0,0.014911,0.972597,0.968963,0.011738,0.019277,0.003831,0.001804
MIMIC-IV-CaseStudy,1800000,1800000,Lethe,revoked_user,0.4,1,0.013283,0.972341,0.968476,0.011857,0.00653,0.000897,0.00257
MIMIC-IV-CaseStudy,1800000,1800000,Lethe,revoked_user,0.4,2,0.013331,0.969835,0.971154,0.012156,0.00793,0.0,0.002028
MIMIC-IV-CaseStudy,1800000,1800000,Lethe,revoked_user,0.4,3,0.010392,0.970739,0.970508,0.009173,0.020915,0.000365,0.00226
MIMIC-IV-CaseStudy,1800000,1800000,Lethe,revoked_user,0.4,4,0.013402,0.971065,0.971825,0.010677,0.009071,0.002853,7.9e-05
MIMIC-IV-CaseStudy,1800000,1800000,Lethe,revoked_user,0.4,5,0.015227,0.97189,0.96882,0.012961,0.022711,0.002956,0.002275
MIMIC-IV-CaseStudy,1800000,1800000,Lethe,revoked_user,0.4,6,0.013411,0.972587,0.970534,0.010018,0.011568,0.002918,0.0034
MIMIC-IV-CaseStudy,1800000,1800000,Lethe,revoked_user,0.4,7,0.012161,0.969472,0.969469,0.009172,0.017099,0.003545,0.001321
MIMIC-IV-CaseStudy,1800000,1800000,Lethe,revoked_user,0.4,8,0.01154,0.971279,0.968093,0.010552,0.013827,0.003052,0.002245
MIMIC-IV-CaseStudy,1800000,1800000,Lethe,revoked_user,0.4,9,0.014841,0.970715,0.973198,0.011365,0.011305,0.000534,0.002602
MIMIC-IV-CaseStudy,1800000,1800000,Lethe,same_role_still_authorized,0.4,0,0.046595,0.970501,0.970406,0.037926,0.007498,0.003372,0.002305
MIMIC-IV-CaseStudy,1800000,1800000,Lethe,same_role_still_authorized,0.4,1,0.041551,0.971013,0.970899,0.033716,0.024559,0.001291,0.001624
MIMIC-IV-CaseStudy,1800000,1800000,Lethe,same_role_still_authorized,0.4,2,0.037267,0.970852,0.968961,0.030679,0.013143,2e-05,0.001331
MIMIC-IV-CaseStudy,1800000,1800000,Lethe,same_role_still_authorized,0.4,3,0.038951,0.96983,0.969611,0.028853,0.022323,0.002639,0.001828
MIMIC-IV-CaseStudy,1800000,1800000,Lethe,same_role_still_authorized,0.4,4,0.042102,0.970318,0.970061,0.034185,0.011414,0.002579,0.002546
MIMIC-IV-CaseStudy,1800000,1800000,Lethe,same_role_still_authorized,0.4,5,0.037903,0.973877,0.972034,0.031873,0.014811,0.001126,0.001363
MIMIC-IV-CaseStudy,1800000,1800000,Lethe,same_role_still_authorized,0.4,6,0.048052,0.970789,0.969559,0.040426,0.017188,0.002072,0.000306
MIMIC-IV-CaseStudy,1800000,1800000,Lethe,same_role_still_authorized,0.4,7,0.039758,0.975038,0.970525,0.032806,0.003094,0.002352,0.002241
MIMIC-IV-CaseStudy,1800000,1800000,Lethe,same_role_still_authorized,0.4,8,0.04661,0.970569,0.972024,0.036708,0.024953,0.0026,0.002449
MIMIC-IV-CaseStudy,1800000,1800000,Lethe,same_role_still_authorized,0.4,9,0.044197,0.969688,0.971361,0.036302,0.026527,0.00369,0.001359
MIMIC-IV-CaseStudy,1800000,1800000,Lethe,different_role_still_authorized,0.4,0,0.002642,0.970988,0.970427,0.002834,0.019955,0.001574,0.001306
MIMIC-IV-CaseStudy,1800000,1800000,Lethe,different_role_still_authorized,0.4,1,0.001819,0.972275,0.971328,0.0,0.009592,0.001292,0.003904
MIMIC-IV-CaseStudy,1800000,1800000,Lethe,different_role_still_authorized,0.4,2,0.003916,0.969181,0.9698,0.002309,0.014035,0.0,4.6e-05
MIMIC-IV-CaseStudy,1800000,1800000,Lethe,different_role_still_authorized,0.4,3,0.002771,0.972046,0.970423,0.00293,0.014454,0.002642,0.003479
MIMIC-IV-CaseStudy,1800000,1800000,Lethe,different_role_still_authorized,0.4,4,0.003223,0.972369,0.972755,0.001038,0.013103,0.00078,0.000981
MIMIC-IV-CaseStudy,1800000,1800000,Lethe,different_role_still_authorized,0.4,5,0.003382,0.970904,0.96861,0.002889,0.010299,0.003072,0.0
MIMIC-IV-CaseStudy,1800000,1800000,Lethe,different_role_still_authorized,0.4,6,0.001835,0.972567,0.969146,0.003505,0.011113,0.000994,0.002123
MIMIC-IV-CaseStudy,1800000,1800000,Lethe,different_role_still_authorized,0.4,7,0.004214,0.968353,0.9713,0.002952,0.019281,0.001606,0.003396
MIMIC-IV-CaseStudy,1800000,1800000,Lethe,different_role_still_authorized,0.4,8,0.00302,0.968619,0.969944,0.00143,0.017983,0.004212,0.001946
MIMIC-IV-CaseStudy,1800000,1800000,Lethe,different_role_still_authorized,0.4,9,0.002636,0.970972,0.972687,0.0,0.013036,0.000948,0.001446
MIMIC-IV-CaseStudy,1800000,1800000,Lethe,ancestor_descendant_still_authorized,0.4,0,0.001661,0.972874,0.969632,0.001212,0.019806,0.002396,0.002091
MIMIC-IV-CaseStudy,1800000,1800000,Lethe,ancestor_descendant_still_authorized,0.4,1,0.001201,0.971499,0.969842,0.000797,0.014414,0.002688,0.002137
MIMIC-IV-CaseStudy,1800000,1800000,Lethe,ancestor_descendant_still_authorized,0.4,2,0.002296,0.972542,0.970185,0.003065,0.025343,0.002483,0.002203
MIMIC-IV-CaseStudy,1800000,1800000,Lethe,ancestor_descendant_still_authorized,0.4,3,0.00176,0.971251,0.969726,0.0,0.021524,0.001611,0.001965
MIMIC-IV-CaseStudy,1800000,1800000,Lethe,ancestor_descendant_still_authorized,0.4,4,0.003229,0.970752,0.971755,0.003485,0.023065,0.000812,0.001371
MIMIC-IV-CaseStudy,1800000,1800000,Lethe,ancestor_descendant_still_authorized,0.4,5,0.001952,0.969789,0.968302,0.000797,0.010053,0.001849,0.000521
MIMIC-IV-CaseStudy,1800000,1800000,Lethe,ancestor_descendant_still_authorized,0.4,6,0.002115,0.972797,0.969529,0.000338,0.007938,0.00081,0.001493
MIMIC-IV-CaseStudy,1800000,1800000,Lethe,ancestor_descendant_still_authorized,0.4,7,0.00263,0.969101,0.970871,0.0,0.006162,0.002457,0.002311
MIMIC-IV-CaseStudy,1800000,1800000,Lethe,ancestor_descendant_still_authorized,0.4,8,0.002151,0.969944,0.972517,0.000789,0.015952,0.000757,0.00355
MIMIC-IV-CaseStudy,1800000,1800000,Lethe,ancestor_descendant_still_authorized,0.4,9,0.002635,0.969649,0.97189,0.001873,0.013219,0.00321,0.001108
MIMIC-IV-CaseStudy,1800000,1800000,Lethe,revoked_user,0.5,0,0.015361,0.971071,0.972384,0.013446,0.007865,0.0029,0.001458
MIMIC-IV-CaseStudy,1800000,1800000,Lethe,revoked_user,0.5,1,0.012359,0.968433,0.970978,0.011801,0.009321,0.000733,0.003055
MIMIC-IV-CaseStudy,1800000,1800000,Lethe,revoked_user,0.5,2,0.01368,0.972958,0.970655,0.011321,0.017017,0.000383,0.001006
MIMIC-IV-CaseStudy,1800000,1800000,Lethe,revoked_user,0.5,3,0.014916,0.970621,0.967794,0.010872,0.011093,0.00152,0.00168
MIMIC-IV-CaseStudy,1800000,1800000,Lethe,revoked_user,0.5,4,0.016165,0.970773,0.971633,0.01364,0.009571,0.002522,0.001239
MIMIC-IV-CaseStudy,1800000,1800000,Lethe,revoked_user,0.5,5,0.012729,0.971328,0.971133,0.01031,0.014041,0.002974,0.003213
MIMIC-IV-CaseStudy,1800000,1800000,Lethe,revoked_user,0.5,6,0.014906,0.969673,0.970925,0.012413,0.010386,0.002312,0.001763
MIMIC-IV-CaseStudy,1800000,1800000,Lethe,revoked_user,0.5,7,0.010808,0.972442,0.971362,0.009761,0.020368,0.001173,0.002212
MIMIC-IV-CaseStudy,1800000,1800000,Lethe,revoked_user,0.5,8,0.015357,0.971279,0.970495,0.012213,0.017126,0.0,0.001556
MIMIC-IV-CaseStudy,1800000,1800000,Lethe,revoked_user,0.5,9,0.013329,0.970611,0.974677,0.011172,0.02457,0.003135,0.002199
MIMIC-IV-CaseStudy,1800000,1800000,Lethe,same_role_still_authorized,0.5,0,0.047558,0.970739,0.973467,0.037601,0.013077,0.001213,0.002654
MIMIC-IV-CaseStudy,1800000,1800000,Lethe,same_role_still_authorized,0.5,1,0.040643,0.967963,0.971131,0.032423,0.016966,0.00219,0.001623
MIMIC-IV-CaseStudy,1800000,1800000,Lethe,same_role_still_authorized,0.5,2,0.052751,0.972838,0.97423,0.042249,0.014224,0.00214,0.001638
MIMIC-IV-CaseStudy,1800000,1800000,Lethe,same_role_still_authorized,0.5,3,0.043593,0.970083,0.969154,0.036096,0.010402,0.001465,0.001186
MIMIC-IV-CaseStudy,1800000,1800000,Lethe,same_role_still_authorized,0.5,4,0.042134,0.970476,0.970882,0.033889,0.016929,0.000616,0.001856
MIMIC-IV-CaseStudy,1800000,1800000,Lethe,same_role_still_authorized,0.5,5,0.037096,0.974878,0.970688,0.029946,0.01614,0.002455,0.002494
MIMIC-IV-CaseStudy,1800000,1800000,Lethe,same_role_still_authorized,0.5,6,0.049261,0.97392,0.969043,0.039123,0.021983,0.003704,0.002151
MIMIC-IV-CaseStudy,1800000,1800000,Lethe,same_role_still_authorized,0.5,7,0.042893,0.971764,0.971052,0.033614,0.01704,0.001774,0.000921
MIMIC-IV-CaseStudy,1800000,1800000,Lethe,same_role_still_authorized,0.5,8,0.03984,0.970465,0.970025,0.034505,0.006234,0.003442,0.001384
MIMIC-IV-CaseStudy,1800000,1800000,Lethe,same_role_still_authorized,0.5,9,0.040057,0.969523,0.970679,0.032955,0.026346,0.001106,0.003288
MIMIC-IV-CaseStudy,1800000,1800000,Lethe,different_role_still_authorized,0.5,0,0.001309,0.972778,0.970645,0.001295,0.004274,0.001611,0.002273
MIMIC-IV-CaseStudy,1800000,1800000,Lethe,different_role_still_authorized,0.5,1,0.00202,0.97322,0.97153,0.001188,0.019686,0.002534,0.001897
MIMIC-IV-CaseStudy,1800000,1800000,Lethe,different_role_still_authorized,0.5,2,0.003925,0.972286,0.969121,0.005005,0.0,0.000993,0.001955
MIMIC-IV-CaseStudy,1800000,1800000,Lethe,different_role_still_authorized,0.5,3,0.004329,0.969619,0.97054,0.004221,0.009422,0.002509,0.001193
MIMIC-IV-CaseStudy,1800000,1800000,Lethe,different_role_still_authorized,0.5,4,0.002903,0.971815,0.970075,0.003826,0.008416,0.00166,0.00049
MIMIC-IV-CaseStudy,1800000,1800000,Lethe,different_role_still_authorized,0.5,5,0.002873,0.970705,0.969722,0.003245,0.024714,0.001849,0.003058
MIMIC-IV-CaseStudy,1800000,1800000,Lethe,different_role_still_authorized,0.5,6,0.003293,0.973024,0.969122,0.001481,0.024479,0.00118,0.003344
MIMIC-IV-CaseStudy,1800000,1800000,Lethe,different_role_still_authorized,0.5,7,0.0024,0.972961,0.969684,0.001347,0.025666,0.003157,0.002068
MIMIC-IV-CaseStudy,1800000,1800000,Lethe,different_role_still_authorized,0.5,8,0.003547,0.972071,0.971723,0.004851,0.012264,0.000692,0.003138
MIMIC-IV-CaseStudy,1800000,1800000,Lethe,different_role_still_authorized,0.5,9,0.004666,0.973006,0.97012,0.003462,0.014,0.00284,0.001459
MIMIC-IV-CaseStudy,1800000,1800000,Lethe,ancestor_descendant_still_authorized,0.5,0,0.002815,0.971979,0.970775,0.003712,0.005911,0.002725,0.00194
MIMIC-IV-CaseStudy,1800000,1800000,Lethe,ancestor_descendant_still_authorized,0.5,1,0.002237,0.972852,0.973396,0.001713,0.006609,0.0006,0.000815
MIMIC-IV-CaseStudy,1800000,1800000,Lethe,ancestor_descendant_still_authorized,0.5,2,0.004454,0.970277,0.970535,0.003846,0.021165,0.002454,0.00138
MIMIC-IV-CaseStudy,1800000,1800000,Lethe,ancestor_descendant_still_authorized,0.5,3,0.003373,0.971553,0.96824,0.000569,0.008919,0.002117,0.002001
MIMIC-IV-CaseStudy,1800000,1800000,Lethe,ancestor_descendant_still_authorized,0.5,4,0.00212,0.973032,0.969487,0.002004,0.00553,0.000884,0.000513
MIMIC-IV-CaseStudy,1800000,1800000,Lethe,ancestor_descendant_still_authorized,0.5,5,0.001536,0.967608,0.970659,0.002001,0.024365,0.003077,0.000267
MIMIC-IV-CaseStudy,1800000,1800000,Lethe,ancestor_descendant_still_authorized,0.5,6,0.003901,0.973407,0.969355,0.003206,0.021366,0.000938,0.00264
MIMIC-IV-CaseStudy,1800000,1800000,Lethe,ancestor_descendant_still_authorized,0.5,7,0.003999,0.971141,0.972212,0.003667,0.016727,0.003296,0.00286
MIMIC-IV-CaseStudy,1800000,1800000,Lethe,ancestor_descendant_still_authorized,0.5,8,0.003371,0.971795,0.969029,0.001941,0.029149,0.001949,0.002674
MIMIC-IV-CaseStudy,1800000,1800000,Lethe,ancestor_descendant_still_authorized,0.5,9,0.003941,0.970544,0.96873,0.002383,0.005945,0.000728,0.00161
MIMIC-IV-CaseStudy,1800000,1800000,Lethe,revoked_user,0.1,0,0.004147,0.971013,0.972365,0.003187,0.036843,0.001234,0.001814
MIMIC-IV-CaseStudy,1800000,1800000,Lethe,revoked_user,0.1,1,0.00635,0.973914,0.969359,0.00559,0.010645,0.000713,0.00323
MIMIC-IV-CaseStudy,1800000,1800000,Lethe,revoked_user,0.1,2,0.005757,0.970766,0.969849,0.004322,0.018423,0.003231,0.001989
MIMIC-IV-CaseStudy,1800000,1800000,Lethe,revoked_user,0.1,3,0.008183,0.968668,0.972483,0.004628,0.019481,0.001461,2.1e-05
MIMIC-IV-CaseStudy,1800000,1800000,Lethe,revoked_user,0.1,4,0.010135,0.968253,0.973519,0.009299,0.023903,0.002753,0.002609
MIMIC-IV-CaseStudy,1800000,1800000,Lethe,revoked_user,0.1,5,0.010253,0.974191,0.971217,0.008352,0.014263,0.001361,0.002297
MIMIC-IV-CaseStudy,1800000,1800000,Lethe,revoked_user,0.1,6,0.008007,0.970437,0.969757,0.008234,0.008124,0.002837,0.002552
MIMIC-IV-CaseStudy,1800000,1800000,Lethe,revoked_user,0.1,7,0.004325,0.964912,0.972012,0.004803,0.016165,0.001209,0.001681
MIMIC-IV-CaseStudy,1800000,1800000,Lethe,revoked_user,0.1,8,0.006819,0.97268,0.970642,0.00534,0.012676,0.004222,0.000707
MIMIC-IV-CaseStudy,1800000,1800000,Lethe,revoked_user,0.1,9,0.009492,0.971341,0.972004,0.007658,0.012573,0.000896,0.003395
MIMIC-IV-CaseStudy,1800000,1800000,Lethe,same_role_still_authorized,0.1,0,0.001241,0.969254,0.969125,0.001252,0.009126,0.002483,0.002507
MIMIC-IV-CaseStudy,1800000,1800000,Lethe,same_role_still_authorized,0.1,1,0.0,0.970572,0.968654,0.001279,0.014972,0.001513,0.000856
MIMIC-IV-CaseStudy,1800000,1800000,Lethe,same_role_still_authorized,0.1,2,0.000909,0.971477,0.968843,0.000237,0.008304,0.002894,0.003403
MIMIC-IV-CaseStudy,1800000,1800000,Lethe,same_role_still_authorized,0.1,3,0.000928,0.969436,0.973203,0.0,0.017972,0.0,0.00096
MIMIC-IV-CaseStudy,1800000,1800000,Lethe,same_role_still_authorized,0.1,4,0.002702,0.970029,0.970197,0.002703,0.009408,0.0,0.002461
MIMIC-IV-CaseStudy,1800000,1800000,Lethe,same_role_still_authorized,0.1,5,0.001571,0.967747,0.969519,0.000886,0.011684,0.0,0.002443
MIMIC-IV-CaseStudy,1800000,1800000,Lethe,same_role_still_authorized,0.1,6,0.002711,0.969699,0.97218,0.002232,0.02813,0.002629,0.001679
MIMIC-IV-CaseStudy,1800000,1800000,Lethe,same_role_still_authorized,0.1,7,0.002175,0.970818,0.96988,0.001912,0.011853,0.002952,0.000531
MIMIC-IV-CaseStudy,1800000,1800000,Lethe,same_role_still_authorized,0.1,8,0.002635,0.971938,0.968173,0.001569,0.021151,0.001497,0.002412
MIMIC-IV-CaseStudy,1800000,1800000,Lethe,same_role_still_authorized,0.1,9,0.00222,0.97201,0.971727,0.000281,0.010646,0.00056,0.002309
MIMIC-IV-CaseStudy,1800000,1800000,Lethe,different_role_still_authorized,0.1,0,0.003603,0.968089,0.971977,0.002613,0.020756,0.001653,0.001243
MIMIC-IV-CaseStudy,1800000,1800000,Lethe,different_role_still_authorized,0.1,1,0.000223,0.970834,0.971324,0.000639,0.012815,0.002304,0.002523
MIMIC-IV-CaseStudy,1800000,1800000,Lethe,different_role_still_authorized,0.1,2,0.002218,0.966796,0.971161,0.00065,0.016453,0.00235,0.002079
MIMIC-IV-CaseStudy,1800000,1800000,Lethe,different_role_still_authorized,0.1,3,0.001638,0.973336,0.972292,0.002114,0.010934,0.00271,0.002766
MIMIC-IV-CaseStudy,1800000,1800000,Lethe,different_role_still_authorized,0.1,4,0.002162,0.976124,0.970794,0.000677,0.014215,0.002842,0.001567
MIMIC-IV-CaseStudy,1800000,1800000,Lethe,different_role_still_authorized,0.1,5,0.001456,0.974462,0.972077,0.001413,0.014864,0.002664,0.001504
MIMIC-IV-CaseStudy,1800000,1800000,Lethe,different_role_still_authorized,0.1,6,0.002824,0.971507,0.972987,0.001907,0.009275,0.001543,0.001384
MIMIC-IV-CaseStudy,1800000,1800000,Lethe,different_role_still_authorized,0.1,7,0.002306,0.971013,0.968446,0.001197,0.017265,0.002247,0.002246
MIMIC-IV-CaseStudy,1800000,1800000,Lethe,different_role_still_authorized,0.1,8,0.001924,0.972527,0.96864,0.001518,0.018564,0.001842,0.003464
MIMIC-IV-CaseStudy,1800000,1800000,Lethe,different_role_still_authorized,0.1,9,0.001424,0.970814,0.970165,0.001296,0.010066,0.002032,0.001391
MIMIC-IV-CaseStudy,1800000,1800000,Lethe,ancestor_descendant_still_authorized,0.1,0,0.001848,0.969604,0.97157,0.00065,0.023978,0.000395,0.002044
MIMIC-IV-CaseStudy,1800000,1800000,Lethe,ancestor_descendant_still_authorized,0.1,1,0.001355,0.971764,0.971693,0.001162,0.012907,0.002791,0.003263
MIMIC-IV-CaseStudy,1800000,1800000,Lethe,ancestor_descendant_still_authorized,0.1,2,0.001021,0.974421,0.969722,0.000843,0.016226,0.002286,0.000981
MIMIC-IV-CaseStudy,1800000,1800000,Lethe,ancestor_descendant_still_authorized,0.1,3,0.002463,0.972584,0.969639,0.001659,0.008369,0.002432,0.0027
MIMIC-IV-CaseStudy,1800000,1800000,Lethe,ancestor_descendant_still_authorized,0.1,4,0.00196,0.970228,0.971082,0.001519,0.01782,0.003729,0.001177
MIMIC-IV-CaseStudy,1800000,1800000,Lethe,ancestor_descendant_still_authorized,0.1,5,0.00158,0.970534,0.973146,0.0,0.018785,0.001489,0.002427
MIMIC-IV-CaseStudy,1800000,1800000,Lethe,ancestor_descendant_still_authorized,0.1,6,0.002693,0.972437,0.973451,0.000896,0.002735,0.001257,0.002554
MIMIC-IV-CaseStudy,1800000,1800000,Lethe,ancestor_descendant_still_authorized,0.1,7,0.00197,0.97118,0.967713,0.003266,0.012495,0.000559,0.002464
MIMIC-IV-CaseStudy,1800000,1800000,Lethe,ancestor_descendant_still_authorized,0.1,8,0.00221,0.969898,0.967429,0.002785,0.014727,0.001781,0.001887
MIMIC-IV-CaseStudy,1800000,1800000,Lethe,ancestor_descendant_still_authorized,0.1,9,0.002618,0.968233,0.969671,0.002028,0.015807,0.002013,0.002263
MIMIC-IV-CaseStudy,1800000,1800000,Lethe,revoked_user,0.2,0,0.008523,0.97144,0.970378,0.006461,0.018847,0.004327,0.002779
MIMIC-IV-CaseStudy,1800000,1800000,Lethe,revoked_user,0.2,1,0.009088,0.970037,0.970818,0.009019,0.017972,0.00298,0.003076
MIMIC-IV-CaseStudy,1800000,1800000,Lethe,revoked_user,0.2,2,0.012386,0.971844,0.971165,0.010113,0.017455,0.002412,0.00254
MIMIC-IV-CaseStudy,1800000,1800000,Lethe,revoked_user,0.2,3,0.009089,0.970643,0.972063,0.005877,0.018861,0.002697,0.002119
MIMIC-IV-CaseStudy,1800000,1800000,Lethe,revoked_user,0.2,4,0.008436,0.969767,0.972728,0.008661,0.012338,0.001754,0.002894
MIMIC-IV-CaseStudy,1800000,1800000,Lethe,revoked_user,0.2,5,0.009416,0.970017,0.971853,0.00811,0.010815,0.002081,0.002331
MIMIC-IV-CaseStudy,1800000,1800000,Lethe,revoked_user,0.2,6,0.012131,0.970736,0.973312,0.009336,0.016462,0.00187,0.002174
MIMIC-IV-CaseStudy,1800000,1800000,Lethe,revoked_user,0.2,7,0.012205,0.973768,0.972671,0.009175,0.015753,0.000452,0.002729
MIMIC-IV-CaseStudy,1800000,1800000,Lethe,revoked_user,0.2,8,0.008106,0.968728,0.971291,0.007008,0.017072,0.001822,0.000905
MIMIC-IV-CaseStudy,1800000,1800000,Lethe,revoked_user,0.2,9,0.009134,0.967628,0.968337,0.005554,0.015136,0.002812,0.001802
MIMIC-IV-CaseStudy,1800000,1800000,Lethe,same_role_still_authorized,0.2,0,0.00121,0.968135,0.971912,0.002069,0.005321,0.001048,0.000568
MIMIC-IV-CaseStudy,1800000,1800000,Lethe,same_role_still_authorized,0.2,1,0.003018,0.973366,0.970783,0.001054,0.01094,0.0,0.0
MIMIC-IV-CaseStudy,1800000,1800000,Lethe,same_role_still_authorized,0.2,2,0.001035,0.97003,0.972047,0.0,0.007508,0.003971,0.0011
MIMIC-IV-CaseStudy,1800000,1800000,Lethe,same_role_still_authorized,0.2,3,0.001906,0.97149,0.971892,0.002289,0.008374,0.00149,0.002037
MIMIC-IV-CaseStudy,1800000,1800000,Lethe,same_role_still_authorized,0.2,4,0.002756,0.969315,0.96994,0.000244,0.011328,0.00227,0.004071
MIMIC-IV-CaseStudy,1800000,1800000,Lethe,same_role_still_authorized,0.2,5,0.002357,0.972782,0.972785,0.004302,0.019111,0.001787,0.002527
MIMIC-IV-CaseStudy,1800000,1800000,Lethe,same_role_still_authorized,0.2,6,0.001056,0.970019,0.969537,0.000279,0.019235,0.000929,0.00241
MIMIC-IV-CaseStudy,1800000,1800000,Lethe,same_role_still_authorized,0.2,7,0.0022,0.969829,0.971907,0.000778,0.013776,0.000284,0.001519
MIMIC-IV-CaseStudy,1800000,1800000,Lethe,same_role_still_authorized,0.2,8,0.002054,0.972702,0.970818,0.001094,0.012107,0.000397,0.000905
MIMIC-IV-CaseStudy,1800000,1800000,Lethe,same_role_still_authorized,0.2,9,0.002771,0.97035,0.969126,0.003208,0.01712,0.002608,0.001747
MIMIC-IV-CaseStudy,1800000,1800000,Lethe,different_role_still_authorized,0.2,0,0.002222,0.973228,0.970009,0.002233,0.021663,0.003203,0.000311
MIMIC-IV-CaseStudy,1800000,1800000,Lethe,different_role_still_authorized,0.2,1,0.002022,0.971324,0.972327,0.001388,0.014587,0.001993,0.001605
MIMIC-IV-CaseStudy,1800000,1800000,Lethe,different_role_still_authorized,0.2,2,0.002324,0.969032,0.96974,0.003304,0.017679,0.003092,0.002222
MIMIC-IV-CaseStudy,1800000,1800000,Lethe,different_role_still_authorized,0.2,3,0.003433,0.972754,0.971131,0.001703,0.004602,0.000784,0.002502
MIMIC-IV-CaseStudy,1800000,1800000,Lethe,different_role_still_authorized,0.2,4,0.0021,0.972381,0.972294,0.001392,0.01644,0.001969,0.000657
MIMIC-IV-CaseStudy,1800000,1800000,Lethe,different_role_still_authorized,0.2,5,0.001836,0.969449,0.972628,0.001409,0.003293,0.002774,0.001564
MIMIC-IV-CaseStudy,1800000,1800000,Lethe,different_role_still_authorized,0.2,6,0.002244,0.972823,0.972821,0.002474,0.015762,0.001653,0.001095
MIMIC-IV-CaseStudy,1800000,1800000,Lethe,different_role_still_authorized,0.2,7,0.000929,0.972531,0.972188,0.0,0.014937,0.002719,0.002307
MIMIC-IV-CaseStudy,1800000,1800000,Lethe,different_role_still_authorized,0.2,8,0.001996,0.972784,0.97002,0.0,0.013721,0.0,0.002309
MIMIC-IV-CaseStudy,1800000,1800000,Lethe,different_role_still_authorized,0.2,9,0.002039,0.971563,0.97163,0.003385,0.010736,0.001306,0.000654
MIMIC-IV-CaseStudy,1800000,1800000,Lethe,ancestor_descendant_still_authorized,0.2,0,0.001027,0.970324,0.970635,0.001187,0.011274,0.000967,0.000799
MIMIC-IV-CaseStudy,1800000,1800000,Lethe,ancestor_descendant_still_authorized,0.2,1,0.000629,0.970214,0.970411,0.0,0.019308,0.004003,0.001402
MIMIC-IV-CaseStudy,1800000,1800000,Lethe,ancestor_descendant_still_authorized,0.2,2,0.002692,0.972256,0.970185,0.0,0.022378,0.002108,0.001428
MIMIC-IV-CaseStudy,1800000,1800000,Lethe,ancestor_descendant_still_authorized,0.2,3,0.001927,0.969169,0.97211,0.001612,0.013534,0.002113,0.003195
MIMIC-IV-CaseStudy,1800000,1800000,Lethe,ancestor_descendant_still_authorized,0.2,4,0.002264,0.970068,0.97069,0.001847,0.016392,0.001452,0.002584
MIMIC-IV-CaseStudy,1800000,1800000,Lethe,ancestor_descendant_still_authorized,0.2,5,0.002528,0.969566,0.972639,0.00094,0.009623,0.002198,0.004912
MIMIC-IV-CaseStudy,1800000,1800000,Lethe,ancestor_descendant_still_authorized,0.2,6,0.002949,0.972089,0.967662,0.002356,0.02319,0.001543,0.001719
MIMIC-IV-CaseStudy,1800000,1800000,Lethe,ancestor_descendant_still_authorized,0.2,7,0.001183,0.970563,0.970202,0.0,0.007193,0.001883,0.002749
MIMIC-IV-CaseStudy,1800000,1800000,Lethe,ancestor_descendant_still_authorized,0.2,8,0.002926,0.971251,0.970519,0.0007,0.013623,0.000768,0.002751
MIMIC-IV-CaseStudy,1800000,1800000,Lethe,ancestor_descendant_still_authorized,0.2,9,0.004181,0.971783,0.968853,0.004841,0.017089,0.002099,0.001948
MIMIC-IV-CaseStudy,1800000,1800000,Lethe,revoked_user,0.3,0,0.013615,0.97053,0.970676,0.011107,0.015345,0.001441,0.001617
MIMIC-IV-CaseStudy,1800000,1800000,Lethe,revoked_user,0.3,1,0.011586,0.972105,0.970275,0.009503,0.014564,0.002858,0.00033
MIMIC-IV-CaseStudy,1800000,1800000,Lethe,revoked_user,0.3,2,0.01015,0.971551,0.969881,0.006887,0.012626,0.00153,0.002643
MIMIC-IV-CaseStudy,1800000,1800000,Lethe,revoked_user,0.3,3,0.010943,0.971708,0.972711,0.00757,0.01406,0.003143,0.0021
MIMIC-IV-CaseStudy,1800000,1800000,Lethe,revoked_user,0.3,4,0.010814,0.97085,0.96869,0.010351,0.010429,0.002627,0.003411
MIMIC-IV-CaseStudy,1800000,1800000,Lethe,revoked_user,0.3,5,0.007246,0.97214,0.970646,0.004066,0.025782,0.002073,0.002752
MIMIC-IV-CaseStudy,1800000,1800000,Lethe,revoked_user,0.3,6,0.01219,0.972481,0.969076,0.011189,0.021592,0.001964,0.002504
MIMIC-IV-CaseStudy,1800000,1800000,Lethe,revoked_user,0.3,7,0.007864,0.968634,0.968877,0.004879,0.013371,0.001462,0.001895
MIMIC-IV-CaseStudy,1800000,1800000,Lethe,revoked_user,0.3,8,0.010205,0.970241,0.970538,0.008381,0.020116,0.002222,0.001411
MIMIC-IV-CaseStudy,1800000,1800000,Lethe,revoked_user,0.3,9,0.010026,0.970262,0.972413,0.006114,0.016779,0.002283,0.001424
MIMIC-IV-CaseStudy,1800000,1800000,Lethe,same_role_still_authorized,0.3,0,0.00244,0.968108,0.970415,0.001542,0.006293,0.002349,0.003573
MIMIC-IV-CaseStudy,1800000,1800000,Lethe,same_role_still_authorized,0.3,1,0.001561,0.975764,0.970802,0.0,0.012877,0.003658,0.002447
MIMIC-IV-CaseStudy,1800000,1800000,Lethe,same_role_still_authorized,0.3,2,0.003723,0.970903,0.96845,0.002646,0.021385,0.001703,0.002151
MIMIC-IV-CaseStudy,1800000,1800000,Lethe,same_role_still_authorized,0.3,3,0.003764,0.97227,0.969785,0.003491,0.012764,0.002271,0.002581
MIMIC-IV-CaseStudy,1800000,1800000,Lethe,same_role_still_authorized,0.3,4,0.001658,0.97193,0.967497,0.0,0.011041,0.000938,0.002316
MIMIC-IV-CaseStudy,1800000,1800000,Lethe,same_role_still_authorized,0.3,5,0.001327,0.970002,0.969716,0.000298,0.005602,0.002192,0.001568
MIMIC-IV-CaseStudy,1800000,1800000,Lethe,same_role_still_authorized,0.3,6,0.002118,0.974133,0.972088,0.002579,0.021956,0.003313,0.002203
MIMIC-IV-CaseStudy,1800000,1800000,Lethe,same_role_still_authorized,0.3,7,0.001988,0.968459,0.972921,0.0,0.015941,0.0,0.002418
MIMIC-IV-CaseStudy,1800000,1800000,Lethe,same_role_still_authorized,0.3,8,0.00527,0.971452,0.970643,0.003865,0.01093,0.003077,0.001603
MIMIC-IV-CaseStudy,1800000,1800000,Lethe,same_role_still_authorized,0.3,9,0.001695,0.970988,0.968887,0.002012,0.028077,8e-06,0.002532
MIMIC-IV-CaseStudy,1800000,1800000,Lethe,different_role_still_authorized,0.3,0,0.002094,0.969589,0.972438,0.00266,0.009806,0.000457,0.002369
MIMIC-IV-CaseStudy,1800000,1800000,Lethe,different_role_still_authorized,0.3,1,0.001388,0.973176,0.972524,0.001843,0.02563,0.001629,0.0039
MIMIC-IV-CaseStudy,1800000,1800000,Lethe,different_role_still_authorized,0.3,2,0.000987,0.971404,0.972378,0.001338,0.011741,0.002145,0.001882
MIMIC-IV-CaseStudy,1800000,1800000,Lethe,different_role_still_authorized,0.3,3,0.001761,0.97148,0.970469,0.001296,0.010034,0.001926,0.004576
MIMIC-IV-CaseStudy,1800000,1800000,Lethe,different_role_still_authorized,0.3,4,0.002093,0.971216,0.96978,0.001725,0.006089,0.000741,0.002491
MIMIC-IV-CaseStudy,1800000,1800000,Lethe,different_role_still_authorized,0.3,5,0.002477,0.969228,0.974042,0.00169,0.013441,0.001383,0.002896
MIMIC-IV-CaseStudy,1800000,1800000,Lethe,different_role_still_authorized,0.3,6,0.002964,0.972833,0.969467,0.001975,0.017837,0.001438,0.00281
MIMIC-IV-CaseStudy,1800000,1800000,Lethe,different_role_still_authorized,0.3,7,0.003559,0.972173,0.969749,0.005547,0.021126,0.001263,0.001802
MIMIC-IV-CaseStudy,1800000,1800000,Lethe,different_role_still_authorized,0.3,8,0.001375,0.971092,0.969517,0.001794,0.009671,0.002302,0.0
MIMIC-IV-CaseStudy,1800000,1800000,Lethe,different_role_still_authorized,0.3,9,0.00192,0.970821,0.970616,0.001166,0.019721,0.002055,0.001009
MIMIC-IV-CaseStudy,1800000,1800000,Lethe,ancestor_descendant_still_authorized,0.3,0,0.002181,0.967984,0.973324,0.000638,0.024011,0.00155,0.001093
MIMIC-IV-CaseStudy,1800000,1800000,Lethe,ancestor_descendant_still_authorized,0.3,1,0.002031,0.973381,0.972989,0.001333,0.013219,0.001652,0.001513
MIMIC-IV-CaseStudy,1800000,1800000,Lethe,ancestor_descendant_still_authorized,0.3,2,0.002251,0.971796,0.971878,0.004417,0.018175,0.00362,0.001564
MIMIC-IV-CaseStudy,1800000,1800000,Lethe,ancestor_descendant_still_authorized,0.3,3,0.003576,0.969453,0.969192,0.002827,0.00522,0.001833,0.000379
MIMIC-IV-CaseStudy,1800000,1800000,Lethe,ancestor_descendant_still_authorized,0.3,4,0.002926,0.972167,0.972781,0.003306,0.025791,0.003573,0.002512
MIMIC-IV-CaseStudy,1800000,1800000,Lethe,ancestor_descendant_still_authorized,0.3,5,0.001959,0.967113,0.970627,0.003323,0.019942,0.000861,0.002534
MIMIC-IV-CaseStudy,1800000,1800000,Lethe,ancestor_descendant_still_authorized,0.3,6,0.003087,0.970037,0.967966,0.002485,0.015185,0.002458,0.001226
MIMIC-IV-CaseStudy,1800000,1800000,Lethe,ancestor_descendant_still_authorized,0.3,7,0.001872,0.972111,0.969237,0.000277,0.014581,0.001826,0.002019
MIMIC-IV-CaseStudy,1800000,1800000,Lethe,ancestor_descendant_still_authorized,0.3,8,0.001982,0.973691,0.96998,0.001773,0.018784,0.001258,0.00243
MIMIC-IV-CaseStudy,1800000,1800000,Lethe,ancestor_descendant_still_authorized,0.3,9,0.002362,0.972674,0.970048,0.002632,0.019897,0.00176,0.001762
MIMIC-IV-CaseStudy,1800000,1800000,Lethe,revoked_user,0.4,0,0.010485,0.970907,0.972442,0.006372,0.021588,0.001628,3.4e-05
MIMIC-IV-CaseStudy,1800000,1800000,Lethe,revoked_user,0.4,1,0.008392,0.970301,0.970909,0.007701,0.01298,0.002614,0.001617
MIMIC-IV-CaseStudy,1800000,1800000,Lethe,revoked_user,0.4,2,0.0163,0.970539,0.971228,0.012463,0.011548,0.001124,0.002163
MIMIC-IV-CaseStudy,1800000,1800000,Lethe,revoked_user,0.4,3,0.010797,0.967605,0.973213,0.008101,0.024835,0.001507,0.002446
MIMIC-IV-CaseStudy,1800000,1800000,Lethe,revoked_user,0.4,4,0.013725,0.968913,0.971546,0.009863,0.016123,0.001525,0.00194
MIMIC-IV-CaseStudy,1800000,1800000,Lethe,revoked_user,0.4,5,0.012308,0.970209,0.974262,0.010661,0.024668,0.00111,0.001344
MIMIC-IV-CaseStudy,1800000,1800000,Lethe,revoked_user,0.4,6,0.012611,0.969998,0.970007,0.011695,0.01435,0.001734,0.001399
MIMIC-IV-CaseStudy,1800000,1800000,Lethe,revoked_user,0.4,7,0.014016,0.969995,0.972036,0.009219,0.016979,0.002803,0.004831
MIMIC-IV-CaseStudy,1800000,1800000,Lethe,revoked_user,0.4,8,0.011545,0.970028,0.970903,0.010594,0.0079,0.002203,0.001233
MIMIC-IV-CaseStudy,1800000,1800000,Lethe,revoked_user,0.4,9,0.014908,0.971191,0.970185,0.011417,0.010579,0.00299,0.001901
MIMIC-IV-CaseStudy,1800000,1800000,Lethe,same_role_still_authorized,0.4,0,0.001783,0.973583,0.972587,0.001635,0.01005,0.001597,0.001731
MIMIC-IV-CaseStudy,1800000,1800000,Lethe,same_role_still_authorized,0.4,1,0.002369,0.971612,0.970298,0.0,0.016407,0.002278,0.001523
MIMIC-IV-CaseStudy,1800000,1800000,Lethe,same_role_still_authorized,0.4,2,0.004096,0.972355,0.973488,0.003113,0.009182,0.002021,0.002898
MIMIC-IV-CaseStudy,1800000,1800000,Lethe,same_role_still_authorized,0.4,3,0.001402,0.97209,0.970497,0.002233,0.008799,0.001929,0.003058
MIMIC-IV-CaseStudy,1800000,1800000,Lethe,same_role_still_authorized,0.4,4,0.00408,0.971927,0.97344,0.003456,0.003181,0.001802,0.003769
MIMIC-IV-CaseStudy,1800000,1800000,Lethe,same_role_still_authorized,0.4,5,0.002662,0.968736,0.970525,0.002696,0.014219,0.002359,0.001804
MIMIC-IV-CaseStudy,1800000,1800000,Lethe,same_role_still_authorized,0.4,6,0.002309,0.968286,0.971365,0.001658,0.007383,0.001921,0.002892
MIMIC-IV-CaseStudy,1800000,1800000,Lethe,same_role_still_authorized,0.4,7,0.003759,0.972061,0.973039,0.002473,0.018508,0.000905,0.002464
MIMIC-IV-CaseStudy,1800000,1800000,Lethe,same_role_still_authorized,0.4,8,0.00274,0.972839,0.970356,0.001139,0.009508,0.001454,0.001413
MIMIC-IV-CaseStudy,1800000,1800000,Lethe,same_role_still_authorized,0.4,9,0.00568,0.970022,0.972302,0.004141,0.017008,0.002981,0.002409
MIMIC-IV-CaseStudy,1800000,1800000,Lethe,different_role_still_authorized,0.4,0,0.002193,0.975447,0.970207,0.001366,0.020726,0.000476,0.003441
MIMIC-IV-CaseStudy,1800000,1800000,Lethe,different_role_still_authorized,0.4,1,0.003512,0.969437,0.970729,0.004937,0.014074,0.002896,0.00379
MIMIC-IV-CaseStudy,1800000,1800000,Lethe,different_role_still_authorized,0.4,2,0.001763,0.967781,0.969926,0.003337,0.014689,0.0,0.002095
MIMIC-IV-CaseStudy,1800000,1800000,Lethe,different_role_still_authorized,0.4,3,0.002168,0.970722,0.972205,0.002524,0.010829,0.003203,0.002236
MIMIC-IV-CaseStudy,1800000,1800000,Lethe,different_role_still_authorized,0.4,4,0.00265,0.971452,0.971544,0.001313,0.001038,0.003424,0.001658
MIMIC-IV-CaseStudy,1800000,1800000,Lethe,different_role_still_authorized,0.4,5,0.003032,0.969491,0.969832,0.002763,0.011656,0.003321,0.002974
MIMIC-IV-CaseStudy,1800000,1800000,Lethe,different_role_still_authorized,0.4,6,0.002561,0.967504,0.972682,0.001893,0.009903,0.001038,0.002709
MIMIC-IV-CaseStudy,1800000,1800000,Lethe,different_role_still_authorized,0.4,7,0.000298,0.970514,0.971751,0.000554,0.01884,0.002495,0.000772
MIMIC-IV-CaseStudy,1800000,1800000,Lethe,different_role_still_authorized,0.4,8,0.004247,0.970754,0.970067,0.001326,0.027017,0.001425,0.00233
MIMIC-IV-CaseStudy,1800000,1800000,Lethe,different_role_still_authorized,0.4,9,0.001672,0.971015,0.969426,8.5e-05,0.008464,0.003135,0.000501
MIMIC-IV-CaseStudy,1800000,1800000,Lethe,ancestor_descendant_still_authorized,0.4,0,0.003079,0.970174,0.971983,0.002667,0.008287,0.004942,0.000589
MIMIC-IV-CaseStudy,1800000,1800000,Lethe,ancestor_descendant_still_authorized,0.4,1,0.002796,0.97317,0.972362,0.001927,0.01318,0.002131,0.000923
MIMIC-IV-CaseStudy,1800000,1800000,Lethe,ancestor_descendant_still_authorized,0.4,2,0.003787,0.968106,0.971652,0.004338,0.01501,0.003256,0.002075
MIMIC-IV-CaseStudy,1800000,1800000,Lethe,ancestor_descendant_still_authorized,0.4,3,0.00266,0.971253,0.971383,0.000298,0.007812,0.000744,0.002735
MIMIC-IV-CaseStudy,1800000,1800000,Lethe,ancestor_descendant_still_authorized,0.4,4,0.001883,0.971748,0.972225,0.001855,0.008414,0.00166,0.00268
MIMIC-IV-CaseStudy,1800000,1800000,Lethe,ancestor_descendant_still_authorized,0.4,5,0.003983,0.972887,0.972343,0.00323,0.009137,0.001943,0.0
MIMIC-IV-CaseStudy,1800000,1800000,Lethe,ancestor_descendant_still_authorized,0.4,6,0.001782,0.971054,0.970958,0.000694,0.011412,0.00173,0.001496
MIMIC-IV-CaseStudy,1800000,1800000,Lethe,ancestor_descendant_still_authorized,0.4,7,0.001838,0.96756,0.973287,0.000896,0.008958,0.001504,0.001691
MIMIC-IV-CaseStudy,1800000,1800000,Lethe,ancestor_descendant_still_authorized,0.4,8,0.002219,0.968275,0.970003,0.002006,0.027215,0.00307,0.001749
MIMIC-IV-CaseStudy,1800000,1800000,Lethe,ancestor_descendant_still_authorized,0.4,9,0.002811,0.970474,0.969266,0.002406,0.017742,0.002556,0.002279
MIMIC-IV-CaseStudy,1800000,1800000,Lethe,revoked_user,0.5,0,0.012794,0.972252,0.969451,0.009692,0.030403,0.000355,0.002443
MIMIC-IV-CaseStudy,1800000,1800000,Lethe,revoked_user,0.5,1,0.014865,0.970272,0.970184,0.008916,0.017242,0.001738,0.000489
MIMIC-IV-CaseStudy,1800000,1800000,Lethe,revoked_user,0.5,2,0.010363,0.970766,0.97267,0.00928,0.015653,0.002386,0.000823
MIMIC-IV-CaseStudy,1800000,1800000,Lethe,revoked_user,0.5,3,0.010305,0.972683,0.972429,0.008198,0.015499,0.001957,0.002378
MIMIC-IV-CaseStudy,1800000,1800000,Lethe,revoked_user,0.5,4,0.013774,0.971664,0.970456,0.011706,0.019938,0.001796,0.000299
MIMIC-IV-CaseStudy,1800000,1800000,Lethe,revoked_user,0.5,5,0.013458,0.972013,0.975482,0.009759,0.018038,0.003778,0.001495
MIMIC-IV-CaseStudy,1800000,1800000,Lethe,revoked_user,0.5,6,0.012065,0.972135,0.970249,0.008981,0.014016,0.003273,0.002083
MIMIC-IV-CaseStudy,1800000,1800000,Lethe,revoked_user,0.5,7,0.015137,0.97091,0.97115,0.008921,0.019148,0.001572,0.001238
MIMIC-IV-CaseStudy,1800000,1800000,Lethe,revoked_user,0.5,8,0.009196,0.970151,0.970112,0.00802,0.017985,0.003388,0.00304
MIMIC-IV-CaseStudy,1800000,1800000,Lethe,revoked_user,0.5,9,0.011998,0.972429,0.970655,0.007814,0.010387,0.000706,0.001501
MIMIC-IV-CaseStudy,1800000,1800000,Lethe,same_role_still_authorized,0.5,0,0.003401,0.970107,0.972359,0.006154,0.013227,0.001794,0.000516
MIMIC-IV-CaseStudy,1800000,1800000,Lethe,same_role_still_authorized,0.5,1,0.003929,0.971141,0.970979,0.002796,0.021313,0.002174,0.00176
MIMIC-IV-CaseStudy,1800000,1800000,Lethe,same_role_still_authorized,0.5,2,0.002594,0.971346,0.970584,0.003831,0.025225,0.001096,0.003379
MIMIC-IV-CaseStudy,1800000,1800000,Lethe,same_role_still_authorized,0.5,3,0.004292,0.972987,0.97065,0.002357,0.018686,0.000972,0.0
MIMIC-IV-CaseStudy,1800000,1800000,Lethe,same_role_still_authorized,0.5,4,0.006154,0.970747,0.971142,0.005644,0.017667,0.003432,0.001441
MIMIC-IV-CaseStudy,1800000,1800000,Lethe,same_role_still_authorized,0.5,5,0.004814,0.973943,0.969052,0.003446,0.015147,0.003063,0.000816
MIMIC-IV-CaseStudy,1800000,1800000,Lethe,same_role_still_authorized,0.5,6,0.003533,0.971341,0.971875,0.002584,0.02517,0.001231,1e-05
MIMIC-IV-CaseStudy,1800000,1800000,Lethe,same_role_still_authorized,0.5,7,0.002931,0.970168,0.971501,0.002378,0.001405,0.001866,0.002983
MIMIC-IV-CaseStudy,1800000,1800000,Lethe,same_role_still_authorized,0.5,8,0.003738,0.971283,0.969946,0.003235,0.014957,0.001269,0.003512
MIMIC-IV-CaseStudy,1800000,1800000,Lethe,same_role_still_authorized,0.5,9,0.002296,0.971764,0.970837,0.000932,0.007029,0.001423,0.002792
MIMIC-IV-CaseStudy,1800000,1800000,Lethe,different_role_still_authorized,0.5,0,0.000921,0.971748,0.968464,0.0,0.008959,0.001636,0.000865
MIMIC-IV-CaseStudy,1800000,1800000,Lethe,different_role_still_authorized,0.5,1,0.001806,0.967888,0.972048,0.000989,0.018824,0.002083,0.002147
MIMIC-IV-CaseStudy,1800000,1800000,Lethe,different_role_still_authorized,0.5,2,0.005001,0.970036,0.975244,0.00368,0.01333,0.00206,0.002358
MIMIC-IV-CaseStudy,1800000,1800000,Lethe,different_role_still_authorized,0.5,3,0.001528,0.971295,0.97204,0.0,0.008915,0.002191,0.0
MIMIC-IV-CaseStudy,1800000,1800000,Lethe,different_role_still_authorized,0.5,4,0.002644,0.97192,0.969476,0.000624,0.004813,0.001394,0.000553
MIMIC-IV-CaseStudy,1800000,1800000,Lethe,different_role_still_authorized,0.5,5,0.002744,0.97056,0.970609,0.002382,0.016518,0.001994,0.001285
MIMIC-IV-CaseStudy,1800000,1800000,Lethe,different_role_still_authorized,0.5,6,0.00159,0.972158,0.970179,0.000632,0.009189,0.000753,0.004212
MIMIC-IV-CaseStudy,1800000,1800000,Lethe,different_role_still_authorized,0.5,7,0.002591,0.97132,0.97144,0.003031,0.021823,0.003395,0.002961
MIMIC-IV-CaseStudy,1800000,1800000,Lethe,different_role_still_authorized,0.5,8,0.003821,0.97025,0.971502,0.000226,0.000806,0.002688,0.003065
MIMIC-IV-CaseStudy,1800000,1800000,Lethe,different_role_still_authorized,0.5,9,0.002259,0.971761,0.970604,0.000597,0.016769,0.000193,0.004026
MIMIC-IV-CaseStudy,1800000,1800000,Lethe,ancestor_descendant_still_authorized,0.5,0,0.003886,0.970669,0.971369,0.003875,0.018397,0.002259,0.00336
MIMIC-IV-CaseStudy,1800000,1800000,Lethe,ancestor_descendant_still_authorized,0.5,1,0.004028,0.970632,0.96827,0.003024,0.005254,0.00099,0.001844
MIMIC-IV-CaseStudy,1800000,1800000,Lethe,ancestor_descendant_still_authorized,0.5,2,0.004117,0.972287,0.970585,0.00219,0.009143,0.002073,0.003487
MIMIC-IV-CaseStudy,1800000,1800000,Lethe,ancestor_descendant_still_authorized,0.5,3,0.004172,0.973185,0.97318,0.003736,0.005602,0.001003,0.003971
MIMIC-IV-CaseStudy,1800000,1800000,Lethe,ancestor_descendant_still_authorized,0.5,4,0.003929,0.970887,0.969413,0.002272,0.019343,0.00138,0.001876
MIMIC-IV-CaseStudy,1800000,1800000,Lethe,ancestor_descendant_still_authorized,0.5,5,0.002004,0.970951,0.9697,0.001692,0.004925,0.001885,0.002252
MIMIC-IV-CaseStudy,1800000,1800000,Lethe,ancestor_descendant_still_authorized,0.5,6,0.002289,0.971893,0.97035,0.002186,0.020955,0.001332,0.002023
MIMIC-IV-CaseStudy,1800000,1800000,Lethe,ancestor_descendant_still_authorized,0.5,7,0.002981,0.971599,0.969574,0.002051,0.022662,0.001872,0.001974
MIMIC-IV-CaseStudy,1800000,1800000,Lethe,ancestor_descendant_still_authorized,0.5,8,0.002514,0.973364,0.971625,0.002294,0.021293,0.003323,0.001962
MIMIC-IV-CaseStudy,1800000,1800000,Lethe,ancestor_descendant_still_authorized,0.5,9,0.000881,0.970931,0.970091,0.000847,0.017792,0.002648,0.001909
MIMIC-IV-CaseStudy,1800000,1800000,Lethe,revoked_user,0.1,0,0.009456,0.973483,0.971912,0.007766,0.013119,0.001913,0.002227
MIMIC-IV-CaseStudy,1800000,1800000,Lethe,revoked_user,0.1,1,0.006844,0.972564,0.968951,0.004614,0.016811,0.0,0.002286
MIMIC-IV-CaseStudy,1800000,1800000,Lethe,revoked_user,0.1,2,0.008163,0.972323,0.971156,0.00515,0.004709,0.001971,0.001698
MIMIC-IV-CaseStudy,1800000,1800000,Lethe,revoked_user,0.1,3,0.003644,0.971889,0.973039,0.003002,0.01046,0.003271,0.002858
MIMIC-IV-CaseStudy,1800000,1800000,Lethe,revoked_user,0.1,4,0.009006,0.969001,0.973163,0.010218,0.01625,0.005222,0.001758
MIMIC-IV-CaseStudy,1800000,1800000,Lethe,revoked_user,0.1,5,0.00865,0.970954,0.970454,0.006759,0.009288,0.000543,0.003359
MIMIC-IV-CaseStudy,1800000,1800000,Lethe,revoked_user,0.1,6,0.004791,0.969857,0.971417,0.003632,0.019584,0.002511,0.001757
MIMIC-IV-CaseStudy,1800000,1800000,Lethe,revoked_user,0.1,7,0.008283,0.969344,0.968729,0.005222,0.002756,0.001931,0.00146
MIMIC-IV-CaseStudy,1800000,1800000,Lethe,revoked_user,0.1,8,0.006263,0.97091,0.969361,0.006648,0.012601,0.001696,0.001724
MIMIC-IV-CaseStudy,1800000,1800000,Lethe,revoked_user,0.1,9,0.005097,0.97329,0.971382,0.004954,0.027564,0.000825,0.002492
MIMIC-IV-CaseStudy,1800000,1800000,Lethe,same_role_still_authorized,0.1,0,0.001331,0.972939,0.970301,9e-05,0.016209,0.001125,0.001262
MIMIC-IV-CaseStudy,1800000,1800000,Lethe,same_role_still_authorized,0.1,1,0.001643,0.972361,0.970281,0.002294,0.015252,1e-06,0.002404
MIMIC-IV-CaseStudy,1800000,1800000,Lethe,same_role_still_authorized,0.1,2,0.002121,0.972973,0.968882,0.0,0.009921,0.002092,0.002646
MIMIC-IV-CaseStudy,1800000,1800000,Lethe,same_role_still_authorized,0.1,3,0.002565,0.970725,0.970331,0.0,0.017291,0.002998,0.000337
MIMIC-IV-CaseStudy,1800000,1800000,Lethe,same_role_still_authorized,0.1,4,0.003145,0.972375,0.970189,0.000792,0.013195,0.002353,0.001684
MIMIC-IV-CaseStudy,1800000,1800000,Lethe,same_role_still_authorized,0.1,5,0.001504,0.974245,0.970549,0.001539,0.008597,0.003664,0.000893
MIMIC-IV-CaseStudy,1800000,1800000,Lethe,same_role_still_authorized,0.1,6,0.00187,0.968969,0.970411,0.000518,0.0,0.001778,0.002715
MIMIC-IV-CaseStudy,1800000,1800000,Lethe,same_role_still_authorized,0.1,7,0.001353,0.971747,0.97072,0.00126,0.010132,0.001969,0.00176
MIMIC-IV-CaseStudy,1800000,1800000,Lethe,same_role_still_authorized,0.1,8,0.002897,0.969864,0.970379,0.002549,0.012967,0.003177,0.000798
MIMIC-IV-CaseStudy,1800000,1800000,Lethe,same_role_still_authorized,0.1,9,0.001039,0.970591,0.969044,0.0,0.022696,0.001182,0.003017
MIMIC-IV-CaseStudy,1800000,1800000,Lethe,different_role_still_authorized,0.1,0,0.002161,0.973425,0.97251,0.001783,0.021824,0.001646,0.001155
MIMIC-IV-CaseStudy,1800000,1800000,Lethe,different_role_still_authorized,0.1,1,0.002076,0.969436,0.971958,0.001803,0.013753,0.003099,0.002406
MIMIC-IV-CaseStudy,1800000,1800000,Lethe,different_role_still_authorized,0.1,2,0.002422,0.972914,0.968523,0.001913,0.01303,0.001006,0.002097
MIMIC-IV-CaseStudy,1800000,1800000,Lethe,different_role_still_authorized,0.1,3,0.001881,0.971646,0.973978,0.000892,0.017631,0.000617,0.002729
MIMIC-IV-CaseStudy,1800000,1800000,Lethe,different_role_still_authorized,0.1,4,0.00086,0.972238,0.972285,0.0,0.015384,0.002782,0.001658
MIMIC-IV-CaseStudy,1800000,1800000,Lethe,different_role_still_authorized,0.1,5,0.002052,0.969512,0.970384,0.0,0.000379,0.002723,0.000655
MIMIC-IV-CaseStudy,1800000,1800000,Lethe,different_role_still_authorized,0.1,6,0.003089,0.973387,0.969178,0.002893,0.005758,0.003966,0.003361
MIMIC-IV-CaseStudy,1800000,1800000,Lethe,different_role_still_authorized,0.1,7,0.003615,0.97154,0.968386,0.003771,0.021908,0.002619,0.001629
MIMIC-IV-CaseStudy,1800000,1800000,Lethe,different_role_still_authorized,0.1,8,0.00046,0.970692,0.967257,0.0,0.027591,0.003658,0.002635
MIMIC-IV-CaseStudy,1800000,1800000,Lethe,different_role_still_authorized,0.1,9,0.003354,0.969933,0.967923,0.004038,0.016038,0.003832,0.002222
MIMIC-IV-CaseStudy,1800000,1800000,Lethe,ancestor_descendant_still_authorized,0.1,0,0.003077,0.97087,0.972555,0.001313,0.015532,0.002329,0.002087
MIMIC-IV-CaseStudy,1800000,1800000,Lethe,ancestor_descendant_still_authorized,0.1,1,0.004413,0.971721,0.96916,0.003314,0.021072,0.001632,0.001105
MIMIC-IV-CaseStudy,1800000,1800000,Lethe,ancestor_descendant_still_authorized,0.1,2,0.000913,0.971349,0.970809,0.001064,0.011719,0.001068,0.001
MIMIC-IV-CaseStudy,1800000,1800000,Lethe,ancestor_descendant_still_authorized,0.1,3,0.000411,0.972768,0.971911,0.0,0.016632,0.001902,0.002811
MIMIC-IV-CaseStudy,1800000,1800000,Lethe,ancestor_descendant_still_authorized,0.1,4,0.000451,0.971281,0.971731,0.000465,0.007283,0.000822,0.001299
MIMIC-IV-CaseStudy,1800000,1800000,Lethe,ancestor_descendant_still_authorized,0.1,5,0.001579,0.970171,0.971777,0.001222,0.015075,0.0,0.001702
MIMIC-IV-CaseStudy,1800000,1800000,Lethe,ancestor_descendant_still_authorized,0.1,6,0.002186,0.968066,0.971238,0.000798,0.012104,8.4e-05,0.00095
MIMIC-IV-CaseStudy,1800000,1800000,Lethe,ancestor_descendant_still_authorized,0.1,7,0.001489,0.969694,0.97016,0.0,0.002869,0.000852,0.002257
MIMIC-IV-CaseStudy,1800000,1800000,Lethe,ancestor_descendant_still_authorized,0.1,8,0.000615,0.972226,0.972973,0.001097,0.021811,0.002139,0.001172
MIMIC-IV-CaseStudy,1800000,1800000,Lethe,ancestor_descendant_still_authorized,0.1,9,0.001425,0.973689,0.972649,0.00107,0.026679,0.003591,0.000786
MIMIC-IV-CaseStudy,1800000,1800000,Lethe,revoked_user,0.2,0,0.008531,0.970621,0.971046,0.006468,0.007154,0.002131,0.002083
MIMIC-IV-CaseStudy,1800000,1800000,Lethe,revoked_user,0.2,1,0.007918,0.9697,0.971963,0.006408,0.023891,0.003581,0.001727
MIMIC-IV-CaseStudy,1800000,1800000,Lethe,revoked_user,0.2,2,0.008936,0.971664,0.968497,0.007201,0.026416,0.002599,0.002661
MIMIC-IV-CaseStudy,1800000,1800000,Lethe,revoked_user,0.2,3,0.013232,0.971026,0.97386,0.008668,0.031638,0.002145,0.000664
MIMIC-IV-CaseStudy,1800000,1800000,Lethe,revoked_user,0.2,4,0.006051,0.970976,0.97054,0.007111,0.014107,0.001192,0.002872
MIMIC-IV-CaseStudy,1800000,1800000,Lethe,revoked_user,0.2,5,0.011018,0.969213,0.972495,0.008627,0.016887,0.0,0.001527
MIMIC-IV-CaseStudy,1800000,1800000,Lethe,revoked_user,0.2,6,0.009909,0.967448,0.971226,0.006854,0.0121,0.003132,0.002396
MIMIC-IV-CaseStudy,1800000,1800000,Lethe,revoked_user,0.2,7,0.008328,0.969172,0.970008,0.007125,0.015421,0.001598,0.00064
MIMIC-IV-CaseStudy,1800000,1800000,Lethe,revoked_user,0.2,8,0.007966,0.971859,0.972064,0.005474,0.015642,0.002231,0.00065
MIMIC-IV-CaseStudy,1800000,1800000,Lethe,revoked_user,0.2,9,0.009556,0.971287,0.968507,0.008088,0.019591,0.00096,0.00385
MIMIC-IV-CaseStudy,1800000,1800000,Lethe,same_role_still_authorized,0.2,0,0.002232,0.973975,0.972559,7.5e-05,0.006069,0.001867,0.003288
MIMIC-IV-CaseStudy,1800000,1800000,Lethe,same_role_still_authorized,0.2,1,0.003159,0.968592,0.97154,0.001854,0.020281,0.002616,0.001839
MIMIC-IV-CaseStudy,1800000,1800000,Lethe,same_role_still_authorized,0.2,2,0.002408,0.97252,0.970049,0.002733,0.010991,0.003889,0.003223
MIMIC-IV-CaseStudy,1800000,1800000,Lethe,same_role_still_authorized,0.2,3,0.002444,0.970741,0.972549,0.002108,0.026478,0.001737,0.00251
MIMIC-IV-CaseStudy,1800000,1800000,Lethe,same_role_still_authorized,0.2,4,0.0,0.969759,0.9736,0.000905,0.00788,0.001522,0.00219
MIMIC-IV-CaseStudy,1800000,1800000,Lethe,same_role_still_authorized,0.2,5,0.001616,0.970324,0.970155,0.002467,0.015504,0.001366,0.001149
MIMIC-IV-CaseStudy,1800000,1800000,Lethe,same_role_still_authorized,0.2,6,0.000635,0.970303,0.970263,0.001261,0.018499,0.002046,0.002552
MIMIC-IV-CaseStudy,1800000,1800000,Lethe,same_role_still_authorized,0.2,7,0.002537,0.97326,0.970382,0.002503,0.016599,0.002502,0.00249
MIMIC-IV-CaseStudy,1800000,1800000,Lethe,same_role_still_authorized,0.2,8,0.002108,0.969701,0.970311,0.000531,0.015078,0.00115,0.001494
MIMIC-IV-CaseStudy,1800000,1800000,Lethe,same_role_still_authorized,0.2,9,0.002319,0.969557,0.971523,0.002013,0.017421,0.004054,0.00161
MIMIC-IV-CaseStudy,1800000,1800000,Lethe,different_role_still_authorized,0.2,0,0.001025,0.968969,0.967354,0.001324,0.022913,2.9e-05,0.001816
MIMIC-IV-CaseStudy,1800000,1800000,Lethe,different_role_still_authorized,0.2,1,0.002091,0.971671,0.969718,0.0015,0.0,0.003077,0.002009
MIMIC-IV-CaseStudy,1800000,1800000,Lethe,different_role_still_authorized,0.2,2,0.001556,0.973249,0.973809,0.0011,0.011367,0.001841,0.002963
MIMIC-IV-CaseStudy,1800000,1800000,Lethe,different_role_still_authorized,0.2,3,0.002429,0.97121,0.973515,0.002511,0.014599,0.001981,6e-05
MIMIC-IV-CaseStudy,1800000,1800000,Lethe,different_role_still_authorized,0.2,4,0.000174,0.971642,0.972027,0.000131,0.004855,0.001184,0.002743
MIMIC-IV-CaseStudy,1800000,1800000,Lethe,different_role_still_authorized,0.2,5,0.00148,0.970552,0.972233,0.001073,0.02292,0.000543,0.001948
MIMIC-IV-CaseStudy,1800000,1800000,Lethe,different_role_still_authorized,0.2,6,0.003579,0.968576,0.972104,0.003557,0.020369,0.000208,0.00331
MIMIC-IV-CaseStudy,1800000,1800000,Lethe,different_role_still_authorized,0.2,7,0.00189,0.970838,0.971019,0.001972,0.018467,0.003579,0.000832
MIMIC-IV-CaseStudy,1800000,1800000,Lethe,different_role_still_authorized,0.2,8,0.001218,0.973349,0.970737,0.0,0.015946,0.003797,0.000488
MIMIC-IV-CaseStudy,1800000,1800000,Lethe,different_role_still_authorized,0.2,9,0.00264,0.969532,0.969847,0.003422,0.02138,0.003085,0.003218
MIMIC-IV-CaseStudy,1800000,1800000,Lethe,ancestor_descendant_still_authorized,0.2,0,0.002338,0.966818,0.972232,0.002132,0.010689,0.00194,0.001495
MIMIC-IV-CaseStudy,1800000,1800000,Lethe,ancestor_descendant_still_authorized,0.2,1,0.002012,0.970386,0.969865,0.00137,0.015627,0.001635,0.000499
MIMIC-IV-CaseStudy,1800000,1800000,Lethe,ancestor_descendant_still_authorized,0.2,2,0.001861,0.973033,0.97091,0.004488,0.023752,0.001961,0.00314
MIMIC-IV-CaseStudy,1800000,1800000,Lethe,ancestor_descendant_still_authorized,0.2,3,0.003966,0.970634,0.972145,0.003837,0.013948,0.003075,0.002341
MIMIC-IV-CaseStudy,1800000,1800000,Lethe,ancestor_descendant_still_authorized,0.2,4,0.004249,0.97125,0.970493,0.00377,0.01881,0.002569,0.001726
MIMIC-IV-CaseStudy,1800000,1800000,Lethe,ancestor_descendant_still_authorized,0.2,5,0.001551,0.971439,0.970069,0.002355,0.011896,0.001693,0.001076
MIMIC-IV-CaseStudy,1800000,1800000,Lethe,ancestor_descendant_still_authorized,0.2,6,0.00143,0.972568,0.967988,0.000636,0.012749,0.001478,0.000838
MIMIC-IV-CaseStudy,1800000,1800000,Lethe,ancestor_descendant_still_authorized,0.2,7,0.000551,0.97091,0.971233,0.000786,0.01378,0.001009,0.002373
MIMIC-IV-CaseStudy,1800000,1800000,Lethe,ancestor_descendant_still_authorized,0.2,8,0.002248,0.971455,0.971594,0.002834,0.017048,0.001871,0.003925
MIMIC-IV-CaseStudy,1800000,1800000,Lethe,ancestor_descendant_still_authorized,0.2,9,0.001804,0.972325,0.971169,0.00077,0.013256,0.002254,0.002009
MIMIC-IV-CaseStudy,1800000,1800000,Lethe,revoked_user,0.3,0,0.011529,0.971507,0.969246,0.00751,0.011358,0.003331,0.000692
MIMIC-IV-CaseStudy,1800000,1800000,Lethe,revoked_user,0.3,1,0.013626,0.970161,0.972265,0.012081,0.012909,0.00042,0.002199
MIMIC-IV-CaseStudy,1800000,1800000,Lethe,revoked_user,0.3,2,0.009543,0.973571,0.972844,0.007478,0.017331,0.002309,0.001678
MIMIC-IV-CaseStudy,1800000,1800000,Lethe,revoked_user,0.3,3,0.011088,0.969454,0.97128,0.007669,0.012463,0.002781,0.002975
MIMIC-IV-CaseStudy,1800000,1800000,Lethe,revoked_user,0.3,4,0.010611,0.971622,0.971929,0.008432,0.017493,0.001138,0.003102
MIMIC-IV-CaseStudy,1800000,1800000,Lethe,revoked_user,0.3,5,0.012336,0.971037,0.969104,0.009322,0.009757,0.00174,0.003059
MIMIC-IV-CaseStudy,1800000,1800000,Lethe,revoked_user,0.3,6,0.014124,0.968504,0.970924,0.013149,0.030098,0.002952,0.0
MIMIC-IV-CaseStudy,1800000,1800000,Lethe,revoked_user,0.3,7,0.014943,0.970408,0.968766,0.012252,0.00711,0.000594,0.001382
MIMIC-IV-CaseStudy,1800000,1800000,Lethe,revoked_user,0.3,8,0.010162,0.972859,0.97213,0.007852,0.024552,0.003556,0.001526
MIMIC-IV-CaseStudy,1800000,1800000,Lethe,revoked_user,0.3,9,0.006578,0.974726,0.970805,0.005908,0.013912,0.002815,0.000541
MIMIC-IV-CaseStudy,1800000,1800000,Lethe,same_role_still_authorized,0.3,0,0.001686,0.967591,0.970157,0.000149,0.005094,0.002081,0.001337
MIMIC-IV-CaseStudy,1800000,1800000,Lethe,same_role_still_authorized,0.3,1,0.001784,0.971027,0.97144,0.002064,0.027817,0.002336,0.001318
MIMIC-IV-CaseStudy,1800000,1800000,Lethe,same_role_still_authorized,0.3,2,0.003131,0.968684,0.969034,0.002934,0.0,0.0031,0.001324
MIMIC-IV-CaseStudy,1800000,1800000,Lethe,same_role_still_authorized,0.3,3,0.002668,0.972374,0.971778,0.002239,0.012916,0.001439,0.002599
MIMIC-IV-CaseStudy,1800000,1800000,Lethe,same_role_still_authorized,0.3,4,0.004416,0.971288,0.970969,0.004274,0.012672,0.004153,0.0
MIMIC-IV-CaseStudy,1800000,1800000,Lethe,same_role_still_authorized,0.3,5,0.003457,0.970251,0.971911,0.002329,0.013951,0.001523,0.002023
MIMIC-IV-CaseStudy,1800000,1800000,Lethe,same_role_still_authorized,0.3,6,0.002458,0.971096,0.969574,0.001399,0.0167,0.003722,0.001189
MIMIC-IV-CaseStudy,1800000,1800000,Lethe,same_role_still_authorized,0.3,7,0.00239,0.972025,0.968488,0.002704,0.024742,0.001987,0.002417
MIMIC-IV-CaseStudy,1800000,1800000,Lethe,same_role_still_authorized,0.3,8,0.000617,0.970664,0.97252,0.002068,0.015732,0.001522,0.003144
MIMIC-IV-CaseStudy,1800000,1800000,Lethe,same_role_still_authorized,0.3,9,0.002265,0.970803,0.968016,0.002076,0.009897,0.003483,0.002991
MIMIC-IV-CaseStudy,1800000,1800000,Lethe,different_role_still_authorized,0.3,0,0.002747,0.970759,0.973551,0.000745,0.017815,0.003285,0.001322
MIMIC-IV-CaseStudy,1800000,1800000,Lethe,different_role_still_authorized,0.3,1,0.001461,0.97005,0.969916,0.001613,0.038073,0.000919,0.003466
MIMIC-IV-CaseStudy,1800000,1800000,Lethe,different_role_still_authorized,0.3,2,0.002999,0.972353,0.97252,0.004612,0.013942,0.002208,0.00265
MIMIC-IV-CaseStudy,1800000,1800000,Lethe,different_role_still_authorized,0.3,3,0.001653,0.968171,0.969842,0.002069,0.02666,0.0,0.003172
MIMIC-IV-CaseStudy,1800000,1800000,Lethe,different_role_still_authorized,0.3,4,0.001841,0.970932,0.968413,0.001397,0.025676,0.001394,0.004457
MIMIC-IV-CaseStudy,1800000,1800000,Lethe,different_role_still_authorized,0.3,5,0.002231,0.969571,0.971174,0.001608,0.015642,0.002484,0.000641
MIMIC-IV-CaseStudy,1800000,1800000,Lethe,different_role_still_authorized,0.3,6,0.003419,0.968191,0.969225,0.001443,0.015813,0.0,0.002722
MIMIC-IV-CaseStudy,1800000,1800000,Lethe,different_role_still_authorized,0.3,7,0.001153,0.971013,0.969209,0.000849,0.012501,0.001913,0.003702
MIMIC-IV-CaseStudy,1800000,1800000,Lethe,different_role_still_authorized,0.3,8,0.002818,0.971097,0.971174,0.002561,0.023717,0.00207,0.002109
MIMIC-IV-CaseStudy,1800000,1800000,Lethe,different_role_still_authorized,0.3,9,0.0012,0.972786,0.969205,0.001327,0.027418,0.001718,0.003064
MIMIC-IV-CaseStudy,1800000,1800000,Lethe,ancestor_descendant_still_authorized,0.3,0,0.003902,0.968139,0.971011,0.003538,0.013406,0.000798,0.002527
MIMIC-IV-CaseStudy,1800000,1800000,Lethe,ancestor_descendant_still_authorized,0.3,1,0.002386,0.96977,0.972836,0.001912,0.014658,0.001155,0.002042
MIMIC-IV-CaseStudy,1800000,1800000,Lethe,ancestor_descendant_still_authorized,0.3,2,0.003232,0.971637,0.97244,0.001608,0.022509,0.002145,0.001404
MIMIC-IV-CaseStudy,1800000,1800000,Lethe,ancestor_descendant_still_authorized,0.3,3,0.000795,0.973461,0.969947,0.0,0.012808,0.002427,0.002712
MIMIC-IV-CaseStudy,1800000,1800000,Lethe,ancestor_descendant_still_authorized,0.3,4,0.002063,0.971921,0.970699,0.002414,0.00602,0.002063,0.001495
MIMIC-IV-CaseStudy,1800000,1800000,Lethe,ancestor_descendant_still_authorized,0.3,5,0.003031,0.971667,0.973233,0.001982,0.022236,0.001073,0.00286
MIMIC-IV-CaseStudy,1800000,1800000,Lethe,ancestor_descendant_still_authorized,0.3,6,0.001557,0.97163,0.971285,0.00266,0.021648,0.001889,0.00176
MIMIC-IV-CaseStudy,1800000,1800000,Lethe,ancestor_descendant_still_authorized,0.3,7,0.002388,0.969298,0.972481,0.001655,0.014831,0.001543,0.002427
MIMIC-IV-CaseStudy,1800000,1800000,Lethe,ancestor_descendant_still_authorized,0.3,8,0.003413,0.969316,0.972385,0.004109,0.010836,0.002534,0.001936
MIMIC-IV-CaseStudy,1800000,1800000,Lethe,ancestor_descendant_still_authorized,0.3,9,0.003714,0.970265,0.973191,0.004097,0.013051,0.001814,0.002716
MIMIC-IV-CaseStudy,1800000,1800000,Lethe,revoked_user,0.4,0,0.01477,0.971501,0.971503,0.011954,0.008437,0.001362,0.002307
MIMIC-IV-CaseStudy,1800000,1800000,Lethe,revoked_user,0.4,1,0.008513,0.971882,0.971235,0.007267,0.008576,0.001032,0.003643
MIMIC-IV-CaseStudy,1800000,1800000,Lethe,revoked_user,0.4,2,0.01385,0.972516,0.971375,0.010495,0.020979,0.002369,0.001108
MIMIC-IV-CaseStudy,1800000,1800000,Lethe,revoked_user,0.4,3,0.010105,0.970585,0.969236,0.00829,0.024471,0.00245,0.001919
MIMIC-IV-CaseStudy,1800000,1800000,Lethe,revoked_user,0.4,4,0.009868,0.973976,0.972443,0.008883,0.012531,0.003901,0.00076
MIMIC-IV-CaseStudy,1800000,1800000,Lethe,revoked_user,0.4,5,0.014526,0.969361,0.972839,0.011421,0.009999,0.002256,0.003285
MIMIC-IV-CaseStudy,1800000,1800000,Lethe,revoked_user,0.4,6,0.011718,0.968412,0.97039,0.007898,0.012556,0.003172,0.003457
MIMIC-IV-CaseStudy,1800000,1800000,Lethe,revoked_user,0.4,7,0.012485,0.970567,0.973634,0.0095,0.007508,0.003981,0.002282
MIMIC-IV-CaseStudy,1800000,1800000,Lethe,revoked_user,0.4,8,0.013474,0.970402,0.971823,0.012661,0.027751,0.002505,0.002472
MIMIC-IV-CaseStudy,1800000,1800000,Lethe,revoked_user,0.4,9,0.014505,0.973033,0.969466,0.012371,0.015632,0.002597,0.000427
MIMIC-IV-CaseStudy,1800000,1800000,Lethe,same_role_still_authorized,0.4,0,0.002796,0.972807,0.973402,0.002442,0.008722,0.00153,0.000656
MIMIC-IV-CaseStudy,1800000,1800000,Lethe,same_role_still_authorized,0.4,1,0.003648,0.972061,0.971498,0.002536,0.012611,0.002329,0.003934
MIMIC-IV-CaseStudy,1800000,1800000,Lethe,same_role_still_authorized,0.4,2,0.004002,0.970459,0.969899,0.004347,0.0125,0.003982,0.001458
MIMIC-IV-CaseStudy,1800000,1800000,Lethe,same_role_still_authorized,0.4,3,0.000911,0.970326,0.968165,0.001383,0.004358,0.001194,0.000655
MIMIC-IV-CaseStudy,1800000,1800000,Lethe,same_role_still_authorized,0.4,4,0.001652,0.971755,0.970179,0.002133,0.021402,0.002747,0.002996
MIMIC-IV-CaseStudy,1800000,1800000,Lethe,same_role_still_authorized,0.4,5,0.003526,0.970191,0.971339,0.000575,0.017282,0.001186,0.001119
MIMIC-IV-CaseStudy,1800000,1800000,Lethe,same_role_still_authorized,0.4,6,0.003988,0.972671,0.97218,0.003675,0.023167,0.00352,0.002718
MIMIC-IV-CaseStudy,1800000,1800000,Lethe,same_role_still_authorized,0.4,7,0.003339,0.973508,0.970273,0.000783,0.008382,0.002116,0.003394
MIMIC-IV-CaseStudy,1800000,1800000,Lethe,same_role_still_authorized,0.4,8,0.001743,0.968649,0.970861,0.000443,0.010633,0.00279,0.000867
MIMIC-IV-CaseStudy,1800000,1800000,Lethe,same_role_still_authorized,0.4,9,0.003493,0.971212,0.970729,0.003036,0.012345,0.002156,0.001245
MIMIC-IV-CaseStudy,1800000,1800000,Lethe,different_role_still_authorized,0.4,0,0.002257,0.970054,0.973453,0.003038,0.013917,0.001194,0.002452
MIMIC-IV-CaseStudy,1800000,1800000,Lethe,different_role_still_authorized,0.4,1,0.002822,0.97292,0.971102,0.00126,0.005032,0.001858,0.002788
MIMIC-IV-CaseStudy,1800000,1800000,Lethe,different_role_still_authorized,0.4,2,0.002551,0.971532,0.972935,0.002501,0.0258,0.003537,0.002731
MIMIC-IV-CaseStudy,1800000,1800000,Lethe,different_role_still_authorized,0.4,3,0.002884,0.970908,0.96854,0.002889,0.012339,0.002547,0.000809
MIMIC-IV-CaseStudy,1800000,1800000,Lethe,different_role_still_authorized,0.4,4,0.002049,0.971389,0.969916,0.003819,0.000284,0.002092,0.003205
MIMIC-IV-CaseStudy,1800000,1800000,Lethe,different_role_still_authorized,0.4,5,0.004362,0.972516,0.971574,0.003115,0.00958,0.001194,0.003556
MIMIC-IV-CaseStudy,1800000,1800000,Lethe,different_role_still_authorized,0.4,6,0.00216,0.972669,0.969312,0.000448,0.028855,0.001886,0.001294
MIMIC-IV-CaseStudy,1800000,1800000,Lethe,different_role_still_authorized,0.4,7,0.003483,0.97117,0.971205,0.002718,0.016397,0.000922,0.001945
MIMIC-IV-CaseStudy,1800000,1800000,Lethe,different_role_still_authorized,0.4,8,0.003616,0.969997,0.97215,0.001926,0.020021,0.001448,0.0
MIMIC-IV-CaseStudy,1800000,1800000,Lethe,different_role_still_authorized,0.4,9,0.003144,0.971278,0.970497,0.004151,0.016991,0.001051,0.002297
MIMIC-IV-CaseStudy,1800000,1800000,Lethe,ancestor_descendant_still_authorized,0.4,0,0.002596,0.970861,0.971098,0.003794,0.008871,0.003402,0.002995
MIMIC-IV-CaseStudy,1800000,1800000,Lethe,ancestor_descendant_still_authorized,0.4,1,0.002235,0.972244,0.973005,0.001131,0.01415,0.001715,0.0
MIMIC-IV-CaseStudy,1800000,1800000,Lethe,ancestor_descendant_still_authorized,0.4,2,0.003829,0.970272,0.970955,0.003324,0.018607,0.00097,0.002815
MIMIC-IV-CaseStudy,1800000,1800000,Lethe,ancestor_descendant_still_authorized,0.4,3,0.002834,0.972102,0.973299,0.002895,0.016341,0.002165,0.002491
MIMIC-IV-CaseStudy,1800000,1800000,Lethe,ancestor_descendant_still_authorized,0.4,4,0.00442,0.970586,0.972106,0.002541,0.010721,0.003735,0.003579
MIMIC-IV-CaseStudy,1800000,1800000,Lethe,ancestor_descendant_still_authorized,0.4,5,0.002758,0.96921,0.968503,0.000799,0.020186,0.000703,0.000546
MIMIC-IV-CaseStudy,1800000,1800000,Lethe,ancestor_descendant_still_authorized,0.4,6,0.002514,0.968188,0.971603,0.002659,0.016846,0.003101,0.001752
MIMIC-IV-CaseStudy,1800000,1800000,Lethe,ancestor_descendant_still_authorized,0.4,7,0.001775,0.972197,0.969498,0.002774,0.019221,0.003074,0.001098
MIMIC-IV-CaseStudy,1800000,1800000,Lethe,ancestor_descendant_still_authorized,0.4,8,0.0031,0.970079,0.974679,0.003241,0.01935,0.002377,0.002016
MIMIC-IV-CaseStudy,1800000,1800000,Lethe,ancestor_descendant_still_authorized,0.4,9,0.003158,0.971377,0.968766,0.003457,0.025487,0.002497,0.002239
MIMIC-IV-CaseStudy,1800000,1800000,Lethe,revoked_user,0.5,0,0.013495,0.971607,0.973917,0.010396,0.015795,0.00236,0.001608
MIMIC-IV-CaseStudy,1800000,1800000,Lethe,revoked_user,0.5,1,0.01244,0.970768,0.969879,0.010811,0.019215,0.003553,0.0
MIMIC-IV-CaseStudy,1800000,1800000,Lethe,revoked_user,0.5,2,0.015033,0.968387,0.972371,0.012566,0.01694,0.002923,0.00313
MIMIC-IV-CaseStudy,1800000,1800000,Lethe,revoked_user,0.5,3,0.012475,0.970981,0.970689,0.009168,0.012217,0.002229,0.002438
MIMIC-IV-CaseStudy,1800000,1800000,Lethe,revoked_user,0.5,4,0.012686,0.969277,0.970831,0.010222,0.018605,0.004173,0.002081
MIMIC-IV-CaseStudy,1800000,1800000,Lethe,revoked_user,0.5,5,0.014828,0.968542,0.972269,0.012219,0.01246,0.002217,0.002828
MIMIC-IV-CaseStudy,1800000,1800000,Lethe,revoked_user,0.5,6,0.015232,0.97274,0.974029,0.011811,0.018126,0.001845,0.002156
MIMIC-IV-CaseStudy,1800000,1800000,Lethe,revoked_user,0.5,7,0.019126,0.972101,0.971564,0.014587,0.011853,0.003575,0.000745
MIMIC-IV-CaseStudy,1800000,1800000,Lethe,revoked_user,0.5,8,0.013706,0.971676,0.971773,0.012938,0.016158,0.003035,0.002443
MIMIC-IV-CaseStudy,1800000,1800000,Lethe,revoked_user,0.5,9,0.012677,0.971359,0.96866,0.010326,0.001783,0.003201,0.003931
MIMIC-IV-CaseStudy,1800000,1800000,Lethe,same_role_still_authorized,0.5,0,0.00369,0.97001,0.970877,0.003898,0.018045,0.003405,0.002383
MIMIC-IV-CaseStudy,1800000,1800000,Lethe,same_role_still_authorized,0.5,1,0.002389,0.969991,0.970775,0.000991,0.020343,0.002156,0.001116
MIMIC-IV-CaseStudy,1800000,1800000,Lethe,same_role_still_authorized,0.5,2,0.002706,0.971949,0.97093,0.001869,0.015384,0.001507,0.004315
MIMIC-IV-CaseStudy,1800000,1800000,Lethe,same_role_still_authorized,0.5,3,0.001702,0.970662,0.969649,0.000781,0.022493,0.001607,0.003459
MIMIC-IV-CaseStudy,1800000,1800000,Lethe,same_role_still_authorized,0.5,4,0.002235,0.971666,0.972513,0.001518,0.006731,0.002283,0.001001
MIMIC-IV-CaseStudy,1800000,1800000,Lethe,same_role_still_authorized,0.5,5,0.0013,0.970587,0.971422,0.000892,0.017064,0.001816,0.002787
MIMIC-IV-CaseStudy,1800000,1800000,Lethe,same_role_still_authorized,0.5,6,0.002431,0.970443,0.971782,0.003229,0.024929,0.004116,0.001422
MIMIC-IV-CaseStudy,1800000,1800000,Lethe,same_role_still_authorized,0.5,7,0.003904,0.969596,0.971789,0.003793,0.009451,0.001602,0.002144
MIMIC-IV-CaseStudy,1800000,1800000,Lethe,same_role_still_authorized,0.5,8,0.003028,0.97123,0.971558,0.002044,0.016238,0.002045,0.000344
MIMIC-IV-CaseStudy,1800000,1800000,Lethe,same_role_still_authorized,0.5,9,0.00315,0.974046,0.968052,0.003055,0.01407,0.001314,0.001146
MIMIC-IV-CaseStudy,1800000,1800000,Lethe,different_role_still_authorized,0.5,0,0.003688,0.971869,0.970873,0.002808,0.022433,0.001199,0.001098
MIMIC-IV-CaseStudy,1800000,1800000,Lethe,different_role_still_authorized,0.5,1,0.00076,0.973193,0.971188,0.001324,0.021491,0.002507,0.003086
MIMIC-IV-CaseStudy,1800000,1800000,Lethe,different_role_still_authorized,0.5,2,0.003392,0.972087,0.969984,0.004224,0.025193,0.001946,0.003436
MIMIC-IV-CaseStudy,1800000,1800000,Lethe,different_role_still_authorized,0.5,3,0.002981,0.969885,0.968124,0.002736,0.017936,0.001133,0.002738
MIMIC-IV-CaseStudy,1800000,1800000,Lethe,different_role_still_authorized,0.5,4,0.001954,0.970986,0.97025,0.002252,0.017191,0.001301,0.002894
MIMIC-IV-CaseStudy,1800000,1800000,Lethe,different_role_still_authorized,0.5,5,0.005043,0.971847,0.972077,0.0031,0.01849,0.002117,0.00237
MIMIC-IV-CaseStudy,1800000,1800000,Lethe,different_role_still_authorized,0.5,6,0.002397,0.96783,0.969378,0.001524,0.014796,0.000707,0.002843
MIMIC-IV-CaseStudy,1800000,1800000,Lethe,different_role_still_authorized,0.5,7,0.003459,0.973866,0.972285,0.002818,0.015157,0.002949,0.000934
MIMIC-IV-CaseStudy,1800000,1800000,Lethe,different_role_still_authorized,0.5,8,0.00297,0.974457,0.970274,0.001778,0.005139,0.001952,0.003372
MIMIC-IV-CaseStudy,1800000,1800000,Lethe,different_role_still_authorized,0.5,9,0.004034,0.971206,0.970999,0.002562,0.012851,0.00201,0.002436
MIMIC-IV-CaseStudy,1800000,1800000,Lethe,ancestor_descendant_still_authorized,0.5,0,0.002451,0.967856,0.969336,0.001578,0.018606,0.002456,0.00244
MIMIC-IV-CaseStudy,1800000,1800000,Lethe,ancestor_descendant_still_authorized,0.5,1,0.002802,0.970497,0.973113,0.003088,0.024022,0.00264,0.002357
MIMIC-IV-CaseStudy,1800000,1800000,Lethe,ancestor_descendant_still_authorized,0.5,2,0.004298,0.97075,0.972495,0.002653,0.017865,0.00077,0.0019
MIMIC-IV-CaseStudy,1800000,1800000,Lethe,ancestor_descendant_still_authorized,0.5,3,0.003266,0.972841,0.971098,0.004504,0.024715,0.002946,0.002605
MIMIC-IV-CaseStudy,1800000,1800000,Lethe,ancestor_descendant_still_authorized,0.5,4,0.003327,0.970431,0.967115,0.002095,0.023576,0.002419,0.0
MIMIC-IV-CaseStudy,1800000,1800000,Lethe,ancestor_descendant_still_authorized,0.5,5,0.003771,0.971782,0.971197,0.002709,0.015573,0.002328,0.00297
MIMIC-IV-CaseStudy,1800000,1800000,Lethe,ancestor_descendant_still_authorized,0.5,6,0.003738,0.969852,0.97265,0.003833,0.009618,0.001858,0.00096
MIMIC-IV-CaseStudy,1800000,1800000,Lethe,ancestor_descendant_still_authorized,0.5,7,0.004511,0.970027,0.970593,0.004304,0.011741,0.000428,0.001389
MIMIC-IV-CaseStudy,1800000,1800000,Lethe,ancestor_descendant_still_authorized,0.5,8,0.002342,0.970093,0.969761,0.002084,0.014294,0.00234,0.002654
MIMIC-IV-CaseStudy,1800000,1800000,Lethe,ancestor_descendant_still_authorized,0.5,9,0.001709,0.971839,0.973884,0.000902,0.015373,0.001856,0.000333
MIMIC-IV-CaseStudy,1800000,1800000,Lethe,revoked_user,0.1,0,0.006662,0.967831,0.972191,0.006546,0.021924,0.000521,0.001114
MIMIC-IV-CaseStudy,1800000,1800000,Lethe,revoked_user,0.1,1,0.008426,0.97157,0.97166,0.007366,0.01889,0.002375,0.002421
MIMIC-IV-CaseStudy,1800000,1800000,Lethe,revoked_user,0.1,2,0.010863,0.971356,0.97122,0.008645,0.01629,0.00309,0.00181
MIMIC-IV-CaseStudy,1800000,1800000,Lethe,revoked_user,0.1,3,0.005493,0.97284,0.971213,0.003987,0.015042,0.001288,7.2e-05
MIMIC-IV-CaseStudy,1800000,1800000,Lethe,revoked_user,0.1,4,0.006603,0.972973,0.972768,0.006284,0.017147,0.002287,0.002132
MIMIC-IV-CaseStudy,1800000,1800000,Lethe,revoked_user,0.1,5,0.005962,0.973383,0.968626,0.004011,0.010573,0.001573,0.002585
MIMIC-IV-CaseStudy,1800000,1800000,Lethe,revoked_user,0.1,6,0.013609,0.970404,0.971276,0.010884,0.017465,0.001864,0.002255
MIMIC-IV-CaseStudy,1800000,1800000,Lethe,revoked_user,0.1,7,0.007622,0.971627,0.972844,0.007157,0.019399,0.001732,0.002698
MIMIC-IV-CaseStudy,1800000,1800000,Lethe,revoked_user,0.1,8,0.007048,0.970489,0.970246,0.005582,0.016392,0.001945,0.002247
MIMIC-IV-CaseStudy,1800000,1800000,Lethe,revoked_user,0.1,9,0.008532,0.969849,0.971534,0.005276,0.016005,0.000127,0.002107
MIMIC-IV-CaseStudy,1800000,1800000,Lethe,same_role_still_authorized,0.1,0,0.001867,0.969367,0.970155,0.002611,0.010449,0.001032,0.004123
MIMIC-IV-CaseStudy,1800000,1800000,Lethe,same_role_still_authorized,0.1,1,0.002563,0.969778,0.967779,0.001707,0.011125,0.00184,0.00317
MIMIC-IV-CaseStudy,1800000,1800000,Lethe,same_role_still_authorized,0.1,2,0.002025,0.971779,0.967845,0.001006,0.015612,0.003759,0.001683
MIMIC-IV-CaseStudy,1800000,1800000,Lethe,same_role_still_authorized,0.1,3,0.001137,0.969011,0.969459,0.00192,0.020227,0.001786,0.003151
MIMIC-IV-CaseStudy,1800000,1800000,Lethe,same_role_still_authorized,0.1,4,0.001732,0.97167,0.968845,0.001813,0.017372,0.001999,0.003153
MIMIC-IV-CaseStudy,1800000,1800000,Lethe,same_role_still_authorized,0.1,5,0.001682,0.972948,0.970753,0.002306,0.015444,0.002046,0.000743
MIMIC-IV-CaseStudy,1800000,1800000,Lethe,same_role_still_authorized,0.1,6,0.003574,0.967876,0.969683,0.004272,0.01136,0.000867,0.00318
MIMIC-IV-CaseStudy,1800000,1800000,Lethe,same_role_still_authorized,0.1,7,0.001586,0.972699,0.973124,0.000757,0.016376,0.00322,0.00075
MIMIC-IV-CaseStudy,1800000,1800000,Lethe,same_role_still_authorized,0.1,8,0.002488,0.972374,0.972625,0.000304,0.018309,0.00134,0.004114
MIMIC-IV-CaseStudy,1800000,1800000,Lethe,same_role_still_authorized,0.1,9,0.000962,0.969622,0.969736,0.0,0.016302,0.003347,0.0
MIMIC-IV-CaseStudy,1800000,1800000,Lethe,different_role_still_authorized,0.1,0,0.004234,0.97314,0.970079,0.00379,0.017127,0.001672,0.002063
MIMIC-IV-CaseStudy,1800000,1800000,Lethe,different_role_still_authorized,0.1,1,0.0,0.971218,0.969118,0.0,0.017833,0.002302,0.00246
MIMIC-IV-CaseStudy,1800000,1800000,Lethe,different_role_still_authorized,0.1,2,0.001456,0.968352,0.972071,0.001225,0.0,0.000977,0.002826
MIMIC-IV-CaseStudy,1800000,1800000,Lethe,different_role_still_authorized,0.1,3,0.001513,0.970574,0.971797,0.001635,0.018849,0.002088,0.00311
MIMIC-IV-CaseStudy,1800000,1800000,Lethe,different_role_still_authorized,0.1,4,0.001792,0.971659,0.968742,0.003435,0.024247,0.002753,0.001116
MIMIC-IV-CaseStudy,1800000,1800000,Lethe,different_role_still_authorized,0.1,5,0.000475,0.972425,0.973288,0.00052,0.006115,4.9e-05,0.001767
MIMIC-IV-CaseStudy,1800000,1800000,Lethe,different_role_still_authorized,0.1,6,0.000945,0.973103,0.970356,0.001255,0.015087,0.001927,0.002067
MIMIC-IV-CaseStudy,1800000,1800000,Lethe,different_role_still_authorized,0.1,7,0.001317,0.973001,0.971515,0.002815,0.01187,0.001582,0.001465
MIMIC-IV-CaseStudy,1800000,1800000,Lethe,different_role_still_authorized,0.1,8,0.000489,0.970264,0.968042,0.000825,0.013078,0.001301,0.00086
MIMIC-IV-CaseStudy,1800000,1800000,Lethe,different_role_still_authorized,0.1,9,0.001982,0.970919,0.972777,0.001406,0.012429,0.001948,0.000249
MIMIC-IV-CaseStudy,1800000,1800000,Lethe,ancestor_descendant_still_authorized,0.1,0,0.000939,0.968665,0.972101,0.000336,0.013579,0.002235,0.00219
MIMIC-IV-CaseStudy,1800000,1800000,Lethe,ancestor_descendant_still_authorized,0.1,1,0.001717,0.971994,0.97211,0.000797,0.016316,0.001364,0.002283
MIMIC-IV-CaseStudy,1800000,1800000,Lethe,ancestor_descendant_still_authorized,0.1,2,0.002559,0.969785,0.972228,0.002596,0.017387,0.002782,0.001148
MIMIC-IV-CaseStudy,1800000,1800000,Lethe,ancestor_descendant_still_authorized,0.1,3,0.001674,0.97152,0.969621,0.001381,0.028088,0.001192,0.002108
MIMIC-IV-CaseStudy,1800000,1800000,Lethe,ancestor_descendant_still_authorized,0.1,4,0.001637,0.96795,0.970699,0.000179,0.026207,0.002283,0.003673
MIMIC-IV-CaseStudy,1800000,1800000,Lethe,ancestor_descendant_still_authorized,0.1,5,0.001927,0.972415,0.97193,0.000748,0.020346,0.003268,0.001155
MIMIC-IV-CaseStudy,1800000,1800000,Lethe,ancestor_descendant_still_authorized,0.1,6,0.003471,0.969814,0.970565,0.003828,0.016223,0.00118,0.001278
MIMIC-IV-CaseStudy,1800000,1800000,Lethe,ancestor_descendant_still_authorized,0.1,7,0.00133,0.969632,0.970901,0.002231,0.019063,0.002576,0.00264
MIMIC-IV-CaseStudy,1800000,1800000,Lethe,ancestor_descendant_still_authorized,0.1,8,0.001047,0.971961,0.97163,0.000966,0.007631,0.001164,0.002421
MIMIC-IV-CaseStudy,1800000,1800000,Lethe,ancestor_descendant_still_authorized,0.1,9,0.000932,0.970859,0.972557,0.0,0.011219,0.00172,0.001677
MIMIC-IV-CaseStudy,1800000,1800000,Lethe,revoked_user,0.2,0,0.007128,0.970308,0.970181,0.003056,0.012626,0.000633,0.001929
MIMIC-IV-CaseStudy,1800000,1800000,Lethe,revoked_user,0.2,1,0.011694,0.969949,0.970388,0.010704,0.017101,0.001285,0.001417
MIMIC-IV-CaseStudy,1800000,1800000,Lethe,revoked_user,0.2,2,0.009234,0.970388,0.971735,0.008025,0.030361,0.003129,0.000124
MIMIC-IV-CaseStudy,1800000,1800000,Lethe,revoked_user,0.2,3,0.012353,0.970891,0.971001,0.010666,0.003884,0.003473,0.001698
MIMIC-IV-CaseStudy,1800000,1800000,Lethe,revoked_user,0.2,4,0.012473,0.971395,0.969883,0.008593,0.021479,0.001942,0.000889
MIMIC-IV-CaseStudy,1800000,1800000,Lethe,revoked_user,0.2,5,0.007387,0.971538,0.970703,0.006094,0.014804,0.000327,0.002906
MIMIC-IV-CaseStudy,1800000,1800000,Lethe,revoked_user,0.2,6,0.01481,0.971518,0.970349,0.011683,0.008583,0.001217,0.001814
MIMIC-IV-CaseStudy,1800000,1800000,Lethe,revoked_user,0.2,7,0.010485,0.972672,0.971868,0.006914,0.007598,0.001474,0.001911
MIMIC-IV-CaseStudy,1800000,1800000,Lethe,revoked_user,0.2,8,0.012181,0.973319,0.971977,0.009586,0.007745,0.002994,0.003203
MIMIC-IV-CaseStudy,1800000,1800000,Lethe,revoked_user,0.2,9,0.008487,0.971164,0.971998,0.006249,0.019062,0.000858,0.001811
MIMIC-IV-CaseStudy,1800000,1800000,Lethe,same_role_still_authorized,0.2,0,0.001843,0.971412,0.97029,0.0,0.017454,0.003115,0.002075
MIMIC-IV-CaseStudy,1800000,1800000,Lethe,same_role_still_authorized,0.2,1,0.004223,0.971235,0.972064,0.003345,0.016857,0.000973,0.000698
MIMIC-IV-CaseStudy,1800000,1800000,Lethe,same_role_still_authorized,0.2,2,0.001537,0.97277,0.970958,0.001866,0.01209,0.001823,0.002495
MIMIC-IV-CaseStudy,1800000,1800000,Lethe,same_role_still_authorized,0.2,3,0.001938,0.971337,0.971313,0.000722,0.010881,0.002431,0.001343
MIMIC-IV-CaseStudy,1800000,1800000,Lethe,same_role_still_authorized,0.2,4,0.001898,0.971449,0.970911,0.001734,0.01152,0.001795,0.001629
MIMIC-IV-CaseStudy,1800000,1800000,Lethe,same_role_still_authorized,0.2,5,0.002733,0.970271,0.972108,0.003057,0.024636,0.001325,0.000715
MIMIC-IV-CaseStudy,1800000,1800000,Lethe,same_role_still_authorized,0.2,6,0.002742,0.969507,0.973715,0.003292,0.014832,0.000273,0.002298
MIMIC-IV-CaseStudy,1800000,1800000,Lethe,same_role_still_authorized,0.2,7,0.001716,0.969623,0.971935,0.000781,0.024625,0.002231,0.00181
MIMIC-IV-CaseStudy,1800000,1800000,Lethe,same_role_still_authorized,0.2,8,0.002835,0.973987,0.972313,0.000149,0.012132,0.001345,0.002514
MIMIC-IV-CaseStudy,1800000,1800000,Lethe,same_role_still_authorized,0.2,9,0.000542,0.970085,0.971873,0.001821,0.013507,0.002928,0.00258
MIMIC-IV-CaseStudy,1800000,1800000,Lethe,different_role_still_authorized,0.2,0,0.000263,0.971683,0.972656,0.0,0.022879,0.000603,0.002426
MIMIC-IV-CaseStudy,1800000,1800000,Lethe,different_role_still_authorized,0.2,1,0.000517,0.971959,0.970771,0.000466,0.015662,0.001937,0.002461
MIMIC-IV-CaseStudy,1800000,1800000,Lethe,different_role_still_authorized,0.2,2,0.001794,0.970202,0.97198,0.001447,0.019166,0.001137,0.001267
MIMIC-IV-CaseStudy,1800000,1800000,Lethe,different_role_still_authorized,0.2,3,0.002458,0.971491,0.970531,0.003256,0.022189,0.002857,0.000209
MIMIC-IV-CaseStudy,1800000,1800000,Lethe,different_role_still_authorized,0.2,4,0.001479,0.97041,0.971201,0.001337,0.020459,0.000544,0.002552
MIMIC-IV-CaseStudy,1800000,1800000,Lethe,different_role_still_authorized,0.2,5,0.002487,0.967941,0.970396,0.001921,0.014734,0.002253,0.001712
MIMIC-IV-CaseStudy,1800000,1800000,Lethe,different_role_still_authorized,0.2,6,0.002054,0.973725,0.971857,0.002976,0.016087,0.001727,0.004213
MIMIC-IV-CaseStudy,1800000,1800000,Lethe,different_role_still_authorized,0.2,7,0.000664,0.969765,0.969136,0.001415,0.012125,0.0,0.002096
MIMIC-IV-CaseStudy,1800000,1800000,Lethe,different_role_still_authorized,0.2,8,0.002703,0.970674,0.971293,0.002105,0.010562,0.001678,0.001015
MIMIC-IV-CaseStudy,1800000,1800000,Lethe,different_role_still_authorized,0.2,9,0.002215,0.973691,0.968703,0.003293,0.01033,0.002366,0.00155
MIMIC-IV-CaseStudy,1800000,1800000,Lethe,ancestor_descendant_still_authorized,0.2,0,0.002114,0.971889,0.97063,0.00113,0.020062,0.002068,0.001801
MIMIC-IV-CaseStudy,1800000,1800000,Lethe,ancestor_descendant_still_authorized,0.2,1,0.002869,0.972506,0.971734,0.000846,0.01465,0.000537,0.002019
MIMIC-IV-CaseStudy,1800000,1800000,Lethe,ancestor_descendant_still_authorized,0.2,2,0.003182,0.969236,0.969958,0.001558,0.017386,0.002725,0.002309
MIMIC-IV-CaseStudy,1800000,1800000,Lethe,ancestor_descendant_still_authorized,0.2,3,0.003326,0.971419,0.968464,0.001933,0.01328,0.002343,0.000578
MIMIC-IV-CaseStudy,1800000,1800000,Lethe,ancestor_descendant_still_authorized,0.2,4,0.003217,0.972274,0.970908,0.001259,0.024255,0.002479,0.00095
MIMIC-IV-CaseStudy,1800000,1800000,Lethe,ancestor_descendant_still_authorized,0.2,5,0.001155,0.974939,0.971974,0.000489,0.017386,0.00247,0.001685
MIMIC-IV-CaseStudy,1800000,1800000,Lethe,ancestor_descendant_still_authorized,0.2,6,0.003396,0.970749,0.968798,0.001044,0.016391,0.0,0.001538
MIMIC-IV-CaseStudy,1800000,1800000,Lethe,ancestor_descendant_still_authorized,0.2,7,0.002021,0.971945,0.971801,0.000745,0.017102,0.001288,0.003704
MIMIC-IV-CaseStudy,1800000,1800000,Lethe,ancestor_descendant_still_authorized,0.2,8,0.00181,0.969875,0.969291,0.003138,0.020188,0.00131,0.001032
MIMIC-IV-CaseStudy,1800000,1800000,Lethe,ancestor_descendant_still_authorized,0.2,9,0.001668,0.971169,0.968158,0.002008,0.015819,0.000916,0.003442
MIMIC-IV-CaseStudy,1800000,1800000,Lethe,revoked_user,0.3,0,0.013314,0.971356,0.971986,0.011651,0.0136,0.001299,0.001928
MIMIC-IV-CaseStudy,1800000,1800000,Lethe,revoked_user,0.3,1,0.014302,0.971849,0.970952,0.012267,0.011463,0.00138,0.000913
MIMIC-IV-CaseStudy,1800000,1800000,Lethe,revoked_user,0.3,2,0.013073,0.969007,0.970411,0.010675,0.024955,0.002239,0.002108
MIMIC-IV-CaseStudy,1800000,1800000,Lethe,revoked_user,0.3,3,0.00894,0.970634,0.971935,0.007425,0.001527,0.001831,0.000845
MIMIC-IV-CaseStudy,1800000,1800000,Lethe,revoked_user,0.3,4,0.010575,0.974036,0.96991,0.008489,0.004932,0.003147,0.001423
MIMIC-IV-CaseStudy,1800000,1800000,Lethe,revoked_user,0.3,5,0.014109,0.970396,0.970117,0.010635,0.016713,0.003117,0.002528
MIMIC-IV-CaseStudy,1800000,1800000,Lethe,revoked_user,0.3,6,0.009145,0.970025,0.971535,0.008041,0.020869,0.001649,0.000542
MIMIC-IV-CaseStudy,1800000,1800000,Lethe,revoked_user,0.3,7,0.011251,0.970734,0.971677,0.008556,0.020065,0.002944,0.001107
MIMIC-IV-CaseStudy,1800000,1800000,Lethe,revoked_user,0.3,8,0.010264,0.972645,0.970849,0.006975,0.005747,0.001505,0.000893
MIMIC-IV-CaseStudy,1800000,1800000,Lethe,revoked_user,0.3,9,0.011053,0.970563,0.971275,0.008998,0.011529,0.003873,0.001592
MIMIC-IV-CaseStudy,1800000,1800000,Lethe,same_role_still_authorized,0.3,0,0.003553,0.971649,0.971788,0.002086,0.021549,0.002402,0.002851
MIMIC-IV-CaseStudy,1800000,1800000,Lethe,same_role_still_authorized,0.3,1,0.001974,0.971592,0.9702,0.000202,0.017394,0.004376,0.001184
MIMIC-IV-CaseStudy,1800000,1800000,Lethe,same_role_still_authorized,0.3,2,0.001946,0.969602,0.970726,0.002743,0.014934,0.00182,0.001585
MIMIC-IV-CaseStudy,1800000,1800000,Lethe,same_role_still_authorized,0.3,3,0.003258,0.97119,0.969112,0.003899,0.006831,0.001506,0.001847
MIMIC-IV-CaseStudy,1800000,1800000,Lethe,same_role_still_authorized,0.3,4,0.002447,0.972039,0.970387,0.001429,0.016091,0.003259,0.001006
MIMIC-IV-CaseStudy,1800000,1800000,Lethe,same_role_still_authorized,0.3,5,0.003387,0.970085,0.971352,0.001857,0.01907,0.001553,0.000951
MIMIC-IV-CaseStudy,1800000,1800000,Lethe,same_role_still_authorized,0.3,6,0.002679,0.970481,0.97263,0.003491,0.014354,0.002443,0.002347
MIMIC-IV-CaseStudy,1800000,1800000,Lethe,same_role_still_authorized,0.3,7,0.002239,0.972372,0.971345,0.002531,0.011461,0.001498,0.001376
MIMIC-IV-CaseStudy,1800000,1800000,Lethe,same_role_still_authorized,0.3,8,0.003278,0.970088,0.969863,0.002008,0.016032,0.002222,0.00137
MIMIC-IV-CaseStudy,1800000,1800000,Lethe,same_role_still_authorized,0.3,9,0.002242,0.972417,0.971198,0.001561,0.020429,0.0013,0.001498
MIMIC-IV-CaseStudy,1800000,1800000,Lethe,different_role_still_authorized,0.3,0,0.001302,0.973364,0.970168,0.001068,0.023333,0.002528,0.001825
MIMIC-IV-CaseStudy,1800000,1800000,Lethe,different_role_still_authorized,0.3,1,0.00429,0.970896,0.972282,0.002911,0.020208,0.001944,0.003377
MIMIC-IV-CaseStudy,1800000,1800000,Lethe,different_role_still_authorized,0.3,2,0.004183,0.972949,0.968812,0.003428,0.01029,0.00158,0.001792
MIMIC-IV-CaseStudy,1800000,1800000,Lethe,different_role_still_authorized,0.3,3,0.00208,0.971316,0.970333,0.002245,0.01431,0.002108,0.00304
MIMIC-IV-CaseStudy,1800000,1800000,Lethe,different_role_still_authorized,0.3,4,0.000949,0.971663,0.969255,0.000719,0.010617,0.003222,0.002858
MIMIC-IV-CaseStudy,1800000,1800000,Lethe,different_role_still_authorized,0.3,5,0.000908,0.97014,0.969346,0.001197,0.014023,0.001162,0.003367
MIMIC-IV-CaseStudy,1800000,1800000,Lethe,different_role_still_authorized,0.3,6,0.003854,0.970612,0.973525,0.002646,0.017216,0.002267,0.0
MIMIC-IV-CaseStudy,1800000,1800000,Lethe,different_role_still_authorized,0.3,7,0.002405,0.969409,0.971717,0.003192,0.009914,0.001713,0.002811
MIMIC-IV-CaseStudy,1800000,1800000,Lethe,different_role_still_authorized,0.3,8,0.002673,0.969498,0.970753,0.002221,0.010341,0.002276,0.00258
MIMIC-IV-CaseStudy,1800000,1800000,Lethe,different_role_still_authorized,0.3,9,0.001905,0.968241,0.971596,0.002376,0.017507,0.001587,0.003199
MIMIC-IV-CaseStudy,1800000,1800000,Lethe,ancestor_descendant_still_authorized,0.3,0,0.004075,0.972696,0.971132,0.002824,0.017438,1.1e-05,0.000901
MIMIC-IV-CaseStudy,1800000,1800000,Lethe,ancestor_descendant_still_authorized,0.3,1,0.000758,0.971604,0.971116,0.001556,0.008345,0.002251,0.002569
MIMIC-IV-CaseStudy,1800000,1800000,Lethe,ancestor_descendant_still_authorized,0.3,2,0.001142,0.969247,0.973309,0.000951,0.020733,0.001484,0.003337
MIMIC-IV-CaseStudy,1800000,1800000,Lethe,ancestor_descendant_still_authorized,0.3,3,0.001585,0.970668,0.971958,0.000456,0.006083,0.002865,0.002484
MIMIC-IV-CaseStudy,1800000,1800000,Lethe,ancestor_descendant_still_authorized,0.3,4,0.000734,0.971382,0.969414,0.000858,0.022494,0.001852,0.003102
MIMIC-IV-CaseStudy,1800000,1800000,Lethe,ancestor_descendant_still_authorized,0.3,5,0.002818,0.970007,0.971274,0.00338,0.007797,0.00054,0.003744
MIMIC-IV-CaseStudy,1800000,1800000,Lethe,ancestor_descendant_still_authorized,0.3,6,0.004534,0.968893,0.970971,0.003745,0.014028,0.001514,0.001476
MIMIC-IV-CaseStudy,1800000,1800000,Lethe,ancestor_descendant_still_authorized,0.3,7,0.004151,0.97094,0.972235,0.002804,0.021141,0.000968,0.002082
MIMIC-IV-CaseStudy,1800000,1800000,Lethe,ancestor_descendant_still_authorized,0.3,8,0.001486,0.96899,0.971771,0.002261,0.006728,0.003575,0.002568
MIMIC-IV-CaseStudy,1800000,1800000,Lethe,ancestor_descendant_still_authorized,0.3,9,0.001908,0.97257,0.971789,0.001764,0.01871,0.001959,0.000837
MIMIC-IV-CaseStudy,1800000,1800000,Lethe,revoked_user,0.4,0,0.013295,0.970782,0.970745,0.01116,0.014198,0.00208,0.002731
MIMIC-IV-CaseStudy,1800000,1800000,Lethe,revoked_user,0.4,1,0.013272,0.972536,0.971352,0.011556,0.012824,0.002041,0.002714
MIMIC-IV-CaseStudy,1800000,1800000,Lethe,revoked_user,0.4,2,0.015929,0.970731,0.972937,0.013974,0.0127,0.001833,0.002648
MIMIC-IV-CaseStudy,1800000,1800000,Lethe,revoked_user,0.4,3,0.013841,0.971567,0.96796,0.011825,0.022213,0.001092,0.001293
MIMIC-IV-CaseStudy,1800000,1800000,Lethe,revoked_user,0.4,4,0.0087,0.972471,0.967891,0.00823,0.016938,0.003537,0.000756
MIMIC-IV-CaseStudy,1800000,1800000,Lethe,revoked_user,0.4,5,0.01357,0.970764,0.969398,0.010319,0.013864,0.001567,0.002045
MIMIC-IV-CaseStudy,1800000,1800000,Lethe,revoked_user,0.4,6,0.01103,0.971838,0.970914,0.009603,0.0,0.002551,0.000954
MIMIC-IV-CaseStudy,1800000,1800000,Lethe,revoked_user,0.4,7,0.010572,0.970302,0.97113,0.008392,0.02673,0.004106,0.002776
MIMIC-IV-CaseStudy,1800000,1800000,Lethe,revoked_user,0.4,8,0.01287,0.972001,0.970516,0.010514,0.016595,0.003259,0.001202
MIMIC-IV-CaseStudy,1800000,1800000,Lethe,revoked_user,0.4,9,0.013624,0.970819,0.971887,0.012375,0.015473,0.001491,0.001441
MIMIC-IV-CaseStudy,1800000,1800000,Lethe,same_role_still_authorized,0.4,0,0.001333,0.970129,0.970463,0.002147,0.017375,0.002967,0.000635
MIMIC-IV-CaseStudy,1800000,1800000,Lethe,same_role_still_authorized,0.4,1,0.004515,0.972679,0.96855,0.003767,0.020448,0.001117,0.002464
MIMIC-IV-CaseStudy,1800000,1800000,Lethe,same_role_still_authorized,0.4,2,0.00186,0.972135,0.970713,0.001171,0.015392,0.002282,0.001162
MIMIC-IV-CaseStudy,1800000,1800000,Lethe,same_role_still_authorized,0.4,3,0.003688,0.970533,0.972048,0.003605,0.022926,0.002183,0.002203
MIMIC-IV-CaseStudy,1800000,1800000,Lethe,same_role_still_authorized,0.4,4,0.003506,0.970324,0.9726,0.002374,0.012078,0.002473,0.000791
MIMIC-IV-CaseStudy,1800000,1800000,Lethe,same_role_still_authorized,0.4,5,0.002272,0.972394,0.970107,0.001106,0.018437,0.000728,0.000865
MIMIC-IV-CaseStudy,1800000,1800000,Lethe,same_role_still_authorized,0.4,6,0.003224,0.968947,0.970322,0.00294,0.009758,0.002923,0.003064
MIMIC-IV-CaseStudy,1800000,1800000,Lethe,same_role_still_authorized,0.4,7,0.003247,0.97015,0.970816,0.004112,0.016189,0.000761,0.000277
MIMIC-IV-CaseStudy,1800000,1800000,Lethe,same_role_still_authorized,0.4,8,0.001996,0.971832,0.97194,0.000162,0.018624,0.003221,0.003172
MIMIC-IV-CaseStudy,1800000,1800000,Lethe,same_role_still_authorized,0.4,9,0.001847,0.972026,0.970387,0.002667,0.020706,0.000137,0.001377
MIMIC-IV-CaseStudy,1800000,1800000,Lethe,different_role_still_authorized,0.4,0,0.003265,0.972434,0.972357,0.000732,0.011666,0.000551,0.00234
MIMIC-IV-CaseStudy,1800000,1800000,Lethe,different_role_still_authorized,0.4,1,0.002319,0.972344,0.969714,0.001324,0.011483,0.002749,0.001767
MIMIC-IV-CaseStudy,1800000,1800000,Lethe,different_role_still_authorized,0.4,2,0.000993,0.972018,0.968355,0.0,0.012967,0.002497,0.001747
MIMIC-IV-CaseStudy,1800000,1800000,Lethe,different_role_still_authorized,0.4,3,0.002169,0.970672,0.969148,0.001103,0.020732,0.001808,0.001714
MIMIC-IV-CaseStudy,1800000,1800000,Lethe,different_role_still_authorized,0.4,4,0.001969,0.970463,0.971618,0.00174,0.018944,0.004164,0.001412
MIMIC-IV-CaseStudy,1800000,1800000,Lethe,different_role_still_authorized,0.4,5,0.0019,0.968908,0.970221,0.001779,0.025743,0.00187,0.001113
MIMIC-IV-CaseStudy,1800000,1800000,Lethe,different_role_still_authorized,0.4,6,0.003711,0.969223,0.971797,0.002545,0.020279,0.00199,0.001929
MIMIC-IV-CaseStudy,1800000,1800000,Lethe,different_role_still_authorized,0.4,7,0.002421,0.972104,0.97012,0.000985,0.01782,0.00233,0.001011
MIMIC-IV-CaseStudy,1800000,1800000,Lethe,different_role_still_authorized,0.4,8,0.002049,0.970018,0.970956,0.000283,0.019192,0.000614,0.003422
MIMIC-IV-CaseStudy,1800000,1800000,Lethe,different_role_still_authorized,0.4,9,0.002708,0.971527,0.972404,0.003102,0.010878,0.002343,0.000744
MIMIC-IV-CaseStudy,1800000,1800000,Lethe,ancestor_descendant_still_authorized,0.4,0,0.003038,0.969024,0.971536,0.003187,0.020468,0.001577,0.003471
MIMIC-IV-CaseStudy,1800000,1800000,Lethe,ancestor_descendant_still_authorized,0.4,1,0.00098,0.972067,0.969877,0.0,0.02103,0.001191,0.001405
MIMIC-IV-CaseStudy,1800000,1800000,Lethe,ancestor_descendant_still_authorized,0.4,2,0.002379,0.97382,0.970567,0.004333,0.014554,0.003477,0.000215
MIMIC-IV-CaseStudy,1800000,1800000,Lethe,ancestor_descendant_still_authorized,0.4,3,0.002629,0.973149,0.973429,0.001974,0.020175,0.001135,0.003617
MIMIC-IV-CaseStudy,1800000,1800000,Lethe,ancestor_descendant_still_authorized,0.4,4,0.001803,0.974953,0.970702,0.002589,0.011478,0.000537,0.002351
MIMIC-IV-CaseStudy,1800000,1800000,Lethe,ancestor_descendant_still_authorized,0.4,5,0.003968,0.973176,0.970037,0.002465,0.022426,0.000548,0.00178
MIMIC-IV-CaseStudy,1800000,1800000,Lethe,ancestor_descendant_still_authorized,0.4,6,0.002949,0.968927,0.966979,0.001193,0.014937,0.001774,0.002856
MIMIC-IV-CaseStudy,1800000,1800000,Lethe,ancestor_descendant_still_authorized,0.4,7,0.003918,0.973167,0.970607,0.003095,0.017301,0.00255,0.002633
MIMIC-IV-CaseStudy,1800000,1800000,Lethe,ancestor_descendant_still_authorized,0.4,8,0.002161,0.970267,0.971386,0.000904,0.013355,0.0,0.002409
MIMIC-IV-CaseStudy,1800000,1800000,Lethe,ancestor_descendant_still_authorized,0.4,9,0.002703,0.972787,0.970139,0.002933,0.01089,0.001814,0.001863
MIMIC-IV-CaseStudy,1800000,1800000,Lethe,revoked_user,0.5,0,0.012615,0.971719,0.969843,0.011311,0.018504,0.001536,0.002403
MIMIC-IV-CaseStudy,1800000,1800000,Lethe,revoked_user,0.5,1,0.018268,0.970374,0.969235,0.0157,0.004595,0.002214,0.002569
MIMIC-IV-CaseStudy,1800000,1800000,Lethe,revoked_user,0.5,2,0.015449,0.971783,0.970699,0.013086,0.025785,0.001876,0.001289
MIMIC-IV-CaseStudy,1800000,1800000,Lethe,revoked_user,0.5,3,0.012189,0.968635,0.970486,0.009769,0.028501,0.00193,0.002786
MIMIC-IV-CaseStudy,1800000,1800000,Lethe,revoked_user,0.5,4,0.013648,0.972257,0.970203,0.010334,0.020467,0.003528,0.003431
MIMIC-IV-CaseStudy,1800000,1800000,Lethe,revoked_user,0.5,5,0.014565,0.969589,0.971,0.012206,0.017247,0.001823,0.002681
MIMIC-IV-CaseStudy,1800000,1800000,Lethe,revoked_user,0.5,6,0.013932,0.970818,0.971968,0.010562,0.013122,0.001522,0.002472
MIMIC-IV-CaseStudy,1800000,1800000,Lethe,revoked_user,0.5,7,0.011109,0.970635,0.973139,0.007192,0.016209,0.003784,0.002376
MIMIC-IV-CaseStudy,1800000,1800000,Lethe,revoked_user,0.5,8,0.017944,0.971085,0.973157,0.014588,0.007023,0.002933,0.00086
MIMIC-IV-CaseStudy,1800000,1800000,Lethe,revoked_user,0.5,9,0.015814,0.971555,0.970434,0.013292,0.015606,0.00088,0.002549
MIMIC-IV-CaseStudy,1800000,1800000,Lethe,same_role_still_authorized,0.5,0,0.004566,0.974794,0.972996,0.001639,0.015779,0.002929,0.002006
MIMIC-IV-CaseStudy,1800000,1800000,Lethe,same_role_still_authorized,0.5,1,0.003397,0.971772,0.973231,0.003437,0.020451,0.003809,0.000792
MIMIC-IV-CaseStudy,1800000,1800000,Lethe,same_role_still_authorized,0.5,2,0.005549,0.968995,0.969829,0.005727,0.014443,0.002416,0.002608
MIMIC-IV-CaseStudy,1800000,1800000,Lethe,same_role_still_authorized,0.5,3,0.001168,0.971438,0.970037,0.000219,0.027587,0.003566,0.001369
MIMIC-IV-CaseStudy,1800000,1800000,Lethe,same_role_still_authorized,0.5,4,0.003455,0.968441,0.972636,0.001271,0.018348,0.001656,0.001532
MIMIC-IV-CaseStudy,1800000,1800000,Lethe,same_role_still_authorized,0.5,5,0.004393,0.973653,0.972527,0.002221,0.012027,0.000347,0.000461
MIMIC-IV-CaseStudy,1800000,1800000,Lethe,same_role_still_authorized,0.5,6,0.004016,0.970438,0.973157,0.003579,0.007104,0.002847,0.000926
MIMIC-IV-CaseStudy,1800000,1800000,Lethe,same_role_still_authorized,0.5,7,0.002344,0.970125,0.97048,0.001207,0.006823,0.002997,0.002536
MIMIC-IV-CaseStudy,1800000,1800000,Lethe,same_role_still_authorized,0.5,8,0.001796,0.9733,0.972791,0.001419,0.010515,0.00326,0.001824
MIMIC-IV-CaseStudy,1800000,1800000,Lethe,same_role_still_authorized,0.5,9,0.002575,0.972128,0.97263,0.00168,0.024921,0.002551,0.00018
MIMIC-IV-CaseStudy,1800000,1800000,Lethe,different_role_still_authorized,0.5,0,0.005302,0.970135,0.971728,0.003425,0.026863,0.002108,0.001332
MIMIC-IV-CaseStudy,1800000,1800000,Lethe,different_role_still_authorized,0.5,1,0.002394,0.97034,0.971014,0.003152,0.010015,0.002085,0.002918
MIMIC-IV-CaseStudy,1800000,1800000,Lethe,different_role_still_authorized,0.5,2,0.003125,0.972019,0.972006,0.000797,0.030808,0.00321,0.002475
MIMIC-IV-CaseStudy,1800000,1800000,Lethe,different_role_still_authorized,0.5,3,0.00273,0.973017,0.969691,0.002417,0.014358,0.003065,0.000901
MIMIC-IV-CaseStudy,1800000,1800000,Lethe,different_role_still_authorized,0.5,4,0.001206,0.969522,0.96996,0.00194,0.022102,0.003748,0.003668
MIMIC-IV-CaseStudy,1800000,1800000,Lethe,different_role_still_authorized,0.5,5,0.004734,0.971062,0.970002,0.001748,0.016474,0.00253,0.003209
MIMIC-IV-CaseStudy,1800000,1800000,Lethe,different_role_still_authorized,0.5,6,0.002897,0.974856,0.972442,0.001081,0.015571,0.001922,0.001573
MIMIC-IV-CaseStudy,1800000,1800000,Lethe,different_role_still_authorized,0.5,7,0.003826,0.970079,0.968868,0.002235,0.024013,0.000929,0.00477
MIMIC-IV-CaseStudy,1800000,1800000,Lethe,different_role_still_authorized,0.5,8,0.001749,0.971272,0.968792,0.000912,0.006866,0.001142,0.002329
MIMIC-IV-CaseStudy,1800000,1800000,Lethe,different_role_still_authorized,0.5,9,0.002043,0.969166,0.972684,0.002127,0.007512,0.0,0.001172
MIMIC-IV-CaseStudy,1800000,1800000,Lethe,ancestor_descendant_still_authorized,0.5,0,0.002213,0.970987,0.972525,0.001272,0.010747,0.001417,0.002255
MIMIC-IV-CaseStudy,1800000,1800000,Lethe,ancestor_descendant_still_authorized,0.5,1,0.003723,0.970357,0.972097,0.002218,0.009636,0.003749,0.001613
MIMIC-IV-CaseStudy,1800000,1800000,Lethe,ancestor_descendant_still_authorized,0.5,2,0.003398,0.972355,0.969309,0.000505,0.019367,0.001357,0.003523
MIMIC-IV-CaseStudy,1800000,1800000,Lethe,ancestor_descendant_still_authorized,0.5,3,0.00253,0.970555,0.971759,0.002461,0.015437,0.002275,0.001781
MIMIC-IV-CaseStudy,1800000,1800000,Lethe,ancestor_descendant_still_authorized,0.5,4,0.003654,0.971498,0.970278,0.002452,0.016792,0.001478,0.001478
MIMIC-IV-CaseStudy,1800000,1800000,Lethe,ancestor_descendant_still_authorized,0.5,5,0.004346,0.97123,0.973385,0.003013,0.007021,0.000963,0.001931
MIMIC-IV-CaseStudy,1800000,1800000,Lethe,ancestor_descendant_still_authorized,0.5,6,0.00386,0.971451,0.970626,0.003082,0.021522,0.001048,0.002676
MIMIC-IV-CaseStudy,1800000,1800000,Lethe,ancestor_descendant_still_authorized,0.5,7,0.003861,0.970528,0.970237,0.002177,0.013952,0.001263,0.001868
MIMIC-IV-CaseStudy,1800000,1800000,Lethe,ancestor_descendant_still_authorized,0.5,8,0.002387,0.973822,0.970644,0.003029,0.028895,0.003935,0.002668
MIMIC-IV-CaseStudy,1800000,1800000,Lethe,ancestor_descendant_still_authorized,0.5,9,0.00244,0.97109,0.973741,0.002072,0.020298,0.003145,0.002168
MIMIC-IV-CaseStudy,1800000,1800000,Lethe,revoked_user,0.1,0,0.005667,0.969174,0.971991,0.005062,0.011034,0.002992,0.000962
MIMIC-IV-CaseStudy,1800000,1800000,Lethe,revoked_user,0.1,1,0.013082,0.970562,0.973247,0.008566,0.018007,0.003353,0.000676
MIMIC-IV-CaseStudy,1800000,1800000,Lethe,revoked_user,0.1,2,0.007519,0.970567,0.970409,0.005706,0.013905,0.003771,0.002643
MIMIC-IV-CaseStudy,1800000,1800000,Lethe,revoked_user,0.1,3,0.011619,0.969857,0.97094,0.008575,0.007421,0.00293,0.0
MIMIC-IV-CaseStudy,1800000,1800000,Lethe,revoked_user,0.1,4,0.010552,0.972927,0.968058,0.007044,0.005554,0.001318,0.001694
MIMIC-IV-CaseStudy,1800000,1800000,Lethe,revoked_user,0.1,5,0.010886,0.969572,0.971116,0.009761,0.011414,0.001855,0.002779
MIMIC-IV-CaseStudy,1800000,1800000,Lethe,revoked_user,0.1,6,0.010181,0.970558,0.973115,0.006534,0.007866,0.003423,0.000631
MIMIC-IV-CaseStudy,1800000,1800000,Lethe,revoked_user,0.1,7,0.004529,0.971725,0.972322,0.003315,0.015585,0.002171,0.001156
MIMIC-IV-CaseStudy,1800000,1800000,Lethe,revoked_user,0.1,8,0.007822,0.973053,0.973314,0.00611,0.014105,0.002172,0.00152
MIMIC-IV-CaseStudy,1800000,1800000,Lethe,revoked_user,0.1,9,0.008001,0.971227,0.972334,0.006945,0.020031,0.001813,0.002685
MIMIC-IV-CaseStudy,1800000,1800000,Lethe,same_role_still_authorized,0.1,0,0.000586,0.971237,0.969565,0.0,0.019924,0.001471,0.000972
MIMIC-IV-CaseStudy,1800000,1800000,Lethe,same_role_still_authorized,0.1,1,0.001196,0.970702,0.971353,0.001519,0.022832,0.003231,0.002677
MIMIC-IV-CaseStudy,1800000,1800000,Lethe,same_role_still_authorized,0.1,2,0.002264,0.972945,0.9726,0.001212,0.013552,0.001567,0.002732
MIMIC-IV-CaseStudy,1800000,1800000,Lethe,same_role_still_authorized,0.1,3,0.00146,0.972182,0.970065,0.001514,0.018751,0.002276,0.003745
MIMIC-IV-CaseStudy,1800000,1800000,Lethe,same_role_still_authorized,0.1,4,0.003303,0.969293,0.970211,0.001573,0.008088,0.003747,0.002869
MIMIC-IV-CaseStudy,1800000,1800000,Lethe,same_role_still_authorized,0.1,5,0.001586,0.970133,0.970267,0.000737,0.011708,0.001806,0.001567
MIMIC-IV-CaseStudy,1800000,1800000,Lethe,same_role_still_authorized,0.1,6,0.002239,0.972586,0.970548,0.002849,0.01254,0.002836,0.001077
MIMIC-IV-CaseStudy,1800000,1800000,Lethe,same_role_still_authorized,0.1,7,0.00234,0.969322,0.971013,0.000789,0.010334,0.003101,0.001606
MIMIC-IV-CaseStudy,1800000,1800000,Lethe,same_role_still_authorized,0.1,8,0.00086,0.97112,0.972604,0.000791,0.011938,0.000785,0.001415
MIMIC-IV-CaseStudy,1800000,1800000,Lethe,same_role_still_authorized,0.1,9,0.00101,0.97024,0.971038,0.002367,0.015439,0.000305,0.003046
MIMIC-IV-CaseStudy,1800000,1800000,Lethe,different_role_still_authorized,0.1,0,0.001434,0.969746,0.972112,0.003036,0.012673,0.000244,0.002486
MIMIC-IV-CaseStudy,1800000,1800000,Lethe,different_role_still_authorized,0.1,1,0.00459,0.97054,0.969533,0.00355,0.013829,0.002157,0.001293
MIMIC-IV-CaseStudy,1800000,1800000,Lethe,different_role_still_authorized,0.1,2,0.000998,0.970353,0.968204,0.0,0.01033,0.00231,0.003518
MIMIC-IV-CaseStudy,1800000,1800000,Lethe,different_role_still_authorized,0.1,3,0.002477,0.971133,0.969592,0.002599,0.016631,0.002476,0.001193
MIMIC-IV-CaseStudy,1800000,1800000,Lethe,different_role_still_authorized,0.1,4,0.000987,0.9717,0.970719,0.000442,0.018507,0.002189,0.001616
MIMIC-IV-CaseStudy,1800000,1800000,Lethe,different_role_still_authorized,0.1,5,0.001924,0.971929,0.968912,0.001822,0.02499,0.000221,0.002821
MIMIC-IV-CaseStudy,1800000,1800000,Lethe,different_role_still_authorized,0.1,6,0.000927,0.971091,0.971911,0.002529,0.019017,0.002382,0.00288
MIMIC-IV-CaseStudy,1800000,1800000,Lethe,different_role_still_authorized,0.1,7,0.004146,0.972204,0.969518,0.002571,0.018444,0.001572,0.001127
MIMIC-IV-CaseStudy,1800000,1800000,Lethe,different_role_still_authorized,0.1,8,0.0,0.970837,0.972812,0.0,0.010817,0.002124,0.001944
MIMIC-IV-CaseStudy,1800000,1800000,Lethe,different_role_still_authorized,0.1,9,0.002313,0.970714,0.973715,0.003421,0.012014,0.003409,0.0
MIMIC-IV-CaseStudy,1800000,1800000,Lethe,ancestor_descendant_still_authorized,0.1,0,0.000467,0.969071,0.973187,0.000937,0.005608,0.002203,0.00288
MIMIC-IV-CaseStudy,1800000,1800000,Lethe,ancestor_descendant_still_authorized,0.1,1,0.000785,0.967769,0.972428,0.00165,0.018927,0.001645,0.001806
MIMIC-IV-CaseStudy,1800000,1800000,Lethe,ancestor_descendant_still_authorized,0.1,2,0.00093,0.972535,0.970773,0.000205,0.003494,0.001253,0.003289
MIMIC-IV-CaseStudy,1800000,1800000,Lethe,ancestor_descendant_still_authorized,0.1,3,0.003988,0.97085,0.968344,0.004051,0.008892,0.002787,0.002633
MIMIC-IV-CaseStudy,1800000,1800000,Lethe,ancestor_descendant_still_authorized,0.1,4,0.002238,0.971589,0.971076,0.002247,0.016996,0.000668,0.001938
MIMIC-IV-CaseStudy,1800000,1800000,Lethe,ancestor_descendant_still_authorized,0.1,5,0.000526,0.973801,0.970449,0.00198,0.017815,0.002867,0.004595
MIMIC-IV-CaseStudy,1800000,1800000,Lethe,ancestor_descendant_still_authorized,0.1,6,0.000834,0.970569,0.970112,4.6e-05,0.009374,0.000677,0.002095
MIMIC-IV-CaseStudy,1800000,1800000,Lethe,ancestor_descendant_still_authorized,0.1,7,0.001832,0.968892,0.97484,0.001218,0.016415,0.002792,0.0
MIMIC-IV-CaseStudy,1800000,1800000,Lethe,ancestor_descendant_still_authorized,0.1,8,0.002357,0.970552,0.969961,0.002274,0.011703,0.002603,0.001629
MIMIC-IV-CaseStudy,1800000,1800000,Lethe,ancestor_descendant_still_authorized,0.1,9,0.003098,0.97241,0.970559,4.5e-05,0.021437,0.0,0.001398
MIMIC-IV-CaseStudy,1800000,1800000,Lethe,revoked_user,0.2,0,0.007351,0.969539,0.973041,0.004983,0.019699,0.000445,0.002055
MIMIC-IV-CaseStudy,1800000,1800000,Lethe,revoked_user,0.2,1,0.009566,0.973667,0.970673,0.007784,0.015002,0.002881,0.000943
MIMIC-IV-CaseStudy,1800000,1800000,Lethe,revoked_user,0.2,2,0.010517,0.971936,0.971492,0.008138,0.004293,0.00185,0.001881
MIMIC-IV-CaseStudy,1800000,1800000,Lethe,revoked_user,0.2,3,0.008377,0.97252,0.972036,0.006956,0.016473,0.000599,0.001754
MIMIC-IV-CaseStudy,1800000,1800000,Lethe,revoked_user,0.2,4,0.010253,0.970944,0.970929,0.007884,0.017991,0.001057,0.002402
MIMIC-IV-CaseStudy,1800000,1800000,Lethe,revoked_user,0.2,5,0.010665,0.971272,0.971032,0.008681,0.013784,0.001801,0.001421
MIMIC-IV-CaseStudy,1800000,1800000,Lethe,revoked_user,0.2,6,0.007425,0.970186,0.970841,0.005961,0.009615,0.004334,0.002186
MIMIC-IV-CaseStudy,1800000,1800000,Lethe,revoked_user,0.2,7,0.010505,0.968667,0.972331,0.00941,0.020096,0.001623,0.0038
MIMIC-IV-CaseStudy,1800000,1800000,Lethe,revoked_user,0.2,8,0.008984,0.966858,0.969578,0.006592,0.0,0.002375,0.002174
MIMIC-IV-CaseStudy,1800000,1800000,Lethe,revoked_user,0.2,9,0.012588,0.97132,0.972021,0.010389,0.016136,0.001842,0.002027
MIMIC-IV-CaseStudy,1800000,1800000,Lethe,same_role_still_authorized,0.2,0,0.00285,0.970149,0.973823,0.001963,0.009608,0.003299,0.0
MIMIC-IV-CaseStudy,1800000,1800000,Lethe,same_role_still_authorized,0.2,1,0.001161,0.972203,0.969253,0.001281,0.018507,0.002946,0.00059
MIMIC-IV-CaseStudy,1800000,1800000,Lethe,same_role_still_authorized,0.2,2,0.003623,0.97016,0.970805,0.003198,0.009529,0.002704,0.000498
MIMIC-IV-CaseStudy,1800000,1800000,Lethe,same_role_still_authorized,0.2,3,0.002532,0.970571,0.969435,0.002639,0.018744,0.002075,0.00232
MIMIC-IV-CaseStudy,1800000,1800000,Lethe,same_role_still_authorized,0.2,4,0.002831,0.971088,0.9745,0.001299,0.009879,0.001552,0.001911
MIMIC-IV-CaseStudy,1800000,1800000,Lethe,same_role_still_authorized,0.2,5,0.000844,0.969782,0.969318,0.000296,0.01803,0.000632,0.000984
MIMIC-IV-CaseStudy,1800000,1800000,Lethe,same_role_still_authorized,0.2,6,0.002241,0.969022,0.970956,0.001397,0.016444,0.001479,0.002428
MIMIC-IV-CaseStudy,1800000,1800000,Lethe,same_role_still_authorized,0.2,7,0.002806,0.970755,0.969296,0.000899,0.013446,0.0,0.002423
MIMIC-IV-CaseStudy,1800000,1800000,Lethe,same_role_still_authorized,0.2,8,0.003032,0.969889,0.969331,0.002237,0.01114,0.001662,0.002679
MIMIC-IV-CaseStudy,1800000,1800000,Lethe,same_role_still_authorized,0.2,9,0.001072,0.972319,0.971209,0.000865,0.010665,0.001065,0.001152
MIMIC-IV-CaseStudy,1800000,1800000,Lethe,different_role_still_authorized,0.2,0,0.002104,0.970242,0.969148,0.001856,0.021339,0.00221,0.000767
MIMIC-IV-CaseStudy,1800000,1800000,Lethe,different_role_still_authorized,0.2,1,0.003054,0.969994,0.971339,0.001026,0.02202,0.00084,0.001382
MIMIC-IV-CaseStudy,1800000,1800000,Lethe,different_role_still_authorized,0.2,2,0.002811,0.970631,0.972279,0.002313,0.019952,0.00201,0.00187
MIMIC-IV-CaseStudy,1800000,1800000,Lethe,different_role_still_authorized,0.2,3,0.002166,0.971611,0.971301,0.000771,0.021611,0.0,0.002353
MIMIC-IV-CaseStudy,1800000,1800000,Lethe,different_role_still_authorized,0.2,4,0.001545,0.969111,0.97141,0.001986,0.014021,0.001235,0.000657
MIMIC-IV-CaseStudy,1800000,1800000,Lethe,different_role_still_authorized,0.2,5,0.000853,0.971465,0.970098,0.00032,0.020694,0.002479,0.003334
MIMIC-IV-CaseStudy,1800000,1800000,Lethe,different_role_still_authorized,0.2,6,0.000381,0.973315,0.972032,0.0,0.016575,0.000545,0.003322
MIMIC-IV-CaseStudy,1800000,1800000,Lethe,different_role_still_authorized,0.2,7,0.002418,0.968069,0.969092,0.000843,0.007884,0.002802,0.001462
MIMIC-IV-CaseStudy,1800000,1800000,Lethe,different_role_still_authorized,0.2,8,0.003505,0.972383,0.971434,0.001568,0.02242,0.001998,0.001982
MIMIC-IV-CaseStudy,1800000,1800000,Lethe,different_role_still_authorized,0.2,9,0.001688,0.97009,0.974173,0.002642,0.026547,0.002929,0.000662
MIMIC-IV-CaseStudy,1800000,1800000,Lethe,ancestor_descendant_still_authorized,0.2,0,0.004301,0.970523,0.97264,0.003394,0.012244,0.003067,0.00248
MIMIC-IV-CaseStudy,1800000,1800000,Lethe,ancestor_descendant_still_authorized,0.2,1,0.003048,0.971715,0.971227,0.002398,0.013268,4e-06,0.001517
MIMIC-IV-CaseStudy,1800000,1800000,Lethe,ancestor_descendant_still_authorized,0.2,2,0.003468,0.97262,0.97031,0.002094,0.018396,0.003994,0.001482
MIMIC-IV-CaseStudy,1800000,1800000,Lethe,ancestor_descendant_still_authorized,0.2,3,0.00236,0.96972,0.970944,0.001463,0.004733,2.9e-05,0.002715
MIMIC-IV-CaseStudy,1800000,1800000,Lethe,ancestor_descendant_still_authorized,0.2,4,0.0019,0.973006,0.973303,0.002439,0.007697,0.0012,0.00097
MIMIC-IV-CaseStudy,1800000,1800000,Lethe,ancestor_descendant_still_authorized,0.2,5,0.003378,0.970689,0.97161,0.003867,0.015636,0.003803,0.003565
MIMIC-IV-CaseStudy,1800000,1800000,Lethe,ancestor_descendant_still_authorized,0.2,6,0.001838,0.968733,0.971136,0.002233,0.010183,0.001311,0.002309
MIMIC-IV-CaseStudy,1800000,1800000,Lethe,ancestor_descendant_still_authorized,0.2,7,0.00222,0.968932,0.973543,0.0,0.016591,0.000908,0.000248
MIMIC-IV-CaseStudy,1800000,1800000,Lethe,ancestor_descendant_still_authorized,0.2,8,0.002708,0.972295,0.973488,0.002441,0.022801,0.002851,0.002244
MIMIC-IV-CaseStudy,1800000,1800000,Lethe,ancestor_descendant_still_authorized,0.2,9,0.003044,0.970943,0.970006,0.002866,0.023686,0.002558,0.001714
MIMIC-IV-CaseStudy,1800000,1800000,Lethe,revoked_user,0.3,0,0.011224,0.973386,0.97014,0.0091,0.012352,0.002828,0.001339
MIMIC-IV-CaseStudy,1800000,1800000,Lethe,revoked_user,0.3,1,0.010632,0.973417,0.97058,0.008728,0.006622,0.002488,0.003124
MIMIC-IV-CaseStudy,1800000,1800000,Lethe,revoked_user,0.3,2,0.010106,0.968941,0.970019,0.009131,0.008846,0.003281,0.003601
MIMIC-IV-CaseStudy,1800000,1800000,Lethe,revoked_user,0.3,3,0.008168,0.971432,0.969258,0.00658,0.013694,0.001576,0.001629
MIMIC-IV-CaseStudy,1800000,1800000,Lethe,revoked_user,0.3,4,0.00614,0.969575,0.967458,0.005274,0.023571,0.003141,0.003532
MIMIC-IV-CaseStudy,1800000,1800000,Lethe,revoked_user,0.3,5,0.01314,0.970521,0.972171,0.010927,0.02401,0.001651,0.002775
MIMIC-IV-CaseStudy,1800000,1800000,Lethe,revoked_user,0.3,6,0.011543,0.970941,0.969642,0.010863,0.026473,0.000707,0.002949
MIMIC-IV-CaseStudy,1800000,1800000,Lethe,revoked_user,0.3,7,0.011732,0.972513,0.974725,0.009748,0.017053,0.001284,0.001819
MIMIC-IV-CaseStudy,1800000,1800000,Lethe,revoked_user,0.3,8,0.010172,0.971661,0.970643,0.007908,0.019392,0.000691,0.002728
MIMIC-IV-CaseStudy,1800000,1800000,Lethe,revoked_user,0.3,9,0.009102,0.970162,0.970427,0.008463,0.013344,0.000277,0.003243
MIMIC-IV-CaseStudy,1800000,1800000,Lethe,same_role_still_authorized,0.3,0,0.000731,0.968192,0.97077,0.0,0.023662,0.002071,0.000946
MIMIC-IV-CaseStudy,1800000,1800000,Lethe,same_role_still_authorized,0.3,1,0.003785,0.9678,0.971329,0.003854,0.012664,0.004645,0.003413
MIMIC-IV-CaseStudy,1800000,1800000,Lethe,same_role_still_authorized,0.3,2,0.003033,0.970593,0.969476,0.004429,0.02307,0.001768,0.002819
MIMIC-IV-CaseStudy,1800000,1800000,Lethe,same_role_still_authorized,0.3,3,0.001814,0.973534,0.970316,0.001996,0.017221,0.002248,0.003487
MIMIC-IV-CaseStudy,1800000,1800000,Lethe,same_role_still_authorized,0.3,4,0.002861,0.971972,0.969744,0.001395,0.015687,0.002368,0.00149
MIMIC-IV-CaseStudy,1800000,1800000,Lethe,same_role_still_authorized,0.3,5,0.002284,0.972863,0.971158,0.002443,0.01568,0.0,0.002075
MIMIC-IV-CaseStudy,1800000,1800000,Lethe,same_role_still_authorized,0.3,6,0.001636,0.970518,0.969006,0.001889,0.01975,0.002162,0.000995
MIMIC-IV-CaseStudy,1800000,1800000,Lethe,same_role_still_authorized,0.3,7,0.001543,0.970259,0.971379,0.002517,0.018262,0.000117,0.000885
MIMIC-IV-CaseStudy,1800000,1800000,Lethe,same_role_still_authorized,0.3,8,0.001722,0.970034,0.973145,0.000436,0.006449,3.7e-05,0.003428
MIMIC-IV-CaseStudy,1800000,1800000,Lethe,same_role_still_authorized,0.3,9,0.001767,0.972452,0.972862,0.002801,0.009612,0.002253,0.001241
MIMIC-IV-CaseStudy,1800000,1800000,Lethe,different_role_still_authorized,0.3,0,0.004058,0.971052,0.97078,0.003829,0.018354,0.00248,0.001363
MIMIC-IV-CaseStudy,1800000,1800000,Lethe,different_role_still_authorized,0.3,1,0.002872,0.967095,0.972656,0.002041,0.022012,0.001377,0.001594
MIMIC-IV-CaseStudy,1800000,1800000,Lethe,different_role_still_authorized,0.3,2,0.002769,0.970768,0.971128,0.001349,0.013954,0.001817,0.00199
MIMIC-IV-CaseStudy,1800000,1800000,Lethe,different_role_still_authorized,0.3,3,0.001033,0.973234,0.970736,0.000515,0.016902,0.000672,0.002935
MIMIC-IV-CaseStudy,1800000,1800000,Lethe,different_role_still_authorized,0.3,4,0.003266,0.969871,0.973137,0.001794,0.013769,0.001161,0.00267
MIMIC-IV-CaseStudy,1800000,1800000,Lethe,different_role_still_authorized,0.3,5,0.000743,0.971547,0.970484,0.001671,0.007689,0.00265,0.003925
MIMIC-IV-CaseStudy,1800000,1800000,Lethe,different_role_still_authorized,0.3,6,0.002967,0.969313,0.971836,0.000938,0.010059,0.002466,0.003709
MIMIC-IV-CaseStudy,1800000,1800000,Lethe,different_role_still_authorized,0.3,7,0.00217,0.970101,0.971447,0.002349,0.010562,0.002197,0.003229
MIMIC-IV-CaseStudy,1800000,1800000,Lethe,different_role_still_authorized,0.3,8,0.002166,0.969534,0.968925,0.000648,0.011773,0.002877,0.001576
MIMIC-IV-CaseStudy,1800000,1800000,Lethe,different_role_still_authorized,0.3,9,0.001351,0.972518,0.972847,0.001512,0.019764,0.001425,0.001753
MIMIC-IV-CaseStudy,1800000,1800000,Lethe,ancestor_descendant_still_authorized,0.3,0,0.001986,0.970735,0.972374,0.002069,0.014886,0.002871,0.0
MIMIC-IV-CaseStudy,1800000,1800000,Lethe,ancestor_descendant_still_authorized,0.3,1,0.001613,0.972072,0.96914,0.001584,0.022871,0.002815,0.002259
MIMIC-IV-CaseStudy,1800000,1800000,Lethe,ancestor_descendant_still_authorized,0.3,2,0.000781,0.969625,0.972953,0.0,0.023753,0.002602,0.00208
MIMIC-IV-CaseStudy,1800000,1800000,Lethe,ancestor_descendant_still_authorized,0.3,3,0.001484,0.972023,0.972329,0.0,0.025383,0.003025,0.001489
MIMIC-IV-CaseStudy,1800000,1800000,Lethe,ancestor_descendant_still_authorized,0.3,4,0.002804,0.969326,0.971186,0.000622,0.012474,8.9e-05,0.00288
MIMIC-IV-CaseStudy,1800000,1800000,Lethe,ancestor_descendant_still_authorized,0.3,5,0.00284,0.971779,0.970932,0.001691,0.027385,0.000505,0.001911
MIMIC-IV-CaseStudy,1800000,1800000,Lethe,ancestor_descendant_still_authorized,0.3,6,0.002575,0.969763,0.972911,0.001913,0.014802,0.001212,0.001686
MIMIC-IV-CaseStudy,1800000,1800000,Lethe,ancestor_descendant_still_authorized,0.3,7,0.003711,0.970013,0.975354,0.002307,0.01765,0.001279,0.00086
MIMIC-IV-CaseStudy,1800000,1800000,Lethe,ancestor_descendant_still_authorized,0.3,8,0.003716,0.970489,0.971902,0.003193,0.012845,0.00107,0.002563
MIMIC-IV-CaseStudy,1800000,1800000,Lethe,ancestor_descendant_still_authorized,0.3,9,0.002326,0.970654,0.971078,0.00272,0.017607,0.003224,0.001249
MIMIC-IV-CaseStudy,1800000,1800000,Lethe,revoked_user,0.4,0,0.011023,0.969337,0.973783,0.008633,0.006395,0.001454,0.002657
MIMIC-IV-CaseStudy,1800000,1800000,Lethe,revoked_user,0.4,1,0.011016,0.974348,0.970313,0.008861,0.006926,0.00308,0.000896
MIMIC-IV-CaseStudy,1800000,1800000,Lethe,revoked_user,0.4,2,0.013674,0.971331,0.972464,0.010282,0.012596,0.001872,0.001226
MIMIC-IV-CaseStudy,1800000,1800000,Lethe,revoked_user,0.4,3,0.013943,0.970286,0.971431,0.011291,0.020234,0.003011,0.002591
MIMIC-IV-CaseStudy,1800000,1800000,Lethe,revoked_user,0.4,4,0.012108,0.969826,0.972057,0.009104,0.018934,0.002507,0.002573
MIMIC-IV-CaseStudy,1800000,1800000,Lethe,revoked_user,0.4,5,0.009916,0.971827,0.96823,0.007739,0.02324,0.001224,0.003145
MIMIC-IV-CaseStudy,1800000,1800000,Lethe,revoked_user,0.4,6,0.007886,0.970467,0.971484,0.00589,0.012772,0.000115,0.001701
MIMIC-IV-CaseStudy,1800000,1800000,Lethe,revoked_user,0.4,7,0.012326,0.971412,0.974018,0.010773,0.013663,0.002325,0.002475
MIMIC-IV-CaseStudy,1800000,1800000,Lethe,revoked_user,0.4,8,0.011015,0.971279,0.973856,0.008124,0.017019,0.003036,0.0035
MIMIC-IV-CaseStudy,1800000,1800000,Lethe,revoked_user,0.4,9,0.014882,0.97071,0.971415,0.011826,0.008591,0.004038,0.001639
MIMIC-IV-CaseStudy,1800000,1800000,Lethe,same_role_still_authorized,0.4,0,0.002625,0.971186,0.969707,0.000196,0.020294,0.00325,0.001078
MIMIC-IV-CaseStudy,1800000,1800000,Lethe,same_role_still_authorized,0.4,1,0.003358,0.971851,0.972154,0.002359,0.014551,0.001743,0.001707
MIMIC-IV-CaseStudy,1800000,1800000,Lethe,same_role_still_authorized,0.4,2,0.001714,0.974511,0.971753,0.001248,0.013367,0.001235,0.002533
MIMIC-IV-CaseStudy,1800000,1800000,Lethe,same_role_still_authorized,0.4,3,0.003287,0.97351,0.970607,0.002353,0.007745,0.001595,0.002518
MIMIC-IV-CaseStudy,1800000,1800000,Lethe,same_role_still_authorized,0.4,4,0.00251,0.971264,0.969302,0.00156,0.025435,0.003113,0.002261
MIMIC-IV-CaseStudy,1800000,1800000,Lethe,same_role_still_authorized,0.4,5,0.001425,0.968965,0.969981,0.000328,0.01061,0.002071,0.003795
MIMIC-IV-CaseStudy,1800000,1800000,Lethe,same_role_still_authorized,0.4,6,0.003328,0.970527,0.97217,0.00281,0.014332,0.001626,0.001291
MIMIC-IV-CaseStudy,1800000,1800000,Lethe,same_role_still_authorized,0.4,7,0.003789,0.971226,0.973371,0.001759,0.014054,0.001716,0.002035
MIMIC-IV-CaseStudy,1800000,1800000,Lethe,same_role_still_authorized,0.4,8,0.004192,0.970056,0.971302,0.004016,0.015165,0.002714,0.002941
MIMIC-IV-CaseStudy,1800000,1800000,Lethe,same_role_still_authorized,0.4,9,0.003182,0.970619,0.971503,0.002783,0.003828,0.001735,0.001911
MIMIC-IV-CaseStudy,1800000,1800000,Lethe,different_role_still_authorized,0.4,0,0.00249,0.971653,0.972857,0.000582,0.019785,0.002146,0.002037
MIMIC-IV-CaseStudy,1800000,1800000,Lethe,different_role_still_authorized,0.4,1,0.002491,0.970838,0.970284,0.003381,0.009211,0.002472,0.002296
MIMIC-IV-CaseStudy,1800000,1800000,Lethe,different_role_still_authorized,0.4,2,0.004277,0.971123,0.972391,0.002522,0.011588,0.003024,0.00135
MIMIC-IV-CaseStudy,1800000,1800000,Lethe,different_role_still_authorized,0.4,3,0.002884,0.971758,0.971817,0.002394,0.006337,0.003058,0.001755
MIMIC-IV-CaseStudy,1800000,1800000,Lethe,different_role_still_authorized,0.4,4,0.00465,0.97258,0.971564,0.00499,0.018489,0.002674,0.004311
MIMIC-IV-CaseStudy,1800000,1800000,Lethe,different_role_still_authorized,0.4,5,0.003722,0.971396,0.969932,0.001927,0.005196,0.001427,0.002817
MIMIC-IV-CaseStudy,1800000,1800000,Lethe,different_role_still_authorized,0.4,6,0.002865,0.971451,0.968983,0.002919,0.009682,0.002997,0.00085
MIMIC-IV-CaseStudy,1800000,1800000,Lethe,different_role_still_authorized,0.4,7,0.001736,0.96965,0.967058,0.001295,0.011466,0.001958,0.002709
MIMIC-IV-CaseStudy,1800000,1800000,Lethe,different_role_still_authorized,0.4,8,0.003586,0.973489,0.970849,0.002711,0.008368,0.00092,0.003281
MIMIC-IV-CaseStudy,1800000,1800000,Lethe,different_role_still_authorized,0.4,9,0.002559,0.97193,0.971815,0.001276,0.014741,0.000683,0.002454
MIMIC-IV-CaseStudy,1800000,1800000,Lethe,ancestor_descendant_still_authorized,0.4,0,0.001141,0.969955,0.970911,0.003058,0.003408,0.001374,0.001844
MIMIC-IV-CaseStudy,1800000,1800000,Lethe,ancestor_descendant_still_authorized,0.4,1,0.002739,0.972236,0.970847,0.001902,0.01954,0.00166,0.001649
MIMIC-IV-CaseStudy,1800000,1800000,Lethe,ancestor_descendant_still_authorized,0.4,2,0.001305,0.974366,0.972578,0.0,0.020125,0.00169,0.000931
MIMIC-IV-CaseStudy,1800000,1800000,Lethe,ancestor_descendant_still_authorized,0.4,3,0.001581,0.973937,0.972097,0.001735,0.004596,0.001393,0.001729
MIMIC-IV-CaseStudy,1800000,1800000,Lethe,ancestor_descendant_still_authorized,0.4,4,0.002895,0.970311,0.970564,0.002524,0.009615,0.001454,0.002917
MIMIC-IV-CaseStudy,1800000,1800000,Lethe,ancestor_descendant_still_authorized,0.4,5,0.002888,0.969484,0.970524,0.001653,0.007632,0.000626,0.00143
MIMIC-IV-CaseStudy,1800000,1800000,Lethe,ancestor_descendant_still_authorized,0.4,6,0.001602,0.971157,0.970394,0.000197,0.013406,0.002608,0.001816
MIMIC-IV-CaseStudy,1800000,1800000,Lethe,ancestor_descendant_still_authorized,0.4,7,0.002643,0.97151,0.972662,0.002832,0.016006,0.002155,0.001303
MIMIC-IV-CaseStudy,1800000,1800000,Lethe,ancestor_descendant_still_authorized,0.4,8,0.005448,0.969857,0.972498,0.004273,0.017818,0.003347,0.00078
MIMIC-IV-CaseStudy,1800000,1800000,Lethe,ancestor_descendant_still_authorized,0.4,9,0.000947,0.973048,0.971418,0.001766,0.010737,0.00108,0.001357
MIMIC-IV-CaseStudy,1800000,1800000,Lethe,revoked_user,0.5,0,0.014506,0.970349,0.970241,0.011776,0.012365,0.001319,0.000126
MIMIC-IV-CaseStudy,1800000,1800000,Lethe,revoked_user,0.5,1,0.01146,0.970938,0.973648,0.009323,0.016179,0.002422,0.001848
MIMIC-IV-CaseStudy,1800000,1800000,Lethe,revoked_user,0.5,2,0.014967,0.972297,0.970711,0.01108,0.013665,0.001618,0.001793
MIMIC-IV-CaseStudy,1800000,1800000,Lethe,revoked_user,0.5,3,0.016427,0.973266,0.971389,0.014381,0.015647,0.00261,0.003829
MIMIC-IV-CaseStudy,1800000,1800000,Lethe,revoked_user,0.5,4,0.015278,0.969839,0.970876,0.010837,0.023375,0.001405,0.002724
MIMIC-IV-CaseStudy,1800000,1800000,Lethe,revoked_user,0.5,5,0.015169,0.970411,0.972196,0.010948,0.011714,0.003105,0.002253
MIMIC-IV-CaseStudy,1800000,1800000,Lethe,revoked_user,0.5,6,0.014689,0.970646,0.973937,0.011241,0.016151,0.003285,0.00234
MIMIC-IV-CaseStudy,1800000,1800000,Lethe,revoked_user,0.5,7,0.014768,0.970584,0.969482,0.009525,0.016633,0.000467,0.004243
MIMIC-IV-CaseStudy,1800000,1800000,Lethe,revoked_user,0.5,8,0.012915,0.97236,0.970997,0.011152,0.010058,0.003536,0.000934
MIMIC-IV-CaseStudy,1800000,1800000,Lethe,revoked_user,0.5,9,0.013703,0.970658,0.970623,0.011394,0.02325,0.001367,0.000531
MIMIC-IV-CaseStudy,1800000,1800000,Lethe,same_role_still_authorized,0.5,0,0.004049,0.970478,0.973753,0.002663,0.008099,0.000726,0.002437
MIMIC-IV-CaseStudy,1800000,1800000,Lethe,same_role_still_authorized,0.5,1,0.001333,0.971861,0.972745,0.002083,0.022434,0.002665,0.001136
MIMIC-IV-CaseStudy,1800000,1800000,Lethe,same_role_still_authorized,0.5,2,0.001942,0.972509,0.969558,0.000618,0.025836,0.003901,0.002242
MIMIC-IV-CaseStudy,1800000,1800000,Lethe,same_role_still_authorized,0.5,3,0.002143,0.973012,0.972893,0.000266,0.012221,0.002246,0.004059
MIMIC-IV-CaseStudy,1800000,1800000,Lethe,same_role_still_authorized,0.5,4,0.003627,0.972888,0.972472,0.003709,0.015107,0.001359,0.003025
MIMIC-IV-CaseStudy,1800000,1800000,Lethe,same_role_still_authorized,0.5,5,0.001702,0.973075,0.97196,0.001446,0.011264,0.003822,0.00219
MIMIC-IV-CaseStudy,1800000,1800000,Lethe,same_role_still_authorized,0.5,6,0.003194,0.970918,0.967548,0.0035,0.0113,0.003126,0.001314
MIMIC-IV-CaseStudy,1800000,1800000,Lethe,same_role_still_authorized,0.5,7,0.00381,0.973352,0.971955,0.004865,0.013265,0.001854,0.001386
MIMIC-IV-CaseStudy,1800000,1800000,Lethe,same_role_still_authorized,0.5,8,0.003184,0.969798,0.969779,0.002749,0.017072,0.001985,0.002153
MIMIC-IV-CaseStudy,1800000,1800000,Lethe,same_role_still_authorized,0.5,9,0.003234,0.970486,0.972424,0.003463,0.006617,0.002214,0.000951
MIMIC-IV-CaseStudy,1800000,1800000,Lethe,different_role_still_authorized,0.5,0,0.0034,0.970985,0.970031,0.001809,0.014763,0.002436,0.000592
MIMIC-IV-CaseStudy,1800000,1800000,Lethe,different_role_still_authorized,0.5,1,0.003574,0.970622,0.969571,0.004403,0.024145,0.000808,0.002427
MIMIC-IV-CaseStudy,1800000,1800000,Lethe,different_role_still_authorized,0.5,2,0.002858,0.971747,0.970915,0.002994,0.018697,0.002459,0.001841
MIMIC-IV-CaseStudy,1800000,1800000,Lethe,different_role_still_authorized,0.5,3,0.002883,0.970222,0.970606,0.002909,0.025946,0.00032,0.001854
MIMIC-IV-CaseStudy,1800000,1800000,Lethe,different_role_still_authorized,0.5,4,0.002139,0.972273,0.970884,0.000246,0.017952,0.002061,0.000587
MIMIC-IV-CaseStudy,1800000,1800000,Lethe,different_role_still_authorized,0.5,5,0.004462,0.970799,0.969521,0.005449,0.022571,0.0,0.003305
MIMIC-IV-CaseStudy,1800000,1800000,Lethe,different_role_still_authorized,0.5,6,0.002354,0.971567,0.972223,0.001308,0.015357,0.001403,0.003077
MIMIC-IV-CaseStudy,1800000,1800000,Lethe,different_role_still_authorized,0.5,7,0.002793,0.969454,0.973209,0.002024,0.015328,0.003314,0.000647
MIMIC-IV-CaseStudy,1800000,1800000,Lethe,different_role_still_authorized,0.5,8,0.002897,0.9713,0.973319,0.003785,0.025783,0.002502,0.000779
MIMIC-IV-CaseStudy,1800000,1800000,Lethe,different_role_still_authorized,0.5,9,0.003614,0.970977,0.971721,0.004596,0.023286,0.002432,0.002597
MIMIC-IV-CaseStudy,1800000,1800000,Lethe,ancestor_descendant_still_authorized,0.5,0,0.00183,0.971675,0.970391,0.0,0.012837,0.001894,0.000393
MIMIC-IV-CaseStudy,1800000,1800000,Lethe,ancestor_descendant_still_authorized,0.5,1,0.002919,0.972039,0.97349,0.001768,0.001627,0.002084,0.000753
MIMIC-IV-CaseStudy,1800000,1800000,Lethe,ancestor_descendant_still_authorized,0.5,2,0.001423,0.970666,0.971475,0.000111,0.024974,0.000674,0.002222
MIMIC-IV-CaseStudy,1800000,1800000,Lethe,ancestor_descendant_still_authorized,0.5,3,0.002952,0.969216,0.971566,0.002165,0.021551,0.002906,0.003126
MIMIC-IV-CaseStudy,1800000,1800000,Lethe,ancestor_descendant_still_authorized,0.5,4,0.001105,0.97151,0.970696,0.0,0.02229,0.002863,0.001566
MIMIC-IV-CaseStudy,1800000,1800000,Lethe,ancestor_descendant_still_authorized,0.5,5,0.003234,0.969656,0.972695,0.003493,0.01781,0.004734,0.000921
MIMIC-IV-CaseStudy,1800000,1800000,Lethe,ancestor_descendant_still_authorized,0.5,6,0.002506,0.97199,0.970791,0.002171,0.01454,0.000813,0.002
MIMIC-IV-CaseStudy,1800000,1800000,Lethe,ancestor_descendant_still_authorized,0.5,7,0.003088,0.97212,0.972726,0.002854,0.007201,0.003255,0.002414
MIMIC-IV-CaseStudy,1800000,1800000,Lethe,ancestor_descendant_still_authorized,0.5,8,0.003203,0.970757,0.969011,0.002068,0.000901,0.002865,0.002414
MIMIC-IV-CaseStudy,1800000,1800000,Lethe,ancestor_descendant_still_authorized,0.5,9,0.002294,0.969186,0.96919,0.0021,0.020568,0.001656,0.001253
MIMIC-IV-CaseStudy,1800000,1800000,Lethe,revoked_user,0.1,0,0.005134,0.970752,0.970287,0.003877,0.01521,0.000492,0.002852
MIMIC-IV-CaseStudy,1800000,1800000,Lethe,revoked_user,0.1,1,0.006842,0.970724,0.972469,0.005934,0.019694,0.001999,0.001574
MIMIC-IV-CaseStudy,1800000,1800000,Lethe,revoked_user,0.1,2,0.00566,0.971522,0.969187,0.004709,0.006953,0.001544,0.002203
MIMIC-IV-CaseStudy,1800000,1800000,Lethe,revoked_user,0.1,3,0.00778,0.972013,0.970013,0.006491,0.009184,0.001067,0.002246
MIMIC-IV-CaseStudy,1800000,1800000,Lethe,revoked_user,0.1,4,0.005684,0.971473,0.972598,0.004625,0.017257,0.001847,0.000849
MIMIC-IV-CaseStudy,1800000,1800000,Lethe,revoked_user,0.1,5,0.010278,0.97388,0.969961,0.007466,0.019259,0.002308,0.001139
MIMIC-IV-CaseStudy,1800000,1800000,Lethe,revoked_user,0.1,6,0.007799,0.971825,0.971388,0.007296,0.011563,0.002266,0.001491
MIMIC-IV-CaseStudy,1800000,1800000,Lethe,revoked_user,0.1,7,0.00525,0.971178,0.973317,0.003915,0.015013,0.003176,0.001155
MIMIC-IV-CaseStudy,1800000,1800000,Lethe,revoked_user,0.1,8,0.00659,0.970558,0.972833,0.005432,0.015053,0.002193,0.003147
MIMIC-IV-CaseStudy,1800000,1800000,Lethe,revoked_user,0.1,9,0.006617,0.972032,0.9702,0.004711,0.02284,0.0,0.000602
MIMIC-IV-CaseStudy,1800000,1800000,Lethe,same_role_still_authorized,0.1,0,0.001547,0.969908,0.971987,0.001795,0.023298,0.001888,0.000541
MIMIC-IV-CaseStudy,1800000,1800000,Lethe,same_role_still_authorized,0.1,1,0.002519,0.972811,0.968669,0.002439,0.019738,0.002082,0.002498
MIMIC-IV-CaseStudy,1800000,1800000,Lethe,same_role_still_authorized,0.1,2,0.002035,0.970708,0.972958,0.001582,0.013052,0.001877,0.002724
MIMIC-IV-CaseStudy,1800000,1800000,Lethe,same_role_still_authorized,0.1,3,0.002715,0.973706,0.969917,0.003362,0.012352,0.003091,0.000168
MIMIC-IV-CaseStudy,1800000,1800000,Lethe,same_role_still_authorized,0.1,4,0.000972,0.971147,0.972286,0.000372,0.007976,0.00272,0.001852
MIMIC-IV-CaseStudy,1800000,1800000,Lethe,same_role_still_authorized,0.1,5,0.002663,0.968275,0.969581,0.002319,0.007632,0.0,0.002301
MIMIC-IV-CaseStudy,1800000,1800000,Lethe,same_role_still_authorized,0.1,6,0.001244,0.969971,0.968317,0.002823,0.00808,0.002803,0.003522
MIMIC-IV-CaseStudy,1800000,1800000,Lethe,same_role_still_authorized,0.1,7,0.001153,0.970284,0.971341,0.000524,0.031544,0.003465,0.002801
MIMIC-IV-CaseStudy,1800000,1800000,Lethe,same_role_still_authorized,0.1,8,0.002325,0.9729,0.970178,0.002605,0.014178,0.003525,0.001222
MIMIC-IV-CaseStudy,1800000,1800000,Lethe,same_role_still_authorized,0.1,9,0.002058,0.973773,0.972788,0.002875,0.012539,0.000656,0.003788
MIMIC-IV-CaseStudy,1800000,1800000,Lethe,different_role_still_authorized,0.1,0,0.004239,0.97094,0.96919,0.003277,0.012254,0.001403,0.001174
MIMIC-IV-CaseStudy,1800000,1800000,Lethe,different_role_still_authorized,0.1,1,0.000986,0.97211,0.971847,0.000225,0.007926,0.001632,0.002908
MIMIC-IV-CaseStudy,1800000,1800000,Lethe,different_role_still_authorized,0.1,2,0.000579,0.97074,0.970728,0.000322,0.007653,0.002107,0.000783
MIMIC-IV-CaseStudy,1800000,1800000,Lethe,different_role_still_authorized,0.1,3,0.003214,0.969364,0.968542,0.00261,0.015711,0.00057,0.001515
MIMIC-IV-CaseStudy,1800000,1800000,Lethe,different_role_still_authorized,0.1,4,0.0,0.972687,0.972345,0.000381,0.012398,0.000788,0.002745
MIMIC-IV-CaseStudy,1800000,1800000,Lethe,different_role_still_authorized,0.1,5,0.002759,0.969404,0.969984,0.001882,0.014648,0.003699,0.001559
MIMIC-IV-CaseStudy,1800000,1800000,Lethe,different_role_still_authorized,0.1,6,0.002299,0.970157,0.97263,0.001509,0.006928,0.001212,0.001679
MIMIC-IV-CaseStudy,1800000,1800000,Lethe,different_role_still_authorized,0.1,7,0.003382,0.970509,0.967884,0.001228,0.015964,0.002127,0.00179
MIMIC-IV-CaseStudy,1800000,1800000,Lethe,different_role_still_authorized,0.1,8,0.000928,0.969852,0.972498,0.00094,0.006156,0.000986,0.002771
MIMIC-IV-CaseStudy,1800000,1800000,Lethe,different_role_still_authorized,0.1,9,0.000239,0.968887,0.972175,0.0,0.014793,0.002439,0.002487
MIMIC-IV-CaseStudy,1800000,1800000,Lethe,ancestor_descendant_still_authorized,0.1,0,0.000581,0.970441,0.969708,0.002052,0.005423,0.001896,0.001312
MIMIC-IV-CaseStudy,1800000,1800000,Lethe,ancestor_descendant_still_authorized,0.1,1,0.002074,0.972468,0.971208,0.0,0.017726,0.001852,0.00378
MIMIC-IV-CaseStudy,1800000,1800000,Lethe,ancestor_descendant_still_authorized,0.1,2,0.000891,0.972264,0.974295,0.0,0.012155,0.000215,0.001848
MIMIC-IV-CaseStudy,1800000,1800000,Lethe,ancestor_descendant_still_authorized,0.1,3,0.0,0.970283,0.971291,0.00113,0.011083,0.004094,0.003422
MIMIC-IV-CaseStudy,1800000,1800000,Lethe,ancestor_descendant_still_authorized,0.1,4,0.002542,0.973118,0.973732,0.003218,0.00664,0.002594,0.001508
MIMIC-IV-CaseStudy,1800000,1800000,Lethe,ancestor_descendant_still_authorized,0.1,5,0.002985,0.973305,0.969393,0.002391,0.023299,0.000637,0.002486
MIMIC-IV-CaseStudy,1800000,1800000,Lethe,ancestor_descendant_still_authorized,0.1,6,0.000586,0.970209,0.969968,0.000686,0.02263,0.000307,0.002078
MIMIC-IV-CaseStudy,1800000,1800000,Lethe,ancestor_descendant_still_authorized,0.1,7,0.00297,0.972636,0.973138,0.001572,0.01842,0.002505,0.003882
MIMIC-IV-CaseStudy,1800000,1800000,Lethe,ancestor_descendant_still_authorized,0.1,8,0.003084,0.970814,0.972019,0.002077,0.013756,0.001148,0.002408
MIMIC-IV-CaseStudy,1800000,1800000,Lethe,ancestor_descendant_still_authorized,0.1,9,0.000409,0.971,0.969311,0.000641,0.011042,0.001159,0.00142
MIMIC-IV-CaseStudy,1800000,1800000,Lethe,revoked_user,0.2,0,0.01108,0.970891,0.972808,0.008382,0.015207,0.001136,0.002213
MIMIC-IV-CaseStudy,1800000,1800000,Lethe,revoked_user,0.2,1,0.009904,0.974756,0.972749,0.008646,0.021369,0.002919,0.001508
MIMIC-IV-CaseStudy,1800000,1800000,Lethe,revoked_user,0.2,2,0.011634,0.972385,0.969137,0.009118,0.014174,0.001501,0.001898
MIMIC-IV-CaseStudy,1800000,1800000,Lethe,revoked_user,0.2,3,0.00787,0.973604,0.969319,0.006263,0.015898,0.002691,0.002777
MIMIC-IV-CaseStudy,1800000,1800000,Lethe,revoked_user,0.2,4,0.007598,0.969338,0.970757,0.004819,0.013391,0.001541,0.00283
MIMIC-IV-CaseStudy,1800000,1800000,Lethe,revoked_user,0.2,5,0.008859,0.96928,0.971814,0.006779,0.021914,0.00277,0.000257
MIMIC-IV-CaseStudy,1800000,1800000,Lethe,revoked_user,0.2,6,0.00956,0.971054,0.968788,0.007944,0.02082,0.002372,0.001366
MIMIC-IV-CaseStudy,1800000,1800000,Lethe,revoked_user,0.2,7,0.005164,0.97079,0.971961,0.004991,0.014971,0.001268,0.004806
MIMIC-IV-CaseStudy,1800000,1800000,Lethe,revoked_user,0.2,8,0.008873,0.971462,0.97167,0.007139,0.017538,0.003051,0.002385
MIMIC-IV-CaseStudy,1800000,1800000,Lethe,revoked_user,0.2,9,0.008916,0.97318,0.969405,0.006809,0.004142,8.9e-05,0.003119
MIMIC-IV-CaseStudy,1800000,1800000,Lethe,same_role_still_authorized,0.2,0,0.0,0.972536,0.970819,0.001698,0.026011,0.001787,0.001252
MIMIC-IV-CaseStudy,1800000,1800000,Lethe,same_role_still_authorized,0.2,1,0.000845,0.970235,0.971065,0.001825,0.014455,0.002939,0.000302
MIMIC-IV-CaseStudy,1800000,1800000,Lethe,same_role_still_authorized,0.2,2,0.001169,0.970917,0.971255,0.001958,0.017569,0.00252,0.002025
MIMIC-IV-CaseStudy,1800000,1800000,Lethe,same_role_still_authorized,0.2,3,0.002274,0.970907,0.972258,0.000551,0.017498,0.002771,0.002632
MIMIC-IV-CaseStudy,1800000,1800000,Lethe,same_role_still_authorized,0.2,4,0.001697,0.972277,0.969987,0.001293,0.01572,0.001158,0.001288
MIMIC-IV-CaseStudy,1800000,1800000,Lethe,same_role_still_authorized,0.2,5,0.000675,0.971237,0.970692,0.0,0.013474,0.002517,0.001801
MIMIC-IV-CaseStudy,1800000,1800000,Lethe,same_role_still_authorized,0.2,6,0.00187,0.970388,0.968589,0.001589,0.016084,0.000846,0.001973
MIMIC-IV-CaseStudy,1800000,1800000,Lethe,same_role_still_authorized,0.2,7,0.003183,0.971502,0.971588,0.003245,0.00646,0.001798,0.001071
MIMIC-IV-CaseStudy,1800000,1800000,Lethe,same_role_still_authorized,0.2,8,0.003443,0.970697,0.969163,0.00162,0.008211,0.003983,0.001586
MIMIC-IV-CaseStudy,1800000,1800000,Lethe,same_role_still_authorized,0.2,9,0.003545,0.971178,0.972043,0.003985,0.012757,0.001999,0.001643
MIMIC-IV-CaseStudy,1800000,1800000,Lethe,different_role_still_authorized,0.2,0,0.001761,0.969173,0.971601,0.00274,0.012827,0.003952,0.00055
MIMIC-IV-CaseStudy,1800000,1800000,Lethe,different_role_still_authorized,0.2,1,0.003042,0.968337,0.970227,0.0016,0.020148,0.001323,0.002659
MIMIC-IV-CaseStudy,1800000,1800000,Lethe,different_role_still_authorized,0.2,2,0.000825,0.971234,0.971586,0.001834,0.007355,0.001251,0.003114
MIMIC-IV-CaseStudy,1800000,1800000,Lethe,different_role_still_authorized,0.2,3,0.003281,0.970121,0.970935,0.005158,0.010536,0.002244,0.002262
MIMIC-IV-CaseStudy,1800000,1800000,Lethe,different_role_still_authorized,0.2,4,0.001076,0.971942,0.972748,0.0,0.019824,0.001277,0.001635
MIMIC-IV-CaseStudy,1800000,1800000,Lethe,different_role_still_authorized,0.2,5,0.00226,0.970937,0.969805,0.001661,0.014724,0.0,0.00104
MIMIC-IV-CaseStudy,1800000,1800000,Lethe,different_role_still_authorized,0.2,6,0.001395,0.970689,0.973202,0.000756,0.019431,0.001047,0.001903
MIMIC-IV-CaseStudy,1800000,1800000,Lethe,different_role_still_authorized,0.2,7,0.0,0.972743,0.972904,0.0,0.016546,0.001768,0.002014
MIMIC-IV-CaseStudy,1800000,1800000,Lethe,different_role_still_authorized,0.2,8,0.002783,0.973568,0.972535,0.003343,0.0,0.003489,0.003805
MIMIC-IV-CaseStudy,1800000,1800000,Lethe,different_role_still_authorized,0.2,9,0.001618,0.971204,0.968548,0.002177,0.010193,0.001292,0.003917
MIMIC-IV-CaseStudy,1800000,1800000,Lethe,ancestor_descendant_still_authorized,0.2,0,0.002103,0.970332,0.968728,0.000887,0.017027,0.003416,0.001161
MIMIC-IV-CaseStudy,1800000,1800000,Lethe,ancestor_descendant_still_authorized,0.2,1,0.0,0.968303,0.970234,0.0,0.012259,0.001467,0.003046
MIMIC-IV-CaseStudy,1800000,1800000,Lethe,ancestor_descendant_still_authorized,0.2,2,0.002251,0.971689,0.971677,0.001347,0.019892,0.002566,0.0
MIMIC-IV-CaseStudy,1800000,1800000,Lethe,ancestor_descendant_still_authorized,0.2,3,0.000153,0.9706,0.972424,0.0,0.013151,0.0,0.001148
MIMIC-IV-CaseStudy,1800000,1800000,Lethe,ancestor_descendant_still_authorized,0.2,4,0.002259,0.96896,0.970735,0.0,0.015313,0.003252,0.002389
MIMIC-IV-CaseStudy,1800000,1800000,Lethe,ancestor_descendant_still_authorized,0.2,5,0.002511,0.968866,0.969725,0.002216,0.02307,0.001663,0.002025
MIMIC-IV-CaseStudy,1800000,1800000,Lethe,ancestor_descendant_still_authorized,0.2,6,0.002438,0.973169,0.96912,0.000241,0.020297,0.001659,0.002767
MIMIC-IV-CaseStudy,1800000,1800000,Lethe,ancestor_descendant_still_authorized,0.2,7,0.001723,0.973307,0.971127,0.001173,0.014915,0.000117,0.000306
MIMIC-IV-CaseStudy,1800000,1800000,Lethe,ancestor_descendant_still_authorized,0.2,8,0.001031,0.973183,0.971406,0.001593,0.012287,0.001225,0.000708
MIMIC-IV-CaseStudy,1800000,1800000,Lethe,ancestor_descendant_still_authorized,0.2,9,0.004321,0.971416,0.970959,0.002669,0.023455,0.003734,0.003344
MIMIC-IV-CaseStudy,1800000,1800000,Lethe,revoked_user,0.3,0,0.003844,0.969564,0.971661,0.001855,0.009455,0.002813,0.003137
MIMIC-IV-CaseStudy,1800000,1800000,Lethe,revoked_user,0.3,1,0.007226,0.971393,0.970742,0.004761,0.008376,0.001657,0.001669
MIMIC-IV-CaseStudy,1800000,1800000,Lethe,revoked_user,0.3,2,0.010316,0.970863,0.969868,0.008336,0.010208,0.002046,0.002856
MIMIC-IV-CaseStudy,1800000,1800000,Lethe,revoked_user,0.3,3,0.014466,0.969715,0.969094,0.00993,0.018964,0.003419,0.001116
MIMIC-IV-CaseStudy,1800000,1800000,Lethe,revoked_user,0.3,4,0.012068,0.973147,0.971048,0.009739,0.022238,0.000381,0.001851
MIMIC-IV-CaseStudy,1800000,1800000,Lethe,revoked_user,0.3,5,0.01223,0.969561,0.972232,0.010624,0.018579,0.002906,0.001897
MIMIC-IV-CaseStudy,1800000,1800000,Lethe,revoked_user,0.3,6,0.009286,0.968149,0.969902,0.009122,0.00263,0.002862,0.000812
MIMIC-IV-CaseStudy,1800000,1800000,Lethe,revoked_user,0.3,7,0.0095,0.971032,0.969853,0.007957,0.018281,0.001461,0.00266
MIMIC-IV-CaseStudy,1800000,1800000,Lethe,revoked_user,0.3,8,0.010024,0.970436,0.972093,0.007894,0.020203,0.00273,0.000752
MIMIC-IV-CaseStudy,1800000,1800000,Lethe,revoked_user,0.3,9,0.011493,0.970848,0.967422,0.007799,0.021408,0.00179,0.002696
MIMIC-IV-CaseStudy,1800000,1800000,Lethe,same_role_still_authorized,0.3,0,0.002309,0.971222,0.970014,0.001736,0.015129,0.001896,0.001359
MIMIC-IV-CaseStudy,1800000,1800000,Lethe,same_role_still_authorized,0.3,1,0.003486,0.970431,0.971935,0.003001,0.019881,0.001104,0.002092
MIMIC-IV-CaseStudy,1800000,1800000,Lethe,same_role_still_authorized,0.3,2,0.002357,0.969853,0.968687,0.003265,0.00658,0.003156,0.000212
MIMIC-IV-CaseStudy,1800000,1800000,Lethe,same_role_still_authorized,0.3,3,0.002655,0.970189,0.970147,0.0007,0.018472,0.001219,0.002069
MIMIC-IV-CaseStudy,1800000,1800000,Lethe,same_role_still_authorized,0.3,4,0.003496,0.971605,0.971973,0.001197,0.00383,0.000794,0.003905
MIMIC-IV-CaseStudy,1800000,1800000,Lethe,same_role_still_authorized,0.3,5,0.001632,0.971812,0.9708,0.003266,0.017816,0.002575,0.002227
MIMIC-IV-CaseStudy,1800000,1800000,Lethe,same_role_still_authorized,0.3,6,0.001611,0.970919,0.971411,0.0,0.016055,0.002371,0.001641
MIMIC-IV-CaseStudy,1800000,1800000,Lethe,same_role_still_authorized,0.3,7,0.002096,0.972282,0.971243,0.000174,0.014754,0.001784,0.002227
MIMIC-IV-CaseStudy,1800000,1800000,Lethe,same_role_still_authorized,0.3,8,0.002457,0.970704,0.972264,0.002468,0.017785,0.0027,0.001358
MIMIC-IV-CaseStudy,1800000,1800000,Lethe,same_role_still_authorized,0.3,9,0.002552,0.971937,0.970886,0.001427,0.007976,0.001726,0.002441
MIMIC-IV-CaseStudy,1800000,1800000,Lethe,different_role_still_authorized,0.3,0,0.002312,0.972953,0.971385,0.003177,0.022307,0.002401,0.001489
MIMIC-IV-CaseStudy,1800000,1800000,Lethe,different_role_still_authorized,0.3,1,0.001254,0.972892,0.970794,0.0,0.00787,0.002351,0.002521
MIMIC-IV-CaseStudy,1800000,1800000,Lethe,different_role_still_authorized,0.3,2,0.002869,0.96992,0.970236,0.002629,0.003518,0.001737,0.0
MIMIC-IV-CaseStudy,1800000,1800000,Lethe,different_role_still_authorized,0.3,3,0.00245,0.969363,0.972593,0.002307,0.016426,0.000755,0.00071
MIMIC-IV-CaseStudy,1800000,1800000,Lethe,different_role_still_authorized,0.3,4,0.003009,0.971749,0.968313,0.003034,0.013577,0.002153,0.00167
MIMIC-IV-CaseStudy,1800000,1800000,Lethe,different_role_still_authorized,0.3,5,0.001339,0.970168,0.969435,0.0,0.020284,0.001304,0.000346
MIMIC-IV-CaseStudy,1800000,1800000,Lethe,different_role_still_authorized,0.3,6,0.002618,0.972584,0.971488,0.00158,0.017313,0.001501,0.001927
MIMIC-IV-CaseStudy,1800000,1800000,Lethe,different_role_still_authorized,0.3,7,0.001624,0.971304,0.971504,0.000283,0.013377,0.002966,0.002351
MIMIC-IV-CaseStudy,1800000,1800000,Lethe,different_role_still_authorized,0.3,8,0.00148,0.972173,0.969972,0.0,0.025468,0.001637,0.001716
MIMIC-IV-CaseStudy,1800000,1800000,Lethe,different_role_still_authorized,0.3,9,0.001913,0.975509,0.969533,0.0,0.016088,0.002127,0.000944
MIMIC-IV-CaseStudy,1800000,1800000,Lethe,ancestor_descendant_still_authorized,0.3,0,0.002538,0.970497,0.96907,0.000311,0.015489,0.003188,0.001663
MIMIC-IV-CaseStudy,1800000,1800000,Lethe,ancestor_descendant_still_authorized,0.3,1,0.001231,0.973983,0.968142,0.0015,0.022541,0.002312,0.001783
MIMIC-IV-CaseStudy,1800000,1800000,Lethe,ancestor_descendant_still_authorized,0.3,2,0.001448,0.96807,0.970572,0.002335,0.016763,0.000283,0.002257
MIMIC-IV-CaseStudy,1800000,1800000,Lethe,ancestor_descendant_still_authorized,0.3,3,0.001749,0.972863,0.970663,0.001317,0.014528,0.002068,0.002032
MIMIC-IV-CaseStudy,1800000,1800000,Lethe,ancestor_descendant_still_authorized,0.3,4,0.002313,0.971358,0.969399,0.001187,0.026879,0.001519,0.000876
MIMIC-IV-CaseStudy,1800000,1800000,Lethe,ancestor_descendant_still_authorized,0.3,5,0.001393,0.967977,0.969813,0.001405,0.008989,0.002209,0.0037
MIMIC-IV-CaseStudy,1800000,1800000,Lethe,ancestor_descendant_still_authorized,0.3,6,0.001404,0.971145,0.970278,0.003001,0.025084,0.001579,0.0
MIMIC-IV-CaseStudy,1800000,1800000,Lethe,ancestor_descendant_still_authorized,0.3,7,0.002783,0.970257,0.971606,0.003025,0.012329,0.002461,0.001287
MIMIC-IV-CaseStudy,1800000,1800000,Lethe,ancestor_descendant_still_authorized,0.3,8,0.001444,0.97067,0.972402,0.002835,0.013477,0.001932,0.001528
MIMIC-IV-CaseStudy,1800000,1800000,Lethe,ancestor_descendant_still_authorized,0.3,9,0.003665,0.972148,0.969914,0.000798,0.01648,0.000958,0.004145
MIMIC-IV-CaseStudy,1800000,1800000,Lethe,revoked_user,0.4,0,0.011128,0.97101,0.97258,0.011734,0.015518,0.000651,0.00183
MIMIC-IV-CaseStudy,1800000,1800000,Lethe,revoked_user,0.4,1,0.014139,0.970512,0.969189,0.013128,0.011208,0.000692,0.003123
MIMIC-IV-CaseStudy,1800000,1800000,Lethe,revoked_user,0.4,2,0.01096,0.970868,0.968083,0.008947,0.006599,0.001062,0.000987
MIMIC-IV-CaseStudy,1800000,1800000,Lethe,revoked_user,0.4,3,0.01103,0.973445,0.970943,0.008993,0.014326,0.001747,0.001328
MIMIC-IV-CaseStudy,1800000,1800000,Lethe,revoked_user,0.4,4,0.01431,0.973961,0.97089,0.011685,0.016439,0.00275,0.002486
MIMIC-IV-CaseStudy,1800000,1800000,Lethe,revoked_user,0.4,5,0.011176,0.971751,0.970506,0.009036,0.021445,0.002836,0.0024
MIMIC-IV-CaseStudy,1800000,1800000,Lethe,revoked_user,0.4,6,0.014482,0.969982,0.97152,0.011218,0.0159,0.000979,0.001019
MIMIC-IV-CaseStudy,1800000,1800000,Lethe,revoked_user,0.4,7,0.018889,0.971185,0.972708,0.015074,0.012207,0.001624,0.002261
MIMIC-IV-CaseStudy,1800000,1800000,Lethe,revoked_user,0.4,8,0.013383,0.970615,0.969947,0.010856,0.023268,0.001632,0.002786
MIMIC-IV-CaseStudy,1800000,1800000,Lethe,revoked_user,0.4,9,0.011551,0.970759,0.971475,0.008685,0.02149,0.001441,0.002391
MIMIC-IV-CaseStudy,1800000,1800000,Lethe,same_role_still_authorized,0.4,0,0.003216,0.970148,0.972221,0.002766,0.012615,0.002445,0.000989
MIMIC-IV-CaseStudy,1800000,1800000,Lethe,same_role_still_authorized,0.4,1,0.002233,0.972418,0.969877,0.002664,0.013178,0.001454,0.003168
MIMIC-IV-CaseStudy,1800000,1800000,Lethe,same_role_still_authorized,0.4,2,0.002114,0.970881,0.969502,0.001152,0.012478,0.002216,0.001457
MIMIC-IV-CaseStudy,1800000,1800000,Lethe,same_role_still_authorized,0.4,3,0.003535,0.968141,0.969558,0.002902,0.01334,0.002813,0.001531
MIMIC-IV-CaseStudy,1800000,1800000,Lethe,same_role_still_authorized,0.4,4,0.003695,0.972792,0.971857,0.001293,0.011254,0.002004,0.002004
MIMIC-IV-CaseStudy,1800000,1800000,Lethe,same_role_still_authorized,0.4,5,0.002607,0.971471,0.972121,0.001589,0.007638,0.002212,0.001191
MIMIC-IV-CaseStudy,1800000,1800000,Lethe,same_role_still_authorized,0.4,6,0.002898,0.970052,0.971716,0.003724,0.014797,0.001753,7.8e-05
MIMIC-IV-CaseStudy,1800000,1800000,Lethe,same_role_still_authorized,0.4,7,0.001818,0.971851,0.967934,0.001833,0.010022,0.001816,0.001022
MIMIC-IV-CaseStudy,1800000,1800000,Lethe,same_role_still_authorized,0.4,8,0.002949,0.970141,0.971808,0.001081,0.016146,0.001211,0.00235
MIMIC-IV-CaseStudy,1800000,1800000,Lethe,same_role_still_authorized,0.4,9,0.002745,0.97067,0.971709,0.001859,0.020233,0.003243,0.001601
MIMIC-IV-CaseStudy,1800000,1800000,Lethe,different_role_still_authorized,0.4,0,0.002101,0.96994,0.969223,0.001019,0.017669,0.00282,0.002538
MIMIC-IV-CaseStudy,1800000,1800000,Lethe,different_role_still_authorized,0.4,1,0.001752,0.971329,0.970044,0.001042,0.016784,0.002534,0.001429
MIMIC-IV-CaseStudy,1800000,1800000,Lethe,different_role_still_authorized,0.4,2,0.003327,0.972797,0.971095,0.003514,0.012737,0.002711,0.003583
MIMIC-IV-CaseStudy,1800000,1800000,Lethe,different_role_still_authorized,0.4,3,0.00207,0.972165,0.96969,0.000994,0.011201,0.003318,0.001306
MIMIC-IV-CaseStudy,1800000,1800000,Lethe,different_role_still_authorized,0.4,4,0.002025,0.971201,0.969974,0.002716,0.01656,0.002064,0.002313
MIMIC-IV-CaseStudy,1800000,1800000,Lethe,different_role_still_authorized,0.4,5,0.003064,0.969957,0.971731,0.003082,0.018891,0.0,0.00277
MIMIC-IV-CaseStudy,1800000,1800000,Lethe,different_role_still_authorized,0.4,6,0.002268,0.970908,0.970773,0.000647,0.016885,0.000221,0.001738
MIMIC-IV-CaseStudy,1800000,1800000,Lethe,different_role_still_authorized,0.4,7,0.001443,0.972445,0.969855,2.3e-05,0.007378,0.002781,0.002772
MIMIC-IV-CaseStudy,1800000,1800000,Lethe,different_role_still_authorized,0.4,8,0.003241,0.970476,0.968486,0.004711,0.01571,0.00286,0.001783
MIMIC-IV-CaseStudy,1800000,1800000,Lethe,different_role_still_authorized,0.4,9,0.003465,0.970805,0.974835,0.001886,0.007072,0.003368,0.000907
MIMIC-IV-CaseStudy,1800000,1800000,Lethe,ancestor_descendant_still_authorized,0.4,0,0.003293,0.971226,0.970561,0.000272,0.013988,0.004947,0.000103
MIMIC-IV-CaseStudy,1800000,1800000,Lethe,ancestor_descendant_still_authorized,0.4,1,0.003723,0.9704,0.972321,0.004114,0.017546,0.001323,0.000718
MIMIC-IV-CaseStudy,1800000,1800000,Lethe,ancestor_descendant_still_authorized,0.4,2,0.002487,0.969859,0.972018,0.002101,0.022366,0.0,0.003469
MIMIC-IV-CaseStudy,1800000,1800000,Lethe,ancestor_descendant_still_authorized,0.4,3,0.003974,0.972124,0.973236,0.002473,0.012425,0.002422,0.002688
MIMIC-IV-CaseStudy,1800000,1800000,Lethe,ancestor_descendant_still_authorized,0.4,4,0.003531,0.972176,0.970715,0.004213,0.019823,0.002113,0.000399
MIMIC-IV-CaseStudy,1800000,1800000,Lethe,ancestor_descendant_still_authorized,0.4,5,0.002194,0.969553,0.969986,0.002313,0.016643,0.002001,0.000884
MIMIC-IV-CaseStudy,1800000,1800000,Lethe,ancestor_descendant_still_authorized,0.4,6,0.004251,0.971738,0.972055,0.00245,0.012692,0.001307,0.001559
MIMIC-IV-CaseStudy,1800000,1800000,Lethe,ancestor_descendant_still_authorized,0.4,7,0.003307,0.970558,0.973891,0.003906,0.003134,0.001884,0.002403
MIMIC-IV-CaseStudy,1800000,1800000,Lethe,ancestor_descendant_still_authorized,0.4,8,0.003782,0.966573,0.970829,0.001787,0.013699,0.001281,0.002649
MIMIC-IV-CaseStudy,1800000,1800000,Lethe,ancestor_descendant_still_authorized,0.4,9,0.002517,0.972226,0.973015,0.002714,0.015758,0.002999,0.002062
MIMIC-IV-CaseStudy,1800000,1800000,Lethe,revoked_user,0.5,0,0.011121,0.970862,0.970496,0.009278,0.007174,0.001728,0.002631
MIMIC-IV-CaseStudy,1800000,1800000,Lethe,revoked_user,0.5,1,0.017254,0.972094,0.97393,0.013018,0.014966,0.003758,0.001947
MIMIC-IV-CaseStudy,1800000,1800000,Lethe,revoked_user,0.5,2,0.015869,0.970324,0.970925,0.012799,0.018767,0.002356,0.000351
MIMIC-IV-CaseStudy,1800000,1800000,Lethe,revoked_user,0.5,3,0.014548,0.967681,0.971655,0.012293,0.020013,0.001402,0.001886
MIMIC-IV-CaseStudy,1800000,1800000,Lethe,revoked_user,0.5,4,0.012842,0.969883,0.971517,0.009254,0.015625,0.00144,0.002046
MIMIC-IV-CaseStudy,1800000,1800000,Lethe,revoked_user,0.5,5,0.013353,0.970938,0.972624,0.011874,0.018371,0.001246,0.003515
MIMIC-IV-CaseStudy,1800000,1800000,Lethe,revoked_user,0.5,6,0.011995,0.973508,0.971709,0.010293,0.021964,0.002436,0.001727
MIMIC-IV-CaseStudy,1800000,1800000,Lethe,revoked_user,0.5,7,0.016039,0.969802,0.970089,0.012608,0.007196,0.00352,0.001869
MIMIC-IV-CaseStudy,1800000,1800000,Lethe,revoked_user,0.5,8,0.016287,0.970013,0.974629,0.012585,0.014051,0.0,0.000597
MIMIC-IV-CaseStudy,1800000,1800000,Lethe,revoked_user,0.5,9,0.015818,0.971174,0.973715,0.012772,0.022988,0.003261,0.002207
MIMIC-IV-CaseStudy,1800000,1800000,Lethe,same_role_still_authorized,0.5,0,0.002991,0.973619,0.969098,0.001926,0.00781,0.001917,0.001593
MIMIC-IV-CaseStudy,1800000,1800000,Lethe,same_role_still_authorized,0.5,1,0.00207,0.970266,0.971704,0.00244,0.01611,0.001673,0.001955
MIMIC-IV-CaseStudy,1800000,1800000,Lethe,same_role_still_authorized,0.5,2,0.003257,0.971439,0.973755,0.001828,0.012782,0.002855,0.001928
MIMIC-IV-CaseStudy,1800000,1800000,Lethe,same_role_still_authorized,0.5,3,0.003595,0.970116,0.971372,0.002079,0.015897,0.001828,0.001578
MIMIC-IV-CaseStudy,1800000,1800000,Lethe,same_role_still_authorized,0.5,4,0.001951,0.969207,0.970085,0.002139,0.025632,0.001891,0.002043
MIMIC-IV-CaseStudy,1800000,1800000,Lethe,same_role_still_authorized,0.5,5,0.0043,0.968801,0.973128,0.004393,0.021588,0.002743,0.003938
MIMIC-IV-CaseStudy,1800000,1800000,Lethe,same_role_still_authorized,0.5,6,0.003802,0.972925,0.970184,0.007435,0.026933,0.001579,0.002664
MIMIC-IV-CaseStudy,1800000,1800000,Lethe,same_role_still_authorized,0.5,7,0.003462,0.970895,0.972005,0.003483,0.016897,0.001351,0.000744
MIMIC-IV-CaseStudy,1800000,1800000,Lethe,same_role_still_authorized,0.5,8,0.003751,0.972639,0.970064,0.001633,0.01419,0.000931,0.001963
MIMIC-IV-CaseStudy,1800000,1800000,Lethe,same_role_still_authorized,0.5,9,0.004283,0.973662,0.970061,0.003124,0.001313,0.001967,0.001856
MIMIC-IV-CaseStudy,1800000,1800000,Lethe,different_role_still_authorized,0.5,0,0.003007,0.972142,0.970958,0.002277,0.006211,0.001791,0.002275
MIMIC-IV-CaseStudy,1800000,1800000,Lethe,different_role_still_authorized,0.5,1,0.00368,0.969089,0.971663,0.00489,0.010383,0.002421,0.003019
MIMIC-IV-CaseStudy,1800000,1800000,Lethe,different_role_still_authorized,0.5,2,0.002827,0.970713,0.971329,0.002632,0.016439,0.002661,0.0
MIMIC-IV-CaseStudy,1800000,1800000,Lethe,different_role_still_authorized,0.5,3,0.00453,0.970933,0.971171,0.003536,0.023495,0.002484,0.002005
MIMIC-IV-CaseStudy,1800000,1800000,Lethe,different_role_still_authorized,0.5,4,0.002118,0.971835,0.971895,0.001309,0.006171,0.002773,0.00205
MIMIC-IV-CaseStudy,1800000,1800000,Lethe,different_role_still_authorized,0.5,5,0.002808,0.97097,0.969453,0.000996,0.011359,0.000461,0.003032
MIMIC-IV-CaseStudy,1800000,1800000,Lethe,different_role_still_authorized,0.5,6,0.002828,0.972188,0.970248,0.002298,0.015496,0.001511,0.002728
MIMIC-IV-CaseStudy,1800000,1800000,Lethe,different_role_still_authorized,0.5,7,0.001642,0.971097,0.971824,0.002132,0.003197,0.001986,0.002449
MIMIC-IV-CaseStudy,1800000,1800000,Lethe,different_role_still_authorized,0.5,8,0.002218,0.971544,0.970995,0.000576,0.011435,0.001687,0.001887
MIMIC-IV-CaseStudy,1800000,1800000,Lethe,different_role_still_authorized,0.5,9,0.000803,0.968938,0.972629,0.000702,0.012318,0.001729,0.002602
MIMIC-IV-CaseStudy,1800000,1800000,Lethe,ancestor_descendant_still_authorized,0.5,0,0.003163,0.973318,0.97059,0.001948,0.008048,0.000857,0.001949
MIMIC-IV-CaseStudy,1800000,1800000,Lethe,ancestor_descendant_still_authorized,0.5,1,0.003919,0.97061,0.972616,0.002373,0.017682,0.001594,0.002311
MIMIC-IV-CaseStudy,1800000,1800000,Lethe,ancestor_descendant_still_authorized,0.5,2,0.003742,0.970047,0.969486,0.001523,0.011474,0.00383,0.001927
MIMIC-IV-CaseStudy,1800000,1800000,Lethe,ancestor_descendant_still_authorized,0.5,3,0.004213,0.970241,0.969987,0.002523,0.007945,0.001334,0.001845
MIMIC-IV-CaseStudy,1800000,1800000,Lethe,ancestor_descendant_still_authorized,0.5,4,0.003075,0.971134,0.972136,0.002571,0.016612,0.002316,0.001687
MIMIC-IV-CaseStudy,1800000,1800000,Lethe,ancestor_descendant_still_authorized,0.5,5,0.001843,0.971041,0.973123,0.0,0.006509,0.002438,0.001687
MIMIC-IV-CaseStudy,1800000,1800000,Lethe,ancestor_descendant_still_authorized,0.5,6,0.002978,0.96961,0.971999,0.002818,0.010578,0.002042,0.002369
MIMIC-IV-CaseStudy,1800000,1800000,Lethe,ancestor_descendant_still_authorized,0.5,7,0.003036,0.973492,0.970805,0.00163,0.024346,0.002274,0.002192
MIMIC-IV-CaseStudy,1800000,1800000,Lethe,ancestor_descendant_still_authorized,0.5,8,0.003853,0.970669,0.97124,0.00278,0.010255,0.000388,0.002088
MIMIC-IV-CaseStudy,1800000,1800000,Lethe,ancestor_descendant_still_authorized,0.5,9,0.003885,0.970708,0.967564,0.00326,0.019508,0.001536,0.000171
MIMIC-IV-CaseStudy,1800000,1800000,Lethe,revoked_user,0.1,0,0.003482,0.972214,0.973338,0.002933,0.010879,0.001716,0.00261
MIMIC-IV-CaseStudy,1800000,1800000,Lethe,revoked_user,0.1,1,0.008043,0.971459,0.971031,0.006725,0.023591,0.00145,0.002348
MIMIC-IV-CaseStudy,1800000,1800000,Lethe,revoked_user,0.1,2,0.009011,0.971938,0.972479,0.006876,0.015828,0.003175,0.002419
MIMIC-IV-CaseStudy,1800000,1800000,Lethe,revoked_user,0.1,3,0.008652,0.969866,0.970504,0.007235,0.011834,0.001059,0.001922
MIMIC-IV-CaseStudy,1800000,1800000,Lethe,revoked_user,0.1,4,0.006091,0.968571,0.970199,0.004947,0.013165,0.001537,0.001727
MIMIC-IV-CaseStudy,1800000,1800000,Lethe,revoked_user,0.1,5,0.012334,0.968498,0.972548,0.010454,0.014998,0.002109,0.002636
MIMIC-IV-CaseStudy,1800000,1800000,Lethe,revoked_user,0.1,6,0.006683,0.97096,0.968254,0.005759,0.014778,0.00355,0.002885
MIMIC-IV-CaseStudy,1800000,1800000,Lethe,revoked_user,0.1,7,0.008085,0.971499,0.971774,0.006145,0.006444,0.002175,0.001678
MIMIC-IV-CaseStudy,1800000,1800000,Lethe,revoked_user,0.1,8,0.008011,0.971247,0.971853,0.006404,0.01799,0.001583,0.001712
MIMIC-IV-CaseStudy,1800000,1800000,Lethe,revoked_user,0.1,9,0.009663,0.970879,0.969584,0.007846,0.027648,0.002671,0.001893
MIMIC-IV-CaseStudy,1800000,1800000,Lethe,same_role_still_authorized,0.1,0,0.002624,0.970096,0.971366,0.000489,0.012951,0.002145,0.00051
MIMIC-IV-CaseStudy,1800000,1800000,Lethe,same_role_still_authorized,0.1,1,0.002582,0.973399,0.971545,0.002391,0.015147,0.002223,0.002768
MIMIC-IV-CaseStudy,1800000,1800000,Lethe,same_role_still_authorized,0.1,2,0.002691,0.96985,0.969222,0.002129,0.011111,0.001029,0.004048
MIMIC-IV-CaseStudy,1800000,1800000,Lethe,same_role_still_authorized,0.1,3,0.002183,0.972126,0.971751,0.002219,0.011755,0.002387,0.003832
MIMIC-IV-CaseStudy,1800000,1800000,Lethe,same_role_still_authorized,0.1,4,0.003041,0.969977,0.972511,0.002743,0.009522,0.003517,0.003181
MIMIC-IV-CaseStudy,1800000,1800000,Lethe,same_role_still_authorized,0.1,5,0.001844,0.971198,0.971446,0.003055,0.010273,0.002525,0.001592
MIMIC-IV-CaseStudy,1800000,1800000,Lethe,same_role_still_authorized,0.1,6,0.00231,0.968778,0.972259,0.00137,0.016889,0.000601,0.003269
MIMIC-IV-CaseStudy,1800000,1800000,Lethe,same_role_still_authorized,0.1,7,0.000753,0.97082,0.970703,0.002178,0.017334,0.001254,0.002904
MIMIC-IV-CaseStudy,1800000,1800000,Lethe,same_role_still_authorized,0.1,8,0.000754,0.971556,0.971161,0.000982,0.020484,0.002628,0.003158
MIMIC-IV-CaseStudy,1800000,1800000,Lethe,same_role_still_authorized,0.1,9,0.003386,0.97237,0.969864,0.002845,0.016782,0.002674,0.00056
MIMIC-IV-CaseStudy,1800000,1800000,Lethe,different_role_still_authorized,0.1,0,7e-05,0.971791,0.971394,0.0,0.010383,0.001517,0.0
MIMIC-IV-CaseStudy,1800000,1800000,Lethe,different_role_still_authorized,0.1,1,0.002859,0.972809,0.971348,0.001672,0.019921,0.001967,0.000894
MIMIC-IV-CaseStudy,1800000,1800000,Lethe,different_role_still_authorized,0.1,2,0.002863,0.971022,0.971834,0.003158,0.015259,0.0,0.003329
MIMIC-IV-CaseStudy,1800000,1800000,Lethe,different_role_still_authorized,0.1,3,0.000999,0.973022,0.971302,0.001214,0.013801,0.002635,0.003236
MIMIC-IV-CaseStudy,1800000,1800000,Lethe,different_role_still_authorized,0.1,4,0.001276,0.968584,0.970397,0.0,0.01872,0.0,0.002351
MIMIC-IV-CaseStudy,1800000,1800000,Lethe,different_role_still_authorized,0.1,5,0.002187,0.97101,0.971801,0.001987,0.01256,0.004373,0.002952
MIMIC-IV-CaseStudy,1800000,1800000,Lethe,different_role_still_authorized,0.1,6,0.002597,0.971453,0.970248,0.003208,0.016903,0.001138,0.00019
MIMIC-IV-CaseStudy,1800000,1800000,Lethe,different_role_still_authorized,0.1,7,0.00149,0.969511,0.970936,0.000256,0.012037,0.003249,0.000473
MIMIC-IV-CaseStudy,1800000,1800000,Lethe,different_role_still_authorized,0.1,8,0.001141,0.972785,0.969979,0.000465,0.015488,0.001294,0.000955
MIMIC-IV-CaseStudy,1800000,1800000,Lethe,different_role_still_authorized,0.1,9,0.003253,0.970167,0.970812,0.002299,0.007791,0.001798,0.003554
MIMIC-IV-CaseStudy,1800000,1800000,Lethe,ancestor_descendant_still_authorized,0.1,0,0.001184,0.97198,0.972842,0.002449,0.00456,0.002231,0.000476
MIMIC-IV-CaseStudy,1800000,1800000,Lethe,ancestor_descendant_still_authorized,0.1,1,0.002774,0.970122,0.97241,0.001647,0.015279,0.000941,0.002428
MIMIC-IV-CaseStudy,1800000,1800000,Lethe,ancestor_descendant_still_authorized,0.1,2,0.003172,0.968752,0.9695,0.001776,0.015249,0.002541,0.002696
MIMIC-IV-CaseStudy,1800000,1800000,Lethe,ancestor_descendant_still_authorized,0.1,3,0.001454,0.970877,0.973147,0.001795,0.017733,0.000886,0.003175
MIMIC-IV-CaseStudy,1800000,1800000,Lethe,ancestor_descendant_still_authorized,0.1,4,0.002328,0.972098,0.972893,0.002222,0.009564,0.003246,0.002912
MIMIC-IV-CaseStudy,1800000,1800000,Lethe,ancestor_descendant_still_authorized,0.1,5,0.001205,0.971686,0.970246,0.000928,0.014252,0.003276,0.003262
MIMIC-IV-CaseStudy,1800000,1800000,Lethe,ancestor_descendant_still_authorized,0.1,6,0.0,0.969126,0.973066,0.0,0.017705,0.001251,0.002971
MIMIC-IV-CaseStudy,1800000,1800000,Lethe,ancestor_descendant_still_authorized,0.1,7,0.0,0.970694,0.970946,0.001504,0.009242,0.001626,0.003615
MIMIC-IV-CaseStudy,1800000,1800000,Lethe,ancestor_descendant_still_authorized,0.1,8,0.00156,0.970833,0.970622,0.002786,0.021387,0.002305,0.001544
MIMIC-IV-CaseStudy,1800000,1800000,Lethe,ancestor_descendant_still_authorized,0.1,9,0.000762,0.971328,0.974822,0.001531,0.024876,0.000621,0.000886
MIMIC-IV-CaseStudy,1800000,1800000,Lethe,revoked_user,0.2,0,0.006922,0.970321,0.972779,0.005263,0.017266,0.002072,0.002303
MIMIC-IV-CaseStudy,1800000,1800000,Lethe,revoked_user,0.2,1,0.011762,0.970965,0.971994,0.009335,0.005234,0.002533,0.003367
MIMIC-IV-CaseStudy,1800000,1800000,Lethe,revoked_user,0.2,2,0.009405,0.970563,0.970781,0.006486,0.005244,0.00166,0.0026
MIMIC-IV-CaseStudy,1800000,1800000,Lethe,revoked_user,0.2,3,0.008215,0.970081,0.972598,0.008561,0.01023,0.000737,0.002925
MIMIC-IV-CaseStudy,1800000,1800000,Lethe,revoked_user,0.2,4,0.007566,0.969961,0.971589,0.006087,0.018373,0.001362,0.002799
MIMIC-IV-CaseStudy,1800000,1800000,Lethe,revoked_user,0.2,5,0.005952,0.970829,0.968349,0.003008,0.016897,0.001653,0.001714
MIMIC-IV-CaseStudy,1800000,1800000,Lethe,revoked_user,0.2,6,0.008197,0.97188,0.969703,0.004306,0.012053,0.002747,0.000844
MIMIC-IV-CaseStudy,1800000,1800000,Lethe,revoked_user,0.2,7,0.01185,0.971909,0.971369,0.00932,0.01673,0.000993,0.000793
MIMIC-IV-CaseStudy,1800000,1800000,Lethe,revoked_user,0.2,8,0.01346,0.971505,0.971503,0.008807,0.025459,0.001205,0.001015
MIMIC-IV-CaseStudy,1800000,1800000,Lethe,revoked_user,0.2,9,0.012377,0.973569,0.97073,0.010146,0.011197,0.003013,0.002557
MIMIC-IV-CaseStudy,1800000,1800000,Lethe,same_role_still_authorized,0.2,0,0.000663,0.970274,0.969719,0.001932,0.020856,0.0,0.001735
MIMIC-IV-CaseStudy,1800000,1800000,Lethe,same_role_still_authorized,0.2,1,0.003101,0.971576,0.970416,0.002214,0.015305,0.002853,0.002702
MIMIC-IV-CaseStudy,1800000,1800000,Lethe,same_role_still_authorized,0.2,2,0.002837,0.971231,0.969264,0.004863,0.021387,0.002218,0.00265
MIMIC-IV-CaseStudy,1800000,1800000,Lethe,same_role_still_authorized,0.2,3,0.001911,0.972152,0.970258,0.001117,0.011349,0.001267,0.00339
MIMIC-IV-CaseStudy,1800000,1800000,Lethe,same_role_still_authorized,0.2,4,0.002501,0.973021,0.972812,0.000496,0.022342,0.001019,0.0027
MIMIC-IV-CaseStudy,1800000,1800000,Lethe,same_role_still_authorized,0.2,5,0.001008,0.971847,0.970888,0.0,0.012106,0.002699,0.003669
MIMIC-IV-CaseStudy,1800000,1800000,Lethe,same_role_still_authorized,0.2,6,0.001643,0.9711,0.970187,0.001743,0.004396,0.001913,0.002525
MIMIC-IV-CaseStudy,1800000,1800000,Lethe,same_role_still_authorized,0.2,7,0.001602,0.973274,0.971237,0.001128,0.018935,0.000727,0.003091
MIMIC-IV-CaseStudy,1800000,1800000,Lethe,same_role_still_authorized,0.2,8,0.001593,0.971768,0.972704,0.001319,0.008999,0.003848,0.001808
MIMIC-IV-CaseStudy,1800000,1800000,Lethe,same_role_still_authorized,0.2,9,0.001601,0.9722,0.970255,0.00141,0.015455,0.003721,0.002714
MIMIC-IV-CaseStudy,1800000,1800000,Lethe,different_role_still_authorized,0.2,0,0.001477,0.970504,0.968941,0.000675,0.024447,0.001257,0.002821
MIMIC-IV-CaseStudy,1800000,1800000,Lethe,different_role_still_authorized,0.2,1,0.001864,0.971768,0.969944,0.001931,0.010477,0.002389,0.003521
MIMIC-IV-CaseStudy,1800000,1800000,Lethe,different_role_still_authorized,0.2,2,0.000761,0.969109,0.972219,0.0,0.018167,0.001823,0.001181
MIMIC-IV-CaseStudy,1800000,1800000,Lethe,different_role_still_authorized,0.2,3,0.002059,0.969348,0.970594,0.001506,0.019485,0.000592,0.000743
MIMIC-IV-CaseStudy,1800000,1800000,Lethe,different_role_still_authorized,0.2,4,0.00289,0.970971,0.971793,0.002284,0.022544,0.001805,0.00317
MIMIC-IV-CaseStudy,1800000,1800000,Lethe,different_role_still_authorized,0.2,5,0.001992,0.968939,0.969009,0.00249,0.007099,0.002171,0.001553
MIMIC-IV-CaseStudy,1800000,1800000,Lethe,different_role_still_authorized,0.2,6,0.000876,0.969182,0.97366,0.000357,0.018876,0.003232,0.0
MIMIC-IV-CaseStudy,1800000,1800000,Lethe,different_role_still_authorized,0.2,7,0.002766,0.973077,0.970838,0.003676,0.018782,0.0,0.001594
MIMIC-IV-CaseStudy,1800000,1800000,Lethe,different_role_still_authorized,0.2,8,0.001771,0.96817,0.970938,0.001841,0.013649,0.001181,0.00276
MIMIC-IV-CaseStudy,1800000,1800000,Lethe,different_role_still_authorized,0.2,9,0.001625,0.97082,0.968606,0.001699,0.011956,0.000524,0.001467
MIMIC-IV-CaseStudy,1800000,1800000,Lethe,ancestor_descendant_still_authorized,0.2,0,0.000912,0.971655,0.9703,0.0,0.01616,0.00255,0.004232
MIMIC-IV-CaseStudy,1800000,1800000,Lethe,ancestor_descendant_still_authorized,0.2,1,0.001828,0.969756,0.969499,0.000701,0.015033,0.000808,0.002525
MIMIC-IV-CaseStudy,1800000,1800000,Lethe,ancestor_descendant_still_authorized,0.2,2,0.001311,0.969945,0.970891,0.0,0.014747,0.001463,0.003842
MIMIC-IV-CaseStudy,1800000,1800000,Lethe,ancestor_descendant_still_authorized,0.2,3,0.002045,0.971574,0.972266,0.000877,0.010121,0.002663,0.002826
MIMIC-IV-CaseStudy,1800000,1800000,Lethe,ancestor_descendant_still_authorized,0.2,4,0.002419,0.970284,0.96931,0.001961,0.007261,0.001669,0.00331
MIMIC-IV-CaseStudy,1800000,1800000,Lethe,ancestor_descendant_still_authorized,0.2,5,0.002803,0.971386,0.967474,0.002219,0.023346,0.001843,0.000611
MIMIC-IV-CaseStudy,1800000,1800000,Lethe,ancestor_descendant_still_authorized,0.2,6,0.002796,0.970906,0.970144,0.000149,0.018194,0.002083,0.002108
MIMIC-IV-CaseStudy,1800000,1800000,Lethe,ancestor_descendant_still_authorized,0.2,7,0.002107,0.971382,0.973205,0.000949,0.018834,0.001991,0.00134
MIMIC-IV-CaseStudy,1800000,1800000,Lethe,ancestor_descendant_still_authorized,0.2,8,0.001481,0.973575,0.97175,0.000863,0.019022,0.002205,0.000409
MIMIC-IV-CaseStudy,1800000,1800000,Lethe,ancestor_descendant_still_authorized,0.2,9,0.002834,0.971884,0.966966,0.002703,0.014953,0.002181,0.00027
MIMIC-IV-CaseStudy,1800000,1800000,Lethe,revoked_user,0.3,0,0.007189,0.971931,0.973641,0.00408,0.016905,0.002551,0.000732
MIMIC-IV-CaseStudy,1800000,1800000,Lethe,revoked_user,0.3,1,0.011695,0.970751,0.967965,0.009902,0.02061,0.001931,0.003593
MIMIC-IV-CaseStudy,1800000,1800000,Lethe,revoked_user,0.3,2,0.013376,0.972711,0.971292,0.009947,0.023742,0.001845,0.002326
MIMIC-IV-CaseStudy,1800000,1800000,Lethe,revoked_user,0.3,3,0.011888,0.972034,0.968875,0.010484,0.02093,0.001308,0.000866
MIMIC-IV-CaseStudy,1800000,1800000,Lethe,revoked_user,0.3,4,0.007253,0.972449,0.969525,0.005974,0.025981,0.001452,0.003283
MIMIC-IV-CaseStudy,1800000,1800000,Lethe,revoked_user,0.3,5,0.010108,0.97044,0.972282,0.009182,0.00822,0.001079,0.001544
MIMIC-IV-CaseStudy,1800000,1800000,Lethe,revoked_user,0.3,6,0.012554,0.970566,0.972867,0.010492,0.021212,0.001834,0.00209
MIMIC-IV-CaseStudy,1800000,1800000,Lethe,revoked_user,0.3,7,0.012124,0.97012,0.972425,0.008661,0.010201,0.001739,0.001031
MIMIC-IV-CaseStudy,1800000,1800000,Lethe,revoked_user,0.3,8,0.00975,0.969226,0.969255,0.006643,0.014464,0.00171,0.000637
MIMIC-IV-CaseStudy,1800000,1800000,Lethe,revoked_user,0.3,9,0.012836,0.971393,0.972066,0.009847,0.013073,0.001441,0.001255
MIMIC-IV-CaseStudy,1800000,1800000,Lethe,same_role_still_authorized,0.3,0,0.001992,0.975326,0.972323,0.002141,0.016266,0.00195,0.002013
MIMIC-IV-CaseStudy,1800000,1800000,Lethe,same_role_still_authorized,0.3,1,0.003441,0.969951,0.966647,0.002892,0.028499,0.001681,0.003394
MIMIC-IV-CaseStudy,1800000,1800000,Lethe,same_role_still_authorized,0.3,2,0.004432,0.971173,0.972523,0.003155,0.008756,0.002471,0.003067
MIMIC-IV-CaseStudy,1800000,1800000,Lethe,same_role_still_authorized,0.3,3,0.001035,0.969707,0.970757,0.000837,0.0144,0.001951,0.001018
MIMIC-IV-CaseStudy,1800000,1800000,Lethe,same_role_still_authorized,0.3,4,0.001263,0.967284,0.972561,0.001692,0.003676,0.001236,0.002571
MIMIC-IV-CaseStudy,1800000,1800000,Lethe,same_role_still_authorized,0.3,5,0.002292,0.97278,0.97355,0.000497,0.012384,0.00187,0.0
MIMIC-IV-CaseStudy,1800000,1800000,Lethe,same_role_still_authorized,0.3,6,0.002184,0.972655,0.97111,0.001091,0.020879,0.001337,0.002064
MIMIC-IV-CaseStudy,1800000,1800000,Lethe,same_role_still_authorized,0.3,7,0.001903,0.971612,0.970132,0.0,0.017184,0.002423,0.000723
MIMIC-IV-CaseStudy,1800000,1800000,Lethe,same_role_still_authorized,0.3,8,0.001719,0.971102,0.973064,0.003022,0.019036,0.001226,0.002152
MIMIC-IV-CaseStudy,1800000,1800000,Lethe,same_role_still_authorized,0.3,9,0.003149,0.971723,0.971918,0.003138,0.020962,0.001364,0.002566
MIMIC-IV-CaseStudy,1800000,1800000,Lethe,different_role_still_authorized,0.3,0,0.003681,0.967492,0.971374,0.002858,0.017649,0.001813,8.8e-05
MIMIC-IV-CaseStudy,1800000,1800000,Lethe,different_role_still_authorized,0.3,1,0.00157,0.968613,0.97039,0.001593,0.028496,0.001636,0.002448
MIMIC-IV-CaseStudy,1800000,1800000,Lethe,different_role_still_authorized,0.3,2,0.002794,0.969118,0.971836,0.001726,0.011574,0.001127,0.002125
MIMIC-IV-CaseStudy,1800000,1800000,Lethe,different_role_still_authorized,0.3,3,0.00254,0.969147,0.974261,0.002226,0.008591,0.000737,0.000377
MIMIC-IV-CaseStudy,1800000,1800000,Lethe,different_role_still_authorized,0.3,4,0.004521,0.971506,0.969698,0.003913,0.01993,0.001095,0.001208
MIMIC-IV-CaseStudy,1800000,1800000,Lethe,different_role_still_authorized,0.3,5,0.003671,0.971558,0.970004,0.001891,0.020615,0.002077,0.002072
MIMIC-IV-CaseStudy,1800000,1800000,Lethe,different_role_still_authorized,0.3,6,0.00381,0.973895,0.970249,0.003572,0.013923,0.004126,0.003018
MIMIC-IV-CaseStudy,1800000,1800000,Lethe,different_role_still_authorized,0.3,7,0.003059,0.971294,0.970279,0.001856,0.008618,0.002677,0.002415
MIMIC-IV-CaseStudy,1800000,1800000,Lethe,different_role_still_authorized,0.3,8,0.002104,0.971795,0.972916,0.000661,0.017233,0.004121,0.000775
MIMIC-IV-CaseStudy,1800000,1800000,Lethe,different_role_still_authorized,0.3,9,0.0,0.973732,0.971055,0.000572,0.027892,0.0,0.002008
MIMIC-IV-CaseStudy,1800000,1800000,Lethe,ancestor_descendant_still_authorized,0.3,0,0.002429,0.97226,0.969446,0.00341,0.006546,0.000918,0.002208
MIMIC-IV-CaseStudy,1800000,1800000,Lethe,ancestor_descendant_still_authorized,0.3,1,0.002034,0.972633,0.969251,0.001392,0.008095,0.001947,0.001972
MIMIC-IV-CaseStudy,1800000,1800000,Lethe,ancestor_descendant_still_authorized,0.3,2,0.001854,0.970078,0.970443,0.002981,0.019323,0.001913,0.001799
MIMIC-IV-CaseStudy,1800000,1800000,Lethe,ancestor_descendant_still_authorized,0.3,3,0.00075,0.971447,0.971789,0.0,0.008844,0.002652,0.001833
MIMIC-IV-CaseStudy,1800000,1800000,Lethe,ancestor_descendant_still_authorized,0.3,4,0.002509,0.975197,0.973209,0.002883,0.018805,0.002261,0.001563
MIMIC-IV-CaseStudy,1800000,1800000,Lethe,ancestor_descendant_still_authorized,0.3,5,0.003049,0.970381,0.970573,0.005094,0.021535,0.0028,0.001546
MIMIC-IV-CaseStudy,1800000,1800000,Lethe,ancestor_descendant_still_authorized,0.3,6,0.001216,0.968994,0.970896,0.0018,0.008405,0.003165,0.001737
MIMIC-IV-CaseStudy,1800000,1800000,Lethe,ancestor_descendant_still_authorized,0.3,7,0.001157,0.975834,0.970374,0.002319,0.025474,0.003724,0.002617
MIMIC-IV-CaseStudy,1800000,1800000,Lethe,ancestor_descendant_still_authorized,0.3,8,0.003121,0.968613,0.974104,0.001148,0.013173,0.0,0.002436
MIMIC-IV-CaseStudy,1800000,1800000,Lethe,ancestor_descendant_still_authorized,0.3,9,0.001596,0.971747,0.969534,0.002032,0.0096,0.001156,0.00124
MIMIC-IV-CaseStudy,1800000,1800000,Lethe,revoked_user,0.4,0,0.01214,0.972245,0.970814,0.009776,0.020636,0.003229,0.002839
MIMIC-IV-CaseStudy,1800000,1800000,Lethe,revoked_user,0.4,1,0.009168,0.970088,0.9738,0.006328,0.023666,0.002562,0.001677
MIMIC-IV-CaseStudy,1800000,1800000,Lethe,revoked_user,0.4,2,0.014303,0.968669,0.970362,0.012147,0.012985,0.002616,0.002442
MIMIC-IV-CaseStudy,1800000,1800000,Lethe,revoked_user,0.4,3,0.012561,0.971747,0.970106,0.009099,0.016115,0.001659,0.002709
MIMIC-IV-CaseStudy,1800000,1800000,Lethe,revoked_user,0.4,4,0.014377,0.969996,0.972101,0.01221,0.01099,0.001355,4.4e-05
MIMIC-IV-CaseStudy,1800000,1800000,Lethe,revoked_user,0.4,5,0.009965,0.969835,0.972704,0.007997,0.023488,0.001672,0.002889
MIMIC-IV-CaseStudy,1800000,1800000,Lethe,revoked_user,0.4,6,0.011411,0.970715,0.972544,0.009448,0.008705,0.000512,0.003131
MIMIC-IV-CaseStudy,1800000,1800000,Lethe,revoked_user,0.4,7,0.01282,0.969045,0.968914,0.010245,0.019492,0.002643,0.001499
MIMIC-IV-CaseStudy,1800000,1800000,Lethe,revoked_user,0.4,8,0.015117,0.971955,0.972914,0.011171,0.01523,0.003125,0.002938
MIMIC-IV-CaseStudy,1800000,1800000,Lethe,revoked_user,0.4,9,0.015468,0.970724,0.970888,0.011883,0.022487,0.001509,0.002208
MIMIC-IV-CaseStudy,1800000,1800000,Lethe,same_role_still_authorized,0.4,0,0.002006,0.972443,0.971014,0.002241,0.018004,0.001795,0.0
MIMIC-IV-CaseStudy,1800000,1800000,Lethe,same_role_still_authorized,0.4,1,0.001569,0.971814,0.969854,0.000302,0.014151,0.001931,0.002662
MIMIC-IV-CaseStudy,1800000,1800000,Lethe,same_role_still_authorized,0.4,2,0.002893,0.971962,0.970138,0.003976,0.017177,0.001509,0.000695
MIMIC-IV-CaseStudy,1800000,1800000,Lethe,same_role_still_authorized,0.4,3,0.004529,0.971534,0.97236,0.004964,0.016496,0.001871,0.00135
MIMIC-IV-CaseStudy,1800000,1800000,Lethe,same_role_still_authorized,0.4,4,0.003616,0.971782,0.971424,0.003191,0.017944,0.002191,0.002696
MIMIC-IV-CaseStudy,1800000,1800000,Lethe,same_role_still_authorized,0.4,5,0.003453,0.970644,0.971996,0.001937,0.02366,0.002058,0.002667
MIMIC-IV-CaseStudy,1800000,1800000,Lethe,same_role_still_authorized,0.4,6,0.002148,0.973497,0.969516,0.003206,0.023738,0.001307,0.001162
MIMIC-IV-CaseStudy,1800000,1800000,Lethe,same_role_still_authorized,0.4,7,0.001536,0.969832,0.971133,0.001546,0.020919,0.002816,0.000972
MIMIC-IV-CaseStudy,1800000,1800000,Lethe,same_role_still_authorized,0.4,8,0.002719,0.972816,0.971791,0.00109,0.018362,0.002427,0.000948
MIMIC-IV-CaseStudy,1800000,1800000,Lethe,same_role_still_authorized,0.4,9,0.002623,0.971497,0.969659,0.00122,0.018194,0.001765,0.003178
MIMIC-IV-CaseStudy,1800000,1800000,Lethe,different_role_still_authorized,0.4,0,0.002761,0.973205,0.96986,0.000621,0.02086,0.004703,0.00055
MIMIC-IV-CaseStudy,1800000,1800000,Lethe,different_role_still_authorized,0.4,1,0.00086,0.971896,0.96946,0.0,0.01106,0.003501,0.001793
MIMIC-IV-CaseStudy,1800000,1800000,Lethe,different_role_still_authorized,0.4,2,0.00253,0.973175,0.968758,0.00337,0.010062,0.002388,0.002968
MIMIC-IV-CaseStudy,1800000,1800000,Lethe,different_role_still_authorized,0.4,3,0.002372,0.969508,0.9732,0.003096,0.025791,0.001314,0.001545
MIMIC-IV-CaseStudy,1800000,1800000,Lethe,different_role_still_authorized,0.4,4,0.003569,0.972387,0.972039,0.003619,0.007275,0.002513,0.004531
MIMIC-IV-CaseStudy,1800000,1800000,Lethe,different_role_still_authorized,0.4,5,0.001938,0.971415,0.969736,0.001799,0.004259,0.003003,0.000784
MIMIC-IV-CaseStudy,1800000,1800000,Lethe,different_role_still_authorized,0.4,6,0.003487,0.968757,0.972979,0.003969,0.018636,0.001126,0.001672
MIMIC-IV-CaseStudy,1800000,1800000,Lethe,different_role_still_authorized,0.4,7,0.00263,0.97229,0.972116,0.00278,0.005893,0.001536,0.001367
MIMIC-IV-CaseStudy,1800000,1800000,Lethe,different_role_still_authorized,0.4,8,0.002813,0.971055,0.969493,0.001773,0.004304,0.001542,0.002282
MIMIC-IV-CaseStudy,1800000,1800000,Lethe,different_role_still_authorized,0.4,9,0.002366,0.97166,0.970295,0.00193,0.01716,0.000746,0.002099
MIMIC-IV-CaseStudy,1800000,1800000,Lethe,ancestor_descendant_still_authorized,0.4,0,0.000913,0.972457,0.967787,0.000232,0.018448,0.00404,0.001591
MIMIC-IV-CaseStudy,1800000,1800000,Lethe,ancestor_descendant_still_authorized,0.4,1,0.000724,0.972482,0.972083,5.4e-05,0.011386,0.001624,0.00165
MIMIC-IV-CaseStudy,1800000,1800000,Lethe,ancestor_descendant_still_authorized,0.4,2,0.003191,0.970166,0.969608,0.002815,0.024017,0.000628,0.001371
MIMIC-IV-CaseStudy,1800000,1800000,Lethe,ancestor_descendant_still_authorized,0.4,3,0.004023,0.969773,0.971631,0.004363,0.012776,0.002459,0.001072
MIMIC-IV-CaseStudy,1800000,1800000,Lethe,ancestor_descendant_still_authorized,0.4,4,0.002958,0.97053,0.972141,0.002238,0.005333,0.001115,0.001788
MIMIC-IV-CaseStudy,1800000,1800000,Lethe,ancestor_descendant_still_authorized,0.4,5,0.00386,0.971843,0.969607,0.0034,0.007068,0.003087,0.002635
MIMIC-IV-CaseStudy,1800000,1800000,Lethe,ancestor_descendant_still_authorized,0.4,6,0.00102,0.974047,0.970341,0.000267,0.011006,0.001168,0.000984
MIMIC-IV-CaseStudy,1800000,1800000,Lethe,ancestor_descendant_still_authorized,0.4,7,0.003174,0.968796,0.972028,0.002579,0.019555,0.001156,0.002565
MIMIC-IV-CaseStudy,1800000,1800000,Lethe,ancestor_descendant_still_authorized,0.4,8,0.002156,0.969146,0.969672,0.001341,0.016541,0.003185,0.00241
MIMIC-IV-CaseStudy,1800000,1800000,Lethe,ancestor_descendant_still_authorized,0.4,9,0.000157,0.974764,0.969027,0.001598,0.01576,0.002247,0.001631
MIMIC-IV-CaseStudy,1800000,1800000,Lethe,revoked_user,0.5,0,0.014255,0.972531,0.969043,0.010227,0.014405,0.00215,0.000833
MIMIC-IV-CaseStudy,1800000,1800000,Lethe,revoked_user,0.5,1,0.012538,0.966129,0.970845,0.007245,0.020988,0.00011,0.001033
MIMIC-IV-CaseStudy,1800000,1800000,Lethe,revoked_user,0.5,2,0.01082,0.968986,0.970812,0.007902,0.013653,0.00185,0.003331
MIMIC-IV-CaseStudy,1800000,1800000,Lethe,revoked_user,0.5,3,0.013164,0.9718,0.971118,0.011005,0.005305,0.003645,0.000413
MIMIC-IV-CaseStudy,1800000,1800000,Lethe,revoked_user,0.5,4,0.011412,0.973092,0.972443,0.008439,0.020365,0.00269,0.001291
MIMIC-IV-CaseStudy,1800000,1800000,Lethe,revoked_user,0.5,5,0.010199,0.972915,0.970112,0.006087,0.005786,0.003192,0.002661
MIMIC-IV-CaseStudy,1800000,1800000,Lethe,revoked_user,0.5,6,0.014875,0.97151,0.970814,0.013295,0.00416,0.00203,0.003397
MIMIC-IV-CaseStudy,1800000,1800000,Lethe,revoked_user,0.5,7,0.015065,0.97055,0.968925,0.011321,0.011415,0.000751,0.000556
MIMIC-IV-CaseStudy,1800000,1800000,Lethe,revoked_user,0.5,8,0.012348,0.969864,0.97067,0.008579,0.019921,0.001412,0.001693
MIMIC-IV-CaseStudy,1800000,1800000,Lethe,revoked_user,0.5,9,0.015373,0.97146,0.970574,0.01277,0.009798,0.003015,0.002342
MIMIC-IV-CaseStudy,1800000,1800000,Lethe,same_role_still_authorized,0.5,0,0.001306,0.970747,0.968547,0.002067,0.01627,0.00189,0.001986
MIMIC-IV-CaseStudy,1800000,1800000,Lethe,same_role_still_authorized,0.5,1,0.003381,0.969298,0.970942,0.002583,0.011371,0.002734,0.002629
MIMIC-IV-CaseStudy,1800000,1800000,Lethe,same_role_still_authorized,0.5,2,0.004769,0.971461,0.970963,0.001216,0.018108,0.001805,0.00142
MIMIC-IV-CaseStudy,1800000,1800000,Lethe,same_role_still_authorized,0.5,3,0.001897,0.973654,0.96901,0.0,0.018999,0.001322,0.003074
MIMIC-IV-CaseStudy,1800000,1800000,Lethe,same_role_still_authorized,0.5,4,0.001683,0.971541,0.969673,0.000777,0.026052,0.00249,0.003564
MIMIC-IV-CaseStudy,1800000,1800000,Lethe,same_role_still_authorized,0.5,5,0.001872,0.971142,0.969673,0.002876,0.010975,0.00034,0.001839
MIMIC-IV-CaseStudy,1800000,1800000,Lethe,same_role_still_authorized,0.5,6,0.002609,0.972281,0.970188,0.00252,0.013634,0.002102,0.000346
MIMIC-IV-CaseStudy,1800000,1800000,Lethe,same_role_still_authorized,0.5,7,0.003908,0.970331,0.972466,0.001605,0.017973,0.001198,0.002577
MIMIC-IV-CaseStudy,1800000,1800000,Lethe,same_role_still_authorized,0.5,8,0.004503,0.969699,0.968073,0.003378,0.002836,0.002147,0.004022
MIMIC-IV-CaseStudy,1800000,1800000,Lethe,same_role_still_authorized,0.5,9,0.003133,0.971428,0.973192,0.002982,0.017694,0.000351,0.003551
MIMIC-IV-CaseStudy,1800000,1800000,Lethe,different_role_still_authorized,0.5,0,0.003807,0.972183,0.969927,0.001622,0.00962,0.001955,0.001639
MIMIC-IV-CaseStudy,1800000,1800000,Lethe,different_role_still_authorized,0.5,1,0.003061,0.969718,0.969626,0.003601,0.00949,0.002304,0.00099
MIMIC-IV-CaseStudy,1800000,1800000,Lethe,different_role_still_authorized,0.5,2,0.005211,0.970571,0.97223,0.005091,0.015355,0.002343,0.0
MIMIC-IV-CaseStudy,1800000,1800000,Lethe,different_role_still_authorized,0.5,3,0.003928,0.971276,0.973414,0.00284,0.021893,0.002231,0.00212
MIMIC-IV-CaseStudy,1800000,1800000,Lethe,different_role_still_authorized,0.5,4,0.003336,0.969918,0.972766,0.004807,0.010049,0.000643,0.0
MIMIC-IV-CaseStudy,1800000,1800000,Lethe,different_role_still_authorized,0.5,5,0.002872,0.970968,0.969585,0.002233,0.026177,0.00359,0.001601
MIMIC-IV-CaseStudy,1800000,1800000,Lethe,different_role_still_authorized,0.5,6,0.003485,0.967927,0.970891,0.003414,0.012216,0.002812,0.002305
MIMIC-IV-CaseStudy,1800000,1800000,Lethe,different_role_still_authorized,0.5,7,0.002484,0.973598,0.972098,0.002188,0.006214,0.001031,0.00215
MIMIC-IV-CaseStudy,1800000,1800000,Lethe,different_role_still_authorized,0.5,8,0.003852,0.972777,0.970004,0.002468,0.020059,0.001308,0.001142
MIMIC-IV-CaseStudy,1800000,1800000,Lethe,different_role_still_authorized,0.5,9,0.004933,0.972733,0.974403,0.003572,0.013967,0.003644,0.003696
MIMIC-IV-CaseStudy,1800000,1800000,Lethe,ancestor_descendant_still_authorized,0.5,0,0.002861,0.972404,0.971386,0.001292,0.020942,0.003839,0.000797
MIMIC-IV-CaseStudy,1800000,1800000,Lethe,ancestor_descendant_still_authorized,0.5,1,0.002727,0.970972,0.973758,0.002271,0.013196,0.001825,0.002402
MIMIC-IV-CaseStudy,1800000,1800000,Lethe,ancestor_descendant_still_authorized,0.5,2,0.003128,0.96901,0.97251,0.003913,0.021087,0.000717,0.000849
MIMIC-IV-CaseStudy,1800000,1800000,Lethe,ancestor_descendant_still_authorized,0.5,3,0.002997,0.971441,0.972858,0.001274,0.016261,0.00163,0.00209
MIMIC-IV-CaseStudy,1800000,1800000,Lethe,ancestor_descendant_still_authorized,0.5,4,0.003049,0.970192,0.969904,0.000733,0.021338,0.000158,0.001204
MIMIC-IV-CaseStudy,1800000,1800000,Lethe,ancestor_descendant_still_authorized,0.5,5,0.001196,0.972211,0.971671,0.000702,0.012053,0.001013,0.001994
MIMIC-IV-CaseStudy,1800000,1800000,Lethe,ancestor_descendant_still_authorized,0.5,6,0.003785,0.970411,0.968887,0.002042,0.017301,0.001607,0.001485
MIMIC-IV-CaseStudy,1800000,1800000,Lethe,ancestor_descendant_still_authorized,0.5,7,0.001603,0.974848,0.969844,0.002092,0.020462,0.001288,0.001671
MIMIC-IV-CaseStudy,1800000,1800000,Lethe,ancestor_descendant_still_authorized,0.5,8,0.000688,0.972091,0.970588,0.00047,0.02505,0.003058,0.00121
MIMIC-IV-CaseStudy,1800000,1800000,Lethe,ancestor_descendant_still_authorized,0.5,9,0.003841,0.970986,0.970781,0.004435,0.012345,0.00482,0.003767
